;Num_Acc;an;mois;jour;hrmn;lum;agg;int;atm;col;com;adr;gps;lat;long;dep
593;201500000665;15;7;25;430;3;1;1;2;1;312;;M;4949235.0;168884.0;760
594;201500000666;15;12;28;1745;5;2;1;1;6;312;Rue Charles De Gaulle;M;4948176.0;172432.0;760
595;201500000667;15;12;5;1815;3;2;1;1;6;621;27 Rue de Saint Saëns;M;4964324.0;129759.0;760
596;201500000669;15;8;7;1630;1;1;1;1;7;729;;M;4965467.0;78050.0;760
597;201500000670;15;9;11;1400;1;1;3;1;1;718;;M;4961530.0;69057.0;760
598;201500000671;15;10;6;1515;1;1;1;8;6;444;;M;4958814.0;79956.0;760
599;201500000672;15;7;31;2345;3;2;1;1;6;99;RTE DU MANOIR;M;4954725.0;85398.0;760
600;201500000673;15;7;31;1600;1;1;1;1;1;385;;M;4962582.0;91902.0;760
601;201500000674;15;9;13;1100;1;2;1;3;1;57;AV BOIELDIEU;M;4954666.0;94958.0;760
602;201500000675;15;10;28;1715;1;1;1;1;5;495;;M;4956922.0;96147.0;760
603;201500000679;15;8;20;1330;1;1;2;1;3;172;;M;4986033.0;84325.0;760
604;201500000680;15;8;30;1715;1;1;3;1;3;735;;M;4986272.0;79030.0;760
605;201500000681;15;11;12;1800;3;1;1;1;3;493;;M;4984984.0;61336.0;760
606;201500000682;15;12;2;1500;1;1;2;1;3;569;;M;4980797.0;75319.0;760
607;201500000683;15;12;13;1245;1;1;2;1;3;375;;M;4984631.0;68135.0;760
608;201500000684;15;4;8;1200;1;2;1;1;7;670;rue du chemin Moulinier;M;4977097.0;41540.0;760
609;201500000685;15;7;13;2200;2;1;1;1;2;755;;M;4969841.0;52516.0;760
610;201500000686;15;7;23;930;1;2;3;1;3;670;R DE LA BRIQUETERIE;M;4977085.0;41228.0;760
611;201500000687;15;10;9;1730;1;1;1;1;3;13;;M;4977801.0;50406.0;760
612;201500000688;15;10;22;1245;1;1;1;2;1;183;;M;4975453.0;46289.0;760
613;201500000689;15;12;22;1800;3;1;1;2;7;685;;M;4975068.0;51603.0;760
614;201500000690;15;1;4;2300;3;1;1;1;6;219;;M;4973522.0;77616.0;760
615;201500000691;15;3;13;915;1;2;1;1;2;752;rue jacques ferny;M;4966857.0;89794.0;760
616;201500000692;15;6;3;1645;1;1;2;1;1;129;;M;4972123.0;88539.0;760
617;201500000694;15;11;4;845;1;2;2;2;3;752;R JULES GUEVILLE;M;4966953.0;89247.0;760
618;201500000696;15;5;4;2000;1;1;1;8;3;234;;M;4901903.0;119126.0;270
619;201500000698;15;1;26;830;1;2;1;1;3;602;;M;4900888.0;109247.0;270
620;201500000699;15;3;8;1745;1;2;4;1;6;189;rue des bois des maisons;M;4898393.0;97416.0;270
621;201500000700;15;3;24;1330;1;1;1;1;3;287;;M;4898985.0;102608.0;270
622;201500000701;15;3;31;700;2;1;1;6;2;165;;M;4895744.0;95730.0;270
623;201500000702;15;4;14;1915;1;1;1;1;7;618;;M;4897152.0;81038.0;270
624;201500000703;15;5;6;1945;1;1;1;1;6;157;;M;4890192.0;93463.0;270
625;201500000704;15;7;4;1030;1;2;1;1;6;165;Avenue pierre beregovoy;M;4895635.0;93075.0;270
626;201500000705;15;8;8;1600;1;1;1;1;1;568;;M;4894234.0;87420.0;270
627;201500000707;15;8;14;1645;1;1;2;1;1;161;;M;4903697.0;104103.0;270
628;201500000708;15;9;1;900;1;2;1;1;1;374;rue Benard;M;4898753.0;90588.0;270
629;201500000709;15;9;19;1530;1;1;1;1;7;374;;M;4899852.0;91436.0;270
630;201500000710;15;10;13;915;1;1;1;1;6;161;;M;4904579.0;100581.0;270
631;201500000711;15;10;16;2000;2;1;1;1;2;568;;M;4893888.0;86268.0;270
632;201500000712;15;10;30;1600;1;1;2;1;3;242;;M;4893865.0;83246.0;270
633;201500000713;15;1;15;1430;1;2;1;8;6;368;route de st laurent;M;4884827.0;126883.0;270
634;201500000714;15;3;22;1630;1;2;3;1;3;230;rue pasteur;M;4886481.0;142451.0;270
635;201500000715;15;4;14;1915;1;1;1;1;1;555;;M;4885989.0;131250.0;270
636;201500000717;15;5;31;500;2;1;8;1;6;301;;M;4894838.0;120284.0;270
637;201500000718;15;6;23;315;3;1;1;1;6;183;;M;4890230.0;139411.0;270
638;201500000719;15;7;3;1345;1;2;6;7;6;507;RUE JEAN JAURES;M;4890633.0;127374.0;270
639;201500000720;15;9;1;1715;1;1;1;1;1;183;;M;4889441.0;139111.0;270
640;201500000721;15;10;23;800;1;1;1;1;6;634;;M;4889654.0;117061.0;270
641;201500000722;15;12;21;1700;2;1;1;8;6;297;;M;4881167.0;108391.0;270
642;201500000723;15;1;10;1800;5;2;3;1;6;448;rue dulong;M;4901858.0;138112.0;270
643;201500000724;15;2;5;930;1;2;1;1;3;448;151 route de paris;M;4900994.0;139922.0;270
644;201500000725;15;5;5;1815;1;1;1;1;1;510;;M;4901140.0;133336.0;270
645;201500000726;15;6;4;1615;1;2;6;1;3;448;rue isambard;M;4901415.0;138559.0;270
646;201500000727;15;7;22;2115;2;1;2;1;3;465;;M;4899087.0;134219.0;270
647;201500000728;15;9;17;1015;1;1;1;1;7;510;;M;4901278.0;135154.0;270
648;201500000729;15;10;31;1430;1;1;1;1;5;410;;M;4901399.0;124061.0;270
649;201500000730;15;4;30;1400;1;1;1;2;6;96;;M;4887118.0;68036.0;270
650;201500000731;15;6;29;800;1;2;4;1;6;159;;M;4879572.0;89246.0;270
651;201500000732;15;8;23;500;3;1;1;1;6;532;;M;4887071.0;92660.0;270
652;201500000733;15;10;6;845;1;1;2;1;2;195;;M;4880140.0;99589.0;270
653;201500000734;15;10;30;1845;2;1;1;1;6;679;;M;4874931.0;91020.0;270
654;201500000735;15;2;25;1600;1;1;1;1;7;97;route de Clery;M;4922523.0;140563.0;270
655;201500000736;15;6;7;1300;1;2;3;1;3;16;avenue foch;M;4924970.0;143738.0;270
656;201500000737;15;6;12;215;5;2;1;2;7;16;RD 313;M;4925287.0;138062.0;270
657;201500000738;15;9;18;1700;1;2;3;1;3;16;impasse de la barre;M;4924558.0;143079.0;270
658;201500000739;15;9;22;1630;1;2;1;8;6;16;61 avenue de la républiq;M;4924339.0;140293.0;270
659;201500000740;15;11;4;1330;1;2;1;1;1;495;;M;4925179.0;135426.0;270
660;201500000741;15;12;21;1415;1;1;2;1;3;270;;M;4929305.0;139809.0;270
661;201500000742;15;3;8;1800;1;1;1;1;6;331;;M;4913218.0;154813.0;270
662;201500000743;15;5;8;1;3;1;1;1;6;122;;M;4920345.0;159963.0;270
663;201500000744;15;8;5;1915;1;1;1;1;1;72;;M;4910847.0;153729.0;270
664;201500000745;15;1;18;1000;1;2;1;5;6;377;;M;4940100.0;148213.0;270
665;201500000746;15;2;12;1645;1;1;2;7;3;407;;M;4930903.0;146729.0;270
666;201500000747;15;3;21;1000;1;1;1;1;3;670;;M;4937254.0;133449.0;270
667;201500000748;15;5;10;1815;1;1;1;1;2;453;;M;4942386.0;137231.0;270
668;201500000749;15;8;21;1615;1;2;1;1;3;151;Hameaux Les Transières;M;4939104.0;137439.0;270
669;201500000750;15;10;3;2045;3;1;1;1;6;672;;M;4944726.0;135598.0;270
670;201500000751;15;10;4;1300;1;1;1;1;1;672;;M;4944941.0;137778.0;270
671;201500000752;15;10;30;930;1;2;1;1;6;246;80 rue pouyer quertier;M;4936235.0;135546.0;270
672;201500000753;15;3;25;1745;1;1;3;1;3;226;;M;4930097.0;164726.0;270
673;201500000755;15;5;20;1745;1;1;1;1;1;372;;M;4935637.0;161633.0;270
674;201500000756;15;6;28;1030;1;1;1;1;3;490;;M;4924684.0;128385.0;270
675;201500000757;15;8;30;2130;3;1;1;1;1;533;;M;4930813.0;173383.0;270
676;201500000758;15;10;18;1900;2;2;1;1;6;226;;M;4930560.0;161599.0;270
677;201500000759;15;12;15;130;3;1;1;1;2;226;;M;4930585.0;159618.0;270
678;201500000760;15;2;17;2100;5;2;2;1;3;56;rue aristide briand;M;4908101.0;59005.0;270
679;201500000761;15;3;1;2215;3;1;1;2;2;289;;M;4894547.0;45551.0;270
680;201500000762;15;4;3;1315;1;1;1;1;6;251;;M;4909531.0;69685.0;270
681;201500000763;15;8;2;1615;1;1;1;1;7;148;;M;4898103.0;44541.0;270
682;201500000764;15;8;13;1745;1;1;1;1;1;600;;M;4905350.0;56854.0;270
683;201500000765;15;3;18;915;1;2;1;1;1;41;Rue principale - CD 40;M;4894524.0;66666.0;270
684;201500000766;15;5;7;1630;1;1;2;1;3;37;;M;4910587.0;82983.0;270
685;201500000767;15;5;7;1730;1;1;2;1;3;622;;M;4911636.0;68735.0;270
686;201500000768;15;8;29;2315;3;1;1;1;6;425;;M;4913481.0;73771.0;270
687;201500000769;15;10;3;1415;1;2;3;1;1;116;rue des martyrs;M;4920082.0;71537.0;270
688;201500000770;15;2;24;2200;3;1;1;1;6;335;;M;4912092.0;117641.0;270
689;201500000771;15;3;23;730;1;1;1;1;2;3;;M;4916918.0;117187.0;270
690;201500000772;15;3;22;1400;1;2;2;1;3;14;RUE DE LA MOISSON;M;4916095.0;113492.0;270
691;201500000773;15;7;15;1630;1;1;1;1;4;330;;M;4924428.0;126542.0;270
692;201500000774;15;7;18;615;2;1;1;1;7;55;;M;4911442.0;107420.0;270
693;201500000775;15;8;6;1545;1;1;2;1;3;14;;M;4916820.0;113037.0;270
694;201500000776;15;9;26;1700;1;1;1;1;6;99;;M;4906503.0;119818.0;270
695;201500000777;15;10;3;1030;1;2;1;1;6;330;CD 11 - PK 1 + 800;M;4923916.0;125547.0;270
696;201500000778;15;11;25;745;2;1;2;2;3;335;;M;4914124.0;120100.0;270
697;201500000779;15;12;9;2015;5;2;1;1;6;3;CD82;M;4917125.0;117356.0;270
698;201500000780;15;12;12;30;5;2;6;1;6;3;D71;M;4917922.0;117258.0;270
699;201500000781;15;2;25;1700;1;1;1;2;5;687;;M;4916857.0;129576.0;270
700;201500000782;15;4;15;1715;1;1;2;1;3;99;;M;4906805.0;121210.0;270
701;201500000783;15;6;5;2115;2;2;3;1;3;599;RDD 6015;M;4914345.0;141088.0;270
702;201500000784;15;6;9;845;1;1;2;8;3;676;;M;4920595.0;130830.0;270
703;201500000785;15;7;24;1500;1;1;1;1;3;249;;M;4918269.0;125726.0;270
704;201500000786;15;8;21;1130;1;1;1;1;3;336;;M;4906563.0;142301.0;270
705;201500000787;15;10;27;1700;1;1;1;1;7;489;;M;4907644.0;124129.0;270
706;201500000788;15;11;10;1300;1;2;1;1;1;517;Rés logis d'angrevillle;M;4915080.0;135184.0;270
707;201500000789;15;11;28;1130;1;1;1;1;3;22;;M;4919361.0;133205.0;270
708;201500000790;15;12;26;1900;5;2;1;1;6;250;21 rue de pacy;M;4912757.0;121475.0;270
709;201500000791;15;1;4;1800;3;1;1;1;5;701;;M;4930532.0;121293.0;270
710;201500000792;15;1;13;1830;3;1;6;1;6;196;;M;4929711.0;117490.0;270
711;201500000793;15;3;5;1715;1;1;1;1;2;365;;M;4928945.0;120008.0;270
712;201500000794;15;5;17;1015;1;1;1;1;6;648;;M;4925923.0;111334.0;270
713;201500000796;15;7;23;1400;1;1;2;1;3;493;rue de la pointe haute;M;4932907.0;123460.0;270
714;201500000797;15;8;28;1830;1;1;1;1;3;386;;M;4931685.0;119393.0;270
715;201500000798;15;9;2;1900;2;1;6;7;3;196;;M;4929714.0;117494.0;270
716;201500000799;15;4;8;1815;1;1;2;7;3;192;;M;4913284.0;93887.0;270
717;201500000800;15;5;16;300;5;1;6;1;6;524;;M;4910810.0;91366.0;270
718;201500000801;15;10;11;1130;1;1;1;1;1;187;;M;4921145.0;100424.0;270
719;201500000802;15;10;27;1245;1;2;2;1;3;428;rue des Martyrs;M;4915925.0;90740.0;270
720;201500000804;15;3;19;1630;1;1;1;2;7;65;;M;4934993.0;35032.0;270
721;201500000805;15;3;22;130;3;1;1;2;6;126;;M;4932011.0;53754.0;270
722;201500000806;15;3;26;1915;1;2;1;1;6;126;chemin de la MOTTE;M;4931535.0;54793.0;270
723;201500000807;15;4;30;1745;1;1;1;2;5;174;;M;4934434.0;59063.0;270
724;201500000808;15;5;1;1030;1;1;6;1;6;467;;M;4935025.0;52047.0;270
725;201500000809;15;6;7;2030;1;1;2;1;1;174;rue des Bruyeres;M;4934671.0;57255.0;270
726;201500000810;15;6;30;1245;1;1;1;1;3;467;;M;4936612.0;40402.0;270
727;201500000811;15;8;11;1730;1;2;3;1;3;174;rue de la cadourie;M;4933319.0;60347.0;270
728;201500000812;15;9;21;830;1;2;2;1;6;467;rue de l'étang;M;4924339.0;140293.0;270
729;201500000813;15;10;2;730;1;2;1;1;6;467;route de saint paul;M;4934998.0;52940.0;270
730;201500000814;15;11;5;815;1;2;1;2;3;467;rue des déportés;M;4935321.0;52154.0;270
731;201500000815;15;11;21;1915;3;2;3;1;6;467;48 rue Jean Jaurès;M;4935362.0;51684.0;270
732;201500000816;15;11;22;1315;1;1;3;1;3;65;;M;4935339.0;38065.0;270
733;201500000817;15;11;22;1730;3;1;1;9;7;174;;M;4933080.0;59923.0;270
734;201500000818;15;12;4;1230;1;2;8;1;6;467;Rue Jules Ferry;M;4935306.0;51215.0;270
735;201500000819;15;9;6;615;3;2;1;1;6;89;rue de touville;M;4929558.0;76686.0;270
736;201500000820;15;9;26;2315;3;1;2;1;3;90;;M;4929630.0;93562.0;270
737;201500000821;15;11;28;1245;1;1;2;1;3;62;;M;4929300.0;82100.0;270
738;201500000822;15;7;27;1830;1;1;1;1;6;288;;M;4926962.0;68562.0;270
739;201500000823;15;11;26;445;2;2;1;2;6;367;D810;M;4923653.0;50176.0;270
740;201500000824;15;6;19;1045;1;2;6;1;3;47;giratoire de la bobinais;M;4802569.0;-173454.0;350
741;201500000825;15;2;24;1815;1;2;1;1;6;195;47 Avenue Alexis REY;M;4830563.0;-167516.0;350
742;201500000826;15;5;2;1245;1;1;1;2;3;355;Brais;M;4835668.0;-148217.0;350
743;201500000827;15;6;2;1615;1;1;1;1;3;128;Le Chenay Piguelais;M;4828319.0;-172789.0;350
744;201500000828;15;6;11;1330;1;1;1;1;7;130;;M;4825978.0;-177695.0;350
745;201500000829;15;8;21;2045;1;1;1;1;7;94;;M;4835587.0;-172538.0;350
746;201500000830;15;9;18;745;2;1;2;8;1;356;;M;4827575.0;-177452.0;350
747;201500000832;15;1;7;1700;1;1;1;1;1;101;;M;0.0;0.0;350
748;201500000833;15;2;21;1930;3;1;1;4;5;152;;M;4818314.0;-151533.0;350
749;201500000834;15;4;8;1245;1;1;1;1;3;1;;M;4813862.0;-151621.0;350
750;201500000835;15;7;31;945;1;1;2;7;1;67;;M;4821665.0;-159149.0;350
751;201500000836;15;10;25;1830;2;1;1;1;3;154;;M;4822913.0;-135371.0;350
752;201500000837;15;1;11;830;1;1;1;1;6;184;;M;4818843.0;-201271.0;350
753;201500000838;15;9;13;1430;1;2;1;8;3;234;;M;4825007.0;-214267.0;350
754;201500000839;15;9;10;1600;1;1;1;1;3;171;;M;4825784.0;-206047.0;350
755;201500000840;15;10;31;1815;5;2;1;1;3;245;RUE DE GALERNE;M;4821857.0;-189307.0;350
756;201500000841;15;10;8;800;1;2;1;1;1;297;rue de gael;M;4818354.0;-219787.0;350
757;201500000842;15;1;14;745;3;1;1;9;1;331;;M;4808241.0;-190732.0;350
758;201500000843;15;4;16;1900;1;2;6;1;6;188;boulevard Carnot;M;4813659.0;-195027.0;350
759;201500000844;15;7;16;1730;1;1;1;1;5;23;;M;4818580.0;-198963.0;350
760;201500000845;15;7;19;1345;1;1;1;1;6;340;;M;4803419.0;-198311.0;350
761;201500000846;15;9;25;2015;3;1;1;1;6;133;;M;4815039.0;-198870.0;350
762;201500000847;15;10;29;900;1;1;1;1;5;133;La Croix;M;4810850.0;-203600.0;350
763;201500000848;15;1;25;1545;1;1;1;1;7;196;;M;4811090.0;-184964.0;350
764;201500000849;15;3;15;1700;1;1;1;1;7;240;;M;4808731.0;-177385.0;350
765;201500000850;15;3;24;1900;2;1;1;1;6;240;;M;4808808.0;-175730.0;350
766;201500000851;15;4;24;1600;1;1;1;1;6;37;;M;0.0;0.0;350
767;201500000852;15;7;30;1045;1;1;9;1;2;240;;M;4809676.0;-175946.0;350
768;201500000853;15;7;30;1600;1;2;6;7;3;37;rond-point de Chauny;M;4804564.0;-187283.0;350
769;201500000854;15;8;9;1700;1;1;1;1;4;37;;M;4805436.0;-191023.0;350
770;201500000856;15;8;22;1245;1;2;7;1;6;196;2 Place des muletiers;M;4807204.0;-185177.0;350
771;201500000857;15;11;1;1230;1;2;2;1;3;196;Crfour Pompidou fontenel;M;4807840.0;-184384.0;350
772;201500000858;15;11;19;900;1;1;1;8;2;240;;M;0.0;0.0;350
773;201500000859;15;12;25;1345;1;1;1;1;6;37;;M;4803554.0;-183197.0;350
774;201500000860;15;3;13;1030;1;1;1;2;1;25;;M;4830322.0;-123252.0;350
775;201500000861;15;4;28;1745;1;2;1;1;3;86;rue de la messayais;M;4827000.0;-124600.0;350
776;201500000862;15;6;26;1315;1;1;9;1;1;162;;M;4848015.0;-107599.0;350
777;201500000863;15;6;26;1900;1;1;1;1;3;137;;M;4832897.0;-118700.0;350
778;201500000864;15;7;1;1415;1;1;1;7;3;310;La Binclinais;M;4832989.0;-131235.0;350
779;201500000865;15;8;18;1045;1;1;1;1;1;243;;M;4834869.0;-126208.0;350
780;201500000866;15;11;10;2000;5;2;1;1;3;100;avenue de Bretagne;M;4826636.0;-114181.0;350
781;201500000867;15;11;23;1245;1;1;1;7;1;215;;M;4842516.0;-122802.0;350
782;201500000868;15;12;2;2115;3;1;1;1;7;142;;M;4839285.0;-118873.0;350
783;201500000869;15;12;5;1645;1;1;3;8;3;137;;M;4831411.0;-118138.0;350
784;201500000870;15;12;6;1830;2;2;1;2;6;21;7 RUE DE BRETAGNE;M;4833863.0;-115756.0;350
785;201500000871;15;9;3;1800;1;1;1;1;3;253;;M;4827350.0;-144491.0;350
786;201500000872;15;9;19;1615;1;1;1;1;7;253;;M;4825818.0;-136051.0;350
787;201500000873;15;11;5;1700;1;2;1;2;3;121;RUE DU RELAIS;M;4824599.0;-146147.0;350
788;201500000874;15;12;1;815;1;1;1;1;1;269;;M;4827707.0;-132492.0;350
789;201500000875;15;12;6;1545;1;1;1;2;1;118;;M;4830143.0;-155130.0;350
790;201500000876;15;2;11;1030;1;2;2;1;6;257;rue de Fougeres;M;4841053.0;-136593.0;350
791;201500000877;15;3;18;1400;1;1;1;1;7;253;;M;4823469.0;-142375.0;350
792;201500000878;15;3;25;1245;1;1;2;1;5;113;;M;4845844.0;-149431.0;350
793;201500000879;15;4;9;1915;1;1;1;1;6;178;;M;4830367.0;-146510.0;350
794;201500000880;15;5;14;1445;1;1;1;1;3;341;Les Hautes Rottes;M;4840023.0;-142030.0;350
795;201500000881;15;5;21;1715;1;1;1;1;3;293;;M;4831444.0;-136584.0;350
796;201500000882;15;7;23;615;2;1;1;1;3;121;;M;4824655.0;-144585.0;350
797;201500000883;15;8;12;930;1;1;1;1;6;293;;M;4829691.0;-136271.0;350
798;201500000884;15;9;28;900;1;1;1;1;1;71;;M;4844702.0;-124921.0;350
799;201500000885;15;10;2;1430;1;1;2;1;1;341;;M;4842234.0;-147380.0;350
800;201500000886;15;11;5;2315;3;1;1;2;6;341;;M;4842116.0;-140754.0;350
801;201500000887;15;11;25;1730;3;1;1;2;7;280;;M;4834329.0;-136379.0;350
802;201500000888;15;12;21;1445;1;1;1;2;7;280;;M;4833845.0;-134313.0;350
803;201500000889;15;3;3;915;1;1;2;1;2;237;Le Pont de Saint Julien;M;4771446.0;-198183.0;350
804;201500000890;15;4;9;1845;1;2;1;1;3;64;chemin de la guerinais;M;0.0;0.0;350
805;201500000891;15;6;18;1115;1;1;1;1;1;294;;M;4769677.0;-203817.0;350
806;201500000892;15;6;22;730;1;1;1;7;6;13;;M;4768648.0;-207064.0;350
807;201500000893;15;8;16;1530;1;1;1;1;1;294;;M;4771162.0;-198725.0;350
808;201500000894;15;10;25;445;3;1;1;1;6;294;;M;4771125.0;-198819.0;350
809;201500000895;15;11;3;1915;5;2;1;2;4;236;RUE JB LELIEVRE;M;4767195.0;-206755.0;350
810;201500000896;15;4;5;745;2;1;1;1;6;124;;M;0.0;0.0;350
811;201500000897;15;5;23;200;3;1;1;1;7;106;;M;4782071.0;-159489.0;350
812;201500000898;15;7;22;1715;1;1;1;1;7;89;;M;4789559.0;-150179.0;350
813;201500000900;15;10;21;1345;1;1;1;8;1;124;18 La Pointais;M;4772609.0;-181629.0;350
814;201500000901;15;11;3;1415;1;2;1;1;1;12;rue du chêne vert;M;4784429.0;-168843.0;350
815;201500000902;15;12;26;1330;1;2;1;1;7;12;AVENE DU BOIS GREFFIER;M;4784710.0;-169377.0;350
816;201500000903;15;1;7;1900;3;1;1;1;6;127;;M;4794264.0;-183509.0;350
817;201500000904;15;1;13;1330;1;2;1;1;6;126;rue Jacques BLOUET;M;4796841.0;-179699.0;350
818;201500000905;15;3;14;1615;1;1;1;1;3;312;;M;4791807.0;-179858.0;350
819;201500000906;15;4;12;1600;1;1;4;1;3;127;;M;4795371.0;-189622.0;350
820;201500000907;15;4;23;400;3;1;1;1;7;126;;M;4794733.0;-177355.0;350
821;201500000908;15;4;24;2115;3;1;1;2;1;33;;M;4792139.0;-174271.0;350
822;201500000909;15;5;14;445;3;1;1;1;1;127;;M;4791731.0;-185707.0;350
823;201500000910;15;7;23;2130;1;1;1;1;6;312;;M;4793668.0;-179596.0;350
824;201500000911;15;9;10;530;3;1;1;1;6;123;;M;4802607.0;-177142.0;350
825;201500000912;15;9;30;1530;1;1;4;1;3;126;;M;4798496.0;-183191.0;350
826;201500000913;15;10;23;730;3;1;1;2;1;139;Les Clotures;M;4795733.0;-172800.0;350
827;201500000914;15;5;6;1745;1;2;1;1;5;45;la boulaye;M;4779923.0;-198063.0;350
828;201500000917;15;5;29;1915;1;2;1;1;6;116;33 rue de dol;M;4858187.0;-182559.0;350
829;201500000918;15;8;19;1515;1;1;3;1;3;299;;M;4863034.0;-190288.0;350
830;201500000919;15;8;22;1130;1;1;1;1;2;179;;M;4854396.0;-190207.0;350
831;201500000920;15;10;3;615;3;1;1;1;6;70;;M;4855679.0;-192883.0;350
832;201500000921;15;10;9;1100;1;1;1;1;1;224;;M;4859075.0;-195832.0;350
833;201500000922;15;12;12;100;3;1;1;1;7;306;;M;4858553.0;-195262.0;350
834;201500000923;15;1;3;1445;1;1;1;2;7;222;;M;4855302.0;-156546.0;350
835;201500000924;15;4;18;530;4;1;1;1;1;95;;M;0.0;0.0;350
836;201500000925;15;5;28;1915;1;1;1;1;3;186;;M;4856894.0;-177454.0;350
837;201500000926;15;6;5;1800;1;1;1;1;2;222;;M;4856304.0;-162179.0;350
838;201500000927;15;6;14;1715;1;1;1;1;3;246;Le Bois au Coq;M;4853455.0;-178874.0;350
839;201500000928;15;9;24;2200;3;1;1;1;3;78;;M;4860349.0;-171689.0;350
840;201500000929;15;3;21;2130;1;1;1;1;7;228;;M;4859370.0;-210051.0;350
841;201500000931;15;5;28;1730;1;1;1;1;2;256;La Ville Brunet;M;4861570.0;-211971.0;350
842;201500000932;15;7;2;1200;1;1;1;1;1;228;La Piliais;M;4858035.0;-203245.0;350
843;201500000933;15;8;20;1100;1;2;2;1;6;256;PLACE DU CENTRE;M;4861929.0;-213266.0;350
844;201500000934;15;8;25;1515;1;2;1;1;6;228;rue de la perrière;M;4857873.0;-205744.0;350
845;201500000935;15;1;29;1930;2;1;1;2;5;360;;M;4809130.0;-120488.0;350
846;201500000936;15;3;27;1630;1;1;1;2;2;6;;M;4802884.0;-119819.0;350
847;201500000937;15;4;5;1045;1;2;1;1;6;347;;M;4817674.0;-130216.0;350
848;201500000938;15;5;11;1745;1;1;1;1;2;360;;M;4810534.0;-120733.0;350
849;201500000939;15;6;6;1545;1;2;1;1;3;52;Rue de la Foret;M;4814756.0;-131162.0;350
850;201500000940;15;6;7;1415;1;1;1;1;3;194;;M;4815601.0;-122078.0;350
851;201500000941;15;7;29;1400;1;1;1;1;1;109;;M;4808369.0;-124591.0;350
852;201500000942;15;8;2;1030;1;2;1;1;1;347;la croix carre - D794;M;4818768.0;-132166.0;350
853;201500000943;15;9;23;1815;1;2;1;1;6;360;RUE BERTRAND D ARGENTRE;M;4812333.0;-120664.0;350
854;201500000944;15;9;28;1745;1;1;3;1;3;6;;M;4806486.0;-116712.0;350
855;201500000945;15;10;6;830;1;1;1;3;5;15;;M;4814965.0;-119806.0;350
856;201500000946;15;10;20;1945;3;1;1;1;6;338;;M;4806611.0;-129400.0;350
857;201500000948;15;11;27;1915;3;1;1;2;1;97;;M;4800023.0;-120119.0;350
858;201500000949;15;12;2;1830;1;1;1;1;5;360;;M;4810654.0;-122024.0;350
859;201500000950;15;1;1;830;2;1;1;1;7;327;;M;4810395.0;-146751.0;350
860;201500000951;15;1;26;1500;1;1;2;1;3;204;;M;4804372.0;-154411.0;350
861;201500000953;15;4;5;1100;1;1;1;1;7;209;;M;0.0;0.0;350
862;201500000954;15;4;8;1215;1;2;1;1;3;68;39 rue de vitré;M;4811244.0;-138033.0;350
863;201500000955;15;6;1;1700;1;1;1;1;1;99;;M;0.0;0.0;350
864;201500000956;15;6;18;1000;1;2;7;1;6;96;Caron de la carriere;M;4807061.0;-139324.0;350
865;201500000957;15;6;23;1745;1;1;1;1;3;161;La Gidonnais;M;4804622.0;-131769.0;350
866;201500000958;15;7;4;945;1;1;1;1;7;207;;M;4808536.0;-148281.0;350
867;201500000959;15;9;4;1115;1;1;1;1;6;39;La Turbanière;M;4810930.0;-150545.0;350
868;201500000960;15;9;8;1030;1;1;3;1;1;161;;M;4804303.0;-131782.0;350
869;201500000961;15;11;22;1530;1;1;2;1;3;204;;M;4804368.0;-154405.0;350
870;201500000962;15;11;20;1900;5;2;1;2;5;68;;M;4810732.0;-140526.0;350
871;201500000963;15;5;4;1745;1;1;1;1;1;8;;M;4795995.0;-121224.0;350
872;201500000964;15;6;30;1830;1;1;1;1;2;359;;M;4794659.0;-127531.0;350
873;201500000965;15;7;17;1;5;1;6;1;6;167;;M;4782040.0;-132226.0;350
874;201500000966;15;9;3;1715;1;2;1;1;1;125;64 AL DES TROIS PRAIRIES;M;4793890.0;-122795.0;350
875;201500000967;15;10;19;1500;1;1;1;1;7;359;;M;4794705.0;-130401.0;350
876;201500000968;15;11;9;2100;3;2;1;1;6;235;la croix de la barre;M;4792941.0;-123621.0;350