;Num_Acc;an;mois;jour;hrmn;lum;agg;int;atm;col;com;adr;gps;lat;long;dep
877;201500000969;15;2;26;1530;1;1;2;3;3;2;;M;4799638.0;-151527.0;350
878;201500000970;15;8;7;1215;1;2;1;1;3;136;44 rue jean marie lacire;M;4796298.0;-149371.0;350
879;201500000971;15;9;18;1600;1;1;1;1;1;108;;M;4793495.0;-145388.0;350
880;201500000972;15;12;1;1100;1;1;9;1;6;220;;M;4801235.0;-143604.0;350
881;201500000973;15;12;4;1845;3;1;2;1;3;136;;M;4791929.0;-153404.0;350
882;201500000974;15;12;5;1845;3;1;1;1;3;108;La rue Hamon;M;4794890.0;-147646.0;350
883;201500000975;15;12;18;1600;1;1;1;1;6;333;;M;4791758.0;-140917.0;350
884;201500000976;15;12;20;1400;1;1;1;8;7;136;La Renaudais;M;4792360.0;-152484.0;350
885;201500000977;15;2;12;1200;1;1;2;1;2;93;;M;4847230.0;-253339.0;220
886;201500000978;15;3;7;2145;5;2;1;1;7;93;rue de Beausoleil;M;4846173.0;-253650.0;220
887;201500000980;15;4;26;1600;1;1;2;3;3;93;;M;4849935.0;-246839.0;220
888;201500000981;15;6;7;1745;1;1;1;1;1;151;;M;4843636.0;-259403.0;220
889;201500000982;15;6;26;1615;1;2;6;1;3;93;rond-point maréchal foch;M;4846798.0;-250691.0;220
890;201500000983;15;7;9;1630;1;2;6;1;6;93;rue docteur lavergne;M;4846720.0;-252026.0;220
891;201500000984;15;9;18;1800;1;2;1;1;6;93;rue mouexigné;M;4845894.0;-251411.0;220
892;201500000985;15;10;30;445;3;2;1;1;3;93;Rue de la Jeannaie;M;4846549.0;-253807.0;220
893;201500000986;15;10;31;2245;3;1;1;1;2;93;;M;4847067.0;-253944.0;220
894;201500000987;15;11;1;1115;1;1;3;1;7;93;;M;4849492.0;-247531.0;220
895;201500000988;15;11;20;1215;1;2;3;2;3;93;RUE DE LA DEHANNE;M;4847448.0;-255619.0;220
896;201500000990;15;12;30;830;2;2;1;1;6;93;rue aristide briand;M;4846077.0;-251093.0;220
897;201500000991;15;7;8;1615;1;2;2;1;3;136;Carrefour des Trois Croi;M;4818276.0;-275957.0;220
898;201500000992;15;9;4;1815;1;2;2;8;3;136;boulevard des peupliers;M;4816734.0;-275019.0;220
899;201500000993;15;10;20;1245;1;1;4;1;2;136;le larhon;M;4815580.0;-271820.0;220
900;201500000994;15;12;4;745;2;1;2;1;5;300;le tourlanquin;M;4826815.0;-279079.0;220
901;201500000995;15;12;22;630;3;2;1;2;3;155;RD 768 8 rue croix jarte;M;4822723.0;-273327.0;220
902;201500000996;15;2;8;1230;1;2;1;1;6;162;Rue du Général LECLERC;M;4877865.0;-304484.0;220
903;201500000997;15;4;30;1530;1;1;1;8;1;162;;M;4875794.0;-301389.0;220
904;201500000998;15;6;15;830;1;1;2;1;3;210;;M;4880561.0;-305905.0;220
905;201500000999;15;12;22;1530;1;1;1;1;2;390;le dannot;M;4871506.0;-302373.0;220
906;201500001000;15;4;9;1215;1;2;2;7;3;54;;M;4862884.0;-246426.0;220
907;201500001001;15;5;12;1145;1;1;1;1;6;242;les aulnes;M;4862553.0;-241111.0;220
908;201500001002;15;6;3;2345;3;2;1;1;6;186;;M;4858613.0;-254239.0;220
909;201500001003;15;7;15;1045;1;1;2;1;3;242;la ruée;M;4862089.0;-240489.0;220
910;201500001004;15;8;17;330;3;1;1;1;7;54;;M;4860036.0;-246158.0;220
911;201500001005;15;10;19;30;3;1;1;1;6;81;;M;4850775.0;-266895.0;220
912;201500001006;15;12;18;900;3;1;1;2;1;273;la ville marqué;M;4853962.0;-253679.0;220
913;201500001007;15;12;27;1345;1;1;1;8;1;173;;M;4851332.0;-256589.0;220
914;201500001008;15;12;28;1800;2;1;2;1;3;81;saint laurent;M;4850432.0;-261758.0;220
915;201500001010;15;2;4;1700;1;1;1;1;5;277;;M;4840404.0;-287943.0;220
916;201500001011;15;2;23;1715;1;1;1;4;7;171;;M;4843411.0;-281742.0;220
917;201500001013;15;4;9;1500;1;1;2;1;3;171;Ravilly;M;4838521.0;-282788.0;220
918;201500001014;15;7;21;1700;1;2;1;7;6;171;RUE SEBASTOPOL;M;4840785.0;-281734.0;220
919;201500001016;15;8;6;2030;2;2;3;1;3;287;RUE SAINT YVES;M;4846970.0;-288259.0;220
920;201500001017;15;8;18;1130;1;1;2;1;3;176;;M;4845853.0;-275574.0;220
921;201500001018;15;9;28;1345;1;1;1;1;6;45;;M;4846617.0;-294835.0;220
922;201500001019;15;11;1;2030;3;1;1;1;5;171;les pres guyomard;M;4842010.0;-282282.0;220
923;201500001020;15;11;18;1900;3;1;1;1;1;277;LANVIA;M;4838562.0;-283668.0;220
924;201500001021;15;12;16;2000;5;1;3;1;3;277;carestiamble;M;4838368.0;-291936.0;220
925;201500001022;15;12;18;1815;5;2;1;1;6;262;rue des douves;M;4840403.0;-290790.0;220
926;201500001023;15;10;2;1115;1;2;1;1;6;56;;M;4838006.0;-197968.0;220
927;201500001024;15;10;7;1800;1;2;3;1;3;118;D2;M;4844482.0;-220204.0;220
928;201500001025;15;10;21;2100;5;1;6;2;7;364;;M;4842851.0;-208887.0;220
929;201500001026;15;12;4;845;1;2;1;1;2;213;RD 12 - Pont Mévault;M;4852273.0;-200028.0;220
930;201500001027;15;12;3;745;2;1;1;1;1;26;la giraudais;M;4839636.0;-202700.0;220
931;201500001028;15;12;4;1400;1;2;1;7;6;197;rue de la mairie;M;4851059.0;-195257.0;220
932;201500001029;15;1;3;1730;2;1;1;2;1;174;crissouet;M;4861456.0;-233343.0;220
933;201500001030;15;2;16;930;1;1;4;3;3;179;l'épine briens;M;4862497.0;-235696.0;220
934;201500001031;15;2;23;715;2;1;1;1;6;76;;M;4852170.0;-235438.0;220
935;201500001032;15;6;11;2030;1;1;1;8;7;179;;M;4865251.0;-237334.0;220
936;201500001033;15;6;18;1215;1;2;2;1;1;143;chemin vert;M;4859291.0;-227551.0;220
937;201500001034;15;6;21;645;2;1;1;1;6;76;;M;4853835.0;-240269.0;220
938;201500001036;15;7;14;1230;1;1;1;1;6;179;ste aide;M;4861936.0;-234699.0;220
939;201500001037;15;7;21;1830;1;2;1;7;6;282;rue jacques cartier;M;4863209.0;-225811.0;220
940;201500001038;15;7;23;1400;1;1;1;1;3;179;rue des carquois;M;4864544.0;-238476.0;220
941;201500001039;15;10;30;1815;3;1;1;8;6;174;le grand chemin;M;4857593.0;-235229.0;220
942;201500001040;15;11;4;915;1;1;1;1;6;268;;M;4855505.0;-234949.0;220
943;201500001042;15;12;30;1800;2;2;1;2;1;143;1 rue Saint jean;M;4859619.0;-229116.0;220
944;201500001043;15;1;16;1530;1;2;1;1;6;223;le tirien;M;4857989.0;-318768.0;220
945;201500001044;15;3;18;1430;1;2;9;1;3;223;rue de l'église;M;4857705.0;-318811.0;220
946;201500001045;15;8;8;1315;1;2;4;1;2;70;rue rustang;M;4855899.0;-315019.0;220
947;201500001046;15;8;20;1600;1;1;2;1;3;272;;M;4857244.0;-313525.0;220
948;201500001047;15;8;5;1645;1;2;1;1;6;13;;M;4847187.0;-318022.0;220
949;201500001048;15;4;29;1945;1;2;1;1;5;168;bld aristide briand;M;4881348.0;-345004.0;220
950;201500001049;15;7;22;2215;5;2;1;1;6;168;rue frères le montréer;M;4881342.0;-344807.0;220
951;201500001050;15;10;18;1245;1;1;1;1;6;134;;M;4879694.0;-344097.0;220
952;201500001051;15;3;20;1515;1;1;1;1;3;28;Kroaz Kerogot;M;4805946.0;-466106.0;290
953;201500001052;15;4;28;1430;1;1;1;1;1;225;kersaudy;M;4796658.0;-435839.0;290
954;201500001053;15;5;7;815;1;2;1;7;6;216;Rte de Pouldreuzic;M;4798024.0;-417897.0;290
955;201500001054;15;5;16;130;3;1;6;2;6;173;Keradennec;M;4801433.0;-421008.0;290
956;201500001055;15;5;23;1145;1;1;1;1;3;218;Toulbroen;M;4804211.0;-452278.0;290
957;201500001056;15;7;17;1145;1;2;1;1;1;3;43 rue emile combes;M;4802461.0;-454731.0;290
958;201500001057;15;9;6;645;2;2;1;1;1;215;rue d'Audierne;M;4799323.0;-443650.0;290
959;201500001058;15;11;1;815;1;1;1;1;1;216;Dour Groas;M;4794933.0;-419676.0;290
960;201500001059;15;11;29;1315;1;1;1;1;1;225;Le Meot;M;4796060.0;-434433.0;290
961;201500001060;15;2;22;1700;1;2;1;2;1;46;Chemin Pen Ar Creach;M;4808166.0;-433096.0;290
962;201500001061;15;6;14;1345;1;2;1;1;6;224;route de DOUARNENEZ - D1;M;4809224.0;-429580.0;290
963;201500001062;15;7;15;1045;1;2;9;2;6;46;rue Alain Gerbault;M;4809435.0;-434733.0;290
964;201500001063;15;7;29;930;1;1;1;7;2;226;rue Luc ROBERT;M;4808430.0;-440212.0;290
965;201500001064;15;8;13;1345;1;1;1;1;1;46;La Forge Kerdaec;M;4807010.0;-430069.0;290
966;201500001066;15;9;30;1700;1;2;3;1;3;46;Route de Quimper;M;4807896.0;-432230.0;290
967;201500001067;15;10;31;2230;3;1;1;1;6;218;Lespoul;M;4803992.0;-452638.0;290
968;201500001068;15;12;17;1715;1;2;1;8;6;46;20 rue Laennec;M;4808908.0;-432506.0;290
969;201500001069;15;2;16;1800;2;2;6;7;3;6;rond poind de Ty Pin;M;4787762.0;-408791.0;290
970;201500001070;15;2;25;745;2;1;1;2;6;60;Route de Quimper;M;4792108.0;-410592.0;290
971;201500001071;15;3;7;1515;1;1;1;1;6;32;Le Dennec;M;4790948.0;-407302.0;290
972;201500001072;15;5;3;1600;1;1;1;3;6;6;Chapelle du Perguet;M;4787728.0;-404745.0;290
973;201500001074;15;5;18;1000;1;2;1;1;3;6;36 avenue de la mer;M;4787712.0;-410661.0;290
974;201500001076;15;8;21;1630;1;1;1;7;1;58;Hent Kerbader;M;4786017.0;-402206.0;290
975;201500001078;15;10;2;2315;3;1;1;1;3;58;Route de Beg Meil;M;4788659.0;-400901.0;290
976;201500001079;15;11;2;1345;1;1;1;1;1;247;L'arbre du Chapon;M;4795183.0;-403722.0;290
977;201500001080;15;11;10;2015;3;1;1;1;5;247;;M;4797270.0;-398838.0;290
978;201500001081;15;11;14;2345;3;1;1;5;6;58;route de St Evarzec;M;4791557.0;-401442.0;290
979;201500001082;15;4;26;1100;1;2;1;2;6;216;rue de pouldreuzic;M;4797788.0;-416819.0;290
980;201500001083;15;3;5;1945;3;1;1;1;2;158;route de Gouesnac'h;M;4781854.0;-431299.0;290
981;201500001084;15;3;22;1100;1;2;1;1;3;171;Route de Penmarch;M;4784579.0;-427464.0;290
982;201500001086;15;6;7;1545;1;1;1;1;2;171;;M;4784085.0;-428358.0;290
983;201500001087;15;6;23;915;1;1;1;1;7;220;;M;4788476.0;-420118.0;290
984;201500001088;15;8;10;1915;1;2;6;1;6;220;place de pont guern;M;4786541.0;-422662.0;290
985;201500001089;15;2;14;1700;1;1;1;8;5;56;Kerlaran;M;4844548.0;-429236.0;290
986;201500001090;15;8;21;845;1;1;1;1;3;75;Kergleuz;M;4841243.0;-436288.0;290
987;201500001091;15;9;18;300;3;1;1;2;6;235;Kergleuz Rocade 265;M;4839888.0;-440944.0;290
988;201500001093;15;2;19;1015;1;1;2;2;3;181;Leavan;M;4851484.0;-421203.0;290
989;201500001094;15;6;22;1745;1;1;1;2;3;181;;M;4848461.0;-424583.0;290
990;201500001095;15;7;5;1230;1;1;1;1;6;180;Boscornou;M;4844662.0;-409054.0;290
991;201500001096;15;8;4;1430;1;2;9;1;3;181;Rue du Stade;M;4851362.0;-421615.0;290
992;201500001098;15;12;4;530;3;1;1;2;7;181;RN;M;4848902.0;-425199.0;290
993;201500001099;15;1;19;1215;1;1;9;1;6;179;Auberge Neuve;M;4850200.0;-430500.0;290
994;201500001100;15;8;14;630;3;1;1;3;6;94;;M;4857719.0;-433596.0;290
995;201500001101;15;10;17;1145;1;1;1;1;6;94;Kernevez;M;4860500.0;-435400.0;290
996;201500001102;15;10;24;745;1;1;1;1;6;179;Kerouant;M;4854135.0;-432468.0;290
997;201500001103;15;12;5;1545;1;1;1;1;1;94;Rte de Kergoff;M;4858283.0;-434208.0;290
998;201500001104;15;12;11;2145;3;1;6;1;6;203; roudouan;M;4863737.0;-432847.0;290
999;201500001105;15;1;16;830;4;2;1;3;6;117;Rue de la liberation;M;4857305.0;-451815.0;290
1000;201500001106;15;3;15;1800;1;2;1;1;3;117;Kerveur;M;4856156.0;-451305.0;290
1001;201500001107;15;3;31;1715;1;2;1;1;3;117;Rue de Treglonou;M;4856597.0;-452460.0;290
1002;201500001108;15;7;22;1530;1;1;1;1;3;195;;M;4859881.0;-450585.0;290
1003;201500001109;15;7;31;2245;3;1;1;1;1;209;;M;4853132.0;-450206.0;290
1004;201500001110;15;8;11;1245;1;1;1;2;3;47;Route de Lesneven;M;4853803.0;-437104.0;290
1005;201500001111;15;9;27;1600;1;1;1;1;5;15;Petite Ile;M;4848633.0;-450019.0;290
1006;201500001112;15;10;2;900;1;2;9;7;6;117;rue de la libération;M;4857285.0;-451758.0;290
1007;201500001113;15;10;3;515;3;1;1;1;7;117;Saint Julien;M;4856937.0;-452151.0;290
1008;201500001114;15;10;5;1045;1;1;1;2;3;209;Corn Ar Quéfellec;M;4852983.0;-445232.0;290
1009;201500001115;15;12;21;1800;5;2;1;3;6;195;Rue Bel Air;M;4860592.0;-450384.0;290
1010;201500001116;15;1;2;1745;2;1;1;1;3;221;Kervezennoc;M;4849017.0;-476745.0;290
1011;201500001117;15;4;14;1815;1;1;1;1;3;149;Keramoal;M;4846024.0;-451230.0;290
1012;201500001118;15;5;14;1045;1;1;1;1;1;196;Landre ;M;4850597.0;-458269.0;290
1013;201500001119;15;5;17;1700;1;1;1;1;1;149;Trébaol;M;4845200.0;-459533.0;290
1014;201500001120;15;6;1;1730;1;2;1;1;6;260;lieu dit Pontavennec;M;4842645.0;-460541.0;290
1015;201500001121;15;6;12;1715;1;2;1;1;3;109;Rue Poullaouec;M;4853300.0;-472671.0;290
1016;201500001122;15;6;20;1545;1;1;1;1;3;149;;M;4846688.0;-456667.0;290
1017;201500001123;15;8;4;1245;1;1;1;1;6;99;Croas An Aber;M;4855036.0;-464543.0;290
1018;201500001124;15;9;24;1215;1;2;1;1;6;196;rue suzanne de parceveau;M;4852694.0;-459834.0;290
1019;201500001125;15;11;3;1630;1;2;3;1;3;17;Carrefour d268/28;M;4847687.0;-471600.0;290
1020;201500001126;15;11;6;815;2;2;1;2;6;178;rue du Léon;M;4854056.0;-464866.0;290
1021;201500001127;15;11;9;1615;1;1;1;1;1;149;Kerviniou;M;4844931.0;-454494.0;290
1022;201500001128;15;11;29;230;3;1;1;6;3;109;Kervéléoc;M;4851676.0;-473536.0;290
1023;201500001129;15;2;15;100;3;1;1;1;6;53;Rummengol;M;4830209.0;-415200.0;290
1024;201500001130;15;3;1;945;1;2;1;1;6;176;9 Allee des Genets;M;4812748.0;-421911.0;290
1025;201500001131;15;4;5;500;3;1;1;1;6;172;lieu dit Menez Kaol;M;4817716.0;-428965.0;290
1026;201500001132;15;5;17;1530;1;1;1;1;1;240;Coativoric;M;4829131.0;-419801.0;290
1027;201500001133;15;5;20;830;1;2;1;8;6;302;rue de brest;M;4825774.0;-408194.0;290
1028;201500001134;15;6;28;300;3;1;1;1;6;302;Coatiskoul D21;M;4828118.0;-412985.0;290
1029;201500001135;15;7;26;700;1;1;1;3;1;240;Kervezennec;M;4828240.0;-425285.0;290
1030;201500001136;15;10;1;1200;1;2;1;1;1;26;63 RUE GRAVERAN;M;4819639.0;-409999.0;290
1031;201500001137;15;10;14;845;1;1;1;1;6;176;Lanzent ;M;4814156.0;-423083.0;290
1032;201500001138;15;1;9;800;5;2;1;3;6;24;Boulervard Jean Moulin;M;4827772.0;-355309.0;290
1033;201500001139;15;1;17;1445;1;2;6;2;3;24;boulevard Jean Moulin;M;4827487.0;-355844.0;290
1034;201500001140;15;5;6;1630;1;2;6;2;3;24;Rond point de Kerhenor;M;4827140.0;-358548.0;290
1035;201500001141;15;5;15;1800;1;1;2;1;1;54;RD 764 / RD 42;M;4838928.0;-385800.0;290
1036;201500001142;15;7;10;1900;1;2;1;1;6;81;39 route de berrien;M;4836778.0;-374818.0;290
1037;201500001143;15;10;2;1830;1;1;1;1;3;24;Kervoasdoué;M;4828578.0;-354041.0;290
1038;201500001144;15;10;4;500;5;2;6;1;6;24;17 ave Victor hugo;M;4827558.0;-357418.0;290
1039;201500001145;15;10;7;2015;3;1;1;1;6;205;Kergroas Huella;M;4828786.0;-358314.0;290
1040;201500001146;15;10;18;1400;1;1;1;1;6;54;;M;4838563.0;-385010.0;290
1041;201500001147;15;12;6;130;3;1;1;2;1;278;;M;4818094.0;-374705.0;290
1042;201500001148;15;12;29;1545;1;2;1;1;1;24;kervasdoué;M;4829294.0;-355543.0;290
1043;201500001149;15;4;8;1730;1;1;1;1;3;249;Hir Gars;M;4817034.0;-381130.0;290
1044;201500001150;15;4;16;1945;1;2;1;1;7;27;RUE DES FONTAINES;M;4818870.0;-381471.0;290
1045;201500001151;15;9;10;1830;1;1;1;1;6;249;Croas Janus;M;4813782.0;-379747.0;290
1046;201500001153;15;2;27;1600;1;1;1;1;1;280;;M;4821934.0;-432628.0;290
1047;201500001154;15;3;30;1315;1;1;1;1;6;42;Kerdanvez;M;4824773.0;-443121.0;290
1048;201500001155;15;6;13;2245;3;1;1;1;6;120;40 rue pen ar ero;M;4828099.0;-450254.0;290
1049;201500001156;15;7;22;1545;1;1;1;1;3;42;Kersiguenou;M;4825712.0;-453816.0;290
1050;201500001157;15;7;23;1830;1;1;1;1;7;120;La Maison Blanche;M;4826764.0;-444275.0;290
1051;201500001158;15;8;1;1700;1;1;1;7;2;280;Kerjean;M;4825706.0;-436709.0;290
1052;201500001159;15;8;7;1430;1;1;1;1;1;42;Saint Jean Leydez;M;4826633.0;-449896.0;290
1053;201500001160;15;10;9;1230;1;1;1;1;1;42;An Drustel;M;4823288.0;-454016.0;290
1054;201500001161;15;10;12;715;5;2;6;1;3;120; Rp du Douarou;M;4824842.0;-441844.0;290
1055;201500001162;15;11;1;1000;1;2;1;1;6;42;rue lesquiffinec;M;4823689.0;-449399.0;290
1056;201500001163;15;12;24;1800;2;1;1;1;6;238;Route de Quélern;M;4830435.0;-455586.0;290
1057;201500001165;15;1;22;1615;1;2;6;1;6;191;Sur Giratoire D9;M;4852183.0;-371811.0;290
1058;201500001166;15;1;31;1615;1;1;1;4;7;113;Rte Plougasnou;M;4865596.0;-372661.0;290
1059;201500001167;15;2;3;645;3;1;1;4;7;59;;M;4862572.0;-376854.0;290
1060;201500001169;15;5;12;1800;1;1;1;1;1;34;Penmergues;M;4845243.0;-378375.0;290
1061;201500001170;15;5;23;330;3;1;1;5;6;207;Croas Collorec;M;4852781.0;-377797.0;290
1062;201500001171;15;7;5;900;1;1;1;1;7;186;;M;4862623.0;-384693.0;290
1063;201500001172;15;7;27;1245;1;1;1;2;4;59;Toulon;M;4861008.0;-378359.0;290
1064;201500001173;15;9;24;1900;1;1;1;1;7;186;;M;4862701.0;-384561.0;290
1065;201500001175;15;10;29;1745;1;1;2;1;3;266;;M;4853484.0;-394851.0;290
1066;201500001176;15;1;21;1700;1;1;2;2;3;68;Le Rest;M;4853411.0;-389835.0;290
1067;201500001177;15;3;17;1300;1;2;1;1;3;259;rue du budou;M;4790056.0;-383257.0;290
1068;201500001178;15;5;10;1245;1;1;1;1;1;206;Kernic;M;4864790.0;-421995.0;290
1069;201500001179;15;5;11;1400;1;1;2;1;3;239;Pen Ar Creac'h;M;4871897.0;-397247.0;290
1070;201500001180;15;6;14;1845;1;1;1;1;7;287;;M;4862271.0;-426109.0;290
1071;201500001181;15;6;16;2000;1;2;1;7;6;30;rue de Plouescat;M;4866312.0;-410795.0;290
1072;201500001182;15;6;29;1745;1;2;6;1;2;23;Rue Albert Louppe;M;4866572.0;-391282.0;290
1073;201500001183;15;7;30;1500;1;2;1;1;1;279;rue de mescurunec;M;4859771.0;-393397.0;290
1074;201500001184;15;8;7;300;3;2;1;2;6;187;rue de croas hir;M;4856141.0;-413998.0;290
1075;201500001186;15;10;3;815;3;1;1;5;6;271;Le Roz;M;4859754.0;-412461.0;290
1076;201500001187;15;10;17;1515;1;1;1;1;6;68;Kermat;M;4852037.0;-400690.0;290
1077;201500001188;15;10;22;1630;1;1;1;1;4;192;Rédéonnec ;M;4863238.0;-405480.0;290
1078;201500001189;15;10;31;1700;1;2;1;1;1;276;La Croix;M;4866609.0;-406760.0;290
1079;201500001190;15;11;27;2030;3;1;1;2;6;259;Keragon;M;4868782.0;-400881.0;290
1080;201500001192;15;3;5;1215;1;2;1;1;1;164;rue Edgard TOUFFREAU;M;4766089.0;-280632.0;560
1081;201500001194;15;6;20;230;4;1;1;1;6;120;;M;0.0;0.0;560
1082;201500001195;15;6;26;1630;1;1;1;1;4;67;;M;0.0;0.0;560
1083;201500001196;15;7;13;1145;1;1;1;1;1;8;;M;0.0;0.0;560
1084;201500001197;15;9;13;1915;2;1;1;3;7;157;;M;0.0;0.0;560
1085;201500001198;15;10;13;1645;1;2;1;1;5;158;42 ROUTE DE PLOEREN;M;4769356.0;-280784.0;560
1086;201500001199;15;2;21;2030;3;1;1;2;6;194;;M;0.0;0.0;560
1087;201500001200;15;4;9;1730;1;2;1;1;1;194;RUE DE LA BUTTE;M;4763459.0;-210396.0;560
1088;201500001201;15;4;21;1215;1;1;1;1;3;194;;M;4759284.0;-210980.0;560
1089;201500001202;15;6;5;1830;1;2;1;1;3;183;RUE DU HOUX;M;0.0;0.0;560
1090;201500001203;15;8;26;1715;1;2;3;2;3;33;rue du Général de Gaulle;M;0.0;0.0;560
1091;201500001204;15;9;26;130;3;1;1;1;1;239;;M;0.0;0.0;560
1092;201500001205;15;11;24;1015;1;1;1;2;1;11;;M;0.0;0.0;560
1093;201500001206;15;12;12;1700;1;2;1;9;6;61;rue de MONTAUBAN;M;4776430.0;-213095.0;560
1094;201500001207;15;12;18;1830;3;1;1;8;1;44;;M;0.0;0.0;560
1095;201500001208;15;9;27;1600;1;1;1;1;3;126;;M;4755954.0;-239514.0;560
1096;201500001211;15;4;4;2200;3;1;1;1;7;28;;M;0.0;0.0;560
1097;201500001212;15;4;11;1800;1;1;6;1;3;184;;M;0.0;0.0;560
1098;201500001214;15;6;3;1945;1;1;1;1;1;53;;M;4773359.0;-257970.0;560
1099;201500001216;15;9;8;1845;1;1;1;1;7;123;;M;4769196.0;-233589.0;560
1100;201500001217;15;10;18;1145;1;2;1;1;1;184;Rue du reliquaire;M;4766171.0;-245365.0;560
1101;201500001218;15;11;3;1415;1;1;1;8;1;231;;M;0.0;0.0;560
1102;201500001219;15;11;8;15;3;1;1;5;6;254;;M;0.0;0.0;560
1103;201500001220;15;11;13;715;3;1;1;2;1;261;;M;0.0;0.0;560
1104;201500001221;15;11;13;1130;1;2;7;1;6;171;rue du calvaire;M;4769632.0;-236405.0;560
1105;201500001223;15;1;4;1245;1;1;1;1;7;176;;M;0.0;0.0;560
1106;201500001224;15;1;20;830;2;2;1;2;6;176;RUE CADOUDAL;M;4767171.0;-296156.0;560
1107;201500001226;15;4;19;1815;1;1;1;1;2;167;;M;0.0;0.0;560
1108;201500001227;15;5;20;1245;1;1;1;1;1;46;;M;0.0;0.0;560
1109;201500001228;15;6;3;745;1;1;1;1;1;23;;M;4768923.0;-302628.0;560
1110;201500001229;15;6;16;1445;1;2;1;1;6;7;RUE ABBE PHILIPPE LE GAL;M;4767056.0;-299140.0;560
1111;201500001230;15;8;6;1000;1;1;6;1;3;176;;M;0.0;0.0;560
1112;201500001231;15;8;25;1130;1;1;1;3;7;167;;M;0.0;0.0;560
1113;201500001232;15;10;2;2215;3;2;1;1;6;46;KERHARNO;M;0.0;0.0;560
1114;201500001233;15;10;7;1015;1;1;1;1;3;46;;M;0.0;0.0;560
1115;201500001234;15;10;20;2030;3;2;1;1;1;23;rue du loch;M;0.0;0.0;560
1116;201500001235;15;11;10;830;1;1;1;1;2;7;;M;0.0;0.0;560
1117;201500001236;15;12;18;1915;3;1;1;8;2;176;;M;4767692.0;-294384.0;560
1118;201500001238;15;5;17;1715;1;2;1;1;6;152;9 Le Grande Prairie;M;4733815.0;-315681.0;560
1119;201500001239;15;6;6;30;3;1;1;1;7;152;;M;4733668.0;-315776.0;560
1120;201500001240;15;12;21;200;3;1;1;3;6;152;;M;0.0;0.0;560
1121;201500001241;15;8;15;15;3;2;1;1;3;234;PLACE DE LA MARNE;M;4752121.0;-313134.0;560
1122;201500001243;15;5;25;800;1;1;1;1;6;130;;M;0.0;0.0;560
1123;201500001244;15;6;17;1730;1;2;1;1;1;169;24 rue du driasker;M;0.0;0.0;560
1124;201500001245;15;9;7;2230;5;2;6;1;6;193;Kerbernne;M;4771133.0;-329964.0;560
1125;201500001246;15;1;29;815;2;1;6;2;2;127;;M;4807258.0;-228046.0;560
1126;201500001248;15;4;27;815;1;2;6;1;1;127;rond point du stade;M;4807760.0;-229033.0;560
1127;201500001249;15;5;7;1330;1;1;1;1;6;138;;M;0.0;0.0;560
1128;201500001250;15;5;20;330;3;1;1;9;6;202;;M;0.0;0.0;560
1129;201500001251;15;6;23;1515;1;1;1;1;7;139;;M;0.0;0.0;560
1130;201500001252;15;7;7;1030;1;1;6;2;3;127;;M;0.0;0.0;560
1131;201500001253;15;8;7;1330;1;1;1;1;2;165;;M;0.0;0.0;560
1132;201500001254;15;8;14;900;1;2;1;8;6;165;;M;4793596.0;-239852.0;560
1133;201500001255;15;8;29;1545;1;1;1;1;1;249;;M;0.0;0.0;560
1134;201500001256;15;9;6;1400;1;1;9;1;2;165;;M;4792503.0;-234728.0;560
1135;201500001257;15;10;17;1915;3;1;1;1;1;122;;M;0.0;0.0;560
1136;201500001258;15;10;30;800;1;1;1;1;7;138;;M;4789784.0;-236837.0;560
1137;201500001260;15;5;7;2230;3;1;1;7;6;230;;M;0.0;0.0;560
1138;201500001261;15;6;22;845;1;1;2;1;1;20;;M;0.0;0.0;560
1139;201500001262;15;6;27;1100;1;1;1;7;6;244;;M;4780839.0;-250389.0;560
1140;201500001263;15;12;10;800;3;1;1;1;2;180;;M;0.0;0.0;560
1141;201500001264;15;2;15;900;1;2;1;1;3;190;belle aurore;M;0.0;0.0;560
1142;201500001265;15;6;25;1500;1;2;1;1;6;198;route du pont d'oust;M;0.0;0.0;560
1143;201500001266;15;9;18;1745;1;1;2;1;1;222;;M;0.0;0.0;560
1144;201500001267;15;9;26;1730;1;1;1;1;1;17;;M;0.0;0.0;560
1145;201500001268;15;11;3;1830;3;1;1;3;1;68;;M;4800556.0;-248801.0;560
1146;201500001269;15;11;22;200;3;1;1;2;6;27;;M;4792260.0;-267641.0;560
1147;201500001270;15;12;19;1500;1;1;1;1;6;172;;M;0.0;0.0;560