;Num_Acc;an;mois;jour;hrmn;lum;agg;int;atm;col;com;adr;gps;lat;long;dep
1148;201500001271;15;1;11;1815;3;1;1;8;3;125;;M;4808058.0;-309317.0;560
1149;201500001272;15;3;19;1145;1;2;1;7;7;178;LA LANDE DU MOULIN;M;0.0;0.0;560
1150;201500001273;15;5;9;1715;1;1;3;1;3;151;;M;4802315.0;-291217.0;560
1151;201500001274;15;5;23;1415;1;1;1;1;7;215;;M;0.0;0.0;560
1152;201500001275;15;6;4;1730;1;1;1;1;7;245;;M;0.0;0.0;560
1153;201500001276;15;6;5;1130;1;2;1;1;6;178;rue nationale;M;4806541.0;-296595.0;560
1154;201500001277;15;6;17;1715;1;1;1;1;7;242;;M;0.0;0.0;560
1155;201500001278;15;6;25;1800;1;1;1;1;1;125;;M;0.0;0.0;560
1156;201500001279;15;7;12;500;3;1;9;1;7;41;;M;4797071.0;-328722.0;560
1157;201500001280;15;7;15;1000;1;1;1;1;1;41;;M;0.0;0.0;560
1158;201500001281;15;8;21;2015;2;1;1;7;7;163;;M;4807713.0;-333138.0;560
1159;201500001282;15;8;21;2100;2;1;1;1;7;264;;M;0.0;0.0;560
1160;201500001283;15;8;30;645;3;1;1;5;1;215;;M;0.0;0.0;560
1161;201500001284;15;9;26;1100;1;2;1;7;6;178;RUE DU TRIBUNAL;M;4806580.0;-296760.0;560
1162;201500001285;15;12;8;2015;3;1;1;1;3;41;;M;4809816.0;-307771.0;560
1163;201500001286;15;12;16;2045;3;1;1;1;6;41;;M;4809427.0;-302093.0;560
1164;201500001287;15;1;28;815;2;2;1;2;6;117;Boulevard Duguesclin;M;4788675.0;-283104.0;560
1165;201500001288;15;2;17;845;1;1;1;1;1;141;;M;0.0;0.0;560
1166;201500001289;15;3;1;115;3;1;1;2;1;173;;M;0.0;0.0;560
1167;201500001290;15;4;3;400;3;1;1;1;7;140;;M;0.0;0.0;560
1168;201500001291;15;5;19;1615;1;1;1;2;7;173;;M;0.0;0.0;560
1169;201500001292;15;5;31;730;1;1;2;2;3;173;;M;0.0;0.0;560
1170;201500001293;15;6;10;1045;1;2;3;1;3;117;Rue Jacques Cartier;M;4788925.0;-283812.0;560
1171;201500001294;15;6;11;830;1;1;1;1;7;174;;M;0.0;0.0;560
1172;201500001295;15;6;29;1630;1;1;1;1;3;173;;M;4797085.0;-300602.0;560
1173;201500001296;15;7;21;1115;1;1;1;2;6;141;;M;4782513.0;-287900.0;560
1174;201500001297;15;8;3;2000;1;1;1;1;6;10;;M;0.0;0.0;560
1175;201500001298;15;8;21;2215;1;2;1;1;6;74;2 RUE DU MENHIR;M;4790612.0;-298034.0;560
1176;201500001299;15;8;27;1430;1;1;1;2;1;140;;M;0.0;0.0;560
1177;201500001300;15;10;24;100;3;1;1;1;1;174;;M;0.0;0.0;560
1178;201500001301;15;1;24;1000;1;1;1;1;2;14;;M;0.0;0.0;560
1179;201500001303;15;7;26;230;3;1;1;2;7;81;;M;4802588.0;-363673.0;560
1180;201500001304;15;10;5;845;1;1;1;3;7;66;;M;0.0;0.0;560
1181;201500001305;15;12;5;1915;3;1;2;2;1;131;;M;4799403.0;-344555.0;560
1182;201500001306;15;12;6;500;3;1;1;1;6;60;;M;4924320.0;-29048.0;140
1183;201500001307;15;2;28;2050;3;1;1;2;6;362;;M;4906960.0;12324.0;140
1184;201500001308;15;3;19;1007;1;1;1;8;3;81;;M;4901970.0;5716.0;140
1185;201500001310;15;1;5;1545;1;2;1;1;6;14;08 RUE BOUT MACON;M;4926620.0;-40294.0;140
1186;201500001311;15;1;15;2145;3;2;1;1;6;66;;M;4933120.0;-43175.0;140
1187;201500001312;15;2;19;1015;1;1;1;1;3;228;;M;4927620.0;-37922.0;140
1188;201500001313;15;5;28;1300;1;1;2;1;3;44;;M;4928780.0;-41460.0;140
1189;201500001315;15;7;6;1845;1;1;1;7;3;228;;M;4930260.0;-39156.0;140
1190;201500001316;15;7;18;1945;1;2;2;1;6;228;;M;4929350.0;-38562.0;140
1191;201500001318;15;9;19;645;2;2;1;5;6;228;ROUTE DE BASLY;;;;140
1192;201500001319;15;10;19;1445;1;2;1;1;6;66;RUE DE VERDUN;M;4933430.0;-41152.0;140
1193;201500001320;15;1;8;1845;3;1;1;6;1;257;;M;4910950.0;-48840.0;140
1194;201500001321;15;1;12;1745;3;1;1;2;1;311;;M;4912660.0;-52166.0;140
1195;201500001322;15;4;17;1430;1;1;1;1;6;542;;M;4922400.0;-44852.0;140
1196;201500001323;15;4;24;745;1;1;1;1;6;747;;M;4911480.0;-45119.0;140
1197;201500001324;15;6;6;1530;1;2;1;1;3;738;29 RUE DE L'ÉGLISE;M;4915310.0;-45129.0;140
1198;201500001325;15;6;19;1545;1;2;2;1;1;738;RUE GÉNÉRAL LECLERC;M;4915360.0;-45781.0;140
1199;201500001326;15;6;20;1745;1;2;1;1;7;592;CHAMP RUFFIER;M;4907280.0;-48989.0;140
1200;201500001327;15;8;25;1445;1;1;2;8;3;747;;M;4910890.0;-45302.0;140
1201;201500001329;15;10;1;830;1;1;1;1;1;274;;;;;140
1202;201500001330;15;10;18;1200;1;2;2;1;6;98;;;;;140
1203;201500001331;15;7;22;900;1;1;2;7;3;675;;M;4913530.0;-30906.0;140
1204;201500001332;15;8;18;1645;1;1;1;1;6;119;;M;4913850.0;-25228.0;140
1205;201500001333;15;10;24;1015;1;1;1;1;7;5;;M;4907910.0;-14312.0;140
1206;201500001334;15;12;5;1715;2;2;3;1;6;589;AVENUE DES FONTAINE;M;4899350.0;-30357.0;140
1207;201500001335;15;12;10;1900;5;2;1;1;6;456;RD613 PK49+500;M;4911840.0;-17692.0;140
1208;201500001336;15;6;7;1135;1;2;2;1;3;166;;M;4929120.0;-28261.0;140
1209;201500001337;15;11;1;1745;1;1;1;1;1;530;;;;;140
1210;201500001338;15;5;29;845;1;2;3;1;3;752;RUE DES MOUETTES;M;4908090.0;-64621.0;140
1211;201500001339;15;8;21;1415;1;2;2;1;3;449;D217;M;4911520.0;-60219.0;140
1212;201500001340;15;9;25;1715;1;1;1;1;6;37;;M;4907140.0;-55740.0;140
1213;201500001341;15;12;27;1545;1;1;1;1;1;353;;M;4907960.0;-55631.0;140
1214;201500001342;15;4;17;2115;3;1;1;1;2;328;;M;4921930.0;-23983.0;140
1215;201500001345;15;8;16;1745;1;1;1;1;6;698;;M;4919830.0;-20778.0;140
1216;201500001346;15;9;1;1015;1;1;4;1;2;640;;M;4916100.0;-17395.0;140
1217;201500001347;15;10;20;1530;1;1;1;1;3;46;;M;4923080.0;-21643.0;140
1218;201500001348;15;11;6;2330;3;1;1;1;2;666;;M;4917400.0;-25295.0;140
1219;201500001349;15;12;15;1730;5;2;1;2;6;712;RUE DE ROUEN, LA POSTE;M;4918220.0;-18235.0;140
1220;201500001350;15;2;16;1415;1;2;1;2;3;47;RTE DE VAUX SUR AURE;M;4928590.0;-70389.0;140
1221;201500001351;15;4;25;1130;1;2;1;1;6;47;59 AVENUE GEORGES CLÉMEN;M;4927620.0;-69436.0;140
1222;201500001352;15;5;17;1800;1;1;1;1;6;322;;M;4925350.0;-70985.0;140
1223;201500001353;15;5;31;1045;1;1;2;1;3;680;;M;4929910.0;-73166.0;140
1224;201500001354;15;6;29;1045;1;1;1;1;6;732;;;;;140
1225;201500001355;15;6;26;1400;1;1;1;1;6;680;;M;4930600.0;-73853.0;140
1226;201500001356;15;7;17;1545;1;1;1;3;3;47;;;;;140
1227;201500001357;15;8;3;1515;1;2;1;1;6;47;BOULEVARD EINDHOVEN;;;;140
1228;201500001358;15;9;22;1200;1;1;1;1;1;322;;M;4924610.0;-70775.0;140
1229;201500001359;15;10;10;100;3;1;1;1;6;700;;;;;140
1230;201500001360;15;12;15;1730;5;2;1;2;6;47;RUE MONTFIQUET;;;;140
1231;201500001361;15;12;17;945;1;2;7;1;6;47;PLACE QUEBEC;;;;140
1232;201500001362;15;2;27;1945;3;1;1;8;3;439;;M;4931680.0;-102001.0;140
1233;201500001363;15;3;6;1745;1;2;1;1;6;342;RUE DU DOCTEUR BOUTROIS;M;4932010.0;-109884.0;140
1234;201500001364;15;3;28;1600;1;1;2;2;3;551;;M;4932610.0;-82401.0;140
1235;201500001365;15;5;3;2130;3;1;1;1;6;136;;M;4934650.0;-107665.0;140
1236;201500001366;15;6;30;2200;2;1;1;1;6;705;;M;4923250.0;-93503.0;140
1237;201500001367;15;7;29;2045;1;2;3;1;1;103;D5 - RUE DE BAYEUX;M;4924530.0;-86312.0;140
1238;201500001368;15;8;5;1745;1;1;2;1;3;551;;M;4932610.0;-82401.0;140
1239;201500001369;15;12;1;1330;1;1;1;1;6;551;;M;4932860.0;-82410.0;140
1240;201500001370;15;12;12;2315;5;2;1;2;6;312;RD 113;M;4937770.0;-104762.0;140
1241;201500001371;15;2;6;815;1;2;2;1;3;88;CD 658;M;4895850.0;-23009.0;140
1242;201500001372;15;4;1;1445;1;1;1;1;7;53;;M;4888780.0;-7996.0;140
1243;201500001373;15;6;26;1930;1;1;1;1;7;498;;M;4888300.0;-9284.0;140
1244;201500001374;15;10;16;1715;1;1;1;8;3;753;;M;4894420.0;-26503.0;140
1245;201500001375;15;10;30;1745;2;2;9;1;5;258;RUE TRINITÉ;;;;140
1246;201500001376;15;10;13;1700;1;2;1;1;6;258;RUE SAINT JEAN;;;;140
1247;201500001378;15;2;21;1815;1;1;1;1;5;689;;M;4897650.0;-47467.0;140
1248;201500001379;15;12;11;645;2;2;1;1;6;703;;M;4896050.0;-31033.0;140
1249;201500001381;15;1;18;345;3;1;1;1;6;82;;M;4913340.0;12114.0;140
1250;201500001382;15;1;28;800;5;2;1;1;6;431;AVENUE JEAN JAUR?S;M;4907290.0;-7597.0;140
1251;201500001383;15;2;21;2000;5;2;2;4;3;431;RUE JULES GUESDE;M;4907860.0;-6142.0;140
1252;201500001385;15;4;18;1630;1;1;1;1;6;362;;M;4906580.0;14219.0;140
1253;201500001386;15;5;15;2130;2;1;1;1;7;697;;M;4899440.0;-1972.0;140
1254;201500001387;15;6;7;1900;1;1;1;1;6;337;;M;4912480.0;10135.0;140
1255;201500001388;15;8;13;1500;1;1;1;3;6;431;;M;4908290.0;-8640.0;140
1256;201500001389;15;8;13;1750;1;1;3;1;3;654;ROUTE DE CAEN;M;4902510.0;-4538.0;140
1257;201500001391;15;9;11;2215;3;1;1;1;6;697;;M;4896920.0;6778.0;140
1258;201500001392;15;12;24;630;3;1;1;1;7;345;;;;;140
1259;201500001393;15;11;24;1030;1;1;9;2;3;403;;;;;140
1260;201500001394;15;12;10;920;1;1;2;8;6;478;;M;4901230.0;40933.0;140
1261;201500001395;15;3;18;1630;1;1;1;1;1;41;;M;4939380.0;19039.0;140
1262;201500001397;15;4;10;1930;1;2;1;1;3;102;;M;4922970.0;21748.0;140
1263;201500001398;15;5;30;2000;1;1;1;1;6;534;;M;4926410.0;14221.0;140
1264;201500001399;15;7;4;1445;1;2;2;1;3;528;;M;4932700.0;29610.0;140
1265;201500001400;15;7;17;30;3;1;1;1;6;644;;M;4919060.0;30112.0;140
1266;201500001402;15;7;26;1545;1;1;1;1;1;399;;M;4926540.0;21096.0;140
1267;201500001403;15;8;6;1130;1;2;1;1;1;131;;M;4931790.0;13407.0;140
1268;201500001404;15;12;3;2145;3;1;3;8;1;514;;M;4927230.0;16757.0;140
1269;201500001405;15;6;24;1930;1;2;8;1;6;660;CHEMIN DE L'ÉGLISE;M;4929120.0;-184.0;140
1270;201500001406;15;7;4;1930;1;2;1;1;1;93;CD45 BRANVILLE;M;4927390.0;2193.0;140
1271;201500001407;15;7;16;1215;1;1;2;1;1;316;;M;4926390.0;-4287.0;140
1272;201500001408;15;7;29;1300;1;1;3;1;3;494;;M;4927170.0;-10376.0;140
1273;201500001409;15;8;23;1700;1;1;2;1;3;126;;M;4914120.0;6170.0;140
1274;201500001410;15;9;12;830;2;2;1;2;3;335;CD78;M;4916950.0;-5328.0;140
1275;201500001411;15;9;30;700;2;1;1;1;1;473;;M;4911620.0;2989.0;140
1276;201500001412;15;10;6;1715;1;1;3;8;3;645;;M;4929810.0;2319.0;140
1277;201500001413;15;10;30;2130;5;2;9;1;3;229;ROUTE DU MESNIL DA;;;;140
1278;201500001414;15;11;13;900;1;1;1;1;5;305;;M;4927530.0;-5960.0;140
1279;201500001415;15;5;22;1310;1;1;1;1;1;618;;M;4890090.0;-89708.0;140
1280;201500001416;15;2;5;815;1;1;1;9;6;54;;M;4889890.0;-95493.0;140
1281;201500001417;15;3;12;245;3;1;1;5;6;513;;M;4895790.0;-104895.0;140
1282;201500001418;15;4;14;1915;1;1;1;7;3;584;;;;;140
1283;201500001419;15;6;24;1800;1;1;1;1;6;187;;M;4885970.0;-90647.0;140
1284;201500001420;15;8;26;1830;1;2;1;2;1;658;;M;4884440.0;-105585.0;140
1285;201500001421;15;9;5;30;3;1;1;1;6;717;;M;4880050.0;-81006.0;140
1286;201500001422;15;11;25;1900;5;2;2;2;3;762;RUE DE CAEN;;;;140
1287;201500001423;15;12;11;730;3;1;1;1;6;762;;M;4886260.0;-88664.0;140
1288;201500001424;15;4;23;1645;1;1;3;1;2;27;;M;4900590.0;-61383.0;140
1289;201500001425;15;5;9;1530;1;1;2;1;3;129;;M;4894510.0;-93065.0;140
1290;201500001426;15;5;10;1100;1;1;1;1;3;443;;M;4894350.0;-75151.0;140
1291;201500001427;15;7;10;1700;1;1;1;1;3;618;;M;4891330.0;-90732.0;140
1292;201500001428;15;8;31;1245;1;1;1;2;3;27;;;;;140
1293;201500001429;15;9;21;1845;1;1;1;8;5;129;;;;;140
1294;201500001430;15;5;27;1900;1;1;3;1;3;629;;M;4900720.0;-88903.0;140
1295;201500001431;15;3;5;1130;1;2;3;7;6;174;;M;4885060.0;-55045.0;140
1296;201500001432;15;9;7;700;2;1;1;1;4;572;;;;;140
1297;201500001434;15;6;27;1515;1;1;1;1;3;658;;;;;140
1298;201500001435;15;7;27;2330;3;1;1;1;6;458;LES PONTS D'OUVE;M;4932090.0;-126493.0;500
1299;201500001437;15;11;1;1430;1;1;1;1;3;23;ROUTE DE BAUPTE;M;4930210.0;-133909.0;500
1300;201500001438;15;12;28;1500;1;2;1;1;6;468;PLACE DE LA VAUTERIE;M;4922010.0;-110227.0;500
1301;201500001440;15;8;18;1245;1;1;1;1;6;455;RUE DU PONT DE LA PIERRE;M;4919730.0;-102797.0;500
1302;201500001441;15;11;25;1845;3;1;2;3;3;446;HOTEL GODARD;M;4913010.0;-102644.0;500
1303;201500001442;15;1;11;1015;1;2;1;8;6;159;RUE DES TISSERANDS;M;4904550.0;-122147.0;500
1304;201500001444;15;4;4;1815;3;2;3;5;6;313;LA CROIX À LA MAIN;M;4902820.0;-114439.0;500
1305;201500001445;15;4;13;1630;1;2;1;1;6;637;ROUTE D'HAMBYE;M;4896020.0;-116767.0;500
1306;201500001446;15;5;23;1645;1;1;2;1;2;295;;M;4895680.0;-120077.0;500
1307;201500001448;15;7;3;1130;1;1;1;1;1;637;LA BRETONNIERE;M;4895910.0;-118682.0;500
1308;201500001449;15;8;18;1930;1;2;9;1;3;592;R ST PIERRE ET MIQUELON;M;4897240.0;-105953.0;500
1309;201500001452;15;7;1;1630;1;2;1;1;4;54;R DE SEVILLE;M;4873020.0;237125.0;940
1310;201500001453;15;7;3;750;1;2;1;1;4;54;AV DE L'UNION;M;4873500.0;236649.0;940
1311;201500001454;15;7;6;700;1;1;1;1;6;54;AV DE L'OUEST;M;4872940.0;235963.0;940
1312;201500001455;15;2;16;1000;1;1;2;1;3;444;LES CHAMPS;M;4904680.0;-96303.0;500
1313;201500001456;15;7;9;1010;1;2;1;1;2;54;PARKING P1;M;4872850.0;236703.0;940
1314;201500001457;15;7;11;2045;4;2;1;1;2;54;R DU MUSÉE;M;4873100.0;236967.0;940
1315;201500001458;15;7;19;2300;5;1;1;1;2;54;A106;M;4873540.0;236586.0;940
1316;201500001459;15;7;31;1530;1;2;1;1;6;54;AV DU SUD;M;4872820.0;236551.0;940
1317;201500001460;15;8;27;2025;5;1;1;3;7;54;AV DE PARIS;M;4873970.0;236432.0;940
1318;201500001461;15;8;29;1300;1;1;1;1;3;54;AV DE L'UNION;M;4873270.0;236197.0;940
1319;201500001463;15;9;15;1825;1;1;1;1;4;54;AV DE L'AEROPORT;M;4873500.0;236556.0;940
1320;201500001464;15;9;17;840;1;2;2;1;1;54;DEVAUX/AMSERTAM;M;4873910.0;236966.0;940
1321;201500001465;15;10;22;1200;1;2;1;2;3;54;2  AV DU MARECHAL DEVAUX;M;4874280.0;236942.0;940
1322;201500001466;15;4;10;730;2;1;1;7;6;32;LA HOUESLIERE;M;4909700.0;-102674.0;500
1323;201500001467;15;6;24;815;1;2;1;1;1;601;ROUTE DE ST LO;M;4904180.0;-98642.0;500
1324;201500001468;15;9;28;1845;1;1;2;1;3;224;LES HAIES;M;4899850.0;-93327.0;500
1325;201500001469;15;11;5;2140;5;2;1;8;4;54;AV DE L'OUEST;M;4872870.0;236563.0;940
1326;201500001470;15;12;26;548;2;2;1;1;6;54;R MARCEL ALBERT;M;4873870.0;236512.0;940
1327;201500001471;15;12;14;2000;5;2;1;1;6;54;R DES TRANSPORTEURS;M;4872850.0;235994.0;940
1328;201500001472;15;9;11;1800;1;2;3;1;3;616;R DES MARES/BD PASTEUR;M;4867790.0;-136126.0;500
1329;201500001473;15;10;9;1100;1;1;1;1;6;406;LA LANSONNIERE;M;4871860.0;-132560.0;500
1330;201500001474;15;10;29;1945;3;1;1;2;6;612;LA VAQUERIE;M;4867180.0;-141252.0;500
1331;201500001475;15;11;17;1745;3;2;1;1;6;516;BOULEVARD DES VANIERS;M;4867490.0;-135456.0;500
1332;201500001476;15;11;19;1815;1;2;1;1;7;25;RUE DU GENERAL DE GAULLE;M;4868760.0;-136516.0;500
1333;201500001477;15;12;18;730;3;1;1;8;6;288;L'ENCLOS;M;4868030.0;-139477.0;500
1334;201500001478;15;1;17;1530;1;1;9;1;6;281;RUE SAINT JACQUES;M;4879370.0;-139908.0;500
1335;201500001480;15;4;5;645;2;1;6;1;6;565;;M;4875060.0;-147089.0;500
1336;201500001481;15;4;21;2100;1;1;1;1;6;541;LES PAS;M;4883670.0;-147501.0;500
1337;201500001482;15;5;3;1930;1;1;1;8;3;247;VILLAGE LE MESLIER;M;4880700.0;-140156.0;500
1338;201500001483;15;6;27;1815;1;1;6;1;3;38;LE SCION;M;4883360.0;-138020.0;500
1339;201500001484;15;7;10;1145;1;1;1;1;1;66;ROUTE DU BOISLEREY;M;4877560.0;-154683.0;500
1340;201500001485;15;8;4;1745;1;2;1;1;6;167;RUE DES FORGES;M;4871150.0;-149693.0;500
1341;201500001487;15;9;2;2100;2;1;1;1;3;447;LA HUBERDIERE;M;4879850.0;-152158.0;500
1342;201500001488;15;9;12;215;3;1;1;1;6;276;LE HAUT PONT FOULT;M;4874510.0;-141325.0;500
1343;201500001489;15;9;20;345;3;1;1;1;7;406;LE PARC;M;4875830.0;-129045.0;500
1344;201500001490;15;11;10;745;2;1;1;8;5;361;LES GOSNEELS;M;4876730.0;-136396.0;500
1345;201500001491;15;11;28;1400;1;1;2;1;3;276;LA CROIX DU GROS CHENE;M;4874850.0;-140631.0;500
1346;201500001492;15;2;28;1900;3;1;1;3;6;168;LE CLOS LEGER;M;4861660.0;-126685.0;500
1347;201500001493;15;3;19;900;1;1;1;1;1;410;ROUTE DU MT SAINT MICHEL;M;4860530.0;-151122.0;500
1348;201500001494;15;5;29;1645;1;1;2;1;6;630;LA CROIX AUX PRETRES;M;4852940.0;-139480.0;500
1349;201500001495;15;8;12;2145;5;2;1;8;2;146;LE BOURG;M;4862810.0;-140926.0;500
1350;201500001497;15;4;10;2045;2;1;1;2;1;74;LE PONT DE PIERRE;M;4871460.0;-117902.0;500
1351;201500001498;15;6;10;1800;1;1;3;1;2;74;LE PONT ROULLAND;M;4872210.0;-115071.0;500
1352;201500001500;15;8;15;1715;1;2;1;1;6;118;;M;4883370.0;-131946.0;500
1353;201500001501;15;8;25;900;1;1;1;2;1;525;L'AUBRIERE;M;4876440.0;-100625.0;500
1354;201500001502;15;9;28;1745;1;1;2;7;3;453;AV EMILE LECHARPENTIER;M;4883180.0;-117251.0;500
1355;201500001503;15;12;24;1230;1;2;2;3;3;453;;M;4884830.0;-120893.0;500
1356;201500001504;15;1;11;1030;1;1;1;7;5;41;LE CHATEAU;M;4967090.0;-185410.0;500
1357;201500001505;15;5;5;645;1;1;2;2;3;1;ROUTE DES PELLES;M;4960100.0;-174500.0;500
1358;201500001506;15;6;30;1315;1;2;1;1;1;643;ROUTE DE LES PIEUX;M;4956550.0;-173259.0;500
1359;201500001507;15;2;11;1415;1;2;1;1;3;369;LE BOURG;M;4948990.0;-154781.0;500
1360;201500001508;15;7;20;2045;1;1;1;2;3;418;;M;4949510.0;-167094.0;500
1361;201500001509;15;7;24;1500;1;2;1;3;6;402;ROND POINT DE LA MAIRIE;M;4951330.0;-180833.0;500
1362;201500001510;15;8;4;1115;1;2;1;1;6;31;PLACE DE LA MAIRIE;M;4938210.0;-175576.0;500
1363;201500001511;15;10;25;1300;1;2;3;1;1;184;ROUTE DU CHATEAU;M;4952820.0;-187362.0;500
1364;201500001512;15;11;30;1200;1;2;1;6;6;82;ROUTE DE BARNEVILLE;M;4946650.0;-163739.0;500
1365;201500001513;15;5;18;1900;1;2;7;1;6;400;PLACE DU GENERAL DE GAUL;M;4937910.0;-142185.0;500
1366;201500001514;15;6;29;2230;1;1;1;1;6;509;LA VIENVILLE;M;4939980.0;-120041.0;500
1367;201500001515;15;1;14;915;1;1;1;8;6;595;ROUTE DE SAINT PIERRE;M;4960330.0;-147076.0;500
1368;201500001516;15;2;28;515;3;1;1;8;7;150;LE LASNIER;M;4955030.0;-131855.0;500
1369;201500001517;15;5;20;2015;1;1;1;1;3;615;LE GENESTEL;M;4949720.0;-146004.0;500
1370;201500001518;15;6;2;800;1;2;1;2;6;615;BOULEVARD FELIX BUHOT;M;4951010.0;-147457.0;500
1371;201500001519;15;9;17;1900;1;1;1;1;5;87;HAMEAU AUX PETITS;M;4955890.0;-163001.0;500
1372;201500001520;15;11;10;1315;1;1;1;1;6;196;;M;4968480.0;-128207.0;500
1373;201500001521;15;12;12;1215;1;1;1;1;1;588;LE MONT VALOGNES;M;4954640.0;-149017.0;500
1374;201500001522;15;12;22;1930;3;1;1;6;2;395;;M;4961020.0;-129270.0;500
1375;201500001523;15;1;30;945;1;1;1;4;6;345;ROUTE DE PERIERS;M;4909880.0;-141725.0;500
1376;201500001525;15;6;20;1;3;1;1;1;7;58;RUE DU SENEQUET;M;4908000.0;-158704.0;500
1377;201500001526;15;8;7;300;3;1;1;1;7;111;;M;4903120.0;-128056.0;500
1378;201500001527;15;11;8;615;3;1;1;1;6;58;LA CLERQUERIE;M;4908280.0;-153844.0;500
1379;201500001528;15;11;12;1915;5;2;3;1;1;111;LE BOURG;M;4902600.0;-128354.0;500
1380;201500001529;15;12;13;1900;3;2;4;1;6;389;LES FORGES DURAND;M;4901790.0;-139205.0;500
1381;201500001530;15;2;3;1330;1;1;2;1;3;266;HOTEL AU GENDRE;M;4892400.0;-141587.0;500
1382;201500001532;15;5;13;1215;1;1;3;1;3;255;;M;4899420.0;-146388.0;500
1383;201500001533;15;5;16;1715;1;2;1;1;1;76;RUE BRISELANCE;M;4889960.0;-150928.0;500
1384;201500001534;15;7;16;2330;3;1;1;1;6;252;LE BULOT;M;4886950.0;-144117.0;500
1385;201500001535;15;8;6;900;1;1;1;2;6;252;LE CASTILLON;M;4888530.0;-147385.0;500
1386;201500001536;15;9;1;1845;1;1;1;7;6;388;RUE DES FORGES;M;4899860.0;-145979.0;500
1387;201500001537;15;9;16;1100;1;1;2;1;3;626;LA GAULERIE;M;4889640.0;-137868.0;500
1388;201500001538;15;10;4;1615;1;1;1;1;5;197;;M;4890950.0;-133363.0;500
1389;201500001539;15;10;16;900;1;2;2;2;3;252;RUE DE  LA LIBERATION;M;4886950.0;-143093.0;500
1390;201500001540;15;11;22;500;3;1;1;1;6;549;ROUTE DU BOCAGE;M;4883630.0;-144383.0;500
1391;201500001541;15;11;26;1945;5;1;1;1;6;231;;M;4897620.0;-156141.0;500
1392;201500001542;15;12;3;1315;1;1;9;1;1;255;RUE DE LA SIENNE;M;4899110.0;-146739.0;500
1393;201500001543;15;12;9;1045;1;1;1;1;5;109;LA PARONNE;M;4891140.0;-145036.0;500
1394;201500001544;15;4;12;1400;1;1;2;1;3;364;;M;4912210.0;-148915.0;500
1395;201500001545;15;1;24;445;5;2;6;3;6;267;;M;4921220.0;-152871.0;500
1396;201500001546;15;2;27;2145;2;1;3;1;6;267;;M;4920920.0;-150090.0;500
1397;201500001547;15;4;19;1215;1;1;1;1;7;415;;M;4931510.0;-147118.0;500
1398;201500001548;15;4;23;1645;1;1;2;1;3;328;LA BAILHACHERIE;M;4920570.0;-143668.0;500
1399;201500001549;15;5;9;1730;1;2;2;1;3;403;R. FERDINAND DESPLANQUES;M;4916720.0;-159673.0;500
1400;201500001550;15;7;4;2145;1;1;1;1;6;181;L'ANTILLERE;M;4914190.0;-133357.0;500
1401;201500001551;15;7;4;2000;1;1;1;1;6;528;LES CLOUTIERS;M;4931530.0;-157964.0;500
1402;201500001552;15;7;10;730;2;1;1;1;6;343;LA HURIE;M;4928570.0;-159607.0;500
1403;201500001553;15;10;14;945;2;1;1;1;6;550;LE HAUT BOURG;M;4912410.0;-141450.0;500
1404;201500001554;15;11;20;1730;2;2;1;1;3;558;AV DES COTES DES ISLES;M;4929380.0;-155473.0;500
1405;201500001555;15;1;26;1015;1;2;2;2;3;582;ROUTE DE CLERISSON;M;4872390.0;-93017.0;500
1406;201500001557;15;2;3;600;5;2;1;1;6;494;;M;4860820.0;-90841.0;500
1407;201500001559;15;5;18;815;1;1;1;1;6;494;LA MARETTE;M;4860170.0;-90303.0;500
1408;201500001561;15;2;2;1145;1;1;1;1;4;274;;M;4856480.0;-109484.0;500
1409;201500001562;15;2;24;2030;3;1;2;1;3;256;;M;4859430.0;-123061.0;500
1410;201500001563;15;1;11;1908;5;2;1;1;6;53;23, CHALLES (ALLEE);M;4621083.0;523659.0;10
1411;201500001564;15;1;14;1425;1;1;1;1;1;451;RD1083;M;4624581.0;527021.0;10
1412;201500001565;15;3;25;1535;1;2;7;2;6;53;1, BIBLIOTHEQUE ( RUE DE;M;4620639.0;522690.0;10
1413;201500001566;15;1;17;1455;1;2;1;1;6;53;14, CHALLES (ALLEE);M;4620616.0;523014.0;10
1414;201500001567;15;4;4;1735;1;2;3;2;1;53;0, MOUTHIER ( RUE LOUIS);M;4618488.0;523802.0;10
1415;201500001568;15;1;19;1640;2;2;3;2;6;53;1 ECOLE NORMALE (RUE DE);M;4619597.0;521665.0;10
1416;201500001569;15;4;7;640;2;2;1;1;3;53;110, BROU ( BD N?68 A 18;M;4620080.0;523278.0;10
1417;201500001570;15;1;19;1745;5;2;1;2;6;53;18, LALANDE ( RUE);M;4620372.0;522332.0;10
1418;201500001571;15;4;9;910;1;2;2;7;6;53;HUGO ( BD VICTOR) PAIR;;;;10
1419;201500001572;15;1;21;715;5;2;1;2;6;53;AVENUE DE LYON;M;4619296.0;521327.0;10
1420;201500001573;15;4;10;1344;1;2;1;1;6;53;SEMARD ( AVENUE PIERRE);M;4619771.0;521624.0;10
1421;201500001574;15;1;26;1220;1;2;1;2;6;53;8 MAI 1945 ( BD DU);M;4619516.0;523004.0;10
1422;201500001575;15;4;10;1410;1;2;6;1;3;451;PARIS (ROUTE DE);;;;10
1423;201500001576;15;1;31;830;1;2;6;2;3;53;TERRASSON ( RUE PIERRE);M;4619011.0;522960.0;10
1424;201500001577;15;4;14;1455;1;2;1;1;6;289;923, LYON ( AVE DE) A PA;;;;10