;Num_Acc;an;mois;jour;hrmn;lum;agg;int;atm;col;com;adr;gps;lat;long;dep
1425;201500001578;15;2;3;805;2;2;2;5;6;53;HUCHET ( BOULEVARD EMILE;M;4619541.0;522524.0;10
1426;201500001579;15;4;15;1700;1;2;1;1;3;53;11, JOLIOT CURIE ( BOULE;;;;10
1427;201500001580;15;2;3;655;2;1;9;8;6;53;MERCIER (AVENUE AMEDEE D;;;;10
1428;201500001581;15;4;17;1230;1;2;1;1;6;53;05, JOLIOT CURIE ( BOULE;;;;10
1429;201500001582;15;2;4;725;5;2;3;1;6;53;HERRIOT ( BOULEVARD EDOU;;;;10
1430;201500001583;15;4;18;1730;1;2;1;1;7;53;1, DE GAULLE ( BD GAL) I;M;4619995.0;524117.0;10
1431;201500001584;15;2;12;1350;1;2;1;1;1;53;Ave ARSENE D'ARSONVAL;M;4621611.0;522045.0;10
1432;201500001585;15;4;21;1610;1;1;2;1;3;344;snr, DOMBES (AVENUE DE L;;;;10
1433;201500001586;15;4;21;1225;1;2;6;1;3;53;SANS, POMPIDOU ( ROND PO;M;4620741.0;522893.0;10
1434;201500001587;15;2;16;830;1;1;1;5;1;451;Route de Meillonnas;;;;10
1435;201500001588;15;2;20;1910;5;2;9;1;6;53;18, MAGINOT ( AVENUE ) D;;;;10
1436;201500001589;15;4;28;937;1;2;9;1;6;53;55, LOEZE ( RUE DE );M;4620198.0;524858.0;10
1437;201500001590;15;4;28;1200;1;2;3;1;1;53;sans, HERRIOT ( BOULEVAR;;;;10
1438;201500001591;15;2;25;1420;1;1;1;1;4;451;PARIS (ROUTE DE);M;4622629.0;520532.0;10
1439;201500001592;15;3;2;1720;2;2;4;1;3;451;SOURCE (RUE DE LA);M;4621485.0;521260.0;10
1440;201500001593;15;5;5;1300;1;2;2;1;3;53;SANS, LEVRIER ( BD ANDRE;M;4620969.0;523015.0;10
1441;201500001594;15;3;3;1235;1;2;2;1;3;53;0, KENNEDY BVD J  - IMPA;;;;10
1442;201500001595;15;5;11;2315;5;2;2;1;3;53;snr, BROU ( BD N°68 A 18;M;4620206.0;523175.0;10
1443;201500001596;15;3;9;1200;1;2;2;1;3;53;ALBERT 1ER (RUE);M;4620666.0;523309.0;10
1444;201500001597;15;5;26;1710;1;2;2;1;6;53;12, SEMARD ( AVENUE PIER;M;4620020.0;521545.0;10
1445;201500001598;15;3;10;805;1;2;1;1;5;344;TREVOUX (AVENUE DE);;;;10
1446;201500001599;15;5;29;1350;1;2;2;1;3;53;2 TER, BERT (AVENUE PAUL;M;4620195.0;522072.0;10
1447;201500001600;15;3;17;720;1;1;2;1;3;451;SANS, GREFFETS ( ROUTE D;M;4624992.0;520585.0;10
1448;201500001601;15;6;2;810;1;2;1;1;2;53;4, LITTRE ( RUE);M;4620286.0;522836.0;10
1449;201500001602;15;1;26;1530;1;1;1;2;1;394;;M;4829151.0;58735.0;610
1450;201500001603;15;6;3;1315;1;2;1;1;6;344;47, MONTBELIARDE (RUE DE;M;4621459.0;520387.0;10
1451;201500001604;15;6;8;1725;1;2;3;1;6;53;10, HUGO ( BD VICTOR) PA;M;0.0;0.0;10
1452;201500001605;15;6;13;1945;1;2;1;1;2;344;338, CHARPINE (RUE DE LA;M;4619786.0;520338.0;10
1453;201500001606;15;6;24;1425;1;2;2;1;3;53;KENNEDY BVD J  - IMPAIR;M;0.0;0.0;10
1454;201500001607;15;6;26;740;1;1;1;1;5;451;STRASBOURG (ROUTE DE);;;;10
1455;201500001608;15;6;26;1048;1;1;2;1;3;53;SEILLON ( ROUTE DE);M;4617666.0;523423.0;10
1456;201500001609;15;7;1;1245;1;2;6;7;3;53;12, PAQUERETTES ( CHEMIN;M;4621760.0;522767.0;10
1457;201500001610;15;7;2;1635;1;1;3;1;3;53;MONTHOLON (RUE) IMPAIR;M;4619890.0;521049.0;10
1458;201500001611;15;7;6;1910;1;2;1;1;6;53;5, CLAVAGRY ( RUE);M;4620418.0;522411.0;10
1459;201500001613;15;7;18;945;1;2;6;1;6;53;2 av du champ de foire;M;4620740.0;522914.0;10
1460;201500001615;15;7;23;2315;5;2;2;1;3;451;436, GELIERE ( CHEMIN DE;M;4624410.0;521939.0;10
1461;201500001616;15;8;2;1330;1;2;3;1;6;53;snr, CROIX BLANCHE ( RUE;M;4621034.0;525867.0;10
1462;201500001617;15;8;4;1545;1;1;2;1;3;289;SANS, FORET DE SEILLON (;M;0.0;0.0;10
1463;201500001618;15;8;28;1335;1;2;5;1;6;53;snr, KENNEDY BVD J  - IM;M;0.0;0.0;10
1464;201500001619;15;8;29;900;1;1;3;1;2;289;snr, SAINT ROCH (CHEMIN;M;4619303.0;522361.0;10
1465;201500001620;15;9;4;1830;1;1;2;1;3;451;STRASBOURG (ROUTE DE);M;0.0;0.0;10
1466;201500001621;15;9;16;925;1;1;1;2;7;53;LAC ( route du );M;4619224.0;527112.0;10
1467;201500001622;15;9;16;1245;1;2;2;1;3;53;SNR, ALSACE LORRAINE (AV;M;4620410.0;522417.0;10
1468;201500001623;15;9;19;2055;5;2;6;2;3;53;snr, SAINT ROCH (RUE);M;4619360.0;522508.0;10
1469;201500001624;15;9;22;735;1;1;1;1;7;53;snr, LAC ( route du );M;4619222.0;527100.0;10
1470;201500001625;15;9;23;1122;1;2;5;8;3;53;sans, KENNEDY BVD J  - P;M;0.0;0.0;10
1471;201500001626;15;9;28;1710;1;2;2;1;6;53;245, HUIT MAI 1945 ( BD;M;4619560.0;523690.0;10
1472;201500001627;15;9;29;1744;1;2;1;1;3;53;18, MONTESQUIEU (RUE);M;4618933.0;522715.0;10
1473;201500001628;15;10;1;1720;1;2;2;1;5;53;MERCIER (AVENUE AMEDEE D;;;;10
1474;201500001629;15;10;2;800;1;2;2;1;2;53;11, MAGINOT ( AVENUE ) D;M;4620795.0;522759.0;10
1475;201500001630;15;10;7;2220;5;2;2;2;3;53;VERNE (AVENUE JEAN MARIE;M;4619543.0;522519.0;10
1476;201500001631;15;10;9;2135;5;2;1;1;2;53;55, JAURES (AVENUE JEAN;M;4619770.0;521675.0;10
1477;201500001632;15;10;10;1005;1;2;3;5;6;53;TEYSSONNIERE ( RUE DU CO;M;4619690.0;521461.0;10
1478;201500001633;15;10;15;1410;1;2;6;2;2;53;MARBOZ (route de - PAIRS;M;4622840.0;522936.0;10
1479;201500001634;15;10;21;1409;1;1;3;1;3;344;SANS, TREVOUX (AVENUE DE;M;4619840.0;517531.0;10
1480;201500001635;15;10;25;1425;1;2;9;1;3;53;SEMARD (AVENUE PIERRE);M;4620052.0;521534.0;10
1481;201500001636;15;11;3;1905;5;2;3;1;3;53;47, MAGINOT AVENUE ) DE;M;4621056.0;522275.0;10
1482;201500001637;15;11;6;1455;1;1;2;1;3;289;snr, BOULEAUX ( CHEMIN D;M;4617672.0;523421.0;10
1483;201500001638;15;11;7;1930;5;2;5;1;2;53;SANS, JOLIOT CURIE ( BOU;M;4620799.0;523588.0;10
1484;201500001639;15;11;22;1450;1;2;6;8;3;53;bd Paul Valery;M;4619510.0;522951.0;10
1485;201500001640;15;11;25;1720;5;2;6;3;6;53;64, MERCIER (AVENUE AMED;M;4620274.0;524511.0;10
1486;201500001641;15;12;11;1838;5;2;3;1;3;53;04, CHAMP DE FOIRE ( AVE;M;4620710.0;522983.0;10
1487;201500001643;15;12;16;1035;1;2;2;1;3;53;ROBIN (RUE CHARLES);;;;10
1488;201500001644;15;12;22;2340;5;2;1;1;7;53;VERNE (AVENUE JEAN MARIE;M;4619714.0;522554.0;10
1489;201500001645;15;9;28;1545;1;2;1;1;1;382;;M;4845795.0;-6074.0;610
1490;201500001646;15;11;6;1215;1;1;1;2;1;213;;M;4847516.0;-11831.0;610
1491;201500001647;15;1;6;1800;3;1;1;5;1;284;;M;4860119.0;31826.0;610
1492;201500001648;15;1;13;600;3;1;1;1;1;249;;M;4865386.0;3949.0;610
1493;201500001649;15;1;26;1445;1;1;1;1;6;294;;M;4863519.0;8027.0;610
1494;201500001650;15;3;8;2030;3;1;1;1;1;412;;M;4847989.0;39225.0;610
1495;201500001651;15;3;27;1730;1;2;4;1;6;156;Carrefour D42 et D326;M;4854120.0;24643.0;610
1496;201500001652;15;5;6;830;1;2;1;2;4;464;8 rue du 8 mai 1945;M;4859552.0;17049.0;610
1497;201500001653;15;8;1;1000;1;1;4;1;3;249;;M;4865983.0;2469.0;610
1498;201500001654;15;8;16;1745;1;1;1;1;6;258;;M;4850689.0;37890.0;610
1499;201500001655;15;9;20;1930;1;1;2;1;3;166;;M;4863735.0;41051.0;610
1500;201500001656;15;11;23;1015;1;1;3;1;3;481;;M;4863296.0;39655.0;610
1501;201500001657;15;12;14;1430;1;1;1;1;7;415;;M;4850783.0;32788.0;610
1502;201500001658;15;1;5;1915;3;1;1;5;1;283;;M;4880027.0;-9908.0;610
1503;201500001659;15;2;15;600;3;1;1;5;7;474;;M;4877639.0;7002.0;610
1504;201500001661;15;7;9;1645;1;1;1;1;6;344;;M;4863062.0;-21613.0;610
1505;201500001662;15;8;13;1915;1;1;1;2;1;339;;M;4877279.0;-24908.0;610
1506;201500001663;15;9;23;1745;1;1;2;1;3;199;;M;4878631.0;16158.0;610
1507;201500001664;15;9;16;1330;1;1;1;1;6;83;;M;4880212.0;12239.0;610
1508;201500001666;15;2;7;1830;2;1;2;1;3;108;;M;4879593.0;35916.0;610
1509;201500001667;15;2;10;1745;3;1;1;1;7;310;;M;4868603.0;21146.0;610
1510;201500001668;15;4;26;1915;2;1;1;3;7;493;;M;4881809.0;36818.0;610
1511;201500001669;15;5;9;845;1;1;1;1;1;103;;M;4882902.0;33399.0;610
1512;201500001671;15;7;12;1200;1;1;2;1;2;385;;M;4879472.0;34433.0;610
1513;201500001672;15;9;5;1900;1;1;1;3;6;110;;M;4872558.0;17404.0;610
1514;201500001673;15;10;8;1200;1;2;1;1;1;508;10 Avenue des Canadiens;M;4892138.0;19925.0;610
1515;201500001674;15;5;9;1815;1;1;1;1;7;201;;M;4861047.0;-63094.0;610
1516;201500001675;15;6;9;645;1;1;2;1;1;421;;M;4854562.0;-71017.0;610
1517;201500001676;15;9;22;2015;3;1;1;1;2;369;;M;4866043.0;-60656.0;610
1518;201500001677;15;9;28;1815;1;2;1;7;6;145;Rue de la gare;M;4859058.0;-65817.0;610
1519;201500001678;15;10;26;1800;2;1;3;1;5;75;;M;4851489.0;-64194.0;610
1520;201500001679;15;11;6;1945;3;2;3;2;3;163;La Collinière;M;4866182.0;-5135.0;610
1521;201500001680;15;12;6;1415;1;1;2;8;1;75;;M;4847465.0;-62542.0;610
1522;201500001681;15;12;21;1345;1;1;1;1;5;369;;M;4864859.0;-61932.0;610
1523;201500001682;15;12;26;1630;2;2;3;1;1;163;RUE DE BRIOUZE;M;4866472.0;-51595.0;610
1524;201500001683;15;3;22;1500;1;1;1;1;6;463;;M;4862746.0;-42775.0;610
1525;201500001684;15;4;1;1015;1;2;2;8;3;168;;M;4859030.0;-35938.0;610
1526;201500001685;15;7;10;1315;1;2;3;1;3;63;grande rue;M;4869722.0;-36888.0;610
1527;201500001686;15;7;20;1630;1;1;1;1;1;96;;M;4853097.0;-46244.0;610
1528;201500001687;15;8;10;815;1;2;2;1;6;168;D 916;M;4859131.0;-36628.0;610
1529;201500001689;15;10;14;1830;2;2;1;2;6;431;16 rue de la forge;M;4858399.0;-41679.0;610
1530;201500001690;15;11;23;845;1;1;2;1;3;463;;M;4863546.0;-39352.0;610
1531;201500001691;15;11;24;1045;2;1;5;2;3;168;;M;4856148.0;-39562.0;610
1532;201500001692;15;12;31;1415;1;2;1;1;3;94;28 Rue des brousses;M;4870527.0;-58637.0;610
1533;201500001694;15;3;8;30;3;1;1;1;7;513;;M;4871369.0;-77344.0;610
1534;201500001695;15;6;5;1830;1;1;1;1;3;486;;M;4875412.0;-73432.0;610
1535;201500001696;15;6;30;1530;1;1;1;1;6;443;;M;4873512.0;-63935.0;610
1536;201500001697;15;9;24;1410;1;1;2;2;3;69;;M;4884470.0;-45030.0;610
1537;201500001699;15;10;31;2315;3;1;1;1;1;221;;M;4874405.0;-47446.0;610
1538;201500001700;15;12;17;1415;1;1;1;1;6;70;;M;4881274.0;-60123.0;610
1539;201500001701;15;12;30;1930;3;1;1;1;6;7;;M;4877383.0;-50960.0;610
1540;201500001702;15;3;5;1700;1;2;1;1;6;414;27 RUE DE LA POUDRIERE;M;4851351.0;54691.0;610
1541;201500001703;15;3;12;1315;1;1;1;1;1;97;;M;4847635.0;67031.0;610
1542;201500001704;15;5;26;1200;1;2;1;1;6;293;Rue Pierre Boucher;M;4852197.0;54543.0;610
1543;201500001705;15;6;22;1000;1;2;1;1;6;293;58 rue des déportés;M;4851817.0;54897.0;610
1544;201500001706;15;7;17;1845;1;1;1;1;2;438;;M;4859060.0;48175.0;610
1545;201500001707;15;7;28;1645;1;1;1;2;1;450;;M;4846614.0;41498.0;610
1546;201500001708;15;10;30;140;3;1;1;1;6;475;;M;4863910.0;58321.0;610
1547;201500001710;15;12;12;1845;3;1;1;1;6;229;;M;4851286.0;59782.0;610
1548;201500001711;15;7;12;615;2;1;1;1;6;246;;M;4826916.0;77149.0;610
1549;201500001712;15;9;19;1500;1;1;1;1;1;5;;M;4835658.0;55895.0;610
1550;201500001713;15;9;21;2330;3;1;1;3;6;426;;M;4835273.0;52247.0;610
1551;201500001714;15;12;17;1815;3;1;2;1;1;337;;M;4832839.0;73077.0;610
1552;201500001715;15;1;10;1900;5;2;6;2;6;457;RUE DE SAINT EVROULT;M;4878844.0;58239.0;610
1553;201500001716;15;4;29;1200;1;2;1;1;7;506;;M;4885814.0;45767.0;610
1554;201500001718;15;6;20;1815;1;1;1;1;7;456;;M;4877850.0;66269.0;610
1555;201500001719;15;8;8;2200;3;1;6;1;6;432;;M;4875916.0;67476.0;610
1556;201500001720;15;8;16;1200;1;2;6;1;3;456;Lieu-dit Anglures;M;4876105.0;64136.0;610
1557;201500001721;15;9;18;1700;1;1;1;2;7;440;;M;4872763.0;62145.0;610
1558;201500001722;15;10;9;1930;2;1;1;1;3;386;;M;4879234.0;44047.0;610
1559;201500001724;15;4;2;1700;1;1;1;1;1;491;;M;4859781.0;68341.0;610
1560;201500001725;15;7;9;2045;1;2;1;1;6;206;lieu-dit La Motte;M;4859673.0;72367.0;610
1561;201500001726;15;8;7;2015;1;2;8;1;3;116;RD 10;M;4838220.0;84746.0;610
1562;201500001727;15;8;8;330;3;1;1;1;7;230;;M;4853613.0;74011.0;610
1563;201500001728;15;8;19;1730;1;1;1;8;7;61;;M;4844188.0;88141.0;610
1564;201500001729;15;8;27;1645;1;1;1;3;1;343;;M;4863410.0;67920.0;610
1565;201500001730;15;11;2;1745;2;2;1;1;6;345;RUE DE MONTHUE;M;4842891.0;76646.0;610
1566;201500001731;15;1;15;800;3;2;1;3;6;172;RUE LOUIS ARMAND;M;4726390.0;-148762.0;440
1567;201500001732;15;3;27;700;1;2;3;1;3;172;71 rue Louis Gaudin;M;4725870.0;-148749.0;440
1568;201500001733;15;4;10;1;5;1;1;1;1;109;;M;4727100.0;-147728.0;440
1569;201500001734;15;11;21;1715;1;2;1;1;6;204;rue du saule blanc;M;4726510.0;-144243.0;440
1570;201500001735;15;9;18;1415;1;1;1;3;1;142;genicot;M;4704146.0;-141539.0;440
1571;201500001736;15;4;9;1545;1;1;1;1;3;26;;M;4728680.0;-144494.0;440
1572;201500001737;15;11;8;345;5;1;1;1;1;26;rue de la madeleine;M;4726700.0;-149500.0;440
1573;201500001738;15;11;24;1215;1;2;1;2;3;26;rue de chambord;M;4727640.0;-148222.0;440
1574;201500001739;15;1;30;2135;5;1;1;8;7;43;cours marches bretagne;M;4708331.0;-128484.0;440
1575;201500001740;15;2;11;1600;1;2;6;1;3;43;Route de St Hilaire;M;4708700.0;-128700.0;440
1576;201500001741;15;3;6;2100;3;1;1;1;6;127;La basse sauvagère;M;0.0;0.0;440
1577;201500001742;15;3;20;1545;1;1;1;2;1;142;la chalénie;M;4702912.0;-140515.0;440
1578;201500001743;15;4;16;1645;1;2;3;1;3;43;route de gorges;M;4709800.0;-128900.0;440
1579;201500001744;15;5;6;2000;2;2;1;1;7;100;32 rue de la mairie;M;4712962.0;-135351.0;440
1580;201500001746;15;5;16;800;3;1;1;1;6;22;;M;4704570.0;-112285.0;440
1581;201500001747;15;7;6;745;1;1;1;7;1;22;la moussaudière;M;4704286.0;-116872.0;440
1582;201500001748;15;9;19;2030;2;1;1;1;2;100;;M;4710974.0;-133871.0;440
1583;201500001749;15;10;21;915;1;2;1;1;6;2;;M;4707669.0;-140052.0;440
1584;201500001750;15;1;3;945;1;1;1;2;1;155;La roussière;M;4701582.0;-158875.0;440
1585;201500001751;15;1;9;700;3;1;1;3;6;188;;M;4703900.0;-165600.0;440
1586;201500001752;15;2;1;1345;1;1;1;1;2;81;la nouette;M;4691800.0;-154800.0;440
1587;201500001753;15;2;6;1830;3;1;1;1;6;188;les grolles;M;4705900.0;-157400.0;440
1588;201500001754;15;1;13;1015;1;2;1;2;6;206;rue du general charette;M;4690300.0;-167600.0;440
1589;201500001755;15;3;18;1845;2;1;2;1;3;174;beausoleil;M;4704807.0;-172800.0;440
1590;201500001757;15;8;21;2015;1;1;1;1;1;188;le maupas;M;4700740.0;-165695.0;440
1591;201500001758;15;1;5;800;1;1;2;1;1;32;Les gautronnières;M;4716596.0;-134151.0;440
1592;201500001759;15;5;17;900;1;1;2;1;1;212;la debaudière;M;4714429.0;-125198.0;440
1593;201500001760;15;7;23;1430;1;1;1;1;6;212;;M;4715499.0;-125765.0;440
1594;201500001762;15;7;27;1100;1;1;1;1;1;141;l'énaudière;M;4724590.0;-126115.0;440
1595;201500001763;15;9;5;1530;1;1;1;1;3;29;le chapitre;M;4727300.0;-133100.0;440
1596;201500001764;15;9;24;1545;1;2;1;1;6;108;route de la vendée;M;4713819.0;-128236.0;440
1597;201500001765;15;9;27;1300;1;1;1;1;1;212;la chevalerie;M;4717476.0;-127866.0;440
1598;201500001766;15;7;15;1800;1;2;2;7;3;198;intersection D115 N137;M;4714039.0;-152112.0;440
1599;201500001767;15;10;3;1700;1;1;1;1;1;198;rue de nantes;M;4715150.0;-153448.0;440
1600;201500001768;15;10;17;1800;1;2;1;1;6;215;BOULEVARD LUC DEJOIE;M;4716900.0;-145780.0;440
1601;201500001769;15;11;7;1045;1;1;1;1;2;215;rte de la haye fouassièr;M;4716220.0;-144445.0;440
1602;201500001771;15;11;23;1945;5;2;1;1;3;215;BOULEVARD DE L EUROPE;M;4716886.0;-146620.0;440
1603;201500001772;15;12;23;1745;3;1;1;1;5;37;;M;0.0;0.0;440
1604;201500001773;15;9;20;1830;1;1;1;1;1;77;la ribaudière;M;4749338.0;-142481.0;440
1605;201500001774;15;6;8;700;2;1;1;1;1;96;le bois rution;M;4740786.0;-121832.0;440
1606;201500001775;15;7;12;1900;1;1;1;1;1;17;la chaise;M;4751263.0;-120591.0;440
1607;201500001776;15;9;8;1215;1;2;2;1;5;3;BD Jules Verne;M;4738279.0;-117919.0;440
1608;201500001777;15;10;2;845;1;1;1;1;1;180;4 rue de la charlotte;M;4752528.0;-118028.0;440
1609;201500001778;15;11;4;745;2;1;3;2;4;96;le pont esnault;M;4742108.0;-129567.0;440
1610;201500001780;15;12;31;1345;1;1;1;1;6;4;;M;0.0;0.0;440
1611;201500001781;15;12;23;2145;3;1;1;1;1;117;;M;4713500.0;-132700.0;440
1612;201500001782;15;4;10;1830;1;1;1;8;7;77;la malmandière;M;4751813.0;-138212.0;440
1613;201500001783;15;6;1;1715;1;1;1;1;1;82;la bizetterie;M;4742484.0;-136476.0;440
1614;201500001784;15;6;11;1500;1;1;2;1;3;28;la babonnière;M;4733814.0;-134172.0;440
1615;201500001785;15;8;2;1715;1;2;1;1;6;82;300 rue des Lilas;M;4741139.0;-137095.0;440
1616;201500001786;15;10;5;1400;1;1;1;2;1;77;ste marie;M;4748130.0;-144817.0;440
1617;201500001787;15;4;11;1000;1;1;1;1;7;107;le boulay;M;4742753.0;-133983.0;440
1618;201500001788;15;1;6;815;3;1;3;1;7;153;;M;4771402.0;-148079.0;440
1619;201500001789;15;1;30;815;2;1;1;9;7;78;aire du calvaire;M;4768328.0;-118130.0;440
1620;201500001790;15;2;9;845;1;1;2;1;3;146;la plumarie;M;0.0;0.0;440
1621;201500001791;15;2;15;1900;5;2;1;1;6;36;rue du faubourg de béré;M;4772344.0;-138467.0;440
1622;201500001792;15;4;13;1345;1;2;6;1;3;36;Avenue du général Patton;M;4770608.0;-138416.0;440
1623;201500001793;15;5;6;2330;3;2;6;1;6;199;D771;M;4773939.0;-129777.0;440
1624;201500001794;15;6;14;1645;1;1;1;1;6;99;le pas hervé;M;4762039.0;-141373.0;440
1625;201500001795;15;6;22;1030;1;1;1;1;3;31;;M;4762985.0;-120504.0;440
1626;201500001796;15;9;6;530;3;1;1;1;2;54;le breil;M;4770019.0;-135142.0;440
1627;201500001797;15;9;17;730;1;2;1;1;3;36;rue 27 otages;M;4771942.0;-136274.0;440
1628;201500001798;15;12;22;1530;1;2;1;8;2;36;rue Alsace Lorraine;M;0.0;0.0;440
1629;201500001799;15;1;4;1245;1;1;1;8;6;67;Callac;M;4761547.0;-182156.0;440
1630;201500001801;15;5;17;1530;1;1;1;1;2;7;;M;4763826.0;-198891.0;440
1631;201500001802;15;5;18;915;1;1;1;1;1;15;la roziais;M;4747106.0;-173776.0;440
1632;201500001803;15;5;26;700;1;1;2;1;3;7;la clause;M;4764300.0;-197088.0;440
1633;201500001804;15;6;7;930;1;2;1;1;3;56;27 rue MALAQUET;M;4741066.0;-179487.0;440
1634;201500001805;15;6;8;1615;1;2;1;1;6;185;AVENUE JEAN BUREL;M;4764535.0;-207562.0;440
1635;201500001806;15;6;23;2130;2;1;1;1;1;15;le port d'o;M;4746857.0;-183713.0;440
1636;201500001808;15;7;10;1300;1;1;1;1;1;56;le retentais;M;0.0;0.0;440
1637;201500001809;15;7;31;1215;1;1;1;1;7;62;la maillardais;M;4752615.0;-176771.0;440
1638;201500001810;15;8;2;1615;1;1;2;1;3;23;Saint-Eloi;M;4741699.0;-189421.0;440
1639;201500001811;15;8;23;500;1;1;1;2;6;67;le port jarnier;M;4762859.0;-186957.0;440
1640;201500001812;15;9;5;1145;1;1;3;7;3;15;la desertais;M;4746099.0;-183327.0;440
1641;201500001814;15;10;9;1830;1;1;1;1;5;23;;M;4744857.0;-186413.0;440
1642;201500001815;15;10;16;1115;1;1;2;1;1;44;;M;4764312.0;-176787.0;440
1643;201500001816;15;11;10;15;5;2;1;1;6;185;rue des Chênes;M;0.0;0.0;440
1644;201500001817;15;11;9;1200;1;1;1;1;7;7;;M;0.0;0.0;440
1645;201500001818;15;12;7;430;5;1;6;9;7;185;;M;0.0;0.0;440
1646;201500001819;15;1;29;845;2;2;1;8;6;73;Rue de l'Ocean;M;4741377.0;-165335.0;440
1647;201500001820;15;2;4;430;3;1;1;1;6;122;la riotelière;M;4741896.0;-143708.0;440
1648;201500001821;15;2;14;1100;1;1;2;1;1;110;Le rondeau;M;4741826.0;-151967.0;440
1649;201500001822;15;3;17;1830;1;2;1;1;6;110;route d'héric;M;4743751.0;-150103.0;440
1650;201500001823;15;3;25;1545;1;1;1;1;1;122;marchanderie boudinière;M;4743034.0;-145824.0;440
1651;201500001824;15;5;12;745;1;1;3;1;1;179;la noe;M;4734947.0;-146491.0;440
1652;201500001825;15;5;20;330;3;1;1;1;6;179;beauchene;M;4735782.0;-145777.0;440
1653;201500001826;15;5;29;1900;1;1;1;1;1;27;la linière;M;4739459.0;-154475.0;440
1654;201500001827;15;10;2;2030;5;2;6;1;3;110;Quai Saint Georges;M;4743981.0;-149441.0;440
1655;201500001828;15;10;20;1945;3;1;1;1;2;73;l'écobut;M;4744768.0;-164539.0;440
1656;201500001829;15;11;1;545;3;1;1;1;7;73;la remaudais;M;4745007.0;-166546.0;440
1657;201500001830;15;12;2;1230;1;1;2;1;3;73;;M;0.0;0.0;440
1658;201500001831;15;12;23;1845;5;2;1;1;6;110;Boulevard Paul Doumer;M;0.0;0.0;440
1659;201500001832;15;12;26;1930;3;1;2;1;3;73;;M;0.0;0.0;440
1660;201500001833;15;2;17;2315;3;1;1;1;6;113;;M;4756214.0;-158675.0;440
1661;201500001834;15;4;26;1630;1;1;1;1;6;113;Le petit perray;M;4755519.0;-161559.0;440
1662;201500001835;15;2;5;800;5;2;1;1;6;18;rue de Pornic;M;4714391.0;-169352.0;440
1663;201500001836;15;3;21;15;1;1;1;1;1;39;;M;4718702.0;-180283.0;440
1664;201500001837;15;4;12;1445;1;1;1;1;7;171;la chausserie;M;4714920.0;-169906.0;440
1665;201500001838;15;5;17;1600;1;1;1;1;2;130;la malabrit;M;4710944.0;-154267.0;440
1666;201500001839;15;7;16;1900;1;1;1;1;3;150;rte de la groizonnerie;M;4713100.0;-162312.0;440
1667;201500001840;15;8;11;1630;1;1;1;2;7;130;;M;4714273.0;-157212.0;440
1668;201500001842;15;9;12;1730;3;1;1;1;6;130;rue des trois moulins;M;4714953.0;-156133.0;440
1669;201500001843;15;9;22;815;1;1;1;2;3;18;;M;4714860.0;-164149.0;440
1670;201500001844;15;10;26;130;5;1;1;2;6;130;la bauche tue loup;M;4713876.0;-155202.0;440
1671;201500001845;15;11;23;1730;2;2;1;1;6;130;Rue de Nantes - D65;M;0.0;0.0;440
1672;201500001848;15;6;6;2000;1;1;1;1;6;131;la gauvinière;M;4712069.0;-215750.0;440
1673;201500001849;15;8;20;1145;1;1;1;1;3;164;noyeux;M;4707600.0;-188500.0;440
1674;201500001850;15;9;27;930;1;1;1;1;2;126;chantepie;M;4713315.0;-216434.0;440
1675;201500001851;15;9;27;1800;1;1;1;1;3;131;;M;4710924.0;-204815.0;440
1676;201500001852;15;10;5;945;1;1;1;1;1;40;;M;4712502.0;-192406.0;440
1677;201500001853;15;10;6;1200;1;1;2;2;1;164;la carrouère;M;4707449.0;-188965.0;440
1678;201500001854;15;10;17;2245;3;1;1;1;1;164;;M;4708405.0;-185948.0;440
1679;201500001855;15;12;2;815;2;1;1;1;1;131;;M;0.0;0.0;440
1680;201500001856;15;1;12;745;5;2;1;1;3;116;Boulevard Dumesnildot;M;4728680.0;-202772.0;440
1681;201500001857;15;4;22;1300;1;1;1;1;1;38;la lande des vents;M;4718929.0;-199054.0;440
1682;201500001858;15;5;29;430;3;1;1;1;2;154;;M;4720007.0;-214774.0;440
1683;201500001859;15;6;20;1215;1;1;3;1;3;192;la ville en bois;M;4727648.0;-201167.0;440
1684;201500001860;15;6;24;2030;1;1;1;1;6;61;le grand patureau;M;4725448.0;-193142.0;440
1685;201500001861;15;7;5;1615;1;1;1;1;5;182;;M;4717884.0;-214509.0;440
1686;201500001862;15;8;20;1815;1;2;3;1;3;154;Avenue Raymond Poincare;M;4725670.0;-216026.0;440
1687;201500001863;15;9;9;1000;1;1;1;1;4;46;le petit perret;M;4727663.0;-207953.0;440
1688;201500001864;15;10;1;2100;3;1;2;1;3;61;;M;0.0;0.0;440
1689;201500001865;15;10;4;2045;3;1;1;2;6;61;;M;4725260.0;-195715.0;440