;Num_Acc;an;mois;jour;hrmn;lum;agg;int;atm;col;com;adr;gps;lat;long;dep
1690;201500001866;15;10;31;400;3;1;1;1;6;192;la grande voirie;M;4725126.0;-198771.0;440
1691;201500001867;15;12;16;915;1;1;1;2;5;46;;M;0.0;0.0;440
1692;201500001868;15;2;17;1645;2;1;1;1;6;87;les petites loges;M;4696747.0;-182471.0;440
1693;201500001869;15;3;2;1215;1;2;1;1;1;186;rue de bel air;M;4710627.0;-181335.0;440
1694;201500001870;15;4;27;1730;1;1;1;1;6;87;l'ouche tison;M;4702303.0;-182154.0;440
1695;201500001871;15;5;2;1215;1;1;1;3;6;119;l'etoile;M;4699311.0;-176115.0;440
1696;201500001872;15;5;8;915;1;1;1;1;6;90;;M;4699635.0;-169225.0;440
1697;201500001873;15;6;8;1830;1;1;2;1;3;145;la chaussée de retz;M;4719385.0;-185107.0;440
1698;201500001874;15;6;26;215;3;2;1;1;1;178;rue de la colombe;M;4711066.0;-173534.0;440
1699;201500001875;15;7;4;1915;1;1;2;1;3;181;l'hermitage;M;0.0;0.0;440
1700;201500001876;15;8;30;1715;1;1;1;1;1;119;beauséjour;M;4699298.0;-176471.0;440
1701;201500001877;15;12;18;2000;3;1;1;1;1;119;;M;0.0;0.0;440
1702;201500001880;15;8;28;1615;1;1;1;1;1;47;;M;4724590.0;-172881.0;440
1703;201500001881;15;9;27;530;3;1;1;1;6;194;la guillocherie;M;4725645.0;-168912.0;440
1704;201500001882;15;10;8;1130;1;2;6;1;3;47;Rue du Stade;M;4721802.0;-168261.0;440
1705;201500001883;15;10;14;730;2;1;1;1;1;47;;M;4723280.0;-170481.0;440
1706;201500001884;15;12;2;1530;1;2;6;1;3;47;rue Henri Gautier;M;0.0;0.0;440
1707;201500001885;15;1;2;1530;1;2;1;1;1;183;CD 52 - face au n 6;M;4738960.0;-243556.0;440
1708;201500001886;15;1;10;400;3;1;1;2;6;69;;M;4731495.0;-240839.0;440
1709;201500001887;15;1;10;1830;3;1;1;2;6;183;theleac;M;4740379.0;-241544.0;440
1710;201500001888;15;1;19;1100;1;2;1;7;6;72;Boulevard de brière;M;4745300.0;-231300.0;440
1711;201500001889;15;4;2;730;1;1;1;1;3;69;rte de st lyphard;M;4734216.0;-240542.0;440
1712;201500001890;15;4;7;1615;1;2;3;1;3;183;;M;4738937.0;-242601.0;440
1713;201500001891;15;4;8;815;1;2;6;1;3;69;rd pt de la brière;M;4734134.0;-242761.0;440
1714;201500001892;15;5;15;1345;1;1;1;1;7;69;rte de sandun;M;4733402.0;-238504.0;440
1715;201500001893;15;5;27;1900;1;2;1;1;3;49;17 rue aristide briand;M;4728698.0;-250520.0;440
1716;201500001894;15;6;9;730;1;1;2;1;3;175;les quatre routes;M;4736016.0;-237408.0;440
1717;201500001895;15;6;12;1615;1;2;6;1;3;69;rue des patis;M;4732730.0;-241292.0;440
1718;201500001896;15;7;4;1600;1;1;1;1;1;69;clis;M;4733674.0;-246729.0;440
1719;201500001897;15;7;21;1200;1;2;1;2;6;69;avenue de la briere;M;4733500.0;-242700.0;440
1720;201500001898;15;7;25;2230;3;2;1;1;1;97;route de guerande;M;4737990.0;-245991.0;440
1721;201500001899;15;7;15;1415;1;1;6;1;3;69;rd pt du parc;M;4734137.0;-242732.0;440
1722;201500001900;15;8;5;1915;1;1;3;1;3;151;;M;4733681.0;-233300.0;440
1723;201500001901;15;8;15;1645;1;1;1;1;6;97;;M;4739880.0;-248492.0;440
1724;201500001902;15;9;5;1600;1;1;1;1;1;69;route des marais;M;4732600.0;-246614.0;440
1725;201500001904;15;9;9;1330;1;1;1;1;2;30;le haut de ranretz;M;4744654.0;-226458.0;440
1726;201500001905;15;9;18;645;2;2;1;8;6;69;bd du général DE GAULLE;M;4733011.0;-243543.0;440
1727;201500001906;15;9;29;900;1;2;1;7;3;125;lieu dit Kervin;M;4737221.0;-252693.0;440
1728;201500001907;15;10;29;1645;1;1;1;8;4;72;le gassun;M;4742783.0;-233485.0;440
1729;201500001909;15;4;23;1845;1;2;1;1;6;210;route de prézégat;M;4729320.0;-221577.0;440
1730;201500001910;15;4;24;415;3;1;1;1;6;52;route de crossac;M;4736881.0;-211862.0;440
1731;201500001911;15;6;5;1245;1;1;1;1;6;103;bd henri gautier;M;4731536.0;-216916.0;440
1732;201500001912;15;6;19;800;1;2;1;1;2;103;BD HENRI GAUTHIER;M;4731000.0;-215900.0;440
1733;201500001914;15;9;29;1845;1;1;1;1;3;103;;M;4730684.0;-217921.0;440
1734;201500001916;15;10;27;1700;1;1;1;1;5;168;;M;4736620.0;-218874.0;440
1735;201500001917;15;12;25;2045;3;1;1;8;1;210;;M;0.0;0.0;440
1736;201500001919;15;7;5;1845;1;1;1;1;6;129;la lande de malabri;M;4746105.0;-214846.0;440
1737;201500001920;15;8;10;1500;1;2;1;1;2;50;5 rue de l'ancienne gare;M;4740939.0;-216773.0;440
1738;201500001921;15;8;18;2000;1;2;1;1;3;68;rue de la houssaie;M;4748684.0;-192680.0;440
1739;201500001922;15;9;20;100;3;2;1;1;6;189;10 rue des sapins;M;4744681.0;-219093.0;440
1740;201500001923;15;10;17;1500;1;1;2;7;3;68;la croix de fer;M;4751092.0;-195805.0;440
1741;201500001924;15;12;13;1430;1;2;2;1;3;129;Carrefour M. SAMBRON;M;0.0;0.0;440
1742;201500001925;15;4;9;1700;1;1;1;1;5;158;Le pavillon;M;4728756.0;-181552.0;440
1743;201500001926;15;9;8;1700;1;1;3;1;3;217;la pinelière;M;4732909.0;-172677.0;440
1744;201500001927;15;10;22;2300;3;1;1;1;6;217;le bezier;M;4731917.0;-175948.0;440
1745;201500001928;15;11;20;715;5;2;1;2;3;158;LA TEROUSAIS RD 381;M;0.0;0.0;440
1746;201500001929;15;12;2;1800;2;1;1;1;1;194;;M;0.0;0.0;440
1747;201500001930;15;12;7;815;1;1;1;1;1;217;;M;0.0;0.0;440
1748;201500001932;15;1;20;715;5;2;1;1;6;139;;M;4746372.0;-196234.0;440
1749;201500001933;15;9;3;845;1;2;1;1;6;25;place de l'église;M;4741272.0;-196909.0;440
1750;201500001934;15;1;10;2045;3;1;1;2;1;55;;M;4751818.0;-57007.0;490
1751;201500001936;15;2;13;1730;1;1;6;7;6;20;;M;4748312.0;-63216.0;490
1752;201500001937;15;3;4;1830;2;1;3;7;3;20;;M;4745925.0;-65332.0;490
1753;201500001938;15;3;24;430;4;1;6;8;3;20;;M;4746649.0;-61991.0;490
1754;201500001939;15;10;6;1600;1;1;1;2;5;35;;M;4742269.0;-61168.0;490
1755;201500001940;15;5;28;1845;1;2;1;1;6;201;4 rue Victor lassalle;M;4740460.0;-26975.0;490
1756;201500001941;15;6;28;430;3;1;1;1;6;106;;M;4745936.0;-35183.0;490
1757;201500001942;15;7;15;1630;1;1;1;1;5;106;;M;4747475.0;-32609.0;490
1758;201500001943;15;9;2;1115;1;1;1;1;1;21;;M;4744425.0;-24705.0;490
1759;201500001944;15;3;9;15;3;1;1;1;6;50;;M;4736255.0;-44800.0;490
1760;201500001945;15;3;22;1500;1;1;1;1;7;318;chaloche;M;4740146.0;-42713.0;490
1761;201500001946;15;4;25;2045;2;1;1;1;1;317;;M;4738864.0;-32784.0;490
1762;201500001947;15;8;5;730;1;1;1;1;7;66;le petit pineau;M;4727070.0;-58143.0;490
1763;201500001949;15;11;15;1715;1;1;1;1;1;308;;M;0.0;0.0;490
1764;201500001950;15;11;27;15;3;1;1;5;1;78;;M;4733452.0;-42651.0;490
1765;201500001952;15;3;21;1630;1;1;2;1;3;307;;M;4741441.0;-31156.0;490
1766;201500001953;15;2;28;1630;1;1;1;1;1;284;Les Landes;M;4742328.0;-82378.0;490
1767;201500001954;15;3;4;1915;1;1;1;1;6;265;La Brouarderie;M;4734714.0;-67743.0;490
1768;201500001955;15;6;28;2000;1;2;1;1;3;244;rue des Mauges;M;4735590.0;-85937.0;490
1769;201500001956;15;7;6;1445;1;1;1;1;7;289;Les Grès;M;4745107.0;-67332.0;490
1770;201500001957;15;10;13;815;1;1;1;1;5;160;;M;4741132.0;-92970.0;490
1771;201500001958;15;10;29;1415;1;1;2;1;3;212;;M;4737290.0;-83686.0;490
1772;201500001959;15;11;14;1630;1;1;6;1;6;295;Bellenoue;M;4731374.0;-81805.0;490
1773;201500001960;15;11;28;1115;1;2;1;1;3;212;RUE D ANJOU;M;4739104.0;-86175.0;490
1774;201500001961;15;12;22;1300;1;2;1;1;2;244;60 RUE DE LA LOIRE;M;4736211.0;-85968.0;490
1775;201500001962;15;12;18;545;3;1;6;2;7;306;;M;4742719.0;-72203.0;490
1776;201500001963;15;1;6;1545;2;2;9;1;6;127;;M;4767158.0;-24218.0;490
1777;201500001964;15;3;17;1615;1;1;1;1;6;127;La Poterie;M;4768872.0;-27392.0;490
1778;201500001965;15;5;11;1700;1;1;1;1;1;185;Rue de la perraudière;M;4752463.0;-27590.0;490
1779;201500001966;15;8;30;1345;1;2;1;3;3;257;rue de chalou;M;4765710.0;-20595.0;490
1780;201500001967;15;9;4;1630;1;1;1;1;1;174;La Bourdaizière;M;4762732.0;-30394.0;490
1781;201500001968;15;12;14;1330;1;1;2;1;3;163;;M;4756117.0;-25062.0;490
1782;201500001970;15;6;28;2200;2;1;1;1;7;151;;M;4717561.0;-111993.0;490
1783;201500001971;15;7;19;800;1;1;1;1;7;243;La Branlardière;M;4724666.0;-82929.0;490
1784;201500001972;15;8;20;1900;1;1;1;1;1;162;;M;4720959.0;-86285.0;490
1785;201500001973;15;8;26;1230;1;1;2;1;2;162;Le Cormier;M;4720862.0;-88096.0;490
1786;201500001977;15;4;20;1430;1;1;1;1;3;111;;M;4717590.0;-66849.0;490
1787;201500001978;15;5;16;1615;1;1;1;2;6;351;La Reinerie;M;4713497.0;-68178.0;490
1788;201500001979;15;5;22;1815;1;1;2;1;3;281;La maison neuve;M;4718592.0;-79096.0;490
1789;201500001980;15;6;8;1830;1;1;1;1;2;74;;M;4720242.0;-79505.0;490
1790;201500001981;15;7;21;1245;1;1;1;1;1;169;;M;4728328.0;-70442.0;490
1791;201500001982;15;12;6;830;2;1;1;8;2;92;;M;4719869.0;-71855.0;490
1792;201500001983;15;12;20;1130;1;2;1;1;1;92;13 rue nationale;M;4722331.0;-72647.0;490
1793;201500001984;15;4;11;1;3;1;1;1;6;299;La Poissardière;M;4709994.0;-91827.0;490
1794;201500001985;15;5;22;1600;1;2;1;1;6;285;RUE D'ANJOU;M;4712051.0;-112266.0;490
1795;201500001986;15;7;25;1745;1;1;2;1;6;350;;M;4707834.0;-107136.0;490
1796;201500001987;15;7;25;1800;1;2;1;1;3;301;12 bd du 11 Novembre;M;4712124.0;-98776.0;490
1797;201500001988;15;8;28;2215;3;1;1;1;7;263;;M;4709642.0;-105718.0;490
1798;201500001989;15;9;10;815;1;1;1;1;6;27;;M;4713351.0;-95045.0;490
1799;201500001990;15;3;30;1345;1;1;1;1;6;40;Le pressoir neuf;M;4734085.0;-111687.0;490
1800;201500001991;15;5;29;1815;1;1;1;1;6;355;;M;4713444.0;-77651.0;490
1801;201500001992;15;8;2;830;1;2;1;1;7;296;rue Joachim du bellay;M;4728818.0;-118704.0;490
1802;201500001993;15;8;16;2200;5;2;1;1;6;190;Le Clos de la Boire;M;4735446.0;-108071.0;490
1803;201500001994;15;8;18;1730;1;1;1;1;6;360;Les justices;M;4733494.0;-128060.0;490
1804;201500001995;15;10;3;1615;1;1;1;1;6;314;La Truère;M;4728647.0;-89160.0;490
1805;201500001996;15;4;11;1200;1;1;1;1;6;343;;M;4699751.0;-85988.0;490
1806;201500001997;15;8;25;1345;1;2;1;1;6;355;23  général de gaulle;M;4712310.0;-78820.0;490
1807;201500001998;15;9;3;2100;3;1;1;1;6;355;;M;4712945.0;-78514.0;490
1808;201500001999;15;9;24;700;2;1;1;1;6;381;;M;4700926.0;-69047.0;490
1809;201500002000;15;11;2;930;1;1;2;1;3;192;;M;4701535.0;-74416.0;490
1810;201500002001;15;12;18;745;3;1;2;2;5;195;;M;4705912.0;-80037.0;490
1811;201500002002;15;5;8;1630;1;1;1;1;6;143;;M;4760827.0;-16811.0;490
1812;201500002003;15;9;5;1115;1;1;1;1;6;213;;M;4758449.0;-11662.0;490
1813;201500002004;15;9;5;1000;1;1;1;1;7;122;L'abbaye;M;4753473.0;12075.0;490
1814;201500002005;15;9;6;1845;2;1;1;1;1;372;Les Frastreries;M;4751407.0;-14316.0;490
1815;201500002006;15;3;1;115;3;1;1;2;1;211;Les bordages;M;4717529.0;-50989.0;490
1816;201500002007;15;3;13;2300;3;1;3;1;3;373;Le coudray Montault;M;4713678.0;-58060.0;490
1817;201500002008;15;5;28;2200;2;1;1;1;6;348;;M;4720513.0;-41803.0;490
1818;201500002009;15;7;11;1130;1;2;1;1;1;47;rue des caves;M;4724751.0;-38397.0;490
1819;201500002010;15;7;14;415;3;1;1;1;6;373;La petite quartraiche;M;4710043.0;-58709.0;490
1820;201500002011;15;8;25;1130;1;1;6;2;7;373;;M;4713513.0;-54586.0;490
1821;201500002012;15;10;23;900;1;2;1;8;6;373;RUE DU DOUET NEUF;M;4712652.0;-54754.0;490
1822;201500002013;15;12;18;1815;5;1;1;1;3;125;rue des fontaines;M;4719560.0;-27602.0;490
1823;201500002014;15;1;11;1915;3;1;1;1;5;261;;M;4737045.0;-22326.0;490
1824;201500002015;15;1;14;700;2;2;1;2;3;261;rue nationale;M;4734952.0;-22484.0;490
1825;201500002016;15;2;3;1145;1;2;1;1;3;378;53 rue nationale;M;4732624.0;-5623.0;490
1826;201500002017;15;3;28;930;1;1;1;2;6;149;La Boussinière;M;4734699.0;-23959.0;490
1827;201500002019;15;6;1;1830;1;1;1;1;5;2;La ruette noire;M;4728685.0;1626.0;490
1828;201500002020;15;6;15;1830;1;1;1;1;3;311;La Lande;M;4738939.0;-5766.0;490
1829;201500002021;15;7;17;1800;1;1;1;7;7;261;;M;4735298.0;-23474.0;490
1830;201500002022;15;9;27;1530;1;1;1;1;6;180;;M;4734615.0;-11045.0;490
1831;201500002023;15;10;19;1745;1;1;1;1;6;2;Rue de l'aunay;M;4730474.0;-1876.0;490
1832;201500002024;15;11;8;1945;1;1;1;1;1;304;Le hameau du legs;M;4731722.0;-15347.0;490
1833;201500002025;15;11;23;1015;1;1;1;1;6;45;La tremblaye;M;4734987.0;8474.0;490
1834;201500002026;15;12;14;1730;3;1;1;8;7;180;La varancière;M;4737433.0;-9719.0;490
1835;201500002027;15;7;29;2030;1;2;2;1;3;253;Rue de la basse Paleine;M;4712745.0;-23793.0;490
1836;201500002028;15;10;4;1915;3;1;1;3;6;341;;M;4722493.0;-3072.0;490
1837;201500002029;15;11;22;1130;1;2;1;7;6;113;rue de la pierre couvert;M;4720147.0;-16538.0;490
1838;201500002030;15;5;9;2200;2;1;1;1;2;248;;M;4777641.0;-116167.0;490
1839;201500002031;15;5;15;2000;1;2;1;1;3;248;ZI de La Pidaie;M;4774713.0;-115873.0;490
1840;201500002032;15;9;12;2245;3;1;1;1;6;64;La ménitée;M;4767685.0;-69513.0;490
1841;201500002033;15;11;1;815;2;1;6;7;6;229;;M;4770846.0;-97539.0;490
1842;201500002034;15;7;11;1915;1;1;2;1;3;330;;M;4761311.0;-62071.0;490
1843;201500002036;15;3;3;1230;1;1;4;2;3;271;Serennes;M;4753786.0;-74917.0;490
1844;201500002037;15;4;25;1830;1;1;1;1;3;26;Le petit Joncheray;M;4749337.0;-76421.0;490
1845;201500002039;15;11;6;1630;3;1;1;3;5;155;;M;4759564.0;-69654.0;490
1846;201500002040;15;11;14;1600;1;2;1;1;1;183;avenue du carillon;M;4752232.0;-87878.0;490
1847;201500002041;15;11;20;1530;1;1;1;2;6;26;le sapin;M;4751302.0;-80277.0;490
1848;201500002042;15;3;20;1330;1;1;1;2;7;248;Le souchais;M;4776414.0;-118560.0;490
1849;201500002043;15;1;17;1545;1;1;2;1;3;347;Route de Popailles;M;4760117.0;-46453.0;490
1850;201500002044;15;3;20;2330;3;1;1;1;7;339;Chem de la Fourbisserie;M;4759171.0;-54696.0;490
1851;201500002045;15;6;5;1715;1;2;2;1;3;347;Rue d'Anjou;M;4762032.0;-46647.0;490
1852;201500002046;15;8;14;130;3;1;1;1;7;216;Le Brossay;M;4759737.0;-38515.0;490
1853;201500002047;15;9;30;745;1;1;2;1;3;347;Le petit Cimbré;M;4762635.0;-45098.0;490
1854;201500002048;15;10;4;1700;1;1;1;3;6;347;;M;4763855.0;-41924.0;490
1855;201500002049;15;11;2;1730;2;1;1;1;5;65;La petite Bougrie;M;4764890.0;-56186.0;490
1856;201500002050;15;11;29;615;5;2;6;2;7;347;rond point de l'Europe;M;4761469.0;-47321.0;490
1857;201500002051;15;5;10;1;3;1;1;1;7;201;;M;4804288.0;-82239.0;530
1858;201500002052;15;5;31;1630;1;1;1;2;6;11;;M;4797114.0;-84505.0;530
1859;201500002053;15;6;28;1030;1;1;1;1;2;175;;M;4802197.0;-68423.0;530
1860;201500002054;15;8;11;45;3;1;1;1;7;94;;M;4799476.0;-71930.0;530
1861;201500002055;15;10;19;500;3;2;1;1;6;94;rue du maine;M;4799975.0;-72139.0;530
1862;201500002056;15;2;26;2015;3;1;1;1;1;87;;M;4796200.0;-48045.0;530
1863;201500002058;15;3;8;1445;1;2;1;1;6;7;ROUTE DE MONTSURS;M;4808791.0;-63612.0;530
1864;201500002059;15;4;3;1845;1;1;1;1;6;76;;M;4796657.0;-35721.0;530
1865;201500002060;15;8;22;1915;1;1;1;1;6;152;;M;4795335.0;-58916.0;530
1866;201500002061;15;8;30;1830;1;1;2;1;3;264;;M;4803304.0;-35081.0;530
1867;201500002062;15;9;30;1745;1;1;1;1;7;56;;M;0.0;0.0;530
1868;201500002063;15;12;14;2145;3;1;1;8;6;7;;M;4810447.0;-61482.0;530
1869;201500002064;15;3;30;815;1;1;1;8;1;105;;M;4814400.0;-60911.0;530
1870;201500002065;15;4;9;1130;1;2;1;1;2;97;58 boulevard de la grand;M;4815884.0;-39421.0;530
1871;201500002066;15;5;13;1115;1;1;1;1;3;65;;M;4814294.0;-41923.0;530
1872;201500002067;15;5;20;1415;1;1;1;1;6;43;;M;4814531.0;-53093.0;530
1873;201500002068;15;5;23;1845;1;1;1;1;6;276;;M;4813618.0;-32199.0;530
1874;201500002069;15;7;7;1500;1;1;1;1;1;97;;M;4813390.0;-38346.0;530
1875;201500002070;15;7;25;1600;1;1;1;1;7;218;;M;4822640.0;-35514.0;530
1876;201500002071;15;8;18;430;3;2;1;1;7;153;;M;4819179.0;-43133.0;530
1877;201500002072;15;10;1;830;2;1;1;7;3;105;;M;4814613.0;-61157.0;530
1878;201500002074;15;11;2;945;1;2;1;1;1;97;D7;M;4816451.0;-40778.0;530
1879;201500002075;15;12;13;2000;3;1;1;5;6;97;;M;4812198.0;-37424.0;530
1880;201500002077;15;10;12;1715;1;1;1;1;1;50;;M;4806156.0;-35004.0;530
1881;201500002078;15;1;2;1130;1;1;1;8;7;231;;M;4775992.0;-53973.0;530
1882;201500002080;15;2;28;645;3;1;1;2;1;36;;M;4787147.0;-48765.0;530
1883;201500002082;15;4;12;1800;1;2;4;1;3;36;9 rue Fabre d'Eglantine;M;4786364.0;-48162.0;530
1884;201500002083;15;5;24;730;1;1;1;1;7;150;;M;4779635.0;-68461.0;530
1885;201500002084;15;6;6;1815;1;1;1;1;1;110;;M;4786284.0;-52260.0;530
1886;201500002085;15;7;1;1030;1;2;1;1;1;62;20 rue Général Lemonnier;M;4782750.0;-69713.0;530
1887;201500002086;15;7;11;445;3;1;1;1;6;215;;M;4779735.0;-70837.0;530
1888;201500002087;15;8;6;930;1;1;1;8;6;117;;M;4788613.0;-75012.0;530
1889;201500002088;15;10;2;1230;1;1;1;1;6;210;;M;4780535.0;-47185.0;530
1890;201500002089;15;11;8;1715;1;1;1;1;6;101;;M;4785676.0;-67586.0;530
1891;201500002092;15;11;26;2130;3;2;1;1;6;210;ST MARTIN VILLENGLOSE;M;4778100.0;-46900.0;530
1892;201500002093;15;11;30;1345;1;2;1;1;3;62;av.Div LECLERC;M;0.0;0.0;530
1893;201500002094;15;5;26;1315;1;1;1;1;1;240;;M;4781795.0;-101540.0;530
1894;201500002095;15;7;4;2330;3;1;1;1;2;77;;M;4795542.0;-95381.0;530
1895;201500002096;15;9;11;1700;1;2;1;1;6;84;RUE ZIKISSO;M;4785120.0;-95602.0;530
1896;201500002097;15;11;1;2145;3;1;1;1;7;214;;M;4777990.0;-116014.0;530
1897;201500002098;15;12;13;2130;3;1;1;1;6;84;;M;4785597.0;-96929.0;530
1898;201500002099;15;12;13;1845;2;2;1;1;1;186;3 boulevard du stade;M;4792455.0;-80673.0;530
1899;201500002100;15;12;16;1745;2;2;1;1;6;84;43 route de Nantes;M;4784620.0;-96250.0;530
1900;201500002101;15;12;23;800;2;2;1;1;6;84;rue de la gare;M;4784022.0;-94261.0;530
1901;201500002102;15;1;5;1800;2;2;1;2;6;147;BOULEVARD JEAN MONNET;M;4829014.0;-61921.0;530
1902;201500002103;15;2;7;515;3;1;1;1;6;23;;M;4818023.0;-58798.0;530
1903;201500002104;15;3;13;2015;3;1;1;2;6;72;;M;4823636.0;-65242.0;530
1904;201500002105;15;6;25;1730;1;1;1;1;1;200;;M;4828809.0;-63278.0;530
1905;201500002106;15;8;12;945;1;1;4;1;1;113;;M;4825604.0;-43922.0;530
1906;201500002107;15;10;4;630;3;1;1;5;7;146;;M;4821151.0;-63920.0;530
1907;201500002108;15;3;9;1800;1;1;2;7;3;177;;M;4831351.0;-105147.0;530
1908;201500002109;15;3;15;1300;1;1;3;1;3;155;;M;4826477.0;-91135.0;530
1909;201500002110;15;3;18;930;1;2;1;1;6;96;boulevard VICTOR HUGO;M;4829865.0;-93328.0;530
1910;201500002111;15;6;2;1700;1;1;1;1;1;155;;M;4831123.0;-87760.0;530
1911;201500002112;15;6;6;245;3;1;1;1;6;107;;M;4842853.0;-80681.0;530
1912;201500002114;15;7;30;1000;1;1;4;1;1;71;;M;4838801.0;-85180.0;530
1913;201500002115;15;8;10;1045;1;2;1;1;6;96;38 boulevard DUVIVIER;M;4829599.0;-93225.0;530
1914;201500002116;15;8;27;730;2;1;1;3;1;64;;M;4835681.0;-76651.0;530
1915;201500002117;15;9;27;1145;1;1;1;1;7;126;;M;4834800.0;-102800.0;530
1916;201500002118;15;12;27;615;3;1;1;1;7;269;;M;4828076.0;-81507.0;530
1917;201500002119;15;8;24;1015;1;1;1;3;7;114;;M;4834382.0;-41469.0;530
1918;201500002120;15;8;21;1515;1;1;2;1;3;51;;M;4835335.0;-49210.0;530
1919;201500002121;15;10;7;1530;1;1;1;1;3;3;;M;4838887.0;-61846.0;530
1920;201500002122;15;11;15;730;2;1;1;1;6;55;;M;4841277.0;-57754.0;530
1921;201500002123;15;6;11;1045;1;2;1;1;1;121;Grande rue;M;4841802.0;-33613.0;530
1922;201500002124;15;6;13;1515;1;1;1;1;3;13;;M;4832730.0;-22844.0;530
1923;201500002125;15;7;4;1500;1;2;1;1;6;246;rue des moulins;M;4840117.0;-9454.0;530
1924;201500002126;15;7;14;1515;1;1;1;1;5;164;;M;4849301.0;-32802.0;530
1925;201500002128;15;8;16;2145;3;1;1;1;6;185;;M;4846171.0;-25376.0;530
1926;201500002129;15;10;2;1745;1;1;1;1;3;246;;M;4840996.0;-6126.0;530
1927;201500002130;15;10;6;1415;1;2;3;1;3;185;;M;4845850.0;-20733.0;530
1928;201500002131;15;12;15;1715;5;2;1;3;6;185;103 rue aristide Briand;M;4845936.0;-20114.0;530
1929;201500002132;15;12;19;1900;3;1;1;1;1;271;;M;4834031.0;-27175.0;530
1930;201500002133;15;4;11;2128;5;2;2;1;3;283;51, NICOD ( RUE DU 43/22;;;;10
1931;201500002134;15;5;11;125;5;2;1;1;7;283;06, SACCO VANZETTI;M;4625443.0;565791.0;10
1932;201500002135;15;9;20;1745;1;2;1;1;6;283;3, JEAN MOULIN (AVENUE);;;;10
1933;201500002136;15;10;9;1808;1;2;2;1;3;283;ROOSEVELT (AVENUE PRESID;;;;10
1934;201500002137;15;10;18;2155;5;2;1;1;3;283;32, FRANCE (RUE A. DU 1/;;;;10
1935;201500002138;15;11;13;450;3;1;3;1;3;31;GROISSIAT ( ROUTE DE );M;4623760.0;562108.0;10
1936;201500002139;15;11;15;1715;2;1;1;1;6;283;25, FORGE (ROUTE DE LA);;;;10
1937;201500002140;15;2;7;800;1;1;1;1;1;42;;M;0.0;0.0;720
1938;201500002141;15;4;19;415;3;2;1;1;6;64;RUE HENRI FRAIN;M;4786000.0;74700.0;720
1939;201500002142;15;10;22;700;3;1;1;2;1;42;;M;4795900.0;62100.0;720
1940;201500002143;15;11;7;2300;3;1;1;2;6;118;;M;0.0;0.0;720
1941;201500002144;15;1;24;1145;1;1;1;1;1;386;;M;4801300.0;26300.0;720
1942;201500002145;15;3;7;900;1;1;1;1;2;54;;M;4803200.0;36700.0;720
1943;201500002147;15;3;31;1700;1;2;1;1;6;300;D323 Route de Paris;M;0.0;0.0;720
1944;201500002148;15;5;5;2030;1;1;6;1;6;54;;M;4801600.0;31800.0;720
1945;201500002149;15;6;3;1645;1;2;1;1;1;300;d323  route du mans;M;0.0;0.0;720
1946;201500002150;15;10;10;1200;1;1;1;1;1;358;;M;0.0;0.0;720
1947;201500002151;15;12;1;745;2;1;1;1;1;271;;M;0.0;0.0;720
1948;201500002152;15;12;30;315;3;1;1;1;6;300;;M;0.0;0.0;720
1949;201500002153;15;4;13;1915;1;1;4;1;3;338;;M;0.0;0.0;720
1950;201500002154;15;5;19;2230;3;1;1;1;6;310;;M;0.0;0.0;720
1951;201500002155;15;5;19;2245;3;2;1;1;1;290;rue de STE JAMME SUR SAR;M;0.0;0.0;720
1952;201500002156;15;9;12;1415;1;1;1;8;1;328;;M;0.0;0.0;720
1953;201500002157;15;12;4;1415;1;1;1;8;1;340;;M;0.0;0.0;720
1954;201500002158;15;1;20;1315;1;2;9;1;3;168;R2SIDENCE ROBERT SCHUMMA;M;0.0;0.0;720
1955;201500002159;15;2;24;1515;1;1;1;1;5;230;;M;0.0;0.0;720
1956;201500002160;15;3;27;1700;1;1;1;8;7;257;;M;4801000.0;15200.0;720
1957;201500002161;15;5;10;1700;1;1;1;1;1;146;;M;4790000.0;13200.0;720
1958;201500002163;15;6;15;1630;1;1;1;1;1;253;;M;0.0;0.0;720
1959;201500002164;15;6;25;1730;1;1;1;1;3;280;;M;0.0;0.0;720
1960;201500002165;15;7;25;2215;3;1;1;1;3;131;;M;0.0;0.0;720
1961;201500002166;15;8;22;115;3;1;1;1;6;249;;M;4803800.0;5700.0;720
1962;201500002169;15;9;7;1545;1;1;1;1;6;257;;M;4799600.0;14600.0;720
1963;201500002170;15;9;11;1445;1;1;1;1;1;70;;M;0.0;0.0;720
1964;201500002171;15;10;15;1945;3;1;1;1;1;253;;M;0.0;0.0;720
1965;201500002173;15;11;4;815;1;1;1;1;1;113;;M;4803900.0;7600.0;720