;Num_Acc;an;mois;jour;hrmn;lum;agg;int;atm;col;com;adr;gps;lat;long;dep
1966;201500002174;15;3;9;2115;5;1;1;1;6;154;;M;4769400.0;-3700.0;720
1967;201500002175;15;4;16;1815;1;1;1;1;6;185;;M;4771300.0;-200.0;720
1968;201500002176;15;4;28;100;3;1;1;1;6;154;;M;0.0;0.0;720
1969;201500002178;15;5;21;745;1;1;1;1;1;154;;M;4769200.0;-4400.0;720
1970;201500002179;15;7;20;1345;1;1;1;1;7;84;;M;4775300.0;500.0;720
1971;201500002180;15;10;5;1745;1;2;1;8;3;154;allée de chenonceaux;M;4770800.0;-8500.0;720
1972;201500002181;15;1;15;1745;3;1;1;2;1;71;;M;0.0;0.0;720
1973;201500002182;15;5;8;600;2;2;1;1;6;71;13 avenue de Tours;M;4769500.0;42600.0;720
1974;201500002183;15;8;26;1615;1;1;1;1;3;173;;M;4771084.0;40547.0;720
1975;201500002184;15;11;18;1445;1;2;3;1;3;71;16 avenue jean jaurès;M;4769800.0;41700.0;720
1976;201500002185;15;11;24;1745;3;1;1;8;7;28;;M;4775600.0;36800.0;720
1977;201500002186;15;2;7;545;3;1;1;1;7;228;;M;4784900.0;-18600.0;720
1978;201500002187;15;2;15;545;4;1;1;2;6;100;;M;0.0;0.0;720
1979;201500002188;15;4;27;700;2;1;1;1;6;22;;M;4778200.0;-18200.0;720
1980;201500002189;15;4;27;1215;1;1;1;1;1;59;;M;4791300.0;-19200.0;720
1981;201500002190;15;5;28;1545;1;1;1;1;6;195;;M;4782100.0;-3000.0;720
1982;201500002191;15;10;24;515;3;2;1;1;6;100;L'ESPERANCE;M;4780100.0;-2900.0;720
1983;201500002192;15;11;8;2200;3;1;1;1;1;9;;M;0.0;0.0;720
1984;201500002193;15;11;11;1815;3;1;1;1;5;293;;M;4787000.0;100.0;720
1985;201500002194;15;11;30;1245;1;1;1;2;1;223;;M;4782200.0;-9000.0;720
1986;201500002195;15;1;15;1000;1;1;1;6;6;191;;M;0.0;0.0;720
1987;201500002196;15;2;3;1645;1;1;1;1;6;330;;M;0.0;0.0;720
1988;201500002197;15;3;4;845;1;1;1;1;1;191;;M;4777300.0;27600.0;720
1989;201500002199;15;3;13;1515;1;1;1;2;3;13;;M;4766700.0;23400.0;720
1990;201500002200;15;4;24;1400;1;1;1;1;6;135;;M;0.0;0.0;720
1991;201500002201;15;5;31;2030;2;1;1;2;6;191;;M;0.0;0.0;720
1992;201500002203;15;6;6;1815;1;1;1;1;1;357;;M;0.0;0.0;720
1993;201500002204;15;6;8;1145;1;2;1;1;3;226;3 route d'yvré le polin;M;0.0;0.0;720
1994;201500002205;15;6;20;600;2;1;1;1;6;117;;M;0.0;0.0;720
1995;201500002206;15;9;24;645;3;1;1;1;6;175;;M;0.0;0.0;720
1996;201500002207;15;9;28;1100;1;1;9;1;5;51;;M;0.0;0.0;720
1997;201500002208;15;10;13;1715;1;1;1;1;4;51;;M;0.0;0.0;720
1998;201500002209;15;10;21;1615;1;1;1;1;6;191;;M;0.0;0.0;720
1999;201500002210;15;11;12;430;3;2;6;5;6;226;29 rue principale;M;0.0;0.0;720
2000;201500002211;15;12;22;1145;1;1;4;1;1;243;;M;0.0;0.0;720
2001;201500002212;15;7;3;1445;1;1;1;1;1;232;;M;0.0;0.0;720
2002;201500002213;15;7;11;1515;1;2;2;1;3;336;avenue de l'europe;M;0.0;0.0;720
2003;201500002214;15;7;20;1645;1;1;2;1;3;378;;M;0.0;0.0;720
2004;201500002215;15;11;28;1800;2;1;1;1;6;264;;M;0.0;0.0;720
2005;201500002216;15;12;3;1730;4;2;6;1;6;264;AVENUE F  NICOLAY;M;0.0;0.0;720
2006;201500002217;15;4;23;2245;3;1;1;1;7;112;;M;0.0;0.0;720
2007;201500002218;15;4;27;1830;1;1;1;1;6;48;;M;0.0;0.0;720
2008;201500002219;15;7;18;1715;1;1;1;1;1;88;;M;0.0;0.0;720
2009;201500002220;15;7;23;730;1;2;9;1;7;180;D311-AV DE L'EUROPE;M;0.0;0.0;720
2010;201500002221;15;8;5;1630;1;2;6;1;3;276;2 AV VERON DE FORBONAIS;M;0.0;0.0;720
2011;201500002222;15;8;16;730;1;1;1;1;5;104;;M;0.0;0.0;720
2012;201500002223;15;8;28;845;1;1;1;1;7;192;;M;0.0;0.0;720
2013;201500002225;15;12;11;1800;3;1;1;2;1;270;;M;0.0;0.0;720
2014;201500002226;15;3;7;1245;1;2;1;1;1;6;CD55  face rue tisserand;M;0.0;0.0;720
2015;201500002227;15;3;21;1030;1;2;1;1;4;215;CD 311 Rue Francis Caris;M;0.0;0.0;720
2016;201500002228;15;4;4;1800;1;1;1;8;6;337;;M;0.0;0.0;720
2017;201500002229;15;4;23;2100;3;1;1;1;1;273;;M;0.0;0.0;720
2018;201500002230;15;5;7;1815;1;1;1;1;3;2;;M;0.0;0.0;720
2019;201500002231;15;5;17;1615;1;1;1;1;7;294;;M;0.0;0.0;720
2020;201500002232;15;5;20;1400;1;2;1;2;1;29;rue tertre de chaligné;M;0.0;0.0;720
2021;201500002233;15;6;20;900;1;1;2;1;3;11;;M;0.0;0.0;720
2022;201500002234;15;7;1;830;1;1;1;1;1;199;;M;0.0;0.0;720
2023;201500002235;15;8;2;415;3;1;1;1;6;282;;M;0.0;0.0;720
2024;201500002236;15;9;19;1045;1;2;6;3;6;6;rue d'Alençon;M;0.0;0.0;720
2025;201500002237;15;11;7;945;1;1;1;1;1;141;;M;0.0;0.0;720
2026;201500002238;15;11;24;745;5;2;1;2;1;6;route du Mans;M;0.0;0.0;720
2027;201500002239;15;12;29;1100;1;1;1;7;6;29;;M;0.0;0.0;720
2028;201500002241;15;4;29;1815;1;1;1;1;2;23;LA CROIX GATE;M;4653982.0;-116864.0;850
2029;201500002242;15;5;19;1745;1;1;1;1;3;135;41 RUE E. DE LA BOULAYE;M;4653301.0;-121621.0;850
2030;201500002243;15;6;12;1130;1;1;1;2;3;213;LA MOLLERIE;M;4663281.0;-133261.0;850
2031;201500002244;15;6;18;2315;3;1;1;1;7;93;LA BRUNIERE;M;4666411.0;-126882.0;850
2032;201500002245;15;8;18;1615;1;1;2;1;1;61;;M;0.0;0.0;850
2033;201500002246;15;9;24;1315;1;1;1;1;1;61;;M;4657900.0;-128100.0;850
2034;201500002247;15;10;19;2300;3;1;1;1;6;175;;M;4660500.0;-118800.0;850
2035;201500002248;15;11;16;1200;1;1;1;1;2;135;;M;4654355.0;-124116.0;850
2036;201500002249;15;12;29;1215;1;1;1;7;1;36;;M;4646988.0;-127727.0;850
2037;201500002250;15;3;4;945;1;2;1;1;5;34;RUE JEAN GROLLEAU;M;4663359.0;-116763.0;850
2038;201500002252;15;6;27;1800;1;1;1;1;6;84;ROUTE DE LA MERLATIERE;M;4676975.0;-126544.0;850
2039;201500002253;15;6;26;1730;1;1;1;1;1;142;LES REMIGERES;M;4674899.0;-126163.0;850
2040;201500002254;15;8;4;845;1;1;1;7;3;89;;M;0.0;0.0;850
2041;201500002257;15;11;15;1700;1;1;1;1;1;51;;M;4668600.0;-106600.0;850
2042;201500002258;15;11;22;600;3;2;1;2;7;34;Lieu dit l'Etang;M;4663818.0;-115657.0;850
2043;201500002259;15;2;18;1900;5;2;1;1;1;153;RUE JEAN YOLE;M;4678489.0;-106580.0;850
2044;201500002260;15;3;22;2145;3;1;1;1;6;64;;M;4682882.0;-128855.0;850
2045;201500002261;15;4;11;1530;1;2;1;1;6;109;37 RUE DE BEAUREPAIRE;M;4687356.0;-102200.0;850
2046;201500002264;15;6;21;645;1;1;1;1;6;17;LE CHIRON;M;4691559.0;-107849.0;850
2047;201500002265;15;6;27;2000;1;1;2;1;3;38;;M;4688270.0;-131321.0;850
2048;201500002266;15;10;11;245;3;1;1;1;1;186;;M;0.0;0.0;850
2049;201500002267;15;10;26;845;1;1;1;1;2;153;;M;4675300.0;-111000.0;850
2050;201500002268;15;1;19;1245;1;1;1;1;7;224;LE BOIS PIN;M;4700130.0;-128854.0;850
2051;201500002269;15;2;18;30;3;1;1;1;6;107;;M;4696488.0;-127742.0;850
2052;201500002270;15;4;17;1845;1;2;1;1;1;224;6 RUE DE NANTES;M;4700246.0;-133238.0;850
2053;201500002271;15;6;19;1945;1;1;1;1;6;39;;M;4701579.0;-117413.0;850
2054;201500002272;15;9;10;2145;3;1;1;1;7;295;;M;0.0;0.0;850
2055;201500002273;15;10;5;1330;1;1;1;3;1;217;;M;4695600.0;-129300.0;850
2056;201500002274;15;11;5;1245;1;2;1;2;1;217;chemin de la prison;M;4695400.0;-129800.0;850
2057;201500002275;15;11;9;2130;3;1;1;5;6;39;;M;4704276.0;-121719.0;850
2058;201500002276;15;11;20;1645;2;1;1;3;6;295;Rue Charles De Gaulle;M;4698551.0;-121944.0;850
2059;201500002277;15;12;11;2315;3;1;1;5;2;224;;M;4699900.0;-132600.0;850
2060;201500002278;15;12;23;1615;1;1;3;1;1;262;;M;4700292.0;-147002.0;850
2061;201500002279;15;1;24;2100;3;1;1;1;3;97;;M;4695300.0;-108453.0;850
2062;201500002280;15;5;14;1500;1;1;1;1;5;97;LA PAGERIE;M;4695081.0;-41742.0;850
2063;201500002281;15;5;19;845;1;2;6;1;6;151;GIRATOIRE SOLEIL LEVANT;M;4699633.0;-94549.0;850
2064;201500002282;15;6;8;2115;2;1;1;7;6;302;;M;4694874.0;-96040.0;850
2065;201500002283;15;9;18;1815;1;1;2;1;3;247;;M;0.0;0.0;850
2066;201500002284;15;10;17;1315;1;1;2;1;5;151;;M;0.0;0.0;850
2067;201500002285;15;10;30;1630;1;1;2;1;3;151;;M;0.0;0.0;850
2068;201500002286;15;1;10;715;3;1;1;2;5;19;;M;4676295.0;-143082.0;850
2069;201500002287;15;1;24;830;2;1;1;2;7;155;LE VIGNEAU;M;4668910.0;-146275.0;850
2070;201500002288;15;4;6;2115;3;1;1;1;3;178;LA LOGE;M;4674460.0;-143273.0;850
2071;201500002289;15;5;1;530;2;1;1;3;6;98;LA CROIX MOREAU;M;4672931.0;-149907.0;850
2072;201500002290;15;5;4;1730;1;1;1;1;5;300;;M;4668887.0;-154765.0;850
2073;201500002291;15;6;28;1045;1;2;9;1;4;3;LE BOIS DES CLOUZIS;M;4674026.0;-159270.0;850
2074;201500002292;15;8;13;1245;1;2;9;1;3;3;Rue des Jardins;M;4673957.0;-160590.0;850
2075;201500002293;15;9;8;1730;1;1;1;1;6;19;;M;0.0;0.0;850
2076;201500002294;15;9;8;1915;1;1;1;1;1;155;;M;0.0;0.0;850
2077;201500002295;15;9;12;1130;1;1;1;1;6;3;;M;0.0;0.0;850
2078;201500002296;15;9;14;1845;1;1;2;2;3;15;;M;0.0;0.0;850
2079;201500002298;15;10;10;2100;3;1;1;1;3;15;;M;4681800.0;-148700.0;850
2080;201500002299;15;11;3;830;1;2;1;1;1;155;rue de beaupuy;M;4671723.0;-145312.0;850
2081;201500002300;15;11;3;1715;3;1;1;3;3;3;;M;4670155.0;-165737.0;850
2082;201500002301;15;11;5;530;3;1;1;1;1;3;;M;4676294.0;-165247.0;850
2083;201500002302;15;12;24;1000;1;1;1;1;7;3;;M;4670300.0;-165100.0;850
2084;201500002303;15;2;9;1630;1;2;6;1;3;92;boulevard du chail;M;4646155.0;-80141.0;850
2085;201500002305;15;7;3;1930;1;1;1;1;1;92;;M;4645600.0;-79000.0;850
2086;201500002306;15;7;15;1600;1;1;1;1;7;91;;M;4641700.0;-81900.0;850
2087;201500002307;15;9;26;1830;1;2;9;7;6;92;6 rue du chemin vers;M;0.0;0.0;850
2088;201500002308;15;12;24;1330;1;2;1;1;6;92;19 bvd du chail;M;4646215.0;-80337.0;850
2089;201500002309;15;2;20;1050;1;1;1;3;6;128;LA MAISON ROUGE;M;4648362.0;-118478.0;850
2090;201500002312;15;7;29;1745;1;1;1;1;5;42;;M;4640727.0;-98183.0;850
2091;201500002313;15;8;3;1800;1;2;2;1;3;216;rue de l'aumonerie;M;4648300.0;-111780.0;850
2092;201500002314;15;9;28;2045;3;1;1;1;1;131;;M;4648200.0;-120800.0;850
2093;201500002315;15;10;3;1900;2;1;1;1;7;111;;M;0.0;0.0;850
2094;201500002316;15;11;11;1;4;2;1;1;6;42;48 r  principale-sableau;M;4636992.0;-99550.0;850
2095;201500002317;15;1;6;1930;3;1;6;5;6;306;;M;4642194.0;-71125.0;850
2096;201500002319;15;9;18;1745;1;1;1;1;6;143;;M;4655000.0;-71900.0;850
2097;201500002320;15;2;23;1545;1;1;1;2;1;182;;M;4676178.0;-81883.0;850
2098;201500002321;15;4;16;2100;2;1;1;8;3;67;LE MOULIN BRUNET;M;4666230.0;-78939.0;850
2099;201500002322;15;4;17;1845;1;1;1;1;6;182;LA GRANGE;M;4678563.0;-81061.0;850
2100;201500002323;15;4;27;2030;1;1;2;1;3;140;LA LANDE;M;4674406.0;-87777.0;850
2101;201500002325;15;5;24;630;2;1;1;1;6;292;L'EPINAY;M;4658277.0;-82980.0;850
2102;201500002326;15;6;6;1815;1;1;1;1;6;145;BEL-AIR;M;4673050.0;-93577.0;850
2103;201500002327;15;6;12;1000;1;1;1;2;2;154;LA CROIX RENARD;M;4664251.0;-82426.0;850
2104;201500002328;15;6;27;1745;1;1;1;1;1;254;LENARDIERE;M;4678012.0;-76061.0;850
2105;201500002329;15;7;13;2100;1;2;1;1;3;147;rue des lauriers;M;4674339.0;-76141.0;850
2106;201500002330;15;7;22;1315;1;1;1;1;1;154;;M;4667632.0;-87594.0;850
2107;201500002331;15;7;29;1330;1;1;1;1;3;254;;M;4680998.0;-70303.0;850
2108;201500002333;15;11;1;2000;3;1;1;1;3;292;;M;4661295.0;-86610.0;850
2109;201500002335;15;11;14;1615;1;2;1;1;3;182;4 r ue Louis Desnouches;M;4677622.0;-82725.0;850
2110;201500002336;15;12;22;1845;3;1;1;1;1;125;;M;4659734.0;-66430.0;850
2111;201500002337;15;4;11;1900;1;1;1;1;1;205;LA BRUYERE;M;4655192.0;-86910.0;850
2112;201500002338;15;5;1;1345;1;1;1;3;6;174;RACAUDET;M;4649398.0;-91513.0;850
2113;201500002339;15;7;1;1115;1;1;1;1;2;223;;M;0.0;0.0;850
2114;201500002340;15;7;21;1230;1;1;1;1;3;181;;M;4650927.0;-94566.0;850
2115;201500002341;15;11;24;1730;4;1;1;1;1;209;;M;4653891.0;-102145.0;850
2116;201500002343;15;3;1;1945;3;1;1;1;3;130;BEL AIR;M;4678881.0;-170304.0;850
2117;201500002344;15;3;20;1345;1;1;1;2;1;47;LES GLUMINIERES;M;4679497.0;-183106.0;850
2118;201500002345;15;3;25;945;1;1;1;1;2;6;LA RABILLERIE;M;4678477.0;-173501.0;850
2119;201500002346;15;5;26;1545;1;2;1;1;6;47;22 RUE DES SABLES;M;4684077.0;-187449.0;850
2120;201500002347;15;6;2;1230;1;2;1;1;3;47;RUE DES MARZELLES;M;4684223.0;-187363.0;850
2121;201500002348;15;7;2;1645;1;1;1;7;1;130;;M;4679600.0;-170600.0;850
2122;201500002349;15;8;24;1800;1;2;1;1;1;280;Route de Beauvoir;M;4685700.0;-189400.0;850
2123;201500002350;15;8;24;500;2;1;1;3;6;130;;M;0.0;0.0;850
2124;201500002351;15;9;19;830;1;2;1;1;6;47;rd pt des bretellières;M;4685700.0;-184600.0;850
2125;201500002353;15;12;30;345;3;1;1;1;6;47;;M;4684700.0;-185300.0;850
2126;201500002354;15;1;23;515;3;1;1;1;6;250;LA CIBOULE;M;4657790.0;-170192.0;850
2127;201500002355;15;4;21;1715;1;2;1;1;3;52;RUE DE L. DE TASSIGNY;M;4659536.0;-165001.0;850
2128;201500002356;15;9;9;1700;1;1;1;1;7;161;;M;4656600.0;-153500.0;850
2129;201500002357;15;11;9;2000;5;2;1;1;3;161;rue Aimé Bure;M;4657301.0;-150978.0;850
2130;201500002358;15;6;13;1615;1;2;9;1;6;163;RUE DU ROSAIRE;M;4699964.0;-224600.0;850
2131;201500002359;15;7;6;1645;1;1;6;1;3;11;;M;4693642.0;-216723.0;850
2132;201500002360;15;9;11;900;1;2;1;1;6;106;face au 44 rue nationale;M;4697200.0;-222600.0;850
2133;201500002361;15;1;8;1600;1;1;1;1;3;35;LA BASSE FONTAINE;M;4664745.0;-184074.0;850
2134;201500002362;15;1;12;1830;3;1;1;1;6;189;CHEMIN DE L'ILE;M;4675771.0;-191965.0;850
2135;201500002363;15;3;8;1600;1;1;1;1;5;88;CHEMIN DU CHAMP DE BUZIN;M;4670107.0;-187816.0;850
2136;201500002364;15;3;8;1900;2;2;2;1;3;226;AVENUE DE LA FORET;M;4671958.0;-196260.0;850
2137;201500002365;15;3;16;1715;1;1;3;1;3;226;ROUTE NOTRE DAME DE RIEZ;M;4673958.0;-194077.0;850
2138;201500002366;15;5;19;1900;1;2;1;1;6;70;13 RUE DE L'ATLANTIQUE;M;4667915.0;-176455.0;850
2139;201500002367;15;7;19;2330;3;1;2;1;1;70;;M;0.0;0.0;850
2140;201500002368;15;7;26;130;5;2;1;1;1;222;rue du bac;M;4669530.0;-194113.0;850
2141;201500002369;15;10;3;1600;1;1;3;1;3;2;;M;0.0;0.0;850
2142;201500002370;15;12;11;1800;5;2;1;8;6;226;14, avenue de la Faye;M;4672388.0;-195079.0;850
2143;201500002371;15;2;21;800;1;1;1;1;6;12;LES PIOTS;M;4686299.0;-207840.0;850
2144;201500002372;15;3;23;1230;1;2;1;1;3;234;RD 38 bis, PK 37+600;M;4679707.0;-204700.0;850
2145;201500002373;15;3;25;1600;1;2;1;1;2;234;114 ROUTE DES SABLES;M;4678988.0;-203839.0;850
2146;201500002375;15;4;19;545;2;1;1;1;6;273;;M;4689376.0;-200443.0;850
2147;201500002377;15;7;3;2115;1;1;1;1;1;29;7b rue du pays de retz;M;4697372.0;-199580.0;850
2148;201500002378;15;7;13;1545;1;1;1;1;5;18;;M;4688800.0;-208199.0;850
2149;201500002379;15;8;22;1230;1;2;1;3;1;234;47 rue du moulin cassé;M;4679965.0;-208255.0;850
2150;201500002380;15;10;23;2330;5;2;1;1;6;234;16 avenue pays de monts;M;4679408.0;-208493.0;850
2151;201500002381;15;11;19;1830;3;1;1;2;6;234;;M;4685800.0;-205900.0;850
2152;201500002382;15;3;24;1315;1;1;2;1;3;127;RUE DU MENHIR;M;4641942.0;-150188.0;850
2153;201500002383;15;3;30;230;3;1;1;2;6;288;961 RUE MOULIN DES LANDE;M;4650956.0;-156762.0;850
2154;201500002385;15;5;2;1330;1;1;1;2;3;127;;M;4643112.0;-148263.0;850
2155;201500002386;15;5;30;1030;1;1;1;1;3;278;BEAUREGARD;M;4643476.0;-154296.0;850
2156;201500002388;15;8;2;1530;1;1;1;1;1;4;;M;0.0;0.0;850
2157;201500002389;15;8;4;1145;1;1;1;1;2;288;;M;0.0;0.0;850
2158;201500002390;15;10;11;1530;1;1;1;1;5;288;;M;0.0;0.0;850
2159;201500002391;15;10;25;1045;1;2;1;1;6;206;17 rue de la Tillauderie;M;4646100.0;-133700.0;850
2160;201500002392;15;11;18;1645;2;1;1;2;6;26;route de Champs St Père;M;4654445.0;-140211.0;850
2161;201500002394;15;4;11;1445;1;1;1;1;3;42;;M;4448500.0;-79200.0;330
2162;201500002395;15;7;8;1915;1;1;1;1;7;436;Rte de la Pierre;M;4459129.0;-63944.0;330
2163;201500002396;15;11;7;1800;2;1;1;1;3;436;;M;4453200.0;-62300.0;330
2164;201500002397;15;2;23;730;3;1;1;2;5;51;;M;0.0;0.0;330
2165;201500002398;15;6;5;2200;3;1;1;1;1;284;;M;0.0;0.0;330
2166;201500002399;15;5;31;1815;1;2;6;1;1;51;av cote d'argent;M;4464576.0;-95059.0;330
2167;201500002400;15;7;20;1645;1;1;1;1;5;19;;M;0.0;0.0;330
2168;201500002401;15;3;5;845;1;2;1;1;3;312;ROUTE DE PAUILLAC;M;4496420.0;-62684.0;330
2169;201500002403;15;7;14;2215;3;2;1;1;3;56;rd 1215;M;0.0;0.0;330
2170;201500002404;15;9;7;825;1;2;3;1;6;312;R.DES PALUS;M;4494770.0;-59269.0;330
2171;201500002406;15;9;29;2015;5;2;1;1;3;312;19, rue maurice fillon;M;4494910.0;-60404.0;330
2172;201500002407;15;10;7;715;2;2;2;2;3;56;D2;M;4493721.0;-63382.0;330
2173;201500002408;15;10;19;2230;5;2;1;1;7;56;1 avenue du 11 novembre;M;4490111.0;-61741.0;330
2174;201500002409;15;10;23;800;2;2;6;1;3;519;avenue de soulac;M;4490915.0;-66892.0;330
2175;201500002410;15;11;6;1900;1;2;3;1;1;56;13 R de la Renney - Pisc;M;4491250.0;-62776.0;330
2176;201500002411;15;12;21;1645;1;1;4;1;7;56;4 rue du manège;M;4492056.0;-65695.0;330
2177;201500002413;15;7;12;1130;1;1;1;1;1;236;;M;0.0;0.0;330
2178;201500002414;15;8;26;245;5;1;1;1;7;236;;M;0.0;0.0;330
2179;201500002415;15;9;3;1130;1;1;1;1;1;236;;M;0.0;0.0;330
2180;201500002416;15;12;7;1745;2;2;1;1;6;236;75 route de Bordeaux;M;4472269.0;-120677.0;330
2181;201500002417;15;5;9;1045;1;1;6;1;2;273;D213;M;4483540.0;-80344.0;330
2182;201500002419;15;1;24;1430;1;2;1;1;2;449;RUE JEAN DUPERRIER;M;4489300.0;-71914.0;330
2183;201500002420;15;2;13;800;1;2;1;1;3;449;60 CHEMIN LAFON;M;4488160.0;-69423.0;330
2184;201500002421;15;4;20;745;1;2;1;5;3;449;09 RUE DE BELFORT;M;4489350.0;-76905.0;330
2185;201500002422;15;5;29;1800;1;2;1;1;4;449;86 Av MONTESQUIEU;M;4489548.0;-71824.0;330
2186;201500002423;15;6;8;1245;1;2;3;1;2;449;Av.Montaigne - R.Martin;M;4489345.0;-71150.0;330
2187;201500002424;15;7;5;2300;5;2;6;1;2;449;Chemin Lafon;M;4488130.0;-69705.0;330
2188;201500002425;15;7;31;730;1;2;2;1;1;449;AV MONTAIGNE/RTE CORBIAC;M;4489180.0;-70921.0;330
2189;201500002426;15;9;21;715;3;1;1;1;3;449;RD211 Av Martignas;M;4486048.0;-73565.0;330
2190;201500002427;15;10;2;1130;1;1;1;1;6;449;;M;4490114.0;-79653.0;330
2191;201500002428;15;2;12;1015;1;1;2;1;3;441;;M;4513450.0;-63806.0;330
2192;201500002430;15;3;11;700;2;2;1;1;7;325;route de l'estuaire;M;4510168.0;-64269.0;330
2193;201500002432;15;6;14;1200;1;2;1;1;1;58;102 avenue de l'hopital;M;4513488.0;-65883.0;330
2194;201500002433;15;9;7;1430;1;2;1;1;6;58;rue de l'hopital;M;4513195.0;-66192.0;330
2195;201500002435;15;10;28;715;2;1;1;1;6;101;;M;0.0;0.0;330
2196;201500002436;15;1;16;1815;5;2;1;2;3;341;Les graviers;M;0.0;0.0;330
2197;201500002437;15;4;10;1515;1;2;1;8;6;341;Lieu-dit Saint Urbain;M;4509512.0;-48130.0;330
2198;201500002438;15;10;9;2230;3;1;1;1;7;228;;M;4506856.0;-51909.0;330
2199;201500002439;15;12;3;730;2;1;1;5;3;530;;M;4509978.0;-53683.0;330
2200;201500002440;15;3;8;1930;3;1;2;1;1;159;La Merlette;M;4520982.0;-56306.0;330
2201;201500002441;15;4;11;1430;1;1;1;1;6;326;;M;4531659.0;-57645.0;330
2202;201500002443;15;1;8;1245;1;1;1;1;1;233;LD LES ROUCHES;M;4509402.0;-33446.0;330
2203;201500002445;15;5;24;130;3;1;1;1;6;382;;M;4514742.0;-47947.0;330
2204;201500002446;15;6;8;800;1;1;1;1;3;439;;M;4511303.0;-38155.0;330
2205;201500002448;15;7;19;1000;1;1;3;1;1;233;;M;4515804.0;-33792.0;330
2206;201500002449;15;9;6;1330;1;1;1;1;1;233;;M;4508230.0;-35493.0;330
2207;201500002451;15;12;25;430;3;2;1;5;6;382;lieu dit raclet;M;4512567.0;-48871.0;330
2208;201500002452;15;1;2;215;5;2;1;1;7;3;AVENUE PIERRE BARRE;M;4493170.0;-48058.0;330
2209;201500002453;15;1;7;1745;2;2;1;1;6;434;30, R Jean SABOURAIN;M;4495895.0;-52144.0;330
2210;201500002454;15;2;7;1630;1;2;1;1;6;3;RUE DE BASSENS;M;4492490.0;-49952.0;330
2211;201500002455;15;5;6;715;1;1;1;1;6;487;Av BEAUVAIS;M;4496664.0;-48125.0;330
2212;201500002456;15;5;23;2045;1;2;1;1;7;3;19 rue de jourdane;M;4493443.0;-51032.0;330
2213;201500002457;15;6;20;615;1;1;2;1;1;433;Chemin de l'Estrille;M;4490117.0;-43745.0;330
2214;201500002458;15;2;16;1600;1;2;1;1;1;554;D115, Les tabernottes;M;0.0;0.0;330
2215;201500002459;15;10;26;1945;3;1;1;1;2;49;;M;4487580.0;-39450.0;330
2216;201500002460;15;12;7;645;3;1;1;1;2;49;;M;4487595.0;-39449.0;330
2217;201500002461;15;4;6;1815;1;1;1;1;6;454;;M;4465148.0;-52498.0;330
2218;201500002462;15;5;20;1115;1;2;2;3;3;213;69 avenue du reys;M;4468089.0;-50519.0;330
2219;201500002463;15;7;11;1000;1;1;1;1;6;213;Piste cyclable D805;M;4466696.0;-53389.0;330
2220;201500002464;15;7;30;1230;1;2;1;1;1;37;RD 1113;M;4470000.0;-45018.0;330
2221;201500002465;15;8;1;345;3;1;1;1;6;37;2 route nationale 113;M;4469773.0;-47393.0;330
2222;201500002466;15;9;2;1945;1;1;1;1;1;213;;M;4467851.0;-49824.0;330
2223;201500002467;15;11;28;930;1;1;1;1;5;109;;M;4468690.0;-46306.0;330
2224;201500002468;15;12;19;1345;1;2;1;1;3;109;RD 1113;M;0.0;0.0;330
2225;201500002469;15;1;16;2000;3;1;1;2;6;93;-;M;4473974.0;-33731.0;330
2226;201500002470;15;1;27;1315;1;1;1;1;1;363;;M;4476587.0;-36787.0;330
2227;201500002471;15;4;17;1200;1;2;1;1;2;534;10 route de bordeaux;M;4471057.0;-40457.0;330
2228;201500002472;15;6;25;1530;1;1;9;7;2;140;;M;0.0;0.0;330
2229;201500002473;15;7;4;230;5;2;1;1;1;241;7 ROUTE DE BORDEAUX;M;4969568.0;-37866.0;330
2230;201500002474;15;7;6;1430;1;1;1;1;2;263;;M;0.0;0.0;330
2231;201500002475;15;9;20;1745;1;1;1;1;5;505;LD Caillou Blanc;M;4477177.0;-31725.0;330
2232;201500002476;15;1;25;230;5;2;1;1;1;165;avenue de l'entre 2 mers;M;4482533.0;-45117.0;330
2233;201500002477;15;3;14;1130;1;1;1;1;1;330;;M;4486202.0;-45868.0;330
2234;201500002478;15;11;22;130;5;1;1;1;1;496;;M;0.0;0.0;330
2235;201500002479;15;7;2;1430;1;1;5;1;3;80;;M;0.0;0.0;330
2236;201500002480;15;9;24;845;1;2;1;1;6;80;3 PLACE DE L EGLISE;M;4475565.0;-52966.0;330
2237;201500002481;15;9;25;945;1;2;1;1;3;501;65 avenue de Gaulle;M;4465348.0;-59653.0;330
2238;201500002482;15;9;29;1000;1;2;1;7;6;238;4bis rue jules guesde;M;4473239.0;-59891.0;330
2239;201500002483;15;10;6;1145;1;2;1;1;1;501;ZA DE MIGELANE;M;4468148.0;-60797.0;330
2240;201500002484;15;11;4;700;2;1;1;1;6;77;;M;4458048.0;-57572.0;330
2241;201500002485;15;4;9;1530;1;1;2;1;3;337;;M;4455065.0;-31690.0;330
2242;201500002486;15;7;31;1000;1;2;1;2;1;40;RD13  route de cardan;M;4465282.0;-31851.0;330
2243;201500002488;15;10;17;2045;3;1;1;1;6;81;;M;0.0;0.0;330
2244;201500002490;15;2;28;1915;3;1;1;2;1;495;Av.Pierre Mendes-France;M;4501471.0;-38989.0;330
2245;201500002491;15;6;7;15;3;1;3;1;5;425;;M;4504780.0;-47034.0;330
2246;201500002493;15;8;6;1830;1;1;1;1;3;366;Ch du pas de Monac;M;4499192.0;-42304.0;330