;Num_Acc;an;mois;jour;hrmn;lum;agg;int;atm;col;com;adr;gps;lat;long;dep
2247;201500002494;15;1;24;500;3;1;1;1;7;367;D228;M;4461211.0;-17616.0;330
2248;201500002495;15;3;25;600;1;1;1;1;3;357;;M;4451090.0;-26908.0;330
2249;201500002496;15;4;8;1115;1;2;1;1;3;227;ZI DUMES;M;4454030.0;-24202.0;330
2250;201500002497;15;4;29;1800;1;2;1;1;1;533;RD 1113;M;4455824.0;-26106.0;330
2251;201500002498;15;4;30;1030;1;1;1;1;4;130;;M;4452037.0;-19918.0;330
2252;201500002499;15;9;21;1800;1;2;1;1;1;227;50, rue Abel Gourgues;M;4455282.0;-25438.0;330
2253;201500002500;15;10;10;1730;1;1;3;1;3;435;;M;4456581.0;-23741.0;330
2254;201500002501;15;10;22;1615;1;1;6;1;3;279;giratoire N524;M;4451578.0;-23945.0;330
2255;201500002502;15;11;21;345;3;1;1;3;6;237;;M;4451800.0;-33060.0;330
2256;201500002504;15;2;20;945;1;1;1;1;6;178;Lieu-dit Andrieux;M;4443691.0;-15578.0;330
2257;201500002505;15;7;8;1230;1;2;5;1;6;36;R Paul Lamarque;M;4443210.0;-21640.0;330
2258;201500002506;15;6;10;1245;1;1;1;2;6;316;;M;4474358.0;6279.0;330
2259;201500002507;15;6;7;1530;1;1;1;1;7;404;;M;4461437.0;6604.0;330
2260;201500002508;15;6;16;1700;1;1;1;1;1;400;;M;4469952.0;9353.0;330
2261;201500002509;15;6;19;945;1;1;2;1;2;481;Lieu-diit Bardot;M;4464031.0;5065.0;330
2262;201500002512;15;4;10;1145;1;2;1;1;7;352;RUE DES REMPARTS;M;4458316.0;-3396.0;330
2263;201500002513;15;5;27;1030;1;1;1;1;7;216;;M;4446517.0;-12619.0;330
2264;201500002514;15;6;20;1400;1;1;1;1;1;21;;M;0.0;0.0;330
2265;201500002515;15;10;14;1000;1;1;1;1;1;331;;M;4453545.0;-7792.0;330
2266;201500002516;15;11;14;1400;1;1;1;2;6;352;;M;4456911.0;-4893.0;330
2267;201500002517;15;11;19;2245;3;1;1;2;6;21;;M;4451561.0;-18030.0;330
2268;201500002518;15;11;25;645;3;1;2;2;3;72;;M;4452464.0;-13586.0;330
2269;201500002519;15;7;21;1215;1;2;1;1;7;484;RD 220E2 let Caillou;M;0.0;0.0;330
2270;201500002520;15;2;28;1645;1;1;1;2;6;215;;M;4469836.0;-24116.0;330
2271;201500002521;15;3;7;1200;1;1;1;1;7;506;;M;4469637.0;-8044.0;330
2272;201500002522;15;3;22;1800;1;2;3;1;3;506;12 bld du 11 novembre 18;M;4469477.0;-8441.0;330
2273;201500002523;15;4;5;830;1;2;1;1;7;43;LE BOURG;M;0.0;0.0;330
2274;201500002524;15;6;22;730;1;1;1;1;1;8;CHEMIN DE BENAUGE;M;4466477.0;-26624.0;330
2275;201500002525;15;7;10;1045;1;1;1;1;5;482;;M;0.0;0.0;330
2276;201500002526;15;8;12;2030;2;1;1;1;3;275;;M;4470360.0;-16666.0;330
2277;201500002527;15;6;10;1600;1;1;2;1;3;681;;M;0.0;0.0;20
2278;201500002528;15;2;1;630;3;1;1;1;6;128;;M;4535292.0;-91698.0;330
2279;201500002529;15;2;15;1745;1;2;1;1;1;240;Avenue Mendes France;M;4531297.0;-94132.0;330
2280;201500002530;15;3;10;2015;2;1;1;1;1;38;;M;0.0;0.0;330
2281;201500002531;15;4;23;1145;1;2;9;1;1;240;Av. de BORDEAUX;M;4529757.0;-93036.0;330
2282;201500002532;15;7;7;1330;1;2;1;1;3;240;Ch de Fongrouse;M;4529554.0;-92540.0;330
2283;201500002533;15;7;25;1445;1;1;1;1;3;300;Piste n°200;M;4526097.0;-114518.0;330
2284;201500002536;15;9;25;2200;3;1;1;1;1;177;;M;0.0;0.0;330
2285;201500002537;15;10;2;700;2;2;1;1;3;240;Rue Paul VIGNAU;M;4530151.0;-93570.0;330
2286;201500002538;15;10;13;815;2;2;3;8;3;240;3, rue Eugène Coiffard;M;4530169.0;-92373.0;330
2287;201500002539;15;10;16;2100;3;1;2;1;3;55;;M;4532593.0;-88362.0;330
2288;201500002540;15;11;24;1035;1;1;1;2;4;177;D1215 - LD GADET;M;4532880.0;-96966.0;330
2289;201500002541;15;12;7;1445;1;1;1;1;6;240;24 Cr Jean Jaures;M;4530603.0;-93447.0;330
2290;201500002542;15;2;10;1900;1;1;1;1;1;248;;M;4506535.0;-79523.0;330
2291;201500002543;15;3;13;1845;2;1;1;1;2;417;D6;M;4496926.0;-92596.0;330
2292;201500002544;15;7;10;1140;1;1;2;1;3;297;D5;M;4508690.0;-73998.0;330
2293;201500002545;15;8;14;1815;1;1;1;1;1;494;;M;4542205.0;-98605.0;330
2294;201500002548;15;11;3;1600;1;1;1;2;6;12;D1215E1;M;4498156.0;-73825.0;330
2295;201500002549;15;1;30;1445;1;1;1;8;3;314;;M;4518162.0;-77021.0;330
2296;201500002550;15;6;20;2315;3;1;2;1;3;395;;M;4525843.0;-80263.0;330
2297;201500002551;15;7;6;930;1;2;1;1;3;424;R du DR Destouesse;M;4514726.0;-82510.0;330
2298;201500002552;15;7;26;1645;1;2;6;1;7;314;RD 205;M;0.0;0.0;330
2299;201500002553;15;9;5;2215;3;1;1;1;1;424;;M;0.0;0.0;330
2300;201500002554;15;10;14;745;1;1;1;1;5;314;;M;4520676.0;-75599.0;330
2301;201500002556;15;10;14;715;2;1;2;1;1;541;;M;4541552.0;-103519.0;330
2302;201500002557;15;11;1;1815;5;1;1;1;6;208;D103;M;4542205.0;-98601.0;330
2303;201500002558;15;5;14;1815;1;2;2;1;3;15;Port du Noyer;M;4491004.0;-25804.0;330
2304;201500002559;15;7;12;2000;1;1;1;1;6;15;;M;0.0;0.0;330
2305;201500002560;15;8;11;745;1;1;3;1;1;52;;M;4495949.0;-23994.0;330
2306;201500002561;15;9;17;1830;1;1;3;1;3;15;;M;0.0;0.0;330
2307;201500002562;15;9;19;1145;1;1;3;1;1;222;;M;4495458.0;-18762.0;330
2308;201500002563;15;11;4;2015;5;1;3;1;1;222;;M;4494135.0;-20772.0;330
2309;201500002565;15;12;13;645;3;1;1;2;2;222;;M;0.0;0.0;330
2310;201500002566;15;12;27;1130;1;2;1;1;6;243;14 Av Général de Gaulle;M;4490713.0;-23136.0;330
2311;201500002567;15;1;25;1;3;1;1;9;1;298;;M;4488715.0;-21959.0;330
2312;201500002568;15;2;3;1700;1;1;1;1;3;141;;M;4483570.0;-34278.0;330
2313;201500002569;15;4;12;1030;1;2;1;1;6;466;24 ROUTE DE GENISSAC;M;4482545.0;-29218.0;330
2314;201500002570;15;5;10;1830;2;2;1;1;6;296;128 route de piquessegue;M;4483595.0;-577.0;330
2315;201500002571;15;6;15;1730;1;1;1;1;6;413;;M;4484880.0;-34218.0;330
2316;201500002572;15;6;14;1800;1;1;3;1;1;531;;M;4481780.0;-25372.0;330
2317;201500002573;15;8;17;1445;1;1;1;1;2;421;2, R Le Plantey;M;4481286.0;-14169.0;330
2318;201500002574;15;8;22;2230;5;2;2;1;3;466;lieu dit magrine;M;0.0;0.0;330
2319;201500002575;15;9;12;815;1;1;1;2;1;185;;M;4486424.0;-25405.0;330
2320;201500002576;15;9;21;1400;1;1;1;1;6;147;Pis Cycl R.LAPEBIE;M;4479012.0;-23332.0;330
2321;201500002577;15;11;28;1045;1;1;1;1;3;71;;M;0.0;0.0;330
2322;201500002578;15;12;14;1815;3;2;1;1;2;185;D121 ROUTE DU STADE;M;4486295.0;-25537.0;330
2323;201500002579;15;3;10;1815;1;1;1;1;5;394;RD670E5;M;4486992.0;-14814.0;330
2324;201500002580;15;7;19;1245;1;1;2;1;5;328;;M;0.0;0.0;330
2325;201500002581;15;9;28;1845;2;1;1;1;1;261;;M;4498997.0;-9063.0;330
2326;201500002582;15;10;30;1130;1;1;1;1;2;394;;M;0.0;0.0;330
2327;201500002583;15;5;17;1015;1;1;3;1;1;154;;M;4508959.0;-5292.0;330
2328;201500002584;15;5;15;1000;1;1;1;1;6;385;;M;4510058.0;-417.0;330
2329;201500002585;15;8;17;245;3;1;1;1;6;154;Lieu-dit POIRASSE;M;4507821.0;-4121.0;330
2330;201500002586;15;11;29;600;5;1;1;1;1;332;;M;4502548.0;32.0;330
2331;201500002587;15;12;24;1630;1;1;1;1;7;166;;M;4503444.0;-2864.0;330
2332;201500002588;15;5;20;1145;1;2;9;1;6;393;quai de l'église;M;4499198.0;-20768.0;330
2333;201500002589;15;7;31;1615;1;1;1;1;1;393;;M;0.0;0.0;330
2334;201500002590;15;8;27;2030;1;1;1;1;6;230;;M;0.0;0.0;330
2335;201500002591;15;9;13;1500;1;1;1;8;3;218;D17;M;4508733.0;-16016.0;330
2336;201500002592;15;10;10;2145;5;2;1;1;6;393;96 ROUTE DE PARIS;M;4498879.0;-20795.0;330
2337;201500002593;15;11;15;1;3;1;1;5;1;393;;M;4498596.0;-20784.0;330
2338;201500002594;15;12;17;1800;3;1;1;1;1;362;;M;0.0;0.0;330
2339;201500002595;15;2;7;2015;3;1;1;1;6;324;;M;4483020.0;23465.0;330
2340;201500002596;15;6;11;1200;1;1;1;1;1;186;;M;4479381.0;6533.0;330
2341;201500002597;15;12;27;1945;3;1;1;1;6;269;;M;4476695.0;25023.0;330
2342;201500002598;15;5;31;1845;1;1;1;1;1;259;;M;0.0;0.0;330
2343;201500002599;15;6;29;1745;1;1;1;1;3;219;;M;0.0;0.0;330
2344;201500002600;15;7;21;2145;3;1;1;1;7;317;;M;0.0;0.0;330
2345;201500002601;15;10;6;1715;1;1;1;9;2;451;;M;4494550.0;-28720.0;330
2346;201500002602;15;10;12;745;2;2;1;1;6;219;130 rte la commanderie;M;4498025.0;-38005.0;330
2347;201500002603;15;3;5;1200;1;1;1;1;1;13;LA CHIÈZE;M;4513850.0;75609.0;240
2348;201500002605;15;12;10;2100;3;1;1;1;7;115;LA MONNERIE;M;4526100.0;68297.0;240
2349;201500002606;15;3;8;1830;1;1;1;1;7;42;;M;4528870.0;67085.0;240
2350;201500002607;15;3;20;2315;3;1;1;5;7;64;;M;4537540.0;68641.0;240
2351;201500002608;15;5;2;1845;1;2;1;2;1;64;;M;4536000.0;66670.0;240
2352;201500002609;15;5;3;2100;1;1;1;1;6;2;FONTROUBADE;M;4530410.0;73698.0;240
2353;201500002610;15;7;11;1430;1;1;1;1;1;579;MOULIN DU ROC;M;4542930.0;49429.0;240
2354;201500002611;15;7;19;2000;1;1;1;1;1;79;MARGNAC;M;4542020.0;64853.0;240
2355;201500002612;15;7;27;915;1;1;1;1;5;42;;M;4528610.0;67156.0;240
2356;201500002613;15;1;10;1115;1;1;1;2;1;372;LA BASSE VAURE;M;4513230.0;51132.0;240
2357;201500002614;15;3;7;1345;1;1;1;1;1;372;LA COMBETTE;M;4516150.0;54972.0;240
2358;201500002615;15;3;10;1530;1;1;1;1;6;442;;M;4510540.0;49813.0;240
2359;201500002616;15;4;20;1745;1;1;1;1;3;108;LES BOIGES;M;4522720.0;63280.0;240
2360;201500002617;15;5;3;1730;1;1;1;1;6;108;FEYTAUD;M;4523590.0;65234.0;240
2361;201500002618;15;5;13;1230;1;1;1;1;2;372;Z.A. LA SERVE;M;4514870.0;54098.0;240
2362;201500002619;15;5;20;1900;1;1;1;1;2;372;LA VAURE;M;4513180.0;50905.0;240
2363;201500002620;15;5;26;1215;1;2;6;1;3;10;ROND POINT RD3E6 - RD3;M;4517270.0;59241.0;240
2364;201500002621;15;7;14;1645;1;1;1;1;5;236;SIRIEX;M;4519510.0;56684.0;240
2365;201500002622;15;1;5;1330;1;1;1;1;6;120;LES GR?ZAUDOUX;M;4527650.0;111513.0;240
2366;201500002623;15;5;13;1745;1;1;1;1;6;550;LA RIVIÈRE;M;4512010.0;109538.0;240
2367;201500002624;15;7;11;2130;3;1;1;1;6;308;LE VACHET;M;4532620.0;87175.0;240
2368;201500002625;15;7;18;1345;1;1;1;1;7;417;LES VIGNES BASSES;M;4534050.0;100292.0;240
2369;201500002626;15;8;1;2245;5;2;1;1;6;164;37 AV DU DOCTEUR RABAUD;M;4533680.0;104516.0;240
2370;201500002627;15;8;29;1415;1;1;1;1;7;417;;M;4534310.0;98562.0;240
2371;201500002628;15;10;30;1100;1;1;1;1;1;19;VEYRE;M;4516990.0;112477.0;240
2372;201500002629;15;1;5;15;3;1;1;5;6;259;LES SARRAZIES;M;4490410.0;46467.0;240
2373;201500002630;15;4;22;1430;1;1;2;1;3;487;LES FEROUX;M;4486180.0;32494.0;240
2374;201500002631;15;5;2;1700;1;1;1;2;4;182;LE MAINE;M;4487990.0;23693.0;240
2375;201500002632;15;5;18;715;1;1;1;1;6;499;;M;4487750.0;59440.0;240
2376;201500002633;15;6;12;1830;1;1;3;1;2;340;LE TUQUET;M;4485080.0;42564.0;240
2377;201500002634;15;8;12;2315;3;1;1;2;6;277;MALEVIEILLE;M;4489410.0;24996.0;240
2378;201500002635;15;8;21;1730;1;1;1;1;3;242;LA FONT DE SOULE;M;4491380.0;61814.0;240
2379;201500002636;15;9;2;1245;1;1;1;1;1;472;LES MARROUX;M;4480550.0;56474.0;240
2380;201500002637;15;1;5;1045;1;1;1;1;1;68;LA GARRIGUE;M;4484410.0;83321.0;240
2381;201500002638;15;4;16;900;1;1;1;1;1;290;LA BABÉE;M;4475350.0;87435.0;240
2382;201500002639;15;5;10;1730;1;1;1;1;4;68;ROUTE DE BERGERAC;M;4484580.0;89681.0;240
2383;201500002640;15;5;31;1700;1;1;1;1;7;80;;M;4468410.0;99004.0;240
2384;201500002641;15;3;7;1800;1;1;1;1;6;23;LES FONTENILLES;M;4483630.0;68884.0;240
2385;201500002642;15;11;3;1745;2;2;1;2;7;223;BD DE LA RÉSISTANCE;M;4483640.0;73613.0;240
2386;201500002643;15;5;14;1115;1;2;1;1;2;194;AVENUE DE LA RÉPUBLIQUE;M;4483663.0;33274.0;240
2387;201500002644;15;6;24;1100;1;2;1;1;1;225;RD 936;M;4484270.0;38018.0;240
2388;201500002645;15;8;1;1430;1;1;2;1;3;274;POULVERE;M;4480480.0;49209.0;240
2389;201500002646;15;8;19;745;1;1;1;1;6;274;LE CAILLOU;M;4480200.0;49200.0;240
2390;201500002647;15;10;18;1430;1;1;1;2;3;282;;M;4472210.0;55542.0;240
2391;201500002648;15;10;16;800;1;2;9;1;1;167;ROUTE DES COTES;M;4467550.0;39702.0;240
2392;201500002649;15;12;10;1700;2;1;1;1;2;274;;M;4481110.0;47453.0;240
2393;201500002651;15;12;27;1745;2;2;1;1;1;370;RUE DU PERICOU;M;4484580.0;16224.0;240
2394;201500002652;15;10;4;1730;1;2;3;2;1;498;LE BOURG;M;4554320.0;81497.0;240
2395;201500002653;15;10;8;730;1;1;1;1;6;458;MERIGNAC;M;4554630.0;63989.0;240
2396;201500002654;15;2;8;1130;1;1;1;1;6;227;LA BASSE MERLE;M;4536610.0;112672.0;240
2397;201500002655;15;4;5;645;2;1;1;1;6;8;LA POUGE;M;4544140.0;114372.0;240
2398;201500002656;15;7;25;2045;2;1;1;1;1;95;LE MAS;M;4551320.0;93402.0;240
2399;201500002657;15;8;2;1130;1;1;1;1;6;218;;M;4549600.0;106500.0;240
2400;201500002658;15;9;5;815;1;1;1;1;6;519;LA POMELIE;M;4546300.0;113400.0;240
2401;201500002659;15;11;1;1045;1;1;1;7;1;453;;M;4546280.0;86880.0;240
2402;201500002660;15;12;4;930;1;1;1;1;6;8;L'HEPITAL;M;4543080.0;114225.0;240
2403;201500002661;15;7;13;2330;3;1;1;1;7;352;GAYET;M;4523330.0;32174.0;240
2404;201500002663;15;10;31;1600;1;1;1;1;7;90;;M;4530410.0;41590.0;240
2405;201500002664;15;11;3;1545;1;2;1;8;1;352;RUE DE VERDUN;M;4524500.0;33379.0;240
2406;201500002665;15;11;8;1500;1;1;1;1;6;482;;M;4530230.0;27516.0;240
2407;201500002666;15;11;8;2300;3;1;1;1;1;586;;M;4528150.0;34943.0;240
2408;201500002667;15;11;29;2100;5;2;2;1;3;352;BD FRANÇOIS MITTERAND;M;4524940.0;33539.0;240
2409;201500002669;15;4;11;1930;1;1;2;1;3;449;BÉNÉVENT;M;4502100.0;25099.0;240
2410;201500002670;15;4;13;1230;1;2;1;1;6;418;RUE DU CENTRE;M;4513740.0;44774.0;240
2411;201500002671;15;5;2;2215;5;2;1;2;6;294;RUE ANDRE MALRAUX;M;4502150.0;16626.0;240
2412;201500002673;15;6;30;800;1;2;1;1;6;294;RUE THIERS;M;4500990.0;16022.0;240
2413;201500002674;15;7;15;45;5;2;1;1;7;380;LE BOURG;M;4507760.0;20973.0;240
2414;201500002675;15;8;2;645;1;2;1;1;7;299;ROUTE DE BOST;M;4503380.0;37202.0;240
2415;201500002676;15;10;10;2145;5;2;2;1;3;294;RUE LABORDE/VERDUN;M;4500900.0;16041.0;240
2416;201500002677;15;7;30;1715;1;1;1;1;1;159;LONDEIX;M;4512130.0;20800.0;240
2417;201500002678;15;10;31;1915;3;1;1;1;6;118;LA PLANCHE;M;4521280.0;10400.0;240
2418;201500002679;15;5;22;1415;1;1;1;1;6;577;LA PIERRE DU DIABLE;M;4485200.0;120452.0;240
2419;201500002680;15;6;3;1715;1;1;1;1;1;255;LA RIGAUDIE;M;4495220.0;111203.0;240
2420;201500002681;15;6;21;2215;2;1;1;1;6;50;PEYREPLATE;M;4494440.0;140728.0;240
2421;201500002682;15;11;19;1030;1;1;1;2;6;366;;M;4490850.0;113997.0;240
2422;201500002683;15;11;21;900;1;1;1;1;1;355;LE GAILLARDOU;M;4481670.0;121398.0;240
2423;201500002684;15;2;17;1115;1;1;1;1;7;35;FONGALOP;M;4472634.0;96080.0;240
2424;201500002685;15;2;22;1730;1;1;1;1;3;375;;M;4472490.0;126798.0;240
2425;201500002686;15;4;10;1545;1;2;1;1;1;86;LA CHAPELLE PECHAUD;M;4477800.0;111704.0;240
2426;201500002687;15;5;17;800;1;2;6;1;3;91;LE BOURG;M;4479770.0;120410.0;240
2427;201500002688;15;5;19;1730;1;1;1;1;1;152;;M;4482180.0;122683.0;240
2428;201500002689;15;3;23;730;1;2;1;1;6;510;LE TIRADOU;M;4483650.0;111369.0;240
2429;201500002690;15;4;9;1845;1;1;1;1;1;142;SAINT-GEORGES;M;4487160.0;98793.0;240
2430;201500002691;15;4;18;1700;1;1;1;1;7;67;;M;4493710.0;90745.0;240
2431;201500002694;15;7;18;945;1;1;2;1;3;67;LA CLUZE;M;4490850.0;94167.0;240
2432;201500002695;15;7;24;1845;1;2;3;1;3;356;LA MÉNIQUE;M;4504060.0;98237.0;240
2433;201500002696;15;1;1;515;3;1;1;1;7;326;LA ROUSSERIE;M;4498540.0;107784.0;240
2434;201500002697;15;3;24;145;3;1;1;1;6;14;LE PIGEONNIER;M;4508140.0;118743.0;240
2435;201500002699;15;8;2;1715;1;2;1;1;2;547;PONT DE L'EUROPE;M;4512960.0;131196.0;240
2436;201500002700;15;12;2;800;1;1;1;1;1;273;;M;4353589.0;-142592.0;400
2437;201500002702;15;3;14;730;2;1;1;1;6;58;;M;4408832.0;-47124.0;400
2438;201500002703;15;4;12;1830;1;1;1;1;6;169;;M;4420664.0;-16185.0;400
2439;201500002705;15;8;11;1630;1;1;1;1;6;320;;M;4396392.0;-52988.0;400
2440;201500002706;15;9;26;1130;1;2;1;1;3;56;CD 651;M;4404380.0;-53562.0;400
2441;201500002707;15;11;15;815;2;1;1;5;1;105;;M;4407961.0;-67592.0;400
2442;201500002708;15;12;6;1615;1;1;1;1;6;81;;M;4401513.0;-52697.0;400
2443;201500002710;15;12;10;1245;1;1;1;1;6;250;;M;4394237.0;-40390.0;400
2444;201500002711;15;12;19;530;3;1;1;1;6;245;;M;4404550.0;-32161.0;400
2445;201500002712;15;1;15;730;3;1;9;1;7;142;;M;4383729.0;-102877.0;400
2446;201500002713;15;1;31;1415;1;1;1;4;7;230;;M;4376954.0;-95873.0;400
2447;201500002714;15;2;23;1130;1;1;1;2;1;309;;M;4378826.0;-72207.0;400
2448;201500002715;15;3;25;745;2;1;1;1;2;313;;M;4383120.0;-82574.0;400
2449;201500002716;15;3;31;1445;1;1;1;3;7;243;;M;4395501.0;-98469.0;400
2450;201500002718;15;9;7;1900;1;1;1;1;2;230;;M;4376258.0;-96815.0;400
2451;201500002719;15;12;29;945;2;1;1;5;2;31;;M;4382658.0;-85284.0;400
2452;201500002720;15;1;13;1830;3;1;1;1;1;123;;M;4383305.0;-110206.0;400
2453;201500002722;15;5;10;330;3;1;1;1;7;277;;M;4367309.0;-103437.0;400
2454;201500002723;15;5;18;1830;2;2;1;1;6;202;ROUTE D'ORTHEZ;M;4369333.0;-101079.0;400
2455;201500002724;15;10;2;2030;3;1;1;1;3;244;;M;4370487.0;-117339.0;400
2456;201500002727;15;1;14;745;2;1;3;1;3;36;;M;4362415.0;-137978.0;400
2457;201500002728;15;8;21;1400;1;2;1;1;6;65;37 Bd du Docteur Junqua;M;4364176.0;-142694.0;400
2458;201500002729;15;8;23;330;3;2;1;2;6;296;route d'Yrache;M;4368061.0;-137168.0;400
2459;201500002730;15;9;26;1100;1;2;1;1;7;133;RD810 - LABENNE;M;4358397.0;-143151.0;400
2460;201500002731;15;11;10;2215;3;1;1;1;1;296;;M;4367680.0;-141812.0;400
2461;201500002732;15;6;16;1815;1;1;2;1;3;150;;M;4386530.0;-132666.0;400
2462;201500002733;15;8;21;1515;1;1;1;1;5;123;;M;4382608.0;-109651.0;400
2463;201500002734;15;2;26;1445;1;1;1;2;6;201;;M;4374457.0;-72559.0;400
2464;201500002735;15;4;17;15;3;1;1;1;7;2;;M;4360101.0;-76896.0;400
2465;201500002736;15;4;24;1900;1;1;1;1;3;205;;M;4371845.0;-81646.0;400
2466;201500002738;15;11;27;1800;5;2;2;2;5;126;route du bastarot;M;4370529.0;-94094.0;400
2467;201500002739;15;11;27;1945;3;1;1;2;6;228;;M;4363879.0;-83613.0;400
2468;201500002740;15;2;5;1900;3;1;1;1;1;183;;M;4364445.0;-94441.0;400
2469;201500002741;15;4;6;1330;1;1;1;1;6;118;;M;4356716.0;-93727.0;400
2470;201500002742;15;4;25;530;3;1;1;2;6;132;;M;4354904.0;-101542.0;400
2471;201500002743;15;5;2;1945;1;1;1;1;6;231;;M;4358192.0;-115659.0;400
2472;201500002744;15;6;20;1615;1;2;1;1;1;34;511 route moulin à vent;M;4359236.0;-111676.0;400
2473;201500002746;15;7;16;1245;1;1;1;1;3;206;;M;4351899.0;-110667.0;400
2474;201500002747;15;7;28;1030;1;1;1;1;1;120;;M;4354078.0;-112794.0;400
2475;201500002748;15;8;24;1015;1;2;1;1;6;224;3 rue gambetta;M;4354425.0;-110541.0;400
2476;201500002749;15;9;23;1645;1;2;1;1;3;224;D817, PK 16+800;M;4355030.0;-112312.0;400
2477;201500002750;15;9;30;700;2;1;1;1;7;233;;M;4361688.0;-101693.0;400
2478;201500002751;15;10;27;1845;3;1;1;2;3;77;;M;4354476.0;-107644.0;400
2479;201500002752;15;10;31;2315;3;1;1;5;7;254;;M;4354003.0;-104418.0;400
2480;201500002753;15;11;1;1330;1;1;1;1;2;212;RD 817;M;4355747.0;-114596.0;400
2481;201500002754;15;11;19;2030;3;1;6;1;6;95;;M;4360736.0;-90941.0;400
2482;201500002755;15;12;25;45;3;1;1;1;6;231;;M;4357616.0;-116218.0;400
2483;201500002756;15;4;3;1400;1;1;1;1;7;310;;M;4376788.0;-130649.0;400
2484;201500002757;15;6;27;1715;1;2;2;7;3;284;RD 810, 325 rte de bayon;M;4365652.0;-131366.0;400
2485;201500002758;15;7;14;1630;1;1;1;1;3;181;;M;4382432.0;-137209.0;400
2486;201500002760;15;10;11;1945;2;2;3;1;1;284;avenue d'aspremont;M;4365885.0;-130030.0;400
2487;201500002761;15;10;29;1945;3;1;1;1;6;261;;M;4367361.0;-126699.0;400
2488;201500002762;15;11;2;755;1;1;1;1;1;310;;M;4373734.0;-129521.0;400
2489;201500002763;15;5;19;2245;5;1;1;2;6;273;;M;4352424.0;-140891.0;400
2490;201500002764;15;5;27;1630;1;2;1;1;3;312;28 allée des érables;M;4354631.0;-148868.0;400
2491;201500002765;15;12;21;1330;1;2;1;1;1;312;;M;4352158.0;-146460.0;400
2492;201500002766;15;2;28;1745;1;2;1;2;6;332;Rue Felix Arnaudin;M;4432779.0;-95127.0;400
2493;201500002767;15;3;3;1315;1;2;1;2;1;46;RD652 route de bordeaux;M;4441430.0;-115389.0;400
2494;201500002768;15;3;23;815;1;1;1;1;7;46;;M;4442885.0;-113574.0;400
2495;201500002770;15;4;27;1945;1;1;1;1;6;287;;M;4446291.0;-106979.0;400
2496;201500002771;15;5;21;1715;1;1;1;1;7;332;;M;4433064.0;-97938.0;400
2497;201500002772;15;7;7;2100;3;1;1;1;7;46;;M;4446012.0;-109427.0;400
2498;201500002773;15;10;19;730;2;1;1;1;6;332;;M;4435524.0;-95172.0;400
2499;201500002774;15;1;20;2245;5;2;1;1;6;197;rue Nelson Gaston;M;4402784.0;-90972.0;400
2500;201500002775;15;6;7;1500;2;1;1;1;7;6;;M;4402980.0;-78141.0;400
2501;201500002776;15;7;7;730;2;1;1;7;7;163;;M;4420248.0;-94287.0;400
2502;201500002777;15;8;2;730;1;2;1;1;7;197;rue lucette moreau;M;4421207.0;-92185.0;400
2503;201500002778;15;10;21;745;4;2;1;5;6;107;336 rue du Lavoir;M;4401547.0;-92640.0;400
2504;201500002779;15;1;7;230;3;2;1;5;6;8;RD 651, Route de Belhade;M;4437381.0;-64749.0;400
2505;201500002780;15;1;29;100;3;2;1;2;6;200;Le Bourg;M;4436028.0;-76184.0;400
2506;201500002781;15;2;27;1230;1;1;1;1;1;200;;M;4434788.0;-77027.0;400
2507;201500002782;15;5;11;1845;1;1;1;1;6;246;;M;4412634.0;-68801.0;400
2508;201500002783;15;7;21;1630;1;1;1;1;7;171;;M;4442444.0;-65839.0;400
2509;201500002784;15;7;30;1045;1;1;1;1;7;200;;M;4435700.0;-79295.0;400
2510;201500002785;15;8;26;1500;1;1;1;1;6;85;;M;4422805.0;-82806.0;400
2511;201500002786;15;9;16;1200;1;1;1;6;6;85;;M;4421383.0;-87374.0;400
2512;201500002787;15;9;30;2045;3;1;1;1;6;156;;M;4425940.0;-85281.0;400
2513;201500002788;15;8;18;1115;1;1;1;1;6;182;;M;4407233.0;-115579.0;400
2514;201500002789;15;10;30;2200;5;2;1;1;3;184;;M;4420451.0;-122431.0;400
2515;201500002790;15;1;24;2345;3;1;1;1;1;119;;M;4365061.0;-61097.0;400
2516;201500002791;15;1;28;1215;1;1;2;1;3;253;;M;4364857.0;-66501.0;400
2517;201500002792;15;5;1;1215;1;1;1;2;6;98;;M;4370224.0;-53393.0;400
2518;201500002793;15;5;10;1000;1;2;1;1;6;119;rue thiers;M;4365352.0;-59412.0;400
2519;201500002794;15;5;30;1615;1;1;1;1;6;196;;M;4372684.0;-49208.0;400
2520;201500002795;15;8;22;800;1;1;1;1;6;119;;M;4364675.0;-61482.0;400
2521;201500002797;15;9;16;845;1;1;1;8;1;191;;M;4375269.0;-60050.0;400
2522;201500002798;15;12;13;200;3;1;1;1;6;138;;M;4361109.0;-59520.0;400
2523;201500002799;15;12;16;1630;1;1;1;1;6;282;;M;4375516.0;-58382.0;400
2524;201500002802;15;3;8;1600;1;1;2;1;1;22;;M;4366980.0;-33193.0;400
2525;201500002803;15;4;6;1700;1;1;2;1;3;70;;M;4382513.0;-34024.0;400