;Num_Acc;an;mois;jour;hrmn;lum;agg;int;atm;col;com;adr;gps;lat;long;dep
2526;201500002804;15;7;2;1500;1;2;1;1;6;1;avenue des Pyrénées;M;4370007.0;-26429.0;400
2527;201500002805;15;7;23;1345;1;1;2;1;5;22;;M;4366977.0;-33194.0;400
2528;201500002806;15;9;8;1800;1;2;1;1;3;1;52 avenue du 4 septembre;M;4370442.0;-25500.0;400
2529;201500002808;15;9;26;1930;2;1;1;7;1;226;;M;4356991.0;-39465.0;400
2530;201500002809;15;10;3;1530;1;2;1;1;1;1;rue du jardin public;M;4369976.0;-26200.0;400
2531;201500002810;15;10;12;1715;1;1;1;2;1;270;;M;4367052.0;-39119.0;400
2532;201500002811;15;11;6;945;1;1;1;1;3;286;;M;4365073.0;-52573.0;400
2533;201500002812;15;12;12;1145;1;2;1;1;3;119;RUE ST GIRONS;M;4365695.0;-59519.0;400
2534;201500002813;15;1;4;2000;5;2;1;1;7;218;carrefour CD36 et CD37;M;4394903.0;1053.0;400
2535;201500002814;15;5;12;1745;1;1;2;1;3;331;;M;4387917.0;-34502.0;400
2536;201500002815;15;6;10;1330;1;1;1;1;3;267;;M;4400320.0;-20346.0;400
2537;201500002817;15;8;10;115;3;1;1;1;6;161;;M;4409251.0;-2061.0;400
2538;201500002819;15;10;6;1130;1;1;3;1;6;331;;M;4390109.0;-30534.0;400
2539;201500002821;15;12;15;845;1;1;1;1;6;331;;M;4389230.0;-27670.0;400
2540;201500002822;15;1;7;1030;1;1;1;9;1;91;;M;4416730.0;58570.0;470
2541;201500002823;15;1;27;1645;1;1;1;1;6;91;;M;0.0;0.0;470
2542;201500002824;15;2;12;530;3;1;1;1;1;100;;M;4423790.0;61731.0;470
2543;201500002825;15;2;28;1600;1;1;1;1;1;137;;M;4411240.0;52585.0;470
2544;201500002826;15;4;28;1715;1;1;1;1;7;19;;M;4423580.0;69452.0;470
2545;201500002827;15;6;13;1700;1;1;1;8;1;19;LDT TASTEBI;M;4424080.0;70358.0;470
2546;201500002828;15;7;21;1915;1;1;1;1;3;300;;M;4421000.0;52900.0;470
2547;201500002829;15;7;25;830;1;1;1;1;6;15;;M;4404980.0;67111.0;470
2548;201500002830;15;9;12;1645;1;1;1;8;6;91;;M;4416660.0;58877.0;470
2549;201500002831;15;9;21;1000;1;1;1;1;1;69;;M;4423350.0;54974.0;470
2550;201500002832;15;10;5;945;1;1;3;2;1;100;;M;0.0;0.0;470
2551;201500002833;15;10;11;1600;1;1;1;1;7;100;;M;4424900.0;60500.0;470
2552;201500002834;15;10;17;2230;3;1;1;1;6;137;lieu-dit latoute;M;0.0;0.0;470
2553;201500002835;15;11;13;1830;3;1;1;1;7;137;LIEU-DIT TERRADE;M;4410430.0;54963.0;470
2554;201500002836;15;11;14;730;2;1;6;1;3;69;sortie GIRATOIRE CAMELAT;M;4421960.0;57935.0;470
2555;201500002837;15;5;11;2245;3;1;1;1;1;196;;M;4433450.0;32297.0;470
2556;201500002839;15;8;9;715;2;1;1;2;6;171;;M;4431380.0;73026.0;470
2557;201500002840;15;8;15;1945;1;1;1;1;6;269;;M;4417640.0;76204.0;470
2558;201500002841;15;1;14;1230;1;2;2;1;6;157;BOULEVARD ULYSSE CASSE;M;4450380.0;16413.0;470
2559;201500002842;15;1;28;2000;3;1;2;3;3;157;;M;4451140.0;20077.0;470
2560;201500002843;15;4;15;2300;3;2;1;1;6;157;rue des erables;M;4449900.0;17300.0;470
2561;201500002844;15;5;22;700;1;1;2;1;3;56;;M;4454800.0;14000.0;470
2562;201500002846;15;8;17;1800;1;2;8;1;3;24;;M;4451880.0;12786.0;470
2563;201500002848;15;9;12;1015;1;1;2;8;3;157;D132/av Condorcet;M;4451120.0;20029.0;470
2564;201500002849;15;9;24;1615;1;1;3;1;3;326;LA GAZELLE;M;4450540.0;27251.0;470
2565;201500002850;15;10;1;900;1;1;1;1;6;157;;M;0.0;0.0;470
2566;201500002851;15;11;21;1245;1;2;2;1;3;157;LIEU-DIT LA GRAVE;M;4446320.0;13924.0;470
2567;201500002852;15;12;3;730;2;2;1;5;2;157;AVENUE JEAN JAURÈS;M;4450370.0;15316.0;470
2568;201500002853;15;1;27;1600;1;1;1;1;1;86;;M;4466910.0;18687.0;470
2569;201500002854;15;3;15;400;3;1;1;1;6;303;;M;0.0;0.0;470
2570;201500002855;15;5;31;745;1;1;1;1;7;226;;M;4461550.0;33905.0;470
2571;201500002856;15;6;8;2345;3;1;1;1;2;271;;M;4465930.0;18980.0;470
2572;201500002857;15;5;25;2030;1;1;1;1;6;108;;M;4450100.0;9800.0;470
2573;201500002858;15;6;25;1945;1;1;3;7;3;165;;M;4449940.0;7471.0;470
2574;201500002859;15;6;26;1015;1;1;2;1;3;165;;M;4448480.0;5775.0;470
2575;201500002860;15;10;25;845;1;1;1;1;6;114;;M;4438900.0;15900.0;470
2576;201500002862;15;12;31;1500;1;2;1;8;7;95;LIEU-DIT PETIT MAYNE;M;4442340.0;28797.0;470
2577;201500002864;15;2;20;1745;2;1;1;2;1;95;LE CHALET;M;4442990.0;29337.0;470
2578;201500002865;15;7;24;1345;1;1;1;1;7;317;;M;4444140.0;40861.0;470
2579;201500002866;15;8;4;1830;1;2;1;1;6;310;;M;0.0;0.0;470
2580;201500002867;15;8;17;1700;1;2;2;1;6;310;;M;4439210.0;30580.0;470
2581;201500002868;15;11;28;1500;1;2;2;1;6;310;AV DE GAULLE/RUEGAMBETTA;M;4439050.0;30880.0;470
2582;201500002869;15;5;6;1745;1;2;2;1;3;220;LIEU DIT BEROY;M;4435200.0;24464.0;470
2583;201500002870;15;6;4;745;1;1;2;1;3;320;RD120/VC1;M;4431840.0;20024.0;470
2584;201500002871;15;7;19;2145;2;1;4;1;1;52;;M;4429920.0;9793.0;470
2585;201500002872;15;9;5;1900;2;1;1;1;6;214;;M;4431150.0;25322.0;470
2586;201500002873;15;9;26;1315;1;1;2;1;3;12;LDT CAPITAINE;M;4427920.0;16667.0;470
2587;201500002874;15;11;9;1700;1;1;2;1;3;250;CARREFOUR D8/D642;M;4428950.0;32456.0;470
2588;201500002875;15;4;27;645;2;1;6;3;7;228;;M;0.0;0.0;470
2589;201500002876;15;7;16;1;3;1;1;1;7;237;;M;4435100.0;64172.0;470
2590;201500002877;15;8;3;1030;1;1;1;1;7;146;;M;4443010.0;68346.0;470
2591;201500002878;15;11;21;2045;3;1;1;1;6;146;LIEU-DIT BELLE VUE;M;4444360.0;68254.0;470
2592;201500002879;15;2;2;745;3;1;1;8;6;48;;M;4456910.0;62506.0;470
2593;201500002880;15;2;4;1115;1;1;3;1;3;324;;M;0.0;0.0;470
2594;201500002881;15;3;18;1045;1;2;1;1;6;324;AVENUE FRANCIS BORDES;M;4463900.0;74195.0;470
2595;201500002882;15;7;11;100;3;2;1;1;7;240;LIEU DIT JEAN DE MICHOU;M;4461370.0;74427.0;470
2596;201500002883;15;1;15;1445;1;1;1;1;6;36;;M;4444150.0;97176.0;470
2597;201500002884;15;1;18;515;3;1;1;1;7;70;;M;4447720.0;90954.0;470
2598;201500002885;15;7;14;2215;2;1;2;1;3;314;Carrefour D 243 / D 246;M;4441660.0;89309.0;470
2599;201500002886;15;12;16;1345;1;1;1;1;7;64;LIEU-DIT RIVEMPLE;M;4438500.0;90948.0;470
2600;201500002887;15;3;22;1600;1;1;1;1;6;252;;M;4442300.0;61700.0;470
2601;201500002888;15;7;3;145;3;2;1;1;6;309;LIEU DIT VILLENEUVE;M;4450400.0;45411.0;470
2602;201500002889;15;10;19;1400;1;1;1;1;6;239;;M;0.0;0.0;470
2603;201500002890;15;10;26;1700;1;1;1;1;3;309;;M;0.0;0.0;470
2604;201500002891;15;11;15;1415;1;1;1;1;1;306;;M;4438900.0;48990.0;470
2605;201500002892;15;12;14;1330;1;1;1;1;1;49;LIEU-DI ROQUES;M;4443250.0;64843.0;470
2606;201500002893;15;12;26;1115;1;1;1;1;7;252;LIEU-DIT LACOMBE;M;4441340.0;58383.0;470
2607;201500002895;15;3;29;1715;1;1;1;1;1;230;RD 24;M;4322842.0;-42102.0;640
2608;201500002896;15;4;22;1515;1;2;6;1;3;67;;M;4325264.0;-29566.0;640
2609;201500002898;15;7;18;1130;1;1;1;8;3;230;;M;4320329.0;-41478.0;640
2610;201500002899;15;9;14;845;1;1;1;3;3;230;RD 934;M;4317323.0;-39442.0;640
2611;201500002901;15;10;6;1815;1;2;1;3;7;67;RD 937;M;4325832.0;-30242.0;640
2612;201500002902;15;8;11;1800;1;2;1;1;1;27;ROUTE FONTAINE DU BEDAT;M;4340174.0;-29286.0;640
2613;201500002903;15;8;23;745;2;1;1;2;7;227;;M;4336826.0;-23176.0;640
2614;201500002904;15;7;17;2345;5;2;1;1;1;448;RUE PRINCIPALE;M;4335249.0;-46964.0;640
2615;201500002905;15;10;30;845;1;2;1;1;3;519;route départementale 834;M;4337767.0;-38030.0;640
2616;201500002906;15;1;10;900;1;2;6;5;2;405;RD 943 RP DROITS HOMME;M;0.0;0.0;640
2617;201500002907;15;1;15;1445;1;1;2;2;3;210;;M;0.0;0.0;640
2618;201500002908;15;2;16;1100;1;2;1;1;6;526;;M;4327000.0;-18500.0;640
2619;201500002909;15;4;12;1715;1;1;1;1;6;472;;M;4338000.0;-31500.0;640
2620;201500002911;15;6;24;1615;1;1;2;1;3;238;;M;4326519.0;-7240.0;640
2621;201500002912;15;7;24;2330;3;2;1;1;7;27;Route de Morlaàs;M;4340687.0;-29100.0;640
2622;201500002913;15;7;27;1700;1;2;2;1;3;352;ROUTE DU CLARET;M;4328933.0;-16005.0;640
2623;201500002914;15;8;30;1445;1;2;1;1;6;337;RD 143;M;4347334.0;-15418.0;640
2624;201500002915;15;9;3;1845;1;2;1;3;3;238;RD 64;M;4326073.0;-6559.0;640
2625;201500002916;15;10;30;1515;1;1;1;1;1;524;RD 943;M;4343899.0;-17243.0;640
2626;201500002917;15;12;5;730;2;1;1;5;3;238;;M;4324667.0;-4353.0;640
2627;201500002918;15;1;5;1600;1;2;1;1;6;511;CHEMIN DU BOIS;M;4340661.0;-37558.0;640
2628;201500002919;15;1;23;2130;3;1;1;1;1;138;RD 938;M;0.0;0.0;640
2629;201500002920;15;4;18;1530;1;2;1;1;1;270;3 RUE DE L'ESTIBETE;M;4315931.0;-23528.0;640
2630;201500002923;15;7;18;1345;1;2;1;1;7;266;;M;4322861.0;-16978.0;640
2631;201500002924;15;7;28;800;1;2;1;1;7;191;;M;4316960.0;-21617.0;640
2632;201500002926;15;9;10;1630;1;1;6;1;6;138;RD 938;M;4324424.0;-26844.0;640
2633;201500002927;15;10;25;1530;1;2;1;1;3;101;RUE DES PYRENEES;M;4320422.0;-25714.0;640
2634;201500002928;15;10;27;1800;5;2;1;2;6;417;PLACE DE LA REPUBLIQUE;M;4317993.0;-26161.0;640
2635;201500002929;15;11;7;1800;5;1;9;1;6;292;;M;4318578.0;-14335.0;640
2636;201500002930;15;2;14;530;5;1;1;2;7;78;;M;4345900.0;-32700.0;640
2637;201500002931;15;6;8;1630;1;2;1;1;6;63;PLACE MARCADIEU;M;4353553.0;-41175.0;640
2638;201500002932;15;7;25;1830;1;1;2;1;3;407;;M;4347864.0;-141121.0;640
2639;201500002933;15;2;16;1730;1;1;1;2;6;161;;M;0.0;0.0;640
2640;201500002934;15;3;6;1415;1;1;1;1;6;147;CHEMIN DE L'ENSEIGNE;M;4342868.0;-135109.0;640
2641;201500002935;15;3;23;945;1;1;1;8;1;256;RD 10;M;0.0;0.0;640
2642;201500002936;15;7;18;1115;1;1;1;3;5;94;RD 936;M;4348158.0;-117047.0;640
2643;201500002937;15;8;9;700;2;1;1;8;7;546;;M;4348687.0;-131018.0;640
2644;201500002938;15;11;10;2245;5;2;7;1;6;546;AVENUE DES PYRENEES;M;4349370.0;-129007.0;640
2645;201500002940;15;4;12;1645;1;1;1;1;6;65;;M;4335591.0;-163141.0;640
2646;201500002941;15;6;8;1500;1;1;1;1;3;495;;M;4334936.0;-152605.0;640
2647;201500002942;15;6;22;1130;1;2;1;1;3;495;RD 918;M;4336105.0;-160569.0;640
2648;201500002944;15;6;26;1145;1;2;1;1;1;65;CD 918;M;4335441.0;-163093.0;640
2649;201500002945;15;6;26;2045;1;1;3;1;1;495;;M;4331705.0;-153145.0;640
2650;201500002946;15;7;7;945;1;1;1;1;6;65;OLHETAKO BIDEA;M;4334223.0;-163377.0;640
2651;201500002947;15;8;5;1700;1;1;1;1;3;495;;M;4336137.0;-158358.0;640
2652;201500002948;15;8;12;1030;1;2;6;1;3;495;RD918 QUARTIER IBARRON;M;0.0;0.0;640
2653;201500002949;15;10;26;1100;1;2;1;1;6;65;RD 4;M;4334335.0;-163025.0;640
2654;201500002950;15;12;9;1145;1;2;1;1;6;65;RUE ERNEST FOURNEAU;M;4334847.0;-162394.0;640
2655;201500002952;15;12;29;45;3;1;1;1;6;9;RD 655;M;4341037.0;-157345.0;640
2656;201500002953;15;12;31;1130;1;1;1;8;1;527;;M;4332123.0;-148426.0;640
2657;201500002954;15;1;1;1700;1;2;1;1;6;213;RD 918;M;4334500.0;-145000.0;640
2658;201500002955;15;1;21;1845;3;1;1;3;5;547;;M;0.0;0.0;640
2659;201500002956;15;1;28;1245;1;1;1;2;1;527;;M;4332500.0;-148200.0;640
2660;201500002957;15;2;12;845;1;1;1;8;1;527;;M;4332600.0;-148100.0;640
2661;201500002958;15;2;27;1600;1;1;1;1;7;547;;M;0.0;0.0;640
2662;201500002959;15;4;20;1315;1;1;1;1;6;317;;M;4337700.0;-146200.0;640
2663;201500002960;15;8;21;1745;1;1;1;1;1;317;;M;4335396.0;-142554.0;640
2664;201500002961;15;8;21;1000;1;1;1;1;1;100;;M;4344622.0;-147481.0;640
2665;201500002962;15;9;6;1845;1;1;1;1;5;317;RD 932;M;4337716.0;-143382.0;640
2666;201500002963;15;10;12;1445;1;2;1;2;3;547;RD 250;M;4339421.0;-145816.0;640
2667;201500002964;15;10;18;1500;1;2;1;1;7;35;RUE BASSILOUR;M;4343684.0;-156323.0;640
2668;201500002965;15;10;14;1645;1;1;1;1;3;527;;M;4332769.0;-147421.0;640
2669;201500002966;15;10;25;1530;1;1;1;1;5;527;;M;4334400.0;-147600.0;640
2670;201500002967;15;11;7;1330;1;1;1;1;1;160;RD 410;M;4336699.0;-142360.0;640
2671;201500002968;15;1;20;945;1;1;1;1;1;247;;M;4318700.0;-90300.0;640
2672;201500002969;15;1;20;1130;1;2;1;1;3;371;BOULEVARD DES PYRENEES;M;0.0;0.0;640
2673;201500002970;15;5;12;1130;1;2;1;1;6;533;grande rue;M;4311455.0;-86167.0;640
2674;201500002971;15;5;26;645;1;1;1;1;1;559;;M;4323939.0;-87893.0;640
2675;201500002972;15;6;7;1115;1;1;1;1;7;188;;M;4322781.0;-83806.0;640
2676;201500002973;15;6;30;730;1;1;1;1;3;115;;M;4318886.0;-90332.0;640
2677;201500002974;15;8;16;1315;1;1;1;1;7;316;;M;4303981.0;-105731.0;640
2678;201500002976;15;7;29;1530;1;1;1;2;2;66;;M;4319415.0;-125623.0;640
2679;201500002977;15;8;28;2115;2;2;1;1;3;485;PLACE DES REMPARTS;M;4316192.0;-124086.0;640
2680;201500002978;15;9;7;930;1;1;1;1;7;92;RD 948;M;4314977.0;-136547.0;640
2681;201500002979;15;9;30;1600;1;1;1;5;1;538;RD 918;M;4320385.0;-126400.0;640
2682;201500002980;15;12;5;1115;1;2;1;1;3;485;PLACE JUAN DE HUARTE;M;4316262.0;-123965.0;640
2683;201500002981;15;4;25;1415;1;1;1;1;6;425;;M;4339580.0;-117614.0;640
2684;201500002982;15;5;8;1845;1;2;7;1;6;436;parking salle pour tous;M;4324282.0;-128444.0;640
2685;201500002983;15;6;26;1700;1;1;1;1;7;49;;M;4331428.0;-91472.0;640
2686;201500002984;15;7;9;915;1;1;1;1;1;36;RD 134;M;4335454.0;-98162.0;640
2687;201500002985;15;7;23;915;1;1;1;1;3;362;;M;4336401.0;-107231.0;640
2688;201500002986;15;8;8;1300;1;1;1;2;1;436;;M;4321159.0;-128167.0;640
2689;201500002987;15;9;26;1600;1;1;1;1;7;45;CHEMIN COMMUNAL;M;4325147.0;-102803.0;640
2690;201500002988;15;10;11;1800;1;1;1;2;7;259;RD 22;M;4331198.0;-125794.0;640
2691;201500002990;15;1;3;1530;1;2;1;1;1;252;RN 134;M;0.0;0.0;640
2692;201500002991;15;2;9;1900;3;1;1;1;6;217;;M;0.0;0.0;640
2693;201500002992;15;4;7;1900;1;2;1;1;1;422;RUE LABARRAQUE;M;4318791.0;-60673.0;640
2694;201500002993;15;5;13;1800;1;1;3;1;3;261;RN 134;M;4317062.0;-53180.0;640
2695;201500002994;15;6;1;1500;1;2;1;1;1;422;RUE BORDELONGUE;M;4319966.0;-60440.0;640
2696;201500002995;15;6;3;1145;1;1;1;1;1;244;;M;4325752.0;-70231.0;640
2697;201500002996;15;6;15;1215;1;2;1;1;3;422;RUE GEORGES MESSIER;M;4318193.0;-61181.0;640
2698;201500002997;15;7;28;1400;1;2;6;1;6;422;AMBROISE BORDELONGUE;M;4319983.0;-60439.0;640
2699;201500002998;15;8;11;1600;1;2;1;1;2;422;avenue Charles Moureu;M;4319600.0;-60900.0;640
2700;201500002999;15;12;4;1800;3;1;1;1;5;421;;M;4316482.0;-50930.0;640
2701;201500003000;15;12;11;1415;1;2;6;1;1;422;ROND POINT DE LA GARE;M;4319442.0;-61177.0;640
2702;201500003002;15;10;26;1445;1;1;1;1;2;127;RD 934;M;4307400.0;-42100.0;640
2703;201500003003;15;6;6;1545;1;1;1;1;7;542;;M;4288988.0;-56330.0;640
2704;201500003004;15;7;11;1845;1;1;1;1;6;29;QUARTIER ESCARY;M;4312347.0;-73787.0;640
2705;201500003005;15;7;25;1200;1;1;1;1;6;185;;M;4293883.0;-59991.0;640
2706;201500003006;15;9;12;1600;1;1;1;1;6;310;;M;4311700.0;-74400.0;640
2707;201500003007;15;11;7;645;3;1;1;1;1;29;;M;4312708.0;-71818.0;640
2708;201500003008;15;4;2;1215;1;1;1;1;1;381;;M;4332516.0;-75956.0;640
2709;201500003009;15;6;12;1345;1;1;1;1;7;253;;M;4329661.0;-75513.0;640
2710;201500003010;15;1;2;1200;1;1;1;1;5;430;RD 817;M;0.0;0.0;640
2711;201500003011;15;7;6;1030;1;2;1;1;6;430;VIEILLE RT DE CASTETARBE;M;4349645.0;-79085.0;640
2712;201500003012;15;7;11;315;3;1;1;1;6;510;;M;4352096.0;-67276.0;640
2713;201500003013;15;7;12;1415;1;1;1;1;5;131;AV MARCEL PAUL;M;4346678.0;-75109.0;640
2714;201500003015;15;10;4;845;1;1;1;8;6;177;;M;4346545.0;-70629.0;640
2715;201500003016;15;10;14;1645;1;1;1;1;6;177;;M;4347242.0;-72548.0;640
2716;201500003017;15;11;10;1745;5;2;1;1;2;430;5 RUE CORPS FRANC POMMI;M;4349423.0;-77803.0;640
2717;201500003018;15;12;27;930;1;1;1;1;6;510;;M;0.0;0.0;640
2718;201500003019;15;4;19;1945;2;2;1;1;6;62;Face au 6, rte de Paris;M;0.0;0.0;860
2719;201500003020;15;6;25;2200;5;2;1;1;1;62;65 route de st georges;M;0.0;0.0;860
2720;201500003021;15;10;26;1900;5;1;6;1;7;115;;M;0.0;0.0;860
2721;201500003022;15;12;4;2130;3;1;1;1;6;163;;M;0.0;0.0;860
2722;201500003023;15;1;7;845;1;1;1;2;3;148;;M;0.0;0.0;860
2723;201500003024;15;2;25;1015;1;2;1;2;3;211;Rue de la Vallée;M;0.0;0.0;860
2724;201500003025;15;3;13;1815;3;1;1;3;3;45;;M;0.0;0.0;860
2725;201500003026;15;3;12;2115;3;1;1;2;6;213;;M;4641939.0;4923.0;860
2726;201500003027;15;4;1;1600;1;2;1;1;3;139;avenue de Poitiers;M;4643662.0;12885.0;860
2727;201500003029;15;6;17;1445;1;1;1;1;6;213;;M;0.0;0.0;860
2728;201500003030;15;6;26;1545;1;1;1;1;7;45;Lieu dit :Chainsé;M;4642774.0;18492.0;860
2729;201500003031;15;8;28;445;3;1;1;2;6;293;Les Aulniess;M;0.0;0.0;860
2730;201500003032;15;10;6;1630;1;1;1;1;1;147;;M;0.0;0.0;860
2731;201500003033;15;11;23;845;1;1;1;7;6;83;;M;0.0;0.0;860
2732;201500003034;15;11;27;800;2;1;2;5;3;113;;M;0.0;0.0;860
2733;201500003036;15;12;25;1015;1;1;2;1;3;150;;M;0.0;0.0;860
2734;201500003037;15;3;22;2145;3;1;1;1;6;38;;M;0.0;0.0;860
2735;201500003038;15;5;28;1200;1;2;1;1;6;178;Allée du champ de foir;M;0.0;0.0;860
2736;201500003039;15;7;4;545;2;1;1;1;7;178;;M;0.0;0.0;860
2737;201500003040;15;7;8;1745;1;1;1;1;7;94;chemin de la déchetterie;M;4644541.0;55260.0;860
2738;201500003041;15;11;9;2100;3;1;1;5;1;178;;M;4650700.0;46000.0;860
2739;201500003042;15;1;4;2245;3;1;1;1;1;123;;M;4656300.0;6800.0;860
2740;201500003043;15;2;19;1730;1;1;1;1;7;294;;M;0.0;0.0;860
2741;201500003044;15;2;21;715;3;1;1;2;6;74;;M;0.0;0.0;860
2742;201500003045;15;3;6;1715;1;1;1;1;5;166;;M;4656700.0;14100.0;860
2743;201500003046;15;5;12;1645;1;2;7;1;6;294;rue de la tour du poêle;M;4664600.0;17100.0;860
2744;201500003047;15;7;31;1445;1;1;1;8;3;100;;M;4652800.0;26600.0;860
2745;201500003048;15;3;1;530;5;2;1;1;6;19;60 avenue de paris;M;0.0;0.0;860
2746;201500003049;15;11;25;1645;1;1;1;2;7;272;;M;0.0;0.0;860
2747;201500003050;15;2;25;1615;1;1;3;8;3;127;;M;0.0;0.0;860
2748;201500003051;15;4;3;1615;1;2;1;2;6;128;la grand-cour, CV 2;M;4680263.0;29424.0;860
2749;201500003052;15;9;4;1700;1;1;1;1;4;49;;M;0.0;0.0;860
2750;201500003053;15;10;30;2015;5;2;1;1;6;137;9b bd Jean Pascault;M;4700452.0;8321.0;860
2751;201500003054;15;4;25;445;3;1;1;2;6;245;;M;0.0;0.0;860
2752;201500003055;15;7;30;945;3;1;1;1;7;125;;M;0.0;0.0;860
2753;201500003056;15;11;28;1215;1;1;2;7;3;193;;M;4677700.0;76100.0;860
2754;201500003057;15;3;22;1500;1;1;1;1;7;161;;M;0.0;0.0;860
2755;201500003058;15;6;16;2145;1;1;1;1;6;286;;M;4685656.0;15338.0;860
2756;201500003059;15;8;25;645;1;2;1;1;1;167;rue champs baudière;M;4692700.0;20900.0;860
2757;201500003060;15;9;8;545;2;2;1;1;6;161;RUE DUGUESCLIN;M;4688385.0;-824.0;860
2758;201500003061;15;11;18;900;1;1;2;1;3;5;;M;4694900.0;8400.0;860
2759;201500003062;15;10;29;1800;5;2;1;1;7;285;RD13;M;0.0;0.0;860
2760;201500003063;15;10;31;1115;1;2;9;7;1;77;rue du Goberté;M;4644320.0;66287.0;860
2761;201500003064;15;11;16;1430;1;1;1;1;3;165;;M;0.0;0.0;860
2762;201500003065;15;1;31;1930;3;1;1;2;6;124;;M;0.0;0.0;860
2763;201500003066;15;2;23;1730;1;1;1;8;6;58;;M;0.0;0.0;860
2764;201500003067;15;3;11;1445;1;2;1;7;6;233;rue de la dame blanche;M;0.0;0.0;860
2765;201500003068;15;3;20;1230;1;1;1;3;5;114;;M;4656700.0;55900.0;860
2766;201500003069;15;5;21;945;1;1;1;1;1;98;;M;0.0;0.0;860
2767;201500003070;15;6;7;730;1;1;1;1;6;70;VC Pouzioux à Villeneuve;M;4657400.0;60700.0;860
2768;201500003071;15;6;30;1745;1;1;1;1;1;126;;M;0.0;0.0;860
2769;201500003072;15;7;2;930;1;1;1;1;6;70;;M;0.0;0.0;860
2770;201500003073;15;7;15;2000;1;2;1;1;3;135;route de lavoux;M;4660741.0;53469.0;860
2771;201500003074;15;9;9;1545;1;1;1;1;7;31;;M;0.0;0.0;860
2772;201500003075;15;11;10;730;3;1;1;5;3;256;;M;4653400.0;49400.0;860
2773;201500003076;15;12;1;2115;3;1;1;1;7;59;;M;0.0;0.0;860
2774;201500003077;15;12;3;2100;2;2;1;1;5;226;ROUTE DE CHAUVIGNY;M;4656300.0;51300.0;860
2775;201500003078;15;4;20;1500;1;1;1;1;1;29;;M;0.0;0.0;860
2776;201500003079;15;9;4;1500;1;1;2;1;3;104;;M;0.0;0.0;860
2777;201500003080;15;9;26;1145;1;1;9;1;3;61;;M;0.0;0.0;860
2778;201500003081;15;2;3;1645;1;1;1;1;7;15;;M;0.0;0.0;860
2779;201500003082;15;5;10;1830;1;1;1;1;7;289;;M;4619600.0;63700.0;860
2780;201500003083;15;7;19;1300;1;1;1;1;6;152;;M;0.0;0.0;860
2781;201500003084;15;8;14;1730;1;1;1;3;6;15;;M;4611400.0;65800.0;860
2782;201500003085;15;9;8;1845;1;1;9;7;3;203;;M;0.0;0.0;860
2783;201500003086;15;8;5;1615;1;1;1;1;3;170;;M;0.0;0.0;860
2784;201500003087;15;1;9;800;2;2;1;8;6;273;RUE OCTAVE BERNARD;M;4646662.0;104139.0;860
2785;201500003088;15;8;9;945;1;1;1;2;7;37;;M;0.0;0.0;860
2786;201500003089;15;10;4;1200;1;1;1;1;6;132;;M;0.0;0.0;860
2787;201500003090;15;10;10;1145;1;1;1;1;1;236;;M;0.0;0.0;860
2788;201500003091;15;12;9;1715;5;2;1;1;6;273;Route de St Pierre;M;0.0;0.0;860
2789;201500003092;15;5;29;1700;1;1;3;1;1;78;;M;4570266.0;17469.0;160
2790;201500003093;15;9;25;2300;3;1;1;1;6;78;;M;4574347.0;18817.0;160
2791;201500003094;15;3;22;1750;2;1;1;1;6;175;;M;4553655.0;-3292.0;160
2792;201500003095;15;11;27;1845;3;1;1;8;5;263;Les Beaurits;M;4553722.0;4602.0;160
2793;201500003096;15;1;3;930;1;1;1;2;1;49;La Clartie;M;4523905.0;16113.0;160
2794;201500003098;15;6;28;2200;3;1;1;1;1;328;Pont Ligonnet;M;4537802.0;11322.0;160
2795;201500003100;15;9;7;1600;1;1;1;1;1;222;Les Bouchiers;M;4531529.0;8690.0;160
2796;201500003101;15;12;22;615;3;1;1;1;2;167;Bois Clos;M;4567107.0;-16248.0;160
2797;201500003103;15;9;8;1945;3;1;1;1;1;384;Landes de la Cossade;M;4537738.0;-18332.0;160
2798;201500003104;15;9;13;545;3;1;1;2;6;301;Pont de la Chapelle;M;4542548.0;-5531.0;160
2799;201500003105;15;3;18;745;2;1;1;1;3;167;Les Bosses;M;4569143.0;-14410.0;160
2800;201500003107;15;6;17;2045;2;1;1;1;7;186;;M;4557449.0;-1196.0;160
2801;201500003108;15;7;17;2000;2;1;8;7;3;150;1 route des Grands Champ;M;4566572.0;27094.0;160
2802;201500003110;15;5;8;1100;1;1;3;1;3;132;;M;4589407.0;80051.0;160
2803;201500003111;15;7;8;545;2;1;1;1;1;9;Le Bois du Breuil;M;4595391.0;57048.0;160
2804;201500003112;15;7;20;1645;1;2;3;1;3;132;;M;4589531.0;77806.0;160
2805;201500003113;15;10;3;115;3;1;1;2;6;337;les Aurillis;M;4596787.0;65037.0;160
2806;201500003114;15;12;2;1700;2;1;1;1;2;16;Les Berties;M;4599969.0;19781.0;160
2807;201500003115;15;1;24;515;3;1;1;9;7;85;Le Chateau;M;4582079.0;43683.0;160
2808;201500003116;15;3;2;1400;1;2;3;1;3;192;Rue des Quatre Vents;M;4588933.0;58006.0;160
2809;201500003117;15;3;2;445;3;1;1;3;7;282;;M;4581443.0;31197.0;160
2810;201500003118;15;3;20;1145;1;2;3;2;6;329;Le Bourg;M;4594049.0;48175.0;160
2811;201500003119;15;4;18;1215;1;1;2;1;3;212;les Terres de Champoutre;M;4577563.0;61004.0;160