;Num_Acc;an;mois;jour;hrmn;lum;agg;int;atm;col;com;adr;gps;lat;long;dep
2812;201500003120;15;5;8;1045;1;1;1;8;1;308;;M;4588803.0;47344.0;160
2813;201500003121;15;5;15;645;2;1;1;8;6;308;Champlaurier;M;4588679.0;47844.0;160
2814;201500003123;15;6;1;300;3;1;6;2;3;85;Giratoire de Chantebuse;M;4583259.0;46880.0;160
2815;201500003124;15;6;9;1745;1;1;2;1;1;192;;M;4592997.0;56729.0;160
2816;201500003125;15;7;8;845;1;1;1;1;2;85;Le Vaudou;M;4579676.0;43374.0;160
2817;201500003126;15;7;16;1115;1;1;2;1;3;308;Bellevue;M;4590716.0;48741.0;160
2818;201500003127;15;8;23;1215;1;1;1;1;6;282;La Borderie;M;4579788.0;31006.0;160
2819;201500003128;15;9;1;1445;1;2;3;1;1;85;;M;4582529.0;45104.0;160
2820;201500003129;15;9;26;1530;1;1;1;7;6;336;La Pierre de Bidet;M;4586080.0;32875.0;160
2821;201500003130;15;10;14;1245;1;2;3;1;1;245;Agglomération Fontafie;M;4586448.0;53713.0;160
2822;201500003132;15;11;19;1630;1;1;1;2;1;136;Les Friquets;M;4601619.0;15036.0;160
2823;201500003133;15;6;5;2315;3;1;1;1;6;242;Rue de la Folatière;M;4600388.0;33065.0;160
2824;201500003134;15;11;11;930;1;2;3;1;3;292;Chez Ballon;M;4603269.0;21042.0;160
2825;201500003135;15;12;11;1145;1;2;1;1;6;292;25 RUE DE L'ABREUVOIR;M;4602619.0;19781.0;160
2826;201500003136;15;4;4;1830;1;1;1;1;6;320;Source du Tillet;M;4574710.0;4472.0;160
2827;201500003137;15;9;18;1615;1;1;1;1;2;234;la Bascule;M;4567323.0;-1767.0;160
2828;201500003138;15;10;1;1230;1;1;1;7;4;320;La source du Tillet;M;4574743.0;4373.0;160
2829;201500003139;15;12;1;715;5;2;1;1;2;138;Avenue des Plantes;M;4566493.0;9162.0;160
2830;201500003140;15;2;27;1600;1;1;1;1;6;237;;M;4587722.0;23581.0;160
2831;201500003141;15;6;20;1600;1;2;2;1;3;393;le Portal;M;4576653.0;10815.0;160
2832;201500003142;15;9;3;1545;1;2;3;1;1;421;route d'angoulêrme;M;4566817.0;45661.0;160
2833;201500003143;15;9;5;1615;1;1;1;1;6;223;Le Moulin de Lavaud;M;4567726.0;50127.0;160
2834;201500003144;15;9;5;1915;3;1;1;1;6;124;Les Giligies;M;4569083.0;57614.0;160
2835;201500003145;15;11;6;2230;3;1;1;5;6;203;Le Rocher;M;4554700.0;48700.0;160
2836;201500003146;15;12;1;1715;2;1;1;1;7;274;La Riviere;M;4570795.0;38476.0;160
2837;201500003147;15;10;4;1230;1;1;1;1;7;317;Le moulin de Gouge;M;4591384.0;-349.0;160
2838;201500003148;15;1;9;1330;1;1;1;2;6;396;;M;4623351.0;-88112.0;170
2839;201500003149;15;2;13;2230;4;2;1;1;6;218;Rue du port Tabarit;M;4630892.0;-99158.0;170
2840;201500003150;15;2;20;2145;5;2;1;8;6;127;RUE DU GENERAL DE GAULLE;M;0.0;0.0;170
2841;201500003151;15;4;8;1915;1;1;1;1;3;8;;M;4624732.0;-101461.0;170
2842;201500003152;15;4;22;600;2;1;1;1;6;41;;M;4621978.0;-79753.0;170
2843;201500003153;15;6;29;745;1;1;1;1;5;466;;M;4621342.0;-99215.0;170
2844;201500003155;15;7;26;515;3;1;1;2;6;303;;M;4631903.0;-78546.0;170
2845;201500003156;15;8;15;1100;1;1;1;1;1;7;;M;4617082.0;-89880.0;170
2846;201500003157;15;9;25;1400;1;1;1;1;6;218;;M;4632333.0;-98919.0;170
2847;201500003158;15;9;30;845;2;1;1;1;2;91;;M;4630536.0;-107706.0;170
2848;201500003159;15;9;29;915;1;2;1;1;3;218;;M;4631270.0;-99133.0;170
2849;201500003160;15;10;23;845;1;1;1;1;4;218;;M;4628429.0;-99400.0;170
2850;201500003161;15;10;27;1945;3;1;1;1;7;208;;M;4621829.0;-96815.0;170
2851;201500003162;15;11;21;1715;1;1;1;1;3;322;;M;4625517.0;-84202.0;170
2852;201500003163;15;11;23;1700;2;1;1;1;6;439;;M;4632019.0;-83605.0;170
2853;201500003164;15;12;15;1630;1;1;1;3;1;8;;M;4626421.0;-100853.0;170
2854;201500003165;15;12;27;645;3;1;1;9;6;8;;M;4623598.0;-100620.0;170
2855;201500003166;15;4;29;1530;1;2;2;1;1;360;cours des écoles;M;4615569.0;-133201.0;170
2856;201500003167;15;4;30;1945;1;1;1;3;1;360;;M;4616686.0;-132452.0;170
2857;201500003168;15;7;8;2115;1;1;1;1;1;360;;M;4615228.0;-127975.0;170
2858;201500003169;15;8;22;745;1;1;1;1;6;121;;M;4620403.0;-146804.0;170
2859;201500003170;15;10;7;1445;1;1;1;1;3;19;;M;4622003.0;-152809.0;170
2860;201500003171;15;12;3;1630;1;1;1;1;1;121;;M;4620345.0;-147229.0;170
2861;201500003172;15;3;6;700;2;1;1;1;6;326;;M;4550214.0;-25438.0;170
2862;201500003173;15;4;30;1900;1;1;2;3;1;295;;M;4546639.0;-38869.0;170
2863;201500003174;15;5;8;2000;1;1;1;1;7;270;;M;4540366.0;-40690.0;170
2864;201500003175;15;6;1;1900;2;1;2;1;1;204;;M;4537843.0;-31127.0;170
2865;201500003176;15;6;1;1215;1;2;1;1;3;197;rue de la frémigère;M;4543561.0;-43671.0;170
2866;201500003177;15;6;9;1630;1;1;2;1;3;363;;M;4546089.0;-44312.0;170
2867;201500003178;15;6;11;1830;1;1;1;1;7;326;;M;4548417.0;-27238.0;170
2868;201500003179;15;7;5;2100;1;2;1;1;6;197;boulevard rené gautret;M;4544877.0;-43367.0;170
2869;201500003180;15;7;24;600;2;1;1;1;1;403;;M;4539814.0;-45251.0;170
2870;201500003181;15;7;25;1945;1;1;1;1;6;197;;M;4544337.0;-42001.0;170
2871;201500003182;15;8;23;2215;3;1;9;2;6;96;;M;4535283.0;-35540.0;170
2872;201500003184;15;5;12;2315;5;1;1;1;2;331;;M;4547633.0;-59164.0;170
2873;201500003185;15;5;25;1715;1;2;1;1;6;331;Avenue de saintes;M;4548582.0;-56648.0;170
2874;201500003187;15;8;1;645;1;1;1;1;7;250;;M;4552306.0;-54598.0;170
2875;201500003188;15;10;31;715;2;1;1;1;7;379;;M;4550916.0;-62432.0;170
2876;201500003189;15;11;8;330;3;1;1;5;6;345;;M;4542146.0;-48485.0;170
2877;201500003190;15;2;1;1915;3;1;1;1;6;104;;M;0.0;0.0;170
2878;201500003191;15;2;1;15;3;1;3;1;3;240;;M;4527328.0;-40386.0;170
2879;201500003192;15;5;12;1515;1;2;3;1;3;240;Boulevard de saintonge;M;4528842.0;-40099.0;170
2880;201500003193;15;6;6;2000;1;1;1;1;2;243;;M;4524424.0;-27677.0;170
2881;201500003194;15;8;11;1445;1;2;3;1;3;269;11 route des monts;M;4523203.0;-23313.0;170
2882;201500003195;15;9;18;1915;1;1;1;7;7;243;;M;4523611.0;-26116.0;170
2883;201500003197;15;2;10;1015;1;2;1;1;7;309;Rue Victor Hugo;M;4515801.0;-1086.0;170
2884;201500003198;15;2;3;1530;1;1;1;1;3;351;;M;0.0;0.0;170
2885;201500003199;15;3;30;1700;1;1;1;8;1;189;;M;4585654.0;-107985.0;170
2886;201500003200;15;4;22;1215;1;2;1;1;1;189;rue de Quebec;M;4586661.0;-107035.0;170
2887;201500003201;15;8;1;1130;1;1;2;1;3;219;;M;4583089.0;-111489.0;170
2888;201500003202;15;8;10;1445;1;1;2;1;3;219;;M;4582296.0;-108682.0;170
2889;201500003203;15;8;14;115;3;1;1;1;1;351;;M;4581039.0;-105440.0;170
2890;201500003204;15;9;20;830;1;1;6;1;3;351;;M;4579912.0;-104697.0;170
2891;201500003205;15;5;31;630;1;1;1;1;7;375;;M;4593137.0;-103065.0;170
2892;201500003206;15;8;11;2145;2;1;1;1;1;308;;M;4585124.0;-95814.0;170
2893;201500003207;15;8;16;730;1;1;2;1;3;429;;M;4591209.0;-98403.0;170
2894;201500003209;15;8;21;745;1;2;2;7;1;146;route de montherault;M;4590918.0;-94512.0;170
2895;201500003210;15;11;28;1630;1;2;1;2;6;308;Lieu-dit Les Chaumes;M;4587600.0;-94600.0;170
2896;201500003211;15;5;15;1600;1;2;9;1;6;485;route de la giraudière;M;4585771.0;-123098.0;170
2897;201500003212;15;5;18;815;1;1;2;1;1;93;;M;4588131.0;-122254.0;170
2898;201500003214;15;6;15;300;3;2;1;8;6;93;rue du verger;M;4587477.0;-121626.0;170
2899;201500003215;15;7;27;2200;5;2;3;1;6;385;Rue du Port - La Cotiniè;M;4591567.0;-132845.0;170
2900;201500003216;15;6;30;1745;1;1;3;1;3;140;;M;4591663.0;-127426.0;170
2901;201500003217;15;8;9;215;5;1;1;2;2;385;;M;4592429.0;-132416.0;170
2902;201500003218;15;8;11;1100;1;1;1;1;6;337;;M;4597789.0;-132429.0;170
2903;201500003219;15;8;15;1845;1;2;2;1;1;337;rue du moulin;M;4596791.0;-129482.0;170
2904;201500003220;15;10;3;2230;3;1;1;1;7;337;;M;4595929.0;-134045.0;170
2905;201500003221;15;1;14;1115;1;1;1;2;6;151;;M;4570764.0;-97274.0;170
2906;201500003222;15;3;2;745;1;1;1;1;6;311;;M;4569512.0;-110998.0;170
2907;201500003223;15;4;4;1445;1;2;1;1;1;155;rue des côteaux de la se;M;4573823.0;-109962.0;170
2908;201500003224;15;4;15;1730;1;1;1;1;7;151;;M;4571099.0;-97275.0;170
2909;201500003225;15;5;9;315;5;2;1;1;6;452;65 bd marechal joffre;M;4576328.0;-114201.0;170
2910;201500003226;15;5;10;1115;1;2;1;1;3;225;44 avenue de l'océan;M;4568556.0;-117789.0;170
2911;201500003227;15;6;5;1045;1;1;1;1;2;21;;M;4575014.0;-111414.0;170
2912;201500003229;15;7;2;1445;1;1;1;7;5;225;;M;4572733.0;-117528.0;170
2913;201500003230;15;7;6;800;1;2;2;1;3;79;RUE DU CHATEAU D'EAU;M;4572495.0;-107582.0;170
2914;201500003231;15;7;24;1630;1;2;1;2;6;247;Rue du Puit Doux;M;4570973.0;-102990.0;170
2915;201500003232;15;8;11;600;3;1;1;1;6;225;;M;4569928.0;-120721.0;170
2916;201500003233;15;8;20;1815;1;1;1;1;1;225;;M;4569800.0;-119800.0;170
2917;201500003234;15;9;25;1715;1;2;3;1;2;21;Avenue de l'Etrade;M;4574375.0;-112852.0;170
2918;201500003235;15;9;26;2100;5;2;6;1;7;21;D14;M;4575708.0;-114002.0;170
2919;201500003237;15;10;29;745;2;1;1;2;2;64;;M;4569996.0;-104165.0;170
2920;201500003238;15;11;7;1330;1;2;1;1;6;452;30 rue Marcel Gaillardon;M;4577826.0;-114431.0;170
2921;201500003241;15;4;18;845;1;1;5;1;5;75;;M;4593508.0;-86541.0;170
2922;201500003242;15;4;21;1000;1;1;1;1;6;463;;M;4597312.0;-98877.0;170
2923;201500003243;15;7;14;515;3;1;1;1;6;253;;M;4598796.0;-90014.0;170
2924;201500003244;15;7;20;1930;1;1;1;8;1;346;;M;4591320.0;-90446.0;170
2925;201500003245;15;7;27;2015;1;1;1;1;6;253;;M;4601233.0;-86009.0;170
2926;201500003246;15;9;13;1645;1;1;2;8;3;216;;M;4594345.0;-83446.0;170
2927;201500003247;15;11;15;2200;3;1;1;1;6;353;;M;4599400.0;-104900.0;170
2928;201500003248;15;4;18;445;3;1;6;5;6;434;;M;4610131.0;-73630.0;170
2929;201500003249;15;6;28;545;2;1;1;5;6;80;;M;4610270.0;-85058.0;170
2930;201500003250;15;7;2;40;3;1;1;1;6;166;;M;4610122.0;-87109.0;170
2931;201500003251;15;6;20;1545;1;2;2;1;3;434;rue robert plantiveau;M;4611367.0;-74907.0;170
2932;201500003252;15;7;6;1645;1;2;1;1;6;3;48 route de Virson;M;4612127.0;-92950.0;170
2933;201500003253;15;7;12;2130;1;1;1;1;7;80;;M;4611491.0;-82889.0;170
2934;201500003254;15;8;4;1715;1;1;2;1;3;434;;M;4613838.0;-88073.0;170
2935;201500003256;15;9;22;1800;1;2;2;1;3;434;rue Robert Plantiveau;M;4611368.0;-74907.0;170
2936;201500003257;15;11;10;1800;2;1;1;1;5;447;;M;4608000.0;-93800.0;170
2937;201500003258;15;12;6;1800;3;1;1;1;3;434;;M;4610412.0;-83274.0;170
2938;201500003260;15;2;4;1700;1;1;1;1;5;462;;M;4578232.0;-54329.0;170
2939;201500003261;15;4;2;2115;3;1;1;1;1;444;;M;4565748.0;-65422.0;170
2940;201500003262;15;4;26;530;2;1;1;2;6;100;;M;4571315.0;-47156.0;170
2941;201500003263;15;6;14;2045;1;1;2;1;3;191;;M;4564061.0;-57971.0;170
2942;201500003264;15;6;24;2030;1;2;6;1;3;444;;M;4567101.0;-65234.0;170
2943;201500003265;15;7;22;1215;1;1;2;1;3;143;;M;4583127.0;-53980.0;170
2944;201500003266;15;8;8;1645;1;1;1;3;6;89;;M;4576014.0;-54581.0;170
2945;201500003267;15;9;26;630;2;1;1;1;1;86;;M;4573519.0;-53817.0;170
2946;201500003268;15;9;30;1145;1;1;1;1;6;100;;M;4568645.0;-43481.0;170
2947;201500003269;15;10;31;1900;3;1;1;1;6;89;;M;4576285.0;-52996.0;170
2948;201500003270;15;12;7;800;2;1;1;1;3;462;;M;4578700.0;-57000.0;170
2949;201500003271;15;3;14;930;1;2;1;1;6;172;30 rue des acacias;M;4558667.0;-66728.0;170
2950;201500003272;15;3;20;1615;1;1;1;1;6;15;;M;4554747.0;-86039.0;170
2951;201500003273;15;3;23;1700;1;1;1;1;7;230;;M;4558274.0;-93129.0;170
2952;201500003275;15;4;28;1945;1;1;1;1;1;133;;M;4558999.0;-70611.0;170
2953;201500003276;15;6;25;1700;1;1;9;1;3;310;;M;4556756.0;-73332.0;170
2954;201500003277;15;9;16;945;1;2;1;2;6;131;rue des Ecoles;M;4558259.0;-83124.0;170
2955;201500003278;15;9;28;2200;3;2;1;1;6;152;route de l'estuaire;M;4554581.0;-80081.0;170
2956;201500003279;15;10;25;1945;3;1;1;1;7;298;;M;4563552.0;-70317.0;170
2957;201500003280;15;11;1;1600;1;2;1;1;6;230;Boulevard du Marais;M;4556535.0;-96034.0;170
2958;201500003281;15;12;17;1200;1;2;6;1;3;131;Bonnes Nouvelles;M;4557760.0;-82441.0;170
2959;201500003282;15;6;9;730;1;1;1;1;7;56;;M;4559949.0;-50875.0;170
2960;201500003283;15;9;20;1700;1;1;1;7;5;56;;M;4560723.0;-48983.0;170
2961;201500003284;15;9;22;1530;1;1;2;2;1;27;;M;4556959.0;-52543.0;170
2962;201500003285;15;1;1;845;1;1;1;1;7;45;;M;4585044.0;-82300.0;170
2963;201500003286;15;3;21;1845;2;1;1;1;5;284;;M;4583052.0;-90132.0;170
2964;201500003287;15;3;27;930;1;1;1;7;6;141;;M;4569570.0;-47939.0;170
2965;201500003288;15;6;18;1515;1;1;1;1;5;284;;M;4582958.0;-89658.0;170
2966;201500003289;15;6;25;1900;1;1;2;1;3;431;;M;4578743.0;-77958.0;170
2967;201500003290;15;9;5;1945;1;1;1;1;2;284;;M;4583339.0;-86813.0;170
2968;201500003291;15;9;18;1745;1;1;1;8;5;455;;M;4588484.0;-86071.0;170
2969;201500003292;15;1;19;1715;1;2;3;1;3;421;43 ave Pierre de campet;M;4567503.0;-92572.0;170
2970;201500003293;15;2;20;2100;3;1;1;2;1;228;;M;4566005.0;-94768.0;170
2971;201500003294;15;5;27;1430;1;1;2;1;3;393;;M;4568540.0;-84848.0;170
2972;201500003295;15;7;25;1230;1;1;1;1;2;393;;M;4567884.0;-88855.0;170
2973;201500003296;15;9;4;1745;1;2;1;1;2;421;24 Route de La Tremblade;M;4567505.0;-94532.0;170
2974;201500003297;15;11;10;845;1;1;1;1;3;97;;M;4564900.0;-88700.0;170
2975;201500003298;15;12;17;1145;1;1;1;1;3;119;;M;4563427.0;-87900.0;170
2976;201500003299;15;1;5;15;5;2;1;2;6;347;avenue de Gaulle;M;4594026.0;-51264.0;170
2977;201500003300;15;1;18;745;5;1;1;1;6;347;;M;4593772.0;-52570.0;170
2978;201500003301;15;2;5;1415;1;1;1;1;6;22;;M;4589745.0;-52554.0;170
2979;201500003302;15;2;14;1715;1;1;1;3;1;459;;M;4591712.0;-44484.0;170
2980;201500003303;15;2;17;1630;1;1;2;1;3;22;;M;4589977.0;-52293.0;170
2981;201500003304;15;4;15;1115;1;1;2;1;3;347;;M;4594492.0;-52653.0;170
2982;201500003305;15;5;12;2030;1;1;2;1;3;459;;M;4590889.0;-42494.0;170
2983;201500003306;15;7;2;1615;1;2;2;1;1;440;RUE DE SAINTONGE;M;4594937.0;-55983.0;170
2984;201500003307;15;8;16;830;1;2;1;1;6;103;;M;4605133.0;-70800.0;170
2985;201500003308;15;9;1;1830;1;1;2;1;3;266;;M;4591514.0;-68938.0;170
2986;201500003309;15;9;18;1630;1;1;1;2;1;397;;M;4586123.0;-66108.0;170
2987;201500003310;15;10;4;300;3;1;1;5;6;22;;M;4589900.0;-52100.0;170
2988;201500003311;15;11;25;1730;2;1;1;2;1;381;;M;4601500.0;-45000.0;170
2989;201500003312;15;12;28;2300;5;2;1;2;1;344;avenue de st jean d'ange;M;4585700.0;-52800.0;170
2990;201500003313;15;12;30;1515;1;1;1;1;1;465;;M;4597015.0;-60623.0;170
2991;201500003314;15;2;8;415;3;1;1;1;6;271;;M;4600900.0;-38700.0;170
2992;201500003315;15;3;21;30;3;1;1;1;1;477;;M;4597293.0;-14570.0;170
2993;201500003317;15;5;21;1715;1;1;2;1;3;367;;M;4595023.0;-34150.0;170
2994;201500003318;15;9;8;1815;1;2;1;1;1;474;Route départementale;M;4609659.0;-50252.0;170
2995;201500003319;15;10;9;2245;3;1;1;1;6;471;;M;4608643.0;-29376.0;170
2996;201500003320;15;10;27;1545;1;2;1;8;1;327;RUE DU PUY DE LA VILLE;M;4608967.0;-59941.0;170
2997;201500003321;15;3;6;2245;3;1;1;1;7;62;;M;4587533.0;-15616.0;170
2998;201500003322;15;3;22;1445;1;1;2;1;3;147;;M;4583392.0;-49333.0;170
2999;201500003323;15;4;2;2100;5;2;1;1;6;470;chez bruneaud;M;4580227.0;-44742.0;170
3000;201500003324;15;4;9;1000;1;1;2;1;3;224;;M;4586600.0;-31100.0;170
3001;201500003325;15;5;10;1100;1;1;2;1;3;71;;M;4589757.0;-38874.0;170
3002;201500003326;15;5;23;830;1;1;2;1;3;446;;M;4582999.0;-32227.0;170
3003;201500003327;15;7;17;1515;1;1;1;1;3;188;;M;4585252.0;-24454.0;170
3004;201500003328;15;6;24;1515;1;1;1;1;7;86;"LD ""SENEUIL""";M;4642499.0;-36420.0;790
3005;201500003329;15;12;11;645;2;1;1;5;6;58;;M;4617896.0;-31733.0;790
3006;201500003330;15;11;6;730;3;1;1;2;1;48;;M;4637855.0;-32118.0;790
3007;201500003331;15;1;28;1315;1;1;1;2;1;49;ROUTE DE DUBRIE;M;4688858.0;-50776.0;790
3008;201500003332;15;5;22;1845;1;1;1;1;1;49;"LD ""LA MAISON ROUGE""";M;4690413.0;-47127.0;790
3009;201500003333;15;6;12;1200;1;1;2;1;3;49;;M;4684195.0;-51065.0;790
3010;201500003334;15;6;13;730;1;1;1;1;6;38;"LD ""VILLEBOIS""";M;4680143.0;-44361.0;790
3011;201500003335;15;7;12;715;1;2;6;1;6;49;;M;4684722.0;-52654.0;790
3012;201500003336;15;9;16;1015;1;2;6;6;6;49;BOULEVARD DE POITIERS;M;4683945.0;-48856.0;790
3013;201500003337;15;11;18;1900;5;2;2;2;3;116;5 RP DU GRAL DE GAULLE;M;4683022.0;-35267.0;790
3014;201500003338;15;12;3;745;2;1;1;1;2;49;BOULEVARD DE NANTES;M;4684504.0;-52794.0;790
3015;201500003339;15;5;8;2030;1;1;1;1;6;318;"LD ""LA PIJOLIERE""";M;4657780.0;-26826.0;790
3016;201500003340;15;1;8;730;2;1;1;1;1;201;;M;4586220.0;112661.0;870
3017;201500003341;15;3;17;830;1;1;1;1;3;143;;M;4590310.0;116485.0;870
3018;201500003343;15;4;8;1930;1;1;1;1;1;201;;M;4584170.0;111174.0;870
3019;201500003344;15;4;16;1145;1;1;1;1;5;118;;M;4595820.0;117194.0;870
3020;201500003345;15;5;22;1745;1;2;1;1;1;21;ROUTE DU BOULOUX;;;;870
3021;201500003346;15;11;19;845;1;1;1;2;1;202;;M;4590920.0;111199.0;870
3022;201500003347;15;11;25;1745;3;1;1;2;6;38;;M;4590700.0;127113.0;870
3023;201500003348;15;11;27;1500;1;1;3;7;3;201;;M;4584430.0;117683.0;870
3024;201500003349;15;12;3;1400;1;1;1;1;1;1;;M;4582500.0;113224.0;870
3025;201500003350;15;1;2;1700;1;1;1;3;7;157;;M;4599560.0;145089.0;870
3026;201500003351;15;2;21;1900;3;1;1;4;1;20;;M;4594950.0;131576.0;870
3027;201500003352;15;3;18;2245;4;1;1;1;7;125;RD 97 - LA LANDE;M;4592020.0;135144.0;870
3028;201500003353;15;5;24;1545;1;1;1;1;4;2;BOIS DE LA LIEUE;M;4594490.0;137399.0;870
3029;201500003354;15;6;7;1045;1;2;1;1;3;2;AVENUE LIBÉRATION;;;;870
3030;201500003355;15;7;10;1700;1;1;3;1;3;20;;M;4592870.0;130460.0;870
3031;201500003356;15;8;13;830;1;1;1;2;7;178;;M;4587880.0;137050.0;870
3032;201500003357;15;2;24;1245;1;1;1;2;3;64;;M;4573960.0;172643.0;870
3033;201500003358;15;7;3;900;1;2;1;8;6;105;LIEU-DIT LA VEYTISOU;M;4573170.0;166781.0;870
3034;201500003359;15;10;24;30;3;1;1;1;6;40;;M;4569020.0;162356.0;870
3035;201500003360;15;6;1;1115;1;1;2;1;3;70;;M;4578110.0;149122.0;870
3036;201500003361;15;9;6;1;3;1;1;1;1;99;;M;4587770.0;154946.0;870
3037;201500003362;15;4;10;1530;1;1;1;1;1;127;;M;4560230.0;122471.0;870
3038;201500003363;15;5;30;1930;1;1;1;1;7;94;;M;4570600.0;116442.0;870
3039;201500003364;15;8;11;2345;3;1;1;1;1;106;;M;4568320.0;122373.0;870
3040;201500003365;15;10;19;900;1;2;1;7;1;27;D901 - LES PRADELLES;M;4562850.0;104304.0;870
3041;201500003366;15;11;17;1645;1;2;1;8;6;32;AVENUE ANDRÉ BESSE;M;4565350.0;97711.0;870
3042;201500003367;15;12;4;300;3;2;1;1;6;106;RUE GEORGES BRASSENS;M;4569430.0;117208.0;870
3043;201500003368;15;12;10;745;2;1;1;1;3;124;;M;4567010.0;113390.0;870
3044;201500003369;15;3;20;1615;1;1;1;2;5;12;;M;4609300.0;108031.0;870
3045;201500003372;15;7;27;1045;1;1;1;1;3;116;;M;4612730.0;100492.0;870
3046;201500003373;15;9;22;915;1;1;1;2;1;11;;M;4610120.0;107539.0;870
3047;201500003374;15;11;4;1815;3;1;1;1;6;18;;M;4603150.0;101877.0;870
3048;201500003375;15;12;3;245;3;1;1;1;6;28;;M;4622990.0;89856.0;870
3049;201500003376;15;3;12;1945;3;1;1;1;1;68;;M;4613710.0;139855.0;870
3050;201500003377;15;9;7;1415;1;1;1;1;1;68;;M;4615390.0;142230.0;870
3051;201500003378;15;10;20;1045;1;1;1;1;6;45;;M;4597430.0;102213.0;870
3052;201500003379;15;10;23;2300;5;2;1;1;3;181;RUE DE LA GARE;;;;870
3053;201500003380;15;3;1;1645;2;1;1;2;6;149;;;;;870
3054;201500003381;15;3;11;830;1;1;1;1;1;41;;M;4613460.0;130313.0;870
3055;201500003382;15;5;13;2030;1;1;1;1;1;61;;M;4618320.0;117874.0;870
3056;201500003383;15;10;2;1230;1;1;1;1;6;61;;M;4615590.0;112948.0;870
3057;201500003384;15;1;21;1845;3;1;6;1;3;154;;M;4590400.0;93450.0;870
3058;201500003385;15;3;6;2230;3;1;1;1;1;30;;M;4585610.0;87235.0;870
3059;201500003386;15;3;7;330;5;2;1;1;6;154;;M;4588660.0;89701.0;870
3060;201500003387;15;4;24;1430;1;2;6;1;6;154;PLACE LASVERGNAS;M;4588770.0;89892.0;870
3061;201500003388;15;5;16;1100;1;2;9;1;3;126;08 RUE GEORGES SAND;;;;870
3062;201500003389;15;6;29;1915;1;2;1;1;6;154;AVENUE ORADOUR SUR GLANE;M;4589560.0;91294.0;870
3063;201500003390;15;6;30;930;1;1;1;1;6;154;;M;4590570.0;94887.0;870
3064;201500003391;15;7;2;2130;1;1;1;1;6;199;;M;4577700.0;84206.0;870
3065;201500003392;15;7;2;1900;1;2;1;1;3;110;LIEU-DIT L'AUZE;M;4593000.0;103462.0;870
3066;201500003393;15;7;4;1015;1;2;1;1;6;154;15 AVENUE GAY LUSSAC;M;4588820.0;88408.0;870
3067;201500003394;15;7;6;1700;1;1;1;1;6;154;;M;4590540.0;94634.0;870
3068;201500003395;15;12;11;1430;1;1;2;1;3;185;;M;4589600.0;103746.0;870
3069;201500003396;15;12;16;1100;1;1;1;5;3;140;;M;4587790.0;97946.0;870
3070;201500003397;15;3;29;1215;1;1;1;2;1;168;;M;4571000.0;79554.0;870
3071;201500003398;15;6;16;900;1;1;1;1;1;191;;M;4575630.0;101970.0;870
3072;201500003399;15;10;20;745;2;1;4;1;3;36;;M;4568450.0;96819.0;870
3073;201500003401;15;5;24;915;1;1;1;1;5;236;LAUBAZINE;M;4528380.0;191636.0;190
3074;201500003402;15;9;8;1915;2;1;9;1;3;207;LA VALEYRIE;M;4525570.0;163374.0;190
3075;201500003404;15;11;15;1645;1;1;1;1;2;38;28 RUE DE LA TREMOUILLE;M;4526330.0;173152.0;190
3076;201500003405;15;12;25;300;3;1;1;1;6;236;LA SYREYJADE;M;4528960.0;189831.0;190
3077;201500003406;15;7;19;845;1;1;1;2;6;7;LA COMBE;M;4499420.0;185661.0;190
3078;201500003407;15;7;27;1000;1;1;1;8;1;10;ÉCHAUNIE;M;4510660.0;191452.0;190
3079;201500003408;15;7;10;400;5;2;1;1;7;73;BOULEVARD DE L'ESCOUT;M;4540820.0;206048.0;190
3080;201500003409;15;7;16;1800;1;1;1;1;1;73;EN CHAUDIERE;M;4538300.0;189800.0;190
3081;201500003410;15;12;14;1305;1;2;1;2;1;231;PLAZIAT;M;4526290.0;198870.0;190
3082;201500003412;15;5;30;1000;1;1;1;1;1;222;LE PASPEYROUX;M;4514020.0;198860.0;190
3083;201500003413;15;6;23;1115;1;1;1;1;7;97;;M;4527650.0;208016.0;190
3084;201500003414;15;9;14;1300;1;1;1;1;1;231;PLAZIAT;M;4526290.0;198870.0;190
3085;201500003415;15;6;6;1400;1;1;1;1;1;36;REMENIERAS;M;4563780.0;174205.0;190
3086;201500003416;15;1;9;1815;5;2;1;3;5;123;AVENUE DU PROGRES;M;4516850.0;156871.0;190
3087;201500003418;15;2;22;1515;1;1;1;1;2;63;PONT DU CAYRE;M;4515680.0;160710.0;190
3088;201500003419;15;5;17;1015;1;1;1;1;1;68;LA BORIE BASSE;M;4516580.0;159516.0;190
3089;201500003420;15;7;11;1915;1;1;2;1;1;229;LA NADALIE;M;4513750.0;144844.0;190
3090;201500003421;15;8;7;1715;1;2;1;1;7;123;PIERRE ET MARIE CURIE;M;4516930.0;156069.0;190