;Num_Acc;an;mois;jour;hrmn;lum;agg;int;atm;col;com;adr;gps;lat;long;dep
3091;201500003423;15;9;5;2000;1;1;1;1;5;123;CLAREDENT;M;4517230.0;161835.0;190
3092;201500003424;15;9;7;1215;1;2;1;1;6;123;14 AV CAP TAURISSON;M;4517710.0;158769.0;190
3093;201500003425;15;9;15;1215;1;1;1;3;1;93;RIAUME;M;4510160.0;156719.0;190
3094;201500003426;15;10;9;1100;2;2;1;1;6;123;29 AV P.ET M. CURIE;M;4516850.0;155760.0;190
3095;201500003427;15;2;18;1700;1;1;1;1;7;99;LE BARRAT;M;4510540.0;170122.0;190
3096;201500003428;15;8;12;1745;1;1;4;1;3;169;LE ROUSSEL;M;4503380.0;177776.0;190
3097;201500003429;15;8;13;1230;1;1;1;8;1;273;VENAYRE;M;4506280.0;156389.0;190
3098;201500003431;15;7;11;1830;1;1;3;1;3;234;LES 4 ROUTES;M;4532110.0;156954.0;190
3099;201500003433;15;10;4;1945;3;1;1;2;1;72;LA BACCALERIE;M;4522990.0;150604.0;190
3100;201500003434;15;10;1;1300;1;1;1;1;7;72;LA BACCALERIE;M;4522990.0;150602.0;190
3101;201500003435;15;12;1;1900;3;1;1;1;1;243;BOIS DU CROS;M;4537560.0;135013.0;190
3102;201500003436;15;12;25;1715;2;1;1;1;1;11;LE MAS;M;4542230.0;134938.0;190
3103;201500003437;15;1;28;945;1;2;1;8;6;253;LE BOURG;M;4527580.0;127722.0;190
3104;201500003438;15;2;12;1800;1;1;1;1;6;288;MEILHAC;M;4530040.0;144654.0;190
3105;201500003440;15;11;8;830;1;1;1;1;1;182;LE ROC;M;4523040.0;138329.0;190
3106;201500003442;15;3;17;1715;1;1;1;8;6;113;CHANTEGRIL;M;4542230.0;234365.0;190
3107;201500003443;15;4;4;1215;1;1;1;1;6;252;MAISON NEUVE;M;4542900.0;245573.0;190
3108;201500003444;15;4;23;45;5;2;1;1;6;28;195 RUE DES NADAUDS;M;4540580.0;250370.0;190
3109;201500003445;15;10;22;2015;3;1;1;2;6;226;LE PONT;M;4562580.0;203743.0;190
3110;201500003446;15;2;2;2030;3;1;1;1;6;32;;M;4635933.0;222717.0;230
3111;201500003447;15;3;26;1400;1;1;1;8;6;25;;M;4631992.0;186803.0;230
3112;201500003448;15;2;5;845;1;1;1;8;1;45;;M;4618800.0;244000.0;230
3113;201500003449;15;10;22;930;1;2;1;2;6;100;42, grande rue;M;0.0;0.0;230
3114;201500003450;15;11;30;845;1;1;1;1;3;93;;M;4619700.0;222700.0;230
3115;201500003451;15;1;31;1915;4;2;1;1;6;176;rue maurice giboin;M;4624100.0;147700.0;230
3116;201500003452;15;5;25;2045;1;2;1;1;7;176;AV du général LECLERC;M;4623932.0;149164.0;230
3117;201500003453;15;7;12;1735;1;1;1;1;7;47;;M;4615705.0;155797.0;230
3118;201500003454;15;8;9;1915;1;1;1;1;6;141;;M;4628700.0;167000.0;230
3119;201500003455;15;2;26;2000;3;1;1;3;6;179;;M;4595652.0;225206.0;230
3120;201500003456;15;3;29;1715;1;1;1;2;6;61;;M;4609838.0;217694.0;230
3121;201500003457;15;10;5;1015;1;1;1;2;6;113;;M;4599100.0;234200.0;230
3122;201500003458;15;6;7;1530;1;2;1;1;7;30;2, rue de Verdun;M;4595361.0;175558.0;230
3123;201500003459;15;1;9;1400;1;1;1;1;2;82;;M;0.0;0.0;310
3124;201500003460;15;2;9;915;1;2;1;1;6;44;Rue saint jean;M;0.0;0.0;310
3125;201500003461;15;3;15;1130;1;1;3;8;3;3;route de la sauné;M;4356206.0;158536.0;310
3126;201500003462;15;3;17;1715;1;2;1;1;6;228;430 ROUTE DES COTEAUX;M;4369295.0;158402.0;310
3127;201500003463;15;4;4;1700;1;1;1;1;1;573;;M;0.0;0.0;310
3128;201500003464;15;5;28;1815;1;1;1;1;6;44;;M;4360965.0;149422.0;310
3129;201500003465;15;7;16;730;1;1;2;1;1;271;;M;4355100.0;168300.0;310
3130;201500003466;15;7;23;800;1;2;1;1;1;573;rue du Grand Faubourg;M;4365556.0;166020.0;310
3131;201500003467;15;8;5;1145;1;1;1;1;1;445;;M;4357454.0;154839.0;310
3132;201500003468;15;11;3;800;1;1;1;1;6;573;;M;4366400.0;169443.0;310
3133;201500003469;15;11;14;1500;1;1;1;1;3;163;;M;0.0;0.0;310
3134;201500003470;15;11;18;1945;3;1;1;1;6;184;;M;0.0;0.0;310
3135;201500003471;15;12;19;1300;1;1;1;7;1;184;;M;4358603.0;156627.0;310
3136;201500003472;15;5;7;1845;1;1;1;1;1;25;;M;4348700.0;144700.0;310
3137;201500003473;15;6;9;545;2;1;1;1;6;48;;M;4345152.0;162709.0;310
3138;201500003474;15;7;23;1400;1;2;3;1;3;429;RUE JANE DIEULAFOY;M;4349024.0;151585.0;310
3139;201500003475;15;10;28;2030;5;2;1;1;7;113;AVENUE DE TOULOUSE;M;4351621.0;149844.0;310
3140;201500003476;15;2;28;1100;1;1;4;1;3;587;route de fronton;M;4376359.0;140727.0;310
3141;201500003477;15;3;22;1645;1;1;3;2;3;311;D 630/D 15;M;4381856.0;154208.0;310
3142;201500003478;15;4;11;1915;1;1;1;1;6;584;route de bondigoux;M;4385502.0;151396.0;310
3143;201500003479;15;5;4;915;1;1;1;1;6;79;2158 route de fronton;M;4379687.0;140651.0;310
3144;201500003480;15;7;1;1345;1;2;1;7;3;584;allée Charles de Gaulle;M;4386293.0;150610.0;310
3145;201500003481;15;7;6;1915;1;2;1;1;6;579;203 route de bessieres;M;4375561.0;149213.0;310
3146;201500003482;15;8;29;200;3;1;1;1;6;584;;M;0.0;0.0;310
3147;201500003483;15;8;30;1745;1;2;1;1;3;202;675 route de fabas;M;4384488.0;137833.0;310
3148;201500003484;15;12;17;800;2;1;6;1;6;118;;M;4378880.0;134475.0;310
3149;201500003485;15;5;19;1630;1;2;1;1;5;356;38, route de Toulouse;M;4368917.0;123486.0;310
3150;201500003487;15;9;12;1130;1;2;1;1;6;232;avenue du 8 mai 1945;M;4376382.0;129298.0;310
3151;201500003488;15;9;28;1615;1;2;1;7;6;232;avenue du 8 mai 1945;M;4376359.0;129267.0;310
3152;201500003489;15;9;27;1800;1;2;1;1;6;232;Cours Valmy;M;4377047.0;129019.0;310
3153;201500003490;15;3;10;1845;1;1;1;1;7;291;;M;0.0;0.0;310
3154;201500003491;15;3;25;2345;3;1;1;1;6;291;;M;0.0;0.0;310
3155;201500003492;15;5;4;830;1;2;1;1;1;417;AVENUE ST EXUPERY;M;4361286.0;126428.0;310
3156;201500003494;15;7;6;2115;1;1;1;1;1;417;;M;4360536.0;128893.0;310
3157;201500003495;15;8;16;1745;1;1;1;1;4;417;;M;0.0;0.0;310
3158;201500003496;15;9;18;815;1;2;1;1;3;417;Route de Lévignac RD24;M;0.0;0.0;310
3159;201500003497;15;9;26;1630;1;1;1;1;6;277;;M;4362070.0;118986.0;310
3160;201500003498;15;11;27;1000;1;2;1;1;1;417;route de Mondonville;M;0.0;0.0;310
3161;201500003499;15;6;25;2130;2;2;1;1;1;420;Place du Gal BERDOULAT;M;4351008.0;138874.0;310
3162;201500003500;15;8;2;730;1;1;1;1;6;433;route de francazal;M;4353258.0;138823.0;310
3163;201500003501;15;10;25;1845;3;1;1;1;6;433;;M;0.0;0.0;310
3164;201500003502;15;2;26;1900;3;2;1;2;6;446;RD 813;M;4354924.0;147942.0;310
3165;201500003503;15;3;1;1315;1;2;1;2;3;446;rond point louise weiss;M;4355436.0;147675.0;310
3166;201500003504;15;3;10;1745;1;1;3;1;3;506;;M;0.0;0.0;310
3167;201500003505;15;5;6;1215;1;2;6;1;6;446;1 avenue émile zola;M;4354089.0;148349.0;310
3168;201500003506;15;7;10;1745;1;2;6;1;7;254;rue d'occitanie;M;4352911.0;153093.0;310
3169;201500003508;15;3;25;1645;2;1;1;1;6;136;route de labastide;M;4374679.0;143580.0;310
3170;201500003509;15;7;2;1300;1;2;1;1;6;182;19 avenue des sports;M;4367926.0;139568.0;310
3171;201500003510;15;7;11;1945;1;2;1;1;5;293;route de la plage;M;0.0;0.0;310
3172;201500003511;15;7;29;1015;1;2;1;1;2;182;54 route de paris;M;4367327.0;140967.0;310
3173;201500003512;15;8;16;100;1;1;2;1;1;490;;M;4372155.0;138382.0;310
3174;201500003514;15;11;30;1830;5;2;1;1;1;136;route de Villemur;M;4375081.0;143262.0;310
3175;201500003515;15;12;24;930;1;2;6;1;7;293;rd63 - route de la plage;M;4371062.0;139049.0;310
3176;201500003516;15;12;28;2215;3;1;1;1;1;490;;M;0.0;0.0;310
3177;201500003518;15;4;10;1230;1;2;1;1;1;561;51 route de BESSIERES;M;4366356.0;147102.0;310
3178;201500003519;15;5;15;2245;3;1;1;1;6;117;;M;0.0;0.0;310
3179;201500003520;15;8;4;1800;1;2;1;1;3;459;532 route de montpitol;M;4372740.0;163370.0;310
3180;201500003522;15;8;23;1500;1;2;1;8;7;94;route de Paulhac;M;4377902.0;162429.0;310
3181;201500003523;15;8;26;1830;1;2;1;1;3;561;route de Bessières;M;4365597.0;147050.0;310
3182;201500003524;15;8;27;915;1;2;1;1;6;66;D630;M;4379997.0;160741.0;310
3183;201500003525;15;9;1;1245;1;2;3;1;3;488;rue des roses/des roses;M;4366621.0;150502.0;310
3184;201500003526;15;9;19;2045;5;2;1;1;7;273;CHEMIN DE BOUZIGUES;M;4368416.0;149586.0;310
3185;201500003527;15;10;14;730;2;2;6;1;3;561;Rond point;M;0.0;0.0;310
3186;201500003529;15;1;17;1945;3;1;1;1;5;395;;M;4347000.0;126800.0;310
3187;201500003530;15;7;24;1800;1;1;1;1;6;287;;M;0.0;0.0;310
3188;201500003531;15;9;22;830;1;2;1;8;6;395;Avenue Henri Peyrusse;M;4345205.0;132820.0;310
3189;201500003532;15;10;1;1645;1;2;1;1;3;165;885 route de muret;M;0.0;0.0;310
3190;201500003533;15;12;16;1500;1;2;1;1;2;395;05 quater avenue d ox;M;4346220.0;132098.0;310
3191;201500003534;15;2;6;745;2;1;1;4;6;330;la côte blanche;M;4331896.0;143921.0;310
3192;201500003535;15;3;13;845;1;1;1;2;1;332;;M;0.0;0.0;310
3193;201500003536;15;4;3;2015;2;1;1;1;3;33;;M;4335862.0;149037.0;310
3194;201500003537;15;4;5;1515;1;1;1;1;6;173;;M;0.0;0.0;310
3195;201500003538;15;4;21;1530;1;1;1;1;3;264;;M;4333601.0;139819.0;310
3196;201500003539;15;5;11;915;1;1;1;1;7;100;;M;0.0;0.0;310
3197;201500003540;15;5;17;1;3;1;6;1;6;345;;M;0.0;0.0;310
3198;201500003541;15;6;14;1930;1;2;1;1;1;574;;M;4343900.0;142275.0;310
3199;201500003544;15;6;25;1900;1;1;1;1;1;206;;M;0.0;0.0;310
3200;201500003545;15;7;17;1230;1;1;1;1;6;574;ave de lagardelle;M;4342916.0;142150.0;310
3201;201500003546;15;7;27;1645;1;2;1;1;5;33;pont de l'ariège;M;0.0;0.0;310
3202;201500003547;15;8;24;1930;1;1;1;1;6;100;;M;0.0;0.0;310
3203;201500003548;15;8;31;600;3;1;1;1;1;33;;M;0.0;0.0;310
3204;201500003549;15;9;15;645;3;1;1;1;6;145;;M;0.0;0.0;310
3205;201500003550;15;10;18;1830;1;1;1;1;6;33;;M;0.0;0.0;310
3206;201500003551;15;1;4;1200;1;2;1;2;6;303;12 GRAND RUE;M;4335531.0;123936.0;310
3207;201500003552;15;1;10;1515;1;2;1;1;3;107;route de l arize;M;4329878.0;121962.0;310
3208;201500003553;15;2;16;1115;1;1;1;1;7;52;;M;0.0;0.0;310
3209;201500003554;15;4;8;1930;1;1;1;1;2;517;43 rt de la méditerranée;M;4332870.0;132958.0;310
3210;201500003555;15;4;24;1545;1;1;2;7;2;303;route du lançon;M;4334983.0;123266.0;310
3211;201500003556;15;6;9;845;1;1;1;1;6;365;;M;0.0;0.0;310
3212;201500003558;15;7;5;1800;1;1;2;1;3;71;RD15/RD75;M;0.0;0.0;310
3213;201500003559;15;9;20;1830;1;1;1;7;7;365;;M;0.0;0.0;310
3214;201500003560;15;9;24;1030;1;1;1;1;1;375;;M;4321911.0;127071.0;310
3215;201500003561;15;10;2;1400;1;1;1;1;6;455;;M;0.0;0.0;310
3216;201500003562;15;10;18;1800;1;1;1;1;6;375;;M;0.0;0.0;310
3217;201500003563;15;10;17;30;3;1;1;1;7;107;;M;4331200.0;119800.0;310
3218;201500003564;15;10;24;1145;1;1;1;7;6;334;;M;4336356.0;132528.0;310
3219;201500003565;15;10;29;1130;1;2;1;1;3;107;AVENUE VINCENT AURIOL;M;4330457.0;122878.0;310
3220;201500003566;15;11;6;830;1;1;2;1;3;286;;M;0.0;0.0;310
3221;201500003567;15;12;18;1900;3;1;1;1;6;107;;M;0.0;0.0;310
3222;201500003568;15;3;12;1745;1;1;1;1;1;349;lieudit les  baylacs;M;4322485.0;104758.0;310
3223;201500003570;15;4;12;230;3;1;1;1;6;229;;M;0.0;0.0;310
3224;201500003571;15;5;9;1900;1;2;1;1;6;135;ch de bourdou;M;4322468.0;108676.0;310
3225;201500003572;15;6;25;800;1;2;3;7;1;193;quartier benque;M;4327302.0;106906.0;310
3226;201500003573;15;6;25;2145;2;1;1;1;1;425;;M;0.0;0.0;310
3227;201500003574;15;6;30;1415;1;2;1;1;6;425;lieu dit la goutorbe;M;4316422.0;111913.0;310
3228;201500003575;15;7;26;700;1;2;8;1;7;324;Avenue de Palaminy;M;4319722.0;102103.0;310
3229;201500003576;15;8;10;900;1;2;1;7;6;135;PLACE DES MARTYRS DE LA;M;4320673.0;108630.0;310
3230;201500003577;15;12;5;1800;5;2;1;1;3;135;avenue de Toulouse;M;4321941.0;108501.0;310
3231;201500003578;15;1;12;1015;1;1;1;1;2;499;2679 rte de lamasquère;M;4350348.0;120478.0;310
3232;201500003579;15;1;14;945;1;1;1;1;3;187;;M;4352738.0;125126.0;310
3233;201500003580;15;3;6;2045;3;1;1;1;1;424;;M;4353587.0;130484.0;310
3234;201500003581;15;3;27;1945;2;2;2;1;1;187;rte de Tarbes/ave19 mars;M;4353430.0;122833.0;310
3235;201500003582;15;3;27;1630;1;2;1;1;3;424;rue de gascogne;M;4356670.0;128807.0;310
3236;201500003583;15;4;3;730;1;1;4;1;1;424;ch peyrette/RD 24;M;0.0;0.0;310
3237;201500003584;15;4;20;2345;5;2;1;1;6;424;27 rue des mésanges;M;4355585.0;130428.0;310
3238;201500003585;15;6;7;530;2;2;1;1;6;499;2053 ROUTE DE LAMASQUERE;M;4350466.0;119731.0;310
3239;201500003586;15;8;14;2345;4;2;1;1;6;424;30bis route de colomiers;M;4358557.0;127981.0;310
3240;201500003587;15;9;11;1915;1;2;1;1;3;424;rue del guindouillé;M;4357017.0;129907.0;310
3241;201500003588;15;1;12;1030;1;1;1;7;6;390;;M;0.0;0.0;310
3242;201500003589;15;1;21;800;1;2;2;1;3;167;rue longue;M;4304907.0;73877.0;310
3243;201500003590;15;1;21;1145;1;2;1;1;7;523;boulevard jean jaures;M;4310415.0;96034.0;310
3244;201500003591;15;2;8;100;3;1;1;1;6;31;;M;0.0;0.0;310
3245;201500003592;15;3;3;900;1;1;1;1;1;246;;M;0.0;0.0;310
3246;201500003593;15;4;27;2345;3;1;1;2;6;390;;M;0.0;0.0;310
3247;201500003594;15;11;11;1545;1;1;1;7;6;537;;M;0.0;0.0;310
3248;201500003595;15;11;20;1300;1;1;1;1;6;238;;M;4306373.0;60136.0;310
3249;201500003597;15;12;2;330;3;1;1;1;6;390;;M;0.0;0.0;310
3250;201500003598;15;12;30;1700;1;1;1;8;1;500;;M;4276872.0;61856.0;310
3251;201500003599;15;1;13;1130;1;2;1;1;3;244;Route de MONTAUBAN;M;4280481.0;60836.0;310
3252;201500003600;15;2;20;2000;3;2;1;8;6;85;d 44J LE MOURTIS;M;4291240.0;76924.0;310
3253;201500003601;15;4;12;1730;1;2;1;1;6;394;route de luchon;M;4281539.0;59733.0;310
3254;201500003602;15;6;1;2230;3;1;1;1;6;244;route de salles;M;4281719.0;60634.0;310
3255;201500003603;15;7;19;1345;1;2;1;1;3;42;54 avenue Maréchal FOCH;M;4279315.0;59251.0;310
3256;201500003604;15;8;28;215;5;2;1;1;6;471;Lande de dessous;M;4290587.0;69120.0;310
3257;201500003605;15;11;15;1230;1;1;1;1;7;42;;M;4272690.0;63262.0;310
3258;201500003606;15;12;30;1345;1;2;6;7;6;42;ave Rémy COMET;M;4280519.0;60001.0;310
3259;201500003607;15;1;18;1000;1;2;1;1;6;121;RD.03;M;0.0;0.0;310
3260;201500003608;15;12;28;1000;1;1;1;1;6;1;;M;0.0;0.0;310
3261;201500003609;15;2;15;1745;2;1;1;3;6;5;;M;0.0;0.0;310
3262;201500003610;15;4;17;1800;1;2;9;1;3;251;Le village;M;4333488.0;93801.0;310
3263;201500003611;15;5;25;1545;1;1;1;1;6;385;;M;4322625.0;62637.0;310
3264;201500003612;15;8;29;315;5;2;9;1;6;28;Route de Boulogne;M;0.0;0.0;310
3265;201500003613;15;9;2;945;1;1;1;1;7;80;;M;0.0;0.0;310
3266;201500003614;15;9;13;1900;1;1;1;1;7;428;;M;0.0;0.0;310
3267;201500003615;15;11;25;1815;3;1;1;2;6;307;;M;4334007.0;70418.0;310
3268;201500003616;15;4;26;1800;1;1;1;3;6;237;;M;0.0;0.0;310
3269;201500003617;15;5;2;1800;1;2;1;1;6;315;La verdure D117;M;4308899.0;95116.0;310
3270;201500003618;15;9;9;1045;1;1;1;1;6;167;route de cabanac;M;0.0;0.0;310
3271;201500003619;15;9;26;1115;1;1;1;1;3;314;;M;4315492.0;95187.0;310
3272;201500003620;15;10;11;1345;1;2;1;1;6;20;RD5 PK 3.7;M;0.0;0.0;310
3273;201500003621;15;10;31;1415;1;1;1;1;5;208;barrahite;M;4306024.0;85397.0;310
3274;201500003622;15;5;7;1745;1;1;2;1;3;374;;M;4341702.0;163987.0;310
3275;201500003623;15;5;30;2130;2;1;2;1;3;105;;M;0.0;0.0;310
3276;201500003625;15;8;17;1445;1;1;2;1;3;571;;M;4358142.0;176598.0;310
3277;201500003626;15;8;18;1630;1;1;2;1;3;566;ch embechou/ch viterbe;M;4342970.0;176838.0;310
3278;201500003627;15;8;29;345;1;1;1;1;6;582;;M;0.0;0.0;310
3279;201500003628;15;9;15;1345;1;1;9;1;1;560;;M;4343214.0;173914.0;310
3280;201500003629;15;11;5;1600;1;2;1;1;6;582;8 avenue de carcassonne;M;4339477.0;172142.0;310
3281;201500003630;15;11;21;1315;1;1;1;6;6;495;;M;0.0;0.0;310
3282;201500003631;15;12;22;1515;1;1;1;1;3;495;;M;0.0;0.0;310
3283;201500003632;15;10;3;2015;3;1;1;1;6;249;;M;4347366.0;166979.0;310
3284;201500003633;15;11;8;1600;1;1;1;1;7;381;;M;4343500.0;156800.0;310
3285;201500003634;15;4;28;1715;1;2;2;1;3;384;rte lautier/donneville;M;4348845.0;156900.0;310
3286;201500003636;15;7;5;2215;5;1;3;1;6;48;CH DE MONTESSERRE;M;4345189.0;162574.0;310
3287;201500003637;15;3;18;2015;5;1;1;1;2;451;;M;0.0;0.0;310
3288;201500003638;15;6;28;130;5;2;1;1;6;451;Route de TOULOUSE;M;0.0;0.0;310
3289;201500003639;15;7;7;830;1;1;3;1;3;570;;M;0.0;0.0;310
3290;201500003640;15;4;5;1800;1;1;1;1;6;82;;M;4300108.0;134718.0;90
3291;201500003641;15;6;27;1415;1;1;1;1;1;82;;M;4299732.0;132932.0;90
3292;201500003642;15;9;18;715;1;1;1;1;1;246;;M;4299460.0;129694.0;90
3293;201500003643;15;11;22;1315;1;2;1;1;7;167;Avenue des pyrénées;M;4327519.0;134764.0;90
3294;201500003644;15;3;1;1345;1;1;1;2;7;215;;M;4291271.0;178189.0;90
3295;201500003645;15;3;12;1445;1;2;1;7;6;160;Avenue Jean Jaur?s;M;4292884.0;184293.0;90
3296;201500003646;15;4;10;2045;3;2;1;1;7;281;village;M;4297617.0;180848.0;90
3297;201500003647;15;9;6;730;1;2;1;1;6;43;d620;M;4295714.0;190106.0;90
3298;201500003648;15;10;8;1015;2;2;1;2;3;160;19 rue Jacquard;M;4292754.0;184377.0;90
3299;201500003649;15;10;19;1345;1;1;1;1;6;160;;M;4289200.0;179200.0;90
3300;201500003650;15;3;10;30;3;2;1;1;7;45;chemin de pradieres;M;4287012.0;156736.0;90
3301;201500003653;15;10;10;1530;1;1;1;1;6;143;;M;4278311.0;154464.0;90
3302;201500003654;15;10;24;1915;5;1;1;1;1;306;;M;4285373.0;159855.0;90
3303;201500003655;15;1;30;745;5;2;1;3;1;264;AVENUE DES ECOLIERS;M;4301490.0;161061.0;90
3304;201500003656;15;2;13;2030;5;2;2;1;3;238;CD119/CD30;M;0.0;0.0;90
3305;201500003657;15;6;25;815;1;1;1;7;2;60;;M;4317029.0;160331.0;90
3306;201500003658;15;7;28;1915;1;2;1;1;6;60;11 route de toulouse;M;4316396.0;160037.0;90
3307;201500003659;15;11;8;1100;1;1;1;1;1;238;;M;4309266.0;170017.0;90
3308;201500003660;15;11;13;745;1;2;1;1;3;265;Avenue des PYRENEES;M;4309185.0;162657.0;90
3309;201500003661;15;12;12;2245;5;2;1;1;1;238;D119;M;4308900.0;171900.0;90
3310;201500003662;15;12;16;1730;2;2;1;1;1;312;;M;4310207.0;164284.0;90
3311;201500003664;15;7;8;1900;1;2;1;1;7;167;rue de l'abbaye;M;4327588.0;134682.0;90
3312;201500003665;15;7;18;1430;1;1;3;1;3;61;;M;4312410.0;134469.0;90
3313;201500003666;15;7;19;1700;1;2;1;1;3;79;D26 lieu dit La ville;M;4315159.0;139113.0;90
3314;201500003667;15;7;23;1000;1;1;1;1;3;79;;M;4315957.0;137280.0;90
3315;201500003669;15;4;26;1515;1;1;1;3;7;224;;M;4310816.0;145493.0;90
3316;201500003670;15;7;12;2015;1;2;1;1;7;224;D919 - PR 26+200;M;0.0;0.0;90
3317;201500003672;15;7;25;1630;1;1;1;1;1;167;;M;4330137.0;133457.0;90
3318;201500003673;15;11;8;100;3;1;1;1;7;105;;M;4315657.0;128588.0;90
3319;201500003674;15;9;21;930;1;1;1;1;1;150;;M;4305462.0;192797.0;90
3320;201500003675;15;4;23;2045;2;2;1;1;3;185;rue des Tertiaires;M;4325027.0;167988.0;90
3321;201500003676;15;6;6;2330;3;1;1;3;6;282;;M;4323092.0;156585.0;90
3322;201500003677;15;9;13;1015;1;1;1;8;2;282;;M;4323939.0;162228.0;90
3323;201500003679;15;4;6;1145;1;2;1;1;6;261;Bd du Gal DE GAULLE;M;4298063.0;114964.0;90
3324;201500003680;15;4;25;1800;1;1;1;1;1;289;;M;4302109.0;109861.0;90
3325;201500003681;15;5;7;1630;1;1;9;1;3;214;;M;4295648.0;108399.0;90
3326;201500003682;15;5;22;1830;1;2;1;1;6;268;route de toulouse;M;4300324.0;113027.0;90
3327;201500003683;15;6;27;1130;1;1;1;8;1;209;;M;4302769.0;116392.0;90
3328;201500003684;15;8;20;1745;1;1;1;1;1;209;;M;4299747.0;115995.0;90
3329;201500003685;15;9;2;1345;1;1;1;1;1;214;;M;4295575.0;108283.0;90
3330;201500003687;15;1;5;1645;1;1;1;1;2;299;;M;4291326.0;119556.0;90
3331;201500003688;15;2;18;1930;3;1;1;1;6;5;;M;4289409.0;124811.0;90
3332;201500003689;15;7;21;1045;1;2;1;1;3;57;Route de St Girons;M;4289843.0;131234.0;90
3333;201500003690;15;1;1;15;5;2;3;5;1;168;37, GERBROIS (RUE DE);;;;20
3334;201500003691;15;1;15;1550;1;2;3;2;6;168;avenue de soissons;M;4905341.0;339681.0;20
3335;201500003692;15;4;21;1502;1;2;1;1;6;168;EXPRESS (VOIE) 01;M;4903843.0;338029.0;20
3336;201500003693;15;7;31;1945;1;1;1;1;6;168;;M;0.0;0.0;20
3337;201500003694;15;10;29;2119;3;1;1;1;2;168;;M;0.0;0.0;20
3338;201500003695;15;11;27;2115;5;2;6;3;6;168;;M;4906122.0;339477.0;20
3339;201500003696;15;12;9;1345;1;2;3;1;2;168;;M;0.0;0.0;20
3340;201500003697;15;5;4;1130;1;1;1;1;1;120;RD 28;M;4438880.0;282540.0;120
3341;201500003698;15;10;20;1600;1;1;1;1;2;202;CARREFOUR 902 - LA VACAR;M;4407980.0;253642.0;120
3342;201500003699;15;1;31;1800;1;1;1;4;1;56;;M;4428420.0;242687.0;120
3343;201500003700;15;5;5;940;1;1;1;1;5;56;;M;4427380.0;242873.0;120
3344;201500003701;15;6;7;1800;1;1;1;3;7;102;;M;4428790.0;262001.0;120
3345;201500003703;15;7;12;1845;1;1;1;1;5;56;BARAQUE DE LAURENS;M;4427610.0;245757.0;120
3346;201500003704;15;7;11;1945;1;1;1;1;7;262;RD 650 - ALBAGNAC;M;4423870.0;230473.0;120
3347;201500003705;15;8;2;1815;1;1;1;1;1;1;;;;;120
3348;201500003709;15;1;24;1650;1;1;1;4;7;194;RN 88 - PR 72+500;M;4424340.0;241085.0;120
3349;201500003710;15;1;30;2150;3;1;1;2;5;276;;M;4414800.0;232261.0;120
3350;201500003711;15;3;16;510;3;1;1;9;7;267;;M;4405580.0;251946.0;120
3351;201500003712;15;5;4;1740;1;2;1;1;1;169;RN88 - NAUCELLE GARE;M;4418700.0;236574.0;120
3352;201500003713;15;5;27;1910;1;1;2;1;3;43;BELSOLEIL-VC5 ET VC55;M;4423980.0;252273.0;120
3353;201500003714;15;10;5;1725;1;1;2;1;1;43;RD 888 - ZAC DE MONTVERT;M;4428560.0;251895.0;120
3354;201500003715;15;10;11;1613;1;1;1;1;1;46;LA CROIX ROUGE;M;4417780.0;237926.0;120
3355;201500003716;15;10;17;1155;1;2;1;1;3;197;AVENUE DU MARCHÉ;M;4403790.0;252175.0;120
3356;201500003718;15;4;4;1950;2;1;1;3;6;215;RIEU NEGRE;M;4449290.0;238794.0;120
3357;201500003719;15;6;11;1645;1;1;1;1;1;66;LA MASSEBEUVE;M;4445040.0;241888.0;120
3358;201500003720;15;11;6;1845;2;2;1;1;6;138;QUAI DU CRUOU;;;;120
3359;201500003722;15;12;18;915;1;1;1;1;3;171;;;;;120
3360;201500003724;15;5;1;755;1;2;1;1;6;121;ROUTE DE BRANDONNET;M;4442360.0;216387.0;120
3361;201500003725;15;5;13;950;1;2;1;1;7;206;LE BOURG;M;4445060.0;225279.0;120
3362;201500003726;15;8;31;1715;1;1;1;8;3;206;RD 5 - LA REMISE;M;4445500.0;221774.0;120
3363;201500003727;15;10;21;1640;1;1;1;1;1;101;RD 963 - PR 6+980;M;4461090.0;224763.0;120
3364;201500003728;15;5;15;1725;1;2;1;1;1;26;AVENUE DE ROUERGUE;M;4439340.0;277846.0;120
3365;201500003729;15;6;3;1345;1;1;1;1;1;157;RN 88 - GALTIES;M;4440080.0;272217.0;120
3366;201500003730;15;6;2;1830;1;2;1;1;3;157;RD 59;;;;120
3367;201500003732;15;7;30;1830;1;1;1;1;7;88;RD 15 - PR 53+0100;M;4466190.0;294084.0;120
3368;201500003734;15;1;17;1520;1;1;1;1;7;118;FEYT;M;4474980.0;263539.0;120