;Num_Acc;an;mois;jour;hrmn;lum;agg;int;atm;col;com;adr;gps;lat;long;dep
3369;201500003735;15;5;15;1100;1;2;1;1;6;94;37 TOUR DE VILLE;M;4464590.0;256549.0;120
3370;201500003736;15;6;15;1615;1;1;1;1;7;94;RD 920 - PR 45+300;M;4466750.0;254392.0;120
3371;201500003737;15;7;10;1705;1;1;1;1;1;280;LAUSSAC;M;4485500.0;276418.0;120
3372;201500003738;15;8;11;1445;1;1;1;1;1;209;;;;;120
3373;201500003739;15;12;16;915;1;1;1;8;6;36;;;;;120
3374;201500003740;15;7;18;1530;1;1;1;2;2;81;;M;4441100.0;286834.0;120
3375;201500003741;15;3;7;1130;1;2;7;1;6;168;RD 999 - PLACE DU CLAUX;M;4402210.0;330246.0;120
3376;201500003742;15;4;3;1325;1;1;2;1;3;2;LA BORIE SECHE;M;4416430.0;308589.0;120
3377;201500003743;15;4;16;735;1;1;1;8;6;122;;M;4401510.0;311328.0;120
3378;201500003744;15;8;29;455;5;2;1;1;6;160;SAINT PAL LA MUSE;M;4419700.0;321215.0;120
3379;201500003745;15;8;31;1400;1;1;1;2;6;231;;;;;120
3380;201500003746;15;9;15;1730;1;1;1;6;3;63;;M;4405820.0;312340.0;120
3381;201500003747;15;10;17;1450;1;1;1;1;6;211;ROUTE DU RIOU SEC;M;4414660.0;321637.0;120
3382;201500003748;15;5;17;1645;1;1;1;1;6;6;LD LA BARAQUE DE MALET;M;4411390.0;268807.0;120
3383;201500003749;15;8;31;1150;1;2;1;2;6;6;LE JOUANESQ;M;4412320.0;267103.0;120
3384;201500003751;15;6;6;1335;1;1;1;1;1;270;;M;4431060.0;310160.0;120
3385;201500003753;15;3;9;715;1;1;1;1;7;42;;M;4395720.0;275578.0;120
3386;201500003754;15;5;13;1145;1;2;1;1;1;286;AVENUE DE LA SALSE;M;4394960.0;283732.0;120
3387;201500003755;15;6;6;1915;1;1;1;1;2;286;LE VERN;M;4395500.0;285643.0;120
3388;201500003756;15;6;30;1251;1;1;1;1;6;243;;M;4402020.0;296496.0;120
3389;201500003757;15;7;8;1700;1;2;1;1;6;208;BOULEVARD DE VERDUN;;;;120
3390;201500003758;15;8;14;1115;1;2;1;2;5;208;BOULEVARD EMILE BOREL;M;4395720.0;287537.0;120
3391;201500003759;15;11;15;430;3;1;1;1;7;163;;;;;120
3392;201500003760;15;3;15;1045;1;1;1;2;6;136;RD 1 - PR 46+900;M;4440780.0;209683.0;120
3393;201500003761;15;4;3;1845;1;2;1;1;5;300;PROMENADE DU GUIRAUDET;M;4435000.0;203585.0;120
3394;201500003762;15;6;5;1845;1;1;1;1;1;300;RD 1;M;4437570.0;202013.0;120
3395;201500003763;15;6;22;1850;1;1;1;1;3;136;BONHOURE;M;4440240.0;214106.0;120
3396;201500003764;15;7;19;1030;1;2;1;1;1;300;131 AVENUE DU QUERCY;M;4435000.0;203585.0;120
3397;201500003765;15;7;19;445;3;1;1;1;7;263;LE BOUSQUET;M;4434610.0;195783.0;120
3398;201500003766;15;7;29;900;1;1;1;1;3;300;RD 926;M;4434700.0;196075.0;120
3399;201500003767;15;9;5;1100;1;2;1;1;6;300;RUE DU 11 NOVEMBRE;M;4435370.0;203202.0;120
3400;201500003768;15;9;11;1155;1;1;1;1;6;300;;M;4438520.0;200997.0;120
3401;201500003769;15;10;1;1111;1;1;1;1;7;263;RD 911;M;4436500.0;197337.0;120
3402;201500003770;15;10;19;715;2;1;1;1;1;136;LALO - RD 1 PR 42+130;M;4442270.0;213863.0;120
3403;201500003771;15;12;16;1300;1;1;1;7;2;300;SALAMONIQUE;M;4431360.0;202674.0;120
3404;201500003772;15;1;2;1450;1;2;6;7;3;52;R POINT ST JULIEN D'EMPA;M;4456180.0;207487.0;120
3405;201500003773;15;3;25;1747;1;1;3;1;3;257;;M;4450670.0;202585.0;120
3406;201500003774;15;4;13;610;3;1;1;1;3;272;COMBETTE;M;4454990.0;212276.0;120
3407;201500003775;15;5;7;1905;1;2;1;1;3;52;AVENUE PASTEUR;;;;120
3408;201500003776;15;9;30;1745;1;2;1;1;3;52;BD PAUL RAMADIER;;;;120
3409;201500003777;15;10;18;920;1;1;1;2;1;104;RD 87 - FREJEROQUES;M;4451290.0;202680.0;120
3410;201500003778;15;11;17;835;1;1;1;5;6;242;COTE DES TAILLADES;M;4439350.0;206538.0;120
3411;201500003779;15;2;18;1930;3;1;1;1;1;29;;M;4420080.0;206529.0;120
3412;201500003780;15;5;16;1010;1;1;1;1;3;278;SAINT JEAN;M;4421190.0;223056.0;120
3413;201500003781;15;8;15;1630;1;1;1;1;7;258;LA GUIONIE;M;4426030.0;218295.0;120
3414;201500003782;15;1;9;915;1;1;1;1;2;91;;M;4369540.0;52012.0;320
3415;201500003783;15;1;22;930;1;1;1;1;7;29;;M;4361780.0;47964.0;320
3416;201500003784;15;1;31;815;1;2;1;1;1;307;;M;4361500.0;58542.0;320
3417;201500003785;15;4;9;800;1;1;1;7;6;118;;M;4352230.0;57341.0;320
3418;201500003786;15;7;10;1600;1;1;1;1;7;29;;M;4362390.0;40662.0;320
3419;201500003787;15;7;19;1245;1;1;1;1;6;300;;M;4355010.0;61026.0;320
3420;201500003788;15;4;9;1800;1;2;1;1;6;249;RUE DU COUVENT;M;4372980.0;87668.0;320
3421;201500003789;15;4;11;1500;1;1;2;1;3;406;;M;4368910.0;82621.0;320
3422;201500003790;15;4;14;1500;1;1;3;7;3;249;;M;4373030.0;86141.0;320
3423;201500003791;15;4;19;1030;1;1;1;2;1;147;;M;4362360.0;89074.0;320
3424;201500003792;15;5;19;1530;1;1;1;2;6;388;;M;4367000.0;84723.0;320
3425;201500003793;15;8;9;300;3;1;1;2;6;247;;M;4357450.0;92592.0;320
3426;201500003794;15;9;9;1230;1;1;1;1;6;268;;M;4360870.0;96210.0;320
3427;201500003795;15;9;13;300;3;1;1;8;6;268;;M;4360340.0;100181.0;320
3428;201500003796;15;9;12;1700;1;1;1;1;3;237;;M;4364780.0;70212.0;320
3429;201500003797;15;9;13;1945;2;1;1;7;5;237;;M;4364760.0;71042.0;320
3430;201500003798;15;11;21;715;3;1;1;4;7;388;;M;4368830.0;88249.0;320
3431;201500003799;15;12;1;1615;1;1;1;7;1;269;;M;4380880.0;84575.0;320
3432;201500003800;15;3;7;1545;1;1;1;1;3;268;;M;4359470.0;97364.0;320
3433;201500003802;15;5;25;1700;1;1;4;1;3;160;;M;4360250.0;103939.0;320
3434;201500003803;15;6;8;515;2;1;1;1;7;160;;M;4362690.0;106908.0;320
3435;201500003806;15;12;8;1615;1;1;1;1;6;444;;M;4367810.0;99331.0;320
3436;201500003807;15;8;5;1915;1;1;1;1;6;410;;M;4347710.0;94603.0;320
3437;201500003808;15;3;16;815;1;1;1;8;6;301;;M;4371110.0;44129.0;320
3438;201500003809;15;3;28;2030;3;1;1;2;6;162;;M;4376600.0;47073.0;320
3439;201500003810;15;3;30;1700;1;1;1;2;1;301;;M;4370940.0;44410.0;320
3440;201500003811;15;6;24;1845;1;1;1;1;3;462;;M;4379420.0;30511.0;320
3441;201500003812;15;10;15;1630;1;1;1;1;6;462;;M;4376130.0;27316.0;320
3442;201500003813;15;10;24;1615;1;1;1;1;1;162;;M;4377970.0;45800.0;320
3443;201500003814;15;12;1;1615;1;1;3;1;3;301;;M;4367460.0;53027.0;320
3444;201500003815;15;1;16;1615;1;1;1;2;1;95;;M;4394930.0;41741.0;320
3445;201500003816;15;7;10;1830;1;1;1;1;6;79;;M;4395120.0;7927.0;320
3446;201500003817;15;7;12;1545;1;1;2;7;3;290;;M;4394660.0;15285.0;320
3447;201500003820;15;11;5;1815;5;2;1;2;3;149;44 AVENUE JEAN MOULIN;M;4388480.0;23747.0;320
3448;201500003821;15;12;28;1915;5;2;3;1;1;107;22 AV DU MARECHAL JOFFRE;M;4395640.0;37989.0;320
3449;201500003822;15;1;14;1900;5;2;1;1;3;155;ROUTE DE MONT DE MARSAN;M;4377730.0;-18834.0;320
3450;201500003823;15;1;15;30;3;1;1;1;6;155;;M;4378000.0;-19671.0;320
3451;201500003824;15;2;11;1400;1;2;1;8;6;119;29 PLACE DE LA LIBERTE;M;4385940.0;10054.0;320
3452;201500003825;15;7;5;400;3;1;1;1;6;458;;M;4373650.0;-1317.0;320
3453;201500003826;15;8;6;645;1;1;1;5;6;96;;M;4390250.0;-1637.0;320
3454;201500003827;15;8;25;1430;1;2;1;1;3;119;RUE DE LA FONTAINE;M;4386190.0;10246.0;320
3455;201500003828;15;9;21;1115;1;1;1;1;3;190;;M;4376660.0;15934.0;320
3456;201500003829;15;12;31;745;2;1;1;2;6;132;;M;4384590.0;69247.0;320
3457;201500003830;15;1;6;1915;3;1;1;5;7;311;;M;4405620.0;60711.0;320
3458;201500003832;15;2;6;900;1;1;1;4;1;306;;M;4389740.0;64184.0;320
3459;201500003833;15;2;12;1100;1;1;1;1;7;385;;M;4386570.0;74778.0;320
3460;201500003834;15;3;10;1400;1;1;2;1;3;82;;M;4396240.0;62917.0;320
3461;201500003835;15;4;15;2045;2;2;2;1;3;132;RUE NOEL CADEOT;M;4384440.0;66634.0;320
3462;201500003836;15;6;13;1530;1;1;1;1;1;395;;M;4398700.0;67747.0;320
3463;201500003837;15;6;29;800;1;2;1;1;6;132;37 ALLÉES A. BRIAND;M;4384640.0;66541.0;320
3464;201500003838;15;7;10;45;3;1;1;1;7;457;;M;4386140.0;69598.0;320
3465;201500003839;15;7;31;1745;1;1;1;1;6;329;;M;4380730.0;59794.0;320
3466;201500003840;15;8;16;1130;1;1;1;1;1;188;;M;4388200.0;57738.0;320
3467;201500003841;15;8;20;1200;1;2;1;1;7;370;;M;4389110.0;77257.0;320
3468;201500003843;15;11;21;1745;3;1;1;8;3;306;;M;4387130.0;65811.0;320
3469;201500003844;15;11;26;1830;3;1;2;1;3;68;;M;4383120.0;74958.0;320
3470;201500003846;15;1;12;730;3;1;2;1;6;254;;M;4354020.0;45458.0;320
3471;201500003847;15;3;10;830;1;2;1;1;6;256;;M;4351500.0;40736.0;320
3472;201500003849;15;7;16;930;1;1;3;1;6;256;;M;4353380.0;42041.0;320
3473;201500003850;15;8;29;2115;3;1;1;1;6;389;;M;4349910.0;39243.0;320
3474;201500003851;15;10;16;1415;1;1;3;1;3;252;;M;4342450.0;31800.0;320
3475;201500003852;15;11;18;445;3;1;1;1;6;20;;M;4343780.0;28621.0;320
3476;201500003853;15;11;26;745;1;1;1;1;1;389;;M;4349510.0;38085.0;320
3477;201500003854;15;12;4;715;1;1;2;1;3;67;;M;4335140.0;59633.0;320
3478;201500003855;15;12;17;1130;1;2;1;1;6;426;PLACE CARNOT;M;4349200.0;59211.0;320
3479;201500003856;15;1;17;2115;3;1;1;1;6;167;;M;4346160.0;32092.0;320
3480;201500003857;15;1;21;1400;1;1;1;1;2;205;;M;4352890.0;20149.0;320
3481;201500003858;15;1;25;500;3;1;1;1;7;233;;M;4352620.0;17487.0;320
3482;201500003859;15;3;21;1645;1;1;1;2;6;252;;M;4343250.0;32946.0;320
3483;201500003860;15;4;27;1700;1;1;1;3;1;252;;M;4342400.0;29584.0;320
3484;201500003861;15;8;7;1030;1;1;1;1;6;285;;M;4359050.0;37455.0;320
3485;201500003862;15;10;9;1745;1;1;4;1;6;362;;M;4357550.0;7486.0;320
3486;201500003864;15;4;6;115;3;1;1;1;6;1;;M;4369620.0;7666.0;320
3487;201500003865;15;4;24;1945;1;1;2;1;5;424;;M;4363070.0;-27170.0;320
3488;201500003866;15;10;3;930;1;1;2;1;3;408;;M;4382660.0;-3673.0;320
3489;201500003867;15;11;1;1930;5;2;1;1;6;344;PONT DE L'ADOUR;M;4366490.0;-8112.0;320
3490;201500003868;15;11;3;1015;1;1;1;1;1;221;;M;4462273.0;202499.0;460
3491;201500003870;15;6;4;430;3;1;1;1;2;202;;M;4428415.0;150492.0;460
3492;201500003871;15;8;14;1130;1;1;9;3;4;138;;M;4466234.0;156820.0;460
3493;201500003872;15;8;31;1445;1;1;1;2;6;210;;M;0.0;151487.0;460
3494;201500003873;15;5;2;1800;1;1;1;2;6;13;;M;0.0;0.0;460
3495;201500003874;15;8;18;1730;1;1;1;1;1;263;;M;4436261.0;122666.0;460
3496;201500003875;15;11;4;1445;1;1;1;1;1;91;;M;4437525.0;161167.0;460
3497;201500003876;15;11;18;1830;3;1;1;8;2;197;;M;4436317.0;145124.0;460
3498;201500003877;15;8;15;2100;2;2;2;1;3;335;;M;4439902.0;129513.0;460
3499;201500003878;15;8;29;930;1;1;3;1;3;88;;M;4447972.0;135686.0;460
3500;201500003879;15;8;31;1530;1;1;1;2;1;335;;M;0.0;0.0;460
3501;201500003880;15;1;6;1815;5;1;9;1;6;102;;M;0.0;0.0;460
3502;201500003881;15;1;24;1645;1;2;1;4;1;102;Bd du Colonel Teuli?;M;4461012.0;203716.0;460
3503;201500003882;15;5;7;1700;1;1;1;1;1;102;;M;4459100.0;200040.0;460
3504;201500003883;15;6;6;1415;1;1;9;1;3;174;;M;4465183.0;210589.0;460
3505;201500003884;15;10;1;2200;3;1;1;1;6;266;;M;4461731.0;212175.0;460
3506;201500003885;15;6;11;1100;1;1;1;1;1;45;;M;4450107.0;185056.0;460
3507;201500003886;15;2;16;1900;3;1;1;1;6;155;;M;4446821.0;178444.0;460
3508;201500003887;15;3;18;730;1;2;1;1;1;132;Le buzat;M;4474276.0;179161.0;460
3509;201500003888;15;4;2;1730;1;2;1;1;6;170;;M;4478595.0;190136.0;460
3510;201500003891;15;9;8;915;1;1;1;1;6;183;;M;0.0;0.0;460
3511;201500003892;15;10;25;845;3;1;1;1;6;279;;M;0.0;0.0;460
3512;201500003893;15;12;5;1730;1;1;1;1;6;243;;M;4473391.0;184859.0;460
3513;201500003894;15;3;1;1745;1;1;2;2;3;251;;M;4485807.0;189343.0;460
3514;201500003895;15;3;30;1130;1;2;1;2;2;29;32 av de la R?publique;M;4492706.0;184556.0;460
3515;201500003896;15;6;27;1230;1;1;1;1;1;251;;M;4485370.0;190591.0;460
3516;201500003898;15;10;16;1645;1;1;3;1;3;311;;M;4487723.0;200419.0;460
3517;201500003899;15;12;3;2200;3;1;1;1;7;122;;M;4490814.0;174353.0;460
3518;201500003900;15;2;15;1800;2;1;1;8;6;200;;M;4460641.0;120205.0;460
3519;201500003901;15;4;5;1030;1;1;3;1;3;66;;M;4463252.0;121996.0;460
3520;201500003902;15;5;16;1830;1;1;1;1;1;334;PROBLME PR 75+500;M;4474598.0;144737.0;460
3521;201500003903;15;6;25;1100;1;1;2;1;1;316;;M;0.0;0.0;460
3522;201500003904;15;6;26;2100;2;1;1;1;1;215;;M;4478896.0;147155.0;460
3523;201500003905;15;8;8;1315;1;1;1;3;1;209;;M;4483904.0;146094.0;460
3524;201500003906;15;3;30;830;1;1;1;2;1;304;;M;0.0;0.0;460
3525;201500003907;15;7;12;830;1;1;1;1;1;265;;M;0.0;0.0;460
3526;201500003908;15;9;10;1515;1;2;3;1;3;265;le bourg;M;0.0;0.0;460
3527;201500003909;15;10;8;630;5;2;1;1;3;83;Le Bourg;M;4502485.0;151953.0;460
3528;201500003910;15;2;20;2045;3;1;1;1;4;19;;M;0.0;0.0;650
3529;201500003911;15;4;19;1745;1;1;1;1;5;401;;M;4317830.0;10238.0;650
3530;201500003912;15;5;17;1430;1;1;8;1;3;2;;M;4315640.0;-2005.0;650
3531;201500003913;15;7;6;1515;1;1;1;1;6;366;;M;4311640.0;-7444.0;650
3532;201500003914;15;7;27;1545;1;1;1;1;2;292;;M;4324770.0;-10784.0;650
3533;201500003915;15;8;23;515;3;1;1;8;6;401;;M;4319500.0;10900.0;650
3534;201500003916;15;11;1;1530;1;2;1;1;3;280;RD 940;M;4313530.0;-8248.0;650
3535;201500003917;15;11;6;1430;1;2;1;7;3;340;route de Rabastens;M;4327100.0;10625.0;650
3536;201500003918;15;12;29;1800;3;1;1;1;6;344;;M;4318650.0;-5156.0;650
3537;201500003919;15;2;2;1945;3;1;1;1;1;126;;M;0.0;0.0;650
3538;201500003920;15;4;10;1;3;1;1;1;6;274;;M;4324500.0;39581.0;650
3539;201500003921;15;5;9;1230;1;1;1;1;6;129;;M;4328770.0;53798.0;650
3540;201500003922;15;5;20;1645;1;1;1;3;5;187;;M;4321470.0;47221.0;650
3541;201500003923;15;5;31;1700;1;1;1;7;7;183;;M;4322180.0;40875.0;650
3542;201500003924;15;9;19;1145;1;1;1;1;6;184;;M;4316750.0;39744.0;650
3543;201500003925;15;10;16;1100;1;1;2;1;3;373;;M;4329980.0;45372.0;650
3544;201500003926;15;8;2;845;1;1;1;1;6;121;;M;4336000.0;6926.0;650
3545;201500003927;15;8;7;1645;1;1;1;1;1;460;;M;4337870.0;6704.0;650
3546;201500003928;15;11;12;1715;1;1;1;1;6;174;;M;4350340.0;3639.0;650
3547;201500003929;15;12;10;1600;1;1;6;1;3;121;;M;4335901.0;6930.0;650
3548;201500003930;15;2;10;330;3;1;1;1;6;409;;M;4338300.0;833300.0;650
3549;201500003934;15;9;10;1015;1;1;1;8;1;447;;M;4316920.0;24050.0;650
3550;201500003935;15;2;8;600;5;2;1;1;6;7;01 place de la paix;M;0.0;0.0;650
3551;201500003936;15;8;18;1545;1;1;1;1;1;330;;M;4343240.0;4651.0;650
3552;201500003937;15;7;31;915;1;1;1;2;1;164;;M;4310110.0;2833.0;650
3553;201500003940;15;8;30;1300;1;1;1;1;6;349;;M;4303720.0;-188.0;650
3554;201500003942;15;7;16;1230;1;1;1;7;7;481;;M;4289720.0;10449.0;650
3555;201500003944;15;8;13;2130;3;1;1;1;1;145;;M;4292700.0;-4181.0;650
3556;201500003945;15;9;5;1600;1;1;1;1;6;145;;M;4292880.0;-4279.0;650
3557;201500003946;15;2;21;1745;1;1;1;4;1;123;;M;0.0;0.0;650
3558;201500003947;15;7;1;1800;1;1;3;1;1;123;;M;4300036.0;19795.0;650
3559;201500003948;15;7;24;1630;1;2;3;1;6;59;39 rue de la république;M;4306650.0;14793.0;650
3560;201500003949;15;8;1;1630;1;1;1;1;7;198;;M;4305760.0;17975.0;650
3561;201500003950;15;8;16;330;3;1;1;1;6;320;;M;4313160.0;10296.0;650
3562;201500003951;15;8;16;1600;1;1;1;1;2;42;;M;4303730.0;16870.0;650
3563;201500003952;15;9;3;1200;1;1;2;5;6;59;;M;4290900.0;15121.0;650
3564;201500003953;15;10;8;2115;3;1;1;8;6;16;;M;4311750.0;11993.0;650
3565;201500003954;15;10;10;1600;1;1;2;1;6;320;chemin de la passade;M;4311550.0;9401.0;650
3566;201500003955;15;10;11;45;5;2;4;1;6;59;12 rue Jean Baqué;M;4307050.0;15341.0;650
3567;201500003956;15;1;30;2030;3;1;1;3;7;96;;M;4311060.0;24476.0;650
3568;201500003958;15;12;27;1445;1;1;1;1;1;127;;M;4310410.0;33932.0;650
3569;201500003959;15;6;6;1700;1;2;2;1;3;363;;M;4311839.0;42813.0;650
3570;201500003960;15;1;15;2200;3;1;1;1;7;31;;M;4291318.0;35885.0;650
3571;201500003961;15;12;15;1430;1;1;1;1;3;79;;M;4386000.0;218800.0;810
3572;201500003962;15;12;1;1845;3;1;1;5;6;2;;M;4352400.0;230100.0;810
3573;201500003963;15;7;24;1445;1;1;1;1;3;232;;M;0.0;0.0;810
3574;201500003964;15;12;6;1530;1;2;8;1;6;156;passage à niveau n°11;M;0.0;0.0;810
3575;201500003965;15;4;12;1815;1;1;1;1;1;97;;M;4389500.0;222000.0;810
3576;201500003966;15;4;26;1215;1;1;1;1;1;295;;M;4385600.0;235400.0;810
3577;201500003967;15;12;28;1730;2;1;1;6;6;96;;M;4391800.0;241700.0;810
3578;201500003968;15;5;31;930;1;2;1;1;6;105;rue gambetta;M;0.0;0.0;810
3579;201500003969;15;6;26;2000;2;1;1;7;1;105;;M;0.0;0.0;810
3580;201500003970;15;8;21;30;3;1;1;1;7;105;;M;0.0;0.0;810
3581;201500003971;15;2;12;1430;1;1;1;1;6;124;;M;4371200.0;269000.0;810
3582;201500003973;15;8;22;2100;2;1;1;1;7;314;;M;4373900.0;260300.0;810
3583;201500003974;15;8;23;300;3;1;1;8;7;86;;M;4369000.0;252300.0;810
3584;201500003976;15;1;17;745;2;1;6;2;7;271;;M;0.0;0.0;810
3585;201500003977;15;2;14;1645;1;1;1;2;6;104;;M;0.0;0.0;810
3586;201500003978;15;3;14;630;2;1;1;2;2;271;;M;0.0;0.0;810
3587;201500003980;15;3;27;2015;3;2;1;1;6;271;chemin d'en brouysset;M;0.0;0.0;810
3588;201500003981;15;6;9;730;2;1;1;1;3;104;;M;0.0;0.0;810
3589;201500003983;15;7;2;2145;2;1;1;1;7;140;;M;4367800.0;179100.0;810
3590;201500003984;15;7;26;930;1;1;1;7;7;140;;M;0.0;0.0;810
3591;201500003985;15;9;9;645;3;1;1;1;1;140;;M;4367700.0;173300.0;810
3592;201500003986;15;9;19;1500;1;1;1;1;7;150;;M;0.0;0.0;810
3593;201500003987;15;11;29;1030;1;2;1;1;3;140;allée Jean JAURES;M;0.0;0.0;810
3594;201500003988;15;12;19;2145;5;2;1;1;7;140;Allées Jean Jaurès;M;4370400.0;181500.0;810
3595;201500003989;15;6;15;1615;1;1;1;1;2;177;;M;0.0;0.0;810
3596;201500003990;15;8;27;1345;1;2;1;1;7;182;Avenue docteur lavergne;M;0.0;0.0;810
3597;201500003991;15;2;10;1900;5;2;7;1;6;315;Place de l'Abbaye;M;4362600.0;208999.0;810
3598;201500003992;15;2;14;345;3;1;1;2;7;92;;M;0.0;0.0;810
3599;201500003993;15;4;2;1400;1;1;1;1;6;213;;M;4364000.0;188300.0;810
3600;201500003994;15;7;17;1900;1;1;1;1;1;299;;M;0.0;0.0;810
3601;201500003997;15;12;24;1115;1;2;2;1;1;258;Les Martys;M;4376500.0;206700.0;810
3602;201500003998;15;3;26;1545;1;1;1;1;6;99;;M;4389000.0;186800.0;810
3603;201500003999;15;4;15;1430;1;2;6;1;1;99;rond point St Jean;M;0.0;0.0;810
3604;201500004000;15;5;23;815;1;1;1;1;6;138;;M;4384900.0;206599.0;810
3605;201500004001;15;6;13;1430;1;1;4;1;3;41;;M;4396200.0;187100.0;810
3606;201500004003;15;6;26;1230;1;1;1;7;1;38;;M;4389100.0;191300.0;810
3607;201500004004;15;6;29;1415;1;1;2;1;5;99;;M;0.0;0.0;810
3608;201500004005;15;7;7;1015;1;1;1;1;6;99;;M;4388900.0;186600.0;810
3609;201500004006;15;7;29;1915;1;2;1;1;6;99;impasse des balitrands;M;0.0;0.0;810
3610;201500004007;15;9;7;1715;1;1;1;1;1;294;;M;4383700.0;194500.0;810
3611;201500004008;15;10;10;1900;2;1;1;1;1;112;;M;4392400.0;200800.0;810
3612;201500004009;15;10;10;115;3;1;1;1;6;93;;M;0.0;0.0;810
3613;201500004010;15;10;31;645;1;1;1;1;1;99;;M;4391300.0;184100.0;810
3614;201500004012;15;12;11;1;3;1;1;1;7;38;;M;4389900.0;195800.0;810
3615;201500004013;15;12;22;500;3;1;1;5;6;112;;M;4392500.0;202700.0;810
3616;201500004014;15;12;30;630;3;1;1;1;6;225;;M;4392400.0;198600.0;810
3617;201500004015;15;2;11;1600;1;2;9;1;6;89;16 Avenue du chater;M;0.0;0.0;690
3618;201500004016;15;7;30;1400;1;2;1;1;1;69;Rue Centrale;M;0.0;0.0;690
3619;201500004017;15;8;1;900;1;2;1;1;3;69;1 avenue Jean bergeron;M;4574370.0;472731.0;690
3620;201500004019;15;9;25;1230;1;2;1;1;1;69;593 Av. du 11 novembre;M;0.0;0.0;690
3621;201500004020;15;10;9;830;1;2;1;7;2;205;avenue marcel mérieux;;;;690
3622;201500004022;15;1;7;1800;5;2;3;8;3;408;228, HOUSSAYE (RUE ARSEN;M;4954590.0;363114.0;20
3623;201500004023;15;1;13;740;5;2;1;1;6;408;LIBERATION (RUE DE LA);M;4956121.0;361040.0;20
3624;201500004024;15;1;28;1640;1;1;1;3;5;408;RN2;;;;20
3625;201500004025;15;2;3;1438;1;2;2;1;5;408;68, MENDES-FRANCE (AVENU;M;4957622.0;363833.0;20
3626;201500004027;15;4;17;1820;1;2;1;1;6;408;4, MONGE (RUE);M;4956497.0;364755.0;20
3627;201500004028;15;4;18;1655;1;2;1;1;6;408;08, WINSTON CHURCHILL (R;M;4956920.0;363690.0;20
3628;201500004029;15;4;18;925;1;2;1;1;6;408;54, DE GAULLE (AVENUE CH;M;4956958.0;364080.0;20
3629;201500004031;15;8;19;540;5;2;2;1;3;408;11, DOUVRY (RUE);M;4957478.0;363324.0;20
3630;201500004032;15;9;28;1230;1;1;1;1;1;408;;M;0.0;0.0;20
3631;201500004033;15;11;20;800;2;2;2;3;3;408;;M;4957638.0;362995.0;20
3632;201500004034;15;11;25;1620;1;2;1;2;6;408;;M;4955003.0;361345.0;20
3633;201500004035;15;12;1;900;1;1;1;8;2;408;RN2;M;0.0;0.0;20
3634;201500004036;15;5;21;1927;1;2;1;1;3;408;14 rue fernand christ;M;4956983.0;360798.0;20
3635;201500004037;15;1;12;1730;2;1;2;1;3;272;;M;4392600.0;162100.0;810
3636;201500004038;15;1;24;400;3;1;1;1;6;220;;M;4383700.0;174600.0;810
3637;201500004039;15;3;2;1745;1;2;1;1;2;70;avenue Jean B?ringuier;M;4382400.0;172700.0;810
3638;201500004040;15;4;29;715;1;1;2;1;1;106;;M;4383920.0;167561.0;810
3639;201500004041;15;5;9;1645;1;1;2;7;3;145;;M;4391300.0;175800.0;810
3640;201500004042;15;6;19;1430;1;1;1;1;7;220;;M;4383700.0;173000.0;810
3641;201500004043;15;8;7;1900;1;2;7;1;1;145;PLACE PAUL SAISSAC;M;4385800.0;181100.0;810
3642;201500004045;15;10;24;1115;1;1;1;1;7;220;;M;0.0;0.0;810
3643;201500004046;15;10;25;1415;1;1;2;1;3;220;;M;4385800.0;175400.0;810
3644;201500004047;15;12;16;900;3;1;1;1;7;145;;M;4388400.0;179400.0;810
3645;201500004048;15;1;24;2345;3;1;1;9;6;195;;M;0.0;0.0;810
3646;201500004049;15;2;19;2015;3;1;1;1;1;242;;M;4351800.0;211200.0;810
3647;201500004050;15;9;2;1200;1;1;1;1;6;312;;M;4352200.0;213800.0;810
3648;201500004051;15;9;21;1645;1;1;1;1;1;325;;M;4355400.0;220800.0;810
3649;201500004052;15;10;12;1445;1;2;1;1;3;307;14avenue de CASTRES;M;4357400.0;229700.0;810
3650;201500004053;15;12;4;1915;3;1;1;1;2;120;;M;4354700.0;225200.0;810
3651;201500004054;15;2;13;1815;1;1;1;1;5;219;;M;4357100.0;203799.0;810
3652;201500004055;15;8;24;645;2;1;1;8;3;251;;M;4356200.0;208999.0;810
3653;201500004056;15;11;8;1630;1;1;1;1;6;143;;M;4353500.0;210000.0;810
3654;201500004058;15;12;9;2215;3;1;1;1;1;76;;M;4357000.0;191900.0;810
3655;201500004060;15;11;6;1615;1;1;1;1;1;112;;M;0.0;0.0;820
3656;201500004061;15;1;30;1400;1;1;1;2;1;87;;M;0.0;0.0;820
3657;201500004062;15;4;12;1515;1;1;1;1;7;149;;M;0.0;0.0;820
3658;201500004063;15;6;11;1230;1;2;1;1;1;149;chemin du stade;M;4412023.0;148417.0;820
3659;201500004064;15;6;22;930;1;1;6;1;3;37;;M;4414839.0;152321.0;820
3660;201500004065;15;6;21;1045;1;2;7;1;6;87;Square du Point de vue;M;4412752.0;124090.0;820