;Num_Acc;an;mois;jour;hrmn;lum;agg;int;atm;col;com;adr;gps;lat;long;dep
3661;201500004066;15;6;27;245;3;1;1;1;6;76;;M;0.0;0.0;820
3662;201500004067;15;7;9;545;2;1;1;1;2;126;;M;4417000.0;155900.0;820
3663;201500004068;15;8;2;1515;1;1;1;1;7;113;Route de la Barthe;M;4419830.0;135428.0;820
3664;201500004069;15;9;16;1500;1;1;1;1;7;92;;M;0.0;0.0;820
3665;201500004070;15;10;4;1515;1;1;1;2;6;148;;M;0.0;0.0;820
3666;201500004071;15;10;26;1730;1;1;1;1;1;148;;M;0.0;0.0;820
3667;201500004072;15;11;9;1915;5;2;1;1;3;179;160 av marcel lacassagne;M;0.0;0.0;820
3668;201500004073;15;11;20;700;3;1;1;1;6;113;;M;0.0;0.0;820
3669;201500004074;15;12;5;730;3;1;1;5;6;39;;M;0.0;0.0;820
3670;201500004075;15;1;14;800;3;1;1;1;3;161;;M;0.0;0.0;820
3671;201500004076;15;1;25;645;1;1;1;1;1;134;;M;0.0;0.0;820
3672;201500004079;15;7;28;1930;1;1;1;1;7;2;;M;0.0;0.0;820
3673;201500004080;15;9;6;115;3;1;1;1;6;161;;M;0.0;0.0;820
3674;201500004081;15;9;22;1200;1;1;1;1;6;18;747 route de la Bénèche;M;0.0;0.0;820
3675;201500004082;15;12;20;430;3;1;1;1;1;192;;M;0.0;0.0;820
3676;201500004083;15;12;25;1730;2;2;1;1;3;2;av du Général de Gaule;M;0.0;0.0;820
3677;201500004084;15;4;30;2215;1;1;1;1;6;69;;M;0.0;0.0;820
3678;201500004086;15;9;23;1030;1;1;1;1;6;147;;M;0.0;0.0;820
3679;201500004087;15;10;25;1430;1;1;1;1;6;38;;M;0.0;0.0;820
3680;201500004088;15;1;23;945;1;1;1;8;1;180;;M;0.0;0.0;820
3681;201500004089;15;7;9;1615;1;1;1;1;1;180;;M;4390500.0;103899.0;820
3682;201500004090;15;8;20;1445;1;1;1;1;3;71;;M;4382420.0;98316.0;820
3683;201500004092;15;11;21;845;1;1;1;1;6;103;;M;0.0;0.0;820
3684;201500004093;15;2;5;1745;1;2;1;1;6;48;12 route de Toulouse;M;0.0;0.0;820
3685;201500004094;15;3;5;615;3;1;1;1;1;79;;M;4393700.0;136100.0;820
3686;201500004095;15;4;26;1730;1;1;1;2;7;28;;M;4385270.0;129291.0;820
3687;201500004096;15;6;4;1630;1;2;2;1;3;79;rue des prés;M;4392200.0;136900.0;820
3688;201500004097;15;7;19;1900;1;1;3;1;3;79;;M;4394100.0;135585.0;820
3689;201500004098;15;8;14;1815;2;2;1;2;7;28;500 Route de Fabas;M;4385400.0;129900.0;820
3690;201500004099;15;8;21;1945;1;1;1;7;1;135;;M;4391100.0;143700.0;820
3691;201500004100;15;8;22;1730;1;2;1;1;6;17;501 rue des Capellas;M;0.0;0.0;820
3692;201500004102;15;9;5;600;3;1;1;1;7;79;;M;0.0;0.0;820
3693;201500004103;15;9;11;1600;1;1;1;1;5;142;;M;4382400.0;130900.0;820
3694;201500004104;15;10;18;1830;2;1;1;2;6;150;;M;4393500.0;142000.0;820
3695;201500004105;15;10;24;1600;1;2;1;1;2;114;chemin des tilleuls;M;0.0;0.0;820
3696;201500004106;15;3;12;1630;1;1;3;1;5;117;;M;4433200.0;103200.0;820
3697;201500004107;15;5;30;2215;1;1;1;1;6;116;;M;0.0;0.0;820
3698;201500004109;15;8;8;400;3;1;1;1;6;94;;M;0.0;0.0;820
3699;201500004110;15;8;31;1700;1;1;1;1;7;42;;M;4423300.0;119600.0;820
3700;201500004111;15;11;24;2245;3;1;1;2;6;24;;M;4422200.0;97200.0;820
3701;201500004112;15;3;28;1030;1;1;1;2;1;108;;M;0.0;0.0;820
3702;201500004114;15;6;3;1145;1;1;1;1;7;45;;M;0.0;0.0;820
3703;201500004115;15;6;6;2230;5;2;1;1;1;101;40 AVENUE DE BORDEAUX;M;0.0;0.0;820
3704;201500004116;15;8;13;2230;3;1;1;2;6;99;;M;0.0;0.0;820
3705;201500004117;15;8;21;1700;1;1;1;1;5;112;;M;0.0;0.0;820
3706;201500004118;15;8;25;730;2;1;1;1;3;96;;M;0.0;0.0;820
3707;201500004119;15;9;26;1515;1;1;1;1;2;112;;M;0.0;0.0;820
3708;201500004120;15;2;14;1745;2;1;2;2;3;178;;M;0.0;0.0;820
3709;201500004121;15;2;28;1515;1;1;1;1;3;14;;M;4378600.0;112200.0;820
3710;201500004122;15;4;11;230;5;2;1;1;6;62;51 route Nationale;M;4390900.0;122100.0;820
3711;201500004123;15;5;13;2145;2;1;2;1;3;125;;M;4393230.0;125182.0;820
3712;201500004124;15;5;24;500;3;1;1;1;6;124;;M;4402362.0;127604.0;820
3713;201500004125;15;6;24;1915;1;1;1;1;3;190;;M;4386367.0;124705.0;820
3714;201500004126;15;7;9;1700;1;1;1;1;6;124;;M;0.0;0.0;820
3715;201500004127;15;8;31;1945;2;2;1;6;6;125;AV DE MONTAUBAN RD928;M;0.0;0.0;820
3716;201500004128;15;9;19;2100;3;1;9;1;6;123;;M;0.0;0.0;820
3717;201500004129;15;9;26;1845;1;1;1;1;3;62;403 rue du stade;M;0.0;0.0;820
3718;201500004130;15;10;10;1600;1;1;1;1;1;105;;M;0.0;0.0;820
3719;201500004131;15;10;30;1615;1;1;1;1;6;173;;M;0.0;0.0;820
3720;201500004132;15;11;10;530;3;1;1;1;6;124;;M;0.0;0.0;820
3721;201500004133;15;12;5;1900;3;2;1;1;6;171;rue de la Thoumazette;M;4400200.0;118500.0;820
3722;201500004134;15;1;15;615;3;1;1;1;6;54;;M;0.0;0.0;820
3723;201500004135;15;6;9;845;1;1;1;1;6;49;;M;0.0;0.0;820
3724;201500004136;15;7;6;945;1;2;1;1;6;8;route de Castels;M;0.0;0.0;820
3725;201500004137;15;8;28;1145;1;1;2;7;3;166;;M;0.0;0.0;820
3726;201500004138;15;9;18;1545;1;2;1;1;3;186;place J.B CHAUMEIL;M;0.0;0.0;820
3727;201500004139;15;10;4;1430;1;1;1;1;3;165;;M;0.0;0.0;820
3728;201500004140;15;11;16;500;3;1;1;5;6;165;;M;0.0;0.0;820
3729;201500004141;15;12;27;1515;1;1;1;1;3;165;;M;0.0;0.0;820
3730;201500004142;15;1;27;715;2;1;1;8;7;72;;;;;690
3731;201500004143;15;4;25;430;3;1;1;1;7;72;;M;4582070.0;472812.0;690
3732;201500004144;15;6;6;2100;1;2;1;1;6;76;242 route de dardilly;M;0.0;0.0;690
3733;201500004145;15;7;24;1445;1;1;1;1;3;72;;M;0.0;0.0;690
3734;201500004146;15;8;7;1115;1;1;1;1;3;72;;M;4582600.0;469700.0;690
3735;201500004147;15;9;3;1730;1;1;1;1;6;72;;M;4579800.0;474200.0;690
3736;201500004148;15;9;25;1715;1;2;1;1;6;72;14 route de la tour de s;M;0.0;0.0;690
3737;201500004149;15;9;28;2045;3;1;1;1;1;76;;M;0.0;0.0;690
3738;201500004150;15;10;2;715;2;2;1;1;6;127;route de sain bel;M;0.0;0.0;690
3739;201500004151;15;1;26;1710;1;2;1;1;6;191;avenue de la république;;;;690
3740;201500004152;15;2;11;1945;5;2;1;1;3;40;131 avenue lanessan;M;0.0;0.0;690
3741;201500004153;15;4;6;1830;1;1;1;1;7;59;;M;4585520.0;471537.0;690
3742;201500004154;15;5;1;300;3;1;6;2;6;55;;M;0.0;0.0;690
3743;201500004155;15;5;18;1800;1;1;1;1;2;117;;M;0.0;0.0;690
3744;201500004157;15;6;3;845;1;1;1;1;7;117;;M;0.0;0.0;690
3745;201500004158;15;6;3;245;3;1;1;1;1;116;;M;0.0;0.0;690
3746;201500004159;15;6;4;2115;1;1;1;1;7;55;;M;4588790.0;473197.0;690
3747;201500004161;15;7;2;1600;1;1;1;1;3;55;;M;0.0;0.0;690
3748;201500004162;15;7;12;1130;1;1;1;1;6;59;;M;4585480.0;471590.0;690
3749;201500004163;15;7;23;800;1;1;6;1;3;55;;M;4591600.0;473400.0;690
3750;201500004164;15;8;26;1400;1;1;1;1;6;116;;M;0.0;0.0;690
3751;201500004166;15;9;3;1745;1;2;1;1;7;116;chemin de la sablière;M;0.0;0.0;690
3752;201500004167;15;9;19;1530;1;2;1;1;3;116;rue de sans souci;M;0.0;0.0;690
3753;201500004168;15;10;18;1715;1;1;1;1;6;59;;M;0.0;0.0;690
3754;201500004169;15;4;5;1145;1;2;1;1;1;278;RUE DE LA GRANDE VERCHER;M;0.0;0.0;690
3755;201500004170;15;5;7;1330;1;1;1;1;6;3;;M;0.0;0.0;690
3756;201500004171;15;5;27;1530;1;2;1;1;3;163;le grand veissieux;M;4592210.0;475321.0;690
3757;201500004172;15;6;11;2045;1;2;1;1;6;143;;M;0.0;0.0;690
3758;201500004174;15;7;21;1500;1;2;6;1;3;278;route de Neuville;M;0.0;0.0;690
3759;201500004175;15;8;3;1345;1;2;1;1;6;143;30 route de Lyon;M;0.0;0.0;690
3760;201500004178;15;10;9;215;5;2;1;1;3;143;rue des écoles;M;4589900.0;483500.0;690
3761;201500004179;15;10;8;630;5;2;1;1;1;3;quai général de gaulle;M;0.0;0.0;690
3762;201500004180;15;10;5;1315;1;1;6;2;3;163;;M;4591740.0;477168.0;690
3763;201500004181;15;12;3;2315;5;2;1;1;6;68;Quai Jean Moulin;M;0.0;0.0;690
3764;201500004182;15;12;12;930;1;2;3;1;6;68;rue de la République;M;0.0;0.0;690
3765;201500004183;15;2;16;1600;1;2;1;1;3;288;RD 306;M;0.0;0.0;690
3766;201500004184;15;3;25;1045;1;1;1;1;1;288;;M;4568500.0;506800.0;690
3767;201500004185;15;4;21;815;1;1;1;1;7;289;;M;0.0;0.0;690
3768;201500004186;15;4;21;1415;1;2;1;1;1;289;;M;0.0;0.0;690
3769;201500004187;15;5;8;45;3;1;1;1;1;289;;M;0.0;0.0;690
3770;201500004188;15;5;7;1615;1;2;1;1;3;298;grande rue;M;0.0;0.0;690
3771;201500004189;15;6;6;345;4;2;1;1;6;288;RUE FERDINAND GAUTHIER;M;4568600.0;505400.0;690
3772;201500004191;15;7;10;700;1;2;6;1;1;288;avenue Jean Moulin;M;4568620.0;505250.0;690
3773;201500004193;15;10;10;1445;1;2;1;1;6;289;route de givors;M;0.0;0.0;690
3774;201500004194;15;10;22;1815;1;2;1;1;1;287;110 ROUTE NATIONALE 6;M;4569860.0;501253.0;690
3775;201500004196;15;11;23;1845;3;1;1;1;1;298;;M;4564960.0;498467.0;690
3776;201500004197;15;12;2;1900;5;2;1;1;3;287;24 RN6;M;4569200.0;503290.0;690
3777;201500004198;15;1;1;400;5;1;1;1;6;270;;M;4579910.0;484662.0;690
3778;201500004199;15;2;17;1845;2;2;1;8;6;273;81 rue louis pradel;M;0.0;0.0;690
3779;201500004201;15;4;10;1515;1;2;1;1;3;273;route de lyon;M;0.0;0.0;690
3780;201500004203;15;8;19;700;1;2;1;1;6;273;rue de la Vanoise;M;4567100.0;490300.0;690
3781;201500004204;15;9;5;945;1;2;6;1;6;273;Rue Centrale;M;0.0;0.0;690
3782;201500004205;15;10;22;1100;1;2;1;1;7;270;route de corbas;M;4563120.0;492956.0;690
3783;201500004206;15;10;27;2000;3;1;1;2;1;270;;M;4564400.0;496200.0;690
3784;201500004207;15;11;23;830;1;1;1;1;5;273;;M;4564400.0;490051.0;690
3785;201500004208;15;12;11;1815;5;2;1;1;1;270;rue de la poste;M;0.0;0.0;690
3786;201500004209;15;1;1;1145;1;1;1;1;1;171;;;;;690
3787;201500004210;15;1;19;1045;1;1;1;1;5;32;;M;4584610.0;458995.0;690
3788;201500004211;15;2;14;1800;1;1;1;1;6;175;;M;0.0;0.0;690
3789;201500004212;15;2;20;1845;5;2;1;1;3;10;25 route de Paris;M;0.0;0.0;690
3790;201500004213;15;3;5;2215;3;1;1;1;1;32;;M;4584940.0;458136.0;690
3791;201500004214;15;4;9;1030;1;2;1;1;1;21;LA BREVENNE;M;4578020.0;457432.0;690
3792;201500004216;15;5;4;1800;1;1;1;1;5;32;;M;0.0;0.0;690
3793;201500004218;15;5;15;1700;1;1;1;2;1;32;;M;0.0;0.0;690
3794;201500004219;15;6;22;1830;1;2;1;1;6;112;RN7;M;0.0;0.0;690
3795;201500004220;15;6;29;1830;1;1;1;1;1;177;;M;0.0;0.0;690
3796;201500004221;15;7;5;600;1;1;1;1;6;175;;M;0.0;0.0;690
3797;201500004222;15;7;5;1745;1;1;9;1;7;21;;M;0.0;0.0;690
3798;201500004223;15;9;12;1315;1;1;1;3;6;208;;M;0.0;0.0;690
3799;201500004224;15;9;18;2200;3;1;2;1;3;112;;M;4579760.0;468633.0;690
3800;201500004225;15;9;25;1930;1;1;1;1;3;208;;M;0.0;0.0;690
3801;201500004226;15;10;22;900;1;2;1;2;3;21;rue du bois bodet;M;0.0;0.0;690
3802;201500004227;15;12;1;945;1;1;9;1;6;86;;M;0.0;0.0;690
3803;201500004228;15;12;11;1500;1;2;1;1;6;10;Le Martinet;M;0.0;0.0;690
3804;201500004229;15;12;18;1915;2;1;1;5;1;32;;M;0.0;0.0;690
3805;201500004230;15;12;23;430;3;1;1;1;6;21;;M;0.0;0.0;690
3806;201500004231;15;2;25;1315;1;1;1;1;1;31;;M;0.0;0.0;690
3807;201500004232;15;3;28;1645;1;1;1;2;1;203;;M;0.0;0.0;690
3808;201500004233;15;6;8;800;1;1;1;1;1;220;;M;0.0;0.0;690
3809;201500004234;15;7;24;1945;1;1;1;1;1;31;;M;0.0;0.0;690
3810;201500004235;15;1;3;2145;5;2;1;1;6;62;BOULEVARD ANDR? MARGOT;M;4563110.0;445411.0;690
3811;201500004236;15;1;12;1130;1;1;7;1;6;14;;M;4568130.0;447781.0;690
3812;201500004237;15;1;16;1645;1;1;1;3;1;238;;M;4562450.0;444873.0;690
3813;201500004239;15;2;15;1845;3;1;1;4;6;78;;M;0.0;0.0;690
3814;201500004240;15;2;23;615;5;2;1;1;6;238;boulevard du 08 mai 1945;M;0.0;0.0;690
3815;201500004241;15;4;10;1415;1;2;9;1;6;238;Avenue emmanuel Clément;M;0.0;0.0;690
3816;201500004242;15;6;4;645;1;1;1;1;1;132;;M;4566680.0;439344.0;690
3817;201500004244;15;3;2;1715;1;1;2;1;1;28;;M;4571430.0;471424.0;690
3818;201500004246;15;4;6;1915;1;2;6;1;6;28;montée ancienne gare;M;4572700.0;469800.0;690
3819;201500004247;15;4;25;1945;1;2;1;1;1;255;D70;M;0.0;0.0;690
3820;201500004248;15;5;16;2000;1;2;2;1;5;94;Route de Bordeaux;M;4574190.0;469454.0;690
3821;201500004249;15;5;18;800;1;2;1;1;7;94;28, route de Bordeaux;M;4574520.0;469024.0;690
3822;201500004250;15;5;23;1815;1;2;1;1;1;255;08 rue du Dr SERRULAZ;M;0.0;0.0;690
3823;201500004251;15;5;30;1430;1;2;1;1;3;255;12 Route de Bordeaux;M;4573520.0;468040.0;690
3824;201500004252;15;6;7;600;2;1;6;1;6;94;;M;0.0;0.0;690
3825;201500004253;15;5;27;1700;1;2;1;1;6;131;35 avenue des Alpes;;;;690
3826;201500004254;15;8;7;1130;1;1;1;1;6;190;;M;0.0;0.0;690
3827;201500004255;15;8;9;1445;1;1;1;1;3;255;;M;4574000.0;469500.0;690
3828;201500004257;15;11;17;1900;3;1;1;1;6;190;;M;0.0;0.0;690
3829;201500004259;15;8;23;1145;1;1;6;2;7;272;;M;0.0;0.0;690
3830;201500004260;15;9;27;1530;1;2;1;1;6;272;rue du château d'eau;M;0.0;0.0;690
3831;201500004262;15;12;16;1630;1;1;1;1;1;297;;M;0.0;0.0;690
3832;201500004263;15;1;5;1415;1;1;1;1;1;228;;M;4577080.0;478816.0;690
3833;201500004264;15;1;14;1200;1;1;1;1;1;241;;M;4577080.0;478816.0;690
3834;201500004265;15;1;28;1945;3;1;1;2;1;136;;M;4564370.0;474641.0;690
3835;201500004266;15;1;30;2245;3;1;1;1;6;136;;M;4563700.0;475100.0;690
3836;201500004267;15;3;16;1930;3;1;1;1;6;141;;M;0.0;0.0;690
3837;201500004268;15;5;25;1745;1;1;1;1;7;228;;M;4554340.0;465223.0;690
3838;201500004269;15;8;20;1845;1;1;1;1;1;170;;M;4565550.0;459813.0;690
3839;201500004270;15;9;1;1445;1;1;1;2;3;136;;M;4565300.0;474700.0;690
3840;201500004271;15;8;26;530;5;2;1;1;7;176;rue du stade;M;0.0;0.0;690
3841;201500004272;15;10;26;1330;1;1;1;1;3;148;;M;0.0;0.0;690
3842;201500004273;15;12;10;1400;1;2;1;1;3;176;route de mornant;M;0.0;0.0;690
3843;201500004274;15;5;11;1530;1;1;1;1;6;74;;M;0.0;0.0;690
3844;201500004275;15;8;22;1930;2;1;9;1;3;192;;M;0.0;0.0;690
3845;201500004277;15;11;8;1615;1;1;2;1;3;74;;M;0.0;0.0;690
3846;201500004278;15;1;2;1015;1;1;1;1;6;140;;M;4590100.0;470069.0;690
3847;201500004279;15;1;19;15;5;2;1;1;6;9;AVENUE DE LOSSBURG;M;4594040.0;471734.0;690
3848;201500004280;15;3;2;900;1;1;1;2;7;140;;M;0.0;0.0;690
3849;201500004281;15;5;15;1300;1;2;2;1;3;121;route de lyon;M;0.0;0.0;690
3850;201500004282;15;5;29;1030;1;1;1;1;1;4;;M;4592060.0;465551.0;690
3851;201500004283;15;6;19;1845;1;1;1;1;2;121;;M;0.0;0.0;690
3852;201500004284;15;11;28;515;3;1;1;2;6;52;;M;0.0;0.0;690
3853;201500004285;15;11;28;1545;1;2;1;1;6;9;avenue de l europe;M;0.0;0.0;690
3854;201500004286;15;12;5;330;3;1;1;2;6;47;;M;0.0;0.0;690
3855;201500004287;15;1;25;1930;3;1;1;1;1;206;;M;4604900.0;472173.0;690
3856;201500004288;15;2;2;2300;3;1;1;1;1;206;;M;0.0;0.0;690
3857;201500004289;15;3;6;1800;1;1;1;1;1;211;;M;0.0;0.0;690
3858;201500004290;15;3;8;1100;1;1;1;1;3;19;;M;0.0;0.0;690
3859;201500004291;15;5;22;830;1;1;1;1;1;197;;M;0.0;0.0;690
3860;201500004292;15;5;22;1130;1;1;6;1;2;211;;M;4612220.0;472809.0;690
3861;201500004293;15;5;30;615;1;1;1;1;6;211;;M;0.0;0.0;690
3862;201500004295;15;7;8;1230;1;1;1;1;1;19;;M;0.0;0.0;690
3863;201500004296;15;7;8;1000;1;1;6;1;3;19;;M;0.0;0.0;690
3864;201500004297;15;7;17;1645;1;1;3;1;3;19;;M;4609590.0;473744.0;690
3865;201500004298;15;8;6;1045;1;1;1;1;3;19;;M;0.0;0.0;690
3866;201500004299;15;8;13;2000;1;2;6;1;2;211;rond point - CD 306;M;4612400.0;473800.0;690
3867;201500004300;15;9;3;2045;3;1;1;1;6;206;;M;0.0;0.0;690
3868;201500004302;15;11;5;1645;1;1;2;1;3;19;;M;4610600.0;472000.0;690
3869;201500004303;15;1;31;1745;2;1;1;8;1;50;;M;4588180.0;463353.0;690
3870;201500004304;15;2;2;745;2;1;1;8;1;50;;M;4585380.0;465061.0;690
3871;201500004305;15;4;9;1945;1;1;1;1;1;90;;M;0.0;0.0;690
3872;201500004306;15;5;20;1145;1;1;1;8;3;24;;M;4591960.0;456808.0;690
3873;201500004307;15;7;13;900;1;2;1;1;1;50;Le mapas;M;4586660.0;464122.0;690
3874;201500004308;15;8;16;15;3;1;9;1;1;17;;M;0.0;0.0;690
3875;201500004309;15;8;30;745;1;1;1;1;7;17;;M;4591620.0;461789.0;690
3876;201500004310;15;9;10;1900;1;1;1;1;3;50;;M;4587830.0;464086.0;690
3877;201500004311;15;11;25;1645;2;1;1;2;1;39;;M;0.0;0.0;690
3878;201500004312;15;11;29;2045;3;1;1;8;3;113;;M;0.0;0.0;690
3879;201500004313;15;12;10;745;2;1;1;8;3;222;;M;0.0;0.0;690
3880;201500004314;15;12;15;1600;1;1;1;1;1;50;;M;4585750.0;465426.0;690
3881;201500004315;15;1;30;445;5;2;1;2;1;243;Avenue Jean Jaur?s;M;4589800.0;443600.0;690
3882;201500004316;15;5;25;1300;1;1;1;1;1;254;;M;0.0;0.0;690
3883;201500004318;15;4;9;1600;1;1;1;1;1;107;;M;0.0;0.0;690
3884;201500004319;15;4;21;1930;1;1;1;1;1;93;;M;4604430.0;446379.0;690
3885;201500004320;15;6;12;2000;2;1;1;3;1;229;;M;0.0;0.0;690
3886;201500004321;15;9;30;1515;1;2;1;1;1;107;quartier neuf;M;4606300.0;449000.0;690
3887;201500004322;15;11;5;700;2;1;1;1;6;93;;M;4605000.0;444000.0;690
3888;201500004323;15;2;19;815;1;1;1;1;3;214;;M;4599600.0;433100.0;690
3889;201500004325;15;7;3;245;3;1;1;1;6;240;;M;4606200.0;439700.0;690
3890;201500004326;15;8;12;1615;1;2;6;1;1;6;D38;M;0.0;0.0;690
3891;201500004327;15;9;12;700;2;1;1;1;7;169;;M;0.0;0.0;690
3892;201500004328;15;1;16;2245;5;2;1;1;6;65;RD 936 - Corgenon;M;4619683.0;516081.0;10
3893;201500004329;15;5;29;1245;1;1;1;1;6;405;;M;4612424.0;515860.0;10
3894;201500004331;15;9;18;2100;5;2;2;1;7;65;intersection RD936 RD45;M;0.0;0.0;10
3895;201500004332;15;10;13;1645;1;1;1;1;5;301;;M;0.0;0.0;10
3896;201500004333;15;11;15;1530;1;2;1;1;7;336;chemin du suc;M;4615189.0;515416.0;10
3897;201500004334;15;12;5;930;1;2;1;5;6;405;route de lent - rd.64;M;0.0;0.0;10
3898;201500004335;15;1;12;1645;1;1;1;1;6;184;;M;4615423.0;543081.0;10
3899;201500004336;15;1;23;1030;1;2;1;1;6;195;;M;4621187.0;532298.0;10
3900;201500004337;15;3;27;1445;1;1;1;1;3;184;;M;0.0;0.0;10
3901;201500004339;15;6;4;415;3;1;1;1;6;95;;M;0.0;0.0;10
3902;201500004340;15;6;28;1930;2;2;1;1;6;95;CD 936 DHUYS;M;0.0;0.0;10
3903;201500004341;15;3;17;930;1;1;3;1;3;402;;M;0.0;0.0;10
3904;201500004343;15;6;19;1830;1;1;1;1;2;232;;M;0.0;0.0;10
3905;201500004344;15;7;21;730;1;2;1;7;6;266;rue de la gare;M;0.0;0.0;10
3906;201500004345;15;7;27;1930;1;1;1;8;5;232;;M;0.0;0.0;10
3907;201500004346;15;7;29;1415;1;1;1;8;1;232;;M;0.0;0.0;10
3908;201500004347;15;9;5;2115;3;1;1;1;3;364;;M;0.0;0.0;10
3909;201500004348;15;9;12;2030;3;1;1;2;1;236;;M;0.0;0.0;10
3910;201500004349;15;9;12;1945;3;1;1;2;6;108;;M;0.0;0.0;10
3911;201500004350;15;9;11;1100;1;2;2;1;6;305;Rue Morand;M;0.0;0.0;10
3912;201500004351;15;9;19;1245;1;1;1;1;6;232;;M;0.0;0.0;10
3913;201500004352;15;9;30;1400;1;1;1;1;2;337;;M;0.0;0.0;10
3914;201500004353;15;11;3;1330;1;1;1;1;3;230;;M;0.0;0.0;10
3915;201500004354;15;12;24;145;5;1;1;1;6;229;;M;4633600.0;514200.0;10
3916;201500004355;15;2;23;1800;3;1;1;2;5;374;;M;4607940.0;532045.0;10
3917;201500004356;15;3;15;700;1;1;1;1;6;374;;M;0.0;0.0;10
3918;201500004357;15;4;24;1715;1;1;1;1;3;304;;M;4604166.0;533672.0;10
3919;201500004358;15;5;24;1400;1;1;1;1;6;304;;M;0.0;0.0;10
3920;201500004359;15;5;30;1845;1;1;1;1;7;363;;M;0.0;0.0;10
3921;201500004360;15;6;13;1600;1;1;1;7;7;331;"""Chamagnat""";M;4609420.0;545982.0;10
3922;201500004361;15;6;30;1800;1;2;1;1;3;273;rue du dr HUBERT;M;0.0;0.0;10
3923;201500004362;15;7;20;1630;2;1;1;1;7;314;;M;0.0;0.0;10
3924;201500004363;15;7;30;1345;1;2;9;1;3;304;rue saint exupéry;M;0.0;0.0;10
3925;201500004366;15;8;23;1815;1;1;1;2;6;273;;M;0.0;0.0;10
3926;201500004367;15;8;30;1045;1;1;1;7;7;68;;M;0.0;0.0;10
3927;201500004368;15;9;6;2030;3;2;1;1;7;273;rue du revermont;M;0.0;0.0;10
3928;201500004369;15;11;10;1630;1;1;1;1;5;304;;M;0.0;0.0;10
3929;201500004370;15;12;16;915;1;2;1;8;3;303;"""Leymiat""";M;0.0;0.0;10
3930;201500004371;15;1;14;1515;1;1;1;1;1;320;;M;4628873.0;488069.0;10
3931;201500004373;15;6;5;330;3;1;2;1;3;144;"""La route""";M;0.0;0.0;10
3932;201500004374;15;9;25;730;2;2;1;1;2;134;;M;0.0;0.0;10
3933;201500004375;15;10;11;545;4;2;1;1;6;159;1235  route de Ternant;M;0.0;0.0;10
3934;201500004376;15;10;16;1730;1;1;1;1;6;343;;M;4627186.0;496739.0;10
3935;201500004377;15;11;1;45;3;1;1;5;6;134;;M;0.0;0.0;10
3936;201500004378;15;11;22;845;1;1;2;1;3;203;;M;0.0;0.0;10
3937;201500004379;15;3;30;1215;1;1;1;2;6;34;;M;0.0;0.0;10
3938;201500004380;15;4;10;1100;1;1;1;1;3;216;;M;0.0;0.0;10
3939;201500004381;15;4;24;1815;1;1;1;1;6;338;;M;0.0;0.0;10
3940;201500004382;15;5;8;1515;1;2;2;2;5;58;CD19;M;0.0;0.0;10
3941;201500004383;15;6;21;1545;1;1;1;1;3;190;;M;0.0;0.0;10
3942;201500004384;15;7;11;730;1;1;1;1;3;338;;M;0.0;0.0;10
3943;201500004385;15;7;25;1145;1;2;6;1;6;34;Avenue de Narvick;M;0.0;0.0;10
3944;201500004386;15;8;12;15;5;2;1;1;3;34;Rue de la République;M;0.0;0.0;10
3945;201500004387;15;8;30;1815;1;2;1;7;2;34;cd992;M;0.0;0.0;10
3946;201500004388;15;9;3;1830;1;2;2;1;2;34;;M;0.0;0.0;10
3947;201500004389;15;9;14;1145;1;1;1;2;3;358;;M;0.0;0.0;10
3948;201500004391;15;11;1;1730;1;1;1;1;1;34;;M;0.0;0.0;10
3949;201500004392;15;12;8;1900;5;2;1;1;6;34;avenue Brillat Savarin;M;0.0;0.0;10
3950;201500004393;15;12;26;1745;5;2;1;1;1;403;31 grande rue;M;0.0;0.0;10
3951;201500004394;15;2;11;1830;5;2;1;1;6;4;avenue g?n?ral de gaulle;M;0.0;0.0;10
3952;201500004395;15;3;9;745;1;2;3;1;1;4;rue jean mermoz;M;0.0;0.0;10
3953;201500004396;15;3;12;1730;1;2;1;1;7;384;CHEMIN DU CITY STADE;M;0.0;0.0;10
3954;201500004397;15;3;19;1900;3;1;1;1;1;89;;M;0.0;0.0;10
3955;201500004398;15;6;5;1600;1;1;1;1;6;4;;M;0.0;0.0;10
3956;201500004400;15;11;1;615;2;1;1;1;4;4;;M;0.0;0.0;10
3957;201500004401;15;11;7;1600;1;1;1;1;1;416;;M;0.0;0.0;10
3958;201500004402;15;12;7;845;1;1;1;1;5;4;;M;0.0;0.0;10
3959;201500004403;15;1;1;215;5;2;1;1;6;22;Grande rue;M;0.0;0.0;10
3960;201500004404;15;1;30;815;1;1;1;8;7;316;;M;0.0;0.0;10
3961;201500004405;15;3;10;1730;1;1;1;1;7;118;;M;0.0;0.0;10
3962;201500004406;15;3;20;2030;5;2;1;1;6;138;138 RUE DE L'EGLISE;M;0.0;0.0;10
3963;201500004408;15;6;18;1345;1;1;1;1;1;118;;M;0.0;0.0;10
3964;201500004410;15;8;14;1700;1;1;1;1;1;407;;M;0.0;0.0;10
3965;201500004413;15;11;4;630;2;1;1;1;1;138;;M;0.0;0.0;10
3966;201500004414;15;9;22;1615;1;1;1;2;7;66;;M;0.0;0.0;10
3967;201500004415;15;11;27;1700;2;2;1;1;6;39;place de la fontaine;M;0.0;0.0;10
3968;201500004416;15;5;4;1345;1;2;2;1;1;119;;M;0.0;0.0;10
3969;201500004417;15;6;13;1430;1;1;1;1;7;441;;M;0.0;0.0;10
3970;201500004418;15;8;16;400;3;1;1;1;6;441;;M;0.0;0.0;10
3971;201500004419;15;8;21;915;1;1;1;1;6;191;;M;0.0;0.0;10
3972;201500004420;15;1;13;1815;3;1;1;6;5;386;;M;0.0;0.0;10
3973;201500004421;15;3;29;2245;5;2;1;2;6;444;route de serriere;M;0.0;0.0;10
3974;201500004422;15;4;27;115;3;1;1;3;6;431;;M;0.0;0.0;10