;Num_Acc;an;mois;jour;hrmn;lum;agg;int;atm;col;com;adr;gps;lat;long;dep
3975;201500004423;15;5;18;715;1;1;1;7;1;390;;M;0.0;0.0;10
3976;201500004425;15;7;18;315;3;1;1;1;6;213;;M;0.0;0.0;10
3977;201500004426;15;9;2;745;1;2;1;5;2;8;lieu dit le galliot;M;0.0;0.0;10
3978;201500004427;15;8;28;1330;1;1;1;1;3;390;;M;0.0;0.0;10
3979;201500004428;15;9;15;2030;3;1;2;1;3;390;;M;0.0;0.0;10
3980;201500004429;15;10;6;1700;1;1;1;1;5;99;;M;0.0;0.0;10
3981;201500004430;15;10;9;715;2;1;1;1;6;224;;M;0.0;0.0;10
3982;201500004431;15;10;30;1545;1;1;1;1;1;390;;M;0.0;0.0;10
3983;201500004432;15;11;2;1815;3;1;1;1;5;99;;M;0.0;0.0;10
3984;201500004433;15;11;23;1145;1;2;1;1;3;202;route du port;M;0.0;0.0;10
3985;201500004434;15;11;26;945;1;1;2;1;3;99;;M;4589200.0;529600.0;10
3986;201500004435;15;12;9;1730;3;1;1;1;1;202;;M;0.0;0.0;10
3987;201500004436;15;12;28;215;5;2;1;1;6;202;rue de montverd;M;0.0;0.0;10
3988;201500004437;15;3;10;2015;5;2;1;1;3;148;30 rue du Col RomanPetit;M;0.0;0.0;10
3989;201500004438;15;3;16;1300;1;2;1;1;6;265;;M;4617422.0;557840.0;10
3990;201500004439;15;3;28;1745;1;2;1;2;6;392;D18;M;0.0;0.0;10
3991;201500004440;15;6;14;1415;1;2;1;2;3;269;d 1084;M;0.0;0.0;10
3992;201500004441;15;6;26;2000;1;1;1;1;3;269;;M;0.0;0.0;10
3993;201500004444;15;12;18;1430;1;1;1;1;1;392;;M;0.0;0.0;10
3994;201500004445;15;2;12;1630;1;2;2;1;6;33;RUE LAMARTINE;M;4610864.0;582706.0;10
3995;201500004446;15;9;21;1745;1;2;1;1;3;357;lieu dit la Voute;M;0.0;0.0;10
3996;201500004447;15;11;16;1700;2;1;1;1;7;91;;M;0.0;0.0;10
3997;201500004448;15;5;29;1045;1;1;9;1;2;153;;M;0.0;0.0;10
3998;201500004449;15;8;16;1930;1;1;1;8;5;103;;M;0.0;0.0;10
3999;201500004450;15;9;11;1045;1;2;7;1;6;143;111 avenue de genève;M;4635449.0;613901.0;10
4000;201500004452;15;11;27;1400;1;2;1;1;3;143;;M;4634931.0;613062.0;10
4001;201500004453;15;12;5;1745;3;2;1;5;1;71;RD 1005;M;0.0;0.0;10
4002;201500004454;15;8;12;1445;1;1;1;1;7;247;;M;0.0;0.0;10
4003;201500004455;15;8;30;1030;1;1;1;1;7;247;;M;0.0;0.0;10
4004;201500004457;15;4;11;1045;1;2;1;1;6;313;;M;0.0;0.0;10
4005;201500004458;15;4;18;1810;1;1;1;1;6;313;;M;4625390.0;605537.0;10
4006;201500004459;15;4;28;1715;1;2;1;1;6;160;rue de Genève;M;0.0;0.0;10
4007;201500004460;15;5;20;1730;1;1;3;1;4;281;;M;4627949.0;609148.0;10
4008;201500004461;15;8;3;1215;1;1;1;1;3;435;;M;0.0;0.0;10
4009;201500004462;15;9;9;1215;1;2;1;1;6;313;80 route Bellevue;M;4625651.0;607701.0;10
4010;201500004463;15;9;29;1430;1;2;1;1;3;313;Route du nant;M;0.0;0.0;10
4011;201500004464;15;10;6;1645;1;2;9;2;3;160;;M;0.0;0.0;10
4012;201500004465;15;10;27;830;1;2;1;1;3;160;D1005;M;0.0;0.0;10
4013;201500004466;15;10;30;1830;5;2;1;1;6;281;La fruitière D 1005;M;0.0;0.0;10
4014;201500004469;15;5;12;800;1;2;1;1;6;427;88 AVENUE DU FORMANS;M;4595177.0;475545.0;10
4015;201500004470;15;6;4;845;1;2;1;7;6;194;RUE DU BEAUJOLAIS;M;0.0;0.0;10
4016;201500004471;15;10;1;1000;1;2;9;1;6;427;parking  275 rte de lyon;M;0.0;0.0;10
4017;201500004472;15;10;5;1515;1;1;1;1;1;285;;M;0.0;0.0;10
4018;201500004473;15;11;5;1615;1;2;1;1;1;427;PONT CHARLES DE GAULLE;M;0.0;0.0;10
4019;201500004474;15;11;21;1600;1;1;1;1;3;250;;M;0.0;0.0;10
4020;201500004475;15;11;24;1200;1;2;1;1;3;250;grande rue;M;0.0;0.0;10
4021;201500004476;15;3;15;845;1;1;1;1;6;359;;M;0.0;0.0;10
4022;201500004477;15;4;4;1030;1;1;1;2;6;92;;M;0.0;0.0;10
4023;201500004478;15;4;19;830;1;1;1;1;1;74;;M;0.0;0.0;10
4024;201500004479;15;10;31;815;2;1;2;1;3;359;;M;0.0;0.0;10
4025;201500004480;15;2;20;1445;1;2;2;1;1;328;route de Villars,;M;4612167.0;502469.0;10
4026;201500004481;15;4;7;1515;1;1;1;1;1;93;;M;0.0;0.0;10
4027;201500004483;15;5;22;1500;1;1;1;7;1;96;;M;0.0;0.0;10
4028;201500004485;15;6;11;215;3;1;1;1;6;93;;M;0.0;0.0;10
4029;201500004486;15;6;19;1330;1;1;1;1;3;93;;M;0.0;0.0;10
4030;201500004487;15;7;8;2000;1;2;4;1;3;246;route de l'effondras;M;0.0;0.0;10
4031;201500004488;15;8;10;1000;1;2;1;2;6;457;141 RUE CLAUDE MOREL;M;4621956.0;499052.0;10
4032;201500004489;15;10;10;1500;1;1;1;1;3;146;;M;0.0;0.0;10
4033;201500004490;15;11;18;1530;1;1;1;1;7;93;"Gros Jean ""Collet""";M;4613723.0;495623.0;10
4034;201500004491;15;12;5;1015;1;1;1;5;1;93;;M;0.0;0.0;10
4035;201500004492;15;1;3;700;5;1;1;5;7;450;;M;0.0;0.0;10
4036;201500004493;15;2;14;715;2;1;1;1;7;290;;M;0.0;0.0;10
4037;201500004494;15;2;27;1015;1;2;1;2;6;244;avenue docteur berthier;M;0.0;0.0;10
4038;201500004495;15;3;5;1830;1;1;1;1;5;290;;M;0.0;0.0;10
4039;201500004496;15;3;25;1100;1;1;1;2;3;325;;M;0.0;0.0;10
4040;201500004497;15;4;7;1945;1;1;1;1;2;88;;M;0.0;0.0;10
4041;201500004498;15;6;11;1745;1;2;1;1;5;244;RN 84;M;0.0;0.0;10
4042;201500004500;15;10;1;1645;1;1;1;1;1;88;;M;0.0;0.0;10
4043;201500004501;15;11;6;1645;1;1;1;1;1;156;;M;0.0;0.0;10
4044;201500004502;15;11;15;2300;5;2;1;1;1;290;rue de rapan;M;0.0;0.0;10
4045;201500004503;15;1;11;2115;5;2;1;1;2;275;151 Route de Genève;M;4581012.0;492496.0;10
4046;201500004504;15;1;17;1815;5;2;3;1;3;43;avenue de la gare;M;4583385.0;500650.0;10
4047;201500004505;15;2;19;1740;1;2;1;1;3;376;route geneve;M;4582817.0;497362.0;10
4048;201500004506;15;6;3;900;1;2;1;1;1;249;Carrefour du Four à Chau;M;0.0;0.0;10
4049;201500004507;15;6;5;500;2;2;1;1;6;275;42 grande rue;M;0.0;0.0;10
4050;201500004508;15;8;7;2115;2;1;1;2;1;249;route de tramoyes;M;0.0;0.0;10
4051;201500004509;15;8;20;1915;1;2;1;1;7;249;Montée Neuve;M;0.0;0.0;10
4052;201500004510;15;9;29;1745;1;2;1;1;6;249;898 grande rue;M;0.0;0.0;10
4053;201500004511;15;10;17;1630;1;1;1;1;6;249;;M;0.0;0.0;10
4054;201500004513;15;4;14;1930;1;1;2;1;3;262;Carf RD2-RD4;M;0.0;0.0;10
4055;201500004514;15;4;24;2015;5;2;1;1;5;49;2228 route de lyon rd108;M;0.0;0.0;10
4056;201500004515;15;4;17;1330;1;1;1;1;6;333;;M;0.0;0.0;10
4057;201500004516;15;6;29;815;1;1;1;1;3;105;;M;0.0;0.0;10
4058;201500004517;15;7;1;1945;1;1;1;1;1;333;;M;0.0;0.0;10
4059;201500004518;15;7;27;415;5;1;1;1;6;333;;M;0.0;0.0;10
4060;201500004519;15;7;28;1745;1;2;1;1;2;333;D1083;M;0.0;0.0;10
4061;201500004521;15;8;30;145;3;1;1;1;6;261;;M;0.0;0.0;10
4062;201500004522;15;9;17;1215;1;1;1;3;6;5;;M;0.0;0.0;10
4063;201500004524;15;2;23;2130;3;1;1;8;6;389;;M;4609054.0;491938.0;10
4064;201500004525;15;5;16;1300;1;1;2;1;3;258;"""Les sept chemins""";M;0.0;0.0;10
4065;201500004526;15;5;24;1515;1;1;1;1;3;252;;M;0.0;0.0;10
4066;201500004527;15;5;30;1915;1;1;1;1;5;165;;M;0.0;0.0;10
4067;201500004528;15;8;14;1100;1;1;1;1;7;258;;M;0.0;0.0;10
4068;201500004529;15;8;28;1400;1;1;1;1;3;389;;M;0.0;0.0;10
4069;201500004531;15;10;27;1830;5;2;1;3;3;263;2120 route de Macon;M;0.0;0.0;10
4070;201500004532;15;11;17;2245;3;1;1;9;6;225;;M;0.0;0.0;10
4071;201500004533;15;11;27;1315;1;1;2;1;3;167;;M;0.0;0.0;10
4072;201500004534;15;1;26;1715;2;1;1;1;1;289;;M;0.0;0.0;70
4073;201500004535;15;2;2;830;1;1;1;1;3;230;;M;0.0;0.0;70
4074;201500004536;15;3;4;830;2;1;1;1;6;343;;M;0.0;0.0;70
4075;201500004538;15;5;14;1030;1;1;1;1;1;139;;M;4477500.0;433900.0;70
4076;201500004540;15;1;9;1600;1;1;1;1;2;191;;M;0.0;0.0;70
4077;201500004541;15;1;18;1145;1;1;9;1;5;264;;M;0.0;0.0;70
4078;201500004542;15;4;11;1715;1;2;1;1;3;264;intersection RD86-RD201;M;0.0;0.0;70
4079;201500004543;15;7;30;1245;1;1;1;1;3;264;;M;0.0;0.0;70
4080;201500004544;15;8;22;1300;1;1;1;1;2;259;;M;0.0;0.0;70
4081;201500004545;15;8;20;1715;1;1;1;1;2;264;;M;0.0;0.0;70
4082;201500004546;15;1;4;1700;1;1;1;1;7;167;;M;0.0;0.0;70
4083;201500004547;15;4;9;1630;1;1;1;1;1;278;;M;0.0;0.0;70
4084;201500004548;15;5;10;1245;1;2;9;1;7;96;pont de moulinas;M;0.0;0.0;70
4085;201500004549;15;8;28;215;3;2;1;1;7;167;chemin du CFD;M;0.0;0.0;70
4086;201500004550;15;9;12;1030;1;2;1;2;6;295;Route du collège;M;0.0;0.0;70
4087;201500004551;15;8;14;1900;1;1;1;7;6;20;;M;0.0;0.0;70
4088;201500004552;15;9;9;1415;1;1;1;1;1;319;;M;0.0;0.0;70
4089;201500004553;15;1;2;1000;1;1;1;1;6;242;;M;0.0;0.0;70
4090;201500004554;15;4;11;2245;3;1;1;1;1;241;;M;0.0;0.0;70
4091;201500004555;15;12;27;1345;1;1;1;8;1;287;;M;0.0;0.0;70
4092;201500004556;15;2;7;1900;3;1;1;1;6;237;;M;0.0;0.0;70
4093;201500004557;15;5;27;1730;1;1;3;1;3;194;;M;0.0;0.0;70
4094;201500004558;15;6;18;1630;1;1;1;1;1;349;;M;4480500.0;478600.0;70
4095;201500004559;15;6;20;700;1;1;1;1;1;260;;M;0.0;0.0;70
4096;201500004560;15;6;24;1030;1;1;1;1;5;22;;M;0.0;0.0;70
4097;201500004561;15;8;19;1800;1;1;3;1;3;240;;M;0.0;0.0;70
4098;201500004562;15;8;21;1415;1;1;1;1;6;22;;M;4469300.0;477200.0;70
4099;201500004563;15;9;5;1815;1;1;1;1;6;255;;M;0.0;0.0;70
4100;201500004564;15;9;17;1730;1;2;6;1;6;181;RUE MARCEL NICOLAS;M;0.0;0.0;70
4101;201500004565;15;10;4;345;5;2;1;2;6;27;Les Agrions, D86E;M;0.0;0.0;70
4102;201500004566;15;10;9;1715;2;2;1;1;6;181;avenue Marcel Nicolas;M;4476000.0;474700.0;70
4103;201500004567;15;11;7;915;1;2;1;7;6;349;rue Albert Camus;M;0.0;0.0;70
4104;201500004568;15;11;25;1915;3;1;1;2;3;198;;M;0.0;0.0;70
4105;201500004569;15;12;19;1745;3;1;1;1;1;181;;M;0.0;0.0;70
4106;201500004570;15;4;24;200;3;1;1;1;7;171;;M;0.0;0.0;70
4107;201500004571;15;8;9;430;3;2;1;1;1;117;Notre Dame de LABLACHERE;M;0.0;0.0;70
4108;201500004572;15;7;6;1130;1;1;9;1;3;142;;M;0.0;0.0;70
4109;201500004573;15;11;10;1345;1;1;1;1;6;322;;M;0.0;0.0;70
4110;201500004574;15;11;10;945;1;2;1;7;6;127;avenue de la gare;M;0.0;0.0;70
4111;201500004575;15;11;17;1000;1;2;1;1;6;161;rue de Pourcheyrolles;M;0.0;0.0;70
4112;201500004576;15;11;25;1545;1;1;1;2;6;322;;M;0.0;0.0;70
4113;201500004578;15;1;19;530;3;1;1;8;6;61;;M;0.0;0.0;70
4114;201500004580;15;7;19;1115;1;2;1;1;1;291;;M;0.0;0.0;70
4115;201500004581;15;8;5;945;1;1;1;1;7;330;;M;0.0;0.0;70
4116;201500004582;15;8;11;130;3;1;1;1;6;304;;M;0.0;0.0;70
4117;201500004583;15;5;23;1345;1;1;1;1;3;31;;M;0.0;0.0;70
4118;201500004584;15;7;2;1415;1;1;1;1;3;28;;M;0.0;0.0;70
4119;201500004585;15;7;9;1615;3;1;1;1;6;31;;M;0.0;0.0;70
4120;201500004586;15;1;5;1330;1;2;1;1;2;97;LA VINSONNE;M;0.0;0.0;70
4121;201500004587;15;1;17;1200;1;2;7;1;7;324;place rampon;M;0.0;0.0;70
4122;201500004588;15;1;25;1915;3;1;1;1;6;152;;M;0.0;0.0;70
4123;201500004589;15;3;8;1530;1;1;9;1;4;40;;M;0.0;0.0;70
4124;201500004590;15;3;8;1715;1;1;1;1;7;169;;M;0.0;0.0;70
4125;201500004591;15;10;2;1915;2;1;1;2;3;217;;M;0.0;0.0;70
4126;201500004592;15;3;18;1500;1;1;1;1;6;56;;M;0.0;0.0;70
4127;201500004593;15;6;27;930;1;2;1;1;4;78;route de Lyon;M;0.0;0.0;70
4128;201500004594;15;8;22;2115;5;2;1;1;3;10;rue auguste bravais;M;0.0;0.0;70
4129;201500004595;15;10;27;1315;1;1;1;1;6;228;;M;0.0;0.0;70
4130;201500004596;15;12;16;1845;3;2;1;1;6;78;ROUTE DES ALPES;M;0.0;0.0;70
4131;201500004597;15;12;27;530;3;1;1;5;6;313;;M;0.0;0.0;70
4132;201500004598;15;3;16;1700;1;1;1;1;2;12;;M;0.0;0.0;70
4133;201500004599;15;7;3;2030;2;2;1;1;6;1;lieu dit BROLLES;M;0.0;0.0;70
4134;201500004600;15;7;10;1730;1;1;1;1;3;222;;M;0.0;0.0;70
4135;201500004601;15;9;27;1145;1;1;1;1;7;215;;M;0.0;0.0;70
4136;201500004602;15;10;6;1045;1;1;1;2;6;64;;M;0.0;0.0;70
4137;201500004603;15;11;15;1900;5;2;1;1;6;1;Lieu-dit BROLLES;M;0.0;0.0;70
4138;201500004604;15;12;22;1145;1;1;1;1;1;212;;M;0.0;0.0;70
4139;201500004605;15;11;10;1800;3;2;1;1;6;338;allée de prat;M;0.0;0.0;70
4140;201500004606;15;1;6;1615;2;1;1;1;1;236;;M;0.0;0.0;70
4141;201500004608;15;2;24;1900;5;2;1;1;6;108;AV DES TROIS BECS;M;0.0;0.0;260
4142;201500004609;15;3;31;1415;1;2;1;1;3;35;LE VILLAGE;M;0.0;0.0;260
4143;201500004610;15;4;9;1630;1;1;3;1;1;20;LE CHATELARD;M;0.0;0.0;260
4144;201500004611;15;4;11;1130;1;2;7;1;6;108;GYMNASE ESPACE SOUBEYRAN;M;4472410.0;502380.0;260
4145;201500004612;15;4;10;1715;1;2;1;1;3;108;BD CHARLES   ARMORIN;M;0.0;0.0;260
4146;201500004613;15;5;8;2030;2;1;1;1;1;125;CALENDRE SUD;M;0.0;0.0;260
4147;201500004614;15;5;14;2345;3;1;3;2;3;20;PANPARI;M;0.0;0.0;260
4148;201500004615;15;8;2;1745;1;1;1;1;1;108;LES BLACHES;M;0.0;0.0;260
4149;201500004616;15;8;24;1600;1;1;1;2;3;166;LES FIERRES;M;0.0;0.0;260
4150;201500004617;15;8;1;1000;1;1;1;1;2;113;CHARMAGE ET ST LAURENT;M;0.0;0.0;260
4151;201500004618;15;3;1;1345;1;1;1;2;6;290;LES BERARDS;M;0.0;0.0;260
4152;201500004619;15;9;6;1700;1;1;1;1;6;364;COL DE PRONCEL;M;0.0;0.0;260
4153;201500004620;15;5;14;1215;1;1;1;1;7;40;RD 93;M;0.0;0.0;260
4154;201500004621;15;3;19;2045;3;1;1;1;6;220;ROUTE DE MONTELIMAR;M;0.0;0.0;260
4155;201500004622;15;8;11;1715;1;1;1;1;6;220;EOUPE;M;0.0;0.0;260
4156;201500004624;15;11;24;1100;1;2;1;3;2;691;;M;4984701.0;327051.0;20
4157;201500004625;15;12;11;1845;5;2;1;2;6;691;102 av ch de gaulle;M;4984543.0;330040.0;20
4158;201500004626;15;1;29;355;5;2;1;1;3;691;PLACE DUFOUR DENELLE;M;4984414.0;327778.0;20
4159;201500004627;15;2;5;945;1;2;1;1;6;691;42 - 44, KENNEDY (RUE DU;M;4985302.0;328326.0;20
4160;201500004628;15;3;22;1630;1;2;3;1;3;691;chemin de la tombelle;M;4983893.0;326385.0;20
4161;201500004629;15;3;30;1435;1;2;2;1;6;691;32, RICHELIEU (BD);M;4985188.0;328451.0;20
4162;201500004630;15;4;2;945;1;2;1;2;6;691;127, LECLERC (RUE DU GL);M;4983812.0;330270.0;20
4163;201500004631;15;6;10;1435;1;2;5;1;2;691;17 bd victor hugo;M;4984343.0;327899.0;20
4164;201500004633;15;11;6;556;3;1;3;2;6;691;;M;4984283.0;333725.0;20
4165;201500004634;15;11;10;1705;1;2;1;1;6;691;;M;4983544.0;331942.0;20
4166;201500004636;15;8;19;1945;1;1;1;1;3;329;LA TRAVERSE;M;0.0;0.0;260
4167;201500004637;15;11;12;1800;3;1;1;1;3;63;PLAINE DE COST;M;0.0;0.0;260
4168;201500004638;15;2;2;1445;1;1;1;1;6;369;BOURROUX;M;0.0;0.0;260
4169;201500004639;15;4;6;1115;1;1;1;1;3;162;ROUTE DE HAUTERIVES;M;0.0;0.0;260
4170;201500004640;15;1;29;600;3;2;1;8;1;311;ROUTE DE LARPS;M;0.0;0.0;260
4171;201500004641;15;7;4;1430;1;1;1;1;6;320;CAMPAVERT;M;0.0;0.0;260
4172;201500004643;15;3;24;1630;1;2;1;1;7;10;RUE DU BUIS;M;4527160.0;489470.0;260
4173;201500004644;15;12;7;1045;1;1;1;5;5;405;;M;0.0;0.0;380
4174;201500004645;15;12;18;1645;2;1;1;1;2;381;;M;0.0;0.0;380
4175;201500004646;15;2;8;1200;1;1;1;1;6;243;5, BRAYE (RUE DE );M;4940754.0;336271.0;20
4176;201500004647;15;2;14;1355;1;2;3;2;3;722;PRESLES ( BOULEVARD;M;4937355.0;330707.0;20
4177;201500004648;15;2;7;1050;1;2;2;1;3;722;19, PARADIS ( RUE DU);M;4938250.0;331016.0;20
4178;201500004649;15;1;16;2130;5;2;1;2;5;722;17, PRESLES ( BOULEVARD;M;4937501.0;330854.0;20
4179;201500004650;15;2;28;2221;5;2;2;1;3;722;16, COMMERCE ( RUE DU );M;4938215.0;332783.0;20
4180;201500004651;15;3;19;1215;1;2;2;8;3;722;40, PASLY ( AVENUE DE );M;4938499.0;331113.0;20
4181;201500004652;15;6;20;1130;1;1;1;1;5;243;ROUTE NATIONALE 2;M;0.0;0.0;20
4182;201500004654;15;7;22;944;1;2;3;1;5;722;;M;4938191.0;332100.0;20
4183;201500004655;15;8;20;1630;1;2;9;1;1;722;2, TOUR DE VILLE (BOULEV;M;4937052.0;332504.0;20
4184;201500004656;15;7;26;2250;1;2;1;1;6;722;19, PRESLES ( ROUTE DE );M;4936839.0;330482.0;20
4185;201500004657;15;9;12;1600;1;1;1;3;3;243;ROUTE NATIONALE 2;M;0.0;0.0;20
4186;201500004658;15;9;24;1005;1;2;1;7;3;722;;M;4937554.0;333045.0;20
4187;201500004659;15;9;23;1845;1;2;3;7;6;722;;M;4938065.0;332711.0;20
4188;201500004660;15;10;10;1538;1;2;1;1;6;722;12 rue st christophe;M;4938207.0;332337.0;20
4189;201500004661;15;12;8;1810;4;2;1;3;6;722;pont du mail;M;4938435.0;332996.0;20
4190;201500004662;15;12;11;1345;1;2;2;2;5;722;47, PARIS ( AVENUE DE);M;4937711.0;331578.0;20
4191;201500004664;15;3;10;1500;1;2;1;1;6;547;4 avenue aristide berg?s;M;4523500.0;589600.0;380
4192;201500004665;15;5;12;1915;1;2;1;1;3;175;;M;4527300.0;592000.0;380
4193;201500004666;15;7;23;930;1;2;1;1;3;538;5 place de la liberté;M;0.0;0.0;380
4194;201500004667;15;12;5;1415;1;2;1;1;3;175;;M;0.0;0.0;380
4195;201500004668;15;12;27;600;5;2;1;1;6;271;CD 523;M;4519700.0;582000.0;380
4196;201500004669;15;9;16;1645;1;2;1;1;7;158;rue du chateau;M;0.0;0.0;380
4197;201500004670;15;9;21;1500;1;2;6;1;3;158;Rond-point Jean MONNET;M;0.0;0.0;380
4198;201500004671;15;4;4;1515;1;1;1;2;3;317;;M;4512339.0;569437.0;380
4199;201500004672;15;7;1;1915;1;2;1;1;3;317;02 avenue Victor Hugo;M;4513661.0;569755.0;380
4200;201500004673;15;7;2;1700;1;2;1;1;6;317;Allée Jean cocteau;M;4513318.0;569973.0;380
4201;201500004674;15;7;19;415;5;2;1;1;6;317;58 cours Saint André;M;4513063.0;569972.0;380
4202;201500004675;15;11;13;1800;5;1;8;1;6;111;;M;0.0;0.0;380
4203;201500004676;15;1;10;1515;1;1;1;7;6;6;;M;4539265.0;610238.0;380
4204;201500004677;15;1;21;1345;1;2;1;1;6;314;Avenue J-F champollion;M;4542341.0;600456.0;380
4205;201500004678;15;1;24;1530;1;1;1;4;3;439;Le Guillon;M;4535344.0;603264.0;380
4206;201500004679;15;6;8;1215;1;1;1;1;1;27;;M;0.0;0.0;380
4207;201500004680;15;7;17;1845;1;1;1;1;7;78;le revit;M;4543169.0;610328.0;380
4208;201500004681;15;9;22;1745;1;1;4;1;5;314;;M;4541909.0;601259.0;380
4209;201500004682;15;11;4;600;5;2;1;1;3;314;935, avenue Champollion;M;4542686.0;600470.0;380
4210;201500004683;15;12;20;1300;1;2;1;1;1;6;boulevard jules ferry;M;0.0;0.0;380
4211;201500004684;15;3;18;1230;1;2;1;1;6;382;rue des moutonnees;M;4522364.0;568262.0;380
4212;201500004685;15;8;5;1745;1;2;1;1;6;382;PONT BARRAGE;M;0.0;0.0;380
4213;201500004687;15;10;17;330;3;1;1;8;6;405;;M;4536897.0;568667.0;380
4214;201500004689;15;4;11;915;1;1;1;7;7;540;;M;4526083.0;562537.0;380
4215;201500004690;15;4;20;815;1;1;1;1;4;540;;M;4529200.0;561515.0;380
4216;201500004692;15;7;14;1100;1;1;1;1;3;153;;M;4519330.0;552569.0;380
4217;201500004693;15;7;15;845;1;2;1;1;2;474;avenue de Valence;M;4520711.0;566264.0;380
4218;201500004694;15;7;30;630;1;2;1;1;3;474;5 avenue de romans;M;0.0;0.0;380
4219;201500004695;15;8;28;1045;1;2;6;1;2;474;Place Jean Prévost;M;4521325.0;566144.0;380
4220;201500004696;15;9;14;930;1;1;1;1;6;281;;M;0.0;0.0;380
4221;201500004697;15;9;10;1115;1;2;1;1;7;474;18 AVENUE DE ROMANS;M;4520111.0;566832.0;380
4222;201500004698;15;10;1;800;1;1;1;1;3;281;;M;4524953.0;563176.0;380
4223;201500004699;15;10;4;300;3;1;6;2;7;281;;M;4523091.0;564729.0;380
4224;201500004700;15;11;1;1645;1;1;1;1;6;153;;M;0.0;0.0;380
4225;201500004701;15;11;20;1700;5;2;2;2;6;474;Avenue de Valence;M;4520871.0;566246.0;380
4226;201500004702;15;1;10;1200;1;1;1;1;3;511;;M;0.0;0.0;380
4227;201500004703;15;6;5;430;3;1;1;1;6;2;les Chênes;M;4527032.0;595194.0;380
4228;201500004704;15;12;12;1445;1;1;9;1;2;511;;M;0.0;0.0;380
4229;201500004705;15;4;18;1045;1;1;1;1;1;436;;M;0.0;0.0;380
4230;201500004707;15;5;15;1445;1;1;1;3;1;545;;M;0.0;0.0;380
4231;201500004708;15;7;27;1630;1;2;1;1;4;545;boulevard faidherbe;M;4506393.0;566986.0;380
4232;201500004709;15;8;3;1745;1;1;1;1;4;545;;M;0.0;0.0;380
4233;201500004710;15;8;9;1530;1;2;1;8;7;524;route des clapiers;M;0.0;0.0;380
4234;201500004711;15;8;21;1345;1;1;1;1;3;187;rte du gerbier;M;4501137.0;561828.0;380
4235;201500004712;15;8;22;1945;1;2;1;1;3;545;3 rue du repos;M;0.0;0.0;380
4236;201500004713;15;11;9;830;1;2;1;1;3;524;rue industrie;M;0.0;0.0;380
4237;201500004714;15;3;16;115;5;2;1;8;6;548;Lieu dit les geymonds;M;0.0;0.0;380
4238;201500004716;15;6;7;315;3;1;1;1;6;225;;M;0.0;0.0;380
4239;201500004717;15;7;12;1400;1;1;1;1;1;548;;M;0.0;0.0;380
4240;201500004718;15;8;6;1130;1;1;1;1;1;548;;M;4507325.0;554036.0;380
4241;201500004719;15;10;25;645;3;1;1;1;7;548;;M;0.0;0.0;380
4242;201500004720;15;3;3;1600;1;2;6;2;3;738;GRANDE ARMEE;M;4966137.0;328803.0;20
4243;201500004721;15;3;27;1655;1;1;1;1;3;212;AULNES(RUE DES);M;4963932.0;327309.0;20
4244;201500004722;15;4;7;1540;1;2;1;1;7;304;rue MARECHAL JUIN;M;4966376.0;336638.0;20
4245;201500004723;15;5;2;2235;5;2;1;2;6;738;22, LOUIS ARAGON;M;4967596.0;329774.0;20
4246;201500004724;15;4;11;1925;1;2;1;1;6;738;133, GUSTAVE GREGOIRE (B;M;4965628.0;330119.0;20
4247;201500004725;15;5;30;1540;1;2;1;1;6;738;47, 4 FILS PAUL DOUMER;M;4965599.0;329131.0;20
4248;201500004726;15;4;22;1317;1;2;1;1;6;738;193, GAMBETTA (BOULEVARD;M;4965132.0;328298.0;20
4249;201500004727;15;6;13;1710;1;1;1;1;5;165;D 1044;;;;20
4250;201500004728;15;6;25;1630;1;2;2;1;2;738;24, RAYMOND POINCARE;M;4965554.0;331451.0;20
4251;201500004729;15;6;17;710;1;2;2;7;6;738;01, RACINE;M;4965321.0;328965.0;20
4252;201500004731;15;9;10;810;1;1;1;1;4;738;;M;0.0;0.0;20
4253;201500004732;15;9;28;1620;1;1;1;1;6;165;;;;;20
4254;201500004733;15;10;24;1500;1;1;2;1;3;59;;;;;20
4255;201500004734;15;12;4;1025;1;2;1;8;7;304;;M;4966131.0;337261.0;20
4256;201500004735;15;12;18;1145;1;2;1;1;6;59;2 allee des roses;M;4965930.0;333194.0;20
4257;201500004737;15;2;19;1600;1;2;1;1;6;565;122 Av Andre Malraux;M;4528610.0;564130.0;380
4258;201500004738;15;2;27;1715;5;2;2;2;1;170;rd1075;M;4524852.0;566637.0;380
4259;201500004740;15;4;24;1915;1;2;6;1;3;565;Avenue Juin 1940;M;0.0;0.0;380
4260;201500004741;15;5;24;1800;1;1;1;1;1;61;;M;0.0;0.0;380
4261;201500004742;15;6;2;1745;1;1;1;1;2;61;;M;4532723.0;561048.0;380
4262;201500004743;15;7;7;1700;1;1;1;1;4;565;rte de l'isere;M;4528662.0;562402.0;380
4263;201500004744;15;11;20;1000;1;1;1;2;7;565;berge de l'Isere;M;4528808.0;561893.0;380
4264;201500004745;15;12;13;1630;1;1;1;1;7;312;;M;4533422.0;565916.0;380
4265;201500004746;15;12;20;1900;1;1;1;1;6;312;;M;4533619.0;565956.0;380
4266;201500004747;15;5;14;100;3;1;1;1;6;518;;M;0.0;0.0;380
4267;201500004748;15;8;14;1000;1;2;4;1;2;269;Rue du Docteur TAGNARD;M;4491396.0;579969.0;380
4268;201500004749;15;10;27;1330;1;2;1;1;3;304;la festinière;M;0.0;0.0;380
4269;201500004750;15;2;18;945;1;1;1;5;1;186;;M;4490597.0;557011.0;380
4270;201500004751;15;5;1;500;3;1;2;3;6;321;;M;4476600.0;566000.0;380
4271;201500004752;15;6;13;1730;1;2;1;1;3;242;01 grandrue;M;0.0;0.0;380
4272;201500004753;15;6;18;1400;1;1;1;1;3;103;;M;4476145.0;560122.0;380
4273;201500004754;15;8;2;1400;1;1;1;1;6;419;;M;4484947.0;562008.0;380
4274;201500004755;15;1;7;1930;3;1;9;1;1;277;;M;0.0;0.0;380
4275;201500004756;15;3;6;1930;3;1;1;1;1;68;;M;4509135.0;572435.0;380