;Num_Acc;an;mois;jour;hrmn;lum;agg;int;atm;col;com;adr;gps;lat;long;dep
4276;201500004757;15;4;30;1930;1;1;1;1;3;388;;M;0.0;0.0;380
4277;201500004758;15;5;31;1;5;2;1;1;1;562;RD 1091;M;4505629.0;577267.0;380
4278;201500004761;15;8;1;1645;1;1;1;1;1;203;;M;0.0;0.0;380
4279;201500004762;15;9;20;2200;1;1;1;1;6;562;;M;4504989.0;578458.0;380
4280;201500004763;15;12;10;1145;1;2;3;1;3;200;Passage à niveau;M;4508376.0;574279.0;380
4281;201500004764;15;5;24;1515;1;2;1;1;1;394;Int D21 - ch des Pensées;M;0.0;0.0;380
4282;201500004765;15;5;30;115;5;2;3;1;3;410;CROISEMENT RD1092  RD325;M;0.0;0.0;380
4283;201500004766;15;10;12;1600;1;1;1;3;1;454;;M;0.0;0.0;380
4284;201500004767;15;11;11;700;2;1;1;1;1;95;;M;4513709.0;527183.0;380
4285;201500004768;15;12;28;545;3;1;1;9;1;443;;M;0.0;0.0;380
4286;201500004769;15;3;3;1500;1;1;1;1;3;58;;M;0.0;0.0;380
4287;201500004771;15;3;24;1500;1;1;1;1;6;457;;M;0.0;0.0;380
4288;201500004772;15;4;14;730;1;1;2;1;3;171;;M;0.0;0.0;380
4289;201500004773;15;6;5;1;3;1;1;1;7;490;;M;0.0;0.0;380
4290;201500004774;15;6;19;1645;1;2;1;1;1;457;396 rue du lombard;M;4533263.0;526382.0;380
4291;201500004776;15;1;13;1400;1;1;1;7;1;74;;M;0.0;0.0;380
4292;201500004777;15;5;11;1630;1;1;2;1;3;559;;M;0.0;0.0;380
4293;201500004778;15;5;12;730;1;2;1;1;6;517;15 route de grenoble;M;4530921.0;549652.0;380
4294;201500004780;15;5;29;1845;1;1;1;1;6;523;;M;0.0;0.0;380
4295;201500004781;15;5;31;1700;1;2;1;1;3;559;RD 1092;M;0.0;0.0;380
4296;201500004782;15;6;16;1415;1;1;1;2;3;500;;M;0.0;0.0;380
4297;201500004783;15;7;5;1615;1;1;1;1;6;450;;M;4524834.0;551530.0;380
4298;201500004784;15;7;14;1815;1;1;1;1;4;338;;M;4521677.0;549080.0;380
4299;201500004785;15;7;24;815;1;1;1;1;1;117;;M;0.0;0.0;380
4300;201500004786;15;8;14;1600;1;1;3;1;1;559;inter av de la gare;M;4520845.0;541320.0;380
4301;201500004787;15;10;14;1430;1;2;3;1;7;559;rue Auguste Favot;M;4521004.0;540181.0;380
4302;201500004788;15;10;25;2215;3;1;1;1;6;450;;M;4529031.0;557166.0;380
4303;201500004789;15;10;27;45;3;1;1;1;7;310;;M;0.0;0.0;380
4304;201500004790;15;11;8;1715;1;2;1;1;3;390;rue de la minoiterie;M;0.0;0.0;380
4305;201500004791;15;1;19;2045;3;1;1;3;1;348;;M;0.0;0.0;380
4306;201500004792;15;3;7;1430;1;1;1;1;1;498;;M;0.0;0.0;380
4307;201500004794;15;7;16;1915;1;1;1;1;1;374;;M;0.0;0.0;380
4308;201500004795;15;8;28;1430;1;1;1;1;7;348;;M;0.0;0.0;380
4309;201500004796;15;8;30;1700;1;1;1;1;1;348;;M;0.0;0.0;380
4310;201500004798;15;11;29;430;5;2;1;2;6;276;rd1085;M;0.0;0.0;380
4311;201500004799;15;12;13;500;5;2;1;1;6;24;393 rd 1085;M;0.0;0.0;380
4312;201500004800;15;4;19;1400;1;2;1;2;6;488;Route des bourgs;M;4573303.0;531525.0;380
4313;201500004801;15;9;18;1530;1;2;1;1;6;138;COURS BARON DE RAVERAT;M;0.0;0.0;380
4314;201500004802;15;10;27;1830;5;2;6;2;3;138;D517 route de lyon;M;0.0;0.0;380
4315;201500004803;15;11;14;300;3;2;1;1;6;138;route d'Annoisin;M;4573200.0;526700.0;380
4316;201500004804;15;12;9;1615;1;2;9;7;6;138;Chemin de l'ancienne Gar;M;4572600.0;523800.0;380
4317;201500004805;15;1;15;1715;2;2;1;1;3;118;1598 Route du Tram;M;0.0;0.0;380
4318;201500004806;15;2;11;945;1;1;1;1;1;46;;M;0.0;0.0;380
4319;201500004807;15;4;14;1600;1;2;1;1;5;305;;M;0.0;0.0;380
4320;201500004808;15;5;14;2245;3;2;1;3;7;520;;M;0.0;0.0;380
4321;201500004809;15;6;12;1630;1;1;1;2;5;13;le Rivier;M;4538404.0;549741.0;380
4322;201500004810;15;6;28;1845;1;1;1;1;3;434;;M;0.0;0.0;380
4323;201500004811;15;7;11;1845;1;1;1;1;1;257;;M;0.0;0.0;380
4324;201500004812;15;7;12;1845;1;1;1;1;1;65;;M;0.0;0.0;380
4325;201500004813;15;7;26;2215;3;1;1;1;6;44;;M;0.0;0.0;380
4326;201500004814;15;10;26;1715;1;2;1;1;7;82;Route de Vers Ars;M;4543895.0;551488.0;380
4327;201500004815;15;12;24;1345;1;1;1;1;6;13;Bonpertuis;M;4539649.0;553206.0;380
4328;201500004816;15;4;9;1815;1;1;1;1;1;320;;M;0.0;0.0;380
4329;201500004817;15;5;10;1815;1;1;4;1;5;54;inter D1075/D52H;M;4579490.0;540302.0;380
4330;201500004818;15;6;5;645;1;1;2;1;3;83;;M;0.0;0.0;380
4331;201500004819;15;6;25;1445;1;1;1;1;3;320;;M;0.0;0.0;380
4332;201500004820;15;7;12;1345;1;1;1;1;1;26;;M;4584014.0;532863.0;380
4333;201500004822;15;12;22;1830;3;1;1;1;3;295;;M;0.0;0.0;380
4334;201500004823;15;1;24;1730;2;1;1;4;1;1;;M;0.0;0.0;380
4335;201500004825;15;4;11;1530;1;1;1;1;7;228;;M;0.0;0.0;380
4336;201500004826;15;4;11;1630;1;1;1;1;3;292;;M;0.0;0.0;380
4337;201500004827;15;7;12;1415;1;1;1;1;6;104;;M;4558086.0;556958.0;380
4338;201500004828;15;7;23;800;1;1;1;1;3;343;;M;0.0;0.0;380
4339;201500004829;15;7;23;1815;1;1;1;7;3;315;;M;0.0;0.0;380
4340;201500004830;15;8;17;2130;5;2;1;1;2;343;rte de pt de beauvoisin;M;0.0;0.0;380
4341;201500004831;15;10;27;1930;3;1;1;1;5;386;;M;0.0;0.0;380
4342;201500004832;15;12;18;1045;1;2;1;7;6;1;20, rue Jean Jaures;M;0.0;0.0;380
4343;201500004833;15;12;28;1100;1;2;9;1;6;1;rue Gambetta;M;0.0;0.0;380
4344;201500004834;15;12;23;1515;1;1;1;1;3;315;;M;0.0;0.0;380
4345;201500004835;15;4;20;1830;1;2;3;1;1;509;RTE LAITIERE/RTE TAILLIS;M;0.0;0.0;380
4346;201500004836;15;5;16;2045;1;1;1;1;6;509;;M;0.0;0.0;380
4347;201500004837;15;6;6;645;2;1;1;1;4;76;;M;0.0;0.0;380
4348;201500004838;15;7;23;1900;1;1;1;1;3;76;;M;0.0;0.0;380
4349;201500004839;15;7;30;1500;1;1;1;1;7;76;;M;0.0;0.0;380
4350;201500004840;15;10;31;945;5;2;1;1;6;64;13 route de lyon;M;0.0;0.0;380
4351;201500004841;15;11;21;1130;1;2;1;2;1;64;rue de la gare;M;4556223.0;537727.0;380
4352;201500004842;15;3;18;745;1;1;1;1;2;201;la maisonneuve;M;4733684.0;-153474.0;440
4353;201500004844;15;7;18;1115;1;1;1;1;6;35;;M;4729300.0;-157053.0;440
4354;201500004845;15;7;19;230;3;1;1;1;6;209;la bernadais;M;4731329.0;-164596.0;440
4355;201500004846;15;8;1;1915;1;1;1;1;3;66;;M;4735180.0;-160588.0;440
4356;201500004848;15;9;23;900;1;1;1;1;1;209;;M;4733612.0;-167498.0;440
4357;201500004849;15;10;31;1700;1;2;6;1;3;35;PLACE DE LA PAIX EN ALGE;M;4730060.0;-155242.0;440
4358;201500004850;15;11;8;1030;1;1;3;1;3;209;la ménardais;M;4730753.0;-161838.0;440
4359;201500004851;15;10;6;1100;1;1;1;2;1;336;;M;0.0;0.0;380
4360;201500004852;15;1;17;500;3;1;1;1;7;336;;M;0.0;0.0;380
4361;201500004853;15;1;20;1800;3;1;2;2;3;238;inter D38;M;4550105.0;501126.0;380
4362;201500004855;15;10;7;915;1;1;1;1;1;110;;M;4555815.0;486898.0;380
4363;201500004856;15;2;12;1915;5;2;1;1;3;336;773 RN7 Vaugris;M;4549009.0;482970.0;380
4364;201500004858;15;4;7;2300;3;1;1;1;6;484;;M;0.0;0.0;380
4365;201500004859;15;4;15;615;2;2;1;1;6;336;route nationale 7;M;0.0;0.0;380
4366;201500004860;15;7;5;900;1;1;9;1;1;157;;M;4548901.0;494942.0;380
4367;201500004861;15;10;11;1145;1;1;1;1;7;160;pré-civas;M;4549001.0;498491.0;380
4368;201500004862;15;7;29;1530;1;2;1;1;3;336;ZI DU SALUAN;M;0.0;0.0;380
4369;201500004863;15;2;14;2200;3;1;1;2;6;69;;M;4543975.0;529540.0;380
4370;201500004864;15;2;20;1515;1;1;2;1;3;69;inter ch du contour;M;4543678.0;529602.0;380
4371;201500004865;15;5;22;745;1;1;1;1;1;34;;M;0.0;0.0;380
4372;201500004866;15;6;18;430;3;1;1;1;6;244;2850 rte du pilat;M;4543834.0;496043.0;380
4373;201500004867;15;6;26;115;3;1;1;1;7;473;;M;0.0;0.0;380
4374;201500004868;15;7;19;1830;1;1;3;1;7;324;inter ch des chenes;M;4540015.0;506428.0;380
4375;201500004870;15;8;16;1900;1;1;1;1;3;180;;M;0.0;0.0;380
4376;201500004871;15;9;19;730;1;1;2;7;5;69;;M;0.0;0.0;380
4377;201500004872;15;10;1;700;2;2;2;1;5;130;av de verdun/de martel;M;4539504.0;526853.0;380
4378;201500004873;15;10;24;1730;5;2;1;1;6;69;route des alpes;M;0.0;0.0;380
4379;201500004874;15;10;29;830;1;2;3;1;1;130;D71 / ch voie ferree;M;4535164.0;526499.0;380
4380;201500004875;15;11;26;1745;3;1;2;1;3;198;;M;0.0;0.0;380
4381;201500004876;15;11;30;1915;3;1;1;1;1;69;;M;0.0;0.0;380
4382;201500004877;15;1;2;1145;1;1;1;1;5;144;;M;0.0;0.0;380
4383;201500004878;15;1;25;400;3;1;2;1;6;152;X rte des combes;M;4549032.0;529560.0;380
4384;201500004879;15;2;2;630;3;1;1;8;1;399;rte du pilat;M;4550890.0;517384.0;380
4385;201500004880;15;2;28;1230;1;2;1;1;1;189;AVENUE DU GAL LECLERC;M;0.0;0.0;380
4386;201500004881;15;3;17;1630;1;1;1;1;3;389;;M;0.0;0.0;380
4387;201500004882;15;4;7;845;1;1;2;7;3;389;;M;4556139.0;509577.0;380
4388;201500004883;15;4;15;830;1;1;1;1;1;184;;M;0.0;0.0;380
4389;201500004884;15;5;6;2230;3;1;1;1;2;480;;M;0.0;0.0;380
4390;201500004885;15;6;20;1945;1;2;1;1;2;399;ROUTE DE LYON;M;0.0;0.0;380
4391;201500004887;15;6;29;15;3;1;2;1;3;476;;M;4549712.0;506785.0;380
4392;201500004888;15;7;9;1900;1;1;1;1;6;389;;M;0.0;0.0;380
4393;201500004889;15;7;16;1530;1;1;1;1;1;389;;M;0.0;0.0;380
4394;201500004890;15;9;7;1730;1;2;1;1;2;346;route de lyon;M;0.0;0.0;380
4395;201500004891;15;9;19;2045;3;1;1;1;6;81;;M;0.0;0.0;380
4396;201500004893;15;11;1;2000;5;2;1;1;1;189;777 AV DU 19 Mars 1962;M;4563506.0;504991.0;380
4397;201500004894;15;1;1;530;3;1;1;1;1;197;;M;0.0;0.0;380
4398;201500004895;15;3;1;1900;5;2;1;2;1;97;67 route de la poste;M;0.0;0.0;380
4399;201500004896;15;4;4;1345;1;2;1;2;3;507;D 24 ROUTE DE LYON;M;0.0;0.0;380
4400;201500004897;15;4;4;1900;2;1;1;2;1;197;;M;0.0;0.0;380
4401;201500004898;15;4;13;1100;1;2;1;1;3;316;rue de la république;M;0.0;0.0;380
4402;201500004899;15;4;15;1115;1;2;3;1;1;316;r allobroges/r provinces;M;4574091.0;515974.0;380
4403;201500004900;15;5;20;1915;1;2;1;1;1;316;89 rue aimé pinel;M;4575889.0;517856.0;380
4404;201500004901;15;6;20;2130;2;2;1;1;1;85;rue de la plaine;M;0.0;0.0;380
4405;201500004902;15;9;12;2230;5;2;1;2;1;85;route de vienne;M;0.0;0.0;380
4406;201500004903;15;12;6;215;3;1;1;1;7;197;;M;0.0;0.0;380
4407;201500004904;15;12;20;200;3;1;1;1;6;507;ch du pieuré;M;4572972.0;516248.0;380
4408;201500004905;15;1;8;2130;5;1;2;1;3;72;inter rue du marche;M;4531476.0;482486.0;380
4409;201500004906;15;3;3;1300;1;1;1;1;3;72;;M;0.0;0.0;380
4410;201500004907;15;3;22;1815;1;1;1;1;1;452;;M;0.0;0.0;380
4411;201500004908;15;3;26;1345;1;1;3;1;3;425;N7/r LOUISE MICHEL;M;4539304.0;480589.0;380
4412;201500004909;15;4;10;1545;1;1;1;1;1;344;;M;0.0;0.0;380
4413;201500004910;15;4;11;2245;5;2;1;1;5;72;RN7 Route de Marseille;M;0.0;0.0;380
4414;201500004911;15;4;13;1745;1;2;1;1;3;468;rue des Fontanes;M;0.0;0.0;380
4415;201500004913;15;4;25;1845;1;1;1;8;3;51;;M;0.0;0.0;380
4416;201500004914;15;5;10;915;1;2;1;1;3;344;avenue gabriel peri;M;0.0;0.0;380
4417;201500004915;15;5;19;1730;1;2;1;1;6;298;;M;0.0;0.0;380
4418;201500004916;15;5;27;2215;3;1;1;1;6;9;;M;0.0;0.0;380
4419;201500004917;15;7;25;1700;1;1;1;1;3;349;;M;0.0;0.0;380
4420;201500004918;15;8;10;1545;1;1;1;1;6;3;;M;4534994.0;484621.0;380
4421;201500004919;15;9;9;1245;1;2;1;1;6;349;60, Route des Alpes;M;0.0;0.0;380
4422;201500004920;15;10;6;245;3;1;1;2;6;3;;M;4532699.0;487357.0;380
4423;201500004921;15;10;17;1945;2;2;2;1;3;298;rue des iles/limousin;M;4536836.0;479328.0;380
4424;201500004922;15;11;28;1900;4;2;2;8;6;344;avenue Jacques Prévert;M;4536890.0;479979.0;380
4425;201500004923;15;12;8;1730;3;1;1;1;6;9;;M;0.0;0.0;380
4426;201500004924;15;12;18;1400;1;1;1;1;3;468;;M;0.0;0.0;380
4427;201500004925;15;2;9;2230;3;1;1;9;6;231;;M;4552271.0;521359.0;380
4428;201500004926;15;3;16;1430;1;1;1;1;7;136;;M;0.0;0.0;380
4429;201500004927;15;3;3;715;2;1;1;2;3;537;;M;0.0;0.0;380
4430;201500004929;15;7;22;2115;2;1;1;2;5;449;;M;4565640.0;511055.0;380
4431;201500004930;15;8;20;1045;1;1;1;1;2;537;;M;0.0;0.0;380
4432;201500004931;15;8;25;1800;1;1;1;1;6;537;;M;0.0;0.0;380
4433;201500004933;15;10;31;1200;1;2;1;1;6;449;Place de la paix;M;0.0;0.0;380
4434;201500004934;15;12;20;2030;3;1;2;1;3;449;;M;4562563.0;509014.0;380
4435;201500004936;15;10;13;1045;1;2;1;9;7;299;;M;4561376.0;407718.0;420
4436;201500004937;15;10;31;1815;3;1;1;1;1;140;;M;4545522.0;406494.0;420
4437;201500004938;15;12;15;1000;1;1;1;8;5;313;;M;4573068.0;401374.0;420
4438;201500004939;15;1;14;800;1;1;1;1;1;23;;M;4529837.0;454091.0;420
4439;201500004940;15;1;13;1715;1;1;1;8;1;172;;M;4539332.0;442164.0;420
4440;201500004941;15;2;21;1230;1;1;1;4;1;172;;M;4536627.0;445348.0;420
4441;201500004942;15;4;12;1000;1;2;7;1;6;23;PLACE DE LA BASCULE;M;4529611.0;455941.0;420
4442;201500004943;15;4;12;1745;1;1;1;7;7;246;;M;4529248.0;462205.0;420
4443;201500004944;15;5;9;1045;1;1;1;8;7;23;;M;4530296.0;454077.0;420
4444;201500004945;15;6;6;1745;1;1;1;1;7;310;;M;4534202.0;455363.0;420
4445;201500004946;15;6;16;2100;2;1;1;1;6;115;;M;4531721.0;435168.0;420
4446;201500004947;15;6;25;1645;1;1;1;1;2;224;;M;4533965.0;437950.0;420
4447;201500004948;15;6;26;1315;1;1;1;1;6;224;;M;4533506.0;442364.0;420
4448;201500004949;15;6;28;1530;1;1;1;1;7;224;;M;4536915.0;442216.0;420
4449;201500004950;15;7;4;1115;1;1;1;7;1;139;;M;4530690.0;442643.0;420
4450;201500004952;15;7;24;900;1;1;1;9;1;224;;M;4534530.0;448302.0;420
4451;201500004953;15;8;3;1530;1;1;2;1;1;329;;M;4532039.0;449883.0;420
4452;201500004954;15;8;16;1400;1;1;2;1;3;280;;M;4527745.0;444112.0;420
4453;201500004955;15;9;5;1615;1;1;1;1;1;287;;M;4526268.0;447867.0;420
4454;201500004956;15;9;18;900;1;1;1;1;7;329;;M;4531845.0;450847.0;420
4455;201500004957;15;9;18;1200;1;1;1;1;3;329;;M;4532149.0;449449.0;420
4456;201500004958;15;9;24;2115;3;1;1;1;1;172;;M;4539216.0;442874.0;420
4457;201500004959;15;10;10;1745;1;1;1;1;6;224;;M;4536770.0;443670.0;420
4458;201500004960;15;10;31;1845;5;1;1;1;1;23;;M;4529669.0;456093.0;420
4459;201500004961;15;5;31;1115;1;2;6;1;3;302;rd106;M;4548862.0;445006.0;420
4460;201500004962;15;6;6;1030;1;1;6;1;7;97;;M;4552265.0;429376.0;420
4461;201500004963;15;6;14;830;1;2;1;1;6;92;rue de verdun;M;4548582.0;437945.0;420
4462;201500004964;15;7;11;2300;3;2;1;1;6;208;la boucharotte;M;4553655.0;447485.0;420
4463;201500004965;15;8;7;815;1;1;1;7;2;208;;M;4552604.0;446250.0;420
4464;201500004966;15;11;6;1645;1;1;1;1;1;208;;M;4552569.0;446114.0;420
4465;201500004967;15;11;6;1845;3;1;1;1;1;97;;M;4549358.0;432190.0;420
4466;201500004968;15;1;21;1645;1;1;1;2;6;179;;M;4567046.0;404190.0;420
4467;201500004969;15;2;12;1530;1;1;6;1;3;299;;M;4560128.0;409302.0;420
4468;201500004970;15;4;7;1245;1;2;6;1;1;147;rond point beauregard;M;4560906.0;405506.0;420
4469;201500004971;15;4;15;1545;1;2;9;1;6;147;3 avenue de St ETIENNE;M;4560077.0;407129.0;420
4470;201500004972;15;4;23;1830;1;1;1;7;6;285;;M;4555405.0;413773.0;420
4471;201500004973;15;4;24;1345;1;2;1;1;3;147;AVENUE PAUL CEZANNE;M;4561192.0;405550.0;420
4472;201500004974;15;5;21;145;4;1;1;1;7;151;;M;4565676.0;413356.0;420
4473;201500004975;15;6;5;930;1;2;1;1;6;147;14 boulevard duguet;M;4560982.0;406812.0;420
4474;201500004976;15;6;29;1415;1;2;1;1;2;147;57 rue de la République;M;4560625.0;407472.0;420
4475;201500004977;15;7;24;1115;1;2;1;1;2;147;53 rue de la république;M;4560624.0;407463.0;420
4476;201500004978;15;9;12;945;1;1;1;1;1;87;;M;4559993.0;404790.0;420
4477;201500004979;15;9;30;1100;1;1;1;1;6;37;;M;4568713.0;407083.0;420
4478;201500004980;15;11;7;230;3;1;1;1;1;46;;M;4562818.0;406152.0;420
4479;201500004981;15;11;24;845;1;1;1;1;2;285;;M;4557924.0;411095.0;420
4480;201500004982;15;1;11;600;3;2;1;2;7;324;D54 Rte Montagne du soir;M;4556126.0;426479.0;420
4481;201500004983;15;1;23;1545;1;2;1;2;6;22;Rue des Essarts;M;4552364.0;421787.0;420
4482;201500004984;15;2;8;830;1;1;1;1;6;324;;M;4555835.0;423960.0;420
4483;201500004985;15;3;28;1800;1;1;1;1;3;304;;M;4553171.0;419889.0;420
4484;201500004986;15;4;4;1500;1;1;2;1;3;304;;M;4553592.0;415013.0;420
4485;201500004987;15;4;18;1900;1;2;2;1;3;5;;M;4552988.0;425147.0;420
4486;201500004989;15;7;1;1615;1;2;1;1;3;304;rue du Verneuil;M;4553471.0;419047.0;420
4487;201500004990;15;7;7;800;1;2;1;1;3;5;avenue Hélène BOUCHER;M;4554056.0;428550.0;420
4488;201500004991;15;7;20;1915;1;2;1;1;6;5;avenue de saint etienne;M;4552567.0;427262.0;420
4489;201500004993;15;9;9;1830;1;1;1;7;1;324;;M;4555919.0;424298.0;420
4490;201500004994;15;9;10;630;2;1;1;1;2;304;;M;4554900.0;420690.0;420
4491;201500004995;15;9;21;1315;1;2;1;1;1;5;avenue jean mermoz;M;4553424.0;428805.0;420
4492;201500004997;15;12;6;645;2;1;1;1;1;5;;M;0.0;0.0;420
4493;201500004999;15;1;6;1115;1;2;1;1;6;19;Rue de Lyon;M;4574468.0;400499.0;420
4494;201500005000;15;1;8;700;2;1;1;1;3;291;;M;4582320.0;386790.0;420
4495;201500005001;15;3;1;1900;3;1;1;2;7;247;;M;4574680.0;384706.0;420
4496;201500005002;15;3;28;1530;1;2;1;1;6;221;Le Bourg;M;4576807.0;412936.0;420
4497;201500005003;15;4;18;2045;2;1;1;1;6;159;;M;4582500.0;377137.0;420
4498;201500005004;15;4;24;1600;1;1;1;1;1;150;;M;4571795.0;407374.0;420
4499;201500005005;15;4;25;1845;1;1;1;1;1;119;;M;4575083.0;397746.0;420
4500;201500005006;15;4;25;1915;1;1;1;1;1;227;;M;4570245.0;395623.0;420
4501;201500005007;15;5;16;330;3;1;1;8;1;313;;M;4572725.0;402130.0;420
4502;201500005008;15;5;28;1400;1;1;1;1;3;205;;M;4567574.0;398689.0;420
4503;201500005009;15;6;10;745;1;2;1;1;5;109;Le bourg;M;4577696.0;393068.0;420
4504;201500005011;15;7;3;1945;1;1;1;1;6;195;;M;4574056.0;396669.0;420
4505;201500005012;15;7;9;1445;1;1;1;1;3;313;;M;4573098.0;401302.0;420
4506;201500005013;15;7;13;15;3;1;1;1;6;205;;M;4565852.0;389458.0;420
4507;201500005014;15;9;6;1900;1;1;1;1;3;34;Le Pont d'Ambert;M;4585535.0;372873.0;420
4508;201500005015;15;9;10;745;1;1;1;1;2;313;;M;4573387.0;400858.0;420
4509;201500005016;15;9;10;1715;1;1;1;1;2;136;;M;4571357.0;398081.0;420
4510;201500005017;15;9;14;1400;1;1;2;1;3;288;;M;4577048.0;400451.0;420
4511;201500005018;15;9;20;1430;1;1;1;1;7;9;;M;4576753.0;402853.0;420
4512;201500005019;15;9;27;730;1;1;1;1;6;238;;M;4578084.0;379711.0;420
4513;201500005020;15;10;10;1600;1;1;4;1;1;205;;M;4565818.0;394552.0;420
4514;201500005021;15;10;11;2015;3;1;3;1;3;245;;M;4581350.0;380725.0;420
4515;201500005023;15;11;21;1645;2;1;1;5;1;245;;M;4575662.0;379019.0;420
4516;201500005024;15;12;12;1215;1;1;1;1;6;134;;M;4568262.0;403678.0;420
4517;201500005025;15;12;15;800;2;1;1;8;5;219;lieu dit Villedieu;M;4573796.0;412868.0;420
4518;201500005026;15;2;7;30;3;1;1;1;1;94;;M;4574170.0;420024.0;420
4519;201500005027;15;2;20;315;3;1;1;1;7;319;;M;4569920.0;430106.0;420
4520;201500005028;15;2;20;1630;1;1;1;1;1;251;;M;4568356.0;425892.0;420
4521;201500005029;15;3;25;1145;1;1;1;1;1;319;;M;4571168.0;429220.0;420
4522;201500005031;15;4;26;345;5;2;1;2;6;202;Lieu dit La Poste;M;4572142.0;434387.0;420
4523;201500005032;15;5;2;1145;1;1;1;1;3;261;;M;4575020.0;439897.0;420
4524;201500005033;15;5;6;800;1;1;1;1;5;88;;M;4579776.0;420822.0;420
4525;201500005034;15;6;19;2030;1;2;1;1;6;94;Rue Victor Hugo;M;4574285.0;422505.0;420
4526;201500005036;15;8;10;1;3;1;1;1;5;94;;M;4573928.0;425767.0;420
4527;201500005037;15;8;30;1115;1;1;1;1;6;296;;M;4573975.0;429256.0;420
4528;201500005038;15;10;3;2045;3;1;1;2;7;296;;M;4573499.0;427617.0;420
4529;201500005039;15;10;11;1915;5;2;3;1;3;175;Rue Poliacus;M;4579833.0;423179.0;420
4530;201500005040;15;10;16;1215;1;2;1;1;6;94;Place Carnot;M;4574353.0;422275.0;420
4531;201500005041;15;10;27;900;1;2;1;1;6;94;rue gambetta (rd107);M;4574392.0;422595.0;420
4532;201500005042;15;12;7;745;1;1;2;1;3;66;;M;0.0;0.0;420
4533;201500005044;15;6;24;1630;1;1;1;1;7;192;;M;4537717.0;408857.0;420
4534;201500005045;15;8;19;1415;1;1;1;1;6;6;;M;4538321.0;399767.0;420
4535;201500005046;15;8;20;2015;1;2;1;1;6;204;Boulevard de l'industrie;M;4542689.0;406637.0;420
4536;201500005047;15;9;30;1830;1;1;1;1;6;228;;M;4555153.0;409391.0;420
4537;201500005048;15;10;4;1215;1;1;2;1;3;318;;M;4538740.0;389980.0;420
4538;201500005049;15;10;23;830;1;1;1;2;7;6;;M;4538442.0;400014.0;420
4539;201500005050;15;10;24;1700;1;2;1;1;6;204;boulevard du haut forez;M;4542197.0;406334.0;420
4540;201500005051;15;10;25;1645;1;1;1;8;7;318;;M;4541098.0;397124.0;420
4541;201500005052;15;2;14;1900;3;2;1;1;1;62;route de saint galmier;M;0.0;0.0;420
4542;201500005053;15;3;17;1500;1;2;1;1;3;323;avenue irénée Laurent;M;4557330.0;430151.0;420
4543;201500005054;15;5;20;845;1;1;1;1;3;135;;M;4565955.0;423033.0;420
4544;201500005055;15;6;2;1815;1;2;1;1;3;222;Rue Anoine Ravel;M;4559141.0;431452.0;420
4545;201500005057;15;7;29;1815;1;1;1;2;3;108;;M;4559467.0;418541.0;420
4546;201500005058;15;8;21;1600;1;1;1;1;7;336;;M;4568077.0;433600.0;420
4547;201500005059;15;8;25;2130;5;2;1;1;5;222;43 route de bellegarde;M;4560698.0;431271.0;420
4548;201500005060;15;8;25;1745;1;1;6;7;3;20;;M;4563798.0;420608.0;420
4549;201500005061;15;8;28;1615;1;2;1;1;3;222;route de cuzieu;M;4559754.0;429571.0;420
4550;201500005062;15;9;1;1330;1;2;1;2;6;149;150 Avenue du Pont;M;4564386.0;422937.0;420
4551;201500005063;15;9;13;1400;1;2;1;1;3;149;269 rue du geyser;M;4564188.0;423686.0;420
4552;201500005064;15;9;24;900;1;2;1;1;3;13;Avenue des Farges;M;4564664.0;429541.0;420
4553;201500005065;15;11;4;1930;3;1;1;1;6;264;;M;4559048.0;435121.0;420
4554;201500005066;15;11;24;1030;1;2;1;1;6;149;4 Avenue des Sources;M;4564409.0;423139.0;420
4555;201500005067;15;12;9;1800;2;2;1;1;7;149;route de saint etienne;M;0.0;0.0;420
4556;201500005069;15;3;8;1030;1;1;1;1;6;132;;M;4538173.0;472884.0;420
4557;201500005071;15;4;16;2215;5;1;1;2;1;132;;M;4538902.0;474486.0;420
4558;201500005072;15;4;23;900;1;2;9;1;3;129;Rd 503 Lieu dit Les Barg;M;4535948.0;467982.0;420
4559;201500005073;15;4;28;1400;1;2;1;7;1;56;lieu dit les prairies;M;4541464.0;473608.0;420
4560;201500005075;15;5;11;1515;1;1;1;1;3;56;;M;4541808.0;470845.0;420
4561;201500005076;15;7;6;1630;1;2;1;1;1;265;985 rue des granges;M;4543966.0;473466.0;420
4562;201500005077;15;7;24;1800;1;1;1;1;1;56;;M;4541216.0;473740.0;420
4563;201500005078;15;8;30;1630;1;1;1;1;3;168;;M;4544081.0;465913.0;420
4564;201500005080;15;9;29;1100;1;2;1;1;6;168;ALLEE DE LA CHARTREUSE;M;4541786.0;468515.0;420
4565;201500005081;15;11;25;1630;1;2;1;3;3;272;Rd 1086;M;4538501.0;474713.0;420
4566;201500005082;15;12;4;1215;1;1;1;8;2;191;;M;4564400.0;414200.0;420