;Num_Acc;an;mois;jour;hrmn;lum;agg;int;atm;col;com;adr;gps;lat;long;dep
4567;201500005083;15;12;17;30;5;1;1;1;7;132;;M;4500600.0;401199.0;420
4568;201500005084;15;1;9;700;2;1;1;9;6;145;;M;4603513.0;420100.0;420
4569;201500005085;15;1;12;1330;1;1;2;1;3;120;;M;4599226.0;399702.0;420
4570;201500005087;15;3;15;1545;1;1;2;1;3;239;;M;4596249.0;397877.0;420
4571;201500005088;15;4;1;1745;1;1;1;1;7;69;;M;4597198.0;404187.0;420
4572;201500005089;15;4;8;800;1;2;1;7;6;332;rue bombée;M;4599118.0;403653.0;420
4573;201500005090;15;6;5;1900;1;1;1;1;1;166;;M;4600299.0;410039.0;420
4574;201500005091;15;8;29;930;1;1;1;1;7;162;;M;4601534.0;397737.0;420
4575;201500005092;15;11;27;730;2;1;1;1;1;239;;M;4599011.0;399408.0;420
4576;201500005093;15;12;26;1645;1;1;1;1;6;338;;M;0.0;0.0;420
4577;201500005094;15;1;10;1530;1;2;1;7;6;289;Rue des ?coles;M;4594718.0;420969.0;420
4578;201500005095;15;2;24;1615;1;2;6;1;1;11;rue du four ? chaux;M;4581774.0;419555.0;420
4579;201500005096;15;6;19;1545;1;1;1;1;7;334;;M;4585227.0;432252.0;420
4580;201500005098;15;8;8;2000;2;1;1;2;6;181;;M;4600034.0;423351.0;420
4581;201500005099;15;11;30;815;3;1;1;1;7;277;;M;4592762.0;410739.0;420
4582;201500005100;15;12;4;1330;1;1;1;1;6;98;;M;4557400.0;446400.0;420
4583;201500005101;15;1;6;1800;5;2;1;2;3;26;28 avenue de verdun;M;4614977.0;408413.0;420
4584;201500005102;15;1;8;2130;3;1;1;2;1;112;;M;4611421.0;426312.0;420
4585;201500005103;15;2;14;1800;2;1;1;8;7;16;;M;4614616.0;403913.0;420
4586;201500005104;15;5;12;1830;1;1;1;1;6;141;;M;4614917.0;425029.0;420
4587;201500005105;15;5;22;1715;1;1;2;1;3;300;;M;4611101.0;429056.0;420
4588;201500005106;15;6;9;1045;1;1;3;1;1;267;;M;4615223.0;415620.0;420
4589;201500005107;15;6;15;830;1;1;1;1;6;52;;M;4616673.0;415880.0;420
4590;201500005108;15;7;18;1845;1;1;1;3;6;14;;M;4617803.0;441457.0;420
4591;201500005109;15;8;3;1815;1;2;1;1;6;26;rue de la liberation;M;4614667.0;408211.0;420
4592;201500005110;15;10;23;1945;3;1;1;1;6;215;;M;4619271.0;420598.0;420
4593;201500005111;15;8;30;1645;1;1;1;1;2;173;;M;4582048.0;406884.0;420
4594;201500005112;15;4;22;1230;1;1;1;1;6;230;;M;4582370.0;401710.0;420
4595;201500005113;15;6;27;1115;1;2;1;1;1;76;impasse du pressoir;M;4590672.0;392568.0;420
4596;201500005115;15;5;17;1845;1;1;1;1;6;8;;M;0.0;0.0;730
4597;201500005116;15;7;14;1445;1;1;1;1;1;59;Route de Paris;M;4575036.0;588187.0;730
4598;201500005117;15;7;31;2250;5;1;7;1;6;103;Place de l horloge;M;4566010.0;592090.0;730
4599;201500005119;15;10;16;2345;3;1;1;1;5;10;;M;4576952.0;593938.0;730
4600;201500005120;15;8;6;1415;1;1;3;7;3;30;Rue du Champ de Mars;M;4556313.0;597999.0;730
4601;201500005121;15;10;14;2030;3;1;1;8;6;97;;M;4557453.0;599984.0;730
4602;201500005122;15;5;16;1830;1;1;1;1;7;234;Lieu-dit charmillon;M;4568531.0;605949.0;730
4603;201500005123;15;6;10;1515;1;2;1;1;2;81;;M;4569000.0;613199.0;730
4604;201500005124;15;8;16;215;3;1;1;3;7;4;;M;4561293.0;609321.0;730
4605;201500005125;15;9;24;1715;1;2;1;1;6;5;;M;4567391.0;609800.0;730
4606;201500005126;15;10;13;1815;2;1;1;2;6;5;;M;4563690.0;608293.0;730
4607;201500005127;15;5;25;1830;1;1;1;1;7;42;;M;4572113.0;579679.0;730
4608;201500005128;15;1;14;1730;2;1;3;3;5;270;;M;4555438.0;616219.0;730
4609;201500005130;15;4;25;1000;1;1;3;1;3;171;;M;4550202.0;606796.0;730
4610;201500005131;15;8;23;245;3;1;1;1;6;276;;M;4549350.0;611151.0;730
4611;201500005133;15;12;10;1800;5;2;6;2;6;171;;M;4549693.0;605480.0;730
4612;201500005134;15;12;18;1815;5;1;4;1;5;151;;M;4551140.0;600665.0;730
4613;201500005135;15;1;22;145;5;2;1;1;6;51;CHEMIN DE LA PLAISSE;M;4563930.0;585897.0;730
4614;201500005137;15;3;11;1145;1;2;3;1;6;179;AVENUE DE SAINT EXUPERY;M;4560010.0;587322.0;730
4615;201500005138;15;3;30;1930;4;1;1;3;6;179;;M;4559709.0;587745.0;730
4616;201500005139;15;6;28;1815;1;1;4;1;4;50;;M;4567000.0;585482.0;730
4617;201500005141;15;8;30;1845;1;1;1;1;6;326;;M;4552449.0;585388.0;730
4618;201500005142;15;9;20;1400;1;1;1;1;5;179;;M;4564033.0;586728.0;730
4619;201500005143;15;9;20;1615;1;1;3;1;3;51;;M;4564790.0;586471.0;730
4620;201500005144;15;9;24;1920;2;2;6;1;3;179;Rond point de l erier;M;4559747.0;588479.0;730
4621;201500005145;15;10;19;715;2;1;1;1;1;51;;M;4565115.0;586631.0;730
4622;201500005146;15;12;31;1845;3;1;1;1;1;50;;M;4568070.0;585107.0;730
4623;201500005147;15;1;25;815;2;1;1;1;1;58;;M;4552641.0;573234.0;730
4624;201500005148;15;3;21;1130;1;1;1;2;1;204;;M;4552838.0;569100.0;730
4625;201500005149;15;11;29;1800;5;1;1;2;1;219;;M;4555024.0;577932.0;730
4626;201500005150;15;3;23;1530;1;1;1;1;3;297;;M;4562988.0;632653.0;730
4627;201500005152;15;10;21;1615;1;1;1;1;1;196;;M;4571592.0;640792.0;730
4628;201500005154;15;10;31;1600;1;1;1;1;1;154;;M;4566775.0;633826.0;730
4629;201500005155;15;11;29;945;1;1;1;2;6;129;;M;4559653.0;624229.0;730
4630;201500005156;15;6;6;900;1;1;1;1;3;6;;M;0.0;0.0;730
4631;201500005157;15;9;19;1215;1;2;1;1;7;142;station de Vallandry;M;0.0;0.0;730
4632;201500005158;15;5;31;1730;1;1;1;1;7;34;;M;4569798.0;661799.0;730
4633;201500005159;15;6;14;930;1;1;1;1;7;34;;M;4570830.0;657831.0;730
4634;201500005160;15;6;27;1115;1;1;1;1;1;132;;M;4575588.0;659526.0;730
4635;201500005161;15;12;2;1515;1;1;4;1;3;211;;M;4571747.0;644707.0;730
4636;201500005162;15;1;2;615;3;1;1;1;7;54;Lieu-dit le Berard;M;4559289.0;676842.0;730
4637;201500005163;15;3;1;700;2;1;1;4;1;285;;M;4561820.0;680747.0;730
4638;201500005164;15;3;20;1800;1;2;1;8;6;285;RD1090 - Route du Col d;M;4562099.0;680607.0;730
4639;201500005165;15;6;6;1600;1;1;1;1;7;54;;M;4566830.0;677428.0;730
4640;201500005166;15;6;25;2245;3;1;9;1;7;77;;M;4559245.0;673425.0;730
4641;201500005168;15;12;6;1130;1;1;1;1;6;285;;M;0.0;0.0;730
4642;201500005169;15;12;24;1345;1;2;1;7;6;54;avenue du centenaire;M;4561648.0;676888.0;730
4643;201500005170;15;1;10;2045;5;2;1;1;1;15;d90a route de mussilon;M;4540005.0;656538.0;730
4644;201500005171;15;4;10;1445;1;1;1;1;2;201;;M;4543240.0;669230.0;730
4645;201500005173;15;12;27;1100;1;2;7;7;6;55;65 rue de la Poste;M;4544279.0;664677.0;730
4646;201500005175;15;3;16;215;3;1;1;1;7;321;;M;4546087.0;654570.0;730
4647;201500005176;15;5;17;1430;1;1;1;1;6;187;;M;4555197.0;646922.0;730
4648;201500005177;15;10;17;2000;3;1;1;1;1;181;;M;4548498.0;654253.0;730
4649;201500005178;15;12;1;1630;1;1;1;1;1;321;;M;4546313.0;653769.0;730
4650;201500005180;15;3;24;2115;5;1;1;1;6;116;;M;4521205.0;630679.0;730
4651;201500005181;15;3;25;1830;2;1;1;4;6;242;;M;4519454.0;628395.0;730
4652;201500005184;15;7;19;700;1;1;1;1;7;248;;M;4527105.0;633666.0;730
4653;201500005185;15;8;29;1500;1;1;1;1;1;306;;M;4508378.0;642768.0;730
4654;201500005186;15;11;30;1015;1;1;1;1;2;248;;M;0.0;0.0;730
4655;201500005187;15;4;18;1400;1;1;1;1;1;19;;M;4549210.0;630620.0;730
4656;201500005188;15;7;21;1215;1;2;4;1;3;235;PLACE DE LA MADELEINE;M;4541619.0;636245.0;730
4657;201500005189;15;7;25;1100;1;2;1;1;1;278;route de la lauzière;M;4539557.0;626790.0;730
4658;201500005190;15;4;22;1445;1;1;1;1;1;290;;M;4527356.0;681319.0;730
4659;201500005191;15;7;5;1045;1;1;1;1;5;143;;M;4527634.0;690703.0;730
4660;201500005192;15;12;4;815;1;1;1;4;6;223;;M;4520066.0;659408.0;730
4661;201500005193;15;1;16;2030;5;2;1;2;6;104;139 rte Marceau dessous;M;0.0;0.0;740
4662;201500005195;15;6;2;1915;1;1;4;7;1;104;ROUTE DU PONT MONNET;M;0.0;0.0;740
4663;201500005196;15;6;7;1000;1;1;1;1;4;275;;M;0.0;0.0;740
4664;201500005197;15;6;21;1845;1;1;1;1;3;242;;M;0.0;0.0;740
4665;201500005198;15;6;24;1800;1;1;2;7;2;167;;M;0.0;0.0;740
4666;201500005199;15;6;29;1545;1;1;1;7;1;135;;M;0.0;0.0;740
4667;201500005200;15;7;1;2010;2;1;1;1;2;275;BALMETTE;M;0.0;0.0;740
4668;201500005201;15;7;3;1515;1;1;1;7;5;104;;M;0.0;0.0;740
4669;201500005203;15;8;8;1715;1;1;1;1;1;267;688 ROUTE DE LA PLANCHE;M;0.0;0.0;740
4670;201500005204;15;8;29;1915;1;1;1;1;7;123;;M;0.0;0.0;740
4671;201500005205;15;9;21;2200;5;1;1;1;7;267;ROUTE D'ALBERTVILLE;M;0.0;0.0;740
4672;201500005206;15;10;4;530;2;2;1;8;6;234;786 RUE DU CHAMP CANON;M;0.0;0.0;740
4673;201500005208;15;5;6;1940;2;1;3;1;1;225;RTE VALLIERES/SURCHERE;M;0.0;0.0;740
4674;201500005209;15;5;5;1700;1;2;4;1;1;225;RTE HAUTEVILLE/RUE SAUGE;M;0.0;0.0;740
4675;201500005210;15;6;19;1530;1;1;2;1;3;255;;M;0.0;0.0;740
4676;201500005211;15;7;3;1910;1;1;1;1;6;2;;M;0.0;0.0;740
4677;201500005212;15;7;26;145;4;2;2;1;6;141;;M;0.0;0.0;740
4678;201500005213;15;7;30;700;1;1;1;1;2;233;;M;0.0;0.0;740
4679;201500005214;15;8;21;2115;3;1;1;1;1;225;LIEU DIT BROISE;M;0.0;0.0;740
4680;201500005215;15;9;11;1130;1;1;1;1;1;148;;M;0.0;0.0;740
4681;201500005216;15;9;20;1700;1;2;1;1;1;289;;M;0.0;0.0;740
4682;201500005217;15;10;10;500;3;2;1;1;7;233;;M;0.0;0.0;740
4683;201500005218;15;10;16;2045;3;1;1;1;6;161;ROUTE DE RUMILLY;M;0.0;0.0;740
4684;201500005219;15;11;10;1545;1;1;1;1;6;138;ROUTE DES BAUGES;M;0.0;0.0;740
4685;201500005221;15;11;28;1620;1;1;1;1;6;4;ROUTE DES BAUGES;M;0.0;0.0;740
4686;201500005222;15;12;10;1015;1;2;7;1;6;225;4 PLACE D'ARMES;M;0.0;0.0;740
4687;201500005223;15;1;22;1615;1;1;1;1;1;239;;M;0.0;0.0;740
4688;201500005224;15;2;13;810;1;2;9;1;6;280;1rUE DE SAULNE;M;0.0;0.0;740
4689;201500005225;15;3;18;830;1;1;1;1;1;80;;M;0.0;0.0;740
4690;201500005226;15;3;31;1700;1;2;1;2;6;302;CHEF LIEU;M;0.0;0.0;740
4691;201500005227;15;4;8;120;3;1;1;1;6;280;LIEU DIT LA VACHERIE;M;0.0;0.0;740
4692;201500005228;15;4;11;1215;1;1;1;1;7;302;;M;0.0;0.0;740
4693;201500005229;15;6;20;1045;1;1;4;1;5;36;;M;0.0;0.0;740
4694;201500005230;15;8;6;2015;1;2;4;1;3;80;ROUTE DE PLATTUY;M;0.0;0.0;740
4695;201500005231;15;8;16;1800;1;1;1;1;5;239;;M;0.0;0.0;740
4696;201500005232;15;8;29;2230;3;1;1;1;6;239;;M;0.0;0.0;740
4697;201500005233;15;9;12;615;2;1;1;1;6;3;;M;0.0;0.0;740
4698;201500005234;15;9;21;1730;1;1;1;1;7;302;;M;0.0;0.0;740
4699;201500005235;15;9;25;1410;1;1;1;1;6;102;ROUTE DU FIER;M;0.0;0.0;740
4700;201500005236;15;12;8;1115;1;2;1;7;6;280;RUE MARGUERITE FRICHELET;M;0.0;0.0;740
4701;201500005237;15;12;12;1600;1;2;4;1;1;280;;M;0.0;0.0;740
4702;201500005238;15;12;28;1200;1;2;1;1;3;80;ROUTE DES CONFINS;M;0.0;0.0;740
4703;201500005239;15;2;8;300;5;2;1;1;6;87;307 route d'annemasse;M;0.0;0.0;740
4704;201500005240;15;3;18;945;1;1;1;1;6;250;;M;0.0;0.0;740
4705;201500005242;15;8;28;1800;1;2;1;1;6;42;AVENUE DE GENEVE;M;0.0;0.0;740
4706;201500005243;15;9;1;2315;3;1;1;2;1;87;;M;4613600.0;632900.0;740
4707;201500005244;15;9;5;800;2;1;1;1;1;212;;M;0.0;0.0;740
4708;201500005245;15;9;8;1800;1;1;2;1;3;42;;M;0.0;0.0;740
4709;201500005246;15;10;21;1500;1;2;9;1;3;42;61 RUE DES GREBES HUPPES;M;0.0;0.0;740
4710;201500005247;15;12;1;1715;2;2;3;1;6;42;AVENUE DE PONCHY;M;0.0;0.0;740
4711;201500005248;15;12;12;1545;1;2;6;1;6;42;RUE DU PONT;M;0.0;0.0;740
4712;201500005249;15;4;5;2315;5;2;1;1;6;56;ROUTE DU PLAGNOLET;M;0.0;0.0;740
4713;201500005250;15;4;30;1445;1;2;4;1;1;56;route des gaillants;M;0.0;0.0;740
4714;201500005252;15;9;30;2100;5;2;1;1;6;143;ROUTE DE L'ECOLE;M;0.0;0.0;740
4715;201500005253;15;10;27;1415;1;1;1;1;6;56;ROUTE DES PRAZ;M;0.0;0.0;740
4716;201500005254;15;1;8;2145;3;1;1;9;7;236;;M;0.0;0.0;740
4717;201500005255;15;3;3;1225;1;2;9;1;2;173;1085 EDMOND ROTHSCHILD;M;0.0;0.0;740
4718;201500005256;15;4;2;1730;1;2;1;2;6;85;Route de saint gervais;M;0.0;0.0;740
4719;201500005257;15;4;14;1600;1;1;1;1;2;85;;M;0.0;0.0;740
4720;201500005258;15;4;22;915;1;2;9;1;6;173;594 rue Charles Feige;M;0.0;0.0;740
4721;201500005259;15;8;15;1550;1;1;1;3;7;85;ROUTE DE SAINT GERVAIS;M;0.0;0.0;740
4722;201500005260;15;8;30;1945;1;2;4;1;7;99;RD1212;M;4587200.0;662700.0;740
4723;201500005261;15;9;26;1600;1;2;1;1;7;236;viaduc de saint gervais;M;0.0;0.0;740
4724;201500005262;15;10;17;1915;5;2;1;1;6;83;CHEMIN DE LA PROMENADE;M;0.0;0.0;740
4725;201500005263;15;12;25;1000;1;1;1;1;6;173;EDMOND DE ROTHSCHILD;M;4500000.0;600000.0;740
4726;201500005264;15;1;22;845;1;2;9;1;6;224;330 AV DE LA LIBERATION;M;0.0;0.0;740
4727;201500005265;15;7;2;2200;2;1;1;1;2;7;;M;0.0;0.0;740
4728;201500005266;15;9;9;1300;1;2;4;1;3;224;75 RUE DU COTEAU;M;0.0;0.0;740
4729;201500005267;15;10;24;415;5;1;6;1;7;116;;M;0.0;0.0;740
4730;201500005268;15;7;28;1545;1;1;1;1;7;256;;M;0.0;0.0;740
4731;201500005269;15;10;31;2000;3;1;1;1;2;208;;M;0.0;0.0;740
4732;201500005270;15;11;13;1815;5;2;3;1;3;256;RUE PIERRE SOLLIARD;M;0.0;0.0;740
4733;201500005271;15;2;8;830;1;1;1;1;5;276;;M;0.0;0.0;740
4734;201500005272;15;2;23;1245;1;2;1;4;1;134;;M;0.0;0.0;740
4735;201500005273;15;4;7;1745;1;2;1;1;3;183;275 RUE DES ECOLES;M;0.0;0.0;740
4736;201500005275;15;8;3;920;1;1;1;1;6;273;SALMOIRY;M;0.0;0.0;740
4737;201500005276;15;8;11;1045;1;1;4;1;1;276;LIEU DIT BLAVALLAZ;M;0.0;0.0;740
4738;201500005277;15;8;18;1200;1;1;1;1;1;134;;M;0.0;0.0;740
4739;201500005278;15;8;22;1715;1;1;1;1;5;276;;M;0.0;0.0;740
4740;201500005281;15;2;20;830;1;1;6;1;1;44;;M;0.0;0.0;740
4741;201500005282;15;3;11;1730;1;1;1;1;3;31;;M;0.0;0.0;740
4742;201500005283;15;6;25;1500;1;1;1;1;1;31;;M;0.0;0.0;740
4743;201500005284;15;9;5;1515;1;2;3;1;3;216;RD18/ALLEE CHARBONNIERE;M;0.0;0.0;740
4744;201500005285;15;10;28;730;1;1;1;1;3;201;;M;0.0;0.0;740
4745;201500005286;15;11;8;415;3;1;1;1;3;201;;M;0.0;0.0;740
4746;201500005287;15;1;9;15;5;1;6;1;6;262;;M;0.0;0.0;740
4747;201500005288;15;3;12;800;1;1;1;1;6;40;ROUTE DE LOEX;M;0.0;0.0;740
4748;201500005289;15;3;18;1315;1;1;1;1;1;158;;M;0.0;0.0;740
4749;201500005291;15;9;6;1630;1;1;1;1;2;94;;M;0.0;0.0;740
4750;201500005292;15;10;29;1645;1;1;3;1;1;21;;M;0.0;0.0;740
4751;201500005293;15;11;17;1745;3;1;1;1;6;229;;M;0.0;0.0;740
4752;201500005294;15;3;3;1900;3;1;1;1;1;309;;M;0.0;0.0;740
4753;201500005295;15;5;18;1415;1;1;1;1;1;96;;M;4500000.0;50000.0;740
4754;201500005297;15;7;19;1945;1;2;3;1;3;314;ROUTE DE FARAMAZ;M;0.0;0.0;740
4755;201500005298;15;9;20;2115;3;1;1;1;7;101;;M;0.0;0.0;740
4756;201500005300;15;3;29;1930;3;1;1;2;3;75;LIEU DIT SERASSON;M;0.0;0.0;740
4757;201500005303;15;5;18;1730;1;1;1;1;7;269;;M;0.0;0.0;740
4758;201500005304;15;6;18;1615;1;1;1;1;1;184;;M;0.0;0.0;740
4759;201500005305;15;7;15;1815;1;1;1;1;1;269;;M;0.0;0.0;740
4760;201500005306;15;7;19;1115;1;1;1;1;1;269;;M;0.0;0.0;740
4761;201500005307;15;7;23;1130;1;1;1;1;7;131;LIEU DIT COLLONGES BAS;M;0.0;0.0;740
4762;201500005308;15;7;25;145;3;1;1;3;6;184;;M;0.0;0.0;740
4763;201500005309;15;9;10;1630;1;1;1;1;2;29;;M;0.0;0.0;740
4764;201500005310;15;10;4;2000;3;1;1;1;3;77;ROUTE DE LA CROISEE;M;0.0;0.0;740
4765;201500005312;15;1;24;1715;2;2;1;4;1;286;LE FONTABY;M;0.0;0.0;740
4766;201500005314;15;7;25;1730;1;1;1;1;1;308;;M;0.0;0.0;740
4767;201500005315;15;8;29;900;1;1;1;1;1;63;;M;0.0;0.0;740
4768;201500005316;15;11;20;1530;1;1;1;2;1;308;;M;0.0;0.0;740
4769;201500005317;15;2;24;1830;3;1;1;1;6;37;;M;0.0;0.0;740
4770;201500005318;15;4;19;1830;1;1;3;1;3;226;;M;0.0;0.0;740
4771;201500005320;15;5;10;45;3;2;1;1;6;155;LA SIAUX;M;0.0;0.0;740
4772;201500005321;15;5;24;1430;1;1;1;1;6;140;LIEU DIT LE VERNAY;M;0.0;0.0;740
4773;201500005323;15;11;19;930;1;1;1;1;1;226;;M;0.0;0.0;740
4774;201500005325;15;11;28;1245;1;1;1;1;1;263;;M;0.0;0.0;740
4775;201500005327;15;10;16;1430;1;1;1;1;6;237;;M;0.0;0.0;740
4776;201500005328;15;12;22;815;1;1;1;1;1;166;ROUTE DE THONON;M;0.0;0.0;740
4777;201500005329;15;12;28;2000;3;1;1;5;1;200;;M;0.0;0.0;740
4778;201500005330;15;1;18;1530;1;1;1;1;6;345;;M;0.0;0.0;630
4779;201500005331;15;3;30;945;1;1;1;2;1;307;;M;0.0;0.0;630
4780;201500005332;15;5;21;1745;1;1;1;1;7;263;;M;0.0;0.0;630
4781;201500005333;15;6;6;815;1;1;1;1;5;263;;M;0.0;0.0;630
4782;201500005334;15;8;13;2115;2;1;1;1;6;345;;M;0.0;0.0;630
4783;201500005335;15;8;25;2115;3;1;1;1;1;345;;M;0.0;0.0;630
4784;201500005336;15;9;8;1600;1;1;1;1;1;307;;M;0.0;0.0;630
4785;201500005337;15;3;23;715;1;1;1;1;7;453;;M;0.0;0.0;630
4786;201500005339;15;6;14;530;2;2;1;8;2;453;avenue  Jacques Duclos;M;0.0;0.0;630
4787;201500005340;15;8;2;2200;2;1;1;1;6;146;;M;4572100.0;339000.0;630
4788;201500005341;15;8;7;2314;3;1;1;1;1;34;;M;0.0;0.0;630
4789;201500005342;15;8;17;1700;1;1;1;1;2;368;;M;0.0;0.0;630
4790;201500005343;15;8;23;1700;1;1;1;2;7;45;;M;0.0;0.0;630
4791;201500005344;15;8;29;1300;1;1;1;1;7;146;;M;0.0;0.0;630
4792;201500005345;15;9;2;645;2;2;1;1;6;273;avenue de l'allier;M;4572770.0;324270.0;630
4793;201500005346;15;10;20;1730;1;1;1;1;3;368;;M;0.0;0.0;630
4794;201500005347;15;10;27;745;1;2;1;1;7;239;Le Fournet;M;0.0;0.0;630
4795;201500005348;15;11;3;1000;1;1;1;8;1;146;;M;0.0;0.0;630
4796;201500005349;15;11;5;700;2;1;1;1;3;34;;M;0.0;0.0;630
4797;201500005350;15;11;7;2215;5;2;1;1;6;453;30 avenue Jacques Duclos;M;0.0;0.0;630
4798;201500005351;15;11;10;1815;2;1;1;1;2;297;;M;0.0;0.0;630
4799;201500005352;15;11;21;1215;1;1;1;1;3;45;;M;0.0;0.0;630
4800;201500005353;15;12;27;1715;3;2;1;1;3;368;lieu-dit CONTOURNAT;M;0.0;0.0;630
4801;201500005354;15;3;31;2115;3;1;1;1;6;192;;M;4555900.0;267300.0;630
4802;201500005355;15;5;24;1715;1;1;1;1;7;192;;M;0.0;0.0;630
4803;201500005356;15;10;25;1215;1;1;1;1;6;397;;M;4563300.0;269400.0;630
4804;201500005357;15;11;8;1530;1;1;1;7;2;279;;M;0.0;0.0;630
4805;201500005359;15;9;30;1745;1;1;1;1;1;417;;M;4583300.0;304800.0;630
4806;201500005360;15;11;25;845;1;1;1;2;7;417;;M;0.0;0.0;630
4807;201500005361;15;1;2;1945;5;2;2;8;3;213;route de lussat;M;4583740.0;326130.0;630
4808;201500005362;15;1;28;1215;1;2;1;1;1;284;72 avenue besserve;M;4579515.0;325834.0;630
4809;201500005363;15;3;4;1900;3;1;1;1;3;200;;M;0.0;0.0;630
4810;201500005364;15;4;13;815;1;1;1;7;2;200;;M;0.0;0.0;630
4811;201500005365;15;5;30;400;3;2;1;1;7;284;;M;4578970.0;322489.0;630
4812;201500005366;15;8;14;1845;1;1;1;8;1;204;;M;0.0;0.0;630
4813;201500005367;15;9;12;1245;1;1;1;3;3;200;;M;0.0;0.0;630
4814;201500005368;15;1;17;1545;1;1;1;1;3;274;;M;0.0;0.0;630
4815;201500005369;15;8;3;545;2;1;1;1;7;399;;M;4565900.0;263600.0;630
4816;201500005370;15;9;25;1115;1;1;1;1;7;451;;M;4565700.0;285500.0;630
4817;201500005371;15;10;27;2030;5;1;1;1;6;257;;M;4574100.0;286800.0;630
4818;201500005372;15;12;25;1015;1;1;1;1;7;71;;M;4574600.0;295300.0;630
4819;201500005373;15;2;3;1500;1;1;1;1;6;282;;M;4562500.0;315200.0;630
4820;201500005374;15;3;13;1945;3;1;1;2;6;396;;M;0.0;0.0;630
4821;201500005375;15;5;3;100;3;1;1;3;1;214;;M;0.0;0.0;630
4822;201500005376;15;6;9;1000;1;1;2;1;3;214;;M;4567254.0;320803.0;630
4823;201500005377;15;6;14;1930;1;2;2;2;1;457;;M;4566248.0;321145.0;630
4824;201500005378;15;6;26;1230;1;2;2;1;3;457;Chemin Four de Lachaux;M;4564063.0;324275.0;630
4825;201500005379;15;7;4;2315;3;1;1;1;3;26;;M;4568700.0;297000.0;630
4826;201500005380;15;8;27;1400;1;1;9;1;3;280;;M;4564600.0;328600.0;630
4827;201500005381;15;10;22;1945;4;2;1;2;6;26;D213 VERNEUGE;M;4567251.0;297362.0;630
4828;201500005382;15;10;10;2115;3;1;1;1;6;455;;M;4567600.0;318300.0;630
4829;201500005384;15;12;5;615;5;2;1;1;6;227;AVENUE DE LA GARE;M;0.0;0.0;630
4830;201500005385;15;2;22;1645;1;2;1;1;3;3;route de chadernolles;M;4554200.0;375000.0;630
4831;201500005386;15;3;12;1700;1;1;1;1;6;3;;M;4552600.0;375700.0;630
4832;201500005387;15;3;19;800;1;1;1;5;5;211;;M;0.0;0.0;630
4833;201500005388;15;4;28;1715;1;1;1;1;2;3;;M;4558800.0;373400.0;630
4834;201500005389;15;6;14;900;1;1;1;1;6;211;;M;4548000.0;376400.0;630
4835;201500005390;15;7;23;1545;1;1;1;1;1;179;;M;4563734.0;372860.0;630
4836;201500005391;15;10;16;1045;1;1;1;8;1;10;;M;4542860.0;372078.0;630
4837;201500005394;15;10;11;1500;1;1;1;1;7;319;;M;4557400.0;388500.0;630
4838;201500005396;15;3;31;2115;1;2;2;1;3;178;Boulevard Albert Buisson;M;4554616.0;324895.0;630
4839;201500005397;15;4;14;1500;1;1;1;1;1;261;;M;0.0;0.0;630
4840;201500005398;15;7;20;1130;1;2;1;1;2;121;D797 - ZA Pérache;M;4560930.0;322110.0;630
4841;201500005399;15;10;10;1345;1;2;3;1;3;178;avenue kennedy;M;4555130.0;325000.0;630
4842;201500005400;15;11;24;1330;1;2;1;1;7;342;;M;4555120.0;310880.0;630
4843;201500005401;15;12;6;1345;1;2;1;1;7;178;chemin des vigeires;M;4554519.0;326877.0;630
4844;201500005402;15;5;29;1445;1;1;1;6;7;38;;M;0.0;0.0;630
4845;201500005403;15;7;12;1000;1;1;1;7;1;117;;M;0.0;0.0;630
4846;201500005404;15;7;19;1730;1;1;1;1;2;77;;M;0.0;0.0;630
4847;201500005405;15;8;26;1915;1;2;1;1;1;38;Rue de la Croix de Combe;M;4550945.0;293817.0;630
4848;201500005406;15;9;4;1515;1;1;1;1;2;383;;M;0.0;0.0;630
4849;201500005407;15;10;1;1600;1;1;1;1;6;77;;M;0.0;0.0;630
4850;201500005408;15;11;18;1330;1;2;1;1;6;144;Route de St Genès;M;0.0;0.0;630
4851;201500005409;15;12;31;2230;3;1;1;5;6;182;;M;4543000.0;333500.0;630
4852;201500005410;15;1;9;1115;1;1;1;8;1;423;;M;0.0;0.0;630
4853;201500005411;15;2;15;1145;1;1;1;1;7;366;;M;0.0;0.0;630
4854;201500005412;15;5;3;1400;1;2;1;1;6;22;25 avenue des dunes;M;4543804.0;330656.0;630
4855;201500005413;15;6;19;1300;1;1;1;1;1;415;;M;4555400.0;336000.0;630
4856;201500005414;15;7;4;1030;1;2;9;1;3;50;rue des Sarailleres;M;4541357.0;332005.0;630
4857;201500005415;15;7;17;1815;1;2;6;1;3;50;Avenue de Charbonnier;M;4541466.0;331956.0;630
4858;201500005416;15;11;7;1015;2;1;1;1;1;367;;M;0.0;0.0;630
4859;201500005417;15;11;11;1545;1;1;3;1;1;444;;M;4552850.0;331110.0;630
4860;201500005418;15;12;27;1900;3;1;1;1;6;29;;M;0.0;0.0;630
4861;201500005419;15;4;15;145;3;1;1;1;6;203;;M;0.0;0.0;630
4862;201500005420;15;10;31;1630;1;1;1;1;7;203;;M;4584510.0;304490.0;630
4863;201500005421;15;2;19;700;2;1;1;1;3;68;;M;4595100.0;315900.0;630
4864;201500005422;15;6;7;345;5;2;1;1;6;379;16 rue des jardins;M;4599320.0;313236.0;630
4865;201500005423;15;6;12;45;3;1;6;1;6;116;;M;0.0;0.0;630
4866;201500005424;15;6;20;1730;1;1;1;1;3;235;;M;0.0;0.0;630
4867;201500005425;15;7;1;730;1;2;1;7;1;12;;M;0.0;0.0;630
4868;201500005426;15;7;12;600;1;1;1;1;7;235;lavaur;M;0.0;0.0;630