;Num_Acc;an;mois;jour;hrmn;lum;agg;int;atm;col;com;adr;gps;lat;long;dep
4869;201500005428;15;12;11;2300;3;1;1;1;7;13;;M;4598400.0;317700.0;630
4870;201500005429;15;4;18;15;3;1;1;1;6;148;;M;4589200.0;319200.0;630
4871;201500005430;15;6;24;1900;1;1;1;7;2;295;;M;4602500.0;336600.0;630
4872;201500005431;15;8;11;1145;1;1;1;1;3;89;;M;4587700.0;323100.0;630
4873;201500005432;15;9;20;1015;1;1;1;1;5;295;;M;4600900.0;335800.0;630
4874;201500005433;15;11;1;230;3;1;1;1;7;443;;M;4594400.0;319600.0;630
4875;201500005434;15;8;29;1200;1;1;1;1;7;339;;M;0.0;0.0;630
4876;201500005435;15;12;18;2200;3;1;1;1;6;238;;M;0.0;0.0;630
4877;201500005436;15;5;30;1845;1;2;2;1;3;338;rue du puit du manoir;M;4616498.0;283940.0;630
4878;201500005437;15;7;20;1730;1;1;1;1;3;419;;M;0.0;0.0;630
4879;201500005438;15;8;19;1015;1;1;1;1;1;338;RD 2144;M;0.0;0.0;630
4880;201500005439;15;10;28;1815;5;2;1;2;6;338;88 rue des Bayons;M;4616200.0;284410.0;630
4881;201500005440;15;2;18;300;3;1;1;1;6;151;;M;0.0;0.0;630
4882;201500005442;15;4;13;900;1;2;2;1;5;430;Av BERANGER/VOLTAIRE;M;4585211.0;354157.0;630
4883;201500005443;15;4;22;230;3;1;1;1;7;430;;M;4586651.0;352616.0;630
4884;201500005444;15;5;12;1945;2;1;1;1;3;430;;M;0.0;0.0;630
4885;201500005445;15;5;18;1300;1;2;1;1;6;430;58 rue Zamehoff;M;4586199.0;354990.0;630
4886;201500005446;15;6;4;815;1;1;1;1;1;267;à 30m RD 64;M;4590598.0;363342.0;630
4887;201500005449;15;2;14;1200;1;1;1;1;7;131;;M;0.0;0.0;630
4888;201500005450;15;6;9;2300;3;1;1;1;3;469;;M;0.0;0.0;630
4889;201500005451;15;6;5;1345;1;2;1;1;1;195;ave du général DE GAULLE;M;0.0;0.0;630
4890;201500005452;15;8;17;1515;1;1;1;1;7;469;;M;4579100.0;360200.0;630
4891;201500005453;15;9;25;1145;1;1;1;1;5;249;;M;0.0;0.0;630
4892;201500005454;15;4;4;315;3;1;1;1;7;210;;M;0.0;0.0;630
4893;201500005456;15;11;7;1345;1;1;2;1;3;210;;M;0.0;0.0;630
4894;201500005457;15;12;28;15;3;1;1;1;6;271;;M;0.0;0.0;630
4895;201500005458;15;1;5;930;1;2;1;1;6;290;2 place Jean Thomas;M;4663300.0;330700.0;30
4896;201500005459;15;2;22;1700;2;1;1;4;7;15;;M;0.0;0.0;30
4897;201500005460;15;8;24;1645;1;1;1;6;1;121;;M;4661700.0;336600.0;30
4898;201500005462;15;10;7;1015;1;1;1;1;2;286;;M;0.0;0.0;30
4899;201500005463;15;1;24;1300;1;1;1;4;6;146;;M;0.0;0.0;30
4900;201500005464;15;2;2;1845;3;1;1;1;4;320;;M;0.0;0.0;30
4901;201500005465;15;7;31;1700;1;1;1;1;1;155;;M;4677300.0;292800.0;30
4902;201500005466;15;1;16;1815;3;1;1;1;2;265;;M;0.0;0.0;30
4903;201500005467;15;2;17;1330;1;2;9;1;6;102;;M;0.0;0.0;30
4904;201500005468;15;3;5;1200;1;2;2;1;1;102;CD480/CD779;M;0.0;0.0;30
4905;201500005469;15;4;20;730;1;2;1;1;1;102;rue de vichy;M;0.0;0.0;30
4906;201500005471;15;7;24;630;2;1;1;1;1;265;;M;0.0;0.0;30
4907;201500005472;15;7;25;800;1;1;1;1;6;177;;M;0.0;0.0;30
4908;201500005473;15;9;9;2130;3;1;1;1;6;300;;M;0.0;0.0;30
4909;201500005474;15;10;30;1130;1;1;1;1;2;102;;M;0.0;0.0;30
4910;201500005475;15;12;14;1345;1;1;1;1;6;102;;M;0.0;0.0;30
4911;201500005476;15;6;17;1945;1;1;1;1;3;156;;M;0.0;0.0;30
4912;201500005477;15;8;2;1745;1;1;1;1;3;283;;M;4683300.0;303300.0;30
4913;201500005478;15;8;28;2000;1;1;1;1;7;74;;M;0.0;0.0;30
4914;201500005479;15;9;24;1530;1;1;1;1;3;25;;M;0.0;0.0;30
4915;201500005480;15;11;17;1630;1;1;1;1;7;74;;M;4656900.0;360700.0;30
4916;201500005481;15;12;7;1900;3;1;1;1;6;119;;M;0.0;0.0;30
4917;201500005482;15;12;13;1115;1;1;1;1;1;120;;M;0.0;0.0;30
4918;201500005483;15;12;18;1800;3;1;1;1;7;283;;M;0.0;0.0;30
4919;201500005484;15;1;14;1745;2;1;1;1;4;254;;M;0.0;0.0;30
4920;201500005485;15;2;3;1915;3;1;1;1;1;319;;M;0.0;0.0;30
4921;201500005486;15;3;3;645;2;1;1;1;5;148;;M;0.0;0.0;30
4922;201500005487;15;4;18;215;3;1;1;2;7;227;;M;0.0;0.0;30
4923;201500005488;15;6;11;1730;1;1;1;2;5;254;;M;0.0;0.0;30
4924;201500005489;15;7;9;1700;1;1;9;1;3;254;;M;0.0;0.0;30
4925;201500005492;15;9;28;700;1;1;1;1;6;134;;M;0.0;0.0;30
4926;201500005493;15;10;27;1115;1;2;1;1;1;254;RUE CHAMP FEUILLET;M;0.0;0.0;30
4927;201500005494;15;11;29;1430;1;1;2;1;3;254;;M;0.0;0.0;30
4928;201500005495;15;12;20;2230;3;1;1;1;6;59;;M;0.0;0.0;30
4929;201500005497;15;2;14;200;3;1;1;1;6;247;;M;4659800.0;312600.0;30
4930;201500005498;15;3;31;1330;1;1;1;6;6;275;;M;4651700.0;316000.0;30
4931;201500005499;15;4;3;1215;1;1;1;1;6;169;;M;4640600.0;325100.0;30
4932;201500005500;15;5;21;2300;3;1;1;1;6;69;;M;4646200.0;314800.0;30
4933;201500005501;15;6;11;1130;1;1;1;1;1;99;;M;0.0;0.0;30
4934;201500005502;15;5;30;1745;1;2;1;1;1;212;9 rue de la Prade;M;0.0;0.0;30
4935;201500005503;15;8;30;1015;1;1;1;1;6;128;;M;0.0;0.0;30
4936;201500005504;15;9;12;1500;1;1;1;2;7;279;;M;4626700.0;252800.0;30
4937;201500005505;15;10;5;1115;1;1;1;2;7;305;;M;4638100.0;268100.0;30
4938;201500005506;15;12;1;2345;3;1;1;1;7;55;;M;4642700.0;247600.0;30
4939;201500005507;15;12;19;1815;3;1;1;1;6;288;;M;4636900.0;238700.0;30
4940;201500005509;15;6;20;300;3;1;1;1;7;206;;M;0.0;0.0;30
4941;201500005510;15;8;10;1245;1;1;1;1;6;314;;M;0.0;0.0;30
4942;201500005511;15;7;22;1700;1;1;1;1;1;106;;M;0.0;0.0;30
4943;201500005512;15;10;7;1130;1;1;1;2;6;52;;M;0.0;0.0;30
4944;201500005513;15;12;2;1245;1;2;1;7;3;82;intersection RD37 - RD45;M;0.0;0.0;30
4945;201500005515;15;2;21;1045;1;2;1;1;1;315;01  avenue f?lix Mioche;M;0.0;0.0;30
4946;201500005516;15;7;25;315;4;2;1;1;6;315;RUE DU 08 MAI 1945;M;0.0;0.0;30
4947;201500005517;15;10;5;530;3;1;1;2;3;243;;M;0.0;0.0;30
4948;201500005518;15;12;3;845;1;1;1;7;6;186;;M;0.0;0.0;30
4949;201500005520;15;12;30;1645;1;2;1;1;1;186;32 boulevard de tourret;M;0.0;0.0;30
4950;201500005521;15;1;7;1930;3;1;1;3;7;273;;M;0.0;0.0;30
4951;201500005522;15;9;8;1730;1;1;1;1;7;110;;M;0.0;0.0;30
4952;201500005523;15;3;11;1245;1;1;1;1;1;182;;M;4610100.0;324300.0;30
4953;201500005524;15;5;11;1500;1;1;1;1;1;22;;M;0.0;0.0;30
4954;201500005525;15;5;30;1015;1;1;1;1;2;268;;M;0.0;0.0;30
4955;201500005526;15;8;23;1500;1;1;1;1;3;182;;M;0.0;0.0;30
4956;201500005527;15;11;5;1000;1;2;1;7;6;107;7 rue du pont neuf;M;0.0;0.0;30
4957;201500005528;15;4;13;1645;1;2;1;1;1;28;intersection D907 D173;M;0.0;0.0;30
4958;201500005529;15;8;30;2215;3;1;1;1;7;17;;M;0.0;0.0;30
4959;201500005530;15;7;11;1830;1;1;1;1;6;138;;M;0.0;0.0;30
4960;201500005531;15;7;5;1645;1;1;1;1;6;71;;M;0.0;0.0;30
4961;201500005533;15;5;13;1430;1;1;1;1;3;165;;M;0.0;0.0;30
4962;201500005534;15;5;24;1515;1;1;1;1;7;165;;M;4614500.0;365000.0;30
4963;201500005535;15;5;25;1645;1;2;1;2;1;165;D7;M;4608100.0;366600.0;30
4964;201500005536;15;3;12;1700;1;1;1;1;1;235;;M;0.0;0.0;30
4965;201500005537;15;5;14;1715;1;2;1;1;1;298;94 avenue de chazeuil;M;0.0;0.0;30
4966;201500005538;15;5;25;1;5;2;1;1;7;298;;M;4633500.0;338900.0;30
4967;201500005539;15;7;31;915;1;2;1;1;6;298;;M;4632200.0;339600.0;30
4968;201500005540;15;10;7;1645;1;1;2;1;3;215;;M;0.0;0.0;30
4969;201500005541;15;2;16;1715;1;1;1;7;5;267;;M;4493700.0;234100.0;150
4970;201500005542;15;4;5;1945;1;2;1;1;6;165;RD 7, le bourg;M;4502600.0;213900.0;150
4971;201500005543;15;4;8;1445;1;1;1;1;1;221;;M;4489000.0;235100.0;150
4972;201500005544;15;8;8;1900;1;1;1;2;6;221;;M;4488700.0;234700.0;150
4973;201500005545;15;2;11;1415;1;1;1;1;3;184;;M;0.0;0.0;150
4974;201500005546;15;7;15;1815;1;1;1;1;1;194;;M;0.0;0.0;150
4975;201500005547;15;7;17;1515;1;1;1;1;1;194;;M;0.0;0.0;150
4976;201500005549;15;11;14;1415;1;1;1;1;1;196;;M;4486300.0;229300.0;150
4977;201500005550;15;7;13;1230;1;2;1;1;2;260;CD141;M;4465200.0;239900.0;150
4978;201500005551;15;5;3;1530;1;1;1;1;6;118;;M;0.0;0.0;150
4979;201500005552;15;5;22;1545;1;2;1;1;5;258;19 Avenue Emile Duclaux;M;0.0;0.0;150
4980;201500005553;15;7;8;1645;1;1;1;1;3;236;;M;0.0;0.0;150
4981;201500005554;15;10;22;1945;5;2;1;8;1;255;Route du Carladès;M;4489700.0;252000.0;150
4982;201500005555;15;7;15;1915;1;1;1;1;6;63;;M;4515500.0;238900.0;150
4983;201500005556;15;1;3;930;1;2;1;8;6;124;le bourg;M;4530000.0;258400.0;150
4984;201500005557;15;7;4;1130;1;1;1;1;1;40;;M;4539100.0;281900.0;150
4985;201500005558;15;5;24;1100;1;1;1;1;6;202;;M;4510300.0;240300.0;150
4986;201500005559;15;6;28;1100;1;1;1;1;3;219;;M;4514800.0;250600.0;150
4987;201500005560;15;8;17;1615;1;1;1;1;7;219;;M;0.0;0.0;150
4988;201500005561;15;8;29;1500;1;1;1;1;3;66;;M;0.0;0.0;150
4989;201500005562;15;4;7;1500;1;1;1;1;7;250;;M;4537600.0;250600.0;150
4990;201500005563;15;5;24;1600;1;1;1;1;7;38;;M;4537600.0;258100.0;150
4991;201500005564;15;6;19;1715;1;1;1;1;2;265;;M;0.0;0.0;150
4992;201500005565;15;7;3;2145;3;1;1;1;7;38;;M;0.0;0.0;150
4993;201500005566;15;8;8;1745;1;1;1;2;1;19;;M;4531500.0;240900.0;150
4994;201500005567;15;10;23;2045;5;2;1;1;6;37;CD15;M;0.0;0.0;150
4995;201500005568;15;1;8;930;1;1;1;5;6;188;;M;4501600.0;311900.0;150
4996;201500005570;15;1;20;1545;1;1;1;1;3;195;;M;0.0;0.0;150
4997;201500005571;15;5;6;1215;1;1;1;7;3;187;;M;0.0;0.0;150
4998;201500005572;15;8;9;2130;2;1;1;8;1;231;;M;4512400.0;302800.0;150
4999;201500005573;15;8;16;800;1;2;1;1;2;187;D926;M;4503600.0;308500.0;150
5000;201500005574;15;10;17;1500;1;2;1;1;7;187;15 avenue du cdt Delorme;M;4503900.0;310000.0;150
5001;201500005576;15;2;4;1145;1;1;1;8;3;127;;M;4522000.0;310500.0;150
5002;201500005577;15;7;29;1100;1;1;1;7;7;69;;M;4518100.0;310500.0;150
5003;201500005578;15;5;13;1530;1;1;1;1;1;213;;M;0.0;0.0;150
5004;201500005580;15;6;28;1945;1;1;1;1;1;61;;M;0.0;0.0;150
5005;201500005581;15;7;18;1615;1;1;1;1;7;25;;M;0.0;0.0;150
5006;201500005582;15;11;26;1530;1;1;1;4;1;155;;M;0.0;0.0;150
5007;201500005583;15;3;12;1330;1;1;1;1;1;154;COL DU RAYOL;M;4478450.0;388476.0;430
5008;201500005584;15;5;7;1415;1;1;1;1;2;215;FONT CROZE;M;4480980.0;388022.0;430
5009;201500005585;15;9;24;1115;1;2;1;1;6;77;RD 49;M;4489370.0;384819.0;430
5010;201500005586;15;10;5;1045;1;2;1;1;6;77;RN88/RD49 BOURG;M;4489290.0;384896.0;430
5011;201500005589;15;12;20;1700;2;2;4;8;1;42;LE BOURG;M;4492150.0;380852.0;430
5012;201500005590;15;5;11;1305;1;1;1;1;6;189;X;M;4528300.0;388371.0;430
5013;201500005591;15;8;28;1815;1;2;3;7;1;80;RD9 RUE ST ROCH;M;4533000.0;384699.0;430
5014;201500005592;15;7;16;1545;1;1;1;1;7;150;X;;;;430
5015;201500005594;15;8;10;1015;1;1;1;2;6;78;"LIEU-DIT ""LES BOURGERES""";M;4502850.0;394482.0;430
5016;201500005595;15;8;13;1600;1;1;1;2;6;78;"LIEU-DIT ""LES BRUGERES""";M;4502890.0;394451.0;430
5017;201500005596;15;8;19;1645;1;1;1;1;6;115;LES ASTIERS;M;4498310.0;406013.0;430
5018;201500005597;15;8;21;1545;1;1;3;1;3;218;"LIEU-DIT ""SUMENE""";M;4503690.0;404739.0;430
5019;201500005598;15;8;29;1515;1;1;1;1;6;115;"LIEU-DIT ""LES CROUZETS""";M;4496050.0;406609.0;430
5020;201500005599;15;10;4;830;1;1;1;7;7;253;"LIEU-DIT ""LE CROSDO""";;;;430
5021;201500005600;15;11;24;1330;1;1;1;1;6;218;LA PARAVENT;M;4503500.0;403239.0;430
5022;201500005601;15;12;7;815;1;1;1;1;6;150;"LIEU-DIT""LES COMBES""";;;;430
5023;201500005602;15;1;8;2015;3;1;1;8;3;152;VERS LE PANORAMA;M;4507010.0;384836.0;430
5024;201500005603;15;1;10;1400;1;1;1;1;6;217;NOLHAC;;;;430
5025;201500005604;15;4;6;1300;1;1;3;1;6;230;LE CROS DE LA GARE;M;4514770.0;392054.0;430
5026;201500005605;15;5;2;930;1;1;1;1;6;61;LES ACACIAS;M;4509710.0;389823.0;430
5027;201500005606;15;7;25;1800;1;1;1;7;1;254;ROUTE DE NINIROLLES;;;;430
5028;201500005607;15;8;30;45;3;2;1;1;6;122;CONNAC;M;4513140.0;375282.0;430
5029;201500005609;15;11;16;1600;1;1;1;1;6;61;VALLEE DE LA LOIRE;M;4510700.0;389648.0;430
5030;201500005610;15;8;11;1545;1;1;1;1;1;117;PLAINE DES CHIROUZES;M;4524960.0;343517.0;430
5031;201500005611;15;11;9;1710;2;2;3;7;3;40;RUE JULES VALLES;;;;430
5032;201500005612;15;12;15;1400;1;2;3;1;3;40;AVENUE LEON BLUM;;;;430
5033;201500005613;15;4;23;1345;1;1;1;1;1;132;X;M;4513230.0;348395.0;430
5034;201500005614;15;8;15;445;3;1;1;1;7;70;X;M;4516390.0;344374.0;430
5035;201500005615;15;12;6;1430;1;1;2;1;3;222;LA BRIZETTE;M;4519630.0;346076.0;430
5036;201500005616;15;12;17;1220;1;1;4;1;3;234;10 RTE DE SAUGUES;M;4496610.0;354216.0;430
5037;201500005617;15;1;15;1445;1;2;2;7;3;99;CD 5 ET CD 146;M;4538840.0;330438.0;430
5038;201500005618;15;2;20;900;1;2;1;7;6;38;N102 ARVANT;M;4536430.0;330940.0;430
5039;201500005619;15;5;20;1249;1;1;1;1;6;123;VERS AIRE DE LORLANGES;M;4533230.0;327045.0;430
5040;201500005621;15;6;12;2115;2;1;1;1;6;16;"LIEU-DIT ""LA TAUPE""";M;4538720.0;334119.0;430
5041;201500005622;15;8;25;1715;1;1;3;1;3;258;"LIEU DIT ""LA TAUPE""";M;4538730.0;334017.0;430
5042;201500005623;15;9;9;1630;1;1;1;1;6;120;X;M;4538390.0;327877.0;430
5043;201500005624;15;10;1;1845;1;2;3;1;3;185;RUE DE BELGIQUE;;;;430
5044;201500005625;15;11;5;2245;3;1;4;1;3;16;VERS LE PONT D'AUZON;M;4538880.0;336318.0;430
5045;201500005626;15;8;16;15;3;1;1;1;6;7;ZA LES VESTIAS;M;4508970.0;415941.0;430
5046;201500005627;15;9;27;1600;1;1;1;1;6;162;"LIEU-DIT ""SAINT IGNAC""";M;4523120.0;406332.0;430
5047;201500005628;15;2;20;45;3;1;1;1;1;127;X;M;4533550.0;414623.0;430
5048;201500005629;15;3;28;1730;2;1;2;8;3;249;CROIX DE CHAZELET;M;4534060.0;403751.0;430
5049;201500005630;15;5;7;1800;1;1;3;7;3;20;LABIEC;M;4532710.0;413386.0;430
5050;201500005631;15;5;13;1815;1;1;1;1;6;211;X;;;;430
5051;201500005632;15;5;24;1800;1;1;2;1;3;249;LE CHAZELET;M;4534420.0;403823.0;430
5052;201500005633;15;6;11;800;1;1;1;1;6;20;"LIEU-DIT ""BASSET""";M;4529800.0;412315.0;430
5053;201500005634;15;8;1;100;5;1;1;2;1;12;"LIEU-DIT ""SEMENE""";M;4538350.0;422698.0;430
5054;201500005635;15;8;1;1800;1;1;1;8;5;137;VERS PONT DE LIGNON;M;4526130.0;415104.0;430
5055;201500005637;15;9;19;1615;1;1;1;3;1;12;RUE DE L'INDUSTRIE;;;;430
5056;201500005638;15;11;10;1200;1;1;3;1;1;20;ACCES LE ROURE;M;4532590.0;412932.0;430
5057;201500005639;15;3;23;830;1;1;1;1;7;130;X;M;4505130.0;424751.0;430
5058;201500005640;15;2;1;1245;1;1;1;4;3;224;"LIEU-DIT ""BOUCHEROLLES""";M;4525740.0;420259.0;430
5059;201500005641;15;5;30;1815;1;2;1;1;6;153;RUE DE LA MAIRIE;;;;430
5060;201500005642;15;8;26;1800;1;1;2;1;3;213;"LIEU-DIT ""JOURDY""";M;4524180.0;427434.0;430
5061;201500005643;15;10;28;1915;3;1;1;2;6;184;X;M;4536690.0;426814.0;430
5062;201500005644;15;10;4;1215;1;1;1;1;3;227;"LIEU-DIT ""LE TREVE""";M;4529880.0;431649.0;430
5063;201500005645;15;7;9;1315;1;1;1;1;1;244;"LIEU-DIT ""LES SUCS""";M;4511680.0;424653.0;430
5064;201500005646;15;7;19;1400;1;1;1;1;7;199;"LIEU-DIT""LA JEANNE""";M;4513170.0;420135.0;430
5065;201500005647;15;1;16;945;1;2;7;2;6;185;sans, ESCADRILLE NORMAND;;;;30
5066;201500005648;15;11;10;500;4;2;3;1;3;101;sans, NERUDA ( RUE PABLO;;;;30
5067;201500005649;15;1;16;1308;1;2;3;1;6;185;2, FAUBOURG SAINT - PIER;;;;30
5068;201500005651;15;10;29;1525;1;2;3;1;6;185;sans, PAUL ( RUE MARCE;;;;30
5069;201500005652;15;1;16;1700;1;2;3;1;6;185;14 JUILLET 1789 ( RUE DU;;;;30
5070;201500005653;15;11;17;1305;1;2;2;1;3;185;sans, REPUBLIQUE ( AV. D;;;;30
5071;201500005654;15;4;1;1250;1;2;2;1;3;185;sans, NEGRE ( AVENUE JE;;;;30
5072;201500005655;15;1;18;418;3;1;1;1;1;101;sans, CD943;;;;30
5073;201500005656;15;11;13;850;1;2;1;1;6;185;sans, THIVRIER ( RUE CHR;;;;30
5074;201500005657;15;4;14;1535;1;2;3;1;3;101;sans, CROIZAT ( AVENUE A;;;;30
5075;201500005659;15;12;9;1415;1;2;7;1;6;185;6, PIQUAND ( PLACE EDOUA;;;;30
5076;201500005660;15;6;22;830;1;2;1;1;6;185;145, REPUBLIQUE ( AV. DE;;;;30
5077;201500005662;15;6;28;2100;1;1;1;1;1;101;sans, FONT - CLAUDE;;;;30
5078;201500005663;15;7;2;230;5;2;1;1;6;185;144, DE GAULLE ( AVENUE;;;;30
5079;201500005665;15;8;30;1505;1;2;1;1;6;185;22, CALLAME ( VOIE ANDRE;;;;30
5080;201500005666;15;7;15;1720;1;2;1;1;3;101;CHATEAUGAY;;;;30
5081;201500005667;15;7;7;1705;1;1;2;1;3;211;sans, OUCHES (ROUTE D');;;;30
5082;201500005669;15;11;16;1740;2;2;1;1;4;185;sans, PASQUIS ( RUE DE );;;;30
5083;201500005670;15;10;30;1930;5;2;3;1;3;185;sans, NEGRE ( AVENUE JEA;;;;30
5084;201500005671;15;9;27;220;5;2;1;1;6;185;sans, DUCHET ( RUE JACQU;;;;30
5085;201500005672;15;1;16;815;2;2;1;2;6;190;01, LIBERATION (AVENUE D;;;;30
5086;201500005673;15;12;3;1325;1;2;1;1;1;190;41, REGEMORTES (RUE);;;;30
5087;201500005675;15;5;13;1900;1;1;1;1;5;321;RN7;;;;30
5088;201500005676;15;6;8;1805;1;2;1;1;6;321;110, LYON (ROUTE DE );;;;30
5089;201500005677;15;6;24;835;1;2;6;1;1;190;77, DECIZE (RUE DE);;;;30
5090;201500005679;15;10;9;850;2;2;6;7;6;190;ORVILLIERS (AVENUE D');;;;30
5091;201500005680;15;1;6;1745;5;2;1;5;6;593;14 rue raymon mondon;M;4919891.0;603585.0;570
5092;201500005681;15;1;29;515;3;2;1;1;7;17;14 route de lorry;M;0.0;0.0;570
5093;201500005682;15;2;11;445;5;1;1;1;5;543;;M;0.0;0.0;570
5094;201500005683;15;4;1;2100;5;2;1;1;6;415;ROUTE DE METZ-;M;0.0;0.0;570
5095;201500005684;15;4;30;2330;3;1;1;3;7;415;;M;0.0;0.0;570
5096;201500005685;15;5;16;1915;1;2;1;1;3;134;avenue de la libération;M;0.0;0.0;570
5097;201500005686;15;6;30;1845;1;1;1;1;1;17;;M;0.0;0.0;570
5098;201500005687;15;7;26;945;1;1;1;1;1;543;;M;0.0;0.0;570
5099;201500005688;15;8;18;1715;1;1;1;1;3;481;;M;0.0;0.0;570
5100;201500005689;15;8;17;2315;5;1;1;1;2;543;;M;0.0;0.0;570
5101;201500005690;15;8;22;1515;1;1;1;1;3;481;;M;0.0;0.0;570
5102;201500005692;15;7;13;1500;1;1;1;1;3;350;;M;0.0;0.0;570
5103;201500005693;15;7;17;1745;1;1;1;1;2;352;;M;4909692.0;610049.0;570
5104;201500005694;15;9;20;800;1;1;9;1;6;350;;M;0.0;0.0;570
5105;201500005695;15;9;19;1700;1;1;1;8;3;153;GN 49.041 6.068;M;4903803.0;606998.0;570
5106;201500005696;15;10;14;1800;1;1;3;1;3;39;;M;4903282.0;612863.0;570
5107;201500005697;15;12;11;45;3;1;1;1;6;350;;M;4905621.0;607397.0;570
5108;201500005698;15;1;17;1745;5;2;1;1;6;443;rue de l'Abani;M;4921678.0;611814.0;570
5109;201500005699;15;2;3;1645;1;2;1;1;2;663;D55;M;0.0;0.0;570
5110;201500005700;15;3;28;1515;1;2;1;2;2;433;40, Grand'rue;M;4921080.0;616069.0;570
5111;201500005701;15;4;22;1730;1;1;9;1;1;645;;M;0.0;0.0;570
5112;201500005702;15;5;14;1900;1;2;1;3;1;433;Route d'Hauconcourt;M;4921544.0;616089.0;570
5113;201500005703;15;5;17;530;5;2;6;1;1;303;RD52;M;4921781.0;617795.0;570
5114;201500005704;15;8;30;45;3;1;1;1;2;433;;M;0.0;0.0;570
5115;201500005705;15;9;10;1015;1;2;8;1;6;433;66 grand rue;M;4921229.0;616009.0;570
5116;201500005706;15;10;6;1830;1;2;1;8;3;433;60 route de hauconcourt;M;4921640.0;616669.0;570
5117;201500005707;15;12;15;1700;2;2;1;1;3;511;Voie romaine;M;4917400.0;615100.0;570
5118;201500005708;15;3;10;1630;1;1;1;1;6;572;;M;0.0;0.0;570
5119;201500005709;15;3;16;1900;3;1;1;1;1;231;;M;0.0;0.0;570
5120;201500005710;15;3;21;1830;2;1;1;1;6;162;;M;0.0;0.0;570
5121;201500005711;15;3;28;1030;1;2;1;1;5;605;58 rue des deux villes;M;4893949.0;629943.0;570
5122;201500005712;15;6;29;1200;1;1;1;1;6;139;;M;4901312.0;625905.0;570
5123;201500005713;15;8;14;1400;1;2;2;1;1;652;Intersection RD67/RD5;M;0.0;0.0;570
5124;201500005714;15;12;5;1915;1;2;1;1;3;708;rue nationale;M;4900304.0;620073.0;570
5125;201500005715;15;2;20;1900;1;1;1;1;5;575;;M;0.0;0.0;570
5126;201500005716;15;6;30;830;1;1;1;1;1;193;;M;0.0;0.0;570
5127;201500005717;15;7;8;2200;3;1;1;1;1;43;;M;0.0;0.0;570
5128;201500005718;15;7;25;1200;1;1;1;1;1;43;;M;0.0;0.0;570
5129;201500005720;15;8;23;1430;1;1;2;1;3;694;;M;4914826.0;624672.0;570
5130;201500005721;15;9;21;1745;1;1;1;1;2;716;GN 49.156 6.288;M;4915356.0;626316.0;570
5131;201500005722;15;10;10;1815;1;1;1;1;1;438;;M;4917900.0;623000.0;570
5132;201500005723;15;10;16;915;1;1;2;1;3;482;;M;4911769.0;631923.0;570
5133;201500005724;15;1;21;2145;3;1;1;1;5;97;GN 49.192 6.504;M;0.0;0.0;570
5134;201500005725;15;6;14;915;1;1;1;1;7;167;;M;0.0;0.0;570
5135;201500005726;15;7;3;100;3;1;1;1;6;235;GN 49.301 6.469;M;0.0;0.0;570
5136;201500005727;15;7;9;915;1;1;2;1;3;610;;M;0.0;0.0;570
5137;201500005728;15;10;2;1730;1;1;1;1;1;695;GN 49.112 6.434;M;0.0;0.0;570
5138;201500005729;15;11;4;915;1;1;1;1;1;172;GN 49.175 6.545;M;0.0;0.0;570
5139;201500005730;15;11;5;1515;1;1;1;1;2;97;;M;0.0;0.0;570
5140;201500005731;15;3;7;1045;1;2;1;1;6;765;rue principale;M;0.0;0.0;570
5141;201500005732;15;6;10;800;1;1;1;1;7;160;;M;0.0;0.0;570
5142;201500005733;15;6;13;1945;1;2;1;1;6;550;112 rue de Saint-Avold;M;4915344.0;666101.0;570
5143;201500005734;15;8;3;1045;1;1;1;1;6;205;;M;0.0;0.0;570
5144;201500005735;15;8;9;2045;3;1;1;1;6;681;;M;0.0;0.0;570
5145;201500005736;15;1;8;1045;1;2;1;1;6;209;Rue de Metz;M;0.0;0.0;570
5146;201500005737;15;2;11;1745;1;1;1;1;1;276;;M;0.0;0.0;570
5147;201500005738;15;3;8;1815;2;1;1;1;3;319;;M;0.0;0.0;570
5148;201500005739;15;3;28;2245;3;1;1;8;1;190;;M;0.0;0.0;570
5149;201500005740;15;5;21;1100;1;2;1;1;6;209;rue de metz, faulquemont;M;0.0;0.0;570
5150;201500005741;15;8;10;1800;1;2;1;1;3;159;28 rue du siège;M;4907659.0;658705.0;570
5151;201500005742;15;4;4;1630;1;1;1;2;1;18;GN 48.834 6.495;M;0.0;0.0;570
5152;201500005743;15;5;18;1615;1;1;1;1;1;712;;M;0.0;0.0;570
5153;201500005744;15;6;27;2200;3;1;1;1;6;434;;M;0.0;0.0;570
5154;201500005745;15;7;26;1900;1;1;1;2;7;625;;M;0.0;0.0;570
5155;201500005746;15;8;31;1900;1;1;1;6;6;40;GN 48.87 6.319;M;0.0;0.0;570
5156;201500005748;15;5;10;1630;1;1;1;1;7;494;;M;0.0;0.0;570
5157;201500005749;15;5;10;645;2;1;1;1;6;270;;M;0.0;0.0;570
5158;201500005750;15;5;19;100;3;1;1;1;6;11;;M;0.0;0.0;570
5159;201500005751;15;6;3;945;1;1;1;1;1;71;;M;0.0;0.0;570
5160;201500005752;15;10;2;2115;5;2;1;1;6;255;9 rue de Fénétrange;M;4879336.0;700150.0;570
5161;201500005753;15;11;3;830;1;2;1;1;1;177;Avenue du Gl De Gaulle;M;4881164.0;671750.0;570
5162;201500005754;15;11;14;1515;1;1;1;1;6;86;;M;0.0;0.0;570
5163;201500005755;15;3;10;1830;5;1;1;2;5;596;;M;0.0;0.0;570
5164;201500005757;15;9;26;430;3;1;1;1;7;665;;M;4912207.0;693016.0;570
5165;201500005758;15;1;5;845;1;1;1;4;1;466;;M;0.0;0.0;570
5166;201500005759;15;1;5;2200;5;2;1;5;1;669;19 rue de folkling;M;0.0;0.0;570
5167;201500005760;15;1;12;1830;5;2;1;1;6;316;1 rue de la paix;M;4909654.0;685363.0;570
5168;201500005762;15;1;23;2030;3;2;1;8;6;644;;M;0.0;0.0;570