;Num_Acc;an;mois;jour;hrmn;lum;agg;int;atm;col;com;adr;gps;lat;long;dep
5169;201500005763;15;1;27;400;3;1;1;9;7;207;;M;0.0;0.0;570
5170;201500005764;15;3;10;1130;1;2;1;1;1;207;11 grand'rue;M;4911695.0;686951.0;570
5171;201500005765;15;4;16;1;5;1;6;1;6;669;;M;0.0;0.0;570
5172;201500005766;15;4;15;1315;1;1;1;1;1;337;;M;0.0;0.0;570
5173;201500005767;15;4;16;1600;1;2;3;1;3;207;38 rue de tenteling;M;4915095.0;692441.0;570
5174;201500005768;15;5;22;1515;1;2;1;1;6;207;;M;0.0;0.0;570
5175;201500005769;15;5;22;1945;1;2;1;1;1;144;rue nationale;M;0.0;0.0;570
5176;201500005770;15;10;14;1400;1;1;1;8;7;466;;M;0.0;0.0;570
5177;201500005771;15;11;24;1700;3;1;1;4;1;316;;M;0.0;0.0;570
5178;201500005772;15;5;21;1615;1;1;1;1;3;115;;M;0.0;0.0;570
5179;201500005773;15;6;3;1630;1;2;1;1;6;560;rue des noisetiers;M;0.0;0.0;570
5180;201500005774;15;7;9;2230;3;1;1;1;7;409;;M;0.0;0.0;570
5181;201500005776;15;5;16;145;5;2;1;2;6;3;RUE DU GENERAL LECLERC;M;0.0;0.0;570
5182;201500005777;15;6;4;1245;1;1;1;7;7;763;;M;0.0;0.0;570
5183;201500005779;15;2;2;1830;5;2;1;1;6;589;4 rue de strasbourg;M;0.0;0.0;570
5184;201500005781;15;5;19;1045;1;1;1;1;5;408;;M;4915532.0;698281.0;570
5185;201500005782;15;7;4;2100;1;1;1;1;2;631;;M;0.0;0.0;570
5186;201500005783;15;9;27;145;5;1;1;1;3;633;;M;0.0;0.0;570
5187;201500005785;15;9;29;1530;1;1;1;1;3;188;GN 49.008 7.506;M;0.0;0.0;570
5188;201500005786;15;11;17;2330;3;2;1;1;6;658;Rue de la Vallée;M;0.0;0.0;570
5189;201500005787;15;4;15;1100;1;2;1;1;3;206;3, Rue de la Centrale;M;0.0;0.0;570
5190;201500005788;15;4;19;2145;5;2;1;1;3;206;Z.I de la FELTIERE;M;0.0;0.0;570
5191;201500005789;15;8;9;1715;1;1;1;1;7;724;;M;0.0;0.0;570
5192;201500005790;15;11;14;1700;2;1;1;1;1;206;;M;0.0;0.0;570
5193;201500005791;15;4;18;815;1;1;1;7;7;179;GN 49.343 6.278;M;0.0;0.0;570
5194;201500005792;15;4;29;1445;1;1;1;1;3;464;;M;0.0;0.0;570
5195;201500005793;15;7;6;1745;1;1;1;1;1;67;GN 49.309 6.172;M;0.0;0.0;570
5196;201500005794;15;8;20;1715;1;1;1;1;6;331;;M;0.0;0.0;570
5197;201500005795;15;8;23;1145;1;1;1;1;7;359;;M;0.0;0.0;570
5198;201500005796;15;9;8;1745;1;1;1;1;2;287;;M;0.0;0.0;570
5199;201500005797;15;9;12;1015;1;2;1;1;1;179;carrefour D61 D56;M;4933484.0;626901.0;570
5200;201500005798;15;10;5;1700;1;1;1;1;7;359;;M;0.0;0.0;570
5201;201500005799;15;12;9;1915;5;2;1;1;1;370;16 rue de Sierck;M;4939990.0;628881.0;570
5202;201500005800;15;4;9;930;1;2;9;7;6;474;362 rue de Metz;M;4925965.0;616992.0;570
5203;201500005801;15;7;4;1730;1;1;4;1;3;582;;M;4929204.0;616756.0;570
5204;201500005802;15;8;22;2145;3;1;1;1;6;582;;M;0.0;0.0;570
5205;201500005803;15;9;8;1030;1;2;1;1;6;474;356 rue de Metz;M;4925925.0;616987.0;570
5206;201500005805;15;2;4;800;1;1;1;9;6;320;;M;4888206.0;609229.0;540
5207;201500005806;15;10;11;400;5;2;1;1;7;424;1 Grande rue;M;0.0;0.0;540
5208;201500005807;15;12;5;1230;1;1;1;1;7;276;;M;0.0;0.0;540
5209;201500005808;15;12;18;730;2;1;1;1;1;188;;M;0.0;0.0;540
5210;201500005809;15;1;30;1115;1;1;1;4;3;113;;M;4874128.0;632904.0;540
5211;201500005810;15;5;8;1500;1;2;1;1;6;462;Grand Bois de Xarthe;M;4859789.0;635478.0;540
5212;201500005811;15;7;9;1715;1;2;1;1;1;311;route d'art sur meurthe;M;4866353.0;630306.0;540
5213;201500005812;15;7;19;1100;1;1;1;1;3;301;;M;4880275.0;631313.0;540
5214;201500005813;15;8;17;415;3;1;1;1;6;296;;M;4872300.0;627500.0;540
5215;201500005814;15;8;17;1900;1;1;1;1;7;89;;M;4875700.0;625900.0;540
5216;201500005815;15;8;21;130;3;1;1;1;6;358;;M;4875700.0;625300.0;540
5217;201500005816;15;10;23;200;3;1;1;1;6;296;;M;4873300.0;630500.0;540
5218;201500005817;15;12;13;245;3;1;1;1;7;250;;M;4865700.0;635000.0;540
5219;201500005818;15;12;28;800;2;2;9;5;6;462;16 rue gambetta;M;4859500.0;633300.0;540
5220;201500005819;15;2;20;1615;1;2;1;1;3;430;rue leonard de vinci;M;4877698.0;613405.0;540
5221;201500005820;15;7;1;2245;5;2;1;1;3;430;88 avenue  DE GAULLE;M;4877399.0;613037.0;540
5222;201500005821;15;7;9;1445;1;1;1;1;6;150;;M;4881321.0;616789.0;540
5223;201500005822;15;7;16;645;1;1;1;1;2;215;;M;4875675.0;613872.0;540
5224;201500005823;15;8;14;1100;1;2;6;1;6;150;place de la libération;M;4879005.0;614293.0;540
5225;201500005824;15;9;3;1800;1;2;1;1;3;430;136 bd de finlande;M;4876200.0;616400.0;540
5226;201500005825;15;10;4;1345;1;2;9;1;1;150;marechal de lattre de ta;M;0.0;0.0;540
5227;201500005826;15;10;7;245;5;1;1;2;7;351;;M;4879300.0;618000.0;540
5228;201500005827;15;10;14;15;5;2;1;2;3;215;rue de metz;M;0.0;0.0;540
5229;201500005829;15;11;5;1945;3;1;1;1;3;115;;M;4874200.0;615585.0;540
5230;201500005830;15;11;23;1600;1;2;1;1;6;115;1 rue de l ecole;M;4873243.0;616709.0;540
5231;201500005831;15;3;9;1400;1;1;2;1;3;196;;M;4892400.0;631400.0;540
5232;201500005832;15;3;22;1800;1;2;1;1;3;123;rue de nancy;M;4862790.0;612290.0;540
5233;201500005833;15;4;6;1645;1;2;2;1;3;111;Rue Edmond PINTIER;M;4861690.0;609098.0;540
5234;201500005834;15;5;1;1930;1;2;1;2;6;397;68 T rue Jean Jaures;M;4861978.0;610565.0;540
5235;201500005835;15;6;20;1245;1;1;1;1;3;196;;M;4855300.0;618700.0;540
5236;201500005836;15;8;2;1615;1;1;1;1;5;336;;M;4857779.0;606091.0;540
5237;201500005837;15;9;18;1645;1;1;1;1;1;437;;M;4891600.0;621100.0;540
5238;201500005838;15;9;29;800;1;2;1;1;3;366;RD115;M;4802200.0;620400.0;540
5239;201500005839;15;11;17;1445;1;2;1;1;3;397;Rue Jean Jaures;M;4862335.0;611140.0;540
5240;201500005840;15;11;23;645;2;1;1;9;1;142;;M;4845900.0;624200.0;540
5241;201500005841;15;11;24;1315;1;1;1;1;1;397;;M;4862000.0;608700.0;540
5242;201500005842;15;8;19;1115;1;1;1;1;6;275;;M;4897843.0;589059.0;540
5243;201500005843;15;1;4;1745;3;1;3;1;3;513;;M;4847109.0;611465.0;540
5244;201500005844;15;8;14;1500;1;1;3;1;3;434;;M;4844400.0;612500.0;540
5245;201500005845;15;9;27;1745;1;1;1;1;3;109;;M;4852000.0;615700.0;540
5246;201500005846;15;1;5;730;1;2;1;1;6;310;0, GARE (PLACE DE LA);;;;30
5247;201500005847;15;3;16;1240;1;2;1;1;3;23;157, AUBERGER (AVENUE FE;;;;30
5248;201500005848;15;1;10;1850;5;2;3;1;3;310;GRAMONT (AVENUE DE);;;;30
5249;201500005849;15;3;27;1150;1;2;1;1;6;310;0, TASSIGNY (BOULEVARD M;;;;30
5250;201500005850;15;3;28;1215;1;2;3;1;3;95;0, BICENTENAIRE (BOULEVA;;;;30
5251;201500005851;15;1;16;1835;5;2;4;2;3;310;GRAMONT (AVENUE DE);;;;30
5252;201500005852;15;1;22;1635;1;2;3;1;6;310;100, JAURES (RUE JEAN);;;;30
5253;201500005853;15;4;8;940;1;1;2;1;3;310;0, LYON (AVENUE DE);;;;30
5254;201500005854;15;1;22;1830;5;2;3;1;3;23;0, VICHY (AVENUE DE);;;;30
5255;201500005855;15;4;9;750;1;2;3;1;3;310;52, BARTINS (RUE DES);;;;30
5256;201500005856;15;1;30;2200;5;1;2;8;2;95;165, CHARMEIL (ROUTE DE);;;;30
5257;201500005857;15;4;14;1410;1;2;6;1;7;95;0, PEUPLIERS (RUE DES);;;;30
5258;201500005858;15;2;5;423;5;2;1;1;6;23;60, DE GAULLE (AVENUE DU;;;;30
5259;201500005859;15;4;15;600;5;1;1;1;6;23;11, CHARMEIL (ROUTE DE);;;;30
5260;201500005860;15;2;15;500;4;1;1;8;6;23;GANNAT (ROUTE DE);;;;30
5261;201500005863;15;2;21;2310;5;2;6;8;6;310;0, TASSIGNY (BOULEVARD M;;;;30
5262;201500005864;15;5;8;1305;1;2;1;1;1;95;0, VICHY (AVENUE DE;;;;30
5263;201500005865;15;3;6;1330;1;1;3;1;6;95;0, CHASSIGNOL (ROUTE DE);;;;30
5264;201500005866;15;5;11;1400;1;2;7;1;6;95;, TRACY (COUR);;;;30
5265;201500005867;15;3;11;2030;5;2;1;1;6;310;0, DOUMER (AVENUE DU PRE;;;;30
5266;201500005868;15;5;22;1305;1;2;2;1;3;310;MUTUALITE (BOULEVARD;;;;30
5267;201500005869;15;3;14;2330;5;2;2;1;6;310;20, GRAVES (BOULEVARD DE;;;;30
5268;201500005870;15;5;29;815;1;1;1;1;2;95;89, PARIS (ROUTE DE);;;;30
5269;201500005871;15;5;30;1715;1;2;3;1;6;310;0, DOUMER (AVENUE DU PRE;;;;30
5270;201500005874;15;6;8;750;1;2;3;1;3;310;0, THERMALE PROLONGEE (A;;;;30
5271;201500005875;15;6;17;1115;1;2;3;1;6;310;0, DOUMER (AVENUE DU PRE;;;;30
5272;201500005876;15;6;30;1950;1;1;3;1;3;23;EUROPE (AVENUE DE L');M;4614120.0;340623.0;30
5273;201500005877;15;6;30;2200;2;2;2;1;3;95;0, DARCIN (RUE DE);M;4613567.0;344623.0;30
5274;201500005878;15;7;9;1920;1;2;1;1;6;310;0, LUCAS (RUE);M;4612624.0;342186.0;30
5275;201500005879;15;7;16;1225;1;2;3;1;6;310;0, CELESTINS (AVENUE DES;M;4612458.0;342975.0;30
5276;201500005880;15;7;29;1110;1;2;1;2;1;310;44, VICTORIA (AVENUE);M;4612808.0;342482.0;30
5277;201500005881;15;8;10;530;5;2;1;1;6;310;97, CHARLOT (RUE);M;4613215.0;342338.0;30
5278;201500005882;15;8;14;1045;1;2;3;1;3;310;0, TASSIGNY (BOULEVARD M;;;;30
5279;201500005883;15;9;4;1550;1;2;2;1;3;310;0, BEL AIR (RUE DU);M;4613521.0;341813.0;30
5280;201500005884;15;9;8;1115;1;2;1;1;1;95;0, EUROPE (AVENUE DE L');;;;30
5281;201500005885;15;9;10;1620;1;2;3;1;3;310;0, JOFFRE (RUE DU MARECH;M;4612259.0;342787.0;30
5282;201500005886;15;9;15;2215;5;2;2;2;6;310;0, VOLTAIRE (RUE);M;4612349.0;343117.0;30
5283;201500005887;15;9;18;1525;1;2;1;1;3;95;6, ANJOU (RUE D');;;;30
5284;201500005888;15;10;6;1850;1;2;3;8;3;95;CHARMEIL (ROUTE DE);M;4614097.0;344475.0;30
5285;201500005889;15;10;9;930;1;2;3;1;6;310;PONCET (AVENUE);M;4613223.0;342339.0;30
5286;201500005890;15;10;10;1600;1;1;2;1;7;310;0, ETATS-UNIS (BOULEVARD;M;4612343.0;341757.0;30
5287;201500005891;15;10;15;1350;1;2;1;1;6;310;0, TASSIGNY (BOULEVARD M;;;;30
5288;201500005892;15;10;27;1750;2;2;1;2;2;310;AILES (ALLEE DES);M;4614172.0;341659.0;30
5289;201500005893;15;11;3;755;1;2;1;2;6;310;49, GRAMONT (AVENUE DE);M;4612984.0;343224.0;30
5290;201500005894;15;11;8;1455;1;2;1;1;1;1;0, LIBERTE (RUE DE LA);M;4609844.0;344331.0;30
5291;201500005895;15;11;4;1800;2;2;3;1;6;310;53, GAMBETTA (BOULEVARD);M;4612813.0;342774.0;30
5292;201500005896;15;11;18;1600;1;2;2;1;3;310;0, BARTINS (RUE DES);M;4613649.0;343123.0;30
5293;201500005897;15;11;28;2150;5;2;1;1;6;310;14, THIERS (RUE DE);M;4611870.0;343546.0;30
5294;201500005898;15;12;11;1740;3;2;1;1;1;23;0, BURLOT (RUE JEAN-BAPT;M;4611639.0;340395.0;30
5295;201500005899;15;12;4;1820;5;2;1;1;6;23;AUBERGER (AVENUE FERNAND;M;4611466.0;341180.0;30
5296;201500005900;15;12;14;1105;1;2;3;1;6;310;0, MUTUALITE (BOULEVARD;;;;30
5297;201500005901;15;12;24;255;5;2;1;1;6;95;13, MARCHE AU BLE (RUE D;M;4613207.0;345490.0;30
5298;201500005902;15;12;22;1845;5;2;1;1;6;310;35, CELESTINS (AVENUE DE;M;4612230.0;342768.0;30
5299;201500005903;15;12;26;1105;1;2;1;1;5;95;0, BICENTENAIRE (BOULEVA;M;4614134.0;344883.0;30
5300;201500005904;15;1;22;745;2;1;1;1;7;413;;M;4922083.0;583264.0;540
5301;201500005905;15;3;20;1700;1;1;1;1;1;249;;M;4909377.0;584611.0;540
5302;201500005906;15;4;2;1715;1;1;1;1;6;353;;M;4910413.0;587709.0;540
5303;201500005907;15;4;16;2300;3;1;1;1;1;82;;M;4916272.0;582273.0;540
5304;201500005908;15;6;27;1845;1;2;1;1;7;93;2 Rue de la chapelle;M;4912400.0;581500.0;540
5305;201500005909;15;7;4;2245;1;1;1;1;7;171;;M;4915214.0;594252.0;540
5306;201500005910;15;7;9;1000;1;1;2;1;3;478;rd13A/Le Chateau;M;4912264.0;597866.0;540
5307;201500005911;15;7;20;1945;1;1;1;1;3;477;;M;4902175.0;591232.0;540
5308;201500005912;15;8;23;1445;1;1;1;2;7;171;;M;4915100.0;591900.0;540
5309;201500005913;15;12;23;1815;3;1;1;1;6;581;;M;4911700.0;588300.0;540
5310;201500005914;15;2;19;1345;1;1;1;1;7;96;;M;4943500.0;587100.0;540
5311;201500005915;15;4;23;1815;1;2;1;1;3;533;43 rue marx raty;M;4932531.0;592584.0;540
5312;201500005916;15;5;17;1845;1;1;3;1;3;598;;M;4935228.0;576643.0;540
5313;201500005917;15;5;30;1700;1;1;1;1;1;69;;M;4937600.0;590700.0;540
5314;201500005918;15;9;21;1030;1;2;1;1;6;425;08/05/1945;M;4952800.0;530600.0;540
5315;201500005920;15;6;4;1745;1;1;8;1;3;125;;M;0.0;0.0;540
5316;201500005921;15;12;18;1215;1;1;1;1;6;83;;M;0.0;0.0;540
5317;201500005922;15;12;24;1445;1;1;1;1;6;83;;M;0.0;0.0;540
5318;201500005924;15;2;12;845;1;1;1;5;6;222;;M;4850400.0;650200.0;540
5319;201500005925;15;3;27;2015;5;2;1;1;7;76;30 avenue pierre semard;M;4855620.0;639800.0;540
5320;201500005926;15;5;4;1345;1;1;1;1;1;222;;M;4851915.0;647869.0;540
5321;201500005927;15;8;20;2000;2;1;1;1;3;595;;M;4853509.0;646122.0;540
5322;201500005928;15;9;26;30;5;2;1;1;7;152;25 Rue du Mchal Leclerc;M;4855900.0;638700.0;540
5323;201500005929;15;11;24;1745;3;2;1;2;6;152;ROUTE DE BLAINVILLE;M;4856700.0;636700.0;540
5324;201500005930;15;12;13;1315;1;1;1;1;7;565;;M;4855900.0;632400.0;540
5325;201500005931;15;12;29;715;3;1;9;1;1;565;;M;4857700.0;635300.0;540
5326;201500005932;15;4;5;1030;1;2;1;1;6;40;Rue Marechal foch;M;4849750.0;689692.0;540
5327;201500005933;15;5;9;745;1;1;1;1;6;129;;M;4858300.0;698100.0;540
5328;201500005934;15;9;7;1615;1;1;1;1;6;406;;M;4854300.0;672400.0;540
5329;201500005935;15;11;5;2030;3;1;1;1;6;230;;M;4860635.0;685592.0;540
5330;201500005936;15;11;21;115;3;1;1;8;7;39;;M;4845148.0;673221.0;540
5331;201500005937;15;2;5;700;3;1;1;9;6;135;;M;4851100.0;588300.0;540
5332;201500005938;15;4;3;1645;1;1;1;2;6;46;;M;4853163.0;586653.0;540
5333;201500005939;15;6;14;2030;1;1;4;1;3;223;;M;4855429.0;599926.0;540
5334;201500005940;15;6;30;1215;1;1;1;1;3;232;;M;4868918.0;599257.0;540
5335;201500005941;15;6;28;45;3;1;1;1;6;414;;M;0.0;0.0;540
5336;201500005942;15;8;2;2130;3;1;1;1;6;494;;M;4847700.0;593600.0;540
5337;201500005943;15;8;16;2330;5;2;1;1;6;73;rue Nicolas Chenin;M;4862631.0;591316.0;540
5338;201500005944;15;9;11;1915;1;1;1;1;6;105;;M;4855700.0;585100.0;540
5339;201500005945;15;9;14;1315;1;1;1;3;6;80;;M;4860100.0;584200.0;540
5340;201500005946;15;11;15;630;3;1;1;1;1;405;;M;4855900.0;595200.0;540
5341;201500005947;15;12;12;1400;1;2;1;1;6;242;ROUTE DE L'EGLISE;M;4817600.0;560100.0;540
5342;201500005949;15;2;24;1615;1;1;1;1;7;208;;M;0.0;0.0;540
5343;201500005950;15;3;13;1800;1;1;1;1;6;584;;M;0.0;0.0;540
5344;201500005952;15;3;27;730;1;1;1;1;2;490;;M;4879181.0;603809.0;540
5345;201500005953;15;4;10;1615;1;1;1;1;3;490;;M;4880509.0;602918.0;540
5346;201500005954;15;5;10;1245;1;2;1;1;3;225;R.petite suisse Lorraine;M;4883390.0;601361.0;540
5347;201500005955;15;5;31;245;3;1;1;1;6;7;;M;4874227.0;604996.0;540
5348;201500005956;15;8;7;1730;1;1;1;1;6;584;;M;4871282.0;596491.0;540
5349;201500005957;15;8;19;1345;1;1;1;1;5;340;;M;4889180.0;596191.0;540
5350;201500005958;15;12;15;1845;3;1;1;2;3;557;;M;4870100.0;605300.0;540
5351;201500005959;15;2;7;1615;1;1;1;1;6;378;;M;0.0;0.0;550
5352;201500005960;15;4;15;2000;1;1;1;1;6;178;;M;0.0;0.0;550
5353;201500005961;15;4;16;1700;1;1;2;1;3;177;;M;0.0;0.0;550
5354;201500005962;15;5;4;1900;1;1;1;1;7;427;;M;0.0;0.0;550
5355;201500005963;15;7;14;1345;1;1;1;1;6;101;;M;0.0;0.0;550
5356;201500005964;15;10;9;1545;1;1;1;1;1;366;;M;0.0;0.0;550
5357;201500005965;15;12;21;1615;1;2;1;7;6;11;40 grande rue;M;0.0;0.0;550
5358;201500005967;15;2;1;1230;1;1;1;4;6;315;;M;0.0;0.0;550
5359;201500005968;15;3;4;1045;1;2;3;1;1;519;rue de la gare;M;4872100.0;528653.0;550
5360;201500005969;15;5;26;2100;2;1;1;1;7;470;;M;0.0;0.0;550
5361;201500005970;15;7;20;1845;1;2;1;1;3;10;1 rue Paquet;M;0.0;0.0;550
5362;201500005972;15;9;18;1930;1;2;1;1;1;61;24 rue de Ménil;M;0.0;0.0;550
5363;201500005973;15;10;18;1815;1;1;1;1;1;335;;M;0.0;0.0;550
5364;201500005974;15;10;21;645;3;1;1;1;7;466;;M;0.0;0.0;550
5365;201500005975;15;11;7;1045;1;2;1;1;6;221;47/49 rue L. bompard;M;0.0;0.0;550
5366;201500005976;15;4;5;1745;1;1;1;1;6;184;;M;0.0;0.0;550
5367;201500005977;15;4;10;1845;1;2;6;1;7;288;rue nationale;M;0.0;0.0;550
5368;201500005979;15;12;5;2130;3;1;1;1;7;553;;M;4877100.0;560000.0;550
5369;201500005980;15;12;9;1715;5;2;1;1;6;122;rue grosdidier;M;0.0;0.0;550
5370;201500005981;15;12;25;1015;1;2;1;7;6;122;avenue des tilleuls;M;0.0;0.0;550
5371;201500005982;15;6;17;545;1;1;1;1;1;312;;M;4892671.0;552421.0;550
5372;201500005983;15;8;19;1400;1;1;1;1;6;159;;M;4894200.0;549300.0;550
5373;201500005984;15;12;25;2315;3;1;1;1;7;463;;M;4890100.0;544800.0;550
5374;201500005985;15;2;6;315;3;1;1;4;7;533;;M;0.0;0.0;550
5375;201500005986;15;4;26;300;3;1;1;1;6;59;;M;0.0;0.0;550
5376;201500005987;15;9;1;2245;1;1;1;3;1;573;;M;4868500.0;562400.0;550
5377;201500005988;15;10;9;1415;1;1;1;1;1;472;;M;0.0;0.0;550
5378;201500005989;15;4;27;615;2;2;1;1;1;351;RD 643 lieu dit TIVOLI;M;0.0;0.0;550
5379;201500005990;15;9;15;1330;1;1;1;2;3;351;;M;0.0;0.0;550
5380;201500005991;15;1;16;1745;5;2;1;2;6;347;16 rue de Verdun;M;0.0;0.0;550
5381;201500005992;15;3;18;1815;2;1;1;1;5;73;;M;0.0;0.0;550
5382;201500005994;15;6;30;1700;1;1;2;1;3;537;;M;4921300.0;548700.0;550
5383;201500005995;15;1;7;1130;1;2;1;8;6;117;11 ROUTE DE VARENNES;M;0.0;0.0;550
5384;201500005996;15;1;10;1845;3;2;1;2;6;346;rue d'Argonne;M;0.0;0.0;550
5385;201500005997;15;5;12;1445;1;1;1;1;6;65;;M;0.0;0.0;550
5386;201500005998;15;4;13;1430;1;2;1;1;6;181;Rue Nouvelle;M;4900000.0;500000.0;550
5387;201500005999;15;4;14;1400;1;2;1;1;6;461;Rue de la chaussée;M;0.0;0.0;550
5388;201500006000;15;4;16;1530;1;1;1;1;6;515;;M;0.0;0.0;550
5389;201500006001;15;5;6;1745;1;1;1;3;6;244;;M;4918109.0;560916.0;550
5390;201500006002;15;7;19;2015;1;2;1;1;6;317;Chemin du Gué;M;4911240.0;559706.0;550
5391;201500006003;15;9;11;645;2;2;1;1;5;2;route nationale;M;0.0;0.0;550
5392;201500006004;15;12;28;800;2;1;1;5;6;198;;M;0.0;0.0;550
5393;201500006005;15;1;30;1830;3;1;1;4;3;388;;M;4813135.0;637786.0;880
5394;201500006006;15;3;25;1115;1;1;1;8;6;178;;M;4817598.0;640937.0;880
5395;201500006007;15;5;6;815;1;1;1;1;1;134;;M;4814149.0;648310.0;880
5396;201500006008;15;6;12;1600;1;2;1;1;6;134;475 rue de la papeterie;M;4813699.0;647288.0;880
5397;201500006009;15;12;23;1600;2;1;1;8;5;136;;M;4822810.0;645426.0;880
5398;201500006010;15;6;10;1000;1;2;1;1;6;78;1 rue gambetta;M;4820872.0;672158.0;880
5399;201500006011;15;6;18;1545;1;1;1;1;6;91;;M;4817934.0;659294.0;880
5400;201500006013;15;1;10;1100;1;1;3;2;3;513;;M;4835048.0;631824.0;880
5401;201500006014;15;1;20;2115;5;1;1;1;7;513;;M;4833463.0;632539.0;880
5402;201500006015;15;6;10;1830;1;2;3;1;3;70;Grande rue;M;4833446.0;623310.0;880
5403;201500006016;15;9;20;1815;1;1;3;1;1;90;;M;4836809.0;627523.0;880
5404;201500006017;15;9;26;1530;1;1;1;1;6;90;;M;4836463.0;629001.0;880
5405;201500006018;15;9;28;1815;2;1;2;1;3;513;;M;4835051.0;631855.0;880
5406;201500006019;15;9;29;1615;1;1;2;1;3;513;;M;4835051.0;631855.0;880
5407;201500006020;15;11;2;1500;1;1;1;1;2;327;;M;4832254.0;636168.0;880
5408;201500006021;15;11;12;1445;1;2;1;1;6;90;;M;4837224.0;629285.0;880
5409;201500006022;15;4;16;1530;1;1;1;1;6;61;;M;4807961.0;594462.0;880
5410;201500006023;15;5;2;1845;1;1;1;2;6;421;;M;4800629.0;530147.0;880
5411;201500006024;15;7;7;1445;1;1;1;1;3;162;;M;4816322.0;605458.0;880
5412;201500006025;15;8;28;1645;1;2;9;2;6;310;Chemin de la Courtine;M;4803070.0;598037.0;880
5413;201500006026;15;10;17;1630;1;1;1;1;6;475;;M;4809377.0;574491.0;880
5414;201500006027;15;11;9;545;3;1;1;1;6;124;;M;4806729.0;608322.0;880
5415;201500006028;15;2;28;2300;3;1;1;8;6;410;;M;4838173.0;678538.0;880
5416;201500006029;15;6;7;1830;1;1;1;1;2;77;;M;4835126.0;670800.0;880
5417;201500006030;15;7;21;1430;1;1;1;1;1;395;;M;4835619.0;689308.0;880
5418;201500006031;15;8;30;1815;1;1;1;1;3;251;50 Rue de la Colline des;M;4832491.0;672674.0;880
5419;201500006032;15;10;13;1230;1;1;1;1;1;8;;M;4837583.0;667783.0;880
5420;201500006033;15;1;13;1515;1;2;1;1;6;327;38  rue de l'Eglise;M;4830688.0;638354.0;880
5421;201500006034;15;1;24;2245;3;1;1;1;1;454;;M;4826420.0;654797.0;880
5422;201500006035;15;1;31;715;2;2;1;4;7;465;cd 46;M;4825736.0;653396.0;880
5423;201500006037;15;2;21;1915;5;2;1;8;7;94;19 avenue leon  Lejeau;M;4831995.0;640240.0;880
5424;201500006038;15;2;28;445;3;1;1;1;6;327;;M;4829404.0;637707.0;880
5425;201500006039;15;3;28;745;1;1;1;1;6;327;;M;4832322.0;636021.0;880
5426;201500006041;15;5;1;2045;3;1;1;2;1;327;Face Z.I. Innothéra;M;4831690.0;636889.0;880
5427;201500006042;15;5;24;1630;1;2;6;1;7;465;rue lorraine;M;4826213.0;640812.0;880
5428;201500006043;15;7;31;1830;1;1;1;1;6;497;;M;4829569.0;641561.0;880
5429;201500006044;15;8;2;1345;1;2;1;7;3;247;16 rue Marie Jules;M;4827384.0;639318.0;880
5430;201500006045;15;9;7;1735;1;1;1;1;7;40;;M;4826208.0;647634.0;880
5431;201500006046;15;10;14;2015;5;2;2;1;3;200;route de mazeley;M;4823149.0;633796.0;880
5432;201500006047;15;11;23;130;3;1;1;1;6;379;;M;4835008.0;650350.0;880
5433;201500006048;15;12;24;1900;1;1;1;1;1;313;;M;4833472.0;641966.0;880
5434;201500006049;15;1;22;2000;5;2;1;2;1;225;444 routes d'arches;M;4809826.0;649576.0;880
5435;201500006050;15;9;6;700;2;2;1;1;6;134;;M;4814232.0;647225.0;880
5436;201500006051;15;9;6;530;2;1;1;1;6;530;;M;4804177.0;641286.0;880
5437;201500006052;15;12;6;215;3;1;1;1;6;225;;M;4806790.0;648383.0;880
5438;201500006053;15;12;31;500;3;1;1;8;6;530;;M;4805150.0;637644.0;880
5439;201500006054;15;3;18;1445;1;2;7;1;6;321;PLACE ALBERT VOILQUIN;M;4835688.0;569210.0;880
5440;201500006055;15;4;8;1815;1;2;3;7;3;460;rue du moulin;M;4840391.0;573335.0;880
5441;201500006056;15;4;18;430;3;1;1;1;6;74;;M;4836472.0;548547.0;880
5442;201500006057;15;8;19;2330;3;1;1;1;1;241;;M;4829698.0;589217.0;880
5443;201500006058;15;9;9;1000;1;2;1;1;4;321;division Leclerc;M;4836322.0;569398.0;880
5444;201500006059;15;9;21;1245;1;2;1;1;6;321;1 avenue de Herringen;M;4835863.0;569261.0;880
5445;201500006060;15;5;11;1400;1;1;1;1;7;652;;M;4722498.0;462130.0;210
5446;201500006061;15;1;9;1930;5;2;2;1;6;304;Rue Victor Hugo;M;4830597.0;613389.0;880
5447;201500006062;15;3;1;2145;3;1;1;1;1;525;;M;4827466.0;615428.0;880
5448;201500006063;15;3;29;1530;1;1;9;1;1;237;;M;4821748.0;628453.0;880
5449;201500006064;15;4;6;1445;1;1;2;1;1;368;;M;4830796.0;659883.0;880
5450;201500006065;15;4;9;800;1;2;1;1;3;6;428 Rue du Menil;M;4834558.0;613909.0;880
5451;201500006066;15;6;15;945;1;1;1;2;7;508;;M;4818657.0;620038.0;880
5452;201500006067;15;12;24;1045;1;2;2;1;6;304;rue GERMINI;M;4830707.0;613385.0;880
5453;201500006068;15;5;6;1330;1;1;1;1;2;524;;M;4817650.0;571925.0;880