;Num_Acc;an;mois;jour;hrmn;lum;agg;int;atm;col;com;adr;gps;lat;long;dep
5454;201500006069;15;5;30;1900;1;1;1;1;6;285;;M;4821725.0;590093.0;880
5455;201500006070;15;8;26;2115;3;1;1;1;1;332;;M;4820127.0;593208.0;880
5456;201500006071;15;12;17;1845;4;1;1;1;2;516;;M;4819162.0;592468.0;880
5457;201500006072;15;4;25;1430;1;1;1;1;3;464;;M;4810674.0;669002.0;880
5458;201500006073;15;6;23;1115;1;1;1;1;5;487;;M;4792181.0;646781.0;880
5459;201500006074;15;10;18;1445;1;1;1;1;3;487;Route des Scieries;M;4796809.0;648754.0;880
5460;201500006076;15;3;28;930;1;1;1;2;7;75;;M;4801302.0;694747.0;880
5461;201500006077;15;5;30;915;1;2;1;1;6;486;Rue du Général DE GAULE;M;4800912.0;671653.0;880
5462;201500006078;15;7;21;1745;1;1;1;1;6;116;;M;4798082.0;683339.0;880
5463;201500006080;15;12;17;1730;2;2;1;1;6;75;01 quai des iranées;M;4800353.0;687477.0;880
5464;201500006081;15;2;23;1015;1;1;1;4;4;426;;M;4785737.0;682166.0;880
5465;201500006082;15;3;8;1545;1;1;1;1;3;170;;M;4791041.0;670206.0;880
5466;201500006083;15;5;1;300;5;2;1;3;6;426;16 rue d'Alsace;M;4786378.0;682648.0;880
5467;201500006084;15;7;6;1730;1;1;1;7;1;170;;M;4789689.0;673182.0;880
5468;201500006085;15;8;12;1730;1;1;1;1;6;302;;M;4791359.0;679831.0;880
5469;201500006086;15;9;1;2230;3;1;6;1;7;408;;M;4790707.0;669597.0;880
5470;201500006087;15;3;8;1745;1;1;1;1;7;386;;M;4826051.0;699199.0;880
5471;201500006088;15;4;6;2215;3;1;1;1;7;182;;M;4829128.0;705851.0;880
5472;201500006089;15;11;7;300;3;1;1;3;3;445;;M;4825148.0;695726.0;880
5473;201500006090;15;12;13;315;3;1;1;1;6;375;;M;4826425.0;704873.0;880
5474;201500006091;15;1;6;1745;1;2;1;1;1;9;1042 rue de saint die;M;4820085.0;694543.0;880
5475;201500006092;15;5;10;1100;1;2;1;1;3;9;Route départementale 415;M;4819154.0;695118.0;880
5476;201500006093;15;5;23;1730;1;1;1;1;7;349;;M;4812855.0;702882.0;880
5477;201500006094;15;6;12;1000;1;1;1;1;2;9;;M;4817249.0;692609.0;880
5478;201500006095;15;9;6;1830;1;1;1;1;3;198;;M;4810352.0;690613.0;880
5479;201500006096;15;9;12;1000;1;2;1;1;2;181;2, rue du génral Ingold;M;4818381.0;700273.0;880
5480;201500006097;15;10;9;1600;1;1;1;1;6;218;;M;4814200.0;682228.0;880
5481;201500006098;15;12;16;2015;4;2;1;2;1;423;rue de l'église;M;4821539.0;694477.0;880
5482;201500006099;15;12;22;1715;3;1;1;8;1;492;;M;4805708.0;701062.0;880
5483;201500006100;15;4;22;2330;3;1;1;1;6;196;;M;4807332.0;682639.0;880
5484;201500006101;15;6;10;2130;2;1;1;1;6;196;;M;4806441.0;686272.0;880
5485;201500006102;15;7;6;1615;1;1;1;1;6;196;;M;4807206.0;686343.0;880
5486;201500006103;15;9;20;1830;2;1;1;1;3;531;;M;4805470.0;700512.0;880
5487;201500006104;15;1;6;1000;1;1;1;1;7;245;;M;4835015.0;694543.0;880
5488;201500006105;15;1;29;1745;5;2;1;2;6;451;;M;4839101.0;698014.0;880
5489;201500006106;15;3;13;700;1;1;2;1;3;328;;M;4832163.0;684722.0;880
5490;201500006107;15;4;18;1745;1;1;1;1;7;33;Col d'Hermanpaire;M;4836126.0;702766.0;880
5491;201500006109;15;1;13;1830;1;2;3;1;3;28;Rue du Moulin;M;0.0;0.0;670
5492;201500006110;15;5;6;1845;1;2;1;1;7;28;1 F rue du Piémont;M;0.0;0.0;670
5493;201500006111;15;5;24;430;5;1;1;1;6;246;PV,SENS BENFELD-SELESTAT;M;0.0;0.0;670
5494;201500006112;15;6;20;1045;1;1;1;1;7;412;;M;0.0;0.0;670
5495;201500006113;15;7;27;1015;1;2;1;1;3;397;intersection rue de frie;M;0.0;0.0;670
5496;201500006114;15;8;17;1915;1;1;1;1;1;146;;M;0.0;0.0;670
5497;201500006115;15;10;11;345;3;1;1;1;6;464;;M;0.0;0.0;670
5498;201500006116;15;10;21;2200;5;2;1;1;3;216;7 rue du 1erdécembre;M;0.0;0.0;670
5499;201500006117;15;11;1;800;2;1;1;5;6;28;;M;0.0;0.0;670
5500;201500006118;15;11;26;700;5;2;1;2;6;28;rue de Strasbourg;M;0.0;0.0;670
5501;201500006120;15;9;13;515;5;2;1;2;6;131;;M;0.0;0.0;670
5502;201500006121;15;12;4;800;1;2;1;1;3;131;14 rue Fusiliers Marins;M;0.0;0.0;670
5503;201500006122;15;12;7;1545;1;2;1;1;6;378;RUE DU COIN DES LIEVRES;M;0.0;0.0;670
5504;201500006123;15;1;13;1830;5;2;1;1;1;130;45 RUE DU PRINTEMPS;M;0.0;0.0;670
5505;201500006124;15;1;21;830;1;1;1;1;1;526;;M;0.0;0.0;670
5506;201500006125;15;1;27;645;3;1;1;1;7;130;;M;0.0;0.0;670
5507;201500006126;15;2;13;1515;1;1;6;1;1;130;;M;0.0;0.0;670
5508;201500006127;15;3;22;1500;1;2;9;1;3;130;25 avenue de la gare;M;0.0;0.0;670
5509;201500006128;15;5;19;800;1;2;1;8;6;130;avenue de la gare;M;0.0;0.0;670
5510;201500006130;15;6;27;1230;1;2;3;1;1;154;;M;0.0;0.0;670
5511;201500006131;15;7;21;1000;1;2;1;1;3;130;rue Mercière;M;0.0;0.0;670
5512;201500006132;15;8;16;1615;1;1;1;1;1;130;;M;0.0;0.0;670
5513;201500006133;15;9;3;1000;1;1;9;1;6;130;;M;0.0;0.0;670
5514;201500006134;15;9;7;745;1;2;1;1;3;130;16 RUE OBERLIN;M;0.0;0.0;670
5515;201500006135;15;9;15;1200;1;2;1;1;3;130;39 rue du printemps;M;0.0;0.0;670
5516;201500006136;15;10;8;1615;1;2;1;1;6;336;RUE DU RIED;M;0.0;0.0;670
5517;201500006137;15;10;30;2230;5;2;9;1;1;526;rue du 20 novembre;M;0.0;0.0;670
5518;201500006138;15;12;6;1845;3;1;9;1;1;130;;M;0.0;0.0;670
5519;201500006140;15;1;16;1745;5;2;1;2;6;348;rue du Gal Leclerc;M;0.0;0.0;670
5520;201500006141;15;3;25;730;1;2;1;1;3;348;RD322;M;0.0;0.0;670
5521;201500006142;15;5;19;915;1;1;9;1;3;248;;M;0.0;0.0;670
5522;201500006143;15;6;6;1630;1;2;1;1;1;348;41 RUE GENERAL LECLERC;M;0.0;0.0;670
5523;201500006144;15;6;21;1400;1;1;1;1;6;348;;M;0.0;0.0;670
5524;201500006145;15;6;29;2200;5;2;1;1;6;286;267 rue principale;M;0.0;0.0;670
5525;201500006146;15;9;16;1530;1;1;1;1;3;248;;M;0.0;0.0;670
5526;201500006147;15;11;18;1415;1;1;1;1;1;348;;M;0.0;0.0;670
5527;201500006148;15;12;8;1015;1;1;1;5;7;348;;M;0.0;0.0;670
5528;201500006149;15;12;15;1430;1;2;1;1;2;348;2 rue des bonnes gens;M;0.0;0.0;670
5529;201500006150;15;1;6;815;2;1;1;5;1;331;;M;0.0;0.0;670
5530;201500006151;15;3;13;1415;1;1;1;1;7;540;;M;0.0;0.0;670
5531;201500006152;15;6;9;1200;1;1;2;1;1;87;;M;0.0;0.0;670
5532;201500006154;15;7;17;1700;1;1;1;1;2;359;;M;0.0;0.0;670
5533;201500006155;15;10;26;445;3;1;1;1;1;87;;M;0.0;0.0;670
5534;201500006156;15;12;18;1315;1;2;1;1;6;458;Rue du château d'eau;M;0.0;0.0;670
5535;201500006157;15;6;9;2230;3;1;1;1;2;46;;M;0.0;0.0;670
5536;201500006158;15;6;10;1215;1;1;6;1;7;46;;M;0.0;0.0;670
5537;201500006160;15;4;29;1330;1;1;1;1;6;188;;M;0.0;0.0;670
5538;201500006161;15;6;5;1000;1;1;1;1;2;80;;M;0.0;0.0;670
5539;201500006162;15;9;6;600;2;2;1;8;6;128;rue de la Gare;M;0.0;0.0;670
5540;201500006163;15;9;12;145;3;1;1;8;7;168;;M;0.0;0.0;670
5541;201500006164;15;11;3;845;1;2;9;1;6;300;Rue henri MECK;M;0.0;0.0;670
5542;201500006165;15;11;8;1400;1;1;1;7;1;127;;M;0.0;0.0;670
5543;201500006166;15;11;23;1630;2;2;1;1;6;101;24 faubourg des Vosges;M;0.0;0.0;670
5544;201500006167;15;6;26;1100;1;1;1;1;6;167;;M;0.0;0.0;670
5545;201500006168;15;8;21;1730;1;1;1;1;1;299;;M;0.0;0.0;670
5546;201500006170;15;12;9;315;3;1;1;2;6;52;;M;0.0;0.0;670
5547;201500006171;15;1;2;945;1;1;1;1;1;59;;M;0.0;0.0;670
5548;201500006172;15;3;24;715;1;2;1;1;3;20;de Lattre de Tassigny;M;0.0;0.0;670
5549;201500006173;15;4;20;2130;3;1;1;1;6;420;;M;0.0;0.0;670
5550;201500006175;15;5;15;1830;1;2;1;1;6;66;;M;0.0;0.0;670
5551;201500006176;15;5;28;1200;1;1;1;1;6;420;;M;0.0;0.0;670
5552;201500006177;15;7;13;1100;1;1;1;1;1;165;;M;0.0;0.0;670
5553;201500006179;15;4;16;1745;1;2;2;1;1;520;rue de la vallée;M;0.0;0.0;670
5554;201500006180;15;5;11;1500;1;1;6;1;3;240;;M;0.0;0.0;670
5555;201500006182;15;6;18;1130;1;1;1;1;1;313;;M;0.0;0.0;670
5556;201500006183;15;6;19;1515;1;1;1;1;7;520;;M;0.0;0.0;670
5557;201500006184;15;8;31;1700;1;2;1;1;6;525;rue du geisweg;M;0.0;0.0;670
5558;201500006186;15;9;24;1945;5;2;1;8;2;372;RUE DE SAVERNE;M;0.0;0.0;670
5559;201500006187;15;3;8;2100;3;1;1;1;6;191;;M;0.0;0.0;670
5560;201500006188;15;8;10;500;5;1;6;1;6;91;;M;0.0;0.0;670
5561;201500006189;15;9;1;1645;1;1;1;3;1;156;PV, rue du Gal de Gaulle;M;4871500.0;775700.0;670
5562;201500006190;15;2;5;1515;1;1;1;1;6;548;;M;0.0;0.0;670
5563;201500006191;15;3;20;1900;5;2;1;1;3;202;RUE DE BOUXWILLER;M;0.0;0.0;670
5564;201500006192;15;4;4;1630;1;1;1;1;6;138;;M;0.0;0.0;670
5565;201500006193;15;5;17;1500;1;1;1;1;1;109;;M;0.0;0.0;670
5566;201500006194;15;6;12;2100;2;1;1;2;1;214;;M;0.0;0.0;670
5567;201500006196;15;7;23;1800;1;1;3;1;3;548;;M;0.0;0.0;670
5568;201500006197;15;8;1;1445;1;1;1;1;1;173;;M;0.0;0.0;670
5569;201500006198;15;10;4;130;5;1;1;2;1;173;;M;0.0;0.0;670
5570;201500006199;15;10;31;815;1;1;1;2;6;253;;M;0.0;0.0;670
5571;201500006200;15;2;7;1800;5;2;9;1;6;205;119 rue de la R?publique;M;0.0;0.0;670
5572;201500006201;15;2;10;1830;3;1;1;1;6;519;;M;0.0;0.0;670
5573;201500006202;15;2;20;1130;1;2;1;1;6;205;rue de la ,r?publique;M;0.0;0.0;670
5574;201500006203;15;3;15;530;3;1;1;1;6;151;;M;0.0;0.0;670
5575;201500006204;15;4;3;1;3;1;1;1;1;529;;M;0.0;0.0;670
5576;201500006205;15;7;31;1430;1;1;1;1;1;519;PV;M;0.0;0.0;670
5577;201500006206;15;8;26;1530;1;1;1;1;2;237;;M;0.0;0.0;670
5578;201500006207;15;2;21;1700;1;2;1;1;6;65;25 rue principale;M;0.0;0.0;670
5579;201500006208;15;3;28;45;3;1;1;1;4;226;;M;0.0;0.0;670
5580;201500006209;15;4;5;645;2;1;1;1;6;1;;M;0.0;0.0;670
5581;201500006210;15;4;7;1630;1;1;1;1;6;1;PV,SENS HOLTZHEIM-ACHENH;M;0.0;0.0;670
5582;201500006211;15;4;25;430;5;2;1;1;6;1;47 Rue Bourgend;M;0.0;0.0;670
5583;201500006212;15;7;20;1530;1;1;1;1;6;551;;M;0.0;0.0;670
5584;201500006215;15;9;3;1145;1;1;1;1;1;65;PV;M;0.0;0.0;670
5585;201500006216;15;12;4;1715;2;1;1;2;1;65;;M;0.0;0.0;670
5586;201500006217;15;2;23;1515;1;1;1;2;1;115;;M;0.0;0.0;670
5587;201500006218;15;4;1;1715;1;2;1;1;1;115;52 route Nationale;M;0.0;0.0;670
5588;201500006219;15;5;4;1445;1;1;1;1;3;73;;M;0.0;0.0;670
5589;201500006220;15;6;21;1700;1;1;1;1;6;505;;M;0.0;0.0;670
5590;201500006221;15;8;19;1100;1;1;1;1;1;445;;M;0.0;0.0;670
5591;201500006222;15;8;20;1000;1;2;1;1;6;317;4 rue des pins;M;0.0;0.0;670
5592;201500006223;15;10;2;1300;1;1;1;1;1;73;;M;0.0;0.0;670
5593;201500006224;15;11;19;1715;5;2;1;2;6;507;place Charles De Gaulle;M;0.0;0.0;670
5594;201500006225;15;2;21;1130;1;1;1;1;1;295;;M;0.0;0.0;670
5595;201500006226;15;5;16;1630;1;1;1;1;1;51;;M;0.0;0.0;670
5596;201500006227;15;1;7;745;1;1;1;8;7;90;;M;0.0;0.0;670
5597;201500006228;15;2;10;2015;3;1;1;1;6;360;;M;0.0;0.0;670
5598;201500006229;15;2;14;1915;3;1;1;1;1;486;;M;0.0;0.0;670
5599;201500006230;15;2;23;1630;1;1;1;2;3;277;;M;0.0;0.0;670
5600;201500006231;15;3;9;1645;1;2;1;1;6;281;parking rue des cerisier;M;0.0;0.0;670
5601;201500006233;15;3;20;1230;1;2;1;1;1;311;rue WELCHINGER;M;0.0;0.0;670
5602;201500006234;15;4;27;1445;1;2;1;1;3;461;rue de Hessenheim;M;0.0;0.0;670
5603;201500006236;15;6;13;1800;1;1;1;1;6;281;;M;0.0;0.0;670
5604;201500006237;15;7;2;1400;1;1;1;1;3;398;;M;0.0;0.0;670
5605;201500006238;15;8;16;115;3;1;1;3;7;311;;M;0.0;0.0;670
5606;201500006239;15;11;3;700;1;2;1;8;1;311;53 rue welschinger;M;0.0;0.0;670
5607;201500006240;15;12;15;730;3;1;1;1;6;486;;M;0.0;0.0;670
5608;201500006241;15;12;28;1545;1;2;1;1;7;461;;M;0.0;0.0;670
5609;201500006244;15;6;12;1615;1;1;1;8;3;451;;M;0.0;0.0;670
5610;201500006245;15;6;26;2145;2;2;1;1;1;351;1 rue des églises;M;0.0;0.0;670
5611;201500006246;15;7;1;745;1;1;1;1;1;494;;M;0.0;0.0;670
5612;201500006247;15;9;6;1330;1;1;1;1;1;544;;M;0.0;0.0;670
5613;201500006248;15;11;2;1715;5;2;1;1;2;544;09 rue vauban;M;0.0;0.0;670
5614;201500006249;15;12;8;830;1;1;1;5;1;544;;M;0.0;0.0;670
5615;201500006250;15;4;10;1545;1;2;1;1;3;463;8 av Général Schneider;M;0.0;0.0;670
5616;201500006251;15;10;5;1645;1;1;1;1;6;25;;M;4885700.0;809099.0;670
5617;201500006252;15;3;23;1445;1;2;3;1;3;184;Rue de la Gare;M;0.0;0.0;670
5618;201500006254;15;7;26;1145;1;1;1;1;3;474;;M;0.0;0.0;670
5619;201500006255;15;8;9;400;3;1;1;1;6;474;;M;0.0;0.0;670
5620;201500006257;15;5;12;1745;1;1;1;1;7;303;;M;0.0;0.0;670
5621;201500006258;15;6;7;1545;1;1;1;1;2;260;;M;0.0;0.0;670
5622;201500006259;15;10;10;1730;1;1;1;1;6;550;;M;0.0;0.0;670
5623;201500006261;15;1;24;1645;1;1;1;4;6;9;;M;4811534.0;753076.0;680
5624;201500006262;15;3;21;1545;1;2;1;1;1;146;RD4 III;M;0.0;0.0;680
5625;201500006263;15;3;27;1400;1;2;3;1;3;145;place du 1er f?vrier;M;4808081.0;739402.0;680
5626;201500006264;15;4;24;1145;1;1;6;1;3;9;;M;4811609.0;753568.0;680
5627;201500006265;15;5;22;1700;1;1;1;1;3;295;;M;4801413.0;737308.0;680
5628;201500006266;15;6;23;700;1;1;2;7;3;157;;M;4812290.0;746810.0;680
5629;201500006267;15;6;24;2000;1;1;6;1;3;366;;M;4810983.0;743869.0;680
5630;201500006268;15;9;23;945;1;1;1;1;3;295;;M;0.0;0.0;680
5631;201500006269;15;11;13;1530;1;1;1;1;6;172;;M;4808522.0;753460.0;680
5632;201500006270;15;1;6;945;1;2;1;1;6;175;40 rue du Gal DUFIEUX;M;4815281.0;716857.0;680
5633;201500006271;15;2;1;345;3;1;1;4;6;249;;M;4811314.0;714414.0;680
5634;201500006272;15;2;23;2215;3;1;1;2;6;175;;M;4814995.0;717419.0;680
5635;201500006273;15;4;15;1330;1;1;2;1;3;175;;M;4814587.0;717964.0;680
5636;201500006274;15;5;4;930;1;2;1;1;3;164;12 Route du Vin;M;4813711.0;722784.0;680
5637;201500006275;15;6;3;1400;1;1;1;1;1;162;;M;4813488.0;726885.0;680
5638;201500006276;15;6;15;745;1;1;1;2;5;310;;M;4813149.0;731699.0;680
5639;201500006277;15;6;18;2045;1;1;1;8;3;23;;M;4816121.0;733733.0;680
5640;201500006278;15;8;3;1600;1;1;1;7;6;249;;M;4812525.0;709647.0;680
5641;201500006279;15;11;14;1730;3;1;3;1;3;5;;M;4812482.0;724870.0;680
5642;201500006280;15;2;4;730;2;2;1;8;6;329;26 route de la Schlucht;M;4805137.0;710811.0;680
5643;201500006281;15;2;10;1400;1;2;1;7;1;226;De Lattre de Tassigny;M;4803923.0;714351.0;680
5644;201500006282;15;2;10;2330;3;2;1;1;6;226;D417;M;4804775.0;721084.0;680
5645;201500006283;15;2;14;1115;1;2;3;1;3;226;rue Martin Hilti;M;4804293.0;716057.0;680
5646;201500006284;15;3;1;1830;2;1;1;2;3;317;;M;4805746.0;710267.0;680
5647;201500006285;15;5;17;1015;1;1;1;1;1;311;;M;4798729.0;705985.0;680
5648;201500006286;15;6;11;730;1;2;3;1;7;204;Intersection CD10-CD10VI;M;4801311.0;707144.0;680
5649;201500006287;15;6;16;1630;1;2;1;1;1;142;rue principale;M;4805388.0;718282.0;680
5650;201500006288;15;6;28;1500;1;1;1;1;5;317;;M;4806762.0;705982.0;680
5651;201500006290;15;9;19;2130;3;2;3;2;1;223;rue principale;M;4802541.0;705246.0;680
5652;201500006291;15;12;19;2030;3;1;1;1;6;226;;M;4804548.0;712375.0;680
5653;201500006292;15;9;28;1840;1;1;1;1;5;379;;M;4803204.0;750586.0;680
5654;201500006293;15;10;28;830;1;2;1;1;6;352;voie romaine;M;4801645.0;753831.0;680
5655;201500006294;15;11;5;1045;1;1;1;1;6;352;;M;4800935.0;754133.0;680
5656;201500006295;15;4;12;1345;1;1;1;1;7;296;RD48 1;M;4825858.0;730076.0;680
5657;201500006296;15;6;9;615;1;1;1;1;1;153;;M;4816865.0;746288.0;680
5658;201500006297;15;6;14;1730;1;1;1;1;7;28;;M;4823792.0;731601.0;680
5659;201500006298;15;6;30;2030;1;1;3;1;3;269;;M;4818912.0;735028.0;680
5660;201500006299;15;7;3;2145;2;1;1;1;6;113;;M;4818701.0;741948.0;680
5661;201500006300;15;7;28;1130;1;2;1;1;6;269;Rue de la Marne;M;4819383.0;731549.0;680
5662;201500006301;15;10;13;745;2;1;1;1;7;269;;M;4820334.0;726868.0;680
5663;201500006302;15;7;5;1300;1;1;1;1;3;298;;M;4822804.0;722634.0;680
5664;201500006303;15;12;29;600;5;2;1;8;6;283;34 rue Général DE GAULLE;M;0.0;0.0;680
5665;201500006305;15;4;20;945;1;1;6;1;7;155;;M;4810391.0;730353.0;680
5666;201500006306;15;7;24;930;1;2;1;1;6;374;12 rue Herzog;M;4808563.0;731639.0;680
5667;201500006308;15;9;24;1830;1;1;1;1;1;134;;M;4801668.0;733596.0;680
5668;201500006309;15;9;24;915;1;1;1;1;4;374;;M;0.0;0.0;680
5669;201500006310;15;10;30;1845;5;2;1;8;3;338;route des trois epis;M;0.0;0.0;680
5670;201500006311;15;11;3;1600;1;2;1;1;3;66;64 rue Robert Schumann;M;4808233.0;732539.0;680
5671;201500006313;15;2;18;1300;1;2;1;1;3;138;18 rue de betendrof;M;4758549.0;752957.0;680
5672;201500006314;15;6;23;1300;1;2;6;7;3;4;R hirtzbach/2 cuirassier;M;4761686.0;723625.0;680
5673;201500006315;15;6;29;1900;1;1;1;1;1;139;;M;4759868.0;722999.0;680
5674;201500006316;15;7;10;1815;1;1;1;1;6;4;;M;4762677.0;724280.0;680
5675;201500006317;15;7;10;1000;1;1;1;1;6;62;;M;4762948.0;720081.0;680
5676;201500006318;15;7;12;2215;5;2;1;1;3;108;Rue du Chemin de fer;M;4756772.0;729571.0;680
5677;201500006319;15;7;25;830;2;1;1;1;3;4;;M;4763263.0;726161.0;680
5678;201500006320;15;9;10;1815;1;1;1;1;3;4;;M;4757754.0;728422.0;680
5679;201500006322;15;12;21;800;1;1;1;2;1;62;;M;4760123.0;716130.0;680
5680;201500006323;15;7;19;1915;1;1;1;1;6;2;;M;4759861.0;710159.0;680
5681;201500006324;15;9;23;700;2;1;1;1;1;282;;M;0.0;0.0;680
5682;201500006325;15;12;16;1845;5;2;1;2;6;68;rue du bassin;M;0.0;0.0;680
5683;201500006326;15;4;7;1515;1;1;1;1;6;340;;M;4753889.0;714519.0;680
5684;201500006327;15;4;19;1715;1;1;1;1;7;312;;M;4747502.0;734032.0;680
5685;201500006328;15;5;24;315;3;1;1;1;6;305;;M;4753241.0;715563.0;680
5686;201500006329;15;5;28;2000;1;1;1;1;3;186;;M;4747122.0;728910.0;680
5687;201500006331;15;5;31;2115;3;1;1;1;6;87;;M;4753241.0;723839.0;680
5688;201500006332;15;7;22;1645;1;1;1;1;1;380;;M;4744498.0;738028.0;680
5689;201500006333;15;8;3;1830;1;2;1;1;1;202;rue de fulleren;M;4759200.0;713099.0;680
5690;201500006334;15;9;6;30;5;2;3;1;6;98;55 rue principale;M;4756557.0;714969.0;680
5691;201500006335;15;9;11;1630;1;1;1;1;1;259;;M;4746501.0;735502.0;680
5692;201500006336;15;12;9;1600;1;2;1;1;6;87;6 rue des près;M;4753460.0;726477.0;680
5693;201500006337;15;1;9;1315;1;1;1;2;6;82;;M;4786810.0;746850.0;680
5694;201500006338;15;1;10;1845;3;1;4;2;3;258;;M;4782624.0;728525.0;680
5695;201500006339;15;3;20;1700;1;1;3;1;3;228;;M;4792814.0;735827.0;680
5696;201500006340;15;4;12;1330;1;2;1;7;6;91;rue du rhin;M;4791439.0;735827.0;680
5697;201500006341;15;5;16;1600;1;2;1;1;2;258;45 rue d'Ensisheim;M;4752848.0;730915.0;680
5698;201500006342;15;5;22;230;3;1;1;1;6;235;;M;4798211.0;743174.0;680
5699;201500006343;15;6;14;1615;1;1;1;7;7;91;;M;4191278.0;757411.0;680
5700;201500006344;15;6;15;645;2;1;1;2;6;82;;M;4783907.0;734308.0;680
5701;201500006345;15;6;14;1345;1;1;1;1;6;140;;M;4790556.0;741309.0;680
5702;201500006346;15;6;19;1730;1;2;1;1;1;82;rue de pulversheim;M;4785856.0;733947.0;680
5703;201500006348;15;7;11;2030;1;1;1;1;1;235;;M;4799759.0;736589.0;680
5704;201500006349;15;7;21;1030;1;1;1;1;1;140;;M;4792075.0;744794.0;680
5705;201500006350;15;8;15;2215;2;2;1;1;6;228;;M;4792820.0;734375.0;680
5706;201500006352;15;10;21;1445;1;1;9;1;3;41;;M;4787360.0;751482.0;680
5707;201500006353;15;10;21;2345;3;1;1;1;6;41;;M;4785914.0;751934.0;680
5708;201500006354;15;11;5;1730;5;2;3;1;3;82;rue d'Ungersheim;M;4786749.0;733828.0;680
5709;201500006355;15;11;18;900;1;1;1;1;7;241;;M;4794440.0;736303.0;680
5710;201500006356;15;12;7;1545;2;1;2;7;3;234;;M;4794235.0;741711.0;680
5711;201500006357;15;12;20;1115;1;2;1;1;3;266;cd 201;M;0.0;0.0;680
5712;201500006358;15;12;28;1745;3;1;1;1;3;258;;M;0.0;0.0;680
5713;201500006359;15;1;7;1730;3;1;1;1;3;318;;M;4797960.0;722571.0;680
5714;201500006360;15;4;3;2005;3;1;1;2;7;123;RD83 PR37+000;M;4801326.0;730794.0;680
5715;201500006361;15;4;23;1415;1;1;1;1;7;318;RD40 PR3+700;M;4795524.0;721053.0;680
5716;201500006362;15;7;11;1330;1;2;1;1;1;251;7, rue de Soultzmatt;M;4798613.0;722019.0;680
5717;201500006363;15;8;25;1310;1;1;1;1;2;318;;M;4796026.0;721422.0;680
5718;201500006365;15;3;18;1630;1;2;1;1;2;154;rue de Pfastatt;M;4778066.0;734218.0;680
5719;201500006366;15;5;12;1145;1;2;1;1;6;154;rue de Mulhouse;M;4776978.0;734715.0;680
5720;201500006367;15;9;10;1700;1;2;6;1;6;154;avenue des Rives de l'Il;M;4777773.0;735327.0;680
5721;201500006368;15;9;30;930;1;2;4;1;6;154;rue de Kingersheim;M;4778246.0;734493.0;680
5722;201500006369;15;12;10;1915;5;2;3;1;3;154;rue de Mulhouse;M;4777659.0;734693.0;680
5723;201500006370;15;12;19;1215;1;2;1;1;6;154;rue de berne;M;0.0;0.0;680
5724;201500006372;15;2;20;1230;1;1;1;1;5;135;;M;4758120.0;752398.0;680
5725;201500006373;15;3;12;1200;1;2;1;1;6;135;rue des peupliers;M;4756870.0;750988.0;680
5726;201500006374;15;5;15;745;2;2;1;2;6;120;;M;4753739.0;749115.0;680
5727;201500006375;15;5;13;1915;1;1;1;1;3;94;;M;4755455.0;744480.0;680
5728;201500006376;15;6;6;1230;1;1;1;1;1;135;;M;4758911.0;754723.0;680
5729;201500006378;15;6;30;2345;3;1;6;1;3;135;;M;4757284.0;750078.0;680
5730;201500006379;15;7;25;1700;1;1;1;1;7;120;;M;4753357.0;748599.0;680
5731;201500006380;15;10;22;1815;1;1;1;1;2;42;;M;4760664.0;750057.0;680
5732;201500006382;15;12;28;1800;5;2;1;1;1;263;62 rue de belfort;M;0.0;0.0;680
5733;201500006383;15;1;28;745;1;1;1;9;3;163;;M;4766771.0;750900.0;680
5734;201500006384;15;4;17;1145;1;1;1;1;6;309;;M;4763569.0;749310.0;680
5735;201500006385;15;5;25;1100;1;1;3;1;3;21;;M;4763677.0;750183.0;680
5736;201500006386;15;6;18;2200;5;1;1;2;1;163;;M;4767990.0;750020.0;680
5737;201500006387;15;8;28;1345;1;1;3;1;1;301;;M;4769132.0;742222.0;680
5738;201500006388;15;9;1;1650;1;1;2;1;1;21;RD66 A35;M;4763618.0;749806.0;680
5739;201500006389;15;9;21;815;1;1;1;5;2;324;;M;4765793.0;734623.0;680
5740;201500006390;15;11;8;1430;1;2;4;1;1;174;rue du pays basque;M;4768512.0;738831.0;680
5741;201500006391;15;1;16;2230;5;2;2;2;3;348;RN 66;M;4780463.0;711964.0;680
5742;201500006394;15;2;5;1815;3;2;1;6;6;63;14 faubourg de belfort;M;4776117.0;717289.0;680
5743;201500006395;15;3;13;1615;1;2;4;1;3;342;rue du stade;M;4751383.0;718482.0;680
5744;201500006397;15;3;28;1145;1;1;1;1;3;63;;M;0.0;0.0;680
5745;201500006398;15;4;22;1345;1;2;3;1;1;63;rue de l'Asile;M;4779807.0;717177.0;680
5746;201500006399;15;5;4;1345;1;2;1;1;3;63;Rue du Bramont;M;4781351.0;718378.0;680
5747;201500006400;15;5;6;1245;1;2;3;1;3;63;WITTELSHEIM ROUTE;M;4780241.0;715992.0;680
5748;201500006402;15;7;25;1130;1;1;1;1;3;63;;M;4778555.0;714918.0;680
5749;201500006403;15;8;14;830;1;2;1;1;6;63;rue des Prés;M;4780646.0;717842.0;680
5750;201500006405;15;9;25;945;1;2;1;7;6;63;rue Poincaré;M;0.0;0.0;680