;Num_Acc;an;mois;jour;hrmn;lum;agg;int;atm;col;com;adr;gps;lat;long;dep
5751;201500006406;15;9;18;1930;2;1;1;1;6;342;;M;4783321.0;715710.0;680
5752;201500006407;15;10;15;1215;1;2;1;2;7;63;rue de Wattwiller;M;4781055.0;715154.0;680
5753;201500006408;15;11;28;330;3;1;1;1;6;359;;M;0.0;0.0;680
5754;201500006409;15;12;21;1745;3;1;1;1;6;342;;M;4782897.0;716236.0;680
5755;201500006410;15;7;16;1400;1;2;1;7;6;217;rue charles de gaulle;M;4786339.0;704557.0;680
5756;201500006411;15;9;26;1530;1;1;1;1;3;370;;M;4798636.0;696609.0;680
5757;201500006412;15;11;3;1345;1;2;1;1;1;292;place foch;M;0.0;0.0;680
5758;201500006413;15;11;3;1730;5;2;1;1;3;217;80 rue général de gaulle;M;0.0;0.0;680
5759;201500006414;15;12;16;1715;3;2;9;2;3;292;01 rue de l'industrie;M;0.0;0.0;680
5760;201500006415;15;4;28;2115;3;1;1;1;6;115;;M;4775061.0;710723.0;680
5761;201500006416;15;5;24;430;5;2;3;1;7;59;CD103;M;4771404.0;716259.0;680
5762;201500006417;15;7;5;1130;1;1;1;1;6;11;;M;4775308.0;715271.0;680
5763;201500006418;15;7;28;2315;3;1;1;8;6;59;;M;4772710.0;718823.0;680
5764;201500006419;15;10;18;945;1;1;2;1;3;60;;M;4773300.0;712600.0;680
5765;201500006420;15;12;6;900;1;1;1;1;6;59;;M;4772768.0;718020.0;680
5766;201500006421;15;1;15;745;2;1;1;8;1;18;D19;M;0.0;0.0;510
5767;201500006422;15;4;26;2200;3;1;1;3;6;227;D2;M;4891137.0;436308.0;510
5768;201500006423;15;5;8;500;3;2;1;1;6;303;D37;M;4901173.0;418658.0;510
5769;201500006424;15;7;7;1330;1;1;1;1;7;617;N44/DECELERATION;M;4903411.0;431981.0;510
5770;201500006425;15;7;25;1200;1;1;1;1;1;548;D994;M;4897517.0;465591.0;510
5771;201500006426;15;9;18;1915;2;1;1;3;6;409;D977;M;4887110.0;428117.0;510
5772;201500006427;15;9;28;730;1;1;1;1;1;161;D37;M;4903325.0;417509.0;510
5773;201500006428;15;1;3;30;3;1;3;5;6;97;D79/D994;M;0.0;0.0;510
5774;201500006429;15;1;18;300;3;1;1;9;6;559;D931;M;0.0;0.0;510
5775;201500006430;15;3;9;2200;3;1;1;1;1;587;D994;M;4906438.0;440894.0;510
5776;201500006431;15;4;1;1315;1;2;1;1;6;388;D21;M;4913811.0;436562.0;510
5777;201500006432;15;4;12;145;4;2;1;8;6;544;RUE DU MONT TIERCON;M;0.0;0.0;510
5778;201500006433;15;5;4;1800;1;2;7;1;1;559;ZAC LA LOUVIERE;M;4911780.0;454176.0;510
5779;201500006434;15;5;10;445;2;2;1;1;6;388;D994;M;4908652.0;434755.0;510
5780;201500006435;15;7;1;715;1;2;1;1;1;559;D977;M;4913215.0;453360.0;510
5781;201500006436;15;7;14;30;3;1;1;1;7;97;D79;M;4909083.0;453611.0;510
5782;201500006437;15;8;20;1215;1;1;1;1;6;203;D977;M;4903792.0;443797.0;510
5783;201500006438;15;9;29;1800;1;1;1;9;7;559;D79;M;4910530.0;454083.0;510
5784;201500006439;15;10;1;715;2;1;1;7;5;486;D931;M;4917754.0;445137.0;510
5785;201500006441;15;8;11;1145;1;1;2;1;3;434;D3/D337;M;4901379.0;407240.0;510
5786;201500006442;15;8;15;615;1;1;1;1;7;281;D240;M;4896636.0;397293.0;510
5787;201500006443;15;9;23;1200;1;2;1;1;6;612;D9;M;4890206.0;400418.0;510
5788;201500006444;15;10;24;145;3;1;1;1;2;630;D36;M;4893047.0;394508.0;510
5789;201500006445;15;10;26;630;2;1;1;5;7;435;D337;M;4894114.0;416049.0;510
5790;201500006446;15;10;31;1900;3;1;1;1;1;434;D3;M;4901419.0;406797.0;510
5791;201500006447;15;11;6;900;1;1;1;1;1;93;D951;M;4896533.0;386150.0;510
5792;201500006449;15;12;20;600;5;2;3;1;3;469;D37/VC;M;4893387.0;410025.0;510
5793;201500006450;15;2;9;1800;2;2;1;1;6;85;RUE DU VIEUX MOULIN;M;0.0;0.0;510
5794;201500006451;15;5;2;1630;1;2;1;1;6;217;rue de la sablonniere;M;4908406.0;365260.0;510
5795;201500006452;15;5;13;430;5;2;1;1;6;346;D3;M;4908134.0;375773.0;510
5796;201500006453;15;5;16;1845;1;1;1;1;6;85;D23;M;4899218.0;366825.0;510
5797;201500006454;15;5;19;1645;1;2;1;1;6;346;D23E3;M;0.0;0.0;510
5798;201500006456;15;6;18;1730;1;1;1;1;6;136;D1;M;4909635.0;375099.0;510
5799;201500006458;15;7;1;1830;1;1;1;1;7;199;D24;M;4913779.0;382647.0;510
5800;201500006459;15;9;10;630;2;1;1;1;2;609;D1;M;4909405.0;369106.0;510
5801;201500006460;15;10;27;1830;2;2;1;1;6;217;D3;M;4907793.0;364231.0;510
5802;201500006461;15;10;20;930;1;1;3;5;6;425;D980/D801;M;4914420.0;370684.0;510
5803;201500006463;15;4;26;145;3;1;1;2;6;165;VC;M;4873125.0;390576.0;510
5804;201500006464;15;6;19;815;1;1;1;1;6;545;D977;M;4873939.0;420632.0;510
5805;201500006465;15;3;27;1100;1;2;1;7;3;381;D951;M;4892355.0;380476.0;510
5806;201500006466;15;7;26;1630;1;2;1;3;3;542;D951;M;4880872.0;373011.0;510
5807;201500006467;15;8;21;1945;2;1;1;7;7;42;D951;M;4883529.0;375749.0;510
5808;201500006468;15;9;20;2100;3;1;1;1;6;381;D951;M;4893181.0;382316.0;510
5809;201500006469;15;11;18;1730;5;2;1;1;6;380;D933;M;4887193.0;354146.0;510
5810;201500006470;15;12;22;715;2;1;1;1;1;235;D373;M;4877577.0;364824.0;510
5811;201500006471;15;1;15;1315;1;2;1;2;1;343;D50;M;0.0;0.0;510
5812;201500006472;15;4;19;545;3;1;1;1;6;56;D48;M;4862456.0;359816.0;510
5813;201500006473;15;5;11;1845;1;1;2;1;1;402;D934/D375;M;4873082.0;350463.0;510
5814;201500006475;15;8;27;1430;1;1;1;1;6;535;N4;M;4871892.0;375012.0;510
5815;201500006476;15;10;3;400;5;2;1;1;6;56;D48;M;4861370.0;361331.0;510
5816;201500006477;15;3;19;700;1;2;3;1;3;534;D386/CH. DE LA SCIERIE;M;4925123.0;376190.0;510
5817;201500006478;15;6;6;115;5;2;6;1;6;250;D967/D29;M;4931322.0;367934.0;510
5818;201500006479;15;5;20;1745;1;1;1;1;1;532;D951;M;4913176.0;399169.0;510
5819;201500006480;15;6;10;730;1;1;2;1;1;118;D75/VC;M;4927363.0;394465.0;510
5820;201500006481;15;6;16;1400;1;1;1;1;1;391;N31;M;4927315.0;388895.0;510
5821;201500006482;15;6;19;745;1;1;6;1;3;140;D386/D980;M;4918380.0;385161.0;510
5822;201500006483;15;8;27;15;3;1;1;2;6;391;N31;M;4927640.0;385213.0;510
5823;201500006484;15;8;27;2000;2;1;1;2;6;72;D980;M;4920518.0;389883.0;510
5824;201500006486;15;12;15;1730;1;1;1;1;2;102;D944;M;4934734.0;394790.0;510
5825;201500006487;15;4;18;1830;1;1;1;7;3;643;D951;M;0.0;0.0;510
5826;201500006488;15;8;4;100;3;1;1;1;6;643;D951;M;4900875.0;390933.0;510
5827;201500006489;15;8;9;630;2;2;1;1;1;597;D3;M;4906001.0;388069.0;510
5828;201500006491;15;10;11;1845;3;1;1;1;6;2;D11;M;4900952.0;386254.0;510
5829;201500006492;15;11;29;1630;1;1;1;1;1;393;D386;M;4913511.0;391824.0;510
5830;201500006493;15;1;13;430;3;1;1;1;6;295;D14;M;0.0;0.0;510
5831;201500006494;15;1;2;800;3;1;1;3;6;340;N4;M;0.0;0.0;510
5832;201500006495;15;4;29;1700;1;2;3;1;6;649;38 RUE DE LA TOUR;M;4872762.0;458480.0;510
5833;201500006496;15;5;14;1530;1;2;2;1;2;649;N44;M;4873365.0;458976.0;510
5834;201500006497;15;5;23;700;1;1;1;1;6;557;N44;M;4878132.0;458368.0;510
5835;201500006498;15;8;4;1200;1;2;1;1;6;649;RUE DU PONT;M;4872631.0;458415.0;510
5836;201500006499;15;8;6;1245;1;1;3;1;3;649;D16/BRETELLE;M;4872258.0;462985.0;510
5837;201500006500;15;8;29;2000;2;1;1;1;6;134;D2;M;4868196.0;454776.0;510
5838;201500006501;15;8;30;615;2;1;1;1;1;65;N4;M;4873348.0;455958.0;510
5839;201500006502;15;9;7;1715;1;2;1;1;3;649;AVE DU QUAI DES FONTAINE;M;4872972.0;458253.0;510
5840;201500006503;15;10;8;1115;1;2;1;1;6;649;D982E1;M;4872847.0;458924.0;510
5841;201500006504;15;10;31;1100;1;2;1;1;2;65;18 avenue de PARIS;M;4872912.0;457447.0;510
5842;201500006506;15;11;12;1745;5;2;3;1;1;649;CHATEAU D EAU/ABBE GOUGE;M;4871552.0;458475.0;510
5843;201500006507;15;12;6;1745;3;1;1;1;1;275;D2;M;4871437.0;455239.0;510
5844;201500006508;15;12;24;1710;5;2;1;1;6;649;D982E1;M;4872262.0;459499.0;510
5845;201500006509;15;1;3;630;3;1;1;2;6;270;D396;M;0.0;0.0;510
5846;201500006510;15;2;21;2345;3;1;1;8;6;60;D259;M;4876418.0;477973.0;510
5847;201500006512;15;7;19;1800;1;2;1;1;6;349;6 RUE DE BORDET;M;4855450.0;452031.0;510
5848;201500006513;15;8;26;1700;1;2;1;1;5;423;D995/RUE MELIN;M;4876832.0;483421.0;510
5849;201500006514;15;10;2;715;2;1;1;1;1;40;AVENUE MICHEL;M;4879683.0;466171.0;510
5850;201500006515;15;10;7;345;3;1;1;2;6;442;D994;M;4889650.0;491644.0;510
5851;201500006516;15;10;18;1700;1;1;1;1;6;288;N4;M;4867334.0;476961.0;510
5852;201500006517;15;10;19;1500;1;2;1;1;1;94;D995;M;4874683.0;469797.0;510
5853;201500006519;15;4;5;1230;1;1;2;1;3;191;D67/D982;M;4914611.0;481786.0;510
5854;201500006520;15;6;5;1830;1;2;1;1;6;283;D67;M;4910933.0;474888.0;510
5855;201500006521;15;11;13;1530;1;1;1;2;6;621;D38;M;4920266.0;497660.0;510
5856;201500006522;15;6;17;615;2;1;1;7;6;199;;M;4979645.0;481717.0;80
5857;201500006523;15;7;26;1700;1;1;1;2;7;214;;M;5000247.0;481588.0;80
5858;201500006524;15;6;17;1500;1;2;1;1;6;488;rue Marcel CAchin;M;4973186.0;482748.0;80
5859;201500006525;15;6;16;2200;3;2;1;1;6;445;grande rue;M;4965232.0;494456.0;80
5860;201500006526;15;5;8;1900;1;2;1;1;7;362;rue promenade des isles;M;4951118.0;436133.0;80
5861;201500006527;15;5;21;1900;1;1;2;7;3;313;;M;4949298.0;429739.0;80
5862;201500006528;15;5;26;1645;1;1;1;1;6;144;;M;4950828.0;444138.0;80
5863;201500006529;15;7;5;300;3;1;1;1;7;452;;M;4948460.0;440918.0;80
5864;201500006530;15;9;9;1730;1;2;1;1;6;362;37 rue eugène Thiery;M;4950732.0;435210.0;80
5865;201500006531;15;10;9;1400;1;1;1;1;2;362;;M;4953079.0;437424.0;80
5866;201500006532;15;8;21;1915;1;1;1;1;7;107;;M;4951910.0;424618.0;80
5867;201500006533;15;7;15;1115;1;2;1;1;5;429;route de Paris;M;4853450.0;410630.0;100
5868;201500006534;15;2;6;1800;1;1;1;1;3;373;;M;4820499.0;400468.0;100
5869;201500006535;15;2;28;1630;1;1;1;1;3;371;;M;4816365.0;394268.0;100
5870;201500006536;15;3;21;1415;1;2;1;1;1;140;20 RUE PIERRE PITHOU;M;4803828.0;390435.0;100
5871;201500006537;15;4;3;1700;1;1;1;2;6;140;;M;4804454.0;390186.0;100
5872;201500006538;15;4;16;1545;1;1;1;1;1;359;;M;4813752.0;399346.0;100
5873;201500006539;15;4;30;1100;1;1;1;1;3;18;;M;4809115.0;392149.0;100
5874;201500006541;15;6;2;2000;1;1;2;1;3;435;;M;4819093.0;406511.0;100
5875;201500006542;15;6;14;1545;1;1;1;1;7;278;;M;0.0;0.0;100
5876;201500006543;15;6;21;1015;1;1;1;1;6;80;;M;4803594.0;413463.0;100
5877;201500006544;15;6;25;1245;1;1;1;1;7;140;;M;4806369.0;391818.0;100
5878;201500006545;15;7;4;1945;1;2;1;1;6;140;;M;4803742.0;390955.0;100
5879;201500006546;15;8;14;745;1;1;1;1;3;373;;M;4820632.0;401215.0;100
5880;201500006547;15;9;6;1145;1;2;1;1;7;18;rue foret beauregard;M;4808781.0;389518.0;100
5881;201500006548;15;9;19;1630;1;1;1;1;4;359;;M;4813982.0;400270.0;100
5882;201500006549;15;9;30;1745;1;2;2;1;3;140;;M;4804126.0;390786.0;100
5883;201500006550;15;11;29;1015;1;1;1;1;7;51;;M;4819412.0;400759.0;100
5884;201500006551;15;12;12;1330;1;2;1;8;6;49;D 85;M;4819174.0;411957.0;100
5885;201500006552;15;2;14;515;3;1;9;1;7;191;;M;4833337.0;409562.0;100
5886;201500006553;15;3;30;1645;1;1;1;1;1;100;;M;4820276.0;419461.0;100
5887;201500006554;15;4;4;1345;1;1;1;3;6;406;;M;4824138.0;417072.0;100
5888;201500006555;15;6;13;600;1;2;1;1;7;100;Rue Vallée de la Seine;M;4821040.0;418205.0;100
5889;201500006556;15;7;28;700;2;1;1;1;7;173;;M;4821325.0;411810.0;100
5890;201500006557;15;8;9;1000;1;1;1;1;6;30;;M;4832736.0;402869.0;100
5891;201500006558;15;8;12;1400;1;1;1;1;1;363;;M;4822024.0;414105.0;100
5892;201500006559;15;8;30;1100;1;2;1;1;7;352;42 grande rue;M;4832572.0;408374.0;100
5893;201500006560;15;9;23;1815;1;1;1;1;5;30;;M;4833083.0;402424.0;100
5894;201500006561;15;9;23;815;1;1;1;1;2;349;;M;4834376.0;400723.0;100
5895;201500006562;15;11;6;1645;1;1;2;1;1;363;;M;4818660.0;416890.0;100
5896;201500006563;15;11;7;15;5;1;6;1;7;340;;M;4826178.0;403505.0;100
5897;201500006564;15;11;12;2130;3;1;9;1;1;340;;M;4823691.0;402004.0;100
5898;201500006565;15;4;11;1545;1;2;2;1;1;3;17 rue joseph anglade;M;4822300.0;373800.0;100
5899;201500006566;15;4;24;2230;5;2;8;1;3;142;rue jean hector;M;4827321.0;381400.0;100
5900;201500006567;15;8;15;1030;1;1;1;2;7;263;;M;4826500.0;379700.0;100
5901;201500006568;15;10;9;1530;1;2;1;1;6;142;Rue de la République;M;4827300.0;380600.0;100
5902;201500006569;15;12;14;1745;1;2;1;1;3;263;de la Fontaine Bouvotte;M;4826200.0;378700.0;100
5903;201500006570;15;1;31;215;3;2;1;1;6;238;28 rue du 28 aout 44;M;4825300.0;433600.0;100
5904;201500006571;15;5;17;1230;1;1;1;1;6;255;;M;4821743.0;426171.0;100
5905;201500006572;15;6;7;1430;1;1;2;1;3;19;;M;4840300.0;437100.0;100
5906;201500006573;15;6;14;1500;1;2;1;1;2;287;RD 11;M;4836700.0;436100.0;100
5907;201500006574;15;8;1;2130;3;1;1;1;7;287;;M;4835800.0;434400.0;100
5908;201500006575;15;10;5;1830;1;2;1;2;4;287;rue de la chapelle;M;4836340.0;432801.0;100
5909;201500006576;15;1;5;2100;5;2;1;1;6;33;;M;4823597.0;470293.0;100
5910;201500006577;15;1;18;645;5;2;1;1;7;33;RD13/rue de courcelles;M;4823188.0;471878.0;100
5911;201500006578;15;1;25;1400;1;1;1;2;1;426;;M;0.0;0.0;100
5912;201500006579;15;4;1;800;1;1;1;1;7;423;;M;4823581.0;439135.0;100
5913;201500006580;15;4;7;715;2;1;1;1;6;76;;M;4809152.0;469919.0;100
5914;201500006581;15;6;8;1700;1;2;1;1;1;50;RD 396 ( PK 31+900 );M;4827644.0;461403.0;100
5915;201500006582;15;6;27;1915;1;1;1;1;7;11;;M;4825289.0;475641.0;100
5916;201500006583;15;7;14;1730;1;2;9;1;2;401;;M;4823571.0;446887.0;100
5917;201500006584;15;7;26;530;2;1;1;1;6;215;;M;4823524.0;451718.0;100
5918;201500006585;15;8;2;245;3;1;1;1;7;384;;M;4830952.0;460391.0;100
5919;201500006587;15;10;21;1900;3;1;1;1;7;440;;M;4823800.0;476580.0;100
5920;201500006588;15;10;21;1815;3;2;1;1;3;102;RD 13;M;0.0;0.0;100
5921;201500006589;15;10;23;1715;1;1;1;2;1;33;;M;4822400.0;473850.0;100
5922;201500006590;15;10;27;1845;3;1;1;1;5;217;;M;4825110.0;456550.0;100
5923;201500006591;15;12;31;1230;1;1;1;1;3;401;;M;4823830.0;448690.0;100
5924;201500006592;15;10;22;2300;3;1;1;2;2;283;;M;4841600.0;438700.0;100
5925;201500006593;15;11;7;1630;1;1;1;1;1;228;;M;4835600.0;443800.0;100
5926;201500006594;15;1;5;1700;2;2;1;8;7;295;Grand'rue;M;4807600.0;437200.0;100
5927;201500006595;15;5;1;1615;1;1;1;2;1;437;;M;4814700.0;428800.0;100
5928;201500006596;15;5;16;1530;1;1;1;1;6;29;;M;4802366.0;435357.0;100
5929;201500006597;15;5;25;1445;1;1;1;8;7;438;;M;4814000.0;459900.0;100
5930;201500006598;15;6;30;915;1;1;1;1;3;55;;M;4812489.0;436449.0;100
5931;201500006599;15;7;4;1345;1;1;1;7;1;25;;M;4800300.0;431000.0;100
5932;201500006600;15;7;25;1745;1;2;1;1;6;437;chemin des contours;M;0.0;0.0;100
5933;201500006601;15;8;1;1545;1;1;1;1;3;317;;M;4800615.0;439516.0;100
5934;201500006602;15;8;30;15;5;2;1;1;6;399;11 rue du rue;M;4817642.0;418245.0;100
5935;201500006603;15;11;18;1730;5;2;1;1;3;317;rue du général de gaulle;M;4799270.0;436891.0;100
5936;201500006604;15;6;3;845;1;1;2;1;1;153;;M;0.0;0.0;100
5937;201500006607;15;7;21;1745;1;1;1;1;1;334;;M;4849605.0;353340.0;100
5938;201500006609;15;9;21;1530;1;2;1;1;6;370;;M;4841311.0;353887.0;100
5939;201500006610;15;10;24;1500;1;2;1;1;6;420;4 route du chateau;M;4858910.0;355480.0;100
5940;201500006611;15;11;10;1230;1;2;1;1;6;268;11 Rue Jean Jaurès;M;4849484.0;50567.0;100
5941;201500006612;15;12;18;1415;1;1;1;8;6;277;;M;4827352.0;367027.0;100
5942;201500006613;15;12;28;845;1;2;1;1;7;20;1 RUE DES CLAUSEAUX;M;4843641.0;356459.0;100
5943;201500006614;15;7;16;2130;1;2;1;1;6;323;avenue jules jacquemin;M;0.0;0.0;100
5944;201500006615;15;10;10;845;2;2;1;5;6;157;15 RUE SAINT JACQUES;M;4844080.0;365140.0;100
5945;201500006617;15;5;26;900;1;1;1;1;1;165;;M;4795930.0;488035.0;520
5946;201500006618;15;7;6;1915;1;1;1;1;1;469;;M;4805681.0;505321.0;520
5947;201500006619;15;7;20;1815;1;1;1;1;1;69;;M;4809290.0;495742.0;520
5948;201500006620;15;7;31;1230;1;1;1;1;6;193;;M;4813862.0;506211.0;520
5949;201500006621;15;9;26;2045;3;1;1;1;1;274;;M;4796397.0;482211.0;520
5950;201500006622;15;12;8;1600;1;1;3;7;3;423;;M;4826122.0;532923.0;520
5951;201500006623;15;2;7;215;3;1;1;4;7;287;;M;4811994.0;557761.0;520
5952;201500006624;15;2;27;700;2;2;1;3;6;74;parking du CAT Breuvanne;M;4809693.0;560273.0;520
5953;201500006625;15;4;30;1400;1;1;1;1;3;353;;M;4804038.0;537676.0;520
5954;201500006626;15;5;13;1500;1;1;1;1;1;353;;M;4804768.0;535992.0;520
5955;201500006627;15;5;17;1345;1;1;9;1;7;488;;M;4798163.0;526750.0;520
5956;201500006628;15;6;20;1830;1;2;1;1;7;320;Le village;M;4805391.0;559034.0;520
5957;201500006629;15;10;17;1545;1;2;1;1;1;353;Rue Ambroise Paré -;M;4803325.0;535006.0;520
5958;201500006630;15;11;29;45;5;2;1;2;6;50;42 rue d'Ageville;M;4808833.0;530033.0;520
5959;201500006631;15;3;6;1915;4;1;1;1;6;211;;M;4828532.0;513525.0;520
5960;201500006632;15;4;10;1530;1;1;6;7;7;260;Mail + Tél gend. confirm;M;4821165.0;512463.0;520
5961;201500006633;15;5;13;1900;1;1;1;1;3;211;;M;4828825.0;512406.0;520
5962;201500006634;15;7;16;715;1;2;1;1;1;251;1 rue des Acacias RD 109;M;4813551.0;508446.0;520
5963;201500006635;15;1;27;1200;1;2;1;1;6;269;rue diderot/milieu;M;4786170.0;533381.0;520
5964;201500006636;15;5;31;1515;1;1;1;1;7;541;Mail 12/09/2015;M;4797677.0;535453.0;520
5965;201500006637;15;5;31;1800;1;1;1;1;6;307;;M;4792831.0;521325.0;520
5966;201500006638;15;6;25;1200;1;1;1;1;5;37;Mail23/09 25+800 en +200;M;4790856.0;540144.0;520
5967;201500006639;15;7;13;2015;1;1;1;1;7;307;;M;4791749.0;517864.0;520
5968;201500006640;15;7;20;2200;3;1;1;1;6;307;;M;4791472.0;520513.0;520
5969;201500006641;15;7;25;1900;1;2;1;1;3;269;avenue de la collinière;M;4787046.0;532762.0;520
5970;201500006642;15;12;15;300;3;1;1;1;6;269;;M;4787073.0;530615.0;520
5971;201500006643;15;5;23;2215;3;1;1;1;7;162;;M;4796978.0;561321.0;520
5972;201500006644;15;6;5;930;1;1;2;1;3;332;;M;4802392.0;561612.0;520
5973;201500006645;15;8;29;2245;3;2;1;1;6;332;Rue Hubert COLLOT;M;4800255.0;549876.0;520
5974;201500006646;15;10;5;2015;5;2;1;2;3;60;avenue général De Gaulle;M;4795481.0;573395.0;520
5975;201500006647;15;1;18;245;3;1;1;9;1;119;;M;4781805.0;548835.0;520
5976;201500006648;15;5;29;1715;1;2;1;1;6;43;rue de la fontaine eau;M;4772324.0;554648.0;520
5977;201500006649;15;6;19;1630;1;2;1;1;5;93;rue de Langres;M;4780563.0;542428.0;520
5978;201500006651;15;10;14;1000;1;1;2;1;1;119;;M;4781653.0;549643.0;520
5979;201500006652;15;5;26;900;1;1;1;1;3;405;;M;4768410.0;526574.0;520
5980;201500006653;15;7;14;1130;1;1;1;1;6;16;;M;4785289.0;500934.0;520
5981;201500006654;15;7;17;1745;1;2;1;1;1;145;1 RUE LHUILLIER;M;4769163.0;545836.0;520
5982;201500006655;15;11;27;745;1;1;1;5;6;384;;M;4779439.0;522158.0;520
5983;201500006656;15;5;31;1715;1;2;1;1;6;331;2 bis rue du Pâtis;M;4847336.0;477299.0;520
5984;201500006657;15;7;14;1445;1;1;1;1;7;294;;M;4854155.0;490782.0;520
5985;201500006658;15;11;21;745;2;1;3;8;3;235;;M;4864633.0;487339.0;520
5986;201500006659;15;2;1;2000;3;1;1;3;7;212;;M;4838672.0;515342.0;520
5987;201500006660;15;3;31;1145;1;2;1;1;6;175;3 route de Vaux sur Sain;M;4836259.0;515557.0;520
5988;201500006661;15;4;30;1500;1;1;1;1;6;212;;M;4840116.0;511430.0;520
5989;201500006662;15;7;4;1245;1;1;1;7;1;511;;M;4837393.0;520169.0;520
5990;201500006664;15;7;14;2045;1;2;1;1;7;302;3 rue du haut pré;M;4849437.0;506688.0;520
5991;201500006665;15;8;2;1830;1;2;3;1;3;265;carrefour CD335  CD116;M;4856129.0;505376.0;520
5992;201500006666;15;8;12;30;3;1;1;1;1;250;;M;4843406.0;515330.0;520
5993;201500006667;15;9;11;1745;1;1;1;1;1;250;;M;4842880.0;515843.0;520
5994;201500006668;15;10;1;1430;1;1;1;1;1;181;;M;4846460.0;529854.0;520
5995;201500006669;15;10;24;1900;5;2;1;9;2;265;46 rue Charles BURGEAT;M;4854337.0;508952.0;520
5996;201500006670;15;9;11;2230;3;1;1;1;7;359;;M;4838300.0;481500.0;520
5997;201500006671;15;12;4;730;2;1;1;2;6;149;pas de Permis pas obliga;M;4841151.0;494760.0;520
5998;201500006672;15;7;2;1145;1;1;1;1;6;514;;M;0.0;0.0;210
5999;201500006673;15;3;13;1615;1;1;1;1;6;555;;M;4741395.0;514821.0;210
6000;201500006674;15;3;18;2330;3;1;1;1;7;21;;M;4735696.0;521055.0;210
6001;201500006675;15;1;20;715;3;1;1;1;5;609;;M;4720978.0;527630.0;210
6002;201500006676;15;3;20;1715;1;1;1;1;7;371;;M;4716452.0;533696.0;210
6003;201500006677;15;7;16;845;1;2;2;7;3;38;Rue Claude Matrat;M;4718845.0;539009.0;210
6004;201500006678;15;8;16;1015;1;1;1;1;6;701;;M;4716252.0;540333.0;210
6005;201500006679;15;9;3;1515;1;2;1;1;1;28;rue de la saone;M;4723053.0;537239.0;210
6006;201500006680;15;10;30;1815;2;2;1;1;1;38;rue rempart des soupirs;M;4719422.0;538362.0;210
6007;201500006681;15;11;6;2215;3;1;1;1;6;38;;M;0.0;0.0;210
6008;201500006682;15;11;14;2115;3;1;1;1;6;331;;M;4717112.0;538262.0;210
6009;201500006683;15;6;5;1930;1;2;2;1;1;292;ROUTE DE LABERGEMENT FOI;M;4724540.0;522844.0;210
6010;201500006684;15;6;14;515;1;2;1;1;7;352;1, rue de la première ar;M;4722021.0;525060.0;210
6011;201500006685;15;6;25;815;1;2;9;1;1;292;route de Beire le Fort;M;4723177.0;524168.0;210
6012;201500006686;15;7;13;1845;1;2;6;1;1;126;D109;M;4728026.0;522279.0;210
6013;201500006687;15;8;5;830;1;1;1;5;2;106;;M;4723856.0;510662.0;210
6014;201500006688;15;11;10;1630;1;2;1;7;6;292;12 rue bernard laureau;M;4724109.0;521902.0;210
6015;201500006689;15;11;18;2130;5;2;1;1;3;106;cd968;M;4724054.0;510421.0;210
6016;201500006691;15;3;25;545;5;2;6;2;3;390;;M;4727980.0;500708.0;210
6017;201500006692;15;5;7;1330;1;2;6;1;6;390;bd charles de gaulle;M;4728123.0;501681.0;210
6018;201500006693;15;7;3;2115;2;2;1;1;7;458;route de DIJON;M;4720000.0;508200.0;210
6019;201500006694;15;7;24;1845;1;1;6;2;7;265;;M;4725726.0;499356.0;210
6020;201500006695;15;7;24;1800;1;2;9;1;3;390;route de beaune;M;4727234.0;500233.0;210
6021;201500006696;15;9;6;1015;1;1;1;1;2;295;;M;4722268.0;494976.0;210
6022;201500006697;15;10;1;1100;1;1;9;1;3;586;;M;4722298.0;504901.0;210
6023;201500006698;15;10;4;115;3;1;1;8;2;265;;M;4724975.0;499008.0;210
6024;201500006699;15;10;19;1715;1;1;1;1;1;481;;M;4726212.0;502260.0;210
6025;201500006700;15;10;23;1;3;1;1;2;6;625;;M;4720216.0;481024.0;210
6026;201500006701;15;11;11;930;1;1;6;1;3;263;;M;4725882.0;503466.0;210
6027;201500006702;15;11;15;1115;2;1;1;5;3;295;;M;4721700.0;507100.0;210
6028;201500006704;15;6;12;1830;1;2;1;1;6;562;RUE DE LA LEVEE DE LOUTR;M;4757884.0;540753.0;210
6029;201500006705;15;4;9;1715;1;2;1;1;6;599;18 rue de la Patnée;M;4758803.0;518418.0;210