;Num_Acc;an;mois;jour;hrmn;lum;agg;int;atm;col;com;adr;gps;lat;long;dep
6030;201500006706;15;7;8;1500;1;1;1;1;6;665;Voie communale;M;4764448.0;514796.0;210
6031;201500006707;15;8;10;2030;1;1;1;2;6;361;;M;4749553.0;524269.0;210
6032;201500006708;15;8;16;1530;1;2;1;1;1;638;Intersection D974/D120;M;4752433.0;518223.0;210
6033;201500006709;15;8;27;1300;1;1;1;1;5;245;;M;4745890.0;506952.0;210
6034;201500006710;15;2;3;1315;1;1;1;1;1;37;;M;4698711.0;474129.0;210
6035;201500006711;15;2;20;1445;1;1;1;1;1;712;;M;4699194.0;479367.0;210
6036;201500006712;15;2;24;700;2;1;1;9;7;54;;M;4705213.0;479056.0;210
6037;201500006713;15;2;24;900;2;1;1;8;7;54;;M;4704313.0;480034.0;210
6038;201500006714;15;3;12;1645;1;2;3;1;3;461;Rue de la Liberté;M;4695002.0;462877.0;210
6039;201500006715;15;3;29;1600;1;2;1;2;7;712;la chapelle - RD 973;M;4700151.0;478772.0;210
6040;201500006716;15;5;31;1600;1;1;1;1;7;527;;M;4694894.0;467109.0;210
6041;201500006717;15;9;6;1815;1;1;1;1;1;150;;M;4692573.0;473939.0;210
6042;201500006718;15;9;14;1700;1;1;1;3;3;492;;M;4700040.0;478638.0;210
6043;201500006719;15;9;22;545;2;2;1;1;3;461;route d'autun;M;4695240.0;463298.0;210
6044;201500006720;15;9;28;900;1;1;3;1;1;541;;M;4695264.0;471710.0;210
6045;201500006721;15;10;31;1;3;1;1;5;7;411;;M;4698074.0;493303.0;210
6046;201500006722;15;4;22;2115;3;1;1;1;1;9;;M;4718272.0;441070.0;210
6047;201500006723;15;6;1;1500;1;1;1;1;1;360;;M;4709249.0;467504.0;210
6048;201500006724;15;7;7;1400;1;1;1;9;7;9;;M;4717745.0;441803.0;210
6049;201500006725;15;7;25;530;2;1;1;6;7;210;;M;4724904.0;456546.0;210
6050;201500006726;15;8;30;1415;1;1;1;1;1;715;;M;4709033.0;437028.0;210
6051;201500006727;15;11;1;1530;1;1;2;1;3;567;;M;4711451.0;450650.0;210
6052;201500006728;15;11;6;1845;3;1;1;2;1;128;;M;4726771.0;447752.0;210
6053;201500006729;15;12;6;1715;5;2;9;8;6;634;D33 hameau de Pont d'Ouc;M;4716682.0;470167.0;210
6054;201500006730;15;4;26;1300;1;1;1;1;1;564;;M;4713199.0;509314.0;210
6055;201500006731;15;6;30;845;1;2;1;1;6;464;rue sonoys;M;4713637.0;495005.0;210
6056;201500006732;15;9;19;1145;1;1;2;1;3;464;;M;4712281.0;494609.0;210
6057;201500006733;15;12;20;1630;1;1;1;1;3;22;;M;4707638.0;502742.0;210
6058;201500006734;15;7;25;1030;1;1;1;1;6;103;Place Hotel de Villle;M;4713324.0;521555.0;210
6059;201500006735;15;10;11;530;3;2;1;1;6;356;39 route de SEURRE;M;4708521.0;525224.0;210
6060;201500006736;15;6;6;1730;1;1;1;1;2;435;;M;4790315.0;455587.0;210
6061;201500006737;15;11;12;1800;2;1;1;1;1;78;;M;4785798.0;442944.0;210
6062;201500006738;15;12;2;1800;5;2;1;1;6;201;2 Rue place de l'église;M;4775027.0;449275.0;210
6063;201500006739;15;12;23;1830;3;1;1;1;6;252;;M;4769976.0;442602.0;210
6064;201500006740;15;12;26;1430;1;1;1;1;3;700;;M;4793126.0;453726.0;210
6065;201500006741;15;2;13;15;3;1;1;1;6;326;;M;4762066.0;461521.0;210
6066;201500006742;15;2;13;1645;1;1;1;1;3;43;;M;4759811.0;466615.0;210
6067;201500006743;15;8;8;230;3;1;1;2;6;250;;M;4775276.0;479165.0;210
6068;201500006745;15;7;5;2345;3;1;1;1;6;603;;M;0.0;0.0;210
6069;201500006746;15;7;23;1215;1;2;1;1;6;425;Allée de corcelotte;M;4761739.0;433231.0;210
6070;201500006747;15;7;27;1015;1;1;1;1;1;272;;M;4745511.0;433818.0;210
6071;201500006748;15;9;27;1615;1;1;1;1;1;429;;M;4758258.0;433539.0;210
6072;201500006749;15;10;31;815;1;1;1;7;3;26;;M;4771509.0;428547.0;210
6073;201500006751;15;12;9;1815;5;2;1;1;6;603;23 rue de la liberté;M;4749164.0;433568.0;210
6074;201500006752;15;12;17;1345;1;2;1;1;6;425;20 bis Quai Bouhey;M;4761931.0;433815.0;210
6075;201500006753;15;1;16;1215;1;1;1;5;6;395;;M;4738991.0;458048.0;210
6076;201500006755;15;10;4;645;3;1;1;1;6;288;;M;4754600.0;463500.0;210
6077;201500006757;15;1;4;1200;1;1;1;1;3;584;;M;4742300.0;426600.0;210
6078;201500006758;15;1;31;1115;1;1;1;8;6;232;;M;4739589.0;425018.0;210
6079;201500006759;15;2;21;1715;1;1;1;8;6;83;;M;4718642.0;426362.0;210
6080;201500006760;15;5;24;1500;1;1;1;1;6;584;;M;4738100.0;417999.0;210
6081;201500006761;15;6;13;1545;1;1;1;7;1;417;;M;4730683.0;436313.0;210
6082;201500006762;15;7;3;1400;1;1;1;1;3;101;;M;4740200.0;443900.0;210
6083;201500006763;15;12;13;1745;3;1;1;1;2;615;;M;4721504.0;434383.0;210
6084;201500006764;15;12;14;1430;1;2;7;7;6;83;Rue de Chaillot;M;4719600.0;424300.0;210
6085;201500006765;15;12;19;815;1;1;1;1;7;434;;M;4735744.0;428411.0;210
6086;201500006766;15;1;14;1500;1;1;1;4;1;611;;M;4732034.0;472213.0;210
6087;201500006767;15;1;17;2145;3;1;1;4;7;33;;M;4729320.0;466049.0;210
6088;201500006768;15;2;9;1245;1;1;1;1;6;485;;M;4733724.0;496557.0;210
6089;201500006770;15;1;1;230;5;2;1;2;6;95;avenue de Verdun;M;0.0;0.0;580
6090;201500006771;15;2;21;1145;1;2;1;1;3;95;boulevard voltaire;M;0.0;0.0;580
6091;201500006772;15;8;27;1345;1;2;1;1;6;95;rue de vauzzlles;M;0.0;0.0;580
6092;201500006773;15;9;16;1230;1;2;1;8;6;151;29 avenue Jean Baptiste;M;0.0;0.0;580
6093;201500006774;15;10;13;1830;1;2;1;1;6;95;10 boulevard voltaire;M;0.0;0.0;580
6094;201500006777;15;1;25;2030;5;1;1;1;6;51;;M;0.0;0.0;580
6095;201500006778;15;4;1;2330;3;1;1;1;7;51;;M;0.0;0.0;580
6096;201500006780;15;5;12;1515;1;2;1;1;6;117;rue DUFAUD;M;0.0;0.0;580
6097;201500006781;15;5;13;1230;1;1;1;1;3;160;;M;0.0;0.0;580
6098;201500006782;15;7;28;2145;5;2;1;1;6;117;17 Rue Gambetta;M;0.0;0.0;580
6099;201500006783;15;10;3;1815;1;1;1;8;1;160;;M;0.0;0.0;580
6100;201500006784;15;3;9;1645;1;1;1;1;6;112;;M;0.0;0.0;580
6101;201500006785;15;5;7;1715;1;1;1;1;6;247;;M;0.0;0.0;580
6102;201500006786;15;6;10;1830;1;1;1;1;6;278;;M;0.0;0.0;580
6103;201500006787;15;7;2;1600;1;2;1;1;6;134;18 rue PVC;M;0.0;0.0;580
6104;201500006788;15;9;8;1300;1;1;1;1;1;273;;M;0.0;0.0;580
6105;201500006789;15;10;4;830;1;2;1;1;6;278;Autoroute A77 PK 162;M;0.0;0.0;580
6106;201500006790;15;11;25;1845;3;1;1;2;7;238;;M;0.0;0.0;580
6107;201500006791;15;6;7;1800;1;1;2;1;1;294;;M;0.0;0.0;580
6108;201500006792;15;10;18;1215;1;1;1;1;1;138;;M;0.0;0.0;580
6109;201500006793;15;2;25;745;1;1;1;5;6;267;;M;0.0;0.0;580
6110;201500006794;15;4;9;1930;1;1;1;1;6;223;;M;0.0;0.0;580
6111;201500006795;15;8;5;2200;3;2;1;1;1;30;fleury;M;0.0;0.0;580
6112;201500006796;15;10;4;1630;1;2;1;1;6;65;Place Pierre Paul Saury;M;0.0;0.0;580
6113;201500006797;15;8;15;1145;1;1;1;8;6;62;;M;0.0;0.0;580
6114;201500006798;15;9;8;1930;3;1;1;1;7;142;;M;0.0;0.0;580
6115;201500006799;15;3;21;1200;1;2;1;2;6;79;route armes;M;0.0;0.0;580
6116;201500006800;15;4;15;1545;1;2;1;1;6;200;Le bourg;M;0.0;0.0;580
6117;201500006801;15;7;11;2100;1;1;1;1;6;79;;M;4758300.0;308300.0;580
6118;201500006802;15;11;19;445;3;2;1;2;6;79;RUE DU 08 MAI 1945 CD977;M;0.0;0.0;580
6119;201500006803;15;5;10;1900;1;2;1;1;6;145;47 rue de la maladrerie;M;0.0;0.0;580
6120;201500006804;15;6;13;1700;1;1;1;1;3;180;;M;0.0;0.0;580
6121;201500006805;15;9;28;1115;1;2;1;1;6;83;278 Grande rue;M;0.0;0.0;580
6122;201500006806;15;7;4;1515;1;1;1;8;7;304;;M;0.0;0.0;580
6123;201500006807;15;1;13;1515;1;2;4;1;1;86;rue de donzy;M;0.0;0.0;580
6124;201500006809;15;7;4;1000;1;1;1;1;6;270;;M;0.0;0.0;580
6125;201500006810;15;8;18;1300;1;1;1;1;7;251;;M;0.0;0.0;580
6126;201500006811;15;10;13;1;3;1;1;1;7;36;;M;0.0;0.0;580
6127;201500006813;15;5;10;1515;1;2;1;1;6;279;D 977 Petit Sichamps;M;0.0;0.0;580
6128;201500006814;15;6;30;930;1;1;1;1;6;59;;M;0.0;0.0;580
6129;201500006815;15;8;2;1630;1;1;1;1;6;295;;M;0.0;0.0;580
6130;201500006817;15;8;21;1145;1;1;1;1;3;61;;M;0.0;0.0;580
6131;201500006818;15;9;1;1015;1;1;3;3;3;59;;M;4718500.0;306500.0;580
6132;201500006819;15;5;2;1500;1;1;1;2;1;27;;M;0.0;0.0;580
6133;201500006820;15;1;14;830;1;1;2;1;3;250;;M;4637240.0;480588.0;710
6134;201500006821;15;1;26;145;3;1;1;2;6;210;;M;4628801.0;475250.0;710
6135;201500006822;15;3;2;140;3;1;1;3;7;574;;M;4638462.0;473809.0;710
6136;201500006823;15;4;11;1545;1;1;1;1;3;250;;M;4637341.0;478813.0;710
6137;201500006824;15;5;22;2045;1;1;1;1;3;360;;M;4632705.0;475670.0;710
6138;201500006825;15;6;3;830;1;1;1;1;4;448;;M;0.0;0.0;710
6139;201500006826;15;6;25;1400;1;1;1;1;5;250;;M;4637195.0;480940.0;710
6140;201500006827;15;10;6;1500;1;2;1;1;3;556;;M;4627280.0;479878.0;710
6141;201500006828;15;10;31;1215;1;2;1;1;1;526;route de la roche;M;0.0;0.0;710
6142;201500006829;15;10;31;1400;1;2;1;1;3;250;carrefour de MORANCHIN;M;0.0;0.0;710
6143;201500006830;15;11;16;930;1;1;1;1;2;299;;M;0.0;0.0;710
6144;201500006831;15;11;16;1515;1;1;1;1;4;299;;M;0.0;0.0;710
6145;201500006832;15;2;13;2000;3;1;1;1;3;372;;M;4618633.0;473170.0;710
6146;201500006833;15;5;4;1600;1;2;1;1;1;150;RD 906;M;0.0;0.0;710
6147;201500006834;15;5;29;900;1;2;1;1;6;481;rue des morels;M;0.0;0.0;710
6148;201500006835;15;6;2;845;1;1;1;1;3;481;;M;4619789.0;476366.0;710
6149;201500006836;15;7;3;2230;5;2;2;1;3;150;;M;0.0;0.0;710
6150;201500006837;15;7;4;1600;1;2;1;1;6;372;Rue des guillattes;M;4619045.0;473643.0;710
6151;201500006838;15;7;7;1330;1;1;2;1;3;90;;M;0.0;0.0;710
6152;201500006839;15;8;8;30;5;2;1;1;6;372;maison blanche;M;4618260.0;474962.0;710
6153;201500006840;15;9;6;45;3;1;1;1;2;90;;M;4619890.0;476425.0;710
6154;201500006841;15;9;9;1545;1;1;2;1;3;90;;M;0.0;0.0;710
6155;201500006843;15;5;2;1200;1;1;1;1;6;546;les angerolles;M;4632861.0;454299.0;710
6156;201500006844;15;5;10;130;3;1;1;1;6;545;;M;0.0;0.0;710
6157;201500006845;15;5;16;1000;1;2;1;1;3;289;Les berlières;M;4630861.0;449180.0;710
6158;201500006846;15;6;10;1000;1;1;1;1;7;137;;M;0.0;0.0;710
6159;201500006847;15;6;27;800;1;1;1;1;6;30;;M;0.0;0.0;710
6160;201500006848;15;4;1;1845;1;1;2;1;3;305;;M;4646522.0;488800.0;710
6161;201500006849;15;4;30;2200;5;2;1;2;6;584;Rue du 8 mai 1945;M;0.0;0.0;710
6162;201500006850;15;7;14;1845;1;2;1;1;6;543;chemin de halage;M;4657502.0;491209.0;710
6163;201500006851;15;2;11;1545;1;1;1;1;6;313;;M;0.0;0.0;710
6164;201500006852;15;2;17;815;1;2;1;1;6;14;avenue charles de gaulle;M;4695185.0;429719.0;710
6165;201500006853;15;4;15;1145;1;2;9;1;3;14;Rue de Paris;M;4695795.0;429720.0;710
6166;201500006854;15;4;21;1600;1;2;1;1;6;14;rue de l Arbalete;M;4694981.0;429938.0;710
6167;201500006856;15;7;14;845;1;2;3;1;1;14;25 route de Beaune;M;4695634.0;431560.0;710
6168;201500006857;15;8;4;600;2;2;1;2;6;14;;M;4697793.0;430909.0;710
6169;201500006858;15;9;18;1700;1;1;1;1;6;438;;M;4702473.0;440535.0;710
6170;201500006859;15;10;4;815;2;1;1;8;7;509;;M;0.0;0.0;710
6171;201500006860;15;11;2;30;3;2;1;5;6;15;5 rue des ailleres;M;4695087.0;440679.0;710
6172;201500006861;15;11;11;2230;3;1;1;5;6;14;;M;4692544.0;436706.0;710
6173;201500006862;15;11;14;1800;3;1;1;1;3;14;;M;0.0;0.0;710
6174;201500006863;15;12;3;1415;1;1;2;8;3;190;;M;4699576.0;450802.0;710
6175;201500006864;15;1;31;1930;3;1;1;2;6;46;;M;0.0;0.0;710
6176;201500006865;15;3;13;1030;1;2;1;1;3;192;RD 297;M;0.0;0.0;710
6177;201500006866;15;7;20;1800;1;1;1;7;7;62;;M;4691127.0;421416.0;710
6178;201500006868;15;4;30;830;1;1;1;1;1;422;;M;0.0;0.0;710
6179;201500006869;15;6;19;1900;1;1;1;1;1;430;route de barizey;M;4680053.0;469399.0;710
6180;201500006870;15;6;22;1630;1;1;1;1;1;225;;M;0.0;0.0;710
6181;201500006871;15;7;28;1600;1;2;1;1;3;520;ROUTE DU VAL DE SAONE;M;4674249.0;484540.0;710
6182;201500006872;15;9;19;1900;2;1;1;1;6;277;;M;0.0;0.0;710
6183;201500006873;15;12;19;1015;1;2;1;8;3;404;avenue de bourgogne;M;4675324.0;470664.0;710
6184;201500006874;15;12;21;930;1;1;1;1;6;324;;M;0.0;0.0;710
6185;201500006875;15;3;31;900;1;1;1;1;1;117;;M;0.0;0.0;710
6186;201500006876;15;4;15;945;1;2;9;1;3;189;RD 978 - rue Guérin;M;4675390.0;489809.0;710
6187;201500006877;15;6;25;1500;1;1;1;1;3;420;;M;0.0;0.0;710
6188;201500006878;15;8;20;1200;1;1;1;1;7;4;;M;4680003.0;497348.0;710
6189;201500006879;15;8;26;1500;1;1;1;1;2;138;;M;0.0;0.0;710
6190;201500006880;15;9;2;1630;1;1;1;1;6;138;;M;0.0;0.0;710
6191;201500006881;15;10;18;1430;1;1;1;1;7;117;;M;4678792.0;489678.0;710
6192;201500006882;15;10;31;1100;1;1;1;5;1;131;;M;0.0;0.0;710
6193;201500006883;15;11;19;1445;1;1;1;8;6;167;;M;0.0;0.0;710
6194;201500006884;15;12;6;515;5;2;1;1;6;398;30 rue des mourillons;M;4676185.0;498892.0;710
6195;201500006885;15;5;7;1545;1;2;2;1;3;512;rue du lieutenant bonnet;M;4664055.0;486625.0;710
6196;201500006886;15;5;29;1130;1;2;1;1;3;52;en boirie;M;4658048.0;488239.0;710
6197;201500006887;15;6;6;545;2;2;1;1;6;328;vincelles;M;4663020.0;482436.0;710
6198;201500006888;15;7;20;1615;1;1;1;1;1;555;;M;4668925.0;487347.0;710
6199;201500006889;15;8;30;1815;1;2;1;1;2;512;rue du 4 septembre;M;4664467.0;487131.0;710
6200;201500006890;15;12;8;2115;3;1;1;2;3;555;;M;4670434.0;486764.0;710
6201;201500006891;15;12;18;1730;3;2;1;1;6;512;place de la mairie;M;4663767.0;486955.0;710
6202;201500006893;15;11;27;1400;1;1;1;5;7;564;;M;4645775.0;438315.0;710
6203;201500006894;15;2;13;845;1;1;1;1;1;120;;M;0.0;0.0;710
6204;201500006895;15;7;29;1300;1;1;1;2;6;483;;M;0.0;0.0;710
6205;201500006896;15;9;8;1645;1;1;2;1;3;110;;M;0.0;0.0;710
6206;201500006897;15;9;14;1215;1;2;1;8;6;120;monnay;M;4619917.0;434066.0;710
6207;201500006899;15;7;4;1430;1;2;1;7;6;176;76 avenue De Gaulle;M;4648428.0;398739.0;710
6208;201500006900;15;7;29;1130;1;1;1;1;6;325;;M;4649127.0;396627.0;710
6209;201500006901;15;12;12;1515;1;2;1;1;6;176;Av. Europe;M;4647499.0;400391.0;710
6210;201500006902;15;1;9;900;3;1;1;2;6;12;narbots;M;4625374.0;401354.0;710
6211;201500006904;15;4;11;1330;1;2;1;1;6;291;Le bourg;M;0.0;0.0;710
6212;201500006905;15;6;6;1715;1;2;1;1;3;275;54 Rue de Borchamp;M;4626903.0;404133.0;710
6213;201500006906;15;6;30;1145;1;2;1;1;6;238;grande rue;M;0.0;0.0;710
6214;201500006907;15;9;17;1515;1;1;1;1;1;11;;M;0.0;0.0;710
6215;201500006908;15;12;6;1500;1;1;1;1;3;238;;M;4622384.0;406043.0;710
6216;201500006909;15;2;12;1815;2;1;1;1;3;439;;M;0.0;0.0;710
6217;201500006910;15;4;19;615;1;1;1;1;6;232;la redoute;M;0.0;0.0;710
6218;201500006911;15;5;27;1530;1;1;1;1;6;342;;M;4646942.0;410744.0;710
6219;201500006912;15;6;2;1545;1;1;1;1;6;588;;M;0.0;0.0;710
6220;201500006913;15;6;6;1915;1;1;1;1;7;354;;M;4636680.0;416457.0;710
6221;201500006914;15;10;14;1600;1;2;1;1;6;342;Rue Michel Anguier;M;4646106.0;411238.0;710
6222;201500006915;15;12;26;1630;1;2;1;1;3;342;;M;4646518.0;410861.0;710
6223;201500006916;15;5;15;945;1;1;1;1;1;47;;M;4662299.0;376909.0;710
6224;201500006917;15;6;2;1145;1;1;1;1;3;346;;M;0.0;0.0;710
6225;201500006919;15;6;15;1030;1;1;1;2;3;330;;M;0.0;0.0;710
6226;201500006920;15;6;22;2300;3;1;1;1;6;542;;M;0.0;0.0;710
6227;201500006921;15;8;26;1645;1;1;1;1;1;340;;M;0.0;0.0;710
6228;201500006922;15;8;26;1745;1;1;1;1;1;490;;M;4650493.0;412922.0;710
6229;201500006923;15;10;5;515;3;1;1;5;1;340;;M;0.0;0.0;710
6230;201500006925;15;11;26;1430;1;1;1;1;3;281;;M;0.0;0.0;710
6231;201500006926;15;11;26;1545;1;1;1;1;3;565;;M;4662538.0;408537.0;710
6232;201500006927;15;12;19;945;3;1;1;8;5;542;;M;0.0;0.0;710
6233;201500006929;15;6;4;1415;1;1;1;7;1;56;;M;0.0;0.0;710
6234;201500006930;15;7;5;1900;1;1;1;1;5;157;;M;0.0;0.0;710
6235;201500006931;15;7;14;515;2;1;1;1;7;209;;M;4654694.0;528174.0;710
6236;201500006932;15;4;3;1515;1;2;1;1;3;261;rue des carles;M;4659099.0;499921.0;710
6237;201500006933;15;11;2;1745;1;1;1;5;6;261;;M;0.0;0.0;710
6238;201500006934;15;3;29;400;3;1;1;1;6;538;;M;0.0;0.0;710
6239;201500006935;15;4;24;945;1;1;1;1;2;419;;M;4675903.0;523412.0;710
6240;201500006936;15;6;25;1400;1;1;1;1;7;516;;M;4676451.0;522811.0;710
6241;201500006937;15;7;25;1430;1;1;1;1;6;364;;M;4682803.0;516957.0;710
6242;201500006938;15;8;12;2115;5;2;1;1;1;254;;M;4692680.0;524835.0;710
6243;201500006939;15;1;28;1830;3;1;1;2;5;187;;M;0.0;0.0;710
6244;201500006940;15;2;15;330;3;1;1;1;6;412;;M;0.0;0.0;710
6245;201500006941;15;3;28;2200;3;1;1;2;6;436;;M;0.0;0.0;710
6246;201500006943;15;8;23;1915;1;1;1;2;1;282;;M;0.0;0.0;710
6247;201500006944;15;11;6;1745;5;2;1;1;6;310;Avenue de la Libération;M;4674545.0;447097.0;710
6248;201500006945;15;1;2;1330;1;1;1;5;4;341;;M;4771902.0;376020.0;890
6249;201500006946;15;2;22;1015;1;1;1;5;2;438;;M;4780084.0;364500.0;890
6250;201500006947;15;3;1;1030;1;1;1;2;2;53;;M;4787505.0;347769.0;890
6251;201500006948;15;3;3;45;3;1;1;1;2;133;;M;4797910.0;319206.0;890
6252;201500006949;15;5;22;1545;1;1;1;1;2;484;;M;4791119.0;332873.0;890
6253;201500006950;15;6;6;1800;1;1;1;1;2;484;;M;4791025.0;330334.0;890
6254;201500006951;15;9;19;845;1;1;1;1;7;484;;M;4791139.0;332179.0;890
6255;201500006952;15;10;22;1;3;1;1;1;2;24;;M;4783191.0;362231.0;890
6256;201500006953;15;10;31;1545;1;1;1;1;6;313;;M;4797384.0;319886.0;890
6257;201500006954;15;11;2;2300;3;1;1;1;5;24;;M;4783058.0;362290.0;890
6258;201500006955;15;1;2;1730;3;1;9;5;6;261;;M;4824682.0;354392.0;890
6259;201500006956;15;1;30;215;3;1;1;4;6;298;;M;4805891.0;310858.0;890
6260;201500006957;15;2;3;1230;1;1;1;1;6;136;;M;4824738.0;326801.0;890
6261;201500006958;15;2;22;1415;1;1;1;1;1;172;;M;4823490.0;342438.0;890
6262;201500006959;15;5;8;1300;1;1;1;1;5;350;;M;4802694.0;313010.0;890
6263;201500006960;15;7;20;715;1;1;1;1;2;466;;M;4818786.0;318374.0;890
6264;201500006961;15;8;29;1545;1;1;1;1;2;342;;M;4824199.0;326204.0;890
6265;201500006962;15;10;18;215;3;1;1;8;6;80;;M;4826948.0;329281.0;890
6266;201500006963;15;10;20;745;2;1;1;5;6;380;;M;4806478.0;310955.0;890
6267;201500006964;15;11;9;830;1;1;1;1;2;459;;M;4812430.0;314256.0;890
6268;201500006965;15;11;25;1715;2;1;1;3;6;380;;M;4806078.0;310366.0;890
6269;201500006966;15;2;20;2345;3;1;1;3;6;438;;M;4781122.0;361150.0;890
6270;201500006967;15;2;19;1600;1;2;1;7;2;295;;M;4781896.0;353929.0;890
6271;201500006969;15;12;19;1715;3;1;1;1;1;13;;M;4784920.0;350291.0;890
6272;201500006970;15;6;30;2030;1;1;4;1;3;155;;M;4772043.0;361171.0;890
6273;201500006971;15;12;23;1145;1;1;1;8;7;256;;M;4766766.0;351480.0;890
6274;201500006972;15;1;25;900;1;1;1;9;6;76;;M;4803835.0;365325.0;890
6275;201500006973;15;2;2;930;1;2;1;2;3;345;rue charles de gaulle;M;4800434.0;372413.0;890
6276;201500006974;15;2;16;1800;2;2;3;1;3;76;Rue de la Gondonnerie;M;4802287.0;366681.0;890
6277;201500006975;15;3;14;1100;1;2;1;1;6;439;26 rue de la sauniere;M;4798428.0;373189.0;890
6278;201500006976;15;7;24;1500;1;2;1;1;6;345;avenue du général lecler;M;4800207.0;372851.0;890
6279;201500006977;15;9;13;1415;1;1;1;8;1;345;;M;4799974.0;371448.0;890
6280;201500006978;15;12;11;1715;5;1;3;1;5;345;;M;4800511.0;367494.0;890
6281;201500006979;15;12;13;515;2;2;1;2;6;69;;M;0.0;0.0;890
6282;201500006980;15;5;15;1030;1;1;1;1;3;68;;M;4780942.0;383093.0;890
6283;201500006981;15;5;21;945;1;1;1;1;7;34;;M;4781308.0;370636.0;890
6284;201500006982;15;7;25;1615;1;1;1;1;2;463;;M;4785375.0;363751.0;890
6285;201500006983;15;8;2;615;2;1;1;1;6;201;;M;4789995.0;365702.0;890
6286;201500006984;15;9;12;45;3;1;1;1;6;77;;M;4773867.0;360582.0;890
6287;201500006985;15;9;29;1545;1;2;1;1;1;263;rue de sommeville;M;0.0;0.0;890
6288;201500006986;15;10;10;1;3;1;1;1;6;265;;M;4786449.0;364929.0;890
6289;201500006987;15;10;13;1000;1;1;3;1;3;2;;M;4771747.0;390998.0;890
6290;201500006988;15;10;19;715;5;1;1;5;3;263;;M;4782926.0;358279.0;890
6291;201500006989;15;11;22;1315;1;1;1;1;6;198;;M;4787993.0;354737.0;890
6292;201500006990;15;2;10;1415;1;1;1;1;6;408;;M;4775200.0;311647.0;890
6293;201500006991;15;5;6;1715;1;1;1;1;6;73;;M;4778757.0;308549.0;890
6294;201500006992;15;5;18;1745;1;2;1;1;5;419;AVENUE GAL DE GAULLE;M;4772405.0;331165.0;890
6295;201500006993;15;6;18;1030;1;2;1;1;6;419;02 rue Paul DEFRANCE;M;4773492.0;329625.0;890
6296;201500006994;15;7;5;1900;1;1;1;1;6;420;;M;4757526.0;317998.0;890
6297;201500006995;15;7;10;1415;1;1;1;1;1;273;;M;4760512.0;321538.0;890
6298;201500006997;15;8;27;1800;1;2;1;1;1;419;RD 950 - Avenue du Gl De;M;4772167.0;331328.0;890
6299;201500006998;15;9;17;800;1;1;1;1;3;46;RD22;M;4769530.0;293720.0;890
6300;201500006999;15;10;5;1700;1;1;1;3;4;147;;M;4775097.0;325894.0;890
6301;201500007000;15;10;22;1115;1;1;1;2;6;179;;M;4764714.0;329890.0;890
6302;201500007001;15;10;30;930;1;1;1;1;6;419;;M;4771195.0;332592.0;890
6303;201500007002;15;11;1;345;3;1;1;1;6;344;;M;4768738.0;311145.0;890
6304;201500007003;15;11;10;2315;3;1;1;1;6;419;;M;4773366.0;331238.0;890
6305;201500007004;15;11;14;1530;1;2;1;1;1;150;;M;4781400.0;336300.0;890
6306;201500007005;15;11;27;1830;3;1;1;5;3;367;;M;4762322.0;324836.0;890
6307;201500007006;15;11;30;1800;3;1;1;2;3;416;;M;4757097.0;328683.0;890
6308;201500007007;15;12;12;1045;1;1;1;8;2;254;;M;4767863.0;313654.0;890
6309;201500007008;15;12;14;1200;1;1;1;1;1;272;;M;4771342.0;335458.0;890
6310;201500007009;15;5;2;1445;1;1;1;3;1;232;;M;4756501.0;388731.0;890
6311;201500007010;15;7;26;1730;1;1;2;9;2;44;;M;4753788.0;376753.0;890
6312;201500007011;15;8;8;1745;1;1;1;1;1;159;;M;4751866.0;390809.0;890
6313;201500007012;15;8;10;915;1;1;1;1;6;349;;M;0.0;0.0;890
6314;201500007013;15;10;23;1015;1;1;1;1;1;306;;M;4749238.0;387553.0;890
6315;201500007014;15;11;3;1300;1;1;1;2;1;159;;M;4751321.0;390888.0;890
6316;201500007015;15;4;30;1415;1;2;6;2;3;206;;M;4797764.0;338592.0;890
6317;201500007016;15;5;11;745;1;2;1;1;3;206;avenue de Mayen;M;4798079.0;341535.0;890
6318;201500007019;15;11;5;1045;1;2;1;1;6;3;Boulevard du nord;M;4787628.0;334991.0;890
6319;201500007020;15;3;26;2015;5;2;1;2;1;257;;M;0.0;0.0;890
6320;201500007021;15;4;4;1915;5;2;1;1;3;257;rue paul bert;M;4795918.0;350469.0;890
6321;201500007022;15;4;23;1745;1;1;1;1;6;85;;M;4795000.0;350400.0;890
6322;201500007023;15;6;11;1430;1;2;1;1;6;257;57 rue Ramon;M;4796586.0;350488.0;890
6323;201500007024;15;9;12;1800;1;2;1;1;3;257;Rue de la Liberté;M;4796481.0;351026.0;890
6324;201500007025;15;9;16;730;1;2;1;2;3;257;Avenue du Port;M;4796253.0;350438.0;890
6325;201500007026;15;9;30;1215;1;1;1;1;1;56;;M;4799124.0;346113.0;890
6326;201500007027;15;10;10;1945;5;2;1;1;3;257;;M;4795589.0;349979.0;890