;Num_Acc;an;mois;jour;hrmn;lum;agg;int;atm;col;com;adr;gps;lat;long;dep
6327;201500007028;15;11;15;1700;1;2;1;1;6;156;;M;4799693.0;357718.0;890
6328;201500007029;15;11;17;1045;1;1;1;1;6;156;;M;4798933.0;359503.0;890
6329;201500007030;15;12;1;1500;1;2;6;1;3;257;Pierre et Marie CURIE;M;4796169.0;350424.0;890
6330;201500007031;15;12;10;930;1;2;1;5;6;257;12 Avenue du Port;M;4796066.0;350473.0;890
6331;201500007032;15;9;5;1630;1;1;1;1;1;111;;M;0.0;0.0;890
6332;201500007033;15;9;16;1615;1;1;4;1;6;195;;M;4815544.0;326959.0;890
6333;201500007034;15;10;10;800;1;1;1;1;6;240;;M;4820212.0;336790.0;890
6334;201500007036;15;6;5;1530;1;1;1;7;1;414;;M;4829996.0;333863.0;890
6335;201500007037;15;7;31;1715;1;2;1;1;6;124;26 GRANDE RUE;M;0.0;0.0;890
6336;201500007038;15;8;29;1330;1;1;1;1;1;309;;M;0.0;0.0;890
6337;201500007039;15;10;2;1515;1;1;1;1;5;414;;M;4829818.0;340657.0;890
6338;201500007040;15;1;20;1145;1;2;1;1;1;370;rue de la republique;M;4817924.0;309371.0;890
6339;201500007042;15;4;9;845;1;1;2;1;3;450;;M;4822464.0;315642.0;890
6340;201500007044;15;12;31;1745;2;1;1;1;7;180;;M;0.0;0.0;890
6341;201500007045;15;2;21;2230;3;1;1;1;6;464;;M;4809916.0;328985.0;890
6342;201500007046;15;3;21;1615;1;1;1;1;6;60;;M;4806808.0;326339.0;890
6343;201500007048;15;4;30;1415;1;1;1;2;1;388;;M;4793249.0;321525.0;890
6344;201500007049;15;5;23;1545;1;1;1;1;3;298;;M;4805768.0;313120.0;890
6345;201500007050;15;5;29;1100;1;1;1;1;1;51;;M;4811031.0;336106.0;890
6346;201500007051;15;6;21;30;3;2;1;1;6;94;rue étienne crozier;M;4808865.0;323124.0;890
6347;201500007052;15;7;3;1645;1;1;1;1;2;464;;M;4806668.0;329093.0;890
6348;201500007054;15;7;16;1630;1;1;1;1;5;327;;M;4809631.0;328045.0;890
6349;201500007056;15;9;6;700;2;2;1;1;3;464;D272;M;4808968.0;328664.0;890
6350;201500007057;15;9;21;2145;3;1;1;1;6;63;;M;4798386.0;327524.0;890
6351;201500007058;15;4;19;345;3;2;1;1;6;17;37 GRANDE RUE;M;4775677.0;410842.0;890
6352;201500007059;15;1;16;1715;3;2;1;3;6;112;voie des marni?res;M;0.0;0.0;250
6353;201500007060;15;2;14;1145;1;2;1;1;6;56;56, rue Mirabeau;M;0.0;0.0;250
6354;201500007061;15;3;28;215;5;2;1;1;6;417;57 grande rue;M;4721700.0;623900.0;250
6355;201500007062;15;7;9;730;1;2;1;7;1;245;Lieu dit Les Rochets;M;4718900.0;605900.0;250
6356;201500007063;15;8;30;2145;3;1;1;1;1;410;;M;4722800.0;607800.0;250
6357;201500007064;15;10;24;900;1;1;1;1;6;27;;M;4718252.0;600555.0;250
6358;201500007065;15;11;11;1715;1;1;1;1;1;78;;M;4724667.0;625989.0;250
6359;201500007066;15;1;13;1830;5;2;1;1;3;558;ROUTE DE BESANCON;M;0.0;0.0;250
6360;201500007067;15;5;26;1015;1;1;1;5;6;199;;M;4700200.0;607000.0;250
6361;201500007068;15;7;31;1115;1;2;1;1;3;630;chemin des portes;M;4710100.0;625100.0;250
6362;201500007069;15;8;7;1415;1;1;1;1;3;535;;M;0.0;0.0;250
6363;201500007070;15;11;12;1530;1;1;1;1;1;558;;M;4717100.0;611200.0;250
6364;201500007071;15;11;18;1745;5;2;1;1;6;15;grande rue;M;4703769.0;607126.0;250
6365;201500007072;15;3;2;1515;1;2;1;1;3;287;route de Besan?on;M;0.0;0.0;250
6366;201500007073;15;3;15;1200;1;1;1;1;1;154;;M;4711100.0;589400.0;250
6367;201500007074;15;3;26;745;1;1;1;1;6;149;;M;4713800.0;592300.0;250
6368;201500007075;15;4;3;700;2;1;1;5;5;527;;M;4719300.0;583300.0;250
6369;201500007076;15;5;7;1530;1;1;1;1;7;287;;M;4719600.0;589500.0;250
6370;201500007077;15;5;24;615;2;1;1;1;6;488;;M;4701600.0;585400.0;250
6371;201500007078;15;6;13;2115;1;2;1;1;6;502;13 rue du bas des Hous;M;0.0;0.0;250
6372;201500007079;15;7;2;2245;5;2;1;1;2;21;;M;0.0;0.0;250
6373;201500007080;15;7;7;745;1;2;1;7;1;154;rue charles prillard;M;4711100.0;588900.0;250
6374;201500007081;15;8;15;1145;1;1;1;2;6;527;;M;0.0;0.0;250
6375;201500007082;15;9;11;700;2;1;1;1;6;2;;M;4712200.0;588100.0;250
6376;201500007083;15;12;23;345;3;2;1;1;7;84;;M;4715535.0;590117.0;250
6377;201500007084;15;2;24;1545;1;2;1;1;3;428;RD 437;M;0.0;0.0;250
6378;201500007085;15;3;15;1900;3;1;1;1;3;207;;M;0.0;0.0;250
6379;201500007086;15;4;2;1800;1;1;1;3;3;350;;M;4745900.0;668100.0;250
6380;201500007087;15;4;25;1600;1;2;8;2;1;632;rue du pont;M;0.0;0.0;250
6381;201500007088;15;5;9;1145;1;1;1;8;7;632;;M;0.0;0.0;250
6382;201500007089;15;7;30;2130;2;1;9;1;7;608;;M;0.0;0.0;250
6383;201500007090;15;12;2;1845;3;1;1;1;5;43;;M;4748633.0;677307.0;250
6384;201500007091;15;12;28;1815;3;1;1;9;3;469;;M;0.0;0.0;250
6385;201500007092;15;2;10;1315;1;2;1;1;1;228;rue oehmichem;M;4751800.0;687000.0;250
6386;201500007093;15;4;10;1645;1;1;3;1;3;228;;M;4751200.0;686400.0;250
6387;201500007094;15;5;24;2000;1;2;1;1;1;196;rue de dampierre;M;4748400.0;689500.0;250
6388;201500007095;15;5;31;515;2;1;1;1;6;71;;M;4744400.0;684500.0;250
6389;201500007096;15;9;20;1230;1;1;1;3;6;196;;M;0.0;0.0;250
6390;201500007097;15;10;3;1400;1;1;1;1;3;196;;M;4748900.0;690000.0;250
6391;201500007098;15;11;5;1930;5;2;1;1;3;190;;M;4751000.0;691400.0;250
6392;201500007099;15;1;17;2045;5;1;1;9;1;193;;M;4722900.0;686500.0;250
6393;201500007100;15;5;7;1845;1;1;1;1;6;356;;M;4726300.0;680300.0;250
6394;201500007101;15;5;16;1415;1;1;1;1;7;588;;M;0.0;0.0;250
6395;201500007102;15;5;24;1200;1;1;1;1;1;238;;M;0.0;0.0;250
6396;201500007103;15;6;3;945;1;2;1;1;6;356;rue du Général de Gaulle;M;0.0;0.0;250
6397;201500007105;15;8;10;1715;1;2;1;8;1;255;8 Rue Ulysse Robert;M;4716791.0;682782.0;250
6398;201500007106;15;9;11;230;3;1;1;1;7;571;;M;0.0;0.0;250
6399;201500007107;15;11;14;1530;1;1;1;1;3;91;;M;4727478.0;681551.0;250
6400;201500007108;15;12;5;1045;1;2;1;1;6;356;35 rue du gal de gaulle;M;4725319.0;680162.0;250
6401;201500007109;15;2;23;1530;1;1;1;2;1;519;;M;0.0;0.0;250
6402;201500007110;15;3;16;700;2;1;1;1;7;370;;M;0.0;0.0;250
6403;201500007111;15;3;19;1015;1;2;1;1;6;463;16 rue de montbeliard;M;0.0;0.0;250
6404;201500007112;15;3;23;1500;1;1;1;1;6;519;;M;0.0;0.0;250
6405;201500007113;15;4;4;1645;1;1;1;3;7;519;;M;0.0;0.0;250
6406;201500007114;15;7;19;2145;1;1;1;1;5;370;;M;0.0;0.0;250
6407;201500007115;15;7;31;1415;1;1;1;1;3;387;;M;0.0;0.0;250
6408;201500007116;15;8;2;1730;1;1;1;1;4;463;;M;0.0;0.0;250
6409;201500007117;15;1;14;1730;2;2;1;2;6;411;AVENUE CHARLES DE GAULLE;M;4705500.0;660100.0;250
6410;201500007118;15;3;29;2100;3;2;1;3;3;181;RD 50;M;0.0;0.0;250
6411;201500007119;15;4;22;1145;1;1;1;1;2;32;;M;0.0;0.0;250
6412;201500007120;15;4;27;115;3;1;1;3;6;313;;M;0.0;0.0;250
6413;201500007121;15;4;30;1330;1;1;1;1;3;47;;M;0.0;0.0;250
6414;201500007122;15;5;29;1800;1;1;1;1;1;47;;M;0.0;0.0;250
6415;201500007123;15;6;14;1815;1;1;1;1;1;574;;M;4747200.0;643400.0;250
6416;201500007124;15;6;14;900;1;1;1;1;7;590;;M;4728900.0;643600.0;250
6417;201500007125;15;8;8;1545;1;1;1;1;6;492;;M;0.0;0.0;250
6418;201500007126;15;12;31;2010;3;1;1;2;7;47;;M;4734500.0;638000.0;250
6419;201500007127;15;1;6;1815;3;1;1;1;3;372;;M;4745900.0;659900.0;250
6420;201500007128;15;2;14;1015;1;1;1;7;1;595;;M;4734200.0;660100.0;250
6421;201500007129;15;3;25;2130;5;2;1;2;1;315;Rue quai de la saline;M;4745300.0;658600.0;250
6422;201500007130;15;8;14;1900;1;1;1;8;1;83;;M;4750000.0;649600.0;250
6423;201500007131;15;9;15;1930;2;1;1;8;6;530;;M;4730300.0;661200.0;250
6424;201500007132;15;10;4;445;3;1;1;9;6;232;;M;4748900.0;662000.0;250
6425;201500007133;15;11;9;800;1;1;1;1;6;246;;M;4741900.0;647500.0;250
6426;201500007134;15;11;12;2230;3;2;9;5;7;19;grande rue;M;4744900.0;656800.0;250
6427;201500007135;15;12;11;1915;5;2;1;1;3;394;Rue de Lougres;M;4748576.0;666719.0;250
6428;201500007136;15;7;11;1900;1;1;1;1;1;163;;M;0.0;0.0;250
6429;201500007137;15;12;22;1815;3;1;1;9;3;508;;M;4731898.0;624648.0;250
6430;201500007138;15;1;5;500;3;1;1;9;5;262;;M;0.0;0.0;250
6431;201500007139;15;1;11;345;3;1;1;3;6;453;;M;0.0;0.0;250
6432;201500007140;15;3;25;1815;3;1;1;2;3;222;;M;4714900.0;627000.0;250
6433;201500007141;15;4;16;1330;1;2;1;1;6;578;11 grande rue;M;4714880.0;633527.0;250
6434;201500007142;15;7;14;215;3;1;1;1;7;453;;M;0.0;0.0;250
6435;201500007143;15;12;4;2045;3;1;1;1;1;432;;M;4713249.0;653730.0;250
6436;201500007144;15;12;8;1545;1;1;1;1;1;262;;M;4713395.0;658515.0;250
6437;201500007145;15;4;9;1215;1;1;1;1;5;157;;M;0.0;0.0;250
6438;201500007146;15;4;21;1545;1;1;1;1;1;462;;M;0.0;0.0;250
6439;201500007147;15;4;27;1315;1;1;1;2;1;334;;M;0.0;0.0;250
6440;201500007148;15;7;11;2030;1;1;1;1;6;334;;M;0.0;0.0;250
6441;201500007149;15;2;6;1245;1;1;1;6;2;131;;M;0.0;0.0;250
6442;201500007150;15;2;21;1330;1;1;1;8;3;405;;M;0.0;0.0;250
6443;201500007151;15;2;27;1;3;1;1;1;6;318;;M;0.0;0.0;250
6444;201500007152;15;3;23;1815;1;2;2;1;1;320;14 grande rue;M;4678000.0;628500.0;250
6445;201500007153;15;4;8;1530;1;2;1;1;6;318;30 rue jules césar;M;0.0;0.0;250
6446;201500007154;15;5;10;830;1;2;1;1;1;494;rue du haut fourneau;M;4674900.0;629800.0;250
6447;201500007155;15;7;11;1745;1;1;1;1;7;96;;M;4675600.0;625500.0;250
6448;201500007156;15;7;17;645;1;1;1;1;1;320;;M;4680300.0;627400.0;250
6449;201500007157;15;7;18;1530;1;2;1;1;3;362;170 rue princiaple;M;4682801.0;629081.0;250
6450;201500007158;15;9;2;1300;1;1;1;1;3;320;;M;4679200.0;627900.0;250
6451;201500007160;15;3;18;1430;1;2;1;1;1;522;rue principale;M;4721700.0;671700.0;250
6452;201500007161;15;4;21;615;1;1;9;1;3;321;;M;0.0;0.0;250
6453;201500007162;15;6;6;1430;1;2;1;1;1;160;LIEUX DIT REMONOT CD 437;M;0.0;0.0;250
6454;201500007163;15;6;27;1800;1;2;1;1;3;411;;M;0.0;0.0;250
6455;201500007164;15;6;30;1630;1;2;1;1;7;403;rue de Chinard;M;0.0;0.0;250
6456;201500007165;15;7;17;1745;1;1;1;1;3;160;;M;4703400.0;654300.0;250
6457;201500007166;15;8;10;845;1;1;1;2;1;411;;M;0.0;0.0;250
6458;201500007167;15;8;23;515;1;1;1;1;6;389;;M;0.0;0.0;250
6459;201500007170;15;10;24;2315;5;2;1;1;3;512;4 et 7 rue clemenceau;M;4715700.0;672600.0;250
6460;201500007171;15;12;27;530;3;1;1;1;7;62;;M;0.0;0.0;250
6461;201500007172;15;2;11;1140;1;2;1;1;6;70;19, ST J CHRYSOSTOME (BD;M;4409658.0;623980.0;40
6462;201500007173;15;3;6;650;2;2;1;1;6;70;8, EVECHE (PL. DE);M;4409277.0;623793.0;40
6463;201500007174;15;2;21;710;5;2;1;2;6;70;4, TAMPINET (RUE DU );M;4409120.0;623140.0;40
6464;201500007175;15;5;15;1840;1;2;3;1;6;70;, FRERES MAHOUDEAUX;M;4410730.0;623036.0;40
6465;201500007176;15;6;2;1020;1;2;1;1;6;70;8, RUE DU SOUVENIR FRANC;M;4409724.0;624324.0;40
6466;201500007178;15;8;9;1100;1;2;1;1;1;70;Route de Nice;M;4407703.0;620967.0;40
6467;201500007179;15;9;23;1310;1;2;3;1;2;70;21, HUGO (BD..V);M;4409500.0;623546.0;40
6468;201500007180;15;9;30;940;1;2;1;1;6;70;GAMBETTA (BD);M;4409070.0;623088.0;40
6469;201500007181;15;11;16;1750;5;2;1;1;6;70;DEMONTZEY (AV.);M;4409564.0;623026.0;40
6470;201500007182;15;11;16;1818;5;2;1;1;6;70;MUTUALITE (rue de la);M;4409490.0;623950.0;40
6471;201500007183;15;11;28;1300;1;1;1;1;2;70;, BARLES (ROUTE DE);M;4412096.0;623400.0;40
6472;201500007184;15;12;15;1705;2;2;1;1;6;70;DEMONTZEY (AV.);M;4409191.0;623102.0;40
6473;201500007185;15;12;24;1205;1;2;1;1;6;70;32, GASSENDI (BD);M;4409205.0;623366.0;40
6474;201500007186;15;3;4;1645;1;2;1;1;5;306;Rue du Jura;M;0.0;0.0;390
6475;201500007187;15;3;7;715;2;1;1;1;7;171;;M;0.0;0.0;390
6476;201500007189;15;9;18;845;1;1;1;8;6;61;;M;0.0;0.0;390
6477;201500007190;15;10;13;1700;1;2;1;1;6;164;16 rue neuve;M;0.0;0.0;390
6478;201500007191;15;3;22;1815;1;2;1;1;6;397;Route des lacs;M;0.0;0.0;390
6479;201500007192;15;4;21;700;1;1;1;1;6;253;;M;0.0;0.0;390
6480;201500007193;15;6;3;1815;1;1;4;7;1;45;;M;0.0;0.0;390
6481;201500007194;15;10;24;1045;1;2;7;1;6;397;5 B pl. colonel Varrroz;M;0.0;0.0;390
6482;201500007195;15;3;3;815;1;1;1;1;6;199;;M;0.0;0.0;390
6483;201500007196;15;5;10;430;5;2;1;1;6;456;15 grande rue;M;0.0;0.0;390
6484;201500007197;15;5;11;1015;1;1;1;1;3;279;;M;0.0;0.0;390
6485;201500007198;15;5;27;2045;2;1;3;1;3;104;;M;0.0;0.0;390
6486;201500007199;15;6;3;715;1;1;1;1;1;229;Rue du Champ du Prince;M;0.0;0.0;390
6487;201500007200;15;6;20;1715;1;1;1;1;6;482;;M;0.0;0.0;390
6488;201500007201;15;7;4;930;1;1;3;1;3;489;;M;0.0;0.0;390
6489;201500007202;15;7;23;1915;1;2;4;1;1;574;351 Grande rue;M;0.0;0.0;390
6490;201500007203;15;9;2;2130;3;1;1;2;2;489;;M;0.0;0.0;390
6491;201500007204;15;10;7;930;1;1;1;1;2;379;;M;0.0;0.0;390
6492;201500007205;15;10;9;2005;3;1;1;1;1;191;;M;0.0;0.0;390
6493;201500007207;15;12;14;1015;1;1;1;1;7;482;;M;0.0;0.0;390
6494;201500007208;15;6;6;1730;1;1;1;1;7;35;Chemin de Bel Air;M;0.0;0.0;390
6495;201500007209;15;7;20;1745;1;1;9;1;1;395;;M;0.0;0.0;390
6496;201500007210;15;7;31;1830;1;1;1;1;7;389;;M;0.0;0.0;390
6497;201500007211;15;10;5;1530;1;2;1;8;1;437;rue du vieux pont;M;0.0;0.0;390
6498;201500007212;15;5;17;1530;1;1;1;1;6;227;;M;0.0;0.0;390
6499;201500007214;15;11;10;1045;1;1;1;1;1;129;;M;0.0;0.0;390
6500;201500007215;15;1;18;215;5;2;1;1;6;434;5 rue travot;M;4683700.0;571000.0;390
6501;201500007217;15;10;8;1945;5;2;1;1;6;434;10 AVENUE DE LA GARE;M;4685100.0;570100.0;390
6502;201500007218;15;10;9;1730;1;2;1;1;3;434;rue Roger Thyrode;M;4685000.0;569600.0;390
6503;201500007219;15;12;2;1800;5;2;1;1;1;434;rue roger thirode;M;4684600.0;569500.0;390
6504;201500007220;15;12;15;1000;1;1;1;1;7;355;;M;4695100.0;577600.0;390
6505;201500007221;15;1;29;1400;1;2;3;2;3;206;route du Val d Amour;M;0.0;0.0;390
6506;201500007222;15;2;22;530;3;1;1;2;6;176;;M;0.0;0.0;390
6507;201500007223;15;4;8;1545;1;1;1;1;5;315;;M;0.0;0.0;390
6508;201500007224;15;8;8;1115;1;2;1;3;1;500;rue Préval;M;0.0;0.0;390
6509;201500007225;15;10;2;1630;1;1;1;1;1;403;;M;0.0;0.0;390
6510;201500007226;15;10;14;1945;5;2;1;2;6;500;29 rue de la République;M;0.0;0.0;390
6511;201500007227;15;10;25;2300;3;1;1;1;7;133;;M;0.0;0.0;390
6512;201500007228;15;12;2;1715;5;2;2;1;3;370;;M;0.0;0.0;390
6513;201500007229;15;1;16;1430;1;1;1;3;5;526;;M;4706100.0;569100.0;390
6514;201500007230;15;6;3;1730;1;2;1;1;6;526;59 avenue de la paix;M;0.0;0.0;390
6515;201500007231;15;6;5;615;1;1;1;1;1;526;;M;0.0;0.0;390
6516;201500007232;15;7;7;15;3;1;2;1;1;99;;M;0.0;0.0;390
6517;201500007233;15;10;16;1645;2;1;1;8;3;30;;M;0.0;0.0;390
6518;201500007234;15;2;26;1915;5;2;1;1;1;211;18 route des hays;M;0.0;0.0;390
6519;201500007235;15;4;1;1815;1;2;1;1;2;448;18 RUE DE LA CHAPELLE;M;0.0;0.0;390
6520;201500007236;15;11;27;1815;3;1;2;1;3;546;;M;0.0;0.0;390
6521;201500007237;15;4;18;1430;1;1;1;1;7;335;;M;0.0;0.0;390
6522;201500007238;15;6;29;50;3;1;6;1;7;451;;M;0.0;0.0;390
6523;201500007239;15;3;7;1930;3;1;1;1;1;286;;M;4663500.0;532600.0;390
6524;201500007240;15;3;27;1045;1;1;1;8;2;286;;M;0.0;0.0;390
6525;201500007241;15;4;19;1445;1;1;1;1;6;478;;M;0.0;0.0;390
6526;201500007243;15;7;1;715;1;2;1;1;1;478;place de l'abbaye;M;0.0;0.0;390
6527;201500007245;15;9;7;1015;1;1;1;1;1;106;;M;0.0;0.0;390
6528;201500007246;15;10;3;1345;1;1;1;8;7;184;;M;0.0;0.0;390
6529;201500007247;15;11;1;530;3;1;1;5;6;269;;M;0.0;0.0;390
6530;201500007248;15;11;23;1400;1;2;1;1;6;478;09 avenue de BELFORT;M;0.0;0.0;390
6531;201500007249;15;12;24;1015;1;1;1;1;6;478;Chemin de Cutturra;M;0.0;0.0;390
6532;201500007250;15;4;25;345;3;1;1;2;7;470;;M;0.0;0.0;390
6533;201500007251;15;6;10;1600;1;1;1;1;3;470;;M;4648800.0;605300.0;390
6534;201500007252;15;6;20;1800;1;1;1;1;6;368;;M;0.0;0.0;390
6535;201500007253;15;7;18;1915;1;1;1;1;3;63;;M;0.0;0.0;390
6536;201500007255;15;8;2;1045;1;1;1;1;4;258;;M;4654200.0;592200.0;390
6537;201500007256;15;8;2;1115;1;1;1;1;5;487;;M;0.0;0.0;390
6538;201500007257;15;8;11;1645;1;1;9;1;1;470;;M;4648600.0;604600.0;390
6539;201500007258;15;2;28;1005;1;2;1;1;6;112;Chemin de Robert;M;4382031.0;578774.0;40
6540;201500007259;15;4;23;1210;1;2;1;1;1;112;chemin de Seigneres;M;4380662.0;581412.0;40
6541;201500007260;15;9;5;1725;1;2;1;1;6;112;avenue des Savels;M;4382390.0;578098.0;40
6542;201500007261;15;9;10;2225;3;1;1;1;1;112;D907;;;;40
6543;201500007262;15;10;8;1800;1;2;2;1;3;112;RUE LEON MURE;M;4383250.0;577998.0;40
6544;201500007263;15;10;14;1700;1;2;1;1;3;112;;;;;40
6545;201500007264;15;12;27;35;5;2;1;1;6;112;40, ROUGIER (BD.);M;4383100.0;579175.0;40
6546;201500007265;15;1;9;1815;5;2;6;1;3;112;1, SAINT MAURICE(AVENUE);M;4379152.0;581068.0;40
6547;201500007267;15;3;25;1230;1;2;1;1;6;112;Allée Canto Grilhet;M;4383601.0;577937.0;40
6548;201500007268;15;3;4;1015;1;1;1;1;3;19;;M;4759300.0;610100.0;700
6549;201500007269;15;6;8;830;1;1;1;1;7;367;;M;4762500.0;605800.0;700
6550;201500007270;15;6;9;1700;1;1;1;1;7;163;;M;4766300.0;621300.0;700
6551;201500007271;15;7;1;445;2;1;1;1;1;20;;M;4758700.0;611700.0;700
6552;201500007272;15;7;2;2015;1;1;1;1;1;162;;M;4761700.0;623300.0;700
6553;201500007273;15;8;1;30;3;1;1;1;7;199;;M;0.0;0.0;700
6554;201500007274;15;8;22;1845;1;1;1;1;1;367;;M;4762500.0;605800.0;700
6555;201500007275;15;8;23;1645;1;1;1;2;3;163;;M;0.0;0.0;700
6556;201500007276;15;9;2;315;3;1;1;1;7;111;;M;4764252.0;626433.0;700
6557;201500007278;15;3;1;730;2;1;1;2;6;404;;M;0.0;0.0;700
6558;201500007279;15;6;3;1015;1;2;1;7;3;228;Place Général DE GAULLE;M;0.0;0.0;700
6559;201500007280;15;7;10;145;3;1;1;1;6;170;;M;0.0;0.0;700
6560;201500007281;15;7;11;1145;1;2;1;7;6;177;8 rue Jean Monasson;M;0.0;0.0;700
6561;201500007282;15;3;19;1445;1;1;1;1;7;165;;M;0.0;0.0;700
6562;201500007283;15;3;26;2100;3;1;1;1;6;324;;M;0.0;0.0;700
6563;201500007284;15;4;6;45;5;2;1;1;6;504;grande rue;M;0.0;0.0;700
6564;201500007285;15;5;25;1730;1;1;9;1;3;386;;M;0.0;0.0;700
6565;201500007286;15;6;16;815;1;2;1;1;6;386;rue de la vaivre;M;0.0;0.0;700
6566;201500007287;15;8;24;2215;3;1;1;8;6;421;;M;0.0;0.0;700
6567;201500007288;15;9;11;1845;1;2;1;1;6;421;7 rue Gilberte Lavaire;M;4768929.0;604213.0;700
6568;201500007289;15;10;26;1815;3;1;1;1;1;133;;M;4773276.0;600951.0;700
6569;201500007290;15;11;13;900;1;2;1;1;7;275;CD 33;M;4750657.0;599734.0;700
6570;201500007291;15;6;5;1830;1;1;1;1;1;449;;M;4748700.0;621400.0;700
6571;201500007294;15;10;16;845;1;1;1;8;5;208;;M;4752817.0;612992.0;700
6572;201500007295;15;4;9;2045;5;2;1;1;6;310;11 BOULEVARD BROSSET;M;0.0;0.0;700
6573;201500007296;15;4;17;330;5;2;1;1;6;310;97 av. de la republique;M;0.0;0.0;700
6574;201500007297;15;5;10;1800;1;1;1;1;7;310;;M;4767700.0;650100.0;700
6575;201500007298;15;6;12;1345;1;2;1;1;6;310;30 avenue Carnot;M;4768600.0;649900.0;700
6576;201500007299;15;6;13;1845;1;1;1;1;7;464;;M;4773800.0;651800.0;700
6577;201500007300;15;6;25;330;3;1;1;1;6;464;;M;0.0;0.0;700
6578;201500007301;15;6;25;445;3;1;9;1;1;81;;M;0.0;0.0;700
6579;201500007302;15;7;4;900;1;1;1;1;3;81;;M;4769000.0;645600.0;700
6580;201500007303;15;7;14;915;1;2;1;1;6;310;50 rue de la République;M;4769100.0;649600.0;700
6581;201500007304;15;7;26;2100;2;2;2;8;3;310;rue des jardins;M;0.0;0.0;700
6582;201500007305;15;8;8;2330;3;1;1;1;2;464;;M;0.0;0.0;700
6583;201500007306;15;8;24;1630;1;1;1;1;1;310;;M;4768600.0;650300.0;700
6584;201500007307;15;9;1;830;1;1;1;1;3;455;;M;4766363.0;654789.0;700
6585;201500007308;15;12;24;1815;5;2;1;1;6;310;53 avenue carnot;M;4767965.0;650148.0;700
6586;201500007309;15;2;6;1915;3;1;1;4;1;248;;M;0.0;0.0;700
6587;201500007310;15;4;15;1500;1;2;1;1;1;318;rue du puits;M;4769900.0;663200.0;700
6588;201500007311;15;4;16;1400;1;1;1;1;2;339;;M;4776000.0;659900.0;700
6589;201500007312;15;6;15;1100;1;1;1;2;6;120;;M;4769100.0;668400.0;700
6590;201500007315;15;10;25;1430;1;1;1;1;2;498;;M;4780300.0;665800.0;700
6591;201500007316;15;11;28;1900;3;1;1;1;1;283;;M;4783054.0;670765.0;700
6592;201500007317;15;2;9;815;1;1;1;1;4;317;;M;0.0;0.0;700
6593;201500007318;15;3;1;1300;1;1;1;2;7;307;;M;4758900.0;643100.0;700
6594;201500007319;15;4;18;1515;1;1;1;1;2;64;;M;4762800.0;666700.0;700
6595;201500007320;15;5;30;1400;1;1;1;1;3;5;;M;0.0;0.0;700
6596;201500007321;15;9;9;1745;1;2;1;1;2;117;route nationale;M;4764604.0;677924.0;700
6597;201500007322;15;9;16;2115;2;1;1;1;7;317;;M;4753435.0;641611.0;700
6598;201500007323;15;12;8;1715;5;1;1;1;1;117;;M;4764660.0;677757.0;700
6599;201500007324;15;5;13;1900;1;1;1;1;2;263;;M;4774000.0;631600.0;700
6600;201500007325;15;6;2;1812;1;1;1;1;1;478;;M;0.0;0.0;700
6601;201500007328;15;6;11;1500;1;2;1;1;6;16;;M;0.0;0.0;700
6602;201500007329;15;6;20;1800;1;1;1;1;6;380;;M;4775200.0;619900.0;700
6603;201500007330;15;8;15;1500;1;1;1;1;6;473;;M;0.0;0.0;700
6604;201500007331;15;1;8;930;1;1;1;8;1;168;;M;0.0;0.0;700
6605;201500007332;15;1;11;430;3;1;1;2;7;338;;M;0.0;0.0;700
6606;201500007333;15;2;17;1330;1;1;1;1;3;467;;M;0.0;0.0;700
6607;201500007334;15;2;24;1845;2;1;1;1;3;6;;M;0.0;0.0;700
6608;201500007335;15;3;20;1930;3;1;1;1;1;249;;M;0.0;0.0;700
6609;201500007336;15;3;24;2000;5;2;1;1;5;245;;M;0.0;0.0;700
6610;201500007337;15;7;14;1915;1;2;1;1;7;467;21 rue d'Avignon;M;0.0;0.0;700
6611;201500007338;15;8;9;1530;1;1;1;1;1;245;;M;0.0;0.0;700
6612;201500007339;15;8;10;1630;1;1;1;1;1;6;;M;0.0;0.0;700
6613;201500007340;15;9;14;1730;1;1;1;7;3;245;;M;4788349.0;640993.0;700
6614;201500007341;15;10;1;1130;1;1;1;1;3;245;;M;4790085.0;640436.0;700
6615;201500007342;15;1;19;1545;1;1;1;8;1;185;;M;0.0;0.0;700
6616;201500007343;15;2;22;1845;3;1;1;1;7;132;;M;0.0;0.0;700
6617;201500007344;15;3;4;1630;1;2;1;1;6;26;Avenue Charles Couyba;M;0.0;0.0;700
6618;201500007345;15;5;10;1345;1;2;1;1;1;279;77 grande rue;M;0.0;0.0;700
6619;201500007346;15;6;7;1900;1;2;1;1;6;371;2 rue de la Charme aux l;M;0.0;0.0;700
6620;201500007347;15;7;10;1915;1;2;1;1;3;26;37 rue de Verdun;M;0.0;0.0;700
6621;201500007348;15;8;17;2115;5;2;1;1;3;402;59 Grande rue;M;0.0;0.0;700
6622;201500007350;15;10;8;1545;1;1;1;1;3;376;;M;4755536.0;554674.0;700
6623;201500007351;15;11;3;1845;3;1;1;5;7;132;;M;4748348.0;556817.0;700
6624;201500007352;15;12;10;1845;3;2;1;1;4;371;RD 70;M;4750026.0;563900.0;700
6625;201500007353;15;5;28;930;1;1;1;1;6;247;;M;4764800.0;567800.0;700
6626;201500007354;15;7;31;1730;1;1;1;1;1;491;;M;4753800.0;577000.0;700