;Num_Acc;an;mois;jour;hrmn;lum;agg;int;atm;col;com;adr;gps;lat;long;dep
6627;201500007355;15;11;10;1145;1;1;1;1;7;247;;M;4767306.0;566095.0;700
6628;201500007356;15;12;10;1742;3;1;1;5;7;299;;M;4762313.0;577826.0;700
6629;201500007357;15;6;11;1630;1;1;1;1;3;130;;M;4736800.0;574200.0;700
6630;201500007358;15;11;7;2345;3;1;1;1;7;60;;M;4730684.0;583436.0;700
6631;201500007359;15;11;22;1715;2;1;1;1;1;282;;M;4741866.0;581954.0;700
6632;201500007360;15;3;19;545;2;2;7;1;6;87;30 av. du gl de Gaulle;M;;;900
6633;201500007361;15;5;10;1830;1;2;1;1;1;22;rue du general de gaulle;M;;;900
6634;201500007362;15;6;4;2030;2;2;6;1;3;93;;M;0.0;0.0;900
6635;201500007363;15;4;5;1300;1;1;1;1;6;43;;M;0.0;0.0;900
6636;201500007364;15;4;23;2045;3;1;1;1;6;45;;M;4751000.0;695000.0;900
6637;201500007366;15;5;4;2030;2;2;1;1;3;9;rue de la maison blanche;M;;;900
6638;201500007367;15;7;15;2015;1;2;1;1;1;9;Rue du parc Gaston Japy;M;;;900
6639;201500007368;15;1;7;1745;3;1;6;2;6;91;;M;0.0;0.0;900
6640;201500007369;15;2;22;115;3;1;6;1;6;91;;M;;;900
6641;201500007370;15;4;15;1500;1;2;1;1;3;65;;M;0.0;0.0;900
6642;201500007371;15;5;1;1845;2;2;1;3;2;23;85 c grande rue;M;0.0;0.0;900
6643;201500007372;15;5;24;815;1;2;1;1;3;65;route du ballon;M;;;900
6644;201500007373;15;6;24;1830;1;1;1;1;7;65;;M;;;900
6645;201500007374;15;7;25;1000;1;2;1;7;1;58;Rue du Général de Gaulle;M;;;900
6646;201500007375;15;8;17;1645;1;1;1;1;6;3;;M;0.0;0.0;900
6647;201500007376;15;9;9;1745;1;2;1;1;1;23;grande rue;M;0.0;0.0;900
6648;201500007377;15;10;15;1400;1;1;1;8;6;5;;M;0.0;0.0;900
6649;201500007378;15;10;31;1630;1;1;1;1;6;65;;M;0.0;0.0;900
6650;201500007379;15;11;1;1715;1;1;1;1;6;5;;M;0.0;0.0;900
6651;201500007380;15;11;11;2030;5;2;1;1;1;52;72 faubourg de Belfort;M;0.0;0.0;900
6652;201500007381;15;11;25;2130;3;1;1;8;3;58;;M;0.0;0.0;900
6653;201500007383;15;2;15;400;5;2;1;2;7;53;24 rue du G?n?ral Lecler;M;0.0;0.0;900
6654;201500007384;15;3;30;1145;1;1;1;1;1;18;;M;0.0;0.0;900
6655;201500007385;15;6;21;1330;1;2;6;8;6;101;1 rue des Moulins;M;0.0;0.0;900
6656;201500007386;15;6;23;1445;1;2;1;1;6;53;24 rue de delle;M;;;900
6657;201500007387;15;9;4;1630;1;2;1;1;6;53;rue du Général Leclerc;M;0.0;0.0;900
6658;201500007388;15;9;13;115;5;2;1;1;6;71;44 rue georges helminger;M;4760700.0;698900.0;900
6659;201500007389;15;9;27;830;1;1;1;1;7;18;;M;0.0;0.0;900
6660;201500007390;15;2;2;1315;1;1;1;1;7;35;;M;0.0;0.0;380
6661;201500007391;15;2;21;2015;3;1;1;8;5;72;;M;0.0;0.0;380
6662;201500007392;15;2;28;1915;5;1;1;1;6;336;;M;0.0;0.0;380
6663;201500007393;15;3;13;1800;2;1;1;1;6;19;;M;0.0;0.0;380
6664;201500007394;15;4;26;1545;1;1;1;1;6;2;AIRE REPOS ST RAMBERT;M;0.0;0.0;260
6665;201500007395;15;5;1;1915;2;1;1;2;6;19;;M;0.0;0.0;380
6666;201500007396;15;5;15;1;3;1;1;8;1;19;;M;0.0;0.0;380
6667;201500007397;15;6;26;1530;1;1;1;1;5;72;;M;0.0;0.0;380
6668;201500007398;15;6;26;1830;1;1;1;1;7;2;A7 ALBON;M;0.0;0.0;260
6669;201500007399;15;8;20;2145;5;1;1;1;6;468;;M;4534916.0;480649.0;380
6670;201500007400;15;9;1;245;3;1;1;1;2;332;BERTEUX;M;0.0;0.0;260
6671;201500007401;15;9;14;930;1;1;1;1;6;332;BOIS ROUSSET;M;0.0;0.0;260
6672;201500007402;15;10;10;845;1;1;1;1;3;2;BLANCHE RONDE;M;0.0;0.0;260
6673;201500007403;15;11;6;215;3;1;1;1;5;344;;M;4539499.0;480828.0;380
6674;201500007404;15;1;31;1015;1;1;2;1;3;197;LES CLOS;M;4494350.0;497330.0;260
6675;201500007405;15;2;3;2100;3;1;1;2;6;362;LES COULEURES;M;4495510.0;493090.0;260
6676;201500007406;15;2;10;730;2;1;1;1;2;156;LES CHAUX;M;0.0;0.0;260
6677;201500007407;15;2;19;2015;5;1;1;1;1;358;LES CHANETONS;M;0.0;0.0;260
6678;201500007408;15;2;23;1330;1;1;1;1;2;124;RIVECOURT SUD;M;0.0;0.0;260
6679;201500007410;15;3;11;1600;1;1;3;1;3;124;LES ILES;M;0.0;0.0;260
6680;201500007411;15;3;14;1015;1;1;1;1;6;165;RTE DU VAL DE DROME;M;0.0;0.0;260
6681;201500007412;15;3;15;1515;1;1;1;1;3;156;LES COULAIRES;M;0.0;0.0;260
6682;201500007413;15;3;28;1915;3;1;1;1;6;100;LES ETROITS;M;0.0;0.0;260
6683;201500007414;15;4;18;400;3;1;1;2;6;208;RD 111;M;0.0;0.0;260
6684;201500007415;15;4;23;1945;1;1;1;1;3;206;FRANCONNET;M;0.0;0.0;260
6685;201500007416;15;4;25;715;1;1;1;2;2;295;FARCONNET;M;0.0;0.0;260
6686;201500007417;15;5;10;1715;1;1;1;1;2;165;A7;M;0.0;0.0;260
6687;201500007418;15;5;13;1530;1;1;1;1;2;362;;M;0.0;0.0;260
6688;201500007419;15;5;18;1915;1;1;1;1;1;124;LA PALLAISSE;M;0.0;0.0;260
6689;201500007420;15;5;17;1915;1;1;2;1;3;365;BAYANE;M;0.0;0.0;260
6690;201500007421;15;5;22;715;1;1;1;1;1;84;SAUT DES CHEVRES BAS;M;0.0;0.0;260
6691;201500007422;15;5;25;1615;1;1;1;1;6;179;BRETELLE ECHANGEUR 13;M;0.0;0.0;260
6692;201500007423;15;5;29;1200;1;1;1;1;6;362;EPERVIERE;M;0.0;0.0;260
6693;201500007424;15;5;30;1230;1;1;1;1;6;365;LES GONDIANS;M;0.0;0.0;260
6694;201500007425;15;6;14;500;3;1;1;3;6;252;A7;M;0.0;0.0;260
6695;201500007426;15;6;23;1745;1;1;1;1;4;72;CROIX DES MORTS;M;0.0;0.0;260
6696;201500007427;15;6;24;1845;1;1;1;1;6;362;A7 VALENCE;M;0.0;0.0;260
6697;201500007428;15;7;6;1630;1;1;1;1;7;37;ZONE ACTIVITE LES SIRIUS;M;4487260.0;494310.0;260
6698;201500007429;15;7;8;730;1;1;1;1;2;179;LES CHASSIS SUD;M;0.0;0.0;260
6699;201500007430;15;7;9;1015;1;1;3;1;3;206;NOYERE;M;0.0;0.0;260
6700;201500007431;15;7;6;645;1;1;1;1;3;166;AV DE LA REPUBLIQUE;M;0.0;0.0;260
6701;201500007432;15;7;19;600;3;1;1;1;6;208;POUYET;M;0.0;0.0;260
6702;201500007433;15;7;20;2130;2;1;1;1;7;197;BOURBOUREE;M;0.0;0.0;260
6703;201500007434;15;7;23;930;1;1;1;1;7;208;CHEMIN DES REYNAUDS;M;4479920.0;493500.0;260
6704;201500007435;15;7;28;1730;1;1;4;1;2;64;CHOSSON;M;0.0;0.0;260
6705;201500007436;15;8;5;1415;1;1;2;1;3;165;AV ALBERT MAZADE;M;0.0;0.0;260
6706;201500007437;15;8;8;945;1;2;2;1;3;6;RUE DES RAMIERES;M;0.0;0.0;260
6707;201500007438;15;8;11;1945;1;1;1;1;3;37;LES TROIS BUCHES;M;0.0;0.0;260
6708;201500007440;15;9;11;2345;3;1;1;1;1;124;LA PAUZE ET LE TRUC;M;0.0;0.0;260
6709;201500007441;15;10;5;1900;2;1;1;1;6;124;ILES DU CHEZ;M;0.0;0.0;260
6710;201500007442;15;10;9;1900;3;1;1;1;1;144;GUERBY;M;0.0;0.0;260
6711;201500007443;15;11;30;345;5;2;1;1;6;6;RTE DE CREST;M;0.0;0.0;260
6712;201500007444;15;12;2;1800;3;1;1;1;1;124;QUEYRAS;M;0.0;0.0;260
6713;201500007445;15;12;8;1945;3;1;1;1;7;64;LA DIGEONNE;M;0.0;0.0;260
6714;201500007446;15;12;9;845;3;1;1;1;2;179;;M;0.0;0.0;260
6715;201500007448;15;12;11;1900;3;1;1;1;1;64;LES PETITES FORETS;M;0.0;0.0;260
6716;201500007449;15;12;17;1830;5;1;2;1;6;124;VERCORS EST;M;0.0;0.0;260
6717;201500007450;15;12;21;1030;1;1;1;1;5;165;A7;M;0.0;0.0;260
6718;201500007451;15;12;15;1600;1;1;3;1;3;197;CHIRETTE;M;0.0;0.0;260
6719;201500007452;15;3;24;845;1;1;2;1;5;87;;M;4348927.0;562983.0;130
6720;201500007453;15;4;5;1800;1;1;1;1;6;87;;M;0.0;0.0;130
6721;201500007454;15;4;10;1545;1;1;1;1;1;87;;M;0.0;0.0;130
6722;201500007455;15;4;22;430;3;1;1;1;2;107;;M;0.0;0.0;130
6723;201500007456;15;5;30;1945;1;1;1;1;6;80;;M;4365343.0;547596.0;130
6724;201500007457;15;7;6;1645;1;1;6;1;6;60;;M;4346872.0;549731.0;130
6725;201500007458;15;2;9;1600;1;2;1;1;6;51;7 Avenue Mal Leclerc;M;4359509.0;513016.0;130
6726;201500007460;15;3;2;700;2;1;1;8;6;114;**;M;0.0;0.0;130
6727;201500007461;15;4;2;515;4;1;9;1;6;76;**;M;0.0;0.0;130
6728;201500007462;15;6;4;1745;1;1;4;1;3;37;;M;4353563.0;519246.0;130
6729;201500007463;15;6;25;2145;3;1;2;1;3;34;;M;0.0;0.0;130
6730;201500007464;15;7;7;1945;1;1;1;1;7;44;;M;0.0;0.0;130
6731;201500007466;15;10;3;800;1;1;1;1;1;89;**;M;0.0;0.0;130
6732;201500007467;15;10;9;815;1;1;1;1;6;112;**;M;0.0;0.0;130
6733;201500007468;15;11;29;1645;1;1;1;1;6;105;;M;0.0;0.0;130
6734;201500007469;15;12;26;2215;3;1;1;1;6;51;;M;0.0;0.0;130
6735;201500007470;15;10;14;1215;1;1;1;1;3;109;**;M;0.0;0.0;130
6736;201500007471;15;2;13;1215;1;1;1;8;1;41;;M;0.0;0.0;130
6737;201500007472;15;4;26;1530;1;2;1;1;1;41;chemin des molx;M;0.0;0.0;130
6738;201500007473;15;6;15;1000;1;1;1;1;6;60;;M;0.0;0.0;130
6739;201500007474;15;7;5;830;1;1;1;1;1;41;;M;0.0;0.0;130
6740;201500007475;15;7;26;500;5;1;1;1;3;60;%%%;M;0.0;0.0;130
6741;201500007476;15;7;29;1415;1;1;6;1;2;60;;M;0.0;0.0;130
6742;201500007478;15;9;17;1730;1;2;6;1;3;41;rue d'arménie;M;0.0;0.0;130
6743;201500007479;15;10;20;1900;5;2;1;1;6;41;Boulevard Victor Hugo;M;0.0;0.0;130
6744;201500007480;15;11;2;1200;1;2;1;1;5;107;2282B Route de Gardanne;M;4344948.0;544889.0;130
6745;201500007481;15;11;11;1600;1;1;1;1;1;41;;M;0.0;0.0;130
6746;201500007482;15;12;5;1345;1;2;1;2;1;41;CD 46A;M;0.0;0.0;130
6747;201500007483;15;2;7;1900;5;1;1;1;1;59;;M;0.0;0.0;130
6748;201500007485;15;6;25;245;5;2;1;1;2;48;boulevard du defend;M;0.0;0.0;130
6749;201500007486;15;9;9;1800;1;1;1;1;1;74;;M;4365014.0;560567.0;130
6750;201500007487;15;9;23;815;1;1;1;1;5;59;**;M;0.0;0.0;130
6751;201500007488;15;10;12;1200;1;1;1;2;3;99;;M;0.0;0.0;130
6752;201500007489;15;10;28;645;2;1;1;1;1;59;***;M;4365109.0;552200.0;130
6753;201500007490;15;1;5;1545;1;2;1;1;6;107;route de mimet - D8;M;0.0;0.0;130
6754;201500007491;15;1;21;1915;3;2;6;3;6;15;rd8N bouc bel air;M;0.0;0.0;130
6755;201500007493;15;5;17;1700;1;2;1;1;1;15;rue des roseaux;M;0.0;0.0;130
6756;201500007494;15;6;23;1730;1;2;2;1;1;15;D6- route de RANS;M;0.0;0.0;130
6757;201500007495;15;9;4;1545;1;2;1;1;1;15;Route departementale D8N;M;0.0;0.0;130
6758;201500007496;15;10;25;1730;2;2;1;1;1;15;699 avenue du 8 mai 1945;M;4345068.0;542023.0;130
6759;201500007497;15;2;7;1715;1;1;1;1;3;72;;M;0.0;0.0;130
6760;201500007498;15;3;16;1330;1;1;3;2;4;110;???;M;0.0;0.0;130
6761;201500007499;15;7;7;1715;1;1;6;1;4;72;;M;4345003.0;563828.0;130
6762;201500007500;15;7;25;845;1;1;1;1;3;79;;M;0.0;0.0;130
6763;201500007501;15;12;30;1615;1;1;1;1;3;110;;M;0.0;0.0;130
6764;201500007502;15;5;6;1600;1;1;1;1;6;4;***;M;0.0;0.0;130
6765;201500007503;15;5;9;1800;1;1;1;1;7;4;***;M;0.0;0.0;130
6766;201500007504;15;6;9;1245;1;1;1;7;6;4;;M;4364729.0;468970.0;130
6767;201500007505;15;6;18;800;1;1;1;1;3;4;;M;0.0;0.0;130
6768;201500007506;15;6;28;530;2;1;1;1;6;4;***;M;0.0;0.0;130
6769;201500007507;15;6;29;1500;1;1;1;1;5;4;;M;0.0;0.0;130
6770;201500007508;15;7;14;1545;1;1;1;1;2;4;***;M;0.0;0.0;130
6771;201500007509;15;7;19;2345;3;1;1;1;6;4;***;M;0.0;0.0;130
6772;201500007510;15;8;23;1815;2;1;1;3;1;4;***;M;0.0;0.0;130
6773;201500007511;15;8;29;115;3;1;1;1;7;4;;M;0.0;0.0;130
6774;201500007512;15;9;1;1830;1;1;1;1;3;4;*;M;0.0;0.0;130
6775;201500007513;15;11;24;2245;3;1;1;1;6;4;;M;0.0;0.0;130
6776;201500007515;15;12;30;745;2;1;1;1;6;4;;M;0.0;0.0;130
6777;201500007516;15;4;21;1045;1;1;9;1;3;27;;M;0.0;0.0;130
6778;201500007517;15;6;16;930;1;1;2;1;3;27;;M;0.0;0.0;130
6779;201500007518;15;10;4;1145;1;2;1;3;3;27;18-20 Lotissement le Sam;M;4388410.0;486181.0;130
6780;201500007519;15;11;29;2000;3;2;1;1;1;27;;M;0.0;0.0;130
6781;201500007520;15;11;30;715;2;2;1;1;6;66;BD DE LA REPUBLIQUE;M;4387659.0;490248.0;130
6782;201500007521;15;12;20;1745;3;1;1;9;3;66;;M;0.0;0.0;130
6783;201500007523;15;7;21;1530;1;2;2;1;3;96;route de cacharel;M;0.0;0.0;130
6784;201500007524;15;8;10;145;5;2;1;1;1;96;15 av Riquette Aubanel;M;4344988.0;441732.0;130
6785;201500007525;15;8;25;1130;1;1;9;1;1;96;***;M;0.0;0.0;130
6786;201500007526;15;9;28;200;3;1;1;1;6;96;D38;M;4348607.0;438617.0;130
6787;201500007527;15;2;1;1730;2;1;1;1;6;97;;M;0.0;0.0;130
6788;201500007528;15;2;12;545;3;1;1;1;6;97;;M;0.0;0.0;130
6789;201500007529;15;3;6;1445;1;1;1;1;7;97;N568;M;0.0;0.0;130
6790;201500007530;15;3;16;1730;1;1;1;2;1;97;PR ....;M;0.0;0.0;130
6791;201500007531;15;3;31;1415;1;1;1;1;7;4;;M;0.0;0.0;130
6792;201500007532;15;4;11;1830;1;2;2;1;3;97;rue du mas de roche;M;0.0;0.0;130
6793;201500007533;15;6;29;1830;1;2;1;7;3;97;avenue de la république;M;0.0;0.0;130
6794;201500007534;15;7;14;1300;1;1;1;1;7;97;;M;0.0;0.0;130
6795;201500007535;15;8;8;1745;1;1;1;1;6;4;***;M;0.0;0.0;130
6796;201500007536;15;9;4;900;1;1;1;1;2;97;*;M;0.0;0.0;130
6797;201500007537;15;9;23;1530;1;1;1;1;3;97;;M;0.0;0.0;130
6798;201500007538;15;10;12;1615;1;1;1;1;6;97;**;M;0.0;0.0;130
6799;201500007539;15;12;12;715;2;1;1;5;3;97;;M;0.0;0.0;130
6800;201500007540;15;12;17;1200;1;1;1;1;1;97;;M;0.0;0.0;130
6801;201500007541;15;1;16;915;3;1;1;1;6;100;;M;0.0;0.0;130
6802;201500007542;15;1;20;1915;3;1;1;3;1;100;;M;0.0;0.0;130
6803;201500007543;15;3;15;2045;3;1;1;2;1;100;;M;0.0;0.0;130
6804;201500007544;15;3;21;2030;3;1;1;2;7;100;;M;0.0;0.0;130
6805;201500007545;15;3;24;1215;1;1;1;1;7;94;;M;0.0;0.0;130
6806;201500007546;15;4;7;730;1;1;2;1;3;94;;M;0.0;0.0;130
6807;201500007547;15;7;18;1100;1;2;1;1;3;100;bd goislard de monsabert;M;0.0;0.0;130
6808;201500007548;15;10;29;845;1;1;1;1;2;100;;M;0.0;0.0;130
6809;201500007549;15;11;4;730;1;1;1;1;2;100;**;M;0.0;0.0;130
6810;201500007550;15;11;5;600;2;1;1;1;1;94;**;M;0.0;0.0;130
6811;201500007551;15;12;11;1900;3;1;1;1;6;94;;M;0.0;0.0;130
6812;201500007552;15;3;7;1030;1;1;1;1;1;42;D2;M;0.0;0.0;130
6813;201500007553;15;5;3;1800;1;1;1;1;1;30;;M;0.0;0.0;130
6814;201500007554;15;5;17;1415;1;1;1;1;1;42;***;M;0.0;0.0;130
6815;201500007555;15;6;20;1545;1;1;1;1;6;30;***;M;0.0;0.0;130
6816;201500007556;15;6;24;1500;1;1;1;1;7;30;***;M;0.0;0.0;130
6817;201500007557;15;7;4;1545;1;1;1;1;3;30;***;M;0.0;0.0;130
6818;201500007558;15;7;12;1800;1;1;1;1;6;30;**;M;0.0;0.0;130
6819;201500007559;15;7;15;730;1;1;1;1;3;30;**;M;0.0;0.0;130
6820;201500007560;15;7;21;1615;1;2;1;1;2;30;D8N***;M;0.0;0.0;130
6821;201500007561;15;8;1;1615;1;1;1;1;6;30;***;M;0.0;0.0;130
6822;201500007562;15;8;2;1030;1;1;1;1;5;30;;M;0.0;0.0;130
6823;201500007563;15;9;6;1730;1;1;1;1;3;42;**;M;0.0;0.0;130
6824;201500007564;15;9;4;1730;1;1;1;1;3;42;**;M;0.0;0.0;130
6825;201500007565;15;9;12;1700;1;1;1;1;1;30;*;M;0.0;0.0;130
6826;201500007566;15;9;19;845;1;1;1;1;1;30;**;M;0.0;0.0;130
6827;201500007568;15;11;16;900;1;1;1;1;6;30;;M;0.0;0.0;130
6828;201500007569;15;12;4;2100;5;1;9;1;3;42;;M;0.0;0.0;130
6829;201500007570;15;12;18;1700;5;1;1;1;7;42;**;M;0.0;0.0;130
6830;201500007571;15;5;15;1615;1;2;1;1;1;22;RD559*;M;0.0;0.0;130
6831;201500007573;15;8;15;815;1;2;1;1;6;22;Rue de l 'arene;M;0.0;0.0;130
6832;201500007574;15;8;22;1245;1;1;1;1;6;22;;M;0.0;0.0;130
6833;201500007576;15;11;1;2000;5;2;1;1;2;22;av du 11 novembre 1918;M;0.0;0.0;130
6834;201500007578;15;3;29;715;1;1;1;1;1;85;;M;0.0;0.0;130
6835;201500007579;15;4;11;1815;1;2;1;1;1;119;Avenue du verdon;M;0.0;0.0;130
6836;201500007580;15;7;18;30;3;1;1;1;6;85;***;M;0.0;0.0;130
6837;201500007581;15;1;30;1515;1;2;1;1;6;46;Bd Salvator Alliende;M;0.0;0.0;130
6838;201500007582;15;2;28;1445;1;1;3;1;3;73;;M;0.0;0.0;130
6839;201500007583;15;4;19;1830;1;1;1;1;7;13;***;M;0.0;0.0;130
6840;201500007584;15;9;12;2230;3;1;1;1;1;20;**;M;0.0;0.0;130
6841;201500007585;15;2;2;1545;1;1;1;1;1;86;216-288 Chemin Départeme;M;4332772.0;560054.0;130
6842;201500007586;15;3;22;1415;1;1;1;2;1;7;;M;0.0;0.0;130
6843;201500007587;15;4;7;1515;1;1;1;1;7;86;;M;0.0;0.0;130
6844;201500007589;15;5;21;1715;1;2;1;1;6;16;RD45E;M;0.0;0.0;130
6845;201500007590;15;6;6;1115;1;2;1;1;4;16;35 rue madame boyer;M;0.0;0.0;130
6846;201500007591;15;10;7;1845;1;2;1;1;3;86;d96*;M;0.0;0.0;130
6847;201500007592;15;11;21;1415;1;1;1;1;3;86;;M;0.0;0.0;130
6848;201500007593;15;12;12;1145;1;2;9;1;3;86;avenue des alliés;M;0.0;0.0;130
6849;201500007595;15;10;27;730;2;1;1;1;4;49;**;M;0.0;0.0;130
6850;201500007596;15;1;5;1215;1;2;1;1;3;53;avenue de craponne;M;0.0;0.0;130
6851;201500007598;15;4;28;915;1;1;1;1;5;105;;M;0.0;0.0;130
6852;201500007599;15;6;6;1645;1;1;1;1;1;105;;M;0.0;0.0;130
6853;201500007600;15;7;11;430;3;1;1;1;6;35;;M;0.0;0.0;130
6854;201500007601;15;9;12;1700;1;1;1;1;6;53;;M;0.0;0.0;130
6855;201500007602;15;12;22;530;5;2;1;1;1;105;D7N;M;0.0;0.0;130
6856;201500007603;15;1;18;1515;1;2;1;1;3;67;RD 7 N;M;0.0;0.0;130
6857;201500007604;15;3;8;845;1;1;1;1;6;34;;M;0.0;0.0;130
6858;201500007605;15;4;2;1945;2;1;1;6;3;89;;M;0.0;0.0;130
6859;201500007606;15;7;24;1745;1;1;1;1;5;89;;M;0.0;0.0;130
6860;201500007607;15;10;2;2030;3;1;1;1;3;67;;M;0.0;0.0;130
6861;201500007609;15;11;26;745;1;1;1;1;5;67;;M;0.0;0.0;130
6862;201500007610;15;3;27;1630;1;2;1;1;6;81;rue du 4 septembre;M;0.0;0.0;130
6863;201500007613;15;11;14;1400;1;2;6;1;3;81;RD 20;M;0.0;0.0;130
6864;201500007614;15;11;11;1830;3;1;3;1;3;81;;M;0.0;0.0;130
6865;201500007615;15;11;19;1715;1;1;1;1;1;81;;M;0.0;0.0;130
6866;201500007619;15;5;10;1800;1;1;1;1;6;167;;M;0.0;0.0;40
6867;201500007620;15;5;28;1800;1;1;1;1;6;1;voie du Monegros;M;4406683.0;611797.0;40
6868;201500007621;15;5;30;1215;1;1;1;1;5;1;;M;0.0;0.0;40
6869;201500007622;15;6;13;1100;1;1;1;1;3;113;;M;0.0;0.0;40
6870;201500007623;15;7;30;1945;1;1;1;1;3;46;;M;0.0;0.0;40
6871;201500007624;15;8;1;1430;1;1;1;1;5;1;;M;0.0;0.0;40
6872;201500007625;15;8;3;1215;1;1;1;1;6;1;;M;0.0;0.0;40
6873;201500007626;15;8;14;2145;3;1;1;2;1;110;;M;0.0;0.0;40
6874;201500007627;15;8;30;615;2;1;1;1;6;97;;M;0.0;0.0;40
6875;201500007628;15;8;30;1830;1;1;1;1;1;24;;M;0.0;0.0;40
6876;201500007629;15;10;20;1915;3;1;1;1;5;1;;M;0.0;0.0;40
6877;201500007631;15;1;20;1330;1;1;1;1;3;230;;M;0.0;0.0;40
6878;201500007632;15;1;21;1730;3;1;1;2;6;94;;M;4379700.0;584200.0;40
6879;201500007633;15;3;24;1630;1;1;1;1;5;189;;M;4377100.0;593900.0;40
6880;201500007634;15;4;26;1300;1;1;1;1;1;94;;M;0.0;0.0;40
6881;201500007635;15;5;2;1230;1;1;1;1;3;230;;M;4383600.0;586500.0;40
6882;201500007636;15;5;12;2030;1;1;1;1;3;230;;M;4384000.0;596400.0;40
6883;201500007637;15;6;15;1645;1;1;1;1;5;230;"""La Campagne Neuve""";M;0.0;0.0;40
6884;201500007638;15;6;27;1830;1;1;1;1;1;230;;M;4381440.0;590639.0;40
6885;201500007639;15;7;12;1530;1;1;1;1;1;189;;M;4378100.0;597700.0;40
6886;201500007640;15;8;4;2130;5;2;1;1;1;94;;M;4376200.0;589300.0;40
6887;201500007641;15;9;15;1600;1;1;1;1;5;94;;M;4378200.0;587500.0;40
6888;201500007642;15;10;31;1200;1;1;1;1;5;189;;M;0.0;0.0;40
6889;201500007643;15;11;26;1430;1;1;1;1;1;94;;M;4377500.0;587900.0;40
6890;201500007644;15;5;10;515;2;1;1;1;6;108;;M;0.0;0.0;40
6891;201500007645;15;6;20;915;1;2;1;1;1;116;Aire des pénitents;M;0.0;0.0;40
6892;201500007646;15;6;21;600;1;1;1;1;6;116;;M;0.0;0.0;40
6893;201500007648;15;7;2;1600;1;1;1;1;1;108;;M;0.0;0.0;40
6894;201500007649;15;7;25;1900;1;1;1;1;7;106;;M;0.0;0.0;40
6895;201500007650;15;8;14;1430;1;1;1;1;1;108;;M;0.0;0.0;40
6896;201500007651;15;12;31;1030;1;2;1;1;6;143;RUE PAUL JEAN;M;4391740.0;591797.0;40
6897;201500007652;15;1;26;730;2;1;1;2;1;55;;M;0.0;0.0;40
6898;201500007653;15;4;11;1330;1;1;1;1;6;204;;M;0.0;0.0;40
6899;201500007654;15;6;3;1100;1;1;1;7;7;55;;M;0.0;0.0;40
6900;201500007655;15;7;3;1800;1;1;1;1;6;121;;M;0.0;0.0;40
6901;201500007656;15;7;19;1845;1;1;1;1;6;84;;M;0.0;0.0;40
6902;201500007657;15;9;18;1700;1;1;1;1;7;204;;M;0.0;0.0;40
6903;201500007658;15;7;6;1430;1;2;1;1;2;116;route départementale 4;M;0.0;0.0;40
6904;201500007659;15;6;24;1015;1;1;1;1;3;193;;M;0.0;0.0;40
6905;201500007660;15;7;23;1215;1;1;1;1;2;100;;M;0.0;0.0;40
6906;201500007661;15;7;24;830;1;1;1;1;7;62;;M;0.0;0.0;40
6907;201500007662;15;8;27;1315;1;1;1;1;6;120;;M;0.0;0.0;40
6908;201500007663;15;4;12;1545;1;1;1;1;6;126;;M;0.0;0.0;40
6909;201500007664;15;5;30;1730;1;1;1;1;6;102;Le bois du Tour;M;4441900.0;641800.0;40
6910;201500007666;15;1;17;1100;1;1;1;1;7;33;;M;0.0;0.0;40
6911;201500007667;15;7;1;1130;1;1;1;1;7;237;;M;0.0;0.0;40
6912;201500007668;15;7;31;900;1;1;1;1;7;33;;M;0.0;0.0;40
6913;201500007669;15;8;16;115;3;1;1;1;7;203;;M;0.0;0.0;40
6914;201500007670;15;8;18;1145;1;1;1;1;3;102;;M;0.0;0.0;40
6915;201500007671;15;6;29;845;1;1;1;1;7;39;;M;0.0;0.0;40
6916;201500007672;15;8;11;1630;1;1;1;1;7;92;;M;0.0;0.0;40
6917;201500007673;15;9;10;1445;1;1;1;1;6;39;;M;0.0;0.0;40
6918;201500007674;15;9;12;1230;1;2;1;1;2;39;RD 4085 - PK 100;M;0.0;0.0;40
6919;201500007675;15;5;1;1345;1;1;1;2;7;236;;M;0.0;0.0;40
6920;201500007676;15;6;6;1600;1;1;1;1;7;174;;M;0.0;0.0;40
6921;201500007677;15;6;12;1230;1;1;1;1;6;8;;M;0.0;0.0;40
6922;201500007678;15;6;12;1145;1;1;1;1;1;8;;M;0.0;0.0;40
6923;201500007679;15;6;24;2215;3;1;1;1;6;8;;M;0.0;0.0;40
6924;201500007681;15;3;15;430;3;1;1;4;7;5;;M;0.0;0.0;40
6925;201500007682;15;7;25;1830;1;1;1;1;2;7;;M;4394100.0;653200.0;40
6926;201500007683;15;2;11;1930;3;1;1;1;1;157;;M;4389616.0;612889.0;40
6927;201500007684;15;5;12;1645;1;1;1;1;7;81;;M;0.0;0.0;40
6928;201500007688;15;7;2;1200;1;1;1;1;2;157;;M;0.0;0.0;40
6929;201500007689;15;7;17;1400;1;1;1;1;1;166;;M;4381100.0;611500.0;40
6930;201500007690;15;8;3;1445;1;1;1;1;2;172;;M;0.0;0.0;40
6931;201500007691;15;8;28;1330;1;1;1;1;7;135;;M;0.0;0.0;40
6932;201500007692;15;9;18;1200;1;1;2;1;3;124;;M;4377000.0;609700.0;40
6933;201500007693;15;9;23;1145;1;1;1;1;7;135;;M;4380690.0;625445.0;40
6934;201500007694;15;11;26;1600;1;1;1;7;6;158;;M;0.0;0.0;40
6935;201500007695;15;1;13;1745;2;1;1;1;5;241;;M;0.0;0.0;40
6936;201500007696;15;1;15;1915;3;1;1;1;2;160;;M;0.0;0.0;40
6937;201500007697;15;3;4;1600;1;1;1;1;6;160;;M;0.0;0.0;40
6938;201500007698;15;5;15;500;2;1;1;1;6;242;;M;0.0;0.0;40
6939;201500007699;15;7;13;1500;1;1;1;1;6;45;;M;0.0;0.0;40
6940;201500007700;15;8;5;1830;1;1;1;1;5;188;;M;0.0;0.0;40
6941;201500007701;15;8;20;1030;1;1;1;1;6;111;;M;0.0;0.0;40
6942;201500007702;15;10;1;1000;1;1;1;1;3;242;;M;0.0;0.0;40
6943;201500007703;15;5;31;1215;1;1;1;1;3;208;;M;4398265.0;555950.0;40
6944;201500007704;15;8;9;1200;1;1;1;1;7;141;;M;4401600.0;570000.0;40
6945;201500007706;15;9;27;1530;1;1;1;1;3;109;;M;4407000.0;587400.0;40
6946;201500007707;15;6;19;745;1;1;1;1;1;197;"lieu dit ""Regain""";M;0.0;0.0;40
6947;201500007708;15;1;7;1845;3;1;1;1;1;145;;M;4414500.0;597200.0;40
6948;201500007709;15;1;11;1530;1;2;1;7;6;49;RD 4085;M;4409200.0;601000.0;40
6949;201500007710;15;2;25;2305;4;2;1;1;6;49;Avenue Jean Moulin;M;0.0;0.0;40