;Num_Acc;an;mois;jour;hrmn;lum;agg;int;atm;col;com;adr;gps;lat;long;dep
6950;201500007711;15;4;6;1815;1;2;1;1;6;209;route motte du caire;M;4421700.0;594100.0;40
6951;201500007712;15;4;16;900;1;1;6;8;3;209;;M;4422900.0;591500.0;40
6952;201500007713;15;7;24;1245;1;1;1;1;4;123;;M;4426600.0;586300.0;40
6953;201500007714;15;8;6;2145;5;2;1;1;3;49;48 Av Général de Gaulle;M;4409634.0;601050.0;40
6954;201500007715;15;12;2;1045;1;1;1;1;1;123;;M;4425600.0;588100.0;40
6955;201500007716;15;12;16;900;1;2;1;1;6;49;route de manosque;M;4408300.0;599700.0;40
6956;201500007717;15;2;6;2345;3;1;1;1;6;137;;M;0.0;0.0;40
6957;201500007718;15;7;18;1815;1;2;1;1;7;234;La Combe;M;0.0;0.0;40
6958;201500007719;15;1;14;745;2;1;1;8;1;70;;M;4431315.0;584200.0;50
6959;201500007720;15;4;8;1900;2;1;3;1;1;78;;M;4438804.0;593850.0;50
6960;201500007721;15;5;7;2145;3;1;3;1;1;34;;M;4426866.0;581972.0;50
6961;201500007722;15;5;11;1830;1;1;1;1;3;34;;M;4427711.0;581684.0;50
6962;201500007723;15;6;16;845;1;2;1;1;6;70;07 place de la Fontaine;M;4431402.0;582200.0;50
6963;201500007724;15;11;10;1515;1;2;1;1;6;70;16 Rue de la concorde;M;4431557.0;582481.0;50
6964;201500007726;15;5;28;1615;1;1;1;1;6;9;;M;4480554.0;595609.0;50
6965;201500007727;15;6;29;1400;1;2;3;1;3;132;avenue de la libération;M;4468160.0;607362.0;50
6966;201500007729;15;8;10;1115;1;2;1;1;6;132;rue des droits de lhomme;M;4468420.0;607635.0;50
6967;201500007730;15;10;8;1715;1;1;1;1;7;104;;M;4469212.0;604384.0;50
6968;201500007731;15;10;11;1930;3;1;1;1;6;96;;M;4468322.0;628662.0;50
6969;201500007732;15;10;31;1915;3;1;9;1;3;148;;M;4463144.0;612553.0;50
6970;201500007733;15;12;24;1515;1;2;1;8;6;4;;M;4463279.0;620467.0;50
6971;201500007734;15;6;27;1915;1;1;3;1;2;68;;M;4447861.0;609734.0;50
6972;201500007735;15;8;16;1700;1;1;4;1;3;59;;M;4454409.0;600704.0;50
6973;201500007736;15;11;21;1515;1;1;1;1;1;166;;M;4441748.0;572145.0;50
6974;201500007737;15;6;3;2145;2;1;1;1;6;179;;M;4456320.0;585721.0;50
6975;201500007738;15;9;10;1915;1;1;1;1;7;87;;M;4455107.0;586280.0;50
6976;201500007739;15;9;21;2230;3;1;1;1;7;19;;M;4454875.0;564720.0;50
6977;201500007740;15;10;23;1700;1;1;3;1;3;179;;M;4454101.0;584175.0;50
6978;201500007743;15;12;18;1545;1;1;1;1;5;123;;M;4455359.0;596171.0;50
6979;201500007744;15;2;21;1700;2;1;1;4;3;175;;M;4483243.0;650856.0;50
6980;201500007746;15;5;29;1545;1;1;1;1;1;151;;M;4481553.0;657703.0;50
6981;201500007748;15;8;13;1730;1;1;1;1;1;122;;M;4472687.0;658659.0;50
6982;201500007749;15;9;10;1930;2;1;1;1;3;107;;M;4486519.0;659943.0;50
6983;201500007750;15;12;6;115;3;1;1;1;6;58;;M;4475182.0;654091.0;50
6984;201500007751;15;10;4;1430;1;1;1;1;1;63;;M;4504028.0;635763.0;50
6985;201500007752;15;1;26;230;3;1;1;1;6;183;;M;4486401.0;661054.0;50
6986;201500007753;15;6;29;1215;1;1;3;1;2;161;;M;4495314.0;655149.0;50
6987;201500007754;15;8;5;1500;1;1;1;1;1;79;;M;4499565.0;647959.0;50
6988;201500007755;15;8;7;1015;1;1;1;1;2;107;;M;4486490.0;659908.0;50
6989;201500007756;15;8;16;1700;1;1;1;1;7;183;;M;4485163.0;665215.0;50
6990;201500007757;15;9;27;1700;1;1;1;1;2;79;;M;4499334.0;648127.0;50
6991;201500007758;15;11;22;30;3;1;1;4;7;27;;M;4487816.0;675296.0;50
6992;201500007759;15;2;8;1430;1;1;1;1;7;128;;M;4456537.0;652275.0;50
6993;201500007760;15;2;25;1645;1;1;1;8;7;46;;M;4457871.0;651078.0;50
6994;201500007761;15;9;21;1145;1;1;1;1;1;45;;M;4452140.0;647150.0;50
6995;201500007762;15;10;6;1845;2;2;1;2;6;164;avenue d ela combre d'or;M;4452615.0;640226.0;50
6996;201500007763;15;10;28;1200;1;2;1;1;6;46;avenue justin gras;M;4456254.0;649126.0;50
6997;201500007764;15;6;11;1630;1;1;1;1;1;7;;M;4475077.0;676455.0;50
6998;201500007765;15;7;5;1500;1;2;1;1;6;38;chateau queyras;M;4475804.0;679414.0;50
6999;201500007766;15;7;21;1500;1;1;1;8;7;106;;M;4455308.0;633267.0;50
7000;201500007767;15;7;29;615;1;1;1;1;7;40;;M;4450901.0;629853.0;50
7001;201500007768;15;8;2;1945;1;1;1;1;1;40;;M;4455120.0;625859.0;50
7002;201500007769;15;8;21;2145;3;1;1;1;7;106;;M;4453047.0;633160.0;50
7003;201500007771;15;6;2;1715;1;1;1;1;7;65;;M;4464314.0;666141.0;50
7004;201500007772;15;6;23;1045;1;1;1;1;3;65;;M;4464273.0;666190.0;50
7005;201500007774;15;7;9;1615;1;1;1;1;7;65;;M;4465967.0;663068.0;50
7006;201500007775;15;8;17;1030;1;1;1;1;6;65;;M;4463472.0;667426.0;50
7007;201500007776;15;12;8;1530;1;1;1;1;1;65;;M;4466068.0;660484.0;50
7008;201500007778;15;7;5;1130;1;1;1;1;5;48;;M;0.0;0.0;60
7009;201500007779;15;7;26;1915;1;2;1;1;2;48;1259 Ave raiberti;M;0.0;0.0;60
7010;201500007780;15;9;5;1930;1;2;1;1;1;48;565 avenue bourriglione;M;0.0;0.0;60
7011;201500007781;15;9;11;2345;3;1;1;1;6;48;;M;0.0;0.0;60
7012;201500007782;15;1;8;2015;3;1;1;1;6;48;;M;4378940.0;734851.0;60
7013;201500007783;15;3;9;1930;3;1;1;1;6;48;;M;0.0;0.0;60
7014;201500007785;15;3;28;1500;1;1;1;1;1;48;;M;0.0;0.0;60
7015;201500007786;15;3;29;1900;1;1;1;1;6;91;;M;0.0;0.0;60
7016;201500007788;15;6;12;645;1;1;1;9;7;147;;M;0.0;0.0;60
7017;201500007789;15;7;23;1430;1;2;1;8;1;75;Parc Laval;M;4382800.0;726300.0;60
7018;201500007790;15;10;16;1000;1;1;1;1;6;147;;M;4376000.0;728000.0;60
7019;201500007791;15;1;25;1545;1;1;1;1;1;127;;M;4404929.0;727513.0;60
7020;201500007793;15;2;27;1345;1;1;1;1;1;127;;M;4388244.0;724300.0;60
7021;201500007794;15;3;13;1945;3;1;1;1;1;151;;M;4387400.0;718800.0;60
7022;201500007795;15;7;9;700;1;1;1;1;1;20;;M;0.0;0.0;60
7023;201500007796;15;12;18;1545;1;1;1;1;4;127;;M;0.0;0.0;60
7024;201500007797;15;1;30;1245;1;2;1;1;3;149;154, boulevard roma;M;0.0;0.0;60
7025;201500007798;15;4;1;1045;1;1;1;1;3;149;;M;0.0;0.0;60
7026;201500007799;15;4;28;1145;1;1;1;1;7;60;;M;0.0;0.0;60
7027;201500007800;15;6;9;2100;1;1;1;1;6;149;;M;0.0;0.0;60
7028;201500007801;15;8;14;2115;3;1;1;1;1;149;;M;0.0;0.0;60
7029;201500007802;15;8;28;945;1;2;1;1;1;149;Rond point de l'oli;M;0.0;0.0;60
7030;201500007803;15;2;7;2215;5;2;1;1;7;11;14 bd mar?chal joffre;M;4370607.0;732771.0;60
7031;201500007805;15;9;6;845;1;2;1;1;7;11;20 avenue FERNAND DUNAN;M;0.0;0.0;60
7032;201500007806;15;1;21;1130;1;2;1;3;3;90;route de grasse;M;4361059.0;691653.0;60
7033;201500007807;15;1;25;1445;1;2;1;1;1;138;43 rte de la corniche or;M;0.0;0.0;60
7034;201500007808;15;2;19;1615;1;2;1;1;1;79;830 AVENUE ST EXUPERY;M;4355938.0;695130.0;60
7035;201500007809;15;2;28;1215;1;1;1;1;3;138;;M;0.0;0.0;60
7036;201500007810;15;4;1;1530;1;2;1;1;6;79;;M;0.0;0.0;60
7037;201500007812;15;4;22;945;1;1;1;2;3;138;;M;0.0;0.0;60
7038;201500007813;15;4;29;1900;1;1;1;7;1;108;;M;4358755.0;693508.0;60
7039;201500007814;15;5;20;745;1;2;6;1;3;90;RD 9;M;0.0;0.0;60
7040;201500007815;15;5;19;1630;1;1;1;1;1;90;;M;0.0;0.0;60
7041;201500007816;15;6;8;1415;1;2;1;1;3;79;Avenue de CANNES;M;0.0;0.0;60
7042;201500007817;15;7;17;330;5;2;1;1;6;79;boulevard Emile Carbon;M;0.0;0.0;60
7043;201500007818;15;6;26;1645;1;1;1;1;1;79;;M;0.0;0.0;60
7044;201500007819;15;6;27;115;5;1;1;1;6;79;;M;0.0;0.0;60
7045;201500007820;15;7;24;1845;1;1;1;1;6;138;;M;0.0;0.0;60
7046;201500007821;15;9;18;1815;1;1;3;1;1;79;;M;0.0;0.0;60
7047;201500007822;15;9;19;1645;1;2;1;1;6;79;avenue paul ricard;M;0.0;0.0;60
7048;201500007823;15;9;21;1615;1;1;1;1;2;108;;M;0.0;0.0;60
7049;201500007824;15;10;6;1630;1;2;9;1;6;79;avenue maréchal juin;M;0.0;0.0;60
7050;201500007825;15;11;1;730;2;2;1;1;6;90;830 avenue de grasse;M;0.0;0.0;60
7051;201500007826;15;12;8;1815;5;2;1;1;4;108;;M;0.0;0.0;60
7052;201500007828;15;4;13;1200;1;1;1;1;1;134;;M;0.0;0.0;60
7053;201500007829;15;5;9;1445;1;1;1;1;1;3;;M;0.0;0.0;60
7054;201500007830;15;5;30;330;5;2;1;1;6;58;7 route de la fontaine;M;0.0;0.0;60
7055;201500007831;15;7;23;1500;1;1;1;2;6;134;;M;0.0;0.0;60
7056;201500007832;15;7;25;1;3;1;1;1;3;3;;M;0.0;0.0;60
7057;201500007833;15;8;16;100;3;1;1;1;7;134;;M;0.0;0.0;60
7058;201500007834;15;10;10;2200;3;1;1;1;6;3;;M;0.0;0.0;60
7059;201500007835;15;10;15;1400;1;2;1;1;1;58;RD 6085 Pk 19+350;M;0.0;0.0;60
7060;201500007836;15;10;30;845;5;1;1;1;7;58;;M;0.0;0.0;60
7061;201500007837;15;4;15;1200;1;2;1;1;6;157;996 Av Rhin et Danube;M;4372534.0;709476.0;60
7062;201500007838;15;4;28;1515;1;2;1;1;3;157;1119, route de La Colle;M;0.0;0.0;60
7063;201500007839;15;9;6;45;5;2;1;1;1;65;Route de St Laurent;M;0.0;0.0;60
7064;201500007840;15;11;7;915;3;1;1;1;1;157;;M;0.0;0.0;60
7065;201500007841;15;11;5;1730;5;2;1;1;3;157;avenue Emile Hugues;M;0.0;0.0;60
7066;201500007842;15;11;30;1830;4;2;1;1;1;122;2020 rte de St jeannet;M;0.0;0.0;60
7067;201500007844;15;3;4;2000;5;1;6;2;6;34;;M;0.0;0.0;60
7068;201500007845;15;3;11;845;1;1;1;1;1;33;;M;0.0;0.0;60
7069;201500007846;15;3;27;1300;1;2;1;1;1;33;zac de la grave;M;0.0;0.0;60
7070;201500007847;15;12;11;1545;1;1;1;1;1;126;;M;0.0;0.0;60
7071;201500007848;15;5;7;1600;1;1;1;1;6;23;;M;0.0;0.0;60
7072;201500007849;15;6;20;1600;1;1;1;1;7;163;;M;4410500.0;758700.0;60
7073;201500007850;15;4;28;1000;1;2;1;1;1;59;;M;0.0;0.0;60
7074;201500007851;15;5;16;1515;1;1;1;1;2;59;;M;0.0;0.0;60
7075;201500007852;15;8;2;2015;1;1;1;1;1;59;;M;4372700.0;736800.0;60
7076;201500007853;15;8;4;1845;1;2;1;1;6;59;avenue de Verdun;M;0.0;0.0;60
7077;201500007854;15;8;9;1715;1;1;1;1;3;150;;M;4375000.0;740000.0;60
7078;201500007855;15;9;3;1430;1;2;1;1;1;150;Chemin des Révoires;M;0.0;0.0;60
7079;201500007856;15;10;8;330;5;1;1;1;6;59;;M;0.0;0.0;60
7080;201500007857;15;10;30;1230;1;2;1;1;5;83;RD2566;M;0.0;0.0;60
7081;201500007859;15;3;9;1315;1;1;1;1;7;101;;M;4403900.0;697800.0;60
7082;201500007860;15;5;8;1100;1;1;1;1;6;71;;M;0.0;0.0;60
7083;201500007861;15;5;8;1630;1;1;1;1;1;56;;M;0.0;0.0;60
7084;201500007862;15;7;26;1815;1;1;1;1;7;160;;M;0.0;0.0;60
7085;201500007863;15;9;8;1215;1;1;1;1;7;56;;M;4423300.0;675100.0;60
7086;201500007864;15;3;3;1245;1;1;1;1;6;66;;M;4383700.0;718800.0;60
7087;201500007865;15;5;27;1145;1;1;1;1;1;47;;M;0.0;0.0;60
7088;201500007866;15;1;27;815;1;1;1;1;6;120;;M;4424639.0;693362.0;60
7089;201500007867;15;3;18;730;1;1;1;1;1;102;;M;0.0;0.0;60
7090;201500007868;15;4;12;1400;1;1;1;1;1;4;;M;0.0;0.0;830
7091;201500007869;15;6;30;1530;1;1;1;1;3;4;;M;0.0;0.0;830
7092;201500007870;15;11;12;1230;1;1;1;1;5;4;;M;0.0;0.0;830
7093;201500007871;15;11;13;1045;1;2;1;1;6;4;35 avenue gambetta;M;4346288.0;647802.0;830
7094;201500007872;15;11;15;1615;1;1;1;1;1;86;;M;0.0;0.0;830
7095;201500007873;15;12;19;1130;1;1;1;1;6;86;;M;0.0;0.0;830
7096;201500007874;15;1;3;715;2;1;1;1;6;28;;M;0.0;0.0;830
7097;201500007875;15;4;11;1000;1;2;1;1;1;28;route de bargemon;M;0.0;0.0;830
7098;201500007876;15;4;22;1730;1;1;1;1;3;38;;M;0.0;0.0;830
7099;201500007877;15;5;28;1745;1;1;1;1;1;41;;M;0.0;0.0;830
7100;201500007879;15;6;6;1430;1;1;1;1;6;56;;M;0.0;0.0;830
7101;201500007880;15;6;7;1315;1;1;1;1;7;40;;M;4380390.0;659710.0;830
7102;201500007882;15;11;4;900;1;1;1;1;6;82;;M;0.0;0.0;830
7103;201500007883;15;1;18;1830;3;1;1;1;6;138;;M;0.0;0.0;830
7104;201500007884;15;1;19;900;1;1;1;1;1;133;;M;0.0;0.0;830
7105;201500007885;15;2;15;1330;1;1;1;2;6;138;;M;0.0;0.0;830
7106;201500007886;15;3;6;1730;1;1;1;1;3;81;;M;0.0;0.0;830
7107;201500007887;15;4;26;1615;1;1;1;1;6;81;;M;0.0;0.0;830
7108;201500007888;15;5;1;915;1;1;1;1;3;138;;M;0.0;0.0;830
7109;201500007889;15;5;8;2300;5;1;1;1;1;29;;M;0.0;0.0;830
7110;201500007890;15;6;11;815;1;1;1;1;6;81;;M;0.0;0.0;830
7111;201500007891;15;7;8;1245;1;1;1;1;1;80;;M;4367972.0;669639.0;830
7112;201500007892;15;8;15;915;1;1;1;1;2;81;;M;0.0;0.0;830
7113;201500007893;15;8;28;1800;1;1;1;1;3;133;;M;0.0;0.0;830
7114;201500007894;15;9;16;2030;3;1;1;1;1;138;;M;0.0;0.0;830
7115;201500007895;15;9;23;115;3;1;1;1;6;81;;M;0.0;0.0;830
7116;201500007896;15;11;16;1445;1;1;1;1;1;55;;M;0.0;0.0;830
7117;201500007897;15;12;2;900;1;1;1;1;2;55;;M;4360774.0;668065.0;830
7118;201500007898;15;6;25;1745;1;1;1;1;3;81;;M;0.0;0.0;830
7119;201500007899;15;4;11;2315;3;1;1;1;6;3;;M;0.0;0.0;830
7120;201500007900;15;10;5;1345;1;1;1;1;6;58;;M;4353822.0;639299.0;830
7121;201500007901;15;1;14;1630;1;1;1;1;2;73;;M;0.0;0.0;830
7122;201500007902;15;1;30;900;2;1;1;8;1;92;;M;0.0;0.0;830
7123;201500007903;15;1;30;2030;5;2;1;1;6;92;Avenue st roch;M;4349800.0;636900.0;830
7124;201500007904;15;2;11;1130;1;1;1;1;1;92;;M;0.0;0.0;830
7125;201500007905;15;2;16;1715;1;1;1;1;7;92;;M;0.0;0.0;830
7126;201500007906;15;2;16;1600;1;1;1;1;7;73;;M;0.0;0.0;830
7127;201500007907;15;3;2;900;3;1;1;1;3;73;;M;0.0;0.0;830
7128;201500007909;15;3;15;1815;2;1;1;2;3;73;;M;4365700.0;632200.0;830
7129;201500007910;15;6;7;1645;1;1;1;1;3;57;;M;0.0;0.0;830
7130;201500007911;15;6;14;1745;1;1;1;1;7;73;;M;0.0;0.0;830
7131;201500007914;15;11;9;730;2;1;1;1;4;18;;M;0.0;0.0;830
7132;201500007915;15;11;15;1115;1;1;1;1;6;73;;M;4338900.0;631900.0;830
7133;201500007916;15;11;26;2030;3;1;1;1;6;67;;M;0.0;0.0;830
7134;201500007917;15;1;20;900;1;1;1;1;7;128;;M;0.0;0.0;830
7135;201500007919;15;5;28;1530;1;2;9;1;3;14;Grand Rue;M;0.0;0.0;830
7136;201500007920;15;8;19;2345;3;2;1;1;6;121;649 RTE d'entrecasteaux;M;0.0;0.0;830
7137;201500007921;15;10;26;1030;1;1;1;1;1;7;;M;0.0;0.0;830
7138;201500007922;15;2;4;1830;5;2;1;2;6;23;Route de Nice;M;4367600.0;613300.0;830
7139;201500007923;15;2;17;815;1;2;1;2;2;23;56 rue Barbaroux;M;4340847.0;606412.0;830
7140;201500007924;15;5;19;1000;1;2;1;1;3;23;Chemin du Luc;M;0.0;0.0;830
7141;201500007925;15;6;2;1800;1;1;1;1;6;37;;M;0.0;0.0;830
7142;201500007926;15;6;4;1445;1;1;1;1;1;23;;M;0.0;0.0;830
7143;201500007928;15;7;15;900;1;1;1;1;3;23;;M;0.0;0.0;830
7144;201500007929;15;7;27;1030;1;1;1;1;3;23;;M;0.0;0.0;830
7145;201500007930;15;8;14;1630;1;1;1;1;1;23;;M;4339536.0;614632.0;830
7146;201500007931;15;8;14;1545;1;1;3;1;1;23;;M;4337756.0;608491.0;830
7147;201500007932;15;8;15;945;1;2;1;1;6;23;ROUTE PRE DE PAQUES;M;4340820.0;605691.0;830
7148;201500007933;15;12;4;945;1;2;2;1;3;23;Route Dufort - Rue Dufor;M;4341211.0;606205.0;830
7149;201500007936;15;5;22;930;1;1;1;1;1;145;;M;0.0;0.0;830
7150;201500007937;15;7;7;1230;1;1;1;1;3;51;;M;4348422.0;625709.0;830
7151;201500007938;15;7;29;2215;3;1;1;1;7;12;;M;4353380.0;601034.0;830
7152;201500007939;15;9;12;730;1;1;1;1;1;135;;M;0.0;0.0;830
7153;201500007940;15;9;27;30;5;1;1;1;7;145;8, pl de la libération;M;4359765.0;596042.0;830
7154;201500007941;15;9;27;1030;1;1;1;1;7;95;;M;0.0;0.0;830
7155;201500007942;15;11;28;1445;1;1;1;1;3;46;;M;0.0;0.0;830
7156;201500007943;15;1;11;1115;1;1;1;1;7;104;;M;0.0;0.0;830
7157;201500007944;15;3;1;1645;1;1;1;1;3;6;;M;0.0;0.0;830
7158;201500007945;15;5;2;430;3;1;1;1;6;66;;M;0.0;0.0;830
7159;201500007946;15;5;24;2030;3;1;1;1;6;6;;M;0.0;0.0;830
7160;201500007947;15;6;8;1115;1;2;1;1;6;150;chemin de  clappe;M;4373485.0;579845.0;830
7161;201500007948;15;6;9;1445;1;1;1;1;1;113;;M;0.0;0.0;830
7162;201500007949;15;7;14;1730;1;1;1;1;5;104;;M;4363754.0;579817.0;830
7163;201500007950;15;7;19;1915;1;1;1;1;6;146;;M;4366755.0;599367.0;830
7164;201500007951;15;7;21;1415;1;1;1;1;7;104;;M;0.0;0.0;830
7165;201500007953;15;1;11;30;3;1;1;1;6;108;;M;0.0;0.0;830
7166;201500007954;15;2;15;1730;1;1;2;3;3;88;;M;0.0;0.0;830
7167;201500007955;15;2;17;800;1;1;1;1;1;59;;M;0.0;0.0;830
7168;201500007956;15;3;26;1700;1;1;1;1;2;59;;M;0.0;0.0;830
7169;201500007957;15;5;26;1030;1;1;1;1;5;88;;M;0.0;0.0;830
7170;201500007958;15;6;7;230;3;1;1;1;6;106;;M;0.0;0.0;830
7171;201500007959;15;6;21;1615;1;1;1;1;5;64;;M;0.0;0.0;830
7172;201500007960;15;8;8;2340;5;2;1;1;6;64;;M;4333022.0;604487.0;830
7173;201500007961;15;8;12;1715;1;1;1;1;1;59;;M;0.0;0.0;830
7174;201500007962;15;9;5;1545;1;2;1;1;7;77;Route de TOULON;M;0.0;0.0;830
7175;201500007963;15;10;1;1145;1;2;7;1;6;108;place des marronniers;M;4334027.0;597578.0;830
7176;201500007964;15;10;4;1545;1;1;1;1;1;59;;M;0.0;0.0;830
7177;201500007965;15;10;7;1745;3;1;1;1;6;64;;M;0.0;0.0;830
7178;201500007967;15;12;17;1900;3;1;1;1;3;64;;M;0.0;0.0;830
7179;201500007969;15;2;24;730;1;1;1;1;1;97;;M;0.0;0.0;830
7180;201500007970;15;6;19;1830;1;1;1;1;2;89;;M;4349738.0;580857.0;830
7181;201500007971;15;7;28;1000;1;1;1;1;6;120;;M;4338234.0;573840.0;830
7182;201500007972;15;8;11;1830;1;1;1;1;6;140;;M;0.0;0.0;830
7183;201500007974;15;10;8;1300;1;1;1;1;1;116;;M;0.0;0.0;830
7184;201500007975;15;10;10;1745;1;1;1;1;1;116;;M;0.0;0.0;830
7185;201500007976;15;11;7;2130;5;2;1;1;6;116;13 rue gambetta;M;4345177.0;586238.0;830
7186;201500007977;15;11;21;1200;1;1;1;1;6;125;;M;0.0;0.0;830
7187;201500007978;15;11;29;1800;3;1;1;1;6;87;;M;0.0;0.0;830
7188;201500007979;15;12;5;1445;1;1;1;2;5;140;;M;0.0;0.0;830
7189;201500007981;15;12;18;1715;1;1;9;1;6;116;;M;0.0;0.0;830
7190;201500007982;15;12;19;1445;1;1;1;1;1;87;;M;0.0;0.0;830
7191;201500007983;15;1;25;230;3;1;1;1;7;107;;M;4347579.0;663719.0;830
7192;201500007984;15;2;1;1130;1;1;1;1;3;107;;M;0.0;0.0;830
7193;201500007985;15;3;31;1030;1;2;1;1;6;107;2 AVENUE GABRIEL PERI;M;0.0;0.0;830
7194;201500007987;15;6;14;1800;1;2;1;1;5;107;D7;M;0.0;0.0;830
7195;201500007988;15;6;16;900;1;1;1;1;1;107;;M;4345200.0;663300.0;830
7196;201500007989;15;7;6;800;1;2;1;1;1;99;RN7;M;0.0;0.0;830
7197;201500007990;15;7;19;100;3;1;1;1;7;107;;M;4346866.0;665952.0;830
7198;201500007991;15;8;10;715;1;1;1;1;6;107;;M;0.0;0.0;830
7199;201500007992;15;8;11;1745;1;2;1;1;7;99;ch enghien du loup;M;4346475.0;669575.0;830
7200;201500007994;15;8;28;1130;1;1;1;1;4;99;;M;0.0;0.0;830
7201;201500007995;15;11;26;1745;5;2;1;1;6;107;34 rue Général DE GAULLE;M;4344583.0;663644.0;830
7202;201500007996;15;1;6;945;1;2;1;1;6;42;44 rue marceau;M;4324837.0;653303.0;830
7203;201500007997;15;1;30;1515;1;1;1;1;3;42;;M;4323149.0;651997.0;830
7204;201500007998;15;1;30;1800;2;2;1;1;6;42;bld de Lattre de Tassign;M;4325000.0;653400.0;830
7205;201500007999;15;2;24;830;1;1;1;1;1;42;;M;0.0;0.0;830
7206;201500008000;15;2;27;1645;1;1;1;1;1;42;;M;4323565.0;652452.0;830
7207;201500008001;15;3;24;2015;5;2;6;2;6;68;route nationale;M;0.0;0.0;830
7208;201500008002;15;5;9;1215;1;1;1;1;3;63;;M;4332000.0;647200.0;830
7209;201500008004;15;5;22;1830;1;1;1;1;3;68;;M;0.0;0.0;830
7210;201500008005;15;6;5;1015;1;1;1;1;1;42;;M;4323950.0;656493.0;830
7211;201500008006;15;6;28;2245;5;1;1;1;6;68;;M;0.0;0.0;830
7212;201500008007;15;8;4;1515;1;2;1;1;6;42;avenue sigismond coulet;M;4324982.0;653582.0;830
7213;201500008008;15;8;5;2330;5;1;1;1;1;68;;M;0.0;0.0;830
7214;201500008009;15;8;6;930;1;1;6;1;1;68;;M;4327500.0;657600.0;830
7215;201500008010;15;9;3;1600;1;1;1;1;3;68;;M;0.0;0.0;830
7216;201500008011;15;10;24;1530;1;1;1;1;1;63;;M;4630100.0;648700.0;830
7217;201500008012;15;11;20;1130;1;1;1;1;5;68;;M;4325400.0;655700.0;830
7218;201500008013;15;1;21;1715;5;2;1;3;6;115;17 avenue du 08 mai 1945;M;4331200.0;663200.0;830
7219;201500008014;15;1;22;1715;3;1;1;1;3;115;;M;0.0;0.0;830
7220;201500008015;15;1;27;1145;1;2;1;1;2;107;cd559;M;4333800.0;668500.0;830
7221;201500008016;15;4;1;1515;1;1;1;6;1;107;;M;0.0;0.0;830
7222;201500008017;15;4;18;1845;1;2;1;1;7;115;17 BOULEVARD JEAN MOULIN;M;0.0;0.0;830
7223;201500008018;15;5;6;1600;1;2;1;1;6;115;;M;4351700.0;605900.0;830
7224;201500008019;15;5;11;1445;1;2;6;1;3;115;rond point des virgiles;M;0.0;0.0;830
7225;201500008020;15;5;13;1445;1;1;1;1;6;115;;M;4351400.0;606000.0;830
7226;201500008021;15;6;20;1930;1;2;1;1;3;107;RD559;M;4334722.0;671489.0;830
7227;201500008023;15;6;25;800;1;2;1;1;6;115;Rd point de l'Europe;M;0.0;0.0;830
7228;201500008024;15;7;20;815;1;1;1;1;1;115;;M;4333500.0;667100.0;830
7229;201500008025;15;7;23;1845;1;1;1;1;1;115;;M;4333095.0;696800.0;830
7230;201500008026;15;8;27;1815;1;2;1;1;3;115;BD JEAN MOULIN;M;0.0;0.0;830
7231;201500008027;15;9;19;1800;1;1;1;1;3;115;;M;4332300.0;660800.0;830
7232;201500008029;15;10;19;1445;1;1;1;1;6;115;;M;4332900.0;665900.0;830
7233;201500008030;15;12;22;1645;1;2;1;1;6;115;14 AV DE TASSIGNY;M;0.0;0.0;830
7234;201500008031;15;3;8;700;2;1;1;1;1;65;;M;4325700.0;660100.0;830
7235;201500008032;15;3;9;1845;2;1;1;1;7;119;;M;4323600.0;656900.0;830
7236;201500008033;15;3;16;1000;1;1;1;1;6;119;;M;4526810.0;664072.0;830
7237;201500008034;15;4;13;945;1;1;1;1;2;65;;M;0.0;0.0;830
7238;201500008035;15;5;7;2145;3;1;1;1;1;101;;M;0.0;0.0;830
7239;201500008036;15;5;8;2030;2;2;1;1;1;119;RD 93;M;0.0;0.0;830
7240;201500008037;15;5;22;215;3;1;1;8;7;65;;M;4321900.0;656900.0;830
7241;201500008038;15;6;1;1830;1;1;1;1;3;65;;M;4325700.0;659100.0;830
7242;201500008039;15;6;12;700;2;2;1;1;6;119;76 avenue du 15 août 194;M;0.0;0.0;830
7243;201500008040;15;6;22;1900;1;2;1;1;6;119;65 AVENUE CHARLES DE GAU;M;0.0;0.0;830
7244;201500008042;15;6;26;1300;1;1;1;1;3;65;;M;4325987.0;659046.0;830
7245;201500008043;15;7;8;2115;1;1;1;1;7;65;;M;0.0;0.0;830
7246;201500008044;15;7;14;1715;1;1;1;1;1;101;;M;4323731.0;664953.0;830
7247;201500008046;15;8;11;1200;1;1;1;1;2;65;;M;4326106.0;659556.0;830
7248;201500008047;15;8;12;2015;2;2;1;1;6;119;45 bd louis blanc;M;4326953.0;663647.0;830
7249;201500008048;15;8;29;1900;1;1;3;1;3;101;;M;4325500.0;659000.0;830
7250;201500008049;15;9;7;1715;1;1;1;1;3;65;;M;4323900.0;660300.0;830
7251;201500008051;15;2;27;1045;1;2;1;2;1;16;339 Allee des primeveres;M;4320300.0;580100.0;830
7252;201500008052;15;3;8;1615;1;1;1;1;7;35;;M;0.0;0.0;830
7253;201500008053;15;3;21;1615;1;1;1;2;1;127;;M;0.0;0.0;830
7254;201500008054;15;5;9;1500;1;1;1;1;3;16;;M;0.0;0.0;830
7255;201500008055;15;6;18;1745;1;1;1;1;2;35;;M;4319994.0;576305.0;830
7256;201500008056;15;6;22;1630;1;2;1;1;3;16;Route de Bandol;M;0.0;0.0;830
7257;201500008057;15;7;10;1030;1;2;1;1;3;16;boulevard du 8 mai 1945;M;4319603.0;579900.0;830
7258;201500008058;15;7;12;1700;1;1;1;1;1;16;;M;4322671.0;581000.0;830
7259;201500008059;15;7;17;1930;1;1;1;1;1;127;;M;4328300.0;582400.0;830
7260;201500008060;15;8;16;1730;1;2;1;1;5;16;route de Marseille, DN8;M;0.0;0.0;830
7261;201500008061;15;9;7;1730;1;1;1;1;1;16;;M;0.0;0.0;830