;Num_Acc;an;mois;jour;hrmn;lum;agg;int;atm;col;com;adr;gps;lat;long;dep
7262;201500008062;15;9;8;2000;2;1;1;1;6;16;;M;0.0;0.0;830
7263;201500008063;15;9;19;930;1;1;1;1;6;16;;M;0.0;0.0;830
7264;201500008064;15;11;1;1145;1;1;1;1;3;16;;M;0.0;0.0;830
7265;201500008065;15;11;19;1615;1;1;9;1;3;35;;M;0.0;0.0;830
7266;201500008066;15;6;13;430;5;1;1;1;6;47;;M;0.0;0.0;830
7267;201500008067;15;6;20;1900;1;2;6;1;2;47;avenue de la gare;M;4314586.0;606736.0;830
7268;201500008068;15;7;19;1430;1;2;1;1;1;47;931 voie VILLENEUVE;M;4315494.0;607945.0;830
7269;201500008069;15;10;23;745;3;1;1;1;6;47;Chemin long;M;0.0;0.0;830
7270;201500008070;15;10;26;1745;5;2;1;3;6;47;D 554;M;0.0;0.0;830
7271;201500008071;15;11;13;1500;1;1;1;1;2;47;;M;0.0;0.0;830
7272;201500008072;15;8;6;1530;1;1;1;1;1;71;;M;0.0;0.0;830
7273;201500008073;15;10;12;1530;1;1;1;3;1;71;;M;4313409.0;623608.0;830
7274;201500008074;15;10;31;1015;1;1;1;1;6;71;;M;0.0;0.0;830
7275;201500008075;15;1;2;900;1;2;6;1;2;112;rond point aqualand;M;0.0;0.0;830
7276;201500008076;15;1;29;1900;3;2;1;1;6;112;13 avenue du port;M;4318015.0;568714.0;830
7277;201500008077;15;2;9;1430;1;2;1;1;1;112;avenue des lecques;M;0.0;0.0;830
7278;201500008078;15;4;29;1500;1;2;1;1;6;112;1 avenue aristide briand;M;0.0;0.0;830
7279;201500008079;15;6;1;1700;1;1;1;1;3;112;;M;0.0;0.0;830
7280;201500008080;15;8;2;1830;1;2;1;1;3;112;D559 ROUTE DE LA CIOTAT;M;0.0;0.0;830
7281;201500008081;15;11;16;1645;2;2;1;7;6;112;rue alexandre Dumas père;M;4318401.0;569636.0;830
7282;201500008082;15;12;13;445;3;1;1;1;1;27;;M;0.0;0.0;830
7283;201500008083;15;4;4;1045;1;1;1;1;2;141;;M;4396774.0;492164.0;840
7284;201500008085;15;5;28;1845;1;1;1;1;3;132;;M;4396526.0;496352.0;840
7285;201500008086;15;7;4;1100;1;1;1;1;1;36;;M;4393168.0;492446.0;840
7286;201500008087;15;8;3;1300;1;1;1;1;4;119;;M;4388873.0;492569.0;840
7287;201500008088;15;8;8;1130;1;1;1;1;4;34;;M;4388312.0;496585.0;840
7288;201500008089;15;9;2;745;1;2;1;1;1;81;av. du général Leclerc;M;4393411.0;490164.0;840
7289;201500008090;15;9;13;1915;1;2;1;1;3;141;Allée Victor MITAN;M;4395767.0;489709.0;840
7290;201500008091;15;9;16;2100;3;1;1;1;6;119;;M;4396503.0;496236.0;840
7291;201500008092;15;12;2;1530;1;1;6;1;3;141;;M;4398260.0;488665.0;840
7292;201500008093;15;1;15;1345;1;1;2;1;3;132;ch Gaffe de Ragachon;M;4393997.0;498365.0;840
7293;201500008094;15;1;16;830;1;1;1;1;1;132;;M;4392743.0;500755.0;840
7294;201500008095;15;3;31;930;1;2;2;1;7;132;place du marché;M;4392857.0;499535.0;840
7295;201500008096;15;4;23;1000;1;1;1;1;3;54;Les Jonquiers;M;4388566.0;504114.0;840
7296;201500008097;15;5;5;615;1;1;1;1;6;54;;M;4387350.0;506692.0;840
7297;201500008098;15;6;8;1715;1;1;1;1;3;132;;M;4393646.0;500749.0;840
7298;201500008099;15;6;10;2215;3;1;1;1;3;124;;M;4391912.0;509707.0;840
7299;201500008100;15;6;10;1745;1;2;1;1;3;54;avenue victo hugo;M;4392048.0;504777.0;840
7300;201500008101;15;6;20;115;3;2;1;1;7;54;;M;4392216.0;504307.0;840
7301;201500008102;15;6;26;945;1;1;4;1;2;132;;M;4392356.0;496924.0;840
7302;201500008103;15;7;23;1915;1;1;1;1;7;54;;M;4390199.0;508276.0;840
7303;201500008106;15;9;25;2300;5;2;1;1;7;54;esplanade robert vasse;M;4391782.0;505250.0;840
7304;201500008107;15;9;29;2345;3;1;1;1;6;132;;M;0.0;0.0;840
7305;201500008108;15;10;5;2030;3;1;2;1;2;132;;M;4390292.0;501079.0;840
7306;201500008109;15;10;23;855;1;2;1;7;7;54;chemin des névons;M;4391744.0;505451.0;840
7307;201500008110;15;11;11;1930;3;1;1;1;3;54;;M;4390319.0;501249.0;840
7308;201500008112;15;12;13;1530;1;2;1;1;1;54;2000 chemin des Gypières;M;4395393.0;507136.0;840
7309;201500008113;15;3;18;2100;5;1;1;1;7;92;En face premiere classe;M;4397550.0;487216.0;840
7310;201500008114;15;5;16;1200;1;2;6;1;2;92;cd907;M;4397634.0;485802.0;840
7311;201500008115;15;10;9;15;5;1;1;1;3;92;;M;4397632.0;485803.0;840
7312;201500008116;15;10;28;1215;1;2;1;1;3;92;AVENUE THEOPHILE DELORME;M;4395000.0;485000.0;840
7313;201500008117;15;4;1;1430;1;2;6;1;7;129;rd point de la fontaine;M;4400790.0;487438.0;840
7314;201500008118;15;5;19;1500;1;2;3;1;7;129;boulevard allende;M;4400370.0;488417.0;840
7315;201500008119;15;12;10;1615;1;2;6;1;3;129;avenue d'orange;M;4401007.0;487118.0;840
7316;201500008120;15;2;14;245;5;2;1;1;6;3;604 av de la libération;M;4387607.0;540514.0;840
7317;201500008121;15;2;28;530;5;2;1;1;1;3;Avenue de Lancon;M;4388420.0;537881.0;840
7318;201500008122;15;3;13;2245;3;1;1;1;6;47;Les Berques, rt croagnes;M;4390753.0;534606.0;840
7319;201500008124;15;4;21;815;1;2;6;7;6;3;Rue du paou;M;4388209.0;538438.0;840
7320;201500008125;15;4;26;430;3;1;1;1;6;105;LA REYBAUDE;M;4387830.0;542618.0;840
7321;201500008126;15;5;29;2130;5;2;2;1;3;3;QUAI GENERAL LECLERC;M;4387729.0;539657.0;840
7322;201500008127;15;8;3;1130;1;1;1;1;5;3;;M;4386344.0;536375.0;840
7323;201500008128;15;8;15;1045;1;1;1;1;1;103;;M;4392635.0;550310.0;840
7324;201500008129;15;8;30;1800;1;2;1;1;2;3;12 avenue victor hugo;M;4387694.0;539252.0;840
7325;201500008130;15;9;25;1045;1;1;1;1;3;3;;M;4386132.0;536220.0;840
7326;201500008131;15;12;25;1745;3;2;1;1;3;3;RD 943;M;4389458.0;538274.0;840
7327;201500008132;15;5;6;1215;1;1;2;1;5;74;;M;4374729.0;518066.0;840
7328;201500008133;15;5;10;1830;1;1;1;1;2;74;;M;4375530.0;516494.0;840
7329;201500008134;15;5;26;2015;1;2;1;1;6;65;rue philippe de girard;M;4374661.0;531383.0;840
7330;201500008136;15;9;20;1815;1;1;9;1;1;95;;M;4373978.0;534242.0;840
7331;201500008137;15;11;6;1245;1;1;1;1;2;93;;M;0.0;0.0;840
7332;201500008138;15;11;22;2300;3;1;1;1;7;147;;M;0.0;0.0;840
7333;201500008139;15;12;10;1230;1;1;1;1;7;42;DFCI vallon dela Fayette;M;4379935.0;544804.0;840
7334;201500008140;15;12;13;1130;1;1;1;8;1;26;;M;4374657.0;536312.0;840
7335;201500008141;15;4;15;2145;3;1;1;1;1;73;;M;4385780.0;520509.0;840
7336;201500008142;15;5;23;1545;1;1;1;1;3;86;;M;4386364.0;517104.0;840
7337;201500008143;15;6;19;600;2;1;9;1;4;20;;M;4386142.0;527509.0;840
7338;201500008144;15;8;15;1345;1;1;1;1;7;85;;M;0.0;0.0;840
7339;201500008145;15;1;10;1415;1;1;1;1;6;14;;M;4370870.0;571466.0;840
7340;201500008146;15;3;30;1130;1;2;9;1;2;89;696, rte de la Bonde;M;4370674.0;550542.0;840
7341;201500008148;15;4;17;2015;2;2;1;8;3;89;rue saint roch;M;4368825.0;550549.0;840
7342;201500008149;15;5;3;1645;1;1;1;1;4;14;;M;4372740.0;573234.0;840
7343;201500008150;15;5;26;1145;1;2;9;1;1;89;rue croze;M;4369248.0;549790.0;840
7344;201500008151;15;7;5;1300;1;1;1;1;3;2;;M;0.0;0.0;840
7345;201500008152;15;8;8;1545;1;1;2;1;3;89;;M;4372733.0;550872.0;840
7346;201500008153;15;8;12;2130;2;1;1;1;6;14;;M;4373800.0;568600.0;840
7347;201500008154;15;8;25;945;1;2;1;1;6;89;boulevard Victor HUGO;M;0.0;0.0;840
7348;201500008156;15;11;24;1845;5;2;1;1;6;89;chemin de malespine;M;4368646.0;549870.0;840
7349;201500008157;15;6;5;1315;1;1;1;1;1;69;;M;4416510.0;514512.0;840
7350;201500008158;15;6;11;1615;1;1;1;1;1;69;;M;4415374.0;513002.0;840
7351;201500008160;15;3;28;1800;1;1;1;1;6;142;;M;4393733.0;506201.0;840
7352;201500008161;15;7;12;45;3;1;1;1;7;43;;M;4399721.0;493972.0;840
7353;201500008162;15;8;15;1800;1;2;1;1;1;88;chemin de fontblanque;M;4398520.0;506837.0;840
7354;201500008163;15;11;24;1845;3;1;2;1;5;88;;M;4401240.0;507292.0;840
7355;201500008165;15;7;21;1200;1;1;1;1;6;29;;M;0.0;0.0;840
7356;201500008166;15;10;25;1200;1;1;1;1;6;106;;M;0.0;0.0;840
7357;201500008167;15;10;26;600;3;1;1;1;6;61;;M;4423277.0;485195.0;840
7358;201500008168;15;3;23;1745;2;2;1;7;1;4;319, voie marcel pagnol;M;4408950.0;503619.0;840
7359;201500008169;15;4;25;945;3;1;1;1;6;130;quartier Serre de Supion;M;4416007.0;506915.0;840
7360;201500008170;15;5;15;1515;1;1;1;1;1;122;;M;4412435.0;497925.0;840
7361;201500008171;15;6;5;1300;1;1;1;1;6;122;;M;4409584.0;499331.0;840
7362;201500008172;15;7;20;2245;5;2;1;1;6;4;avenue frédéric mistral;M;4409918.0;502563.0;840
7363;201500008173;15;7;26;1815;1;1;1;1;6;67;;M;4407630.0;499569.0;840
7364;201500008174;15;8;7;1700;1;2;1;1;3;4;avenue frédéric mistral;M;4410102.0;502475.0;840
7365;201500008175;15;10;30;1100;1;1;1;1;1;67;;M;4407165.0;500776.0;840
7366;201500008176;15;1;6;1700;2;1;1;1;3;78;;M;4425539.0;468137.0;840
7367;201500008177;15;5;21;1430;1;1;1;6;6;63;;M;4426437.0;467513.0;840
7368;201500008178;15;6;1;800;2;1;1;1;3;19;;M;4432269.0;473410.0;840
7369;201500008179;15;6;30;1900;1;2;1;1;3;19;Rue Paul VALERY;M;4428658.0;475117.0;840
7370;201500008180;15;7;15;1130;1;2;1;1;4;78;N7;M;4423376.0;471168.0;840
7371;201500008181;15;12;5;1045;1;2;1;1;6;19;15 avenue PASTEUR;M;4428161.0;474707.0;840
7372;201500008183;15;3;8;1530;1;1;1;1;7;21;;M;0.0;0.0;840
7373;201500008184;15;6;12;1530;1;1;1;1;7;8;;M;4414268.0;510490.0;840
7374;201500008185;15;6;22;1445;1;1;1;1;5;45;;M;4425560.0;515459.0;840
7375;201500008187;15;9;20;1445;1;1;1;1;6;22;;M;0.0;0.0;840
7376;201500008188;15;10;9;1615;1;1;1;1;3;126;;M;4420509.0;500068.0;840
7377;201500008189;15;1;27;1500;2;2;1;3;3;138;Ancienne route de Grillo;M;0.0;0.0;840
7378;201500008190;15;2;28;1345;1;2;3;1;3;138;rue tourville interHugo;M;4438507.0;498797.0;840
7379;201500008191;15;12;11;2100;5;2;1;1;6;97;421 avenue de la rabasse;M;4436086.0;491143.0;840
7380;201500008193;15;5;22;1500;1;2;1;1;3;57;avenue de la galine;M;4363085.0;390262.0;340
7381;201500008194;15;1;15;945;1;1;1;1;1;327;;M;4365893.0;398107.0;340
7382;201500008195;15;2;15;1630;1;1;6;2;1;58;;M;4366866.0;397463.0;340
7383;201500008196;15;1;27;1830;3;1;1;1;1;58;;M;4369468.0;401210.0;340
7384;201500008197;15;2;18;900;1;1;1;1;6;227;;M;4371162.0;402841.0;340
7385;201500008198;15;3;27;2230;3;1;1;1;6;227;;M;4372870.0;404296.0;340
7386;201500008199;15;3;31;1700;1;1;1;1;5;249;;M;4369669.0;401468.0;340
7387;201500008200;15;4;9;845;1;1;1;1;4;227;;M;4371608.0;403165.0;340
7388;201500008202;15;7;17;645;2;2;1;1;1;22;RN113    PR12800;M;4366002.0;402123.0;340
7389;201500008203;15;8;25;1930;1;1;1;1;3;327;;M;4366712.0;396415.0;340
7390;201500008205;15;9;13;600;2;1;1;2;7;249;;M;4373782.0;397850.0;340
7391;201500008206;15;9;13;1345;1;2;2;1;1;58;Avenue du Moulin à Vent;M;4367630.0;398275.0;340
7392;201500008207;15;9;20;45;5;2;2;1;3;58;rue des Faïsses;M;4367991.0;398571.0;340
7393;201500008208;15;9;22;830;1;2;1;1;3;58;route de Mauguio, D 26;M;4369712.0;396097.0;340
7394;201500008209;15;9;22;1830;1;2;3;1;3;327;D 613;M;4365359.0;397024.0;340
7395;201500008210;15;10;10;1015;1;1;1;1;6;227;;M;4373372.0;404859.0;340
7396;201500008211;15;11;8;1530;1;2;1;1;3;244;route de Nîmes,;M;4366350.0;403219.0;340
7397;201500008212;15;11;17;1515;1;2;1;1;3;22;RN113;M;4365947.0;401778.0;340
7398;201500008213;15;11;19;1800;5;1;9;1;3;22;;M;4365511.0;400176.0;340
7399;201500008214;15;11;25;1945;5;2;1;1;3;22;;M;4365688.0;400819.0;340
7400;201500008216;15;3;11;1615;1;2;1;1;1;344;RUE DE L INDUSTRIE;M;4356046.0;407657.0;340
7401;201500008217;15;7;16;2100;1;1;1;1;6;344;;M;4356130.0;406339.0;340
7402;201500008218;15;8;6;1000;1;2;1;1;6;344;AVENUE DE MELGUEIL;M;4356192.0;408725.0;340
7403;201500008219;15;11;1;1515;1;2;9;1;6;344;avenue général Leclerc;M;4356339.0;409217.0;340
7404;201500008220;15;3;29;1745;1;1;1;1;1;145;;M;4366889.0;414339.0;340
7405;201500008221;15;4;12;2245;3;1;1;1;1;145;;M;4368185.0;415038.0;340
7406;201500008222;15;4;28;1545;1;1;1;1;3;145;;M;4365197.0;413898.0;340
7407;201500008223;15;5;15;1045;1;2;1;1;6;151;1-3 bd Louis Uni;M;4366340.0;418043.0;340
7408;201500008224;15;5;23;1125;1;2;1;1;6;145;125 de lattre tassigny);M;4367552.0;413014.0;340
7409;201500008225;15;6;2;730;1;2;6;7;1;145;;M;4366643.0;412277.0;340
7410;201500008226;15;6;17;1745;1;1;6;1;7;294;;M;4370392.0;412167.0;340
7411;201500008227;15;6;25;1730;1;1;1;1;5;151;;M;4362263.0;412197.0;340
7412;201500008228;15;7;8;700;1;1;1;1;7;294;;M;4372453.0;412718.0;340
7413;201500008229;15;7;12;1300;1;2;1;1;3;288;avenue de la mer;M;4372890.0;410716.0;340
7414;201500008230;15;7;28;1445;1;2;1;1;1;145;RD 61;M;4365598.0;413828.0;340
7415;201500008231;15;8;15;1230;1;2;1;1;1;151;boulevard victor hugo;M;4366299.0;418031.0;340
7416;201500008232;15;9;4;1030;1;2;1;1;3;145;RN 113;M;4367891.0;414327.0;340
7417;201500008233;15;9;23;930;1;2;1;1;3;145;Bd de la République;M;0.0;0.0;340
7418;201500008235;15;11;18;1730;2;1;1;1;3;151;;M;4361328.0;411136.0;340
7419;201500008236;15;11;30;1800;4;2;1;1;6;145;route de la mer;M;4368222.0;415196.0;340
7420;201500008237;15;12;18;1;3;2;1;1;6;33;d610;M;4375583.0;407608.0;340
7421;201500008238;15;12;31;15;3;1;1;1;1;151;;M;4358602.0;410429.0;340
7422;201500008239;15;2;7;1445;1;2;1;1;1;154;route de lunel - CD 24;M;4362647.0;403078.0;340
7423;201500008240;15;2;14;730;2;1;1;2;6;176;;M;4363571.0;405574.0;340
7424;201500008241;15;4;15;1915;1;1;1;1;3;154;;M;4305000.0;365000.0;340
7425;201500008242;15;4;20;2030;3;1;1;1;2;240;;M;4364373.0;398877.0;340
7426;201500008243;15;4;25;445;3;1;1;2;6;154;;M;4364300.0;408600.0;340
7427;201500008244;15;5;6;1515;1;1;1;1;3;240;RD 112;M;4363771.0;399421.0;340
7428;201500008245;15;7;13;1345;1;1;4;1;3;154;;M;4359284.0;393882.0;340
7429;201500008246;15;8;23;2130;5;1;1;2;2;154;;M;4359308.0;394020.0;340
7430;201500008247;15;9;22;30;3;1;1;1;7;154;;M;4359591.0;395248.0;340
7431;201500008249;15;11;23;1600;1;2;1;1;6;154;route des cabanes;M;4359913.0;401274.0;340
7432;201500008250;15;1;13;2310;3;1;1;1;6;276;;M;4377674.0;387059.0;340
7433;201500008251;15;2;28;1600;1;1;1;1;1;276;;M;4379249.0;387540.0;340
7434;201500008252;15;9;21;1200;1;1;1;1;6;297;;M;4385148.0;391160.0;340
7435;201500008253;15;10;3;1645;1;1;1;2;1;48;;M;4378043.0;404664.0;340
7436;201500008254;15;11;21;545;3;1;1;1;6;131;;M;4383465.0;389516.0;340
7437;201500008255;15;12;16;715;2;1;1;5;1;297;;M;4385432.0;392871.0;340
7438;201500008256;15;12;20;230;3;1;1;1;6;66;;M;4376281.0;377919.0;340
7439;201500008257;15;1;6;1000;1;2;1;1;6;28;avenue jean jaures;M;4361273.0;315250.0;340
7440;201500008258;15;3;14;1;3;1;1;1;6;119;;M;4357985.0;314058.0;340
7441;201500008259;15;5;17;1545;1;1;1;1;1;55;;M;4367876.0;297400.0;340
7442;201500008260;15;5;19;1045;1;1;1;1;6;200;;M;4360734.0;327297.0;340
7443;201500008261;15;9;4;1600;1;2;1;1;6;126;15 avenue maréchal Foch;M;4358887.0;308316.0;340
7444;201500008262;15;5;20;1330;1;2;1;1;6;52;route de maureilhan;M;4333078.0;304924.0;340
7445;201500008263;15;6;19;1400;1;2;1;1;1;81;chemin de rouyre;M;4331093.0;314216.0;340
7446;201500008264;15;6;26;830;1;1;1;1;3;161;;M;4332889.0;311125.0;340
7447;201500008266;15;9;2;900;1;2;1;1;7;161;avenue des cités;M;4333338.0;312687.0;340
7448;201500008267;15;9;20;1930;1;1;1;1;2;183;;M;4327653.0;308712.0;340
7449;201500008268;15;10;3;1845;1;2;1;1;7;161;rue de lezigno;M;4333561.0;313381.0;340
7450;201500008269;15;10;1;1430;1;1;1;1;7;225;;M;4336497.0;308608.0;340
7451;201500008270;15;1;12;1330;1;2;1;1;2;74;Boulevard de l'orb;M;4345122.0;305061.0;340
7452;201500008271;15;2;2;1300;1;1;1;1;7;178;;M;4345681.0;311845.0;340
7453;201500008272;15;2;5;1315;1;2;1;6;6;74;rue raoul bayou;M;4344949.0;304405.0;340
7454;201500008273;15;3;14;1700;1;2;1;1;6;140;rue Paul Riquet;M;4338143.0;317079.0;340
7455;201500008274;15;3;15;1000;1;1;1;2;6;92;;M;4334236.0;294671.0;340
7456;201500008275;15;3;22;1200;1;1;1;1;1;69;;M;4340311.0;309251.0;340
7457;201500008276;15;5;25;1515;1;1;1;1;6;74;;M;4343642.0;308644.0;340
7458;201500008277;15;6;27;1745;1;1;1;1;7;223;;M;4345075.0;319097.0;340
7459;201500008278;15;7;18;1915;1;1;1;1;1;69;;M;4340328.0;309251.0;340
7460;201500008280;15;7;26;815;1;1;1;1;1;100;;M;4345553.0;289593.0;340
7461;201500008282;15;8;8;1915;1;1;1;2;5;70;;M;4341522.0;297419.0;340
7462;201500008283;15;9;1;1630;1;1;1;1;1;100;;M;4345574.0;289601.0;340
7463;201500008284;15;11;14;1400;1;1;3;1;5;147;;M;4349089.0;319055.0;340
7464;201500008285;15;7;3;1615;1;1;1;1;1;190;;M;4327455.0;277805.0;340
7465;201500008286;15;1;27;1730;2;1;1;1;6;162;;M;4348681.0;347055.0;340
7466;201500008287;15;2;22;1515;1;1;1;1;6;162;;M;4347888.0;346416.0;340
7467;201500008289;15;4;14;1030;1;1;1;1;6;9;;M;4348950.0;334972.0;340
7468;201500008290;15;4;25;1500;1;1;1;2;5;162;;M;0.0;0.0;340
7469;201500008291;15;6;10;1000;1;2;9;1;6;199;19 aveniue de verdun;M;4345572.0;342339.0;340
7470;201500008292;15;8;20;1645;1;2;2;1;3;166;d18 avenue de beziers;M;4339739.0;336164.0;340
7471;201500008293;15;9;22;1400;1;1;1;1;6;63;;M;4349816.0;337926.0;340
7472;201500008294;15;11;13;915;1;1;1;1;3;162;;M;4348055.0;347204.0;340
7473;201500008295;15;12;11;2000;5;2;1;1;1;199;route de tourbes;M;4345188.0;340661.0;340
7474;201500008296;15;12;22;1045;1;2;1;1;6;199;avenue de Verdun;M;4345454.0;342180.0;340
7475;201500008299;15;4;18;1545;1;1;1;1;6;284;D;M;4348112.0;276770.0;340
7476;201500008300;15;8;8;1500;1;1;1;2;5;293;;M;4359892.0;271510.0;340
7477;201500008301;15;11;30;1015;1;2;1;1;6;284;26 grand rue;M;4348867.0;275948.0;340
7478;201500008302;15;2;15;1315;1;1;1;2;6;109;;M;4352453.0;324908.0;340
7479;201500008303;15;3;28;1845;1;1;2;1;3;214;;M;4348236.0;328943.0;340
7480;201500008304;15;5;27;1545;1;1;1;1;1;147;;M;4345306.0;320827.0;340
7481;201500008305;15;6;20;1400;1;1;1;1;6;214;;M;4346159.0;326911.0;340
7482;201500008306;15;7;28;330;5;1;1;1;6;300;;M;4343608.0;329898.0;340
7483;201500008307;15;8;22;215;3;1;1;1;6;214;;M;4346431.0;326833.0;340
7484;201500008308;15;9;4;1700;1;1;1;1;3;25;(;M;4341008.0;323907.0;340
7485;201500008309;15;10;15;1200;1;1;1;1;6;300;;M;4343114.0;331439.0;340
7486;201500008310;15;10;16;1730;1;2;1;1;1;1;RUE RONSARD;M;4344565.0;329593.0;340
7487;201500008311;15;12;18;1315;1;1;1;1;1;139;;M;4342621.0;324816.0;340
7488;201500008312;15;1;4;1830;3;1;1;1;7;209;;M;4331350.0;334003.0;340
7489;201500008313;15;1;15;730;3;1;1;8;7;209;;M;4331311.0;333050.0;340
7490;201500008315;15;2;8;630;3;1;1;1;6;209;;M;4331312.0;333039.0;340
7491;201500008316;15;2;25;1930;3;1;1;1;3;209;;M;4352200.0;356300.0;340
7492;201500008317;15;3;29;1215;1;1;1;1;1;135;;M;4328164.0;316254.0;340
7493;201500008318;15;4;18;2115;3;1;1;1;1;135;;M;4325827.0;315988.0;340
7494;201500008320;15;5;3;530;3;1;1;1;6;299;;M;4349600.0;348700.0;340
7495;201500008321;15;7;28;1445;1;1;1;1;2;209;,;M;4331325.0;333402.0;340
7496;201500008323;15;9;4;915;1;1;1;1;1;299;;M;0.0;0.0;340
7497;201500008325;15;4;2;900;1;2;1;1;6;142;Parking allée mitterand;M;4372485.0;332176.0;340
7498;201500008326;15;6;5;1830;1;2;1;1;3;268;Route du Viala;M;4371350.0;342183.0;340
7499;201500008327;15;8;17;1245;1;1;1;1;3;186;;M;4365094.0;331500.0;340
7500;201500008328;15;9;7;1800;1;1;1;1;6;267;;M;4370592.0;355699.0;340
7501;201500008329;15;9;20;1000;1;2;1;1;1;114;63 avenue Pierre MENDES;M;4365041.0;354580.0;340
7502;201500008330;15;1;28;645;3;1;1;1;1;31;;M;4333805.0;344777.0;340
7503;201500008331;15;3;3;1530;1;2;1;1;6;150;route de Bessan;M;4335552.0;352050.0;340
7504;201500008332;15;3;12;345;3;1;1;1;6;332;;M;4330805.0;342750.0;340
7505;201500008333;15;3;20;1700;1;2;1;1;6;31;22 AVENUE DU 08 MAI 1945;M;4336218.0;342440.0;340
7506;201500008334;15;3;20;1715;1;1;1;1;6;31;;M;4330016.0;343479.0;340
7507;201500008335;15;3;29;1815;1;2;6;1;3;150;avenue de l'industrie;M;4335721.0;352235.0;340
7508;201500008336;15;4;24;930;1;1;1;1;3;332;;M;4331430.0;336446.0;340
7509;201500008339;15;8;15;1345;1;2;1;1;1;150;Avenue du Soleil;M;4332125.0;353753.0;340
7510;201500008341;15;9;11;2145;3;1;1;1;7;150;;M;4335642.0;385171.0;340
7511;201500008342;15;9;29;1315;1;1;1;2;6;166;;M;4335193.0;335438.0;340
7512;201500008343;15;11;20;1215;1;1;1;1;7;101;;M;4341228.0;344540.0;340
7513;201500008344;15;1;15;1730;1;1;1;1;5;165;;M;4351333.0;367777.0;340
7514;201500008345;15;12;3;1645;1;1;1;1;1;113;;M;4351264.0;372545.0;340
7515;201500008346;15;12;26;2130;5;2;1;1;1;23;avenue de la gare;M;4344123.0;368367.0;340
7516;201500008347;15;1;4;1815;3;1;1;1;6;157;;M;4342259.0;354965.0;340
7517;201500008348;15;1;15;2100;3;1;6;2;7;157;;M;4343972.0;357690.0;340
7518;201500008349;15;4;21;1630;1;1;9;1;6;213;;M;4347366.0;368747.0;340
7519;201500008350;15;6;9;1730;1;1;2;1;3;143;;M;4344365.0;363206.0;340
7520;201500008351;15;8;12;1100;1;2;6;1;6;157;1 route de PEZENAS;M;4342755.0;360494.0;340
7521;201500008352;15;8;26;1145;1;2;1;1;3;157;1 route de Montpellier;M;4340275.0;360967.0;340
7522;201500008353;15;9;19;1800;1;2;1;7;3;157;route carrefour market);M;4343053.0;360803.0;340
7523;201500008354;15;10;9;830;1;2;1;1;1;157;chemin des costes;M;4343895.0;358713.0;340
7524;201500008355;15;11;5;800;1;1;3;1;3;213;;M;4347442.0;367844.0;340
7525;201500008356;15;12;5;700;2;1;1;1;7;213;;M;4347957.0;369532.0;340
7526;201500008358;15;4;6;1630;1;1;1;1;1;367;;M;4339306.0;211904.0;110
7527;201500008359;15;4;12;1830;1;2;1;1;6;89;Lotissement la promenade;M;4332716.0;212135.0;110
7528;201500008360;15;4;26;1200;1;1;1;1;7;99;;M;4328789.0;240429.0;110
7529;201500008361;15;6;23;1415;1;1;1;1;1;221;;M;4341859.0;230626.0;110
7530;201500008362;15;7;11;1915;1;2;1;1;6;410;rue des camélias;M;4325934.0;241778.0;110
7531;201500008363;15;7;15;1730;1;1;1;1;7;205;;M;4330965.0;239260.0;110
7532;201500008364;15;7;20;615;1;2;1;1;6;115;allée des platanes;M;4336670.0;226966.0;110
7533;201500008365;15;7;25;1900;1;1;1;1;1;367;;M;4337888.0;214393.0;110
7534;201500008366;15;8;21;1600;1;1;1;1;1;279;11610;M;4324441.0;229826.0;110
7535;201500008367;15;9;13;1800;1;2;1;1;6;280;BD DU MINERVOIS;M;4329733.0;268088.0;110
7536;201500008369;15;11;4;1830;3;1;1;1;6;413;;M;4332940.0;230603.0;110
7537;201500008370;15;12;23;1330;1;1;1;1;1;99;;M;4325826.0;239508.0;110
7538;201500008371;15;6;5;1800;1;1;1;1;7;271;;M;4295900.0;263400.0;110
7539;201500008372;15;6;21;1900;1;1;1;1;6;378;;M;4309255.0;250739.0;110
7540;201500008373;15;8;2;1245;1;1;1;1;7;185;;M;4308379.0;261589.0;110
7541;201500008374;15;5;24;1545;1;2;1;1;7;260;départementale 613;M;4295923.0;252729.0;110