;Num_Acc;an;mois;jour;hrmn;lum;agg;int;atm;col;com;adr;gps;lat;long;dep
7542;201500008375;15;4;11;1700;1;2;1;1;1;286;D35;M;4329800.0;256900.0;110
7543;201500008376;15;11;13;100;3;1;1;1;7;81;;M;4330539.0;252372.0;110
7544;201500008377;15;1;25;1230;1;1;1;6;6;76;;M;4333300.0;195200.0;110
7545;201500008378;15;4;9;1645;1;1;1;1;3;313;;M;4333729.0;188761.0;110
7546;201500008380;15;10;8;1045;1;2;1;1;6;76;Cours de la République;M;4331718.0;195244.0;110
7547;201500008381;15;12;4;1815;5;2;1;1;1;76;;M;4331238.0;195538.0;110
7548;201500008382;15;1;15;2300;3;1;1;1;6;49;;M;4324148.0;213178.0;110
7549;201500008383;15;2;8;345;3;1;1;1;6;254;;M;4322200.0;215800.0;110
7550;201500008384;15;2;15;1515;1;1;1;2;7;434;;M;4327899.0;209342.0;110
7551;201500008385;15;4;17;1700;1;1;1;1;3;84;;M;4321219.0;225110.0;110
7552;201500008386;15;6;7;230;3;1;1;1;7;18;;M;4321210.0;223525.0;110
7553;201500008387;15;6;9;1115;1;1;1;1;5;84;;M;4323600.0;227200.0;110
7554;201500008389;15;8;1;630;1;1;1;1;6;72;;M;4320600.0;202500.0;110
7555;201500008390;15;9;30;2030;5;2;1;1;6;288;av du general de gaulle;M;4325700.0;226900.0;110
7556;201500008391;15;10;18;1630;1;2;1;1;3;49;;M;4324357.0;211701.0;110
7557;201500008392;15;10;25;1500;1;1;1;1;1;84;;M;4321235.0;224269.0;110
7558;201500008393;15;11;4;630;5;2;1;1;6;153;"lieu dit ""donamestre""";M;4319700.0;209300.0;110
7559;201500008394;15;10;31;1700;1;1;1;1;2;254;;M;4319417.0;212347.0;110
7560;201500008396;15;5;29;1645;1;1;1;1;6;226;;M;4323700.0;183150.0;110
7561;201500008397;15;7;27;1730;1;2;1;8;6;33;CD102 ROUTE DE MARTY;M;0.0;0.0;110
7562;201500008398;15;8;29;1530;1;1;1;1;7;26;;M;4333431.0;180974.0;110
7563;201500008399;15;8;29;2030;2;1;1;1;6;33;;M;4320008.0;173397.0;110
7564;201500008400;15;1;21;930;1;2;1;1;6;344;Route de Ladern;M;4309517.0;231056.0;110
7565;201500008401;15;2;23;1845;2;1;1;2;1;293;;M;4311400.0;228100.0;110
7566;201500008403;15;4;16;2045;3;1;1;2;3;58;;M;4314143.0;212055.0;110
7567;201500008404;15;5;12;1800;1;2;1;1;1;206;avenue Fabre d'Eglantine;M;4305400.0;222100.0;110
7568;201500008406;15;7;7;145;3;2;1;1;6;197;;M;4310200.0;217300.0;110
7569;201500008407;15;8;29;1445;1;2;1;1;6;206;promenade du Tivoli;M;4305700.0;221600.0;110
7570;201500008408;15;9;15;1945;2;2;1;1;6;206;chemin de Tibur;M;4305300.0;221000.0;110
7571;201500008409;15;9;19;1345;1;1;4;1;3;408;;M;4312400.0;231300.0;110
7572;201500008411;15;11;23;2230;3;1;1;1;6;206;;M;4312420.0;212736.0;110
7573;201500008412;15;12;4;2115;3;1;1;1;6;293;;M;4310800.0;229900.0;110
7574;201500008413;15;1;6;1130;1;1;1;1;6;316;;M;0.0;0.0;110
7575;201500008414;15;2;4;930;1;2;1;4;1;91;pont de l'hers;M;4298209.0;200267.0;110
7576;201500008415;15;12;25;1700;1;1;1;1;6;336;;M;4295295.0;195564.0;110
7577;201500008417;15;8;5;145;3;1;1;1;6;377;;M;4295028.0;233555.0;110
7578;201500008418;15;9;18;900;1;1;1;1;1;63;;M;4291312.0;219912.0;110
7579;201500008419;15;10;12;1400;1;1;1;1;6;63;;M;4289764.0;218586.0;110
7580;201500008420;15;11;28;845;1;2;1;2;6;304;31 bd charles de gaulle;M;4287453.0;218253.0;110
7581;201500008421;15;1;17;1100;1;2;1;1;6;106;Rue Hoche;M;4323277.0;305803.0;110
7582;201500008422;15;2;14;1500;1;1;1;2;6;40;;M;4313529.0;287638.0;110
7583;201500008423;15;2;19;1945;5;2;1;1;1;116;chemin des garrigots;M;4326016.0;301323.0;110
7584;201500008424;15;3;7;1000;1;1;1;1;6;255;;M;4318635.0;291720.0;110
7585;201500008425;15;3;6;1045;1;1;1;1;1;262;;M;4316017.0;305631.0;110
7586;201500008426;15;3;11;1745;1;1;1;1;1;269;;M;4328147.0;296037.0;110
7587;201500008427;15;4;15;900;1;1;1;1;3;262;;M;4316210.0;316823.0;110
7588;201500008428;15;7;4;445;3;1;1;1;6;116;;M;4323831.0;300016.0;110
7589;201500008429;15;7;10;400;3;1;1;1;7;145;;M;4322439.0;321296.0;110
7590;201500008430;15;7;16;1500;1;1;1;1;3;262;;M;4315035.0;305204.0;110
7591;201500008431;15;8;2;2145;3;1;1;1;6;258;11;M;4321095.0;294334.0;110
7592;201500008432;15;7;26;2200;3;1;1;1;7;145;;M;4323441.0;318820.0;110
7593;201500008433;15;8;7;1345;1;1;1;1;5;145;11560;M;4321432.0;313406.0;110
7594;201500008434;15;8;13;1945;2;1;1;8;5;106;;M;4322489.0;307736.0;110
7595;201500008435;15;8;25;1515;1;2;1;1;6;24;Hameau de Prat de Cest;M;4311402.0;295066.0;110
7596;201500008436;15;8;30;145;3;1;1;1;1;170;;M;4311742.0;308763.0;110
7597;201500008437;15;9;26;400;3;1;1;1;6;106;;M;4322036.0;304078.0;110
7598;201500008438;15;10;7;1215;1;1;1;1;7;255;;M;4321317.0;284913.0;110
7599;201500008439;15;10;10;600;3;1;1;1;6;106;;M;4322548.0;304690.0;110
7600;201500008440;15;11;16;1645;1;1;1;1;5;24;;M;4311891.0;295304.0;110
7601;201500008441;15;11;27;1600;1;1;1;1;3;106;;M;4324902.0;306782.0;110
7602;201500008442;15;12;13;830;1;1;1;1;3;262;;M;4322431.0;304546.0;110
7603;201500008443;15;12;25;1830;3;1;1;1;3;24;;M;4313019.0;296232.0;110
7604;201500008444;15;12;24;1730;2;1;1;1;1;255;;M;4316914.0;291467.0;110
7605;201500008446;15;8;13;1545;1;1;1;8;6;152;;M;4305447.0;281622.0;110
7606;201500008447;15;10;4;1430;1;1;1;1;6;401;;M;4290970.0;270583.0;110
7607;201500008448;15;5;1;1330;1;1;1;1;6;132;;M;4310000.0;272000.0;110
7608;201500008449;15;5;8;1645;1;1;1;1;1;212;;M;4331957.0;283604.0;110
7609;201500008450;15;5;24;345;3;1;1;1;6;267;;M;4319000.0;283500.0;110
7610;201500008451;15;6;30;1130;1;1;1;1;7;203;;M;4323908.0;285422.0;110
7611;201500008452;15;7;3;1445;1;1;2;1;3;12;;M;4331200.0;292900.0;110
7612;201500008453;15;7;12;1630;1;2;1;1;6;172;;M;4326666.0;272601.0;110
7613;201500008454;15;7;21;1215;1;2;1;1;2;360;avenue des ecoles;M;4324487.0;290325.0;110
7614;201500008455;15;8;8;630;2;1;9;1;6;353;;M;4324800.0;291400.0;110
7615;201500008456;15;10;31;930;1;1;1;1;3;360;;M;4326686.0;289854.0;110
7616;201500008457;15;11;6;1915;3;1;1;1;1;203;;M;4322774.0;279425.0;110
7617;201500008458;15;7;26;1715;1;1;1;1;2;188;;M;4299100.0;297700.0;110
7618;201500008459;15;7;28;1315;1;2;2;1;3;379;30 rue l'ancienne Gendar;M;4302864.0;297523.0;110
7619;201500008460;15;8;8;315;3;1;1;1;1;379;;M;4307287.0;294352.0;110
7620;201500008462;15;3;16;30;3;1;6;2;7;3;;M;4356003.0;415315.0;300
7621;201500008463;15;5;12;2300;3;1;6;1;6;133;;M;4355078.0;413982.0;300
7622;201500008464;15;5;21;1730;1;2;1;6;6;133;avenue du centurion;M;4352043.0;413112.0;300
7623;201500008465;15;5;23;1515;1;1;6;1;3;3;;M;4357234.0;417453.0;300
7624;201500008466;15;7;11;345;3;1;1;1;7;276;;M;4358731.0;422266.0;300
7625;201500008467;15;7;28;300;2;1;1;1;7;133;;M;4354533.0;415531.0;300
7626;201500008468;15;8;7;1545;1;2;1;1;1;133;route des marines;M;4351763.0;414117.0;300
7627;201500008469;15;8;10;2345;3;1;6;1;6;3;;M;4357847.0;418684.0;300
7628;201500008470;15;8;11;1730;1;2;1;1;3;133;rue des moussaillons;M;0.0;0.0;300
7629;201500008471;15;8;15;1445;1;1;1;1;3;276;;M;4358327.0;423893.0;300
7630;201500008472;15;10;31;1715;1;2;1;1;7;3;RD 979 - PK 89+700;M;4356834.0;418889.0;300
7631;201500008473;15;12;5;2100;3;1;1;2;3;276;;M;4358113.0;426039.0;300
7632;201500008474;15;12;8;1015;1;2;1;8;6;133;RUE VINCENT;M;0.0;0.0;300
7633;201500008475;15;1;14;945;1;1;1;1;1;138;;M;4381561.0;424012.0;300
7634;201500008476;15;2;14;1100;1;1;1;2;3;114;;M;4381450.0;409549.0;300
7635;201500008478;15;6;27;800;1;1;1;1;6;306;;M;4382718.0;404699.0;300
7636;201500008479;15;8;4;1800;1;1;1;1;6;306;;M;4382517.0;405063.0;300
7637;201500008480;15;12;26;1900;3;1;1;1;1;352;;M;4380508.0;409752.0;300
7638;201500008481;15;1;17;815;2;1;1;1;6;156;;M;4388088.0;443893.0;300
7639;201500008482;15;2;17;2000;3;1;1;8;6;155;;M;4382287.0;446840.0;300
7640;201500008483;15;4;13;1045;1;1;1;1;6;156;;M;4386409.0;442771.0;300
7641;201500008484;15;4;21;1015;1;1;1;1;1;156;;M;4386373.0;443444.0;300
7642;201500008485;15;5;23;930;1;1;1;1;6;156;;M;4387002.0;443917.0;300
7643;201500008486;15;7;26;1645;1;2;1;1;1;258;route d'arles;M;0.0;0.0;300
7644;201500008487;15;8;23;2015;1;1;1;3;4;258;;M;4366680.0;437598.0;300
7645;201500008488;15;9;11;1445;1;1;1;1;1;258;;M;4369909.0;442464.0;300
7646;201500008489;15;9;18;1900;1;2;1;1;2;258;D6572;M;4366903.0;444591.0;300
7647;201500008490;15;11;4;1330;1;1;1;2;1;258;;M;4367184.0;440990.0;300
7648;201500008493;15;2;28;1830;1;1;1;1;1;347;;M;4373606.0;427979.0;300
7649;201500008494;15;4;14;1730;1;2;1;7;6;4;chemin de la vaunage;M;4374240.0;418810.0;300
7650;201500008495;15;4;20;700;2;1;1;2;1;341;;M;4354739.0;434864.0;300
7651;201500008496;15;4;25;1800;1;1;1;1;1;59;;M;4368886.0;424023.0;300
7652;201500008497;15;5;25;845;1;1;1;1;6;341;;M;0.0;0.0;300
7653;201500008498;15;5;30;445;3;1;1;1;1;59;;M;4368879.0;424261.0;300
7654;201500008499;15;5;20;700;1;2;1;1;1;123;rue folco de baroncelli;M;0.0;0.0;300
7655;201500008500;15;6;2;345;3;1;1;1;7;6;;M;4370737.0;421236.0;300
7656;201500008501;15;6;4;1830;1;2;1;7;1;341;CD 6572-CD779, gallician;M;4365403.0;429563.0;300
7657;201500008502;15;6;5;1645;1;1;1;1;1;83;;M;4371344.0;421869.0;300
7658;201500008503;15;6;21;600;1;1;1;1;3;6;;M;4368700.0;419943.0;300
7659;201500008504;15;6;29;900;1;1;1;1;1;6;;M;4368117.0;419355.0;300
7660;201500008505;15;7;1;2100;1;2;1;1;6;6;av du général de gaulle;M;0.0;0.0;300
7661;201500008506;15;7;21;1800;1;1;1;1;7;341;;M;4371586.0;428017.0;300
7662;201500008507;15;8;1;300;3;1;1;1;6;4;;M;4371742.0;422128.0;300
7663;201500008508;15;10;7;900;1;2;1;7;6;6;rue de l'Abrivado;M;4368791.0;421367.0;300
7664;201500008509;15;11;16;600;3;1;2;1;3;33;;M;4365482.0;434368.0;300
7665;201500008510;15;12;9;1100;1;1;1;1;6;4;;M;4372134.0;420898.0;300
7666;201500008511;15;12;24;1600;1;1;1;8;6;123;;M;4371738.0;418001.0;300
7667;201500008513;15;2;23;1030;1;1;1;1;6;329;;M;4406184.0;391849.0;300
7668;201500008514;15;3;18;1545;1;1;1;1;1;329;;M;4407357.0;393822.0;300
7669;201500008515;15;8;23;630;2;1;1;2;6;329;;M;4407611.0;392897.0;300
7670;201500008516;15;2;2;1715;1;2;1;1;3;307;rue d'Alger;M;4419632.0;404527.0;300
7671;201500008517;15;2;27;145;3;1;1;2;7;132;;M;4422304.0;404444.0;300
7672;201500008518;15;5;25;1445;1;2;1;1;1;307;2 place de l'église;M;4420684.0;403538.0;300
7673;201500008519;15;6;16;1330;1;2;1;2;6;132;18 rue marcel feydedie;M;4422041.0;401790.0;300
7674;201500008521;15;1;7;1130;1;1;1;9;7;55;;M;4412485.0;423071.0;300
7675;201500008522;15;1;10;2115;3;1;1;1;5;275;;M;4411596.0;424811.0;300
7676;201500008523;15;3;28;430;5;1;1;1;7;223;;M;4418409.0;413798.0;300
7677;201500008524;15;4;3;1930;2;1;1;1;1;270;;M;4410844.0;402946.0;300
7678;201500008525;15;4;11;1515;1;1;1;1;1;294;;M;4416096.0;411988.0;300
7679;201500008526;15;4;30;1615;1;2;1;8;1;284;rue du 19 mars 1962;M;4416227.0;407998.0;300
7680;201500008527;15;5;6;1330;1;1;1;1;3;223;;M;4417810.0;417497.0;300
7681;201500008528;15;6;3;1145;1;1;1;1;3;305;;M;4417321.0;414581.0;300
7682;201500008529;15;6;29;1745;1;1;1;1;3;305;;M;4418419.0;418616.0;300
7683;201500008530;15;7;4;1900;1;1;1;1;5;294;;M;4416370.0;412467.0;300
7684;201500008531;15;12;28;1515;1;2;1;1;1;305;D16;M;4417724.0;416667.0;300
7685;201500008532;15;1;25;555;5;2;1;1;6;348;Route de Nimes;M;4405010.0;413938.0;300
7686;201500008533;15;2;11;2215;3;1;1;1;6;2;;M;4396264.0;409825.0;300
7687;201500008534;15;2;22;1445;1;1;1;1;7;101;;M;4408621.0;414845.0;300
7688;201500008535;15;4;19;2215;3;1;1;1;7;264;;M;4404548.0;423228.0;300
7689;201500008536;15;5;17;1330;1;1;1;1;6;2;;M;4395880.0;410917.0;300
7690;201500008537;15;5;22;745;1;1;2;1;3;267;;M;4400058.0;407928.0;300
7691;201500008538;15;5;26;845;1;1;2;1;3;2;;M;4395703.0;409924.0;300
7692;201500008539;15;7;10;1530;1;2;1;1;3;259;CD 981 - PK 2 + 600;M;4410388.0;412789.0;300
7693;201500008540;15;7;12;1545;1;1;1;1;1;104;;M;4396956.0;416159.0;300
7694;201500008541;15;7;17;1700;1;1;1;1;2;259;;M;4410573.0;410005.0;300
7695;201500008542;15;9;8;1030;1;1;1;1;7;147;;M;4401964.0;405455.0;300
7696;201500008543;15;9;19;1700;1;1;1;1;7;46;;M;4399988.0;418022.0;300
7697;201500008544;15;10;29;1545;1;1;1;1;1;109;;M;4406517.0;425000.0;300
7698;201500008545;15;12;31;1145;1;2;1;2;1;259;route de Nimes;M;4407382.0;411738.0;300
7699;201500008546;15;4;4;915;1;1;1;1;6;316;;M;4432569.0;401030.0;300
7700;201500008547;15;4;6;1200;1;1;1;1;1;201;;M;4442153.0;398191.0;300
7701;201500008548;15;4;28;1700;1;1;1;1;3;80;;M;4430496.0;398740.0;300
7702;201500008549;15;6;20;1515;1;1;1;1;3;153;;M;4442743.0;403106.0;300
7703;201500008550;15;8;8;900;1;1;1;1;6;130;;M;4436171.0;394137.0;300
7704;201500008551;15;9;25;930;1;1;1;1;1;153;;M;4442519.0;398074.0;300
7705;201500008552;15;10;5;1745;1;1;1;1;6;80;;M;4429453.0;398108.0;300
7706;201500008553;15;10;10;1700;1;2;1;1;6;345;Rue du Petit Nice;M;4428770.0;400741.0;300
7707;201500008554;15;1;25;730;2;1;1;1;6;266;;M;4424691.0;428619.0;300
7708;201500008555;15;1;24;1615;1;1;1;1;7;293;;M;4428135.0;435035.0;300
7709;201500008556;15;2;2;830;1;1;1;1;1;237;;M;4429316.0;418262.0;300
7710;201500008557;15;2;19;1700;1;2;1;7;6;227;boulevard du paradis;M;4426623.0;419839.0;300
7711;201500008559;15;3;10;900;1;2;1;1;6;227;762 route d'Uz?s;M;4425205.0;420077.0;300
7712;201500008560;15;4;24;2230;3;1;1;1;6;8;;M;4420307.0;424155.0;300
7713;201500008561;15;5;3;1000;1;1;1;1;1;48;;M;4412940.0;431180.0;300
7714;201500008562;15;5;17;1430;1;2;1;1;6;29;place du 08 mai 1945;M;4430729.0;434805.0;300
7715;201500008563;15;5;22;1015;1;2;1;7;3;29;RD 901;M;4430524.0;435560.0;300
7716;201500008564;15;5;24;100;3;1;1;1;7;167;;M;4427296.0;415279.0;300
7717;201500008565;15;6;10;915;1;1;1;1;7;227;;M;4424024.0;418858.0;300
7718;201500008566;15;6;14;1745;1;1;1;1;2;152;;M;4424173.0;417593.0;300
7719;201500008567;15;7;21;1300;1;2;1;1;3;37;REVETY;M;4427696.0;413410.0;300
7720;201500008568;15;8;9;300;3;1;1;2;6;227;;M;4424977.0;418130.0;300
7721;201500008569;15;9;23;1800;1;1;1;1;7;227;;M;0.0;0.0;300
7722;201500008571;15;11;8;1645;1;1;1;1;6;218;;M;4423683.0;426660.0;300
7723;201500008572;15;11;14;1830;3;1;1;1;3;8;;M;4418828.0;420601.0;300
7724;201500008573;15;11;23;1500;1;2;1;1;1;268;Les mines;M;4423547.0;413754.0;300
7725;201500008574;15;12;21;800;2;1;1;2;3;268;;M;4423804.0;412361.0;300
7726;201500008575;15;1;4;1900;3;1;1;1;6;262;;M;4403019.0;447600.0;300
7727;201500008576;15;2;6;1145;1;1;1;1;6;334;;M;4401338.0;441439.0;300
7728;201500008577;15;1;29;1715;2;2;1;1;6;334;avenue pompidou;M;0.0;0.0;300
7729;201500008578;15;2;28;315;3;1;1;1;7;334;;M;4401744.0;442878.0;300
7730;201500008579;15;3;3;1615;1;1;4;1;3;299;;M;4402655.0;447006.0;300
7731;201500008580;15;4;17;1900;1;2;1;1;7;174;route d'uzes;M;0.0;0.0;300
7732;201500008581;15;5;18;1715;1;1;1;1;2;109;;M;4406516.0;424995.0;300
7733;201500008582;15;6;1;1815;1;1;1;1;3;30;;M;4405459.0;428512.0;300
7734;201500008583;15;6;9;1500;1;1;1;1;3;337;;M;4405693.0;447447.0;300
7735;201500008584;15;6;18;1230;1;2;1;1;6;334;avenue de la gare;M;0.0;0.0;300
7736;201500008585;15;6;28;515;2;1;1;1;6;334;;M;4402041.0;443342.0;300
7737;201500008586;15;7;4;1030;1;2;1;1;3;334;Avenue Georges Pompidou;M;4401132.0;441521.0;300
7738;201500008587;15;7;14;1515;1;1;1;1;6;111;;M;4404666.0;429475.0;300
7739;201500008588;15;7;15;1715;1;1;1;1;1;343;;M;4419060.0;448211.0;300
7740;201500008589;15;7;22;900;1;1;1;1;1;334;;M;4400209.0;443147.0;300
7741;201500008590;15;8;21;530;2;1;1;1;7;14;;M;4399355.0;434788.0;300
7742;201500008591;15;9;20;1400;1;1;1;1;4;286;;M;0.0;0.0;300
7743;201500008592;15;9;30;1715;1;1;1;1;2;151;;M;4415838.0;435904.0;300
7744;201500008593;15;10;7;1715;1;2;1;1;3;334;Avenue Louis Altérac;M;4402116.0;441484.0;300
7745;201500008594;15;10;22;1200;1;1;2;1;1;295;;M;4404089.0;445450.0;300
7746;201500008595;15;12;13;1145;1;1;1;2;6;282;;M;4413750.0;447486.0;300
7747;201500008596;15;2;2;1045;1;1;1;1;2;202;;M;4425088.0;462218.0;300
7748;201500008597;15;2;25;1230;1;1;1;6;6;230;;M;4423335.0;445252.0;300
7749;201500008598;15;3;12;2300;3;1;1;1;7;290;;M;4427453.0;460292.0;300
7750;201500008599;15;3;16;1330;1;1;1;1;7;131;;M;4419590.0;447773.0;300
7751;201500008600;15;4;13;1500;1;1;1;1;2;277;;M;4421158.0;451816.0;300
7752;201500008601;15;5;18;2015;1;1;9;1;3;202;;M;4427563.0;462537.0;300
7753;201500008603;15;6;24;1000;1;2;1;1;7;202;Route de Lyon;M;4426746.0;463573.0;300
7754;201500008604;15;7;27;545;2;1;1;1;1;273;;M;4428187.0;458795.0;300
7755;201500008605;15;8;28;930;1;1;1;1;1;226;;M;4422011.0;463361.0;300
7756;201500008606;15;9;1;915;1;2;9;1;7;202;Allée Jean Jaures;M;4425450.0;464928.0;300
7757;201500008607;15;11;6;1630;1;2;1;7;6;202;zone commerciale pte sud;M;4424074.0;463996.0;300
7758;201500008608;15;11;8;600;3;1;1;5;3;226;;M;4421901.0;463370.0;300
7759;201500008609;15;11;9;2115;5;2;1;1;6;202;avenue KENNEDY;M;4426361.0;464132.0;300
7760;201500008610;15;11;13;1115;1;2;1;1;6;202;ALLEES FREDERIC MISTRAL;M;0.0;0.0;300
7761;201500008612;15;1;9;2330;3;1;1;1;7;336;;M;4383208.0;464031.0;300
7762;201500008613;15;1;30;615;3;1;1;6;7;116;;M;4391501.0;460997.0;300
7763;201500008614;15;3;7;1015;1;2;1;1;7;179;RD500;M;4387186.0;458989.0;300
7764;201500008615;15;3;28;100;3;1;1;1;6;346;;M;4395651.0;453085.0;300
7765;201500008616;15;4;5;900;1;1;1;1;1;346;;M;4395825.0;452117.0;300
7766;201500008617;15;4;13;2215;5;2;6;1;3;12;Avenue Charle de Gaulle;M;4389610.0;469041.0;300
7767;201500008618;15;4;18;2015;2;2;1;1;7;107;Chemin du vieux moulin;M;4393706.0;463724.0;300
7768;201500008619;15;5;16;2145;3;1;1;1;6;336;;M;4384280.0;462156.0;300
7769;201500008620;15;6;12;1930;1;1;1;8;1;89;;M;4384486.0;457211.0;300
7770;201500008621;15;6;12;1615;1;1;1;3;1;179;;M;4387518.0;460726.0;300
7771;201500008622;15;6;19;1145;1;1;1;1;1;166;;M;4389140.0;457413.0;300
7772;201500008623;15;6;21;1830;1;1;1;1;6;12;;M;4389458.0;469119.0;300
7773;201500008625;15;7;5;1600;1;1;1;1;6;346;;M;4395971.0;451883.0;300
7774;201500008626;15;7;14;1230;1;2;2;1;3;73;CD 228 chemin neuf;M;4396990.0;455445.0;300
7775;201500008627;15;7;25;2215;3;1;1;1;6;340;;M;4402095.0;458180.0;300
7776;201500008628;15;8;4;745;1;1;1;2;7;116;;M;4394131.0;461623.0;300
7777;201500008629;15;8;13;830;1;1;1;1;3;336;;M;4387996.0;462844.0;300
7778;201500008630;15;9;17;545;3;1;1;2;5;116;;M;4394033.0;461005.0;300
7779;201500008632;15;10;4;1745;1;1;1;1;6;346;;M;4395614.0;453195.0;300
7780;201500008634;15;2;21;1700;1;2;1;2;1;312;bd frederic mistral;M;4401063.0;480522.0;300
7781;201500008635;15;3;12;1920;3;1;1;1;1;254;;M;4406188.0;473195.0;300
7782;201500008636;15;3;16;1645;1;1;1;1;4;326;;M;4401143.0;469030.0;300
7783;201500008637;15;4;6;400;5;2;1;1;6;209;53 route de sauveterre;M;4401095.0;480091.0;300
7784;201500008638;15;7;10;830;1;1;1;1;2;278;;M;4406179.0;470866.0;300
7785;201500008639;15;7;13;2200;3;1;1;1;7;149;;M;4403289.0;469346.0;300
7786;201500008640;15;8;28;1715;1;1;1;1;2;221;;M;4402377.0;474662.0;300
7787;201500008641;15;10;19;215;3;1;1;2;6;221;;M;4401990.0;474267.0;300
7788;201500008642;15;10;25;1830;2;2;1;1;2;217;1687, Route d'Avignon;M;4396531.0;470629.0;300
7789;201500008643;15;11;10;2230;3;1;1;1;7;326;;M;4400808.0;473166.0;300
7790;201500008644;15;11;14;1830;5;1;1;1;1;326;;M;4400764.0;473494.0;300
7791;201500008646;15;3;4;1030;1;1;1;8;3;193;;M;4387017.0;421308.0;300
7792;201500008647;15;3;30;1615;1;1;1;1;6;189;;M;4391905.0;438913.0;300
7793;201500008648;15;4;3;1530;1;1;1;1;1;126;;M;4399003.0;429183.0;300
7794;201500008649;15;4;7;1715;1;1;1;1;5;241;;M;4395646.0;427042.0;300
7795;201500008650;15;6;17;1700;1;1;1;1;2;46;;M;4397250.0;420827.0;300
7796;201500008651;15;6;19;1545;1;2;1;1;1;21;rue de l'église;M;0.0;0.0;300
7797;201500008652;15;6;30;1945;1;1;1;1;3;313;;M;4395769.0;424048.0;300
7798;201500008653;15;7;15;1445;1;2;1;1;3;184;avenue de la république;M;4398138.0;422959.0;300
7799;201500008654;15;7;23;1930;1;1;1;7;1;126;;M;4399219.0;432531.0;300
7800;201500008655;15;8;2;1430;1;1;1;1;6;102;;M;4391833.0;428487.0;300
7801;201500008656;15;8;5;1930;1;1;1;1;1;189;;M;4391841.0;438848.0;300
7802;201500008657;15;8;11;1345;1;1;3;1;3;281;;M;4388311.0;419399.0;300
7803;201500008658;15;8;12;1315;1;2;1;1;1;228;route d'aubarne;M;4394349.0;435893.0;300
7804;201500008659;15;10;10;1000;1;1;1;1;4;281;;M;4388398.0;419455.0;300
7805;201500008660;15;11;13;1630;1;1;1;7;3;228;;M;4394128.0;431312.0;300
7806;201500008661;15;1;18;145;3;1;1;1;6;272;;M;4397644.0;368617.0;300
7807;201500008662;15;6;3;730;1;2;9;1;5;229;LE REY;M;4400101.0;366069.0;300
7808;201500008663;15;9;19;1200;1;1;1;1;3;9;;M;4396819.0;344307.0;300
7809;201500008664;15;5;28;1415;1;2;1;1;6;140;Rue de la Croisette;M;0.0;0.0;300
7810;201500008665;15;7;11;1130;1;2;1;1;3;140;Carrefour D153-rue liron;M;4404622.0;385597.0;300
7811;201500008666;15;8;17;945;1;1;1;1;7;195;;M;4410914.0;381996.0;300
7812;201500008667;15;2;19;2145;5;2;6;1;7;210;AVENUE DE L'AIGUAL;M;4391702.0;399358.0;300
7813;201500008668;15;3;15;1800;2;1;1;2;6;314;;M;4396224.0;406899.0;300
7814;201500008669;15;6;4;1645;1;1;1;1;1;54;;M;4385791.0;397011.0;300
7815;201500008670;15;7;1;1400;1;1;1;1;5;93;;M;4396048.0;390025.0;300
7816;201500008671;15;10;17;1115;1;1;1;1;1;148;;M;4389494.0;400912.0;300
7817;201500008672;15;12;4;1615;1;2;1;1;1;263;d999;M;4396142.0;385718.0;300
7818;201500008674;15;3;17;1715;1;2;1;2;6;80;BD CHARLES DE GAULLES;M;0.0;0.0;480
7819;201500008675;15;4;30;1430;1;1;1;1;7;70;;M;0.0;0.0;480
7820;201500008676;15;6;25;945;1;2;1;1;3;80;avenue Joffre;M;0.0;0.0;480
7821;201500008677;15;8;15;2015;1;1;2;1;3;43;;M;0.0;0.0;480
7822;201500008678;15;8;25;1230;1;2;1;1;6;10;le bourg;M;4475315.0;372811.0;480
7823;201500008680;15;4;11;1945;1;1;1;1;1;135;;M;4440800.0;393300.0;480
7824;201500008681;15;11;17;1300;1;1;1;1;6;198;;M;4445500.0;393300.0;480
7825;201500008682;15;8;8;1300;1;2;3;1;3;61;RN 106, quartier du Pont;M;0.0;0.0;480
7826;201500008683;15;8;20;1645;1;1;1;1;6;162;;M;0.0;0.0;480
7827;201500008684;15;11;5;1315;1;1;1;1;6;116;;M;0.0;0.0;480
7828;201500008685;15;11;8;1600;1;1;1;1;6;162;;M;0.0;0.0;480