;Num_Acc;an;mois;jour;hrmn;lum;agg;int;atm;col;com;adr;gps;lat;long;dep
7829;201500008686;15;11;29;1100;1;2;4;1;3;61;Quartier de la Bécède;M;4433010.0;359079.0;480
7830;201500008687;15;5;2;1430;1;1;1;1;7;67;;M;4417850.0;371000.0;480
7831;201500008688;15;5;9;1645;1;1;1;1;7;115;;M;0.0;0.0;480
7832;201500008689;15;5;12;2200;3;1;1;1;6;148;;M;0.0;0.0;480
7833;201500008690;15;7;2;1100;1;1;1;1;6;148;;M;4419180.0;384122.0;480
7834;201500008691;15;7;5;1715;1;1;1;1;6;36;;M;0.0;0.0;480
7835;201500008693;15;8;18;1915;2;1;1;1;3;97;;M;0.0;0.0;480
7836;201500008694;15;5;23;1015;1;1;1;1;6;146;;M;0.0;0.0;480
7837;201500008695;15;6;19;1115;1;1;1;1;6;176;;M;0.0;0.0;480
7838;201500008696;15;10;9;1600;1;1;1;1;3;94;;M;0.0;0.0;480
7839;201500008697;15;11;4;745;1;1;1;8;7;74;;M;0.0;0.0;480
7840;201500008698;15;1;17;830;1;1;1;1;1;49;;M;0.0;0.0;480
7841;201500008699;15;6;4;1200;1;1;1;7;6;187;;M;0.0;0.0;480
7842;201500008701;15;8;8;1445;1;1;1;3;6;91;;M;0.0;0.0;480
7843;201500008702;15;8;23;1600;1;1;1;2;7;1;;M;0.0;0.0;480
7844;201500008703;15;12;6;300;3;1;1;9;7;104;;M;0.0;0.0;480
7845;201500008704;15;4;20;1715;1;1;1;1;6;121;;M;4482805.0;333110.0;480
7846;201500008705;15;4;26;330;3;1;1;1;6;2;;M;4487800.0;325700.0;480
7847;201500008706;15;8;19;1800;1;1;1;1;3;177;;M;4483300.0;330900.0;480
7848;201500008708;15;12;9;1430;1;1;1;1;2;177;;M;4484500.0;331900.0;480
7849;201500008709;15;1;2;1630;1;1;9;1;1;37;;M;0.0;0.0;660
7850;201500008710;15;1;25;1420;1;2;1;1;7;37;Parking zone technique;M;4270395.0;303767.0;660
7851;201500008712;15;3;19;1130;1;2;1;1;1;37;AVENUE DU ROUSSILLON;M;4269774.0;303238.0;660
7852;201500008713;15;5;4;400;1;1;1;1;1;37;;M;4268738.0;303465.0;660
7853;201500008714;15;6;7;1115;1;2;1;1;3;37;voie des flamants roses;M;0.0;0.0;660
7854;201500008715;15;6;12;1545;1;2;1;1;3;37;RD 617;M;0.0;0.0;660
7855;201500008717;15;8;29;630;2;1;1;1;5;37;;M;0.0;0.0;660
7856;201500008718;15;2;27;1600;1;2;1;1;6;65;rue Joan amade;M;4259890.0;297695.0;660
7857;201500008719;15;7;1;1630;1;1;1;1;5;26;;M;0.0;0.0;660
7858;201500008722;15;5;18;1130;1;1;1;1;1;107;;M;0.0;0.0;660
7859;201500008723;15;7;1;430;3;1;1;1;6;71;;M;0.0;0.0;660
7860;201500008724;15;7;21;1730;1;1;1;1;5;187;;M;0.0;0.0;660
7861;201500008726;15;3;27;2000;3;1;1;1;3;108;;M;0.0;0.0;660
7862;201500008727;15;9;12;1700;1;1;1;1;6;108;;M;0.0;0.0;660
7863;201500008728;15;4;15;1030;1;1;1;1;1;190;;M;0.0;0.0;660
7864;201500008729;15;5;2;1530;1;1;1;1;4;164;;M;0.0;0.0;660
7865;201500008730;15;8;14;1630;1;1;1;1;3;190;;M;0.0;0.0;660
7866;201500008731;15;9;26;1115;1;1;1;1;6;190;;M;4283527.0;290954.0;660
7867;201500008732;15;10;24;2045;3;1;1;1;2;164;;M;0.0;0.0;660
7868;201500008733;15;10;31;900;1;1;1;1;1;231;;M;0.0;0.0;660
7869;201500008734;15;12;14;700;2;1;1;1;7;69;;M;0.0;0.0;660
7870;201500008735;15;5;23;1030;1;2;1;1;6;171;Boulevard Desnoyer;M;4262927.0;303214.0;660
7871;201500008736;15;6;21;345;1;2;1;1;7;171;boulevard maillol - D81A;M;0.0;0.0;660
7872;201500008737;15;12;28;1615;1;2;6;7;1;2;RP médaille militaire;M;4263966.0;297330.0;660
7873;201500008739;15;3;5;1530;1;2;1;1;3;180;rue lavoisier;M;4277410.0;299003.0;660
7874;201500008740;15;4;15;715;1;1;1;1;2;180;;M;0.0;0.0;660
7875;201500008741;15;6;20;130;3;1;1;1;1;212;;M;0.0;0.0;660
7876;201500008742;15;7;14;730;1;1;1;1;7;212;;M;0.0;0.0;660
7877;201500008743;15;7;21;1200;1;2;1;1;1;17;Rue du Mas de Grêle;M;4282437.0;303515.0;660
7878;201500008744;15;8;14;515;3;1;1;1;6;212;;M;0.0;0.0;660
7879;201500008745;15;12;21;1245;1;2;1;1;6;17;boulevard du 14 juillet;M;4278733.0;303486.0;660
7880;201500008746;15;2;13;1915;4;2;1;1;6;226;Avenue de Perpignan;M;0.0;0.0;660
7881;201500008747;15;3;7;1715;1;1;1;1;2;144;;M;0.0;0.0;660
7882;201500008749;15;4;26;1915;1;1;1;1;1;217;;M;0.0;0.0;660
7883;201500008750;15;4;30;745;1;1;1;1;3;210;;M;0.0;0.0;660
7884;201500008751;15;5;4;745;2;1;1;1;7;177;;M;0.0;0.0;660
7885;201500008752;15;5;8;1745;1;1;1;1;7;84;;M;0.0;0.0;660
7886;201500008754;15;7;4;1130;1;1;1;1;1;217;;M;4261240.0;280450.0;660
7887;201500008756;15;10;24;2300;5;2;1;1;1;134;avenue Louis TORCATIS;M;0.0;0.0;660
7888;201500008757;15;11;10;915;1;2;1;7;6;226;27 avenue des pyrénées;M;4258931.0;283772.0;660
7889;201500008758;15;2;11;1400;1;1;1;1;6;9;;M;0.0;0.0;660
7890;201500008759;15;8;1;1845;1;1;1;1;7;9;;M;0.0;0.0;660
7891;201500008760;15;11;23;1415;1;2;1;1;6;9;Lieu dit La Balane;M;0.0;0.0;660
7892;201500008762;15;6;7;1645;1;1;1;1;5;8;;M;0.0;0.0;660
7893;201500008763;15;7;12;2315;3;2;1;1;6;8;chemin de Taxo d'Amont;M;0.0;0.0;660
7894;201500008764;15;7;31;2245;5;2;1;3;1;168;Rue Frédéric Barcelo;M;4254962.0;297643.0;660
7895;201500008766;15;4;20;2145;3;1;1;1;6;196;;M;4253623.0;298619.0;660
7896;201500008767;15;6;4;2200;3;1;1;1;1;225;;M;0.0;0.0;660
7897;201500008768;15;8;10;700;1;1;1;1;6;175;;M;4254289.0;291222.0;660
7898;201500008772;15;4;18;845;2;1;1;1;3;106;;M;0.0;0.0;660
7899;201500008773;15;5;10;1900;1;1;1;1;2;137;;M;0.0;0.0;660
7900;201500008774;15;6;2;1330;1;2;1;1;6;137;;M;0.0;0.0;660
7901;201500008775;15;7;5;2300;3;1;1;1;7;106;;M;0.0;0.0;660
7902;201500008776;15;7;16;800;1;1;1;1;1;106;;M;0.0;0.0;660
7903;201500008777;15;7;24;800;1;1;1;1;1;106;;M;0.0;0.0;660
7904;201500008778;15;7;24;2015;2;1;1;8;3;106;;M;0.0;0.0;660
7905;201500008779;15;8;26;1700;1;2;1;1;3;24;route de perpignan;M;0.0;0.0;660
7906;201500008780;15;12;19;1600;1;2;1;1;6;137;Avenue de France;M;4246393.0;286318.0;660
7907;201500008781;15;3;2;1200;1;1;1;7;7;48;;M;0.0;0.0;660
7908;201500008782;15;6;11;1745;1;1;1;1;1;53;;M;0.0;0.0;660
7909;201500008783;15;8;11;200;3;1;1;1;6;16;;M;4247761.0;313926.0;660
7910;201500008784;15;11;20;1030;1;1;1;1;2;148;;M;0.0;0.0;660
7911;201500008786;15;1;22;1030;1;2;2;1;6;124;61 avenue Emmanuel Brous;M;0.0;0.0;660
7912;201500008787;15;3;1;1745;2;1;1;8;1;105;;M;0.0;0.0;660
7913;201500008788;15;5;24;2000;1;1;1;1;6;82;;M;0.0;0.0;660
7914;201500008789;15;8;18;1000;1;1;1;2;1;192;;M;0.0;0.0;660
7915;201500008790;15;5;23;1015;1;1;1;1;3;27;;M;0.0;0.0;660
7916;201500008791;15;6;2;2030;1;2;1;1;6;23;cami real;M;0.0;0.0;660
7917;201500008792;15;7;3;1345;1;2;1;1;6;88;Avenue Pasteur;M;0.0;0.0;660
7918;201500008793;15;11;30;945;1;1;2;1;1;165;;M;0.0;0.0;660
7919;201500008795;15;3;16;1830;3;2;1;2;7;130;RD55 bld bozzi porticcio;M;4190469.0;881435.0;201
7920;201500008796;15;11;30;1100;1;2;1;1;6;228;boulevard bozzi;M;4189996.0;881056.0;201
7921;201500008797;15;5;13;745;1;1;1;1;3;209;;M;0.0;0.0;201
7922;201500008798;15;6;19;1300;1;1;3;1;3;271;;M;4195842.0;880337.0;201
7923;201500008799;15;6;21;1800;1;1;1;3;1;40;;M;4210700.0;910500.0;201
7924;201500008800;15;7;6;930;1;1;1;1;2;271;;M;4195269.0;880332.0;201
7925;201500008801;15;7;24;1815;1;1;1;1;6;271;;M;4198346.0;884061.0;201
7926;201500008802;15;8;3;1030;1;1;9;7;3;271;;M;4195677.0;879952.0;201
7927;201500008803;15;9;28;400;3;1;1;1;7;17;;M;4201452.0;873357.0;201
7928;201500008804;15;10;3;1045;1;1;1;1;1;271;pratu tondu;M;4198759.0;884294.0;201
7929;201500008805;15;11;7;1215;1;1;1;1;1;323;;M;4201317.0;888400.0;201
7930;201500008806;15;11;11;1645;1;1;1;1;1;6;;M;4197170.0;877927.0;201
7931;201500008807;15;11;23;1030;1;2;1;1;5;209;RT 20;M;4201800.0;887200.0;201
7932;201500008808;15;12;26;1400;1;1;1;1;1;62;;M;4202800.0;891700.0;201
7933;201500008809;15;6;22;1900;1;1;1;1;6;212;;M;4222225.0;863720.0;201
7934;201500008810;15;9;22;1000;1;1;1;1;1;212;;M;4225882.0;867681.0;201
7935;201500008811;15;5;12;1915;1;2;1;1;7;215;RT40, route de Sartène,;M;0.0;0.0;201
7936;201500008812;15;8;29;300;3;1;1;1;7;163;;M;4150790.0;902284.0;201
7937;201500008813;15;9;10;930;1;2;1;1;6;41;rue Paul Sauveur Etienne;M;4138803.0;915904.0;201
7938;201500008814;15;10;9;1900;3;1;1;3;7;163;;M;0.0;0.0;201
7939;201500008815;15;10;10;1445;1;1;1;2;1;114;;M;4149295.0;908011.0;201
7940;201500008816;15;12;22;1430;1;2;1;1;6;247;RUE DU MARECHAL LECLERC;M;0.0;0.0;201
7941;201500008817;15;1;11;600;3;1;1;1;2;247;;M;0.0;0.0;201
7942;201500008818;15;1;23;2100;1;1;1;1;2;247;;M;4160246.0;926818.0;201
7943;201500008819;15;2;12;1900;1;1;1;1;1;247;;M;4159761.0;932322.0;201
7944;201500008820;15;2;19;830;1;1;1;1;6;247;;M;4159987.0;920655.0;201
7945;201500008821;15;3;29;1430;1;2;2;1;1;247;porto vecchio;M;4160211.0;927874.0;201
7946;201500008822;15;5;1;2145;5;2;1;1;6;247;Rue René Biancarelli;M;4160344.0;927528.0;201
7947;201500008823;15;5;11;1730;1;1;1;1;1;247;;M;4157986.0;925152.0;201
7948;201500008824;15;6;30;430;3;1;1;1;2;247;;M;4152083.0;925949.0;201
7949;201500008825;15;7;18;1030;1;1;1;1;3;288;;M;4155132.0;921272.0;201
7950;201500008828;15;8;30;2345;3;2;1;1;7;247;;M;4159232.0;928052.0;201
7951;201500008829;15;9;27;245;5;2;4;1;1;247;rue du Maréchal Juin;M;4158039.0;927542.0;201
7952;201500008830;15;10;1;1515;1;1;1;1;1;247;;M;4159374.0;926277.0;201
7953;201500008831;15;10;8;1915;5;2;1;1;1;247;rue Henri Freynet;M;4159886.0;927787.0;201
7954;201500008835;15;7;21;1215;1;1;1;1;2;272;;M;0.0;0.0;201
7955;201500008836;15;9;17;1830;1;1;1;1;3;35;;M;0.0;0.0;201
7956;201500008837;15;6;6;1300;1;1;1;1;1;24;;M;4176833.0;905431.0;201
7957;201500008839;15;1;23;1700;1;1;1;1;1;189;;M;4170610.0;883216.0;201
7958;201500008840;15;2;13;1530;1;2;1;1;2;249;d19a;M;4167775.0;891278.0;201
7959;201500008841;15;11;27;730;1;2;1;1;6;272;avenue Jean Jaures;M;4162213.0;897136.0;201
7960;201500008842;15;11;27;1730;3;1;1;1;6;189;;M;4168987.0;891890.0;201
7961;201500008843;15;3;8;1145;1;1;1;1;1;148;;M;0.0;0.0;202
7962;201500008844;15;4;9;1215;1;2;1;1;1;42;D107 CORDON LAGUNAIRE;M;0.0;0.0;202
7963;201500008845;15;5;5;1445;1;1;1;1;2;148;;M;0.0;0.0;202
7964;201500008846;15;5;18;700;2;1;1;1;1;355;;M;0.0;0.0;202
7965;201500008847;15;5;29;15;3;1;3;1;3;42;;M;0.0;0.0;202
7966;201500008848;15;8;5;1900;1;1;1;1;6;148;;M;0.0;0.0;202
7967;201500008849;15;8;21;1030;1;1;1;1;3;148;;M;0.0;0.0;202
7968;201500008850;15;9;27;1345;1;2;1;1;1;350;Funtanone;M;0.0;0.0;202
7969;201500008851;15;10;1;700;2;1;1;2;1;355;;M;0.0;0.0;202
7970;201500008852;15;10;3;1015;1;1;1;1;6;355;;M;0.0;0.0;202
7971;201500008853;15;10;22;1100;1;1;1;1;6;42;;M;0.0;0.0;202
7972;201500008854;15;10;24;1345;1;2;1;1;3;148;600 RN 193;M;0.0;0.0;202
7973;201500008855;15;11;1;1300;1;1;1;1;1;148;;M;0.0;0.0;202
7974;201500008856;15;11;24;1100;1;1;1;1;3;350;;M;0.0;0.0;202
7975;201500008857;15;11;28;1845;5;2;1;1;1;148;ROUTE DE L'AéROPORT;M;0.0;0.0;202
7976;201500008858;15;10;28;2330;5;2;1;8;1;305;pietranera;M;0.0;0.0;202
7977;201500008859;15;11;4;1730;5;2;1;8;6;305;Route du Cap-PIETRANERA;M;0.0;0.0;202
7978;201500008860;15;2;16;1200;1;2;1;3;6;109;LD SAN DANIELLO;M;0.0;0.0;202
7979;201500008861;15;5;21;1145;1;1;1;1;7;185;;M;4262400.0;934700.0;202
7980;201500008862;15;8;24;1045;1;2;1;1;7;298;D81, Citadelle;M;0.0;0.0;202
7981;201500008863;15;8;31;1630;1;2;1;1;3;298;route de calvi;M;0.0;0.0;202
7982;201500008864;15;9;11;2300;3;1;1;1;6;298;;M;0.0;0.0;202
7983;201500008865;15;12;14;1300;1;1;1;1;7;183;;M;0.0;0.0;202
7984;201500008866;15;12;24;1645;1;1;1;1;1;29;;M;0.0;0.0;202
7985;201500008867;15;4;14;1545;1;1;1;1;3;121;;M;4268600.0;812900.0;202
7986;201500008868;15;7;22;2100;2;2;1;1;6;50;pénétrante du port;M;4293800.0;826099.0;202
7987;201500008869;15;7;26;800;1;2;1;1;6;150;RT30;M;4295000.0;838299.0;202
7988;201500008870;15;8;9;1130;1;2;1;1;3;50;avenue Christophe Colomb;M;0.0;0.0;202
7989;201500008872;15;6;19;930;1;1;1;1;1;93;;M;0.0;0.0;202
7990;201500008873;15;6;25;1215;1;1;1;1;5;93;;M;0.0;0.0;202
7991;201500008874;15;8;9;700;2;2;1;1;7;20;RT30 PK 15+830;M;0.0;0.0;202
7992;201500008875;15;12;4;1815;3;1;1;1;5;10;;M;4201100.0;844100.0;202
7993;201500008876;15;1;14;1300;1;1;1;1;6;201;;M;0.0;0.0;202
7994;201500008878;15;3;13;1600;1;1;1;1;1;96;;M;0.0;0.0;202
7995;201500008880;15;4;13;2045;3;1;1;1;1;96;;M;0.0;0.0;202
7996;201500008881;15;5;5;1830;1;2;1;1;6;96;Quartier Chabrières;M;0.0;0.0;202
7997;201500008882;15;5;11;1415;1;2;9;1;2;96;;M;0.0;0.0;202
7998;201500008883;15;5;11;2315;3;1;1;1;7;96;;M;0.0;0.0;202
7999;201500008884;15;6;16;800;1;2;1;1;6;96;RT 20 Route d'Aléria;M;0.0;0.0;202
8000;201500008885;15;7;11;1630;1;1;1;1;6;341;;M;0.0;0.0;202
8001;201500008886;15;8;3;1515;1;1;1;1;6;126;;M;0.0;0.0;202
8002;201500008887;15;8;6;645;1;2;1;1;7;96;RT50 - route ALERIA;M;0.0;0.0;202
8003;201500008889;15;9;15;1145;1;1;1;1;1;341;;M;0.0;0.0;202
8004;201500008890;15;9;19;1030;1;1;1;1;4;354;;M;0.0;0.0;202
8005;201500008891;15;9;29;1200;1;1;1;1;1;354;;M;4212000.0;913100.0;202
8006;201500008892;15;12;21;145;3;1;1;1;7;201;;M;0.0;0.0;202
8007;201500008893;15;6;3;1645;1;1;1;1;7;7;;M;0.0;0.0;202
8008;201500008894;15;8;14;1545;1;1;1;1;3;47;;M;0.0;0.0;202
8009;201500008895;15;12;14;1945;3;1;1;1;6;73;;M;0.0;0.0;202
8010;201500008896;15;2;6;600;3;1;1;3;7;220;;M;0.0;0.0;202
8011;201500008897;15;2;16;1200;1;1;1;3;7;136;;M;0.0;0.0;202
8012;201500008898;15;3;14;1745;2;1;1;3;5;169;;M;0.0;0.0;202
8013;201500008899;15;3;18;600;2;1;1;2;1;79;;M;0.0;0.0;202
8014;201500008900;15;5;21;1400;1;1;1;1;3;193;;M;4235400.0;916800.0;202
8015;201500008901;15;5;25;1700;1;1;1;1;7;169;;M;4276000.0;935900.0;202
8016;201500008902;15;5;26;1500;1;1;1;1;1;59;;M;0.0;0.0;202
8017;201500008903;15;6;19;800;1;1;1;1;5;289;;M;0.0;0.0;202
8018;201500008904;15;7;21;2000;1;1;1;1;7;332;;M;0.0;0.0;202
8019;201500008905;15;8;17;1315;1;1;1;1;6;193;;M;0.0;0.0;202
8020;201500008906;15;8;28;45;3;1;1;1;7;332;;M;0.0;0.0;202
8021;201500008908;15;11;1;445;3;1;1;1;7;169;;M;0.0;0.0;202
8022;201500008909;15;1;6;1315;1;1;1;1;1;135;;M;0.0;0.0;202
8023;201500008910;15;1;25;1715;1;2;1;1;2;251;Lieu dit Casamozza;M;0.0;0.0;202
8024;201500008911;15;1;25;2115;3;1;1;1;6;342;;M;0.0;0.0;202
8025;201500008912;15;3;10;1200;1;2;1;1;2;123;avenue du 9 septembre;M;0.0;0.0;202
8026;201500008913;15;4;8;1715;1;2;1;1;5;342;Travo;M;0.0;0.0;202
8027;201500008914;15;8;2;15;5;2;9;1;1;251;Morta;M;0.0;0.0;202
8028;201500008915;15;8;31;815;1;1;1;1;1;342;;M;0.0;0.0;202
8029;201500008916;15;9;3;1430;1;1;1;1;7;123;;M;0.0;0.0;202
8030;201500008917;15;6;29;1345;1;1;1;1;1;87;;M;0.0;0.0;202
8031;201500008918;15;7;17;315;5;2;1;1;3;307;PUNTICCHIU;M;0.0;0.0;202
8032;201500008919;15;8;8;830;1;1;1;1;7;303;;M;0.0;0.0;202
8033;201500008920;15;10;20;1215;1;1;1;1;7;87;;M;0.0;0.0;202
8034;201500008921;15;11;10;1300;1;1;1;1;6;347;;M;0.0;0.0;202
8035;201500008922;15;3;4;1915;2;1;6;2;6;242;;M;0.0;0.0;202
8036;201500008923;15;6;18;1845;1;2;9;1;6;207;parking Hyper U;M;0.0;0.0;202
8037;201500008924;15;6;25;1845;1;2;6;1;6;207;rue des muriers;M;0.0;0.0;202
8038;201500008925;15;8;15;1100;1;1;1;1;3;318;;M;0.0;0.0;202
8039;201500008926;15;10;8;1430;1;2;1;1;6;319;Lieu dit Valle Longhe;M;0.0;0.0;202
8040;201500008927;15;10;22;1645;1;1;1;1;1;343;;M;0.0;0.0;202
8041;201500008928;15;12;16;1030;1;1;1;1;1;318;;M;0.0;0.0;202
8042;201500008929;15;3;16;1900;2;1;1;1;7;23;;M;4490976.0;666503.0;50
8043;201500008930;15;1;20;215;5;2;1;4;6;23;21, GRENOBLE (ROUTE DE);M;4490545.0;663555.0;50
8044;201500008931;15;1;30;727;2;1;1;4;1;23;GAP (ROUTE DE   RN94;M;4489246.0;662940.0;50
8045;201500008932;15;5;24;1225;1;2;4;1;3;23;PUY ST PIERRE (ROUTE DE);M;4489281.0;662867.0;50
8046;201500008934;15;6;17;1550;1;2;3;1;3;23;MOULIN (RUE JEAN);M;4489108.0;662901.0;50
8047;201500008935;15;7;5;900;1;2;6;1;6;23;4, REPUBLIQUE (AVENUE DE;M;4489665.0;663479.0;50
8048;201500008936;15;7;8;1447;1;2;9;1;2;23;SAVOIE (AVENUE DE);M;4490365.0;662851.0;50
8049;201500008937;15;7;8;1010;1;1;3;1;6;23;FONTENIL (ROUTE DU);M;4490176.0;664609.0;50
8050;201500008938;15;9;28;1315;1;2;3;1;3;23;44, LIBERATION (AVENUE D;M;4490060.0;664066.0;50
8051;201500008939;15;11;1;1630;1;2;4;1;3;23;GRENOBLE (ROUTE DE);M;4491655.0;662239.0;50
8052;201500008940;15;10;30;1150;1;2;1;1;6;23;DE GAULLE (AVENUE DU GEN;M;4489566.0;663299.0;50
8053;201500008941;15;12;14;1400;1;2;6;1;6;23;PASTEUR (RUE);M;4489490.0;663666.0;50
8054;201500008942;15;12;29;1725;2;2;1;1;3;23;SAVOIE (AVENUE DE);M;4490843.0;662705.0;50
8055;201500008943;15;3;15;1445;1;2;1;1;2;61;EMILE DIDIER ( AV );M;4456484.0;609082.0;50
8056;201500008944;15;3;19;1150;1;1;2;1;3;61;MARSEILLE ( ROUTE );M;4450376.0;604382.0;50
8057;201500008945;15;4;3;1700;1;2;4;1;3;61;GEORGES POMPIDOU ( BD);M;4455488.0;607554.0;50
8058;201500008946;15;4;28;1730;1;2;1;1;6;61;PARKING POSTE AL DAUDET;M;4454890.0;606511.0;50
8059;201500008947;15;5;11;1235;1;1;1;1;1;61;RN 94;M;4457479.0;611089.0;50
8060;201500008948;15;5;11;1715;1;2;1;1;3;61;BURE (AVENUE DE );M;4456946.0;608657.0;50
8061;201500008949;15;5;13;1110;1;2;1;1;2;61;CHARLES AUROUZE ( RUE );M;4456471.0;607902.0;50
8062;201500008950;15;5;20;1105;1;2;1;1;6;61;JEAN JAURES ( AVENUE );M;4455626.0;607631.0;50
8063;201500008951;15;6;4;1300;1;2;2;1;3;61;GEORGES POMPIDOU ( BD);M;4455999.0;608441.0;50
8064;201500008952;15;6;22;25;3;1;1;1;7;61;Route de Colombis;M;4452643.0;608993.0;50
8065;201500008953;15;6;27;1129;1;2;3;1;3;61;RUE ALPHONSE DAUDET;M;4454975.0;606517.0;50
8066;201500008954;15;7;10;1300;1;2;1;1;6;61;GARE ( AVENUE DE LA );M;4456311.0;608618.0;50
8067;201500008955;15;8;5;1600;1;1;1;1;3;61;RN 85;M;4459491.0;608064.0;50
8068;201500008956;15;9;11;1710;1;2;1;1;6;61;COMMANDANT DUMONT ( AVEN;M;4456270.0;608392.0;50
8069;201500008957;15;9;18;1425;1;2;1;1;1;61;EYSSAGNIERES ( ROUTE DES;M;4454485.0;605333.0;50
8070;201500008958;15;9;18;1735;1;2;2;1;3;61;GEORGES POMPIDOU ( BD);M;4455982.0;608435.0;50
8071;201500008959;15;9;2;1525;1;2;1;1;6;61;FAUVINS ( ROUTE  DES );M;4456352.0;609149.0;50
8072;201500008960;15;10;1;2010;5;2;3;1;3;61;EMBRUN ( AVENUE D');M;4456856.0;609992.0;50
8073;201500008961;15;10;10;1640;1;2;6;1;3;61;EYSSAGNIERES ( ROUTE DES;M;4454524.0;605344.0;50
8074;201500008962;15;11;10;1822;2;2;4;1;6;61;VALSERRES ( RUE DE );M;4454432.0;608818.0;50
8075;201500008963;15;11;6;1610;1;2;1;1;3;61;DESCENTE ( ROUTE DE LA );M;4457615.0;608257.0;50
8076;201500008964;15;11;18;756;2;2;3;1;3;61;COMMANDANT DUMONT ( AVEN;M;4456874.0;608328.0;50
8077;201500008966;15;12;4;1820;2;2;3;1;3;61;EYSSAGNIERES ( ROUTE DES;M;4454827.0;605458.0;50
8078;201500008967;15;12;24;119;5;2;6;1;5;61;RN 85;M;4456205.0;608391.0;50
8079;201500008968;15;12;28;1737;3;1;1;1;5;61;RN 85;M;4451765.0;605175.0;50
8080;201500008969;15;1;7;2010;5;2;1;1;6;61;EMILE DIDIER ( AV );M;4456416.0;608919.0;50
8081;201500008970;15;2;7;1618;1;2;1;1;6;61;SILOS ( RUE DES );M;4456679.0;608951.0;50
8082;201500008971;15;3;5;1630;1;2;1;1;4;61;JEAN JAURES ( AVENUE );M;4454960.0;606818.0;50
8083;201500008972;15;3;9;1700;1;2;6;1;3;61;FRANCOIS MITTERAND (AVEN;M;4454565.0;606315.0;50
8084;201500008973;15;3;11;1703;1;2;1;1;6;61;GUILLAUME FAREL ( AVENUE;M;4455991.0;607539.0;50
8085;201500008974;15;12;15;1845;3;1;1;3;7;291;;M;0.0;0.0;780
8086;201500008975;15;4;12;1830;1;2;1;1;6;255;rue du dauphiné;M;0.0;0.0;780
8087;201500008976;15;4;20;2015;1;1;1;1;3;147;;M;4903600.0;183200.0;780
8088;201500008977;15;7;19;700;2;2;1;1;6;255;Rue des Coutumes;M;0.0;0.0;780
8089;201500008978;15;8;21;1745;1;2;1;1;3;89;Rue Edgar Degas;M;0.0;0.0;780
8090;201500008979;15;9;26;830;1;2;1;1;6;89;Rue Valère Haegeman;M;0.0;0.0;780
8091;201500008980;15;10;12;1530;1;1;1;1;6;147;;M;0.0;0.0;780
8092;201500008981;15;12;24;1145;1;2;1;8;7;89;Rue Pasteur;M;0.0;0.0;780
8093;201500008982;15;1;2;1745;3;1;1;1;1;107;;M;0.0;0.0;780
8094;201500008985;15;12;6;30;5;2;1;1;6;413;7 route nationale;M;4890700.0;155100.0;780
8095;201500008986;15;1;13;700;3;1;1;1;3;202;;M;4905100.0;175500.0;780
8096;201500008988;15;8;7;2315;3;1;1;1;6;202;;M;0.0;0.0;780
8097;201500008989;15;10;16;830;1;1;1;1;5;246;;M;0.0;0.0;780
8098;201500008990;15;3;25;1600;1;1;1;1;2;90;;M;0.0;0.0;780
8099;201500008991;15;5;25;1715;1;2;1;1;6;90;Rue Saulnier;M;0.0;0.0;780
8100;201500008992;15;6;4;1815;1;1;3;1;1;90;;M;0.0;0.0;780
8101;201500008993;15;6;15;800;1;1;3;1;3;206;;M;0.0;0.0;780
8102;201500008995;15;10;10;2000;5;2;2;1;3;206;rue de la république;M;0.0;0.0;780
8103;201500008996;15;1;9;1500;1;2;1;7;3;263;Avenue de Neuville;M;4877700.0;167900.0;780
8104;201500008997;15;3;2;1815;1;1;1;1;3;263;;M;0.0;0.0;780
8105;201500008998;15;3;27;615;2;1;1;1;1;520;;M;0.0;0.0;780
8106;201500008999;15;4;28;1130;1;2;1;1;6;310;64 rue de paris;M;0.0;0.0;780
8107;201500009000;15;5;16;1745;1;1;1;1;6;263;;M;0.0;0.0;780
8108;201500009001;15;7;1;1300;1;2;1;1;2;310;06 ROUTE DE BU;M;0.0;0.0;780
8109;201500009002;15;7;15;2215;3;1;1;1;6;381;;M;0.0;0.0;780
8110;201500009003;15;8;4;1915;1;1;1;7;7;310;;M;0.0;0.0;780
8111;201500009005;15;12;17;1200;1;1;1;1;2;381;;M;0.0;0.0;780
8112;201500009006;15;1;25;1100;1;2;1;1;3;380;chaussee saint vincent;M;0.0;0.0;780
8113;201500009007;15;8;26;2030;2;1;1;2;7;305;;M;0.0;0.0;780
8114;201500009008;15;9;30;1300;1;1;1;1;5;368;;M;0.0;0.0;780
8115;201500009009;15;10;3;1100;1;2;1;7;6;380;Chaussee saint vincent;M;0.0;0.0;780
8116;201500009010;15;12;8;1830;5;2;1;2;1;451;68 rue Saint-Blaise;M;0.0;0.0;780
8117;201500009011;15;1;5;145;4;2;1;5;6;557;RD 906;M;0.0;0.0;780
8118;201500009012;15;10;9;1800;1;1;1;1;6;307;;M;0.0;0.0;780
8119;201500009013;15;8;3;830;1;1;1;1;6;3;;M;4851100.0;182600.0;780
8120;201500009014;15;12;7;1200;1;1;1;1;1;506;;M;4851500.0;179600.0;780
8121;201500009015;15;7;21;1915;1;2;1;1;2;575;av Guy de Coubertin;M;0.0;0.0;780
8122;201500009016;15;10;28;1345;1;2;1;1;2;575;route de versaill;M;4870800.0;207700.0;780
8123;201500009017;15;10;31;1315;1;1;1;1;1;548;;M;0.0;0.0;780
8124;201500009018;15;11;15;1530;1;1;1;1;5;548;;M;0.0;0.0;780
8125;201500009019;15;11;28;1130;1;2;1;1;3;575;RUE VICTOR HUGO;M;0.0;0.0;780
8126;201500009020;15;1;4;515;5;2;1;1;6;389;48 rue L?on cr?t?;M;4879700.0;181300.0;780
8127;201500009021;15;5;25;1745;1;1;9;1;2;443;;M;4881100.0;186700.0;780
8128;201500009022;15;9;19;2030;3;1;1;1;1;289;;M;0.0;0.0;780