;Num_Acc;an;mois;jour;hrmn;lum;agg;int;atm;col;com;adr;gps;lat;long;dep
8129;201500009023;15;10;6;1530;1;1;1;1;1;389;;M;4880500.0;184100.0;780
8130;201500009024;15;10;9;715;5;2;1;1;1;389;30 avenue Léon Creté;M;4879100.0;181300.0;780
8131;201500009025;15;11;4;1430;1;1;1;1;1;443;;M;4881400.0;187800.0;780
8132;201500009026;15;11;2;715;2;1;1;5;4;389;;M;4880600.0;181600.0;780
8133;201500009027;15;12;23;1100;1;2;1;1;6;653;CD76;M;4882300.0;181800.0;780
8134;201500009028;15;12;22;1000;1;1;1;1;1;576;;M;4876000.0;188200.0;780
8135;201500009030;15;11;4;1815;3;1;1;1;3;321;;M;0.0;0.0;780
8136;201500009032;15;12;10;1230;1;2;1;8;6;683;route de saint germain;M;0.0;0.0;780
8137;201500009033;15;4;4;1000;1;1;1;1;1;349;;M;4855700.0;198500.0;780
8138;201500009034;15;4;18;1200;1;1;1;1;7;537;;M;0.0;0.0;780
8139;201500009036;15;7;7;1830;1;1;1;1;1;120;;M;0.0;0.0;780
8140;201500009037;15;7;20;2100;1;1;1;1;7;601;;M;0.0;0.0;780
8141;201500009039;15;8;31;1745;1;1;1;1;7;120;;M;0.0;0.0;780
8142;201500009040;15;11;18;1500;1;1;1;8;2;601;;M;0.0;0.0;780
8143;201500009041;15;12;4;1315;1;1;1;1;1;87;;M;0.0;0.0;780
8144;201500009042;15;7;23;1315;1;2;6;1;3;235;RD 445;M;0.0;0.0;910
8145;201500009043;15;1;1;100;5;2;1;1;6;659;route de Villoison;M;0.0;0.0;910
8146;201500009044;15;5;16;1130;1;1;1;8;2;179;RN 7;M;4857600.0;248000.0;910
8147;201500009045;15;10;15;1130;1;2;1;2;6;659;rue des 44 arpents;M;0.0;0.0;910
8148;201500009046;15;3;6;1845;1;1;9;1;5;359;RD 837;M;0.0;0.0;910
8149;201500009048;15;3;25;745;1;2;6;1;2;200;RD116 - RD5;M;4852800.0;200300.0;910
8150;201500009049;15;11;9;815;1;2;1;1;5;200;avenue du 14 juillet 178;M;0.0;0.0;910
8151;201500009050;15;12;21;1700;3;1;6;2;6;200;RD836;M;0.0;0.0;910
8152;201500009051;15;7;28;2045;1;2;1;1;3;226;rue du moulin Ã  vent;M;0.0;0.0;910
8153;201500009052;15;8;13;115;5;2;1;1;6;330;route de torfou;M;4853200.0;226600.0;910
8154;201500009053;15;8;28;530;2;2;1;1;3;226;31 bis avenue d'orleans;M;0.0;0.0;910
8155;201500009054;15;9;30;1715;1;1;1;7;6;226;RD146;M;0.0;0.0;910
8156;201500009055;15;6;6;1630;1;1;1;1;6;99;RD205;M;4842800.0;238400.0;910
8157;201500009056;15;6;17;1900;1;2;1;1;3;315;151 route de saint vrain;M;4853400.0;234100.0;910
8158;201500009057;15;8;2;145;3;1;1;1;3;80;RD 191;M;4847800.0;230200.0;910
8159;201500009058;15;8;10;900;1;1;1;1;1;129;RD 191;M;0.0;0.0;910
8160;201500009059;15;9;29;1600;1;1;1;1;7;47;RD191;M;4850300.0;237000.0;910
8161;201500009060;15;7;15;2200;2;1;1;1;2;16;RN20;M;0.0;0.0;910
8162;201500009061;15;7;28;2115;3;1;1;2;6;16;RD838;M;0.0;0.0;910
8163;201500009062;15;8;4;1630;1;1;1;1;1;511;10, rue Etienne Laurent;M;0.0;0.0;910
8164;201500009063;15;9;25;2030;2;1;1;1;6;414;RD 18;M;0.0;0.0;910
8165;201500009064;15;3;18;745;1;2;2;1;5;546;rue de dourdan;M;0.0;0.0;910
8166;201500009066;15;4;7;900;1;1;1;1;2;156;RD 449;M;0.0;0.0;910
8167;201500009067;15;4;26;1745;1;1;1;2;3;41;RD 19;M;4857700.0;223600.0;910
8168;201500009069;15;6;12;745;1;1;1;1;3;156;RD 449;M;0.0;0.0;910
8169;201500009070;15;12;21;915;1;2;1;1;6;207;24 avenue d'Arpajon;M;0.0;0.0;910
8170;201500009072;15;6;22;1800;1;2;6;2;3;332;RD 117;M;0.0;0.0;910
8171;201500009073;15;7;25;1745;1;1;6;1;3;494;RD19;M;0.0;0.0;910
8172;201500009074;15;11;26;1845;5;2;1;8;6;376;01 RUE DE LA GARE;M;0.0;0.0;910
8173;201500009076;15;1;29;745;2;1;1;2;1;249;RD988;M;4863400.0;204700.0;910
8174;201500009077;15;3;3;715;1;1;2;1;1;249;RD838;M;0.0;0.0;910
8175;201500009078;15;2;22;430;3;1;1;9;7;249;RD838;M;0.0;0.0;910
8176;201500009079;15;3;5;1930;3;1;1;1;1;243;RD 97;M;4867700.0;208999.0;910
8177;201500009080;15;3;16;630;2;1;1;1;6;249;RD838;M;0.0;0.0;910
8178;201500009081;15;5;2;1815;1;1;1;3;3;338;RD988;M;4863600.0;205500.0;910
8179;201500009082;15;5;22;1315;1;1;1;1;6;186;RD 152;M;0.0;0.0;910
8180;201500009083;15;6;4;2015;1;1;1;1;1;186;R des étangs de Cocagne;M;0.0;0.0;910
8181;201500009084;15;6;11;1;3;1;1;1;3;249;A10;M;0.0;0.0;910
8182;201500009085;15;6;19;900;1;1;1;1;2;249;RD 152;M;4864100.0;210400.0;910
8183;201500009086;15;6;25;800;2;2;1;1;3;338;rue du vieux pavé;M;0.0;0.0;910
8184;201500009087;15;6;26;545;2;1;1;1;3;243;RD3;M;4862900.0;217300.0;910
8185;201500009088;15;6;28;530;2;2;6;1;6;338;PLACE ARISTIDE BRIAND;M;0.0;0.0;910
8186;201500009089;15;7;8;1730;1;1;1;8;1;482;;M;0.0;0.0;910
8187;201500009090;15;7;18;1800;1;1;1;1;3;411;RD988;M;0.0;0.0;910
8188;201500009091;15;8;22;1030;1;2;6;1;2;111;intersection D97 / D131;M;0.0;0.0;910
8189;201500009092;15;8;27;845;1;1;1;3;6;338;RD 988;M;4863500.0;205500.0;910
8190;201500009093;15;9;11;1515;1;1;1;1;3;338;RD838;M;4863300.0;208100.0;910
8191;201500009094;15;9;21;1730;1;1;1;1;2;338;RD 988;M;4866000.0;207900.0;910
8192;201500009095;15;9;26;1245;1;1;1;1;7;482;Voie communale n°3;M;4864290.0;202962.0;910
8193;201500009096;15;10;3;1200;1;1;1;1;1;338;RD988;M;4863300.0;204599.0;910
8194;201500009097;15;10;9;1215;1;1;1;1;3;249;Rue de la Rombarde;M;0.0;0.0;910
8195;201500009099;15;10;22;1345;1;1;3;2;3;338;RD988;M;0.0;0.0;910
8196;201500009100;15;11;7;1515;1;1;1;1;2;249;RD838;M;0.0;0.0;910
8197;201500009101;15;11;12;845;1;2;1;5;2;319;5 rue des genevriers;M;0.0;0.0;910
8198;201500009102;15;11;30;1800;1;1;6;1;2;338;RD988;M;4865600.0;207399.0;910
8199;201500009103;15;12;18;1730;5;2;1;2;6;243;3 allée des marroniers;M;0.0;0.0;910
8200;201500009104;15;4;30;1800;1;2;9;2;3;44;RTE GRANGE AUX CERCLES;M;0.0;0.0;910
8201;201500009105;15;5;12;2245;3;1;1;1;3;44;RD 186 - au-dessus N20;M;0.0;0.0;910
8202;201500009106;15;10;25;115;5;2;1;2;6;587;53 rue div leclerc;M;0.0;0.0;910
8203;201500009107;15;1;21;145;4;1;6;1;6;534;RD306;M;4872400.0;215100.0;910
8204;201500009108;15;4;16;930;1;1;1;1;2;534;RD 446;M;0.0;0.0;910
8205;201500009109;15;4;17;1230;1;2;1;1;3;534;RD 36;M;0.0;0.0;910
8206;201500009110;15;6;11;1500;1;1;1;1;2;477;RD 36;M;0.0;0.0;910
8207;201500009111;15;7;12;1130;1;1;3;1;3;534;RD446 / R CURIE;M;4876100.0;217300.0;910
8208;201500009112;15;1;3;1800;2;2;1;2;5;272;route de belle image;M;4871400.0;212700.0;910
8209;201500009113;15;2;7;2300;5;2;6;1;6;272;allée ferme d'Armenon;M;0.0;0.0;910
8210;201500009114;15;4;21;1700;1;1;3;1;3;274;RD 40;M;4867800.0;209800.0;910
8211;201500009115;15;5;6;1245;1;1;1;1;6;274;entrée tunnel nord;M;4868000.0;212800.0;910
8212;201500009116;15;5;9;1600;1;1;9;1;3;560;parking CC les Ulis 2;M;0.0;0.0;910
8213;201500009117;15;6;11;1315;1;2;1;1;6;275;RD 988;M;0.0;0.0;910
8214;201500009118;15;6;22;1730;1;1;1;3;4;679;RD 36;M;4873400.0;212300.0;910
8215;201500009119;15;9;12;1830;1;1;6;3;6;560;RD 35;M;4867900.0;216800.0;910
8216;201500009120;15;9;27;945;1;2;1;1;3;272;route de la Vacheresse;M;0.0;0.0;910
8217;201500009121;15;10;9;930;1;2;1;7;1;272;2 route de la Noue;M;4870600.0;210200.0;910
8218;201500009122;15;12;21;700;3;2;1;1;6;538;route de l'orme des meri;M;0.0;0.0;910
8219;201500009123;15;12;24;1930;3;1;1;2;6;538;RD306;M;0.0;0.0;910
8220;201500009124;15;7;10;1230;1;1;1;1;6;141;RD 14;M;4914270.0;180870.0;950
8221;201500009125;15;8;31;1215;1;1;1;1;7;523;RTE DES CRETES;M;4908630.0;164110.0;950
8222;201500009126;15;10;21;2130;3;1;1;2;6;676;RTE DE DROCOURT;M;4908150.0;173650.0;950
8223;201500009127;15;12;18;1945;3;1;1;2;6;150;RTE DE VILLERS;M;4913250.0;167850.0;950
8224;201500009128;15;12;27;600;5;2;1;1;1;355;R DE CROSNE;M;4915080.0;178770.0;950
8225;201500009130;15;3;29;800;2;1;1;2;6;177;RD 190;M;4912230.0;202020.0;950
8226;201500009131;15;6;17;1215;1;1;2;1;3;102;RD 22;M;4915880.0;204710.0;950
8227;201500009132;15;1;3;1900;3;1;1;1;1;78;RD 22;M;4908250.0;204240.0;950
8228;201500009134;15;9;20;1415;1;1;1;1;3;177;RD 190;M;4911020.0;200030.0;950
8229;201500009135;15;10;16;500;3;1;1;2;6;213;RD 22;M;4911120.0;205530.0;950
8230;201500009136;15;12;11;2345;3;1;1;1;1;54;RD 43;M;4914760.0;188610.0;950
8231;201500009137;15;3;10;1615;1;2;1;1;6;39;R RAJON;M;4907390.0;218510.0;950
8232;201500009138;15;4;18;1945;1;2;1;1;3;628;R GEORGES DUHAMEL;M;4910220.0;218210.0;950
8233;201500009139;15;4;26;2000;1;2;1;2;6;39;R ROGER;M;4907090.0;216390.0;950
8234;201500009140;15;5;16;1930;2;1;1;1;6;39;CHE DE L'ISLE;M;4909610.0;215870.0;950
8235;201500009141;15;7;6;2115;2;1;1;1;1;627;RD 927;M;4913250.0;211390.0;950
8236;201500009142;15;11;1;1430;1;1;2;1;5;211;RD 27;M;4908530.0;210270.0;950
8237;201500009143;15;1;11;1745;2;2;1;1;6;2;R LOUIS PASTEUR;M;4909350.0;197750.0;950
8238;201500009145;15;2;15;130;5;2;1;1;6;625;R ADRIEN FETU;M;4909920.0;196450.0;950
8239;201500009146;15;2;21;515;3;1;1;5;1;2;RD 28;M;4907280.0;196730.0;950
8240;201500009147;15;4;26;2030;1;1;1;2;6;610;RD 14;M;4908750.0;191650.0;950
8241;201500009148;15;4;27;1645;1;1;1;1;4;658;RD 14;M;4907970.0;193880.0;950
8242;201500009149;15;5;26;730;1;1;1;1;1;253;RD 43;M;4906040.0;187530.0;950
8243;201500009150;15;5;28;1700;1;1;1;1;7;2;R HENRI GUILLAUMET;M;4909230.0;198480.0;950
8244;201500009151;15;7;8;1800;1;1;1;1;7;535;RD 14;M;4906550.0;197640.0;950
8245;201500009152;15;12;17;745;2;1;1;1;5;170;RTE DE MEULAN;M;4904130.0;194550.0;950
8246;201500009153;15;5;24;1200;1;2;1;1;6;199;R DE SAVOIE;M;4903080.0;232510.0;950
8247;201500009154;15;6;4;1900;1;2;1;1;1;199;R DU CHEMIN VERT;M;4902710.0;233050.0;950
8248;201500009155;15;6;16;915;1;1;1;1;1;91;RUE LEON GIRAUDEAU;M;4904490.0;228750.0;950
8249;201500009156;15;7;23;1545;1;1;1;1;2;199;RD 11B1;M;4904260.0;233810.0;950
8250;201500009157;15;7;22;830;1;2;1;1;2;91;R FERDINAND DE LESSEPS;M;4904440.0;231970.0;950
8251;201500009158;15;11;7;1015;1;2;1;7;6;199;AV JEAN ROSTAND;M;4903910.0;233990.0;950
8252;201500009159;15;4;17;2115;3;1;1;1;4;492;RD 10;M;4903390.0;242720.0;950
8253;201500009160;15;5;2;1600;1;1;1;1;4;205;RD 316;M;4903530.0;239250.0;950
8254;201500009161;15;12;19;1145;1;2;1;1;2;205;RD316;M;4902520.0;238690.0;950
8255;201500009162;15;2;2;830;2;1;6;2;6;351;RD 317;M;4903010.0;249960.0;950
8256;201500009163;15;4;25;1630;1;2;1;1;3;351;AV DE LA VIEILLE FRANCE;M;4903960.0;250070.0;950
8257;201500009164;15;2;11;130;3;1;1;1;1;252;D619;M;4863240.0;269363.0;770
8258;201500009165;15;4;11;745;1;2;1;2;6;217;1,RUE DU MARECHAL JOFFRE;M;4868427.0;266649.0;770
8259;201500009166;15;4;18;1715;1;1;1;1;7;217;ROUTE DU MESNIL;M;4868783.0;265432.0;770
8260;201500009167;15;4;27;1815;1;1;3;1;3;455;D130;M;4860417.0;270038.0;770
8261;201500009168;15;5;4;1700;1;1;1;3;5;455;D471;M;4864205.0;268755.0;770
8262;201500009170;15;7;7;1130;1;1;1;1;1;127;D471;M;4868001.0;268875.0;770
8263;201500009172;15;9;13;2100;3;1;1;2;6;179;D227;M;4844794.0;279779.0;770
8264;201500009173;15;9;18;1800;1;1;1;1;3;354;;M;0.0;0.0;770
8265;201500009174;15;10;2;1745;1;1;1;1;1;354;;M;0.0;0.0;770
8266;201500009175;15;10;22;415;3;1;1;2;6;453;D605;M;4853045.0;274299.0;770
8267;201500009176;15;10;26;2345;3;1;1;5;6;103;;M;0.0;0.0;770
8268;201500009178;15;3;21;1430;1;1;2;1;3;534;D319XVC;M;4864730.0;277488.0;770
8269;201500009179;15;4;18;1830;1;2;1;7;3;493;rue de la gare;M;0.0;0.0;770
8270;201500009180;15;4;30;1845;1;1;1;3;6;7;D32;M;4865341.0;285089.0;770
8271;201500009181;15;8;22;1315;1;1;1;7;3;4;D619;M;4862217.0;283110.0;770
8272;201500009182;15;9;18;815;1;1;1;1;1;222;;M;0.0;0.0;770
8273;201500009183;15;11;10;815;1;2;1;1;6;493;rue  jules guesde;M;4864530.0;283043.0;770
8274;201500009184;15;11;20;2030;3;2;1;2;6;107;Av  du Général Leclerc;M;4867136.0;284629.0;770
8275;201500009185;15;12;12;1345;1;1;1;1;7;493;;M;4862190.0;283730.0;770
8276;201500009186;15;12;17;1815;3;1;1;1;1;107;;M;0.0;0.0;770
8277;201500009187;15;5;7;1845;1;2;1;1;1;317;rue de Bombon;M;4893700.0;246200.0;770
8278;201500009188;15;6;4;1400;1;1;1;1;7;211;D56;M;4857445.0;301202.0;770
8279;201500009189;15;8;5;1415;1;1;1;1;1;191;;M;4855610.0;292829.0;770
8280;201500009190;15;9;14;545;3;1;1;1;6;317;;M;0.0;0.0;770
8281;201500009192;15;4;24;2230;3;1;1;1;5;177;D21;M;4879723.0;272752.0;770
8282;201500009193;15;5;31;500;5;1;1;1;6;104;4 route de liverdy;M;4871054.0;280322.0;770
8283;201500009194;15;9;21;1845;1;1;1;1;1;470;;M;0.0;0.0;770
8284;201500009195;15;1;2;1930;5;1;3;1;1;128;D436 X D934;M;4888408.0;285540.0;770
8285;201500009196;15;7;31;530;2;1;1;1;1;141;;M;0.0;0.0;770
8286;201500009197;15;8;19;715;1;1;1;1;7;142;;M;4884570.0;294637.0;770
8287;201500009198;15;8;27;2230;3;1;1;3;6;142;;M;0.0;0.0;770
8288;201500009199;15;12;6;1800;5;1;1;1;7;49;;M;0.0;0.0;770
8289;201500009200;15;12;14;1730;5;2;9;1;6;443;rue de Meaux;M;0.0;0.0;770
8290;201500009201;15;3;8;1215;1;1;3;1;3;398;D222 X D6;M;4885970.0;328701.0;770
8291;201500009202;15;6;5;1715;1;1;1;1;2;385;D222;M;4885584.0;326939.0;770
8292;201500009203;15;7;10;1945;2;2;1;1;3;182;avenue des Etats-Unis;M;4878091.0;329918.0;770
8293;201500009204;15;7;16;1100;1;1;3;1;1;182;D215 X AERODROME;M;4876610.0;327887.0;770
8294;201500009206;15;10;25;15;3;1;1;1;7;398;D31;M;4886783.0;330045.0;770
8295;201500009207;15;11;16;115;5;1;1;1;6;406;;M;0.0;0.0;770
8296;201500009208;15;4;9;2200;5;1;1;1;3;448;RD 603;M;0.0;0.0;770
8297;201500009209;15;5;23;1215;1;2;1;1;3;183;Avenue Marcel PERRIN;M;4856900.0;321700.0;770
8298;201500009210;15;5;24;400;3;1;1;1;6;300;D19;M;4893665.0;298761.0;770
8299;201500009211;15;5;30;2145;2;1;1;1;6;265;;M;0.0;0.0;770
8300;201500009212;15;6;1;1715;1;1;1;1;6;78;D603;M;4899602.0;315378.0;770
8301;201500009213;15;6;1;2000;1;2;1;1;1;440;rue de metz;M;4857900.0;313800.0;770
8302;201500009214;15;7;11;800;1;1;1;1;1;401;D603;M;4901002.0;316496.0;770
8303;201500009215;15;8;26;1230;1;1;1;1;5;265;;M;0.0;0.0;770
8304;201500009216;15;10;10;1;5;2;1;1;6;183;boulevard Clemenceau;M;4894533.0;312603.0;770
8305;201500009218;15;11;2;1515;1;2;1;1;6;448;rue de la haute borne;M;4894460.0;311277.0;770
8306;201500009219;15;12;30;1815;3;1;1;1;3;219;;M;4883700.0;296842.0;770
8307;201500009220;15;4;19;1845;1;1;1;1;5;277;D143;M;4873052.0;289573.0;770
8308;201500009221;15;5;11;800;1;2;1;1;3;176;D216 RUE DES ORMES;M;4880015.0;299247.0;770
8309;201500009222;15;7;21;1800;1;1;1;1;5;508;;M;0.0;0.0;770
8310;201500009223;15;8;28;2330;3;1;2;1;3;144;;M;4876700.0;290000.0;770
8311;201500009224;15;8;29;1530;1;1;1;1;7;508;ROUTE DE PARIS;M;4881734.0;282048.0;770
8312;201500009225;15;9;8;2100;3;1;1;1;7;508;D231;M;4881980.0;284192.0;770
8313;201500009226;15;9;29;2130;3;1;3;1;3;318;D216 (SUD) X D231;M;4877622.0;289851.0;770
8314;201500009227;15;10;31;2000;3;1;1;1;3;318;;M;4877810.0;286572.0;770
8315;201500009228;15;12;26;330;3;1;1;1;2;144;D231;M;4877151.0;290761.0;770
8316;201500009229;15;3;28;1215;1;1;1;2;7;402;;M;0.0;0.0;770
8317;201500009230;15;9;16;1445;1;1;1;3;1;472;;M;0.0;0.0;770
8318;201500009231;15;10;6;730;3;1;1;3;7;402;;M;0.0;0.0;770
8319;201500009232;15;11;3;1600;1;2;2;1;3;411;rue des épochettes;M;4884657.0;315138.0;770
8320;201500009233;15;1;8;1700;2;1;1;2;6;31;RUE DE BERNAY-VILBERT;M;4868100.0;292926.0;770
8321;201500009234;15;1;26;1430;1;1;2;2;3;264;;M;4871380.0;296028.0;770
8322;201500009235;15;1;27;1045;1;1;1;2;2;192;;M;0.0;0.0;770
8323;201500009236;15;3;3;1000;1;1;2;1;1;192;D144 X D144A;M;4867904.0;283509.0;770
8324;201500009237;15;4;1;830;1;1;1;1;4;192;N36;M;4870989.0;283957.0;770
8325;201500009240;15;8;2;845;1;1;1;1;3;192;;M;0.0;0.0;770
8326;201500009241;15;9;19;330;3;1;1;2;2;486;;M;0.0;0.0;770
8327;201500009242;15;9;22;1945;2;2;1;2;7;486;Hameau le jariel;M;0.0;0.0;770
8328;201500009243;15;12;14;1715;3;1;1;1;7;393;N4;M;0.0;0.0;770
8329;201500009244;15;5;14;1930;1;2;2;1;1;178;D118A X RUE DE L'EGLISE;M;4823190.0;268456.0;770
8330;201500009246;15;4;26;1645;1;1;1;1;1;328;D152;M;4830724.0;244218.0;770
8331;201500009247;15;4;27;930;1;1;1;8;1;3;D36;M;4827113.0;252391.0;770
8332;201500009248;15;5;28;945;1;2;1;1;3;328;D63A1;M;4831081.0;241969.0;770
8333;201500009249;15;6;4;915;1;1;1;1;7;471;D410;M;4832841.0;244875.0;770
8334;201500009250;15;6;21;2130;1;1;1;1;2;60;;M;0.0;0.0;770
8335;201500009251;15;6;24;815;1;2;2;1;2;477;D152 X D63;M;4834304.0;260155.0;770
8336;201500009252;15;8;4;1830;1;1;1;1;4;477;;M;4833280.0;259127.0;770
8337;201500009253;15;1;17;1645;1;1;1;1;2;27;D403;M;4814410.0;248122.0;770
8338;201500009254;15;1;29;1930;3;1;1;2;7;340;;M;4829910.0;277013.0;770
8339;201500009255;15;1;15;900;1;1;1;1;6;35;D28;M;4822052.0;298910.0;770
8340;201500009256;15;4;4;815;1;1;1;8;6;370;D225;M;4824727.0;277464.0;770
8341;201500009257;15;4;18;1530;1;1;3;1;1;168;D58 X D30;M;4818099.0;285363.0;770
8342;201500009258;15;5;17;1515;1;1;1;1;7;161;;M;0.0;0.0;770
8343;201500009259;15;7;4;945;1;1;2;1;3;465;D92 X D123;M;4827404.0;293228.0;770
8344;201500009260;15;7;24;1930;1;1;1;1;2;261;;M;0.0;0.0;770
8345;201500009261;15;8;21;1615;1;2;1;1;6;184;2 rue tripier;M;4831243.0;291897.0;770
8346;201500009263;15;10;4;715;3;1;1;1;5;115;;M;0.0;0.0;770
8347;201500009264;15;10;27;1530;1;1;1;1;6;489;;M;4821300.0;296500.0;770
8348;201500009265;15;1;18;2145;3;1;1;1;1;153;D41B;M;4904608.0;268830.0;770
8349;201500009266;15;6;1;1400;1;1;1;1;1;153;;M;0.0;0.0;770
8350;201500009267;15;6;15;1015;1;1;9;1;2;392;N2 FIN VOIE ACCELERATION;M;4907697.0;272400.0;770
8351;201500009268;15;6;27;1400;1;2;7;1;6;153;PLACE DES PRIEURS;M;4905449.0;267711.0;770
8352;201500009269;15;7;21;1630;1;2;1;1;3;153;d404;M;0.0;0.0;770
8353;201500009270;15;8;10;1015;1;2;1;1;3;322;Avenue des 22 arpents;M;0.0;0.0;770
8354;201500009271;15;9;18;1630;1;2;1;2;6;323;D26 route de Paris;M;0.0;0.0;770
8355;201500009272;15;1;25;1900;3;1;2;1;3;94;RN 3  X RD 27(E/O);M;4895760.0;280186.0;770
8356;201500009273;15;2;14;1345;1;1;1;8;6;196;RN3;M;0.0;0.0;770
8357;201500009274;15;4;22;1445;1;1;1;1;5;171;;M;4888700.0;280400.0;770
8358;201500009275;15;4;27;1730;1;2;1;1;7;315;36 rue des Champs forts;M;4889017.0;282041.0;770
8359;201500009276;15;8;18;915;1;1;1;1;1;196;;M;0.0;0.0;770
8360;201500009277;15;10;9;2015;5;2;1;1;1;5;rue cecilia kellermann;M;4893020.0;271954.0;770
8361;201500009278;15;11;3;1630;1;1;1;1;1;5;D404;M;4891722.0;269780.0;770
8362;201500009279;15;12;2;1715;3;1;1;1;5;5;;M;0.0;0.0;770
8363;201500009280;15;12;23;1430;1;1;1;1;2;196;N3;M;0.0;0.0;770
8364;201500009281;15;12;31;700;2;1;1;1;1;382;;M;4889768.0;289070.0;770
8365;201500009282;15;2;5;1730;3;1;1;9;1;460;D3;M;4899549.0;306337.0;770
8366;201500009283;15;2;16;700;2;1;1;5;3;343;D17;M;4903728.0;306822.0;770
8367;201500009284;15;6;28;1100;1;1;1;1;1;476;;M;0.0;0.0;770
8368;201500009286;15;8;25;1745;1;1;1;2;1;283;D405;M;4908012.0;303071.0;770
8369;201500009287;15;9;20;600;2;1;1;1;6;483;;M;0.0;0.0;770
8370;201500009288;15;10;12;2115;5;2;3;1;1;257;avenue de la Gare;M;4902439.0;302793.0;770
8371;201500009289;15;12;17;1730;3;1;2;2;3;476;D146A3;M;4905897.0;296265.0;770
8372;201500009290;15;4;16;1600;1;1;1;1;1;430;D9E1;M;4908171.0;277201.0;770
8373;201500009291;15;5;1;2330;3;1;1;1;1;173;D401 LIEU-DIT BRUNOY;M;4903578.0;291934.0;770
8374;201500009292;15;6;20;1600;1;1;2;1;5;274;D38 X D401 BORNE BLANCHE;M;4903309.0;289668.0;770
8375;201500009293;15;6;30;1930;1;1;1;7;1;273;;M;0.0;0.0;770
8376;201500009294;15;7;16;1500;1;2;1;1;6;430;13 rue du tillet;M;4907334.0;279615.0;770
8377;201500009295;15;8;7;1415;1;1;1;1;1;437;;M;0.0;0.0;770
8378;201500009296;15;8;22;1845;1;1;1;1;7;193;;M;0.0;0.0;770
8379;201500009297;15;8;25;745;1;1;1;1;1;344;;M;0.0;0.0;770
8380;201500009298;15;9;12;1715;1;1;1;2;1;273;;M;0.0;0.0;770
8381;201500009299;15;10;13;715;2;1;3;1;3;77;;M;0.0;0.0;770
8382;201500009300;15;10;15;1545;1;1;1;1;7;233;;M;0.0;0.0;770
8383;201500009302;15;11;1;1700;1;1;1;1;7;77;;M;0.0;0.0;770
8384;201500009303;15;12;27;2030;3;1;1;1;1;77;;M;0.0;0.0;770
8385;201500009304;15;1;13;1045;1;1;1;1;1;444;N 4;M;4869222.0;339154.0;770
8386;201500009305;15;2;19;745;2;1;4;9;5;197;N4 X RUE DE LA FONTAINE;M;4869253.0;321511.0;770
8387;201500009308;15;6;16;2315;3;1;1;1;1;416;D209;M;4862002.0;310265.0;770
8388;201500009309;15;6;27;1630;1;1;1;1;1;109;D231 MAIS. FOREST.FAYS;M;4862786.0;318825.0;770
8389;201500009310;15;7;1;830;1;1;1;1;6;137;D204;M;4872131.0;329392.0;770
8390;201500009311;15;7;11;2015;2;1;1;1;1;36;N4;M;4868253.0;321847.0;770
8391;201500009312;15;8;4;800;1;1;1;2;7;239;;M;0.0;0.0;770
8392;201500009313;15;9;4;1500;1;1;1;1;7;357;;M;0.0;0.0;770
8393;201500009314;15;10;1;1745;1;1;1;1;6;26;D403;M;4860629.0;337799.0;770
8394;201500009315;15;10;28;1900;1;2;1;1;7;275;rue saint hubert;M;4867046.0;331398.0;770
8395;201500009316;15;12;15;1;3;1;1;1;1;239;N4;M;0.0;0.0;770
8396;201500009317;15;3;3;1830;2;1;1;2;6;174;ROUTE DE LONGUEVILLE;M;4847229.0;325345.0;770
8397;201500009318;15;4;4;1045;1;1;1;2;1;341;D411;M;4844364.0;335160.0;770
8398;201500009319;15;9;4;1945;1;1;1;1;5;25;D411;M;4839440.0;317513.0;770
8399;201500009320;15;10;10;2230;3;1;1;1;6;218;;M;4843432.0;332694.0;770
8400;201500009321;15;11;2;1930;3;1;1;1;6;242;D209;M;4849315.0;320872.0;770
8401;201500009322;15;4;21;845;1;2;8;1;3;327;PN41  GARE DE NANGIS;M;4856099.0;301333.0;770
8402;201500009323;15;4;25;1945;1;1;1;1;6;383;;M;4855700.0;304400.0;770
8403;201500009324;15;8;30;1400;1;1;1;1;6;481;;M;4855900.0;311200.0;770
8404;201500009325;15;12;5;1845;3;1;1;1;2;327;;M;4854995.0;299998.0;770
8405;201500009326;15;1;28;1230;1;2;2;2;6;248;BD BLAVETIN/15 AOUT 44;M;4804529.0;169712.0;450
8406;201500009327;15;1;30;815;2;2;1;8;1;248;13 FG BLAVETIN;M;4804455.0;169802.0;450
8407;201500009328;15;4;5;900;1;1;1;1;1;262;;M;4805397.0;172132.0;450
8408;201500009329;15;5;17;2100;1;1;1;1;7;8;;M;4808370.0;187303.0;450
8409;201500009330;15;7;8;1730;1;2;1;1;6;93;R PARIS;M;4802667.0;187438.0;450
8410;201500009331;15;10;1;2040;4;1;1;1;5;59;;M;4792626.0;172272.0;450
8411;201500009333;15;11;20;900;1;2;1;3;6;248;PL HALLE // PHARMACIE;M;4804766.0;169555.0;450
8412;201500009334;15;12;6;1600;1;1;1;1;1;46;LE CLOS AUBRY;M;4797682.0;174268.0;450
8413;201500009335;15;3;29;500;3;1;1;8;6;81;;M;4793242.0;159474.0;450