;Num_Acc;an;mois;jour;hrmn;lum;agg;int;atm;col;com;adr;gps;lat;long;dep
8414;201500009336;15;2;26;445;5;1;1;2;6;82;BRETELLE DEPUIS D 2060;M;4788163.0;223602.0;450
8415;201500009337;15;4;14;1815;1;2;3;1;1;290;GRANDE RUE/PL VIEUX PUIT;M;4785709.0;226717.0;450
8416;201500009338;15;5;17;315;3;1;1;1;6;101;;M;4796429.0;230402.0;450
8417;201500009339;15;6;12;1415;1;1;1;1;5;316;;M;4792521.0;232925.0;450
8418;201500009340;15;9;20;1530;1;1;3;1;2;82;D 11/RTE VIEILLE FERME;M;4789885.0;218394.0;450
8419;201500009341;15;11;29;1715;1;1;1;1;6;82;LA CHARBONNIERE;M;4789469.0;227415.0;450
8420;201500009342;15;12;11;2300;5;2;3;1;3;290;56 GRANDE RUE/CHARMILLE;M;4785804.0;226431.0;450
8421;201500009343;15;10;1;1615;1;2;3;1;6;194;D 960/RTE DONNERY;M;4789179.0;205338.0;450
8422;201500009344;15;11;8;1715;1;1;1;1;7;72;;M;4797846.0;198378.0;450
8423;201500009345;15;6;9;2045;1;1;1;1;6;200;;M;4772646.0;198416.0;450
8424;201500009346;15;6;29;1845;1;2;1;1;7;146;RTE DES AISSES;M;4770735.0;194874.0;450
8425;201500009347;15;8;28;2245;3;1;1;1;6;98;LES PLACES;M;4779285.0;176943.0;450
8426;201500009348;15;9;29;1345;1;1;1;1;2;146;;M;4773727.0;188271.0;450
8427;201500009349;15;10;28;1545;1;1;3;1;3;146;;M;4768466.0;191703.0;450
8428;201500009350;15;11;5;1630;1;1;1;1;5;98;;M;4782679.0;174252.0;450
8429;201500009351;15;1;4;930;3;1;1;2;1;335;;M;4779994.0;215866.0;450
8430;201500009352;15;2;6;2030;5;1;1;1;6;324;;M;4779463.0;220948.0;450
8431;201500009353;15;4;4;1045;1;2;2;2;6;123;D 951/R CHAUDY;M;4785725.0;209896.0;450
8432;201500009354;15;6;30;2015;1;1;1;7;1;300;;M;4785657.0;199368.0;450
8433;201500009355;15;6;29;1700;1;1;1;1;7;173;;M;4781300.0;209300.0;450
8434;201500009356;15;11;3;2030;5;2;3;1;1;273;AV STADE/AV BONE;M;4786891.0;213871.0;450
8435;201500009357;15;11;28;1615;1;1;1;1;1;300;2048 RTE DE JARGEAU;M;4785049.0;206096.0;450
8436;201500009358;15;12;4;1030;1;1;1;1;2;273;D 960 // ROCHE AU MOINES;M;4786321.0;215568.0;450
8437;201500009359;15;3;7;300;3;1;1;1;7;167;;M;4788729.0;170384.0;450
8438;201500009360;15;5;22;1445;1;2;3;1;1;28;D 2152/IMP MONNAIE;M;4777669.0;162614.0;450
8439;201500009361;15;6;12;2315;3;2;9;1;6;203;chemin de pantin;M;0.0;0.0;450
8440;201500009362;15;6;15;2145;2;1;1;1;1;264;CARNAVAL;M;4792942.0;169512.0;450
8441;201500009363;15;8;16;15;3;2;1;1;6;203;15 RTE DE LA NIVELLE;M;0.0;0.0;450
8442;201500009364;15;11;18;530;3;1;1;1;6;203;D 3;M;0.0;0.0;450
8443;201500009365;15;1;14;1830;5;2;3;2;3;155;Q LENOIR/R PARMENTIER;M;4768445.0;262916.0;450
8444;201500009366;15;2;6;1900;5;2;3;1;3;155;AV MONTOIRES/R JACQUES B;M;4770612.0;262695.0;450
8445;201500009367;15;3;20;1715;1;1;1;1;1;155;D 122 // ACCES DECHETERI;M;4769738.0;273425.0;450
8446;201500009368;15;7;17;2330;5;2;3;1;3;155;RTE ORLEANS/R RIAUDINE;M;4769502.0;261318.0;450
8447;201500009369;15;10;20;2015;3;1;1;1;1;254;;M;4766902.0;262287.0;450
8448;201500009370;15;12;26;2245;3;1;2;1;6;96;D 56/D 44;M;4777179.0;260711.0;450
8449;201500009371;15;4;4;845;1;1;1;2;1;40;;M;4757641.0;282418.0;450
8450;201500009372;15;4;25;1230;1;2;4;8;3;87;R MARNE/PL CHAMPS FOIRE;M;4759101.0;274766.0;450
8451;201500009373;15;5;22;200;3;2;1;1;6;53;R GRANDES ALLEES;M;4763698.0;273181.0;450
8452;201500009374;15;6;3;1830;1;1;1;1;6;16;;M;4762658.0;259215.0;450
8453;201500009375;15;11;14;1945;3;1;1;1;6;53;;M;4763249.0;275745.0;450
8454;201500009376;15;5;15;2000;1;1;1;1;6;315;;M;4775866.0;240818.0;450
8455;201500009377;15;7;24;1900;1;2;1;1;3;270;RUE ORLEANAISE;M;4781503.0;230067.0;450
8456;201500009378;15;7;29;1345;1;1;1;1;6;39;;M;4779643.0;237492.0;450
8457;201500009379;15;8;24;1715;1;1;3;6;2;244;;M;4776919.0;244409.0;450
8458;201500009380;15;9;20;200;3;1;1;1;6;164;;M;4779677.0;228055.0;450
8459;201500009381;15;9;22;1515;1;1;1;8;6;340;LE BOULOY;M;4767854.0;236321.0;450
8460;201500009383;15;1;30;745;2;1;1;8;1;321;;M;4792476.0;259030.0;450
8461;201500009384;15;3;21;1000;1;1;3;1;3;345;D 42/RTE LOMBREUIL;M;4793497.0;267099.0;450
8462;201500009385;15;4;12;1945;1;1;1;1;6;112;LA CATONNERIE;M;4789577.0;257754.0;450
8463;201500009386;15;4;20;1245;1;2;6;1;3;187;RTE ST LAZARE/R FORET;M;4788234.0;251825.0;450
8464;201500009387;15;5;11;1745;1;1;1;1;2;243;;M;4799421.0;245854.0;450
8465;201500009388;15;9;25;1845;2;1;2;1;1;339;VC 2/VC 7;M;4798845.0;255788.0;450
8466;201500009389;15;10;4;1500;1;2;1;1;6;187;13 R DE LA PAIX;M;0.0;0.0;450
8467;201500009390;15;10;25;515;3;1;1;1;6;259;;M;4800573.0;243845.0;450
8468;201500009391;15;2;15;1945;3;1;2;2;3;307;D 32/GONOIS;M;4806441.0;290539.0;450
8469;201500009392;15;2;26;2015;5;1;1;3;6;26;;M;4811645.0;300593.0;450
8470;201500009393;15;6;19;1730;1;2;3;1;3;83;R GL DE GAULLE/RTE ST FI;M;4793239.0;291694.0;450
8471;201500009394;15;7;14;430;1;1;1;1;6;329;LES ETOITS;M;4792896.0;300028.0;450
8472;201500009395;15;9;15;1700;1;1;1;1;1;83;;M;4793248.0;291206.0;450
8473;201500009396;15;10;25;600;3;1;1;1;6;279;;M;4795555.0;282128.0;450
8474;201500009397;15;11;14;1145;1;1;2;1;3;199;D 150/VC 3;M;4788539.0;292197.0;450
8475;201500009399;15;7;12;115;3;1;1;1;6;210;;M;4786276.0;281117.0;450
8476;201500009400;15;7;17;1315;1;1;1;1;3;85;;M;4784107.0;283976.0;450
8477;201500009401;15;7;17;1545;1;1;1;1;7;85;;M;0.0;0.0;450
8478;201500009402;15;8;30;330;3;1;1;1;6;77;;M;4787189.0;287017.0;450
8479;201500009403;15;11;1;1700;1;1;1;1;1;257;;M;0.0;0.0;450
8480;201500009404;15;1;9;1445;1;1;1;8;6;156;;M;4806179.0;269515.0;450
8481;201500009405;15;1;11;1915;3;1;1;1;6;103;;M;4808349.0;253677.0;450
8482;201500009406;15;4;15;1315;1;2;1;1;6;161;2 R DE LA PAILLARDERIE;M;4807962.0;282951.0;450
8483;201500009407;15;5;30;1900;1;1;1;1;7;127;BOIS DE THURELLES;M;4812108.0;276529.0;450
8484;201500009408;15;6;30;1715;1;2;1;1;1;161;67 RTE BOIS LE ROI;M;4806021.0;283239.0;450
8485;201500009409;15;8;27;2000;1;1;1;3;6;255;;M;4809065.0;269529.0;450
8486;201500009410;15;9;30;1100;1;2;2;1;3;127;RTE DE PARIS/R CESAR;M;4814725.0;276388.0;450
8487;201500009411;15;10;27;1900;5;1;6;1;6;148;;M;4806474.0;276519.0;450
8488;201500009412;15;1;15;1830;3;1;2;2;3;230;VIEILLE RTE NOYERS/ST GE;M;4791498.0;252053.0;450
8489;201500009413;15;1;3;1300;1;2;1;2;6;252;59 RUE DE LA GARE;M;4817245.0;223881.0;450
8490;201500009414;15;3;6;1630;1;2;1;1;5;252;AV 11 NOVEMBRE;M;4818394.0;225070.0;450
8491;201500009416;15;4;10;800;1;2;3;1;6;252;R GABRIEL LELONG/BD PAST;M;4816822.0;224666.0;450
8492;201500009417;15;5;1;1300;1;1;1;3;6;253;D 928;M;4817184.0;222872.0;450
8493;201500009419;15;7;24;1415;1;1;1;1;6;253;;M;4817239.0;222915.0;450
8494;201500009420;15;9;7;1700;1;2;1;1;6;252;6 MAIL OUEST;M;4817432.0;225329.0;450
8495;201500009422;15;11;15;45;3;1;2;1;3;348;;M;4813119.0;233096.0;450
8496;201500009423;15;12;1;1830;5;2;4;1;3;252;RTE PUISEAUX/R MEUNIERS;M;4817731.0;226057.0;450
8497;201500009424;15;12;31;845;1;1;1;5;6;233;CH COTE DES PRES;M;0.0;0.0;450
8498;201500009425;15;5;8;1600;1;2;1;1;6;131;8 RUE SOURDE;M;4816375.0;244339.0;450
8499;201500009426;15;5;23;1545;1;2;1;1;6;54;RUE GRANDE ROUTE;M;4822585.0;242898.0;450
8500;201500009427;15;5;31;815;1;1;1;1;1;30;ROMAINVILLE;M;4808533.0;241889.0;450
8501;201500009428;15;7;4;145;3;1;1;1;6;228;;M;4800859.0;229455.0;450
8502;201500009430;15;1;21;1830;5;2;1;2;6;191;3 RUE DE LA GARE;M;4829341.0;240183.0;450
8503;201500009431;15;2;5;2100;3;1;1;1;1;310;;M;4830126.0;220059.0;450
8504;201500009432;15;4;26;600;2;2;6;1;6;191;RDPT ANDRE GIDE;M;4828682.0;239919.0;450
8505;201500009433;15;8;11;1245;1;1;1;1;7;191;;M;4826668.0;241446.0;450
8506;201500009434;15;8;29;1400;1;2;1;1;1;310;8 R PRIEURE;M;4829783.0;220299.0;450
8507;201500009435;15;9;10;700;1;2;6;1;3;191;AV GL LECLERC/R GRANGETT;M;4829404.0;240475.0;450
8508;201500009437;15;8;22;500;3;1;1;1;6;20;;M;4739803.0;289087.0;180
8509;201500009438;15;9;30;1645;1;1;1;1;6;98;;M;0.0;0.0;180
8510;201500009439;15;10;30;1500;1;1;1;1;6;241;;M;0.0;0.0;180
8511;201500009440;15;12;13;1430;1;1;1;5;6;241;;M;0.0;0.0;180
8512;201500009442;15;10;9;1600;1;1;2;1;6;197;;M;0.0;0.0;180
8513;201500009443;15;9;17;1645;1;1;1;8;1;216;;M;4671076.0;213087.0;180
8514;201500009444;15;10;22;1445;1;1;1;2;6;152;;M;0.0;0.0;180
8515;201500009445;15;12;14;945;1;2;1;1;6;59;place du marché;M;4664225.0;228192.0;180
8516;201500009446;15;3;8;1400;1;2;1;1;6;248;3 rue de la mairie;M;4695143.0;243651.0;180
8517;201500009447;15;9;17;1130;1;1;1;1;6;180;;M;0.0;0.0;180
8518;201500009448;15;9;12;1430;1;1;1;2;1;108;;M;0.0;0.0;180
8519;201500009449;15;5;9;315;3;1;1;2;6;185;;M;0.0;0.0;180
8520;201500009450;15;5;11;1430;1;1;2;1;3;149;;M;0.0;0.0;180
8521;201500009452;15;4;15;730;2;2;6;7;3;28;route dépertementale 60;M;0.0;0.0;180
8522;201500009453;15;9;2;730;1;2;8;1;3;96;rue gabriel VERNET;M;4717924.0;215678.0;180
8523;201500009454;15;12;22;1215;1;1;3;1;2;281;;M;0.0;0.0;180
8524;201500009455;15;12;29;1315;1;1;2;7;3;5;;M;0.0;0.0;180
8525;201500009456;15;4;25;1930;1;1;1;1;7;55;;M;4700326.0;215487.0;180
8526;201500009457;15;5;14;730;1;2;7;8;6;157;Route de la Chapelle;M;4703673.0;227829.0;180
8527;201500009458;15;5;23;1630;1;2;1;1;6;207;AVENUE GABRIEL DORDAIN;M;4699305.0;224658.0;180
8528;201500009459;15;7;20;1545;1;2;1;1;2;55;Avenue du 8 mai 1945;M;0.0;0.0;180
8529;201500009461;15;10;25;1930;3;1;2;1;3;285;;M;4702560.0;221023.0;180
8530;201500009462;15;12;6;715;2;1;1;1;6;133;;M;4694100.0;226300.0;180
8531;201500009463;15;12;18;1115;1;1;1;1;6;133;;M;0.0;0.0;180
8532;201500009464;15;4;4;1900;1;1;1;2;6;145;;M;0.0;0.0;180
8533;201500009465;15;5;23;1200;1;1;1;1;6;162;;M;0.0;0.0;180
8534;201500009466;15;6;17;1400;1;2;5;7;3;109;rue des dauphines;M;0.0;0.0;180
8535;201500009467;15;7;23;2345;3;1;1;1;2;166;;M;0.0;0.0;180
8536;201500009470;15;4;8;1830;1;1;1;7;6;337;;M;4841742.0;134590.0;280
8537;201500009471;15;4;23;730;1;1;1;7;2;48;;M;4830139.0;142331.0;280
8538;201500009472;15;5;8;2045;2;1;1;1;6;358;;M;4849540.0;149665.0;280
8539;201500009473;15;5;30;1130;1;1;1;1;1;388;;M;4836659.0;144532.0;280
8540;201500009475;15;6;4;545;1;1;1;1;1;6;;M;4843675.0;142414.0;280
8541;201500009476;15;7;6;1600;1;1;1;1;3;162;;M;4830520.0;148408.0;280
8542;201500009477;15;7;15;945;1;2;6;1;3;24;rue des orvilles;M;4841100.0;146265.0;280
8543;201500009478;15;7;21;345;3;1;1;1;6;173;;M;0.0;0.0;280
8544;201500009479;15;8;20;1215;1;1;1;1;2;301;;M;0.0;0.0;280
8545;201500009480;15;9;4;1830;1;1;2;1;1;6;;M;0.0;0.0;280
8546;201500009481;15;9;9;2245;3;1;1;1;7;358;;M;4850109.0;150375.0;280
8547;201500009482;15;9;21;1445;1;1;1;1;3;388;;M;4839291.0;145209.0;280
8548;201500009483;15;9;23;1800;1;1;3;1;1;388;;M;4839382.0;145255.0;280
8549;201500009484;15;10;29;2030;5;1;1;1;7;380;;M;4841514.0;157963.0;280
8550;201500009485;15;10;30;2200;5;2;1;1;6;48;RUE DE TOURS - LE TEMPLE;M;4832673.0;143218.0;280
8551;201500009486;15;12;21;1630;1;1;1;1;2;173;;M;4846766.0;156946.0;280
8552;201500009487;15;5;18;445;3;1;1;1;7;154;;M;4848353.0;129212.0;280
8553;201500009488;15;6;17;815;1;1;2;1;3;324;;M;4850512.0;124033.0;280
8554;201500009489;15;8;30;1230;1;2;2;1;3;89;BD KENNEDY/POINT DU JOUR;M;0.0;0.0;280
8555;201500009490;15;8;14;1415;1;1;1;1;3;290;;M;4840700.0;128800.0;280
8556;201500009492;15;5;23;715;1;1;1;1;1;84;;M;4855500.0;155200.0;280
8557;201500009493;15;6;6;1615;1;1;2;1;3;196;;M;4830800.0;118900.0;280
8558;201500009494;15;3;17;1745;1;2;1;1;6;140;;M;4860235.0;168193.0;280
8559;201500009495;15;3;20;730;1;2;4;1;1;207;;M;4836616.0;186743.0;280
8560;201500009496;15;3;30;830;1;1;2;1;3;363;;M;4840095.0;191646.0;280
8561;201500009497;15;5;19;30;3;1;1;8;6;227;;M;4859585.0;159697.0;280
8562;201500009498;15;6;7;330;5;2;1;1;6;52;16 RUE DE MAINTENON;M;4856367.0;151267.0;280
8563;201500009499;15;6;27;1900;1;1;1;1;3;227;;M;0.0;0.0;280
8564;201500009500;15;6;30;2130;2;1;1;7;6;379;;M;4852100.0;158000.0;280
8565;201500009501;15;7;19;1715;1;2;1;1;6;191;17 ruisseau de la Vienne;M;4860758.0;164251.0;280
8566;201500009502;15;7;19;1645;1;1;1;1;1;73;;M;4847727.0;164356.0;280
8567;201500009503;15;7;22;1230;1;1;2;1;3;74;;M;4842000.0;179900.0;280
8568;201500009504;15;7;27;1730;1;1;1;1;3;227;;M;4859900.0;159400.0;280
8569;201500009505;15;8;15;30;5;2;1;2;7;168;rue de germonval;M;4853800.0;170700.0;280
8570;201500009507;15;10;9;1215;1;2;1;1;2;140;route de gallardon;M;4859736.0;167739.0;280
8571;201500009508;15;12;15;1615;2;2;1;3;6;168;place du jeu de paume;M;4852483.0;169084.0;280
8572;201500009509;15;12;31;1215;1;1;1;1;1;135;;M;4859318.0;170360.0;280
8573;201500009510;15;3;11;2030;5;2;1;1;1;199;Rue de la MADELEINE;M;4820256.0;187679.0;280
8574;201500009511;15;3;19;730;2;1;1;1;1;319;;M;4827222.0;197491.0;280
8575;201500009512;15;5;10;1915;1;1;1;1;7;406;;M;4823725.0;168075.0;280
8576;201500009513;15;5;26;1915;1;1;2;1;3;32;;M;4831408.0;163255.0;280
8577;201500009514;15;5;29;1715;1;2;1;1;3;391;rue nationale;M;0.0;0.0;280
8578;201500009515;15;6;7;1915;1;2;1;1;6;391;09 rue de la Fontaine;M;4819984.0;193535.0;280
8579;201500009516;15;6;28;1900;1;1;1;7;7;47;;M;4831406.0;167915.0;280
8580;201500009517;15;6;28;1730;1;1;1;1;6;391;;M;0.0;0.0;280
8581;201500009518;15;7;14;2045;1;1;1;1;6;320;;M;4825076.0;158438.0;280
8582;201500009519;15;7;25;1015;1;1;1;8;1;319;;M;4828675.0;198064.0;280
8583;201500009520;15;9;1;1145;1;2;1;2;6;311;RUE DE LA MOTTE;M;4821026.0;186322.0;280
8584;201500009521;15;9;13;1030;1;1;1;3;6;391;;M;4818854.0;191966.0;280
8585;201500009522;15;9;14;1500;1;1;1;6;4;391;;M;4818855.0;191969.0;280
8586;201500009523;15;9;21;1415;1;1;1;1;6;411;;M;4822120.0;156026.0;280
8587;201500009524;15;10;16;1630;1;2;1;1;6;199;rue de la madeleine;M;4820173.0;187935.0;280
8588;201500009526;15;2;21;600;2;1;1;8;7;88;;M;4809886.0;129845.0;280
8589;201500009527;15;2;24;830;1;1;1;2;3;356;;M;4807745.0;117013.0;280
8590;201500009528;15;2;25;1315;1;2;1;1;6;83;18 rue nationale;M;4797138.0;132593.0;280
8591;201500009529;15;3;20;615;2;1;1;1;6;340;;M;4802966.0;126239.0;280
8592;201500009530;15;4;20;1830;1;1;1;1;2;12;;M;4815209.0;108261.0;280
8593;201500009531;15;4;26;1000;1;2;1;8;3;88;rue des champdé;M;4806762.0;133502.0;280
8594;201500009532;15;6;9;1045;1;2;1;1;2;88;49 rue de la république;M;4807080.0;133365.0;280
8595;201500009533;15;6;9;1830;1;1;1;1;1;224;;M;4805490.0;140834.0;280
8596;201500009534;15;6;13;2045;2;1;1;1;7;204;;M;0.0;0.0;280
8597;201500009535;15;6;19;2030;1;2;3;1;3;88;Rue Albert Einsrein;M;4808044.0;134619.0;280
8598;201500009536;15;9;16;1730;1;1;1;3;1;75;;M;4805131.0;129263.0;280
8599;201500009537;15;9;17;1515;1;1;2;2;3;204;;M;4805589.0;117490.0;280
8600;201500009540;15;11;30;730;2;1;1;1;7;389;;M;4805824.0;134918.0;280
8601;201500009541;15;12;13;1615;5;2;1;1;6;88;Place du 18 octobre;M;0.0;0.0;280
8602;201500009542;15;12;23;1745;1;1;1;1;2;205;;M;0.0;0.0;280
8603;201500009543;15;4;8;1630;1;1;1;1;6;287;;M;4814349.0;166452.0;280
8604;201500009544;15;4;15;1700;1;1;1;1;7;306;;M;4821900.0;147000.0;280
8605;201500009545;15;5;10;2000;1;1;1;1;7;382;;M;4807900.0;175200.0;280
8606;201500009546;15;5;22;1700;1;1;1;1;6;51;;M;4814900.0;148200.0;280
8607;201500009547;15;6;21;2030;1;1;2;1;1;283;;M;0.0;0.0;280
8608;201500009548;15;7;16;330;3;1;1;1;6;121;;M;4811694.0;185931.0;280
8609;201500009549;15;10;5;1345;1;1;1;3;1;176;;M;4823645.0;148986.0;280
8610;201500009550;15;10;22;730;2;2;1;2;3;51;boulevard des Flandres;M;4818043.0;139857.0;280
8611;201500009551;15;12;14;1800;3;1;1;1;1;176;;M;4826570.0;148560.0;280
8612;201500009552;15;4;11;1115;1;2;1;1;6;424;RUE EMILE DELAVALLEE;M;4820867.0;118615.0;280
8613;201500009553;15;4;21;1015;1;1;1;1;6;41;;M;4833115.0;128754.0;280
8614;201500009554;15;7;16;1045;1;1;1;1;2;182;;M;4816642.0;123774.0;280
8615;201500009555;15;10;9;915;1;1;1;1;6;66;;M;4823642.0;123367.0;280
8616;201500009556;15;10;16;1230;1;1;1;2;1;225;;M;4834326.0;129508.0;280
8617;201500009557;15;12;6;1845;5;2;2;1;3;61;;M;4820889.0;117414.0;280
8618;201500009558;15;4;1;1445;1;1;1;1;6;170;;M;4871204.0;126979.0;280
8619;201500009559;15;6;25;1445;1;2;1;7;1;136;rue Jean MOULIN;M;4801200.0;102400.0;280
8620;201500009560;15;7;6;1230;1;1;1;1;7;170;;M;0.0;0.0;280
8621;201500009561;15;7;21;830;1;2;1;1;1;348;rue des ajoncs;M;4875959.0;119325.0;280
8622;201500009562;15;8;8;1600;1;1;1;1;6;239;;M;0.0;0.0;280
8623;201500009563;15;8;14;2330;3;2;8;3;6;359;Rue de la gare PN 35;M;4801300.0;-104099.0;280
8624;201500009564;15;8;28;1245;1;1;2;1;3;143;;M;0.0;0.0;280
8625;201500009565;15;9;5;1415;1;1;2;1;3;405;;M;4874350.0;129140.0;280
8626;201500009566;15;9;12;2000;2;1;1;1;6;170;;M;4801200.0;100600.0;280
8627;201500009567;15;9;16;1330;1;1;1;1;6;124;;M;0.0;0.0;280
8628;201500009569;15;6;10;1945;2;2;1;1;6;371;RUE DE SOREL;M;4885556.0;140691.0;280
8629;201500009570;15;6;29;1600;1;1;1;1;1;347;;M;4882231.0;156166.0;280
8630;201500009571;15;7;2;1415;1;1;1;1;7;187;;M;0.0;0.0;280
8631;201500009572;15;8;24;1830;1;1;1;2;6;1;;M;4877706.0;146229.0;280
8632;201500009573;15;11;14;900;1;1;1;1;5;347;;M;4882741.0;156492.0;280
8633;201500009575;15;1;16;2030;3;1;1;1;3;151;;M;4869723.0;104451.0;280
8634;201500009576;15;2;26;1715;1;1;1;3;6;322;;M;4872112.0;95717.0;280
8635;201500009577;15;4;5;1015;1;1;1;1;3;46;;M;4866001.0;91160.0;280
8636;201500009578;15;5;10;1815;1;1;1;1;2;59;;M;0.0;0.0;280
8637;201500009579;15;5;30;1815;1;1;1;1;1;310;;M;4859683.0;95153.0;280
8638;201500009580;15;9;2;1800;1;2;2;1;3;226;rue Hubert Latham;M;4863423.0;114672.0;280
8639;201500009581;15;2;19;715;2;2;1;5;1;415;GRANDE RUE;M;4867356.0;146147.0;280
8640;201500009582;15;2;28;1745;1;1;1;1;7;279;;M;4867700.0;154600.0;280
8641;201500009583;15;7;5;1915;1;1;1;1;7;417;;M;0.0;0.0;280
8642;201500009584;15;1;12;1315;1;1;1;1;1;342;;M;4829108.0;84183.0;280
8643;201500009585;15;3;14;415;4;2;2;1;3;27;6, Route d'Authon;M;4813827.0;97912.0;280
8644;201500009586;15;3;11;1100;1;2;1;1;7;31;Rue Emmeline;M;4825679.0;95963.0;280
8645;201500009587;15;9;7;1030;1;2;1;1;6;280;rue villette gaté;M;4832191.0;82193.0;280
8646;201500009588;15;9;9;1245;1;2;1;1;6;280;15, Rue Saint lazare;M;4831271.0;81518.0;280
8647;201500009589;15;10;19;1545;1;2;1;1;6;280;rue vilette gaté;M;4832209.0;82198.0;280
8648;201500009591;15;11;13;800;2;1;1;2;5;342;;M;4829089.0;84213.0;280
8649;201500009592;15;11;22;2215;3;1;1;8;6;280;;M;4831022.0;80449.0;280
8650;201500009593;15;12;30;45;3;1;1;1;6;236;;M;4834288.0;84245.0;280
8651;201500009594;15;4;25;545;2;2;1;2;6;214;Départementale D25;M;4848181.0;101725.0;280
8652;201500009595;15;5;31;2130;2;1;1;2;6;166;;M;4842184.0;112022.0;280
8653;201500009596;15;8;6;1800;1;1;1;1;7;33;;M;4849552.0;104289.0;280
8654;201500009597;15;8;8;745;1;1;1;1;6;362;;M;4864000.0;54800.0;280
8655;201500009598;15;10;4;2200;5;1;3;2;3;387;;M;4831033.0;99608.0;280
8656;201500009599;15;11;13;1600;1;1;1;1;1;105;;M;4835950.0;106656.0;280
8657;201500009600;15;12;29;2130;3;1;1;1;6;385;;M;4841737.0;116055.0;280
8658;201500009601;15;4;7;1945;1;1;1;1;6;177;;M;4647020.0;133861.0;360
8659;201500009602;15;7;8;2005;1;1;2;1;3;47;;M;4641030.0;139476.0;360
8660;201500009603;15;8;9;1015;1;2;3;8;1;35;;M;4643230.0;129773.0;360
8661;201500009604;15;8;23;615;2;1;1;8;6;70;;M;4645930.0;155207.0;360
8662;201500009609;15;2;4;1245;1;2;1;1;6;31;17 RUE DES PONTS;M;4688750.0;141813.0;360
8663;201500009610;15;5;25;1415;1;1;1;1;6;194;;M;4691150.0;133302.0;360
8664;201500009611;15;6;19;1600;1;1;2;1;3;142;;M;4679260.0;155377.0;360
8665;201500009612;15;6;23;2345;3;2;1;1;2;55;RUE DE LA RÉPUBLIQUE;M;4694030.0;123702.0;360
8666;201500009613;15;7;9;1600;1;1;1;1;3;139;LD LE CHATELIER;M;4679280.0;146258.0;360
8667;201500009614;15;7;20;2030;1;1;1;1;7;31;;M;4689660.0;144565.0;360
8668;201500009615;15;8;29;1515;1;1;1;1;1;149;;M;4692180.0;129859.0;360
8669;201500009616;15;9;20;1615;1;1;1;1;6;198;;M;4689180.0;147592.0;360
8670;201500009617;15;10;8;2215;3;2;1;1;6;232;21 RTE DE CHATELLERAULT;M;4679900.0;143717.0;360
8671;201500009619;15;1;25;1215;1;1;1;1;6;228;;M;4715430.0;152320.0;360
8672;201500009620;15;4;14;2045;1;1;1;1;7;24;;M;4698400.0;168448.0;360
8673;201500009621;15;4;16;1730;1;1;1;1;7;237;;M;4712210.0;157961.0;360
8674;201500009622;15;5;9;1730;1;1;1;1;5;228;LD LES TAUPONNIERES;M;4715270.0;155191.0;360
8675;201500009623;15;5;10;1200;1;1;1;1;6;230;;M;4706220.0;180433.0;360
8676;201500009624;15;7;12;1645;1;1;1;1;3;103;;M;4711740.0;143443.0;360
8677;201500009625;15;9;11;1700;1;1;3;1;3;162;;M;4715730.0;167132.0;360
8678;201500009626;15;10;3;2000;5;2;1;2;6;233;;M;4724620.0;154276.0;360
8679;201500009628;15;11;19;2145;3;1;1;6;7;229;;M;4719700.0;161967.0;360
8680;201500009630;15;12;11;1800;5;2;1;1;5;191;RUE BOIS ROSIER;;;;360
8681;201500009631;15;12;13;1130;1;1;1;1;2;228;;M;4717350.0;155267.0;360
8682;201500009633;15;6;18;1915;1;1;1;1;7;137;;;;;360
8683;201500009634;15;8;29;1430;1;1;1;1;7;192;;M;4665600.0;143149.0;360
8684;201500009635;15;11;30;1700;4;1;1;2;1;197;;M;4656160.0;107989.0;360
8685;201500009636;15;2;14;815;1;1;1;1;7;25;LD LE GRAND CHAUM0IS;M;4657310.0;202131.0;360
8686;201500009637;15;3;29;1030;1;1;1;3;6;126;;M;4645960.0;176749.0;360
8687;201500009638;15;6;26;2100;1;1;1;1;2;164;;M;4651210.0;199387.0;360
8688;201500009639;15;7;29;1315;1;1;1;1;3;163;;M;4649050.0;199878.0;360
8689;201500009640;15;9;12;1;3;2;1;1;7;126;LE BOURG;;;;360
8690;201500009641;15;4;14;1715;1;1;1;1;1;112;;M;4680470.0;187579.0;360
8691;201500009642;15;8;12;1915;1;1;1;1;6;180;ROUTE DE BOMMIERS;M;4673680.0;196986.0;360
8692;201500009643;15;9;8;300;3;1;1;1;7;84;;M;4659830.0;173302.0;360
8693;201500009644;15;12;19;1115;1;2;3;1;6;180;RTE DE LIGNIERES;M;4673030.0;196579.0;360
8694;201500009645;15;9;10;1030;1;2;1;1;1;88;68 ROUTE DE REUILLY;M;4696210.0;198984.0;360
8695;201500009646;15;9;12;615;3;1;1;3;6;248;;M;4682400.0;190372.0;360