;Num_Acc;an;mois;jour;hrmn;lum;agg;int;atm;col;com;adr;gps;lat;long;dep
8696;201500009647;15;9;18;1015;1;2;2;1;3;128;RN 151/RD80;M;4686000.0;178246.0;360
8697;201500009648;15;12;22;915;1;2;1;1;6;88;AVENUE CHARLES DE GAULLE;M;4694220.0;200121.0;360
8698;201500009649;15;2;21;530;5;2;1;1;6;3;29 AVENUE DE CHANTELOUP;M;0.0;0.0;370
8699;201500009650;15;4;7;1415;1;1;1;1;6;3;;M;0.0;0.0;370
8700;201500009652;15;6;11;1545;1;2;1;1;2;163;RUE DE POCE/MAZERE;M;0.0;0.0;370
8701;201500009653;15;6;24;2130;2;1;1;1;6;171;;M;0.0;0.0;370
8702;201500009654;15;8;7;15;5;2;1;1;6;3;8 AVENUE  DE TOURS;M;0.0;0.0;370
8703;201500009655;15;9;2;2130;3;1;3;1;1;230;;M;0.0;0.0;370
8704;201500009657;15;10;10;1;5;1;1;1;3;161;LA CALONNIEREE;M;0.0;0.0;370
8705;201500009658;15;11;17;1715;2;2;1;2;6;3;4 QUAI DU GL DE GAULLE;M;0.0;0.0;370
8706;201500009659;15;12;30;1445;1;1;1;1;5;43;;M;0.0;0.0;370
8707;201500009660;15;6;17;1515;1;1;1;1;6;63;;M;0.0;0.0;370
8708;201500009661;15;8;3;930;1;1;1;1;7;50;LA  FONTAINE;M;0.0;0.0;370
8709;201500009662;15;1;17;1;3;1;1;1;6;146;;M;0.0;0.0;370
8710;201500009663;15;1;26;1845;3;1;1;2;1;13;AVRILLE;M;0.0;0.0;370
8711;201500009664;15;4;7;700;2;1;1;1;1;62;;M;0.0;0.0;370
8712;201500009666;15;9;7;1245;1;1;1;1;1;2;;M;0.0;0.0;370
8713;201500009667;15;9;21;800;1;1;1;1;1;109;;M;0.0;0.0;370
8714;201500009668;15;10;31;1445;1;2;1;1;2;62;38 AV DU GAL DE GAULLE;M;0.0;0.0;370
8715;201500009669;15;11;17;1230;1;1;1;1;1;139;;M;0.0;0.0;370
8716;201500009670;15;11;20;1600;1;1;2;8;3;86;LA ROBINIERE;M;0.0;0.0;370
8717;201500009671;15;12;28;1015;1;1;1;1;3;109;;M;0.0;0.0;370
8718;201500009672;15;3;8;1530;1;2;2;1;1;167;AVENUE DE LA LIBERATION;M;0.0;0.0;370
8719;201500009673;15;4;26;1615;1;1;1;1;1;170;;M;0.0;0.0;370
8720;201500009674;15;5;5;1715;1;1;1;1;6;152;;M;0.0;0.0;370
8721;201500009675;15;4;30;2230;4;1;1;3;6;249;LES BUTTES;M;0.0;0.0;370
8722;201500009676;15;5;25;245;3;2;1;1;6;47;axe C 3;M;0.0;0.0;370
8723;201500009677;15;6;7;630;2;1;1;1;6;204;LIEUDIT FONTAINE;M;0.0;0.0;370
8724;201500009678;15;7;17;2215;3;1;1;1;7;204;;M;0.0;0.0;370
8725;201500009679;15;8;22;1545;1;1;1;1;7;167;LUENNE;M;0.0;0.0;370
8726;201500009680;15;10;9;1930;2;1;2;1;3;245;;M;0.0;0.0;370
8727;201500009681;15;10;22;730;3;1;2;2;3;135;LA  RESTAURERIE;M;0.0;0.0;370
8728;201500009682;15;10;28;1500;1;1;1;8;1;245;LE PILORY;M;0.0;0.0;370
8729;201500009683;15;11;2;1030;1;1;1;1;1;167;;M;0.0;0.0;370
8730;201500009684;15;11;8;1700;1;1;1;1;7;206;LA PREVENDERIE;M;0.0;0.0;370
8731;201500009686;15;12;12;1215;1;1;3;1;1;21;LA HALLANDIERE;M;0.0;0.0;370
8732;201500009687;15;1;17;1000;1;1;1;5;1;10;;M;0.0;0.0;370
8733;201500009688;15;1;19;1230;1;1;1;1;1;179;LE PETIT- MESLAY;M;0.0;0.0;370
8734;201500009689;15;2;25;1930;3;1;3;1;3;270;;M;0.0;0.0;370
8735;201500009690;15;2;28;1800;2;1;1;2;7;10;;M;0.0;0.0;370
8736;201500009691;15;2;27;1045;1;1;1;1;2;281;;M;0.0;0.0;370
8737;201500009692;15;4;3;2000;2;1;1;2;6;281;;M;0.0;0.0;370
8738;201500009693;15;4;19;1700;1;1;9;1;3;270;LA FRILLIERE;M;0.0;0.0;370
8739;201500009694;15;5;6;1145;1;1;1;3;1;63;;M;0.0;0.0;370
8740;201500009695;15;5;10;1700;1;1;1;1;6;95;;M;0.0;0.0;370
8741;201500009696;15;5;17;2215;3;1;1;1;6;276;LA LOUZERIE;M;0.0;0.0;370
8742;201500009697;15;6;8;1500;1;1;1;1;1;169;;M;0.0;0.0;370
8743;201500009698;15;7;16;1545;1;1;1;1;6;276;LA BORDE;M;0.0;0.0;370
8744;201500009699;15;8;1;600;2;1;1;1;7;224;;M;0.0;0.0;370
8745;201500009700;15;10;2;2330;3;1;1;8;3;153;;M;0.0;0.0;370
8746;201500009701;15;11;27;1815;3;1;1;1;1;9;Entrée péage autoroute;M;0.0;0.0;370
8747;201500009702;15;1;13;1230;1;2;1;3;7;11;36 RUE DU VAL DE L'INDRE;M;0.0;0.0;370
8748;201500009703;15;3;5;715;1;1;6;1;2;11;RUE LAVOISIER/DENIS PAPI;M;0.0;0.0;370
8749;201500009704;15;3;21;1600;1;2;1;1;3;72;RUE PAUL HUET;M;0.0;0.0;370
8750;201500009705;15;4;20;2300;3;1;1;1;7;22;;M;0.0;0.0;370
8751;201500009706;15;4;21;1430;1;2;3;1;3;193;route de Bourgueil;M;0.0;0.0;370
8752;201500009707;15;6;2;1900;1;1;1;1;3;228;LA GARDIERE;M;0.0;0.0;370
8753;201500009709;15;6;27;1715;1;1;1;1;5;72;;M;0.0;0.0;370
8754;201500009710;15;7;10;1100;1;2;2;1;5;72;LES FAUCHERIES/LOGES;M;0.0;0.0;370
8755;201500009711;15;7;9;1745;1;2;1;7;3;22;RUE D'ISORE;M;0.0;0.0;370
8756;201500009712;15;8;4;1400;1;1;1;1;7;242;;M;0.0;0.0;370
8757;201500009713;15;8;10;1745;1;1;1;1;2;22;;M;0.0;0.0;370
8758;201500009714;15;9;15;1415;1;1;1;8;1;74;CARREFOUR PORT BOULET;M;0.0;0.0;370
8759;201500009716;15;11;23;1730;2;1;1;1;1;74;RUE  DE ST NICOLAS;M;0.0;0.0;370
8760;201500009717;15;12;2;1245;1;1;1;1;3;72;LES PETITES  CROIX;M;0.0;0.0;370
8761;201500009718;15;1;5;2230;5;2;1;1;7;123;PLACE SAINT JEAN;M;0.0;0.0;370
8762;201500009719;15;1;12;815;2;1;1;8;1;271;CROIX DUVEAU;M;0.0;0.0;370
8763;201500009720;15;3;4;1115;1;2;7;1;3;67;Rue de CHINON;M;0.0;0.0;370
8764;201500009721;15;4;5;1045;1;1;1;1;1;200;;M;0.0;0.0;370
8765;201500009722;15;8;14;15;3;1;1;2;6;227;;M;0.0;0.0;370
8766;201500009723;15;10;21;800;2;1;1;8;1;14;;M;0.0;0.0;370
8767;201500009724;15;12;18;1130;1;1;1;1;7;227;;M;0.0;0.0;370
8768;201500009725;15;4;10;100;3;1;1;1;6;51;;M;0.0;0.0;370
8769;201500009726;15;5;10;1245;1;1;1;1;3;268;;M;0.0;0.0;370
8770;201500009728;15;5;29;2345;3;1;1;1;3;278;;M;0.0;0.0;370
8771;201500009729;15;7;8;1830;1;1;1;1;1;89;LIEUDIT BATISSE;M;0.0;0.0;370
8772;201500009730;15;7;13;1615;1;1;1;1;1;216;;M;0.0;0.0;370
8773;201500009731;15;7;16;1745;1;1;1;1;1;178;LA TUILERIE;M;0.0;0.0;370
8774;201500009732;15;10;1;700;2;2;1;1;3;196;AVENUE DU  QUEBEC/FARRY;M;0.0;0.0;370
8775;201500009733;15;2;19;1245;1;2;1;1;2;183;AVENUE DE LA PIERRUCHE;M;0.0;0.0;370
8776;201500009734;15;4;21;1900;2;1;2;1;3;16;;M;0.0;0.0;370
8777;201500009736;15;9;14;1200;1;1;1;1;6;49;lieudit CORNILLE;M;0.0;0.0;370
8778;201500009737;15;4;11;145;3;1;1;8;7;159;RUE DE LA PICHAUDERIE;M;0.0;0.0;370
8779;201500009738;15;10;17;1530;1;1;1;1;6;181;LES LODINS;M;0.0;0.0;370
8780;201500009739;15;3;23;1500;1;1;1;1;1;1;;M;0.0;0.0;370
8781;201500009740;15;4;9;745;1;2;1;1;6;115;144 avenue F.Mitterrand;M;0.0;0.0;370
8782;201500009741;15;4;17;1645;1;2;1;1;6;145;RUE DES QUATRE PONTS;M;0.0;0.0;370
8783;201500009742;15;5;22;1730;1;1;1;1;6;29;SOUDOR;M;0.0;0.0;370
8784;201500009743;15;5;29;1415;1;1;1;1;1;115;;M;0.0;0.0;370
8785;201500009744;15;7;8;1545;1;1;2;1;3;98;ROUTE DE SEPMES;M;0.0;0.0;370
8786;201500009746;15;11;14;1745;3;1;2;1;3;130;;M;0.0;0.0;370
8787;201500009747;15;12;29;1630;1;1;1;1;3;143;;M;4715700.0;82300.0;370
8788;201500009748;15;6;19;1415;1;2;1;1;1;6;6  RUE DES GRANDS CLOS;M;0.0;0.0;370
8789;201500009749;15;7;29;645;1;1;1;1;1;211;;M;0.0;0.0;370
8790;201500009750;15;10;31;1015;1;2;1;1;6;266;12 RUE PRINCIPALE;M;0.0;0.0;370
8791;201500009751;15;10;29;1845;5;2;1;1;3;266;les Gués;M;0.0;0.0;370
8792;201500009752;15;11;29;1600;1;1;1;1;6;85;;M;0.0;0.0;370
8793;201500009753;15;11;30;845;1;2;1;8;6;266;12 AVENUE DE COUZIERE;M;0.0;0.0;370
8794;201500009754;15;12;24;1815;5;2;1;1;3;154;68 RUE DE MONTS;M;4728700.0;71300.0;370
8795;201500009755;15;2;3;1215;1;2;1;4;7;220;rue des champs de la cro;M;4772200.0;162900.0;410
8796;201500009756;15;3;6;1945;3;1;1;1;6;220;;M;4774100.0;165400.0;410
8797;201500009757;15;3;23;645;1;1;1;1;1;136;;M;4769400.0;151500.0;410
8798;201500009758;15;6;9;1330;1;1;4;1;3;206;;M;4764370.0;137020.0;410
8799;201500009759;15;7;10;530;3;1;1;1;1;252;;M;4768591.0;148778.0;410
8800;201500009760;15;7;18;1800;1;1;1;1;3;69;;M;4765677.0;143135.0;410
8801;201500009761;15;12;20;1915;3;1;1;1;3;206;;M;4763304.0;139265.0;410
8802;201500009762;15;6;3;1315;1;1;1;1;6;256;;M;4732900.0;200900.0;410
8803;201500009763;15;2;27;1015;1;2;1;7;6;214;27, R MARECHAL LECLERC;M;4497692.0;-107554.0;330
8804;201500009764;15;3;6;1730;1;1;6;1;7;203;;M;4520750.0;-107710.0;330
8805;201500009765;15;6;7;1900;1;1;3;1;1;214;;M;0.0;0.0;330
8806;201500009766;15;8;3;1730;1;1;2;8;3;97;Inter C215 Pis Cyc 807;M;4509358.0;-105036.0;330
8807;201500009767;15;8;5;1645;1;1;1;1;7;214;;M;4506060.0;-117545.0;330
8808;201500009768;15;11;5;1730;2;1;2;1;3;97;Chm des Bécasses;M;4510452.0;-100113.0;330
8809;201500009769;15;12;2;715;5;2;1;1;6;214;Av. Libération;M;4497745.0;-107427.0;330
8810;201500009770;15;3;28;1830;1;2;1;1;2;233;2 rue du faouet;M;4787705.0;-354423.0;290
8811;201500009772;15;4;30;1515;1;2;1;2;7;233;boulevard de la gare;M;4786569.0;-354513.0;290
8812;201500009773;15;5;5;1715;1;2;3;1;6;233;Rue Langor/ le Genot;M;4787185.0;-354969.0;290
8813;201500009774;15;5;9;1130;1;1;1;1;1;297;Lieu dit  Kerlescouarn;M;4789345.0;-354137.0;290
8814;201500009775;15;7;29;1945;1;2;1;1;5;233;Rue de la Gare;M;4786738.0;-354899.0;290
8815;201500009776;15;9;19;1600;1;1;1;1;2;234;Langadoue;M;4786116.0;-349990.0;290
8816;201500009777;15;11;10;1945;3;1;1;1;1;2;Kerbazen;M;4790579.0;-342076.0;290
8817;201500009779;15;12;14;1545;1;2;1;2;1;233;boulevard de la gare;M;4786731.0;-354887.0;290
8818;201500009780;15;6;24;1830;1;1;1;1;1;236;;M;4784329.0;-369363.0;290
8819;201500009781;15;7;3;1645;1;2;1;1;6;217;62 rue Louis Lomenech;M;4785225.0;-373792.0;290
8820;201500009782;15;8;18;1815;1;1;1;1;6;293;Kersalaun;M;4783570.0;-381405.0;290
8821;201500009783;15;8;29;800;1;1;1;1;2;150;Lan Kervignac;M;4780880.0;-365024.0;290
8822;201500009784;15;10;30;2130;3;1;1;1;6;236; Beg Kerliskidig ;M;4784554.0;-371020.0;290
8823;201500009786;15;1;8;1930;5;2;1;8;3;241;Rue Nationale - D765;M;4795952.0;-383285.0;290
8824;201500009787;15;1;19;830;2;1;1;1;2;4;;M;4793248.0;-369575.0;290
8825;201500009788;15;2;19;1530;1;1;1;3;7;281;Prat Ar Venec;M;4801663.0;-383597.0;290
8826;201500009791;15;2;22;1124;1;1;1;8;6;49;Kerisolé;M;4796777.0;-387559.0;290
8827;201500009792;15;4;19;1545;1;1;1;1;1;4;Kernabat;M;4790803.0;-362813.0;290
8828;201500009793;15;5;26;530;3;1;1;1;6;241;Proche Kerlue Bras;M;4797154.0;-384841.0;290
8829;201500009794;15;6;4;1015;1;1;1;1;2;146;Kerampaou échangeur born;M;4790645.0;-383476.0;290
8830;201500009795;15;6;14;445;3;1;1;1;6;281;;M;4802527.0;-382547.0;290
8831;201500009796;15;6;15;900;1;1;1;1;6;146;;M;4790645.0;-383476.0;290
8832;201500009797;15;6;22;2345;3;1;1;1;6;241;;M;4799167.0;-388315.0;290
8833;201500009798;15;7;14;1930;1;1;1;1;7;146;Croas Kerdraïc;M;4790540.0;-385084.0;290
8834;201500009799;15;8;12;945;1;1;1;1;3;274;Parkou Royal;M;4802164.0;-367989.0;290
8835;201500009800;15;9;15;1530;1;1;1;2;1;146;Kerlean;M;4791298.0;-383128.0;290
8836;201500009801;15;10;6;1815;1;1;1;2;1;241;Coat Canton;M;4794930.0;-383715.0;290
8837;201500009802;15;11;1;2100;5;2;1;1;6;272;30 rue jean jaurès;M;4796765.0;-393685.0;290
8838;201500009803;15;1;7;800;2;1;3;1;3;33;;M;4337241.0;518498.0;130
8839;201500009804;15;12;13;1500;1;1;1;1;3;88;;M;0.0;0.0;130
8840;201500009805;15;5;21;800;1;1;1;1;5;20;;M;4716557.0;-162418.0;440
8841;201500009806;15;12;3;745;2;2;1;8;6;20;;M;0.0;0.0;440
8842;201500009807;15;1;19;1330;1;2;1;2;1;199;10 RUE PIERRE DANAY;M;0.0;0.0;330
8843;201500009808;15;1;6;1815;3;1;1;2;6;174;;M;4573480.0;146331.0;870
8844;201500009809;15;3;29;1515;1;1;1;2;1;148;;M;4574360.0;133392.0;870
8845;201500009810;15;4;2;2200;3;1;1;1;6;205;;;;;870
8846;201500009811;15;7;22;1845;1;1;1;1;6;148;;M;4571130.0;139712.0;870
8847;201500009812;15;8;11;2015;1;1;1;1;5;63;;M;4579750.0;140312.0;870
8848;201500009813;15;12;6;1200;1;1;3;1;5;205;;M;4578630.0;128949.0;870
8849;201500009814;15;1;1;635;5;2;1;1;1;155;48, LIBERTE AV.DE LA;M;4356614.0;707062.0;60
8850;201500009816;15;1;3;1855;5;2;4;1;3;155;97, PICASSO AV.ET SQUARE;M;4357470.0;705510.0;60
8851;201500009817;15;4;24;1330;1;2;1;1;6;4;1, VANDENBERG AV.DU GENE;M;4357961.0;712441.0;60
8852;201500009818;15;5;5;1020;1;1;1;1;1;155;01, POURTALET AV.HENRI;M;4358045.0;705533.0;60
8853;201500009819;15;1;17;1620;2;2;1;7;6;155;35, LIBERTE AV.DE LA;M;4356550.0;706950.0;60
8854;201500009820;15;1;30;1100;1;2;1;1;6;4;3, FOCH BD MARECHAL;M;4357927.0;711934.0;60
8855;201500009821;15;5;6;1125;1;2;1;1;2;4;40, ONZE NOVEMBRE AV.DU;M;4358981.0;712425.0;60
8856;201500009822;15;2;6;1600;1;2;1;2;6;4;13, POINCARE BD RAYMOND;;;;60
8857;201500009824;15;2;6;1830;5;2;2;2;3;4;12, CHATAIGNIERS AV.DU;;;;60
8858;201500009825;15;5;7;1614;1;1;1;1;6;4;BORD DE MER RN.98 LA SIE;M;4336285.0;707325.0;60
8859;201500009826;15;2;7;1228;1;2;1;1;6;4;8, LECLERC BD MARECHAL;;;;60
8860;201500009827;15;5;9;1750;1;2;1;1;6;4;35, CANNES(RN.7) AV.DE;;;;60
8861;201500009828;15;2;9;1900;5;2;3;1;3;155;218, LIBERTE AV.DE LA;;;;60
8862;201500009829;15;5;9;2135;5;2;1;1;6;4;81, NICE(RN.7) AV.ET RTE;;;;60
8863;201500009830;15;2;10;1540;1;2;1;1;3;4;91, ROCHAT AV.PHILIPPE;;;;60
8864;201500009831;15;5;10;1530;1;2;1;1;2;4;343, NICE(RN.7) AV.ET RT;M;4336256.0;707263.0;60
8865;201500009832;15;2;20;1530;1;2;1;1;3;155;MASSIER AV.ET IMP.CLEMEN;;;;60
8866;201500009834;15;2;23;946;1;2;1;1;4;4;2355, SAINT CLAUDE CH.DE;;;;60
8867;201500009835;15;5;12;1610;1;2;6;1;6;4;AUTRICHIENS CH.DES;M;4334410.0;706194.0;60
8868;201500009836;15;2;23;1450;1;2;1;1;3;4;1, SAINT CLAUDE CH.DE;;;;60
8869;201500009837;15;5;13;820;1;2;3;1;6;4;809, GREC AV.JULES;M;4335413.0;706539.0;60
8870;201500009838;15;2;26;1150;1;2;1;1;6;4;6, WILSON BD;;;;60
8871;201500009839;15;5;13;845;1;2;1;1;3;4;97, ROCHAT AV.PHILIPPE;M;4335257.0;706237.0;60
8872;201500009840;15;2;28;1320;1;2;1;1;5;155;1490, LIBERTE AV.DE LA;;;;60
8873;201500009841;15;5;13;1845;1;2;2;1;1;155;JUIN AV.MARECHAL;;;;60
8874;201500009842;15;2;28;2200;5;2;1;1;3;4;324, GRASSE RTE DE;;;;60
8875;201500009843;15;5;15;1025;1;2;1;1;6;155;83, PICASSO AV.ET SQUARE;;;;60
8876;201500009844;15;3;6;1355;1;2;2;7;3;4;780, GAROUPE BD DE LA;;;;60
8877;201500009845;15;5;11;1200;1;2;7;1;6;4;ALBERT 1ER BD ET SQUARE;;;;60
8878;201500009846;15;3;8;2140;5;2;1;1;6;4;33, BAUDOIN BD EDOUARD;;;;60
8879;201500009847;15;5;19;1045;1;2;1;1;6;155;13, MASSIER AV.ET IMP.CL;M;4356801.0;707167.0;60
8880;201500009848;15;3;9;1150;1;2;1;1;6;155;ROUSTAN AV.ET BD DES FRE;;;;60
8881;201500009849;15;5;19;1705;1;2;1;1;6;155;74, LIBERTE AV.DE LA;M;4356775.0;707205.0;60
8882;201500009850;15;3;19;1030;1;2;6;1;3;4;0, CAP BD DU;;;;60
8883;201500009851;15;5;20;1950;1;2;1;1;1;4;475, SUQUETTE CH.DE LA;M;;;60
8884;201500009852;15;3;25;1555;1;2;2;2;3;4;0.0, POINCARE BD RAYMOND;;;;60
8885;201500009853;15;5;26;2210;5;1;1;1;1;155;1294, RD6098;M;;;60
8886;201500009854;15;3;28;228;5;1;1;1;6;4;1, NICE(RN.7) AV.ET RTE;;;;60
8887;201500009855;15;5;28;1200;1;2;3;1;2;4;83, CANNES(RN.7) AV.DE;M;4334246.0;705145.0;60
8888;201500009856;15;3;31;2035;5;2;1;1;6;4;88, WILSON BD;;;;60
8889;201500009857;15;5;18;1145;1;2;3;1;3;4;35, SABLES CH.ET ALLEE;M;4334063.0;707034.0;60
8890;201500009858;15;4;4;1854;1;2;2;1;3;4;NICE(RN.7) AV.ET RTE DE;M;4361098.0;712594.0;60
8891;201500009859;15;5;31;1243;1;2;3;1;3;155;15, ROUSTAN AV.ET BD DES;M;4333594.0;438200.0;60
8892;201500009860;15;4;8;815;1;2;1;1;6;4;1, ROCHAT AV.PHILIPPE;M;4358494.0;711777.0;60
8893;201500009861;15;6;2;1216;1;2;1;1;6;4;21, MAUPASSANT-JUAN AV.G;M;4334076.0;706378.0;60
8894;201500009862;15;4;8;915;1;2;6;1;6;4;GREC AV.JULES;M;4359687.0;711410.0;60
8895;201500009863;15;6;15;1500;1;2;2;1;6;4;47, POINCARE BD RAYMOND;M;4334184.0;706241.0;60
8896;201500009864;15;6;15;2025;5;2;1;1;5;155;1158, GRASSE AV.ET ROUTE;M;4334532.0;702305.0;60
8897;201500009865;15;6;22;2146;5;2;1;1;7;4;GRASSE RTE DE;M;4336063.0;704282.0;60
8898;201500009867;15;6;24;1638;1;1;1;1;1;4;RD6098;M;4359479.0;712531.0;60
8899;201500009868;15;6;22;1110;1;2;1;1;6;4;24, WILSON BD;M;4357849.0;711939.0;60
8900;201500009869;15;6;29;1200;1;2;1;1;6;4;91, KENNEDY BD J.F.;M;4355192.0;712880.0;60
8901;201500009871;15;7;3;1448;1;2;3;1;2;155;LIBERTE AV.DE LA;M;4357321.0;708649.0;60
8902;201500009872;15;7;4;1640;1;1;1;1;2;4;GRASSE RTE DE;M;4336116.0;704126.0;60
8903;201500009873;15;7;4;100;5;1;1;1;6;4;RD6007;M;4334438.0;705296.0;60
8904;201500009874;15;7;6;942;1;1;1;1;3;4;0, RD6098;M;4359303.0;712538.0;60
8905;201500009875;15;7;7;940;1;2;1;1;4;4;R.N.98 BORD DE MER SIEST;M;4336170.0;707322.0;60
8906;201500009876;15;7;12;850;1;2;1;1;3;155;100, LIBERTE AV.DE LA;M;4356868.0;707407.0;60
8907;201500009877;15;7;13;1310;1;2;6;1;3;4;GRASSE RTE DE;M;4360179.0;708382.0;60
8908;201500009878;15;7;15;1445;1;2;2;1;3;4;0, POINCARE BD RAYMOND;M;4357189.0;710717.0;60
8909;201500009879;15;7;16;1300;1;2;3;1;3;4;MEILLAND BD FRANCIS;M;4355510.0;712853.0;60
8910;201500009880;15;7;17;3;5;2;1;1;3;4;BORD DE MER RN.98 LA SIE;M;4360822.0;712581.0;60
8911;201500009881;15;7;14;1230;1;2;1;1;1;4;35, CANNES(RN.7) AV.DE;M;4357491.0;709388.0;60
8912;201500009882;15;7;24;1;5;2;1;1;3;4;60, NICE(RN.7) AV.ET RTE;M;4359746.0;712012.0;60
8913;201500009883;15;7;28;1840;1;2;1;1;3;4;13, NICE(RN.7) AV.ET RTE;M;4359051.0;712088.0;60
8914;201500009884;15;7;28;2320;3;1;1;1;6;155;LIBERTE AV.DE LA;M;4355857.0;706367.0;60
8915;201500009885;15;7;30;700;1;2;3;1;1;4;272, GAROUPE BD DE LA;M;4355896.0;713546.0;60
8916;201500009886;15;8;4;800;1;2;1;1;3;4;210, GREC AV.JULES;M;4358931.0;711786.0;60
8917;201500009887;15;8;7;1350;1;2;1;1;1;155;3030, SAINT BERNARD CH.;M;4360173.0;706168.0;60
8918;201500009889;15;8;8;1930;1;2;6;1;3;4;RD6007;M;4357327.0;708667.0;60
8919;201500009890;15;7;29;1135;1;2;1;1;3;4;RD6007;M;4357574.0;709024.0;60
8920;201500009891;15;8;15;1510;1;2;1;1;6;4;41, GUILLAUMONT BD CHARL;M;4356973.0;712276.0;60
8921;201500009892;15;8;17;1835;1;1;1;1;6;4;REIBAUD AV.;M;4358067.0;711683.0;60
8922;201500009893;15;8;21;2200;5;2;1;1;3;4;3055 BIS, PELISSIER AV.J;M;4361340.0;710800.0;60
8923;201500009894;15;8;22;935;1;2;6;1;3;4;463, BIOT (CD.4) RTE DE;M;4361470.0;712014.0;60
8924;201500009896;15;8;28;1845;1;1;1;1;2;4;RD6098;M;;;60
8925;201500009897;15;9;2;1350;1;1;1;1;3;4;0, VERDUN AV.DE;;;;60
8926;201500009899;15;9;4;1050;1;2;3;1;1;4;1318, NICE(RN.7) AV.ET R;M;4361138.0;712613.0;60
8927;201500009900;15;9;11;750;1;2;3;1;6;4;120, GRASSE RTE DE;M;4359141.0;710565.0;60
8928;201500009901;15;9;9;1840;1;2;1;1;3;4;1, REIBAUD AV.;M;4358208.0;711632.0;60
8929;201500009902;15;9;9;2113;5;1;1;2;1;4;2012, NICE(RN.7) AV.ET R;M;4361822.0;712886.0;60
8930;201500009903;15;9;11;850;1;2;1;1;6;4;796, GAROUPE BD DE LA;M;4355508.0;713339.0;60
8931;201500009905;15;9;18;800;1;2;6;1;3;4;PELISSIER AV.JEAN MICHAR;M;4361506.0;710835.0;60
8932;201500009906;15;9;22;750;1;2;1;1;6;4;66, WILSON BD;M;4357500.0;711700.0;60
8933;201500009907;15;9;26;1930;2;2;3;1;3;155;152, LIBERTE AV.DE LA;;;;60
8934;201500009908;15;9;27;2245;5;2;1;1;6;4;GALLICE AV.ET PASSAGE;M;4356788.0;711329.0;60
8935;201500009909;15;10;6;2110;5;1;1;1;1;4;BACON BD DU ET BD GARDIO;;;;60
8936;201500009910;15;10;10;138;5;2;1;1;6;155;223, GRASSE AV.ET ROUTE;M;4334586.0;703026.0;60
8937;201500009911;15;10;11;1235;1;2;1;1;6;4;MAUPASSANT-JUAN AV.GUY D;;;;60
8938;201500009912;15;10;11;1802;1;2;3;1;6;4;POINCARE BD RAYMOND;;;;60
8939;201500009913;15;10;13;1635;1;2;1;1;6;4;05, OLIVIER AV.DES FRERE;M;4357969.0;712014.0;60
8940;201500009914;15;10;14;1700;1;2;3;1;3;155;2791, SAINT BERNARD CH.;;;;60
8941;201500009915;15;10;3;2140;3;2;1;3;6;155;5, GARE AV.DE LA;M;4356651.0;707451.0;60
8942;201500009916;15;10;26;1605;1;1;6;1;2;4;TROIS MOULINS RUE DES;M;4360488.0;708218.0;60
8943;201500009917;15;11;5;1920;5;2;1;1;6;4;29, AUTRICHIENS CH.DES;;;;60
8944;201500009918;15;11;7;540;5;2;1;1;6;4;256, NICE(RN.7) AV.ET RT;;;;60
8945;201500009919;15;11;8;1830;5;2;2;1;1;155;54, MER AV.DE LA;M;4357325.0;708670.0;60
8946;201500009920;15;11;10;1120;1;2;1;1;6;4;16 bis, PEYREGOUE CH.DE;M;4358280.0;710454.0;60
8947;201500009921;15;11;5;2000;5;2;1;1;1;155;MIMOSAS(VALLAURIS) AV.DE;;;;60
8948;201500009922;15;11;14;1023;1;2;1;1;6;4;NATIONALE PLACE;;;;60
8949;201500009923;15;11;21;237;5;2;6;1;1;155;853, NOTRE DAME CH.;M;4334394.0;704051.0;60
8950;201500009925;15;11;27;1620;1;1;1;1;6;4;93, WILSON BD;M;4357116.0;711476.0;60
8951;201500009926;15;12;2;915;1;2;6;1;6;4;1085, GREC AV.JULES;;;;60
8952;201500009927;15;12;4;1800;5;1;1;1;1;155;er73 /409, SAINT BERNARD;M;4360320.0;706328.0;60
8953;201500009928;15;12;10;1200;1;2;1;1;1;4;134, POINCARE BD RAYMOND;M;4357325.0;710072.0;60
8954;201500009929;15;12;10;730;2;2;1;1;3;4;1276, NICE(RN.7) AV.ET R;M;4361134.0;712615.0;60
8955;201500009930;15;12;11;1911;1;1;1;1;6;155;598, RD6007;M;4355854.0;706372.0;60
8956;201500009931;15;12;15;940;1;2;2;1;6;4;BOURGEOIS AV.GASTON;M;4357663.0;712361.0;60
8957;201500009932;15;12;21;710;2;2;3;1;3;4;0, SAINT CLAUDE CH.DE;M;4359629.0;710592.0;60
8958;201500009933;15;12;23;1410;1;1;1;1;4;155;1521, SAINT BERNARD CH.;;;;60
8959;201500009934;15;12;26;1220;1;2;1;1;6;4;110, MEILLAND BD FRANCIS;M;4355631.0;712817.0;60
8960;201500009936;15;1;4;1620;1;2;1;1;3;27;ALPES AVENUE DES;;;;60
8961;201500009937;15;12;1;1745;5;2;4;1;6;27;DREVON RUE GENDARME;;;;60
8962;201500009938;15;6;1;1150;1;2;1;1;2;27;69, NICE AVENUE DE (RN7);;;;60
8963;201500009939;15;12;6;1900;1;2;1;2;2;123;181, 11 NOVEMBRE AVENUE;;;;60
8964;201500009940;15;6;3;1410;1;1;3;1;3;27;FIGUIERS RUE DES;;;;60
8965;201500009941;15;12;8;1830;5;2;1;1;2;123;BORD DE MER RN 98;;;;60
8966;201500009942;15;1;8;1030;1;2;1;1;3;123;435, BARONNE ROUTE DE LA;M;4370276.0;717865.0;60
8967;201500009943;15;6;5;820;1;1;3;1;3;27;CHENES AVENUE DES;;;;60
8968;201500009944;15;1;8;1645;1;2;1;1;3;27;34, GAUDE AVENUE DE LA;M;4366768.0;715218.0;60
8969;201500009945;15;12;9;1040;1;2;2;1;3;123;VESPINS ROUTE DES;;;;60
8970;201500009946;15;6;5;1135;1;2;1;1;6;27;VERDUN AVENUE DE;;;;60
8971;201500009948;15;12;10;825;1;2;1;1;3;123;ESPLANADE DU LEVANT;;;;60
8972;201500009949;15;6;8;1705;1;2;1;1;2;27;66, VALLON DES VAUX CHEM;;;;60
8973;201500009950;15;12;11;705;2;2;1;1;3;27;85, GRASSE AVENUE DE;;;;60
8974;201500009951;15;6;11;1215;1;2;6;1;3;123;VERDUN AVENUE DE;;;;60
8975;201500009952;15;1;13;900;1;2;1;1;3;27;101, PLAGE PROMENADE DE;M;4365790.0;716971.0;60