;Num_Acc;an;mois;jour;hrmn;lum;agg;int;atm;col;com;adr;gps;lat;long;dep
8976;201500009953;15;1;26;820;1;2;1;1;3;27;CHEIRON AVENUE DU;;;;60
8977;201500009954;15;12;16;1235;1;2;1;1;6;27;5, PLAGE BOULEVARD DE LA;;;;60
8978;201500009955;15;6;17;1730;1;2;3;1;2;27;GARE AVENUE DE LA;;;;60
8979;201500009956;15;1;28;1840;5;2;3;1;3;27;NICE AVENUE DE (RN7);;;;60
8980;201500009957;15;12;13;2020;5;2;1;1;6;123;BORD DE MER RN 98;;;;60
8981;201500009958;15;6;18;730;1;2;1;1;6;27;2, NICE AVENUE DE (RN7);;;;60
8982;201500009959;15;12;17;945;1;2;1;1;6;27;LECLERCAVENUE GENERAL;;;;60
8983;201500009960;15;6;20;1015;1;2;3;1;3;27;BESSET AVENUE CYRILLE;;;;60
8984;201500009961;15;1;28;2025;5;2;1;1;3;27;91, VAL FLEURI CHEMIN DU;M;4366850.0;716658.0;60
8985;201500009962;15;1;31;1145;1;2;1;1;2;27;SERRE AVENUE DE LA;;;;60
8986;201500009963;15;12;12;2135;5;2;1;1;3;123;88, DE GAULLE GENERAL AV;;;;60
8987;201500009964;15;6;24;1930;1;2;1;1;3;27;48, NICE AVENUE DE (RN7);;;;60
8988;201500009965;15;2;1;1400;1;2;3;1;5;27;CHENES AVENUE DES;M;4366019.0;715558.0;60
8989;201500009966;15;12;28;1105;1;2;1;1;6;27;53, VAL FLEURI CHEMIN DU;;;;60
8990;201500009967;15;6;27;1330;1;2;3;1;1;27;BESSET AVENUE CYRILLE;;;;60
8991;201500009968;15;2;4;940;1;2;1;1;3;123;GARE ROUTE DE LA;;;;60
8992;201500009969;15;12;30;2245;5;2;1;1;6;123;GERBAULT ALAIN PROMENADE;;;;60
8993;201500009970;15;6;27;1730;1;2;1;1;3;123;GARE ROUTE DE LA;;;;60
8994;201500009971;15;2;6;2140;5;2;2;1;3;27;NICE AVENUE DE (RN7);;;;60
8995;201500009972;15;6;28;1940;1;2;1;1;3;123;521, LIBERATION AVENUE D;;;;60
8996;201500009973;15;2;9;1650;1;2;1;1;5;27;59, VAL FLEURI CHEMIN DU;;;;60
8997;201500009974;15;6;29;810;1;2;3;1;5;27;99, PLAGE BOULEVARD DE L;;;;60
8998;201500009975;15;2;10;1505;1;2;1;1;2;27;PROMENADE DE L HIPPODROM;;;;60
8999;201500009976;15;6;29;1810;1;2;2;1;3;27;CHENES AVENUE DES;;;;60
9000;201500009978;15;2;12;1645;1;2;1;1;7;123;110, VERDUN AVENUE DE;;;;60
9001;201500009979;15;6;29;2320;5;2;1;1;2;27;5, KENNEDY BOULEVARD J.F;;;;60
9002;201500009980;15;2;16;1800;1;2;1;2;6;27;63, JUIN BOULEVARD MAREC;;;;60
9003;201500009982;15;2;17;750;1;2;1;1;3;27;PAGNOL AVENUE MARCEL;;;;60
9004;201500009984;15;7;2;1415;1;2;1;1;3;27;71, GRASSE AVENUE DE;;;;60
9005;201500009985;15;7;2;1940;1;2;1;1;1;123;1814, BARONNE ROUTE DE L;;;;60
9006;201500009986;15;2;20;1315;1;2;1;1;6;27;29, RENOIR AVENUE AUGUST;;;;60
9007;201500009988;15;2;20;1740;1;2;1;1;3;27;CANNES AVENUE DE (RN7);;;;60
9008;201500009989;15;7;11;1935;1;2;1;1;3;123;667, DE GAULLE GENERAL A;;;;60
9009;201500009990;15;2;22;1045;1;2;1;1;3;123;BORD DE MER RN 98;;;;60
9010;201500009991;15;7;13;925;1;2;1;1;1;123;3348, ST JEANNET ROUTE D;;;;60
9011;201500009992;15;2;23;1030;1;2;1;1;3;27;115, NICE AVENUE DE (RN7;;;;60
9012;201500009993;15;7;16;930;1;2;2;1;4;123;BORD DE MER RN 98;;;;60
9013;201500009994;15;2;27;1740;1;2;1;1;2;123;LIBERATION AVENUE DE LA;;;;60
9014;201500009995;15;7;17;430;5;2;1;1;6;27;1, PLAGE BOULEVARD DE LA;;;;60
9015;201500009996;15;3;4;940;1;2;3;1;3;27;ESPARTES CHEMIN DES;;;;60
9016;201500009997;15;7;20;1100;1;2;3;1;6;123;LECLERC GENERAL AVENUE;;;;60
9017;201500009998;15;7;20;1315;1;2;2;1;3;27;GARE AVENUE DE LA;;;;60
9018;201500009999;15;3;1;1600;1;2;1;1;1;123;GUYNEMER AVENUE;;;;60
9019;201500010002;15;7;25;1010;1;2;2;1;2;123;BORD DE MER RN 98;;;;60
9020;201500010003;15;3;19;1600;1;2;1;1;6;27;54, ALPES AVENUE DES;;;;60
9021;201500010004;15;7;26;810;1;2;1;1;6;123;299, SAUVAIGO PIERRE AVE;;;;60
9022;201500010005;15;7;26;2115;1;2;1;1;3;27;22, VAL FLEURI CHEMIN DU;;;;60
9023;201500010006;15;3;20;1525;1;2;1;1;2;27;104, PLAGE BOULEVARD DE;;;;60
9024;201500010007;15;3;21;1940;5;2;1;1;6;123;849, AICARD AVENUE;;;;60
9025;201500010008;15;7;28;2000;1;2;1;1;3;27;12 b, COLLE AVENUE DE LA;;;;60
9026;201500010009;15;7;29;1515;1;2;1;1;3;27;8, NICE AVENUE DE (RN7);;;;60
9027;201500010010;15;7;29;1730;1;2;1;1;6;27;68, NICE AVENUE DE (RN7);;;;60
9028;201500010011;15;3;24;2330;5;2;1;1;1;123;DONADEI EUGENE AVENUE;;;;60
9029;201500010012;15;3;25;810;1;2;3;1;3;123;ZOO AVENUE DU;;;;60
9030;201500010013;15;7;29;2115;1;2;2;1;3;123;BORD DE MER RN 98;;;;60
9031;201500010015;15;3;27;1710;1;2;6;1;3;123;MAICON PROMENADE;;;;60
9032;201500010016;15;4;2;750;1;2;3;1;3;27;NICE AVENUE DE (RN7);;;;60
9033;201500010017;15;8;6;1930;1;2;6;1;2;27;CANNES AVENUE DE (RN7);;;;60
9034;201500010018;15;4;2;1920;1;2;2;1;3;27;NICE AVENUE DE (RN7);;;;60
9035;201500010019;15;8;7;1530;1;2;1;1;3;123;2085, PUGETS MOYENNE COR;;;;60
9036;201500010020;15;8;8;1515;1;2;3;1;1;27;PLAGE BOULEVARD DE LA;;;;60
9037;201500010022;15;4;8;2340;5;2;3;1;3;27;GARE AVENUE DE LA;;;;60
9038;201500010023;15;8;13;2030;2;2;2;1;3;27;NICE AVENUE DE (RN7);;;;60
9039;201500010024;15;4;8;2230;5;2;1;1;1;123;GARE ROUTE DE LA;;;;60
9040;201500010025;15;8;24;930;1;2;1;1;2;27;20, NICE AVENUE DE (RN7);;;;60
9041;201500010026;15;8;26;800;1;2;3;1;7;123;PUGETS ROUTE DES;;;;60
9042;201500010027;15;4;14;1605;1;2;4;1;3;123;11 NOVEMBRE AVENUE DU;M;4367185.0;719239.0;60
9043;201500010028;15;8;26;1750;1;2;1;1;3;123;1267, CURIE PIERRE ET MA;;;;60
9044;201500010029;15;4;18;1030;1;2;3;1;3;123;AGRICULTEURS ALLEE DES;M;4370327.0;718457.0;60
9045;201500010030;15;8;27;1205;1;2;1;1;2;27;CANNES AVENUE DE (RN7);;;;60
9046;201500010032;15;8;30;105;5;2;2;1;3;27;JUIN BOULEVARD MARECHAL;;;;60
9047;201500010034;15;4;20;2245;5;2;2;1;3;27;NICE AVENUE DE (RN7);M;4365622.0;715500.0;60
9048;201500010035;15;9;10;1130;1;2;1;1;2;27;18, RENOIR AVENUE AUGUST;;;;60
9049;201500010036;15;4;24;1015;1;2;1;1;6;27;113, VAL FLEURI CHEMIN D;M;4367078.0;716395.0;60
9050;201500010037;15;9;19;2210;5;2;1;1;3;27;FUSAINS RUE DES;;;;60
9051;201500010038;15;9;24;1855;1;2;1;1;3;27;30, JUIN BOULEVARD MAREC;;;;60
9052;201500010039;15;5;1;230;5;2;3;1;6;27;PLAGE BOULEVARD DE LA;;;;60
9053;201500010040;15;9;27;1640;1;2;3;1;3;27;NICE AVENUE DE (RN7);;;;60
9054;201500010043;15;10;4;2130;5;2;1;1;2;123;975, DE GAULLE GENERAL A;;;;60
9055;201500010044;15;5;18;1150;1;2;1;1;4;27;60, NICE AVENUE DE (RN7);;;;60
9056;201500010046;15;5;19;1045;1;2;1;1;6;27;61, GARE AVENUE DE LA;;;;60
9057;201500010047;15;10;5;1115;1;2;6;1;2;27;ALPES AVENUE DES;;;;60
9058;201500010048;15;5;21;1740;1;2;3;1;2;27;CANNES AVENUE DE (RN7);;;;60
9059;201500010049;15;10;3;1600;1;2;1;3;6;123;GARE ROUTE DE LA;;;;60
9060;201500010050;15;10;7;1150;1;2;1;1;4;27;4, ST LAURENT CHEMIN DE;;;;60
9061;201500010051;15;5;23;2345;5;2;1;1;2;27;7, PLAGE BOULEVARD DE LA;;;;60
9062;201500010053;15;5;25;1800;1;2;1;1;5;27;81, PLAGE BOULEVARD DE L;;;;60
9063;201500010054;15;10;13;1600;1;2;1;1;1;123;VESPINS ROUTE DES;;;;60
9064;201500010055;15;5;28;1900;1;2;1;1;3;27;450, VENCE ROUTE DE;;;;60
9065;201500010056;15;10;14;355;5;2;4;1;7;123;GERBAULT ALAIN PROMENADE;;;;60
9066;201500010057;15;10;13;1805;2;2;4;1;5;123;BARONNE ROUTE DE LA;;;;60
9067;201500010058;15;5;31;1605;1;2;1;1;3;27;60, NICE AVENUE DE (RN7);;;;60
9068;201500010059;15;10;13;1950;2;2;1;1;1;27;81, GRASSE AVENUE DE;;;;60
9069;201500010060;15;10;15;1005;2;2;1;1;3;27;24, ST LAURENT CHEMIN DE;;;;60
9070;201500010061;15;10;15;2020;5;2;1;1;3;27;83, VAL FLEURI CHEMIN DU;;;;60
9071;201500010062;15;10;19;1400;1;2;1;1;3;27;26, DONAT AVENUE DOCTEUR;;;;60
9072;201500010063;15;10;22;800;1;2;1;1;1;27;COLLE AVENUE DE LA;;;;60
9073;201500010064;15;10;25;2015;5;2;2;1;3;27;NICE AVENUE DE (RN7);;;;60
9074;201500010065;15;10;15;1500;1;2;3;1;3;27;NICE AVENUE DE (RN7);;;;60
9075;201500010066;15;11;10;1345;1;2;1;1;4;27;47, PLAGE BOULEVARD DE L;M;4365574.0;716153.0;60
9076;201500010067;15;11;7;1200;1;2;1;1;4;27;78, NICE AVENUE DE (RN7);;;;60
9077;201500010069;15;11;10;830;1;2;1;1;2;123;PUGETS ROUTE DES;;;;60
9078;201500010071;15;11;10;800;1;2;1;1;6;123;AMADIEU AVENUE PIERRE;;;;60
9079;201500010072;15;11;5;1050;1;2;1;1;3;27;VERDUN AVENUE DE;;;;60
9080;201500010074;15;11;25;1010;1;2;6;1;3;27;VERDUN AVENUE DE;;;;60
9081;201500010075;15;4;27;300;5;2;1;1;6;27;156, COLLE AVENUE DE LA;M;4367241.0;712076.0;60
9082;201500010076;15;1;4;1545;1;2;2;1;3;29;BLANC (RUE LOUIS);M;4355303.0;701274.0;60
9083;201500010077;15;1;5;1535;1;2;1;1;3;29;TONNER (AVENUE FRANCIS);;;;60
9084;201500010078;15;1;7;745;1;2;1;1;6;29;TONNER (AVENUE FRANCIS);;;;60
9085;201500010079;15;1;8;1720;5;2;1;1;3;29;GALLIENI (AVENUE MARECHA;;;;60
9086;201500010080;15;1;12;1650;1;2;1;1;6;29;35, VALLAURIS (AVENUE DE;M;4355833.0;702684.0;60
9087;201500010081;15;1;16;1605;1;2;1;1;3;29;53, JOURDAN (AVENUE MICH;M;4355321.0;697464.0;60
9088;201500010082;15;1;17;1720;5;2;1;1;6;29;DOZOL (AVENUE ANTHONY);;;;60
9089;201500010083;15;1;17;2215;4;2;1;1;1;29;37, VALLAURIS (AVENUE DE;M;4355830.0;702708.0;60
9090;201500010084;15;1;20;1400;1;2;1;1;3;29;METROPOLE (BOULEVARD);;;;60
9091;201500010086;15;1;23;1734;1;2;1;1;6;29;12, COTEAUX (AVENUE DES);M;4356670.0;702298.0;60
9092;201500010087;15;1;27;1715;1;2;1;1;3;30;JEANPIERRE (AVENUE MAURI;;;;60
9093;201500010088;15;2;2;846;1;2;1;1;6;30;00, CACTUS (RUE DES);;;;60
9094;201500010089;15;2;7;1531;1;1;1;1;6;29;DIX HUIT JUIN (PLACE DU);;;;60
9095;201500010090;15;2;11;1805;5;2;1;1;3;30;JEANPIERRE (AVENUE MAURI;;;;60
9096;201500010091;15;2;13;1845;1;2;1;1;1;29;MIDI (BOULEVARD DU);;;;60
9097;201500010092;15;2;17;1915;5;2;1;1;7;29;DIX HUIT JUIN (PLACE DU);;;;60
9098;201500010093;15;2;18;1531;1;2;1;1;6;29;CROISETTE (BOULEVARD DE;;;;60
9099;201500010094;15;2;18;1625;1;2;1;1;3;29;00, MERIMEE (SQUARE);;;;60
9100;201500010095;15;2;26;1930;5;2;1;1;6;29;00, MIDI (BOULEVARD DU);;;;60
9101;201500010097;15;3;6;1144;1;2;1;1;6;30;NORD (BOULEVARD DU);;;;60
9102;201500010098;15;3;9;1130;1;2;1;1;7;29;00, VAUTRIN (BOULEVARD D;;;;60
9103;201500010099;15;3;15;1310;1;2;1;2;6;30;19/21, SADI CARNOT (BOUL;;;;60
9104;201500010100;15;3;17;927;1;2;1;1;7;29;10, CARNOT (BOULEVARD);;;;60
9105;201500010101;15;3;17;1546;1;2;1;1;6;29;VAUTRIN (BOULEVARD DU GE;;;;60
9106;201500010102;15;3;17;2020;5;2;1;1;3;29;24, MIDI (BOULEVARD DU);;;;60
9107;201500010103;15;3;21;1641;1;2;1;1;6;29;BROUSSAILLES (AVENUE DES;;;;60
9108;201500010104;15;3;24;1850;2;2;1;1;3;30;47, DOUMER (BOULEVARD PA;;;;60
9109;201500010106;15;3;26;1315;1;2;1;1;3;29;00, CLEMENCEAU (RUE GEOR;;;;60
9110;201500010107;15;3;26;1620;1;2;1;1;6;29;ANTIBES (RUE D');;;;60
9111;201500010110;15;3;29;2010;5;2;1;1;3;29;181, GRASSE (AVENUE DE);;;;60
9112;201500010111;15;3;31;1310;1;2;1;1;6;29;BUDIN (RUE DR);;;;60
9113;201500010112;15;4;2;1445;1;2;1;1;2;30;00, CACTUS (RUE DES);M;4357452.0;699976.0;60
9114;201500010113;15;4;4;1130;1;2;1;1;6;30;290, CAMPON (RUE;M;4357197.0;701358.0;60
9115;201500010114;15;4;7;1015;1;2;1;1;2;29;55, POESIE (AVENUE PIERR;M;4355335.0;696339.0;60
9116;201500010115;15;4;8;820;1;2;1;1;6;29;26, VERCORS (AVENUE DU);M;4355572.0;697326.0;60
9117;201500010116;15;4;9;1355;1;2;1;1;6;29;LEADER (BOULEVARD);;;;60
9118;201500010117;15;4;14;250;5;2;1;1;7;30;61, VALBONNE (ROUTE  DE);M;4357943.0;701384.0;60
9119;201500010118;15;4;15;1630;1;2;1;1;6;29;HADDAD SIMON (RUE);M;4355520.0;702321.0;60
9120;201500010119;15;4;22;1835;1;2;1;1;6;29;BORDE (AVENUE DE LA)(BOC;;;;60
9121;201500010120;15;4;25;1300;1;2;1;1;2;29;00, DIX HUIT JUIN (PLACE;M;4355397.0;701708.0;60
9122;201500010121;15;4;15;1700;1;2;1;1;6;29;MIDI (BOULEVARD DU);;;;60
9123;201500010122;15;4;28;1737;1;2;1;1;3;29;00, ALSACE ( BOULEVARD D;M;4355436.0;701987.0;60
9124;201500010124;15;4;30;1915;1;2;1;1;6;29;24, PICAUD (AVENUE DR) B;;;;60
9125;201500010126;15;5;7;755;1;2;1;1;7;30;4, NOIRCARME (RUE LIEUTE;;;;60
9126;201500010127;15;5;9;1350;1;2;1;1;3;29;COTEAUX (AVENUE DES);;;;60
9127;201500010128;15;5;10;950;1;2;1;1;3;29;18, MIDI (BOULEVARD DU);;;;60
9128;201500010129;15;5;6;1300;1;2;1;1;2;29;71, JUIN (AVENUE MARECHA;;;;60
9129;201500010130;15;5;13;1821;1;2;1;1;6;29;170, VALLAURIS (AVENUE D;;;;60
9130;201500010132;15;5;14;1725;1;2;1;1;6;29;26, PICAUD (AVENUE DR) B;;;;60
9131;201500010133;15;5;17;2008;1;2;1;1;6;29;TONNER (AVENUE FRANCIS);;;;60
9132;201500010134;15;5;19;715;1;2;1;1;7;30;06, MOULIN (BOULEVARD JE;;;;60
9133;201500010135;15;5;19;825;1;2;1;1;7;29;MUSSET (RUE ALFRED DE);;;;60
9134;201500010136;15;5;19;1523;1;2;1;1;6;29;ANCIENS COMBATTANTS D'AF;;;;60
9135;201500010137;15;5;20;909;1;2;1;1;3;30;DOUMER (BOULEVARD PAUL);;;;60
9136;201500010138;15;5;21;1535;1;2;1;1;6;29;JUIN (AVENUE MARECHAL);;;;60
9137;201500010140;15;5;26;835;1;2;1;1;3;30;26, MOULIN (BOULEVARD JE;;;;60
9138;201500010141;15;5;26;2315;5;2;1;1;6;29;20, CLEMENCEAU (RUE GEOR;;;;60
9139;201500010143;15;5;29;756;1;2;1;1;6;29;151, JUIN (AVENUE MARECH;;;;60
9140;201500010144;15;5;30;1857;1;2;1;1;6;29;CEDRE (AVENUE DU);;;;60
9141;201500010145;15;6;1;1245;1;2;1;1;3;29;42, JUIN (AVENUE MARECHA;;;;60
9142;201500010146;15;6;2;825;1;2;1;1;6;30;CAUVIN (RUE GENERAL);;;;60
9143;201500010147;15;6;2;1450;1;2;1;1;3;29;00, CLEMENCEAU (RUE GEOR;;;;60
9144;201500010148;15;6;4;1434;1;2;1;1;7;30;SADI CARNOT (BOULEVARD);;;;60
9145;201500010150;15;6;7;931;1;2;1;1;1;29;62, CROIX DES GARDES (AV;;;;60
9146;201500010151;15;6;7;1701;1;2;1;1;2;30;76, ROOSEVELT (AVENUE FR;;;;60
9147;201500010152;15;6;8;1002;1;2;1;1;4;30;50, CAMPON (RUE;;;;60
9148;201500010153;15;6;8;1802;1;2;1;1;7;29;29, CARNOT (BOULEVARD);;;;60
9149;201500010155;15;6;11;1209;1;2;1;1;3;30;CARNOT (BOULEVARD);;;;60
9150;201500010156;15;6;11;2320;5;2;1;1;6;29;CARNOT (BOULEVARD);;;;60
9151;201500010157;15;6;13;1130;1;2;1;1;6;30;3/5, DOUMER (BOULEVARD P;;;;60
9152;201500010158;15;6;16;1722;1;2;1;1;7;29;14, CROISETTE (BOULEVARD;;;;60
9153;201500010159;15;6;21;1220;1;2;1;1;6;30;00, FERRY (RUE JULES);;;;60
9154;201500010160;15;6;22;305;5;2;1;1;7;29;PANTIERO (PROMENADE DE L;;;;60
9155;201500010161;15;6;24;930;1;2;1;1;6;30;73, DOUMER (BOULEVARD PA;;;;60
9156;201500010162;15;6;24;736;1;2;1;1;3;29;00, RIOU (BOULEVARD DU);;;;60
9157;201500010163;15;6;24;1933;1;2;1;1;6;29;MIDI (BOULEVARD DU);;;;60
9158;201500010164;15;6;26;1510;1;2;1;1;7;29;52, TONNER (AVENUE FRANC;;;;60
9159;201500010165;15;6;26;1215;1;2;1;1;3;29;260, JOURDAN (AVENUE MIC;;;;60
9160;201500010166;15;6;28;1910;1;2;1;1;3;29;74, JOURDAN (AVENUE MICH;;;;60
9161;201500010167;15;6;27;430;5;2;1;1;3;29;15, BROUSSAILLES (AVENUE;;;;60
9162;201500010168;15;6;29;940;1;2;1;1;6;29;159, TONNER (AVENUE FRAN;;;;60
9163;201500010169;15;6;29;1353;1;2;2;1;3;29;CROISETTE (BOULEVARD DE;;;;60
9164;201500010170;15;7;5;1906;1;2;1;1;6;29;MIDI (BOULEVARD DU);;;;60
9165;201500010171;15;7;8;1430;1;2;1;7;3;30;00, CARIMAI (RUE);;;;60
9166;201500010172;15;7;11;1837;1;2;1;1;2;29;20, MIDI (BOULEVARD DU);;;;60
9167;201500010173;15;7;11;1952;1;2;1;1;7;29;5, FIESOLE (AVENUE);;;;60
9168;201500010174;15;7;14;1150;1;2;1;7;7;30;111, SADI CARNOT (BOULEV;;;;60
9169;201500010175;15;7;14;2225;5;2;1;1;3;29;156, LEADER (BOULEVARD);;;;60
9170;201500010176;15;7;14;2316;5;2;1;1;7;29;18, MIDI (BOULEVARD DU);;;;60
9171;201500010177;15;7;15;1221;1;2;1;1;3;29;52, BACHAGA SAID BOUALAM;;;;60
9172;201500010178;15;7;16;2355;5;2;1;1;3;29;MIDI (BOULEVARD DU);;;;60
9173;201500010179;15;7;16;1230;1;2;1;1;3;29;18, MIDI (BOULEVARD DU);;;;60
9174;201500010180;15;7;16;1730;1;2;1;1;1;30;28, MERMOZ (AVENUE JEAN);;;;60
9175;201500010181;15;7;16;2350;5;2;1;1;3;29;32, LORRAINE (BOULEVARD;;;;60
9176;201500010184;15;7;20;2158;5;2;1;1;3;29;13, LEADER (BOULEVARD);;;;60
9177;201500010185;15;7;21;1731;1;2;1;1;3;30;LACOUR (AVENUE);;;;60
9178;201500010186;15;7;22;1031;1;2;1;1;3;30;92, CARNOT (BOULEVARD);;;;60
9179;201500010188;15;7;25;1300;1;2;1;7;6;30;SERRA CAPEOU (RUE);;;;60
9180;201500010189;15;7;29;950;1;2;1;1;6;29;MIDI (BOULEVARD DU);;;;60
9181;201500010190;15;7;29;1520;1;2;1;1;6;29;00, CROISETTE (BOULEVARD;;;;60
9182;201500010191;15;8;1;1500;1;2;1;1;6;29;ANDRE (RUE CDT);;;;60
9183;201500010192;15;8;12;1200;1;2;3;1;6;29;BROUSSAILLES (AVENUE DES;;;;60
9184;201500010193;15;8;12;1250;1;2;1;1;3;29;4, ESTEREL (AVENUE DE L';M;4355613.0;704341.0;60
9185;201500010194;15;8;14;1125;1;2;3;1;3;29;COUVERTURE VOIE FERREE;;;;60
9186;201500010195;15;8;15;1830;1;2;1;1;3;29;MIDI (BOULEVARD DU);;;;60
9187;201500010196;15;8;15;2200;4;2;1;1;6;29;90, CARNOT (BOULEVARD);;;;60
9188;201500010197;15;8;21;1713;1;2;1;1;2;29;00, RIVAGE (BOULEVARD DU;;;;60
9189;201500010199;15;8;17;1032;1;2;1;1;3;29;22, TONNER (AVENUE FRANC;;;;60
9190;201500010200;15;8;24;1830;1;2;1;3;6;29;GRASSE (AVENUE DE);;;;60
9191;201500010201;15;8;17;1139;1;2;1;1;6;29;BRET (AVENUE DU CDT);;;;60
9192;201500010202;15;8;31;100;5;2;3;1;6;29;ANTIBES (RUE D');;;;60
9193;201500010203;15;8;31;841;1;2;1;1;2;29;LORRAINE (BOULEVARD DE);;;;60
9194;201500010204;15;8;31;1150;1;2;1;1;6;29;60, PICAUD (AVENUE DU DO;;;;60
9195;201500010205;15;8;31;1800;1;2;1;1;2;29;PICAUD (AVENUE DR) BOCCA;;;;60
9196;201500010206;15;9;1;1622;1;2;1;1;7;29;83, CARNOT (BOULEVARD);;;;60
9197;201500010207;15;9;6;120;5;2;1;1;1;29;32, MIDI (BOULEVARD DU);;;;60
9198;201500010208;15;9;6;1756;1;2;1;1;2;29;233, JOURDAN (AVENUE MIC;;;;60
9199;201500010209;15;9;7;2030;5;2;1;1;6;30;69A, ROOSEVELT (AVENUE F;;;;60
9200;201500010210;15;9;7;2144;5;2;1;1;3;29;POESIE (AVENUE PIERRE);;;;60
9201;201500010211;15;9;8;859;1;2;1;1;2;30;43, MERIMEE (RUE PROSPER;;;;60
9202;201500010212;15;9;8;1355;1;2;1;1;2;30;FOUR A CHAUX (BD DU);;;;60
9203;201500010213;15;9;8;1400;1;2;1;1;3;29;CLEMENCEAU (RUE GEORGES);;;;60
9204;201500010214;15;9;14;2100;5;2;1;1;2;29;00, PICAUD (AVENUE DU DO;;;;60
9205;201500010215;15;9;18;936;1;2;1;1;7;30;SADI CARNOT (BOULEVARD);;;;60
9206;201500010216;15;9;18;1406;1;2;1;7;7;29;109, CARNOT (BOULEVARD);;;;60
9207;201500010217;15;9;20;835;1;2;1;1;3;29;MIDI (BOULEVARD DU);;;;60
9208;201500010218;15;9;22;1055;1;2;1;1;6;29;00, LEADER (BOULEVARD);;;;60
9209;201500010219;15;9;26;1816;1;2;1;1;3;29;00, JOURDAN (AVENUE MICH;;;;60
9210;201500010220;15;9;26;2230;5;2;1;1;2;29;00, FERRAGE (BOULEVARD D;;;;60
9211;201500010221;15;10;3;740;1;2;1;1;3;29;00, COUBERTIN (AVENUE PI;;;;60
9212;201500010222;15;10;14;1845;2;2;1;1;6;29;00, MIDI (BOULEVARD DU);;;;60
9213;201500010223;15;10;21;1230;1;2;1;1;6;30;110, SADI CARNOT (BOULEV;;;;60
9214;201500010224;15;10;21;1630;1;2;1;1;3;29;25, PICAUD (AVENUE DU DO;;;;60
9215;201500010225;15;10;27;1338;1;2;1;1;2;29;FERRAGE (BOULEVARD DE LA;;;;60
9216;201500010226;15;10;27;2000;5;2;1;1;6;29;13, BROUSSAILLES (AVENUE;;;;60
9217;201500010227;15;10;29;1814;5;2;1;1;6;29;53, PICAUD (AVENUE DR) B;;;;60
9218;201500010228;15;11;1;1625;1;2;1;1;6;29;MIDI (BOULEVARD DU);;;;60
9219;201500010229;15;11;9;810;1;2;1;1;3;29;PICAUD (AVENUE DU DOCTEU;;;;60
9220;201500010230;15;11;12;845;1;2;1;1;3;29;HIBERT (BOULEVARD JEAN);;;;60
9221;201500010231;15;11;15;1907;5;2;1;1;2;29;00, ANCIENS COMBATTANTS;;;;60
9222;201500010232;15;11;19;1541;1;2;1;1;3;29;00, HIBERT (BOULEVARD JE;;;;60
9223;201500010234;15;11;25;1823;5;2;1;1;7;29;21, CARNOT (BOULEVARD);;;;60
9224;201500010235;15;11;27;1515;1;2;1;1;6;29;76, TONNER (AVENUE FRANC;;;;60
9225;201500010236;15;11;27;1930;5;2;1;1;3;29;00, CROISETTE (BOULEVARD;;;;60
9226;201500010237;15;12;2;1035;1;2;1;1;6;29;15, MONTE-CARLO (AVENUE);;;;60
9227;201500010239;15;12;3;1745;2;2;2;1;2;29;COUBERTIN (AVENUE PIERRE;;;;60
9228;201500010240;15;12;7;1215;1;2;1;1;2;29;41, PICAUD (AVENUE DR) B;;;;60
9229;201500010242;15;12;12;1930;5;2;1;1;3;30;42, CAMPELIERES (CHEMIN;;;;60
9230;201500010243;15;12;12;1349;1;2;1;1;2;29;MIDI (BOULEVARD DU);;;;60
9231;201500010244;15;12;11;1755;5;2;1;1;6;30;REPUBLIQUE (RUE DE LA);;;;60
9232;201500010245;15;12;13;2120;5;2;1;1;6;29;82, ROUBINE (AVENUE DE L;;;;60
9233;201500010246;15;12;17;715;2;2;2;1;3;29;JOURDAN (AVENUE MICHEL);;;;60
9234;201500010248;15;12;23;350;5;2;1;1;6;29;67, CROISETTE (BOULEVARD;;;;60
9235;201500010249;15;12;25;1640;1;2;1;1;3;29;ALSACE ( BOULEVARD D');;;;60
9236;201500010250;15;12;28;1100;1;2;1;1;6;29;JUIN (AVENUE MARECHAL);;;;60
9237;201500010251;15;12;30;1859;2;2;1;1;6;29;31, JOURDAN (AVENUE MICH;;;;60
9238;201500010252;15;3;21;10;5;2;1;1;7;69;60, VICTOR HUGO  (BD);;;;60
9239;201500010253;15;1;2;1835;5;1;1;1;7;69;188, DRAGUIGNAN (ROUTE D;M;4364416.0;689861.0;60
9240;201500010254;15;3;23;1700;1;2;1;1;6;69;54, CAPUCINS (CHEMIN ET;;;;60
9241;201500010255;15;1;3;2135;5;1;1;1;6;69;44, SCHLEY (BOULEVARD);M;4365997.0;690204.0;60
9242;201500010256;15;3;31;1610;1;2;1;1;4;69;39, SIDI BRAHIM (AVENUE);;;;60
9243;201500010257;15;1;6;1640;1;2;1;1;6;69;137, CHEVREFEUILLES (CHE;M;4362990.0;692529.0;60
9244;201500010260;15;4;2;750;1;2;1;1;6;69;6, CARNOT (BOULEVARD ET;M;4365640.0;692263.0;60
9245;201500010261;15;1;16;915;1;2;1;2;7;69;143, TOURACHE (CHEMIN DE;M;4362380.0;693338.0;60
9246;201500010262;15;4;4;1515;1;2;1;2;1;69;5, RENOIR (AVENUE AUGUST;M;4367979.0;694867.0;60
9247;201500010264;15;1;16;1455;1;2;1;2;6;69;COMTESSES (CHEMIN ET TRA;;;;60
9248;201500010266;15;1;19;755;5;2;1;2;6;69;0, SIDI BRAHIM (AVENUE);;;;60
9249;201500010268;15;4;7;1030;1;2;1;1;2;69;CRESP (COURS HONORE);M;4365722.0;692081.0;60
9250;201500010269;15;1;22;1515;1;2;1;1;1;69;21, CAPUCINS (CHEMIN ET;M;4365320.0;692903.0;60
9251;201500010270;15;1;23;930;1;2;1;1;6;69;15, SAINT ANTOINE (PLACE;;;;60
9252;201500010271;15;4;8;740;1;2;1;1;3;69;X, CASTORS (CHEMIN DES);M;4364153.0;693288.0;60
9253;201500010272;15;4;8;900;1;2;1;1;3;69;DRAGUIGNAN (ROUTE DE) -;M;4364317.0;690377.0;60
9254;201500010273;15;1;23;1630;2;2;1;1;1;69;16, LECLERC (BOULEVARD D;M;4364990.0;691885.0;60
9255;201500010274;15;1;24;915;1;2;1;1;3;69;x, PAGNOL (BOULEVARD MAR;;;;60
9256;201500010275;15;4;8;1209;1;1;1;1;7;69;76, DE LATTRE DE TASSIGN;M;4364851.0;692954.0;60
9257;201500010276;15;4;9;900;1;2;7;1;6;69;31, CAUVIN (AVENUE LOUIS;M;4364171.0;695961.0;60