;Num_Acc;an;mois;jour;hrmn;lum;agg;int;atm;col;com;adr;gps;lat;long;dep
9258;201500010277;15;1;25;2025;5;2;1;1;2;69;58, DRAGUIGNAN (ROUTE DE;M;4364260.0;690773.0;60
9259;201500010278;15;1;31;1045;1;2;1;1;4;69;131, CANNES (ROUTE DE);M;4363667.0;695121.0;60
9260;201500010279;15;4;11;805;1;2;1;1;7;69;164, PEGOMAS (ROUTE DE);M;4363184.0;693149.0;60
9261;201500010281;15;4;13;740;1;2;1;1;7;69;X, CAPUCINS (CHEMIN ET I;M;4365279.0;692984.0;60
9262;201500010283;15;4;14;820;1;2;9;1;7;69;56, CASTORS (CHEMIN DES);M;4364135.0;693310.0;60
9263;201500010284;15;2;4;1520;1;1;1;2;6;69;NAPOLEON (ROUTE);;;;60
9264;201500010285;15;4;14;1430;1;2;1;1;3;69;34, GAMBETTA (BOULEVARD;M;4366088.0;692537.0;60
9265;201500010286;15;2;6;850;1;2;1;8;2;69;46, POMPIDOU (AVENUE GEO;;;;60
9266;201500010287;15;4;15;1900;2;2;1;1;6;69;12, SAINT MATHIEU (ROUTE;M;4365603.0;693017.0;60
9267;201500010288;15;2;10;730;1;2;6;1;2;69;x, CHASSEURS ALPINS (RON;;;;60
9268;201500010289;15;4;16;1600;1;1;1;1;2;69;78, ROUQUIER (BOULEVARD;;;;60
9269;201500010290;15;2;10;1620;1;2;1;1;4;69;MARIGARDE (ROUTE DE LA);;;;60
9270;201500010292;15;2;11;1805;5;2;1;1;3;69;18, ONZE NOVEMBRE (RUE D;;;;60
9271;201500010293;15;4;19;1800;1;2;1;1;3;69;17, CANNES (ROUTE DE)  -;;;;60
9272;201500010294;15;2;11;2020;5;2;1;1;2;69;X, SIDI BRAHIM (AVENUE);;;;60
9273;201500010295;15;4;20;1030;1;1;1;1;6;69;X, ASPRES (CHEMIN D');M;4359303.0;695912.0;60
9274;201500010296;15;2;13;1315;1;2;1;8;1;69;23, MARIGARDE (ROUTE DE;;;;60
9275;201500010297;15;4;20;1430;1;2;1;1;2;69;, MISTRAL (AVENUE ET PLA;M;4364315.0;691442.0;60
9276;201500010298;15;2;16;1720;1;2;1;1;2;69;43, ORME (CHEMIN DE L');;;;60
9277;201500010300;15;2;19;1510;1;2;1;1;2;69;4, MARIGARDE (ROUTE DE L;;;;60
9278;201500010301;15;4;22;1015;1;2;1;1;3;69;x, FRAGONARD (BOULEVARD;;;;60
9279;201500010302;15;2;22;945;1;2;1;1;6;69;222, DRAGUIGNAN (ROUTE D;;;;60
9280;201500010303;15;4;22;1925;1;2;1;1;3;69;24, SIDI BRAHIM (AVENUE);;;;60
9281;201500010304;15;2;22;1100;1;2;1;1;1;69;174, SAINT MATHIEU (ROUT;;;;60
9282;201500010305;15;4;27;905;1;2;1;3;5;69;222, DRAGUIGNAN (ROUTE D;;;;60
9283;201500010306;15;2;24;1215;1;2;3;1;3;69;X, MARCEL PAGNOL (AVENUE;;;;60
9284;201500010307;15;4;27;1040;1;2;1;2;6;69;Pénétrante;;;;60
9285;201500010308;15;2;24;1615;1;2;1;1;7;69;53, RENOIR (AVENUE AUGUS;;;;60
9286;201500010311;15;5;11;1010;1;2;6;1;6;69;53, SIDI BRAHIM (AVENUE);;;;60
9287;201500010312;15;3;8;336;5;2;1;1;7;69;10, NAPOLEON (ROUTE);M;4365846.0;692032.0;60
9288;201500010313;15;5;11;1750;1;2;1;1;2;69;Rd point des Quatre Chem;;;;60
9289;201500010314;15;3;9;1540;1;1;1;1;1;69;8, NAPOLEON (ROUTE);;;;60
9290;201500010315;15;5;11;1740;1;1;1;1;7;69;PEGOMAS (ROUTE DE);;;;60
9291;201500010316;15;3;5;1520;1;2;1;1;6;69;1, CLEMENCEAU (BOULEVARD;;;;60
9292;201500010317;15;5;12;1815;1;1;1;1;4;69;MARIGARDE (ROUTE DE LA);;;;60
9293;201500010318;15;3;11;815;1;2;3;1;3;69;61, SIDI BRAHIM (AVENUE);;;;60
9294;201500010319;15;5;15;815;1;2;1;1;1;69;109, PLASCASSIER (route;;;;60
9295;201500010320;15;3;11;1925;5;2;1;1;7;69;320, DRAGUIGNAN (ROUTE D;;;;60
9296;201500010321;15;5;18;1150;1;2;1;1;7;69;X, VINGT QUATRE AOUT - P;;;;60
9297;201500010322;15;3;13;1515;1;2;1;1;7;69;25, DE LATTRE DE TASSIGN;;;;60
9298;201500010323;15;5;19;945;1;2;1;1;7;69;22, PALAIS DE JUSTICE (R;;;;60
9299;201500010324;15;3;13;1750;1;2;1;1;3;69;ORME (CHEMIN DE L');;;;60
9300;201500010326;15;3;13;2240;5;2;1;1;7;69;8, JEAN XXIII (AVENUE);;;;60
9301;201500010327;15;5;19;2150;5;2;1;1;6;69;47, DE LATTRE DE TASSIGN;;;;60
9302;201500010328;15;3;15;2145;5;2;1;1;6;69;1, DE LATTRE DE TASSIGNY;;;;60
9303;201500010329;15;5;21;955;1;2;1;1;6;69;7, AURIBEAU (ROUTE D') -;;;;60
9304;201500010330;15;3;18;1310;1;2;1;1;7;69;116, CANNES (ROUTE DE);;;;60
9305;201500010331;15;5;23;950;1;2;1;1;2;69;X, CHIRIS (AVENUE, IMPAS;M;4365658.0;693026.0;60
9306;201500010332;15;5;21;1045;1;2;1;1;2;69;60, VICTOR HUGO  (BD);;;;60
9307;201500010333;15;3;22;1050;1;2;1;2;1;69;216, DRAGUIGNAN (ROUTE D;;;;60
9308;201500010334;15;5;28;1500;1;2;1;1;6;69;AURIBEAU (ROUTE D') -D60;;;;60
9309;201500010335;15;3;22;1450;1;2;1;2;6;69;38, VICTORIA (AVENUE ET;;;;60
9310;201500010336;15;5;29;700;1;1;1;1;6;69;252, PLASCASSIER - MOULI;;;;60
9311;201500010337;15;5;29;1400;1;1;1;1;3;69;113, SCHLEY (BOULEVARD);;;;60
9312;201500010338;15;6;3;1240;1;2;1;1;2;69;48, DE LATTRE DE TASSIGN;M;4364860.0;692575.0;60
9313;201500010339;15;6;4;1420;1;2;1;1;1;69;169, DRAGUIGNAN (ROUTE D;;;;60
9314;201500010340;15;6;4;1205;1;2;1;1;3;69;150, RENOIR (AVENUE AUGU;;;;60
9315;201500010342;15;6;5;2030;2;2;1;1;6;69;Place César Ossola;;;;60
9316;201500010343;15;6;8;1100;1;2;1;1;6;69;49, MARIGARDE (ROUTE DE;;;;60
9317;201500010344;15;6;9;1230;1;2;6;1;1;69;FOUX (PLACE DE LA);;;;60
9318;201500010345;15;6;11;2150;5;2;1;1;7;69;DRAGUIGNAN (ROUTE DE) -;;;;60
9319;201500010346;15;6;12;430;1;1;1;1;7;69;PEGOMAS (ROUTE DE);;;;60
9320;201500010347;15;6;12;1025;1;2;1;2;7;69;ORME (CHEMIN DE L');;;;60
9321;201500010349;15;6;18;1415;1;2;1;1;1;69;64, CANNES (ROUTE DE)  -;M;4364147.0;694443.0;60
9322;201500010350;15;6;20;1050;1;2;1;2;2;69;x, PEGOMAS (ROUTE DE);M;4364140.0;693697.0;60
9323;201500010351;15;6;20;1615;1;2;1;1;1;69;x, PEGOMAS (ROUTE DE);M;4362310.0;692612.0;60
9324;201500010352;15;6;20;1530;1;2;6;1;3;69;x, SIDI BRAHIM (AVENUE);M;4364976.0;693160.0;60
9325;201500010353;15;6;26;1425;1;2;1;1;7;69;X, VINGT QUATRE AOUT (PL;M;4364010.0;697893.0;60
9326;201500010354;15;6;27;2250;5;2;1;1;7;69;77, BASSES MOULIERES (CH;M;4363320.0;691721.0;60
9327;201500010357;15;7;7;1130;1;2;1;1;2;69;1, PAGNOL (BOULEVARD MAR;;;;60
9328;201500010358;15;7;9;1930;1;2;1;1;6;69;77, CHENES (CHEMIN DES);M;4363737.0;300000.0;60
9329;201500010359;15;7;16;245;5;2;1;1;6;69;25, DE LATTRE DE TASSIGN;M;4364905.0;692393.0;60
9330;201500010360;15;7;16;1535;1;2;1;1;1;69;8, PAOUTE (ROUTE ET TRAV;;;;60
9331;201500010361;15;7;22;2200;5;2;1;1;1;69;101, SAINT LAURENT (AVEN;;;;60
9332;201500010362;15;7;23;600;2;2;1;1;6;69;x, PEGOMAS (ROUTE DE);M;4363162.0;693184.0;60
9333;201500010363;15;7;23;1412;1;2;1;1;1;69;20, SEMARD (AVENUE PIERR;M;4365580.0;692442.0;60
9334;201500010364;15;7;25;1905;1;2;1;1;1;69;MARIGARDE (ROUTE DE LA);M;4365510.0;694197.0;60
9335;201500010365;15;7;27;1120;1;2;1;1;1;69;67, LIBERATION (AVENUE D;;;;60
9336;201500010366;15;7;26;1920;1;1;1;1;1;69;141, KENNEDY (BOULEVARD;M;4366770.0;692903.0;60
9337;201500010367;15;7;27;1940;1;2;1;1;3;69;28, POMPIDOU (AVENUE GEO;M;4364840.0;693542.0;60
9338;201500010368;15;7;29;830;1;2;1;1;7;69;X, LIBERATION (AVENUE DE;M;;;60
9339;201500010369;15;7;29;830;1;2;1;1;7;69;X, LIBERATION (AVENUE DE;M;4364914.0;691745.0;60
9340;201500010371;15;7;30;1430;1;2;1;1;7;69;CABRIS (ROUTE DE);M;4366752.0;688782.0;60
9341;201500010372;15;8;2;415;5;2;6;1;7;69;MISTRAL (AVENUE ET PLACE;M;4364170.0;691164.0;60
9342;201500010373;15;8;4;1445;1;2;9;1;3;69;x, CLEMENCEAU (BOULEVARD;M;4366457.0;691932.0;60
9343;201500010374;15;8;10;1955;1;2;1;1;5;69;120, LIBERATION (AVENUE;M;4364215.0;691201.0;60
9344;201500010375;15;8;10;1730;1;1;1;1;2;69;x, CAMPEROUSSE (CHEMIN D;M;4338164.0;711600.0;60
9345;201500010376;15;8;12;2255;5;2;1;1;3;69;24, HUGO (BOULEVARD ET T;M;4365447.0;691873.0;60
9346;201500010377;15;8;14;1525;1;1;1;2;6;69;PR57, Pénétrante;;;;60
9347;201500010378;15;8;14;1725;1;2;1;2;6;69;102, JEAN XXIII (AVENUE);M;4366300.0;693950.0;60
9348;201500010379;15;8;17;100;5;2;1;1;1;69;AURIBEAU (ROUTE D') -D60;;;;60
9349;201500010380;15;8;17;1535;1;2;6;1;3;69;X, SANTON (CHEMIN DU);;;;60
9350;201500010382;15;8;23;1045;1;2;1;8;1;69;61, BASTIDES (CHEMIN DES;M;4363923.0;692779.0;60
9351;201500010383;15;8;24;1150;1;2;1;1;6;69;4, JEU DE BALLON (BOULEV;M;4365693.0;692022.0;60
9352;201500010384;15;8;24;1825;1;2;1;2;4;69;306, CANNES (ROUTE DE);;;;60
9353;201500010385;15;8;26;1940;1;2;1;1;7;69;73, JEAN XXIII (AVENUE);;;;60
9354;201500010386;15;8;27;1400;1;2;1;1;1;69;x, CASTELARAS (CHEMIN DU;M;;;60
9355;201500010387;15;8;27;1620;1;2;1;1;2;69;PAOUTE (ROUTE ET TRAVERS;M;;;60
9356;201500010388;15;8;28;1805;1;2;1;1;6;69;5, PEGOMAS (ROUTE DE);M;4364477.0;693966.0;60
9357;201500010389;15;8;30;2100;2;1;1;1;7;69;45, SCHLEY (BOULEVARD);M;4365850.0;690308.0;60
9358;201500010391;15;9;3;1030;1;2;1;1;6;69;x, PLAN (ROUTE DU) -D304;;;;60
9359;201500010392;15;9;3;1130;1;2;1;1;7;69;144, CANNES (ROUTE DE);;;;60
9360;201500010393;15;9;7;730;1;2;1;1;1;69;132, LIBERATION (AVENUE;M;4364093.0;691048.0;60
9361;201500010394;15;9;7;2310;5;2;1;1;6;69;38, VICTORIA (AVENUE ET;M;4366330.0;692953.0;60
9362;201500010395;15;9;8;1750;1;2;3;1;3;69;MAURES ET DES ADRETS (CH;;;;60
9363;201500010396;15;9;10;1820;1;2;1;1;2;69;144, SEMARD - LA GARE (A;M;4365340.0;692514.0;60
9364;201500010397;15;9;9;2020;1;2;1;1;7;69;41, VALBONNE (ROUTE);;;;60
9365;201500010398;15;9;16;810;1;2;3;1;3;69;x, SIDI BRAHIM (AVENUE);M;4364938.0;693330.0;60
9366;201500010399;15;9;16;1315;1;2;1;8;2;69;144, SEMARD (AVENUE PIER;M;4365621.0;693001.0;60
9367;201500010400;15;9;17;1720;1;2;6;8;2;69;x, ORME (CHEMIN DE L');M;4364534.0;694493.0;60
9368;201500010401;15;9;18;1345;1;2;1;1;5;69;17, TASSIGNY (AVENUE DEL;;;;60
9369;201500010402;15;9;19;2300;5;2;1;1;5;69;115, CANNES (ROUTE DE);M;4363800.0;695081.0;60
9370;201500010403;15;9;21;1745;1;2;1;1;7;69;x, SIDI BRAHIM (AVENUE);M;4364715.0;694009.0;60
9371;201500010404;15;9;21;2020;5;2;1;1;3;69;62, CHENES (CHEMIN DES);M;4364038.0;691828.0;60
9372;201500010406;15;9;23;750;1;2;1;1;3;69;2, PAGNOL (BOULEVARD MAR;M;4364525.0;694090.0;60
9373;201500010407;15;9;23;1840;1;2;1;7;1;69;216, SAINT MATHIEU (ROUT;M;4365973.0;695296.0;60
9374;201500010408;15;9;28;1330;1;2;1;1;2;69;87, CANNES (ROUTE DE)  -;M;4364046.0;694821.0;60
9375;201500010409;15;9;29;1615;1;2;1;1;1;69;30, DRAGONNIERE (CHEMIN;M;4367807.0;695740.0;60
9376;201500010410;15;9;30;225;3;1;1;1;7;69;x, NAPOLEON (ROUTE);;;;60
9377;201500010412;15;10;2;930;1;1;1;1;6;69;59, ORME (CHEMIN DE L');;;;60
9378;201500010413;15;10;2;1520;1;1;1;3;6;69;Pénétrante;M;4363148.0;694705.0;60
9379;201500010414;15;10;6;1815;1;1;1;1;7;69;x, COPERNIC (AVENUE NICO;M;4366464.0;691582.0;60
9380;201500010415;15;10;9;1855;2;1;1;1;6;69;NAPOLEON (ROUTE);M;4367514.0;690003.0;60
9381;201500010416;15;10;12;1645;1;2;1;2;2;69;x, AUTRANT (BOULEVARD DU;M;4366219.0;693427.0;60
9382;201500010417;15;10;13;1830;2;2;1;1;3;69;Place César Ossola;M;4365827.0;692580.0;60
9383;201500010418;15;10;13;1905;2;2;1;1;7;69;17, SANTON (CHEMIN DU);;;;60
9384;201500010419;15;10;16;1615;1;2;1;1;6;69;6, MIRABEAU (RUE);M;4365746.0;692330.0;60
9385;201500010420;15;10;16;1710;1;2;1;1;6;69;132, LIBERATION (AVENUE;M;4364098.0;691045.0;60
9386;201500010421;15;10;18;1755;1;1;1;5;6;69;PASTEUR (BOULEVARD);M;4366633.0;690186.0;60
9387;201500010423;15;10;15;1430;1;2;1;1;3;69;x, SAINT MARC - LE PLAN;;;;60
9388;201500010424;15;10;23;1910;3;2;1;1;4;69;61, DRAGUIGNAN (ROUTE DE;M;4364276.0;690798.0;60
9389;201500010426;15;10;24;2150;5;2;2;1;3;69;98, DE LATTRE DE TASSIGN;M;4364910.0;692339.0;60
9390;201500010427;15;10;25;800;1;2;1;1;6;69;1, SEMARD (AVENUE PIERRE;M;4365436.0;692159.0;60
9391;201500010429;15;10;28;1515;1;1;1;3;6;69;110, PASTEUR (BOULEVARD);M;4366608.0;690068.0;60
9392;201500010430;15;10;29;1000;1;2;1;1;4;69;52, TASSIGNY (AVENUE DEL;M;4364810.0;692709.0;60
9393;201500010431;15;11;3;1315;1;2;1;2;6;69;222, DRAGUIGNAN (ROUTE D;;;;60
9394;201500010432;15;11;4;350;5;2;1;1;1;69;x, DRAGUIGNAN (ROUTE DE);;;;60
9395;201500010433;15;11;4;900;1;2;9;1;3;69;x, THIERS (AVENUE);M;4366126.0;692267.0;60
9396;201500010434;15;11;4;930;1;2;1;1;1;69;x, RENOIR (AVENUE AUGUST;M;4368136.0;696713.0;60
9397;201500010435;15;11;5;850;1;2;1;1;7;69;X, AURIBEAU (ROUTE D') -;M;4363646.0;691083.0;60
9398;201500010436;15;11;6;1745;5;2;1;1;2;69;MOULIN DE BRUN (CHEMIN E;M;4365375.0;694431.0;60
9399;201500010438;15;11;9;1010;1;2;1;1;6;69;4, CAPUCINS (CHEMIN ET I;;;;60
9400;201500010439;15;11;10;1030;1;2;1;1;1;69;213, PEGOMAS (ROUTE DE);M;4362864.0;692865.0;60
9401;201500010440;15;11;13;755;1;2;1;1;2;69;42, PAGNOL (BOULEVARD MA;M;4364488.0;694609.0;60
9402;201500010441;15;11;13;820;1;2;1;1;6;69;x, ROUQUIER (BOULEVARD E;M;;;60
9403;201500010442;15;11;13;1540;1;2;6;1;5;69;X, SIDI BRAHIM (AVENUE);M;4364957.0;693168.0;60
9404;201500010443;15;11;17;856;1;2;1;8;7;69;x, RIOU BLANQUET (AVENUE;M;4366540.0;693521.0;60
9405;201500010444;15;11;17;1745;2;2;1;1;1;69;x, PEGOMAS (ROUTE DE);;;;60
9406;201500010445;15;11;18;2000;5;2;1;1;1;69;50, PEGOMAS (ROUTE DE);M;4364184.0;693767.0;60
9407;201500010446;15;11;24;1500;1;2;1;1;6;69;15, LECLERC (BOULEVARD D;M;4365023.0;692006.0;60
9408;201500010447;15;11;25;910;1;2;1;1;7;69;48, RIOU BLANQUET (AVENU;;;;60
9409;201500010448;15;11;27;830;1;2;1;1;6;69;76, VICTOR HUGO  (BD);;;;60
9410;201500010449;15;11;29;135;5;2;1;1;7;69;1, VICTORIA (AVENUE ET T;;;;60
9411;201500010450;15;11;30;945;1;2;1;1;7;69;14, CIGALES (CHEMIN DES);M;4363404.0;690813.0;60
9412;201500010451;15;11;30;1715;3;2;1;1;6;69;44, MOUANS (ROUTE DE);M;4363580.0;697378.0;60
9413;201500010452;15;12;1;715;2;2;1;1;7;69;144, SEMARD - LA GARE (A;M;4365364.0;692520.0;60
9414;201500010453;15;12;1;1135;1;2;1;1;7;69;1, CRESP (COURS HONORE);M;4365692.0;692022.0;60
9415;201500010454;15;12;2;940;1;2;1;1;6;69;x, SIDI BRAHIM (AVENUE);M;4364870.0;693657.0;60
9416;201500010456;15;12;3;1345;1;2;1;1;3;69;x, PEGOMAS (ROUTE DE);M;4364157.0;693647.0;60
9417;201500010457;15;12;5;1800;5;2;1;2;7;69;89, DRAGUIGNAN (ROUTE DE;;;;60
9418;201500010458;15;12;7;1355;1;2;1;2;7;69;24, JEU DE BALLON (BOULE;M;4365758.0;692109.0;60
9419;201500010459;15;12;8;750;2;2;1;8;1;69;143, AURIBEAU (ROUTE D');;;;60
9420;201500010460;15;12;8;820;1;1;1;8;6;69;249, PEGOMAS (ROUTE DE);;;;60
9421;201500010461;15;12;14;910;1;2;1;1;5;69;209, PLASCASSIER (route;M;4367146.0;698889.0;60
9422;201500010462;15;12;16;1515;1;2;1;1;4;69;150, DRAGUIGNAN (ROUTE D;M;4364513.0;690124.0;60
9423;201500010463;15;12;17;1820;5;2;1;1;2;69;52, SIDI BRAHIM (AVENUE);;;;60
9424;201500010464;15;12;19;1910;5;2;6;1;6;69;X, MARIGARDE (ROUTE DE L;M;4365499.0;639653.0;60
9425;201500010465;15;12;21;2040;5;2;1;1;6;69;103, LIBERATION (AVENUE;M;4364202.0;691147.0;60
9426;201500010466;15;12;22;2149;5;2;1;1;7;69;15, LIBERATION (AVENUE D;M;4364788.0;691661.0;60
9427;201500010467;15;12;24;1250;1;1;1;1;4;69;CANNES (ROUTE DE)  -RD 6;M;4363177.0;695669.0;60
9428;201500010468;15;12;25;2145;5;2;1;1;2;69;3, PLAN (ROUTE DU) -D304;M;4365313.0;694566.0;60
9429;201500010469;15;12;26;1450;1;2;6;1;7;69;JEU DE BALLON (BOULEVARD;M;4366018.0;692249.0;60
9430;201500010470;15;12;28;730;2;2;1;1;7;69;18, DE GAULLE (AVENUE DU;M;4365533.0;691729.0;60
9431;201500010471;15;12;30;1315;1;2;1;1;4;69;132, ROUQUIER (BOULEVARD;M;4363429.0;693941.0;60
9432;201500010472;15;6;17;725;1;2;3;1;6;83;2, BOSANO (RUE LIEUTENAN;M;4346000.0;730000.0;60
9433;201500010473;15;6;24;1439;1;2;1;1;1;104;112, AZUR (AVENUE DE LA;M;4376310.0;745470.0;60
9434;201500010474;15;7;5;250;5;2;1;1;6;83;53, BONAPARTE (QUAI);M;4377840.0;750720.0;60
9435;201500010475;15;12;30;805;2;2;1;1;6;83;12, IBANEZ (AVENUE BLASC;M;4378560.0;750770.0;60
9436;201500010476;15;7;7;2255;5;2;6;1;3;83;73, CERNUSCHI (AVENUE);M;4377550.0;748120.0;60
9437;201500010477;15;7;3;1900;1;1;1;1;6;104;AZUR (AVENUE DE LA COTE;M;4376253.0;745519.0;60
9438;201500010478;15;7;9;2130;2;2;3;1;3;83;29, CERNUSCHI (AVENUE);M;4377100.0;749200.0;60
9439;201500010479;15;12;13;1450;1;2;1;1;2;104;JAURES (AVENUE JEAN);M;4375770.0;744310.0;60
9440;201500010480;15;12;31;1;5;2;6;1;3;104;8, MONLEON (AVENUE SYLVI;;;;60
9441;201500010481;15;7;10;1525;1;2;2;1;3;83;01, MADONE (AVENUE DE LA;M;4376967.0;749247.0;60
9442;201500010482;15;7;19;1745;1;2;2;1;3;83;7, MADONE (AVENUE DE LA);M;4376885.0;749115.0;60
9443;201500010483;15;7;16;1035;1;2;1;1;6;83;1684, SOLEIL (PROMENADE;M;4377440.0;750600.0;60
9444;201500010484;15;7;24;110;5;2;3;1;7;104;1, FRANCE (AVENUE DE);;;;60
9445;201500010485;15;8;1;1715;1;1;1;1;3;104;1, MONLEON (AVENUE SYLVI;;;;60
9446;201500010486;15;8;25;1345;1;2;1;1;1;104;79, AZUR (AVENUE DE LA C;M;4376323.0;744793.0;60
9447;201500010487;15;8;31;830;1;2;3;1;6;83;01, CARNOT (AVENUE);M;4377100.0;749440.0;60
9448;201500010488;15;9;10;2330;5;2;1;1;1;12;88, GUYNEMER (BOULEVARD);M;4375200.0;742680.0;60
9449;201500010489;15;9;12;120;5;2;6;1;6;104;01, CHEMINS (CARREFOUR D;M;4376020.0;745220.0;60
9450;201500010490;15;9;13;120;5;2;1;1;7;104;188, VERDUN (AVENUE DE,;M;4376130.0;747440.0;60
9451;201500010491;15;8;21;640;1;2;1;1;2;104;200, VERDUN (AVENUE DE,;M;4376037.0;747959.0;60
9452;201500010492;15;8;13;1912;1;2;1;1;1;83;23, GARAVAN (BOULEVARD,;;;;60
9453;201500010493;15;9;28;1740;1;2;1;1;1;104;850, AGERBOL (AVENUE D');;;;60
9454;201500010494;15;10;2;2110;5;2;1;2;7;83;CAREI (VAL DU);;;;60
9455;201500010495;15;9;28;844;1;2;1;1;3;83;22, ACACIAS (AVENUE DES);M;4377930.0;747980.0;60
9456;201500010496;15;10;5;1320;1;2;1;1;5;104;166, CURIE (AVENUE PIERR;M;4374770.0;743650.0;60
9457;201500010497;15;9;24;2105;5;2;2;1;6;83;32, REPUBLIQUE (RUE DE L;M;4377510.0;749350.0;60
9458;201500010498;15;9;22;1200;1;2;1;1;6;83;54, CAREI (VAL DU);M;4378620.0;748770.0;60
9459;201500010500;15;10;12;800;1;2;1;1;3;83;01, RIVIERA (AVENUE);M;4377640.0;748620.0;60
9460;201500010501;15;10;17;1755;1;2;3;1;3;12;01, PRINCE RAINIER III (;M;4377650.0;747950.0;60
9461;201500010502;15;10;20;216;5;2;1;1;5;83;1573, SOLEIL (PROMENADE;M;4377430.0;750330.0;60
9462;201500010503;15;10;27;1310;1;2;1;1;1;104;1, VARAVILLA (AVENUE);M;4375250.0;743220.0;60
9463;201500010504;15;10;23;1937;5;2;3;1;3;12;18, DOUMER PROLONGEE (AV;M;4344220.0;724530.0;60
9464;201500010506;15;10;22;1133;1;2;1;1;1;104;22, DOUMER (AVENUE PAUL);M;4375820.0;746650.0;60
9465;201500010508;15;11;29;140;5;2;1;1;2;83;01, DE GAULLE (AVENUE GE;M;4377080.0;749430.0;60
9466;201500010509;15;11;30;1720;2;2;1;1;5;104;33, JAURES (AVENUE JEAN);M;4375820.0;746450.0;60
9467;201500010510;15;12;3;1655;1;2;1;1;7;83;1, ASTRID (PROMENADE REI;M;4378494.0;752299.0;60
9468;201500010511;15;11;28;1105;1;2;6;1;3;83;COTY (COURS RENE, SENS M;;;;60
9469;201500010512;15;11;26;1410;1;2;3;1;3;83;01, SOLEIL (PROMENADE DU;M;4377170.0;749680.0;60
9470;201500010513;15;12;5;825;1;2;1;1;3;83;19, FRANCE (AVENUE PORTE;M;4378480.0;751500.0;60
9471;201500010514;15;12;6;40;5;2;9;2;4;83;GREVILLE (RUE HENRI);M;4377630.0;749730.0;60
9472;201500010515;15;12;13;1438;1;2;1;1;2;104;53, JAURES (AVENUE JEAN);;;;60
9473;201500010516;15;12;22;2240;5;1;2;1;3;104;133, VERDUN (AVENUE DE,;M;4376100.0;746810.0;60
9474;201500010517;15;12;23;940;1;2;9;1;3;83;21, ASTRID (PROMENADE RE;;;;60
9475;201500010518;15;11;18;1200;1;1;2;1;3;12;1, PRINCE RAINIER III (A;;;;60
9476;201500010519;15;12;24;1910;3;2;1;1;6;104;123, VERDUN (AVENUE DE,;;;;60
9477;201500010521;15;1;3;1145;1;2;3;1;6;104;47 BIS, SCHUMANN (PROMEN;M;4376212.0;748472.0;60
9478;201500010522;15;1;6;2225;5;2;1;1;5;104;AZUR (AVENUE DE LA COTE;M;4376270.0;745397.0;60
9479;201500010523;15;1;6;1200;1;2;1;1;3;104;99, CURIE (AVENUE PIERRE;M;4376176.0;746311.0;60
9480;201500010524;15;1;12;1300;1;2;4;1;2;12;CORNICHE (MOYENNE, N? 1;;;;60
9481;201500010526;15;1;25;1115;1;2;1;7;6;12;CORNICHE (MOYENNE, N? 1;;;;60
9482;201500010527;15;1;22;1930;5;2;1;1;6;83;DELATTRE DE TASSIGNY (AL;;;;60
9483;201500010528;15;1;28;2250;5;2;1;1;6;83;14, GORBIO (ROUTE DE);M;4376767.0;748433.0;60
9484;201500010529;15;1;31;1115;1;2;1;1;3;104;21, FRANCE (AVENUE DE);M;4375334.0;744351.0;60
9485;201500010530;15;2;12;1330;1;2;1;1;2;83;COTY (COURS RENE, SENS M;;;;60
9486;201500010531;15;2;27;1233;1;2;3;1;2;83;1, PASTEUR (RUE);;;;60
9487;201500010532;15;3;7;1050;1;2;1;1;7;104;39, DOUMER (AVENUE PAUL);;;;60
9488;201500010533;15;2;12;1410;1;2;2;1;3;83;8, DE GAULLE (AVENUE GEN;;;;60
9489;201500010534;15;3;7;2020;3;1;1;1;6;83;CABROLLES (ROUTE DES);;;;60
9490;201500010535;15;3;11;1920;5;2;1;1;1;83;SOLEIL (PROMENADE DU, N?;;;;60
9491;201500010537;15;2;11;1130;1;2;3;1;3;83;SOLEIL (PROMENADE DU, N?;;;;60
9492;201500010538;15;3;28;1520;1;2;1;1;3;83;39, ACACIAS (AVENUE DES);;;;60
9493;201500010539;15;3;29;1848;1;2;9;1;3;83;21, ASTRID (PROMENADE RE;;;;60
9494;201500010541;15;3;24;925;1;2;4;1;3;104;1, VOYAGE (AVENUE NOTRE;;;;60
9495;201500010542;15;4;19;2135;5;2;2;1;3;83;DELATTRE DE TASSIGNY AL;;;;60
9496;201500010543;15;4;17;10;5;2;1;2;7;104;217-219, BRIAND (AVENUE;M;4376492.0;748291.0;60
9497;201500010544;15;5;2;1505;1;2;1;1;1;83;20, BRIAND (AVENUE ARSIT;;;;60
9498;201500010545;15;4;7;720;1;2;1;1;6;83;SAINT ROMAN (AVENUE);M;4380449.0;748746.0;60
9499;201500010546;15;5;5;2342;5;2;1;1;2;83;POMPIDOU (ESPLANADE GEOR;;;;60
9500;201500010547;15;5;8;15;3;1;1;1;1;83;SOSPEL (ROUTE DE );;;;60
9501;201500010548;15;5;2;1010;1;2;1;1;3;12;14, CURIE (RUE PIERRE);;;;60
9502;201500010549;15;5;20;920;1;2;3;1;3;104;FRANCE (AVENUE DE);;;;60
9503;201500010551;15;6;2;2105;2;2;2;1;6;83;DE GAULLE (AVENUE GENERA;;;;60
9504;201500010552;15;6;10;1623;1;2;1;1;3;83;1, MADONE (AVENUE DE LA);;;;60
9505;201500010553;15;6;5;825;1;2;1;1;3;83;COTY (COURS RENE, SENS M;;;;60
9506;201500010554;15;3;3;1345;1;2;1;1;7;12;62, FOCH (AVENUE MARECHA;;;;60
9507;201500010555;15;6;3;2125;5;2;1;1;7;104;JAURES (AVENUE JEAN);;;;60
9508;201500010556;15;1;2;2110;5;2;1;1;2;88;0, BELLET (AV. DE);M;4369173.0;724457.0;60
9509;201500010557;15;1;3;2030;5;2;1;1;1;88;08, CIMIEZ (BD) JUSQU'AU;M;4370680.0;726980.0;60
9510;201500010558;15;1;4;1110;1;2;1;1;6;88;TURIN (RTE DE);;;;60
9511;201500010559;15;1;5;745;1;2;3;1;3;88;CARABACEL (BD);M;4370427.0;727364.0;60
9512;201500010560;15;3;16;1645;1;2;1;2;6;88;0, TUNNEL DU PAILLON;;;;60
9513;201500010561;15;1;5;955;1;2;1;1;3;88;MARNE (AV. DE LA);M;4372490.0;727092.0;60