;Num_Acc;an;mois;jour;hrmn;lum;agg;int;atm;col;com;adr;gps;lat;long;dep
9514;201500010562;15;3;17;1450;1;2;1;2;6;88;101, LYAUTEY (AV. DU MAL;;;;60
9515;201500010563;15;1;5;1730;5;2;6;1;3;88;0, ROBINI (AV. DR VICTOR;M;4368314.0;720286.0;60
9516;201500010564;15;3;17;1550;1;2;1;1;4;88;59, QUAI DES ETATS UNIS;;;;60
9517;201500010565;15;1;5;1830;5;2;2;1;3;88;0, VILLERMONT (AV.);M;4370821.0;726497.0;60
9518;201500010566;15;1;6;1300;1;2;1;1;6;88;127, LYAUTEY (AV. DU MAL;M;4371913.0;728310.0;60
9519;201500010567;15;3;17;1620;1;2;1;1;6;88;140, BELLET (RTE DE);;;;60
9520;201500010568;15;3;17;1706;1;2;1;1;6;88;41, NAPOLEON III (BD);M;4341141.0;713375.0;60
9521;201500010569;15;1;8;1000;1;2;1;1;5;88;89, ANGLAIS PROMENADE;M;4369190.0;724889.0;60
9522;201500010572;15;1;9;1300;1;2;1;1;2;88;75, HOPITAL DE CIMIEZ;;;;60
9523;201500010573;15;3;17;1730;1;2;1;1;6;159;0, CORNE D OR (BOULEVARD;;;;60
9524;201500010576;15;3;19;1154;1;2;1;1;6;88;10 bis, MATISSE (AV. HEN;M;4340298.0;713014.0;60
9525;201500010577;15;1;10;1215;1;2;1;1;2;88;417, PESSICART (A PARTIR;M;4372870.0;723759.0;60
9526;201500010578;15;3;20;720;1;2;3;1;3;88;63, CESSOLE (BD DE) (JUS;M;4343010.0;715107.0;60
9527;201500010579;15;1;10;2000;5;2;1;1;6;88;57, MATISSE (AV. HENRI);M;4367500.0;721093.0;60
9528;201500010580;15;1;12;715;1;2;2;1;3;88;28, SOLA (BD PIERRE);;;;60
9529;201500010581;15;3;21;930;1;2;1;1;4;88;85, GROSSO (A PARTIR DU;;;;60
9530;201500010582;15;1;13;1400;1;2;1;1;5;159;0, NAPOLEON III (BOULEVA;;;;60
9531;201500010583;15;3;22;855;1;2;2;2;3;88;HUGO (BD VICTOR);;;;60
9532;201500010584;15;1;13;1505;1;2;1;1;1;88;0, CIMIEZ (BD) A PARTIR;;;;60
9533;201500010585;15;3;23;1615;1;2;1;1;3;88;187, CALIFORNIE (AV.) (D;;;;60
9534;201500010586;15;3;23;1730;1;2;1;1;1;88;175, SAINT-PIERRE DE FER;;;;60
9535;201500010587;15;1;14;1330;1;2;1;1;2;88;328, MERCANTOUR BD M6202;M;4369290.0;719437.0;60
9536;201500010588;15;3;24;1430;1;2;1;8;2;88;0, LYAUTEY (AV. DU MAL);;;;60
9537;201500010589;15;1;15;1455;1;2;1;1;6;88;89, ANGLAIS PROMENADE;M;4369190.0;724894.0;60
9538;201500010590;15;3;24;1850;5;2;1;3;3;88;187, CALIFORNIE (AV.) (D;M;4340555.0;713555.0;60
9539;201500010591;15;1;16;1200;1;2;1;8;3;88;43, ANGLAIS (DU N? 1 AU;M;4369390.0;725661.0;60
9540;201500010592;15;3;25;2009;5;2;1;1;7;88;63, ANGLAIS (DU N° 45 AU;;;;60
9541;201500010593;15;1;16;1845;5;2;1;8;6;88;16, DELFINO (BD GENERAL);M;4370540.0;728452.0;60
9542;201500010594;15;1;18;1745;5;2;1;1;1;88;ARENE (AV. PAUL);;;;60
9543;201500010595;15;3;25;2235;5;2;1;1;3;88;39, MADELEINE (BD DE LA);M;4341468.0;714296.0;60
9544;201500010596;15;3;26;1205;1;2;1;1;6;88;6, LEONARD (R. EMILE);;;;60
9545;201500010597;15;1;19;842;1;2;1;2;6;88;47, MONZIE (R. ANATOLE D;M;4373730.0;730155.0;60
9546;201500010598;15;3;25;1935;5;2;1;1;6;88;80, GAMBETTA (A PARTIR D;M;4342120.0;715220.0;60
9547;201500010599;15;1;19;900;1;2;1;3;4;88;344, ANGLAIS (DU N? 265;M;4367020.0;722276.0;60
9548;201500010600;15;3;26;2005;5;2;1;1;6;88;81, GAMBETTA (A PARTIR D;;;;60
9549;201500010601;15;1;19;1050;1;2;2;2;6;88;43, DIABLES BLEUS (AV. D;M;4370830.0;729223.0;60
9550;201500010602;15;3;28;1545;1;2;1;1;6;88;30, SAINT-JEAN BAPTISTE;;;;60
9551;201500010603;15;1;19;1900;5;2;1;1;6;88;285, ANGLAIS (DU N? 265;M;4368040.0;723094.0;60
9552;201500010604;15;1;20;2225;4;2;1;1;6;88;0, REINE-JEANNE (R.);;;;60
9553;201500010605;15;3;29;1300;1;2;1;1;3;159;1, LIBERATION (CARREFOUR;;;;60
9554;201500010606;15;1;21;1000;1;2;1;2;3;88;CIMIEZ (BD) A PARTIR DU;;;;60
9555;201500010607;15;3;27;1700;1;2;1;1;6;88;0, SAETONE (PL.);M;4342145.0;715524.0;60
9556;201500010608;15;3;30;1005;1;2;2;1;3;88;ARSON (RUE);;;;60
9557;201500010609;15;1;22;1620;1;2;1;1;3;88;8, MACCARANI (R.);M;4369830.0;726459.0;60
9558;201500010610;15;3;30;1140;1;2;2;1;7;88;33, HOTEL DES POSTES (R.;M;4341593.0;716188.0;60
9559;201500010611;15;1;22;1720;5;2;1;1;6;88;30, BORNALA (AV. DE LA);M;4369480.0;723744.0;60
9560;201500010612;15;1;24;510;5;2;1;1;3;88;0, GAMBETTA (A PARTIR DU;;;;60
9561;201500010614;15;1;24;1420;1;2;1;1;2;88;0, POMPIDOU (BD GEORGES);;;;60
9562;201500010615;15;3;30;1721;1;2;1;1;6;88;5, DEVOLUY (RUE PIERRE);;;;60
9563;201500010616;15;3;31;2100;5;2;1;1;2;88;289, PESSICART (DU 272/2;;;;60
9564;201500010617;15;1;24;1845;5;2;1;1;3;88;57, BISCHOFFSHEIM (BD);M;4371020.0;729466.0;60
9565;201500010618;15;3;31;2035;5;2;3;1;3;88;ALBERTI (RUE);;;;60
9566;201500010619;15;1;24;1910;5;2;1;1;1;88;107, ANGLAIS (DU N? 45 A;M;4369114.0;724669.0;60
9567;201500010620;15;1;25;1530;1;2;1;1;3;88;0, DUFY (RUE RAOUL);;;;60
9568;201500010621;15;4;1;1410;1;2;1;1;4;88;58, GRENOBLE (ROUTE DE);M;4367095.0;720879.0;60
9569;201500010622;15;4;2;840;1;2;1;1;3;88;114, LANTERNE (AV. DE LA;M;4368366.0;722190.0;60
9570;201500010623;15;1;26;1700;1;2;9;1;6;88;22, GORBELLA (BD);M;4371990.0;725669.0;60
9571;201500010625;15;1;28;930;1;2;1;1;6;88;75, CANTA GALET (RTE DE);M;4369830.0;722914.0;60
9572;201500010626;15;1;28;2140;5;2;2;1;3;88;0, ALBERTI (RUE);;;;60
9573;201500010628;15;1;29;2058;5;2;1;2;3;88;213, ANGLAIS (DU N? 114;M;4368605.0;723703.0;60
9574;201500010629;15;4;4;1315;1;2;2;1;3;88;1, BORRIGLIONE (JUSQU'AU;M;4371309.0;726175.0;60
9575;201500010631;15;4;7;1700;1;2;1;1;6;88;203, MADELEINE (BD DE LA;;;;60
9576;201500010632;15;4;7;1805;1;2;1;1;3;88;169, MADELEINE (AV. DE L;;;;60
9577;201500010633;15;1;30;2300;5;2;1;1;1;159;25, CORNE D OR BD (M6007;M;4370710.0;730411.0;60
9578;201500010634;15;1;31;250;5;2;2;1;3;88;33, LEPANTE (R. DE);M;4370636.0;726860.0;60
9579;201500010635;15;4;8;1655;1;2;2;1;3;88;41, TURIN (RTE DE);M;4371171.0;728492.0;60
9580;201500010636;15;2;1;1155;1;2;2;1;3;88;14, PRINCE-DE-GALLES (BD;;;;60
9581;201500010637;15;4;8;1800;1;2;2;1;3;88;0, TURIN (RTE DE);;;;60
9582;201500010638;15;2;2;2006;5;2;1;1;3;88;122, CARNOT (BD);;;;60
9583;201500010639;15;2;2;2025;5;2;1;1;3;88;0, GORBELLA (BD DE);;;;60
9584;201500010640;15;4;10;1;5;2;3;1;3;88;REPUBLIQUE (AV. DE LA);M;4370590.0;728303.0;60
9585;201500010641;15;2;3;130;5;2;1;1;6;88;58, GORBELLA (BD DE);;;;60
9586;201500010642;15;4;10;1710;1;2;1;1;3;88;15, SEMARD (BD PIERRE);M;4372031.0;729172.0;60
9587;201500010643;15;2;4;1000;1;2;2;2;3;88;32, BORRIGLIONE (JUSQU'A;;;;60
9588;201500010644;15;4;10;1738;1;2;1;1;2;88;vpm2950, VOIE RAPIDE;;;;60
9589;201500010645;15;2;4;1810;5;2;1;2;6;88;38, RAY (AV. DU);;;;60
9590;201500010647;15;2;4;1915;5;2;2;3;3;88;FLANDRES-DUNKERQUE (TRAV;;;;60
9591;201500010648;15;4;12;1700;1;2;1;1;2;88;37, ANGLAIS (DU N° 1 AU;M;4341381.0;715233.0;60
9592;201500010649;15;2;4;2315;5;2;2;1;3;88;19, ASSALIT (RUE);;;;60
9593;201500010650;15;4;12;1730;1;2;1;1;6;88;VOIE RAPIDE;;;;60
9594;201500010651;15;2;4;2352;5;2;2;1;3;88;0, LEPANTE (R. DE);;;;60
9595;201500010652;15;4;12;248;5;2;3;1;3;159;1150, NAPOLEON III (Bld);M;4370403.0;732212.0;60
9596;201500010653;15;2;5;1120;1;2;1;2;2;88;ANGLAIS (DU N? 265 AU N?;;;;60
9597;201500010654;15;4;10;1745;1;1;2;1;6;88;50, SMOLETT (R.);M;4342079.0;717194.0;60
9598;201500010655;15;2;5;1855;5;2;1;2;3;88;290, FABRON (AV. DE) (A;;;;60
9599;201500010656;15;4;15;845;1;2;1;1;3;88;46, CALIFORNIE (AV.) (DU;M;4368994.0;724163.0;60
9600;201500010657;15;2;6;1225;1;2;3;1;5;88;0, CLUVIER (RUE);;;;60
9601;201500010658;15;4;15;1910;1;1;1;1;1;88;CAL DE SPAGNOL SOUBRAN (;M;4369613.0;720422.0;60
9602;201500010659;15;2;6;1650;2;2;1;2;4;88;29, MADELEINE (AV. DE LA;;;;60
9603;201500010660;15;4;16;1420;1;2;1;1;3;88;0, JOFFRE (R. MARECHAL);;;;60
9604;201500010661;15;2;6;1705;2;2;1;2;6;88;1, VIRENQUE (MONTEE CLAI;;;;60
9605;201500010662;15;4;14;1750;1;2;1;1;3;88;DUBOUCHAGE (BD);;;;60
9606;201500010663;15;2;6;1810;5;2;1;1;2;88;0, VOIE RAPIDE;;;;60
9607;201500010664;15;4;17;1400;1;2;1;1;6;88;20, ARSON (RUE);M;4342010.0;717121.0;60
9608;201500010665;15;2;7;2050;5;2;3;1;3;88;119, BISCHOFFSHEIM (BD);;;;60
9609;201500010666;15;4;17;1650;1;2;1;1;6;88;ANGLAIS (DU N° 45 AU N°;;;;60
9610;201500010667;15;2;8;104;5;2;1;1;2;88;49, DELFINO (BD GENERAL);;;;60
9611;201500010668;15;4;17;1850;1;2;3;1;3;88;52 BIS, BRANCOLAR (AV.);M;4371938.0;726561.0;60
9612;201500010669;15;2;8;1930;5;2;2;1;3;88;0, DESAMBROIS (AV.);;;;60
9613;201500010670;15;4;18;1253;1;2;1;1;3;88;ABBAYE (MONTEE DE L');M;4372560.0;728476.0;60
9614;201500010671;15;2;9;1635;1;2;3;1;6;88;34, RAIMBALDI (BD);;;;60
9615;201500010672;15;4;18;1429;1;2;4;8;3;88;0, RAYBAUD JOSEPH;;;;60
9616;201500010674;15;4;20;545;5;2;1;1;5;88;1, RICOLFI (R. HUMBERT);;;;60
9617;201500010675;15;2;11;930;1;2;1;1;6;88;48, GARNIER (BD JOSEPH);;;;60
9618;201500010676;15;4;20;552;5;2;1;1;3;88;124, CALIFORNIE (AV.) (D;M;4368621.0;723621.0;60
9619;201500010677;15;2;11;1030;1;2;2;1;3;88;0, PERTINAX (R.);;;;60
9620;201500010678;15;4;20;1545;1;2;1;1;2;88;123, ANGLAIS (DU N° 114;M;4341252.0;714397.0;60
9621;201500010679;15;2;12;740;1;2;1;1;2;88;8, EUGENIE (BD IMPERATRI;;;;60
9622;201500010680;15;4;21;1715;1;2;3;1;6;88;40, STE-MARGUERITE (AV.);M;4367830.0;721999.0;60
9623;201500010681;15;2;12;745;1;2;1;1;6;88;48, SAINTE-ROSALIE (CORN;;;;60
9624;201500010682;15;4;23;130;5;2;1;1;6;88;123, OLIVIERS (CORNICHE;;;;60
9625;201500010683;15;2;13;1430;1;2;3;1;3;88;2, CIAUDO (RUE DU DOCTEU;;;;60
9626;201500010685;15;2;13;1630;1;2;1;3;6;88;0, ANGLAIS (A PARTIR DU;;;;60
9627;201500010686;15;4;23;1430;1;2;1;1;3;88;2, JOLY (CORNICHE ANDRE;M;4370049.0;728919.0;60
9628;201500010687;15;2;13;1955;5;2;2;3;5;88;0, DIGUE DES FRANCAIS (T;;;;60
9629;201500010689;15;2;13;2220;5;2;1;3;3;88;2, GRENOBLE (ROUTE DE);;;;60
9630;201500010690;15;4;24;125;5;2;1;1;7;88;THIERS (AV.);M;4370467.0;726314.0;60
9631;201500010691;15;2;13;1535;1;2;1;2;6;88;47, CALIFORNIE (AV.) (A;;;;60
9632;201500010692;15;4;24;1245;1;2;1;1;3;88;EIFFEL (AV. GUSTAVE);;;;60
9633;201500010693;15;2;13;2250;5;2;1;2;5;88;15, CESSOLE (BD DE) (A P;;;;60
9634;201500010694;15;4;24;2205;5;2;1;1;6;88;99, ARIANE (BD DE L');M;4373530.0;730195.0;60
9635;201500010695;15;2;14;2020;5;2;2;2;3;88;0, LYAUTEY (AV. DU MAL);;;;60
9636;201500010696;15;4;25;645;1;2;1;1;2;88;1, VOIE RAPIDE;M;4367339.0;722166.0;60
9637;201500010697;15;2;15;1820;4;2;1;3;6;88;107, GROSSO (A PARTIR DU;;;;60
9638;201500010698;15;4;25;950;1;2;1;2;3;88;1, DIGUE DES FRANCAIS (T;;;;60
9639;201500010699;15;2;16;1135;1;2;1;1;4;88;42, TRACHEL (RUE);;;;60
9640;201500010700;15;4;27;1750;1;2;1;1;6;88;20, BAUDELAIRE (RUE CHAR;M;4343404.0;715293.0;60
9641;201500010701;15;2;18;1400;1;2;1;1;3;88;RAYBAUD JOSEPH;;;;60
9642;201500010702;15;4;28;900;1;2;1;1;1;88;162, BESSET (AV.) (A PAR;M;4372483.0;724744.0;60
9643;201500010703;15;2;18;1650;1;2;6;1;3;88;GRENOBLE (ROUTE DE);;;;60
9644;201500010704;15;4;28;855;1;2;3;1;3;88;0, MATISSE (AV. HENRI);;;;60
9645;201500010705;15;2;18;1850;5;2;3;1;3;88;82, CESSOLE (BD DE) (JUS;;;;60
9646;201500010706;15;4;28;1205;1;2;1;1;2;88;566, GRENOBLE (ROUTE DE);;;;60
9647;201500010707;15;2;19;1900;5;2;1;1;3;88;63, ARIANE (BD DE L');;;;60
9648;201500010709;15;4;30;1340;1;2;1;1;2;88;199, ANGLAIS (DU N° 114;M;4368643.0;723784.0;60
9649;201500010710;15;2;20;1508;1;2;2;1;6;88;52, RAY (AV. DU);M;4372562.0;725557.0;60
9650;201500010711;15;2;21;140;5;2;1;1;6;88;0, RD 6202;;;;60
9651;201500010712;15;5;2;1726;1;2;1;1;5;88;, EL-NOUZAH (RUE);;;;60
9652;201500010713;15;2;21;1000;1;1;1;3;1;159;73, BELLAVISTA (AVENUE);;;;60
9653;201500010714;15;5;3;1110;1;2;1;1;6;88;110, OLIVIERS (CORNICHE;;;;60
9654;201500010715;15;2;21;1130;1;2;1;1;6;88;0, RAIBERTI (R.);;;;60
9655;201500010716;15;5;3;300;5;2;1;1;6;88;NAPOLEON III (PONT);;;;60
9656;201500010717;15;2;21;1330;1;2;1;2;6;88;0, BLANQUI (PL. AUGUSTE);;;;60
9657;201500010718;15;5;3;1215;1;2;1;1;2;88;62, DUNANT (AV. HENRI);;;;60
9658;201500010719;15;2;21;1655;1;2;3;3;3;88;34, SEMARD (BD PIERRE);;;;60
9659;201500010720;15;5;4;845;1;2;1;1;1;88;80, MATISSE (AV. HENRI);;;;60
9660;201500010721;15;2;21;1920;5;2;3;2;6;88;CARABACEL (BD);;;;60
9661;201500010722;15;5;4;1120;1;2;3;1;1;88;11, RAY (AV. DU);;;;60
9662;201500010723;15;2;22;1145;1;2;1;1;3;88;ANGLAIS (DU N? 265 AU N?;;;;60
9663;201500010724;15;5;2;2310;5;2;1;1;3;88;59, GAMBETTA (JUSQU'AU N;;;;60
9664;201500010725;15;2;23;850;1;2;1;1;3;88;2, TZAREWITCH (BD DU);;;;60
9665;201500010726;15;5;4;1734;1;2;1;1;5;88;borne 118, VOIE RAPIDE;;;;60
9666;201500010727;15;2;24;1;5;2;2;1;3;88;0, MEDECIN (AV. JEAN);;;;60
9667;201500010728;15;5;5;1710;1;2;1;1;7;88;64, MATISSE (AV. HENRI);;;;60
9668;201500010729;15;2;24;1030;1;2;1;8;2;88;43, ANGLAIS (DU N? 1 AU;;;;60
9669;201500010730;15;5;7;920;1;2;1;1;6;88;4, TOUR (R. ET PL. DE LA;;;;60
9670;201500010731;15;2;24;1800;1;2;1;1;3;159;BELLAVISTA (AVENUE);;;;60
9671;201500010732;15;5;7;1145;1;2;1;1;3;88;62, CASSIN (BD RENE);;;;60
9672;201500010733;15;2;24;1820;3;2;2;1;3;88;0, DUBOUCHAGE (BD);;;;60
9673;201500010734;15;5;7;2152;5;2;1;1;3;88;29/30, ANGLAIS (DU N° 1;M;4341420.0;715521.0;60
9674;201500010735;15;2;25;1035;1;2;2;1;3;88;2, MALAUSSENA (AV.);;;;60
9675;201500010736;15;5;8;850;1;2;1;1;3;159;9, CORNE D OR (BOULEVARD;;;;60
9676;201500010737;15;2;25;1100;1;2;1;1;3;88;8, PHOCEENS (AV. DES);;;;60
9677;201500010739;15;2;26;130;4;2;1;1;1;88;77, CARNOT (BD);;;;60
9678;201500010740;15;5;9;941;1;2;1;1;6;88;0, MICHEL ANGE (AV.) (JU;;;;60
9679;201500010741;15;2;27;1115;1;2;3;1;5;88;78, CORNICHE FLEURIE (AV;;;;60
9680;201500010742;15;5;9;1050;1;2;8;1;6;88;06, VERANY (BD J.B.);;;;60
9681;201500010743;15;2;27;1700;1;2;1;1;6;88;90, ROQUEBILLIERE (R. DE;;;;60
9682;201500010744;15;5;9;1800;1;2;1;1;6;88;34, BORNALA (AV. DE LA);;;;60
9683;201500010745;15;2;27;1715;1;2;1;1;6;88;10, FLIREY (AV. DE);;;;60
9684;201500010746;15;5;10;420;5;2;1;1;3;88;203, STE MARGUERITE (AV.;;;;60
9685;201500010747;15;2;27;2334;5;2;1;1;6;88;139, ST LAMBERT A PARTIR;;;;60
9686;201500010748;15;5;10;1834;1;2;1;1;2;88;VOIE RAPIDE;M;4340212.0;713145.0;60
9687;201500010749;15;2;28;100;5;2;1;1;6;88;77, ANGLAIS (DU N? 45 AU;;;;60
9688;201500010750;15;5;11;1505;1;2;1;1;3;88;132, LANTERNE (AV. DE LA;M;4341040.0;713096.0;60
9689;201500010751;15;3;2;1030;1;2;1;1;3;88;TURIN (RTE DE);;;;60
9690;201500010753;15;3;2;1735;1;2;5;1;3;88;192, CALIFORNIE (AV.) (D;;;;60
9691;201500010754;15;5;12;1350;1;2;1;1;1;88;69, DAUPHINE (AV.);;;;60
9692;201500010755;15;3;3;1245;1;2;1;1;3;88;85, CESSOLE (BD DE) (JUS;;;;60
9693;201500010756;15;5;12;1430;1;2;1;1;6;88;37, CARABACEL (BD);;;;60
9694;201500010757;15;3;4;1140;1;2;3;1;1;88;27, CESSOLE (BD DE) (JUS;;;;60
9695;201500010759;15;3;4;1815;3;2;1;1;6;88;43, PAPE JEAN XXIII (BD);;;;60
9696;201500010760;15;5;13;850;1;2;1;1;6;88;3, SAPPIA (AV. HENRI);;;;60
9697;201500010761;15;3;5;1710;1;2;1;1;3;88;8, FAURE (AV. FELIX);;;;60
9698;201500010762;15;5;13;1345;1;2;1;1;4;88;1, VOIE RAPIDE;;;;60
9699;201500010763;15;3;5;1915;5;2;1;1;4;88;0, MATISSE (AV. HENRI);;;;60
9700;201500010764;15;3;6;115;5;2;3;1;6;88;37, CARLONE (BD);;;;60
9701;201500010765;15;5;14;220;5;2;1;1;7;88;274, CALIFORNIE (AV.) (A;;;;60
9702;201500010766;15;3;6;800;1;2;2;1;3;88;0, ALBERTI (RUE);;;;60
9703;201500010768;15;3;6;1525;1;2;1;1;2;88;MALRAUX (VOIE ET TUNNEL);;;;60
9704;201500010769;15;5;15;1205;1;2;1;1;1;88;6, STE-MARGUERITE (AV.);;;;60
9705;201500010770;15;3;7;2038;5;2;1;1;3;88;108, GAMBETTA (A PARTIR;;;;60
9706;201500010771;15;5;15;1750;1;2;1;1;6;88;13, CITE DE L'EAU FRAICH;;;;60
9707;201500010772;15;3;7;2130;5;2;1;1;3;88;0, GUYNEMER (PL.);;;;60
9708;201500010773;15;5;15;1830;1;2;1;1;1;88;VERNIER (R.);;;;60
9709;201500010774;15;3;8;740;1;2;1;1;5;88;40, EUGENIE (BD IMPERATR;;;;60
9710;201500010775;15;5;16;1645;1;1;1;1;6;88;0, THIERS (AV.);;;;60
9711;201500010776;15;3;8;1640;1;2;1;1;6;88;153, CESSOLE (BD DE) (A;;;;60
9712;201500010777;15;5;16;1650;1;2;2;1;6;88;12, FAURE (AV. FELIX);;;;60
9713;201500010778;15;3;9;815;1;2;1;1;4;88;263, ANGLAIS (DU N° 114;;;;60
9714;201500010779;15;3;9;900;1;2;1;1;3;88;63, ANGLAIS (DU N° 45 AU;;;;60
9715;201500010781;15;5;17;1330;1;2;1;1;3;88;5, ILE-DE-BEAUTE (PL. DE;M;4369859.0;728559.0;60
9716;201500010782;15;3;10;2210;5;2;3;1;3;88;97, PASTEUR (BD);;;;60
9717;201500010783;15;5;17;1700;1;2;9;1;3;88;181, GRENOBLE (ROUTE DE);;;;60
9718;201500010785;15;5;17;1920;1;2;1;1;6;88;12, SAINT-JEAN D'ANGELY;;;;60
9719;201500010786;15;3;11;1015;1;2;4;1;3;88;COMBOUL (AV. RAYMOND);;;;60
9720;201500010787;15;5;18;830;1;2;1;1;3;88;5, ROBINI (AV. DR VICTOR;;;;60
9721;201500010788;15;3;11;1900;5;2;1;1;6;88;301, TERRON (CH. DE);;;;60
9722;201500010789;15;5;18;1110;1;2;1;1;6;88;2, ALLEGRE (AV. JEAN);;;;60
9723;201500010790;15;3;12;1215;1;2;1;1;3;88;0, ANGLAIS (DU N° 114 AU;;;;60
9724;201500010791;15;5;18;1630;1;2;2;1;3;88;GRENOBLE (ROUTE DE);;;;60
9725;201500010792;15;3;12;1710;1;2;1;1;3;159;0, BELLAVISTA (AVENUE);;;;60
9726;201500010793;15;5;18;1920;1;2;8;1;6;88;205, MADELEINE (BD DE LA;;;;60
9727;201500010794;15;3;12;1855;5;2;1;1;3;88;0, POMPIDOU (BD GEORGES);;;;60
9728;201500010796;15;3;13;1910;5;2;1;1;5;88;247, ANGLAIS (DU N° 114;;;;60
9729;201500010797;15;5;19;1210;1;2;2;1;3;88;26, VERANY (BD J.B.);;;;60
9730;201500010798;15;3;13;2115;5;2;1;1;2;88;34, ANGLAIS (DU N° 1 AU;;;;60
9731;201500010799;15;5;19;1805;1;2;1;1;6;88;2, PLATANES (AV. DES);;;;60
9732;201500010800;15;3;14;1000;1;2;1;1;6;88;47, RAYNAUD (BD AUGUSTE);;;;60
9733;201500010801;15;5;20;845;1;2;1;1;3;88;0, GRINDA (AV. EDOUARD);;;;60
9734;201500010802;15;3;14;2130;5;2;1;1;2;88;101, GAMBETTA (A PARTIR;;;;60
9735;201500010803;15;5;20;2005;1;2;7;1;3;88;0, ARIANE (BD DE L');;;;60
9736;201500010805;15;5;20;2015;1;2;9;1;3;88;VOIE RAPIDE;;;;60
9737;201500010806;15;5;20;2020;2;2;1;1;1;88;0, ANGLAIS PLAGE (DU 265;;;;60
9738;201500010807;15;5;21;1200;1;2;1;1;6;159;503, BELLAVISTA (AVENUE);;;;60
9739;201500010808;15;5;20;2020;2;2;1;1;3;159;56, PRINCESSE GRACE DE M;;;;60
9740;201500010809;15;5;21;2100;2;2;2;1;1;88;0, GASSIN (R. COLONEL);;;;60
9741;201500010810;15;5;22;220;5;2;1;1;1;88;RD 6202;;;;60
9742;201500010811;15;5;22;1410;1;2;1;1;2;88;218, ANGLAIS (DU N° 114;;;;60
9743;201500010812;15;5;23;645;1;2;1;1;6;159;BASSE CORNICHE;;;;60
9744;201500010813;15;5;23;1000;1;2;1;1;6;88;LYAUTEY (AV. DU MAL);;;;60
9745;201500010814;15;5;23;1815;1;2;1;1;6;88;25, CANAVESE (RUE JEAN);;;;60
9746;201500010815;15;5;25;1030;1;2;1;1;6;88;36, DELFINO (BD GENERAL);;;;60
9747;201500010816;15;5;25;1745;1;2;1;1;1;88;0, ROBINI (AV. DR VICTOR;;;;60
9748;201500010817;15;5;26;750;1;2;1;1;2;88;RIMIEZ (AV. DE);;;;60
9749;201500010818;15;5;27;639;1;2;1;1;3;88;0, COTY (PONT RENE);;;;60
9750;201500010819;15;5;27;1240;1;2;1;1;6;88;0, DEFLY (RUE);;;;60
9751;201500010820;15;5;27;1355;1;2;1;1;3;88;0, JOFFRE (R. MARECHAL);;;;60
9752;201500010821;15;5;27;1540;1;2;1;1;4;88;1, GOUNOD (RUE);;;;60
9753;201500010822;15;5;28;59;5;2;1;1;3;88;JAURES (BD JEAN);;;;60
9754;201500010823;15;5;28;940;1;2;1;1;6;88;GORBELLA (BD DE);;;;60
9755;201500010824;15;5;28;1200;1;2;1;1;3;88;VOIE RAPIDE;;;;60
9756;201500010825;15;5;28;1310;1;2;3;1;6;88;75, BESSET (AV.) (A PART;;;;60
9757;201500010826;15;5;28;1605;1;2;2;1;6;88;0, ROQUEBILLIERE (R. DE);;;;60
9758;201500010827;15;5;28;1645;1;2;1;1;2;88;49, CALIFORNIE (AV.) (DU;;;;60
9759;201500010829;15;5;30;800;1;2;1;1;1;88;34, VERNIER (R.);;;;60
9760;201500010830;15;5;30;945;1;2;1;1;2;88;63, GRENOBLE (ROUTE DE);;;;60
9761;201500010831;15;5;31;20;5;2;1;1;6;88;39, GAMBETTA (JUSQU'AU N;;;;60
9762;201500010832;15;5;31;1435;1;2;2;1;3;88;LEPANTE (R. DE);;;;60
9763;201500010833;15;5;31;2038;2;2;2;1;3;88;NORMANDIE (AV. DE);;;;60
9764;201500010834;15;6;1;1345;1;1;1;1;6;88;742, GRENOBLE (ROUTE DE);;;;60
9765;201500010835;15;6;2;915;1;2;1;1;5;88;VERANY (BD J.B.);;;;60
9766;201500010836;15;6;2;910;1;2;1;1;3;88;53, CAP DE CROIX (AV. ET;;;;60
9767;201500010837;15;6;2;1145;1;2;3;1;3;88;47, ANGLAIS (DU N° 45 AU;;;;60
9768;201500010838;15;6;2;1445;1;2;1;1;1;88;281, CALIFORNIE (AV.) (A;;;;60
9769;201500010839;15;6;2;1810;1;2;2;1;1;88;05, MARSHALL (PL. GENERA;;;;60
9770;201500010840;15;6;2;1900;1;2;3;1;3;88;CHURCHILL (BD WINSTON);;;;60
9771;201500010841;15;6;2;2309;5;2;1;1;6;88;60, ESTIENNE -D'ORVES (A;;;;60
9772;201500010842;15;6;3;2310;5;2;2;1;1;88;76, JOLY (CORNICHE ANDRE;;;;60
9773;201500010843;15;6;4;725;1;2;1;1;3;88;81, RAYBAUD JOSEPH;;;;60
9774;201500010844;15;6;4;1200;1;2;1;1;1;88;0, SAINT-PHILIPPE (PL.);;;;60
9775;201500010845;15;6;4;1300;1;2;1;1;4;88;211, ANGLAIS (DU N° 114;;;;60
9776;201500010846;15;6;4;1510;1;2;1;1;2;88;10, COMBATTANTS D'AFN (R;;;;60
9777;201500010847;15;6;4;1900;1;2;1;1;3;88;8, CARLONE (BD);;;;60
9778;201500010848;15;6;4;2010;1;2;2;1;3;88;0, BORRIGLIONE (A PARTIR;;;;60
9779;201500010849;15;6;5;845;1;2;1;1;3;88;13, GAMBETTA (JUSQU'AU N;;;;60
9780;201500010850;15;6;5;1435;1;2;2;1;7;88;FLEURS (AV. DES);;;;60
9781;201500010851;15;6;5;1715;1;2;1;1;3;88;0, VOIE RAPIDE;;;;60
9782;201500010852;15;6;5;1705;1;2;1;1;2;88;127, ANGLAIS (DU N° 114;;;;60
9783;201500010853;15;6;7;210;5;2;1;1;6;88;0, TUNNEL DU PAILLON;;;;60
9784;201500010854;15;6;6;1845;1;2;1;1;5;88;179, ANGLAIS (DU N° 114;;;;60
9785;201500010855;15;6;8;845;1;2;1;1;2;88;0, DELFINO (BD GENERAL);M;4370407.0;728856.0;60
9786;201500010857;15;6;9;1550;1;2;1;1;3;88;0, ROSSINI (R.);M;4370015.0;726241.0;60
9787;201500010858;15;6;9;1715;1;2;2;1;6;88;37, ANGLAIS (DU N° 1 AU;M;4369421.0;725708.0;60
9788;201500010859;15;6;9;1745;1;2;1;1;4;88;1, VOIE RAPIDE;;;;60
9789;201500010860;15;6;10;955;1;2;1;1;1;88;150, CORNICHE FLEURIE (A;M;4369542.0;729244.0;60
9790;201500010861;15;6;10;1250;1;2;1;1;1;88;32, CIMIEZ (BD) A PARTIR;;;;60
9791;201500010862;15;6;10;1345;1;2;1;1;6;88;6, CARABACEL (BD);M;4370318.0;727698.0;60
9792;201500010863;15;6;10;1415;1;2;2;1;3;88;RIPERT (EMILE);;;;60