;Num_Acc;an;mois;jour;hrmn;lum;agg;int;atm;col;com;adr;gps;lat;long;dep
9793;201500010865;15;6;9;2347;5;2;1;1;6;88;00, DANTE (RUE);;;;60
9794;201500010866;15;6;12;35;5;2;2;1;3;88;0, RIQUIER (BD DE);M;4370119.0;728806.0;60
9795;201500010868;15;6;12;1845;1;2;3;1;3;88;308, STE MARGUERITE (AV.;M;4369448.0;719990.0;60
9796;201500010869;15;6;13;700;1;2;3;1;3;88;1, BOTTERO (RUE);;;;60
9797;201500010871;15;6;13;2240;4;2;1;1;4;88;38, ANGLAIS (DU N° 1 AU;;;;60
9798;201500010872;15;6;15;940;1;2;2;1;6;88;8, VOIE ROMAINE (AV. DE;M;4372333.0;728588.0;60
9799;201500010873;15;6;15;1215;1;2;1;1;6;88;61, QUAI DES ETATS UNIS;;;;60
9800;201500010874;15;6;16;1400;1;2;1;1;6;88;3 bis, SEYTOUR (R. MARTI;M;4369996.0;728221.0;60
9801;201500010875;15;6;17;940;1;2;1;1;7;88;247, ANGLAIS (DU N° 114;;;;60
9802;201500010876;15;6;17;1035;1;2;1;1;3;88;6, DANTE (RUE);M;4369595.0;725512.0;60
9803;201500010877;15;6;17;1315;1;2;1;1;6;88;81, BAREL (BD VIRGILE);;;;60
9804;201500010878;15;6;21;1220;1;2;1;1;6;88;ANGLAIS (DU N° 1 AU N° 4;;;;60
9805;201500010879;15;6;21;1300;1;2;1;1;3;88;0, RAYNAUD (BD AUGUSTE);M;4371463.0;725856.0;60
9806;201500010880;15;6;21;1810;1;2;1;1;3;88;139, LANTERNE (AV. DE LA;;;;60
9807;201500010882;15;6;22;1600;1;2;1;1;1;88;49, OBSERVATOIRE (R. PRI;;;;60
9808;201500010884;15;6;23;1550;1;2;1;1;3;88;VOIE RAPIDE;M;4370564.0;726275.0;60
9809;201500010885;15;6;24;828;1;2;1;1;6;88;40 bis, GORBELLA (BD DE);;;;60
9810;201500010886;15;6;24;1030;1;2;1;1;4;88;96, CASSIN (BD RENE);M;4366984.0;721772.0;60
9811;201500010887;15;6;25;1650;1;2;2;1;3;88;BERLIOZ (RUE);;;;60
9812;201500010888;15;6;26;530;2;2;1;1;6;88;39, CALIFORNIE (AV.) (DU;M;4369011.0;724213.0;60
9813;201500010889;15;6;26;910;1;2;1;1;2;88;CORNIGLION MOLINIER (BD);;;;60
9814;201500010890;15;6;26;1110;1;2;1;1;7;88;116-130, PASTEUR (BD);M;4371366.0;727966.0;60
9815;201500010891;15;6;26;1500;1;2;2;1;6;88;7, PASTORELLI (R.);;;;60
9816;201500010892;15;6;26;2257;5;2;1;1;6;88;93, VALROSE (AV. );;;;60
9817;201500010893;15;6;27;750;1;2;1;1;1;88;35, EGLISE ST PANCRACE (;;;;60
9818;201500010894;15;6;28;2230;5;2;2;1;3;88;0, HUGO (BD VICTOR);M;;;60
9819;201500010895;15;6;29;1115;1;2;1;1;3;88;64, BESSET (AV.) (A PART;;;;60
9820;201500010896;15;6;29;2305;5;2;2;1;1;88;FABRON (AV. DE) (JUSQU'A;;;;60
9821;201500010897;15;6;30;835;1;2;2;1;5;88;33, ARSON (RUE);;;;60
9822;201500010898;15;6;30;1045;1;2;1;1;6;88;28, LANTERNE (AV. DE LA);;;;60
9823;201500010899;15;6;30;1130;1;2;1;1;6;88;0, GUTENBERG (R.);M;4370950.0;725850.0;60
9824;201500010900;15;7;1;2130;2;2;2;1;3;88;HUGO (BD VICTOR);;;;60
9825;201500010901;15;7;2;625;1;2;1;1;3;88;PASSY (R. FREDERIC);;;;60
9826;201500010902;15;7;2;1145;1;2;1;1;6;88;245, ANGLAIS (DU N° 114;;;;60
9827;201500010903;15;7;2;1445;1;2;6;1;6;88;320, TURIN (RTE DE);M;4373144.0;728930.0;60
9828;201500010904;15;7;3;807;1;2;1;1;1;88;19, VALOMBROSE (AV. DE);;;;60
9829;201500010905;15;7;3;755;1;2;3;1;6;88;1, GRENOBLE (ROUTE DE);M;4368397.0;719847.0;60
9830;201500010906;15;7;3;1600;1;2;1;1;3;88;5, PELLOS (R. FRANCOIS);M;4371053.0;726479.0;60
9831;201500010907;15;7;4;10;5;2;2;1;3;88;0, SMOLETT (R.);;;;60
9832;201500010908;15;7;4;1600;1;2;1;1;2;88;107, ANGLAIS (DU N° 114;M;4369092.0;724663.0;60
9833;201500010909;15;7;5;940;1;2;1;1;6;88;37, MATISSE (AV. HENRI);;;;60
9834;201500010910;15;7;5;2302;5;1;1;1;3;88;57, MATISSE (AV. HENRI);;;;60
9835;201500010911;15;7;6;1040;1;2;2;1;3;88;0, ARMEE DES ALPES (BD D;M;4370829.0;729280.0;60
9836;201500010912;15;7;6;2036;2;2;1;1;1;88;59, ETATS UNIS (QUAI DES;;;;60
9837;201500010913;15;7;6;1900;1;2;1;1;2;88;3, MADELEINE (BD DE LA);;;;60
9838;201500010914;15;7;7;1250;1;2;1;1;3;88;63, MADELEINE (BD DE LA);M;4369826.0;724028.0;60
9839;201500010916;15;7;7;1800;1;2;1;1;6;88;CASSIN (BD RENE);M;4367009.0;722112.0;60
9840;201500010917;15;7;8;1935;1;2;1;1;6;88;0, VALOMBROSE (AV. DE);M;4372552.0;727930.0;60
9841;201500010918;15;7;8;2000;2;2;1;1;6;88;GILLY (R. JULES);;;;60
9842;201500010919;15;7;9;1300;1;2;1;1;6;88;102, SAINT-PIERRE DE FER;M;4370715.0;0.0;60
9843;201500010920;15;7;9;2100;2;2;1;1;1;159;23, CORNE D OR (BOULEVAR;M;4370704.0;730401.0;60
9844;201500010921;15;7;10;140;5;2;1;1;3;88;198, ANGLAIS (DU N° 114;M;4368652.0;723793.0;60
9845;201500010922;15;7;10;830;1;2;2;1;3;88;45bis, GAMBETTA (JUSQU'A;M;4369909.0;725609.0;60
9846;201500010923;15;7;10;1100;1;2;2;1;2;88;TURIN (RTE DE);;;;60
9847;201500010924;15;7;10;2045;1;2;1;1;3;88;0, CORNICHE FLEURIE (AV.;M;4369535.0;729220.0;60
9848;201500010925;15;7;11;26;5;2;1;1;3;88;0, CASSIN (BD RENE);M;4367184.0;722356.0;60
9849;201500010926;15;7;11;700;1;2;3;1;3;88;0, CARABACEL (BD);M;4370393.0;727467.0;60
9850;201500010927;15;7;9;2030;1;2;2;1;1;88;MICHEL (R. JULES);;;;60
9851;201500010928;15;7;11;1000;1;2;1;1;3;88;148, CALIFORNIE (AV.) (D;;;;60
9852;201500010929;15;7;11;2350;5;2;1;1;2;88;189, MADELEINE (BD DE LA;M;4370633.0;723229.0;60
9853;201500010930;15;7;12;2052;5;2;1;1;6;88;272, CALIFORNIE (AV.) (A;;;;60
9854;201500010931;15;7;14;1615;1;2;2;1;3;88;0, PARIS (R. DE);M;4370476.0;726735.0;60
9855;201500010932;15;7;15;1615;1;2;1;1;2;88;22, QUAI LUNEL;;;;60
9856;201500010933;15;7;15;1720;1;2;1;1;2;88;71, ROQUEBILLIERE (R. DE;M;4371390.0;728910.0;60
9857;201500010934;15;7;16;1430;1;2;7;1;3;88;SAINT-PHILIPPE (PL.);;;;60
9858;201500010935;15;7;16;1440;1;2;1;1;2;88;16, JOLY (CORNICHE ANDRE;M;4369947.0;729386.0;60
9859;201500010936;15;7;17;110;5;2;1;1;6;88;120, SAINT-PIERRE DE FER;M;4371523.0;723856.0;60
9860;201500010937;15;7;17;1120;1;2;6;1;3;88;0, GRENOBLE (ROUTE DE);M;4374765.0;718880.0;60
9861;201500010938;15;7;17;2020;1;1;1;1;3;88;199, ANGLAIS (DU N° 114;M;4368856.0;724092.0;60
9862;201500010939;15;7;18;1235;1;1;4;1;1;88;0, LAUVETTE (CITE DE LA);M;4374267.0;730836.0;60
9863;201500010940;15;7;18;1450;1;2;1;1;2;88;0, ANGLAIS (DU N° 1 AU N;;;;60
9864;201500010941;15;7;18;1815;1;2;1;1;2;159;1125, NAPOLEON III (BOUL;M;4370353.0;732309.0;60
9865;201500010942;15;7;19;1040;1;2;1;1;6;88;RAY (AV. DU);M;4372439.0;725780.0;60
9866;201500010943;15;7;19;1230;1;2;1;1;1;88;183, PESSICART (JUSQU'AU;M;4371458.0;725082.0;60
9867;201500010944;15;7;21;135;5;2;3;1;3;88;0, SAINT-AUGUSTIN (AV. D;M;4367526.0;722721.0;60
9868;201500010945;15;7;21;1155;1;2;1;1;6;88;0, TUNNEL ET VOIE MALRAU;M;4370724.0;727615.0;60
9869;201500010946;15;7;21;1800;1;2;9;1;3;88;0, VOIE RAPIDE;M;4369812.0;724814.0;60
9870;201500010947;15;7;21;2351;5;2;1;1;7;88;11, GAMBETTA (JUSQU'AU N;M;4369490.0;725618.0;60
9871;201500010948;15;7;22;745;1;2;1;1;6;159;57, GENERAL LECLER (AVEN;M;4370436.0;730305.0;60
9872;201500010949;15;7;23;915;1;2;1;1;1;88;4, QUAI PAPACINO;M;4369807.0;728355.0;60
9873;201500010950;15;7;25;254;5;2;2;1;3;88;35, BARLA (RUE);M;4370077.0;728677.0;60
9874;201500010951;15;7;25;1500;1;2;2;1;3;88;30, ALBERTI (RUE);M;4370093.0;727107.0;60
9875;201500010952;15;7;25;1740;1;2;1;1;6;88;122, CARNOT (BD);M;4369193.0;729389.0;60
9876;201500010953;15;7;26;240;5;2;1;1;2;88;115, ANGLAIS (N° 113);M;4369063.0;724501.0;60
9877;201500010954;15;7;27;1340;1;2;1;1;3;88;119, PASTEUR (BD);M;4371306.0;727917.0;60
9878;201500010956;15;7;28;750;1;2;2;1;6;88;0, BLANCON (RUE PIERRE);M;4370569.0;728815.0;60
9879;201500010957;15;7;28;1115;1;2;2;1;3;88;18, MIRON (R.);M;4370617.0;726686.0;60
9880;201500010958;15;7;28;1320;1;2;1;1;3;88;109, SAINT-AUGUSTIN (AV.;M;4367034.0;721689.0;60
9881;201500010959;15;7;28;1945;1;1;1;1;3;88;183, RIMIEZ (AV. DE);;;;60
9882;201500010960;15;7;29;945;1;2;1;1;7;88;232, RD 6202;M;4368085.0;720028.0;60
9883;201500010961;15;7;29;1140;1;2;1;1;6;88;69, GORBELLA (BD DE);M;4371940.0;725661.0;60
9884;201500010962;15;7;28;1740;1;2;1;1;3;88;0, ARIANE (BD DE L');M;4373896.0;730791.0;60
9885;201500010963;15;7;29;2010;1;2;1;1;6;88;0, GARIBALDI (PL.);M;4370052.0;728029.0;60
9886;201500010964;15;7;29;2005;1;2;1;1;3;159;11, ALBERT 1ER (AVENUE);M;4370398.0;731093.0;60
9887;201500010965;15;7;30;1540;1;2;2;1;3;88;1, JOFFRE (R. MARECHAL);M;4369861.0;726395.0;60
9888;201500010966;15;7;31;1445;1;2;1;1;2;88;273, GRENOBLE (ROUTE DE);;;;60
9889;201500010968;15;8;2;1215;1;2;1;1;1;88;65, CREMAT (CH. DE);M;4371453.0;719579.0;60
9890;201500010969;15;8;4;245;5;2;2;1;3;88;0, KARR (R. ALPHONSE);M;4342022.0;715507.0;60
9891;201500010970;15;8;4;1920;1;2;1;1;3;88;0, RAYNAUD (BD AUGUSTE);M;4371689.0;725699.0;60
9892;201500010971;15;8;5;850;1;2;1;1;3;159;1723, MOYENNE CORNICHE;M;4371644.0;733288.0;60
9893;201500010972;15;8;5;1850;1;2;1;1;6;88;QUAI DES ETATS UNIS;M;4369511.0;727148.0;60
9894;201500010973;15;8;5;155;5;2;1;1;6;88;0, ANGLAIS (A PARTIR DU;M;4339530.0;712120.0;60
9895;201500010974;15;8;6;2235;5;2;2;1;3;88;4, AUNE (RUE FRANCOIS);M;4369881.0;725538.0;60
9896;201500010975;15;8;7;1220;1;2;1;1;3;159;1005, NAPOLEON III (BOUL;M;4370359.0;732278.0;60
9897;201500010976;15;8;7;1500;1;2;9;1;3;88;81, RAYBAUD JOSEPH;;;;60
9898;201500010977;15;8;8;2330;5;2;2;1;3;88;9, PARIS (R. DE);M;4370622.0;726856.0;60
9899;201500010978;15;8;9;1029;1;2;1;1;6;88;8, GLORIA (AV.);;;;60
9900;201500010979;15;8;9;1645;1;2;1;1;3;88;1, NAPOLEON III (PONT);M;4366411.0;719962.0;60
9901;201500010980;15;8;10;40;5;2;1;1;1;88;0, GAMBETTA (JUSQU'AU N°;;;;60
9902;201500010981;15;8;10;130;5;2;1;1;6;88;75, JOLY (CORNICHE ANDRE;;;;60
9903;201500010982;15;8;10;2155;5;1;1;1;3;88;ANGLAIS (A PARTIR DU N°;;;;60
9904;201500010983;15;8;12;250;5;2;1;1;6;88;ANGLAIS (DU N° 1 AU N° 4;M;4369539.0;726539.0;60
9905;201500010984;15;8;12;420;5;2;1;1;6;88;1, CHATEAUNEUF (RUE);;;;60
9906;201500010985;15;8;12;1150;1;2;1;1;3;88;11, RAY (AV. DU);M;4372118.0;726076.0;60
9907;201500010986;15;8;12;1530;1;2;1;1;3;88;37, ANGLAIS (DU N° 1 AU;;;;60
9908;201500010987;15;8;12;2350;5;2;3;1;7;88;GARIGLIANO (PONTS);;;;60
9909;201500010988;15;8;13;925;1;2;2;1;3;88;FIGHIERA (R. DU DOCTEUR);M;4371070.0;728938.0;60
9910;201500010989;15;8;13;920;1;2;2;1;3;88;VERANY (BD J.B.);;;;60
9911;201500010991;15;8;15;815;1;2;1;1;1;88;51, MATISSE (AV. HENRI);;;;60
9912;201500010992;15;8;16;2210;5;2;1;1;6;88;ANGLAIS (N° 113);;;;60
9913;201500010993;15;8;17;720;1;1;1;1;2;159;25, PRINCESSE GRACE DE M;;;;60
9914;201500010994;15;8;17;250;5;2;1;1;2;88;25, ANGLAIS PLAGE (N°1 A;;;;60
9915;201500010995;15;8;18;1615;1;1;1;1;3;88;222, TURIN (RTE DE);;;;60
9916;201500010996;15;8;19;1700;1;2;2;1;3;88;BEAUMONT (RUE);;;;60
9917;201500010997;15;8;19;1845;1;2;1;1;6;88;211, CALIFORNIE (AV.) (A;M;;;60
9918;201500010998;15;8;20;1315;1;2;1;1;1;88;155, SAINT-LAMBERT (AV.);;;;60
9919;201500010999;15;8;20;1830;1;2;1;1;2;88;267, ANGLAIS (DU N° 265;;;;60
9920;201500011000;15;8;20;2050;2;2;1;1;6;159;14, FRANCOIS FERRY (CHEM;;;;60
9921;201500011001;15;8;21;535;5;2;1;1;6;88;GOUNOD (RUE);;;;60
9922;201500011002;15;8;23;2214;5;1;1;2;6;88;24, MEYERBEER (RUE ET PA;;;;60
9923;201500011003;15;8;24;1550;1;2;2;1;3;88;FRANKLIN (PL.);;;;60
9924;201500011004;15;8;24;1700;1;2;1;2;6;88;590, GRENOBLE (ROUTE DE);;;;60
9925;201500011006;15;8;25;815;1;2;1;1;2;88;000, NAPOLEON III (BD);;;;60
9926;201500011007;15;8;25;1400;1;2;2;1;3;88;04, FALICON (BD COMTE DE;;;;60
9927;201500011008;15;8;25;1815;1;2;1;1;3;88;SAINT-LAMBERT (AV.) (A P;;;;60
9928;201500011009;15;8;26;1615;1;2;1;1;1;88;219, ANGLAIS (DU N° 114;;;;60
9929;201500011010;15;8;26;2130;5;2;2;1;1;88;LAUVETTE (CITE DE LA);;;;60
9930;201500011011;15;8;27;1;5;2;2;1;3;88;MARSHALL (PL. GENERAL);;;;60
9931;201500011012;15;8;27;1000;1;2;1;1;6;88;31, MARNE (AV. DE LA);;;;60
9932;201500011013;15;8;28;1050;1;2;1;1;6;88;BARLA (RUE);M;4370102.0;728558.0;60
9933;201500011015;15;8;28;1210;1;2;1;1;3;88;VOIE RAPIDE;;;;60
9934;201500011017;15;8;31;415;5;1;1;1;6;88;133, GRENOBLE (ROUTE DE);M;4340143.0;712358.0;60
9935;201500011018;15;8;31;1300;1;2;1;1;6;88;88, BESSET (AV.) (A PART;M;4371921.0;725243.0;60
9936;201500011019;15;8;31;1430;1;2;1;1;3;88;89, GAMBETTA (A PARTIR D;M;4369526.0;725630.0;60
9937;201500011020;15;9;1;915;1;2;2;1;3;88;47, SMOLETT (R.);;;;60
9938;201500011022;15;9;2;805;1;1;1;1;2;88;VOIE RAPIDE;M;4369514.0;724602.0;60
9939;201500011023;15;9;2;1540;1;2;1;1;3;88;2, FRANKLIN (PL.);M;4341585.0;715225.0;60
9940;201500011024;15;9;2;1945;2;2;3;1;3;88;130, OLIVIERS (CORNICHE;M;4373912.0;723414.0;60
9941;201500011025;15;9;3;1119;1;2;1;1;3;88;0, VOIE ROMAINE (AV. DE;;;;60
9942;201500011027;15;9;4;830;1;2;1;1;3;88;1, MONTREAL (BD DE);;;;60
9943;201500011028;15;9;4;1610;1;2;1;1;2;88;ANGLAIS (DU N° 265 AU N°;M;4341180.0;714276.0;60
9944;201500011030;15;9;6;207;5;2;2;1;6;88;37, GOUNOD (RUE);M;4341596.0;715380.0;60
9945;201500011031;15;9;6;530;5;2;2;1;3;88;0, ANGLAIS (DU N° 265 AU;M;4367528.0;722726.0;60
9946;201500011032;15;9;6;1815;1;2;1;1;6;88;59/61, JOLY (CORNICHE AN;M;4370026.0;729605.0;60
9947;201500011033;15;9;7;745;2;2;1;1;3;159;CORNE D OR (BOULEVARD DE;M;4342354.0;718409.0;60
9948;201500011034;15;9;7;1130;1;2;6;1;3;88;1, VEROLA (AV. AUGUSTE);M;4371085.0;719457.0;60
9949;201500011035;15;9;7;1945;2;2;1;1;2;88;CORNIGLION MOLINIER (BD);M;4341180.0;714273.0;60
9950;201500011036;15;9;8;1520;1;2;1;1;6;88;30, MEDECIN (AV. JEAN);M;4370167.0;726723.0;60
9951;201500011037;15;9;8;1735;1;2;2;1;6;88;BARLA (RUE);M;4342068.0;716584.0;60
9952;201500011038;15;9;9;800;1;2;1;1;3;88;13, DURANDY (AV. JOSEPH);M;4342550.0;713040.0;60
9953;201500011039;15;9;9;835;1;2;1;1;2;88;1, VOIE RAPIDE;M;4370562.0;726250.0;60
9954;201500011040;15;9;10;1320;1;2;1;1;2;88;57, OBSERVATOIRE (R. PRI;M;4372484.0;729567.0;60
9955;201500011042;15;9;11;2108;4;2;1;1;2;88;270, TURIN (RTE DE);;;;60
9956;201500011043;15;9;12;1730;1;2;2;1;3;88;0, DESAMBROIS (AV.);M;4370444.0;727351.0;60
9957;201500011044;15;9;14;1300;1;2;3;1;3;88;177, LYAUTEY (AV. DU MAL;M;4372224.0;728691.0;60
9958;201500011045;15;9;14;1935;2;2;3;1;6;88;0, PACHO (R.);;;;60
9959;201500011046;15;9;15;1310;1;2;1;1;2;88;0, EUGENIE (BD IMPERATRI;;;;60
9960;201500011047;15;9;15;1805;1;2;1;1;2;88;0, MONET (TRAV. JEAN);M;4370734.0;728242.0;60
9961;201500011048;15;9;16;840;1;1;1;1;3;88;2, SAPPIA (AV. HENRI);;;;60
9962;201500011049;15;9;16;1303;1;2;1;1;6;88;16, GAIRAUT (AV. DE);M;4373474.0;726730.0;60
9963;201500011050;15;9;16;1940;5;2;1;1;1;88;BELLET (RTE DE);;;;60
9964;201500011051;15;9;18;740;1;2;1;1;6;88;GRENOBLE (ROUTE DE);;;;60
9965;201500011052;15;9;18;1210;1;1;2;1;3;88;PENCHIENATI (R.);;;;60
9966;201500011053;15;9;18;2305;5;2;7;1;1;88;0, SAINT-PHILIPPE (PL.);;;;60
9967;201500011054;15;9;19;425;5;2;1;1;3;88;0, ANGLAIS (DU N° 45 AU;;;;60
9968;201500011055;15;9;18;1931;2;2;1;1;2;88;18, ARMEE DES ALPES (BD;M;4370771.0;729260.0;60
9969;201500011056;15;9;19;720;1;2;1;1;6;88;115, ANGLAIS PLAGE (DU 1;;;;60
9970;201500011057;15;9;20;1725;1;2;3;1;6;88;8, FAURE (AV. FELIX);;;;60
9971;201500011058;15;9;20;1820;1;2;1;1;2;88;63, GRENOBLE (ROUTE DE);M;4367094.0;720995.0;60
9972;201500011059;15;9;21;815;1;1;1;1;3;88;63, ARIANE (BD DE L');;;;60
9973;201500011060;15;9;21;840;1;2;3;1;3;88;41, THIERS (AV.);;;;60
9974;201500011061;15;9;21;1350;1;2;3;1;1;88;43, THIERS (AV.);M;4370203.0;725709.0;60
9975;201500011062;15;9;21;1830;1;1;1;1;6;88;31, ROASSAL (R. CLEMENT);;;;60
9976;201500011063;15;9;23;829;1;2;1;1;1;88;0, SAINT-PHILIPPE (PL.);;;;60
9977;201500011064;15;9;23;2114;5;2;1;1;1;88;13, TZAREWITCH (BD DU);;;;60
9978;201500011065;15;9;23;2235;5;2;2;1;3;88;0, VERNIER (R.);;;;60
9979;201500011066;15;9;24;1945;5;2;1;1;2;88;55, ANGLAIS (DU N° 45 AU;M;4369341.0;725380.0;60
9980;201500011067;15;9;25;1345;1;2;1;1;3;88;15, CERNUSCHI (AV.);;;;60
9981;201500011068;15;9;26;110;5;2;1;1;6;88;111, JOLY (CORNICHE ANDR;M;4370456.0;729952.0;60
9982;201500011069;15;9;26;1530;1;2;9;1;3;88;ARMEE DES ALPES (BD DE L;;;;60
9983;201500011070;15;9;26;1755;1;2;1;1;3;88;105, QUAI DES ETATS UNIS;;;;60
9984;201500011073;15;9;28;2140;5;2;1;1;3;88;0, CORNIGLION MOLINIER (;M;4366542.0;721044.0;60
9985;201500011074;15;9;30;1600;1;1;1;1;3;88;11 BIS, GUBERNATIS (R.);M;4370034.0;727251.0;60
9986;201500011076;15;9;30;1630;1;2;1;1;3;88;1, CESSOLE (BD DE) (JUSQ;M;4370673.0;726958.0;60
9987;201500011077;15;10;1;1015;1;2;1;1;6;88;28, MALAUSSENA (AV.);M;4370898.0;726282.0;60
9988;201500011078;15;10;2;415;5;2;1;3;6;88;87, ANGLAIS (DU N° 45 AU;;;;60
9989;201500011079;15;10;2;1250;1;2;1;3;1;88;Route de la Sonexa;M;4366564.0;719939.0;60
9990;201500011080;15;10;3;1930;5;2;1;3;4;88;0, GRENOBLE (ROUTE DE);;;;60
9991;201500011081;15;10;5;1830;1;2;1;1;6;88;197, ANGLAIS (DU N° 114;;;;60
9992;201500011083;15;10;6;1840;1;2;1;1;4;159;9, CORNE D OR (BOULEVARD;;;;60
9993;201500011085;15;10;7;1500;1;2;1;1;6;88;4, FALICON (BD COMTE DE);;;;60
9994;201500011086;15;10;7;2110;5;2;2;1;3;88;24, VERDI (R.);M;4369959.0;725924.0;60
9995;201500011087;15;10;9;515;5;2;1;1;1;88;NAPOLEON III (PONT);;;;60
9996;201500011088;15;10;9;1035;1;2;1;1;6;88;0, VOIE ROMAINE (AV. DE;M;4372294.0;728843.0;60
9997;201500011089;15;10;10;115;5;2;1;1;2;88;87, SAINT-AUGUSTIN (AV.;M;4367294.0;722137.0;60
9998;201500011090;15;10;10;1645;1;2;1;1;2;88;PENETRANTE DU PAILLON;M;4371161.0;728418.0;60
9999;201500011091;15;10;11;250;5;2;1;1;6;88;POMPIDOU (BD GEORGES);M;4366918.0;720281.0;60
10000;201500011092;15;10;11;1355;1;2;1;1;5;88;11, GAMBETTA (JUSQU'AU N;M;4369496.0;725628.0;60
10001;201500011093;15;10;12;1000;1;2;1;1;4;88;3, GRAVIER (AV.);M;4372701.0;726033.0;60
10002;201500011095;15;10;13;735;2;2;3;1;6;88;5 - 7, GARNERAY (R. LOUI;;;;60
10003;201500011096;15;10;13;1215;1;2;1;1;6;88;0, DELVALLE (RUE PROF.);;;;60
10004;201500011097;15;10;14;1220;1;2;7;1;3;88;0, VERANY (BD J.B.);M;4371165.0;728421.0;60
10005;201500011098;15;10;14;1815;2;2;1;1;3;88;0, VOIE RAPIDE;M;4340300.0;713205.0;60
10006;201500011099;15;10;15;845;1;2;1;1;3;88;6, GRINDA (AV. EDOUARD);M;4340172.0;713022.0;60
10007;201500011100;15;10;16;930;1;2;1;1;3;88;SEMARD (BD PIERRE);;;;60
10008;201500011102;15;10;19;730;2;2;2;1;3;88;NAPOLEON III (BD);;;;60
10009;201500011103;15;10;20;1035;1;2;2;1;3;88;NAPOLEON III (BD);;;;60
10010;201500011104;15;10;20;1800;2;2;1;1;6;88;17, DELFINO (BD GENERAL);;;;60
10011;201500011105;15;10;21;253;5;2;2;1;3;88;LYAUTEY (AV. DU MAL);;;;60
10012;201500011106;15;10;22;1930;5;2;1;1;3;88;1, ANGLAIS (DU N° 1 AU N;;;;60
10013;201500011107;15;10;23;1135;1;2;1;1;2;88;0, GRENOBLE (ROUTE DE);M;4367087.0;721004.0;60
10014;201500011108;15;10;23;1800;1;2;2;1;3;88;PASTORELLI (R.);;;;60
10015;201500011109;15;10;23;1930;3;2;1;1;2;88;192, GRENOBLE (ROUTE DE);M;4367087.0;721004.0;60
10016;201500011110;15;10;26;1630;1;2;1;1;4;88;VOIE RAPIDE;;;;60
10017;201500011111;15;10;27;123;5;1;6;1;1;88;0, TURIN (RTE DE);M;4373107.0;728841.0;60
10018;201500011112;15;10;27;1100;1;2;1;8;6;88;1, GARNIER (BD JOSEPH);M;4371010.0;726129.0;60
10019;201500011113;15;10;27;1430;1;2;1;1;6;88;285, ANGLAIS (DU N° 265;M;4368061.0;723084.0;60
10020;201500011114;15;10;30;825;1;2;1;1;3;88;18, REINE-VICTORIA (AV.);;;;60
10021;201500011116;15;10;31;323;5;2;3;1;1;88;10, CARABACEL (BD);M;4370316.0;727716.0;60
10022;201500011117;15;10;31;400;5;2;1;1;6;88;192, SAINT-ANTOINE (RTE;M;4370498.0;721862.0;60
10023;201500011118;15;10;31;1655;2;2;1;1;4;88;179, CASSIN (BD RENE);M;4366762.0;720881.0;60
10024;201500011119;15;10;31;2215;5;2;2;1;6;88;0, COMBATTANTS D'AFN (RU;M;4370695.0;725967.0;60
10025;201500011121;15;11;1;1305;1;2;6;1;3;88;0, DIABLES BLEUS (AV. DE;;;;60
10026;201500011122;15;11;1;1330;1;2;1;1;6;88;55, GAMBETTA (JUSQU'AU N;;;;60
10027;201500011123;15;11;1;1630;1;2;3;1;6;88;0, TURIN (RTE DE);M;4371620.0;728469.0;60
10028;201500011124;15;11;1;1800;5;2;1;1;7;88;5, TRACHEL (RUE);;;;60
10029;201500011125;15;11;1;1800;5;2;1;1;2;88;223, ANGLAIS (DU N° 114;M;4368431.0;723460.0;60
10030;201500011126;15;11;2;900;1;2;1;1;6;88;16, SEMERIA (AV. DENIS);M;4371492.0;728642.0;60
10031;201500011128;15;11;2;1600;1;2;2;1;6;88;0, CAPPATTI (AV. LOUIS);M;4372140.0;725997.0;60
10032;201500011129;15;11;3;1840;5;2;1;2;3;88;71, BORRIGLIONE (A PARTI;;;;60
10033;201500011130;15;11;4;1250;1;2;1;1;6;88;47, CESSOLE (BD DE) (JUS;M;4371544.0;725366.0;60
10034;201500011131;15;11;4;1715;1;2;1;1;7;88;44, JOFFRE (R. MARECHAL);M;4369779.0;726048.0;60
10035;201500011132;15;11;5;2115;5;2;2;1;3;88;15, CASSINI (RUE);M;4369928.0;728316.0;60
10036;201500011133;15;11;6;745;2;1;1;1;1;159;MOYENNE CORNICHE;;;;60
10037;201500011134;15;11;6;1940;5;2;1;1;3;88;84, SAPPIA (AV. HENRI);;;;60
10038;201500011135;15;11;7;515;5;2;1;1;3;88;131, ANGLAIS (DU N° 114;M;4368984.0;724332.0;60
10039;201500011136;15;11;7;1520;1;2;1;1;4;88;0, VOIE RAPIDE;M;4370556.0;726258.0;60
10040;201500011137;15;11;9;945;1;2;1;1;3;88;0, PASTORELLI (R.);M;4370081.0;727107.0;60
10041;201500011138;15;11;9;1815;5;2;1;1;2;159;11, ALBERT 1ER (AVENUE);;;;60
10042;201500011139;15;11;10;835;1;2;1;1;2;88;0, PENETRANTE DU PAILLON;M;4372086.0;728732.0;60
10043;201500011140;15;11;10;1045;1;2;1;1;6;88;0, MICHEL ANGE (AV.) (A;;;;60
10044;201500011141;15;11;10;1345;1;2;1;1;4;88;19-21, CESSOLE (BD DE) (;M;4371200.0;725549.0;60
10045;201500011142;15;11;10;1815;1;2;2;1;6;88;0, FRANCE (R. DE) DU N°;M;4369196.0;724681.0;60
10046;201500011143;15;11;11;155;5;2;2;1;3;88;271, ANGLAIS (DU N° 114;M;4368124.0;723170.0;60
10047;201500011144;15;11;10;1930;5;2;2;1;5;88;0, GOIRAN (PL. GAL);;;;60
10048;201500011145;15;11;11;1500;1;2;2;1;3;88;0, VAUBAN (R. MARECHAL);;;;60
10049;201500011146;15;11;12;1805;5;2;1;1;5;88;38, MADELEINE (BD DE LA);;;;60
10050;201500011147;15;11;12;1910;5;2;3;1;5;88;0, MONTREAL (BD DE);M;4368784.0;721723.0;60
10051;201500011148;15;11;12;2140;5;2;1;1;6;88;261, ANGLAIS (DU N° 114;;;;60
10052;201500011149;15;11;13;1250;1;2;1;1;2;88;PENETRANTE DU PAILLON;;;;60
10053;201500011150;15;11;13;1600;1;2;1;1;2;88;0, VOIE RAPIDE;;;;60