;Num_Acc;an;mois;jour;hrmn;lum;agg;int;atm;col;com;adr;gps;lat;long;dep
10054;201500011151;15;11;15;1730;5;2;1;1;6;88;30, MADELEINE (AV. DE LA;M;4369523.0;724308.0;60
10055;201500011152;15;11;18;130;5;2;1;1;6;88;59, BEAUMONT (RUE);M;4370291.0;728843.0;60
10056;201500011153;15;11;18;1800;2;2;1;1;2;88;8, MADELEINE (BD DE LA);;;;60
10057;201500011154;15;11;19;1412;1;2;1;1;6;88;115, CANTA GALET (RTE DE;;;;60
10058;201500011155;15;11;19;1735;5;2;1;1;2;88;41-43, MATISSE (AV. HENR;;;;60
10059;201500011156;15;11;20;840;1;2;1;1;4;88;VOIE RAPIDE;;;;60
10060;201500011157;15;11;20;1525;1;2;7;1;3;88;FRANKLIN (PL.);;;;60
10061;201500011159;15;11;22;2220;5;2;2;1;3;88;21, MARCEAU (R.);M;4370755.0;726588.0;60
10062;201500011160;15;11;23;1835;1;2;2;1;3;88;0, BERI (RUE EDOUARD);;;;60
10063;201500011161;15;11;24;820;1;2;2;1;3;88;16, GIOFFREDO (R.);M;4342057.0;716341.0;60
10064;201500011162;15;11;24;1843;5;2;1;1;3;88;43, GRACE DE MONACO (BD;M;4341289.0;718249.0;60
10065;201500011163;15;11;25;1350;1;2;1;1;6;88;1, BLANQUI (PL. AUGUSTE);M;4342805.0;717234.0;60
10066;201500011165;15;11;26;1115;1;2;1;1;3;88;37, SERRES DE SAQUIER (C;;;;60
10067;201500011166;15;11;27;1355;1;2;1;1;2;88;CASSIN (BD RENE);;;;60
10068;201500011167;15;11;27;1520;1;2;2;1;3;88;0, DURANTE (AV.);M;4370227.0;726252.0;60
10069;201500011168;15;11;27;1905;5;1;1;1;1;88;367, ANGLAIS (A PARTIR D;M;4367090.0;722375.0;60
10070;201500011169;15;11;28;1200;1;2;1;1;2;88;20, THIERS (AV.);M;4370317.0;725979.0;60
10071;201500011170;15;11;28;1700;1;2;2;1;1;88;13, GAMBETTA (JUSQU'AU N;M;4370912.0;725593.0;60
10072;201500011171;15;11;28;2250;5;2;1;1;1;88;7, GAIRAUT (AV. DE);M;4343297.0;715279.0;60
10073;201500011172;15;11;20;2130;5;2;1;1;3;88;ANGLAIS (DU N° 1 AU N° 4;;;;60
10074;201500011173;15;11;30;1910;5;2;1;1;3;88;31, EUGENIE (BD IMPERATR;M;4369331.0;723055.0;60
10075;201500011174;15;12;1;1737;5;2;3;1;3;88;1, BESSY (RUE JULES);;;;60
10076;201500011175;15;12;2;755;1;2;7;1;2;88;2, RAIBERTI (R.);;;;60
10077;201500011176;15;12;2;920;1;2;1;1;6;88;314, BELLET (RTE DE);M;4371376.0;722043.0;60
10078;201500011177;15;12;3;730;1;2;1;1;3;88;104, MADELEINE (BD DE LA;;;;60
10079;201500011178;15;12;3;1845;5;2;1;1;2;88;0, POMPIDOU (BD GEORGES);M;4367084.0;720221.0;60
10080;201500011179;15;12;4;1445;1;2;1;1;4;88;73TER, GAMBETTA (A PARTI;;;;60
10081;201500011180;15;12;4;1810;2;2;1;1;6;88;8, THIERS (AV.);;;;60
10082;201500011181;15;12;4;2137;5;2;1;1;7;88;TUNNEL DU PAILLON;;;;60
10083;201500011182;15;12;5;330;5;2;1;1;6;88;61, CESSOLE (BD DE) (JUS;M;4371689.0;725298.0;60
10084;201500011183;15;12;5;1410;1;2;1;2;6;88;236, CALIFORNIE (AV.) (A;M;4340483.0;713479.0;60
10085;201500011184;15;12;5;1900;5;2;2;2;6;88;20, ARMEE DES ALPES (BD;M;4342296.0;717340.0;60
10086;201500011185;15;12;6;1350;1;2;1;1;3;88;2, MAHONIAS (R. DES);;;;60
10087;201500011186;15;12;7;900;1;2;1;1;3;88;87, RAYBAUD JOSEPH;;;;60
10088;201500011187;15;12;7;1720;2;2;1;2;3;88;39 ter, CIMIEZ (BD) A PA;M;4371341.0;727161.0;60
10089;201500011188;15;12;7;1730;5;2;3;2;6;88;0, FLANDRES-DUNKERQUE (T;M;4369804.0;727419.0;60
10090;201500011189;15;12;7;2330;5;2;1;2;3;88;0, BAREL (PLACE MAX);;;;60
10091;201500011190;15;12;8;1800;5;2;1;1;6;88;29, SEMERIA (AV. DENIS);;;;60
10092;201500011191;15;12;8;2000;5;2;1;1;6;88;0, CALIFORNIE (AV.) (DU;M;4368925.0;724073.0;60
10093;201500011192;15;12;9;930;1;2;1;1;6;88;68, BRANCOLAR (AV.) (A P;;;;60
10094;201500011193;15;12;9;1150;1;2;3;1;1;88;53, GAMBETTA (JUSQU'AU N;;;;60
10095;201500011194;15;12;9;2116;5;2;1;1;5;88;95, CALIFORNIE (AV.) (DU;;;;60
10096;201500011195;15;12;11;759;1;2;2;1;1;88;9, FIGHIERA PASQUIER (AV;M;4372443.0;725369.0;60
10097;201500011196;15;12;11;845;1;1;2;1;3;88;x, SOLA (BD PIERRE);;;;60
10098;201500011197;15;12;11;1250;1;2;2;1;3;88;CESSOLE (BD DE) (JUSQU'A;;;;60
10099;201500011198;15;12;11;1535;1;2;2;1;3;88;0, REPUBLIQUE (AV. DE LA;;;;60
10100;201500011199;15;12;12;2340;5;2;1;1;2;88;0, VERNIER (R.);M;4370719.0;726095.0;60
10101;201500011200;15;12;14;1250;1;2;1;1;3;88;25, SOLA (BD PIERRE);;;;60
10102;201500011201;15;12;14;1320;1;2;1;1;5;88;333, STE-MARGUERITE (AV.;M;4341442.0;711592.0;60
10103;201500011202;15;12;15;650;5;2;1;1;1;88;111, GAMBETTA (A PARTIR;;;;60
10104;201500011203;15;12;15;945;1;2;1;1;3;88;0, TUNNEL ET VOIE MALRAU;;;;60
10105;201500011204;15;12;15;1120;1;2;1;1;2;88;PENETRANTE DU PAILLON;;;;60
10106;201500011205;15;12;15;1730;5;2;1;1;4;88;0, VOIE RAPIDE;M;4340365.0;713257.0;60
10107;201500011206;15;12;16;1645;2;2;1;1;2;88;ANGLAIS (A PARTIR DU Nø;;;;60
10108;201500011207;15;12;17;1245;1;2;1;1;1;88;GINESTIERE (CH. DE LA);;;;60
10109;201500011208;15;12;18;1750;5;2;1;1;2;88;5, BARLA (RUE);;;;60
10110;201500011209;15;12;18;2240;5;2;1;1;6;88;VERDUN (AV. DE);;;;60
10111;201500011210;15;12;19;610;5;2;1;1;6;88;POMPIDOU (BD GEORGES);;;;60
10112;201500011212;15;12;19;1918;5;2;1;1;1;88;60, PASTEUR (BD);M;4371771.0;728103.0;60
10113;201500011213;15;12;20;645;3;2;1;1;6;88;6, ITALIE (R. D');;;;60
10114;201500011214;15;12;20;1755;5;2;2;1;3;88;DUNANT (AV. HENRI);;;;60
10115;201500011215;15;12;21;1200;1;2;1;1;2;88;9, LEPANTE (R. DE);M;4370358.0;727025.0;60
10116;201500011216;15;12;21;1430;1;2;1;1;3;88;17, ASSALIT (RUE);;;;60
10117;201500011217;15;12;21;2107;5;2;3;1;3;88;13, RAY (AV. DU);;;;60
10118;201500011218;15;12;23;350;5;2;2;1;3;88;0, BARBERIS (RUE);M;4370380.0;728989.0;60
10119;201500011219;15;12;24;1730;2;2;1;1;3;88;33, TRACHEL (RUE);;;;60
10120;201500011220;15;12;26;2240;5;2;2;1;3;88;RAIMBALDI (BD);;;;60
10121;201500011221;15;12;27;1510;1;1;1;1;2;88;305, ANGLAIS (DU Nø 265;;;;60
10122;201500011222;15;12;28;110;5;2;2;1;3;88;36, PARIS (R. DE);;;;60
10123;201500011223;15;12;29;1400;1;1;1;1;3;88;314, MADELEINE (BD DE LA;;;;60
10124;201500011224;15;12;30;50;5;2;1;1;5;88;CESSOLE (BD DE) (A PARTI;;;;60
10125;201500011225;15;12;30;1550;1;2;1;1;2;88;560, GRENOBLE (ROUTE DE);M;4340149.0;712358.0;60
10126;201500011226;15;3;15;649;2;2;1;1;2;88;M2204b;M;4373144.0;728653.0;60
10127;201500011227;15;1;8;745;2;2;1;1;6;85;5 PLACE DE VERDUN;M;4476510.0;-48827.0;330
10128;201500011228;15;1;16;1345;1;1;3;2;3;85;;M;4476926.0;-44294.0;330
10129;201500011229;15;3;9;515;3;1;1;1;6;234;;M;4478290.0;-50366.0;330
10130;201500011230;15;3;17;615;2;1;3;1;1;85;;M;4477173.0;-49286.0;330
10131;201500011231;15;9;14;1130;1;1;1;1;1;99;D10 E4;M;4480150.0;-45991.0;330
10132;201500011232;15;3;9;1045;1;1;1;1;7;88;;M;0.0;0.0;580
10133;201500011233;15;3;10;1030;1;1;1;1;6;212;;M;0.0;0.0;580
10134;201500011234;15;4;20;715;1;1;1;1;3;300;;M;0.0;0.0;580
10135;201500011236;15;9;14;1115;1;2;1;2;6;303;RUE BENOÏT FRACHON;M;0.0;0.0;580
10136;201500011237;15;10;6;1415;1;1;1;8;4;212;;M;0.0;0.0;580
10137;201500011238;15;11;1;45;5;2;1;1;6;131;rue vauban;M;0.0;0.0;580
10138;201500011239;15;5;23;600;2;2;1;1;6;515;avenue de l'université;M;4731255.0;510530.0;210
10139;201500011240;15;8;12;1100;1;1;1;1;1;209;;M;4477000.0;302800.0;150
10140;201500011241;15;9;17;1400;1;1;1;8;1;45;;M;4482500.0;297700.0;150
10141;201500011242;15;12;20;645;3;1;1;1;7;152;;M;4491300.0;281500.0;150
10142;201500011243;15;5;13;1800;1;1;1;1;5;40;***;M;0.0;0.0;130
10143;201500011244;15;6;17;1115;1;2;1;1;1;40;ancien CD6 - LA BARQUE;M;0.0;0.0;130
10144;201500011245;15;6;26;1845;1;1;1;1;1;40;;M;0.0;0.0;130
10145;201500011246;15;6;27;930;1;1;1;1;6;87;;M;0.0;0.0;130
10146;201500011247;15;2;1;630;3;1;1;2;1;221;;M;4405410.0;23579.0;470
10147;201500011249;15;4;2;1700;1;2;1;1;6;195;100 Av G. Clemenceau;M;4413700.0;34700.0;470
10148;201500011250;15;5;20;1245;1;1;1;2;1;134;;M;4401120.0;30774.0;470
10149;201500011251;15;6;10;1600;1;1;1;1;3;180;LIEU-DIT PEYRECAVE;M;4414150.0;45822.0;470
10150;201500011252;15;8;28;745;1;1;2;1;3;41;;M;4420680.0;41034.0;470
10151;201500011253;15;9;1;530;3;1;1;1;2;195;;M;4412670.0;30950.0;470
10152;201500011254;15;10;18;2145;3;1;1;1;6;97;;M;4424400.0;37500.0;470
10153;201500011255;15;12;23;1745;5;2;1;1;6;195;ALLÉE D'ALBRET;M;4413670.0;33640.0;470
10154;201500011256;15;12;27;2245;3;1;1;1;6;41;LIEU-DIT RIGAS;M;4422620.0;40353.0;470
10155;201500011257;15;5;7;2030;1;1;1;1;3;325;84, RD 578 BIS;;;;70
10156;201500011258;15;12;15;1800;5;1;1;1;1;19;Z.I PONSON MOULON;M;4461740.0;440242.0;70
10157;201500011260;15;6;15;1720;1;2;1;1;7;19;37, MONTELIMAR ( ROUTE D;;;;70
10158;201500011261;15;6;26;1505;1;1;1;1;1;19;RN 102;M;;;70
10159;201500011262;15;6;26;2235;5;2;1;1;3;19;70, ROQUA(AVE DE);;;;70
10160;201500011263;15;7;7;930;1;2;1;1;6;19;30, RESERVOIRS (RUE DES);M;4462220.0;438431.0;70
10161;201500011264;15;8;2;2245;5;2;1;1;6;331;01, PAUL RIBEYRE (AVENUE;M;4465870.0;436792.0;70
10162;201500011265;15;9;6;1700;1;2;4;1;3;116;52, NATIONALE (ROUTE);M;4464850.0;436711.0;70
10163;201500011266;15;9;30;1430;1;2;9;1;1;19;35, GEORGES COUDERC (RUE;M;;;70
10164;201500011267;15;9;4;1630;1;2;1;1;3;19;BOISVIGNAL (AVENUE);M;4461550.0;439336.0;70
10165;201500011268;15;10;13;1903;2;2;1;1;2;116;236, NATIONALE (ROUTE);M;4463830.0;437283.0;70
10166;201500011269;15;10;2;2015;3;1;1;2;1;19;COTE DE VILLE RN 102;M;4460100.0;442181.0;70
10167;201500011270;15;10;7;1245;1;1;1;1;7;331;ARLIX (ROUTE D');M;4465780.0;434889.0;70
10168;201500011271;15;11;13;1620;1;1;9;1;3;331;144, ANTRAIGUES (FAUBOUR;M;4467770.0;436619.0;70
10169;201500011272;15;11;19;1215;1;2;1;1;2;19;8, BELLANDE (AVENUE DE );M;4461442.0;440014.0;70
10170;201500011273;15;11;22;1930;3;1;1;1;3;19;RN 102;M;4459328.0;442386.0;70
10171;201500011274;15;11;15;550;5;2;6;1;7;19;D 104 (DEVIATION ST PRIV;M;4461330.0;440825.0;70
10172;201500011275;15;11;30;1015;1;1;1;1;6;19;44, MONTELIMAR ( ROUTE D;M;4461502.0;440512.0;70
10173;201500011276;15;12;9;1600;1;1;1;1;6;19;RN 102;;;;70
10174;201500011277;15;12;15;1745;5;2;1;1;6;19;PAIX (PLACE DE LA);;;;70
10175;201500011278;15;2;9;1620;1;1;1;7;3;19;51, LAZUEL ( ROUTE DE );;;;70
10176;201500011279;15;2;20;2345;3;1;1;3;1;116;RN 102;;;;70
10177;201500011280;15;2;22;200;5;2;3;1;6;19;2, LYAUTEY ( RUE DU MARE;;;;70
10178;201500011281;15;10;1;800;1;1;1;1;7;143;;M;0.0;0.0;540
10179;201500011283;15;4;27;1130;1;2;1;8;6;102;1450, SADI-CARNOT (AVEN.;;;;70
10180;201500011284;15;5;2;1450;1;1;1;1;7;281;C.D. 533 (VERS LE PUY);;;;70
10181;201500011285;15;5;3;1125;1;2;1;1;6;281;HUIT MAI (AVENUE DU);;;;70
10182;201500011286;15;6;2;855;1;2;1;1;5;102;MISTRAL (PONT FREDERIC);;;;70
10183;201500011287;15;6;15;1635;1;1;1;1;3;102;LYON (AVENUE DE);;;;70
10184;201500011288;15;6;14;500;5;2;1;3;6;102;1229, REPUBLIQUE (AV. DE;;;;70
10185;201500011289;15;7;8;900;1;2;2;1;6;102;TAMARIS (RUE DES);;;;70
10186;201500011290;15;7;14;1945;1;2;4;1;3;281;TASSIGNY (RUE DE LATTRE;;;;70
10187;201500011291;15;6;24;1030;1;2;7;1;6;281;22, MALET (RUE FERNINAND;;;;70
10188;201500011292;15;9;15;1045;1;2;3;1;3;102;291, MONTGOLFIER (RUE);;;;70
10189;201500011293;15;9;27;957;1;1;1;1;7;281;C.D. 533 (VERS LE PUY);M;4493340.0;481961.0;70
10190;201500011294;15;10;4;610;5;2;6;2;7;102;REPUBLIQUE (AV. DE LA) [;;;;70
10191;201500011295;15;10;24;1655;1;1;1;1;7;281;C.D. 533 (VERS LE PUY);M;4455404.0;0.0;70
10192;201500011296;15;11;4;1600;1;2;1;2;2;102;857, REPUBLIQUE (AV.DE L;;;;70
10193;201500011297;15;11;30;1840;5;2;1;1;3;281;1, GROSS-UMSTADT (AVENUE;M;4494540.0;485406.0;70
10194;201500011298;15;12;8;1344;1;2;1;1;6;102;627, REPUBLIQUE (AV. DE;M;4493627.0;487319.0;70
10195;201500011299;15;12;12;1730;2;2;6;1;2;102;0, MISTRAL (PONT FREDERI;M;4493269.0;488008.0;70
10196;201500011300;15;12;15;955;1;2;1;1;1;281;GROSS-UMSTADT (AVENUE DE;M;4494100.0;486264.0;70
10197;201500011301;15;5;25;1415;1;1;1;6;6;144;;M;4292403.0;299487.0;110
10198;201500011302;15;8;15;745;1;1;1;1;1;144;;M;4286775.0;298561.0;110
10199;201500011303;15;8;20;1545;1;1;1;1;1;202;11270;M;4292259.0;301765.0;110
10200;201500011304;15;11;11;1830;5;2;9;1;1;202;AVENUE DE LA RUINO;M;4290376.0;304865.0;110
10201;201500011305;15;5;8;1415;1;1;1;1;3;41;;M;0.0;0.0;570
10202;201500011306;15;5;9;600;1;1;1;1;6;41;;M;0.0;0.0;570
10203;201500011307;15;6;11;1645;1;2;1;1;3;38;GN 49.486 5.965;M;0.0;0.0;570
10204;201500011308;15;6;16;2000;1;1;3;1;3;41;;M;0.0;0.0;570
10205;201500011309;15;7;4;1145;1;1;1;1;3;498;;M;0.0;0.0;570
10206;201500011310;15;8;6;1830;1;1;1;1;7;22;;M;4938426.0;603839.0;570
10207;201500011311;15;8;13;645;1;1;1;1;5;41;;M;0.0;0.0;570
10208;201500011312;15;11;30;1315;1;1;1;1;6;38;;M;0.0;0.0;570
10209;201500011313;15;12;3;1315;1;2;1;7;7;38;06 rue Général LECLERC;M;0.0;0.0;570
10210;201500011314;15;4;10;1710;1;1;1;1;7;146;MOULIN A VENT (AVENUE DU;M;4473993.0;459932.0;70
10211;201500011315;15;12;9;1045;1;2;1;1;6;186;17, BACCONNIER (RUE LUDO;;;;70
10212;201500011316;15;5;7;1020;1;1;1;1;7;72;LE TREPOT;M;4474162.0;460322.0;70
10213;201500011317;15;5;24;15;3;1;1;1;6;72;LA GRANGEASSE;;;;70
10214;201500011319;15;6;5;1500;1;2;1;1;3;186;GARE (AVENUE DE LA);M;4473170.0;459472.0;70
10215;201500011320;15;5;31;1840;1;1;1;1;5;72;RD 104;M;4473594.0;463418.0;70
10216;201500011321;15;6;29;1810;1;2;1;1;3;186;PALAIS (COURS DU);M;4473474.0;460037.0;70
10217;201500011322;15;8;21;1850;1;2;1;1;7;186;1, DUPIN (AVENUE JACQUES;M;4472199.0;461046.0;70
10218;201500011323;15;9;7;2045;3;1;3;1;3;8;D2 ( ROUTE DEPARTEMENTAL;;;;70
10219;201500011324;15;9;10;730;1;1;1;1;1;8;D2 ( ROUTE DEPARTEMENTAL;M;;;70
10220;201500011327;15;11;7;1550;1;2;1;1;6;186;1, PASTE (BLD. DE);M;4472740.0;459744.0;70
10221;201500011328;15;12;2;1625;1;1;1;1;6;8;D2 ( ROUTE DEPARTEMENTAL;;;;70
10222;201500011329;15;10;23;1210;1;1;1;1;6;186;1, ESPLANADE (COURS DE L;;;;70
10223;201500011330;15;12;21;745;2;2;1;2;6;186;1, ESPLANADE (COURS DE L;M;4473447.0;459894.0;70
10224;201500011331;15;1;18;602;2;2;1;1;6;186;727, GROSJEANNE (AVENUE;;;;70
10225;201500011332;15;1;21;2100;5;2;4;4;6;186;1, PETIT TOURNON (AVENUE;;;;70
10226;201500011333;15;1;30;1530;1;2;1;1;5;146;1, PONT DE BOURDELY;;;;70
10227;201500011334;15;1;26;1830;2;2;1;1;6;186;1, PETIT TOURNON (AVENUE;;;;70
10228;201500011335;15;2;9;1105;1;2;1;1;6;186;4, COUX (AVENUE DE) PAIR;;;;70
10229;201500011336;15;3;5;730;2;1;1;1;7;146;LA BEAUME;;;;70
10230;201500011337;15;4;10;1710;1;1;1;1;7;146;MOULIN A VENT (AVENUE DU;;;;70
10231;201500011338;15;1;16;1745;3;2;1;2;6;259;11  allee de l europe;M;4301700.0;335000.0;340
10232;201500011339;15;2;13;1445;1;1;1;1;3;123;;M;4361462.0;381538.0;340
10233;201500011340;15;3;5;1800;1;2;1;1;3;259;rue du merlot;M;4360419.0;378344.0;340
10234;201500011341;15;4;14;1045;1;1;1;1;7;259;;M;4360869.0;379605.0;340
10235;201500011342;15;6;1;845;1;1;1;1;1;134;;M;4358913.0;380741.0;340
10236;201500011343;15;7;3;1400;1;1;1;1;3;202;;M;4357408.0;374514.0;340
10237;201500011344;15;9;29;1830;1;2;1;1;3;163;106 avenue d'argelliers;M;4365072.0;369746.0;340
10238;201500011345;15;12;24;1430;1;1;1;1;3;259;;M;4362448.0;376986.0;340
10239;201500011346;15;4;24;845;1;1;1;1;7;397;;M;4320700.0;247300.0;110
10240;201500011347;15;6;29;2115;1;1;6;1;7;27;;M;4318800.0;250600.0;110
10241;201500011348;15;8;15;900;1;1;1;1;6;261;;M;4317978.0;266933.0;110
10242;201500011349;15;8;18;2200;3;2;1;1;2;397;;M;4320493.0;241639.0;110
10243;201500011350;15;10;4;2015;5;2;1;1;5;397;Av du Général de Gaulle;M;4320973.0;244612.0;110
10244;201500011351;15;8;14;1315;1;1;1;2;6;140;;M;4592972.0;217949.0;230
10245;201500011352;15;1;1;830;2;2;1;1;7;420;intersection D172  D138;M;0.0;0.0;780
10246;201500011353;15;1;6;1945;5;2;1;1;6;537;36 rue de la fontaine;M;4857500.0;194300.0;780
10247;201500011354;15;1;10;15;3;1;1;1;6;616;;M;0.0;0.0;780
10248;201500011355;15;1;8;1130;1;1;1;3;7;615;;M;0.0;0.0;780
10249;201500011356;15;2;25;1000;1;1;1;8;3;356;;M;0.0;0.0;780
10250;201500011357;15;3;5;715;1;1;1;1;6;92;;M;4836832.0;188326.0;280
10251;201500011358;15;3;12;1615;1;1;1;1;7;356;;M;0.0;0.0;780
10252;201500011359;15;3;17;715;1;1;1;1;6;111;A10;M;0.0;0.0;910
10253;201500011360;15;4;6;1415;1;1;1;1;6;92;;M;4837172.0;188510.0;280
10254;201500011361;15;4;14;1630;1;2;6;1;6;575;Chemin de Coubertin;M;0.0;0.0;780
10255;201500011362;15;4;19;1630;1;1;1;1;3;615;;M;0.0;0.0;780
10256;201500011364;15;4;30;1800;1;1;1;3;1;356;;M;0.0;0.0;780
10257;201500011365;15;5;1;1330;1;1;1;2;6;3;;M;4852400.0;183200.0;780
10258;201500011367;15;5;29;630;2;1;1;1;5;169;;M;4843863.0;190684.0;280
10259;201500011369;15;6;4;1030;1;1;1;1;5;356;;M;0.0;0.0;780
10260;201500011370;15;6;8;1515;1;1;1;1;6;623;;M;0.0;0.0;780
10261;201500011371;15;6;9;1415;1;1;1;1;1;92;;M;4837000.0;188200.0;280
10262;201500011373;15;6;21;1825;1;2;1;1;3;655;intersection D73;M;0.0;0.0;780
10263;201500011375;15;6;27;1615;1;1;1;1;6;506;;M;4852100.0;178400.0;780
10264;201500011376;15;7;14;2300;3;1;1;1;2;9;;M;4846500.0;191200.0;780
10265;201500011377;15;7;20;415;3;1;1;1;6;276;;M;4830892.0;186224.0;280
10266;201500011378;15;7;19;1430;1;1;1;1;6;3;;M;0.0;0.0;780
10267;201500011379;15;8;8;1000;1;1;1;1;7;92;;M;4837756.0;188748.0;280
10268;201500011380;15;9;5;2000;2;1;1;1;7;9;;M;0.0;0.0;780
10269;201500011381;15;9;10;1845;1;1;9;1;7;601;;M;0.0;0.0;780
10270;201500011382;15;9;19;330;3;1;1;8;6;3;;M;4852200.0;183000.0;780
10271;201500011383;15;9;25;1630;1;1;2;1;3;522;;M;4859900.0;199300.0;780
10272;201500011384;15;9;26;1745;1;1;1;1;5;92;;M;4834244.0;186892.0;280
10273;201500011387;15;11;7;930;1;1;1;5;2;26;;M;4831623.0;186280.0;280
10274;201500011388;15;11;9;815;1;1;1;1;1;478;;M;4847000.0;187700.0;780
10275;201500011389;15;11;25;1315;1;1;1;2;6;3;;M;4853200.0;183500.0;780
10276;201500011390;15;12;8;745;2;1;1;1;7;319;A10;M;4864300.0;215000.0;910
10277;201500011392;15;12;22;215;3;1;1;1;6;9;;M;0.0;0.0;780
10278;201500011393;15;3;19;645;2;1;3;1;1;299;D20;M;4935225.0;420316.0;510
10279;201500011394;15;7;31;2200;3;1;1;1;6;232;D980;M;4928884.0;426157.0;510
10280;201500011395;15;11;20;15;3;1;1;3;6;662;A34;M;4929177.0;412816.0;510
10281;201500011396;15;3;13;1600;1;1;1;1;6;189;;M;0.0;0.0;690
10282;201500011397;15;3;22;1600;1;1;1;1;6;7;;M;0.0;0.0;690
10283;201500011398;15;4;9;1200;1;2;1;1;1;119;La balasserie;;;;690
10284;201500011399;15;8;7;1900;1;1;1;1;7;118;;M;4556500.0;480300.0;690
10285;201500011400;15;8;23;800;1;2;1;1;6;7;48 boulevard des allées;M;0.0;0.0;690
10286;201500011401;15;8;26;1215;1;1;1;1;5;7;;M;0.0;0.0;690
10287;201500011402;15;10;5;1450;1;1;1;3;6;253;;;;;690
10288;201500011403;15;11;5;1815;3;1;1;1;1;80;;M;0.0;0.0;690
10289;201500011404;15;11;21;1715;2;1;1;1;1;97;;M;0.0;0.0;690
10290;201500011405;15;1;29;815;2;2;7;2;6;50;RUE DE LA MAIRIE;M;0.0;0.0;370
10291;201500011406;15;3;16;1815;1;2;2;1;3;50;RUE DES PETITES MAISONS;M;0.0;0.0;370
10292;201500011408;15;4;9;1830;1;1;1;1;2;50;;M;0.0;0.0;370
10293;201500011409;15;5;28;1900;1;2;7;9;6;243;RUE PRINCIPALE;M;0.0;0.0;370
10294;201500011410;15;6;26;1615;1;2;1;1;4;50;RUE PHILIPPE MAUPAS;M;0.0;0.0;370
10295;201500011411;15;11;30;1945;5;2;6;8;3;50;RUE PHILIPPE MAUPAS;M;0.0;0.0;370
10296;201500011412;15;12;3;900;1;1;1;1;2;18;;M;0.0;0.0;370
10297;201500011413;15;3;14;1400;1;1;1;1;5;45;Pen Ar Creach;M;4843951.0;-426678.0;290
10298;201500011414;15;3;30;1745;1;2;2;8;1;5;Bd de la République;M;4474461.0;-110271.0;330
10299;201500011415;15;5;13;2315;5;2;9;1;3;5;1,Bd Maréchal Juin;M;4473307.0;-107894.0;330
10300;201500011416;15;5;22;1045;1;2;9;1;6;5;2, R Bertin Intermarché;M;4477490.0;-109315.0;330
10301;201500011417;15;6;2;2245;5;2;2;1;3;5;20 avenue Thiers;M;4474106.0;-109550.0;330
10302;201500011418;15;7;13;1100;1;2;6;1;3;5;153, Av de Bordeaux;M;4475293.0;-107823.0;330
10303;201500011419;15;8;2;100;3;1;1;1;6;11;;M;4479510.0;-105769.0;330
10304;201500011420;15;8;2;1945;1;1;1;1;1;229;;M;0.0;0.0;330
10305;201500011422;15;10;10;2045;5;2;1;1;2;5;15 Bd de la République;M;4473260.0;-108021.0;330
10306;201500011423;15;12;5;2030;3;1;1;5;6;5;;M;0.0;0.0;330
10307;201500011424;15;12;30;1100;1;2;1;1;6;5;Place du 14 Juillet;M;4474242.0;-109727.0;330
10308;201500011425;15;6;20;1000;1;2;1;1;2;432;RUE GERARD DE NERVAL.;M;4910949.0;260040.0;600
10309;201500011426;15;8;4;545;2;1;1;2;6;494;;M;4910409.0;256801.0;600
10310;201500011427;15;10;15;1730;2;2;1;1;1;172;72 grande rue;M;4914317.0;246513.0;600
10311;201500011428;15;11;20;415;3;1;1;2;6;505;;M;4915920.0;255215.0;600
10312;201500011429;15;12;28;730;3;1;1;1;6;494;;M;4910415.0;256921.0;600
10313;201500011430;15;6;24;1700;1;1;1;1;7;257;;M;4529965.0;656910.0;730
10314;201500011431;15;10;10;1130;1;1;1;1;7;257;;M;0.0;0.0;730
10315;201500011432;15;12;12;2330;5;2;1;1;6;257;RD 117 LES MENUIRES;M;4531699.0;653723.0;730
10316;201500011433;15;2;27;1215;1;1;1;1;2;99;A26;M;4882713.0;428900.0;510
10317;201500011434;15;3;13;1715;1;1;1;1;2;205;A4;M;4903411.0;440535.0;510
10318;201500011435;15;5;2;1645;1;1;1;1;7;634;A26;M;4895703.0;428838.0;510
10319;201500011436;15;7;6;330;3;1;1;1;2;205;A4;M;4903407.0;438975.0;510
10320;201500011437;15;9;7;800;1;1;1;1;6;147;A4;M;4903167.0;447081.0;510
10321;201500011438;15;1;14;2100;3;1;1;1;7;339;D410;M;4836288.0;246706.0;770
10322;201500011439;15;1;27;630;5;2;1;9;7;340;PLACE DE LA MAIRIE;M;4828633.0;278742.0;770
10323;201500011440;15;1;29;2330;3;1;9;6;6;333;;M;4828010.0;270414.0;770
10324;201500011441;15;2;6;2145;1;1;1;1;6;359;AUTOROUTE A6;M;4847200.0;251000.0;770
10325;201500011443;15;3;22;1700;1;1;1;1;6;216;A6 (Paris - Province);M;0.0;0.0;770
10326;201500011444;15;7;3;2100;1;1;1;7;3;431;A6;M;0.0;0.0;770
10327;201500011445;15;7;6;600;1;1;1;1;2;339;A6;M;0.0;0.0;770
10328;201500011446;15;7;10;630;2;1;1;1;5;339;A6;M;4860800.0;295000.0;770
10329;201500011448;15;8;4;245;3;1;1;2;7;168;;M;4816510.0;287116.0;770
10330;201500011449;15;8;27;1515;1;1;1;3;1;65;;M;0.0;0.0;770
10331;201500011450;15;8;28;700;2;1;1;2;6;441;A6;M;4884100.0;285400.0;910
10332;201500011451;15;9;11;1915;2;1;1;1;7;412;;M;4847420.0;251774.0;770