;Num_Acc;an;mois;jour;hrmn;lum;agg;int;atm;col;com;adr;gps;lat;long;dep
10333;201500011452;15;10;25;1815;2;1;1;1;5;520;;M;0.0;0.0;770
10334;201500011453;15;11;1;1730;1;1;1;1;6;168;;M;0.0;0.0;770
10335;201500011454;15;11;10;1830;3;1;1;1;7;333;;M;0.0;0.0;770
10336;201500011455;15;11;12;1845;3;1;1;1;4;407;;M;0.0;0.0;770
10337;201500011456;15;12;18;2200;3;1;1;1;6;441;A6;M;4851500.0;250700.0;910
10338;201500011457;15;12;29;200;3;1;6;1;7;22;;M;4845153.0;262387.0;770
10339;201500011458;15;5;10;1115;1;1;1;1;2;427;;M;0.0;0.0;620
10340;201500011459;15;5;25;1315;1;1;1;1;2;718;;M;0.0;0.0;620
10341;201500011460;15;6;5;2015;2;1;1;1;6;121;;M;0.0;0.0;620
10342;201500011461;15;6;7;845;1;1;1;1;7;829;;M;0.0;0.0;620
10343;201500011463;15;7;12;600;1;2;6;1;6;73;;M;5033926.0;285120.0;620
10344;201500011464;15;9;19;1530;1;1;1;1;2;829;;M;0.0;0.0;620
10345;201500011465;15;9;21;745;1;1;1;1;3;405;;M;0.0;0.0;620
10346;201500011466;15;10;22;2300;3;1;1;1;5;718;;M;5029938.0;288744.0;620
10347;201500011467;15;11;21;1830;3;1;1;3;6;873;;M;5026156.0;286356.0;620
10348;201500011468;15;1;14;1430;1;1;1;1;5;33;;M;0.0;0.0;800
10349;201500011469;15;1;31;630;3;1;1;1;2;2;;M;0.0;0.0;800
10350;201500011470;15;2;9;1145;1;1;1;1;2;33;;M;0.0;0.0;800
10351;201500011471;15;4;14;1015;1;1;1;1;6;781;;M;0.0;0.0;800
10352;201500011472;15;5;5;45;3;1;1;2;1;33;;M;0.0;0.0;800
10353;201500011473;15;8;8;2330;3;1;1;1;5;417;;M;0.0;0.0;800
10354;201500011474;15;8;18;15;3;1;1;1;6;383;;M;0.0;0.0;800
10355;201500011475;15;8;27;2100;3;1;1;2;6;421;;M;0.0;0.0;800
10356;201500011476;15;8;29;615;2;1;1;1;5;288;;M;0.0;0.0;800
10357;201500011477;15;8;30;1345;1;1;1;7;6;101;;M;0.0;0.0;800
10358;201500011478;15;10;21;1145;1;1;1;1;5;359;;M;0.0;0.0;800
10359;201500011479;15;11;6;215;3;1;1;1;5;685;;M;0.0;0.0;800
10360;201500011480;15;11;23;415;3;1;1;8;6;267;;M;0.0;0.0;800
10361;201500011481;15;12;19;1745;3;1;1;1;7;685;;M;0.0;0.0;800
10362;201500011482;15;12;22;1030;1;1;1;1;6;186;;M;0.0;0.0;800
10363;201500011483;15;12;29;300;3;1;1;8;5;2;;M;0.0;0.0;800
10364;201500011484;15;1;6;1545;1;1;1;1;2;103;autoroute;M;0.0;0.0;130
10365;201500011485;15;2;8;2030;3;1;1;1;3;112;A7;M;0.0;0.0;130
10366;201500011486;15;3;2;1145;1;1;1;1;2;32;;M;0.0;0.0;130
10367;201500011489;15;3;31;815;1;1;1;1;5;67;;M;0.0;0.0;130
10368;201500011490;15;4;19;1745;1;1;1;2;6;97;***;M;0.0;0.0;130
10369;201500011491;15;4;19;2215;3;1;1;1;6;51;***;M;0.0;0.0;130
10370;201500011492;15;5;27;1330;1;1;1;1;6;51;***;M;0.0;0.0;130
10371;201500011494;15;6;12;1730;1;1;9;3;4;51;;M;0.0;0.0;130
10372;201500011495;15;7;11;1500;1;1;1;1;7;49;**;M;0.0;0.0;130
10373;201500011496;15;7;17;1600;1;1;1;1;5;51;***;M;0.0;0.0;130
10374;201500011498;15;8;13;1145;1;1;1;1;2;51;*/*;M;0.0;0.0;130
10375;201500011499;15;8;21;1015;1;1;1;1;4;118;;M;0.0;0.0;130
10376;201500011500;15;8;22;315;3;1;1;1;6;103;;M;4358800.0;512300.0;130
10377;201500011501;15;9;12;245;3;1;1;1;2;67;**;M;0.0;0.0;130
10378;201500011502;15;10;3;1845;2;1;1;3;2;1;**;M;0.0;0.0;130
10379;201500011503;15;10;27;730;1;1;1;1;2;1;;M;4351900.0;540900.0;130
10380;201500011505;15;4;26;1600;1;1;1;2;6;83;;M;0.0;0.0;840
10381;201500011506;15;8;9;2215;3;1;1;1;6;39;;M;4409579.0;487132.0;840
10382;201500011507;15;12;17;445;3;1;1;1;2;78;;M;0.0;0.0;840
10383;201500011508;15;12;24;145;3;1;1;1;6;19;;M;0.0;0.0;840
10384;201500011509;15;1;3;1715;5;2;1;3;2;74;Grande Rue;M;4921986.0;235997.0;600
10385;201500011510;15;5;15;1;5;1;1;1;1;513;;M;4919322.0;236484.0;600
10386;201500011511;15;7;16;2030;1;2;1;1;7;44;Rue Desnosses Mathieu;M;4930052.0;234274.0;600
10387;201500011512;15;12;23;1900;3;2;1;1;6;584;route de Creil;M;4924023.0;243911.0;600
10388;201500011513;15;12;23;1830;5;2;1;1;6;584;rue Victor hugo ST LEU D;M;4922034.0;242712.0;600
10389;201500011514;15;2;19;745;1;2;1;1;6;67;RUE MONT TILLEUL;M;4962730.0;517855.0;80
10390;201500011515;15;3;26;930;1;1;1;1;6;527;;M;0.0;0.0;250
10391;201500011516;15;6;16;1045;1;1;1;9;6;56;;M;0.0;0.0;250
10392;201500011517;15;7;5;945;1;1;1;1;3;56;;M;0.0;0.0;250
10393;201500011518;15;8;3;715;1;1;1;1;3;527;;M;0.0;0.0;250
10394;201500011519;15;10;30;1430;1;1;1;1;2;215;;M;4734900.0;624900.0;250
10395;201500011520;15;12;16;815;2;1;1;1;1;328;;M;4718526.0;596374.0;250
10396;201500011521;15;3;18;1130;1;1;1;1;6;580;;M;4934359.0;92276.0;270
10397;201500011522;15;4;19;615;2;1;1;1;2;484;;M;4934300.0;106084.0;760
10398;201500011523;15;5;14;1315;1;1;1;3;6;646;;M;4933342.0;38866.0;270
10399;201500011524;15;7;2;1315;1;1;1;8;2;484;;M;4933647.0;107454.0;760
10400;201500011525;15;7;8;1630;1;1;1;8;2;662;;M;4934721.0;42644.0;270
10401;201500011526;15;7;22;1330;1;1;1;1;6;227;;M;4937201.0;66904.0;270
10402;201500011527;15;8;3;200;3;1;1;1;3;340;;M;4936538.0;80954.0;270
10403;201500011528;15;8;21;1215;1;1;1;1;6;340;;M;0.0;0.0;270
10404;201500011529;15;10;14;1530;1;1;1;1;2;65;;M;4931407.0;30620.0;270
10405;201500011530;15;12;3;645;2;1;1;1;2;484;;M;4934360.0;105690.0;760
10406;201500011531;15;11;11;1000;1;1;1;1;7;319;;M;4933793.0;99779.0;760
10407;201500011532;15;11;16;745;2;1;4;1;6;484;;M;4933930.0;107013.0;760
10408;201500011533;15;11;18;815;1;1;1;1;2;484;;M;4935522.0;103337.0;760
10409;201500011534;15;12;10;1;5;1;1;1;1;484;;M;4933751.0;107281.0;760
10410;201500011535;15;12;20;1730;3;1;1;1;7;497;;M;4937038.0;72006.0;270
10411;201500011536;15;12;27;415;4;1;1;1;6;484;;M;4933531.0;107696.0;760
10412;201500011537;15;12;28;1415;1;2;1;1;6;103;176 grande rue;M;4935486.0;81630.0;270
10413;201500011538;15;1;16;1445;1;1;1;1;7;89;;M;0.0;0.0;780
10414;201500011539;15;3;1;800;1;1;1;1;2;89;;M;0.0;0.0;780
10415;201500011540;15;3;11;2045;3;1;1;1;7;150;;M;4908509.0;137773.0;270
10416;201500011541;15;3;13;1245;1;1;1;1;1;517;;M;4913974.0;130738.0;270
10417;201500011542;15;3;13;1530;1;1;1;1;2;612;;M;4907160.0;140602.0;270
10418;201500011543;15;5;10;1545;1;1;1;1;6;612;;M;4907097.0;140740.0;270
10419;201500011545;15;10;30;100;3;1;1;1;1;332;;M;4918522.0;123670.0;270
10420;201500011548;15;2;13;1930;3;1;1;1;4;541;;M;4929307.0;269071.0;600
10421;201500011549;15;2;15;145;5;1;1;1;6;533;;M;4953472.0;272504.0;600
10422;201500011550;15;2;24;415;3;1;1;1;2;369;;M;4935821.0;270285.0;600
10423;201500011551;15;5;14;1;3;1;1;1;2;71;;M;4957220.0;274089.0;600
10424;201500011552;15;5;21;600;1;1;1;1;1;281;;M;4948936.0;271426.0;600
10425;201500011553;15;5;31;945;1;1;1;1;6;369;;M;4934048.0;269619.0;600
10426;201500011554;15;6;2;2000;1;1;1;1;6;612;;M;4921587.0;262758.0;600
10427;201500011555;15;6;20;1745;1;1;1;1;2;138;;M;4922117.0;263865.0;600
10428;201500011556;15;7;12;2030;2;1;1;1;2;138;;M;4921927.0;263400.0;600
10429;201500011557;15;7;18;845;1;1;1;1;6;533;;M;4952431.0;272175.0;600
10430;201500011558;15;8;7;100;3;1;1;1;6;541;;M;4930287.0;268700.0;600
10431;201500011559;15;9;19;730;1;1;1;1;6;541;;M;4930418.0;268595.0;600
10432;201500011560;15;10;15;530;3;1;1;2;5;100;;M;4925620.0;268396.0;600
10433;201500011561;15;11;14;1845;3;1;1;1;6;125;;M;4939643.0;269757.0;600
10434;201500011562;15;11;15;915;1;1;1;1;6;100;;M;4925192.0;268146.0;600
10435;201500011563;15;12;7;1300;1;1;1;1;6;138;;M;4921134.0;261794.0;600
10436;201500011564;15;12;9;1000;1;1;1;1;5;533;;M;4953472.0;272504.0;600
10437;201500011566;15;12;9;1330;1;1;1;1;3;558;;M;4959562.0;275125.0;600
10438;201500011567;15;3;20;800;1;1;1;1;2;27;;M;4741235.0;504636.0;210
10439;201500011569;15;1;7;145;3;1;1;1;2;108;;M;4616800.0;477035.0;690
10440;201500011570;15;2;21;415;3;1;1;1;2;13;;M;0.0;0.0;690
10441;201500011572;15;4;10;645;1;1;1;1;2;13;;M;0.0;0.0;690
10442;201500011573;15;6;9;515;2;1;1;1;6;13;;M;0.0;0.0;690
10443;201500011574;15;8;17;1715;1;1;1;1;6;77;;M;0.0;0.0;690
10444;201500011575;15;2;10;500;3;1;1;8;6;597;;M;0.0;0.0;590
10445;201500011576;15;2;15;2115;3;1;1;1;5;47;;M;0.0;0.0;590
10446;201500011577;15;3;18;1400;1;1;1;1;6;167;Autoroute;M;5021973.0;324690.0;590
10447;201500011578;15;4;9;1400;1;1;1;1;7;715;;M;0.0;0.0;620
10448;201500011579;15;6;21;615;1;1;1;1;6;597;;M;0.0;0.0;590
10449;201500011580;15;7;19;615;2;1;1;1;2;377;;M;0.0;0.0;590
10450;201500011581;15;8;10;800;1;1;1;1;6;125;;M;0.0;0.0;590
10451;201500011582;15;8;25;1700;1;1;1;2;2;421;;M;0.0;0.0;620
10452;201500011583;15;10;24;745;2;1;1;1;6;623;;M;0.0;0.0;590
10453;201500011584;15;11;1;815;2;1;1;1;6;244;;M;0.0;0.0;590
10454;201500011585;15;11;22;1800;5;1;6;1;7;448;RD 817;M;4334658.0;-167326.0;640
10455;201500011586;15;4;13;730;1;2;1;1;6;496;;M;4348200.0;-145300.0;640
10456;201500011587;15;6;18;1830;1;1;9;1;3;527;;M;4334048.0;-152221.0;640
10457;201500011588;15;6;24;1430;1;2;1;1;1;553;Bd de Villefontaine;M;0.0;0.0;380
10458;201500011589;15;8;5;1600;1;1;1;1;6;53;;M;0.0;0.0;380
10459;201500011590;15;8;7;1445;1;1;1;1;6;348;;M;0.0;0.0;380
10460;201500011591;15;9;23;2215;3;1;1;1;6;193;;M;0.0;0.0;380
10461;201500011592;15;9;26;30;3;1;1;1;7;537;;M;4564046.0;514804.0;380
10462;201500011593;15;12;7;1730;3;1;1;1;6;193;;M;0.0;0.0;380
10463;201500011594;15;11;5;1145;1;2;1;1;6;278;5 rue d'habsheim;M;0.0;0.0;680
10464;201500011595;15;1;9;800;2;1;1;9;3;169;;M;4812469.0;-94749.0;530
10465;201500011596;15;4;10;1830;1;1;1;1;2;137;;M;4806710.0;-93279.0;530
10466;201500011597;15;5;13;1700;1;1;6;1;3;108;;M;4807313.0;-101163.0;530
10467;201500011598;15;6;6;1715;1;1;3;1;3;48;;M;4824830.0;-90290.0;530
10468;201500011599;15;7;10;1630;1;1;1;1;1;243;;M;4812652.0;-87940.0;530
10469;201500011600;15;7;20;845;1;1;1;1;1;39;;M;4814987.0;-95237.0;530
10470;201500011601;15;7;29;1445;1;1;1;1;7;229;;M;4815588.0;-75109.0;530
10471;201500011603;15;1;1;515;3;1;1;5;6;371;RD 317;M;4907590.0;252890.0;950
10472;201500011604;15;2;12;1730;1;2;1;1;6;250;AV HENRI BARBUSSE;M;4909890.0;252210.0;950
10473;201500011605;15;5;3;45;3;1;1;2;6;371;RD 317;M;4907790.0;252910.0;950
10474;201500011606;15;6;16;1400;1;1;1;1;3;371;CHEMIN DES PEUPLIERS;M;4907630.0;250390.0;950
10475;201500011607;15;7;18;1115;1;2;1;7;3;580;R DE LA FERME ST LADRE;M;4909530.0;252830.0;950
10476;201500011608;15;12;22;2200;3;1;1;1;1;580;RD 16;M;4908530.0;254470.0;950
10477;201500011610;15;9;27;1845;1;1;1;1;6;503;;M;4953136.0;101474.0;760
10478;201500011611;15;2;25;1015;1;1;1;2;1;91;;M;4628617.0;-108097.0;170
10479;201500011612;15;3;20;1300;1;1;9;2;5;222;;M;4622017.0;-113072.0;170
10480;201500011613;15;3;30;815;2;1;3;2;3;396;;M;4622517.0;-87904.0;170
10481;201500011614;15;4;24;1445;1;1;2;1;3;218;;M;4632347.0;-99371.0;170
10482;201500011615;15;6;23;845;1;2;3;1;3;51;RUE CHARLES DE GAULLE;M;4618475.0;-139203.0;170
10483;201500011616;15;7;31;1715;1;1;1;1;5;51;;M;4616525.0;-135465.0;170
10484;201500011619;15;1;9;800;2;1;9;2;2;289;;M;4565470.0;-63439.0;170
10485;201500011620;15;1;19;900;1;1;1;2;1;86;;M;4574490.0;-57657.0;170
10486;201500011621;15;4;7;1800;1;1;1;1;4;299;;M;4596220.0;-95931.0;170
10487;201500011622;15;6;6;1615;1;1;1;1;2;444;;M;4568635.0;-64584.0;170
10488;201500011623;15;6;25;1430;1;1;1;7;1;147;;M;4581186.0;-51348.0;170
10489;201500011624;15;8;7;915;1;1;1;1;6;438;;M;4555095.0;-60396.0;170
10490;201500011625;15;8;10;1845;1;1;1;1;6;157;;M;4589697.0;-59787.0;170
10491;201500011626;15;10;13;1530;1;1;2;1;3;367;;M;4592731.0;-34089.0;170
10492;201500011627;15;11;2;830;1;1;1;1;1;421;;M;4567559.0;-95570.0;170
10493;201500011628;15;11;24;730;1;1;1;5;6;280;;M;4585830.0;-72920.0;170
10494;201500011630;15;5;23;2145;3;1;1;1;7;131;;M;0.0;0.0;250
10495;201500011631;15;6;11;1645;1;1;1;1;3;222;;M;0.0;0.0;250
10496;201500011632;15;1;9;1930;5;2;3;1;1;22;chemin méric / av parc;M;4367614.0;143458.0;310
10497;201500011633;15;4;20;1000;1;2;2;1;3;186;cd 59/ave des chalets;M;4368298.0;144806.0;310
10498;201500011634;15;10;3;800;1;2;1;1;1;282;route de BESSIERES;M;4366900.0;144400.0;310
10499;201500011635;15;1;12;1500;1;1;1;1;6;116;;M;0.0;0.0;830
10500;201500011636;15;2;20;100;3;1;1;1;4;110;A8;M;0.0;0.0;130
10501;201500011637;15;3;7;2045;3;1;1;1;4;87;A8;M;0.0;0.0;130
10502;201500011638;15;3;21;1730;1;1;1;2;2;116;;M;0.0;0.0;830
10503;201500011639;15;4;4;330;3;1;1;1;3;110;;M;0.0;0.0;130
10504;201500011640;15;4;17;1015;1;1;1;8;2;25;***;M;0.0;0.0;130
10505;201500011641;15;4;18;1615;1;1;1;1;2;96;;M;0.0;0.0;830
10506;201500011642;15;5;7;1700;1;1;1;1;2;23;;M;0.0;0.0;830
10507;201500011643;15;6;27;700;2;1;1;1;6;116;;M;0.0;0.0;830
10508;201500011644;15;8;19;1815;1;1;1;1;3;23;;M;0.0;0.0;830
10509;201500011645;15;8;22;1330;1;1;1;1;6;116;;M;0.0;0.0;830
10510;201500011646;15;10;7;2130;3;1;1;1;6;116;;M;0.0;0.0;830
10511;201500011647;15;10;17;915;1;1;1;1;6;116;;M;0.0;0.0;830
10512;201500011648;15;1;17;800;1;1;9;2;6;81;;M;0.0;0.0;740
10513;201500011649;15;1;24;1030;1;1;1;1;2;42;;M;0.0;0.0;740
10514;201500011650;15;2;22;1915;3;1;1;1;6;262;;M;0.0;0.0;740
10515;201500011651;15;6;12;600;1;1;1;1;6;18;;M;0.0;0.0;740
10516;201500011652;15;10;19;2030;3;1;1;1;2;42;;M;0.0;0.0;740
10517;201500011653;15;11;17;445;3;1;1;1;2;118;;M;0.0;0.0;740
10518;201500011654;15;12;26;815;1;1;1;1;6;312;;M;0.0;0.0;740
10519;201500011655;15;1;5;915;1;1;1;1;4;347;;M;4374843.0;424661.0;300
10520;201500011656;15;1;10;1415;1;1;1;1;6;317;;M;4390625.0;455809.0;300
10521;201500011657;15;3;2;900;1;1;1;1;4;22;;M;4365215.0;398919.0;340
10522;201500011660;15;4;5;645;2;1;1;1;4;169;;M;4379020.0;430117.0;300
10523;201500011661;15;4;11;815;1;1;1;1;2;189;;M;4381041.0;434664.0;300
10524;201500011662;15;6;10;1230;1;1;1;1;6;22;;M;4365304.0;399070.0;340
10525;201500011663;15;6;16;1015;1;1;1;1;6;340;;M;4371715.0;413808.0;340
10526;201500011664;15;8;7;1400;1;1;1;1;5;340;;M;4372002.0;414292.0;340
10527;201500011665;15;8;9;130;3;1;1;1;2;240;;M;4366536.0;399114.0;340
10528;201500011666;15;8;17;1300;1;1;1;1;1;347;;M;4374837.0;424593.0;300
10529;201500011667;15;8;23;330;3;1;1;1;6;347;;M;4374849.0;424711.0;300
10530;201500011668;15;8;27;1830;1;1;9;1;2;123;;M;4372475.0;417051.0;300
10531;201500011669;15;9;3;1415;1;1;1;1;2;60;;M;4378320.0;440750.0;300
10532;201500011670;15;9;10;1415;1;1;1;1;2;294;;M;4370281.0;411660.0;340
10533;201500011672;15;11;2;1015;1;1;1;1;6;123;;M;4372604.0;417868.0;300
10534;201500011673;15;11;30;2100;3;1;1;1;1;294;;M;4370117.0;411512.0;340
10535;201500011674;15;12;5;730;3;1;1;1;2;344;;M;4374953.0;423345.0;300
10536;201500011676;15;5;22;1930;1;1;1;1;6;262;;M;4315915.0;293449.0;110
10537;201500011677;15;7;18;315;3;1;1;1;1;379;;M;4306125.0;293712.0;110
10538;201500011678;15;7;25;2000;1;1;1;1;2;188;;M;4294953.0;297090.0;110
10539;201500011679;15;9;18;1345;1;1;1;1;6;262;;M;4291344.0;220314.0;110
10540;201500011681;15;12;14;1915;3;1;1;8;1;40;;M;4315460.0;288641.0;110
10541;201500011682;15;1;14;1030;1;1;1;3;3;156;ROUTE DE CONNEUIL;M;0.0;0.0;370
10542;201500011683;15;1;19;1245;1;1;1;2;5;273;;M;0.0;0.0;370
10543;201500011685;15;7;4;200;3;1;1;1;6;141;;M;0.0;0.0;370
10544;201500011686;15;7;6;2315;5;2;1;1;3;15;GRANDE RUE;M;0.0;0.0;370
10545;201500011687;15;7;12;200;3;1;1;1;1;75;LA FOSSE ROUGE;M;0.0;0.0;370
10546;201500011688;15;7;15;2315;5;2;1;1;6;156;QUAI ALBERT BAILLET;M;0.0;0.0;370
10547;201500011689;15;8;2;1045;1;1;1;1;1;8;;M;0.0;0.0;370
10548;201500011691;15;9;29;1745;1;1;1;1;6;141;;M;0.0;0.0;370
10549;201500011693;15;11;22;1915;3;1;1;1;6;253;;M;0.0;0.0;370
10550;201500011694;15;12;4;1745;1;1;1;1;1;15;LA RIGAUDIERE;M;0.0;0.0;370
10551;201500011696;15;2;15;430;3;1;1;2;6;93;;M;4801564.0;187789.0;450
10552;201500011697;15;3;13;1545;1;1;1;8;6;203;;M;4784262.0;167687.0;450
10553;201500011698;15;4;5;1145;1;1;1;1;3;317;;M;4778058.0;159201.0;450
10554;201500011699;15;4;27;2145;3;1;1;1;6;302;;M;4796614.0;185618.0;450
10555;201500011700;15;5;2;715;2;1;1;1;6;276;;M;4829106.0;186062.0;280
10556;201500011701;15;5;30;1800;1;1;1;1;6;175;;M;4775698.0;185569.0;450
10557;201500011702;15;6;5;530;1;1;1;1;6;167;;M;4786972.0;172443.0;450
10558;201500011703;15;6;12;1000;1;1;1;1;6;93;;M;4801419.0;187811.0;450
10559;201500011704;15;7;10;45;3;1;1;1;2;202;A10 // BT INSERTION;M;4781769.0;163669.0;450
10560;201500011705;15;7;12;530;2;1;1;1;3;302;;M;4794594.0;184851.0;450
10561;201500011706;15;8;4;545;2;1;1;8;6;24;;M;4782555.0;165214.0;450
10562;201500011707;15;8;21;1445;1;1;1;1;3;311;;M;0.0;0.0;280
10563;201500011708;15;8;27;715;2;1;1;3;3;203;;M;4785034.0;168813.0;450
10564;201500011709;15;9;5;1545;1;1;7;1;6;164;;M;4827040.0;185548.0;280
10565;201500011710;15;10;4;300;3;1;1;1;6;93;;M;4802076.0;184202.0;450
10566;201500011711;15;10;13;1015;1;1;1;1;2;8;;M;4806796.0;184754.0;450
10567;201500011712;15;10;17;1345;1;1;1;1;6;67;;M;4789811.0;179341.0;450
10568;201500011713;15;11;22;1815;4;1;1;1;5;169;;M;4791036.0;184932.0;450
10569;201500011714;15;12;16;815;2;1;1;8;6;75;;M;4789948.0;183667.0;450
10570;201500011715;15;12;22;1230;1;1;1;1;6;392;;M;4823396.0;184948.0;280
10571;201500011716;15;8;22;1530;1;1;1;1;4;296;;M;4548428.0;692697.0;730
10572;201500011717;15;5;8;1100;1;1;1;1;3;114;;M;0.0;0.0;130
10573;201500011718;15;5;24;1745;1;1;1;1;1;32;;M;0.0;0.0;130
10574;201500011719;15;6;5;1830;1;2;1;1;3;114;;M;0.0;0.0;130
10575;201500011720;15;6;30;1545;1;1;1;1;1;32;***;M;0.0;0.0;130
10576;201500011721;15;10;3;530;3;1;1;1;5;37;;M;0.0;0.0;130
10577;201500011722;15;10;2;1645;1;1;3;8;3;114;;M;0.0;0.0;130
10578;201500011723;15;7;7;1345;1;1;1;1;1;405;;M;0.0;0.0;670
10579;201500011724;15;7;26;2330;5;2;1;1;1;472;ROUTE DE ROUNTZENHEIM;M;0.0;0.0;670
10580;201500011725;15;9;21;830;1;2;1;7;1;222;route de KERFROLO;M;4784352.0;-273780.0;560
10581;201500011726;15;5;10;1545;1;1;1;1;7;436;;M;4703491.0;506744.0;210
10582;201500011727;15;7;4;730;1;1;1;1;2;506;;M;4710055.0;494916.0;210
10583;201500011728;15;8;13;1445;1;1;1;1;6;606;;M;4705665.0;492832.0;210
10584;201500011729;15;8;23;400;3;1;1;1;2;606;;M;4707431.0;492414.0;210
10585;201500011730;15;9;20;2130;3;1;1;1;4;42;;M;4704214.0;504923.0;210
10586;201500011731;15;12;18;1215;1;1;1;1;2;606;;M;4706360.0;491466.0;210
10587;201500011732;15;1;16;700;3;1;1;2;7;239;;M;0.0;0.0;730
10588;201500011734;15;6;2;615;2;1;1;2;6;329;;M;0.0;0.0;730
10589;201500011735;15;10;3;2030;3;1;1;3;7;25;;M;0.0;0.0;730
10590;201500011736;15;11;27;1745;5;1;1;1;6;179;;M;0.0;0.0;730
10591;201500011737;15;11;30;730;1;1;1;1;2;104;;M;0.0;0.0;730
10592;201500011738;15;4;5;645;3;1;1;1;6;2;;M;0.0;0.0;740
10593;201500011739;15;9;20;2245;3;1;1;1;7;2;;M;0.0;0.0;740
10594;201500011740;15;11;18;1815;5;1;1;1;2;245;;M;0.0;0.0;740
10595;201500011741;15;1;15;1045;1;1;1;1;2;118;;M;0.0;0.0;380
10596;201500011742;15;3;25;2145;3;1;1;2;6;565;;M;4525985.0;563756.0;380
10597;201500011743;15;6;27;1900;1;1;1;1;6;565;;M;0.0;0.0;380
10598;201500011744;15;7;10;1600;1;1;1;1;5;257;;M;0.0;0.0;380
10599;201500011745;15;7;16;830;1;1;1;1;6;565;;M;0.0;0.0;380
10600;201500011746;15;7;19;915;1;1;1;1;7;508;;M;0.0;0.0;380
10601;201500011747;15;8;8;715;1;1;1;1;7;118;;M;4538392.0;547570.0;380
10602;201500011748;15;8;9;1045;1;1;1;2;7;481;;M;0.0;0.0;380
10603;201500011749;15;9;22;700;1;1;1;1;5;65;;M;0.0;0.0;380
10604;201500011750;15;9;24;1600;1;1;9;1;6;565;;M;4526831.0;562820.0;380
10605;201500011751;15;10;23;1615;1;1;1;1;6;481;;M;0.0;0.0;380
10606;201500011752;15;11;12;1345;1;1;1;1;6;481;;M;4555557.0;535620.0;380
10607;201500011753;15;8;17;1415;1;1;1;1;2;166;;M;4901800.0;558500.0;550
10608;201500011754;15;3;12;1550;1;2;9;1;4;346;WARNECOURT ROUTE;M;4975000.0;469262.0;80
10609;201500011755;15;9;10;1205;1;2;1;1;6;105;1, JAUBERT;M;4976060.0;471945.0;80
10610;201500011756;15;3;26;1320;1;2;1;1;3;105;COMTES DE RETHEL (RUE DE;M;4976022.0;471726.0;80
10611;201500011757;15;10;3;1400;1;2;9;1;6;105;1, GAILLY G. AVENUE;M;4977610.0;471567.0;80
10612;201500011758;15;4;24;1640;1;2;1;1;3;180;104, MARNE AVENUE;M;4973310.0;471900.0;80
10613;201500011759;15;11;17;1800;5;2;3;3;6;105;, WARCQ;M;4976416.0;469747.0;80
10614;201500011760;15;6;6;2305;5;1;1;1;4;105;DE GAULLE AVENUE;M;4976800.0;471549.0;80
10615;201500011761;15;11;20;1730;5;2;2;1;6;105;HOTEL DE VILLE PLACE;M;4975975.0;471909.0;80
10616;201500011762;15;11;28;1925;5;2;2;1;3;105;SANS, BOIS FORTANT (RUE;M;4975200.0;471560.0;80
10617;201500011763;15;6;11;1930;1;2;3;1;2;105;2, LAFRANCHEVILLE ROUT;M;4974026.0;472509.0;80
10618;201500011764;15;7;1;1120;1;2;1;1;6;105;NIVELET E.;M;4977717.0;470494.0;80
10619;201500011765;15;9;24;1845;1;1;1;1;6;105;KROMPRINZ CHEMIN;M;4979430.0;471756.0;80
10620;201500011766;15;8;19;1255;1;2;1;1;6;105;SANS, PAQUIS RUE;M;4978249.0;472366.0;80
10621;201500011767;15;12;14;1255;1;2;1;1;1;105;39, DE GAULLE AVENUE;M;4976760.0;471618.0;80
10622;201500011769;15;11;4;1805;2;2;1;1;6;105;2, GONZAGUE;M;4977457.0;471683.0;80
10623;201500011771;15;1;6;1830;5;2;1;1;7;105;58, ROUSSEAU J.J.;;;;80
10624;201500011772;15;6;28;930;1;2;3;1;1;354;D674/AVENUE DU PÉRIGORD;M;4515460.0;978.0;240
10625;201500011773;15;1;16;1630;1;1;1;2;6;523;LES PLAGUETTES;M;4481240.0;31883.0;240
10626;201500011774;15;1;26;830;1;1;1;2;6;555;;M;4930550.0;29517.0;140
10627;201500011775;15;2;21;1245;1;1;1;4;2;555;;M;4931060.0;30211.0;140
10628;201500011776;15;4;15;1715;1;1;1;1;2;514;;M;4929390.0;20569.0;140
10629;201500011777;15;7;9;450;3;1;1;1;6;555;;M;4930510.0;29433.0;140
10630;201500011778;15;7;17;1850;1;1;1;2;2;301;;M;4916720.0;-28284.0;140
10631;201500011779;15;8;1;955;1;1;1;1;5;301;;M;4916700.0;-28621.0;140
10632;201500011781;15;8;21;1230;1;1;1;1;4;185;;M;4930500.0;17680.0;140
10633;201500011782;15;9;26;1800;1;1;1;1;2;55;;M;4925990.0;11188.0;140
10634;201500011783;15;11;18;1715;2;1;1;1;2;555;;;;;140
10635;201500011784;15;12;9;2130;3;1;1;1;2;12;;;;;140
10636;201500011785;15;1;19;2015;5;2;1;2;3;58;102Avenue Vall?e desBaux;M;4372037.0;480736.0;130
10637;201500011786;15;6;15;1530;1;1;3;1;3;65;;M;4368105.0;489144.0;130
10638;201500011787;15;8;28;100;3;1;1;1;7;38;***;M;0.0;0.0;130
10639;201500011788;15;9;7;2100;5;2;1;1;3;38;Avenue de Tarascon;M;0.0;0.0;130