;Num_Acc;an;mois;jour;hrmn;lum;agg;int;atm;col;com;adr;gps;lat;long;dep
10640;201500011789;15;2;17;1030;1;1;1;1;3;45;la basse moisonnais;M;4731608.0;-181365.0;440
10641;201500011790;15;7;7;1045;1;2;1;1;3;26;marquis de maubreuil;M;4729745.0;-148781.0;440
10642;201500011791;15;11;7;45;5;2;1;1;4;172;D723;M;4726580.0;-148780.0;440
10643;201500011792;15;8;26;1615;1;1;1;2;7;297;;M;4881662.0;104498.0;270
10644;201500011793;15;11;6;400;3;1;1;1;2;378;;M;4878888.0;119524.0;270
10645;201500011794;15;2;1;1530;1;2;1;1;1;27;rue louis vernay;M;0.0;0.0;690
10646;201500011795;15;2;5;1015;1;2;9;1;6;43;parking maison de retrai;M;0.0;0.0;690
10647;201500011796;15;3;30;1415;1;1;4;1;5;27;;M;4566500.0;475300.0;690
10648;201500011797;15;7;5;1345;1;1;1;1;1;43;;M;0.0;0.0;690
10649;201500011798;15;10;21;1000;1;2;1;1;6;27;12 rue Diot;M;0.0;0.0;690
10650;201500011800;15;6;2;1445;1;2;1;1;3;9;RD306 PK 28+800;M;0.0;0.0;690
10651;201500011801;15;1;28;1845;2;2;1;1;1;212;rue des cloitres;M;4838155.0;-461401.0;290
10652;201500011803;15;3;22;430;4;2;1;1;6;69;Rue de Milizac;M;4842700.0;-455982.0;290
10653;201500011804;15;4;15;815;1;1;1;1;7;69;Route de la Trinité;M;4840705.0;-456420.0;290
10654;201500011805;15;6;2;1345;1;1;1;1;3;130;route de kerfily;M;4837015.0;-465080.0;290
10655;201500011806;15;6;6;2015;1;1;1;1;6;282;;M;4837050.0;-473546.0;290
10656;201500011809;15;11;10;2330;5;2;6;1;3;69;RUE DES ECOLES;M;4842359.0;-456293.0;290
10657;201500011810;15;11;15;1930;3;1;1;1;6;190;;M;4833705.0;-475181.0;290
10658;201500011811;15;3;16;930;1;1;1;1;1;178;;M;0.0;0.0;860
10659;201500011812;15;5;4;1630;1;1;1;1;7;237;;M;0.0;0.0;860
10660;201500011814;15;9;6;1915;1;1;1;1;4;271;;M;0.0;0.0;860
10661;201500011816;15;11;5;1730;1;1;1;1;7;276;;M;0.0;0.0;860
10662;201500011817;15;1;5;1130;1;1;1;1;7;254;;M;0.0;0.0;860
10663;201500011818;15;3;19;1645;1;1;1;8;6;107;;M;4637000.0;68900.0;860
10664;201500011819;15;4;16;1830;1;1;1;7;3;118;Carrefour D33/D727;M;4644722.0;98522.0;860
10665;201500011820;15;7;6;1445;1;2;1;1;1;153;RN 147;M;4641700.0;68800.0;860
10666;201500011821;15;9;30;1745;1;1;1;1;1;170;;M;0.0;0.0;860
10667;201500011822;15;10;22;1615;1;1;1;8;1;118;;M;0.0;0.0;860
10668;201500011824;15;1;18;1500;1;1;1;1;6;157;;M;4343988.0;357019.0;340
10669;201500011825;15;2;27;1815;2;1;1;1;1;95;;M;4355072.0;380831.0;340
10670;201500011826;15;4;2;515;3;1;1;1;3;336;A 9;M;4333622.0;328854.0;340
10671;201500011827;15;4;4;1715;1;1;9;1;2;172;;M;4360560.0;393139.0;340
10672;201500011828;15;4;11;2130;3;1;1;1;5;95;;M;4355028.0;380377.0;340
10673;201500011829;15;5;10;1815;1;1;1;1;4;95;;M;4354979.0;380155.0;340
10674;201500011830;15;5;15;1230;1;1;1;1;5;32;;M;4334195.0;330746.0;340
10675;201500011831;15;5;21;945;1;1;1;1;1;157;;M;4342229.0;354119.0;340
10676;201500011832;15;5;26;1030;1;1;9;1;3;270;;M;4356133.0;382845.0;340
10677;201500011833;15;5;29;800;1;1;1;1;7;270;;M;4355724.0;382465.0;340
10678;201500011834;15;6;4;115;3;1;1;1;6;143;,;M;4346961.0;364049.0;340
10679;201500011835;15;6;5;315;3;1;1;1;3;32;;M;4330097.0;321101.0;340
10680;201500011836;15;7;4;315;3;1;1;1;1;166;;M;4335786.0;334099.0;340
10681;201500011837;15;7;28;1700;1;1;1;1;6;203;;M;4340766.0;349283.0;340
10682;201500011839;15;9;21;2030;3;1;1;1;1;101;;M;4337801.0;344079.0;340
10683;201500011840;15;12;9;1600;1;1;1;1;1;32;;M;4330539.0;323607.0;340
10684;201500011841;15;12;22;1545;1;1;1;1;2;336;;M;4333889.0;329546.0;340
10685;201500011842;15;12;28;1845;3;1;1;1;3;143;;M;4346995.0;364055.0;340
10686;201500011843;15;1;1;1545;1;1;1;1;6;130;;M;4448439.0;-20792.0;330
10687;201500011844;15;2;28;215;3;1;9;1;6;21;;M;4453008.0;-19551.0;330
10688;201500011845;15;6;17;1600;1;1;1;1;2;270;;M;4441316.0;-25000.0;330
10689;201500011846;15;7;17;2045;1;1;1;1;6;46;;M;4439503.0;-24187.0;330
10690;201500011847;15;8;5;2330;3;1;1;1;6;452;;M;4464623.0;-43612.0;330
10691;201500011848;15;8;10;1145;1;1;1;1;2;30;;M;4457628.0;-32215.0;330
10692;201500011849;15;8;22;345;3;1;1;1;6;465;;M;0.0;0.0;330
10693;201500011850;15;9;12;1630;1;1;1;1;7;2;;M;0.0;0.0;330
10694;201500011851;15;10;30;800;1;1;1;1;2;343;;M;4458543.0;-34606.0;330
10695;201500011852;15;12;23;245;3;1;1;1;3;452;;M;4464257.0;-43080.0;330
10696;201500011853;15;12;28;845;1;1;1;1;6;36;;M;4445332.0;-23051.0;330
10697;201500011854;15;3;20;2030;3;2;1;1;6;446;AVENUE TOLOSANE;M;0.0;0.0;310
10698;201500011855;15;4;9;845;1;2;1;1;3;506;49 ave de la Marqueille;M;4356012.0;153285.0;310
10699;201500011856;15;4;16;1530;1;1;1;2;3;254;;M;4353210.0;151603.0;310
10700;201500011857;15;6;2;845;1;1;1;1;2;446;;M;4352600.0;145900.0;310
10701;201500011858;15;6;8;1500;1;2;1;1;6;506;route  de revel;M;4354836.0;153670.0;310
10702;201500011859;15;7;3;715;1;1;1;1;1;254;;M;0.0;0.0;310
10703;201500011860;15;11;27;1245;1;2;6;1;3;254;l'occitane;M;4354543.0;150612.0;310
10704;201500011861;15;1;16;700;3;1;2;1;1;4;LES REYBIAS;M;4498660.0;504470.0;260
10705;201500011862;15;1;18;1030;1;2;3;1;6;49;LE VILLAGE;M;0.0;0.0;260
10706;201500011863;15;1;25;645;3;1;3;1;3;301;CHALON OUEST;M;0.0;0.0;260
10707;201500011864;15;2;11;1500;1;1;1;1;1;271;LES HAUTS SAVIAUX;M;0.0;0.0;260
10708;201500011865;15;2;13;1715;1;1;1;2;3;179;LA CROIX;M;0.0;0.0;260
10709;201500011866;15;3;8;2100;3;1;1;1;6;325;RN 7;M;0.0;0.0;260
10710;201500011867;15;3;24;1630;1;1;1;8;3;88;LES OMIS;M;0.0;0.0;260
10711;201500011868;15;4;1;1630;1;2;3;1;3;347;AV PREDIDENT ROOSEVELT;M;0.0;0.0;260
10712;201500011869;15;4;17;100;3;1;1;2;7;84;SAUT DES CHEVRES HAUT;M;0.0;0.0;260
10713;201500011870;15;4;18;1430;1;2;3;1;5;301;AV GENERAL DE GAULLE;M;0.0;0.0;260
10714;201500011871;15;4;25;1915;1;2;1;1;1;347;RUE ERNEST BOUCHET;M;4506880.0;485180.0;260
10715;201500011872;15;4;29;1645;1;2;1;1;3;9;LE CREUX DE THINE;M;0.0;0.0;260
10716;201500011873;15;5;3;2230;5;2;1;1;3;160;AVENUE CROIX DES MAILLES;M;0.0;0.0;260
10717;201500011874;15;5;3;745;1;2;2;1;3;301;AV COMMANDANT CORLU;M;0.0;0.0;260
10718;201500011875;15;5;4;1245;1;1;2;1;5;271;LES PIALOUX;M;0.0;0.0;260
10719;201500011876;15;5;16;1915;1;1;3;1;3;96;LES BLACHES;M;0.0;0.0;260
10720;201500011877;15;6;2;845;1;1;1;1;2;4;CHAUX OUEST;M;0.0;0.0;260
10721;201500011878;15;6;6;1700;1;1;1;1;3;184;MICHONIERES;M;0.0;0.0;260
10722;201500011879;15;6;25;1645;1;1;1;1;1;301;LEOBERT;M;0.0;0.0;260
10723;201500011880;15;6;28;1200;1;1;1;1;6;88;LES PETITS ALLIERS LUCIA;M;4501720.0;508650.0;260
10724;201500011881;15;6;27;2130;5;2;1;1;4;325;RUE DE MARSEILLE;M;0.0;0.0;260
10725;201500011882;15;6;30;1630;1;2;9;1;6;88;RUE ZENON RIVOIRE;M;4500290.0;508900.0;260
10726;201500011883;15;7;13;2215;3;2;3;1;3;174;ROUTE DES CHARMES;M;0.0;0.0;260
10727;201500011884;15;7;19;1900;1;1;1;1;7;49;LES TAUREAUX NORD;M;0.0;0.0;260
10728;201500011885;15;7;6;1000;1;1;1;1;1;71;RIVOIRES;M;0.0;0.0;260
10729;201500011886;15;7;23;1915;1;1;1;1;1;57;RTE OLIVIER DE SERRES;M;4500890.0;506900.0;260
10730;201500011887;15;8;9;730;2;1;1;1;6;2;LES PRES NOUVEAUX;M;0.0;0.0;260
10731;201500011888;15;8;8;2145;2;2;1;2;6;333;QUAI BIZARELLI;M;0.0;0.0;260
10732;201500011889;15;8;27;745;3;1;1;1;7;92;CONRING;M;0.0;0.0;260
10733;201500011890;15;8;29;515;3;1;1;1;1;96;LES BLACHES;M;0.0;0.0;260
10734;201500011891;15;8;29;800;1;1;1;1;1;139;RTE DES CHAMBARANDS;M;0.0;0.0;260
10735;201500011892;15;9;8;1400;1;1;1;1;6;119;RN 7;M;0.0;0.0;260
10736;201500011893;15;9;10;2045;3;1;1;1;6;295;CREUX DE LAYE;M;4516420.0;486110.0;260
10737;201500011894;15;9;22;745;1;1;3;1;3;333;LA BRASSIERE;M;0.0;0.0;260
10738;201500011895;15;9;25;1500;2;1;1;1;2;250;LES PIALOUX;M;0.0;0.0;260
10739;201500011897;15;10;3;1500;1;1;1;3;3;231;LE BOIS DU CHEVAL;M;0.0;0.0;260
10740;201500011898;15;10;10;1430;1;1;1;1;5;84;RN 7;M;0.0;0.0;260
10741;201500011899;15;11;3;1700;1;1;1;1;6;271;;M;0.0;0.0;260
10742;201500011900;15;11;7;1800;2;1;1;1;7;39;GAZONNE;M;0.0;0.0;260
10743;201500011901;15;11;11;1115;1;2;1;1;6;347;AVENUE ROOSEVELT;M;0.0;0.0;260
10744;201500011902;15;11;13;1645;2;1;1;1;5;34;GERVANS;M;0.0;0.0;260
10745;201500011903;15;12;18;1430;1;1;1;1;5;301;CHAUCHERE;M;0.0;0.0;260
10746;201500011904;15;12;18;1730;3;1;2;1;5;139;LES ORRES;M;0.0;0.0;260
10747;201500011905;15;12;17;1845;5;2;1;1;6;301;AV DU GENERAL DE GAULLE;M;0.0;0.0;260
10748;201500011906;15;12;24;845;5;2;1;1;6;160;AV DE LA CROIX DE MAILLE;M;0.0;0.0;260
10749;201500011908;15;2;21;445;3;1;1;2;7;272;;M;0.0;0.0;630
10750;201500011909;15;10;17;400;3;1;1;1;6;21;;M;4507700.0;330100.0;630
10751;201500011910;15;11;1;1800;2;1;1;1;2;413;;M;0.0;0.0;630
10752;201500011911;15;12;20;1815;3;1;1;1;1;193;;M;4578450.0;320325.0;630
10753;201500011912;15;12;26;100;3;1;1;1;6;14;;M;0.0;0.0;630
10754;201500011913;15;7;1;1630;1;1;1;1;3;502;A 64 GARE DE PEAGE;M;4352978.0;-118628.0;640
10755;201500011914;15;8;3;1415;1;1;1;1;6;102;A63;M;4347489.0;-145495.0;640
10756;201500011915;15;11;5;1845;3;1;1;1;2;102;;M;4347590.0;-145158.0;640
10757;201500011916;15;12;13;1715;2;1;1;7;7;125;A 63;M;4342443.0;-159504.0;640
10758;201500011917;15;2;26;857;1;2;2;1;3;409;THIERS (RUE);M;4970174.0;493857.0;80
10759;201500011918;15;5;14;335;5;2;2;1;3;409;THIERS (RUE);M;4970210.0;494092.0;80
10760;201500011919;15;9;28;1850;1;2;1;7;6;409;8, FOND DE GIVONNE (FAUB;M;4970040.0;495696.0;80
10761;201500011920;15;12;9;1832;5;2;6;2;6;409;2, COMEDIE (RUE DE LA);M;4970217.0;494411.0;80
10762;201500011921;15;12;14;1820;5;2;1;2;6;409;NASSAU (PLACE);M;4969898.0;495199.0;80
10763;201500011923;15;2;16;2200;3;1;1;1;2;61;A4;M;4910934.0;425328.0;510
10764;201500011924;15;3;31;1500;1;1;1;6;5;171;A26;M;4938808.0;394357.0;510
10765;201500011926;15;7;3;100;3;1;1;1;6;364;A4;M;4923392.0;385855.0;510
10766;201500011927;15;7;7;845;1;1;1;1;2;562;A344(PEAGE);M;4921148.0;407836.0;510
10767;201500011928;15;7;22;115;3;1;1;1;2;437;A4;M;4922776.0;382605.0;510
10768;201500011929;15;9;16;1400;1;1;1;3;4;657;A4;M;0.0;0.0;510
10769;201500011930;15;10;3;1115;1;1;1;1;1;305;A4;M;4923745.0;387246.0;510
10770;201500011933;15;1;5;245;3;1;1;1;6;4;******;M;0.0;0.0;130
10771;201500011934;15;5;5;45;3;1;1;1;6;27;***;M;0.0;0.0;130
10772;201500011935;15;6;1;1630;1;2;1;1;6;61;;M;0.0;0.0;130
10773;201500011936;15;7;8;400;3;2;1;1;6;66;Chemin du Grès;M;0.0;0.0;130
10774;201500011937;15;7;12;1115;1;1;1;1;1;38;**;M;0.0;0.0;130
10775;201500011938;15;7;25;1145;1;2;1;1;6;78;AVENUE DU PORT;M;0.0;0.0;130
10776;201500011939;15;10;18;545;3;1;1;2;1;10;;M;0.0;0.0;130
10777;201500011940;15;11;29;1115;1;1;1;1;6;97;sens Fos/Martigues;M;0.0;0.0;130
10778;201500011941;15;1;26;1915;5;2;1;8;6;105;route de boissy;M;4856900.0;217300.0;910
10779;201500011942;15;2;15;730;1;1;1;1;2;85;RN20;M;4854300.0;221000.0;910
10780;201500011943;15;4;21;2300;5;2;1;1;6;105;40 route de Dourdan;M;0.0;0.0;910
10781;201500011944;15;4;2;1630;1;2;2;8;3;486;1 rue de la liberté;M;4517158.0;569686.0;380
10782;201500011945;15;5;7;2030;1;2;1;1;3;486;4, Rue de la Chaumière;M;0.0;0.0;380
10783;201500011946;15;6;5;1500;1;2;6;1;3;485;avenue du vercors;M;4517631.0;568693.0;380
10784;201500011947;15;8;23;1115;1;2;2;1;1;486;Av de Claix/r de la lune;M;4514733.0;567770.0;380
10785;201500011948;15;9;20;1830;1;1;4;1;1;433;inter voie du tram;M;4516839.0;563922.0;380
10786;201500011949;15;9;21;1530;1;1;1;1;3;433;;M;4516839.0;563922.0;380
10787;201500011950;15;10;6;830;1;2;4;8;2;485;avenue de Belledonne;M;4516824.0;567870.0;380
10788;201500011951;15;2;8;1415;1;1;1;1;5;173;;M;4504263.0;612821.0;380
10789;201500011952;15;3;31;1615;1;1;1;1;6;289;;M;0.0;0.0;380
10790;201500011953;15;6;28;1400;1;1;1;1;1;285;;M;0.0;0.0;380
10791;201500011954;15;7;18;1300;1;1;1;1;6;375;;M;4495290.0;618322.0;380
10792;201500011955;15;8;26;1200;1;1;1;1;6;285;;M;0.0;0.0;380
10793;201500011956;15;9;15;2015;3;1;1;1;1;285;;M;0.0;0.0;380
10794;201500011957;15;10;1;45;3;1;1;1;6;212;;M;4508250.0;589702.0;380
10795;201500011958;15;10;25;130;3;1;1;1;6;212;;M;4510073.0;591775.0;380
10796;201500011959;15;10;31;745;1;1;1;1;6;191;;M;0.0;0.0;380
10797;201500011960;15;12;3;1045;1;1;1;1;7;52;;M;0.0;0.0;380
10798;201500011961;15;4;19;730;1;1;1;1;6;572;A4;M;4904653.0;465651.0;510
10799;201500011963;15;5;10;1800;1;1;9;1;6;606;;M;0.0;0.0;570
10800;201500011964;15;7;8;1715;1;1;1;1;4;204;;M;0.0;0.0;570
10801;201500011965;15;10;12;900;1;1;1;1;2;484;;M;0.0;0.0;570
10802;201500011966;15;11;7;15;3;1;1;2;5;332;;M;0.0;0.0;570
10803;201500011967;15;12;27;1515;1;1;1;1;6;695;;M;0.0;0.0;570
10804;201500011968;15;2;17;1615;1;1;1;1;6;66;;M;0.0;0.0;860
10805;201500011969;15;4;10;545;5;1;6;1;7;92;;M;0.0;0.0;860
10806;201500011970;15;4;12;1600;1;1;1;1;2;280;;M;0.0;0.0;860
10807;201500011971;15;6;4;1245;1;1;1;1;6;158;;M;0.0;0.0;860
10808;201500011972;15;6;4;1815;1;1;1;1;6;174;;M;0.0;0.0;860
10809;201500011973;15;6;7;1645;1;1;1;1;6;146;;M;0.0;0.0;860
10810;201500011974;15;7;18;1615;1;1;1;1;6;7;;M;0.0;0.0;860
10811;201500011975;15;10;5;930;1;1;1;3;6;7;;M;4688200.0;51700.0;860
10812;201500011976;15;11;20;1915;3;1;1;2;6;66;;M;0.0;0.0;860
10813;201500011977;15;12;14;1215;1;2;2;1;5;315;D 948/R SECHOY/EPINETTES;M;4776042.0;237411.0;450
10814;201500011978;15;1;29;730;3;1;1;3;6;331;;M;4547684.0;-58662.0;170
10815;201500011979;15;10;21;1630;1;1;1;1;3;241;;M;4520981.0;-15557.0;170
10816;201500011980;15;10;30;1430;1;1;1;1;6;113;;M;4510162.0;-15735.0;170
10817;201500011982;15;12;9;1215;1;1;1;1;2;322;;M;4661710.0;-28291.0;790
10818;201500011983;15;9;24;1815;1;1;1;1;1;83;;M;4797594.0;132697.0;280
10819;201500011984;15;1;24;815;1;1;1;9;6;97;;M;4702270.0;178679.0;360
10820;201500011985;15;2;22;1715;1;1;1;1;4;202;;M;4682630.0;163923.0;360
10821;201500011986;15;5;23;230;3;1;1;1;1;63;;M;4684790.0;169464.0;360
10822;201500011987;15;7;11;945;1;1;1;1;7;63;;M;4684550.0;168831.0;360
10823;201500011988;15;9;6;945;1;1;1;1;5;230;;M;4703310.0;179144.0;360
10824;201500011989;15;10;13;430;3;1;1;1;1;151;;M;0.0;0.0;370
10825;201500011990;15;2;1;1430;1;1;1;4;7;298;;M;4744289.0;-74191.0;490
10826;201500011991;15;2;6;1200;1;1;1;1;3;222;;M;4733763.0;-54799.0;490
10827;201500011992;15;3;10;45;3;1;1;1;6;68;;M;4743535.0;-85857.0;490
10828;201500011993;15;3;31;1525;1;1;1;1;6;266;;M;4743820.0;-76666.0;490
10829;201500011994;15;6;19;1945;1;1;1;1;6;129;;M;4750013.0;-51346.0;490
10830;201500011995;15;7;12;830;1;1;1;1;6;294;;M;4747966.0;-66890.0;490
10831;201500011996;15;7;18;1430;2;1;1;1;7;321;;M;4742441.0;-93935.0;490
10832;201500011997;15;8;8;1915;1;1;1;1;2;7;;M;4749081.0;-54016.0;490
10833;201500011998;15;9;7;1400;1;1;1;1;2;129;;M;4749841.0;-51793.0;490
10834;201500011999;15;9;18;845;1;1;1;1;3;306;;M;4742717.0;-69084.0;490
10835;201500012000;15;8;2;1245;1;1;1;1;6;227;;M;0.0;0.0;20
10836;201500012001;15;7;10;1345;1;1;1;1;7;55;;M;4285605.0;109203.0;90
10837;201500012002;15;8;20;1400;1;2;3;1;6;219;route d'Augstrou;M;4293586.0;94237.0;90
10838;201500012003;15;8;25;2130;5;2;1;1;6;25;rte de LUCHON;M;4293618.0;97186.0;90
10839;201500012005;15;1;12;930;1;1;1;1;2;123;;M;4366820.0;719717.0;60
10840;201500012006;15;10;1;1830;2;1;1;2;4;83;;M;0.0;0.0;60
10841;201500012007;15;2;18;715;1;1;1;1;2;67;;M;4378233.0;745062.0;60
10842;201500012008;15;3;1;1115;1;1;1;1;2;113;;M;0.0;0.0;60
10843;201500012009;15;3;5;30;3;1;9;1;1;83;;M;0.0;0.0;60
10844;201500012011;15;3;31;1645;1;1;1;1;3;88;;M;0.0;0.0;60
10845;201500012012;15;4;16;615;5;1;1;1;7;88;;M;0.0;0.0;60
10846;201500012013;15;4;27;1015;1;1;1;5;1;150;;M;0.0;0.0;60
10847;201500012014;15;5;19;1645;1;1;1;1;2;88;;M;0.0;0.0;60
10848;201500012015;15;7;13;630;1;1;1;1;2;67;;M;0.0;0.0;60
10849;201500012019;15;9;13;1845;1;1;1;1;6;83;;M;0.0;0.0;60
10850;201500012020;15;9;17;1330;1;1;1;1;5;150;;M;0.0;0.0;60
10851;201500012021;15;10;26;1500;1;1;1;1;3;88;;M;0.0;0.0;60
10852;201500012022;15;10;29;1700;1;1;1;1;5;88;;M;0.0;0.0;60
10853;201500012023;15;11;23;930;1;1;1;1;2;88;;M;0.0;0.0;60
10854;201500012024;15;12;1;745;1;1;1;1;1;150;;M;0.0;0.0;60
10855;201500012025;15;12;11;30;3;1;1;1;2;149;;M;0.0;0.0;60
10856;201500012026;15;12;12;45;3;1;1;1;6;149;;M;0.0;0.0;60
10857;201500012027;15;12;15;2100;5;1;9;1;2;88;;M;0.0;0.0;60
10858;201500012028;15;3;22;15;3;1;1;1;6;747;;M;0.0;0.0;570
10859;201500012029;15;4;27;945;1;1;1;2;7;80;;M;0.0;0.0;570
10860;201500012030;15;5;12;230;3;1;1;1;6;761;;M;0.0;0.0;570
10861;201500012031;15;5;27;1530;1;1;1;1;4;201;;M;0.0;0.0;670
10862;201500012032;15;9;3;2045;2;1;1;1;2;70;;M;0.0;0.0;670
10863;201500012033;15;11;14;700;2;1;1;1;6;80;;M;0.0;0.0;570
10864;201500012035;15;1;16;30;3;1;1;1;5;11;;M;0.0;0.0;900
10865;201500012037;15;2;21;2300;3;1;1;1;3;218;;M;0.0;0.0;680
10866;201500012038;15;7;27;1945;1;1;1;1;3;59;;M;0.0;0.0;680
10867;201500012039;15;10;22;900;1;1;1;1;2;85;;M;0.0;0.0;680
10868;201500012040;15;1;10;1945;3;1;1;2;1;117;PV, SENS STRASBG/PARIS;M;0.0;0.0;670
10869;201500012041;15;3;6;1330;1;1;1;1;7;460;;M;0.0;0.0;670
10870;201500012042;15;3;15;1;3;1;1;1;5;67;;M;0.0;0.0;670
10871;201500012043;15;6;27;2030;1;1;1;1;6;67;;M;0.0;0.0;670
10872;201500012044;15;7;16;1330;1;1;1;1;2;460;;M;0.0;0.0;670
10873;201500012045;15;7;17;1600;1;1;1;1;6;33;PV,SENS HAGUENAU-STRASBG;M;0.0;0.0;670
10874;201500012046;15;1;17;1945;3;1;1;1;2;286;;M;0.0;0.0;620
10875;201500012047;15;11;18;1745;3;1;1;1;2;73;;M;0.0;0.0;620
10876;201500012048;15;4;3;1400;1;1;3;3;5;578;;M;4933600.0;22795.0;140
10877;201500012049;15;6;18;1745;1;1;1;1;2;578;;M;4937810.0;12953.0;140
10878;201500012050;15;3;26;715;2;1;1;2;5;52;;M;4733700.0;-201900.0;440
10879;201500012051;15;8;28;1045;1;1;2;1;3;69;;M;4734833.0;-244290.0;440
10880;201500012052;15;1;1;930;1;1;1;1;3;64;;M;4769550.0;-70919.0;490
10881;201500012053;15;5;18;815;1;2;1;7;6;367;rue du commerce;M;4759964.0;-83837.0;490
10882;201500012054;15;6;8;1630;1;1;1;1;1;204;;M;4847293.0;-26066.0;530
10883;201500012055;15;7;9;1045;1;1;1;1;3;177;;M;4832766.0;-104526.0;530
10884;201500012057;15;11;3;1715;1;1;1;1;3;121;;M;4840921.0;-36137.0;530
10885;201500012058;15;12;7;715;2;1;1;1;1;269;;M;4830864.0;-79207.0;530
10886;201500012059;15;12;15;1600;1;1;1;3;1;202;;M;4840360.0;-96533.0;530
10887;201500012060;15;1;25;1915;3;1;1;1;5;282;;M;5038827.0;218180.0;620
10888;201500012061;15;8;29;200;3;1;1;1;1;621;;M;5086925.0;201397.0;620
10889;201500012062;15;10;23;1700;1;1;1;1;3;107;;M;4937400.0;62000.0;270
10890;201500012063;15;11;5;830;1;2;2;1;3;467;Rue République;M;4935719.0;51606.0;270
10891;201500012064;15;11;6;1600;1;2;1;2;6;470;D 321 rue Grande;M;4933210.0;128776.0;270
10892;201500012066;15;5;29;915;1;2;1;1;3;140;D.734 -Rte Treuil;M;4591007.0;-126453.0;170
10893;201500012068;15;10;26;1445;1;1;1;1;7;32;;M;4269225.0;182671.0;90
10894;201500012070;15;5;28;145;3;1;1;1;6;91;;M;0.0;0.0;180
10895;201500012071;15;7;10;1800;1;1;1;1;7;129;;M;0.0;0.0;180
10896;201500012072;15;7;22;915;1;1;1;1;7;33;;M;0.0;0.0;180
10897;201500012073;15;5;21;1630;1;1;2;1;3;147;;M;4853343.0;124073.0;280
10898;201500012074;15;12;22;1430;1;1;1;1;2;3;;M;;;420
10899;201500012075;15;2;13;2245;5;2;1;5;6;101;PV, RUE SAINT-JEAN;M;0.0;0.0;670
10900;201500012076;15;7;2;1800;1;1;1;1;3;35;;M;4821217.0;0.0;100
10901;201500012077;15;4;15;1200;1;1;2;1;3;22;;M;4707639.0;502746.0;210
10902;201500012078;15;12;18;930;1;1;1;8;1;113;;M;0.0;0.0;390
10903;201500012079;15;5;20;1945;1;1;1;7;6;88;;M;0.0;0.0;130
10904;201500012080;15;9;7;2030;2;2;1;1;2;88;RN 568;M;0.0;0.0;130
10905;201500012081;15;3;6;430;5;1;1;1;6;73;;M;0.0;0.0;130
10906;201500012082;15;6;21;1715;1;1;1;1;1;86;;M;0.0;0.0;130
10907;201500012083;15;7;2;1130;1;1;1;1;2;30;***;M;0.0;0.0;130
10908;201500012084;15;2;18;1630;1;1;1;9;1;2;;M;4525910.0;599057.0;380
10909;201500012085;15;3;30;630;2;1;1;3;6;397;;M;0.0;0.0;380
10910;201500012086;15;9;22;400;3;1;1;1;2;503;;M;4532115.0;594716.0;380
10911;201500012087;15;11;8;800;1;1;1;1;6;249;;M;0.0;0.0;380
10912;201500012089;15;2;5;1000;1;1;1;8;2;13;A52;M;0.0;0.0;130
10913;201500012090;15;4;4;1400;1;1;1;1;7;1;;M;0.0;0.0;130
10914;201500012091;15;7;7;930;1;1;1;1;2;1;***;M;0.0;0.0;130
10915;201500012092;15;7;14;1715;1;1;1;1;2;25;;M;0.0;0.0;130
10916;201500012093;15;8;20;900;1;1;1;1;3;25;**;M;0.0;0.0;130
10917;201500012094;15;9;4;1745;1;1;1;1;2;31;*;M;0.0;0.0;130
10918;201500012095;15;9;14;1715;1;1;1;1;3;5;**;M;0.0;0.0;130
10919;201500012096;15;9;22;2115;3;1;1;1;2;86;***;M;0.0;0.0;130
10920;201500012097;15;10;1;1715;1;1;1;1;4;7;;M;0.0;0.0;130
10921;201500012098;15;10;24;2030;3;1;1;1;6;1;**;M;0.0;0.0;130
10922;201500012099;15;11;4;645;2;1;9;1;3;7;***;M;0.0;0.0;130
10923;201500012100;15;11;19;2115;3;1;1;1;6;1;;M;0.0;0.0;130
10924;201500012101;15;12;21;1630;1;1;1;2;6;25;;M;0.0;0.0;130
10925;201500012103;15;12;17;1545;1;1;1;8;7;60;;M;0.0;0.0;130
10926;201500012104;15;12;31;1715;2;1;1;1;3;31;A52;M;0.0;0.0;130
10927;201500012105;15;1;4;115;3;1;1;1;2;61;;M;0.0;0.0;830
10928;201500012106;15;1;18;845;1;1;1;1;2;4;;M;0.0;0.0;60
10929;201500012108;15;2;19;845;1;1;1;1;7;27;;M;4366066.0;715797.0;60
10930;201500012109;15;5;5;1700;1;1;1;1;5;4;;M;0.0;0.0;60
10931;201500012110;15;6;17;915;1;1;1;1;3;161;;M;0.0;0.0;60
10932;201500012111;15;5;22;730;1;1;1;1;7;161;;M;0.0;0.0;60
10933;201500012112;15;6;5;1630;1;1;1;1;2;4;;M;0.0;0.0;60
10934;201500012113;15;6;7;715;2;1;1;1;6;1;;M;0.0;0.0;830
10935;201500012114;15;5;17;345;3;1;1;1;6;27;;M;0.0;0.0;60
10936;201500012116;15;8;9;945;1;1;1;1;6;85;;M;0.0;0.0;60
10937;201500012117;15;8;13;600;2;1;1;1;6;4;;M;0.0;0.0;60
10938;201500012118;15;9;8;930;1;1;1;1;3;79;;M;0.0;0.0;60
10939;201500012119;15;9;16;900;1;1;1;1;5;27;;M;0.0;0.0;60
10940;201500012120;15;9;17;130;3;1;1;8;7;4;;M;0.0;0.0;60
10941;201500012121;15;9;22;1230;1;1;1;1;6;27;;M;0.0;0.0;60
10942;201500012122;15;10;3;545;3;1;1;2;6;79;;M;0.0;0.0;60
10943;201500012123;15;10;11;2015;3;1;1;1;7;27;;M;0.0;0.0;60