;Num_Acc;an;mois;jour;hrmn;lum;agg;int;atm;col;com;adr;gps;lat;long;dep
10944;201500012124;15;10;18;545;4;1;1;2;7;155;;M;0.0;0.0;60
10945;201500012125;15;11;20;1630;1;1;1;1;7;30;;M;0.0;0.0;60
10946;201500012126;15;11;24;1300;1;1;1;1;5;79;;M;0.0;0.0;60
10947;201500012127;15;4;13;845;1;1;9;1;2;141;;M;4354400.0;-29500.0;640
10948;201500012128;15;11;10;1015;1;1;1;1;6;343;;M;4327764.0;-19988.0;640
10949;201500012129;15;10;11;1730;1;2;1;1;1;172;avenue des Olympiades;M;4270833.0;285050.0;660
10950;201500012130;15;2;22;2030;3;1;1;1;6;430;;M;0.0;0.0;630
10951;201500012131;15;2;7;645;3;1;1;1;1;244;;M;4542629.0;648654.0;730
10952;201500012133;15;2;19;1715;1;2;1;1;6;81;Rue Pierre Trappier;M;0.0;0.0;740
10953;201500012134;15;3;4;615;3;2;1;3;6;81;Avenue Charles Poncet;M;0.0;0.0;740
10954;201500012135;15;3;13;1530;1;1;1;1;5;159;;M;0.0;0.0;740
10955;201500012136;15;3;15;1930;2;2;4;1;6;81;AV DES GLIERES/ PONTHIOR;M;0.0;0.0;740
10956;201500012137;15;4;22;1915;1;1;1;1;1;264;104 AV DE LA COLOMBIERE;M;0.0;0.0;740
10957;201500012138;15;5;10;1700;1;2;1;1;6;81;AVENUE DES GLIERES;M;0.0;0.0;740
10958;201500012139;15;5;27;1730;1;2;1;1;3;264;RUE DE LA CROIX;M;0.0;0.0;740
10959;201500012140;15;5;31;1730;1;1;1;1;6;221;;M;0.0;0.0;740
10960;201500012141;15;6;20;1900;1;1;1;1;6;196;;M;0.0;0.0;740
10961;201500012142;15;7;12;930;1;2;2;1;6;264;RUE DE LA LIBERATION;M;0.0;0.0;740
10962;201500012143;15;7;27;1215;1;1;1;1;1;81;114 AVENUE DU MONT-BLANC;M;0.0;0.0;740
10963;201500012144;15;8;6;1730;1;1;1;1;7;64;735 ROUTE DE MARIGNIER;M;0.0;0.0;740
10964;201500012145;15;8;29;1145;1;1;1;1;3;159;;M;0.0;0.0;740
10965;201500012146;15;8;31;900;1;2;1;1;6;264;11 AVENUE DU MONT-BLANC;M;0.0;0.0;740
10966;201500012147;15;9;6;1045;1;1;1;1;1;81;;M;0.0;0.0;740
10967;201500012149;15;10;26;1200;1;2;1;1;6;159;;M;0.0;0.0;740
10968;201500012150;15;11;17;1815;5;2;1;1;3;81;67 RUE DU JACQUES ARNAUD;M;0.0;0.0;740
10969;201500012152;15;12;18;1845;5;2;3;8;1;81;avenue des glières;M;0.0;0.0;740
10970;201500012153;15;12;21;1800;5;2;1;1;6;81;8 AVENUE PIERRE TRAPPIER;M;0.0;0.0;740
10971;201500012154;15;2;9;1130;1;1;1;8;6;132;Hameau de Boistrancourt;M;5014940.0;334506.0;590
10972;201500012155;15;10;20;2115;5;2;1;1;3;485;rue jean jaures;M;0.0;0.0;590
10973;201500012156;15;12;9;1815;5;2;1;1;6;141;rue de la paix;M;0.0;0.0;590
10974;201500012157;15;2;14;1315;1;1;1;1;7;353;;M;0.0;0.0;720
10975;201500012158;15;2;18;1000;1;1;1;1;6;80;;M;0.0;0.0;720
10976;201500012159;15;5;5;700;1;1;1;1;3;204;;M;0.0;0.0;720
10977;201500012160;15;7;3;645;1;1;1;1;7;64;;M;0.0;0.0;720
10978;201500012161;15;7;5;830;1;1;1;1;7;80;;M;0.0;0.0;720
10979;201500012163;15;8;21;1415;1;1;1;1;5;42;;M;0.0;0.0;720
10980;201500012164;15;9;15;1;3;1;1;1;2;353;;M;0.0;0.0;720
10981;201500012165;15;9;2;1130;1;1;1;1;5;330;;M;4770126.0;380752.0;890
10982;201500012166;15;4;25;2215;5;2;1;1;3;226;;M;4674573.0;-195400.0;850
10983;201500012167;15;5;6;1445;1;1;1;1;1;3;;M;4676466.0;-165575.0;850
10984;201500012168;15;8;26;1600;1;2;1;2;3;47;34C RUE BONNE FONTAINE;M;4684713.0;-187652.0;850
10985;201500012169;15;12;18;900;1;2;1;8;6;222;41 rue de la Cornue;M;4669034.0;-192090.0;850
10986;201500012170;15;2;27;1350;1;1;1;1;2;122;RD 919;M;4298764.0;161571.0;90
10987;201500012171;15;12;15;1730;2;1;1;1;5;122;20 (R.N.) COTE SUD DU TU;M;4295569.0;162371.0;90
10988;201500012172;15;5;10;148;3;2;1;1;7;207;RD 117;M;4292554.0;163570.0;90
10989;201500012173;15;12;25;1456;1;2;1;1;1;122;10, BARCELONE (AVENUE DE;M;4296110.0;161438.0;90
10990;201500012174;15;6;21;1925;1;1;1;1;5;122;RD 919;M;4298028.0;161068.0;90
10991;201500012175;15;7;8;1605;1;2;1;1;7;122;23, FAURE (COURS GABRIEL;M;4296398.0;160743.0;90
10992;201500012178;15;1;22;1600;1;2;1;1;6;600;rue de l'ermitage;M;4864000.0;247700.0;910
10993;201500012179;15;2;20;1745;2;1;1;3;2;617;RN 6;M;0.0;0.0;910
10994;201500012180;15;3;4;800;1;2;1;1;3;225;RN6;M;4866600.0;251800.0;910
10995;201500012181;15;4;7;1215;1;1;1;1;6;573;RD 446;M;0.0;0.0;910
10996;201500012182;15;5;23;1215;1;1;1;1;1;253;;M;0.0;0.0;380
10997;201500012183;15;7;17;1715;1;2;1;1;1;253;Avenue de la Muzelle;M;0.0;0.0;380
10998;201500012184;15;12;9;1210;1;1;2;1;3;225;BELPECH ROUTE DE;M;4312725.0;165050.0;90
10999;201500012185;15;5;22;1435;1;2;1;1;1;225;1, BUGATTI ALLEE;M;4310840.0;163057.0;90
11000;201500012186;15;7;25;1645;1;2;1;1;6;225;14, VERNIOLLE ROUTE DE;M;4310175.0;162529.0;90
11001;201500012187;15;11;21;1220;1;1;4;3;3;225;ROUTE NATIONALE 20 (VOIE;M;4311690.0;163033.0;90
11002;201500012188;15;1;22;1500;1;1;1;1;5;37;;M;0.0;0.0;310
11003;201500012189;15;2;9;1515;1;1;1;1;5;254;;M;0.0;0.0;310
11004;201500012190;15;5;27;1000;1;1;1;1;6;113;;M;0.0;0.0;310
11005;201500012191;15;5;29;1200;1;1;1;1;3;225;;M;4331536.0;188326.0;110
11006;201500012192;15;6;6;2000;1;1;1;1;7;381;;M;0.0;0.0;310
11007;201500012194;15;9;1;315;3;1;9;9;6;450;;M;0.0;0.0;310
11008;201500012195;15;10;3;715;3;1;1;8;3;37;;M;4336686.0;176372.0;310
11009;201500012196;15;10;4;2030;3;1;1;8;2;185;;M;0.0;0.0;90
11010;201500012197;15;10;30;615;3;1;1;1;5;210;;M;4339913.0;168714.0;310
11011;201500012198;15;7;17;1330;1;1;1;3;2;61;;M;4894110.0;-79960.0;140
11012;201500012199;15;9;4;1901;1;1;1;1;1;559;;M;4882400.0;-113714.0;140
11013;201500012200;15;3;30;1030;1;1;1;3;4;498;;M;0.0;0.0;330
11014;201500012201;15;4;1;600;3;1;1;8;6;284;;M;0.0;0.0;330
11015;201500012202;15;5;29;830;1;1;1;1;4;199;;M;0.0;0.0;330
11016;201500012203;15;6;27;1145;1;1;1;1;3;199;;M;0.0;0.0;330
11017;201500012204;15;8;3;1215;1;1;1;1;2;284;;M;0.0;0.0;330
11018;201500012205;15;8;20;830;1;1;6;1;3;199;;M;4461452.0;-107326.0;330
11019;201500012206;15;9;18;2215;3;1;1;2;7;42;;M;4443467.0;-81424.0;330
11020;201500012207;15;9;21;2045;3;1;1;1;7;284;;M;0.0;0.0;330
11021;201500012208;15;9;28;1830;1;1;1;7;5;284;;M;0.0;0.0;330
11022;201500012209;15;10;3;2000;3;1;1;1;2;284;;M;0.0;0.0;330
11023;201500012210;15;10;11;745;2;1;1;1;6;527;;M;0.0;0.0;330
11024;201500012211;15;1;18;545;3;1;1;9;7;143;;M;0.0;0.0;740
11025;201500012212;15;7;5;500;3;1;9;1;6;56;;M;0.0;0.0;740
11026;201500012213;15;7;7;1400;1;1;1;1;6;208;;M;0.0;0.0;740
11027;201500012214;15;7;11;1645;1;1;1;1;6;264;;M;0.0;0.0;740
11028;201500012215;15;8;31;1730;1;1;1;1;2;56;;M;0.0;0.0;740
11029;201500012216;15;2;13;2315;3;1;1;2;7;328;;M;4437498.0;173906.0;460
11030;201500012217;15;3;9;1530;1;1;1;1;1;303;;M;4457017.0;167557.0;460
11031;201500012218;15;4;4;1030;1;2;1;8;7;276;Le bourg;M;4446922.0;174797.0;460
11032;201500012219;15;8;3;1515;1;1;9;1;1;212;;M;4456864.0;166996.0;460
11033;201500012220;15;8;5;1615;1;1;1;1;6;331;;M;4447999.0;156620.0;460
11034;201500012221;15;10;27;1200;1;1;1;1;7;77;;M;4452394.0;155516.0;460
11035;201500012222;15;11;7;815;1;1;1;1;6;275;;M;4456546.0;155519.0;460
11036;201500012223;15;12;13;815;1;1;1;1;6;92;;M;4444478.0;158881.0;460
11037;201500012224;15;2;11;2045;3;1;1;1;6;86;;M;0.0;0.0;690
11038;201500012225;15;5;15;1700;1;1;1;3;1;17;;M;0.0;0.0;690
11039;201500012226;15;7;3;1930;1;1;9;1;3;86;;M;0.0;0.0;690
11040;201500012228;15;7;26;1530;1;1;1;1;6;200;;M;4588400.0;447100.0;690
11041;201500012229;15;9;1;1615;1;1;1;1;6;86;;M;4585200.0;465300.0;690
11042;201500012230;15;10;5;15;3;1;1;1;6;32;;M;0.0;0.0;690
11043;201500012231;15;10;23;745;3;1;1;1;7;208;;M;0.0;0.0;690
11044;201500012232;15;2;21;1445;1;1;1;4;1;65;;M;0.0;0.0;720
11045;201500012233;15;3;4;1515;1;1;1;1;3;70;;M;4801700.0;-13700.0;720
11046;201500012234;15;3;19;1945;3;1;1;1;5;278;;M;0.0;0.0;720
11047;201500012235;15;3;30;1130;1;1;1;1;6;70;;M;0.0;0.0;720
11048;201500012236;15;5;7;900;1;1;1;7;5;73;;M;0.0;0.0;720
11049;201500012237;15;5;18;1;3;1;1;1;6;237;;M;0.0;0.0;720
11050;201500012238;15;5;29;715;1;1;1;1;1;346;;M;0.0;0.0;720
11051;201500012239;15;6;10;1330;1;1;1;9;5;364;;M;0.0;0.0;720
11052;201500012240;15;8;5;2130;2;1;1;1;5;336;;M;0.0;0.0;720
11053;201500012241;15;8;10;945;1;1;1;1;6;61;;M;0.0;0.0;720
11054;201500012242;15;12;21;1815;3;1;1;2;3;253;;M;0.0;0.0;720
11055;201500012243;15;6;10;1600;1;1;1;1;7;278;;M;4777725.0;740670.0;680
11056;201500012245;15;8;2;930;1;1;1;1;2;278;;M;4777166.0;741135.0;680
11057;201500012246;15;9;13;430;3;1;1;1;2;309;;M;4765953.0;748473.0;680
11058;201500012247;15;12;16;1015;1;1;1;2;2;297;;M;4760019.0;753712.0;680
11059;201500012248;15;1;9;1545;1;1;1;1;7;218;;M;4822267.0;-36629.0;530
11060;201500012250;15;5;12;545;2;1;1;1;7;262;;M;4806531.0;-53897.0;530
11061;201500012251;15;5;14;500;3;1;1;1;6;267;;M;4805254.0;-46874.0;530
11062;201500012252;15;6;5;30;3;1;1;1;7;34;;M;4809580.0;-69338.0;530
11063;201500012254;15;8;17;2315;3;1;1;1;2;264;;M;4802555.0;-33661.0;530
11064;201500012255;15;11;5;1730;1;1;1;2;3;267;;M;4804153.0;-48437.0;530
11065;201500012257;15;7;6;930;1;1;1;1;5;179;;M;4732714.0;-147714.0;440
11066;201500012258;15;7;31;1400;1;1;2;1;3;93;;M;4748591.0;-114729.0;440
11067;201500012259;15;8;26;830;1;1;1;1;3;82;;M;4739461.0;-138144.0;440
11068;201500012261;15;6;30;1915;1;1;1;1;2;186;;M;4421700.0;43500.0;470
11069;201500012262;15;10;3;700;2;1;1;2;6;186;A62;M;0.0;0.0;470
11070;201500012263;15;12;7;830;3;1;1;1;2;267;A62;M;4427200.0;27550.0;470
11071;201500012265;15;3;21;45;3;1;9;9;7;123;;M;4392860.0;130806.0;820
11072;201500012266;15;5;21;115;3;1;1;1;5;25;;M;0.0;0.0;820
11073;201500012267;15;7;2;2130;2;1;1;1;5;121;;M;0.0;0.0;820
11074;201500012268;15;8;13;1800;1;1;1;3;6;2;;M;0.0;0.0;820
11075;201500012269;15;8;5;845;1;1;1;1;2;348;;M;4215149.0;875506.0;201
11076;201500012270;15;11;7;815;1;1;1;1;7;48;;M;0.0;0.0;201
11077;201500012271;15;12;15;800;2;1;1;8;6;348;;M;0.0;0.0;201
11078;201500012272;15;3;31;1145;1;1;9;2;3;233;;M;0.0;0.0;390
11079;201500012273;15;6;5;1415;1;1;1;1;3;405;;M;0.0;0.0;390
11080;201500012274;15;6;8;1030;1;1;6;1;2;188;;M;0.0;0.0;390
11081;201500012275;15;11;27;1400;1;2;1;1;1;387;03 route nationale;M;4719100.0;593800.0;390
11082;201500012276;15;1;27;1015;1;2;1;2;6;397;10 aveneu de l'?glise;M;4524600.0;583045.0;380
11083;201500012277;15;3;13;1630;1;2;1;1;2;229;avenue de Verdun;M;4521211.0;577490.0;380
11084;201500012278;15;5;27;1945;1;1;3;1;1;126;Int ch des batteries;M;4523320.0;575110.0;380
11085;201500012279;15;6;27;2130;2;1;1;1;7;471;les jonquilles;M;4526608.0;577283.0;380
11086;201500012280;15;7;10;1315;1;1;1;1;1;249;;M;4522992.0;582352.0;380
11087;201500012282;15;7;19;1215;1;2;6;1;6;229;rond point Grésivaudan;M;0.0;0.0;380
11088;201500012283;15;7;23;1830;1;2;1;1;6;140;270 rue Léo Ferré;M;0.0;0.0;380
11089;201500012284;15;9;21;1700;1;2;1;7;6;229;D521A;M;0.0;0.0;380
11090;201500012285;15;10;14;730;1;1;1;1;1;249;;M;0.0;0.0;380
11091;201500012286;15;11;11;1615;1;2;1;1;3;397;route de Chambéry;M;0.0;0.0;380
11092;201500012287;15;12;8;845;1;2;1;1;3;229;02 chemin du vieux chêne;M;0.0;0.0;380
11093;201500012288;15;2;7;815;1;2;1;1;1;85;avenue notre dame de vie;M;4360307.0;700290.0;60
11094;201500012289;15;3;3;1015;1;1;6;1;7;85;;M;0.0;0.0;60
11095;201500012290;15;3;16;1415;1;2;6;9;3;85;AVENUE DES JUYETTES;M;0.0;0.0;60
11096;201500012291;15;4;29;2145;3;1;1;1;6;85;;M;0.0;0.0;60
11097;201500012292;15;5;9;1545;1;2;2;1;1;85;Blanchisserie;M;0.0;0.0;60
11098;201500012293;15;5;20;2000;1;2;1;1;1;85;725 avenue tournamy;M;0.0;0.0;60
11099;201500012294;15;5;29;1330;1;2;8;1;6;85;667 avenue saint martin;M;0.0;0.0;60
11100;201500012295;15;6;5;930;1;1;1;1;7;85;;M;0.0;0.0;60
11101;201500012296;15;6;1;1745;1;2;6;1;3;85;rd point de la victoire;M;0.0;0.0;60
11102;201500012297;15;7;7;1800;1;1;1;1;2;85;;M;0.0;0.0;60
11103;201500012298;15;8;2;915;1;2;1;1;3;85;avenue du golf;M;0.0;0.0;60
11104;201500012300;15;12;16;2100;5;2;1;1;3;85;2292 av Maréchal JUIN;M;0.0;0.0;60
11105;201500012301;15;1;6;1630;1;1;1;8;1;189;;M;0.0;0.0;780
11106;201500012302;15;1;16;2330;3;1;1;2;1;466;;M;4892900.0;199200.0;780
11107;201500012303;15;4;18;1300;1;2;1;1;2;466;RD153;M;0.0;0.0;780
11108;201500012304;15;7;1;1400;1;2;1;1;3;466;route de vernouillet;M;0.0;0.0;780
11109;201500012306;15;1;14;1300;1;1;1;1;1;122;;M;4469990.0;-70311.0;330
11110;201500012307;15;3;4;1845;2;2;9;7;6;122;7 chemin bellemer;M;4477230.0;-69733.0;330
11111;201500012308;15;4;8;1600;1;1;3;1;3;90;RD14 E3;M;4476525.0;-66850.0;330
11112;201500012309;15;4;11;315;3;1;9;1;6;122;;M;4467451.0;-72900.0;330
11113;201500012311;15;6;24;330;3;2;1;1;2;122;Avenue du Baron Hausmann;M;4474308.0;-65785.0;330
11114;201500012312;15;12;7;1530;1;2;1;9;3;122;avenue de Guitayne;M;4476500.0;-67600.0;330
11115;201500012313;15;11;1;1730;1;2;3;1;3;38;avenue des templiers;M;4265520.0;283925.0;660
11116;201500012314;15;1;25;1400;1;1;1;1;6;112;;M;0.0;0.0;670
11117;201500012315;15;3;2;200;3;1;1;2;2;462;;M;0.0;0.0;670
11118;201500012316;15;4;28;1145;1;1;1;1;1;239;;M;0.0;0.0;670
11119;201500012317;15;5;6;945;1;1;1;1;6;115;;M;0.0;0.0;670
11120;201500012318;15;5;27;1345;1;1;1;1;4;481;;M;0.0;0.0;670
11121;201500012320;15;7;22;1445;1;1;1;1;2;101;PV,SENS MOLSHEIM/STRASBG;M;0.0;0.0;670
11122;201500012321;15;8;11;1300;1;1;9;1;2;462;;M;0.0;0.0;670
11123;201500012322;15;11;4;1800;3;1;1;1;5;73;;M;0.0;0.0;670
11124;201500012323;15;11;21;1230;1;2;1;1;6;10;rue du Maréchal Joffre;M;0.0;0.0;670
11125;201500012325;15;4;13;1430;1;1;1;1;6;231;;M;4636976.0;-21921.0;790
11126;201500012326;15;6;28;1630;1;1;1;1;2;189;;M;4640434.0;-15305.0;790
11127;201500012327;15;10;5;900;1;1;1;3;2;276;;M;4638864.0;-20034.0;790
11128;201500012328;15;10;21;1615;1;1;1;1;2;283;;M;4636392.0;-25980.0;790
11129;201500012329;15;11;27;2200;3;1;1;2;2;316;;M;4641671.0;-11159.0;790
11130;201500012330;15;1;18;1715;1;1;1;1;6;50;;M;4547894.0;-61936.0;170
11131;201500012331;15;3;7;530;2;1;1;1;2;321;;M;0.0;0.0;330
11132;201500012332;15;8;7;1700;1;1;1;1;7;50;;M;4545667.0;-61661.0;170
11133;201500012333;15;8;14;2000;1;1;1;1;6;351;;M;4521250.0;-50517.0;330
11134;201500012334;15;10;7;745;2;1;1;1;6;236;;M;0.0;0.0;170
11135;201500012335;15;6;10;1300;1;1;6;1;3;139;;M;4163825.0;933585.0;201
11136;201500012336;15;7;14;645;1;2;1;1;3;269;rt 10;M;0.0;0.0;201
11137;201500012337;15;8;16;1600;1;1;1;1;5;269;;M;4180673.0;939831.0;201
11138;201500012338;15;9;13;1830;1;2;1;1;3;139;route de Pinarello;M;4168695.0;936556.0;201
11139;201500012339;15;1;10;1030;1;1;1;1;7;67;456 ROUTE DU CREVON;M;0.0;0.0;740
11140;201500012341;15;3;12;1345;1;1;3;1;1;268;ROUTE QUITAL/GRAND CHENE;M;0.0;0.0;740
11141;201500012342;15;6;27;1030;1;1;3;1;3;268;CHEMIN DU CHAMP DE L'ALE;M;0.0;0.0;740
11142;201500012343;15;7;12;1415;1;2;1;1;3;268;140 AV D'AIX LES BAINS;M;0.0;0.0;740
11143;201500012345;15;11;10;900;1;2;6;1;6;268;Rue du Val Vert;M;0.0;0.0;740
11144;201500012346;15;12;1;1430;1;2;6;1;6;268;GIRATOIRE AV DES REGAINS;M;0.0;0.0;740
11145;201500012347;15;12;8;530;3;2;1;5;2;268;LE TREIGE;M;0.0;0.0;740
11146;201500012348;15;4;11;445;3;1;1;1;1;288;;M;0.0;0.0;690
11147;201500012349;15;7;10;1445;1;1;1;1;2;142;;M;0.0;0.0;10
11148;201500012351;15;10;12;945;1;1;1;1;2;280;;M;0.0;0.0;690
11149;201500012352;15;12;4;2215;3;1;1;5;5;557;;M;0.0;0.0;380
11150;201500012353;15;12;24;530;3;1;1;1;5;32;;M;0.0;0.0;10
11151;201500012354;15;3;20;715;2;1;1;1;2;194;;M;0.0;0.0;370
11152;201500012355;15;11;27;1800;3;1;1;2;1;27;LES VALLEES;M;0.0;0.0;370
11153;201500012356;15;1;9;1630;1;1;1;1;3;279;;M;4547158.0;427070.0;420
11154;201500012357;15;1;18;1700;4;2;1;1;6;279;route de st-c?me;M;4550956.0;423840.0;420
11155;201500012358;15;2;11;800;1;1;1;1;1;256;;M;4548645.0;414893.0;420
11156;201500012360;15;5;10;400;3;1;1;1;6;256;;M;4548287.0;415103.0;420
11157;201500012361;15;7;6;1715;1;2;1;1;6;279;avenue mellet mandard;M;4550199.0;425468.0;420
11158;201500012362;15;9;27;2215;3;1;1;1;3;256;;M;4549227.0;415954.0;420
11159;201500012363;15;10;28;1730;3;2;1;1;3;279;;M;4548717.0;424318.0;420
11160;201500012364;15;11;6;1345;1;1;1;1;3;169;;M;4544507.0;411301.0;420
11161;201500012365;15;11;16;1630;1;2;1;1;6;279;;M;4549987.0;424285.0;420
11162;201500012366;15;11;26;800;1;1;1;8;3;42;;M;4547786.0;424200.0;420
11163;201500012367;15;12;19;1545;1;2;1;1;3;279;route de BONSON;M;0.0;0.0;420
11164;201500012368;15;9;7;1530;1;2;3;1;7;276;R DE NEUFCHATEL;M;4961834.0;153838.0;760
11165;201500012369;15;2;18;2030;5;1;1;1;6;135;D153;M;0.0;0.0;910
11166;201500012370;15;3;20;1700;1;1;1;7;3;244;RD 191;M;0.0;0.0;910
11167;201500012371;15;4;4;900;1;1;1;1;1;45;RD 191;M;0.0;0.0;910
11168;201500012372;15;6;7;1130;1;1;1;1;5;649;RD 26;M;4855000.0;235600.0;910
11169;201500012373;15;6;16;1730;1;1;1;1;1;244;RD 191;M;0.0;0.0;910
11170;201500012374;15;6;26;100;3;1;1;1;6;135;Route de Chevanne;M;4852600.0;244000.0;910
11171;201500012375;15;9;4;1730;1;1;1;8;7;37;RD 74;M;0.0;0.0;910
11172;201500012376;15;9;29;1745;1;2;6;1;3;159;RUE ST MARTIN;M;0.0;0.0;910
11173;201500012378;15;5;9;1815;1;1;1;1;7;333;D9;M;4914593.0;409583.0;510
11174;201500012379;15;6;28;1515;1;1;1;1;1;571;D944;M;4914429.0;421949.0;510
11175;201500012381;15;7;19;1000;1;1;1;1;1;428;D944;M;4912467.0;424217.0;510
11176;201500012382;15;8;3;245;3;1;1;1;6;333;D9;M;4916481.0;408796.0;510
11177;201500012383;15;9;26;2330;3;1;1;1;7;447;D37;M;4918412.0;428731.0;510
11178;201500012384;15;8;2;1245;1;2;1;1;1;157;rue de la vieille église;M;4353341.0;134388.0;310
11179;201500012385;15;11;20;915;1;2;1;1;6;157;97 rte de Tournefeuille;M;4355832.0;133466.0;310
11180;201500012386;15;12;30;1030;1;2;1;7;6;157;Place de l'Eglise;M;0.0;0.0;310
11181;201500012387;15;1;4;845;1;1;1;8;7;152;;M;0.0;0.0;60
11182;201500012388;15;12;29;915;1;1;1;8;6;152;;M;0.0;0.0;60
11183;201500012389;15;2;7;1030;1;1;1;1;7;152;;M;4360640.0;705411.0;60
11184;201500012390;15;2;2;1145;1;2;1;7;1;152;290 rue F. DOSTOIEVSKI;M;4361423.0;705851.0;60
11185;201500012391;15;2;11;845;1;2;1;7;1;18;Route de la Mer;M;4362447.0;710354.0;60
11186;201500012392;15;3;23;1715;1;1;1;1;3;152;;M;0.0;0.0;60
11187;201500012393;15;3;28;815;1;1;1;1;6;152;;M;0.0;0.0;60
11188;201500012394;15;3;26;1015;1;2;1;1;3;152;route des dolines;M;0.0;0.0;60
11189;201500012395;15;4;10;930;1;2;1;1;7;152;11 boulevard CARNOT;M;4364245.0;700848.0;60
11190;201500012396;15;4;26;615;2;1;1;1;6;152;;M;0.0;0.0;60
11191;201500012397;15;5;8;2130;3;2;1;1;6;18;Route des Chappes;M;0.0;0.0;60
11192;201500012398;15;5;27;1415;1;1;1;1;1;152;;M;0.0;0.0;60
11193;201500012399;15;6;19;545;2;1;1;1;6;152;;M;0.0;0.0;60
11194;201500012401;15;8;20;1230;1;1;1;1;1;152;;M;0.0;0.0;60
11195;201500012402;15;8;21;1715;1;2;1;1;1;18;;M;0.0;0.0;60
11196;201500012403;15;10;12;715;3;2;1;1;6;152;route des Dolines;M;0.0;0.0;60
11197;201500012404;15;10;25;130;3;2;1;1;6;152;avenue Maurice Donat;M;0.0;0.0;60
11198;201500012405;15;10;23;1500;1;2;1;7;3;18;14 Chemin Neuf - RD 4;M;0.0;0.0;60
11199;201500012406;15;4;20;845;1;1;1;1;1;33;;M;4586860.0;488203.0;690
11200;201500012407;15;5;7;1900;1;2;1;1;6;88;Quai Jean Baptiste;M;4582890.0;485360.0;690
11201;201500012408;15;2;8;1515;1;2;1;1;3;244;Route de Paris;M;4576800.0;476900.0;690
11202;201500012409;15;2;9;1715;1;2;1;1;2;244;150, Rue Joliot Curie;M;0.0;0.0;690
11203;201500012410;15;2;12;745;1;2;1;1;6;244;175 ROUTE DE SAINT BEL;M;0.0;0.0;690
11204;201500012411;15;3;10;2015;5;2;1;1;5;244;Rue F?lix Finat Duclos;M;4576200.0;475800.0;690
11205;201500012414;15;4;18;2315;5;1;1;1;3;244;;M;0.0;0.0;690
11206;201500012415;15;4;23;1800;1;2;1;1;3;244;17 avenue victor hugo;M;4577400.0;478900.0;690
11207;201500012416;15;5;21;900;1;2;1;1;3;244;Chemin Finat Duclos;M;0.0;0.0;690
11208;201500012417;15;8;31;1930;1;2;1;1;3;244;Route de Brignais;M;0.0;0.0;690
11209;201500012418;15;10;23;830;1;2;1;1;3;244;46 avenue victor hugo;M;4577000.0;478500.0;690
11210;201500012419;15;11;14;2230;5;2;2;1;3;244;rue joliot curie;M;4575260.0;477065.0;690
11211;201500012420;15;11;30;645;5;2;1;1;1;244;Avenue Victor HUGO;M;0.0;0.0;690
11212;201500012422;15;1;22;730;5;1;1;2;6;378;;M;0.0;0.0;380
11213;201500012423;15;2;17;1800;2;1;1;1;3;378;;M;0.0;0.0;380
11214;201500012424;15;2;21;1415;1;1;1;1;2;19;;M;0.0;0.0;380
11215;201500012425;15;4;24;1845;1;2;1;1;1;378;route de glay;M;0.0;0.0;380
11216;201500012426;15;6;3;1130;1;2;2;1;3;114;Route d'Auberives;M;0.0;0.0;380
11217;201500012427;15;7;12;800;1;2;1;1;1;448;rue du village CD 37;M;0.0;0.0;380
11218;201500012428;15;10;6;1;3;1;1;8;6;378;;M;0.0;0.0;380
11219;201500012429;15;1;17;1615;1;1;1;4;6;282;;M;0.0;0.0;740
11220;201500012430;15;5;29;2145;5;2;3;3;6;11;AVENUE DU PETIT PORT;M;0.0;0.0;740
11221;201500012431;15;7;21;1930;1;2;1;1;2;299;ROUTE D'ANNECY;M;0.0;0.0;740
11222;201500012432;15;9;2;1930;1;1;1;1;7;11;;M;0.0;0.0;740
11223;201500012433;15;12;1;1915;5;2;1;1;6;11;ROUTE DU PETIT PORT;M;0.0;0.0;740
11224;201500012434;15;12;27;1745;3;1;6;1;2;116;;M;4363576.0;375875.0;340
11225;201500012435;15;1;27;815;1;1;1;1;1;320;;M;4364114.0;372576.0;340
11226;201500012436;15;2;20;2045;3;1;1;8;6;153;;M;4373876.0;378597.0;340
11227;201500012437;15;7;9;2030;1;1;1;1;7;82;;M;4366250.0;377015.0;340
11228;201500012438;15;9;21;1330;1;1;1;1;6;82;;M;4366399.0;379619.0;340
11229;201500012439;15;10;20;1730;2;1;1;1;2;153;;M;4373290.0;382144.0;340
11230;201500012441;15;12;28;1745;5;2;1;1;1;116;403 rue de la valsiere;M;4364961.0;383312.0;340
11231;201500012442;15;3;7;500;3;1;1;1;7;29;;M;0.0;0.0;10
11232;201500012443;15;3;7;1630;1;1;1;1;2;304;;M;0.0;0.0;10
11233;201500012444;15;4;6;615;3;1;1;1;6;151;;M;0.0;0.0;10
11234;201500012445;15;4;6;1715;1;1;1;1;3;115;;M;4625673.0;505062.0;10
11235;201500012446;15;5;7;845;1;1;1;1;7;451;;M;4625344.0;525328.0;10
11236;201500012448;15;7;6;715;1;1;1;1;2;69;;M;0.0;0.0;10
11237;201500012449;15;7;11;1030;1;1;1;1;6;232;;M;0.0;0.0;10
11238;201500012450;15;8;3;1745;1;1;1;1;2;29;;M;0.0;0.0;10
11239;201500012452;15;9;12;1215;1;1;2;8;3;115;;M;0.0;0.0;10
11240;201500012454;15;11;20;1830;3;1;1;3;3;24;;M;0.0;0.0;10