;Num_Acc;an;mois;jour;hrmn;lum;agg;int;atm;col;com;adr;gps;lat;long;dep
11780;201500013052;15;5;28;430;5;2;1;1;7;1;373, COSTE JEAN PAUL (AV;M;4351381.0;545912.0;130
11781;201500013053;15;5;3;515;3;1;1;1;3;1;ENFANT (RTE DE L');M;4349093.0;538747.0;130
11782;201500013054;15;5;31;2015;2;2;1;1;2;1;GALICE (RTE DE);;;;130
11783;201500013055;15;6;6;1840;1;1;1;1;7;1;1825, RD 7;;;;130
11784;201500013056;15;6;21;30;5;1;1;1;2;1;RD9;;;;130
11785;201500013058;15;6;30;700;1;1;3;1;3;1;ANTONELLE (CHEMIN D');M;4356617.0;540623.0;130
11786;201500013059;15;6;21;1540;1;2;5;1;3;1;/, MALACRIDA HENRI (AV);M;4351774.0;546503.0;130
11787;201500013060;15;7;4;1830;1;1;1;1;5;1;RD 7;;;;130
11788;201500013061;15;7;4;220;4;2;1;1;6;1;RN 296;;;;130
11789;201500013062;15;7;6;615;1;1;1;1;1;1;RD9;;;;130
11790;201500013063;15;7;7;2140;2;2;2;1;3;1;70, DE LATTRE DE TASSIGN;M;4353706.0;543465.0;130
11791;201500013064;15;7;7;845;1;1;1;1;3;1;DALMAS JEAN (RUE);;;;130
11792;201500013065;15;7;8;1140;1;1;4;1;3;1;GARDANNE (ROUTE DE );M;4348948.0;540784.0;130
11793;201500013066;15;7;11;1940;1;2;1;1;1;1;DEPORTES DE LA RESISTANC;M;4352503.0;546063.0;130
11794;201500013068;15;7;19;2040;1;2;1;1;1;1;MALACRIDA HENRI (AV);;;;130
11795;201500013069;15;7;24;920;1;1;2;1;3;1;/, ST CANADET (ROUTE) D.;M;4359882.0;546409.0;130
11796;201500013070;15;7;18;1915;1;2;2;1;3;1;GIONO JEAN;M;4351746.0;543518.0;130
11797;201500013071;15;7;30;2135;5;2;3;1;3;1;BONAPARTE NAPOLEON(AV);M;4352715.0;544360.0;130
11798;201500013072;15;7;31;1730;1;1;1;1;3;1;1, R.N 7;;;;130
11799;201500013073;15;8;1;1430;1;1;1;1;3;1;ROQUEFAVOUR (RTE DE);;;;130
11800;201500013074;15;8;3;2325;5;1;1;1;1;1;PREAUD GENERAL (AV DU);;;;130
11801;201500013075;15;8;11;715;2;2;1;1;6;1;SOLARI PHILIPPE (AV);;;;130
11802;201500013076;15;8;16;1725;1;1;1;1;3;1;LEDOUX CLAUDE NICOLAS (R;;;;130
11803;201500013077;15;8;24;2010;2;2;1;8;6;1;2, BONAPARTE NAPOLEON(AV;M;4352689.0;544409.0;130
11804;201500013078;15;8;26;720;1;1;1;1;1;1;5580, RD 7;M;4347487.0;543342.0;130
11805;201500013079;15;9;1;1530;1;1;1;1;3;1;RD 7;;;;130
11806;201500013080;15;5;29;1435;1;1;1;1;6;1;THIERS (RUE);;;;130
11807;201500013081;15;9;3;2350;5;2;6;1;6;1;PICASSO PABLO (AV);M;4352863.0;541599.0;130
11808;201500013082;15;6;28;1054;1;1;1;1;3;1;MAGNAN ANDRE (RUE);;;;130
11809;201500013083;15;9;7;1930;1;1;1;1;1;1;1488, FERRINI FORTUNE (A;M;4349958.0;543423.0;130
11810;201500013084;15;9;10;1450;1;2;1;1;2;1;PONT DE GALICE (RUE DU);M;4352875.0;543293.0;130
11811;201500013085;15;9;10;1530;1;1;1;1;5;1;GALICE (RTE);;;;130
11812;201500013086;15;9;9;1525;1;2;9;1;3;1;130, BASTIDE DE VERDACHE;;;;130
11813;201500013087;15;9;15;1600;1;2;1;1;3;1;POILUS (BD DES);M;4352630.0;545604.0;130
11814;201500013088;15;9;12;1825;1;2;1;1;6;1;VAIR GUILLAUME DU (RUE);;;;130
11815;201500013089;15;9;12;1310;1;1;1;1;1;1;PASCALIS PIERRE (CH);;;;130
11816;201500013090;15;9;19;210;3;2;1;1;7;1;00, LOQUI (ROUTE DE);M;4354560.0;539816.0;130
11817;201500013091;15;9;19;1820;1;2;1;1;6;1;38, EUROPE (AV);M;4352473.0;543060.0;130
11818;201500013092;15;9;24;545;5;2;2;1;1;1;BROSSOLETTE PIERRE (AV);M;4351933.0;544273.0;130
11819;201500013093;15;9;24;928;1;2;1;1;3;1;GAUTIER DE LA LAUZIERE J;;;;130
11820;201500013094;15;9;25;130;5;2;8;1;6;1;09, SEXTIUS (COURS);M;4352828.0;544370.0;130
11821;201500013095;15;9;25;1400;1;2;1;1;6;1;0, FERRINI FORTUNE (AV)0;;;;130
11822;201500013096;15;9;30;715;2;2;7;1;3;1;SAUZE LUCIEN (PL);M;4353039.0;541018.0;130
11823;201500013097;15;10;2;545;5;2;6;1;6;1;(AV) PICASSO PABLO;M;4353016.0;541685.0;130
11824;201500013098;15;10;8;1605;1;2;1;1;6;1;BROSSOLETTE PIERRE (AV);;;;130
11825;201500013100;15;10;10;1715;1;1;1;1;5;1;GARDANNE (ROUTE DE );;;;130
11826;201500013101;15;10;14;1900;2;2;9;1;1;1;595, BAGATELLE (AVENUE D;M;4353654.0;540935.0;130
11827;201500013102;15;10;15;1850;5;2;1;1;6;1;BASTIDE DE VERDACHES (RU;M;4350841.0;540385.0;130
11828;201500013103;15;10;18;2115;5;2;1;2;3;1;PREMIERE DIV FRANCAISE L;;;;130
11829;201500013104;15;10;21;1550;1;2;1;1;6;1;55, BROSSOLETTE PIERRE (;M;4351981.0;544277.0;130
11830;201500013106;15;10;29;1300;1;2;1;1;2;1;207, FERRINI FORTUNE (AV;M;4350907.0;544027.0;130
11831;201500013108;15;11;5;945;1;2;1;1;6;1;CARNOT (BD);M;4352733.0;545544.0;130
11832;201500013109;15;11;5;1805;5;2;1;1;2;1;467, MAURIAT HENRI (AV);M;4351576.0;546633.0;130
11833;201500013110;15;11;6;505;5;2;2;1;5;1;MOURET HENRI (AV);M;4351859.0;543319.0;130
11834;201500013111;15;11;7;2010;5;1;1;1;1;1;RD9;M;0.0;0.0;130
11835;201500013112;15;10;5;235;5;1;1;1;6;1;315, PREMIERE DIV FRANCA;M;4354993.0;543021.0;130
11836;201500013113;15;11;23;1440;1;2;1;1;6;1;460 Rue Pierre Leydet;M;4350625.0;540159.0;130
11837;201500013114;15;11;26;1930;5;2;6;1;2;1;GIONO JEAN (AV);M;4351421.0;543895.0;130
11838;201500013115;15;11;29;750;1;2;1;1;6;1;13, MALACRIDA HENRI (AV);M;4351281.0;547195.0;130
11839;201500013116;15;12;9;1643;1;1;1;1;1;1;RD 543;;;;130
11840;201500013117;15;12;17;1140;1;2;1;1;6;1;380, LEDOUX CLAUDE NICOL;M;4348167.0;538632.0;130
11841;201500013118;15;12;29;1630;1;2;2;1;3;1;MONNET JEAN (AV);M;4353205.0;542083.0;130
11842;201500013119;15;1;13;1520;1;2;2;1;3;1;REPUBLIQUE (BD DE LA);M;4352731.0;544317.0;130
11843;201500013120;15;1;16;300;5;2;1;1;6;1;37, BELTAGUY PAUL (TRAVE;M;4351869.0;545842.0;130
11844;201500013122;15;1;20;925;1;2;2;1;3;1;8, ST EXUPERY (RUE);M;4351902.0;543283.0;130
11845;201500013123;15;1;23;1400;1;1;1;1;1;1;RD 543 F;M;4351042.0;535013.0;130
11846;201500013124;15;1;24;2130;3;2;1;1;1;1;770, CAMP DE MENTHE (AV;M;4351050.0;541499.0;130
11847;201500013126;15;1;28;935;1;1;1;1;3;1;7610,* R.N 7;;;;130
11848;201500013127;15;1;28;1130;1;1;1;1;1;1;3070, PETIT MOULIN (RTE;M;4351653.0;531564.0;130
11849;201500013128;15;2;11;725;2;1;1;1;3;1;BELLEC MAURICE (RTE DU C;M;4358086.0;545757.0;130
11850;201500013129;15;2;9;1125;1;2;1;7;6;1;BERGER GASTON (AV);;;;130
11851;201500013130;15;2;15;600;4;1;1;2;7;1;RD9;;;;130
11852;201500013131;15;2;12;1945;3;1;1;1;5;1;RD9;;;;130
11853;201500013132;15;2;19;2010;5;1;1;1;4;1;RN 296;;;;130
11854;201500013133;15;2;20;130;5;2;1;1;6;1;29, BROSSOLETTE PIERRE (;M;4352036.0;544270.0;130
11855;201500013134;15;2;27;725;1;1;3;3;3;1;1, LEDOUX CLAUDE NICOLAS;M;4347279.0;539939.0;130
11856;201500013135;15;3;2;1730;1;1;1;1;2;1;., RD9;;;;130
11857;201500013136;15;2;26;2140;4;2;3;1;3;1;0, JAURES JEAN (BD);M;4353194.0;544478.0;130
11858;201500013137;15;3;6;1725;1;2;6;7;6;1;., GALICE (RTE DE);M;4353041.0;541017.0;130
11859;201500013138;15;3;6;1530;1;1;1;1;2;1;/, GALICE (RTE DE);;;;130
11860;201500013139;15;3;13;2100;5;2;3;1;3;1;0, GALICE (RTE DE);M;4352817.0;543135.0;130
11861;201500013140;15;3;3;945;1;2;1;1;6;1;/, BLUM LEON (AV);;;;130
11862;201500013142;15;3;20;2110;5;2;1;1;3;4;20, RUE ANCIEN MOULIN A;M;4367819.0;463922.0;130
11863;201500013143;15;1;22;1930;3;1;1;1;3;4;235, R.D.N83 ROUTE D'EYG;M;4366266.0;468173.0;130
11864;201500013144;15;12;31;2008;5;2;1;2;6;4;RTE DE CRAU;;;;130
11865;201500013145;15;3;21;2000;5;2;1;2;2;4;153, AV STALINGRAD;M;4369367.0;463960.0;130
11866;201500013146;15;3;25;810;1;1;1;2;6;4;RUE ROUBINE DU ROY;;;;130
11867;201500013147;15;2;14;1620;1;2;2;8;3;4;14, DOCTEUR JOSEPH IMBER;M;4366838.0;463032.0;130
11868;201500013148;15;4;4;1550;1;2;1;1;2;4;10, AV DE LA PREM DIV FR;;;;130
11869;201500013151;15;3;1;1735;1;2;6;1;2;4;97 Av du Président S;M;4366955.0;461996.0;130
11870;201500013152;15;5;7;5;3;1;1;1;6;4;RTE N570 AVIGNON STES MA;;;;130
11871;201500013153;15;3;12;910;1;2;1;1;7;4;7 BIS, LICES BOULEVARD D;M;4367521.0;462904.0;130
11872;201500013154;15;5;19;2240;3;1;1;1;2;4;RTE N113 MARSEILLE A BOR;;;;130
11873;201500013155;15;5;29;2105;2;2;1;1;3;4;AV STALINGRAD;;;;130
11874;201500013156;15;6;15;1355;1;2;1;1;2;4;100, AV DE CAMARGUE;M;4367388.0;460771.0;130
11875;201500013157;15;6;15;1820;1;1;1;1;7;4;RPT GUY MOCQUET RD 570;;;;130
11876;201500013158;15;6;20;1903;1;2;3;1;6;4;8, RUE COPERNIC;M;4369822.0;463388.0;130
11877;201500013159;15;6;10;1140;1;2;4;1;7;4;Rue de la Roubine du Roy;M;4367944.0;463480.0;130
11878;201500013160;15;6;28;2050;1;2;2;1;3;4;45, RTE DE CRAU;M;4367153.0;464206.0;130
11879;201500013161;15;7;4;423;5;2;1;1;6;4;RUE ANATOLE FRANCE;;;;130
11880;201500013162;15;7;10;820;1;1;1;1;2;4;RTE DES SAINTES MARIES;;;;130
11881;201500013163;15;7;8;555;1;1;9;1;6;4;3325, RTE DE LA CRAU RAP;M;4364858.0;469013.0;130
11882;201500013164;15;8;10;1110;1;2;1;1;6;4;BD DES LICES;;;;130
11883;201500013165;15;8;24;1340;1;2;3;1;7;4;RUE JEAN CHARCOT;M;4367053.0;462200.0;130
11884;201500013166;15;8;31;910;1;2;1;1;3;4;RUE JEAN GIONO;M;4367925.0;463576.0;130
11885;201500013167;15;9;8;1940;1;1;1;1;6;4;AV DOC ROBERT MOREL;;;;130
11886;201500013168;15;9;23;1550;1;2;6;1;2;4;01, CHE SEVERIN;M;4367846.0;460701.0;130
11887;201500013170;15;10;12;930;1;2;2;8;3;4;35 CH DE L'ESTIVAGE;M;4366140.0;464107.0;130
11888;201500013171;15;10;16;2115;5;2;1;1;6;4;13, RTE DE CRAU;M;4367309.0;464035.0;130
11889;201500013172;15;10;9;1700;1;1;1;1;6;4;RN 572 RTE DE ST GILLES*;M;0.0;0.0;130
11890;201500013173;15;10;19;1930;3;1;1;1;6;4;RTE DE TARASCON;;;;130
11891;201500013174;15;10;25;20;3;1;1;1;3;4;RTE D EYGUIERES;;;;130
11892;201500013175;15;11;7;350;5;2;6;5;6;4;RPT DE LA RESISTANCE;;;;130
11893;201500013176;15;11;15;1440;1;2;1;1;6;4;14BIS, RUE ETIENNE DOLET;M;4367202.0;464497.0;130
11894;201500013177;15;12;10;48;5;2;9;1;6;4;QUAI DES PLATANES;;;;130
11895;201500013178;15;3;16;1330;1;2;1;8;2;70;445, VOLTAIRE (BOULEVARD;M;4328273.0;553037.0;130
11896;201500013179;15;3;18;1840;2;2;1;1;7;5;15, VERDUN (AVENUE DE);M;4328865.0;557356.0;130
11897;201500013180;15;3;19;1845;2;2;3;1;4;5;REPUBLIQUE (RUE DE LA);M;4329118.0;556967.0;130
11898;201500013181;15;3;21;1805;1;2;1;2;3;5;1, NATIONALE 8;M;0.0;0.0;130
11899;201500013182;15;3;22;1740;1;2;1;1;6;70;2, QUEIRADE (CHEMIN DE L;M;4327905.0;552936.0;130
11900;201500013183;15;3;24;1600;1;2;1;2;6;5;ALLEE 1/2, AUCHAN ( CENT;M;4329419.0;559364.0;130
11901;201500013184;15;3;29;1720;1;1;1;1;6;5;2685, RN 96 (ROUTE NATIO;M;4332313.0;558944.0;130
11902;201500013185;15;3;28;1015;1;2;1;1;3;70;200, VOLTAIRE (BOULEVARD;M;4328120.0;551947.0;130
11903;201500013186;15;4;2;830;1;2;1;1;3;5;185, DIX NEUF MARS 1962;M;4328848.0;557095.0;130
11904;201500013187;15;4;2;845;1;2;1;1;4;5;0, RN 8;M;0.0;0.0;130
11905;201500013189;15;4;9;1630;1;2;3;1;3;5;1, ARC (AVENUE JEANNE D';M;4329445.0;556706.0;130
11906;201500013190;15;4;9;1740;1;2;1;1;2;70;72, ROUSSEAU (BOULEVARD;M;4327605.0;552512.0;130
11907;201500013191;15;4;11;1145;1;2;1;1;3;5;0, CEINTURE DE CAMPS MAJ;M;4329530.0;558431.0;130
11908;201500013192;15;4;17;1605;1;2;1;1;2;5;22**MERMOZ (RUE JEAN);M;4328608.0;557561.0;130
11909;201500013193;15;4;18;900;1;2;9;7;6;5;1, DE ROUX (RUE COLONEL);M;4329498.0;556809.0;130
11910;201500013194;15;4;20;845;1;2;1;1;2;5;EOURES (ROUTE D');M;4329762.0;556588.0;130
11911;201500013195;15;4;26;1640;1;1;2;1;6;5;0, AVELANEDE (CHEMIN DE;M;4328632.0;558726.0;130
11912;201500013196;15;4;26;1845;1;1;1;2;7;5;2550, RN 96 (ROUTE NATIO;M;4332496.0;559250.0;130
11913;201500013197;15;4;30;930;1;2;3;1;3;70;Chemin de Saint-Lambert;M;4328575.0;551416.0;130
11914;201500013198;15;4;30;1100;1;1;1;1;3;5;1760, CD 2 (CAMP MAJOR);M;4328817.0;554039.0;130
11915;201500013199;15;3;20;1910;3;1;1;1;1;5;335, ANGLADE (CHEMIN DE;M;4330930.0;558726.0;130
11916;201500013200;15;4;30;1630;1;2;1;1;7;5;3, MANOUCHIAN (AVENUE);M;4328630.0;554850.0;130
11917;201500013201;15;5;5;1150;1;1;3;1;3;5;MISTRAL (AVENUE DU);M;4328871.0;559613.0;130
11918;201500013202;15;5;5;1455;1;2;1;1;2;5;CANIERS (AVENUE*DES);M;4328439.0;559404.0;130
11919;201500013203;15;5;6;1252;1;2;1;1;3;5;RD 559 A (ROUTE DE LA;M;4328301.0;558373.0;130
11920;201500013204;15;5;11;1130;1;2;1;1;3;5;0, PAIX (AVENUE DE LA );M;4327895.0;555136.0;130
11921;201500013205;15;5;12;1410;1;2;3;1;1;5;26, SALENGRO (AVENUE ROG;M;4329913.0;556923.0;130
11922;201500013206;15;5;12;1705;1;2;1;1;6;5;20, JEU DE BALLON (RUE D;M;4329163.0;557112.0;130
11923;201500013207;15;5;13;815;1;1;1;1;7;5;70, REPUBLIQUE (RUE DE L;M;4329115.0;556968.0;130
11924;201500013208;15;5;13;1745;1;2;6;1;6;5;LIGNIERES (AVENUE DES);M;4329447.0;555815.0;130
11925;201500013209;15;5;13;2020;1;2;1;1;2;5;., CD 2 (CAMP MAJOR);M;4328806.0;552269.0;130
11926;201500013210;15;5;15;1050;1;1;3;1;2;5;AVELANEDE (CHEMIN DE L');M;4328769.0;558714.0;130
11927;201500013211;15;5;17;1700;1;1;1;1;5;5;NAPOLLON (ROUTE DE);M;4332325.0;558961.0;130
11928;201500013212;15;5;18;650;1;2;1;1;1;5;929, PALUDS (AVENUE DES);M;4329033.0;559588.0;130
11929;201500013214;15;5;19;1650;1;2;1;1;3;70;8, ROBION (CHEMIN NOEL);M;4328450.0;551644.0;130
11930;201500013216;15;5;22;1000;1;1;1;1;3;5;RASTEGUE (COURS BARTHELE;M;4329275.0;556775.0;130
11931;201500013217;15;5;23;1410;1;2;1;1;6;5;SOULAT (SQUARE*MARCEL);M;4329574.0;556575.0;130
11932;201500013218;15;5;24;1720;1;1;3;1;3;5;chemin des petits melets;M;4331253.0;560284.0;130
11933;201500013220;15;5;26;1430;1;1;3;1;3;5;RN 96 (ROUTE NATIONALE );M;4332581.0;559397.0;130
11934;201500013221;15;5;29;1500;1;2;1;1;6;5;EOURES (ROUTE D');M;4329487.0;559085.0;130
11935;201500013223;15;6;1;1015;1;2;3;1;3;70;GARE (BOULEVARD DE LA);M;4328376.0;551503.0;130
11936;201500013225;15;6;1;2140;2;2;3;1;3;5;25, VERDUN (AVENUE DE);M;4328789.0;557803.0;130
11937;201500013226;15;6;2;932;1;2;6;1;3;5;SALENGRO (AVENUE ROGER);M;4329638.0;556871.0;130
11938;201500013227;15;6;3;715;1;2;1;1;3;5;;M;4329830.0;559058.0;130
11939;201500013229;15;6;5;1845;1;2;1;1;1;5;RN 8;M;4328430.0;554602.0;130
11940;201500013230;15;6;8;845;1;2;1;1;2;70;COLOMBES (ALLEE DES);M;4328366.0;551354.0;130
11941;201500013231;15;6;4;1900;1;2;3;1;3;5;3170 Route de la Légion;M;4328808.0;552334.0;130
11942;201500013232;15;6;15;1346;1;2;1;1;6;5;19, PALUDS (Z.I. *** );M;4329462.0;559081.0;130
11943;201500013233;15;6;16;810;1;2;1;1;2;5;0, BOYER (AVENUE ANTIDE);M;4329425.0;555869.0;130
11944;201500013234;15;6;8;730;1;1;2;1;3;5;Ancien Chemin de Saint-J;M;4330868.0;560809.0;130
11945;201500013235;15;6;17;1105;1;1;1;1;2;5;RN 8;M;0.0;0.0;130
11946;201500013236;15;6;17;1600;1;2;1;1;6;70;VOLTAIRE (BOULEVARD);;;;130
11947;201500013237;15;6;20;1750;1;2;1;1;6;5;TAMARIS (BOULEVARD DES);M;4327783.0;553263.0;130
11948;201500013238;15;6;21;1830;1;2;1;1;2;5;6, RASTEGUE (COURS BARTH;M;4329279.0;556874.0;130
11949;201500013240;15;6;26;1745;1;1;1;1;2;5;2295, RN 96 (ROUTE NATIO;M;4332358.0;559018.0;130
11950;201500013242;15;6;28;2140;5;2;3;1;3;5;22, SALENGRO (AVENUE ROG;M;4329861.0;556914.0;130
11951;201500013243;15;6;30;820;1;2;1;1;6;5;NATIONALE 8;M;4328718.0;558378.0;130
11952;201500013244;15;6;30;1825;1;2;1;1;2;5;355,PROMENADE BLANCARD**;M;4329620.0;556137.0;130
11953;201500013245;15;6;30;1930;1;2;9;1;6;5;0, AVELANEDE (CHEMIN DE;M;4328765.0;558718.0;130
11954;201500013246;15;7;2;850;1;2;6;1;2;5;CAMP DE SARLIER ROUTE DE;M;4329815.0;559695.0;130
11955;201500013247;15;7;3;1405;1;2;1;1;2;5;21, DELFIEU (AVENUE LOUL;M;4329254.0;556544.0;130
11956;201500013248;15;7;3;1630;1;2;1;1;2;70;52, ROUSSEAU (BOULEVARD;M;4327688.0;552254.0;130
11957;201500013249;15;7;11;820;1;2;1;1;1;70;139, VOLTAIRE (BOULEVARD;M;4328142.0;551617.0;130
11958;201500013250;15;7;10;1620;1;2;1;1;6;5;965, RN 96 (ROUTE NATION;M;4331089.0;557704.0;130
11959;201500013251;15;7;14;1555;1;1;1;1;3;5;0, PALUDS (Z.I. DES );M;4329294.0;558962.0;130
11960;201500013252;15;7;17;1720;1;2;1;1;3;5;.5358F MANOUCHIAN;M;4328525.0;554875.0;130
11961;201500013254;15;7;23;1030;1;1;1;1;6;5;0, VALLEE (CHEMIN DE LA);;;;130
11962;201500013255;15;7;23;1750;1;1;6;1;3;5;1, GEMENOS (ROUTE DE CD2;M;4329783.0;558874.0;130
11963;201500013256;15;7;29;820;1;2;1;7;2;5;22, VERDUN (AVENUE DE);M;4328772.0;558132.0;130
11964;201500013257;15;8;1;1850;1;2;1;1;6;70;ROUSSEAU (BOULEVARD JEAN;M;0.0;0.0;130
11965;201500013258;15;8;2;450;5;2;1;1;7;5;410, RN 8;M;4328311.0;559697.0;130
11966;201500013259;15;8;6;935;1;2;1;1;6;5;10-14SALENGRO (AV. ROGER;M;4329760.0;556898.0;130
11967;201500013260;15;8;7;2200;5;2;1;1;3;5;385, MERMOZ (RUE JEAN);M;4328593.0;557617.0;130
11968;201500013262;15;8;10;1630;1;2;1;1;6;5;BAUMONE (AVENUE DE LA );M;4329484.0;559499.0;130
11969;201500013263;15;8;11;1430;1;2;3;1;1;5;RD 8N;M;4328626.0;558736.0;130
11970;201500013264;15;8;12;1150;1;2;1;1;2;5;644, NAPOLLON (ROUTE DE);M;4331107.0;557710.0;130
11971;201500013265;15;1;2;2205;5;2;1;1;6;5;D, PEBRE D'AIL (RUE DU );M;4328292.0;555496.0;130
11972;201500013266;15;8;12;1235;1;1;6;1;7;5;RD8N;M;4328359.0;559397.0;130
11973;201500013267;15;8;17;1050;1;2;3;1;3;5;VERDUN (AVENUE DE);M;4328902.0;557291.0;130
11974;201500013268;15;8;25;1015;1;2;6;1;4;5;SALENGRO (AVENUE ROGER);M;4330390.0;557232.0;130
11975;201500013269;15;8;14;1100;1;2;2;1;3;70;1, GARE (BOULEVARD DE LA;M;4328193.0;551504.0;130
11976;201500013270;15;8;24;1815;1;1;1;1;2;5;38 Avenue Roger Salengro;M;4330308.0;557165.0;130
11977;201500013272;15;8;30;1130;1;2;3;1;3;5;SALENGRO (AVENUE ROGER);M;4329773.0;556899.0;130
11978;201500013273;15;8;30;1420;1;1;1;1;3;5;0, BONNES NOUVELLES (CH.;M;4329167.0;559027.0;130
11979;201500013274;15;8;31;1030;1;2;2;1;3;5;VERDUN (AVENUE DE);M;4328778.0;558117.0;130
11980;201500013275;15;9;8;2045;5;2;3;1;3;70;12, VOLTAIRE (BOULEVARD);M;4328264.0;552998.0;130
11981;201500013276;15;9;9;1325;1;2;1;1;5;5;5, MANOUCHIAN (AVENUE);M;4328710.0;554840.0;130
11982;201500013277;15;9;10;1540;1;2;6;1;6;5;4, REPUBLIQUE (RUE DE LA;M;4329261.0;556769.0;130
11983;201500013278;15;9;11;1003;1;2;9;1;6;5;BARTHELEMY (RUE DU DR);M;4329566.0;556807.0;130
11984;201500013279;15;9;11;1400;1;2;6;1;3;5;216 CANIERS (AVENUE DES);M;4328639.0;559452.0;130
11985;201500013280;15;9;12;915;1;1;2;1;3;5;RN 396 (ROUTE NATIONALE);M;4330876.0;560799.0;130
11986;201500013281;15;9;12;1530;1;2;6;1;3;5;0, AVELANEDE (CHEMIN DE;M;4329629.0;559021.0;130
11987;201500013282;15;9;16;1710;1;2;9;1;6;5;RN 8;M;4328402.0;554316.0;130
11988;201500013283;15;9;21;1030;1;2;1;1;6;5;0, GOUMS (AVENUE DES);M;4329281.0;556264.0;130
11989;201500013285;15;9;22;1815;1;2;1;1;3;5;CD 2 (CAMP MAJOR);M;0.0;0.0;130
11990;201500013286;15;1;3;1330;1;2;2;1;3;5;2520, CD 2 (CAMP MAJOR);;;;130
11991;201500013287;15;9;14;1100;1;2;1;1;3;5;0, RN 96 (ROUTE NATIONAL;M;0.0;0.0;130
11992;201500013288;15;9;23;1730;1;2;1;1;6;5;80, REPUBLIQUE (RUE DE L;M;4329025.0;557128.0;130
11993;201500013290;15;9;25;1605;1;1;2;1;3;5;RN 396 (ROUTE NATIONALE);M;4330867.0;560809.0;130
11994;201500013291;15;9;25;1130;1;1;2;1;1;5;0, RN 396 (ROUTE NATIONA;M;4330868.0;560809.0;130
11995;201500013292;15;9;26;1700;1;2;3;1;3;5;1945, GEMENOS (ROUTE DE;M;4328772.0;553763.0;130
11996;201500013293;15;10;3;930;1;2;1;2;6;5;1460, CD 2 (CAMP MAJOR);M;4328816.0;554301.0;130
11997;201500013295;15;1;3;1805;4;2;3;1;3;5;1, ROBION (TRAVERSE NOEL;M;4328455.0;552352.0;130
11998;201500013296;15;10;5;2050;5;1;3;1;2;5;0, RN 396 (ROUTE NATIONA;M;4331514.0;560076.0;130
11999;201500013297;15;10;5;2000;5;2;1;1;2;70;128, VOLTAIRE (BOULEVARD;M;4328165.0;551526.0;130
12000;201500013298;15;10;8;715;2;2;1;1;4;5;0, CANIERS (AVENUE DES);M;0.0;0.0;130
12001;201500013300;15;10;10;1310;1;2;1;1;2;5;1, CHEMIN DE FER (TRAVER;M;4328735.0;554510.0;130
12002;201500013302;15;10;13;1355;1;2;3;1;1;5;308, GASTINE (AVENUE DES;M;4329108.0;556485.0;130
12003;201500013303;15;10;14;1220;1;2;9;1;6;5;PASTRE (AVENUE);M;4329692.0;559238.0;130
12004;201500013304;15;10;16;1520;1;2;1;1;6;5;PASTRE (AVENUE);M;4329194.0;559408.0;130
12005;201500013305;15;10;23;1210;1;2;1;1;2;5;LAGUNAS (AVENUE SIMON);M;4329395.0;556368.0;130
12006;201500013306;15;10;25;930;1;2;3;1;5;5;0, VERDUN (AVENUE DE);M;4328784.0;558157.0;130
12007;201500013309;15;10;30;1935;5;2;1;1;1;5;7, PERRUSSONNE (CHEMIN D;M;4328428.0;554596.0;130
12008;201500013310;15;11;2;930;1;1;3;1;3;5;0, CONDAMINE (TRAVERSE D;M;4331992.0;558533.0;130
12009;201500013312;15;1;4;505;5;1;3;1;3;5;RD 43 C;M;4330157.0;559153.0;130
12010;201500013313;15;11;5;810;1;1;1;1;3;5;RN 96 (ROUTE NATIONALE );M;4330623.0;557374.0;130
12011;201500013314;15;11;5;1245;1;1;1;1;6;5;***BAUMONE (AVENUE DE LA;M;4329702.0;559394.0;130
12012;201500013315;15;11;9;845;1;2;1;1;6;5;BOYER (AVENUE ANTIDE);M;4329488.0;556214.0;130
12013;201500013316;15;11;9;1305;1;1;3;1;3;5;NATIONALE 8 DE PARIS A T;M;4328663.0;558578.0;130
12014;201500013317;15;11;9;1845;5;2;1;1;6;5;17, GOUMS (AVENUE DES);M;4329273.0;556392.0;130
12015;201500013318;15;11;12;2000;5;2;1;1;6;5;19, VOLTAIRE (COURS);M;4329518.0;556817.0;130
12016;201500013319;15;11;13;1100;1;2;1;1;2;5;CAMP DE SARLIER ROUTE;M;0.0;0.0;130
12017;201500013321;15;11;18;1515;1;2;1;1;6;5;895, RN 96 (ROUTE NATION;M;4331423.0;557886.0;130
12018;201500013322;15;11;20;1730;5;2;1;1;3;70;287**VOLTAIRE (BOULEVARD;M;4328211.0;552629.0;130
12019;201500013323;15;11;22;1130;1;2;1;1;6;70;26, GARE (BOULEVARD DE L;M;4328347.0;551505.0;130
12020;201500013324;15;11;24;1530;1;2;1;1;3;5;VALLEE (CHEMIN DE LA);M;0.0;0.0;130
12021;201500013325;15;11;28;2100;5;2;1;1;3;5;22 D8N, 13400 Aubagne, F;M;4328323.0;553319.0;130
12022;201500013326;15;11;28;1545;1;2;1;1;3;5;660, COURONNE DES PINS (;M;4327467.0;555918.0;130
12023;201500013327;15;11;30;1330;1;2;3;1;3;5;CD 2 (CAMP MAJOR);M;4329239.0;555584.0;130
12024;201500013328;15;11;30;1500;1;2;1;1;2;5;0, CD 2 (CAMP MAJOR);;;;130
12025;201500013329;15;12;7;745;1;1;1;1;1;5;301, LONGUELANCE (CHEMIN;M;4330974.0;557489.0;130
12026;201500013330;15;12;8;1500;1;2;1;1;3;70;256, VOLTAIRE (BOULEVARD;M;4328126.0;552004.0;130
12027;201500013331;15;12;9;700;5;2;1;1;3;70;196BIS, VOLTAIRE (BOULEV;M;4328122.0;551915.0;130
12028;201500013332;15;12;9;1220;1;2;6;1;4;5;, NATIONALE 8 DE PARIS A;M;4328358.0;559421.0;130