;Num_Acc;an;mois;jour;hrmn;lum;agg;int;atm;col;com;adr;gps;lat;long;dep
12029;201500013333;15;12;10;930;1;2;1;1;4;5;0, VERDUN (AVENUE DE);M;0.0;0.0;130
12030;201500013334;15;12;11;1445;1;1;2;1;1;5;RN 396 (ROUTE NATIONALE);M;4330867.0;560815.0;130
12031;201500013335;15;12;22;1610;1;2;1;1;3;5;RN 8;M;4328443.0;554700.0;130
12032;201500013336;15;12;30;1000;1;2;1;1;6;5;1, CIOTAT (ROUTE DE LA R;M;4328566.0;558128.0;130
12033;201500013337;15;1;6;1330;1;2;9;1;3;5;14, GOUMS (AVENUE DES);M;4329176.0;556140.0;130
12034;201500013338;15;1;7;1205;1;2;1;1;2;5;200, MANOUCHIAN (AVENUE);M;4328692.0;554843.0;130
12035;201500013340;15;1;8;1715;2;2;3;1;3;5;RN 8;M;4328438.0;554644.0;130
12036;201500013341;15;1;8;1900;3;1;1;1;3;5;2495, CD 2 (CAMP MAJOR);M;4328715.0;553157.0;130
12037;201500013342;15;1;19;1950;4;2;1;2;6;5;773, PALUDS (AVENUE DES);M;4328964.0;559760.0;130
12038;201500013343;15;1;21;900;1;2;1;3;4;5;NAPOLLON (EMBRANCHEMENT);;;;130
12039;201500013344;15;3;10;2000;5;2;1;1;2;5;1047, 21 AOUT 1944 (AVEN;M;4328581.0;555559.0;130
12040;201500013345;15;1;29;1045;1;1;1;1;3;5;3315, CD 2 (CAMP MAJOR);M;4328792.0;552142.0;130
12041;201500013346;15;1;29;1145;1;2;1;1;2;5;2, GANTEAUME (BOULEVARD;M;4328814.0;557387.0;130
12042;201500013347;15;1;29;1625;1;2;1;2;3;5;8 rue nationale 96;M;4330342.0;557185.0;130
12043;201500013348;15;1;29;2010;5;2;1;2;2;5;729, PALUDS (AVENUE DES);M;4328945.0;559801.0;130
12044;201500013349;15;1;31;1330;1;2;3;1;3;5;33, VERDUN (AVENUE DE);M;4328779.0;557897.0;130
12045;201500013350;15;2;5;800;1;1;6;1;7;5;RN 8;M;4328360.0;559400.0;130
12046;201500013351;15;2;10;900;1;1;1;1;1;5;RD 43 C;;;;130
12047;201500013352;15;2;11;1130;1;2;1;1;7;5;CHARREL (ZAC DU);;;;130
12048;201500013353;15;2;22;645;1;1;3;1;3;5;10, RD 43 C;M;4330562.0;559222.0;130
12049;201500013354;15;2;24;1120;1;2;1;1;2;5;GEMENOS (ROUTE DE CD2);M;4329330.0;555640.0;130
12050;201500013355;15;2;27;1920;5;2;1;1;6;5;14, VERDUN (AVENUE DE);M;4328871.0;557339.0;130
12051;201500013356;15;3;4;740;1;2;1;1;2;5;0, GEMENOS (ROUTE DE CD2;M;4329475.0;557441.0;130
12052;201500013357;15;3;5;1045;1;2;1;1;7;5;0, RD 559 A (ROUTE DE LA;;;;130
12053;201500013358;15;3;6;1850;4;2;1;1;2;5;AVELANEDE (CHEMIN DE L');M;4328640.0;558700.0;130
12054;201500013359;15;3;7;1455;1;2;1;1;3;5;135, PAGNOL (AVENUE MARC;M;4329641.0;557004.0;130
12055;201500013360;15;3;8;150;5;2;1;1;6;5;12, RASTEGUE (COURS BART;;;;130
12056;201500013361;15;3;11;1725;1;2;1;1;3;5;1047, 21 AOUT 1944 (AVEN;M;4328581.0;555559.0;130
12057;201500013362;15;3;13;840;1;2;1;1;6;70;5, ROUSSEAU (BOULEVARD J;M;4328121.0;551622.0;130
12058;201500013363;15;1;6;1415;1;1;1;1;3;28;145, MISTRAL (AVENUE DU);M;4320776.0;560024.0;130
12059;201500013364;15;3;16;730;1;2;6;1;3;28;726 Avenue Guillaume Dul;M;4319219.0;560916.0;130
12060;201500013365;15;1;9;1228;1;2;1;1;2;28;CD 141 ( CH PUITS DE BRU;M;4318683.0;560050.0;130
12061;201500013366;15;3;19;1315;1;2;3;1;3;28;FRANCE (BOULEVARD ANATOL;M;4317715.0;561069.0;130
12062;201500013367;15;1;19;1220;1;2;1;3;3;28;Rond-point de la locomot;M;4319204.0;560479.0;130
12063;201500013368;15;3;18;2130;5;2;6;1;3;28;Rond-point DE LATTRE DE;M;4318964.0;560356.0;130
12064;201500013369;15;1;20;915;1;2;6;2;2;28;ns, Rond Point DULAC/ROV;M;4319259.0;560935.0;130
12065;201500013370;15;3;31;900;1;2;3;1;3;28;WILSON (AVENUE PRESIDENT;M;4317990.0;561189.0;130
12066;201500013371;15;1;26;900;1;2;1;1;2;28;130, GASSION (AVENUE FER;M;4318365.0;560602.0;130
12067;201500013372;15;4;1;1200;1;2;1;1;7;28;DULAC (AVENUE GUILLAUME);M;4319617.0;561289.0;130
12068;201500013373;15;1;28;1215;1;1;1;1;3;28;1526, BODIN (AVENUE EMIL;M;4319691.0;559754.0;130
12069;201500013374;15;4;3;1300;1;2;1;1;1;28;2333, BODIN (AVENUE EMIL;M;4319950.0;558969.0;130
12070;201500013375;15;1;28;1530;1;2;1;1;3;28;263,*SUBILIA (AVENUE ERN;M;4318412.0;560958.0;130
12071;201500013377;15;1;28;1650;1;2;2;1;3;28;LAVAUX (BOULEVARD DE);M;4319872.0;562641.0;130
12072;201500013378;15;4;6;1225;1;2;1;1;6;28;08, PAIX (AVENUE DE LA);M;4318110.0;560931.0;130
12073;201500013379;15;1;31;1230;1;2;9;1;2;28;DELACOUR (AVENUE EMILE);;;;130
12074;201500013380;15;4;7;1725;1;2;3;1;3;28;39-41, CROZET (AVENUE LO;M;4317817.0;560093.0;130
12075;201500013381;15;2;2;735;2;2;1;1;3;28;Rond-point DE LATTRE DE;M;4318987.0;560359.0;130
12076;201500013382;15;4;8;1020;1;2;1;1;3;28;337, CANNEDOU (CHEMIN RA;;;;130
12077;201500013383;15;2;4;1340;1;2;1;8;2;28;CD.559;M;4318845.0;565244.0;130
12078;201500013384;15;4;8;1300;1;1;3;1;3;28;BODIN (AVENUE EMILE);M;4319438.0;559987.0;130
12079;201500013385;15;2;10;2015;5;2;6;1;3;28;BODIN (AVENUE EMILE);M;4319222.0;560903.0;130
12080;201500013386;15;4;10;1445;1;2;6;1;2;28;Rond Point DULAC/ROVARCH;M;4319219.0;560913.0;130
12081;201500013387;15;2;11;1155;1;2;1;1;6;28;8-10, LAMARTINE (BOULEVA;M;4317877.0;560863.0;130
12082;201500013388;15;4;10;1800;1;2;1;1;3;28;23, SUBILIA (AVENUE!ERNE;M;4318356.0;561036.0;130
12083;201500013389;15;2;15;1825;5;2;6;3;3;28;PUITS DE BRUNET (CHEMIN;M;4318432.0;559951.0;130
12084;201500013390;15;4;11;1630;1;1;1;1;7;28;PLAINES BARONNES*(CHEMIN;M;4318734.0;565824.0;130
12085;201500013392;15;4;13;1335;1;2;1;1;3;28;4, WILSON (AVENUE PRESID;M;4318189.0;561415.0;130
12086;201500013393;15;2;24;845;1;2;6;1;2;28;LAVAUX (BOULEVARD DE);M;4318956.0;562848.0;130
12087;201500013394;15;4;14;850;1;1;6;1;3;28;PEUPLIERS (CHEMIN DES);M;4320944.0;562839.0;130
12088;201500013395;15;3;3;105;5;2;1;1;7;28;ROUMANILLE (AVENUE JOSEP;M;4320355.0;562590.0;130
12089;201500013396;15;4;15;1040;1;2;3;1;6;28;29, REPUBLIQUE (BOULEVAR;M;4317703.0;560693.0;130
12090;201500013397;15;4;15;1315;1;2;3;1;3;28;135, RIPERT (AVENUE EMIL;M;4318420.0;561339.0;130
12091;201500013398;15;4;21;1545;1;2;1;1;2;28;PUITS DE BRUNET (CHEMIN;M;4318571.0;559985.0;130
12092;201500013399;15;4;21;1900;1;1;3;1;3;28;CD 559 (CHEMIN DEPARTEME;M;4318532.0;566171.0;130
12093;201500013401;15;4;24;1950;2;2;2;1;3;28;LAVAUX (BOULEVARD DE);M;4319875.0;562645.0;130
12094;201500013402;15;4;26;1115;1;2;1;1;1;28;632, GASSION (AVENUE FER;M;4318475.0;560706.0;130
12095;201500013403;15;4;30;1540;1;1;3;1;1;28;CD 559 (CHEMIN DEPARTEME;M;4319826.0;559244.0;130
12096;201500013404;15;5;3;1600;1;2;1;1;2;28;166, LAMARTINE (BOULEVAR;M;4318130.0;560716.0;130
12097;201500013405;15;5;6;2015;2;2;1;1;1;28;103, PUITS DE BRUNET (CH;M;4318646.0;560032.0;130
12098;201500013406;15;5;7;900;1;2;3;1;7;28;LUMIERE (ALLEE );M;4318575.0;562051.0;130
12099;201500013407;15;5;14;955;1;2;1;1;2;28;CD 141 ( CH PUITS DE BRU;M;4318679.0;560050.0;130
12100;201500013408;15;5;17;1900;1;2;1;1;7;28;119, ROOSEVELT (AVENUE F;M;4318478.0;561827.0;130
12101;201500013409;15;5;19;1145;1;2;1;1;2;28;GASSION (AVENUE FERNAND;M;4317678.0;560582.0;130
12102;201500013410;15;5;22;1920;1;2;1;1;7;28;21, BOURGOGNE (AVENUE DE;M;4319116.0;561796.0;130
12103;201500013411;15;5;23;1200;1;2;2;1;5;28;CAMUSSO (AVENUE MARCEL );M;4317876.0;559749.0;130
12104;201500013412;15;5;24;1015;1;2;3;1;3;28;CYTHARISTA (AVENUE);M;4319146.0;563936.0;130
12105;201500013413;15;5;24;1430;1;2;3;1;3;28;BLUM (AVENUE LEON);M;4318171.0;560952.0;130
12106;201500013414;15;5;24;1800;1;1;1;1;2;28;358, SUBILIA (AVENUE ERN;M;4318472.0;560894.0;130
12107;201500013415;15;5;30;1120;1;2;1;1;6;28;AUBANEL (AVENUE THE;M;4318901.0;562730.0;130
12108;201500013416;15;6;2;1645;1;2;1;1;6;28;61, ABEILLE (AVENUE DE L;M;4319626.0;561658.0;130
12109;201500013417;15;6;4;1525;1;2;3;1;3;28;PETIT ROUMAGOUA (CHEMIN;M;4319947.0;560621.0;130
12110;201500013418;15;6;4;1615;1;1;1;1;1;28;CARRIERES (CHEMIN D;M;4318740.0;559306.0;130
12111;201500013419;15;6;6;500;5;2;3;1;4;28;DULAC (AVENUE GUILLAUME);M;4318924.0;560889.0;130
12112;201500013420;15;6;8;1130;1;2;1;1;6;28;108400182, DULAC (AVENUE;M;4319519.0;561204.0;130
12113;201500013421;15;6;14;1800;1;2;6;1;3;28;ALSACE**AVENUE D');;;;130
12114;201500013422;15;6;15;1035;1;2;1;1;6;28;DULAC (AVENUE GUILLAUME);M;4319548.0;561218.0;130
12115;201500013423;15;6;17;2210;5;2;2;1;3;28;NS, BILLOUX (AVENUE FRAN;M;4317876.0;559749.0;130
12116;201500013424;15;6;18;1350;1;2;1;1;2;28;PETIT ROUMAGOUA (CHEMIN;M;4320634.0;560432.0;130
12117;201500013425;15;6;19;1850;1;2;1;1;2;28;27, PUITS DE BRUNET (CHE;M;4318725.0;559850.0;130
12118;201500013426;15;6;20;1050;1;2;1;1;2;28;25-27 CROZET;M;4317728.0;560210.0;130
12119;201500013427;15;6;25;1300;1;1;1;1;1;28;1992-2182 Av.Emile Bodin;M;4320231.0;558889.0;130
12120;201500013429;15;6;27;845;1;2;1;1;7;28;12, BELLON (AVENUE ANDRE;M;4318892.0;562880.0;130
12121;201500013430;15;6;28;1800;1;2;3;1;3;28;GASSION (AVENUE FERNAND;M;4318412.0;560648.0;130
12122;201500013431;15;6;30;1805;1;2;1;1;3;28;ROVARCH (AVENUE PIERRE);M;4319288.0;560287.0;130
12123;201500013432;15;7;2;915;1;2;1;1;3;28;447, FONTSAINTE (AVENUE;M;4319062.0;563854.0;130
12124;201500013433;15;7;5;1440;1;2;1;1;3;28;292, FONTSAINTE (AVENUE;M;4319042.0;563786.0;130
12125;201500013434;15;7;8;1200;1;1;1;1;7;28;1753, ROUMANILLE (AVENUE;M;4320172.0;562335.0;130
12126;201500013436;15;7;9;1215;1;2;1;1;2;28;PUITS DE BRUNET (CHEMIN;M;4318916.0;560255.0;130
12127;201500013437;15;7;11;1730;1;2;6;1;4;28;61, ROVARCH (AVENUE PIER;M;4319162.0;561790.0;130
12128;201500013438;15;7;15;1320;1;2;6;1;5;28;Rd Point DULAC/ROVARCH;M;4319217.0;560915.0;130
12129;201500013439;15;7;19;1710;1;2;3;1;3;28;866, GARE (AVENUE DE LA);M;4319821.0;563279.0;130
12130;201500013440;15;7;21;1800;1;2;1;1;5;28;983, DULAC (AVENUE GUILL;M;4319416.0;561088.0;130
12131;201500013441;15;7;22;1430;1;2;1;1;2;28;355 FONTSAINTE (AVENUE;M;4319062.0;563854.0;130
12132;201500013442;15;7;26;2118;2;2;2;1;3;28;CROZET (AVENUE*LOUIS );M;4317895.0;560010.0;130
12133;201500013444;15;7;27;2140;5;2;1;1;7;28;Chemin du Puits de Brune;M;4318795.0;560234.0;130
12134;201500013445;15;7;30;2005;1;2;1;1;6;28;4-5, BEAU RIVAGE (BOULEV;M;4318707.0;562328.0;130
12135;201500013446;15;8;4;1800;1;2;2;1;1;28;GRAILLE (AVENUE JEAN);M;4317876.0;559750.0;130
12136;201500013447;15;8;5;1400;1;2;1;1;2;28;MIREILLE (AVENUE);;;;130
12137;201500013448;15;8;6;1436;1;2;6;1;3;28;Rd Point DULAC/ROVARCH;M;4319244.0;560897.0;130
12138;201500013449;15;8;6;1850;1;2;1;1;2;28;MIREILLE (AVENUE);M;4318934.0;563026.0;130
12139;201500013450;15;8;7;1044;1;2;6;1;2;28;Rond-point de la locomot;M;4319198.0;560426.0;130
12140;201500013451;15;8;7;2005;1;2;1;1;4;28;GRAILLE (AVENUE JEAN);;;;130
12141;201500013452;15;8;14;230;5;2;1;2;4;28;CD 141 ( CH PUITS DE BRU;M;4318612.0;560008.0;130
12142;201500013453;15;8;15;1515;1;2;1;1;2;28;13, KENNEDY (AVENUE PRE;M;4317927.0;560343.0;130
12143;201500013454;15;8;31;1540;1;1;3;1;3;28;RD 559;M;4318083.0;567181.0;130
12144;201500013455;15;9;6;1635;1;2;3;1;1;28;RIPERT (AVENUE EMILE);M;4318420.0;561339.0;130
12145;201500013456;15;9;7;1530;1;2;1;1;4;28;1171, DULAC (AVENUE GUIL;M;4319563.0;561228.0;130
12146;201500013457;15;9;8;815;1;2;6;1;2;28;1659 DULAC (AVENUE GUIL;M;4319892.0;561655.0;130
12147;201500013458;15;9;16;2145;5;2;3;1;1;28;Rue de l'Hôpital;M;4317709.0;560785.0;130
12148;201500013459;15;9;17;830;1;2;1;1;6;28;FARDELOUP (CHEMIN DE)*;M;4318454.0;559070.0;130
12149;201500013460;15;9;18;1920;1;2;1;1;2;28;N***FONTSAINTE (AVENUE D;M;4319070.0;564027.0;130
12150;201500013461;15;9;21;750;1;2;1;1;1;28;922, GASSION (AVENUE*FER;M;4318475.0;560706.0;130
12151;201500013462;15;9;22;1630;1;2;1;1;7;28;60, SECADOU (TRAVERSE DU;M;4318649.0;561234.0;130
12152;201500013463;15;9;23;1635;1;2;1;1;6;28;MAQUISARDS (PLACE DES );M;4317751.0;560928.0;130
12153;201500013464;15;9;24;730;1;2;3;1;1;28;40, GASSION (AVENUE FER;M;4318239.0;560535.0;130
12154;201500013465;15;9;30;1740;1;2;1;1;2;28;30, PUITS DE BRUNET (CHE;M;4318683.0;560054.0;130
12155;201500013466;15;10;1;1225;1;2;1;8;3;28;559, GASSION (AVENUE FER;M;4318519.0;560735.0;130
12156;201500013467;15;10;2;940;1;2;1;2;6;28;170 Avenue du Caporal Ch;M;4319039.0;560405.0;130
12157;201500013468;15;10;4;2120;5;2;1;1;3;28;GASSION (AVENUE FERNAND*;M;4318475.0;560706.0;130
12158;201500013469;15;10;7;1545;1;2;1;1;1;28;343, WILSON (AVENUE PRES;M;4318116.0;561312.0;130
12159;201500013470;15;10;11;1230;1;2;3;1;1;28;CD 559 (CHEMIN DEPARTEME;M;4318990.0;564334.0;130
12160;201500013472;15;10;15;1205;1;2;1;1;1;28;260, MEDITERRANNEE (AVEN;M;4319073.0;561210.0;130
12161;201500013473;15;10;17;1615;1;1;3;1;5;28;NS, CD 559 (CHEMIN DEPAR;M;4318987.0;564332.0;130
12162;201500013474;15;10;23;1745;1;2;1;1;5;28;FONTSAINTE (AVENUE DE);M;4319071.0;563929.0;130
12163;201500013475;15;10;24;1045;1;2;1;1;6;28;PEPINIERE (CHEMIN DE LA);M;4318972.0;560225.0;130
12164;201500013477;15;10;31;1500;1;2;3;1;3;28;211, SUBILIA (AVENUE ERN;M;4318366.0;561017.0;130
12165;201500013478;15;11;2;1105;1;2;1;1;3;28;FERRY (AVENUE JULES );M;4318362.0;560123.0;130
12166;201500013480;15;11;7;1700;2;2;1;1;1;28;DULAC (AVENUE GUILLAUME);M;4319960.0;561845.0;130
12167;201500013481;15;11;8;1630;1;1;1;1;1;28;CRETES (ROUTES DES);M;4318408.0;556602.0;130
12168;201500013482;15;11;8;1915;1;2;3;1;1;28;KENNEDY (AVENUE PRESIDEN;M;4317896.0;560009.0;130
12169;201500013483;15;11;9;1530;1;2;1;1;1;28;13, BEAU RIVAGE (BOULEVA;M;4318729.0;562598.0;130
12170;201500013484;15;11;10;1010;1;2;1;1;2;28;19, FRANCE (BOULEVARD AN;M;4318221.0;561253.0;130
12171;201500013485;15;11;14;1645;1;1;1;1;3;28;CD 559 (CHEMIN DEPARTEME;M;4318942.0;565076.0;130
12172;201500013486;15;11;16;900;1;2;1;1;1;28;815, LAVAUX (BOULEVARD D;M;4319724.0;562745.0;130
12173;201500013488;15;11;18;1845;5;2;1;1;1;28;119, ROOSEVELT (AVENUE F;M;4318478.0;561827.0;130
12174;201500013489;15;11;19;1630;1;2;1;1;1;28;273-345, BODIN (AVENUE E;M;4318795.0;560534.0;130
12175;201500013490;15;11;21;1200;1;2;1;1;1;28;WILSON (AVENUE PRESIDENT;M;4317883.0;561113.0;130
12176;201500013491;15;11;24;1310;1;2;3;1;1;28;414, GASSION (AVENUE FER;M;4318036.0;560519.0;130
12177;201500013492;15;11;27;1820;3;1;1;1;3;28;1753, ROUMANILLE (AVENUE;M;4320171.0;562336.0;130
12178;201500013493;15;11;28;1555;1;2;6;1;3;28;DULAC (AVENUE GUILLAUME);M;4319898.0;561681.0;130
12179;201500013494;15;12;2;1545;1;2;1;1;3;28;226, KENNEDY (AVENUE PRE;M;4317927.0;560189.0;130
12180;201500013495;15;12;3;1500;1;2;1;1;6;28;297, Chemin Notre Dame d;M;4316993.0;559462.0;130
12181;201500013496;15;12;7;1750;5;2;6;1;3;28;Rond Point DULAC/ROVARCH;M;4319244.0;560948.0;130
12182;201500013497;15;12;8;800;2;1;1;1;1;28;2749, BODIN (AVENUE EMIL;M;4320660.0;558470.0;130
12183;201500013498;15;12;8;1245;1;2;1;1;1;28;973, GASSION **;M;4318475.0;560706.0;130
12184;201500013499;15;12;9;1750;5;2;1;1;5;28;CD40B;M;4319271.0;560329.0;130
12185;201500013501;15;12;15;830;1;2;1;1;5;28;1015, ROUMANILLE (AVENUE;M;4320012.0;562244.0;130
12186;201500013503;15;12;16;1220;1;2;1;1;5;28;1660, POISSONNIERS**CHEM;M;4320439.0;561642.0;130
12187;201500013504;15;12;16;1245;1;2;1;1;2;28;55, ROUMANILLE (AVENUE J;M;4319256.0;561783.0;130
12188;201500013505;15;12;17;835;1;2;2;1;6;28;21, CAMUSSO (AVENUE MARC;M;4317875.0;559749.0;130
12189;201500013506;15;12;17;905;1;2;1;1;3;28;559, GASSION**AVENUE FER;M;4318517.0;560733.0;130
12190;201500013507;15;12;18;1345;1;1;1;1;3;28;1050, TRAMONTANE (AVENUE;M;4320321.0;560560.0;130
12191;201500013508;15;12;23;1220;1;2;1;8;2;28;38, REPUBLIQUE (BOULEVA;M;4317682.0;560666.0;130
12192;201500013509;15;3;15;1945;3;1;1;3;5;47;100, RN 1569;;;;130
12193;201500013510;15;12;2;120;3;1;1;1;2;98;D.5;;;;130
12194;201500013511;15;4;28;1615;1;1;1;1;5;47;RN 1569;;;;130
12195;201500013512;15;1;24;15;3;1;1;1;7;63;D 10;;;;130
12196;201500013513;15;1;9;1550;1;2;1;1;6;54;ROSTAND  RUE EDMOND;;;;130
12197;201500013515;15;1;19;1809;2;2;1;2;6;54;DE GAULLE  AVE GAL DE;;;;130
12198;201500013516;15;4;11;2320;5;2;2;1;3;54;GARROS  RUE ROLAND;M;4341617.0;521916.0;130
12199;201500013517;15;1;23;1430;1;2;1;1;1;102;59, MOULIN  BLD JEAN;M;4341026.0;525288.0;130
12200;201500013518;15;4;21;625;2;2;3;1;3;54;21, COMBATTANT A.F.N.;;;;130
12201;201500013521;15;1;30;1125;1;2;1;1;1;43;POUSARAQUE  AVENUE DE LA;;;;130
12202;201500013522;15;4;28;1005;1;2;3;1;3;54;PLAGE  ROUTE DE LA;M;4342693.0;521013.0;130
12203;201500013523;15;2;2;1845;3;2;1;8;1;54;BEUGONS  CHEMIN DES;;;;130
12204;201500013527;15;2;19;1755;2;2;1;1;3;43;POUSARAQUE  AVENUE DE LA;;;;130
12205;201500013528;15;6;3;725;1;1;3;1;3;54;MIRABEAU  CRS;M;4341562.0;521670.0;130
12206;201500013529;15;2;22;2200;3;2;1;1;6;102;164, BD DES REGANATS;;;;130
12207;201500013530;15;6;11;2055;2;2;2;1;3;54;SALAN  AVE GENERAL;M;4340369.0;521704.0;130
12208;201500013532;15;6;23;1925;1;2;3;1;1;102;FERRISSE  BLD ROBERT;M;4341891.0;524415.0;130
12209;201500013533;15;6;26;1300;1;2;1;1;6;54;DE GAULLE  AVE GAL DE;;;;130
12210;201500013534;15;6;26;2015;1;2;1;1;2;54;LIBERATION  AVE DE LA;;;;130
12211;201500013535;15;6;26;2245;4;1;1;1;2;43;FERNANDEL  AVENUE;;;;130
12212;201500013536;15;7;2;2030;1;2;3;1;3;43;9, GRANETTES  RUE DES;M;4339483.0;523961.0;130
12213;201500013537;15;7;17;1430;1;2;1;1;1;102;1078, ABBADIE  BLD;M;4341317.0;524908.0;130
12214;201500013538;15;7;26;930;1;1;1;1;2;43;ROVE  AVENUE DU;;;;130
12215;201500013539;15;7;31;1150;1;2;3;1;3;102;DUNANT  AVENUE HENRI;M;4340502.0;525878.0;130
12216;201500013540;15;8;6;1605;1;1;1;1;1;102;JUIN  AVENUE MARECHAL;;;;130
12217;201500013542;15;9;15;840;1;2;1;1;4;102;37, MOULIN  BLD JEAN;M;4341147.0;525141.0;130
12218;201500013543;15;9;17;1700;1;2;1;1;6;54;GARROS  RUE ROLAND;;;;130
12219;201500013545;15;9;22;940;1;1;1;1;2;43;1184, MITTERAND  AV. FRA;M;4339762.0;525457.0;130
12220;201500013546;15;10;1;1405;1;2;3;1;5;102;SYBILLES  RUE DES;M;4341591.0;527207.0;130
12221;201500013548;15;10;6;455;3;1;1;1;6;43;1221, FRANCOIS MITTERAND;M;4339789.0;525518.0;130
12222;201500013549;15;10;9;1145;1;2;1;1;6;54;39, COMBATTANT A.F.N.;M;4340693.0;522183.0;130
12223;201500013550;15;10;13;1655;1;2;1;1;3;102;RAUMARTIN  AVENUE DU;;;;130
12224;201500013551;15;10;13;1950;3;1;6;1;3;54;CD9;;;;130
12225;201500013552;15;10;19;1250;1;1;1;1;2;54;HUIT MAI 1945  AVE DU;;;;130
12226;201500013553;15;10;24;1745;1;2;1;1;3;54;POULIDOR  RUE RAYMOND;M;4342309.0;520796.0;130
12227;201500013554;15;10;29;1600;1;2;2;1;3;54;FIGUERAS  RUE DE;M;4342111.0;520777.0;130
12228;201500013556;15;11;13;2150;5;2;3;1;3;43;POUSARAQUE  AV DE LA;M;4338792.0;522980.0;130
12229;201500013557;15;11;24;1756;2;2;1;1;4;43;;;;;130
12230;201500013558;15;11;26;1214;1;1;1;1;1;102;ROMETTES (PARC D'ACTIVIT;;;;130
12231;201500013559;15;12;1;1540;1;2;1;1;4;54;HUIT MAI 1945  AVE DU;;;;130
12232;201500013560;15;12;6;1630;1;2;6;2;3;102;HUIT MAI 45  AVENUE DU;M;4341862.0;522951.0;130
12233;201500013561;15;12;7;1945;4;2;3;1;6;54;COMBATTANT A.F.N.;;;;130
12234;201500013562;15;12;10;1735;3;1;1;1;3;54;MARTIGUES  RTE DE;;;;130
12235;201500013563;15;12;13;1005;1;2;1;1;1;54;DUBOS  RUE RENE;;;;130
12236;201500013564;15;12;31;2340;5;2;1;1;6;55;178, FRANCOISE DUPARC (B;M;4330933.0;540298.0;130
12237;201500013565;15;3;12;930;1;2;2;1;3;55;ITALIE (RUE D');;;;130
12238;201500013566;15;1;2;1920;5;2;6;1;6;55;00, RPT DE MAZARGUES;M;4325060.0;540345.0;130
12239;201500013567;15;3;17;1415;1;2;1;1;3;55;2 boulevard les peuplier;M;4333727.0;539170.0;130
12240;201500013568;15;3;17;1445;1;2;1;1;5;55;229, CHATEAU GOMBERT (AV;M;4334612.0;542572.0;130
12241;201500013569;15;3;17;1520;1;2;2;1;7;55;37, SAINT LOUIS (AVENUE;M;4334406.0;535945.0;130
12242;201500013570;15;3;13;1035;1;2;2;1;3;55;ALBERT COHEN (RUE);M;4336134.0;533725.0;130
12243;201500013571;15;3;17;1200;1;2;1;1;6;55;70, JOSEPH AIGUIER (CHEM;M;4325086.0;541339.0;130
12244;201500013572;15;4;13;755;1;2;1;1;6;55;DUNKERQUE  (BOULEVARD DE;M;4330838.0;536822.0;130
12245;201500013573;15;3;17;1610;1;2;1;1;3;55;18, GASTON CREMIEUX (RUE;M;4327932.0;537962.0;130
12246;201500013574;15;12;27;1530;1;2;1;1;3;55;SAINT PIERRE (RUE);;;;130
12247;201500013575;15;3;18;1430;1;2;1;1;4;75;23, JEAN GIONO (AVE);M;4334592.0;545486.0;130
12248;201500013576;15;12;3;1345;1;2;1;1;7;55;22, LONGCHAMP (BOULEVARD;M;4330110.0;538779.0;130
12249;201500013577;15;3;18;1730;1;2;1;1;1;55;63, ROBERT SCHUMANN (AVE;M;4330427.0;536693.0;130
12250;201500013578;15;3;18;1940;1;2;1;1;3;55;221, CHATEAU GOMBERT (AN;M;4334579.0;542482.0;130
12251;201500013581;15;3;18;1545;1;2;3;1;3;55;36, LOUIS SALVATOR (BOUL;M;4329116.0;538303.0;130
12252;201500013582;15;12;31;1130;1;2;1;1;6;55;41, TURCAT MERY ALLE (A;M;4328088.0;538884.0;130
12253;201500013583;15;3;17;1355;1;2;2;1;3;55;42, BRUYS (RUE DE);M;4329461.0;538897.0;130
12254;201500013584;15;3;19;550;2;2;1;1;2;55;PEINTRES*ROUX (AVENUE DE;;;;130
12255;201500013586;15;3;19;1045;1;2;1;1;3;55;38, LESSEPS (RUE DE);M;4332025.0;537169.0;130
12256;201500013587;15;3;16;850;1;2;1;1;3;55;75, RABATAU (BOULEVARD);M;4327553.0;539603.0;130
12257;201500013588;15;3;16;650;1;2;1;1;3;55;31, VOLTAIRE    IMPAIRS;M;4330279.0;538462.0;130
12258;201500013589;15;3;19;1615;1;2;1;1;6;2;495, VALLON VERT (AVENUE;M;4333638.0;545976.0;130
12259;201500013590;15;3;19;1745;1;2;9;1;6;55;74, LODI (RUE DE);M;4328925.0;538734.0;130
12260;201500013591;15;3;20;815;1;2;1;2;6;55;06, LANTHIER (RUE);M;4330791.0;537208.0;130
12261;201500013592;15;3;20;1350;1;2;2;1;3;55;34, FRANCOISE DUPARC (BO;M;4330193.0;540054.0;130
12262;201500013593;15;3;20;1725;1;2;1;1;3;55;8, BLANCARDE (BOULEVARD);M;4330267.0;539736.0;130
12263;201500013594;15;3;20;2250;5;2;2;1;3;75;01, FR?D?RIC CHEVILLON (;M;4334747.0;546376.0;130
12264;201500013595;15;3;21;120;5;2;1;1;6;55;03, CAILLOLS (AVENUE DES;M;4328620.0;547694.0;130
12265;201500013596;15;3;19;1800;2;2;1;1;3;55;82, MICHELET (BOULEVARD);M;4326700.0;539441.0;130
12266;201500013597;15;3;16;1215;1;2;1;1;2;55;230, MORGIOU (CHEMIN DE);M;4323431.0;541165.0;130