;Num_Acc;an;mois;jour;hrmn;lum;agg;int;atm;col;com;adr;gps;lat;long;dep
12267;201500013598;15;3;20;1355;1;2;1;1;3;55;259, CAPELETTE (AVENUE D;M;4327923.0;541175.0;130
12268;201500013599;15;3;21;552;5;2;2;1;3;55;70, CANEBIERE     1 A 79;M;4329762.0;538109.0;130
12269;201500013601;15;3;22;315;5;2;1;2;3;55;145, L?ON LACHAMP (ROUTE;M;4324892.0;544214.0;130
12270;201500013603;15;3;17;1145;1;1;1;8;6;2;00, ETIENNE CUCCA-CD908;;;;130
12271;201500013604;15;6;3;920;1;1;1;8;6;2;00, ETIENNE CUCCA-CD908;;;;130
12272;201500013605;15;3;17;1220;1;2;1;1;6;55;37, CAILLOLS (AVENUE DES;M;4330380.0;542634.0;130
12273;201500013606;15;3;16;1800;1;2;1;2;6;55;232, ROMAIN ROLLAND (BOU;M;4327397.0;541428.0;130
12274;201500013608;15;1;2;1630;1;2;1;1;6;55;226, BD ROMAIN ROLLAND;M;4327420.0;541465.0;130
12275;201500013609;15;3;23;1530;1;2;1;1;1;55;03, MAISON BLANCHE (TRAV;M;4332854.0;537489.0;130
12276;201500013610;15;3;19;900;1;2;3;1;3;55;44, VALLON DE L (CHEMIN);M;4328222.0;536337.0;130
12277;201500013611;15;3;23;1030;1;2;2;1;1;55;51, LIBERTE (BOULEVARD D;M;4330218.0;538339.0;130
12278;201500013612;15;1;11;1415;1;2;1;1;7;55;02, ALL DE LA MONTAGNETT;M;4334857.0;537295.0;130
12279;201500013613;15;3;23;1145;1;2;1;1;3;55;87, PARIS (BOULEVARD DE);M;4330920.0;537055.0;130
12280;201500013614;15;3;23;1950;5;2;1;1;6;55;17, MILLIERE (BOULEVARD;M;4328369.0;549372.0;130
12281;201500013615;15;3;18;1500;1;2;8;1;6;55;20, COLBERT (RUE);M;4329929.0;537382.0;130
12282;201500013616;15;3;24;1600;1;2;1;8;3;55;PINS (ALLEE DES);M;4325376.0;541534.0;130
12283;201500013617;15;3;24;1830;2;2;1;1;3;55;79, ROMAIN ROLLAND (BOUL;M;4327905.0;542270.0;130
12284;201500013619;15;3;24;1915;5;2;1;1;6;55;74, CLOVIS HUGUES (RUE);M;4331102.0;538462.0;130
12285;201500013621;15;3;25;1200;1;2;3;2;3;55;300, PRADO (AVENUE);M;4327290.0;539076.0;130
12286;201500013622;15;1;3;1849;5;2;1;1;1;55;343, BD ROMAIN ROLLAND;M;4327124.0;540903.0;130
12287;201500013623;15;3;22;1150;1;2;1;1;6;55;10, MENDES FRANCE (AVENU;;;;130
12288;201500013624;15;3;19;2010;5;2;2;1;3;55;00, ROLAND DORGELES (BO;M;4334728.0;537838.0;130
12289;201500013625;15;3;25;1615;1;2;1;1;6;55;150, CANEBIERE     70 A;M;4329866.0;538410.0;130
12290;201500013626;15;3;25;1214;1;2;7;1;1;55;278, OLIVES (AVENUE DES);M;4332352.0;544542.0;130
12291;201500013628;15;3;26;750;1;2;1;1;2;55;280, MICHELET (BOULEVARD;M;4326182.0;539733.0;130
12292;201500013629;15;3;26;940;1;2;1;1;6;55;105, CAMILLE PELLETAN (A;M;4330662.0;537353.0;130
12293;201500013630;15;1;5;900;1;2;1;1;6;55;01, PCE DU DOCTEUR VAUTH;;;;130
12294;201500013631;15;1;6;1050;1;2;2;1;3;55;00, CV DE LA MILLIERE A;;;;130
12295;201500013632;15;3;26;1805;1;2;2;1;6;55;20, PIERRE PUGET (COURS);M;4329042.0;537577.0;130
12296;201500013634;15;1;4;1430;1;2;1;1;2;55;121, AVE DE SAINT JULIEN;M;4330709.0;542299.0;130
12297;201500013635;15;3;26;2130;5;2;3;1;3;55;83, CAPELETTE (AVENUE DE;M;4328229.0;540308.0;130
12298;201500013636;15;1;5;1420;1;2;3;1;3;55;00, AVE DE MONTOLIVET;M;4331355.0;541307.0;130
12299;201500013637;15;3;26;1315;1;2;1;1;1;55;16, MICHELET (BOULEVARD);M;4327156.0;539159.0;130
12300;201500013638;15;3;27;820;1;2;2;1;6;55;63, AUDIENCE (RUE DE L');M;4329611.0;548662.0;130
12301;201500013639;15;1;6;1810;5;2;1;1;6;55;07, SQ SIDI BRAHIM;M;4329741.0;539847.0;130
12302;201500013640;15;3;27;1000;1;1;1;1;6;55;6, HUVEAUNE (BOULEVARD D;M;4327451.0;540872.0;130
12303;201500013641;15;1;5;1840;5;2;1;1;6;55;AVE RAIMU;;;;130
12304;201500013642;15;3;27;945;1;2;1;1;6;55;363, PARADIS (RUE);M;4327743.0;538355.0;130
12305;201500013643;15;3;27;1830;1;1;1;1;2;55;0, CHEMIN DU LITTORAL (C;;;;130
12306;201500013644;15;3;27;2120;5;2;1;1;1;55;120, ALPHONSE DAUDET (RU;M;4332108.0;541037.0;130
12307;201500013645;15;3;28;5;5;2;1;1;6;55;181, MONTOLIVET (AVENUE;M;4331223.0;541130.0;130
12308;201500013646;15;1;3;1215;1;2;1;1;2;55;06, AVE DE CHATEAU GOMBE;M;4335180.0;543408.0;130
12309;201500013647;15;3;27;730;1;2;1;1;3;55;ALEX. FLEMING (BOULEVARD;;;;130
12310;201500013649;15;3;28;1430;1;2;1;1;6;55;5, BONNET (TRAVERSE);M;4332852.0;542127.0;130
12311;201500013650;15;1;6;2140;5;2;1;1;7;55;0, BD D ATHENES;;;;130
12312;201500013651;15;3;28;1535;1;2;1;1;3;55;166, CHARTREUX (AVENUE D;M;4330895.0;540043.0;130
12313;201500013652;15;3;28;1510;1;1;1;1;6;55;53, STRASBOURG (BOULEVAR;M;4330840.0;537727.0;130
12314;201500013653;15;3;22;2140;5;2;1;1;3;55;3, SAINT BARNABE (AVENUE;M;4330396.0;540723.0;130
12315;201500013654;15;1;7;700;5;2;1;1;6;55;24, BD SCHLOESING;M;4327441.0;539992.0;130
12316;201500013655;15;3;27;1950;5;2;1;6;6;55;, COMTESSE (BOULEVARD DE;M;4331404.0;544742.0;130
12317;201500013656;15;1;6;755;1;2;1;1;6;55;67, RUE AVIATEUR LE BRIX;M;4325912.0;540017.0;130
12318;201500013657;15;3;24;850;1;2;1;1;6;55;5, JOLIETTE (QUAI DE LA);M;4330378.0;536506.0;130
12319;201500013658;15;1;2;2300;5;2;3;1;6;55;73, AVE DE LA VISTE;M;4335745.0;535747.0;130
12320;201500013659;15;3;30;900;1;2;1;1;6;55;191, VALBARELLE (BOULEVA;M;4328859.0;545359.0;130
12321;201500013660;15;3;27;1500;1;2;1;1;6;55;19, CAPITAINE GEZE (BOUL;M;4333029.0;537013.0;130
12322;201500013661;15;3;24;1900;5;2;3;1;3;55;347, SAINT PIERRE (RUE);M;4329178.0;540749.0;130
12323;201500013662;15;3;30;1645;1;2;2;1;3;55;Avenue de la Barquière;M;4324417.0;539643.0;130
12324;201500013663;15;3;11;1640;1;2;1;1;5;55;330, SAINTE MARGUERITE (;;;;130
12325;201500013664;15;12;9;2105;5;2;1;1;6;55;168, SAINT PIERRE (RUE);M;4329239.0;539743.0;130
12326;201500013666;15;1;9;1800;5;2;1;1;6;55;96, AVE DU MERLAN;M;4334085.0;540745.0;130
12327;201500013667;15;3;30;1710;1;2;1;1;1;55;9, TUILERIES (CHEMIN DES;M;4335206.0;534201.0;130
12328;201500013668;15;1;12;1700;1;2;1;1;6;55;01, QAI DE RIVE NEUVE;M;4329406.0;537400.0;130
12329;201500013669;15;3;31;819;1;2;1;1;3;55;279, CORNICHE KENNEDY;M;4327772.0;535581.0;130
12330;201500013670;15;1;8;2130;5;2;2;1;3;55;01, PCE ERNEST DELIBES;M;4327908.0;538285.0;130
12331;201500013671;15;3;31;835;1;2;1;1;3;55;ALBERT MARQUET (RUE);M;0.0;0.0;130
12332;201500013672;15;1;6;1730;2;2;1;1;6;55;252, RTE DES TROIS LUCS;M;4329901.0;548066.0;130
12333;201500013674;15;1;10;1530;1;1;1;1;7;55;RTE LEON LACHAMP;;;;130
12334;201500013676;15;1;8;900;1;2;1;1;6;55;12, PCE NOTRE DAME DU MO;M;4329205.0;538396.0;130
12335;201500013677;15;3;31;1740;1;2;3;1;6;55;226, ROGER SALENGRO (AVE;M;4331996.0;536747.0;130
12336;201500013678;15;1;12;1330;1;2;2;1;6;55;257, AVE DU PRADO;M;4327622.0;538920.0;130
12337;201500013679;15;3;31;2130;5;2;2;1;3;55;130, PRADO (AVENUE);M;4328039.0;538720.0;130
12338;201500013680;15;1;8;1310;1;2;1;1;4;55;60, TRA PARANGON;M;4324265.0;537829.0;130
12339;201500013681;15;4;1;855;1;1;1;1;6;55;48, PAUL CLAUDEL (BOULEV;M;4326849.0;540907.0;130
12340;201500013682;15;1;7;1815;5;2;1;1;6;55;393, AVE DU PRADO;M;4326866.0;538566.0;130
12341;201500013683;15;4;1;1230;1;2;1;1;3;55;00, ROVE (ROUTE DU);;;;130
12342;201500013684;15;1;1;2210;5;2;2;1;6;55;00, AVE DU PRADO;M;4327986.0;538684.0;130
12343;201500013685;15;4;1;1400;1;2;1;6;2;55;MENDES FRANCE (AVENUE);M;0.0;0.0;130
12344;201500013686;15;4;1;1335;1;2;1;1;3;55;497, SAINT PIERRE (RUE);M;4329105.0;541749.0;130
12345;201500013688;15;4;1;1530;1;2;1;1;1;55;74, JARRE (AVENUE DE LA);M;4323568.0;540331.0;130
12346;201500013689;15;3;26;1815;1;2;1;1;2;55;BAILLE (BOULEVARD);M;4328885.0;539472.0;130
12347;201500013690;15;4;1;1830;1;2;2;1;6;55;14, STANISLAS TORRENTS (;M;4328898.0;537763.0;130
12348;201500013691;15;4;2;750;1;2;1;1;6;55;21, ALEX ANSALDI (RUE);M;4333532.0;540009.0;130
12349;201500013692;15;1;7;1130;1;1;1;1;6;55;23, BD ERNEST GASQUY;M;4330223.0;542266.0;130
12350;201500013693;15;4;2;730;1;2;1;1;1;55;127, OLIVES (AVENUE DES);M;4332669.0;543782.0;130
12351;201500013694;15;3;25;1645;1;1;7;1;7;55;1, FRAIS VALLON (AVENUE);M;4332504.0;543425.0;130
12352;201500013695;15;1;8;1840;5;2;1;1;6;55;64, BD DE LA COMTESSE;M;4331501.0;544742.0;130
12353;201500013696;15;4;2;1620;1;2;1;1;1;55;CARAVELLE (RUE);M;4331730.0;537106.0;130
12354;201500013697;15;12;24;900;1;2;1;1;2;55;310, CHATEAU GOMBERT CHE;M;4334956.0;543129.0;130
12355;201500013698;15;1;7;720;2;2;1;1;7;55;22, MTE D' EOURES;M;4330040.0;551199.0;130
12356;201500013699;15;4;2;1730;1;2;1;1;3;55;100, JULES CANTINI (AVEN;M;4328206.0;539077.0;130
12357;201500013700;15;1;16;1400;1;2;1;8;6;55;38, AVE DES CAILLOLS;M;4330399.0;542492.0;130
12358;201500013701;15;4;2;2100;5;2;1;1;6;55;168, SAINT LOUIS (AVENUE;M;4334895.0;535888.0;130
12359;201500013702;15;4;2;815;1;2;1;1;7;55;17, MARIUS THOMAS (BOULE;M;4328481.0;536112.0;130
12360;201500013703;15;1;13;1900;3;2;1;1;6;55;02, BD FRANCOISE DUPARC;M;4330030.0;540072.0;130
12361;201500013704;15;4;2;1205;1;2;1;1;4;55;JEAN PAUL SARTRE (AVENUE;;;;130
12362;201500013705;15;1;12;2010;5;2;1;1;2;55;203, BD DE LA LIBERATION;M;4330216.0;539476.0;130
12363;201500013706;15;4;2;1100;1;2;2;1;7;55;65, LIBERATION (BOULEVAR;M;4330020.0;538872.0;130
12364;201500013707;15;4;3;1330;1;2;1;1;7;55;L?ON LACHAMP (ROUTE);;;;130
12365;201500013708;15;1;8;900;1;2;1;1;6;55;123, RUE PIERRE DOIZE;M;4327674.0;542696.0;130
12366;201500013709;15;4;3;1230;1;2;1;1;3;55;ARNAVAUX (AVENUE DES);;;;130
12367;201500013710;15;1;13;915;1;2;1;1;6;55;130, AVE JEAN PAUL SARTR;;;;130
12368;201500013711;15;4;3;1515;1;1;1;1;3;55;2, VALBARELLE (CHEMIN DE;M;4328287.0;543317.0;130
12369;201500013712;15;3;27;1530;1;2;1;1;4;55;30, MONTGRAND (RUE);M;4329152.0;537796.0;130
12370;201500013713;15;1;9;2130;5;2;1;1;6;55;430, AVE DE LATTRE DE TA;M;4324498.0;542483.0;130
12371;201500013714;15;4;4;330;5;1;1;1;7;55;LAZARET (QUAI DU);;;;130
12372;201500013715;15;1;7;1645;1;2;1;1;4;55;01, BD DES BASSINS DE RA;M;4332379.0;536089.0;130
12373;201500013716;15;4;4;520;5;1;1;1;6;55;86, BAILLE (BOULEVARD);M;4328756.0;538996.0;130
12374;201500013718;15;4;3;1730;1;2;2;1;6;55;TIMONE (AVENUE DE LA);M;4328692.0;541249.0;130
12375;201500013719;15;4;4;545;5;2;1;1;6;55;LYON (RUE DE);;;;130
12376;201500013720;15;4;4;810;1;2;1;1;3;55;43, REGATES (IMPASSE DES;M;4324359.0;537089.0;130
12377;201500013721;15;1;6;1800;2;2;6;1;6;55;467, CHE DU LITTORAL;M;4335169.0;533973.0;130
12378;201500013722;15;4;4;1520;1;2;1;1;5;55;68, CORNICHE KENNEDY;M;4328581.0;535081.0;130
12379;201500013723;15;1;4;2340;5;2;1;1;6;55;302, BD NATIONAL;M;4331214.0;537677.0;130
12380;201500013725;15;1;3;1255;1;2;3;1;1;55;411, AVE DE SAINT ANTOIN;M;4338331.0;535833.0;130
12381;201500013727;15;4;10;1330;1;2;1;1;3;55;39, MASSENET (BOULEVARD);M;4334184.0;538064.0;130
12382;201500013729;15;1;24;1501;1;2;1;1;2;55;340, AVE DE LA CAPELETTE;M;4327984.0;541615.0;130
12383;201500013731;15;1;24;510;5;2;1;1;6;55;12, AVE DES CHARTREUX;M;4330313.0;539736.0;130
12384;201500013732;15;4;5;2330;5;2;3;1;3;55;171, BAILLE (BOULEVARD);M;4328980.0;539816.0;130
12385;201500013733;15;1;23;2245;5;2;1;1;6;55;87, BD TELLENE;M;4328505.0;536848.0;130
12386;201500013734;15;4;1;1800;1;2;1;1;6;55;PRADO (AVENUE);M;4328498.0;538393.0;130
12387;201500013735;15;4;6;1645;1;2;1;1;5;55;167, ROVE (ROUTE DU);;;;130
12388;201500013736;15;4;6;2230;5;2;3;1;5;55;101, CORNICHE KENNEDY;M;4328836.0;535307.0;130
12389;201500013737;15;1;28;1125;1;1;1;1;1;55;3 virages, RTE LEON LACH;;;;130
12390;201500013738;15;4;7;900;1;2;1;1;2;55;20, COLGATE (TRAVERSE);M;4323436.0;540944.0;130
12391;201500013739;15;4;7;830;1;2;3;1;3;55;BELSUNCE (COURS);M;4329743.0;537710.0;130
12392;201500013740;15;4;7;1000;1;2;1;1;6;55;136, PAUL CLAUDEL (BOULE;M;4326827.0;541388.0;130
12393;201500013741;15;4;6;1830;1;2;2;1;3;55;9, ROTONDE (RUE DE LA);M;4330048.0;538320.0;130
12394;201500013742;15;4;7;1230;1;2;1;1;2;55;12, LIEUTAUD (COURS);M;4329527.0;538172.0;130
12395;201500013743;15;4;7;1540;1;1;1;1;2;55;MALLONIERS (AVENUE);;;;130
12396;201500013744;15;1;28;1645;1;2;6;1;6;55;07, AVE DE LA CAPELETTE;M;4328356.0;539912.0;130
12397;201500013745;15;4;6;1730;1;2;1;1;2;55;90, CANEBIERE    81 A FI;M;4329786.0;538176.0;130
12398;201500013746;15;1;10;245;5;2;2;1;6;55;08, RUE BRETEUIL;M;4329242.0;537494.0;130
12399;201500013747;15;4;7;1630;1;2;1;1;6;55;JEAN PAUL SARTRE (AVENUE;;;;130
12400;201500013748;15;1;29;650;5;2;1;1;6;55;310, BD DE SAINT MARCEL;M;4328623.0;547390.0;130
12401;201500013749;15;4;7;1600;1;2;1;1;6;55;1, FRAN?OISE DUPARC (BOU;M;4330078.0;540067.0;130
12402;201500013750;15;4;7;1850;1;2;1;1;6;55;41, CANEBIERE     1 A 79;M;4329629.0;537737.0;130
12403;201500013751;15;4;7;1920;1;2;2;1;3;55;MIMET (CHEMIN DE);M;4337937.0;535774.0;130
12404;201500013752;15;1;15;1650;2;2;1;1;6;55;47, AVE SAINT PAUL;M;4332824.0;540689.0;130
12405;201500013753;15;4;7;2250;5;2;1;1;1;55;0, RAYMOND TEISSERE (RUE;;;;130
12406;201500013754;15;4;8;830;1;2;1;1;3;55;397, ROMAIN ROLLAND (BOU;M;4326990.0;540602.0;130
12407;201500013755;15;4;8;1620;1;2;1;1;6;55;LEDRU ROLLI (BOULEVARD);;;;130
12408;201500013756;15;1;16;1400;1;2;1;8;6;55;76, RUE DE LODI;M;4328919.0;538739.0;130
12409;201500013757;15;4;8;1830;1;2;1;1;7;55;5, BAILLE (BOULEVARD);M;4328629.0;538486.0;130
12410;201500013759;15;4;9;240;5;2;1;1;1;55;00, PLOMBIERES (BOULEVAR;;;;130
12411;201500013760;15;4;2;955;1;2;1;1;1;55;60, VOLTAIRE    PAIRS (B;M;4330338.0;538577.0;130
12412;201500013761;15;4;9;1115;1;1;1;1;3;55;1, 24 AVRIL 15 (AVENUE D;M;4330762.0;542545.0;130
12413;201500013762;15;3;28;1240;1;2;1;1;6;55;41, ANTOINE FORTUNE MARI;M;4323752.0;540428.0;130
12414;201500013763;15;4;9;1940;1;2;1;1;7;55;SAINT JULIEN (AVENUE DE;M;4330729.0;542394.0;130
12415;201500013764;15;4;10;40;5;2;1;1;7;2;00, PROVENCE (AVENUE DE);;;;130
12416;201500013765;15;4;10;10;5;2;1;1;6;55;8, JEAN LOMBARD (AVENUE);M;4328931.0;542733.0;130
12417;201500013766;15;11;14;2130;5;2;9;1;3;55;6, ROGER BRUN (RUE);M;4328671.0;539036.0;130
12418;201500013767;15;4;9;1600;1;1;1;1;6;55;107, POILUS (AVENUE DES);M;4332402.0;545606.0;130
12419;201500013768;15;4;4;935;1;2;1;1;3;55;126, ADRIEN LEGROS (ROND;;;;130
12420;201500013770;15;4;10;1615;1;2;1;1;1;55;58, COROT (AVENUE);M;4332253.0;540687.0;130
12421;201500013771;15;1;17;1730;5;2;1;1;6;55;00, BD CHARLES LIVON;;;;130
12422;201500013772;15;4;10;2325;5;2;1;1;6;55;13, MADON (RUE);M;4329429.0;539980.0;130
12423;201500013774;15;4;10;1040;1;2;3;1;3;55;NICOLAS APPERT (RUE);M;4333967.0;541460.0;130
12424;201500013775;15;1;1;1705;2;2;1;1;6;55;23, BD DE MONTRICHER;M;4330552.0;539339.0;130
12425;201500013776;15;4;11;1335;1;2;1;1;6;55;MICHELET (BOULEVARD);;;;130
12426;201500013777;15;4;11;1530;1;2;1;1;3;55;00., MICHELET (BOULEVARD;;;;130
12427;201500013778;15;1;16;1810;5;2;3;3;6;106;02, 8 MAI 1945 (AVENUE D;;;;130
12428;201500013779;15;4;11;1745;1;2;1;1;2;55;340, ROMAIN ROLLAND (BOU;M;4327080.0;540795.0;130
12429;201500013780;15;1;2;1825;3;2;1;1;6;55;31, PRO GEORGES POMPIDOU;M;4326610.0;537291.0;130
12430;201500013781;15;4;11;2145;5;2;1;1;1;55;01, LIBERATION (BOULEVAR;M;4329911.0;538542.0;130
12431;201500013782;15;1;13;920;1;2;1;1;2;55;07, CHE DES AMARYLLIS;M;4331750.0;543925.0;130
12432;201500013783;15;4;11;1800;1;2;1;1;3;55;1, LIEUTAUD (COURS);M;4329580.0;538156.0;130
12433;201500013784;15;4;7;800;1;2;1;1;6;55;145, BAILLE (BOULEVARD);M;4328861.0;539378.0;130
12434;201500013785;15;2;1;1930;5;2;1;1;6;55;141, AVE DE HAMBOURG;M;4324705.0;539350.0;130
12435;201500013786;15;4;10;1630;1;2;1;1;6;55;19, CIGALES (AVENUE DES);M;4331119.0;542101.0;130
12436;201500013787;15;2;2;1130;1;2;1;1;5;55;00, CHE DE LA PARETTE;;;;130
12437;201500013788;15;4;12;1115;1;2;1;1;6;55;12, PORT (QUAI DU);M;4329629.0;537317.0;130
12438;201500013789;15;3;26;1645;1;2;1;1;6;55;22, BOSSUET (RUE);M;4328481.0;537879.0;130
12439;201500013790;15;2;2;1840;5;2;1;1;1;55;43, AVE DE SAINT JEROME;M;4332974.0;541901.0;130
12440;201500013791;15;3;26;1840;1;2;2;1;3;55;39, ENDOUME (RUE D');M;4328984.0;536628.0;130
12441;201500013792;15;1;17;1430;1;2;1;1;6;55;141, AVE DE HAMBOURG;M;4324705.0;539349.0;130
12442;201500013793;15;4;7;1830;1;2;6;1;6;55;00, MERY (RUE);M;4329925.0;537150.0;130
12443;201500013795;15;4;12;2030;5;2;1;1;3;55;20, CRIMEE (RUE DE);M;4330572.0;538209.0;130
12444;201500013796;15;1;10;1830;5;2;1;1;6;55;125, AVE DE MAZARGUES;M;4326658.0;538981.0;130
12445;201500013797;15;4;12;2300;5;2;1;1;3;55;WILLIAM BOOTH (AVENUE);M;4329604.0;544641.0;130
12446;201500013798;15;4;13;10;5;2;1;1;5;55;133, TIMONE (AVENUE DE L;M;4328657.0;540958.0;130
12447;201500013799;15;4;12;1100;1;2;3;1;3;55;09, RIVE NEUVE (QUAI DE);M;4329345.0;537148.0;130
12448;201500013801;15;4;13;730;1;2;1;1;5;55;07, STRASBOURG (BOULEVAR;M;4330715.0;537519.0;130
12449;201500013803;15;4;13;945;1;2;9;1;3;55;117, BAILLE (BOULEVARD);M;4328800.0;539154.0;130
12450;201500013804;15;4;13;1135;1;2;2;1;6;55;Boulevard des Platanes;M;4327133.0;540911.0;130
12451;201500013805;15;4;12;1945;1;2;1;1;3;55;320, PRADO (AVENUE);M;4327210.0;539032.0;130
12452;201500013806;15;4;13;2030;2;2;3;1;2;55;235, LYON (RUE DE);M;4333344.0;536410.0;130
12453;201500013807;15;4;13;2245;5;2;1;1;2;55;44, JULES CANTINI (AVENU;M;4328369.0;538784.0;130
12454;201500013808;15;4;12;1830;1;1;1;1;4;55;2, RAMPE SAINT MAURICE;M;4329058.0;536364.0;130
12455;201500013809;15;4;11;145;5;2;6;1;3;55;99, SAKAKINI (BOULEVARD);M;4329353.0;540166.0;130
12456;201500013810;15;1;7;1745;3;2;2;1;6;55;100, RUE JAUBERT;M;4329783.0;539322.0;130
12457;201500013811;15;4;14;1340;1;2;1;1;3;55;1, PARETTE (PLACE DE LA);M;4329716.0;542344.0;130
12458;201500013812;15;4;14;1800;1;2;3;1;3;55;11, RIVE NEUVE (QUAI DE);M;4329334.0;537112.0;130
12459;201500013813;15;4;13;1200;1;2;3;1;1;55;256, TOULON (AVENUE DE);M;4328344.0;539696.0;130
12460;201500013814;15;1;14;1615;1;2;1;1;6;55;058, TRA POURRIERE;M;4324347.0;538463.0;130
12461;201500013815;15;4;14;1000;1;2;1;1;4;55;158, LIEUTAUD (COURS);M;4328783.0;538474.0;130
12462;201500013816;15;1;15;1230;1;2;1;1;2;55;132, RUE JULES ISAAC;M;4325004.0;540257.0;130
12463;201500013817;15;4;15;710;1;2;6;1;3;55;120, HAMBOURG (BOULEVARD;M;4325015.0;538912.0;130
12464;201500013818;15;1;11;1430;1;2;2;1;6;55;155, RUE PEYSSONNEL;M;4331405.0;536894.0;130
12465;201500013819;15;4;15;730;1;2;1;1;1;55;722, JEAN QUEILLAU (RUE);M;4333705.0;538586.0;130
12466;201500013820;15;1;12;1705;2;2;1;1;2;55;00, BD SAKAKINI;;;;130
12467;201500013821;15;4;15;830;1;2;1;1;3;55;1, FRAIS VALLON (AVENUE);M;4332504.0;543425.0;130
12468;201500013822;15;1;15;2020;5;2;1;1;6;55;76, RUE DE LA REPUBLIQUE;M;4330192.0;536943.0;130
12469;201500013823;15;4;2;1430;1;2;2;1;3;55;7, BEL AIR (RUE);M;4328960.0;538240.0;130
12470;201500013824;15;1;21;1320;1;2;1;3;7;55;RAM SAINT MAURICE;;;;130
12471;201500013825;15;4;8;1200;1;2;2;1;3;55;65, LIBERATION (BOULEVAR;M;4330020.0;538872.0;130
12472;201500013826;15;1;16;1820;3;2;1;2;6;55;109, AVE DE LA CAPELETTE;M;4328171.0;540438.0;130
12473;201500013828;15;1;24;1645;1;2;3;1;6;55;18, BD CHARLES NEDELEC;M;4330247.0;537719.0;130
12474;201500013829;15;4;9;1345;1;2;1;1;2;55;238, CORNICHE KENNEDY;M;4328006.0;535373.0;130
12475;201500013831;15;4;13;2230;5;2;1;1;2;55;171, TOULON (AVENUE DE);M;4328340.0;539756.0;130
12476;201500013832;15;1;7;1655;1;2;1;1;4;55;90, CRS GOUFFE;M;4328524.0;539076.0;130
12477;201500013833;15;4;16;115;5;1;1;1;6;55;12, JEAN LOMBARD (AVENUE;M;4328962.0;542684.0;130
12478;201500013834;15;12;30;2115;5;2;1;1;3;55;20, LON GAMBETTA (ALLEE;M;4329910.0;538201.0;130
12479;201500013835;15;4;14;1930;1;2;1;1;3;55;92, PONT DE VIVAUX (BOUL;M;4328089.0;542193.0;130
12480;201500013836;15;1;22;1845;5;2;3;1;6;55;41, VOI LA CANEBIERE;M;4329638.0;537765.0;130
12481;201500013837;15;4;15;1615;1;1;1;1;2;2;QUATRE SAISONS (ROUTE DE;;;;130
12482;201500013839;15;1;18;1430;1;2;1;1;2;55;01, RPT PIERRE PARAF;M;4333012.0;538903.0;130
12483;201500013840;15;4;14;1640;1;2;1;1;6;55;32, L?ON GAMBETTA (ALLEE;M;4329907.0;538265.0;130
12484;201500013841;15;1;9;920;1;2;1;1;6;55;148, BD DE LA LIBERATION;M;4330168.0;539325.0;130
12485;201500013842;15;4;16;745;1;2;1;1;2;55;JEAN QUEILLAU (RUE);M;4333283.0;538595.0;130
12486;201500013844;15;4;10;1820;1;2;1;1;3;55;22, AUBEPINES (ALLEE DES;M;4328135.0;554218.0;130
12487;201500013845;15;1;22;815;1;2;1;1;6;55;33, AVE ELLEON;M;4328385.0;544278.0;130
12488;201500013846;15;4;16;1305;1;2;1;1;3;55;111, PIERRE DOIZE  (RUE);M;4327746.0;542745.0;130
12489;201500013847;15;1;21;2005;5;2;1;2;6;55;106, BD DANIELLE CASANOV;M;4332557.0;537416.0;130
12490;201500013848;15;4;16;815;1;1;1;1;1;106;PIGEONNIER (CHEMIN DU);M;4340850.0;535297.0;130
12491;201500013849;15;1;22;725;5;2;1;1;1;55;RUE LE CHATELIER;;;;130
12492;201500013850;15;4;16;1410;1;2;1;1;3;55;11, RABATAU (BOULEVARD);M;4327308.0;539221.0;130
12493;201500013851;15;1;22;1245;1;2;1;1;6;55;15, AVE DES OLIVES;M;4332947.0;543031.0;130
12494;201500013852;15;4;16;1330;1;2;1;1;2;55;366, MAZARGUES (AVENUE D;M;4325915.0;539415.0;130
12495;201500013853;15;1;20;1755;2;2;1;2;4;55;54, AVE DE CHATEAU GOMBE;M;4335158.0;543741.0;130
12496;201500013854;15;4;16;1915;1;1;1;1;3;55;243, NATIONAL (BOULEVARD;M;4331079.0;537848.0;130
12497;201500013855;15;1;26;1;5;2;3;1;6;55;23, RUE DE LA GUADELOUPE;M;4328130.0;537524.0;130
12498;201500013856;15;4;16;2320;5;2;1;1;6;55;25, RAYMOND TEISSERE (RU;M;4327380.0;539839.0;130
12499;201500013857;15;4;10;2330;5;2;1;1;2;55;95, POMPIDOU (PROMENADE);M;4326277.0;537431.0;130
12500;201500013858;15;1;2;1830;5;2;1;1;6;55;00, BD DE LA POMME;;;;130
12501;201500013859;15;4;16;1000;1;2;2;8;1;55;SAINT BARNABE (AVENUE DE;M;4330428.0;541306.0;130
12502;201500013860;15;1;21;800;1;2;1;3;4;55;231, RUE PIERRE DOIZE;M;4327188.0;542775.0;130
12503;201500013861;15;4;3;1200;1;2;1;1;5;55;125, FRAN?OISE DUPARC (B;M;4330666.0;540086.0;130
12504;201500013862;15;1;23;1830;5;2;1;1;7;55;00, BD DE PONT DE VIVAUX;;;;130