;Num_Acc;an;mois;jour;hrmn;lum;agg;int;atm;col;com;adr;gps;lat;long;dep
12505;201500013863;15;4;15;1700;1;2;1;1;1;55;01, CHUTES LAVI (AVENUE);M;4331177.0;539604.0;130
12506;201500013864;15;1;22;1605;1;2;1;1;6;55;25, AVE DE FRAIS VALLON;M;4332528.0;543348.0;130
12507;201500013865;15;6;9;1200;1;2;1;1;2;55;9 VAUDOYER (AVENUE);M;4329757.0;536363.0;130
12508;201500013866;15;4;17;925;1;2;6;2;6;55;HAMBOURG (BOULEVARD);M;4325038.0;538877.0;130
12509;201500013867;15;1;24;2120;5;2;1;1;1;55;128, RUE AUGUSTIN AUBERT;M;4326411.0;540418.0;130
12510;201500013868;15;4;7;855;1;2;6;1;1;55;00, ARTHUR SCOTT (AVENUE;M;4328120.0;539546.0;130
12511;201500013869;15;4;17;1400;1;2;1;1;6;55;BIR HAKEIM (RUE);;;;130
12512;201500013870;15;4;17;1515;1;2;1;1;6;55;10, STRASBOURG (PLACE);M;4330627.0;537417.0;130
12513;201500013871;15;2;9;735;2;2;1;1;6;75;147, FREDERIC MISTRAL (A;M;4335188.0;547577.0;130
12514;201500013872;15;4;17;1830;1;2;1;1;3;55;47, ROGER SALENGRO (AVEN;M;4331184.0;537231.0;130
12515;201500013873;15;4;17;2000;1;2;2;1;3;55;66-68, CANEBIERE    30 A;M;4329760.0;538100.0;130
12516;201500013874;15;4;18;850;1;2;2;1;3;55;118, ROGER SALENGRO (AVE;M;4331453.0;537051.0;130
12517;201500013875;15;4;18;750;1;2;7;1;7;55;4, CAIRE (PLACE DU);M;4330379.0;541890.0;130
12518;201500013876;15;1;19;1030;1;2;3;2;6;55;01, RUE PAUL GONDARD;M;4329110.0;538177.0;130
12519;201500013877;15;1;12;1630;1;2;1;1;6;55;59, AVE SAINT PAUL;M;4332824.0;540689.0;130
12520;201500013878;15;4;18;1330;1;2;1;1;3;55;33, MARÉCHAL JUIN (BOULE;M;4331266.0;540485.0;130
12521;201500013879;15;1;16;1215;1;2;1;1;6;55;33, BD ROLAND DORGELES;M;4334718.0;537849.0;130
12522;201500013880;15;3;24;1500;1;2;6;1;7;55;5, HAMBOURG (BOULEVARD);M;4325429.0;538239.0;130
12523;201500013881;15;1;20;1715;1;2;1;1;6;55;10, AVE DE LA CROIX ROUG;M;4333015.0;542979.0;130
12524;201500013882;15;4;19;705;1;1;1;1;4;55;SCHLOESING (BOULEVARD);;;;130
12525;201500013883;15;4;19;820;1;2;1;1;3;55;9, GASTON RAMON (BOULEVA;;;;130
12526;201500013884;15;1;16;1910;5;2;1;2;6;55;160, BD HENRI BARNIER;M;4336995.0;534594.0;130
12527;201500013885;15;1;17;1045;1;2;1;1;6;55;AVE SALVADOR ALLENDE;;;;130
12528;201500013886;15;3;21;845;1;2;2;1;3;55;31, L?ON GAMBETTA (ALLEE;M;4329909.0;538261.0;130
12529;201500013887;15;1;13;1315;1;2;1;1;6;55;78, AVE DES CHUTES LAVIE;M;4331454.0;539753.0;130
12530;201500013888;15;4;18;1800;1;2;3;1;1;55;ALEXANDRE DUMAS (RUE);M;4326365.0;538945.0;130
12531;201500013890;15;4;19;1805;1;2;1;8;6;55;215, CHAVE (BOULEVARD);M;4329587.0;540051.0;130
12532;201500013892;15;4;19;1730;1;2;1;2;5;55;1, ALEX. FLEMING (BOULEV;M;4331489.0;538791.0;130
12533;201500013893;15;4;19;2040;5;2;3;1;3;55;CLOT BEY (AVENUE);M;4326230.0;538780.0;130
12534;201500013894;15;1;26;400;5;2;1;1;7;55;234, AVE DES OLIVES;M;4332438.0;544294.0;130
12535;201500013897;15;4;20;900;1;2;7;1;6;55;2, PAUL PEYTRAL (BOULEVA;M;4329056.0;537994.0;130
12536;201500013898;15;2;2;1400;1;2;3;1;6;55;626, RUE SAINT PIERRE;M;4329011.0;542581.0;130
12537;201500013899;15;4;20;900;1;2;1;1;6;55;213, KADDOUZ (CHEMIN);M;4331736.0;543816.0;130
12538;201500013901;15;4;9;1226;1;2;1;1;2;55;00, CORDERIE (BOULEVARD;;;;130
12539;201500013902;15;4;20;2130;5;2;2;1;3;55;LOUIS ASTRUC (RUE);M;4329400.0;539577.0;130
12540;201500013903;15;4;19;2335;5;2;1;1;3;55;51, BOUYALA D'ARNAUD (BO;M;4329759.0;544092.0;130
12541;201500013905;15;4;15;1130;1;2;3;1;6;55;246, MADRAGUE VILLE (RUE;M;4333247.0;535889.0;130
12542;201500013906;15;1;3;1315;1;2;1;1;6;55;35, RUE ADOLPHE THIERS;M;4329744.0;538537.0;130
12543;201500013907;15;4;9;1610;1;2;1;1;7;55;19, ANDR? POGGIOLI (RUE);M;4329352.0;538525.0;130
12544;201500013908;15;4;21;1420;1;2;1;1;3;55;7, GAROUTTE (BOULEVARD);M;4330526.0;541302.0;130
12545;201500013910;15;4;21;2030;1;2;2;1;3;75;00, FRÉDÉRIC CHEVILLON (;M;4334747.0;546376.0;130
12546;201500013911;15;1;19;930;1;2;1;2;6;55;779, AVE DE MAZARGUES;M;4324822.0;539904.0;130
12547;201500013912;15;1;7;1130;1;2;1;1;6;55;160, AVE DES PEINTRES RO;M;4330024.0;547693.0;130
12548;201500013913;15;4;21;2205;5;1;1;1;3;55;STRASBOURG (BOULEVARD);;;;130
12549;201500013914;15;1;20;2130;5;2;1;1;6;55;00, CHE DE LA COLLINE SA;;;;130
12550;201500013915;15;4;10;1110;1;2;1;1;6;55;NATIONAL (BOULEVARD);M;4331433.0;537338.0;130
12551;201500013916;15;4;21;1900;1;2;1;1;3;55;1, CAP JANET (CHEMIN);M;4334081.0;535230.0;130
12552;201500013917;15;3;24;1040;1;1;1;1;1;55;FLORIAN (AVENUE);M;4328177.0;542752.0;130
12553;201500013919;15;1;28;1130;1;2;1;1;7;55;34, BD DU REDON;M;4325621.0;541982.0;130
12554;201500013920;15;4;22;2135;5;2;2;1;3;55;20, GAILLARD (BOULEVARD);M;4331283.0;541798.0;130
12555;201500013921;15;1;29;1330;1;2;1;2;6;55;RUE LOUIS REGIS;;;;130
12556;201500013922;15;4;17;820;1;2;1;1;3;55;00, NOTRE DAME (BOULEVAR;;;;130
12557;201500013923;15;1;28;1230;1;2;1;1;1;55;00, AVE DE LA VISTE;;;;130
12558;201500013924;15;4;8;1500;1;2;1;1;2;55;39, GRIGNAN (RUE)     12;M;4329218.0;537718.0;130
12559;201500013925;15;4;23;835;1;2;1;1;2;55;86, FAUVETTES (BOULEVARD;M;4331723.0;543859.0;130
12560;201500013926;15;4;22;1030;1;2;1;1;2;55;23, NOEL COLL (AVENUE);M;4328415.0;544399.0;130
12561;201500013927;15;4;23;815;1;1;1;1;6;55;20, MERLAN (AVENUE);M;4333327.0;540727.0;130
12562;201500013928;15;1;19;800;1;2;1;3;2;55;14, BD DE LA FABRIQUE;M;4325353.0;539521.0;130
12563;201500013929;15;4;23;1545;1;2;1;1;2;55;4, GUEIDON (BOULEVARD);M;4332158.0;542053.0;130
12564;201500013930;15;1;28;1155;1;2;1;1;2;55;220, RUE CHARLES KADDOUZ;M;4331733.0;543816.0;130
12565;201500013933;15;1;28;850;1;2;1;1;4;55;58, MTE DE SAINT MENET;M;4329353.0;549391.0;130
12566;201500013934;15;4;23;2000;1;2;1;1;6;55;HENRI BEYLE (RUE);M;;;130
12567;201500013935;15;1;27;1920;5;2;1;1;6;55;171, AVE DES OLIVES;M;4332576.0;544096.0;130
12568;201500013936;15;4;11;1550;1;2;1;1;4;55;178, MAR?CHAL JUIN (BOUL;M;4330942.0;540301.0;130
12569;201500013938;15;1;23;915;1;2;1;1;2;55;00, BD ROLAND DORGELES;;;;130
12570;201500013939;15;1;28;2115;5;2;2;1;3;55;00, BD DES BASSINS DE RA;M;4332683.0;535835.0;130
12571;201500013940;15;4;24;730;1;1;1;1;6;55;155, BAILLE (BOULEVARD);M;4328963.0;539753.0;130
12572;201500013941;15;4;17;1620;1;2;3;1;6;55;172, SAINT MARCEL (BOULE;M;4328760.0;546503.0;130
12573;201500013943;15;4;24;745;1;2;1;1;3;55;218, BAILLE (BOULEVARD);M;4328937.0;539656.0;130
12574;201500013944;15;4;24;940;1;2;1;1;6;55;10, JEANNE D'ARC (BOULEV;M;4329408.0;539923.0;130
12575;201500013945;15;1;26;1450;1;2;3;1;6;55;01, RUE DU ROI RENE;M;4324598.0;541830.0;130
12576;201500013947;15;1;27;1440;1;2;1;1;6;55;19, CRS JOSEPH THIERRY;M;4330074.0;538667.0;130
12577;201500013948;15;4;24;1730;1;2;2;1;3;55;RUFFI (RUE DE);M;4331160.0;537134.0;130
12578;201500013949;15;1;26;1400;1;2;1;1;7;55;02, RUE BAPTISTIN FOUQUE;M;4328674.0;535604.0;130
12579;201500013950;15;1;20;845;1;2;1;2;6;55;66, BD NOTRE DAME;M;4328727.0;537366.0;130
12580;201500013951;15;4;24;1900;1;2;1;1;5;55;1, PLOMBIERES (BOULEVARD;;;;130
12581;201500013952;15;1;26;1750;5;2;1;1;6;55;72, AVE DE LA CAPELETTE;M;4328196.0;540374.0;130
12582;201500013953;15;4;17;1300;1;2;1;1;1;55;LOUIS MALOSSE (AVENUE);;;;130
12583;201500013954;15;4;25;550;1;2;1;1;6;55;POMME (BOULEVARD DE LA );;;;130
12584;201500013955;15;4;25;530;5;2;1;2;6;55;124, LYON (RUE DE);M;4330017.0;541990.0;130
12585;201500013956;15;2;13;530;5;2;1;1;6;55;02, CRS LIEUTAUD;M;4329615.0;538143.0;130
12586;201500013957;15;4;21;745;1;2;1;1;3;55;26, PIERRE ROCHE (RUE);M;4330935.0;540312.0;130
12587;201500013958;15;2;13;1120;1;2;1;8;5;55;134, BD MICHELET;M;4326591.0;539531.0;130
12588;201500013959;15;4;21;905;1;2;1;1;7;55;58, COMMANDERIE (CHEMIN);M;4334098.0;536272.0;130
12589;201500013960;15;2;14;700;2;2;6;8;6;55;01, RPT VERRERIE LAFFON;M;4331240.0;546489.0;130
12590;201500013961;15;4;26;2220;5;2;1;1;6;55;27, DÉSIRÉ BIANCO (AVENU;M;4328737.0;542520.0;130
12591;201500013962;15;1;13;915;1;2;2;1;6;55;247, CHE DE LA MADRAGUE;M;4333309.0;535864.0;130
12592;201500013963;15;4;27;20;5;2;2;1;3;55;ARMENY (RUE D');M;4329919.0;537510.0;130
12593;201500013964;15;1;18;915;1;2;1;1;6;55;35, CHE DE SAINT JOSEPH;M;4334254.0;538619.0;130
12594;201500013965;15;1;15;720;5;2;1;1;6;55;148, CHE DE LA MADRAGUE;M;4332749.0;536020.0;130
12595;201500013966;15;4;25;1915;1;2;1;1;2;55;99, PARADIS (RUE);M;4328931.0;537855.0;130
12596;201500013967;15;4;19;1345;1;2;2;2;3;55;55, DAMES (BOULEVARD DES;M;4330313.0;536637.0;130
12597;201500013968;15;1;16;1605;1;2;1;1;6;55;00, AVE DES OLIVES;;;;130
12598;201500013969;15;1;16;1420;1;2;1;1;6;55;00, BD NATIONAL;;;;130
12599;201500013970;15;4;2;1600;1;2;3;1;6;55;15, BERCEAU (RUE);M;4328819.0;539520.0;130
12600;201500013971;15;4;21;1430;1;2;2;1;3;55;35, EVECHE (RUE DE L');M;4330188.0;536714.0;130
12601;201500013972;15;1;20;1810;5;2;1;2;1;55;222, AVE DES CAILLOLS;M;4330322.0;544250.0;130
12602;201500013973;15;4;16;610;5;2;2;1;1;55;68, JOLIETTE (RUE DE LA);M;4330292.0;536983.0;130
12603;201500013974;15;1;9;1210;1;2;6;1;6;55;01, RPT PIERRE PARAF;M;4332998.0;538782.0;130
12604;201500013975;15;4;9;1020;1;2;1;1;4;55;, SAINTE MARGUERITE (BOU;M;4326831.0;540586.0;130
12605;201500013976;15;4;12;210;5;2;1;1;6;55;151, MICHELET (BOULEVARD;M;4326526.0;539539.0;130
12606;201500013977;15;2;17;1340;1;2;1;1;6;55;56, BD MICHELET;M;4326542.0;539532.0;130
12607;201500013978;15;11;17;2130;5;2;2;1;3;55;LYON (RUE DE);M;4332865.0;536574.0;130
12608;201500013979;15;4;27;2100;5;2;1;8;3;55;91, LA PELOUQUE (CHEMIN);M;4336448.0;533761.0;130
12609;201500013980;15;1;24;1725;5;2;1;1;2;55;RPT PIERRE PARAF;M;4333012.0;538903.0;130
12610;201500013981;15;4;14;1340;1;2;1;1;3;55;LE CHATELIER;;;;130
12611;201500013982;15;4;21;1800;1;2;1;1;2;55;271, CORNICHE KENNEDY;M;4327926.0;535343.0;130
12612;201500013983;15;1;29;1130;1;2;2;1;6;55;01, BD MICHELET;M;4327036.0;539251.0;130
12613;201500013984;15;4;21;1530;1;2;3;1;3;55;12, BRIFFAUT (RUE);M;4329467.0;539575.0;130
12614;201500013985;15;2;2;2010;5;1;3;1;3;55;08, RUE DU BOSQUET;M;4329988.0;539966.0;130
12615;201500013986;15;4;14;1535;1;2;1;1;3;55;94, LIEUTAUD (COURS);M;4329159.0;538292.0;130
12616;201500013987;15;2;3;1050;1;2;1;2;5;55;191, BD DE LA VALBARELLE;;;;130
12617;201500013988;15;4;8;1602;1;2;1;1;7;55;52, CANEBIERE     1 A 79;M;4329703.0;537949.0;130
12618;201500013989;15;2;2;1927;5;2;1;1;7;55;43, CHE DE LA GRAVE;M;4334976.0;545079.0;130
12619;201500013990;15;4;23;1730;1;2;1;1;6;55;SIGNORET (TRAVERSE);;;;130
12620;201500013991;15;1;25;1000;1;2;1;1;6;55;23, BD NOTRE DAME DE SAN;M;4333981.0;540660.0;130
12621;201500013992;15;1;29;1510;1;2;1;3;7;55;93, BD DE STRASBOURG;M;4330940.0;537897.0;130
12622;201500013993;15;4;28;1515;1;2;1;1;3;55;14, SAINT JUST (AVENUE D;M;4331294.0;540196.0;130
12623;201500013994;15;4;26;1820;1;2;1;1;3;55;95, SAKAKINI (BOULEVARD);M;4329395.0;540167.0;130
12624;201500013995;15;1;29;2145;5;2;1;2;1;55;56, BD DE LA CORDERIE;M;4329036.0;536972.0;130
12625;201500013996;15;4;28;915;1;2;1;1;3;55;47, SAKAKINI (BOULEVARD);M;4329649.0;540030.0;130
12626;201500013997;15;2;3;745;1;2;1;1;6;55;181, AVE DE LA CAPELETTE;M;4328055.0;540795.0;130
12627;201500013998;15;4;29;800;1;2;2;1;6;55;02, VITON (AVENUE);M;4326185.0;540466.0;130
12628;201500013999;15;1;16;230;5;2;3;1;3;55;140, AVE DES CHARTREUX;M;4330801.0;540011.0;130
12629;201500014000;15;4;18;950;1;2;1;1;3;55;MIREILLE LAUZE (BOULEVAR;M;4328230.0;540437.0;130
12630;201500014001;15;4;29;1605;1;2;1;1;3;55;164, PLOMBIERES (BOULEVA;M;4331870.0;537955.0;130
12631;201500014002;15;2;7;230;5;2;1;1;7;75;55, L'ENJOLRAS (AVE DE);M;4333952.0;545475.0;130
12632;201500014005;15;4;29;2215;5;2;1;1;2;55;139, ROSE (AVENUE DE LA);M;4332834.0;542556.0;130
12633;201500014006;15;1;18;925;1;2;1;1;6;55;267, AVE DU PRADO;M;4327388.0;539085.0;130
12634;201500014008;15;2;3;540;5;2;1;1;2;55;04, BD DU MARECHAL JUIN;M;4331266.0;540485.0;130
12635;201500014010;15;4;23;1645;1;2;1;1;1;55;00, ALPHONSE ALLAIS (RUE;;;;130
12636;201500014011;15;1;17;1920;5;2;1;1;2;75;123BIS, MARIUS PINATEL (;M;4334813.0;547131.0;130
12637;201500014012;15;4;30;1135;1;1;2;1;6;55;23, MAUVESTIS (RUE DES);M;4329994.0;536892.0;130
12638;201500014013;15;1;19;700;5;2;1;3;6;55;42, BD DE PARIS;M;4330741.0;537160.0;130
12639;201500014014;15;4;30;1620;1;2;1;1;2;55;40, FRANÇOISE DUPARC (BO;M;4330231.0;540074.0;130
12640;201500014015;15;4;30;1450;1;2;1;1;3;55;274, POILUS (AVENUE DES);M;4331669.0;546081.0;130
12641;201500014016;15;1;19;940;1;2;1;2;6;55;158, AVE DE LA CAPELETTE;M;4328056.0;540786.0;130
12642;201500014017;15;5;1;120;5;2;2;1;3;55;TERRUSSE (RUE);M;4329637.0;539151.0;130
12643;201500014018;15;1;23;1245;1;2;1;1;6;55;304, BD DE SAINT MARCEL;M;4328624.0;547328.0;130
12644;201500014019;15;5;1;215;5;2;1;1;6;55;ALEX. FLEMING (BOULEVARD;;;;130
12645;201500014020;15;1;26;1150;1;2;1;1;2;55;14, AVE ALEXANDRE ANSALD;M;4333201.0;540416.0;130
12646;201500014021;15;4;30;1230;1;2;1;1;6;55;00, SAINT JOSEPH (CHEMIN;;;;130
12647;201500014022;15;1;26;1220;1;2;1;1;2;55;00, AVE JEAN PAUL SARTRE;;;;130
12648;201500014025;15;4;30;1845;1;2;1;1;2;55;LYON (RUE DE);;;;130
12649;201500014026;15;1;31;1330;1;2;1;1;6;55;27, BD GAY LUSSAC;M;4333426.0;537465.0;130
12650;201500014027;15;1;1;306;5;2;2;1;3;55;60, BD VOLTAIRE;M;4330347.0;538595.0;130
12651;201500014028;15;5;1;1254;1;2;1;1;6;55;94, CHARTREUX*(AVENUE DE;M;4330575.0;539944.0;130
12652;201500014029;15;4;30;1415;1;1;1;1;3;55;85, BAILLE (BOULEVARD);M;4328753.0;538980.0;130
12653;201500014030;15;5;1;1420;1;2;2;2;3;55;30, PIERRE ROCHE (RUE);M;4330931.0;540346.0;130
12654;201500014031;15;4;26;1100;1;2;3;1;3;55;route de la viste;M;4335745.0;535753.0;130
12655;201500014032;15;1;27;1155;1;2;1;1;7;55;151, RTE DES TROIS LUCS;M;4330395.0;547433.0;130
12656;201500014033;15;5;1;1720;1;1;1;1;3;55;HENRI BARNIER (BOULEVARD;;;;130
12657;201500014034;15;2;6;2300;5;2;6;1;3;55;80, BD ALBE;M;4331375.0;540661.0;130
12658;201500014035;15;2;24;614;5;1;1;1;1;55;00, RTE LEON LACHAMP;;;;130
12659;201500014036;15;4;9;750;1;2;2;1;3;55;23, ALGER (RUE D');M;4328928.0;538836.0;130
12660;201500014037;15;2;3;1306;1;2;1;2;6;55;22, AVE DU PRADO;M;4328436.0;538458.0;130
12661;201500014038;15;5;1;2120;5;2;3;2;3;55;FRÉDÉRIC SAUVAGE (BOULEV;M;4333068.0;537166.0;130
12662;201500014039;15;2;2;1225;1;2;1;1;6;55;46, RUE LONGUE DES CAPUC;M;4329841.0;537898.0;130
12663;201500014040;15;5;2;800;1;1;1;1;1;55;00, MORGIOU (CHEMIN DE);M;0.0;0.0;130
12664;201500014041;15;5;2;1730;1;2;1;1;6;55;1, DÉSIRÉ BIANCO (AVENUE;M;4328676.0;542527.0;130
12665;201500014042;15;2;4;1530;1;2;1;2;6;55;00, AVE DU CAP PINEDE RO;;;;130
12666;201500014043;15;5;2;2215;5;2;1;1;6;55;95, GEORGES ESTRANGIN (B;M;4327666.0;537182.0;130
12667;201500014044;15;1;31;1830;5;2;1;1;6;55;02, CRS PIERRE PUGET;M;4329052.0;537794.0;130
12668;201500014045;15;5;3;45;5;2;1;1;6;55;146, TOULON (AVENUE DE);M;4328473.0;539270.0;130
12669;201500014046;15;5;1;1700;1;2;1;1;7;55;75, CORNICHE KENNEDY;M;4328933.0;535482.0;130
12670;201500014047;15;1;24;1825;5;2;1;6;6;55;26, BD CAMILLE FLAMMARIO;M;4330427.0;538875.0;130
12671;201500014048;15;5;3;530;5;2;1;1;7;55;245, ROUCAS BLAN (CHEMIN;M;4328015.0;536870.0;130
12672;201500014049;15;1;28;1930;5;2;1;1;6;55;62, BD DE SAINTE MARGUER;M;4326846.0;540495.0;130
12673;201500014050;15;5;3;2145;5;2;2;1;3;55;4, SAINT ANTOINE (CHEMIN;M;4334960.0;537527.0;130
12674;201500014051;15;1;29;1345;1;2;2;2;3;55;00, RUE MARCEL SEMBAT;M;4330161.0;538166.0;130
12675;201500014052;15;1;12;1210;1;2;1;1;7;55;57, BD DE LA VALBARELLE;M;4328726.0;544642.0;130
12676;201500014053;15;4;13;1600;1;2;1;1;3;55;00, ROGER SALENGRO (AVEN;;;;130
12677;201500014054;15;5;4;1210;1;2;1;1;6;55;246, LYON (RUE DE);M;4333233.0;536449.0;130
12678;201500014055;15;4;29;1730;1;1;1;1;7;2;ETIENNE CUCCA-CD908 (AVE;;;;130
12679;201500014056;15;1;28;850;1;2;1;1;2;55;13, CHE DE SAINT ANTOINE;M;4335497.0;533590.0;130
12680;201500014058;15;5;4;1725;1;2;1;1;6;55;322, PIERRE DOIZE  (RUE);M;4327087.0;542500.0;130
12681;201500014059;15;1;31;1320;1;2;2;1;6;55;BD ROLAND DORGELES;M;4334733.0;537840.0;130
12682;201500014060;15;5;4;1650;1;2;3;1;3;55;27, CORSE (AVENUE DE LA);M;4328946.0;536404.0;130
12683;201500014061;15;1;30;835;1;2;1;1;6;55;28, CHE DE CHATEAU GOMBE;M;4333571.0;542077.0;130
12684;201500014062;15;5;5;800;1;1;1;1;7;55;LÉON LACHAMP (ROUTE);M;4323988.0;545581.0;130
12685;201500014063;15;1;30;1400;1;2;3;1;7;55;61, BD JOURDAN;M;4333361.0;539609.0;130
12686;201500014065;15;1;31;1005;1;2;2;1;3;55;67, RUE DE LA JOLIETTE;M;4330290.0;536982.0;130
12687;201500014066;15;5;5;1500;1;2;1;1;2;55;47, MARÉCHAL DE LATTRE (;M;4324817.0;540617.0;130
12688;201500014067;15;1;6;730;1;2;3;1;3;55;130, CHE DE LA MADRAGUE;M;4332624.0;536103.0;130
12689;201500014068;15;4;12;1230;1;2;1;1;2;55;11, NICOLAS APPERT (RUE);M;4333953.0;541818.0;130
12690;201500014069;15;2;3;1430;1;2;1;2;7;55;11, RUE DE LA BOISERAIE;M;4329835.0;542138.0;130
12691;201500014071;15;1;26;1515;1;2;1;1;6;55;67, BD CAMILLE FLAMMARIO;M;4330618.0;539391.0;130
12692;201500014072;15;5;6;938;1;2;3;1;2;55;MAZARGUES (AVENUE DE);M;4326772.0;538927.0;130
12693;201500014073;15;5;6;1100;1;2;2;1;3;55;SAINT JEAN (AVENUE DE);M;4329644.0;536608.0;130
12694;201500014074;15;4;9;830;1;2;1;1;3;55;01, MAGUY ROUBAUD (RUE);M;4327270.0;540085.0;130
12695;201500014075;15;4;30;1650;1;2;1;1;5;55;136, L ARMEE D AFRIQUE (;M;4328822.0;541045.0;130
12696;201500014076;15;2;1;1350;1;2;1;1;6;2;00, VALLON VERT (AVENUE;;;;130
12697;201500014077;15;5;6;1245;1;2;1;1;3;55;74, LOUIS REGIS (RUE);M;4328855.0;550105.0;130
12698;201500014078;15;2;27;645;5;2;1;2;5;55;AVE JEAN PAUL SARTRE;;;;130
12699;201500014079;15;5;7;935;1;2;1;1;4;55;92, BAILLE (BOULEVARD);M;4328766.0;539036.0;130
12700;201500014080;15;2;27;605;5;2;1;2;7;55;87, RUE AUGUSTIN AUBERT;M;4326508.0;540374.0;130
12701;201500014081;15;5;7;830;1;2;1;1;3;55;02, OCTROI (PLACE GARE D;M;4328153.0;542578.0;130
12702;201500014082;15;5;7;730;1;2;1;1;6;55;138, ROSE (AVENUE DE LA);M;4332808.0;542508.0;130
12703;201500014083;15;2;9;1315;1;2;1;1;6;55;182, BD RABATAU;M;4328127.0;539950.0;130
12704;201500014084;15;5;7;1140;1;2;1;1;2;55;93, RABATAU (BOULEVARD);M;4327658.0;539766.0;130
12705;201500014085;15;2;11;2145;5;2;2;1;6;55;00, RUE COLBERT;M;4329926.0;537413.0;130
12706;201500014086;15;5;7;1120;1;2;5;1;1;55;237, LIBERATION (BOULEVA;M;4330279.0;539664.0;130
12707;201500014087;15;2;10;1530;1;2;1;1;6;55;RUE DE PONTEVES;;;;130
12708;201500014088;15;5;7;1350;1;2;1;1;3;55;250, LYON (RUE DE);M;4333237.0;536448.0;130
12709;201500014089;15;5;6;1900;1;2;1;1;6;55;398, SAINT ANTOINE (AVEN;M;4338086.0;535760.0;130
12710;201500014090;15;2;9;1630;1;2;1;1;2;55;AVE DU MARCHE NATIONAL;;;;130
12711;201500014091;15;5;7;1625;1;2;1;1;3;55;01, ALBERT EINSTEIN (RUE;M;4333679.0;543491.0;130
12712;201500014092;15;1;30;1600;1;2;3;1;3;55;27, RUE COUTELLERIE;M;4329677.0;537253.0;130
12713;201500014093;15;5;7;1645;1;2;1;1;1;55;1, ARNAVAUX (AVENUE DES);M;4333196.0;538199.0;130
12714;201500014094;15;1;21;950;1;2;1;3;3;55;306, RUE ALBERT EINSTEIN;M;4334650.0;544893.0;130
12715;201500014095;15;5;8;2015;1;2;1;1;6;55;75, EDMOND JALOUX (RUE);M;4332923.0;538429.0;130
12716;201500014096;15;2;11;1045;1;2;3;1;3;55;363, RUE DE LYON;M;4333888.0;536222.0;130
12717;201500014097;15;5;6;1400;1;1;1;1;3;55;431, SAINT PIERRE (RUE);M;4329170.0;541259.0;130
12718;201500014098;15;2;14;1315;1;2;1;3;2;55;571, AVE DE MAZARGUES;M;4325356.0;539453.0;130
12719;201500014099;15;5;8;2030;1;2;1;1;7;55;BAT B, LAVOISIER (BOULEV;M;4334014.0;537017.0;130
12720;201500014100;15;1;30;1500;1;2;1;1;6;55;55, BD RABATAU;M;4327495.0;539514.0;130
12721;201500014101;15;5;8;2220;5;2;9;1;1;55;ATHENES (BOULEVARD D');;;;130
12722;201500014102;15;2;12;1445;1;2;1;1;6;55;66, BD PERIER;M;4327912.0;538312.0;130
12723;201500014103;15;5;8;2015;5;2;1;1;1;55;15, RIVE NEUVE (QUAI DE);M;4329321.0;537063.0;130
12724;201500014104;15;2;14;600;5;2;1;2;6;55;03, BD RABATAU;M;4327274.0;539167.0;130
12725;201500014105;15;5;9;1130;1;2;1;1;1;55;00, EDOUARD VAILLANT (RU;;;;130
12726;201500014106;15;5;9;5;5;2;1;1;2;55;05, JEAN MOULIN (BOULEVA;M;4329174.0;540056.0;130
12727;201500014107;15;2;11;1500;1;2;1;1;6;55;42, RUE CAISSERIE;M;4329684.0;536710.0;130
12728;201500014108;15;1;24;1200;1;2;1;1;7;55;135, CHE SAINT JEAN DU D;M;4329404.0;541178.0;130
12729;201500014109;15;5;9;1330;1;2;3;1;3;55;323, MICHELET (BOULEVARD;M;4325863.0;539914.0;130
12730;201500014112;15;2;9;600;5;2;1;1;7;55;191, AVE DE MAZARGUES;M;4326484.0;539145.0;130
12731;201500014113;15;5;9;1445;1;2;1;1;6;55;137, ROUET (RUE DU);M;4327925.0;539154.0;130
12732;201500014114;15;2;4;1415;1;2;1;2;7;55;02, PCE DE LA GARE DE L';M;4328153.0;542578.0;130
12733;201500014115;15;5;9;1430;1;2;1;1;3;55;40, DÉSIRÉ BIANCO (AVENU;M;4328871.0;542561.0;130
12734;201500014116;15;1;30;800;1;2;1;1;6;55;09, BD FERDINAND DE LESS;M;4331971.0;536952.0;130
12735;201500014117;15;5;10;540;3;1;1;1;6;55;000, ALEX. FLEMING (BOUL;;;;130
12736;201500014118;15;4;18;1100;1;2;3;1;6;55;88, MAZARGUES (AVENUE DE;M;4326749.0;538938.0;130
12737;201500014119;15;2;8;450;5;2;1;1;7;55;234, AVE DES OLIVES;M;4332404.0;544305.0;130
12738;201500014120;15;5;10;1240;1;2;1;1;3;55;01, MERLAN (AVENUE);M;4333137.0;540571.0;130
12739;201500014121;15;2;3;1915;5;2;6;3;3;55;BD BARRY;M;4332017.0;541486.0;130
12740;201500014122;15;5;10;1730;1;2;1;1;2;55;DOCTEUR LÉON PERRIN (RUE;M;4331413.0;538718.0;130
12741;201500014123;15;2;6;1400;1;2;1;1;2;55;12, RUE STANISLAS TORREN;M;4328914.0;537759.0;130
12742;201500014124;15;5;2;1635;1;2;1;1;6;55;20, FRANCOISE DUPARC (BO;M;4330114.0;540078.0;130