;Num_Acc;an;mois;jour;hrmn;lum;agg;int;atm;col;com;adr;gps;lat;long;dep
12743;201500014125;15;2;9;2110;5;2;3;1;3;55;34, BD FRANCOISE DUPARC;M;4330193.0;540071.0;130
12744;201500014127;15;2;8;1150;1;2;1;1;6;55;04, PCE DAVIEL;M;4329778.0;536948.0;130
12745;201500014128;15;5;11;830;1;2;1;1;2;55;02, MONTREDON (AVENUE DE;M;4324531.0;537302.0;130
12746;201500014129;15;1;15;1125;1;2;2;1;3;55;08, RUE DE LORGUES;M;4329987.0;539968.0;130
12747;201500014130;15;5;11;758;1;2;1;1;2;55;274, LITTORAL (CHEMIN DU;M;4334055.0;534863.0;130
12748;201500014131;15;2;10;640;5;2;3;1;3;55;00, BD DE PARIS;M;4331373.0;536796.0;130
12749;201500014132;15;5;4;1920;1;2;3;1;2;2;00, SAINT JEAN (CHEMIN;M;4332364.0;549213.0;130
12750;201500014133;15;2;6;730;1;2;2;1;3;55;05, RUE VILLENEUVE;M;4329972.0;538227.0;130
12751;201500014134;15;5;11;1230;1;2;1;1;5;55;202, MADRAGUE VILLE (RUE;M;4333019.0;535898.0;130
12752;201500014135;15;2;6;1220;1;2;1;8;6;55;524, AVE DE MAZARGUES;;;;130
12753;201500014137;15;10;20;1330;1;2;1;1;3;55;34, LIBERATION (BOULEVAR;M;4329980.0;538755.0;130
12754;201500014138;15;5;11;1615;1;2;3;1;3;55;ALEX ANSALDI (RUE);M;4333101.0;540642.0;130
12755;201500014140;15;5;12;815;1;2;1;1;6;55;302, NATIONAL (BOULEVARD;M;4331213.0;537676.0;130
12756;201500014141;15;5;12;1555;1;2;1;1;3;55;219, ROUET (RUE DU);M;4327564.0;539566.0;130
12757;201500014143;15;5;8;250;5;2;1;1;2;55;573, PRADO (AVENUE);M;4326273.0;537644.0;130
12758;201500014144;15;5;13;100;5;2;5;1;3;55;Avenue Alexandre Fleming;M;4331380.0;540597.0;130
12759;201500014145;15;5;13;300;5;2;2;1;3;55;26, LAFAYETTE (RUE);M;4330160.0;538166.0;130
12760;201500014146;15;5;12;1100;1;2;1;1;2;55;19, MERLAN (AVENUE);M;4333296.0;540710.0;130
12761;201500014147;15;11;14;1005;1;2;1;1;6;55;319, CORNICHE KENNEDY;M;4327450.0;536139.0;130
12762;201500014148;15;5;11;1215;1;2;1;1;3;55;425, ROMAIN ROLLAND (BOU;M;4326934.0;540490.0;130
12763;201500014151;15;5;7;1510;1;2;1;1;5;55;255, VALLON DE L (CHEMIN;M;4327599.0;536092.0;130
12764;201500014152;15;5;13;1415;1;2;1;1;2;55;191, BAILLE (BOULEVARD);M;4329011.0;539933.0;130
12765;201500014154;15;3;9;1040;1;2;1;1;6;55;211, BD MICHELET;M;4326283.0;539677.0;130
12766;201500014155;15;5;13;1930;1;2;1;1;4;55;1, HENRI BARNIER (BOULEV;M;4337316.0;535507.0;130
12767;201500014157;15;1;13;745;1;2;3;1;3;55;161, RUE FRANCOIS MAURIA;M;4326788.0;542670.0;130
12768;201500014159;15;2;3;840;1;2;1;1;1;55;134, BD DE STRASBOURG;M;4330976.0;537956.0;130
12769;201500014160;15;5;13;1925;1;2;1;1;2;55;67, PLOMBIERES (BOULEVAR;M;4331593.0;538451.0;130
12770;201500014161;15;5;14;328;5;2;2;1;3;55;22, PIERRE PUGET (COURS);M;4329041.0;537577.0;130
12771;201500014162;15;1;30;1800;3;2;3;1;3;55;00, BD NATIONAL;;;;130
12772;201500014163;15;4;26;1625;1;2;1;1;3;55;51, FORTUNÉ JOURDAN (RUE;M;4331144.0;538752.0;130
12773;201500014165;15;2;1;1800;5;2;2;1;6;75;01, JULES ROLLANDIN (BD);;;;130
12774;201500014166;15;2;9;1200;1;2;2;1;6;55;69, BD SAKAKINI;M;4329577.0;540043.0;130
12775;201500014167;15;5;14;1700;1;2;6;1;3;55;285, PRADO (AVENUE);M;4327279.0;539115.0;130
12776;201500014168;15;5;14;1850;1;2;1;1;2;55;PLOMBIERES (BOULEVARD DE;M;4331502.0;538799.0;130
12777;201500014169;15;5;14;2345;5;2;3;1;3;55;CRIMEE (RUE DE);M;4330904.0;537840.0;130
12778;201500014170;15;5;8;1440;1;2;9;1;3;55;17, BERCEAU (RUE);M;4328807.0;539527.0;130
12779;201500014171;15;5;15;1410;1;2;1;1;6;55;3, BERNARD (RUE);M;4330199.0;551433.0;130
12780;201500014172;15;5;16;30;5;2;1;1;2;55;719, MAZARGUES (AVENUE D;M;4324927.0;539700.0;130
12781;201500014173;15;1;14;1915;5;2;1;1;6;55;138, AVE JULES CANTINI;M;4328054.0;539353.0;130
12782;201500014174;15;4;17;1050;1;2;1;1;3;55;171, MADRAGUE VILLE (RUE;M;4332798.0;535973.0;130
12783;201500014175;15;5;16;1600;1;2;1;1;1;55;03, BASILE BARRELIER (BO;M;4333877.0;539118.0;130
12784;201500014176;15;2;5;245;5;2;1;3;6;55;148, AVE PIERRE MENDES F;M;4325684.0;537648.0;130
12785;201500014177;15;5;17;855;1;2;1;1;5;55;, ALEX ANSALDI (RUE);M;4333065.0;540499.0;130
12786;201500014178;15;4;21;1835;1;2;1;1;4;55;01, HENRI BARNIER (BOULE;M;4337330.0;535467.0;130
12787;201500014179;15;2;5;745;1;2;1;1;1;55;315, COR PRESIDENT JOHN;M;4327547.0;535987.0;130
12788;201500014180;15;2;3;1630;1;2;3;3;1;55;00, CHE DE PALAMA;M;4335306.0;543802.0;130
12789;201500014182;15;1;30;530;5;2;1;9;6;55;540, CHE DE LA MADRAGUE;M;4334709.0;535539.0;130
12790;201500014183;15;5;17;845;1;1;1;1;3;2;2, ETIENNE CUCCA-CD908 (;M;4336334.0;549583.0;130
12791;201500014184;15;2;3;1150;1;2;1;2;6;55;26, BD CHARLES MORETTI;M;4332580.0;537877.0;130
12792;201500014185;15;5;16;1830;1;2;1;1;3;55;47, RIVE NEUVE (QUAI);M;4329236.0;536623.0;130
12793;201500014186;15;2;2;2030;5;2;2;1;3;55;000, BD ALPHONSE SOLEIRO;M;4328211.0;550031.0;130
12794;201500014187;15;5;17;420;5;2;1;1;6;55;17, MAZARGUES (AVENUE DE;M;4326951.0;538868.0;130
12795;201500014188;15;5;13;1315;1;2;1;1;3;55;28, LIBERATION (BOULEVAR;M;4329968.0;538716.0;130
12796;201500014189;15;2;5;900;1;2;3;1;3;55;194, BD DU REDON;M;4324947.0;542263.0;130
12797;201500014190;15;1;9;800;1;2;1;2;4;55;263, BD ROMAIN ROLLAND;M;4327360.0;541354.0;130
12798;201500014192;15;2;7;1240;1;2;1;1;6;55;67, AVE DES PEINTRES ROU;M;4330769.0;546801.0;130
12799;201500014193;15;5;18;1645;1;1;1;1;2;55;71, SAINT ANTOINE (CHEMI;M;4335415.0;537114.0;130
12800;201500014194;15;5;18;1915;1;2;1;1;6;55;448, MICHELET (BOULEVARD;M;4325270.0;540221.0;130
12801;201500014195;15;5;18;2319;5;2;3;1;3;55;47, AVIATEUR LE BRIX (RU;M;4325980.0;540225.0;130
12802;201500014196;15;5;18;1120;1;2;1;1;3;55;26, SAINT JOSEPH (CHEMIN;;;;130
12803;201500014197;15;5;18;1100;1;2;3;1;6;55;232, ROMAIN ROLLAND (BOU;M;4327375.0;541388.0;130
12804;201500014198;15;1;30;1430;1;2;1;1;6;55;163, BD DE SAINT MARCEL;M;4328766.0;546479.0;130
12805;201500014199;15;5;18;1900;1;2;1;1;3;55;245, MICHELET (BOULEVARD;M;4326090.0;539813.0;130
12806;201500014200;15;2;6;650;5;2;1;8;6;55;BD PIERRE MENARD;;;;130
12807;201500014201;15;5;18;1620;1;2;3;1;3;55;12, MERIMEE;M;4332701.0;539583.0;130
12808;201500014202;15;2;4;1000;1;2;1;2;7;55;LAC/200, PIERRE CHEVALIE;;;;130
12809;201500014203;15;5;19;1600;1;2;9;1;6;55;141, LYON (RUE DE);M;4332954.0;536543.0;130
12810;201500014204;15;2;3;1815;3;2;1;2;6;55;35, RPT TINO ROSSI;;;;130
12811;201500014205;15;5;19;2311;5;2;1;1;6;55;41, TAPIS VERT (RUE);M;4329873.0;537933.0;130
12812;201500014206;15;2;6;2220;5;2;2;1;3;55;06, RUE ROGER BRUN;M;4328672.0;539036.0;130
12813;201500014207;15;5;19;1830;1;2;1;1;6;55;11, BERNARD CADENAT (PLA;M;4331242.0;538705.0;130
12814;201500014208;15;2;4;2130;5;2;1;2;6;55;000, BD SCHLOESING;;;;130
12815;201500014209;15;5;15;1100;1;1;1;1;6;55;04, CHARTREUX (AVENUE DE;M;4330299.0;539714.0;130
12816;201500014211;15;2;2;530;3;2;1;9;6;55;236, AVE DES OLIVES;M;4332433.0;544310.0;130
12817;201500014212;15;5;20;1350;1;2;1;1;6;55;METRO (BOULEVARD DU);M;4333447.0;542874.0;130
12818;201500014213;15;1;31;1245;1;2;1;1;6;55;03, CHE DU VALLON VERT;M;4333482.0;545091.0;130
12819;201500014214;15;5;19;1220;1;2;2;1;6;55;104, LIBERATION (BOULEVA;M;4330108.0;539129.0;130
12820;201500014215;15;5;20;915;1;2;5;1;1;55;1, AUGUSTIN AUBERT (RUE);M;4326675.0;540286.0;130
12821;201500014216;15;5;20;1150;1;2;1;1;6;75;70, FRÉDÉRIC CHEVILLON (;M;4334762.0;546392.0;130
12822;201500014217;15;5;20;1710;1;2;1;1;6;55;BAILLE (BOULEVARD);M;4328986.0;539843.0;130
12823;201500014218;15;5;20;1615;1;2;1;1;6;55;PRADO (AVENUE);M;4326486.0;537976.0;130
12824;201500014220;15;5;21;730;1;2;2;1;3;55;1, ROLAND DORGELES (BOUL;M;4334806.0;537689.0;130
12825;201500014221;15;5;21;1204;1;2;1;1;6;55;135, SAINTE THERESE (BOU;M;4329380.0;540959.0;130
12826;201500014222;15;5;20;1450;1;2;1;1;4;55;02, GUSTAVE GANAY (BOULE;M;4326549.0;539687.0;130
12827;201500014223;15;3;8;25;5;2;2;1;6;55;CHE DE LA STATION DU;M;4333177.0;538701.0;130
12828;201500014224;15;5;21;1515;1;2;2;1;3;55;HORACE BERTIN (RUE);M;4329573.0;539076.0;130
12829;201500014225;15;5;21;1200;1;2;1;1;3;55;14, MARÉCHAL DE LATTRE (;M;4324964.0;540482.0;130
12830;201500014226;15;5;17;150;5;2;2;1;3;55;15, BAILLE (BOULEVARD);M;4328642.0;538563.0;130
12831;201500014227;15;5;15;1300;1;1;1;1;6;55;76, NATIONAL (BOULEVARD);M;4330586.0;538373.0;130
12832;201500014228;15;5;21;1900;1;2;1;1;3;55;TOURETTE (QUAI DE LA);M;4329978.0;536365.0;130
12833;201500014229;15;5;16;630;1;2;3;1;6;55;SAKAKINI (BOULEVARD);M;4329375.0;540132.0;130
12834;201500014230;15;5;22;1300;1;2;3;1;1;55;297, ROMAIN ROLLAND (BOU;M;4327249.0;541125.0;130
12835;201500014231;15;1;29;1815;5;2;1;1;6;55;21, BD PERIER;M;4327964.0;538574.0;130
12836;201500014232;15;5;22;1715;1;2;1;1;3;55;52, LYON (RUE DE);M;4332511.0;536699.0;130
12837;201500014233;15;2;11;715;5;2;1;1;7;55;AVE GEORGES BRAQUES;;;;130
12838;201500014234;15;5;22;1635;1;2;1;1;6;55;149, PRADO (AVENUE);M;4327891.0;538803.0;130
12839;201500014235;15;2;3;1635;1;2;1;2;6;2;721, VATERSTETTEN (AVENU;M;4335586.0;548662.0;130
12840;201500014236;15;5;19;1100;1;2;1;1;3;55;25, RAYMOND TEISSERE (RU;M;4327278.0;539958.0;130
12841;201500014237;15;1;30;1930;5;2;1;1;6;55;72, CHE DU MERLAN A LA R;M;4333006.0;541317.0;130
12842;201500014238;15;5;23;224;5;2;1;1;7;55;130, LYON (RUE DE);M;4332750.0;536616.0;130
12843;201500014239;15;5;22;1020;1;2;1;1;5;55;02, ATHENES (BOULEVARD D;M;4329946.0;538099.0;130
12844;201500014240;15;2;11;1440;1;2;1;1;2;2;154, 7EME TIRAILLEURS AL;M;4333824.0;547782.0;130
12845;201500014241;15;5;23;520;5;2;1;1;6;55;71, MARÉCHAL DE LATTRE (;M;4324645.0;540836.0;130
12846;201500014242;15;5;23;400;5;2;1;1;6;55;64, TELLENE (BOULEVARD);M;4328524.0;536730.0;130
12847;201500014243;15;5;23;1605;1;2;1;1;3;55;32, SCHLOESING (BOULEVAR;M;4327248.0;540103.0;130
12848;201500014244;15;1;28;1030;1;2;1;1;6;55;57, BD ROMAIN ROLLAND;M;4327971.0;542420.0;130
12849;201500014245;15;5;23;1705;1;2;3;1;3;55;3 ROSTAND (AVENUE);M;4331170.0;537738.0;130
12850;201500014246;15;5;23;2045;5;2;1;1;1;55;192, ROUET (RUE DU);M;4327557.0;539574.0;130
12851;201500014248;15;5;24;5;5;1;2;1;3;55;76, LODI (RUE DE);M;4328918.0;538734.0;130
12852;201500014249;15;2;12;750;1;2;3;1;1;55;206, BD PAUL CLAUDEL;M;4326798.0;541843.0;130
12853;201500014250;15;5;23;1820;1;1;1;1;6;55;26, COMMANDANT FINAT DUC;M;4333048.0;538607.0;130
12854;201500014252;15;5;24;635;2;2;1;1;6;55;6, LOUIS BOTINELLY (RUE);M;4329797.0;540592.0;130
12855;201500014253;15;5;15;937;1;1;1;1;3;55;172, CANEBIERE     70 A;M;4329896.0;538493.0;130
12856;201500014254;15;5;24;1230;1;2;3;1;3;55;SAINT LOUIS (AVENUE DE);M;0.0;0.0;130
12857;201500014255;15;5;13;1030;1;2;2;1;3;55;10, REPUBLIQUE (RUE DE L;M;4329694.0;537366.0;130
12858;201500014256;15;3;13;1900;5;2;1;1;6;55;285, BD ROMAIN ROLLAND;M;4327287.0;541192.0;130
12859;201500014257;15;5;24;920;1;2;1;1;3;55;230, SAINT ANTOINE (CHEM;M;4337362.0;535583.0;130
12860;201500014258;15;2;8;1500;1;2;2;1;3;55;00, RUE DE CRIMEE;M;4330903.0;537840.0;130
12861;201500014260;15;2;11;2030;5;2;3;1;6;55;18, AV DE LA CROIX ROUG;M;4333054.0;543059.0;130
12862;201500014262;15;2;3;1515;1;2;1;3;6;55;23, QAI DU LAZARET;M;4330538.0;536538.0;130
12863;201500014263;15;5;20;750;1;2;1;1;3;55;121, PAUL CLAUDEL (BOULE;M;4326778.0;541152.0;130
12864;201500014264;15;2;10;1920;5;1;1;1;7;55;RTE LEON LACHAMP;;;;130
12865;201500014265;15;5;25;1515;1;2;1;1;3;55;148, MENDES FRANCE (AVEN;M;4325684.0;537646.0;130
12866;201500014266;15;5;25;2045;1;2;1;1;1;55;299, CORNICHE KENNEDY;M;4327648.0;535825.0;130
12867;201500014267;15;1;13;1645;1;2;1;1;6;55;198, BD DE LA LIBERATION;M;4330240.0;539554.0;130
12868;201500014268;15;2;18;2000;5;2;1;1;2;55;00, BD RABATAU;;;;130
12869;201500014269;15;5;26;828;1;2;3;1;6;55;42, CHARLES NEDELEC (BOU;M;4330325.0;537896.0;130
12870;201500014274;15;5;2;1110;1;2;1;1;7;55;141, FRANÇOISE DUPARC (B;M;4330793.0;540189.0;130
12871;201500014275;15;1;30;1250;1;2;1;1;6;55;00, PCE JULES GUESDE;M;4330292.0;537499.0;130
12872;201500014276;15;5;27;1130;1;2;1;1;6;55;74, FENOUIL (BOULEVARD);M;4336006.0;531997.0;130
12873;201500014277;15;5;27;1329;1;2;1;1;2;55;204, JULES CANTINI (AVEN;M;4327828.0;539764.0;130
12874;201500014278;15;5;27;1523;1;1;1;1;6;55;10, PONTEVES (RUE DE);M;4330736.0;537138.0;130
12875;201500014279;15;5;27;1125;1;2;1;1;2;55;16, AIX (RUE D');M;4329972.0;537595.0;130
12876;201500014280;15;5;27;1700;1;2;1;1;6;55;2, 24 AVRIL 15 (AVENUE D;M;4330762.0;542556.0;130
12877;201500014281;15;2;11;1030;1;2;1;1;2;55;175, AVE CLOT BEY;M;4325493.0;538211.0;130
12878;201500014283;15;2;20;1530;1;2;1;1;6;55;36, BD LOUIS ARMAND;M;4329823.0;541330.0;130
12879;201500014284;15;5;27;2225;5;2;3;1;3;55;36, SAINT MARCEL (BOULEV;M;4328872.0;545833.0;130
12880;201500014285;15;2;16;1600;1;2;1;1;4;55;402, BD MICHELET;M;4325466.0;540137.0;130
12881;201500014286;15;5;28;240;5;2;2;1;3;55;00, SAINTE (RUE);M;4329242.0;537495.0;130
12882;201500014288;15;5;28;340;5;2;1;1;3;55;83, SAKAKINI (BOULEVARD);M;4329450.0;540139.0;130
12883;201500014289;15;2;24;1730;2;2;1;1;6;55;147, AVE DE SAINT LOUIS;M;4334826.0;535896.0;130
12884;201500014290;15;5;17;1130;1;2;2;1;3;55;60, STANISLAS TORRENTS (;M;4328779.0;537824.0;130
12885;201500014292;15;5;27;1730;1;2;1;1;1;55;534, PARADIS (RUE);M;4327184.0;538589.0;130
12886;201500014293;15;2;12;1130;1;2;1;1;2;55;37, AVE DE CHATEAU GOMBE;;;;130
12887;201500014294;15;5;28;300;5;2;2;1;3;55;85, PIERRE PUGET (COURS);M;4328995.0;537255.0;130
12888;201500014295;15;2;3;1115;1;2;2;1;3;55;00, RUE MARENGO;;;;130
12889;201500014296;15;5;28;1145;1;2;1;1;6;55;80, SYLVABELLE (RUE);M;4328853.0;537598.0;130
12890;201500014297;15;2;25;915;1;2;1;1;6;55;14, AVE DU MARECHAL FOCH;M;4330166.0;539806.0;130
12891;201500014298;15;5;28;1430;1;2;1;1;2;55;130, SALVADOR ALLENDE (R;M;4332998.0;539649.0;130
12892;201500014299;15;5;23;1420;1;2;1;1;6;55;121, ABBE DE L'E (RUE);M;4329726.0;539393.0;130
12893;201500014300;15;2;25;945;1;1;1;1;6;55;99, BD DE LA SAVINE*;;;;130
12894;201500014304;15;3;1;1230;1;2;1;1;6;55;1527, RUE DE LA MAURELLE;;;;130
12895;201500014305;15;2;25;1124;1;2;1;1;6;55;66, AVE DE SAINT JULIEN;M;4330559.0;541784.0;130
12896;201500014306;15;5;28;1915;1;2;1;1;3;55;232, RABELAIS (RUE);M;4336078.0;532856.0;130
12897;201500014307;15;2;21;2050;5;2;2;1;6;55;118, CHE SAINT JEAN DU D;M;4329379.0;540960.0;130
12898;201500014308;15;2;19;607;5;2;1;1;1;55;AVE DE LATTRE DE TASSIGN;;;;130
12899;201500014310;15;2;17;200;5;2;1;2;6;55;BD RABATAU;;;;130
12900;201500014312;15;2;20;1730;1;2;1;1;2;75;35, GENERAL DE GAULLE (M;M;4333762.0;548346.0;130
12901;201500014313;15;5;29;800;1;2;1;1;3;55;44, PARIS (BOULEVARD DE);M;4330713.0;537176.0;130
12902;201500014314;15;5;29;730;1;2;1;1;7;55;45, LESSEPS (RUE DE);M;4332023.0;537162.0;130
12903;201500014316;15;5;28;2000;1;2;1;1;3;55;41, ROLAND DORGELES (BOU;M;4334724.0;537836.0;130
12904;201500014317;15;1;30;1940;5;2;1;1;2;55;159, COR PRESIDENT JOHN;M;4328622.0;535122.0;130
12905;201500014318;15;5;29;1215;1;2;1;1;3;55;20, LOUBON (RUE);M;4331158.0;537862.0;130
12906;201500014320;15;5;29;1820;1;2;1;1;2;55;146, FRANÇOISE DUPARC (B;M;4330879.0;540253.0;130
12907;201500014321;15;2;24;915;1;2;1;1;6;55;10, BD BAILLE;M;4328630.0;538548.0;130
12908;201500014322;15;1;25;730;2;2;2;1;3;55;62, RUE CONSOLAT;M;4330062.0;538835.0;130
12909;201500014323;15;5;29;1855;1;2;8;1;6;55;35, RIVE NEUVE (QUAI);M;4329262.0;536753.0;130
12910;201500014325;15;5;29;2110;5;2;1;1;2;55;361, SAINT ANTOINE (AVEN;M;4338067.0;535752.0;130
12911;201500014326;15;2;23;1005;1;2;2;1;3;55;00, RUE PARADIS;M;4327822.0;538321.0;130
12912;201500014327;15;5;17;2031;1;2;1;1;2;55;1, CHARLES LIVON (BOULEV;M;4329222.0;536334.0;130
12913;201500014328;15;2;18;910;1;2;3;1;3;106;24, NELSON MANDELA (AVEN;M;4340885.0;536736.0;130
12914;201500014329;15;5;30;215;5;2;1;1;3;55;160, CAPELETTE (AVENUE D;M;4328046.0;540816.0;130
12915;201500014330;15;2;19;730;1;2;1;1;6;55;302, BD NATIONAL;M;4331213.0;537675.0;130
12916;201500014331;15;5;29;1840;1;2;1;1;5;55;00, COLGATE (TRAVERSE);M;0.0;0.0;130
12917;201500014332;15;2;11;935;1;2;3;1;3;55;01, MTE ANTOINE CASTEJON;M;4336165.0;0.0;130
12918;201500014333;15;4;13;750;1;2;3;1;3;55;00, STRASBOURG (BOULEVAR;;;;130
12919;201500014334;15;2;24;1410;1;2;1;1;7;55;63, BD JEAN MOULIN;M;4328548.0;539882.0;130
12920;201500014336;15;2;18;730;1;2;1;1;6;55;264, AVE ROGER SALENGRO;M;4332239.0;536773.0;130
12921;201500014337;15;5;18;1700;1;2;1;1;5;55;108, CAMOINS (AVENUE DES;M;4330507.0;551214.0;130
12922;201500014338;15;2;18;1130;1;2;1;1;6;55;93, CHE DE SAINT JOSEPH;M;4335514.0;537022.0;130
12923;201500014339;15;5;30;1230;1;2;2;1;3;55;208, CHAVE (BOULEVARD);M;4329563.0;539792.0;130
12924;201500014340;15;4;11;1540;1;2;2;1;3;55;00, STANISLAS TORRENTS (;M;4328780.0;537823.0;130
12925;201500014342;15;2;10;1715;1;2;1;1;6;55;90, AVE DE SAINT JEROME;M;4333281.0;541995.0;130
12926;201500014343;15;5;31;1030;1;2;1;1;3;55;78-82, HAMBOURG (BOULEVA;M;4325065.0;538858.0;130
12927;201500014344;15;2;16;1800;1;2;1;1;6;55;27B, BD CHARLES MORETTI;M;4332607.0;537717.0;130
12928;201500014346;15;1;6;745;1;2;1;1;6;55;164, AVE JULES CANTINI;M;4327989.0;539479.0;130
12929;201500014347;15;5;31;1520;1;2;1;1;3;55;212, NATIONAL (BOULEVARD;M;4330985.0;537950.0;130
12930;201500014348;15;2;19;750;2;2;1;1;6;55;24, BD DE LA LIMITE;M;4337361.0;536723.0;130
12931;201500014349;15;5;31;2130;5;2;1;1;3;55;50, MICHELET (BOULEVARD);M;4326545.0;539558.0;130
12932;201500014352;15;2;13;2100;5;2;2;2;3;55;57, RUE ALPHONSE DAUDET;M;4331906.0;540816.0;130
12933;201500014353;15;5;31;1715;1;1;1;1;4;2;00, PICHAURIS (CHEMIN DE;M;4336339.0;549879.0;130
12934;201500014354;15;1;6;1830;5;2;2;1;1;55;00, PCE PAUL CEZANNE;M;4329235.0;538345.0;130
12935;201500014355;15;5;27;905;1;2;2;1;7;55;74, DOCTEUR FRÉDÉRIC GRA;M;4328101.0;535830.0;130
12936;201500014356;15;2;2;1735;1;2;1;1;6;55;101, BD MICHELET;M;4326730.0;539425.0;130
12937;201500014357;15;5;29;1150;1;2;1;1;1;55;174, SAINT LOUP (BOULEVA;M;4328406.0;543572.0;130
12938;201500014358;15;2;21;1600;1;2;1;1;6;55;220, RUE CHARLES KADDOUZ;M;4331730.0;543809.0;130
12939;201500014360;15;1;26;1810;5;2;1;1;6;55;327, AVE DE MONTOLIVET;M;4331775.0;541915.0;130
12940;201500014361;15;5;28;2050;2;2;1;1;6;55;37, MADRAGUE DE MONTREDO;M;4323716.0;536335.0;130
12941;201500014362;15;2;18;1310;1;2;2;1;6;55;65, CRS GOUFFE;M;4328546.0;538985.0;130
12942;201500014363;15;5;27;845;1;2;1;1;2;55;6, CORDERIE (BOULEVARD D;M;4329064.0;537125.0;130
12943;201500014364;15;2;2;945;1;2;1;1;2;55;02, RUE DU RACATI;M;4330456.0;537608.0;130
12944;201500014365;15;5;26;1410;1;2;8;1;6;55;1, PAUL GONDARD (RUE);M;4329118.0;538172.0;130
12945;201500014366;15;2;14;1145;1;2;1;2;4;55;41, CRS LIEUTAUD;M;4329314.0;538242.0;130
12946;201500014367;15;6;2;1400;1;2;1;1;6;55;57, JEAN MERMOZ (RUE);M;4327539.0;538674.0;130
12947;201500014368;15;2;9;1705;1;2;2;1;6;55;00, CHE DE PALAMA;M;4335307.0;543804.0;130
12948;201500014369;15;6;2;1820;1;2;1;1;6;55;112, WILLIAM BOOTH (AVEN;M;4329566.0;544630.0;130
12949;201500014371;15;1;23;830;1;2;1;1;1;55;00, AVE DE LA PEYPINE;;;;130
12950;201500014372;15;6;2;2155;3;2;1;1;6;55;LÉON LACHAMP (ROUTE);M;4324632.0;543288.0;130
12951;201500014373;15;2;5;1630;1;2;1;1;6;55;02, BD PHILIPPON;M;4330365.0;539314.0;130
12952;201500014374;15;6;2;1730;1;1;1;1;6;55;19, GEORGE (RUE);M;4329755.0;539771.0;130
12953;201500014375;15;2;20;1730;1;2;1;1;6;55;87, AVE FREDERIC MISTRAL;M;4332260.0;545583.0;130
12954;201500014376;15;6;3;1615;1;2;1;1;3;55;40, CROIX ROUGE (AVENUE);M;4333138.0;543286.0;130
12955;201500014377;15;2;23;2155;5;2;1;1;1;55;30, AVE D' HAIFA;M;4325278.0;539223.0;130
12956;201500014378;15;6;3;1500;1;2;1;1;7;55;NICOLAS APPERT (RUE);M;4333909.0;542034.0;130
12957;201500014379;15;6;3;1745;1;2;1;1;2;55;300, SAINT PIERRE (RUE);M;4329158.0;540582.0;130
12958;201500014380;15;6;3;1750;1;2;1;1;6;55;256, PRADO (AVENUE);M;4327498.0;538956.0;130
12959;201500014381;15;6;3;1030;1;2;1;1;6;55;00, JOSEPH AIGUIER (CHEM;M;4325122.0;541206.0;130
12960;201500014382;15;2;18;810;1;2;1;1;6;55;19, RUE D' ORANGE;M;4331288.0;538627.0;130
12961;201500014383;15;6;3;920;1;2;1;1;1;55;00, MIREILLE LAUZE (BOUL;M;4328355.0;541740.0;130
12962;201500014384;15;2;9;1330;1;2;3;1;3;55;131, BD MIREILLE LAUZE;M;4328320.0;541182.0;130
12963;201500014385;15;6;4;810;1;2;1;1;6;55;34, SAINT JEROME (AVENUE;M;4332927.0;541896.0;130
12964;201500014386;15;2;20;1145;1;2;1;1;6;55;232, BD DE SAINTE MARGUE;M;4326319.0;541100.0;130
12965;201500014388;15;6;4;1800;1;1;1;1;1;55;297, SAINT MARCEL (BOULE;M;4328627.0;547230.0;130
12966;201500014389;15;1;5;600;5;2;1;1;2;55;148, AVE DES CHARTREUX;M;4330847.0;540029.0;130
12967;201500014390;15;6;4;1620;1;2;1;1;6;55;FRAIS VALLON (AVENUE);M;4332522.0;543368.0;130
12968;201500014391;15;6;5;755;1;2;1;1;5;55;ALBERT COHEN (RUE);M;0.0;0.0;130
12969;201500014392;15;6;2;950;1;2;1;1;1;55;305, LYON (RUE DE);M;4333652.0;536300.0;130
12970;201500014393;15;6;5;1245;1;2;1;1;6;55;42, SAINT JUST (AVENUE D;M;4331413.0;540295.0;130
12971;201500014395;15;6;5;935;1;2;3;1;3;55;279, CAILLOLS (AVENUE DE;M;4330298.0;544680.0;130
12972;201500014396;15;6;6;1000;1;2;2;1;3;55;279, CAILLOLS (AVENUE DE;M;4330300.0;544678.0;130
12973;201500014397;15;3;1;2000;5;2;1;1;6;55;00, IMP RAVEL;;;;130
12974;201500014398;15;6;7;5;5;2;1;1;3;55;MENDES FRANCE (AVENU;M;4325777.0;537630.0;130
12975;201500014399;15;2;27;800;2;2;2;2;3;55;00, RUE DU TONKIN;M;4327702.0;541362.0;130
12976;201500014400;15;6;7;200;5;1;1;1;2;55;149,*PRADO (AVENUE);M;4327891.0;538802.0;130
12977;201500014401;15;6;7;135;5;2;1;1;1;55;61 AVIATEUR LE BRIX (RU;M;4325927.0;540063.0;130
12978;201500014402;15;2;2;1600;1;2;1;1;2;55;00, AVE ALEXANDRE FLEMIN;;;;130