;Num_Acc;an;mois;jour;hrmn;lum;agg;int;atm;col;com;adr;gps;lat;long;dep
12979;201500014403;15;6;6;1600;1;2;1;1;6;55;334, L ARMEE D AFRIQUE (;M;4328547.0;542156.0;130
12980;201500014405;15;6;6;2000;2;2;3;1;5;55;VISTE (AVENUE DE LA);M;4335980.0;535758.0;130
12981;201500014406;15;2;28;1945;5;2;1;1;6;55;AVE RAIMU;;;;130
12982;201500014407;15;6;7;940;1;1;1;1;3;75;TERMES (ALLEE DES);M;4333825.0;545560.0;130
12983;201500014408;15;2;25;1535;1;2;3;1;3;55;82, BD DE LA BARASSE RN;M;4328583.0;547953.0;130
12984;201500014409;15;6;3;1015;1;2;2;1;3;55;135, PARADIS (RUE);M;4328788.0;537913.0;130
12985;201500014410;15;2;18;1815;5;2;1;1;1;55;63, AVE DE LA TIMONE;M;4328581.0;540290.0;130
12986;201500014411;15;6;7;1225;1;2;2;1;6;55;00, CAILLOLS (AVENUE DES;M;4330323.0;544963.0;130
12987;201500014412;15;2;27;700;2;2;1;2;1;55;00, TRA DES CAILLOLS;;;;130
12988;201500014416;15;2;16;1430;1;2;1;1;6;55;55, RTE DES CAMOINS;M;4329713.0;549466.0;130
12989;201500014417;15;6;7;555;5;2;1;1;3;55;SAKAKINI (BOULEVARD);M;4329632.0;540030.0;130
12990;201500014418;15;6;7;1100;1;2;1;1;6;55;88, SAINTE MARTHE (CHEMI;M;4332249.0;538946.0;130
12991;201500014419;15;2;8;1400;1;2;1;1;4;55;134, RUE BRETEUIL;M;4328460.0;537815.0;130
12992;201500014420;15;6;1;1330;1;2;1;1;6;55;71, FRANCOISE DUPARC**BO;M;4330387.0;540078.0;130
12993;201500014421;15;2;19;1800;1;2;1;1;6;55;30, CRS LIEUTAUD;M;4329401.0;538214.0;130
12994;201500014422;15;6;8;1215;1;2;1;1;3;55;41, BRETEUIL (RUE);M;4329067.0;537567.0;130
12995;201500014423;15;2;14;1625;1;2;2;8;3;55;00, RUE VILLENEUVE;M;4330092.0;538240.0;130
12996;201500014424;15;6;8;1715;1;2;1;1;3;55;163, LUMINY (AVENUE DE);M;4323474.0;543610.0;130
12997;201500014426;15;6;8;2120;5;2;2;1;3;55;38, BARRAL (BOULEVARD);M;4326422.0;539216.0;130
12998;201500014429;15;2;6;1220;1;2;1;1;6;55;18, AVE DE CORINTHE;M;4328358.0;539017.0;130
12999;201500014430;15;6;9;1145;1;2;3;1;4;55;219, CHATEAU GOMBERT CHE;M;4334577.0;542482.0;130
13000;201500014431;15;2;12;1330;1;2;1;1;2;55;188, BD DE PARIS;M;4331358.0;536806.0;130
13001;201500014432;15;6;9;1325;1;2;1;1;2;55;277, SAINT PIERRE (RUE);M;4329192.0;540288.0;130
13002;201500014433;15;2;12;1430;1;2;1;1;6;55;233, RUE D ENDOUME;M;4328427.0;535815.0;130
13003;201500014434;15;6;9;1750;1;2;1;1;3;55;56, LYON (RUE DE);M;4332524.0;536694.0;130
13004;201500014435;15;2;17;1230;1;2;1;1;4;55;55, CHE DE LA MADRAGUE V;M;4334641.0;535487.0;130
13005;201500014436;15;6;9;1830;1;2;1;3;3;55;3, COMTESSE (BOULEVARD D;M;4331239.0;544747.0;130
13006;201500014437;15;2;12;1330;1;2;1;1;6;55;02, VSN QUAI DU PORT A L;M;4329625.0;537152.0;130
13007;201500014438;15;6;9;2300;5;2;1;1;2;55;26, MICHELET (BOULEVARD);M;4327091.0;539197.0;130
13008;201500014439;15;2;14;1435;1;2;2;3;3;55;101, RUE ALBERT;M;4333021.0;542114.0;130
13009;201500014440;15;6;9;2027;1;2;1;1;2;55;614, PRADO (AVENUE);M;4326224.0;537466.0;130
13010;201500014441;15;2;26;1750;1;2;1;1;2;55;BD JEAN MOULIN;;;;130
13011;201500014442;15;6;9;145;5;2;1;1;6;55;76, FRANCOISE DUPARC (BO;M;4330430.0;540102.0;130
13012;201500014443;15;2;6;2030;5;2;1;1;5;55;84, BD DE LA CORDERIE;M;4329022.0;536867.0;130
13013;201500014444;15;7;3;1715;1;2;1;1;2;55;75, SAINTE MARTHE (CHEMI;M;4332202.0;538934.0;130
13014;201500014445;15;7;23;815;1;2;1;1;7;106;00, TUBIE (ROUTE DE);M;4340932.0;536652.0;130
13015;201500014446;15;6;10;1230;1;2;3;1;3;55;164, PLOMBIERES (BOULEVA;M;4331848.0;537955.0;130
13016;201500014448;15;6;5;550;1;2;1;1;3;55;437, PRADO (AVENUE);M;4326728.0;538354.0;130
13017;201500014449;15;6;10;2220;5;2;1;1;5;55;118, BLANCARDE (BOULEVAR;M;4330340.0;540473.0;130
13018;201500014450;15;6;11;645;1;2;1;1;3;55;10, PANTHEON  (TRAVERSE;M;4327818.0;540383.0;130
13019;201500014451;15;6;11;810;1;2;3;1;3;55;348, POILUS (AVENUE DES);M;4331394.0;546292.0;130
13020;201500014453;15;6;11;1235;1;2;3;1;3;55;129, CAILLOLS (AVENUE DE;M;4330418.0;543486.0;130
13021;201500014454;15;5;18;1700;1;2;1;1;3;55;12, GROGNARDE (AVENUE DE;M;4329209.0;543546.0;130
13022;201500014455;15;3;8;530;5;2;1;1;6;55;173, COR PRESIDENT JOHN;M;4328507.0;535019.0;130
13023;201500014456;15;6;11;1625;1;2;1;1;6;55;42, PIERRE PUGET (COURS);M;4329017.0;537344.0;130
13024;201500014457;15;2;11;1130;1;2;1;1;6;55;200, RUE D ENDOUME;M;4328593.0;536018.0;130
13025;201500014458;15;6;11;1915;1;2;1;1;6;55;12 NATIONALE (RUE);M;4329940.0;537694.0;130
13026;201500014459;15;1;23;800;2;2;1;1;1;55;12, RUE JEAN BAPTISTE RE;M;4328094.0;539727.0;130
13027;201500014460;15;6;6;2140;5;2;1;1;1;55;CHATEAU GOMBERT CHEMIN;M;4334170.0;541996.0;130
13028;201500014461;15;3;6;625;5;2;1;1;7;55;67, AVE BENJAMIN DELESSE;M;4328489.0;540448.0;130
13029;201500014462;15;6;11;1250;1;2;1;1;6;55;58, ROUET (RUE DU);M;4328301.0;538725.0;130
13030;201500014463;15;2;25;1800;2;2;1;1;6;55;109, RUE LOUBON;M;4331274.0;538388.0;130
13031;201500014464;15;6;9;2055;2;2;2;1;1;55;183, ROME (RUE DE);M;4328774.0;538266.0;130
13032;201500014465;15;3;3;1418;1;2;1;1;6;55;100000, RUE DE RUFFI;;;;130
13033;201500014466;15;6;12;715;1;2;1;3;2;55;SAINT LOUIS (AVENUE DE);M;4335121.0;535843.0;130
13034;201500014467;15;3;9;700;1;2;1;1;6;55;39, RUE DE LYON;M;4332455.0;536716.0;130
13035;201500014468;15;6;12;1115;1;2;3;1;3;55;AMPERE (BOULEVARD);M;4334147.0;537310.0;130
13036;201500014469;15;2;27;1320;1;2;1;1;6;55;AVE ANDRE ROUSSIN;;;;130
13037;201500014470;15;6;13;1000;1;2;1;1;2;55;12, ANATOLE DE LA FORGE;M;4331403.0;539804.0;130
13038;201500014471;15;3;1;1210;1;2;1;2;6;55;43, AVE ALEXANDRE ANSALD;M;4333337.0;540303.0;130
13039;201500014472;15;6;13;1325;1;2;1;1;3;55;, GRANIERE (RUE DE LA);M;4328742.0;545794.0;130
13040;201500014473;15;6;10;2120;2;2;3;1;1;55;1, SAINT HENRI (CHEMIN D;M;4335366.0;533656.0;130
13041;201500014474;15;3;4;1430;1;2;1;1;6;55;04, BD DE LA CARTONNERIE;M;4329255.0;545804.0;130
13042;201500014475;15;6;14;200;5;2;3;3;6;55;00, BOUYALA D'ARNAUD (BO;M;4329959.0;543983.0;130
13043;201500014476;15;1;5;530;5;2;1;1;7;55;00, BD DE L' HUVEAUNE;;;;130
13044;201500014477;15;6;13;850;1;2;1;1;3;55;133, BAILLE (BOULEVARD);M;4328833.0;539223.0;130
13045;201500014478;15;2;11;1615;1;2;1;1;6;55;162, AVE DES PEINTRES RO;M;4329988.0;547740.0;130
13046;201500014479;15;6;11;1530;1;2;1;1;2;55;1, PLOMBIERES (BOULEVARD;M;4332025.0;537708.0;130
13047;201500014480;15;3;2;1450;1;2;1;1;6;55;00, AVE DU PRADO;;;;130
13048;201500014481;15;5;27;900;1;2;1;1;6;55;74, SAINT LOUP (BOULEVAR;M;4328233.0;543035.0;130
13049;201500014482;15;6;13;1955;1;2;1;1;3;55;157, LÉON LACHAMP (ROUTE;M;4324899.0;544243.0;130
13050;201500014483;15;3;4;2320;5;2;1;1;6;55;22, AVE DE LA VISTE;M;4335492.0;535726.0;130
13051;201500014484;15;2;12;1130;1;2;1;1;6;55;16, RUE GASTON BERGER;M;4326854.0;541418.0;130
13052;201500014485;15;5;14;1330;1;2;1;1;6;55;24, MERLAN (AVENUE);M;4333362.0;540744.0;130
13053;201500014486;15;3;11;820;1;2;1;1;6;55;39, AVE CLAUDE MONET;M;4332554.0;539413.0;130
13054;201500014488;15;3;11;1015;1;2;4;1;6;55;73, AVE DE FRAIS VALLON;M;4332553.0;543050.0;130
13055;201500014489;15;6;14;1730;1;2;3;1;3;55;00, MAZARGUES (AVENUE DE;M;4325739.0;539428.0;130
13056;201500014490;15;3;11;1600;1;2;1;1;1;55;28, RUE EDMOND JALOUX;M;4332844.0;538219.0;130
13057;201500014491;15;6;14;2000;1;2;1;1;6;55;55, MARÉCHAL DE LATTRE (;M;4324728.0;540714.0;130
13058;201500014492;15;3;11;1045;1;2;1;1;6;55;154, AVE JULES CANTINI;M;4328022.0;539417.0;130
13059;201500014493;15;6;14;2010;1;2;7;1;1;55;23-25 YVES CHAPUIS;M;4329774.0;540501.0;130
13060;201500014494;15;6;14;2220;5;1;1;1;3;55;159 VISTE (AVENUE DE LA);M;4336336.0;535714.0;130
13061;201500014495;15;2;27;844;1;2;2;2;6;55;34, RUE SAINTE BARBE;M;4330167.0;537447.0;130
13062;201500014496;15;6;14;1950;1;2;1;1;6;55;55, LUMINY (AVENUE DE);M;4324058.0;543869.0;130
13063;201500014497;15;3;11;1120;1;2;2;1;3;55;rue DE LA JOLIETTE;M;4330291.0;536982.0;130
13064;201500014498;15;6;12;1820;1;1;1;1;6;2;589, MILLE ECUS (TRAVERS;M;4333474.0;546880.0;130
13065;201500014499;15;3;13;1650;1;2;1;1;6;55;36, CHE DU PASSET;M;4336052.0;533441.0;130
13066;201500014500;15;6;10;1825;1;2;3;1;3;55;CORNICHE KENNEDY;M;4328031.0;535352.0;130
13067;201500014501;15;6;15;1300;1;2;2;1;3;55;PEYSSONNEL (RUE);M;4331032.0;537110.0;130
13068;201500014502;15;1;25;1320;1;2;1;1;6;55;01, BD LIONEL TERRAY;M;4331559.0;540376.0;130
13069;201500014503;15;6;15;1015;1;1;1;1;3;2;PROVENCE (AVENUE DE);;;;130
13070;201500014504;15;6;16;815;1;2;1;1;2;55;280, SAINTE MARGUERITE (;M;4326230.0;541343.0;130
13071;201500014506;15;2;23;1000;1;2;1;1;6;55;08, AVE JEAN LOMBARD;M;4328931.0;542732.0;130
13072;201500014507;15;6;15;1815;1;2;1;1;2;55;458**MARIUS DIOULOUFET (;M;4333437.0;543770.0;130
13073;201500014508;15;6;16;2300;5;2;2;2;3;55;JEAN MOULIN (BOULEVA;M;4328624.0;539912.0;130
13074;201500014509;15;5;17;2100;2;2;1;1;6;55;19, SAINTE MARTHE (CHEMI;M;4331858.0;539029.0;130
13075;201500014510;15;3;15;810;1;2;2;2;3;55;12, RUE EMILE DUCLAUX;M;4329669.0;540210.0;130
13076;201500014511;15;2;19;1500;1;2;1;1;6;55;226, CHE DE SAINT ANTOIN;M;4336181.0;536374.0;130
13077;201500014514;15;6;17;715;1;1;1;1;5;55;130, RABATAU (BOULEVARD);M;4327851.0;539924.0;130
13078;201500014515;15;6;17;825;1;2;1;1;2;55;SAINTE MARTHE**CHEMIN DE;M;4333322.0;539047.0;130
13079;201500014517;15;6;17;1535;1;2;1;7;6;106;2, TUBIE (ROUTE DE);M;4340877.0;536628.0;130
13080;201500014518;15;6;17;1535;1;2;1;1;7;55;10, LACEPEDE (RUE);M;4330448.0;539772.0;130
13081;201500014519;15;6;17;2025;1;2;1;1;3;55;55, BOURRELY (CHEMIN*DES;M;4337995.0;536200.0;130
13082;201500014520;15;6;17;2040;2;2;3;1;2;55;135, SAINT PIERRE (RUE);M;4329195.0;539369.0;130
13083;201500014522;15;6;17;1220;1;2;1;1;3;55;34, AVENUE DU VALLON D'O;M;4338512.0;536212.0;130
13084;201500014523;15;6;18;640;1;2;1;1;2;55;04, HENRI BARNIER *BOULE;M;4337336.0;535408.0;130
13085;201500014524;15;5;30;1630;1;2;1;1;3;55;94, GIRARDIN (RUE);M;4328954.0;535757.0;130
13086;201500014525;15;6;18;1530;1;2;3;1;2;55;73, SAINT MARCEL (BOULEV;M;4328882.0;546136.0;130
13087;201500014526;15;6;18;1550;1;2;1;1;3;55;261, MICHELET (BOULEVARD;M;4326067.0;539797.0;130
13088;201500014527;15;6;19;130;5;2;2;1;3;55;195, SAINTE MARGUERITE (;M;4326484.0;540944.0;130
13089;201500014528;15;6;19;225;5;2;1;1;6;55;25, DUGOMMIER (BOULEVARD;M;4329872.0;538091.0;130
13090;201500014529;15;6;16;1025;1;2;1;1;3;55;CASSIN (RUE);M;4331631.0;537326.0;130
13091;201500014530;15;3;7;1630;1;2;1;1;6;55;67, RUE D ENDOUME;M;4328760.0;536601.0;130
13092;201500014531;15;6;19;1515;1;2;1;1;3;55;11, PLOMBIERES (BOULEVAR;M;4331497.0;538759.0;130
13093;201500014532;15;2;28;1330;1;2;1;1;6;55;110, BD DE SAINT LOUP;M;4328275.0;543217.0;130
13094;201500014533;15;6;19;1600;1;2;1;1;2;55;LUMINY (AVENUE DE);M;0.0;0.0;130
13095;201500014534;15;3;15;330;5;1;1;1;3;55;MICHELET (BOULEVARD);;;;130
13096;201500014535;15;3;14;2040;5;2;1;2;2;55;95, COR PRESIDENT JOHN F;M;4328863.0;535356.0;130
13097;201500014536;15;6;19;2020;1;1;1;1;6;55;SAINT LOUIS (AVENUE DE);M;4334514.0;535934.0;130
13098;201500014537;15;6;20;20;5;2;1;1;6;55;24, GARIBALDI (BOULEVARD;M;4329648.0;538133.0;130
13099;201500014538;15;6;19;1000;1;2;1;1;7;55;82, NATIONALE (RUE);M;4329925.0;538018.0;130
13100;201500014539;15;6;8;1009;1;2;1;1;2;55;0, GÉNÉRAL LECLERC (RUE);M;0.0;0.0;130
13101;201500014540;15;2;27;1135;1;2;1;1;4;55;00, BD JEAN MOULIN;;;;130
13102;201500014541;15;6;18;1910;1;2;1;1;3;55;38-40, DÉSIRÉ BIANCO (AV;M;4328769.0;542519.0;130
13103;201500014542;15;2;28;1042;1;2;3;1;3;55;59, AVE DE LA CAPELETTE;M;4328311.0;540170.0;130
13104;201500014543;15;6;19;830;1;2;1;1;6;55;5, SIPHON (TRAVERSE DU);M;4330969.0;539627.0;130
13105;201500014544;15;3;7;1300;1;2;2;1;3;55;39, RUE DIEUDE;M;4329241.0;538214.0;130
13106;201500014545;15;6;20;420;1;2;2;1;3;55;43-45 CONSOLAT (RUE);M;4330061.0;538835.0;130
13107;201500014546;15;3;4;750;1;2;1;1;2;55;72, AVE DES CAILLOLS;M;4330353.0;542996.0;130
13108;201500014547;15;6;10;700;2;2;3;2;1;55;02, EUGENE PIERRE (BOULE;M;4329881.0;539048.0;130
13109;201500014548;15;3;3;2055;5;2;1;1;6;55;AVE JEAN PAUL SARTRE;;;;130
13110;201500014549;15;6;20;1810;1;2;1;1;6;55;00, ANTONIN ARTAUD (PLAC;;;;130
13111;201500014550;15;3;11;1715;1;2;1;1;6;55;0280, VSN MICHELET CONTR;M;4326179.0;539715.0;130
13112;201500014551;15;6;20;1950;1;2;1;1;3;55;99, MAZARGUES (AVENUE DE;M;4326766.0;539315.0;130
13113;201500014553;15;3;6;1450;1;2;3;1;3;55;00, BD FERDINAND DE LESS;M;4331968.0;537119.0;130
13114;201500014554;15;6;21;1430;1;2;1;1;2;55;339, MADRAGUE VILLE (RUE;M;4333767.0;535780.0;130
13115;201500014556;15;6;21;2345;5;2;9;1;6;55;142, CANEBIERE  81 A F;M;4329859.0;538387.0;130
13116;201500014558;15;6;22;100;3;2;1;1;3;55;2, CARGO RHIN FIDELI (RU;M;4332699.0;535594.0;130
13117;201500014559;15;3;5;1030;1;2;1;1;6;55;68, BD DU CAPITAINE GEZE;M;4333146.0;537556.0;130
13118;201500014560;15;6;9;1135;1;2;1;1;3;55;2, 24 AVRIL 15 (AVENUE D;M;4330763.0;542556.0;130
13119;201500014561;15;6;20;1330;1;2;1;1;3;55;289, ALBERT EINSTEIN ***;M;4334596.0;544848.0;130
13120;201500014562;15;3;2;1030;1;2;1;1;6;55;00, CHE DU ROY D' ESPAGN;;;;130
13121;201500014563;15;6;16;945;1;2;1;1;3;55;102, LIBERATION (BOULEVA;M;4330109.0;539136.0;130
13122;201500014564;15;3;7;820;1;2;2;1;3;55;26, AVE ANDRE ZENATTI;M;4324705.0;538291.0;130
13123;201500014565;15;6;22;700;1;2;1;1;6;55;00, HAMBOURG (BOULEVARD);M;4325095.0;538822.0;130
13124;201500014566;15;2;13;1240;1;2;3;1;2;55;28, RUE DU DOCTEUR ESCAT;M;4328348.0;538235.0;130
13125;201500014567;15;6;22;810;1;2;3;1;3;55;MENDES FRANCE (AVENUE);M;4325338.0;537607.0;130
13126;201500014568;15;3;13;1950;5;2;1;1;4;55;222, RUE SAINT PIERRE;M;4329255.0;540066.0;130
13127;201500014569;15;6;16;1150;1;2;1;1;3;55;12, MILLIE MATHYS (AVENU;M;4336525.0;534801.0;130
13128;201500014570;15;2;26;1130;1;2;1;1;6;55;147, BD BAILLE;M;4328943.0;539656.0;130
13129;201500014571;15;6;22;1310;1;1;1;1;2;55;CLOT BEY (AVENUE);M;4326029.0;538700.0;130
13130;201500014572;15;3;2;1500;1;2;1;1;3;55;58, AVE DES BUTRIS;M;4329904.0;545285.0;130
13131;201500014573;15;6;22;1350;1;2;2;1;3;55;152, MICHELET (BOULEVARD;M;4326513.0;539546.0;130
13132;201500014574;15;3;7;1015;1;2;1;1;6;55;110, CHE DE LA COLLINE S;M;4325070.0;541547.0;130
13133;201500014575;15;6;22;1650;1;2;3;1;3;55;8, JEAN ROUBIN (CHEMIN);M;4324598.0;541830.0;130
13134;201500014576;15;2;11;1200;1;2;3;1;6;55;00, PCE DE LA GARE DE LA;M;4329609.0;540621.0;130
13135;201500014577;15;6;22;1740;1;2;1;1;2;55;10, RUE MATHILDE;M;4333408.0;536138.0;130
13136;201500014578;15;6;23;940;1;2;1;1;6;55;3, FONDERE (RUE);M;4330185.0;539855.0;130
13137;201500014579;15;3;7;1915;5;2;1;1;6;55;04, RUE CARNAVALET;M;4326201.0;540220.0;130
13138;201500014581;15;6;11;1750;1;2;6;1;3;55;400, LITTORAL (CHEMIN DU;M;4334796.0;534395.0;130
13139;201500014582;15;6;15;1715;1;1;1;1;3;55;00, LITTORAL (CHEMIN DU);M;4335832.0;532637.0;130
13140;201500014583;15;6;24;740;1;2;1;1;6;55;10, OCEAN (BOULEVARD***;M;4324156.0;539850.0;130
13141;201500014584;15;3;4;1430;1;2;1;1;2;55;AVE DES AYGALADES;;;;130
13142;201500014585;15;6;24;930;1;2;2;1;6;55;29, ROGER SCHIAFFINI (RU;M;4331152.0;538602.0;130
13143;201500014586;15;3;10;900;1;2;3;1;3;55;358, RUE SAINT PIERRE;M;4329173.0;540896.0;130
13144;201500014587;15;6;4;1530;1;1;1;1;3;55;181, CAPELETTE (AVENUE D;M;4328053.0;540800.0;130
13145;201500014588;15;3;10;1355;1;2;1;1;6;55;216, RUE PARADIS;M;4328337.0;538103.0;130
13146;201500014589;15;6;20;1310;1;2;1;1;2;55;260, HENRI BARNIER (BOUL;M;4336439.0;534222.0;130
13147;201500014590;15;1;30;1115;1;2;1;1;2;55;16, PCE DES MARSEILLAISE;M;4330183.0;538167.0;130
13148;201500014591;15;6;24;1445;1;2;1;1;6;55;243, PARIS (BOULEVARD DE;M;4331160.0;536926.0;130
13149;201500014592;15;3;13;805;1;2;1;1;2;55;51, AVE ANDRE ZENATTI;M;4324635.0;538763.0;130
13150;201500014593;15;6;24;1945;1;1;1;1;2;55;CLUE (CHEMIN DE LA);M;4330961.0;550168.0;130
13151;201500014594;15;6;24;1920;1;2;1;1;6;55;31, PAUL COXE (RUE);M;4334668.0;537826.0;130
13152;201500014595;15;6;24;1945;1;2;2;1;1;55;20-22, CORSE (AVENUE DE;M;4328950.0;536444.0;130
13153;201500014596;15;3;12;2215;5;2;3;1;3;55;00, BD DU REDON;M;4325417.0;542082.0;130
13154;201500014597;15;6;24;2030;2;2;1;1;2;55;17, POMPIDOU (PROMENADE);M;4326677.0;537260.0;130
13155;201500014598;15;3;13;1215;1;2;1;1;6;55;01, BD DUGOMMIER;M;4329762.0;538098.0;130
13156;201500014599;15;6;24;2220;5;1;2;1;2;55;00, PRADO (AVENUE);M;4328195.0;538563.0;130
13157;201500014600;15;3;10;2148;5;2;1;2;6;55;258, AVE DU PRADO;M;4327441.0;539022.0;130
13158;201500014601;15;6;24;2120;1;2;3;1;3;55;32, FENOUIL (BOULEVARD);M;4336262.0;532083.0;130
13159;201500014602;15;2;5;2130;5;2;1;1;6;55;03, BD CHARLES NEDELEC;M;4330246.0;537715.0;130
13160;201500014603;15;6;2;800;1;2;1;1;6;55;21, COMMANDANT GUILBAUD;M;4326686.0;540377.0;130
13161;201500014604;15;2;18;810;1;2;1;1;6;55;07, RUE DE LA GUADELOUPE;M;4328176.0;537452.0;130
13162;201500014605;15;5;31;1200;1;2;1;1;3;55;32, MIREILLE LAUZE (BOU;M;4328239.0;540562.0;130
13163;201500014606;15;6;25;1500;1;2;3;1;3;55;Rue Daumier;M;4327886.0;538806.0;130
13164;201500014607;15;3;13;1930;5;2;1;1;6;55;17, RUE AVIATEUR LE BRIX;M;4326254.0;540466.0;130
13165;201500014608;15;6;26;2245;5;1;2;1;3;55;50, MIRES (RUE);M;4331160.0;537133.0;130
13166;201500014609;15;6;24;410;5;2;1;1;6;55;174, COLGATE*(TRAVERSE);M;4323249.0;540383.0;130
13167;201500014610;15;6;25;1100;1;2;3;1;6;55;29, BAILLE (BOULEVARD);M;4328680.0;538689.0;130
13168;201500014612;15;6;26;650;1;2;3;1;6;55;72, 24 AVRIL 15 (AVENUE;M;4330800.0;543202.0;130
13169;201500014613;15;6;17;1700;1;2;2;1;3;55;10, REPUBLIQUE (RUE DE L;M;4329694.0;537366.0;130
13170;201500014614;15;2;22;1025;1;1;1;1;6;55;13, AVE DE LA POINTE ROU;M;4324860.0;537509.0;130
13171;201500014615;15;6;26;1015;1;2;1;1;6;55;36, ACCOULES (MONTEE DES;M;4329772.0;536672.0;130
13172;201500014616;15;2;24;1140;1;2;3;1;6;55;121, CHE DE GIBBES;M;4332412.0;538212.0;130
13173;201500014617;15;6;10;905;1;2;1;1;3;55;94, JEAN LOMBARD (AVENUE;M;4328893.0;543260.0;130
13174;201500014618;15;5;26;2000;2;2;1;1;3;55;JENNY HELIA (AVENUE);M;4336644.0;535561.0;130
13175;201500014619;15;3;13;2000;5;2;2;1;3;55;01, CHE DU PASSET;M;4336133.0;533722.0;130
13176;201500014620;15;6;27;10;3;2;1;1;3;55;105, MARÉCHAL DE LATTRE;M;4324552.0;541254.0;130
13177;201500014621;15;6;27;155;5;2;1;1;1;55;40, CAMOINS (AVENUE DES);M;4330507.0;551210.0;130
13178;201500014622;15;3;16;750;1;2;1;1;6;55;34, BD DU CAPITAINE GEZE;M;4333025.0;537004.0;130
13179;201500014623;15;6;27;130;5;2;1;1;7;55;41, CAMOINS (AVENUE DES);M;4330522.0;551188.0;130
13180;201500014624;15;6;27;820;1;2;1;1;3;55;58, MAZARGUES;M;4326850.0;538875.0;130
13181;201500014625;15;6;27;1610;1;2;1;1;6;55;2, LANCIER (CHEMIN DU);M;4324915.0;539674.0;130
13182;201500014626;15;3;14;1800;1;2;1;1;6;55;87, BD CHARLES LIVON;M;4329196.0;535830.0;130
13183;201500014627;15;6;27;630;1;2;1;1;7;55;122, CORNICHE KENNEDY;M;4328287.0;535051.0;130
13184;201500014628;15;6;27;540;5;2;1;1;7;55;01, JEAN QUEILLAU (RUE);M;4333489.0;538530.0;130
13185;201500014629;15;6;10;820;1;2;3;1;4;55;103, SAKAKINI (BOULEVARD;M;4329269.0;540141.0;130
13186;201500014630;15;4;24;1330;1;2;1;1;2;55;129, MAZARGUES (AVENUE D;M;4326616.0;538999.0;130
13187;201500014631;15;6;28;1330;1;2;1;1;4;55;SALVADOR ALLENDE (RUE);M;4332998.0;539650.0;130
13188;201500014632;15;2;1;1400;1;2;1;1;6;55;24, BD DU METRO;;;;130
13189;201500014633;15;6;28;1900;1;2;1;1;2;55;59, SAINT PAUL (AVENUE);M;4332824.0;540689.0;130
13190;201500014634;15;6;29;30;5;2;1;1;7;2;517-566, ETIENNE CUCCA;M;4336184.0;549389.0;130
13191;201500014635;15;6;22;1700;1;2;1;1;6;55;25, SUD PERE LO (RUE;M;0.0;0.0;130
13192;201500014636;15;6;29;930;1;2;1;1;6;55;6, HUVEAUNE (BOULEVARD D;M;4327092.0;540410.0;130
13193;201500014637;15;6;29;900;1;2;2;1;3;55;1, ROGER BRUN (RUE);M;4328672.0;539036.0;130
13194;201500014638;15;3;10;1240;1;2;1;1;7;55;43, RUE PIERRE BERANGER;M;4331145.0;544639.0;130
13195;201500014639;15;6;29;1100;1;2;3;1;6;55;2, PROVENCE (RUE DE);M;4330149.0;539602.0;130
13196;201500014640;15;6;17;1320;1;2;1;1;1;55;61, MORGIOU (CHEMIN DE);M;4324295.0;540630.0;130
13197;201500014641;15;6;25;800;1;2;3;1;3;55;24, ALBERT EINSTEIN (RUE;M;;;130
13198;201500014643;15;6;29;1338;1;2;1;1;3;55;230, CHARLES KADDOUZ (RU;M;4331770.0;543869.0;130
13199;201500014644;15;3;13;1410;1;2;1;1;6;55;116, AVE DES POILUS;M;4332395.0;545612.0;130
13200;201500014645;15;6;29;1645;1;2;3;1;2;55;129-131, FRANCOISE DUPAR;M;4330737.0;540144.0;130
13201;201500014646;15;3;14;525;2;2;2;1;7;55;AVE DE MAZARGUES;M;4325012.0;539597.0;130
13202;201500014647;15;6;29;1850;1;1;2;1;1;55;48, PAUL CLAUDEL (BOULEV;M;4326852.0;540914.0;130
13203;201500014648;15;3;11;1630;1;2;3;1;6;55;176, BD MICHELET;M;4326375.0;539623.0;130
13204;201500014650;15;6;30;811;1;1;1;1;3;55;93-97 St JEAN DU DESERT;M;4329564.0;543336.0;130
13205;201500014651;15;6;29;1900;1;2;1;1;3;55;130, MADRAGUE VILLE (RUE;M;4332694.0;536063.0;130
13206;201500014652;15;6;30;1540;1;2;2;1;3;55;DAMES (BOULEVARD DES);M;4330309.0;536664.0;130
13207;201500014653;15;6;30;2230;2;2;1;1;6;55;29, VINCENT DELPUECH (BO;M;4328297.0;539070.0;130
13208;201500014654;15;3;15;1340;1;2;2;1;5;55;00, BD ROMAIN ROLLAND;M;4327592.0;541740.0;130
13209;201500014655;15;6;30;2030;2;2;1;1;2;55;17, MONTREDON (AVENUE DE;M;4324482.0;537261.0;130
13210;201500014656;15;3;12;1200;1;2;1;1;6;55;85, RTE DES CAMOINS;M;4329748.0;549674.0;130
13211;201500014657;15;7;1;215;5;2;1;1;2;55;94-98, RABATAU;M;4327652.0;539763.0;130
13212;201500014658;15;7;25;1030;1;2;1;1;6;55;458, LYON (RUE DE);M;4334205.0;535998.0;130