;Num_Acc;an;mois;jour;hrmn;lum;agg;int;atm;col;com;adr;gps;lat;long;dep
13213;201500014659;15;7;1;920;1;2;1;1;6;55;87, SAINT JULIEN (AVENUE;M;4330656.0;542091.0;130
13214;201500014660;15;7;1;2030;1;2;3;1;3;55;00, BELGES (QUAI DES);M;4329528.0;537442.0;130
13215;201500014661;15;7;1;315;5;2;1;1;6;55;14, PIERRE BERANGER (RUE;M;4331157.0;544430.0;130
13216;201500014662;15;7;2;45;5;2;1;1;6;55;174, CORNICHE KENNEDY;M;4327959.0;535353.0;130
13217;201500014663;15;6;30;1630;1;2;1;1;1;55;22, MERLAN (AVENUE);M;4333223.0;540674.0;130
13218;201500014664;15;7;1;1230;1;2;3;1;3;75;15, ANDRE MALRAUX (BD);M;4334713.0;546164.0;130
13219;201500014665;15;7;2;1330;1;2;1;1;2;55;144 PEINTRES ROUX;M;4330168.0;547541.0;130
13220;201500014666;15;7;2;1320;1;2;1;1;3;55;26, BRIANCON (BOULEVARD);M;4331814.0;537030.0;130
13221;201500014667;15;7;1;1620;1;2;1;1;3;55;40, LIBERTE (BOULEVARD D;M;4330133.0;538332.0;130
13222;201500014668;15;7;2;1955;1;2;1;1;4;55;50, BUREL (BOULEVARD ET;M;4331728.0;538325.0;130
13223;201500014669;15;1;1;615;5;2;1;1;7;55;158, VOI LA CANEBIERE;M;4329876.0;538436.0;130
13224;201500014670;15;6;30;405;3;2;2;1;3;55;52-54, LIBERATION;M;4330019.0;538873.0;130
13225;201500014671;15;3;4;1210;1;2;3;1;3;55;58, BD NOTRE DAME;M;4328780.0;537347.0;130
13226;201500014672;15;7;1;1515;1;2;1;1;2;55;110, ALEX. FLEMING;M;4331656.0;539873.0;130
13227;201500014673;15;7;2;1310;1;2;1;1;6;55;18-20, PROVENCE;M;4330173.0;539715.0;130
13228;201500014674;15;7;3;645;1;1;1;1;6;55;00, RUE DES TILLEULS;;;;130
13229;201500014675;15;7;2;1625;1;2;1;1;1;55;233, PAUL CLAUDEL (BOULE;M;4326891.0;542012.0;130
13230;201500014676;15;6;26;945;1;2;1;1;3;55;36, RABATAU (BOULEVARD);M;4327422.0;539405.0;130
13231;201500014677;15;5;30;500;2;1;1;1;3;55;00, LITTORAL (CHEMIN DU);M;0.0;0.0;130
13232;201500014679;15;7;3;1445;1;2;1;1;6;55;01, BELGES (QUAI DES);M;4329509.0;537446.0;130
13233;201500014680;15;7;3;1615;1;2;1;1;3;55;7, JEAN BOUIN (AVENUE);M;4326719.0;540315.0;130
13234;201500014681;15;3;14;1830;2;2;3;2;6;55;00, AVE ALEXANDRE FLEMIN;M;4331592.0;540074.0;130
13235;201500014682;15;7;3;1615;1;2;1;1;3;55;01, BARA (BOULEVARD);M;4335182.0;543897.0;130
13236;201500014683;15;7;3;1740;1;1;1;1;6;55;101, MICHELET (BOULEVARD;M;4326748.0;539441.0;130
13237;201500014684;15;7;3;1730;1;2;1;1;3;55;LE CHATELIER;M;4334911.0;537526.0;130
13238;201500014685;15;7;3;1830;1;2;1;1;4;55;BASILE BARRELIER (BOULEV;M;0.0;0.0;130
13239;201500014686;15;6;27;300;5;2;1;1;3;55;00, MIREILLE LAUZE (BOUL;M;4328359.0;541748.0;130
13240;201500014687;15;7;3;1915;1;2;1;1;2;55;13, BOISERAIE (RUE);M;4329794.0;542160.0;130
13241;201500014688;15;7;3;2310;3;2;1;1;1;55;94, BAILLE**BOULEVARD);M;4328769.0;539043.0;130
13242;201500014689;15;7;2;1910;1;1;1;1;7;2;ETIENNE CUCCA-CD908 (AVE;M;0.0;0.0;130
13243;201500014690;15;7;4;600;5;2;1;1;2;55;65, AUDIENCE (RUE DE L');M;4329593.0;548715.0;130
13244;201500014691;15;7;3;1615;1;2;3;1;6;55;88, MAZARGUES (AVENUE DE;M;4326748.0;538937.0;130
13245;201500014692;15;7;4;1345;1;2;1;1;1;55;138, VALBARELLE (BOULEVA;M;4328820.0;545076.0;130
13246;201500014693;15;7;4;1235;1;2;1;1;1;55;48, PAUL CLAUDEL (BOULEV;M;4326849.0;540907.0;130
13247;201500014694;15;7;4;1428;1;2;3;1;3;55;73, JEAN LOMBARD (AVENUE;M;4328900.0;543360.0;130
13248;201500014696;15;7;4;1900;2;2;1;1;1;55;SAINTE MARTHE (CHEMIN DE;M;4332139.0;538964.0;130
13249;201500014697;15;7;4;1930;1;2;1;1;3;55;321, JEAN QUEILLAU;M;4333448.0;538528.0;130
13250;201500014698;15;6;22;1150;1;2;9;1;6;55;376, LYON (RUE DE);M;4333849.0;536234.0;130
13251;201500014699;15;7;5;930;1;2;1;1;2;55;540, MADRAGUE VILLE (RUE;M;4334705.0;535538.0;130
13252;201500014700;15;6;30;1130;1;1;1;1;6;55;Col de la Gineste;M;4323712.0;550300.0;130
13253;201500014701;15;6;12;2040;1;2;1;3;3;55;295, CHAVE (BOULEVARD);M;4329617.0;540523.0;130
13254;201500014702;15;7;5;2015;1;2;1;1;7;55;2, LINOTS (RUE);M;4331386.0;540718.0;130
13255;201500014703;15;7;5;1414;1;2;1;1;6;55;ALLAUCH A AUBAGNE (ROUTE;M;4331150.0;549972.0;130
13256;201500014704;15;7;6;1600;1;2;1;1;3;55;37BIS, MORETTI (BOULEVAR;M;4332498.0;538241.0;130
13257;201500014705;15;6;30;1820;1;2;2;1;3;55;44, ITALIE (RUE D');M;4328884.0;538290.0;130
13258;201500014706;15;7;6;1650;1;2;4;1;6;55;69, CANEBIERE     1 A 79;M;4329712.0;537968.0;130
13259;201500014707;15;7;3;330;5;2;1;1;7;55;25, COLLET (BOULEVARD DU;M;4325105.0;537943.0;130
13260;201500014709;15;7;6;1900;1;2;1;1;3;55;00, ESTAQUE PLAGE;M;4335988.0;531592.0;130
13261;201500014710;15;7;7;2140;5;2;1;1;1;55;41, CANEBIERE    30 A 68;M;4329628.0;537734.0;130
13262;201500014711;15;7;7;1700;1;2;1;1;3;55;50, ANATOLE DE LA FORGE;M;4333643.0;539717.0;130
13263;201500014712;15;7;7;1100;1;2;1;1;2;55;00, QUATRE SEPT (PLACE D;M;4328858.0;535902.0;130
13264;201500014713;15;6;25;750;1;2;1;1;1;55;02, VINCENT VAN GOGH (RU;M;4329897.0;542939.0;130
13265;201500014714;15;2;27;1650;1;2;2;1;3;55;142, AVE DE TOULON;M;4328473.0;539214.0;130
13266;201500014715;15;6;20;1140;1;2;1;1;2;55;34, SCHLOESING ***;M;4327364.0;540045.0;130
13267;201500014716;15;7;7;1010;1;2;1;1;3;55;96, CAMOINS (AVENUE DES);M;4330507.0;551212.0;130
13268;201500014717;15;7;8;900;1;2;2;1;3;55;2, SAINTE CECILE (RUE);M;4328673.0;539037.0;130
13269;201500014718;15;7;8;1440;1;2;1;1;1;55;0, SAINTE MARGUERITE (BO;M;4326745.0;540784.0;130
13270;201500014719;15;7;8;2100;1;2;1;6;7;55;391, ROMAIN ROLLAND (BOU;M;4327058.0;540743.0;130
13271;201500014720;15;6;13;1210;1;2;1;1;6;55;00, LIBERATION (BOULEVAR;M;4330092.0;539082.0;130
13272;201500014721;15;7;9;1340;1;2;1;1;6;55;118, ROGER SALENGRO (AVE;M;4331472.0;537042.0;130
13273;201500014722;15;7;9;1840;1;2;1;1;6;55;2, BAILLE (BOULEVARD);M;4328634.0;538568.0;130
13274;201500014724;15;6;22;30;5;2;2;1;3;55;20, ATHENES (BOULEVARD D;M;4330042.0;538068.0;130
13275;201500014725;15;7;10;650;1;2;1;1;6;55;121, POMME (BOULEVARD DE;M;4329340.0;545441.0;130
13276;201500014726;15;1;23;1700;2;2;3;1;6;55;370, RUE PARADIS;M;4327823.0;538321.0;130
13277;201500014728;15;2;26;1020;1;2;3;1;6;55;00, BD CHAVE;M;4329561.0;539789.0;130
13278;201500014729;15;7;10;1740;1;2;1;1;2;55;27, JEAN MOULIN (BOULEVA;M;4328787.0;540048.0;130
13279;201500014730;15;7;24;1700;1;2;3;1;6;55;65, LIBERATION (BOULEVAR;M;4330021.0;538872.0;130
13280;201500014731;15;2;15;1945;5;2;1;2;7;55;AVE DE SAINT MENET*;;;;130
13281;201500014732;15;7;9;1530;1;2;1;1;3;106;00, BEDOULE (CHEMIN DE L;M;0.0;0.0;130
13282;201500014733;15;6;26;450;5;2;1;1;3;55;123, MILLIERE (BOULEVARD;M;4328349.0;549970.0;130
13283;201500014734;15;7;8;835;1;2;1;1;6;55;20, MARCHE D'IN (AVENUE);M;4333966.0;537999.0;130
13284;201500014735;15;7;11;1510;1;2;2;1;5;55;53, BARBES (BOULEVARD);M;4332581.0;537496.0;130
13285;201500014736;15;7;11;1940;1;2;7;1;3;55;14, ROGER SALENGRO (AVEN;M;4331892.0;536768.0;130
13286;201500014737;15;7;11;2245;5;2;1;1;7;55;MENDES FRANCE (AVENUE;M;4326181.0;537486.0;130
13287;201500014738;15;7;11;2121;2;2;2;1;3;55;ROGER BRUN (RUE);M;;;130
13288;201500014739;15;7;9;1700;1;2;4;1;3;55;93, BLANCARDE (BOULEVARD;M;4330308.0;540245.0;130
13289;201500014740;15;2;28;1715;2;2;1;1;2;55;00, BD CHARLES LIVON;;;;130
13290;201500014741;15;7;6;1720;1;2;1;1;3;55;54, ROLAND DORGELES (BOU;M;4334791.0;537731.0;130
13291;201500014742;15;7;7;1010;1;2;1;1;3;55;128, LITTORAL**CHEMIN DU;M;4333632.0;535344.0;130
13292;201500014743;15;7;2;830;1;2;1;1;1;2;12, PROVENCE (AVENUE DE);M;4333152.0;548628.0;130
13293;201500014744;15;2;6;1205;1;2;1;1;2;55;20, AVE JEAN LOMBARD;;;;130
13294;201500014745;15;7;12;1430;1;2;1;1;3;55;246, LYON (RUE DE);M;;;130
13295;201500014746;15;7;12;1920;1;1;1;1;1;55;00, LÉON LACHAMP (ROUTE);M;0.0;0.0;130
13296;201500014747;15;6;26;655;5;2;1;1;3;55;17bis, PINS (ALLEE DES);M;4325393.0;541982.0;130
13297;201500014748;15;3;14;800;1;2;1;1;7;55;221, AVE DES CHARTREUX;M;4331236.0;540136.0;130
13298;201500014749;15;7;13;1600;1;2;1;1;7;55;09, PROVENCE (RUE DE);M;4330163.0;539647.0;130
13299;201500014750;15;6;1;1530;1;2;1;1;6;55;41, AGUILLON (BOULEVARD);M;4326564.0;541122.0;130
13300;201500014751;15;7;14;150;5;2;1;1;3;55;94, SAINT ANTOINE (AVENU;M;4337055.0;535623.0;130
13301;201500014752;15;7;14;130;5;2;1;1;1;55;45, LÉON GAMBETTA (ALLEE;M;4329906.0;538342.0;130
13302;201500014753;15;7;14;1930;1;2;1;1;6;55;0, ALEX DELABRE (BOULEVA;M;4321933.0;534536.0;130
13303;201500014754;15;7;14;2230;5;1;1;1;3;55;00, MILLIE MATHYS (AVENU;M;4336519.0;534785.0;130
13304;201500014755;15;7;14;2335;5;2;1;1;6;55;66/68, CANEBIERE     1 A;M;4329620.0;537714.0;130
13305;201500014757;15;7;7;2010;2;2;3;1;3;55;43, LIEUTAUD (COURS);M;4329250.0;538262.0;130
13306;201500014758;15;7;14;1830;1;2;1;1;1;55;29-33, GRAND VALLA;M;4331000.0;546695.0;130
13307;201500014759;15;7;12;324;5;2;1;1;7;55;354, POILUS (AVENUE DES);M;4331002.0;546691.0;130
13308;201500014760;15;6;18;900;1;2;1;1;3;55;108, CORDERIE (BOULEVARD;M;4329009.0;536777.0;130
13309;201500014761;15;7;15;1630;1;2;1;1;2;55;2, BREMOND**RUE);M;4332000.0;540850.0;130
13310;201500014762;15;7;15;1850;1;2;1;1;1;55;163, PLOMBIERES (RUE DE);M;4331846.0;537956.0;130
13311;201500014763;15;7;8;1615;1;2;7;1;6;55;17, HUILES (PLACE AUX);M;4329299.0;537182.0;130
13312;201500014764;15;6;25;1945;2;2;1;1;6;55;63-65 DRAGON (RUE);M;4328754.0;537709.0;130
13313;201500014766;15;5;27;910;1;2;1;1;7;55;109, CLOT BEY (AVENUE);M;4325808.0;538351.0;130
13314;201500014767;15;7;16;1630;1;2;1;1;3;55;71, PEINTRES ROUX (AVENU;M;4330721.0;546848.0;130
13315;201500014768;15;7;16;2245;5;2;1;1;6;55;12, PARIS (BOULEVARD DE);M;4330579.0;537251.0;130
13316;201500014769;15;7;17;30;5;2;1;1;1;55;35, CROIX ROUGE (AVENUE);M;4333104.0;543177.0;130
13317;201500014770;15;7;16;1600;1;2;1;1;3;106;39, 8 MAI 1945 (AVENUE D;M;4338715.0;535929.0;130
13318;201500014771;15;7;17;845;1;2;1;1;5;55;17, CAMILLE PELLETAN (AV;M;4330316.0;537400.0;130
13319;201500014772;15;7;17;1400;1;2;1;1;2;55;118, SAINT LOUIS ***;M;4334687.0;535916.0;130
13320;201500014773;15;7;17;200;5;2;1;1;6;55;39, POMPIDOU (PROMENADE);M;4326570.0;537307.0;130
13321;201500014774;15;7;17;2345;5;2;1;1;6;55;519, LITTORAL (CHEMIN DU;M;4335452.0;533356.0;130
13322;201500014775;15;7;16;1730;1;2;1;1;2;55;00, SAINT MENET (AVENUE;M;4323716.0;550325.0;130
13323;201500014776;15;7;18;1000;1;2;1;1;6;55;4, ARMENY (RUE D');M;4329097.0;538006.0;130
13324;201500014777;15;7;17;1930;1;2;1;1;3;55;399, CORNICHE KENNEDY;M;4326893.0;536846.0;130
13325;201500014778;15;7;18;1235;1;2;2;1;3;55;JEAN MOULIN (BOULEVA;M;4329007.0;539984.0;130
13326;201500014779;15;7;19;700;1;2;1;1;3;2;1032,*7 RMENT DE TIRAILL;M;4333837.0;546712.0;130
13327;201500014781;15;7;19;2310;5;2;1;1;2;55;78, JULES CANTINI (AVENU;M;4328236.0;539019.0;130
13328;201500014782;15;7;19;2330;5;2;1;1;6;55;102, LIEUTAUD (COURS);M;4329085.0;538320.0;130
13329;201500014783;15;7;20;25;3;2;1;1;2;55;50, 24 AVRIL 15 (AVENUE;M;4330784.0;542967.0;130
13330;201500014784;15;7;19;1930;1;1;1;1;1;55;113, ENCO DE BOT (ROUTE);M;4331954.0;547046.0;130
13331;201500014785;15;6;25;1515;1;2;2;1;3;55;24 Rue d'Italie;M;4328958.0;538239.0;130
13332;201500014786;15;7;15;330;5;2;1;1;6;55;327, CORNICHE KENNEDY;M;4327030.0;536443.0;130
13333;201500014787;15;7;13;1750;1;2;1;1;6;55;01, SAINT PIERRE (RUE);M;4329397.0;538668.0;130
13334;201500014789;15;7;21;1905;1;2;1;1;1;55;66, MAURIAC (RUE);M;4327455.0;541826.0;130
13335;201500014790;15;7;20;1540;1;2;1;1;2;55;ARNAVON (AVENUE);M;4333098.0;537978.0;130
13336;201500014791;15;7;21;1722;1;2;1;1;6;106;255, 8 MAI 1945 (AVENUE;M;4328784.0;546515.0;130
13337;201500014792;15;6;12;930;1;2;1;1;2;55;75, FRANCOISE DUPARC (BO;M;4330473.0;540086.0;130
13338;201500014793;15;7;21;1600;1;2;3;1;1;55;100, SAINT JEROME (AVENU;M;4333367.0;542020.0;130
13339;201500014794;15;7;22;1515;1;2;3;1;3;55;CHEMIN DU MERLAN A LA RO;M;4333112.0;540618.0;130
13340;201500014796;15;7;22;1415;1;1;1;1;2;55;MENDES FRANCE (AVENUE);M;0.0;0.0;130
13341;201500014797;15;7;16;1915;1;2;3;1;1;55;GARDIANS (RUE);M;4333353.0;539628.0;130
13342;201500014798;15;3;13;720;1;2;2;1;6;55;83, BD DE STRASBOURG;M;4330903.0;537840.0;130
13343;201500014799;15;7;22;1720;1;2;1;1;6;55;43, TURCAT MERY ALLÉE (A;M;4328104.0;538913.0;130
13344;201500014800;15;3;1;2330;5;1;1;2;6;55;60, AVE DE LA CROIX ROUG;M;4333182.0;543399.0;130
13345;201500014801;15;7;22;1745;1;2;3;1;3;55;68, JOLIETTE (RUE DE LA);M;4330291.0;536982.0;130
13346;201500014802;15;7;22;1945;1;2;1;1;6;55;MADRAGUE VILLE (RUE);M;4332243.0;536426.0;130
13347;201500014803;15;7;23;1550;1;2;3;1;3;55;29, PONT DE VIVAUX (BOUL;M;4327980.0;541835.0;130
13348;201500014804;15;7;23;1600;1;2;1;1;3;55;109, CHARLES KADDOUZ (RU;M;4331312.0;543117.0;130
13349;201500014805;15;7;23;2300;5;2;2;1;3;55;00, ANTHOINE (RUE D');M;4331646.0;536840.0;130
13350;201500014806;15;7;24;930;1;2;1;1;2;55;57, JEAN MERMOZ (RUE);M;4327562.0;538679.0;130
13351;201500014807;15;7;17;1315;1;2;1;1;7;55;467, LITTORAL (CHEMIN DU;M;4335264.0;533797.0;130
13352;201500014808;15;7;24;2135;5;2;1;1;2;55;322, ROMAIN ROLLAND (BOU;M;4327133.0;540911.0;130
13353;201500014809;15;6;12;2150;2;2;1;2;3;55;26, RIVE NEUVE (QUAI);M;4329294.0;536922.0;130
13354;201500014810;15;7;24;1340;1;2;1;1;6;55;JOLIETTE (PLACE DE LA);M;4330476.0;536582.0;130
13355;201500014811;15;7;14;1130;1;2;3;1;3;55;77, PLOMBIERES (BOULEVAR;M;4331608.0;538402.0;130
13356;201500014812;15;7;13;1136;1;2;1;1;1;55;20, DÉSIRÉ BIANCO (AVENU;M;4328737.0;542519.0;130
13357;201500014813;15;1;21;1545;1;2;1;1;6;55;01, RUE SERY;M;4331366.0;538812.0;130
13358;201500014814;15;7;19;2000;1;2;1;1;6;55;RAMPE SAINT MAURICE;M;4329102.0;536349.0;130
13359;201500014816;15;7;25;815;1;2;2;1;3;55;441, PRADO (AVENUE);M;4326674.0;538271.0;130
13360;201500014817;15;7;26;625;2;2;4;1;6;55;86, SAINTE MARGUERITE (B;M;4326828.0;540606.0;130
13361;201500014818;15;7;26;1055;1;1;1;1;2;55;1, CAMOINS (AVENUE DES);M;4330740.0;550876.0;130
13362;201500014820;15;7;26;140;3;1;1;1;7;55;LÉON LACHAMP (ROUTE);M;4324887.0;545249.0;130
13363;201500014821;15;7;26;330;5;2;2;1;3;55;00, FRANÇOISE DUPARC (BO;M;4330943.0;540281.0;130
13364;201500014822;15;7;26;225;5;2;2;1;3;55;24, NEUVE SAINT (RUE);M;4329284.0;536868.0;130
13365;201500014823;15;5;26;2100;5;2;1;1;6;55;4, PONT DE VIVAUX (BOULE;M;4328152.0;542600.0;130
13366;201500014824;15;7;27;1432;1;2;1;1;2;55;231, MARÉCHAL DE LATTRE;M;4324478.0;542663.0;130
13367;201500014825;15;7;27;1530;1;2;1;1;7;55;LAVANDIN (AVENUE);M;4333978.0;542628.0;130
13368;201500014827;15;7;27;1725;1;2;1;1;5;55;17, SOUDE (AVENUE DE LA);M;4324484.0;539943.0;130
13369;201500014828;15;3;15;1415;1;2;2;1;6;55;26, RUE DU PROGRES;M;4329711.0;539143.0;130
13370;201500014829;15;7;27;2325;5;2;1;1;6;55;6, OCTROI (PLACE GARE DE;M;4328153.0;542578.0;130
13371;201500014830;15;6;28;600;1;2;1;1;2;55;CARGO RHIN FIDELI (RUE);M;0.0;0.0;130
13372;201500014831;15;7;27;915;1;2;1;1;6;55;18, SABLIERE (ROUTE DE L;M;4329231.0;547938.0;130
13373;201500014833;15;7;27;1545;1;2;1;1;3;55;DÉSIRÉ BIANCO (AVENUE);M;4328676.0;542527.0;130
13374;201500014834;15;7;28;1342;1;1;1;1;2;55;35, SCHLOESING (BOULEVAR;M;4327409.0;540018.0;130
13375;201500014835;15;7;27;1430;1;2;1;1;3;55;70, CANEBIERE     70 A F;M;4329763.0;538113.0;130
13376;201500014836;15;7;28;1615;1;2;1;1;2;55;187, MENDES FRANCE (AVEN;M;4325231.0;537581.0;130
13377;201500014837;15;7;28;1745;1;2;1;1;2;55;77B, VISTE (AVENUE DE*LA;M;4335767.0;535746.0;130
13378;201500014838;15;7;27;2120;1;2;1;1;2;55;24, LAZARET (QUAI DU);M;4331023.0;536707.0;130
13379;201500014839;15;7;28;2300;5;2;1;1;3;55;47, RIVE NEUVE (QUAI);M;4329235.0;536616.0;130
13380;201500014840;15;7;28;2250;5;2;3;1;3;55;263, SAINT MARCEL (BOULE;M;4328631.0;547008.0;130
13381;201500014841;15;7;28;2000;2;2;1;1;6;55;24, PLOMBIERES (BOULEVAR;M;4331523.0;538687.0;130
13382;201500014842;15;7;28;1500;1;2;1;1;4;55;00, BELGES (QUAI DES);M;0.0;0.0;130
13383;201500014844;15;7;29;1200;1;2;1;1;6;55;373, PARADIS *RUE);M;4327688.0;538376.0;130
13384;201500014845;15;6;6;2230;5;2;2;1;3;55;00, JULES CANTINI (AVENU;M;4328371.0;538782.0;130
13385;201500014846;15;7;29;2345;5;2;1;1;2;55;30, SCHLOESING (BOULEVAR;M;4327324.0;540056.0;130
13386;201500014847;15;7;30;645;1;2;3;1;3;2;18, CLEMENT, JULES BARTH;M;4333268.0;546388.0;130
13387;201500014848;15;7;30;745;1;2;1;1;1;55;SAINT JULIEN ***;M;4330525.0;541685.0;130
13388;201500014849;15;7;25;900;1;2;1;1;3;2;863 JEAN GIONO (AVENUE);M;4333257.0;548390.0;130
13389;201500014851;15;7;30;2015;1;2;1;1;3;55;20, OLIVES (AVENUE DES);M;4332931.0;543055.0;130
13390;201500014852;15;7;30;2240;3;2;1;1;5;55;60, CAPITAINE GEZE (BOUL;M;4333145.0;537512.0;130
13391;201500014853;15;7;31;57;5;2;1;1;7;55;113, CANEBIERE ***;M;4329813.0;538256.0;130
13392;201500014854;15;7;29;1930;1;1;1;1;3;55;84, MONTE CRISTO (RUE);M;4329958.0;539635.0;130
13393;201500014855;15;7;30;1700;1;2;1;1;6;55;03, PIERRE DRAVET (RUE);M;4329021.0;539869.0;130
13394;201500014856;15;7;30;1220;1;2;3;1;3;55;BARQUIERE (AVENUE DE LA);M;4324553.0;539816.0;130
13395;201500014857;15;7;31;900;1;2;1;1;2;55;114 PRADO (ROND-POINT);M;4327262.0;539104.0;130
13396;201500014858;15;1;22;800;1;2;1;1;6;55;01, AVE DES CAILLOLS;M;4330405.0;542474.0;130
13397;201500014860;15;7;31;2000;1;2;1;1;7;55;EISSERO (RUE DE L');M;4335656.0;536001.0;130
13398;201500014861;15;7;31;1823;1;2;1;1;1;55;177, MENDES FRANCE (AVEN;M;4325393.0;537617.0;130
13399;201500014862;15;7;31;2315;5;2;1;1;6;55;562, PRADO (AVENUE);M;4326393.0;537759.0;130
13400;201500014863;15;8;1;30;5;2;1;2;6;55;01, RIVE NEUVE (QUAI DE);M;4329400.0;537376.0;130
13401;201500014864;15;8;1;1910;1;2;6;1;2;55;CHUTES LAVIE (AVENUE);M;4331350.0;539701.0;130
13402;201500014866;15;8;1;2248;5;2;1;1;2;55;724, LITTORAL (CHEMIN DU;M;4335830.0;531883.0;130
13403;201500014867;15;8;1;2345;5;2;1;1;3;55;155, VISTE (AVENUE DE LA;M;4336235.0;535726.0;130
13404;201500014868;15;7;19;1540;1;2;2;1;1;55;10, ATHENES (BOULEVARD D;M;4329970.0;538080.0;130
13405;201500014869;15;8;2;1320;1;2;9;1;6;55;11, LYON (RUE DE);M;4332327.0;536762.0;130
13406;201500014870;15;8;2;1410;1;2;1;1;6;55;375, PRADO (AVENUE);M;4326930.0;538633.0;130
13407;201500014871;15;8;2;1215;1;2;4;1;6;55;61, ROGER CHIEUSSE (BOUL;M;4336292.0;531649.0;130
13408;201500014872;15;7;28;357;5;2;1;1;6;55;0, AUGUSTIN AUBERT (RUE);M;4326655.0;540289.0;130
13409;201500014873;15;8;2;2120;5;2;1;1;3;55;1, ROMAIN ROLLAND (BOULE;M;4328036.0;542614.0;130
13410;201500014874;15;7;28;930;1;2;1;1;2;55;108, ALEX. FLEMING (BOUL;M;4331653.0;539695.0;130
13411;201500014875;15;7;21;440;5;2;2;1;1;55;95, SAKAKINI (BOULEVARD);M;4329375.0;540134.0;130
13412;201500014876;15;8;3;850;1;2;2;1;3;55;2, PONT DE VIVAUX (BOUL;M;4328161.0;542704.0;130
13413;201500014877;15;8;3;1350;1;2;1;1;6;55;21, ALEX. FLEMING (BOULE;M;4331521.0;540285.0;130
13414;201500014878;15;8;3;2110;2;2;1;1;3;55;153, MARÉCHAL JUIN;M;4331009.0;540313.0;130
13415;201500014879;15;8;3;2030;1;2;1;1;6;55;91, CHEMIN DU MERLAN A L;M;4333064.0;541120.0;130
13416;201500014880;15;8;3;1900;1;1;1;1;4;55;40, LIBERTE (BOULEVARD D;M;4330135.0;538332.0;130
13417;201500014881;15;7;30;1710;1;2;3;1;3;55;1, PALAMA (CHEMIN DE);M;4335203.0;543753.0;130
13418;201500014882;15;7;31;930;1;2;1;1;3;55;247, MADRAGUE VILLE (RUE;M;4333322.0;535856.0;130
13419;201500014883;15;8;4;1830;1;2;2;1;6;55;127, RABELAIS (RUE);M;4335921.0;533278.0;130
13420;201500014884;15;8;4;2225;5;2;2;1;3;55;PIERRE PUGET (COURS);M;4329041.0;537577.0;130
13421;201500014886;15;3;3;1530;1;2;1;1;6;55;252, BD BAILLE;M;4328980.0;539824.0;130
13422;201500014887;15;8;4;2145;5;2;1;1;6;55;130, MORGIOU (CHEMIN DE);M;4323966.0;540736.0;130
13423;201500014889;15;8;4;1520;1;2;1;1;3;55;19, DELPHES (AVENUE DE);M;4328422.0;538796.0;130
13424;201500014890;15;8;4;1645;1;2;1;1;3;55;29, TOUSSAINT (RUE);M;4331389.0;538304.0;130
13425;201500014891;15;8;6;1400;1;2;1;1;6;55;151, ESTAQUE PLAGE;M;4336199.0;530888.0;130
13426;201500014892;15;8;6;1615;1;2;1;1;7;55;391, ROMAIN ROLLAND (BOU;M;4327036.0;540693.0;130
13427;201500014893;15;8;6;1615;1;2;1;1;6;55;1, JEAN CRISTOFOL (RUE);M;4330992.0;537974.0;130
13428;201500014894;15;8;6;2050;5;2;1;1;6;55;61, SAINT JUST (AVENUE D;M;4331713.0;540501.0;130
13429;201500014895;15;2;17;845;1;2;1;3;1;55;15, VON FUTUR COLLEGE ST;;;;130
13430;201500014896;15;8;6;2345;5;2;3;1;3;55;77, PLOMBIERES (BOULEVAR;M;4331608.0;538401.0;130
13431;201500014897;15;8;5;1930;1;2;1;1;6;55;25, LACEPEDE (RUE);M;4330513.0;539881.0;130
13432;201500014898;15;8;7;720;1;2;1;1;7;55;66, REPUBLIQUE (RUE DE L;M;4330126.0;537016.0;130
13433;201500014899;15;8;6;1930;1;2;2;1;2;55;26, VERTUS (RUE DES);M;4329098.0;539212.0;130
13434;201500014900;15;8;1;1830;1;2;1;1;6;55;SABLIERE (ROUTE DE LA);M;0.0;0.0;130
13435;201500014901;15;8;7;1045;1;2;3;1;3;55;185, MONTOLIVET (AVENUE;M;4331234.0;541149.0;130
13436;201500014902;15;8;7;1210;1;1;1;1;3;55;ANTOINE MAILLE (RUE);M;4328550.0;539421.0;130
13437;201500014904;15;8;3;930;1;2;1;1;2;55;37, CAILLOLS (AVENUE DES;M;4330381.0;542636.0;130
13438;201500014906;15;8;7;2030;1;2;1;1;6;55;2, LA FOURRAGERE (AVENUE;M;4329993.0;543095.0;130
13439;201500014907;15;6;25;1255;1;2;6;1;6;55;64, HAIFA (AVENUE);M;4325203.0;539097.0;130
13440;201500014908;15;8;8;900;1;2;3;1;6;55;21, MAZARGUES (AVENUE DE;M;4326909.0;538841.0;130
13441;201500014909;15;8;8;1910;1;2;1;1;6;55;ROMAIN ROLLAND (BOULEVAR;M;4327400.0;541438.0;130
13442;201500014910;15;8;9;15;5;2;1;1;3;55;375, PRADO (AVENUE);M;4326930.0;538634.0;130
13443;201500014911;15;8;9;300;3;1;1;1;7;55;249, LÉON LACHAMP (ROUTE;M;4324655.0;545508.0;130
13444;201500014912;15;7;21;915;1;2;1;1;3;55;06, DELPHES (AVENUE DE);M;4328503.0;538813.0;130