;Num_Acc;an;mois;jour;hrmn;lum;agg;int;atm;col;com;adr;gps;lat;long;dep
13445;201500014913;15;8;9;1150;1;2;1;1;6;55;162, COMMANDERIE (CHEMIN;M;4334636.0;536159.0;130
13446;201500014914;15;8;9;1850;2;2;3;1;6;55;432, MICHELET (BOULEVARD;M;4325300.0;540205.0;130
13447;201500014916;15;8;10;1105;1;2;1;1;6;55;40, BORROMEES ***;M;4330056.0;543421.0;130
13448;201500014917;15;8;6;1030;1;2;2;1;3;55;68, SAINTE (RUE);M;4329171.0;537183.0;130
13449;201500014918;15;8;10;1600;1;2;3;1;3;55;219, CHATEAU GOMBERT CHE;M;4334578.0;542482.0;130
13450;201500014919;15;8;6;715;1;2;1;1;3;55;1, CARGO RHIN FIDELI (RU;M;4332735.0;535533.0;130
13451;201500014920;15;8;10;2120;5;2;1;1;2;55;3, DUGOMMIER (BOULEVARD);M;4329791.0;538095.0;130
13452;201500014921;15;8;11;50;5;2;1;1;6;55;153 MARÉCHAL JUIN 153;M;4330944.0;540289.0;130
13453;201500014922;15;8;10;2230;5;2;3;1;3;55;11, FALQUE (RUE);M;4328444.0;538314.0;130
13454;201500014923;15;8;10;2305;5;2;2;1;3;55;BONNIOT (BOULEVARD);M;4331515.0;544739.0;130
13455;201500014925;15;8;11;1200;1;2;1;1;6;55;450, LYON (RUE DE);M;4334094.0;536077.0;130
13456;201500014926;15;8;11;1125;1;2;1;1;7;106;17, NELSON MANDELA (AVEN;M;4340973.0;536890.0;130
13457;201500014927;15;8;10;1910;1;2;1;1;2;55;141, ESTAQUE PLAGE;M;4335990.0;531000.0;130
13458;201500014928;15;8;11;1430;1;2;4;1;3;55;32, MONTAIGNE (RUE);M;4330435.0;541413.0;130
13459;201500014929;15;7;19;120;5;2;1;1;6;55;213, CHAVE (BOULEVARD);M;4329583.0;539986.0;130
13460;201500014930;15;8;1;100;5;2;6;1;7;55;1, CHUTES LAVI (AVENUE);M;4330834.0;539647.0;130
13461;201500014931;15;8;11;2250;5;2;1;1;3;55;00, SCHLOESING (BOULEVAR;M;4327631.0;539947.0;130
13462;201500014932;15;3;12;830;1;2;1;1;6;55;16, ALL LEON GAMBETTA;M;4329910.0;538187.0;130
13463;201500014933;15;8;12;145;5;2;1;1;7;55;132, PRADO**;M;4327942.0;538775.0;130
13464;201500014934;15;8;4;2000;1;2;1;1;6;55;1, BELSUNCE (COURS);M;4329906.0;537570.0;130
13465;201500014935;15;8;7;1030;1;2;1;1;3;55;1, ROMAIN ROLLAND (BOULE;M;4328098.0;542696.0;130
13466;201500014936;15;8;11;1100;1;2;1;1;3;55;418, MICHELET *BOULEVARD;M;4325338.0;540169.0;130
13467;201500014937;15;7;31;1600;1;2;1;1;3;55;14, SAINT SAENS (RUE);M;4329386.0;537549.0;130
13468;201500014938;15;8;12;2015;1;2;1;1;3;55;TOPAZE (RUE);M;4333487.0;540995.0;130
13469;201500014939;15;8;12;2045;2;2;1;1;6;55;505, PRADO (AVENUE);M;4326551.0;538044.0;130
13470;201500014941;15;8;13;1100;1;2;9;1;6;55;00, RODOCANACHI (BOULEVA;;;;130
13471;201500014942;15;7;2;1840;1;2;1;1;6;55;33, ROLAND DORGELES (BOU;M;4334722.0;537839.0;130
13472;201500014943;15;8;7;1630;1;2;2;1;3;75;FRÉDÉRIC CHEVILLON;M;4334747.0;546375.0;130
13473;201500014944;15;8;13;400;5;2;1;1;6;55;347  CORNICHE KENNEDY;M;4327175.0;536268.0;130
13474;201500014945;15;8;14;5;5;2;1;1;3;55;LITTORAL (CHEMIN DU);M;4334870.0;534313.0;130
13475;201500014946;15;8;14;820;1;2;1;1;2;55;2, DANIEL CASANOVA (BOUL;M;4332089.0;537475.0;130
13476;201500014947;15;8;14;1200;1;2;1;1;6;55;93, SAKAKINI (BOULEVARD);M;4329412.0;540159.0;130
13477;201500014949;15;8;14;1415;1;2;1;1;6;55;2, JOSEPH AIGUIER (CHEMI;M;4325940.0;540256.0;130
13478;201500014950;15;8;14;1420;1;2;1;1;6;55;114, ROMAIN ROLLAND (BOU;M;4327769.0;542063.0;130
13479;201500014951;15;8;14;2215;5;2;1;1;1;55;68, CAPITAINE GEZE (BOUL;M;4333146.0;537556.0;130
13480;201500014952;15;8;15;415;5;1;1;1;1;55;36, PRADO (AVENUE DU);M;4328384.0;538458.0;130
13481;201500014953;15;8;15;530;2;2;1;1;6;55;150, VALBARELLE (BOULEVA;M;4328835.0;545158.0;130
13482;201500014954;15;8;16;130;5;2;2;1;3;55;19, GÉNÉRAL LECLERC (RUE;M;4330443.0;537608.0;130
13483;201500014957;15;8;10;545;5;2;1;1;2;55;338, SAINT PIERRE (RUE);M;4329178.0;540773.0;130
13484;201500014958;15;8;11;1210;1;2;2;1;1;55;00, PARADIS (RUE);M;4328425.0;538029.0;130
13485;201500014959;15;8;16;430;2;2;1;1;3;55;56, BUTRIS (TRAVERSE DES;M;4329915.0;545360.0;130
13486;201500014960;15;8;16;740;1;2;1;1;7;55;00, CROIX ROUGE (AVENUE);M;4333508.0;544535.0;130
13487;201500014961;15;8;16;1005;1;2;1;1;1;55;1, FRANKLIN ROOSEVELT (C;M;4329912.0;538558.0;130
13488;201500014962;15;8;16;1300;1;2;1;1;3;55;62, ANTOINE DEL BELLO (R;M;4328193.0;541190.0;130
13489;201500014963;15;8;16;445;5;2;2;1;3;55;18, COLBERT (RUE)    IMP;M;4329926.0;537412.0;130
13490;201500014964;15;3;11;1220;1;2;1;1;1;55;34, BD DU CAPITAINE GEZE;M;4333025.0;537006.0;130
13491;201500014965;15;8;11;745;1;2;2;1;1;55;CAMAS (RUE DU);M;4329887.0;539129.0;130
13492;201500014966;15;8;17;800;1;2;1;1;5;55;, ALEX. FLEMING (BOULE;M;4331651.0;539639.0;130
13493;201500014967;15;7;29;1700;1;2;9;1;2;55;66, LIEUTAUD (COURS);M;4329253.0;538259.0;130
13494;201500014968;15;8;17;950;1;2;3;1;3;55;23, JOLIETTE (QUAI DE LA;M;4330479.0;536536.0;130
13495;201500014969;15;8;17;1230;1;2;1;1;6;55;66, SAINT MARCEL (BOULEV;M;4328877.0;545962.0;130
13496;201500014971;15;8;17;2215;5;2;2;1;3;55;2, MIRABEAU (BOULEVARD);M;4331453.0;537052.0;130
13497;201500014972;15;8;17;2200;4;2;1;1;6;55;10, BOISERAIE (RUE);M;4329847.0;542128.0;130
13498;201500014974;15;8;15;30;5;2;1;1;2;55;156, PLOMBIERES (BOULEVA;M;4331831.0;538008.0;130
13499;201500014975;15;8;17;1055;1;2;1;1;3;55;116 LIEUTAUD (COURS);M;4328973.0;538376.0;130
13500;201500014976;15;8;7;1525;1;2;1;1;7;55;56, VOLTAIRE    PAIRS (B;M;4330309.0;538519.0;130
13501;201500014978;15;8;19;2120;5;2;1;1;3;55;1, MONTAIGNE (RUE);M;4330431.0;541438.0;130
13502;201500014979;15;8;20;108;5;2;3;1;6;55;45, BRETEUIL (RUE);M;4329042.0;537577.0;130
13503;201500014980;15;7;27;830;1;2;1;1;6;55;10, SAKAKINI (BOULEVARD);M;4329509.0;540063.0;130
13504;201500014981;15;8;19;1800;1;2;1;1;1;55;64, ALL DE LA GRANDE BAS;M;4329661.0;543814.0;130
13505;201500014982;15;8;20;1350;1;2;1;1;7;55;33-3 LAROUSSE (BOULEVARD;M;4333046.0;537824.0;130
13506;201500014983;15;8;20;1920;1;2;1;1;6;55;58, CAPELETTE (AVENUE DE;M;4328235.0;540494.0;130
13507;201500014984;15;8;17;750;1;2;1;1;2;55;81, PRADO (AVENUE DU);M;4328179.0;538641.0;130
13508;201500014986;15;8;21;2355;5;2;3;1;3;55;1, MILLIERE (BOULEVARD;M;4328349.0;549938.0;130
13509;201500014987;15;8;22;100;5;2;1;1;6;55;337, CORNICHE KENNEDY;M;4327346.0;536267.0;130
13510;201500014988;15;8;21;1735;1;2;1;1;2;55;00, CORNICHE KENNEDY;M;4327381.0;536234.0;130
13511;201500014989;15;8;23;230;5;2;1;1;2;55;101, MICHELET (BOULEVARD;M;4326732.0;539399.0;130
13512;201500014990;15;8;23;30;5;2;1;1;6;55;9 TER, GAVOTTE (RUE DE L;M;4337291.0;535522.0;130
13513;201500014991;15;8;23;1615;1;2;1;1;6;55;6, ROGER BRUN ***;M;4328665.0;539047.0;130
13514;201500014992;15;8;22;1210;1;1;1;1;4;55;ALEX. FLEMING (BOULEVARD;M;4331656.0;539843.0;130
13515;201500014993;15;8;24;845;1;2;1;1;3;55;139, MADRAGUE VILLE ****;M;4332680.0;536071.0;130
13516;201500014994;15;8;24;2140;5;2;1;1;3;55;341, SAINT ANTOINE (AVEN;M;4337970.0;535721.0;130
13517;201500014995;15;8;24;1510;1;2;3;1;3;55;15, JEAN MARTIN (RUE);M;4329381.0;540302.0;130
13518;201500014997;15;8;25;1320;1;2;1;1;6;55;161, TOULON (AVENUE DE);M;4328488.0;539448.0;130
13519;201500014999;15;8;26;1030;1;2;1;1;6;55;102, MAURIAC (RUE);M;4327191.0;542155.0;130
13520;201500015000;15;8;22;1830;1;2;7;1;6;55;NATIONALE (RUE);M;4329937.0;537684.0;130
13521;201500015001;15;8;26;2340;5;2;1;1;1;55;155, DANIEL CASANOVA (BO;M;4332725.0;537497.0;130
13522;201500015003;15;8;27;1310;1;2;1;1;3;55;23, BOSPHORE (BOULEVARD;M;4337228.0;536521.0;130
13523;201500015004;15;8;27;1715;1;2;1;1;3;55;36, CHARLES LIVON (BOULE;M;4329225.0;536049.0;130
13524;201500015005;15;8;27;1130;1;2;1;1;3;55;26, RUE PAUL PREBOIST;M;4333112.0;545032.0;130
13525;201500015006;15;8;27;1730;1;2;1;1;3;55;1, SAINT ANTOINE (AVENUE;M;4336572.0;535679.0;130
13526;201500015007;15;8;27;1245;1;2;1;1;2;55;ALBERT EINSTEIN (RUE;M;4334572.0;544655.0;130
13527;201500015008;15;8;27;1230;1;2;1;1;3;55;130, ALBERT EINSTEIN (RU;M;4334572.0;544655.0;130
13528;201500015009;15;7;24;1720;1;2;1;1;3;55;108, MILLIERE (BOULEVARD;M;4328347.0;549935.0;130
13529;201500015010;15;8;28;1630;1;2;2;1;1;55;0000, BUREL (BOULEVARD E;M;4331725.0;538995.0;130
13530;201500015011;15;8;28;1415;1;2;1;1;1;55;130, RABATAU (BOULEVARD);M;4327859.0;539924.0;130
13531;201500015012;15;8;28;1000;1;2;1;1;6;55;295, POILUS (AVENUE DES);M;4331600.0;546122.0;130
13532;201500015014;15;3;12;1115;1;2;6;1;6;2;00, JEAN GIONO (AVENUE);M;4333187.0;548655.0;130
13533;201500015015;15;8;29;215;5;2;1;1;7;55;00, ALEX. FLEMING (BOULE;M;4331653.0;539693.0;130
13534;201500015016;15;8;29;1345;1;2;1;1;1;55;26, VALBARELLE (BOULEVAR;M;4328866.0;545716.0;130
13535;201500015017;15;8;30;2245;5;2;1;1;2;55;145, RABATAU (BOULEVARD);M;4327716.0;539856.0;130
13536;201500015018;15;8;10;1745;1;2;1;1;2;55;40, VOLTAIRE    IMPAIRS;M;4330244.0;538391.0;130
13537;201500015019;15;8;27;1840;1;2;1;1;2;55;58, SAINT MENET (AVENUE;M;4328908.0;549913.0;130
13538;201500015020;15;8;31;1600;1;1;1;1;6;55;162, BAILLE (BOULEVARD);M;4328834.0;539347.0;130
13539;201500015021;15;8;31;1845;1;2;1;1;5;55;MARÉCHAL DE LATTRE (AVEN;M;4324692.0;540708.0;130
13540;201500015022;15;8;31;2030;5;2;1;1;7;55;38, VERDILLON (RUE);M;4327556.0;542399.0;130
13541;201500015024;15;9;1;1630;1;2;1;1;3;55;VALLON VERT (CHEMIN DU);M;4333528.0;545404.0;130
13542;201500015025;15;9;1;1030;1;2;3;1;2;55;108, PRADO (AVENUE);M;4328099.0;538616.0;130
13543;201500015026;15;9;1;1100;1;2;1;1;3;55;164, PEINTRES ROUX (AVEN;M;4329989.0;547754.0;130
13544;201500015027;15;9;2;1640;1;2;2;1;6;55;55, FORBIN (RUE DE);M;4330499.0;536821.0;130
13545;201500015028;15;9;2;1830;1;2;1;1;1;55;00, BARQUIERE (AVENUE DE;M;0.0;0.0;130
13546;201500015029;15;9;2;2230;5;2;2;1;3;55;00, RUFFI (RUE DE);M;4331160.0;537134.0;130
13547;201500015030;15;9;3;1720;1;2;1;1;6;55;225, PAUL CLAUDEL (BOULE;M;4326917.0;542063.0;130
13548;201500015031;15;9;3;1130;1;2;1;1;2;55;14, FONDERE (RUE);M;4330188.0;539985.0;130
13549;201500015032;15;9;4;238;5;2;6;1;7;55;3, HENRI FRENAY (ROND-P;M;4325438.0;537635.0;130
13550;201500015033;15;9;3;1215;1;2;1;1;2;55;184, SAINT MENET (AVENUE;M;4328731.0;551026.0;130
13551;201500015034;15;9;3;1630;1;2;1;1;6;55;4, LIEUTAUD (COURS);M;4329584.0;538153.0;130
13552;201500015035;15;9;4;2130;5;2;1;1;6;55;16, JEAN MOULIN (BOULEVA;M;4328625.0;539914.0;130
13553;201500015036;15;9;4;2220;5;2;1;1;3;55;232, ROMAIN ROLLAND (BOU;M;4327402.0;541437.0;130
13554;201500015037;15;9;3;1830;1;1;1;1;1;55;250, ALBERT EINSTEIN (RU;M;4334582.0;544633.0;130
13555;201500015038;15;9;3;1330;1;2;1;1;1;55;00, BONNETERIE (RUE);M;4329687.0;537166.0;130
13556;201500015039;15;8;29;2030;2;2;1;1;3;55;39, SCHLOESING (BOULEVAR;M;4327446.0;539984.0;130
13557;201500015040;15;9;3;1805;1;2;1;1;3;55;110, SAINT PIERRE (RUE);M;4329195.0;539358.0;130
13558;201500015041;15;9;6;630;1;2;1;1;6;55;BRETEUIL (RUE);M;4328709.0;537711.0;130
13559;201500015042;15;9;6;730;2;2;1;1;6;55;199, CROIX ROUGE (AVENUE;M;4333502.0;544613.0;130
13560;201500015043;15;9;2;1240;1;2;1;1;2;55;26, VALBARELLE (BOULEVAR;M;4328629.0;544386.0;130
13561;201500015044;15;9;6;1620;1;2;1;1;4;55;546, PRADO (AVENUE);M;4326417.0;537832.0;130
13562;201500015045;15;9;6;1811;1;2;1;1;3;55;PLOMBIERES (BOULEVARD*DE;M;4331724.0;538142.0;130
13563;201500015046;15;9;6;1910;1;2;1;1;4;55;893, SALVATORE ALLENDE (;M;4335197.0;547767.0;130
13564;201500015047;15;2;28;2150;5;2;2;1;6;55;00, BD RABATAU;M;4327934.0;539929.0;130
13565;201500015048;15;9;7;1300;1;2;1;1;7;55;55, LOUBON (RUE);M;4331241.0;537995.0;130
13566;201500015049;15;9;7;1345;1;2;1;1;1;55;23, SAINT HENRI (CHEMIN;M;4335602.0;533467.0;130
13567;201500015050;15;9;7;1500;1;2;2;1;1;55;79, ROSE (AVENUE DE LA);M;4332646.0;542149.0;130
13568;201500015052;15;9;7;1820;1;2;1;1;6;55;192, ROSE (AVENUE DE LA);M;4332906.0;542729.0;130
13569;201500015053;15;9;7;1900;2;2;1;1;3;55;181, PIERRE DOIZE  (RUE);M;4327380.0;542725.0;130
13570;201500015055;15;9;8;1645;1;2;1;1;6;55;43, PAUL CLAUDEL (BOULEV;M;4326846.0;540955.0;130
13571;201500015056;15;9;8;1630;1;2;1;1;2;55;156, POILUS (AVENUE DES);M;4332176.0;545700.0;130
13572;201500015057;15;3;15;400;5;2;1;2;6;55;15, BD SCHLOESING;M;4327581.0;539960.0;130
13573;201500015058;15;9;8;1745;1;2;3;1;3;55;78, BARASSE;M;4328583.0;547955.0;130
13574;201500015059;15;9;8;2115;5;2;1;1;2;55;4, LE CHATELIER;M;4334773.0;535911.0;130
13575;201500015060;15;9;9;30;5;1;1;1;6;55;432, MIRELLE LAUZE (BOUL;M;4328645.0;543048.0;130
13576;201500015061;15;9;7;1555;1;2;1;1;1;55;112, BARA (BOULEVARD);M;4334789.0;544773.0;130
13577;201500015062;15;9;9;815;1;2;1;1;3;55;22, CREDENCE (RUE);M;4332118.0;544624.0;130
13578;201500015063;15;9;9;945;1;2;1;1;3;55;27, SCHLOESING (BOULEVAR;M;;;130
13579;201500015064;15;9;9;1045;1;2;3;1;1;55;135, OLIVES (AVENUE DES);M;4332657.0;543816.0;130
13580;201500015065;15;8;19;2000;2;1;1;1;4;55;00, LÉON LACHAMP (ROUTE);M;4324632.0;543268.0;130
13581;201500015066;15;9;9;1530;1;2;1;1;6;55;35, DÉSIRÉ BIANCO ****;M;4328903.0;542576.0;130
13582;201500015067;15;9;9;1430;1;1;1;1;2;55;35, ALL DE LA GRANDE BAS;M;4329834.0;543684.0;130
13583;201500015068;15;2;28;1915;5;2;1;1;2;55;56, AVE DU MERLAN;M;4333643.0;540727.0;130
13584;201500015069;15;9;9;1530;1;2;3;1;3;55;00, MADRAGUE VILLE (RUE);M;4333696.0;535756.0;130
13585;201500015070;15;9;9;2045;5;2;1;1;6;55;110, ROUET (RUE DU);M;4328013.0;539019.0;130
13586;201500015071;15;9;9;1400;1;1;1;1;6;55;GASTON FLOTTE*(RUE);;;;130
13587;201500015073;15;9;10;1030;1;2;2;1;6;55;MERLE (BOULEVARD);M;4330106.0;541513.0;130
13588;201500015074;15;9;10;1050;1;1;1;1;2;2;1419, ETIENNE CUCCA-CD90;M;4336320.0;549563.0;130
13589;201500015075;15;9;9;1715;1;2;2;1;3;55;60, CANEBIERE    30 A 68;M;4329727.0;538012.0;130
13590;201500015076;15;9;10;1515;1;2;1;1;3;55;14, MARÉCHAL DE LATTRE (;M;4324968.0;540478.0;130
13591;201500015077;15;9;10;2345;5;2;1;1;6;55;411, PRADO (AVENUE);M;4326819.0;538463.0;130
13592;201500015078;15;9;10;1715;1;2;1;1;6;55;214, CAPELETTE (AVENUE D;M;4327964.0;541051.0;130
13593;201500015079;15;9;11;800;1;2;1;1;5;55;165, PRADO (AVENUE);M;4327841.0;538798.0;130
13594;201500015080;15;8;24;500;5;2;2;1;3;55;85, PARADIS (RUE);M;4329050.0;537802.0;130
13595;201500015081;15;9;9;1635;1;2;1;1;6;55;22, BELSUNCE (COURS);M;4329762.0;537698.0;130
13596;201500015082;15;9;11;2015;5;2;1;1;6;55;17, CAMOINS ((RUE LES);M;4329601.0;548944.0;130
13597;201500015083;15;9;11;1915;1;2;1;1;7;55;01, ALEX DELABRE (BOULEV;M;4321969.0;534536.0;130
13598;201500015084;15;9;12;350;5;2;1;2;6;55;152, MAZARGUES (AVENUE D;M;4326546.0;539030.0;130
13599;201500015085;15;8;31;1150;1;2;1;1;2;55;33, AURENGUES**CHEMIN DE;M;4332739.0;545438.0;130
13600;201500015086;15;9;11;1230;1;2;2;1;3;55;1, BREMOND (RUE);M;4331988.0;540825.0;130
13601;201500015087;15;9;3;1430;1;2;1;1;2;55;59, SAINT JUST (AVENUE D;M;4331500.0;540300.0;130
13602;201500015088;15;9;11;740;1;2;1;1;6;55;12, CENTRALE (RUE);M;4335167.0;543894.0;130
13603;201500015089;15;9;11;1750;1;2;1;1;3;55;131, MAZARGUES (AVENUE D;M;4326589.0;539010.0;130
13604;201500015091;15;8;25;1810;1;2;1;1;2;55;11, FARANDOLE (IMPASSE);M;4332626.0;542361.0;130
13605;201500015092;15;9;12;1330;1;2;1;1;4;55;ANDRÉ ROUSSIN (AVENUE);M;4335393.0;533783.0;130
13606;201500015093;15;9;12;1800;1;2;1;1;3;55;65, CLOT BEY (AVENUE);M;4325662.0;538259.0;130
13607;201500015094;15;9;12;2015;2;2;1;1;3;55;80, ACIERIES (BOULEVARD;M;4327723.0;540327.0;130
13608;201500015095;15;8;18;1430;1;2;1;1;3;55;PALUD (RUE DE LA);M;4329411.0;537957.0;130
13609;201500015096;15;8;19;2035;2;2;1;1;6;55;26, ANDRE ZENATTI (AVENU;M;4324685.0;538340.0;130
13610;201500015097;15;9;13;900;1;2;1;1;6;55;155, CORNICHE KENNEDY;M;4328631.0;535130.0;130
13611;201500015098;15;8;14;1700;1;2;1;1;3;55;19-23 CATALANS;M;4329280.0;535560.0;130
13612;201500015099;15;9;13;1540;1;2;1;1;3;55;PORT (QUAI DU);M;4329628.0;537164.0;130
13613;201500015100;15;9;13;1715;1;2;1;1;2;55;34, LESSEPS (RUE DE);M;4332045.0;537328.0;130
13614;201500015101;15;9;11;1200;1;2;1;1;2;55;397, CORNICHE KENNEDY;M;4326998.0;536595.0;130
13615;201500015102;15;9;11;1800;1;1;1;1;4;55;ARENC (QUAI D');M;4331244.0;536692.0;130
13616;201500015103;15;9;14;800;1;1;1;1;3;55;6, BONNARDEL (RUE);M;4331118.0;538746.0;130
13617;201500015104;15;9;14;1306;1;2;1;1;3;55;342, SAINT ANTOINE (AVEN;M;4337734.0;535650.0;130
13618;201500015105;15;9;14;1210;1;2;1;1;6;55;18, VALDONNE (AVENUE DE);M;4332433.0;541545.0;130
13619;201500015106;15;9;14;1630;1;2;1;1;6;55;00, SAVINE (BOULEVARD DE;M;4336625.0;537130.0;130
13620;201500015107;15;9;15;710;1;2;1;1;6;2;ETIENNE CUCCA-CD908 (AVE;M;4336302.0;549496.0;130
13621;201500015108;15;9;14;1830;1;2;1;1;2;55;3, MONTAIGNE (RUE);M;4330431.0;541433.0;130
13622;201500015109;15;9;15;1030;1;2;1;1;1;55;133, CHEMIN DU MERLAN A;M;4333087.0;540721.0;130
13623;201500015110;15;9;12;1130;1;2;1;1;5;55;BOURRELY (CHEMIN DES);M;0.0;0.0;130
13624;201500015111;15;9;15;1516;1;2;1;1;2;55;PONT DE VIVAUX (BOULEVAR;M;4328050.0;542085.0;130
13625;201500015112;15;9;15;1800;1;2;1;8;4;55;00, MARÉCHAL DE LATTRE (;M;4324536.0;542374.0;130
13626;201500015113;15;9;16;420;2;2;1;2;7;55;56, VALBARELLE (BOULEVAR;M;4328696.0;544590.0;130
13627;201500015114;15;9;16;735;1;2;1;8;3;55;CASSIN (RUE);M;4331565.0;537312.0;130
13628;201500015115;15;9;16;845;1;2;1;8;7;55;35, PETIT SAINT JEAN (RU;M;4329898.0;537909.0;130
13629;201500015116;15;9;16;1650;1;2;2;1;3;55;61, JEANNE D'ARC (BOULEV;M;4329342.0;540316.0;130
13630;201500015117;15;9;16;1835;1;2;3;1;6;55;1, PIERRE DRAMARD (BOULE;M;4337748.0;535986.0;130
13631;201500015118;15;9;11;800;1;2;5;1;7;55;ALEX. FLEMING (BOULEV;M;4331383.0;540581.0;130
13632;201500015119;15;9;10;2000;2;2;1;1;2;55;179, BAILLE (BOULEVARD);M;4328875.0;539432.0;130
13633;201500015120;15;8;17;1300;1;2;1;1;3;55;103, MARÉCHAL DE LATTRE;M;4324708.0;540738.0;130
13634;201500015121;15;9;17;720;1;2;3;1;2;55;52, PERIER (BOULEVARD);M;4327932.0;538409.0;130
13635;201500015122;15;9;11;1200;1;2;1;1;3;55;40, RIVE NEUVE (QUAI);M;4329253.0;536697.0;130
13636;201500015123;15;9;17;1130;1;2;1;2;2;55;00, JEAN BOUIN (AVENUE);M;4326720.0;540316.0;130
13637;201500015124;15;9;14;810;1;2;3;1;3;75;98, FREDERIC MISTRAL (AV;M;4335110.0;547179.0;130
13638;201500015125;15;9;17;1841;1;2;1;1;6;55;26, ANDRE ZENATTI (AVENU;M;4324690.0;538328.0;130
13639;201500015127;15;9;17;850;1;2;1;1;3;55;15, BOURDET (MAURICE) (B;M;4330308.0;537917.0;130
13640;201500015128;15;9;17;1145;1;2;1;1;3;55;00, FRAIS VALLON (AVENUE;M;4332512.0;542340.0;130
13641;201500015130;15;9;18;750;1;2;1;1;2;55;32, SCHLOESING (BOULEVAR;M;4327133.0;540182.0;130
13642;201500015131;15;9;18;900;1;2;1;1;3;55;160, POILUS (AVENUE DES);M;4332181.0;545750.0;130
13643;201500015132;15;9;18;1240;1;2;1;1;5;55;22, ST MENET (CHEMIN);M;4328919.0;549657.0;130
13644;201500015133;15;9;18;1515;1;2;3;1;3;55;192, ROUET (RUE DU);M;4327574.0;539552.0;130
13645;201500015134;15;1;24;1300;1;2;1;1;6;55;00, RUE ELEMIR BOURGES;;;;130
13646;201500015135;15;9;18;1500;1;2;1;1;3;55;1, MONTEE DES (RUE);M;4330546.0;541026.0;130
13647;201500015136;15;9;18;1900;1;2;1;1;2;55;85,*POMPIDOU (PROMENADE);M;4326329.0;537400.0;130
13648;201500015137;15;9;18;1505;1;2;1;1;2;55;FRÉDÉRIC MISTRAL (AVENUE;M;4332340.0;544930.0;130
13649;201500015138;15;9;19;1330;1;2;3;1;6;55;01, STRASBOURG (PLACE);M;4330645.0;537348.0;130
13650;201500015139;15;9;19;1300;1;2;1;1;3;55;103, CAPELETTE (AVENUE D;M;4328188.0;540405.0;130
13651;201500015140;15;9;19;1515;1;2;2;1;3;55;FORTUNÉ CHAILLAN (RUE);M;4336037.0;536380.0;130
13652;201500015141;15;9;19;1730;1;2;1;1;6;55;02, DESAIX (RUE);M;4330863.0;537443.0;130
13653;201500015142;15;9;19;2210;5;2;1;1;3;55;280, BARASSE;M;4328382.0;549263.0;130
13654;201500015143;15;8;21;1640;1;2;1;1;2;55;63, JEAN MOULIN (BOULEVA;M;4328550.0;539882.0;130
13655;201500015145;15;9;20;1950;2;2;1;1;3;55;35, LA FOURRAGERE (AVENU;M;4330168.0;543095.0;130
13656;201500015146;15;9;21;1030;1;2;1;1;1;55;ALBERT COHEN (RUE);M;4336184.0;533676.0;130
13657;201500015147;15;9;21;1345;1;2;1;1;3;55;93, RABATAU (BOULEVARD);M;4327657.0;539764.0;130
13658;201500015148;15;9;21;1410;1;2;1;1;6;55;36, ROUET (RUE DU);M;4328396.0;538586.0;130
13659;201500015149;15;9;18;930;1;2;3;1;2;55;9, ARMENY (RUE D');M;4329073.0;537904.0;130
13660;201500015150;15;9;21;1430;1;2;1;1;1;55;293, ROMAIN ROLLAND (BOU;M;4327261.0;541147.0;130
13661;201500015152;15;9;21;2130;5;2;1;1;6;55;20, LOUIS FRANGIN (RUE);M;4329436.0;540648.0;130
13662;201500015153;15;9;21;715;1;2;3;1;3;55;52, LIEUTAUD (COURS);M;4329347.0;538230.0;130
13663;201500015154;15;9;22;1700;1;2;1;1;3;55;00, LUMINY (AVENUE DE);M;4323559.0;543581.0;130
13664;201500015155;15;9;22;1230;1;2;1;1;6;55;205, ROUET (RUE DU);M;4327643.0;539451.0;130
13665;201500015156;15;9;18;1045;1;2;1;1;3;55;70, FÉLIX PYAT (RUE);M;4331526.0;537481.0;130
13666;201500015157;15;8;17;1700;1;2;2;1;6;55;91, BAILLE (BOULEVARD);M;4328760.0;539006.0;130
13667;201500015158;15;9;5;945;1;2;1;1;2;55;15, REPUBLIQUE (RUE DE L;M;4329789.0;537282.0;130
13668;201500015159;15;9;22;1440;1;2;1;1;3;55;29, SABLIERE (ROUTE DE L;M;4329231.0;547938.0;130
13669;201500015160;15;9;12;830;1;2;1;1;2;55;0, CARGO RHIN FIDELI (RU;M;0.0;0.0;130
13670;201500015161;15;9;22;1800;1;2;2;1;5;55;03, MICHELET (BOULEVARD);M;4327197.0;539165.0;130
13671;201500015162;15;8;18;1900;1;2;1;1;6;55;47, ROGER SALENGRO ***;M;4331187.0;537227.0;130
13672;201500015163;15;9;18;220;5;2;1;1;2;55;1, JEAN MOULIN (BOULEVAR;M;4328973.0;540008.0;130
13673;201500015164;15;9;22;1710;1;2;2;1;3;55;244, SAINT PIERRE (RUE);M;4329262.0;540129.0;130
13674;201500015165;15;9;22;1805;1;2;1;1;6;55;12, PAUL COXE (RUE);M;4334834.0;537611.0;130
13675;201500015166;15;9;15;1815;2;2;1;1;2;55;9, SAKAKINI (BOULEVARD);M;4329865.0;540098.0;130
13676;201500015167;15;9;9;1640;1;2;3;1;1;55;13, PASTEUR (AVENUE);M;4329146.0;535902.0;130