;Num_Acc;an;mois;jour;hrmn;lum;agg;int;atm;col;com;adr;gps;lat;long;dep
13677;201500015168;15;9;23;1000;1;2;1;1;6;55;16, CAMILLE PELLETAN (AV;M;4330304.0;537407.0;130
13678;201500015169;15;9;23;1045;1;2;1;6;6;55;37, MENDES FRANCE (AVENU;M;4325770.0;537612.0;130
13679;201500015170;15;9;23;940;1;2;1;1;3;55;92, SAKAKINI (BOULEVARD);M;4329451.0;540139.0;130
13680;201500015171;15;9;14;1005;1;2;1;1;2;55;52, CAMILLE PELLETAN (AV;M;4330418.0;537342.0;130
13681;201500015172;15;9;23;1125;1;2;3;1;3;55;39, JEAN LOMBARD (AVENUE;M;4328893.0;542908.0;130
13682;201500015173;15;9;23;1500;1;1;1;1;3;55;1, CAP PINEDE (Avenue);M;4332780.0;536245.0;130
13683;201500015174;15;9;6;1230;1;2;1;1;7;55;150, CAP PINEDE (Avenue);M;4332876.0;536587.0;130
13684;201500015175;15;9;24;1240;1;2;4;1;3;55;145, LOUBON (RUE);M;4331308.0;538579.0;130
13685;201500015176;15;9;24;1400;1;2;1;1;1;55;109, RABATAU (BOULEVARD);M;4327693.0;539811.0;130
13686;201500015177;15;9;24;1440;1;2;9;1;3;55;458, SAINT ANTOINE (AVEN;M;4338309.0;535828.0;130
13687;201500015178;15;9;24;2135;5;2;1;1;1;55;104-106 Rue d'Italie;M;4328659.0;538441.0;130
13688;201500015179;15;9;25;10;5;2;3;1;6;55;36, GARLABAN (AVENUE DE);M;4329884.0;542107.0;130
13689;201500015180;15;9;23;1415;1;2;1;1;6;55;139, MIREILLE LAUZE (BOU;M;4328350.0;541455.0;130
13690;201500015181;15;9;23;1805;1;2;1;1;6;55;38, SAINTE (RUE);M;4329232.0;537451.0;130
13691;201500015182;15;9;24;1900;1;2;1;1;6;2;00, AUBAGNENS (AVENUE DE;M;4332739.0;548177.0;130
13692;201500015183;15;8;27;1145;1;2;1;1;6;55;141, CORNICHE KENNEDY;M;4328668.0;535164.0;130
13693;201500015185;15;9;25;1315;1;2;1;1;3;55;PEYPIN (RUE DE);M;4332634.0;542148.0;130
13694;201500015186;15;9;26;215;5;2;1;1;6;55;212, CHAVE (BOULEVARD);M;4329566.0;539849.0;130
13695;201500015187;15;9;25;1150;1;2;1;1;2;55;22 ANDRE ZENATTI (AVENU;M;4324685.0;538341.0;130
13696;201500015188;15;8;21;1000;1;2;1;1;6;55;57-59, PARIS (BOULEVARD;M;4330800.0;537124.0;130
13697;201500015189;15;9;23;1420;1;2;2;1;3;55;21, ITALIE (RUE D');M;4329016.0;538196.0;130
13698;201500015190;15;9;26;1025;1;2;9;1;3;55;17, REPUBLIQUE (RUE DE L;M;4329775.0;537294.0;130
13699;201500015191;15;9;26;1115;1;2;1;1;2;55;280, MIREILLE LAUZE (BOU;M;4328492.0;542169.0;130
13700;201500015192;15;9;26;945;1;2;2;1;1;55;56, FRANKLIN ROOSEVELT (;M;4329891.0;538905.0;130
13701;201500015193;15;9;26;1430;1;2;1;1;3;55;12, MILLIE MATHYS (AVENU;M;4336524.0;534798.0;130
13702;201500015194;15;9;26;1725;1;2;4;1;3;55;77 Avenue Alexandre Ansa;M;4333068.0;540476.0;130
13703;201500015196;15;9;27;500;5;2;1;1;7;55;Chde Saint-Antoine À Sai;M;4334969.0;537520.0;130
13704;201500015197;15;9;27;1415;1;2;1;1;3;55;23, JEAN JAURES (PLACE);M;4329568.0;538747.0;130
13705;201500015198;15;9;27;1715;1;1;1;1;6;2;ALLAUCH A PICHAURIS (CHE;M;4336524.0;554278.0;130
13706;201500015199;15;9;27;1955;2;2;7;1;6;55;57, PASTEUR (AVENUE);M;4328902.0;535937.0;130
13707;201500015200;15;9;27;2043;5;2;3;1;1;55;13, SAINT JULIEN (AVENUE;M;4330444.0;541455.0;130
13708;201500015202;15;9;28;645;2;2;1;8;3;55;000, MAZARGUES (ROND-POI;M;4325086.0;540372.0;130
13709;201500015203;15;9;28;1330;1;2;1;1;3;55;39, PLOMBIERES (BOULEVAR;M;4331543.0;538607.0;130
13710;201500015204;15;9;28;1600;1;2;1;1;6;55;111, SAINT JEROME (AVENU;M;4333249.0;541976.0;130
13711;201500015205;15;2;19;2140;5;2;1;1;6;55;108, BD LOUIS VILLECROZE;M;4332161.0;539202.0;130
13712;201500015206;15;9;28;1550;1;2;1;1;3;55;102, CONDORCET (RUE);M;4335773.0;533882.0;130
13713;201500015207;15;9;17;700;1;2;2;1;3;55;125, ITALIE (RUE D');M;4329016.0;538326.0;130
13714;201500015208;15;9;28;1420;1;2;3;1;3;55;ALBERT EINSTEIN (RUE);M;4334512.0;544767.0;130
13715;201500015209;15;9;28;2000;5;2;1;1;3;55;00, REDON (BOULEVARD DU);M;4325108.0;542203.0;130
13716;201500015210;15;9;28;2135;5;2;1;1;2;55;155, MADRAGUE DE MONTRED;M;4323414.0;535896.0;130
13717;201500015212;15;9;28;1545;1;2;1;1;6;75;6* JULES ROLLANDIN (BD);M;4334817.0;546247.0;130
13718;201500015213;15;9;28;1750;1;2;3;1;1;55;2, MERIMEE;M;4332701.0;539583.0;130
13719;201500015216;15;9;12;1410;1;2;3;1;6;55;39, BELGES (QUAI DES);M;4329432.0;537450.0;130
13720;201500015217;15;9;25;1200;1;2;1;1;6;55;135, SAINTE MARTHE (CHEM;M;4332556.0;538811.0;130
13721;201500015218;15;9;29;1800;1;2;1;1;3;55;236, MORGIOU (CHEMIN DE);M;4323424.0;541170.0;130
13722;201500015219;15;9;29;2040;5;2;1;1;6;55;NATIONALE (RUE);M;4330541.0;538414.0;130
13723;201500015220;15;9;28;1540;1;2;1;1;4;55;51, LE CHATELIER;M;4334758.0;536316.0;130
13724;201500015221;15;9;28;1800;1;1;1;8;6;2;611, QUATRE SAISONS (ROU;M;4332621.0;549131.0;130
13725;201500015222;15;9;29;1045;1;2;8;1;6;55;100, LIEUTAUD (COURS);M;4329401.0;538183.0;130
13726;201500015223;15;9;30;1645;1;2;1;1;6;55;MICHELET (BOULEVARD);M;4326143.0;539755.0;130
13727;201500015224;15;10;1;1715;1;2;1;1;1;55;22, FLAMMARION (BOULEVAR;M;4330415.0;538780.0;130
13728;201500015226;15;9;30;1530;1;2;1;1;3;55;29, PONT DE VIVAUX (BOUL;M;4327975.0;541816.0;130
13729;201500015227;15;9;30;1745;1;2;1;1;2;55;82, VALBARELLE (BOULEVAR;M;4328856.0;545281.0;130
13730;201500015228;15;10;1;920;1;2;1;1;3;55;60, RAYMOND TEISSERE (RU;M;4327077.0;540051.0;130
13731;201500015229;15;10;1;1340;1;2;1;1;3;55;458, LYON (RUE DE);M;4334141.0;536043.0;130
13732;201500015230;15;10;1;1445;1;2;1;1;3;55;47, ROGER SALENGRO (AVEN;M;4331184.0;537230.0;130
13733;201500015231;15;10;1;1330;1;2;1;1;3;55;77, REDON (BOULEVARD DU);M;4325503.0;542026.0;130
13734;201500015232;15;10;1;1400;1;2;3;1;3;55;85, CAPELETTE (AVENUE DE;M;4328229.0;540308.0;130
13735;201500015233;15;10;2;635;5;1;1;1;6;55;4, SAINT ANTOINE (CHEMIN;M;4334973.0;537509.0;130
13736;201500015234;15;9;26;950;1;2;2;1;3;55;98, ROME (RUE DE);M;4329118.0;538079.0;130
13737;201500015235;15;10;2;755;1;2;6;2;3;55;127, WILLIAM BOOTH (AVEN;M;4329531.0;544542.0;130
13738;201500015236;15;10;2;825;1;1;1;1;6;55;25, NOTRE DAME (CHEMIN);M;4333611.0;542861.0;130
13739;201500015237;15;10;1;1930;5;2;2;1;3;55;264, SAINT PIERRE (RUE);M;4329248.0;540132.0;130
13740;201500015238;15;9;26;1850;1;2;1;1;6;55;31, PRADO (AVENUE DU);M;4328390.0;538488.0;130
13741;201500015239;15;9;25;1445;1;2;1;1;6;55;FACE 06, PRADO (AVENUE D;M;4328529.0;538377.0;130
13742;201500015240;15;10;2;1245;1;2;1;1;2;55;44, DUNKERQUE  (BOULEVAR;M;4330942.0;536853.0;130
13743;201500015241;15;10;2;1510;1;2;1;1;3;55;ALEX ANSALDI (RUE);M;4333385.0;540226.0;130
13744;201500015242;15;10;2;1835;1;2;1;1;6;55;779, MAZARGUES (AVENUE D;M;4324822.0;539901.0;130
13745;201500015243;15;10;2;2000;5;2;3;1;3;55;222, MADRAGUE DE MONTRED;M;4323109.0;535492.0;130
13746;201500015244;15;10;1;2000;5;2;1;1;3;55;130, LIEUTAUD (COURS);M;4328895.0;538417.0;130
13747;201500015245;15;10;3;1030;1;1;1;2;3;55;00, LOUIS ARMAND (BOULEV;M;4329899.0;541323.0;130
13748;201500015246;15;10;3;1630;1;2;1;2;6;55;LYON (RUE DE);M;4329904.0;541309.0;130
13749;201500015247;15;10;4;1030;1;2;2;1;6;55;110, LYON (RUE DE);M;0.0;0.0;130
13750;201500015248;15;10;4;1630;1;2;1;1;7;2;00, ETIENNE CUCCA-CD908;M;4336890.0;552602.0;130
13751;201500015249;15;9;23;1000;1;2;9;1;2;55;152, LIEUTAUD (COURS);M;4328808.0;538462.0;130
13752;201500015250;15;10;5;700;5;2;1;1;6;55;11, SAINT MENET (AVENUE;M;4328982.0;549447.0;130
13753;201500015251;15;10;5;1030;1;2;1;1;2;55;00, JEAN MOULIN (BOULEVA;M;4329116.0;539995.0;130
13754;201500015252;15;9;30;1615;1;2;3;1;6;55;22, PONT DE VIVAUX (BOUL;M;4327980.0;541835.0;130
13755;201500015253;15;10;2;845;1;2;1;2;6;2;PROVENCE (AVENUE DE);M;4332167.0;546884.0;130
13756;201500015254;15;10;2;950;1;2;1;1;6;55;103, SAINT LOUP (BOULEVA;M;4328329.0;543353.0;130
13757;201500015255;15;10;5;1420;1;2;2;1;3;55;2, DIEUDE (RUE);M;4329207.0;538058.0;130
13758;201500015256;15;10;5;1250;1;2;1;1;5;55;2, LUDOVIC LEGRE (AVENUE;M;4325118.0;539905.0;130
13759;201500015257;15;10;5;1330;1;2;1;1;2;55;242, SAINT LOUP (BOULEVA;M;4328509.0;544039.0;130
13760;201500015258;15;10;5;2000;5;2;1;1;6;55;216, MADRAGUE DE MONTRED;M;4323153.0;535526.0;130
13761;201500015259;15;10;5;725;1;2;3;1;1;55;27, FRANCOISE DUPARC (BO;M;4330192.0;540062.0;130
13762;201500015260;15;10;4;1445;1;2;1;1;7;55;21, PRADO (AVENUE DU);M;4328432.0;538464.0;130
13763;201500015261;15;10;4;2100;5;2;1;1;6;55;621, MAZARGUES (AVENUE D;M;4325195.0;539467.0;130
13764;201500015262;15;10;6;915;1;2;1;1;3;55;ARENC (QUAI D');M;4331239.0;536672.0;130
13765;201500015264;15;10;6;800;1;2;3;1;3;55;55, DAMES (BOULEVARD DES;M;4330309.0;536664.0;130
13766;201500015266;15;3;12;845;1;2;1;1;6;55;94, AVE DE SAINT JEROME;M;4333333.0;542015.0;130
13767;201500015267;15;10;6;310;5;2;1;1;6;55;21, GUIBAL (RUE);M;4330810.0;538821.0;130
13768;201500015268;15;10;6;2030;5;2;6;2;3;2;00, JEAN GIONO (AVENUE);M;4333122.0;548849.0;130
13769;201500015269;15;10;6;2205;5;2;1;1;6;55;103, SAINTE MARGUERITE (;M;4326808.0;540704.0;130
13770;201500015270;15;10;5;1530;1;2;1;1;3;55;06, OUTRE MER (AVE);M;4323998.0;536554.0;130
13771;201500015271;15;10;7;2255;5;2;3;1;6;55;129, OLIVES (AVENUE DES);M;4332657.0;543816.0;130
13772;201500015272;15;9;30;1400;1;2;3;1;2;55;21, NOTRE DAME (BOULEVAR;M;4328927.0;537280.0;130
13773;201500015273;15;10;8;800;1;2;1;1;6;55;265, NATIONAL (BOULEVARD;M;4331157.0;537754.0;130
13774;201500015274;15;10;8;1345;1;2;3;1;3;55;37, JEAN LOMBARD (AVENUE;M;4328993.0;542634.0;130
13775;201500015275;15;10;8;1700;1;2;7;1;6;55;5, CAIRE (PLACE DU);M;4330387.0;541870.0;130
13776;201500015276;15;10;8;2045;5;2;2;1;1;55;266, NATIONAL (BOULEVARD;M;4331128.0;537794.0;130
13777;201500015277;15;10;9;730;1;2;1;1;3;55;20, AVIATEUR LE BRIX (RU;M;4326183.0;540402.0;130
13778;201500015278;15;10;9;1030;1;2;1;1;2;55;36, JOSEPH VIDAL (AVENUE;M;4325357.0;538094.0;130
13779;201500015279;15;10;9;935;1;2;3;1;3;55;LEVAT (RUE);M;4331032.0;538455.0;130
13780;201500015280;15;10;6;930;1;2;2;1;3;55;69, AUGUSTE BLANQUI (RUE;M;4329223.0;538901.0;130
13781;201500015281;15;9;30;1140;1;2;1;1;6;55;2 BIS, AMEDEE PALMIERI (;M;4331570.0;540055.0;130
13782;201500015283;15;10;9;1800;1;2;1;1;2;55;JEAN PAUL SARTRE (AVENUE;M;4332908.0;543061.0;130
13783;201500015284;15;10;9;2030;5;1;2;1;1;75;00, FRÉDÉRIC CHEVILLON (;M;4334760.0;546389.0;130
13784;201500015285;15;10;10;200;5;2;1;1;3;55;288, CAPELETTE (AVENUE D;M;4327923.0;541432.0;130
13785;201500015286;15;10;9;1220;1;2;1;1;1;55;01, LAROUSSE (TRAVERSE);M;4332974.0;537682.0;130
13786;201500015288;15;10;10;1000;1;2;1;1;2;55;50, MICHELET (BOULEVARD);M;4326545.0;539558.0;130
13787;201500015289;15;10;10;1610;1;1;1;7;3;55;262, CAPELETTE (AVENUE D;M;4327915.0;541340.0;130
13788;201500015290;15;10;10;1800;2;1;1;1;7;55;BOURRELY (CHEMIN DES);M;4338326.0;536462.0;130
13789;201500015291;15;10;10;2110;5;2;2;1;3;55;31, PRADO (AVENUE DU);M;4328402.0;538480.0;130
13790;201500015292;15;10;10;2210;5;2;9;1;6;55;118, VALENTINE (ROUTE DE;M;4329073.0;547222.0;130
13791;201500015293;15;10;10;1935;2;2;1;1;3;55;41, ALEX ANSALDI (RUE);M;4333347.0;540287.0;130
13792;201500015294;15;10;6;1145;1;2;1;1;7;55;00, TOULON (AVENUE DE);M;4328473.0;539206.0;130
13793;201500015295;15;10;11;1200;1;2;1;1;3;55;13, RAYMOND TEISSERE (RU;M;4327462.0;539718.0;130
13794;201500015296;15;10;11;1825;1;2;1;1;3;55;10, VALDONNE (AVENUE DE);M;4332289.0;541290.0;130
13795;201500015297;15;10;11;315;5;2;1;1;3;55;96, CAPELETTE (AVENUE DE;M;4328147.0;540490.0;130
13796;201500015298;15;9;29;800;1;2;2;1;2;55;1, JEAN LOMBARD (AVENUE);M;4328989.0;542636.0;130
13797;201500015299;15;10;12;1700;1;2;1;2;6;55;29, PIERRE BERANGER**RUE;M;4331145.0;544552.0;130
13798;201500015300;15;8;24;1950;1;2;1;1;6;55;239, SAINT PIERRE (RUE);M;4329272.0;540001.0;130
13799;201500015301;15;10;13;840;1;2;1;2;1;55;129, KADDOUZ (CHEMIN);M;4331413.0;543229.0;130
13800;201500015302;15;10;13;1430;1;2;1;1;6;55;360, POILUS (AVENUE DES);M;4331337.0;546347.0;130
13801;201500015303;15;10;13;1410;1;1;1;1;1;55;SALVADOR ALLENDE (RUE);M;0.0;0.0;130
13802;201500015304;15;10;13;1750;1;2;1;1;3;55;73, SAINT HENRI (CHEMIN;M;4335885.0;533304.0;130
13803;201500015305;15;10;13;1800;2;2;1;1;6;55;292, POILUS (AVENUE DES);M;4331600.0;546122.0;130
13804;201500015306;15;2;15;2000;5;2;1;2;1;55;88, BD DE LA LIBERATION;M;4330080.0;539048.0;130
13805;201500015307;15;10;14;930;1;2;1;1;3;2;893, SALVATORE ALLENDE**;M;4335197.0;547748.0;130
13806;201500015309;15;10;14;1330;1;2;1;1;2;55;PLOMBIERES (BOULEVARD DE;M;4331512.0;538754.0;130
13807;201500015310;15;10;14;1320;1;2;1;1;2;55;7, CAPELETTE (AVENUE DE;M;4328356.0;539916.0;130
13808;201500015311;15;10;14;1600;1;2;3;1;3;55;7, AYGALADES (AVENUE DES;M;4333823.0;536676.0;130
13809;201500015312;15;10;14;1500;1;2;1;1;3;55;349, PRADO (AVENUE DU);M;4327029.0;538823.0;130
13810;201500015313;15;10;14;1620;1;2;2;1;3;55;85, AUGUSTIN AUBERT (RUE;M;4326523.0;540364.0;130
13811;201500015314;15;10;14;1340;1;2;1;1;6;55;189, ROMAIN ROLLAND (BOU;M;4327549.0;541667.0;130
13812;201500015315;15;10;14;1815;1;2;3;1;3;55;13, CORDERIE (BOULEVARD;M;4329063.0;537121.0;130
13813;201500015316;15;6;26;410;5;2;1;1;6;55;431, SAINT ANTOINE (AVEN;M;4338479.0;535863.0;130
13814;201500015317;15;10;9;2225;5;2;1;1;6;55;3, LABRY (RUE);M;4331251.0;540154.0;130
13815;201500015318;15;10;13;1345;1;2;9;1;7;55;MILLIE MATHYS (AVENUE);M;4336522.0;534797.0;130
13816;201500015319;15;10;15;800;1;2;1;1;3;55;1, MARÉCHAL DE LATTRE (A;M;4325018.0;540425.0;130
13817;201500015320;15;10;11;1120;1;2;1;1;5;55;177, MADRAGUE VILLE*(CHE;M;4332908.0;535907.0;130
13818;201500015321;15;10;15;1600;1;2;1;1;1;55;45, AUDIENCE (RUE DE L');M;4329633.0;548597.0;130
13819;201500015322;15;10;15;1830;1;2;1;1;3;55;00, MONTRE (TRAVERSE DE;M;4329253.0;547362.0;130
13820;201500015323;15;10;15;2100;5;2;1;1;6;55;357, NATIONAL (BOULEVARD;M;4331384.0;537406.0;130
13821;201500015325;15;10;16;830;1;2;1;1;1;55;00, ALEX ANSALDI (RUE);M;4333200.0;540415.0;130
13822;201500015327;15;10;15;1856;1;2;1;1;6;55;54, PUVIS DE CHAVANNES (;M;4329941.0;537306.0;130
13823;201500015328;15;10;16;1855;5;2;1;1;2;55;29, BUREL (BOULEVARD);M;4331582.0;538862.0;130
13824;201500015329;15;10;16;1500;1;2;1;1;2;55;159, SAINTE MARTHE (CHEM;M;4332655.0;538776.0;130
13825;201500015330;15;10;16;1650;1;1;1;1;7;55;31, TREVARESSE (TRAV DE;M;4329665.0;541334.0;130
13826;201500015331;15;10;16;2015;5;2;1;1;6;55;181, 24 AVRIL 15 (AVENUE;M;4330884.0;543948.0;130
13827;201500015332;15;10;15;1705;1;2;1;1;2;55;160, FRAIS VALLON (AVENU;M;4332456.0;543544.0;130
13828;201500015333;15;9;28;1630;1;2;1;1;6;55;343, ROMAIN ROLLAND (BOU;M;4327400.0;541437.0;130
13829;201500015334;15;10;17;1455;1;2;1;1;3;55;37, SCHLOESING (BOULEVAR;M;4327372.0;540040.0;130
13830;201500015335;15;10;17;1510;1;2;1;1;3;55;108ALEX. FLEMING (BOULE;M;4331657.0;539711.0;130
13831;201500015336;15;3;14;1042;1;2;2;1;6;55;01, RUE DU ROUET;M;4327544.0;539593.0;130
13832;201500015337;15;10;17;2000;5;2;1;1;6;55;161, MAURIAC (RUE);M;4326798.0;542654.0;130
13833;201500015338;15;10;18;20;5;2;3;1;6;55;108, FRANÇOISE DUPARC (B;M;4330653.0;540100.0;130
13834;201500015339;15;10;18;120;5;2;1;1;7;55;59, FRANCOISE DUPARC (BO;M;4330384.0;540078.0;130
13835;201500015340;15;10;18;215;5;2;1;1;4;55;127, SAINT JOSEPH (CHEMI;M;4334557.0;538224.0;130
13836;201500015341;15;9;30;1145;1;2;9;1;6;55;FÉLIX BARET*(PLACE);M;4329151.0;537957.0;130
13837;201500015343;15;10;16;1315;1;2;1;1;1;55;19, JURAMY (RUE);M;4329870.0;540029.0;130
13838;201500015344;15;10;17;1040;1;2;2;1;6;55;19, LOCARNO (RUE DE);M;4329400.0;539577.0;130
13839;201500015345;15;9;23;1355;1;2;1;1;3;55;LIBERATION (BOULEVARD;;;;130
13840;201500015346;15;9;6;1500;1;2;1;1;6;55;35, JEAN JAURES (PLACE);M;4329485.0;538722.0;130
13841;201500015347;15;10;17;1800;1;2;1;1;1;55;80, ALBE (BOULEVARD);M;4331319.0;540583.0;130
13842;201500015348;15;10;1;1130;1;2;1;1;2;55;8, PRADO (AVENUE DU);M;4328517.0;538383.0;130
13843;201500015349;15;8;21;730;1;2;1;1;4;55;243, OLIVES (AVENUE DES);M;4332359.0;544528.0;130
13844;201500015350;15;10;18;2150;3;2;1;1;3;55;LÉON LACHAMP (ROUTE);M;4324558.0;542873.0;130
13845;201500015351;15;10;18;1900;3;1;1;2;7;2;ETIENNE CUCCA-CD908 (AVE;M;4338268.0;554729.0;130
13846;201500015352;15;10;19;1245;1;2;1;1;3;55;32, SCHLOESING (BOULEVAR;M;4327248.0;540103.0;130
13847;201500015353;15;10;19;1600;1;2;1;1;3;55;169B, VISTE (AVENUE DE L;M;4336459.0;535697.0;130
13848;201500015355;15;8;25;230;5;2;1;1;6;55;551, PRADO (AVENUE);M;4326349.0;537731.0;130
13849;201500015356;15;3;18;1125;1;2;1;1;6;55;41, AYGALADES (AVENUE DE;M;4335339.0;536733.0;130
13850;201500015358;15;10;20;1245;1;2;3;1;3;55;105, LIEUTAUD (COURS);M;4328910.0;538410.0;130
13851;201500015359;15;10;20;1640;1;2;1;1;3;55;09, BRUNE (BOULEVARD);M;4329362.0;543482.0;130
13852;201500015360;15;10;20;1820;2;2;3;1;3;55;CURIE (BOULEVARD);M;0.0;0.0;130
13853;201500015361;15;10;20;1840;2;2;1;1;6;55;119, MAZARGUES (AVENUE D;M;4326716.0;538955.0;130
13854;201500015362;15;10;20;2130;5;2;3;1;6;55;00, LÉON BANCAL (RUE);M;4328583.0;547953.0;130
13855;201500015363;15;9;16;900;1;2;1;1;6;55;112-,140 SAINT PIERRE;M;4329199.0;539388.0;130
13856;201500015364;15;10;21;730;2;2;1;1;6;75;18 BIS, JEAN GIONO (AVE);M;4334490.0;545819.0;130
13857;201500015365;15;10;15;1500;1;2;1;1;6;55;ROUET (RUE DU);M;;;130
13858;201500015366;15;10;21;1230;1;2;1;1;2;55;67, PLOMBIERES (BOULEVAR;M;4331593.0;538449.0;130
13859;201500015367;15;10;21;1050;1;2;6;1;3;55;01, LYON (RUE DE);M;4332861.0;536576.0;130
13860;201500015368;15;10;21;815;1;2;1;1;2;55;27, JEAN MOULIN**BOULEVA;M;4328887.0;540026.0;130
13861;201500015369;15;10;22;1045;1;2;3;1;3;55;00, HENRI TOMASI (RUE);M;4324592.0;540776.0;130
13862;201500015370;15;10;21;1925;5;2;1;1;2;55;182, MILLIERE (BOULEVARD;M;4328336.0;550370.0;130
13863;201500015372;15;10;22;1540;1;2;1;1;2;55;00, MARCHE D'IN (AVENUE);M;4333937.0;538063.0;130
13864;201500015373;15;6;19;1730;1;2;1;1;5;55;1, JOSEPH CLERISSY (RUE);;;;130
13865;201500015374;15;10;23;1000;1;2;1;1;1;55;85, TOULON (AVENUE DE);M;4328490.0;539054.0;130
13866;201500015375;15;8;12;1525;1;2;1;1;5;55;70, LIBERATION**BOULEVAR;M;4330044.0;538943.0;130
13867;201500015376;15;10;23;1410;1;2;1;1;6;55;360, POILUS (AVENUE DES);M;4331337.0;546349.0;130
13868;201500015378;15;10;23;1600;1;2;1;1;2;55;00, HENRI FRENAY (ROND-P;M;4325440.0;537639.0;130
13869;201500015379;15;10;23;1645;1;2;1;1;6;55;231, PIERRE DOIZE  (RUE);M;4327192.0;542782.0;130
13870;201500015380;15;10;23;1750;1;2;1;1;1;55;112, TELLENE (BOULEVARD);M;4328476.0;536886.0;130
13871;201500015381;15;10;23;1900;5;2;1;1;6;55;23, LÉON GAMBETTA (ALLEE;M;4329910.0;538232.0;130
13872;201500015382;15;10;15;1800;1;2;1;1;6;55;00, POMME (BOULEVARD DE;M;4329164.0;544852.0;130
13873;201500015383;15;10;23;1110;1;2;6;1;6;55;23, AMPERE (BOULEVARD);M;4333930.0;537256.0;130
13874;201500015384;15;10;24;1100;1;2;1;1;6;55;47, SAKAKINI (BOULEVARD);M;4329598.0;540030.0;130
13875;201500015385;15;10;23;1630;1;2;1;1;5;55;61, SAINTE MARGUERITE (B;M;4326848.0;540489.0;130
13876;201500015386;15;10;24;1957;2;2;1;1;2;55;232, SAINT LOUP (BOULEVA;M;4328486.0;543908.0;130
13877;201500015387;15;2;24;1550;1;2;1;1;1;55;02, RUE ALFRED CURTEL;M;4328040.0;540832.0;130
13878;201500015388;15;10;24;1845;2;2;1;1;3;55;90, LA FOURRAGERE (AVENU;M;4329966.0;543045.0;130
13879;201500015389;15;10;25;2300;1;1;1;1;7;2;00, JEAN GIONO (AVENUE);;;;130
13880;201500015391;15;10;26;1340;1;2;1;1;1;55;74, MILLIERE (BOULEVARD;M;4328320.0;549698.0;130
13881;201500015392;15;10;26;1357;1;2;3;1;2;55;SAINT ANTOINE (CHEMIN DE;M;4335213.0;537303.0;130
13882;201500015393;15;10;26;1700;1;1;1;1;6;55;LÉON LACHAMP*(ROUTE);M;0.0;0.0;130
13883;201500015394;15;10;26;1845;2;2;1;1;3;55;236, MAZARGUES (AVENUE D;M;4326370.0;539248.0;130
13884;201500015395;15;10;27;2200;5;2;1;1;2;55;1, LÉON BANCAL (RUE);M;4328874.0;548090.0;130
13885;201500015396;15;10;28;815;1;2;1;1;1;55;122, CANAL (TRAVERSE DU);M;4331085.0;544483.0;130
13886;201500015397;15;10;25;1900;5;2;3;1;3;55;76, LODI (RUE DE);M;4328889.0;538768.0;130
13887;201500015399;15;10;11;835;1;2;6;1;7;55;105, REDON (BOULEVARD DU;M;4325236.0;542197.0;130
13888;201500015400;15;10;27;1835;5;2;1;1;6;55;16, ROMAIN ROLLAND (BOUL;M;4328015.0;542550.0;130
13889;201500015401;15;10;28;1540;1;2;1;1;4;106;00, TUBIE (ROUTE DE);M;4340720.0;536408.0;130
13890;201500015402;15;10;28;1525;1;2;1;7;6;55;422, AVENUE DU PRADO;M;4326864.0;538488.0;130
13891;201500015403;15;10;28;1920;5;2;1;1;3;55;14, MERIMEE;M;4332782.0;539686.0;130
13892;201500015404;15;10;29;20;5;2;1;1;7;55;171, COMMANDANT ROLLAND;M;4326698.0;537591.0;130
13893;201500015405;15;10;1;1315;1;2;1;1;6;55;339, AVENUE DU PRADO;M;4327074.0;538859.0;130
13894;201500015406;15;10;23;1830;2;2;1;1;4;55;128, TIMONE (AVENUE DE L;M;4328629.0;540696.0;130
13895;201500015407;15;10;29;1205;1;1;3;1;3;55;14, BOURRELY (CHEMIN DES;M;4337459.0;535709.0;130
13896;201500015408;15;6;24;1730;1;2;1;1;3;55;09, HAMBOURG (BOULEVARD);M;4325416.0;538262.0;130
13897;201500015409;15;10;28;1545;1;2;1;1;6;55;150, CAMOINS (AVENUE DES;M;4330650.0;551006.0;130
13898;201500015410;15;10;4;1505;1;2;1;1;2;55;5, SAINT JUST (AVENUE DE;M;4331268.0;540165.0;130
13899;201500015411;15;10;27;1620;1;2;3;1;1;55;219, LIBERATION (BOULEVA;M;4330237.0;539546.0;130
13900;201500015412;15;10;30;1345;1;2;3;1;4;55;00, ROBERT SCHUMANN (AVE;M;4329991.0;536570.0;130
13901;201500015413;15;10;30;1230;1;2;1;1;6;55;693, MAZARGUES (AVENUE D;M;4324966.0;539645.0;130
13902;201500015414;15;10;30;1830;5;2;1;1;7;55;00, ROBERT BOUVIER (ROND;M;4325260.0;542193.0;130
13903;201500015416;15;10;29;1245;1;2;1;1;1;55;250, SAINT PIERRE (RUE);M;4329212.0;540178.0;130