;Num_Acc;an;mois;jour;hrmn;lum;agg;int;atm;col;com;adr;gps;lat;long;dep
13904;201500015417;15;10;31;545;5;2;9;1;3;55;152, MICHELET (BOULEVARD;M;4326521.0;539541.0;130
13905;201500015418;15;10;31;1700;1;2;1;7;4;55;JEAN PAUL SARTRE**AVENUE;M;4332455.0;542114.0;130
13906;201500015419;15;10;31;245;5;2;1;1;6;55;246, OLIVES (AVENUE DES);M;4332416.0;544359.0;130
13907;201500015420;15;2;27;2150;5;2;1;1;6;55;118, AVE DES PEINTRES RO;M;4330346.0;547339.0;130
13908;201500015421;15;7;10;520;5;2;1;1;7;55;33, MARÉCHAL JUIN (BOULE;M;4331141.0;540368.0;130
13909;201500015422;15;9;7;1000;1;2;1;1;6;55;15, BOURRELY (CHEMIN DES;M;4337584.0;535827.0;130
13910;201500015423;15;9;9;835;1;1;1;1;2;55;00, CAPELETTE (AVENUE DE;M;4328176.0;540388.0;130
13911;201500015424;15;2;20;2040;5;2;1;1;1;55;55, CRS LIEUTAUD;M;4329103.0;538313.0;130
13912;201500015425;15;10;27;1050;1;2;1;1;3;55;429, SAINT PIERRE (RUE);M;4329168.0;541251.0;130
13913;201500015426;15;10;31;1830;1;2;1;1;2;55;443, MADRAGUE VILLE (RUE;M;4334191.0;535215.0;130
13914;201500015429;15;11;2;1010;1;2;1;1;2;55;323, MICHELET (BOULEVARD;M;4325871.0;539937.0;130
13915;201500015430;15;10;15;1745;1;2;1;1;6;55;00, COLBERT (RUE)    IMP;M;4329938.0;537230.0;130
13916;201500015431;15;11;2;1420;1;1;6;1;7;55;73, AUDIENCE (RUE DE L');M;4329555.0;548867.0;130
13917;201500015432;15;10;29;925;1;2;1;1;6;55;127, ENDOUME (RUE D');M;4328635.0;536318.0;130
13918;201500015434;15;11;2;1508;1;2;3;1;3;55;132, VALBARELLE (BOULEVA;M;4328815.0;545053.0;130
13919;201500015436;15;11;2;1730;2;1;1;1;1;55;PEINTRES ROUX (AVENUE DE;M;4330401.0;547259.0;130
13920;201500015437;15;11;2;2245;1;1;3;1;3;55;CABOT (BOULEVARD);M;4325866.0;541735.0;130
13921;201500015438;15;11;2;1030;1;2;1;1;6;55;153, RABATAU (BOULEVARD);M;4327716.0;539855.0;130
13922;201500015439;15;11;3;1500;1;2;3;1;6;55;61, PIERRE ALBRAND (RUE);M;4330856.0;537030.0;130
13923;201500015440;15;11;3;1535;1;2;2;1;3;55;56, TONKIN  (TRAVERSE DU;M;4327703.0;541363.0;130
13924;201500015441;15;11;3;1610;1;2;1;1;6;55;30, CHE DE LA COLLINE SA;M;4325296.0;541419.0;130
13925;201500015442;15;11;3;2112;5;2;1;1;3;55;232, MADRAGUE VILLE (RUE;M;4333184.0;535900.0;130
13926;201500015443;15;11;3;2210;5;1;1;1;7;55;MICHELET (BOULEVARD);M;4326123.0;539795.0;130
13927;201500015444;15;11;3;1840;5;2;9;1;3;55;BD FERDINAND DE LESSEPS;M;4332039.0;537296.0;130
13928;201500015445;15;10;30;1645;1;2;3;1;1;55;155, AVE DE LA FIGONE;M;4330343.0;543762.0;130
13929;201500015446;15;11;4;1530;1;2;1;1;4;55;104, ALEX. FLEMING (BOUL;M;4331653.0;539697.0;130
13930;201500015447;15;11;4;1515;1;2;1;1;1;55;7, RAIMU (avenue);M;0.0;0.0;130
13931;201500015448;15;11;4;1830;5;2;1;1;1;55;59, PEYSSONNEL ****;M;4330971.0;537144.0;130
13932;201500015450;15;11;4;2150;5;2;1;1;2;55;70, SAKAKINI (BOULEVARD);M;4329517.0;540080.0;130
13933;201500015451;15;11;5;826;1;2;1;1;6;55;PLOMBIERES (BOULEVARD DE;M;4331601.0;538472.0;130
13934;201500015452;15;11;5;805;1;2;1;1;6;55;255, OLIVES (AVENUE DES);M;4332346.0;544563.0;130
13935;201500015454;15;11;3;1020;1;2;1;1;6;55;00, LÉON GAMBETTA (ALLEE;M;4329907.0;538434.0;130
13936;201500015455;15;11;5;1330;1;2;1;1;3;55;365, MAZARGUES (AVENUE D;M;4325967.0;539409.0;130
13937;201500015456;15;9;25;900;1;2;1;1;6;55;162, BARASSE;M;4328465.0;548480.0;130
13938;201500015457;15;11;5;2200;1;1;1;1;4;55;12, MOUTON*(BOULEVARD);M;4333246.0;539285.0;130
13939;201500015458;15;11;5;1400;1;2;1;1;2;55;80, JULES MOULET (RUE);M;4328573.0;537361.0;130
13940;201500015459;15;11;5;1445;1;2;1;1;3;55;425, ROMAIN ROLLAND (BOU;M;4326934.0;540490.0;130
13941;201500015461;15;11;6;830;1;2;1;1;3;55;00, BAILLE (BOULEVARD);M;0.0;0.0;130
13942;201500015462;15;11;2;1100;1;2;1;1;7;2;0, ETIENNE CUCCA-CD908 (;M;0.0;0.0;130
13943;201500015463;15;11;6;1630;1;2;1;1;6;55;SAINT PAUL (AVENUE);M;4332782.0;540701.0;130
13944;201500015464;15;11;6;1545;1;2;1;1;6;55;161, LIEUTAUD (COURS);M;4328686.0;538528.0;130
13945;201500015465;15;11;6;1500;1;2;1;1;1;55;379, SAINT ANTOINE A SAI;M;4336787.0;536259.0;130
13946;201500015466;15;11;6;2000;5;2;6;1;3;55;1, LOUIS BONNEFON (PLACE;M;4325428.0;538173.0;130
13947;201500015467;15;11;7;140;5;2;2;1;3;55;2, SAINTE CECILE (RUE);M;4328671.0;539036.0;130
13948;201500015468;15;11;5;1830;5;2;1;1;1;55;CHARLES SUSINI (TRAVERSE;M;4333983.0;541331.0;130
13949;201500015469;15;11;7;610;5;2;1;1;2;55;09, LITTORAL (CHEMIN DU);M;4333924.0;534817.0;130
13950;201500015470;15;11;8;640;5;2;1;1;6;55;225, DANIEL CASANOVA (BO;M;4332936.0;537586.0;130
13951;201500015471;15;11;8;630;5;2;1;1;2;55;2, RABATAU (BOULEVARD);M;4327314.0;539231.0;130
13952;201500015472;15;11;7;1345;1;2;1;1;3;55;30, BARRAL (BOULEVARD);M;4326473.0;539350.0;130
13953;201500015473;15;11;8;850;1;2;4;1;6;55;66, CORNICHE KENNEDY;M;4328918.0;535455.0;130
13954;201500015474;15;11;8;1530;1;2;1;1;6;55;146, DANIEL CASANOVA (BO;M;4332737.0;537501.0;130
13955;201500015475;15;11;8;1815;5;2;1;1;1;55;253, ROMAIN ROLLAND (BOU;M;4327397.0;541443.0;130
13956;201500015476;15;11;8;2100;5;2;1;1;6;55;22, LIEUTAUD (COURS);M;4329467.0;538181.0;130
13957;201500015477;15;11;8;1630;1;2;1;1;6;55;529, MADRAGUE VILLE (RUE;M;4334626.0;535491.0;130
13958;201500015478;15;11;9;15;5;2;2;1;3;55;SAKAKINI (BOULEVARD);M;4329581.0;540029.0;130
13959;201500015479;15;11;4;850;1;2;1;9;6;55;222, CAILLOLS (AVENUE DE;M;4330339.0;544200.0;130
13960;201500015480;15;11;9;1315;1;2;1;1;6;55;38, VACON (RUE)      27;M;4329479.0;537702.0;130
13961;201500015481;15;11;9;1320;1;2;1;1;2;55;SAINT ANTOINE A SAINT JO;M;4335295.0;537222.0;130
13962;201500015482;15;11;10;920;1;2;1;1;2;55;212, CHATEAU GOMBERT CHE;M;4334558.0;542450.0;130
13963;201500015483;15;11;10;915;1;2;2;1;1;55;02, SAINT BRUNO (RUE);M;4330578.0;540155.0;130
13964;201500015485;15;11;10;1715;2;2;1;1;3;55;00, LITTORAL (CHEMIN DU);M;4333929.0;534816.0;130
13965;201500015486;15;11;11;5;5;2;1;1;1;55;134, LIBERATEURS (BOULEV;M;4330179.0;545795.0;130
13966;201500015487;15;11;8;1930;2;2;1;1;3;55;000, PARC BORELY (AVENUE;M;4326286.0;537827.0;130
13967;201500015490;15;11;12;515;3;2;6;1;2;55;000, LITTORAL (CHEMIN DU;M;4334789.0;534406.0;130
13968;201500015491;15;11;11;1500;1;2;1;1;3;55;23, MAURELLE (RUE DE LA);M;4332544.0;543813.0;130
13969;201500015492;15;11;12;815;1;1;1;1;6;55;59, MENARD (PIERRE) (BOU;M;4329103.0;544176.0;130
13970;201500015493;15;11;12;1430;1;2;1;1;2;55;02, WILLIAM BOOTH (AVENU;M;4329237.0;543564.0;130
13971;201500015494;15;11;12;1540;1;2;1;1;6;55;67, ROUGUIERE (ALLÉE DE;M;4329729.0;545723.0;130
13972;201500015495;15;11;13;145;5;2;1;1;6;55;00, CAMILLE PELLETAN (AV;M;4330334.0;537389.0;130
13973;201500015496;15;6;13;1915;1;2;1;1;7;55;SAINT PIERRE (RUE);;;;130
13974;201500015497;15;11;13;830;1;2;1;1;6;55;11, LOUIS ASTRUC (RUE);M;4329487.0;539574.0;130
13975;201500015498;15;11;13;1530;1;2;2;1;3;55;31, ROMAIN ROLLAND (BOUL;M;4328039.0;542614.0;130
13976;201500015499;15;11;13;1240;1;2;1;1;1;55;49, RIVE NEUVE (QUAI);M;4329232.0;536591.0;130
13977;201500015500;15;11;13;2130;5;2;1;1;3;55;61, SAINT JUST (AVENUE D;M;4331726.0;540518.0;130
13978;201500015501;15;11;13;2320;5;2;1;1;3;55;117, OLIVES (AVENUE DES);M;4332697.0;543714.0;130
13979;201500015502;15;11;14;216;5;2;3;1;3;55;01, CANEBIERE     1 A 79;M;4329528.0;537441.0;130
13980;201500015503;15;11;14;1405;1;2;1;1;2;55;29, GAY LUSSAC (BOULEVAR;M;4333429.0;537466.0;130
13981;201500015504;15;11;14;1545;1;2;1;1;3;55;00, ANTOINE SARTORIO (RO;M;4336126.0;534485.0;130
13982;201500015505;15;11;14;1415;1;2;2;1;1;55;30, GEORGE (RUE);M;4329738.0;539772.0;130
13983;201500015506;15;11;14;1140;1;2;1;1;2;55;EMMANUEL ALLARD (RUE);M;4329011.0;544138.0;130
13984;201500015508;15;11;14;1630;1;2;1;1;6;75;00, ENGELSKIRCHEN (AVE);M;4334108.0;545878.0;130
13985;201500015509;15;11;11;1110;1;2;1;1;6;55;243, ROUCAS BLAN (CHEMIN;M;4328040.0;536873.0;130
13986;201500015510;15;11;15;1500;1;2;1;1;3;55;ALEX. FLEMING (BOULEVARD;M;4331653.0;539692.0;130
13987;201500015511;15;11;14;1425;1;2;3;1;6;55;19, BELGES (QUAI DES);M;4329529.0;537442.0;130
13988;201500015512;15;10;30;220;5;2;1;1;7;55;13B, LA PUGETTE (BOULEVA;M;4326857.0;540122.0;130
13989;201500015513;15;11;16;1100;1;1;1;1;7;55;SCHLOESING (BOULEVARD);M;4327135.0;540181.0;130
13990;201500015514;15;11;16;850;1;2;1;1;2;55;15, RABATAU (BOULEVARD);M;4327320.0;539235.0;130
13991;201500015515;15;11;16;1510;1;2;9;1;2;55;280, OLIVES (AVENUE DES);M;4332342.0;544570.0;130
13992;201500015516;15;11;16;1800;5;2;1;1;6;55;131, SAINT JOSEPH (CHEMI;M;4334585.0;538178.0;130
13993;201500015517;15;11;16;1945;5;2;1;1;6;55;1, ANDRE ZENATTI (AVENUE;M;4324745.0;538151.0;130
13994;201500015518;15;11;16;1130;1;2;1;1;5;55;46, SAINT BARNABE (AVENU;M;4330415.0;541166.0;130
13995;201500015519;15;11;16;1240;1;2;1;1;4;55;JOBIN (***);M;4331027.0;538960.0;130
13996;201500015520;15;11;17;1200;1;2;1;1;7;55;187, POILUS (AVENUE DES);M;4332067.0;545826.0;130
13997;201500015521;15;11;13;830;1;2;1;1;6;2;653, GENERAL MONTSABERT;M;4335528.0;548697.0;130
13998;201500015523;15;11;17;1630;1;2;1;1;6;55;00, MIGNARD (RUE);M;4326228.0;540200.0;130
13999;201500015524;15;11;17;1800;2;2;2;1;3;55;0, FRANÇOISE DUPARC (BOU;M;4330291.0;540070.0;130
14000;201500015525;15;11;18;45;5;2;1;1;6;55;41, JOBIN (RUE);M;4330994.0;538995.0;130
14001;201500015526;15;11;17;1715;2;2;2;1;6;55;33, CÉSAR ALEMAN (RUE);M;4329023.0;535746.0;130
14002;201500015527;15;11;17;1800;3;2;1;1;3;55;141, CHATEAU GOMBERT CHE;M;4334257.0;542030.0;130
14003;201500015528;15;11;18;728;1;2;1;1;5;55;14, LIEUTAUD (COURS);M;4329521.0;538174.0;130
14004;201500015529;15;11;18;1630;1;2;1;1;6;55;186, PARIS (BOULEVARD DE;M;4331357.0;536818.0;130
14005;201500015530;15;11;18;1915;5;2;3;1;3;55;03, MICHELET (BOULEVARD;M;4326827.0;539367.0;130
14006;201500015531;15;11;18;1825;5;2;1;1;3;55;12, CHATEAU GOMBERT (ANC;M;4333439.0;542056.0;130
14007;201500015533;15;11;19;940;1;2;2;1;3;55;00, SAKAKINI (BOULEVARD);M;4329987.0;540089.0;130
14008;201500015535;15;11;18;1940;1;1;1;1;3;55;102, TROIS LUCS (AVENUE;M;4331082.0;546419.0;130
14009;201500015536;15;11;13;955;1;2;1;1;3;2;1029, 7 RMENT DE TIRAILL;M;4333832.0;546729.0;130
14010;201500015538;15;11;19;1410;1;2;1;1;2;55;AVIATEUR LE BRIX (RUE);M;4326185.0;540410.0;130
14011;201500015539;15;11;19;1700;1;1;1;1;1;55;12, GASTON RAMON (BOULEV;M;4326718.0;539716.0;130
14012;201500015540;15;11;19;2035;5;2;2;1;3;55;00, NATIONAL   1 A 51 (B;M;4330115.0;538790.0;130
14013;201500015541;15;11;19;1815;5;2;1;1;3;55;128, EDMOND ROSTAND (RUE;M;4328130.0;538328.0;130
14014;201500015542;15;11;19;2230;5;2;1;1;3;55;83, STRASBOURG (BOULEVAR;M;4330903.0;537840.0;130
14015;201500015545;15;11;20;1045;1;2;1;1;6;55;01, VIADUC (TRAVERSE);M;4336731.0;535817.0;130
14016;201500015546;15;11;20;1340;1;2;1;1;3;55;101, NATIONAL (BOULEVARD;M;4330673.0;538278.0;130
14017;201500015547;15;11;21;1850;5;2;1;1;4;55;00, SAINT ANTOINE A SAIN;M;4336997.0;536071.0;130
14018;201500015548;15;11;16;2020;5;2;3;1;3;55;188, BAILLE (BOULEVARD);M;4328896.0;539510.0;130
14019;201500015549;15;11;21;1700;1;2;1;8;2;55;32, PLOMBIERES (BOULEVAR;M;4331539.0;538673.0;130
14020;201500015550;15;11;16;1245;1;2;3;1;6;55;1, SAINT PAUL (AVENUE);M;4332954.0;540336.0;130
14021;201500015551;15;11;20;1615;1;2;2;1;3;55;105, ROME (RUE DE);M;4329118.0;538076.0;130
14022;201500015552;15;10;29;1130;1;2;2;1;3;55;22, FRANÇOISE DUPARC (BO;M;4330110.0;540078.0;130
14023;201500015554;15;11;23;545;5;2;3;1;3;55;270, SAINT LOUP (BOULEV;M;4328566.0;544203.0;130
14024;201500015555;15;11;23;710;5;2;2;1;3;55;00, CHUTES LAVIE (AVENUE;M;4331675.0;539912.0;130
14025;201500015556;15;11;23;820;1;2;1;1;1;55;00, HENRI BARNIER (BOULE;M;0.0;0.0;130
14026;201500015557;15;11;10;1200;1;2;1;1;6;55;27, PRADO (AVENUE DU);M;4328407.0;538478.0;130
14027;201500015558;15;11;6;835;1;1;5;1;3;55;00, ALPES (BOULEVARD DES;M;4329834.0;541659.0;130
14028;201500015559;15;11;23;2115;5;2;1;1;6;55;11, MONTRICHER (BOULEVAR;M;4330471.0;539327.0;130
14029;201500015560;15;11;23;2020;5;2;9;1;3;55;00, SAINT JUST (AVENUE D;M;4331584.0;540388.0;130
14030;201500015561;15;11;23;1900;5;2;1;1;3;2;893, SALVATORE ALLENDE (;M;4335187.0;547756.0;130
14031;201500015562;15;11;22;1910;1;2;1;1;6;55;78, CORNICHE KENNEDY;M;4328493.0;535005.0;130
14032;201500015563;15;11;23;1830;5;2;1;1;3;55;70, JULES CANTINI (AVENU;M;4328275.0;538948.0;130
14033;201500015564;15;11;23;1900;5;2;1;1;6;55;287, SAINTE MARTHE (CHEM;M;4333470.0;539136.0;130
14034;201500015565;15;11;24;730;1;2;1;1;6;55;000, FRESCOULE (IMPASSE;M;4327630.0;537774.0;130
14035;201500015566;15;11;24;1130;1;2;1;1;7;55;1, BOSPHORE (BOULEVARD D;M;4336898.0;536279.0;130
14036;201500015567;15;11;24;1530;1;1;1;1;2;55;PEINTRES ROUX (AVENUE DE;M;0.0;0.0;130
14037;201500015568;15;11;24;1700;1;2;1;1;7;55;136, DANIEL CASANOVA (BO;M;4332711.0;537496.0;130
14038;201500015569;15;11;24;1820;5;2;3;1;1;55;TOUR SAINTE (TRAVERSE D;M;4334359.0;538535.0;130
14039;201500015570;15;10;13;835;1;2;1;1;6;55;59, CAPELETTE (AVENUE DE;M;4328324.0;540153.0;130
14040;201500015571;15;11;25;605;5;2;3;2;3;55;00, BLANCARDE (BOULEVARD;M;4330283.0;539952.0;130
14041;201500015573;15;11;25;900;1;2;1;1;3;55;81, REDON (BOULEVARD DU);M;4325379.0;542127.0;130
14042;201500015574;15;11;25;1400;1;2;1;1;2;55;26, MORETTI (BOULEVARD);M;4332583.0;537855.0;130
14043;201500015575;15;11;24;1500;1;2;2;1;1;55;00, CORSE (AVENUE DE LA);M;4328910.0;536207.0;130
14044;201500015576;15;11;25;1300;1;2;3;1;3;55;ROVE (ROUTE DU);M;0.0;0.0;130
14045;201500015577;15;11;25;1715;2;2;1;1;3;55;48, RUFFI (RUE DE);M;4331162.0;537133.0;130
14046;201500015578;15;11;25;2245;1;2;1;1;3;55;59, MADRAGUE DE MONTREDO;M;4323681.0;536282.0;130
14047;201500015579;15;11;26;5;3;2;3;8;3;55;16, STRASBOURG (BOULEVAR;M;4330630.0;537410.0;130
14048;201500015580;15;11;25;1800;5;2;1;1;6;55;122, PRUD'HOMMES (TVSE);M;4327801.0;543460.0;130
14049;201500015581;15;11;25;1830;5;2;1;1;3;55;501, MADRAGUE VILLE (RUE;M;4334456.0;535430.0;130
14050;201500015582;15;11;26;630;5;2;1;1;6;55;2, CHARTREUX (AVENUE DES;M;4330296.0;539706.0;130
14051;201500015583;15;11;26;1045;1;2;2;1;3;55;04, LOUIS GUICHOUX (BOUL;M;4332581.0;537496.0;130
14052;201500015584;15;11;26;1600;1;2;1;1;5;55;RUE PAUL PREBOIST;M;4333425.0;545120.0;130
14053;201500015585;15;11;27;2130;5;2;2;1;7;55;118, ROGER SALENGRO (AVE;M;4331453.0;537052.0;130
14054;201500015586;15;11;27;910;1;2;1;1;3;55;00, MARTHELINE (AVENUE D;M;4324595.0;539963.0;130
14055;201500015587;15;11;27;1015;1;2;1;1;2;55;9, MERIMEE;M;4332818.0;539811.0;130
14056;201500015588;15;11;27;1430;1;2;1;1;3;55;69, ROMAIN ROLLAND (BOUL;M;4327942.0;542341.0;130
14057;201500015589;15;11;27;1500;1;2;1;1;6;55;18, PAUL LANGEVIN (RUE);M;4333880.0;543274.0;130
14058;201500015590;15;11;27;1750;5;2;1;1;3;55;8, OCTROI (PLACE GARE DE;M;4328118.0;542642.0;130
14059;201500015591;15;11;15;2050;5;2;1;1;1;55;32, GARIBALDI (BOULEVARD;M;4329616.0;538143.0;130
14060;201500015592;15;11;27;2200;5;2;1;1;1;55;90, RABATAU (BOULEVARD);M;4327652.0;539767.0;130
14061;201500015593;15;11;27;1725;1;2;2;1;3;55;00, LESSEPS (RUE DE);M;4332101.0;537473.0;130
14062;201500015594;15;11;26;1200;1;2;1;6;6;55;269, CORNICHE KENNEDY;M;4328007.0;535371.0;130
14063;201500015595;15;11;27;2005;5;2;1;1;2;55;00, PEINTRES ROUX (AVENU;M;4330467.0;547168.0;130
14064;201500015597;15;11;28;1040;1;2;1;1;6;55;5, GÉNÉRAL DE GAULE (PLA;M;4329500.0;537562.0;130
14065;201500015598;15;11;28;1400;1;2;1;1;6;55;769, MAZARGUES (AVENUE D;M;4324839.0;539861.0;130
14066;201500015599;15;11;28;1445;1;2;1;6;6;55;337, CORNICHE KENNEDY;M;4327294.0;536294.0;130
14067;201500015600;15;11;25;845;1;2;1;1;6;55;34, TROIS FRERES (RUE DE;M;4329291.0;538509.0;130
14068;201500015601;15;11;25;1100;1;2;1;1;6;55;252, BAILLE (BOULEVARD);M;4328980.0;539822.0;130
14069;201500015602;15;11;20;1700;1;2;1;1;6;55;09, MONTRICHIER (BOULEVA;M;4330208.0;538812.0;130
14070;201500015603;15;11;28;1800;5;2;1;1;3;55;94, SAINT LOUP (BOULEVAR;M;4328253.0;543129.0;130
14071;201500015604;15;11;28;1300;1;2;1;6;2;55;153, RABATAU (BOULEVARD);M;4327994.0;539934.0;130
14072;201500015605;15;11;23;1430;1;2;1;1;3;55;00, DELPHES (AVENUE DE);M;4328422.0;538773.0;130
14073;201500015606;15;11;30;1000;1;2;1;1;6;55;488, PARADIS (RUE);M;4327344.0;538521.0;130
14074;201500015607;15;11;30;1130;1;2;1;1;6;55;23, AVIATEUR LE BRIX (RU;M;4326187.0;540411.0;130
14075;201500015608;15;11;30;1235;1;2;1;1;6;55;ESCAD.NORMA;;;;130
14076;201500015609;15;11;30;1230;1;2;1;1;6;55;14, GASTON CREMIEUX**RUE;M;4327921.0;537977.0;130
14077;201500015610;15;11;27;1240;1;2;1;1;2;55;71, BRETEUIL (RUE);M;4328893.0;537640.0;130
14078;201500015611;15;11;30;1445;1;2;1;1;6;55;STRASBOURG (BOULEVARD);M;4330635.0;537416.0;130
14079;201500015612;15;11;30;1310;1;2;3;1;3;55;66, PARANGON (TRAVERSE);M;4324247.0;537968.0;130
14080;201500015613;15;11;30;1800;5;2;3;1;3;55;02, MENDES FRANCE (AVENU;M;4324904.0;537508.0;130
14081;201500015614;15;11;30;1600;1;2;1;1;5;55;335, SAINT ANTOINE (AVEN;M;4337939.0;535686.0;130
14082;201500015615;15;11;30;1835;5;2;1;1;3;55;42, EMMANUEL EYDOUX (RUE;M;4336203.0;532967.0;130
14083;201500015616;15;11;30;2255;5;2;3;1;3;55;00, JEAN MOULIN (BOULEVA;M;4328872.0;540012.0;130
14084;201500015617;15;11;30;1130;1;2;2;1;3;55;00, JEAN DE BERNARDY (RU;M;4330290.0;538987.0;130
14085;201500015618;15;12;1;900;1;2;4;1;1;55;00, JEAN COMPADIEU (AVEN;M;4332214.0;543107.0;130
14086;201500015619;15;11;30;1955;5;2;1;1;1;55;150, TREILLE (ROUTE DE L;M;4331198.0;551223.0;130
14087;201500015620;15;12;1;1625;2;2;1;1;2;55;141, PRADO (AVENUE DU);M;4327931.0;538779.0;130
14088;201500015621;15;12;1;1550;1;2;1;1;4;55;JEAN PAUL SARTRE (AVENUE;M;4332461.0;542097.0;130
14089;201500015622;15;12;1;1420;1;2;1;1;3;55;20, CHATEAU GOMBERT CHEM;M;4333505.0;542065.0;130
14090;201500015623;15;12;1;1635;1;2;1;1;6;55;50, BOUYALA D'ARNAUD (BO;M;4329799.0;544049.0;130
14091;201500015625;15;12;2;102;5;2;1;1;7;55;TUNNEL PRADO SUD;M;4327398.0;539364.0;130
14092;201500015626;15;11;26;2000;5;2;1;1;6;55;00, PROVIDENCE (RUE DE L;M;4329894.0;537828.0;130
14093;201500015627;15;12;2;1720;4;2;1;1;3;55;75, CAPELETTE (AVENUE DE;M;4328266.0;540243.0;130
14094;201500015628;15;12;3;730;1;2;1;1;3;106;13, 8 MAI 1945 (AVENUE D;M;4338620.0;535890.0;130
14095;201500015631;15;12;3;1345;1;2;1;1;6;55;43, LE PELLETIE (RUE);M;4336261.0;532100.0;130
14096;201500015632;15;12;3;1545;1;2;1;1;6;55;24, LOUBON (RUE);M;4331181.0;537894.0;130
14097;201500015633;15;11;15;1750;5;1;1;1;3;55;220, BAILLE (BOULEVARD);M;4328940.0;539671.0;130
14098;201500015634;15;11;28;1030;1;2;2;1;3;55;90, GOUFFE (COURS);M;4328523.0;539077.0;130
14099;201500015635;15;12;4;920;1;2;1;1;3;55;93, BARRY (BOULEVARD);M;4331982.0;541286.0;130
14100;201500015636;15;12;4;1640;2;2;1;1;3;55;5, RABATAU (BOULEVARD);M;4327306.0;539214.0;130
14101;201500015637;15;12;4;2130;5;2;1;1;1;55;2-4, JOBIN (RUE);M;4331029.0;538957.0;130
14102;201500015638;15;12;4;1100;1;2;3;1;1;55;35, DSIR BIANCO (AVENU;M;4329011.0;542580.0;130
14103;201500015639;15;12;3;1550;1;2;1;1;7;55;46, AIX (RUE D');M;4330082.0;537530.0;130
14104;201500015640;15;12;5;1447;1;2;1;2;6;2;ETIENNE CUCCA-CD908 (AVE;M;4336771.0;552459.0;130
14105;201500015641;15;12;4;1940;2;2;1;1;6;55;54, EUGENE PIERRE (BOULE;M;4329619.0;539070.0;130
14106;201500015642;15;12;5;1945;5;2;1;1;2;55;35, CAPELETTE (AVENUE DE;M;4328356.0;540105.0;130
14107;201500015643;15;12;6;10;5;2;1;8;7;55;318, REDON (BOULEVARD DU;M;4324546.0;542647.0;130
14108;201500015644;15;12;6;215;5;2;1;1;3;55;242, ROMAIN ROLLAND (BOU;M;4327362.0;541356.0;130
14109;201500015645;15;11;30;1010;1;2;1;1;6;55;258, PRADO (AVENUE DU);M;4327462.0;538980.0;130
14110;201500015646;15;12;4;2010;5;2;1;1;1;55;83, MONTREDON (AVENUE DE;M;4324262.0;536950.0;130
14111;201500015647;15;12;6;645;2;2;1;2;2;55;00, FLORIAN ( ROND POINT;M;4328539.0;542525.0;130
14112;201500015648;15;12;6;645;5;2;2;1;1;55;00, SAINTE MARGUERITE (B;M;4326874.0;540404.0;130
14113;201500015649;15;12;5;1855;5;2;1;1;6;55;00, MARCHAL FOCH (AVENU;M;4329694.0;540492.0;130
14114;201500015650;15;12;5;1400;1;2;1;1;3;55;00, ATHENES (BOULEVARD D;M;4330021.0;538069.0;130
14115;201500015651;15;11;28;1445;1;1;1;1;6;55;SAINT ANTOINE A SAINT JO;M;4337075.0;535982.0;130
14116;201500015652;15;12;7;750;2;2;6;1;2;55;287, PRADO (AVENUE DU);M;4328301.0;538535.0;130
14117;201500015653;15;12;6;1545;1;2;3;2;3;55;96, VISTE (AVENUE DE LA);M;4335831.0;535755.0;130
14118;201500015654;15;12;7;1545;2;2;1;1;4;55;ROLAND DORGELES (BOULEVA;M;0.0;0.0;130
14119;201500015655;15;12;7;1730;2;2;1;1;6;55;2, EVECHE (RUE DE L');M;4329779.0;536580.0;130
14120;201500015657;15;12;3;700;5;2;1;1;2;75;95, FRDRIC CHEVILLON (;M;4334802.0;546454.0;130
14121;201500015658;15;12;8;810;1;2;1;1;6;55;152, CAMOINS (AVENUE DES;M;4330647.0;551010.0;130
14122;201500015659;15;12;8;1214;1;2;1;1;3;55;210, 24 AVRIL 15 (AVENUE;M;4330846.0;543714.0;130
14123;201500015660;15;12;8;1645;5;2;2;2;6;55;54, PIOT (BOULEVARD);M;4324179.0;537317.0;130
14124;201500015661;15;12;8;1730;5;1;1;1;3;55;310, CHATEAU GOMBERT CHE;M;4334957.0;543128.0;130
14125;201500015663;15;12;9;800;1;2;1;1;2;55;169, CAILLOLS (AVENUE DE;M;4330374.0;544001.0;130
14126;201500015664;15;12;8;1100;1;2;3;1;6;55;87, MIREILLE LAUZE (BOUL;M;4328285.0;540872.0;130
14127;201500015666;15;12;4;1200;1;2;2;1;3;55;337, ROMAIN ROLLAND (BOU;M;4327123.0;540902.0;130
14128;201500015667;15;12;9;1950;5;2;1;1;6;55;164, CAPELETTE (AVENUE D;M;4328047.0;540817.0;130
14129;201500015668;15;12;10;1045;1;2;3;1;6;55;1, PROVENCE (RUE DE);M;4330152.0;539605.0;130
14130;201500015669;15;12;10;1400;1;2;1;1;6;55;20, CESAR BOY (AVENUE);M;4329653.0;548320.0;130