;Num_Acc;an;mois;jour;hrmn;lum;agg;int;atm;col;com;adr;gps;lat;long;dep
14131;201500015670;15;12;10;1520;1;1;1;1;3;55;492, PARADIS (RUE);M;4327331.0;538528.0;130
14132;201500015671;15;12;10;1340;1;2;1;1;2;55;00, MIREILLE LAUZE (BOUL;M;4328337.0;541285.0;130
14133;201500015672;15;12;10;1420;1;2;1;1;1;55;36, POMME (BOULEVARD DE;M;4329185.0;544671.0;130
14134;201500015673;15;12;10;1715;2;2;1;1;3;55;00, SABLIERE (ROUTE DE L;M;0.0;0.0;130
14135;201500015674;15;11;21;1800;1;2;1;1;7;55;66, SAKAKINI (BOULEVARD);M;4329574.0;540016.0;130
14136;201500015676;15;11;27;2030;5;2;1;1;3;55;54, LIBERATION**BOULEVAR;M;4330007.0;538830.0;130
14137;201500015677;15;12;10;1410;1;2;1;1;3;55;00, ALAIN SAVARY (ROND-P;M;4324605.0;539443.0;130
14138;201500015678;15;12;11;1058;1;1;3;1;3;55;75, ALEX ANSALDI (RUE);M;4333068.0;540468.0;130
14139;201500015679;15;12;7;845;1;1;1;1;1;55;00, PIERRE DOIZE  (RUE);M;4327152.0;542646.0;130
14140;201500015680;15;12;1;1140;1;2;3;1;6;55;75, CORNICHE KENNEDY;M;4328920.0;535464.0;130
14141;201500015681;15;12;7;1230;1;2;9;1;1;55;47, LIEUTAUD (COURS);M;4329401.0;538217.0;130
14142;201500015683;15;12;11;1500;1;2;1;1;1;55;2, MILLIERE (BOULEVARD D;M;4328381.0;549287.0;130
14143;201500015685;15;12;12;45;5;2;6;1;3;55;1, FLORIAN ( ROND POINT);M;4328590.0;542541.0;130
14144;201500015686;15;12;10;1400;1;2;1;1;6;55;26, GARIBALDI (BOULEVARD;M;4329661.0;538130.0;130
14145;201500015687;15;12;10;1900;5;2;1;1;6;55;24, ESPERANDIEU (RUE);M;4330299.0;539359.0;130
14146;201500015688;15;12;11;2030;5;2;1;1;6;55;73, LON GAMBETTA (ALLEE;M;4329907.0;538466.0;130
14147;201500015689;15;11;28;1400;1;2;1;1;2;55;147, BAILLE (BOULEVARD);M;4328935.0;539645.0;130
14148;201500015690;15;11;25;605;5;2;2;1;3;55;00, BLANCARDE (BOULEVARD;M;4330282.0;539951.0;130
14149;201500015691;15;12;12;855;1;2;1;1;6;55;33, BD FERDINAND DE LESS;M;4332045.0;537328.0;130
14150;201500015692;15;12;10;1900;5;1;1;1;3;55;2, LUCIEN ROLMER (RUE);M;4330494.0;537614.0;130
14151;201500015693;15;12;6;1400;1;2;2;1;3;55;03 B, FLAMMARION (BOULEV;M;4330406.0;538717.0;130
14152;201500015694;15;10;14;1630;1;2;1;1;6;55;ALEX. FLEMING (BOULEVARD;M;4331591.0;540074.0;130
14153;201500015695;15;12;12;1440;1;2;1;1;2;55;49, VALENTINE (ROUTE DE;M;4328909.0;546892.0;130
14154;201500015696;15;12;12;2000;4;2;1;1;6;55;17, SAINT JEAN DU DESERT;M;4330143.0;543738.0;130
14155;201500015697;15;12;12;2230;3;2;1;1;2;55;89, POMPIDOU (PROMENADE);M;4326305.0;537415.0;130
14156;201500015698;15;12;12;2215;5;2;1;1;6;55;00, MARCHAL JUIN (BOULE;M;4331141.0;540353.0;130
14157;201500015699;15;12;13;140;5;2;1;1;7;55;220, MAZARGUES (AVENUE D;M;4326371.0;539249.0;130
14158;201500015700;15;11;30;630;5;2;1;1;6;55;264, SAINT PIERRE (RUE);M;4329181.0;540280.0;130
14159;201500015701;15;12;13;705;2;2;1;1;6;55;00, MARCHAL JUIN (BOULE;M;4331112.0;540344.0;130
14160;201500015702;15;12;13;1500;1;2;1;1;2;55;00, ROQUEFAVOUR (AVENUE);M;4336854.0;536004.0;130
14161;201500015703;15;12;13;1820;5;2;1;2;3;55;00, SAINT JULIEN (AVENUE;M;4330760.0;542540.0;130
14162;201500015705;15;12;13;2030;5;1;1;9;6;55;LITTORAL (CHEMIN DU);M;4333929.0;534816.0;130
14163;201500015706;15;12;13;2000;5;2;1;1;2;55;25, FRANOISE DUPARC (BO;M;4330147.0;540058.0;130
14164;201500015707;15;12;14;850;1;2;1;1;3;55;00, FLORIAN ( ROND POINT;M;4328547.0;542576.0;130
14165;201500015708;15;12;14;1120;1;2;2;1;1;55;22, FAUCHIER (RUE);M;4330432.0;537108.0;130
14166;201500015709;15;12;10;1130;1;2;1;1;3;55;433, SAINT ANTOINE A SAI;M;4336957.0;536116.0;130
14167;201500015710;15;12;14;1620;1;2;1;1;5;55;76, SAINT MARCEL (BOULEV;M;4328878.0;546024.0;130
14168;201500015711;15;12;14;1940;5;2;1;1;3;55;20, PIERRE DOIZE  (RUE);M;4328144.0;542975.0;130
14169;201500015712;15;12;14;1150;1;2;1;1;2;55;00, HENRI MARTINET (ROND;M;4329769.0;547918.0;130
14170;201500015713;15;12;15;745;2;2;1;1;2;55;00, SAINT MENET (AVENUE;M;4328819.0;550334.0;130
14171;201500015714;15;12;15;820;1;1;1;1;6;55;112, CALLELONGUE (RUE);M;4325582.0;539244.0;130
14172;201500015715;15;11;26;1600;1;2;2;1;3;55;NOTRE DAME (PLACE);M;4329234.0;538347.0;130
14173;201500015716;15;12;9;1300;1;2;9;1;3;55;242, PEINTRES ROUX (AVEN;M;4330065.0;547684.0;130
14174;201500015718;15;12;15;1800;5;2;1;1;6;55;CHATEAU GOMBERT CHEMIN;M;0.0;0.0;130
14175;201500015720;15;12;15;2020;5;2;3;8;3;55;MENARD (PIERRE) (BOULEVA;M;4329089.0;544284.0;130
14176;201500015721;15;12;15;2355;5;2;2;1;3;55;57, EDMOND ROSTAND (RUE);M;4328474.0;538183.0;130
14177;201500015722;15;12;15;1800;5;2;2;1;6;55;37, DAMES (BOULEVARD DES;M;4330257.0;536887.0;130
14178;201500015723;15;12;16;550;5;2;1;1;3;55;00, FLORIAN ( ROND POINT;M;4328511.0;542590.0;130
14179;201500015724;15;12;16;454;5;2;1;1;6;55;1, LA PUGETTE (BOULEVARD;M;4326866.0;540143.0;130
14180;201500015725;15;12;15;1600;1;2;1;1;6;55;33, ARGILE (CHEMIN DE L';M;4328187.0;539531.0;130
14181;201500015726;15;12;16;1120;1;2;1;1;3;55;25, SABLIER (BOULEVARD**;M;4325264.0;538215.0;130
14182;201500015727;15;12;13;1130;1;2;9;1;2;55;00, HAMBOURG (BOULEVARD);M;0.0;0.0;130
14183;201500015728;15;12;16;1400;1;2;6;1;5;55;CAMOINS ......;M;0.0;0.0;130
14184;201500015729;15;12;16;1400;1;1;1;1;7;55;00, AURENGUES (CHEMIN DE;M;4333000.0;545087.0;130
14185;201500015730;15;12;16;1630;1;2;1;1;3;55;74, SAINT MENET (AVENUE;M;4328724.0;551090.0;130
14186;201500015731;15;12;16;1820;2;2;1;1;6;55;76, BOURRELY (CHEMIN DES;M;4338218.0;536385.0;130
14187;201500015732;15;12;16;2050;4;2;1;1;6;55;184, COMMANDANT ROLLAND;M;4326608.0;537349.0;130
14188;201500015733;15;12;17;45;5;2;1;1;1;55;168, SAINT LOUIS (AVENUE;M;4334895.0;535888.0;130
14189;201500015734;15;12;17;1530;1;2;6;1;2;55;00, HENRI FRENAY (ROND-P;M;4325435.0;537616.0;130
14190;201500015736;15;12;11;1600;1;2;1;1;3;55;00, ST MENET (CHEMIN);M;4328819.0;550317.0;130
14191;201500015737;15;12;18;702;2;2;1;1;6;55;18, ALBERT EINSTEIN (RUE;M;4333303.0;543033.0;130
14192;201500015738;15;12;13;1310;1;2;4;1;3;2;00, PROVENCE (AVENUE DE);M;4332386.0;547264.0;130
14193;201500015739;15;12;18;1400;1;2;1;1;6;55;00, PLOMBIERES (BOULEVAR;M;4331601.0;538468.0;130
14194;201500015740;15;12;17;1750;5;2;2;1;2;55;83, PARADIS (RUE);M;4329051.0;537802.0;130
14195;201500015741;15;12;18;1730;5;2;1;1;2;55;93, BARRY (BOULEVARD);M;4332000.0;541364.0;130
14196;201500015742;15;12;18;1330;1;2;3;1;1;55;52, MERIMEE;M;4333021.0;540402.0;130
14197;201500015743;15;12;19;1120;1;2;1;1;2;55;00, SAINT LOUIS (RUE);M;0.0;0.0;130
14198;201500015744;15;12;15;1200;1;2;1;1;2;55;00, SAINT MENET (AVENUE;M;4328815.0;550312.0;130
14199;201500015745;15;12;14;1145;1;2;1;1;3;55;497, SAINT PIERRE (RUE);M;4329122.0;541723.0;130
14200;201500015746;15;12;19;1440;1;1;1;1;5;2;17, ETIENNE CUCCA-CD908;M;4335796.0;549135.0;130
14201;201500015748;15;12;19;2145;5;2;1;1;6;55;29, TROIS FRERES CARASSO;M;4330413.0;539985.0;130
14202;201500015750;15;12;19;415;5;2;1;1;2;55;74, ALEX ANSALDI (RUE);M;4333066.0;540494.0;130
14203;201500015751;15;12;20;600;5;2;1;1;6;55;34, CAPITAINE GEZE (BOUL;M;4333026.0;537007.0;130
14204;201500015752;15;12;20;1000;1;2;1;2;2;55;142, RABATAU (BOULEVARD);M;4327979.0;539933.0;130
14205;201500015753;15;12;22;540;2;2;1;1;6;55;50, BELLE DE MAI (RUE);M;4331070.0;538363.0;130
14206;201500015754;15;12;22;810;1;2;1;8;6;55;19, JOSEPH VIDAL (AVENUE;M;4325353.0;538080.0;130
14207;201500015755;15;12;22;1620;1;2;1;1;6;55;LON LACHAMP (ROUTE);M;4324258.0;544810.0;130
14208;201500015756;15;12;22;1840;5;2;1;1;6;55;00, HAMBOURG (BOULEVARD);M;4324872.0;539110.0;130
14209;201500015757;15;12;19;1125;1;2;1;1;6;55;00, TELLENE (BOULEVARD);M;4328505.0;536743.0;130
14210;201500015758;15;12;11;1030;1;2;3;1;1;55;00, GRIGNAN (RUE);M;4329171.0;537523.0;130
14211;201500015759;15;12;20;1230;1;2;1;1;3;55;205, ROUET (RUE DU);M;4327651.0;539443.0;130
14212;201500015762;15;12;23;1955;5;2;1;1;6;55;67, CAILLOLS (AVENUE DES;M;4330383.0;542711.0;130
14213;201500015763;15;12;21;1210;1;1;1;2;6;2;00, ETIENNE CUCCA-CD908;M;0.0;0.0;130
14214;201500015764;15;12;24;1605;1;2;1;1;3;55;C09, LITTORAL (CHEMIN DU;M;4335819.0;532630.0;130
14215;201500015765;15;12;22;2235;5;2;1;1;6;55;20, SABLIER (BOULEVARD D;M;4325300.0;538211.0;130
14216;201500015766;15;12;24;2040;5;2;1;1;1;55;94, SAINT ANTOINE (AVENU;M;4329976.0;536892.0;130
14217;201500015767;15;12;25;2330;5;2;1;1;6;55;SAINT JOSEPH (CHEMIN DE);M;4337062.0;535997.0;130
14218;201500015768;15;12;26;856;1;2;3;1;5;55;180, SAINT MARCEL (BOULE;M;4328728.0;546586.0;130
14219;201500015770;15;12;27;1152;1;2;1;1;6;55;71, CHARLES LIVON (BOULE;M;4329210.0;535969.0;130
14220;201500015771;15;12;9;1825;2;2;1;1;2;55;MARCHAL JUIN (BOULEVARD;M;4330953.0;540291.0;130
14221;201500015772;15;12;27;1730;5;2;1;1;6;55;1, JOLIETTE (RUE DE LA);M;4330168.0;537378.0;130
14222;201500015773;15;12;17;30;5;2;3;1;2;55;00, NEIGES (BOULEVARD);M;4324822.0;537749.0;130
14223;201500015774;15;12;28;730;1;2;1;1;6;55;BOSPHORE (BOULEVARD DU);M;4337272.0;536547.0;130
14224;201500015776;15;12;10;1115;1;2;3;1;3;55;26, REPUBLIQUE (RUE DE L;M;4329820.0;537257.0;130
14225;201500015777;15;12;29;1010;1;2;2;1;6;55;00, BELSUNCE (COURS);M;4329638.0;537765.0;130
14226;201500015778;15;12;29;1230;1;2;1;1;3;55;JULES CANTINI (AVENU;M;0.0;0.0;130
14227;201500015779;15;12;29;1400;1;2;1;1;2;55;232, PAUL CLAUDEL (BOULE;M;4326894.0;542023.0;130
14228;201500015780;15;12;29;1610;1;2;1;1;3;55;00, JULES CANTINI (AVENU;M;4328470.0;538593.0;130
14229;201500015781;15;12;29;1720;1;2;1;1;3;55;00, NATIONAL   1 A 51 (B;M;4330455.0;538495.0;130
14230;201500015782;15;12;29;1616;1;2;1;1;1;55;00, ROVE (ROUTE DU);M;4335939.0;528616.0;130
14231;201500015783;15;12;29;1955;5;2;1;1;4;55;25, FRANOISE DUPARC (BO;M;4330144.0;540057.0;130
14232;201500015784;15;12;29;1900;5;2;1;1;3;55;177, CLOT BEY (AVENUE);M;4325441.0;538213.0;130
14233;201500015785;15;12;23;1515;1;2;1;1;6;55;14, JEAN MOULIN (BOULEVA;M;4329125.0;539998.0;130
14234;201500015786;15;12;29;1330;1;2;1;1;3;55;15, LON GAMBETTA (ALLEE;M;4329910.0;538187.0;130
14235;201500015787;15;12;28;1600;1;2;6;1;1;55;00, VALBARELLE (BOULEVAR;M;4328584.0;544256.0;130
14236;201500015788;15;12;30;1015;1;2;1;1;2;55;24, DE ROUX (BD ET IMPAS;M;4326536.0;541229.0;130
14237;201500015789;15;12;30;1205;1;1;1;1;3;55;287, MADRAGUE VILLE (RUE;M;4333461.0;535798.0;130
14238;201500015790;15;12;29;1825;5;2;1;1;6;55;25, AUPHAN (RUE);M;4331679.0;537551.0;130
14239;201500015791;15;12;30;1945;5;2;1;1;6;55;47, CLOT BEY (AVENUE);M;4326037.0;538702.0;130
14240;201500015792;15;12;31;530;5;2;1;1;3;55;94, DAMES (BOULEVARD DES;M;4330301.0;536705.0;130
14241;201500015793;15;12;31;1244;1;2;9;1;7;55;01, MERIMEE;M;4332857.0;539965.0;130
14242;201500015795;15;2;20;1330;1;2;1;1;6;55;16, AVE DE CORINTHE;M;4328377.0;539021.0;130
14243;201500015796;15;1;4;1215;1;2;1;1;5;55;25, AVE DE FRAIS VALLON;M;4332528.0;543348.0;130
14244;201500015797;15;1;26;100;5;2;1;1;7;55;01, AVE ALEXANDRE FLEMIN;M;4331499.0;538802.0;130
14245;201500015798;15;2;12;1730;1;2;1;1;2;55;529, CHE DE LA MADRAGUE;M;4334630.0;535428.0;130
14246;201500015799;15;1;7;1010;1;2;1;1;6;55;47, BD GEORGES ESTRANGIN;M;4327686.0;536967.0;130
14247;201500015800;15;1;15;2015;5;2;1;1;6;55;45, BD NATIONAL;M;4330324.0;538613.0;130
14248;201500015801;15;1;23;1155;1;2;1;1;6;55;218, BD BAILLE;M;4328935.0;539654.0;130
14249;201500015802;15;1;3;115;5;2;1;1;6;55;90, BD RABATAU;M;4327649.0;539760.0;130
14250;201500015803;15;1;29;1500;1;2;1;2;6;55;00, TRA DES ROSIERS;;;;130
14251;201500015805;15;1;23;1545;1;2;1;1;6;55;01, RUE SERY;M;4331366.0;538812.0;130
14252;201500015806;15;1;28;850;1;2;1;1;4;55;58, MTE DE SAINT MENET;;;;130
14253;201500015808;15;3;5;835;1;2;1;1;2;55;73, RUE DU DOCTEUR ESCAT;M;4328307.0;538057.0;130
14254;201500015809;15;3;12;1540;1;2;1;1;6;55;04, BD DE ROUGEMONT;M;4330830.0;544032.0;130
14255;201500015810;15;3;11;1640;1;2;1;1;6;55;330, BD DE SAINTE MARGUE;M;4326127.0;541491.0;130
14256;201500015811;15;1;10;1545;1;2;1;1;1;56;LECLERC (Parking G?n?ral;;;;130
14257;201500015812;15;3;18;1455;1;1;1;1;2;39;SAINT-GERVAIS (Carrefour;;;;130
14258;201500015813;15;11;2;745;1;1;1;1;3;56;ROUTE DU PORT DE LAVERA;M;0.0;0.0;130
14259;201500015814;15;1;24;2340;5;1;1;1;1;26;RN 568;;;;130
14260;201500015815;15;12;10;1605;1;2;1;1;6;56;ROUTE DU PORT DE LAVERA;M;0.0;0.0;130
14261;201500015816;15;4;9;1725;1;1;1;1;2;26;RD 568;;;;130
14262;201500015817;15;1;28;1700;1;2;1;1;2;56;RD 49;;;;130
14263;201500015818;15;3;17;1530;1;2;1;1;6;77;THOREZ MAURICE (avenue);;;;130
14264;201500015819;15;11;22;1555;1;2;1;1;3;56;CALMETTE ET GUERIN AVENU;M;0.0;0.0;130
14265;201500015820;15;1;29;1830;3;1;1;2;1;56;REVEILLA;;;;130
14266;201500015821;15;4;7;710;3;1;1;1;7;39;RN 568;;;;130
14267;201500015822;15;12;10;855;1;2;1;1;6;56;KLEBER QUAI JEAN BAPTIST;;;;130
14268;201500015823;15;1;9;1045;1;2;1;1;6;56;RIMBAUD ARTHUR;;;;130
14269;201500015824;15;12;5;905;1;2;1;1;6;39;GUIGONNET (Route du);;;;130
14270;201500015825;15;4;23;1145;1;2;1;1;5;77;RN 568;;;;130
14271;201500015827;15;12;22;925;1;2;1;1;6;56;HOTEL DE VILLE ROND POIN;M;4340586.0;504775.0;130
14272;201500015828;15;3;26;720;1;1;1;1;4;39;ROUTE NATIONALE 568;;;;130
14273;201500015829;15;2;10;815;1;2;1;1;6;56;RAYETTES;;;;130
14274;201500015831;15;3;4;1218;1;2;1;1;3;56;MOULET AVENUE CHARLES;;;;130
14275;201500015832;15;11;23;1350;1;1;1;1;2;77;RN 568 ....;;;;130
14276;201500015833;15;4;17;1120;1;2;1;1;2;77;2, THOREZ MAURICE (avenu;M;4340838.0;498117.0;130
14277;201500015834;15;12;1;1700;1;2;3;1;3;56;RODE;M;4341137.0;505782.0;130
14278;201500015835;15;3;10;1028;1;1;1;1;3;39;RN 568;;;;130
14279;201500015836;15;4;27;1700;1;1;1;2;6;77;RN 568;M;0.0;0.0;130
14280;201500015837;15;12;25;40;5;1;1;1;6;39;GUIGONNET (rond-point du;M;4345065.0;493507.0;130
14281;201500015838;15;3;12;1700;1;1;1;1;3;39;RN 568;;;;130
14282;201500015839;15;4;15;1439;1;2;1;1;2;77;MERINDOLE (avenue de la);M;0.0;0.0;130
14283;201500015840;15;12;8;920;1;2;3;1;3;77;PASTEUR (rue);M;4340166.0;497870.0;130
14284;201500015841;15;4;22;935;1;2;1;1;3;56;AUGUETTE ROUTE D';M;0.0;0.0;130
14285;201500015842;15;11;17;1210;1;2;1;1;6;77;TURENNE (rue);;;;130
14286;201500015843;15;4;8;910;1;2;1;1;6;26;CURIE (bld Pierre et Mar;M;0.0;0.0;130
14287;201500015844;15;12;8;715;2;1;1;2;1;39;FOSSETTE (Rond-point de;M;4348625.0;488638.0;130
14288;201500015845;15;4;10;1430;1;1;1;1;5;77;RN 568;M;0.0;0.0;130
14289;201500015846;15;11;30;735;1;1;1;1;3;77;PINS (avenue des);;;;130
14290;201500015850;15;5;16;1650;1;1;1;1;2;26;RN 568;;;;130
14291;201500015851;15;11;11;2300;3;2;1;1;1;77;NATIONALE (rue);M;0.0;0.0;130
14292;201500015852;15;5;25;1150;1;2;1;1;6;56;20 BIS, LECLERC QUAI GEN;M;4340374.0;505634.0;130
14293;201500015853;15;5;30;915;1;2;1;1;6;56;PORT DE BOUC ROUTE DE;M;0.0;0.0;130
14294;201500015854;15;5;20;1645;1;2;1;1;6;56;TESSE MAURICE;M;0.0;0.0;130
14295;201500015855;15;6;16;1455;1;2;1;1;6;56;DULLIN ALLEE CHARLES;M;0.0;0.0;130
14296;201500015856;15;5;23;1810;1;1;1;1;2;56;FABRIQUES CHEMIN DES;M;0.0;0.0;130
14297;201500015857;15;6;27;1945;2;1;1;1;6;77;RN 568;M;0.0;0.0;130
14298;201500015858;15;5;20;1950;2;1;1;1;2;39;RN 568;M;0.0;0.0;130
14299;201500015860;15;9;13;1430;1;2;1;1;1;56;GENERAL DE GAULLE*;M;0.0;0.0;130
14300;201500015861;15;6;15;1150;1;2;2;1;2;77;CRISTOFOL JEAN (bld);M;4340818.0;498108.0;130
14301;201500015862;15;9;5;1700;1;2;1;1;5;77;THOREZ MAURICE (avenue);;;;130
14302;201500015863;15;6;14;1250;1;2;6;1;3;39;POMPIDOU GEORGES (avenue;M;4346502.0;494106.0;130
14303;201500015864;15;6;24;1225;1;2;1;1;2;77;CURIE PIERRE ET MARIE (r;;;;130
14304;201500015865;15;8;29;1410;1;1;1;1;2;39;ROUTE NATIONALE 568;;;;130
14305;201500015866;15;8;8;1455;1;2;1;1;1;56;0, FOUQUE AVENUE RENE;;;;130
14306;201500015867;15;7;13;1110;1;2;1;1;6;56;REPUBLIQUE;;;;130
14307;201500015868;15;7;15;955;1;2;1;1;4;26;RD 568;M;0.0;0.0;130
14308;201500015870;15;7;23;940;1;2;1;1;6;56;FOURNIER BOULEVARD HELEN;;;;130
14309;201500015871;15;7;22;1430;1;1;1;1;6;39;RN 544;M;0.0;0.0;130
14310;201500015872;15;7;7;1310;1;1;1;1;1;39;GUIGONNET (rond-point du;M;4345035.0;493565.0;130
14311;201500015873;15;8;2;1900;1;2;1;1;3;39;PLAGES (Route des);M;4343348.0;493029.0;130
14312;201500015874;15;8;6;1520;1;1;1;1;3;39;ROUTE NATIONALE 568;;;;130
14313;201500015875;15;8;7;2020;2;1;1;1;5;26;CD 9;;;;130
14314;201500015876;15;8;8;2000;5;1;1;1;1;56;VERDON;;;;130
14315;201500015877;15;8;21;2015;5;1;1;1;1;56;VERDON;;;;130
14316;201500015878;15;8;31;1415;1;1;1;1;5;26;RN 568;;;;130
14317;201500015879;15;9;15;1020;1;1;1;1;1;26;;M;0.0;0.0;130
14318;201500015880;15;9;10;1710;1;1;1;1;3;39;RN 568...;;;;130
14319;201500015881;15;9;2;1315;1;2;1;1;1;56;TURCAN FRANCIS;M;0.0;0.0;130
14320;201500015882;15;9;26;1120;1;2;1;1;1;56;OLIVES CHEMIN DES0;;;;130
14321;201500015883;15;9;25;1550;1;1;1;1;7;77;RN 568*;M;0.0;0.0;130
14322;201500015884;15;10;4;1900;1;2;1;1;6;26;QUATRE SEPTEMBRE (rue du;;;;130
14323;201500015885;15;10;15;1150;1;1;1;1;2;39;ROUTE NATIONALE 569;;;;130
14324;201500015886;15;10;16;847;1;2;1;1;3;39;COLLINE (Chemin de la);M;0.0;0.0;130
14325;201500015887;15;10;1;820;1;1;3;1;1;26;TALLAN AU DESSUS DU CHEM;M;4339331.0;519134.0;130
14326;201500015888;15;10;12;1715;1;1;1;2;1;39;ROUTE NATIONALE 569;M;0.0;0.0;130
14327;201500015889;15;10;15;1045;1;2;1;1;1;77;RN 568;M;0.0;0.0;130
14328;201500015890;15;10;23;710;2;2;3;1;3;56;RAYETTES;M;4341173.0;504388.0;130
14329;201500015891;15;10;9;220;5;2;1;1;6;56;RIMBAUD ARTHUR;M;0.0;0.0;130
14330;201500015892;15;10;28;1400;1;2;1;1;5;56;TURCAN FRANCIS;M;0.0;0.0;130
14331;201500015893;15;2;17;1220;1;1;1;1;6;103;RTE DU VAL DE CUECH-RD 1;;;;130
14332;201500015894;15;3;16;840;1;1;1;1;6;103;CHEMIN GRANDE CARRAIRE;M;4364856.0;506553.0;130
14333;201500015895;15;5;3;1915;1;2;1;1;6;103;AVENUE JUIN - DU 18;;;;130
14334;201500015896;15;8;9;1655;1;1;1;1;2;103;RD 569;;;;130
14335;201500015897;15;8;15;2020;2;2;3;1;3;103;., AVENUE DE L' EUROPE;M;4364505.0;510286.0;130
14336;201500015899;15;8;23;445;3;1;6;1;1;103;AVENUE CHABAN DELMAS-JA;M;4364013.0;504758.0;130
14337;201500015900;15;8;24;1420;1;1;9;1;3;103;AVENUE DE LATTRE DE TASS;M;4366169.0;507975.0;130
14338;201500015901;15;9;30;2131;3;1;1;1;1;103;RTE D' EYGUIERES-RD 17;;;;130
14339;201500015902;15;12;6;2140;5;2;4;1;4;103;AVENUE DE L' EUROPE;M;4364407.0;510247.0;130
14340;201500015903;15;12;7;1400;1;2;1;1;6;103;BOULEVARD DU ROY RENE;;;;130
14341;201500015904;15;1;2;1215;1;1;1;1;7;32;4828, SAINT GILLES ROUTE;M;4379040.0;458141.0;300
14342;201500015905;15;3;18;1615;1;2;1;1;7;32;17, NIMES RUE;M;4380922.0;464000.0;300
14343;201500015906;15;1;3;1420;1;2;1;1;2;32;paix quai de la;;;;300
14344;201500015907;15;3;20;1440;1;1;1;1;6;32;3, MARECHAL JOFFRE AVENU;M;4380965.0;463945.0;300
14345;201500015908;15;1;4;1250;1;1;1;1;7;32;FOURQUES ROUTE DE;M;4373235.0;460956.0;300
14346;201500015909;15;4;8;1810;1;1;1;1;3;32;CLAPAS DE CORNUT CHEMIN;;;;300
14347;201500015910;15;1;6;1030;1;2;2;1;6;108;GUYNEMER GEORGE (AVENUE);M;4381088.0;466129.0;130
14348;201500015912;15;1;9;1045;1;2;1;1;2;32;10, FARCIENNES AVENUE DE;M;4381076.0;463642.0;300
14349;201500015913;15;4;8;50;1;1;1;1;7;32;D 90;;;;300
14350;201500015914;15;1;12;1100;1;1;1;1;2;108;RD 99 ROUTE DE SAINT REM;;;;130
14351;201500015916;15;1;14;1900;3;1;1;1;2;108;RD 99 ROUTE DE SAINT REM;;;;130
14352;201500015917;15;4;18;1100;1;2;1;1;6;108;RADOUBS (CHEMIN DES);M;0.0;0.0;130
14353;201500015918;15;1;15;1855;5;2;1;1;6;108;GAMBETTA (BOULEVARD);M;4380424.0;466281.0;130
14354;201500015919;15;4;21;900;1;1;1;1;7;32;saint gilles route de;;;;300
14355;201500015920;15;1;16;2130;3;1;1;3;1;108;RD 570 N ROUTE D ARLES;;;;130
14356;201500015921;15;4;23;1530;1;1;1;1;7;32;RD2B;M;4382340.0;464168.0;300
14357;201500015922;15;1;21;1220;1;2;3;1;3;108;SOUSPIRON VOIE COMMUNALE;M;4381368.0;466121.0;130
14358;201500015923;15;4;24;1545;1;2;2;1;3;32;ANCIENS COMBATTANTS AFRI;M;4381136.0;464426.0;300
14359;201500015924;15;1;23;840;1;1;3;1;3;108;ARLES (PETITE ROUTE D AR;M;4378148.0;466506.0;130
14360;201500015925;15;4;28;750;1;1;1;1;5;32;D 90;M;4381373.0;461100.0;300
14361;201500015926;15;1;23;923;1;1;1;1;7;108;385, RD 970 ROUTE D'AVIG;M;4381278.0;466946.0;130
14362;201500015927;15;4;28;1220;1;1;1;1;4;108;RD 32;;;;130
14363;201500015928;15;1;24;1420;1;1;2;1;3;32;SAINT GILLES ROUTE DE;M;4380145.0;461458.0;300
14364;201500015930;15;1;30;1243;1;2;1;1;3;108;VOLTAIRE (FAUBOURG);M;4380942.0;466437.0;130
14365;201500015931;15;5;9;1420;1;1;1;1;7;32;saint gilles route de;M;4380251.0;461719.0;300
14366;201500015932;15;2;4;608;3;1;1;4;7;108;RD 970 ROUTE*D'AVIGNON;;;;130
14367;201500015933;15;5;9;2123;3;1;1;1;7;32;JEAN MONNET AVENUE;M;4378950.0;464250.0;300
14368;201500015934;15;2;9;1300;1;1;1;1;7;32;SAINT GILLES ROUTE DE;;;;300
14369;201500015935;15;5;15;1435;1;1;1;1;1;108;RD 99 ROUTE DE SAINT REM;;;;130
14370;201500015936;15;2;9;1635;1;2;1;1;6;108;503, GUYNEMER GEORGE (AV;;;;130
14371;201500015937;15;5;17;1300;1;2;1;1;1;32;PAIX QUAI DE LA;M;4380644.0;463487.0;300
14372;201500015938;15;2;12;900;1;2;1;1;6;108;CD 35 ROUTE DE BOULBON;M;4381181.0;466603.0;130
14373;201500015939;15;5;18;1730;1;1;1;1;6;32;1370, SAINT GILLES ROUTE;M;4380731.0;462281.0;300
14374;201500015940;15;2;13;1300;1;1;1;1;3;108;1, D33 ROUTE DE FONTVEIL;M;4375086.0;470091.0;130
14375;201500015941;15;5;19;910;1;1;1;1;3;108;CD 35 ROUTE DE BOULBON;M;4381395.0;466592.0;130
14376;201500015942;15;2;14;2002;5;2;1;2;1;108;ROI RENE (BOULEVARD);M;4380685.0;465572.0;130
14377;201500015943;15;5;19;1930;1;1;1;1;7;32;COMPS ROUTE DE;M;4382722.0;462289.0;300
14378;201500015944;15;2;25;1200;1;1;1;1;7;32;FOURQUES ROUTE DE;M;4375598.0;461385.0;300