;Num_Acc;an;mois;jour;hrmn;lum;agg;int;atm;col;com;adr;gps;lat;long;dep
14379;201500015945;15;5;26;1735;1;1;1;1;6;32;saint gilles route de D3;M;4378508.0;456928.0;300
14380;201500015946;15;2;28;1108;1;2;1;1;2;108;PROSPER MERIME (AVENUE);;;;130
14381;201500015947;15;5;20;1600;1;1;2;1;3;32;JEAN MONNET AVENUE;M;4378558.0;463583.0;300
14382;201500015948;15;3;1;1220;1;1;1;2;7;108;RD 970 ROUTE D'AVIGNON;;;;130
14383;201500015949;15;6;1;836;1;1;1;1;7;32;BEAUVOIR CHEMIN DE;M;4379231.0;461999.0;300
14384;201500015950;15;3;5;830;1;1;1;6;7;108;RD 99 ROUTE DE SAINT REM;;;;130
14385;201500015951;15;6;2;800;1;1;1;1;6;32;FARCIENNES AVENUE DE;M;4381295.0;462754.0;300
14386;201500015952;15;3;12;1915;2;1;1;1;6;108;1, D33 ROUTE DE FONTVEIL;M;4376738.0;469376.0;130
14387;201500015953;15;6;4;1115;1;1;1;1;3;32;CARREFOUR PARKING CENTRE;M;4381615.0;461310.0;300
14388;201500015955;15;6;4;1415;1;2;2;1;3;108;GUYNEMER GEORGE (AVENUE);M;4381087.0;466130.0;130
14389;201500015956;15;3;15;730;2;1;1;1;7;108;3136, RD 970 ROUTE D'AVI;M;4382651.0;470336.0;130
14390;201500015957;15;6;5;1745;1;2;1;1;3;32;SERGIUS RESPECTUS ALLEE;M;4381677.0;461549.0;300
14391;201500015958;15;6;6;715;1;2;1;1;6;32;GENERAL DE GAULLE QUAI;M;4380599.0;464226.0;300
14392;201500015959;15;6;8;1420;1;1;1;1;7;108;RD 99 ROUTE DE SAINT REM;;;;130
14393;201500015960;15;6;12;930;1;1;2;1;3;32;saint gilles route de D3;M;4380785.0;462700.0;300
14394;201500015961;15;6;16;715;1;2;1;3;5;32;FARCIENNES AVENUE DE;M;4381167.0;463208.0;300
14395;201500015963;15;6;19;1000;1;1;2;1;2;32;ANCIENS COMBATTANTS AFRI;M;4381136.0;464429.0;300
14396;201500015964;15;6;19;810;1;1;1;1;7;108;RD 970 ROUTE D'AVIGNON;M;4383091.0;471436.0;130
14397;201500015965;15;6;22;930;1;1;1;1;7;108;RD 99 ROUTE DE SAINT REM;M;4379688.0;468992.0;130
14398;201500015966;15;6;22;1615;1;1;1;1;7;32;CARREFOUR PARKING CENTRE;M;4381599.0;461357.0;300
14399;201500015967;15;6;23;1045;1;1;1;1;3;32;GENERAL DE GAULLE QUAI;M;4380590.0;464263.0;300
14400;201500015968;15;6;23;1200;1;1;1;1;1;32;MARIUS GARDIOL AVENUE;M;4381132.0;464426.0;300
14401;201500015969;15;6;25;850;1;1;6;1;3;108;RD 99 ROUTE DE SAINT REM;M;4379505.0;469603.0;130
14402;201500015970;15;6;25;2000;1;1;1;1;7;108;D33 ROUTE DE FONTVEILLE;M;4374900.0;470068.0;130
14403;201500015972;15;7;7;1800;1;1;1;1;3;108;VALLABREGUES ( RD 81 ROU;M;4382372.0;464914.0;130
14404;201500015973;15;7;9;146;5;1;1;1;7;32;ROUTE DE COMPS;M;4381596.0;463038.0;300
14405;201500015974;15;7;7;2100;2;1;1;1;7;32;saint gilles route de;;;;300
14406;201500015975;15;7;12;1700;1;1;1;1;7;108;GRAND CASTELLET CHEMIN D;;;;130
14407;201500015976;15;7;15;1205;1;1;1;1;3;32;saint gilles route de D3;;;;300
14408;201500015977;15;7;18;1700;1;1;1;1;3;108;RD 99 ROUTE DE SAINT REM;M;4380074.0;467138.0;130
14409;201500015978;15;7;19;1353;1;1;1;1;7;108;ARLES (PETITE ROUTE D AR;;;;130
14410;201500015979;15;7;20;1842;1;2;1;1;6;32;nimes rue de;M;4380907.0;464046.0;300
14411;201500015980;15;7;21;2100;2;1;1;1;3;108;VALLABREGUES ( RD 81 ROU;M;4382365.0;464922.0;130
14412;201500015981;15;7;22;1250;1;2;1;1;6;108;VOLTAIRE (FAUBOURG);M;4380816.0;466291.0;130
14413;201500015982;15;7;25;1835;1;2;1;1;6;32;LIBERTE QUAI DE;;;;300
14414;201500015983;15;7;31;844;1;2;1;1;3;108;RD 99 ROUTE DE SAINT REM;M;4379680.0;469018.0;130
14415;201500015984;15;8;3;2100;2;1;1;1;7;108;RD 970 ROUTE D'AVIGNON;M;4382626.0;470193.0;130
14416;201500015985;15;8;11;955;1;2;1;1;2;108;ROI RENE (BOULEVARD);;;;130
14417;201500015986;15;8;15;143;3;1;1;1;6;108;572, ARLES (PETITE ROUTE;M;4379487.0;466478.0;130
14418;201500015987;15;8;15;425;3;1;1;1;7;108;RD 970 ROUTE D'AVIGNON;M;4381329.0;467083.0;130
14419;201500015988;15;8;16;1306;1;2;6;1;3;32;FOURQUES ROUTE DE;M;4379250.0;463039.0;300
14420;201500015989;15;8;16;150;5;2;1;1;7;32;SAINT GILLES ROUTE DE;M;4380529.0;461968.0;300
14421;201500015990;15;8;15;1450;1;1;1;1;7;108;RD 970 ROUTE D'AVIGNON;;;;130
14422;201500015991;15;8;25;830;1;1;1;1;1;108;ARLES (PETITE ROUTE D AR;M;4377070.0;466855.0;130
14423;201500015992;15;8;28;750;1;1;1;1;7;108;RD 970 ROUTE D'AVIGNON;M;4382164.0;468834.0;130
14424;201500015993;15;8;28;1857;1;1;2;1;3;32;BRUNETTES CHEMIN DES;;;;300
14425;201500015994;15;8;28;2100;2;1;1;1;3;32;D 90;;;;300
14426;201500015995;15;9;1;1715;1;1;6;1;3;108;ARISTIDE BRIAND (COURS);M;4380392.0;465594.0;130
14427;201500015996;15;9;4;1435;1;1;1;1;7;108;RD 970 ROUTE D'AVIGNON;;;;130
14428;201500015997;15;9;4;1700;1;1;2;1;3;32;FOUSSAT CHEMIN DE;M;4379766.0;461924.0;300
14429;201500015998;15;9;6;130;3;2;9;1;3;32;NIMES ROUTE DE CD 999;M;4380468.0;465439.0;300
14430;201500015999;15;9;8;1250;1;2;1;1;1;32;GENERAL DE GAULLE QUAI;;;;300
14431;201500016000;15;9;10;845;1;1;1;1;3;32;JEAN MOULIN ( RUE );M;4380951.0;463812.0;300
14432;201500016001;15;9;15;1201;1;2;1;1;6;108;ITAM (BOULEVARD);M;4380272.0;465812.0;130
14433;201500016002;15;9;17;1920;1;2;3;1;3;32;ANCIENS COMBATTANTS AFRI;M;4380972.0;464311.0;300
14434;201500016003;15;9;18;1910;1;1;4;1;3;108;CD 35 ROUTE DE BOULBON;M;4384625.0;467802.0;130
14435;201500016004;15;10;1;945;1;2;1;1;2;32;47, FARCIENNES AVENUE DE;M;4381146.0;463345.0;300
14436;201500016005;15;10;3;1150;1;1;1;1;6;32;BEAUVOIR CHEMIN DE;;;;300
14437;201500016008;15;10;22;1320;1;1;1;6;7;32;ILE DU PILET CHEMIN DE L;;;;300
14438;201500016009;15;10;23;1100;1;1;6;1;7;32;FOURQUES ROUTE DE;M;4379277.0;463011.0;300
14439;201500016010;15;11;2;1805;1;2;1;1;1;32;52, FARCIENNES AVENUE DE;M;4381331.0;462608.0;300
14440;201500016011;15;11;10;1640;1;1;6;1;1;32;FOURQUES ROUTE DE;M;4379303.0;463027.0;300
14441;201500016012;15;11;10;1930;3;1;1;1;1;32;SAINT GILLES ROUTE DE;;;;300
14442;201500016013;15;11;13;2130;3;1;1;1;1;108;RD 570 N ROUTE D ARLES;;;;130
14443;201500016014;15;11;15;250;3;1;1;1;7;32;saint gilles route RD38;;;;300
14444;201500016015;15;11;25;1700;1;1;1;1;7;32;BEAUVOIR CHEMIN DE;;;;300
14445;201500016016;15;1;4;1600;1;2;1;1;7;117;FACE 29, MOULIN ( AVENUE;M;4345632.0;524688.0;130
14446;201500016017;15;3;20;840;1;2;6;2;3;117;ROND POINT DE PIERRE PLA;M;4344629.0;524806.0;130
14447;201500016019;15;3;21;115;5;2;1;1;1;117;MARSEILLE ( AVENUE DE );;;;130
14448;201500016020;15;1;6;1015;1;1;1;1;2;117;ZI ESTROUBLANS RN 113;;;;130
14449;201500016021;15;3;21;1500;1;1;1;2;2;71;PLAN DE CAMPAGNE (AVE. D;;;;130
14450;201500016022;15;1;7;915;1;1;1;1;2;19;D9;;;;130
14451;201500016023;15;3;23;1740;1;2;3;1;7;117;CD 9 ESTROUBLANS;M;4342771.0;525678.0;130
14452;201500016024;15;3;23;1940;3;1;1;1;6;117;00, STADIUM (CD9);;;;130
14453;201500016025;15;1;10;1710;2;2;3;1;3;117;SALYENS ( AVENUE DES );M;4344204.0;525300.0;130
14454;201500016026;15;3;19;1400;1;2;9;1;3;71;PETITS CADENAUX ( CHEMIN;M;4338217.0;534244.0;130
14455;201500016027;15;1;13;840;1;1;1;8;3;117;36, ATHENES (RUE D');M;4343967.0;523958.0;130
14456;201500016029;15;1;13;900;1;1;3;1;7;71;18, VELAUX (CHEMIN);M;4341248.0;535063.0;130
14457;201500016031;15;6;9;1125;1;2;1;1;3;117;CARREFOUR (PARKING CENTR;M;4343311.0;526065.0;130
14458;201500016033;15;3;25;1535;1;1;1;8;2;117;CD 9 ESTROUBLANS;;;;130
14459;201500016034;15;1;16;1945;3;1;1;2;7;117;LA BASTIDE BLANCHE CD 9;;;;130
14460;201500016035;15;4;1;1500;1;1;1;1;7;71;ROUTE NATIONALE 368 (PLA;;;;130
14461;201500016036;15;1;19;1945;3;1;1;2;6;117;14, BRUXELLES (RUE DE);M;4342534.0;524391.0;130
14462;201500016037;15;3;28;2145;5;2;1;1;1;71;QUICK (CD6);;;;130
14463;201500016039;15;4;4;1100;1;2;1;1;2;117;MARSEILLE ( AVENUE DE );M;4343251.0;526504.0;130
14464;201500016040;15;1;23;900;1;1;1;1;2;71;D 543;;;;130
14465;201500016041;15;4;4;1530;1;2;1;1;3;71;QUICK (CD6);;;;130
14466;201500016042;15;1;31;306;5;2;1;1;6;71;02, PAS DE LA MUE ( CHEM;M;4342564.0;530514.0;130
14467;201500016043;15;4;5;1745;1;2;1;1;7;117;25, 8 MAI 1945 (AVENUE);M;4342466.0;527780.0;130
14468;201500016044;15;2;2;1630;1;1;1;1;2;71;ROUTE NATIONALE 113 - MO;;;;130
14469;201500016045;15;4;7;1100;1;2;3;1;6;117;MOULIN ( AVENUE JEAN);M;4345468.0;524390.0;130
14470;201500016046;15;2;4;630;3;1;1;1;6;117;CHEMIN DEPARTEMENTAL CD;;;;130
14471;201500016048;15;2;3;1130;1;2;2;1;3;71;ROUTE NATIONALE 113 - AG;M;4341716.0;528910.0;130
14472;201500016049;15;4;8;1725;1;1;4;1;4;117;CD 9 ESTROUBLANS;M;;;130
14473;201500016050;15;2;5;820;2;2;1;4;2;117;EUROPE (AVENUE DE L');;;;130
14474;201500016051;15;4;6;1400;1;1;1;1;7;19;D9;;;;130
14475;201500016052;15;2;5;730;1;2;1;4;2;117;ROUTE NATIONALE 113 - CA;;;;130
14476;201500016053;15;12;29;2200;3;1;1;1;3;71;RD 543 .....?;;;;130
14477;201500016054;15;4;4;1220;1;1;1;1;1;19;D60 A;;;;130
14478;201500016055;15;2;5;1145;1;2;2;1;2;117;CHEMIN DEPARTEMENTAL 9 (;M;4342827.0;526183.0;130
14479;201500016056;15;4;14;1630;1;1;1;1;6;19;D9;;;;130
14480;201500016057;15;2;7;1530;1;2;1;1;5;71;01, CD 6;;;;130
14481;201500016059;15;2;10;830;1;2;1;1;2;117;ANCIENS COMBAT. INDOCHIN;;;;130
14482;201500016060;15;4;21;1730;1;1;9;1;6;71;ROUTE NATIONALE 368 (VIL;;;;130
14483;201500016061;15;2;10;940;1;2;4;1;3;71;ROUTE NATIONALE 368 (VIL;M;4340801.0;530391.0;130
14484;201500016062;15;4;22;1100;1;2;2;1;3;117;X, SEIGLES ( ALLEE DES );M;4342260.0;528144.0;130
14485;201500016063;15;2;11;930;1;2;1;1;2;19;RUE MARIE-PIERRE KOENING;;;;130
14486;201500016064;15;4;22;1150;1;2;3;1;1;19;D8;M;4344782.0;536695.0;130
14487;201500016065;15;2;12;856;1;1;1;1;2;19;D9;;;;130
14488;201500016066;15;4;23;1030;1;1;1;1;2;71;QUICK (CD6);;;;130
14489;201500016067;15;2;16;1840;1;2;4;1;1;55;159, FRANCOIS MITTERAND;M;4338532.0;534551.0;130
14490;201500016068;15;4;24;1715;1;1;1;1;2;117;STADIUM (CD9);;;;130
14491;201500016069;15;2;17;1030;1;1;1;1;7;117;CHEMIN DEPARTEMENTAL 9 (;;;;130
14492;201500016070;15;4;24;2305;5;1;1;1;1;71;00, QUICK (CD6);;;;130
14493;201500016071;15;2;22;745;1;2;3;1;3;117;PADOVANI ( AVE );M;4343702.0;525684.0;130
14494;201500016072;15;4;28;1733;1;1;1;1;4;71;CHEMIN DEPARTEMENTAL 6 (;;;;130
14495;201500016073;15;2;24;1150;1;1;1;1;6;117;CHEMIN DEPARTEMENTAL CD;;;;130
14496;201500016074;15;4;28;1800;1;1;1;1;2;55;130, FRANCOIS MITTERAND;;;;130
14497;201500016075;15;2;24;1210;1;1;9;1;3;71;PLAN DE CAMPAGNE;;;;130
14498;201500016076;15;4;30;950;1;2;3;1;2;117;00, MARSEILLE ( AVENUE D;M;4343817.0;526231.0;130
14499;201500016077;15;2;23;1700;1;2;1;1;7;19;AVENUE DU PLAN DE CAMPAG;;;;130
14500;201500016079;15;2;25;1400;1;2;9;1;6;71;MUGUET ( BOULEVARD DU );M;4338206.0;534129.0;130
14501;201500016080;15;5;4;1410;1;2;1;1;2;71;223, MITTERRAND (AVENUE;M;4340058.0;534041.0;130
14502;201500016081;15;2;27;1350;1;2;1;1;6;71;36, CAPITAINE DE CORVETT;M;4339841.0;533538.0;130
14503;201500016082;15;5;8;1820;1;1;1;1;7;117;ROUTE NATIONALE 113-L'AN;M;4341929.0;527226.0;130
14504;201500016083;15;3;2;2340;5;2;1;1;6;117;MARSEILLE ( AVENUE DE );;;;130
14505;201500016084;15;5;9;2000;1;2;1;1;2;117;ROUTE NATIONALE 113 - AG;;;;130
14506;201500016085;15;5;2;1730;1;2;1;1;7;19;AVENUE CHARLES GOUNOD;;;;130
14507;201500016086;15;3;7;620;5;2;1;1;6;71;TOTAL (RN 113 - LE TUNNE;M;4342083.0;526922.0;130
14508;201500016088;15;5;12;1610;1;2;1;1;3;71;MITTERRAND (AVENUE FRANC;;;;130
14509;201500016089;15;3;8;850;1;2;1;1;6;71;17, CAPELANE ( BOULEVARD;M;4341821.0;529707.0;130
14510;201500016090;15;3;10;1800;1;2;1;1;2;71;ANNE-MARIE ( BOULEVARD );;;;130
14511;201500016091;15;5;13;1820;1;2;1;1;6;19;1, AVENUE DU PLAN DE CAM;M;4340944.0;532266.0;130
14512;201500016092;15;3;10;1900;2;2;1;1;2;117;DROITS DE L'HOMME (AVENU;;;;130
14513;201500016096;15;3;11;1745;1;1;6;1;3;71;ROUTE NATIONALE 113 - MO;M;4340187.0;533551.0;130
14514;201500016097;15;5;20;1730;1;2;1;1;2;117;X, BRETELLE DE SORTIE A7;M;0.0;0.0;130
14515;201500016098;15;3;12;610;2;2;1;1;3;117;30, LONDRES (AVENUE DE);;;;130
14516;201500016099;15;5;24;1200;1;1;1;1;2;71;218, MITTERRAND (AVENUE;M;4339520.0;534356.0;130
14517;201500016100;15;3;13;2033;5;2;1;1;7;117;LIDL (MAGASIN) AV. VICTO;M;4344269.0;524500.0;130
14518;201500016101;15;5;27;1000;1;1;1;1;3;117;D55F;;;;130
14519;201500016102;15;5;28;830;1;2;1;1;3;71;PINCHINADES ( CHEMIN DES;;;;130
14520;201500016103;15;5;28;1930;1;2;4;1;6;117;1, ROME  (AVENUE DE);M;4342772.0;525659.0;130
14521;201500016104;15;5;28;815;1;2;2;1;3;117;GLACIERE ( RUE DE LA );M;4342324.0;524108.0;130
14522;201500016105;15;5;29;1235;1;2;1;1;3;117;29, 8 MAI 1945 (AVENUE);M;4342425.0;527761.0;130
14523;201500016106;15;5;29;1555;1;2;1;1;2;117;DROITS DE L'HOMME (AVENU;;;;130
14524;201500016107;15;5;30;1945;1;1;1;1;6;19;;;;;130
14525;201500016109;15;6;1;900;1;1;1;1;2;71;ROUTE NATIONALE 113 - MO;;;;130
14526;201500016110;15;6;3;1750;1;1;1;1;3;71;ROUTE NATIONALE 113 - VI;;;;130
14527;201500016111;15;6;3;1845;1;1;1;1;1;71;VELODROME (CD06);;;;130
14528;201500016112;15;6;4;900;1;1;1;1;3;19;CD6;;;;130
14529;201500016114;15;6;6;1915;1;1;1;1;2;117;STADIUM (CD9);;;;130
14530;201500016115;15;6;7;1330;1;1;1;1;7;117;RD 113 -;M;4344949.0;523786.0;130
14531;201500016116;15;6;9;1755;1;2;1;1;6;71;88, MITTERRAND (AVENUE F;M;4338004.0;534981.0;130
14532;201500016117;15;6;10;1745;1;2;1;1;3;117;ROME  (AVENUE DE);M;4343901.0;524436.0;130
14533;201500016118;15;6;11;950;1;1;1;1;1;71;PLAN DES PENNE ( CHEMIN;;;;130
14534;201500016119;15;6;11;920;1;1;1;1;6;117;ROUTE DEPARTEMENTALE 20;;;;130
14535;201500016120;15;6;11;1735;1;1;1;1;3;117;ROUTE NATIONALE 113 - CA;;;;130
14536;201500016121;15;6;15;1400;1;1;1;1;2;117;ROUTE NATIONALE 113-L'AN;;;;130
14537;201500016122;15;6;22;1630;1;1;2;1;3;117;GLACIERE ( RUE DE LA );M;4342324.0;524108.0;130
14538;201500016123;15;6;23;1920;1;1;1;1;2;117;ROUTE NATIONALE 113 - AG;M;4346448.0;523199.0;130
14539;201500016124;15;6;29;1645;1;1;3;1;3;71;ROUTE NATIONALE 113 - AG;M;4341586.0;529544.0;130
14540;201500016125;15;6;29;230;3;2;1;1;7;19;AVENUE DE PROVENCE;;;;130
14541;201500016127;15;7;2;1850;1;1;2;1;3;117;D20E;M;4342324.0;524108.0;130
14542;201500016128;15;7;3;1800;1;2;1;1;3;71;ROUTE NATIONALE 113 - VI;;;;130
14543;201500016129;15;7;10;1400;1;1;1;1;1;102;ROUTE NATIONALE 113-L'AN;;;;130
14544;201500016130;15;7;11;1930;1;2;1;1;2;71;VELAUX (CHEMIN);;;;130
14545;201500016131;15;7;13;1830;1;2;1;1;2;117;SALYENS ( AVENUE DES );;;;130
14546;201500016132;15;7;16;650;1;1;9;1;3;71;ROUTE NATIONALE 113 - AG;;;;130
14547;201500016133;15;7;16;1400;1;2;3;1;3;117;GLACIERE ( RUE DE LA );M;4342324.0;524108.0;130
14548;201500016135;15;7;18;1600;1;2;1;1;3;117;DE LATTRE DE TASSIGNY (;;;;130
14549;201500016136;15;7;23;1740;1;1;1;1;6;117;STADIUM (CD9);;;;130
14550;201500016138;15;7;23;1800;1;1;1;1;2;19;D9;;;;130
14551;201500016139;15;7;27;2300;3;1;3;1;1;71;ROUTE NATIONALE 113 - AG;M;4341643.0;527892.0;130
14552;201500016140;15;7;29;1730;1;1;1;1;2;19;ROUTE D'APT;;;;130
14553;201500016141;15;7;31;740;1;1;1;1;5;117;ROUTE NATIONALE 113   CA;;;;130
14554;201500016142;15;8;1;1330;1;2;3;1;3;117;ROUTE NATIONALE 113 - AG;M;4345242.0;523646.0;130
14555;201500016143;15;8;2;1940;1;1;1;1;3;117;ROUTE NATIONALE 113 - CA;;;;130
14556;201500016144;15;8;2;1845;1;1;1;1;4;19;D9;;;;130
14557;201500016145;15;8;5;1115;1;1;3;1;3;71;ROUTE NATIONALE 113 - AG;M;4340856.0;532793.0;130
14558;201500016146;15;8;6;1515;1;2;6;1;7;117;ROUTE NATIONALE 113 - AG;M;4345944.0;523288.0;130
14559;201500016147;15;8;8;1630;1;2;3;1;3;117;MORFELDEN WALLDORF (AVE;M;4345790.0;524190.0;130
14560;201500016148;15;8;10;1000;1;2;1;1;2;117;MARSEILLE ( AVENUE DE );;;;130
14561;201500016149;15;8;10;1600;1;1;1;1;7;117;BERLIN (RUE DE);;;;130
14562;201500016150;15;8;10;1015;1;2;9;1;6;117;PAGNOL ( BOULEVARD MARCE;;;;130
14563;201500016151;15;8;10;2025;2;2;1;1;3;117;45, 8 MAI 1945 (AVENUE);M;4342384.0;527609.0;130
14564;201500016152;15;8;13;1100;1;1;1;1;6;19;AVENUE MARCEL MATTEODA;;;;130
14565;201500016154;15;8;14;1530;1;1;2;1;3;117;DE LATTRE DE TASSIGNY (;M;4342330.0;528372.0;130
14566;201500016155;15;8;15;1600;1;2;1;1;2;117;XX, SALYENS **AVENUE DES;;;;130
14567;201500016156;15;8;16;2350;5;2;1;1;7;117;SALYENS ( AVENUE DES );;;;130
14568;201500016157;15;8;20;1000;1;2;3;1;3;117;KAOLIN ( RUE DU );M;4342255.0;527146.0;130
14569;201500016158;15;8;21;1630;1;1;1;1;6;19;AVENUE RENE CASSIN;;;;130
14570;201500016159;15;8;28;630;1;1;1;1;7;19;D9;;;;130
14571;201500016160;15;8;29;1050;1;1;1;1;5;71;3570, ROUTE NATIONALE 36;M;4340260.0;527513.0;130
14572;201500016161;15;7;30;545;5;2;1;1;7;117;ROUCAS ( CORNICHE DU );;;;130
14573;201500016162;15;8;31;1300;1;1;1;1;7;117;STADIUM (CD9);;;;130
14574;201500016163;15;9;1;1815;1;2;1;1;2;19;545, ROUTE DE RANS;M;4342983.0;538265.0;130
14575;201500016164;15;9;2;1615;1;1;4;1;2;117;CD 9 ESTROUBLANS;M;4342664.0;526337.0;130
14576;201500016165;15;9;1;1720;1;1;1;1;4;71;2057, ROUTE NATIONALE 11;M;4340755.0;529545.0;130
14577;201500016167;15;9;7;1800;1;1;1;1;7;117;STADIUM (CD9);;;;130
14578;201500016168;15;9;8;1910;1;1;1;1;1;19;D60;;;;130
14579;201500016169;15;9;8;2100;3;1;1;1;7;117;ROUTE NATIONALE 113 - CA;;;;130
14580;201500016170;15;9;10;640;2;2;1;1;3;117;28 Boulevard de l'Europe;M;4343596.0;524206.0;130
14581;201500016171;15;9;10;730;1;1;1;1;3;71;PLAN DES PENNE ( CHEMIN;;;;130
14582;201500016172;15;9;10;1400;1;1;1;1;3;71;CD 6;;;;130
14583;201500016173;15;9;11;1805;1;2;1;1;2;71;ROUTE NATIONALE 368 (VIL;M;0.0;0.0;130
14584;201500016174;15;9;4;1130;1;1;6;1;1;54;rond point des lavandes;M;4342324.0;523714.0;130
14585;201500016175;15;9;18;750;1;1;1;1;2;71;ROUTE NATIONALE 113 - RE;;;;130
14586;201500016176;15;9;19;1356;1;1;2;1;1;71;RD 543;M;4341851.0;536649.0;130
14587;201500016177;15;9;23;1045;1;1;1;1;1;19;ROUTE DES QUINSOUN;;;;130
14588;201500016178;15;9;24;1730;1;2;1;1;2;71;14, MITTERRAND (AVENUE F;M;4337708.0;535287.0;130
14589;201500016179;15;9;24;2330;5;1;1;1;2;117;ROUTE NATIONALE 113-L'AN;;;;130
14590;201500016181;15;9;25;1215;1;2;2;1;2;117;GLACIERE ( RUE DE LA );M;4342323.0;524108.0;130
14591;201500016182;15;9;25;1500;1;2;3;1;3;117;GLACIERE ( RUE DE LA );M;4342324.0;524108.0;130
14592;201500016183;15;9;27;515;3;1;1;1;6;117;CHEMIN DEPARTEMENTAL 9 (;;;;130
14593;201500016184;15;9;27;1305;1;1;1;1;1;117;SEYSSAUD*( RUE RENE );;;;130
14594;201500016185;15;9;28;1100;1;1;1;1;2;71;PTT GAVOTTE (RN 113);;;;130
14595;201500016186;15;9;29;1325;1;2;3;1;1;19;D9;M;4345873.0;533270.0;130
14596;201500016187;15;9;30;1800;1;1;1;1;2;117;ROUTE NATIONALE 113-L'AN;;;;130
14597;201500016188;15;10;2;1650;1;2;1;1;6;117;SALYENS ( AVENUE DES );;;;130
14598;201500016189;15;10;2;2100;3;1;1;1;7;117;0, EUROCOPTER CD 20;M;4343766.0;523512.0;130
14599;201500016191;15;10;2;1200;1;1;1;1;3;71;PLAN DE CAMPAGNE (AVE. D;;;;130
14600;201500016192;15;10;5;1325;1;2;1;1;6;71;VAL SEC ( CHEMIN DE );;;;130
14601;201500016193;15;10;6;1906;2;2;1;1;6;117;RHIN DANUBE ( AVENUE );;;;130
14602;201500016195;15;10;8;1925;2;1;3;1;3;117;ROUTE DEPARTEMENTALE 20;M;4342324.0;524108.0;130
14603;201500016196;15;10;10;100;5;1;1;1;2;117;CD 9 ESTROUBLANS;M;4342700.0;525320.0;130
14604;201500016197;15;10;8;1405;1;2;1;1;3;19;CD6;;;;130
14605;201500016198;15;10;12;1110;1;1;9;2;3;71;ROUTE NATIONALE 113 - AG;;;;130
14606;201500016199;15;10;19;830;1;1;1;2;1;19;ROUTE D'APT;;;;130
14607;201500016200;15;10;19;600;3;2;1;1;6;117;CHEMIN DEPARTEMENTAL CD;;;;130
14608;201500016201;15;10;19;1030;1;1;1;8;6;117;CD 9 ESTROUBLANS;M;4342700.0;525320.0;130
14609;201500016202;15;10;23;945;1;2;6;1;3;71;PLAN DE CAMPAGNE;;;;130
14610;201500016203;15;10;23;1300;1;1;1;1;1;117;EUROCOPTER CD 20;;;;130
14611;201500016204;15;10;24;1230;1;2;6;1;3;71;ROUTE NATIONALE 368 (VIL;;;;130
14612;201500016205;15;10;26;1250;1;1;1;1;2;71;489, ROUTE NATIONALE 368;M;4340832.0;531381.0;130
14613;201500016206;15;10;26;1625;1;1;2;1;3;117;LONDRES (AVENUE DE);M;4342732.0;523570.0;130
14614;201500016207;15;10;29;1800;2;2;1;1;6;117;PADOVANI ( AVE );;;;130
14615;201500016208;15;10;29;1645;1;2;6;1;1;117;DAUDET ( AVENUE ALPHONSE;M;4345600.0;524283.0;130
14616;201500016210;15;10;31;755;1;2;6;1;6;117;DROITS DE L'HOMME (ROND;;;;130
14617;201500016211;15;10;31;1450;1;1;2;1;3;117;GLACIERE ( RUE ***;M;4342323.0;524109.0;130
14618;201500016213;15;11;3;900;1;1;1;8;7;117;BAOU (QUARTIER DU PONT D;;;;130
14619;201500016214;15;11;3;1000;1;1;1;8;7;117;CD 9 ESTROUBLANS;M;4342700.0;525320.0;130
14620;201500016215;15;11;4;2110;5;1;3;1;1;117;MARSEILLE ( AVENUE DE );M;4345215.0;525127.0;130
14621;201500016216;15;11;5;820;1;1;1;1;2;71;POURRANQUE ( CHEMIN DE L;;;;130
14622;201500016217;15;11;5;1030;1;2;1;1;2;117;DROITS DE L'HOMME (AVENU;;;;130
14623;201500016218;15;11;5;1130;1;2;1;1;3;71;489, ROUTE NATIONALE 368;M;4340835.0;531406.0;130
14624;201500016219;15;11;5;1845;5;1;1;1;2;117;CD 9 ESTROUBLANS;M;4342700.0;525320.0;130
14625;201500016221;15;11;6;745;1;2;1;1;6;117;RHIN DANUBE * AVENUE );M;4342459.0;527175.0;130
14626;201500016222;15;11;7;1920;5;2;1;1;6;19;AVENUE DE PROVENCE;;;;130
14627;201500016224;15;11;12;700;2;1;1;1;1;117;CD 9 ESTROUBLANS;M;4342700.0;525320.0;130
14628;201500016225;15;11;16;1400;1;2;1;1;2;117;ANCIENS COMBATTANTS D'IN;M;4344433.0;524585.0;130
14629;201500016226;15;11;18;700;1;2;6;1;3;117;EUROPE (AVENUE DE L');M;4343434.0;524264.0;130
14630;201500016227;15;11;19;1130;1;2;1;1;4;71;6, MITTERRAND (AVENUE FR;M;4337498.0;535403.0;130
14631;201500016228;15;11;20;615;1;1;2;1;1;117;LONDRES (AVENUE DE);M;4342689.0;523472.0;130
14632;201500016229;15;11;15;1135;1;1;6;1;3;19;D9;M;4347846.0;535608.0;130
14633;201500016230;15;11;21;1000;1;1;1;1;6;117;LA BASTIDE BLANCHE CD 9;M;4342775.0;526745.0;130
14634;201500016231;15;11;25;900;1;2;6;1;3;71;Route de Calas, 13170 Le;M;4342002.0;536667.0;130
14635;201500016232;15;11;18;1715;1;2;3;1;3;117;LONDRES (AVENUE DE);M;4342693.0;523472.0;130
14636;201500016233;15;11;26;945;1;2;3;1;3;117;GLACIERE ( RUE DE LA );M;4342324.0;524108.0;130
14637;201500016234;15;11;26;1540;1;2;1;6;6;117;SALYENS ( AVENUE DES );;;;130