;Num_Acc;an;mois;jour;hrmn;lum;agg;int;atm;col;com;adr;gps;lat;long;dep
14638;201500016235;15;11;26;1645;1;2;1;1;3;19;CD6;;;;130
14639;201500016236;15;11;27;740;2;2;1;1;2;117;54, EUROPE ( AVENUE DE L;M;4342792.0;524966.0;130
14640;201500016237;15;11;30;1950;5;2;2;1;3;117;SALYENS ( AVENUE DES );M;4343924.0;525563.0;130
14641;201500016238;15;12;1;900;1;1;1;1;2;117;ROUTE NATIONALE 113-L'AN;;;;130
14642;201500016239;15;12;1;1235;1;2;6;1;1;117;CLINIQUE;M;4342711.0;527131.0;130
14643;201500016241;15;12;3;1415;1;1;1;1;7;117;ROUTE NATIONALE 113 - AG;;;;130
14644;201500016242;15;12;5;1150;1;1;1;2;7;71;1, ROUTE NATIONALE 113 -;;;;130
14645;201500016243;15;12;5;430;5;1;1;1;6;117;, ROUTE NATIONALE 113 -;;;;130
14646;201500016244;15;12;6;1000;1;1;1;1;6;19;D9;;;;130
14647;201500016246;15;12;6;1715;2;1;1;1;6;117;STADIUM (CD9);M;4344344.0;529685.0;130
14648;201500016247;15;12;8;1740;5;2;1;2;7;117;ROUCAS ( CORNICHE DU );;;;130
14649;201500016248;15;12;9;1900;3;1;1;1;6;117;STADIUM (CD9);M;4344356.0;529700.0;130
14650;201500016249;15;12;11;1505;1;2;6;1;6;117;GELU  ( AVENUE VICTOR );M;4344622.0;524798.0;130
14651;201500016250;15;12;13;530;5;1;1;2;6;71;PLAN DE CAMPAGNE (AVE. D;M;4341520.0;535137.0;130
14652;201500016251;15;12;17;1630;1;2;2;1;3;117;x, LONDRES (AVENUE DE);M;4342689.0;523472.0;130
14653;201500016252;15;12;17;1610;1;2;2;1;3;71;VIEILLE ROUTE DE LA GAVO;M;4339326.0;534109.0;130
14654;201500016253;15;12;17;1715;5;2;1;1;3;117;28, EUROPE (AVENUE DE L';M;4343663.0;524190.0;130
14655;201500016254;15;12;18;1910;1;1;1;1;6;19;AVENUE ALBERT MANOUKIAN;;;;130
14656;201500016255;15;12;20;540;5;2;1;1;6;117;BOULANGER (MAGASIN) - AV;;;;130
14657;201500016256;15;12;21;1525;1;1;1;1;2;71;RD 543;;;;130
14658;201500016257;15;12;22;1500;1;1;1;1;2;19;CD6;;;;130
14659;201500016259;15;12;25;2340;5;2;1;1;6;117;ANCIENS COMBATTANTS D'IN;M;4344433.0;524585.0;130
14660;201500016260;15;12;24;1730;4;1;1;1;1;117;;;;;130
14661;201500016261;15;12;26;2020;5;1;2;1;2;71;VERSAILLES (ROND POINT D;M;4340944.0;532509.0;130
14662;201500016262;15;12;29;1545;1;2;1;1;2;71;2103, ROUTE NATIONALE 11;M;4340753.0;529503.0;130
14663;201500016263;15;12;30;1515;1;1;1;1;7;71;CHEMIN DEPARTEMENTAL 6 (;;;;130
14664;201500016264;15;12;31;1045;1;1;1;8;6;71;QUICK (CD6);M;4341874.0;536156.0;130
14665;201500016265;15;1;30;1500;1;1;1;1;3;266;;M;4790246.0;736923.0;680
14666;201500016266;15;2;8;2045;3;1;1;1;3;82;;M;4786924.0;738956.0;680
14667;201500016268;15;2;13;745;1;1;1;5;4;295;;M;4801489.0;737516.0;680
14668;201500016269;15;2;19;1345;1;1;1;1;2;82;;M;4788004.0;738321.0;680
14669;201500016270;15;2;24;1545;1;1;1;1;2;82;;M;4790444.0;736804.0;680
14670;201500016271;15;2;26;1515;1;1;1;1;6;252;;M;4813768.0;736477.0;680
14671;201500016272;15;3;2;1630;1;1;1;1;2;295;;M;4798151.0;737505.0;680
14672;201500016273;15;3;20;715;1;1;1;1;6;22;;M;4783971.0;739435.0;680
14673;201500016274;15;4;9;815;1;1;1;1;4;37;;M;4796472.0;736977.0;680
14674;201500016275;15;4;12;2015;3;1;1;1;7;242;;M;4797623.0;737340.0;680
14675;201500016276;15;5;10;2345;3;1;1;1;3;82;;M;4787870.0;738398.0;680
14676;201500016277;15;5;11;1400;1;1;1;1;5;252;;M;4814802.0;736918.0;680
14677;201500016279;15;6;6;615;1;1;1;1;2;228;;M;4792946.0;735973.0;680
14678;201500016280;15;6;10;1400;1;1;6;1;6;66;;M;4812063.0;726724.0;680
14679;201500016281;15;6;15;815;1;1;1;2;2;37;;M;4795766.0;736752.0;680
14680;201500016282;15;6;26;930;1;1;1;1;6;66;;M;4806271.0;738177.0;680
14681;201500016283;15;7;2;1245;1;1;1;1;2;295;;M;4801462.0;737525.0;680
14682;201500016285;15;8;16;1415;1;1;1;8;6;82;;M;4784379.0;739447.0;680
14683;201500016286;15;8;20;1830;1;1;1;1;2;66;;M;4804004.0;737088.0;680
14684;201500016287;15;9;12;245;3;1;1;1;7;295;;M;4802189.0;737245.0;680
14685;201500016288;15;9;17;1245;1;1;1;3;3;113;;M;4817543.0;737878.0;680
14686;201500016290;15;10;13;645;2;1;1;1;3;82;;M;4787174.0;738803.0;680
14687;201500016291;15;10;31;2030;3;1;1;5;6;22;;M;4781756.0;739287.0;680
14688;201500016292;15;11;20;1145;1;1;1;2;2;66;;M;4806085.0;737989.0;680
14689;201500016293;15;12;26;1115;1;1;3;1;3;295;;M;4799784.0;737974.0;680
14690;201500016295;15;1;19;2145;3;1;1;1;6;143;;M;4872700.0;210700.0;780
14691;201500016296;15;3;12;1630;1;1;1;1;6;356;;M;4875100.0;207500.0;780
14692;201500016297;15;9;16;1500;1;1;1;6;7;356;;M;4875500.0;203100.0;780
14693;201500016298;15;7;2;1800;1;1;1;7;1;472;;M;0.0;0.0;330
14694;201500016299;15;1;27;915;1;1;1;1;5;183;;M;4769100.0;48900.0;720
14695;201500016300;15;3;31;1715;1;1;1;1;7;320;;M;4804400.0;14600.0;720
14696;201500016301;15;4;19;1400;1;1;1;1;7;58;;M;4801500.0;28500.0;720
14697;201500016302;15;7;10;1730;1;2;1;1;3;146;route nationale;M;4788300.0;13200.0;720
14698;201500016304;15;7;23;1745;1;1;1;1;1;364;;M;0.0;0.0;720
14699;201500016305;15;8;3;1630;1;1;1;1;6;115;;M;0.0;0.0;720
14700;201500016306;15;8;29;945;1;1;1;1;5;320;;M;4805300.0;16100.0;720
14701;201500016307;15;9;13;1615;1;1;1;1;6;221;;M;0.0;0.0;720
14702;201500016308;15;9;25;1415;1;1;1;1;6;85;;M;0.0;0.0;720
14703;201500016309;15;10;3;1745;1;1;1;1;7;299;;M;0.0;0.0;720
14704;201500016310;15;11;2;1900;4;1;1;1;3;320;;M;0.0;0.0;720
14705;201500016311;15;12;5;530;3;1;1;1;7;129;;M;4805900.0;33900.0;720
14706;201500016312;15;3;8;1445;1;1;1;1;3;145;;M;0.0;0.0;720
14707;201500016313;15;3;20;845;1;1;1;1;7;111;;M;0.0;0.0;720
14708;201500016314;15;4;15;800;1;2;6;1;1;320;BOULEVARD DE MAULE;M;4806500.0;15700.0;720
14709;201500016315;15;5;29;1700;1;1;1;1;1;351;;M;4810900.0;-13300.0;720
14710;201500016316;15;7;10;1015;1;1;1;1;3;157;;M;4809500.0;7600.0;720
14711;201500016317;15;7;29;245;3;1;1;1;7;334;;M;4818200.0;-15200.0;720
14712;201500016318;15;8;21;1900;1;1;1;1;1;119;;M;4810300.0;7800.0;720
14713;201500016319;15;8;22;1030;1;1;1;1;7;1;;M;0.0;0.0;720
14714;201500016320;15;10;4;1830;1;1;1;2;2;256;;M;4815000.0;-5500.0;720
14715;201500016322;15;12;10;245;3;2;1;5;6;219;8 RUE ROCHEREAU;M;0.0;0.0;720
14716;201500016323;15;12;15;145;3;1;1;2;7;216;;M;0.0;0.0;720
14717;201500016324;15;12;20;1730;3;1;1;2;5;24;;M;4811000.0;15500.0;720
14718;201500016325;15;3;23;745;1;2;1;1;6;394;AV MARCEL PERRIN;M;4906370.0;218610.0;950
14719;201500016326;15;10;15;1135;1;2;1;1;3;394;R DE PONTOISE;M;4906280.0;218330.0;950
14720;201500016327;15;6;24;1415;1;1;1;1;1;233;;M;0.0;0.0;720
14721;201500016329;15;8;8;1900;1;1;1;1;6;380;;M;0.0;0.0;720
14722;201500016330;15;9;7;1715;1;1;1;1;6;254;;M;0.0;0.0;720
14723;201500016331;15;1;21;630;3;1;1;4;6;292;;M;4730547.0;-60763.0;490
14724;201500016333;15;2;5;2000;5;1;1;1;6;22;;M;4732660.0;-60422.0;490
14725;201500016334;15;2;6;545;3;1;1;1;7;74;;M;4716754.0;-80661.0;490
14726;201500016336;15;6;28;2115;1;1;1;1;7;99;;M;4701341.0;-88405.0;490
14727;201500016337;15;7;6;1815;1;1;1;1;2;99;;M;4707813.0;-82572.0;490
14728;201500016338;15;7;29;1430;1;1;1;1;7;92;;M;4724412.0;-67818.0;490
14729;201500016339;15;8;14;1615;1;1;1;1;1;191;;M;4722136.0;-45466.0;490
14730;201500016340;15;8;17;530;3;1;1;1;6;281;;M;4717751.0;-78700.0;490
14731;201500016341;15;8;22;1130;1;1;1;1;7;92;;M;4724210.0;-72215.0;490
14732;201500016342;15;11;18;1815;3;1;1;2;5;246;;M;4740966.0;-50820.0;490
14733;201500016343;15;11;20;715;1;1;1;3;7;137;;M;4724067.0;-105151.0;490
14734;201500016344;15;12;21;1600;1;1;1;1;6;40;;M;4734953.0;-109542.0;490
14735;201500016345;15;1;28;1130;1;1;2;2;3;267;LES OURMEYROUX;M;4473070.0;42497.0;240
14736;201500016346;15;5;1;1130;1;1;1;2;3;433;FONT DU LOUP;M;4471700.0;42647.0;240
14737;201500016347;15;5;14;715;1;1;1;1;6;167;L'ESCOUSSOU;M;4465820.0;39248.0;240
14738;201500016348;15;12;24;1700;2;1;1;1;1;331;LA PEZE;M;4481450.0;41996.0;240
14739;201500016351;15;6;8;415;2;2;1;1;1;375;MOINEAU RUE;M;4780074.0;727708.0;680
14740;201500016352;15;6;13;830;1;2;1;1;3;375;123 Rue de Reiningue;M;4779236.0;782856.0;680
14741;201500016354;15;10;20;1645;1;1;9;8;4;375;;M;4777700.0;722800.0;680
14742;201500016356;15;1;30;1615;1;1;1;2;6;287;;M;4536220.0;194764.0;190
14743;201500016357;15;8;28;230;3;1;1;8;6;81;LA REBEYROTTE;M;4535400.0;196895.0;190
14744;201500016358;15;9;11;1615;1;1;1;1;5;146;TINTIGNAC;M;4533420.0;175505.0;190
14745;201500016359;15;10;4;1715;1;1;1;1;6;143;ROUTE DE LEPINA;M;4535980.0;198478.0;190
14746;201500016360;15;12;17;1145;1;1;1;1;1;255;DÉVIATION SEILHAC;M;4536220.0;170734.0;190
14747;201500016361;15;12;25;1215;1;1;3;1;1;85;LA GANOTTE;M;4533530.0;191961.0;190
14748;201500016362;15;5;2;1500;1;2;1;1;3;83;CROISEMENT D953/D853;M;0.0;0.0;670
14749;201500016363;15;5;1;130;3;1;1;3;6;176;;M;0.0;0.0;670
14750;201500016364;15;6;10;2130;2;1;1;1;6;324;;M;0.0;0.0;670
14751;201500016365;15;6;22;1415;1;1;1;2;6;558;;M;0.0;0.0;670
14752;201500016366;15;7;24;930;1;1;1;1;1;83;PV,SENS DAMBAC-NEUHOFFEN;M;0.0;0.0;670
14753;201500016367;15;8;11;1000;1;1;1;1;1;498;PV;M;0.0;0.0;670
14754;201500016368;15;9;6;1300;1;1;1;1;3;324;;M;0.0;0.0;670
14755;201500016369;15;10;4;1545;1;1;1;1;1;536;;M;0.0;0.0;670
14756;201500016371;15;11;24;1745;3;1;1;1;6;498;;M;0.0;0.0;670
14757;201500016373;15;2;24;1347;1;2;1;1;6;118;162, LEROY (BOULEVARD);M;4917450.0;-33893.0;140
14758;201500016374;15;1;5;1645;1;2;6;1;6;327;0, VALEUSE (AVENUE DE LA;M;4920290.0;-34033.0;140
14759;201500016376;15;3;8;750;2;1;1;1;6;341;ROUTE NATIONALE 814;M;4914780.0;-35331.0;140
14760;201500016377;15;1;9;710;3;2;1;3;6;167;1, CD N?  513;M;4920210.0;-28973.0;140
14761;201500016378;15;3;25;1330;1;2;3;7;1;118;0, POILUS D'ORIENT (RUE;M;4918420.0;-38495.0;140
14762;201500016379;15;1;12;1810;5;2;6;1;6;167;0, CD N?  513;M;4919120.0;-30076.0;140
14763;201500016380;15;3;31;2035;1;2;3;1;6;118;0, GUILLOU (BOULEVARD YV;M;4917220.0;-37831.0;140
14764;201500016381;15;1;13;715;5;2;2;2;3;301;0, PASTEUR (RUE);M;4918040.0;-28110.0;140
14765;201500016383;15;1;12;1010;1;1;1;1;4;137;1, CAUMONT (ROUTE DE );M;4918460.0;-45444.0;140
14766;201500016384;15;12;11;1915;5;2;1;1;6;118;CD 405;;;;140
14767;201500016385;15;4;8;910;1;2;1;7;6;118;51, CLEMENCEAU (AVENUE G;M;4918830.0;-35103.0;140
14768;201500016386;15;1;16;540;5;2;1;1;7;437;TOURVILLE (AVENUE DE);;;;140
14769;201500016387;15;4;13;1245;1;2;1;1;2;118;1, COURSEULLES (AVENUE D;M;4920510.0;-37584.0;140
14770;201500016389;15;4;30;1605;1;2;1;1;6;101;63, BRETAGNE (ROUTE DE );M;4916660.0;-41303.0;140
14771;201500016390;15;1;19;1230;1;2;1;1;6;118;114, GEOLE (RUE DE);M;4918710.0;-36629.0;140
14772;201500016391;15;1;20;1155;1;2;1;1;6;118;0, LIBERTE (PLACE DE LA);M;4916060.0;-34329.0;140
14773;201500016392;15;5;6;1600;1;2;3;1;1;181;0, CHAMPS DE FOIRE (RUE;M;4915500.0;-33664.0;140
14774;201500016393;15;5;12;1350;1;2;2;1;6;118;0, CLEMENCEAU (AVENUE GE;M;4918820.0;-35171.0;140
14775;201500016394;15;1;20;1355;1;2;1;1;2;118;68, VAUGUEUX (RUE DU);M;4918710.0;-36024.0;140
14776;201500016395;15;5;12;1930;1;1;6;7;3;587;0, CD N°  220 (ST GERMAI;M;4919980.0;-41312.0;140
14777;201500016396;15;1;21;1405;1;2;1;1;6;118;45, LECLERC (BOULEVARD M;M;4918160.0;-36101.0;140
14778;201500016397;15;5;18;1150;1;2;1;1;6;101;134, BRETAGNE (ROUTE DE;M;4916560.0;-41614.0;140
14779;201500016399;15;5;19;1820;1;2;1;1;6;341;10, POMME D'OR (RUE DE L;M;4916000.0;-35759.0;140
14780;201500016400;15;2;6;1510;1;2;1;1;6;271;49, HARCOURT (ROUTE D');M;4915590.0;-36923.0;140
14781;201500016401;15;2;9;1050;1;2;1;1;6;327;0, GRANDE CAVEE (AVENUE;M;4920270.0;-33678.0;140
14782;201500016402;15;5;23;1040;1;2;1;1;6;118;164, CAPONIERE (RUE >= 1;M;4917800.0;-38052.0;140
14783;201500016403;15;5;24;1840;1;2;1;1;6;327;7, BERLIN (AVENUE DE);M;4920160.0;-33726.0;140
14784;201500016404;15;5;26;1520;1;2;3;1;3;341;CHEMIN VERT (RUE DU);M;4915750.0;-34761.0;140
14785;201500016405;15;6;2;1700;1;2;1;1;6;167;5, LIBERTE (AVENUE DE LA;M;4920370.0;-29690.0;140
14786;201500016406;15;6;4;2305;5;2;2;1;3;118;0, GUILLOU (BOULEVARD YV;M;4917720.0;-36720.0;140
14787;201500016407;15;6;10;805;1;2;3;7;6;118;05/01/2015, DEMPSEY (RUE;M;4919900.0;-39071.0;140
14788;201500016408;15;6;11;850;1;2;1;1;6;118;0, GUILLOU (BOULEVARD YV;M;4917340.0;-38938.0;140
14789;201500016410;15;7;3;2200;2;1;1;1;2;167;COLOMBELLES (ROUTE DE);M;4918980.0;-31243.0;140
14790;201500016411;15;7;19;1950;1;2;3;2;3;437;0, PASTEUR (RUE);M;4917930.0;-32325.0;140
14791;201500016413;15;7;21;1020;1;2;1;2;6;118;SAINT JEAN (RUE (DE 33 E;M;4918050.0;-35838.0;140
14792;201500016414;15;8;22;1425;1;1;3;1;3;118;66, DUNOIS (BOULEVARD);;;;140
14793;201500016416;15;8;1;1915;1;2;2;1;3;118;0, CLEMENCEAU (AVENUE GE;M;4919060.0;-34267.0;140
14794;201500016418;15;9;1;1438;1;1;1;1;3;101;ECHANGEUR N° 9 ( PORTE D;M;4918230.0;-42603.0;140
14795;201500016419;15;9;4;1630;1;2;2;1;1;437;1958, SOURCES (RUE DES);M;4918620.0;-33328.0;140
14796;201500016420;15;9;14;1600;1;2;1;1;6;118;0, FOUCAULD (AVENUE PERE;M;4916210.0;-35450.0;140
14797;201500016421;15;9;15;1810;1;2;2;1;3;221;0, PAPIN (RUE DENIS );M;4917040.0;-26585.0;140
14798;201500016422;15;9;11;1620;1;1;1;1;6;118;0, DAMOZANE (RUE);;;;140
14799;201500016423;15;7;15;1810;1;2;1;1;6;118;0, LEROY (BOULEVARD);M;4917310.0;-34399.0;140
14800;201500016424;15;9;25;220;3;1;1;8;6;215;0, CD N°  226 (DE COLOMB;M;4919120.0;-25772.0;140
14801;201500016425;15;9;20;810;1;1;6;5;6;437;RD N° 613;M;4915710.0;-28508.0;140
14802;201500016426;15;9;21;1830;1;2;1;1;6;118;0, CHEMIN VERT (RUE DU <;;;;140
14803;201500016427;15;9;23;2138;5;2;1;1;2;118;, AUGE (RUE D');M;4917500.0;-35150.0;140
14804;201500016428;15;9;8;630;4;2;1;1;6;118;66, BOUDIN (RUE EUGENE);M;4919400.0;-38268.0;140
14805;201500016429;15;9;28;725;2;2;3;1;3;118;0, MOULIN (BOULEVARD JEA;M;4919200.0;-37509.0;140
14806;201500016430;15;9;29;840;1;2;6;7;6;167;0, BRIAND (PLACE ARISTID;M;4920350.0;-30245.0;140
14807;201500016431;15;7;17;1110;1;2;2;1;3;118;JUIN (BOULEVARD MARECHAL;M;4919680.0;-39677.0;140
14808;201500016432;15;7;17;2220;5;2;2;1;3;327;0, GAULLE (AVENUE DU GEN;M;4921260.0;-34202.0;140
14809;201500016433;15;8;19;1530;1;2;1;1;6;118;0, SANSON ( RUE DU PERE);M;4919620.0;-36811.0;140
14810;201500016434;15;7;15;1715;1;2;2;1;6;118;0, ORATOIRE (RUE DE L');M;4918080.0;-36049.0;140
14811;201500016435;15;9;6;2230;5;2;1;1;1;215;58, LIBERTE ( RUE DE LA;M;4918690.0;-26936.0;140
14812;201500016436;15;10;4;1;3;2;1;1;6;437;PERIPHERIQUE SUD (BOULEV;M;4916120.0;-30845.0;140
14813;201500016437;15;10;18;1345;1;2;2;1;3;271;0, HARCOURT (ROUTE D');M;4914500.0;-37386.0;140
14814;201500016438;15;11;2;1815;5;2;1;1;6;118;42, DUNOIS (BOULEVARD);M;4918680.0;-38102.0;140
14815;201500016439;15;11;5;700;5;2;2;2;6;118;0, CHURCHILL (PONT);M;4917770.0;-35272.0;140
14816;201500016440;15;11;10;1210;1;2;1;1;1;118;0, CD 405;;;;140
14817;201500016441;15;11;1;1400;1;2;2;7;3;30;0, CANADIENS (PLACE DES;M;4920660.0;-43129.0;140
14818;201500016442;15;10;26;1356;1;2;1;1;2;437;0, RD N° 613;M;4916430.0;-30632.0;140
14819;201500016443;15;10;31;2100;3;1;1;1;2;118;0, RN 814;;;;140
14820;201500016444;15;11;26;450;4;2;3;1;3;118;0, MOULIN (BOULEVARD JEA;M;4919590.0;-37530.0;140
14821;201500016445;15;11;24;1900;5;2;3;1;3;118;0, JUIN (BOULEVARD MAREC;M;4919680.0;-39677.0;140
14822;201500016448;15;12;8;740;5;1;6;2;6;271;0, QUADRANT (RUE DU);M;4913950.0;-37727.0;140
14823;201500016449;15;12;9;1751;5;2;6;1;3;118;0, MARIE (RUE ARMAND);M;4916570.0;-35991.0;140
14824;201500016450;15;12;20;925;1;2;2;1;3;137;0, GRANDE PLAINE (AVENUE;;;;140
14825;201500016451;15;12;22;1915;5;2;3;1;3;118;0, JUIN (BOULEVARD MAREC;;;;140
14826;201500016452;15;11;19;1655;1;2;1;1;6;118;7, CARNOT (RUE SADI);M;4917940.0;-36285.0;140
14827;201500016453;15;12;28;1330;1;2;3;1;3;118;0, GAMBETTA (PLACE);;;;140
14828;201500016454;15;11;20;1100;1;2;3;2;3;437;0, ZOLA (RUE EMILE);M;4917290.0;-32200.0;140
14829;201500016455;15;8;30;1855;1;2;3;1;3;437;;M;4918080.0;-32636.0;140
14830;201500016456;15;2;16;1530;1;1;2;1;3;547;;M;0.0;0.0;310
14831;201500016457;15;5;16;1730;1;2;1;1;2;547;route de MURET;M;4349235.0;131391.0;310
14832;201500016458;15;6;6;2145;2;1;1;1;7;65;route de rieumes;M;0.0;0.0;310
14833;201500016459;15;12;30;1545;1;1;1;1;3;547;RTE DE LABASTIDETTTE;M;4349360.0;129778.0;310
14834;201500016460;15;2;21;1315;1;2;1;9;6;225;1, PORT (RUE DU);;;;140
14835;201500016461;15;3;7;1400;1;2;6;1;3;117;CHARLES DE GAULLE (AVENU;M;4928710.0;-12623.0;140
14836;201500016462;15;3;17;1915;2;2;1;1;3;225;DISTILLERIE (RUE DE LA);M;4928440.0;-10861.0;140
14837;201500016463;15;3;27;1200;1;2;6;1;2;225;GAULLE (RUE DU GAL);M;4928510.0;-10813.0;140
14838;201500016464;15;4;24;1005;1;2;1;1;6;225;28, RESISTANTS (AVENUE D;;;;140
14839;201500016465;15;5;1;2240;5;2;2;1;3;225;, BRETAGNE (RUE DE);;;;140
14840;201500016466;15;5;29;2020;1;2;6;2;7;225;LISIEUX (ROUTE DE);M;4928660.0;-8970.0;140
14841;201500016467;15;6;3;1455;1;2;2;1;3;117;TROARN (AVENUE DE);;;;140
14842;201500016468;15;6;3;1900;1;2;1;1;6;225;11, COTEAUX (ALLEE DES);;;;140
14843;201500016469;15;7;12;310;3;1;1;1;6;305;1266, CORNICHE (ROUTE DE;M;4930430.0;-5776.0;140
14844;201500016470;15;8;1;1621;1;2;1;1;6;117;MARECHAL FOCH (AVENUE DU;;;;140
14845;201500016471;15;8;6;1250;1;1;9;1;3;225;MAURICE THOREZ (BLD);M;4927710.0;-10350.0;140
14846;201500016473;15;9;26;1625;1;2;1;1;2;117;GUILLAUME LE CONQUERANT;;;;140
14847;201500016474;15;10;20;1510;1;2;1;1;2;117;GUILLAUME LE CONQUERANT;;;;140
14848;201500016475;15;11;2;1535;1;2;2;1;3;117;30, GENERAL CASTELNAU (A;;;;140
14849;201500016476;15;11;22;1005;1;2;1;1;6;117;30, ARISITIDE BRIAND (AV;M;4929160.0;-12225.0;140
14850;201500016477;15;12;1;2230;3;1;1;1;6;117;CAEN (ROUTE DE);;;;140
14851;201500016478;15;12;19;2130;5;2;2;1;3;117;GENERAL LECLERC (AVENUE;;;;140
14852;201500016479;15;6;14;2045;1;1;1;1;1;135;;M;4382899.0;459020.0;300
14853;201500016481;15;8;15;1300;1;1;1;1;5;117;;M;4369592.0;458770.0;300
14854;201500016483;15;9;29;1830;1;1;1;1;5;117;;M;4370430.0;456562.0;300
14855;201500016484;15;10;17;1700;1;1;1;1;6;34;;M;4373239.0;446495.0;300
14856;201500016485;15;6;7;1215;1;1;1;7;7;92;;M;4809157.0;628626.0;880
14857;201500016486;15;3;28;2015;5;2;6;2;6;95;place du champ de foire;M;4830305.0;583303.0;880
14858;201500016487;15;6;4;1930;1;2;3;1;1;118;;M;4840363.0;568538.0;880
14859;201500016488;15;5;8;1015;1;1;1;1;6;112;;M;4833768.0;710472.0;880
14860;201500016489;15;7;19;1100;1;2;3;1;3;328;D22;M;4981610.0;474325.0;80
14861;201500016490;15;12;28;1530;1;2;2;1;3;302;rue Etienne DOLET;M;4988520.0;473866.0;80
14862;201500016491;15;1;6;1800;3;1;1;5;1;137;;M;0.0;0.0;80
14863;201500016492;15;4;8;1500;1;2;1;1;6;216;25 grande rue;M;4978844.0;461723.0;80
14864;201500016495;15;7;22;730;1;1;1;1;5;361;;M;4986030.0;462797.0;80
14865;201500016496;15;9;26;1830;2;1;1;1;6;408;;M;4985280.0;465298.0;80
14866;201500016497;15;12;4;1730;5;1;1;1;6;468;;M;4977793.0;445910.0;80
14867;201500016498;15;3;7;1430;1;1;1;1;7;473;;M;4944580.0;410384.0;80
14868;201500016499;15;4;19;230;5;1;1;1;6;239;RD925;M;4939676.0;439349.0;80
14869;201500016500;15;10;15;2030;4;2;1;2;6;39;;M;4945748.0;407928.0;80
14870;201500016501;15;2;15;1515;1;1;1;1;6;192;;M;0.0;0.0;80
14871;201500016502;15;3;20;1015;1;1;1;1;3;449;;M;4969580.0;451823.0;80
14872;201500016503;15;4;2;815;1;1;1;2;6;415;;M;4958590.0;438443.0;80
14873;201500016504;15;10;11;2045;5;2;1;1;6;363;rue victor hugo;M;4994241.0;463753.0;80
14874;201500016505;15;7;22;1200;1;1;5;1;3;226;;M;5010150.0;474071.0;80
14875;201500016506;15;8;9;530;5;1;1;1;6;156;;M;4997800.0;438072.0;80
14876;201500016508;15;2;22;1830;2;1;1;1;6;145;;M;0.0;0.0;80
14877;201500016509;15;3;18;1615;1;1;3;1;2;34;;M;4960876.0;504821.0;80
14878;201500016510;15;8;28;1100;1;1;1;1;1;9;;M;4962990.0;405131.0;80
14879;201500016511;15;11;4;200;3;1;1;1;6;289;;M;4967265.0;514729.0;80
14880;201500016512;15;11;22;2330;5;2;1;1;6;53;Rue Henri Dunant;M;4967623.0;498701.0;80
14881;201500016513;15;11;29;1800;3;1;4;2;1;90;;M;4964470.0;518611.0;80
14882;201500016515;15;5;19;1800;1;2;1;1;6;142;D24;M;4969531.0;487471.0;80
14883;201500016516;15;5;19;1715;1;1;1;1;3;488;;M;4972655.0;483559.0;80
14884;201500016517;15;6;28;545;2;2;1;1;6;357;rue de Raucourt;M;4964942.0;499264.0;80
14885;201500016519;15;11;12;1330;1;2;1;1;6;142;;M;4969827.0;486477.0;80
14886;201500016520;15;11;24;1500;1;1;1;8;6;114;;M;4964000.0;486788.0;80
14887;201500016521;15;2;8;830;1;1;1;9;6;410;;M;4934530.0;457322.0;80
14888;201500016522;15;5;31;1200;1;1;2;1;3;407;;M;4926444.0;473410.0;80
14889;201500016523;15;7;7;730;1;1;1;7;7;431;;M;4935595.0;466339.0;80
14890;201500016524;15;7;27;900;1;1;3;1;3;410;;M;4933750.0;456526.0;80
14891;201500016525;15;8;16;1645;1;2;1;1;2;490;83 rue bournizet;M;4939667.0;469113.0;80
14892;201500016526;15;11;14;1900;5;2;1;2;6;490;Rue Chervin;M;4940420.0;470198.0;80
14893;201500016527;15;11;23;1330;1;1;9;1;7;271;;M;4926440.0;465942.0;80
14894;201500016528;15;11;29;545;5;2;1;2;6;490;Rue BOURNIZET;M;4939579.0;468401.0;80
14895;201500016530;15;12;12;1015;1;1;1;2;7;97;;M;4932050.0;472430.0;80
14896;201500016532;15;11;9;1715;1;2;1;1;3;412;Rue neuve;M;4931050.0;484157.0;80
14897;201500016533;15;1;4;1230;1;1;1;8;6;58;;M;4822090.0;514241.0;520
14898;201500016534;15;1;16;745;5;2;1;2;6;60;rue des capucins;M;4795663.0;574818.0;520
14899;201500016535;15;5;13;815;1;1;1;1;2;332;;M;4799362.0;554675.0;520
14900;201500016536;15;5;24;1930;1;1;1;1;1;60;;M;4794087.0;572709.0;520
14901;201500016538;15;7;20;1430;1;1;1;1;1;242;;M;4782282.0;557450.0;520
14902;201500016539;15;8;9;1600;1;2;1;1;6;400;route de BEAUCHARMOY /RD;M;4800800.0;564900.0;520
14903;201500016540;15;10;20;2115;3;1;1;5;6;135;;M;4790662.0;564405.0;520
14904;201500016541;15;1;18;1615;1;1;1;2;3;1;1880, CD 140;M;4938800.0;27607.0;140
14905;201500016542;15;1;21;805;2;2;1;8;4;536;MONTSAINT (CHARRIERE);M;4940860.0;25147.0;140