;Num_Acc;an;mois;jour;hrmn;lum;agg;int;atm;col;com;adr;gps;lat;long;dep
14906;201500016543;15;4;28;1015;1;2;1;1;6;333;LEPAULMIER (QUAI);;;;140
14907;201500016544;15;5;8;1900;1;2;1;1;6;333;102, SAINT LEONARD (RUE);M;4941690.0;24033.0;140
14908;201500016545;15;5;13;1012;1;2;1;1;6;333;TOUR (QUAI DE LA);;;;140
14909;201500016546;15;5;12;1545;1;2;1;1;3;333;BUQUET (CHEMIN DU);M;4940060.0;24072.0;140
14910;201500016547;15;6;5;1000;1;1;2;1;3;304;CD 579;M;4938240.0;24471.0;140
14911;201500016548;15;6;30;1740;1;2;1;7;2;333;16, LEPAULMIER (QUAI);M;4941870.0;23687.0;140
14912;201500016549;15;7;6;1917;1;1;3;1;3;333;NORMAND (AVENUE AUGUSTIN;M;4941660.0;25943.0;140
14913;201500016550;15;7;15;925;1;2;1;1;6;333;6, MANUEL (COURS ALBERT);;;;140
14914;201500016551;15;8;2;1050;1;2;1;1;6;333;102, SAINT LEONARD (RUE);;;;140
14915;201500016552;15;9;20;1700;1;2;3;1;1;536;10, EGLISE (PLACE DE L');M;4940770.0;27326.0;140
14916;201500016553;15;9;20;1730;1;2;1;1;2;333;62, MANUEL (COURS ALBERT;M;4941130.0;22663.0;140
14917;201500016554;15;11;7;1950;5;2;6;1;6;536;2, FRANCS (RUE DES 4);;;;140
14918;201500016555;15;11;8;1550;1;1;1;1;2;243;CD513;M;4942490.0;21544.0;140
14919;201500016556;15;11;15;1235;1;1;1;1;3;304;CD  579;;;;140
14920;201500016557;15;11;30;1730;5;1;2;1;3;304;CD 579;;;;140
14921;201500016558;15;12;30;1455;1;2;1;1;2;333;JEAN DE VIENNE (COURS);;;;140
14922;201500016559;15;4;24;2000;1;1;1;1;1;216;;M;4779311.0;503329.0;520
14923;201500016560;15;4;10;1530;1;1;1;1;7;265;;M;4855810.0;505056.0;520
14924;201500016561;15;1;15;1745;1;1;1;1;6;512;etrangeère;M;4846087.0;513288.0;520
14925;201500016562;15;7;11;1430;1;2;1;1;3;250;rue de la Madeleine;M;4844470.0;515019.0;520
14926;201500016563;15;6;8;1800;1;1;2;1;3;502;;M;4848102.0;499995.0;520
14927;201500016564;15;9;11;830;1;2;2;1;3;550;rue Charle de Gaulle;M;4850272.0;495695.0;520
14928;201500016565;15;5;16;1000;1;1;1;1;1;16;;M;0.0;0.0;480
14929;201500016566;15;6;16;630;2;1;1;1;1;16;;M;0.0;0.0;480
14930;201500016567;15;6;20;1830;1;1;1;7;6;53;;M;0.0;0.0;480
14931;201500016568;15;8;15;245;3;1;1;1;6;16;;M;0.0;0.0;480
14932;201500016569;15;9;16;1745;1;1;1;1;7;14;;M;0.0;0.0;480
14933;201500016570;15;6;4;915;1;1;1;1;2;43;;M;0.0;0.0;480
14934;201500016571;15;10;18;1730;1;2;1;1;6;105;RUE DES SORBIERS;M;0.0;0.0;480
14935;201500016572;15;11;6;1500;1;2;1;1;6;80;BOULEVARD DE GAULLE;M;0.0;0.0;480
14936;201500016573;15;11;11;1345;1;2;1;1;7;105;D26;M;0.0;0.0;480
14937;201500016574;15;7;26;1230;1;1;1;1;7;116;;M;0.0;0.0;480
14938;201500016575;15;8;9;1030;1;1;1;1;6;162;;M;0.0;0.0;480
14939;201500016576;15;8;17;1400;1;1;1;1;3;75;;M;4438700.0;356700.0;480
14940;201500016577;15;4;18;1500;1;1;1;1;3;168;;M;0.0;0.0;480
14941;201500016579;15;8;5;1715;1;1;1;1;7;107;;M;0.0;0.0;480
14942;201500016580;15;8;7;1715;1;1;1;1;1;18;;M;0.0;0.0;480
14943;201500016581;15;9;7;1015;1;1;1;1;6;32;;M;0.0;0.0;480
14944;201500016582;15;10;9;2330;3;1;1;1;1;103;;M;0.0;0.0;480
14945;201500016583;15;11;9;1045;1;1;1;1;1;55;;M;0.0;0.0;480
14946;201500016584;15;12;18;900;1;1;1;1;1;103;;M;0.0;0.0;480
14947;201500016585;15;1;30;1215;1;1;1;2;3;140;;M;4481300.0;327500.0;480
14948;201500016586;15;6;28;1730;1;1;1;1;3;27;;M;4406739.0;403371.0;300
14949;201500016587;15;5;2;1515;1;1;1;3;3;99;;M;0.0;0.0;370
14950;201500016588;15;3;3;945;1;1;1;2;6;47;LANGENNERIE;M;0.0;0.0;370
14951;201500016589;15;3;6;1930;5;2;2;1;5;167;D938;M;0.0;0.0;370
14952;201500016590;15;3;28;1500;1;2;1;1;6;206;5 ROUTE DES BONSHOMMES;M;0.0;0.0;370
14953;201500016591;15;6;29;700;1;1;2;1;2;139;LA BERNNERIE;M;0.0;0.0;370
14954;201500016592;15;6;29;1215;1;2;3;1;1;55;RUE DES SABLES:DU STADE;M;0.0;0.0;370
14955;201500016593;15;7;25;1645;1;1;1;1;6;217;;M;0.0;0.0;370
14956;201500016594;15;7;31;2050;2;2;1;1;7;182;RUE DU LAVOIR;;;;370
14957;201500016595;15;12;12;1300;1;1;1;8;7;13;;M;0.0;0.0;370
14958;201500016597;15;4;13;845;1;1;1;1;1;267;;M;0.0;0.0;370
14959;201500016598;15;4;22;1530;1;2;2;1;3;79;CARREFOUR  RD 81/RD 40;;;;370
14960;201500016599;15;6;23;645;1;1;2;1;1;267;VERETZ;M;0.0;0.0;370
14961;201500016600;15;10;3;1730;1;2;1;1;7;156;AV GABRIELLE D ESTREE;;;;370
14962;201500016602;15;9;6;1730;1;1;1;1;1;281;;M;0.0;0.0;370
14963;201500016603;15;10;28;1045;1;1;1;1;5;179;LA COUDRIERE;M;0.0;0.0;370
14964;201500016604;15;2;19;2050;5;2;2;3;3;366;53, PONT MORTAIN (RUE);M;4914360.0;22680.0;140
14965;201500016605;15;1;6;1030;1;2;1;1;3;69;12, JEAN XXIII (AVENUE);M;4914120.0;25256.0;140
14966;201500016607;15;1;13;900;1;2;1;2;2;366;66, HERBET FOURNET (BOUL;M;4915370.0;22764.0;140
14967;201500016608;15;2;22;145;3;1;1;2;6;487;R.D 579;M;4918280.0;22718.0;140
14968;201500016609;15;1;31;755;2;2;1;4;6;574;47, D 511;M;4913530.0;20603.0;140
14969;201500016610;15;3;19;1945;2;2;1;2;2;366;GEORGES POMPIDOU (AVENUE;M;4913510.0;22348.0;140
14970;201500016612;15;3;24;1600;1;2;1;1;3;366;68, HENRY CHERON (RUE);M;4914520.0;22390.0;140
14971;201500016613;15;2;5;2340;5;2;1;1;6;366;8, GEORGES POMPIDOU (AVE;M;4913790.0;22330.0;140
14972;201500016614;15;3;26;1600;1;2;3;1;3;366;85, VICTOR HUGO (AVENUE);M;4914400.0;22861.0;140
14973;201500016615;15;2;8;1625;1;2;1;1;6;366;97, HENRY CHERON (RUE);M;4914500.0;22352.0;140
14974;201500016616;15;3;28;1505;1;1;1;1;1;574;0, ASSEMONT (D.182 HEMIN;M;4913550.0;21420.0;140
14975;201500016617;15;4;23;1430;1;1;1;1;7;487;0, MANERBE (ROUTE);M;4917770.0;18860.0;140
14976;201500016618;15;4;25;1425;1;2;2;1;5;366;24, CARNOT (BOULEVARD);M;4914790.0;22496.0;140
14977;201500016619;15;4;28;1200;1;2;3;1;3;366;29, FOURNET (RUE);M;4913810.0;22721.0;140
14978;201500016620;15;4;27;1340;1;2;6;1;3;366;ESPERANCE (CARREFOUR DE;M;4914440.0;26312.0;140
14979;201500016621;15;5;12;1740;1;1;1;1;3;574;710, DIVES (D.45 ROUTE D;M;4915500.0;19854.0;140
14980;201500016622;15;5;15;2300;3;1;1;1;6;574;3335, DIVES (D.45 ROUTE;M;4917510.0;18444.0;140
14981;201500016623;15;5;16;1755;1;2;2;1;3;366;22, HENRY CHERON (RUE);M;4914610.0;22819.0;140
14982;201500016624;15;5;24;50;5;2;1;1;6;366;29, VICTOR HUGO (AVENUE);M;4914470.0;22800.0;140
14983;201500016625;15;5;26;1200;1;2;1;1;6;574;;M;4913950.0;20459.0;140
14984;201500016626;15;5;28;1625;1;2;1;1;6;366;30, ROGER AINI (RUE);M;4914360.0;24773.0;140
14985;201500016627;15;6;3;1800;1;2;1;1;6;366;7, SAINTE ANNE (BOULEVAR;M;4914290.0;22663.0;140
14986;201500016628;15;6;12;1345;1;1;2;2;6;574;890, ASSEMONT (D.182 HEM;M;4913650.0;21510.0;140
14987;201500016629;15;6;29;1640;1;2;3;1;2;366;1, HENRI PAPIN;M;4914150.0;21358.0;140
14988;201500016630;15;7;2;1745;1;2;6;1;2;366;ESPERANCE (CARREFOUR DE;M;4914440.0;26312.0;140
14989;201500016631;15;7;11;1550;1;1;1;1;1;487;R.D 579;M;4919150.0;22819.0;140
14990;201500016632;15;7;24;1930;1;2;6;1;3;366;28, SIX JUIN (AVENUE DU);;;;140
14991;201500016634;15;8;1;940;1;2;1;1;3;366;118, WINSTON CHURCHILL (;M;4914640.0;25682.0;140
14992;201500016635;15;8;8;1440;1;2;1;1;6;366;8, FOURNET (PLACE);M;4914090.0;22708.0;140
14993;201500016636;15;8;8;1250;1;2;3;1;2;366;0, GENERAL LECLERC (RUE;M;4915100.0;22407.0;140
14994;201500016637;15;8;11;1130;1;2;1;1;6;366;AUGUSTIN FRESNEL;M;4914420.0;26838.0;140
14995;201500016638;15;8;27;1755;1;1;1;2;6;366;D.613 ( LISIEUX);M;4913070.0;23300.0;140
14996;201500016639;15;9;9;1830;1;2;3;1;3;366;17, ROGER AINI (RUE);M;4914480.0;23586.0;140
14997;201500016640;15;9;9;1930;1;1;1;1;7;574;D.613 ( SAINT DESIR);M;4913860.0;19378.0;140
14998;201500016641;15;9;11;2110;5;2;3;1;3;366;83, CITE JARDIN (RUE DE;;;;140
14999;201500016642;15;9;17;1525;1;2;2;2;3;366;1, SIX JUIN (AVENUE DU);M;4914460.0;22252.0;140
15000;201500016643;15;9;18;1725;1;1;2;2;5;574;DIVES (D.45 ROUTE DE);M;4915990.0;19274.0;140
15001;201500016644;15;9;25;1715;1;2;6;1;7;366;ROGER AINI (RUE);M;4914440.0;26312.0;140
15002;201500016645;15;9;26;15;3;1;1;1;6;366;R.D 579;M;4916790.0;22741.0;140
15003;201500016646;15;10;2;2135;5;2;1;1;6;366;106, FOURNET (RUE);M;4913370.0;22629.0;140
15004;201500016648;15;10;13;1000;1;2;3;1;2;366;CORMEILLES ( CD 510 ROUT;M;4914840.0;25480.0;140
15005;201500016649;15;10;15;1315;1;2;3;1;3;366;27, FOURNET (RUE);M;4913810.0;22721.0;140
15006;201500016650;15;10;17;100;3;1;1;8;6;366;0, CAVAUDON (CHEMIN RURA;M;4915240.0;23759.0;140
15007;201500016651;15;11;2;1850;5;2;3;1;3;366;177, ROGER AINI (RUE);M;4914460.0;26185.0;140
15008;201500016653;15;11;4;830;2;1;1;8;2;366;D.613 ( LISIEUX);M;4913140.0;23579.0;140
15009;201500016654;15;11;4;1430;1;2;1;2;3;366;5, SAINTE THERESE (AVENU;M;4914310.0;22988.0;140
15010;201500016655;15;11;4;2105;5;2;1;1;6;366;2, ROCQUES (CHEMIN DE);M;4915250.0;22839.0;140
15011;201500016656;15;11;6;930;1;2;2;1;6;366;0, JULES FERRY (BOULEVAR;M;4914830.0;22819.0;140
15012;201500016657;15;11;13;1850;3;1;1;8;3;366;D.613 ( LISIEUX);M;4913400.0;24609.0;140
15013;201500016658;15;11;23;855;2;1;1;9;7;574;D.613 ( SAINT DESIR);M;4912590.0;19360.0;140
15014;201500016659;15;11;27;1205;1;2;1;1;7;366;13A, FOURNET (RUE);M;4913920.0;22730.0;140
15015;201500016660;15;12;3;1910;5;2;6;1;3;366;ROGER AINI (RUE);M;4914360.0;24627.0;140
15016;201500016661;15;12;15;1641;2;2;1;2;6;366;6, GEORGES CLEMENCEAU (P;M;4914740.0;22826.0;140
15017;201500016662;15;12;23;1845;5;2;1;1;6;366;67, HENRY CHERON (RUE);M;4914560.0;22533.0;140
15018;201500016663;15;9;18;800;1;2;6;1;3;11;RUE LES ECOLES;;;;370
15019;201500016664;15;12;16;1130;1;2;1;2;6;120;;;;;370
15020;201500016665;15;6;6;1645;1;1;1;1;6;77;ROUTE DES BIANGS;M;0.0;0.0;370
15021;201500016666;15;10;19;915;1;2;1;1;3;196;AU NIVEAU DU LAC;;;;370
15022;201500016667;15;3;21;1115;1;1;2;2;3;246;;M;0.0;0.0;370
15023;201500016668;15;6;23;2030;1;2;1;1;7;108;Route de Beauregard;M;4714400.0;103000.0;370
15024;201500016669;15;7;12;1145;1;1;1;1;6;23;;M;0.0;0.0;370
15025;201500016670;15;7;18;700;2;1;1;2;7;39;;M;0.0;0.0;370
15026;201500016671;15;8;7;1145;1;1;2;1;3;111;LA FORESTIERE DE LA PLOT;M;0.0;0.0;370
15027;201500016673;15;10;4;2015;3;1;1;2;1;269;LA GARE;M;0.0;0.0;370
15028;201500016674;15;10;29;1730;1;2;1;1;3;20;RUE GEORGES PATRY;M;0.0;0.0;370
15029;201500016675;15;6;27;830;1;2;1;1;6;115;RUE JEAN BAPTISTE KLEBER;M;0.0;0.0;370
15030;201500016676;15;7;12;245;3;1;1;1;6;162;;M;0.0;0.0;370
15031;201500016677;15;7;23;1630;1;1;6;7;6;115;ROND POINT GUSTAVE EIFFE;M;0.0;0.0;370
15032;201500016678;15;9;21;1115;1;1;1;1;7;218;;M;0.0;0.0;370
15033;201500016679;15;9;23;1945;2;1;1;1;6;115;LES SAPINS;M;0.0;0.0;370
15034;201500016680;15;10;7;845;1;1;1;1;1;136;;M;0.0;0.0;370
15035;201500016681;15;10;19;1400;1;2;2;1;3;130;MACHEFER;;;;370
15036;201500016683;15;4;26;345;3;1;1;8;7;61;;M;0.0;0.0;370
15037;201500016684;15;5;11;1545;1;1;1;1;2;33;;M;0.0;0.0;370
15038;201500016685;15;7;24;1815;1;1;1;1;7;107;LA BLINNERIE;M;0.0;0.0;370
15039;201500016686;15;8;2;1300;1;2;2;1;3;104;LES RECAIS /DU PARADIS;;;;370
15040;201500016687;15;7;13;1455;1;2;2;1;3;250;LES GIRARDIERES;;;;370
15041;201500016688;15;9;11;1;3;2;1;1;3;104;LES RECAIS D ESVRE;;;;370
15042;201500016689;15;4;14;2315;3;1;1;1;1;205;;M;4576590.0;129550.0;870
15043;201500016690;15;6;7;1215;1;1;1;1;1;63;;M;4579740.0;140571.0;870
15044;201500016691;15;6;8;930;2;1;1;1;6;63;;M;4577530.0;139713.0;870
15045;201500016692;15;8;7;900;1;1;1;1;3;138;;M;4571220.0;147786.0;870
15046;201500016693;15;10;27;1900;3;1;2;1;3;200;;M;4634170.0;110543.0;870
15047;201500016694;15;9;29;1100;1;1;1;1;5;89;;M;4617990.0;116302.0;870
15048;201500016695;15;9;24;715;2;2;1;1;3;154;AVENUE HENRI BARBUSSE;M;4589220.0;90634.0;870
15049;201500016696;15;3;2;1445;1;2;1;1;3;46;RUE JEAN GIRAUDOUX;M;4583210.0;100828.0;870
15050;201500016697;15;3;17;200;3;1;1;1;7;191;;M;4576120.0;107252.0;870
15051;201500016698;15;2;16;730;2;2;1;1;3;187;AVENUE DU MARCÉCHAL JUIN;M;4551600.0;119717.0;870
15052;201500016699;15;2;26;2130;3;1;1;2;6;66;;M;4572480.0;110367.0;870
15053;201500016700;15;7;15;330;3;1;1;1;6;31;;M;4555220.0;112807.0;870
15054;201500016701;15;12;15;1645;1;1;1;8;7;150;;;;;870
15055;201500016702;15;2;13;1600;1;1;2;1;3;10;;M;4607248.0;172153.0;230
15056;201500016703;15;3;2;630;3;1;1;2;7;21;;M;4613014.0;163392.0;230
15057;201500016704;15;6;21;1700;1;1;1;1;1;78;;M;4592376.0;174791.0;230
15058;201500016705;15;7;1;845;1;1;1;1;7;64;;M;4626776.0;210196.0;230
15059;201500016707;15;8;30;1015;1;2;1;1;1;131;Rue du parjadis;M;4591569.0;249354.0;230
15060;201500016708;15;11;21;2000;3;1;1;8;6;20;;M;4598000.0;230600.0;230
15061;201500016709;15;12;26;945;1;1;1;1;6;144;;M;4824834.0;81697.0;280
15062;201500016710;15;1;2;1715;2;2;6;1;7;602;rue leo lagrange;M;4901549.0;108834.0;270
15063;201500016711;15;1;4;100;5;2;1;8;1;165;rue du dr paul guilbaud;M;4896563.0;94247.0;270
15064;201500016712;15;1;15;1000;1;1;1;2;3;446;;M;4905589.0;92464.0;270
15065;201500016713;15;3;13;2245;3;1;1;1;7;543;;M;4879973.0;135248.0;270
15066;201500016714;15;3;28;1915;1;2;2;8;6;548;RD 50 - Rue de Monthule;M;4876518.0;126865.0;270
15067;201500016715;15;9;14;1100;1;1;1;1;3;464;;M;4897292.0;114371.0;270
15068;201500016716;15;2;25;1130;1;1;1;2;6;481;;M;4874116.0;87954.0;270
15069;201500016717;15;3;5;1830;2;1;1;1;7;431;LA GENTILLERE;M;4890877.0;74132.0;270
15070;201500016718;15;9;7;1700;1;1;3;1;3;532;;M;4887956.0;92900.0;270
15071;201500016719;15;11;30;1815;3;1;2;1;3;108;;M;4874791.0;79462.0;270
15072;201500016721;15;12;18;1815;3;1;1;8;6;75;;M;4890149.0;69093.0;270
15073;201500016723;15;1;7;1230;1;1;1;1;1;179;;M;4913343.0;54286.0;270
15074;201500016724;15;1;30;1630;1;1;2;1;3;395;;M;4891039.0;50937.0;270
15075;201500016725;15;2;25;700;5;1;1;3;6;56;15 rue Ordevic Vital;M;4908607.0;59570.0;270
15076;201500016727;15;4;6;1745;1;1;6;1;7;414;;M;4895571.0;46583.0;270
15077;201500016728;15;5;17;1430;1;1;1;1;1;289;lieu dit le coudret;M;4894642.0;41295.0;270
15078;201500016729;15;5;30;1300;1;2;6;1;7;56;zone de la malouve;M;4907472.0;58126.0;270
15079;201500016730;15;7;18;1700;1;1;1;1;7;557;;M;4911171.0;65158.0;270
15080;201500016731;15;7;22;1745;1;1;1;1;5;600;;M;4904676.0;56453.0;270
15081;201500016732;15;8;27;1445;1;1;1;3;6;463;;M;4915482.0;61502.0;270
15082;201500016733;15;9;6;1700;1;1;1;1;3;130;;M;4904741.0;46221.0;270
15083;201500016734;15;9;11;1445;1;1;1;1;4;148;;M;4898255.0;49429.0;270
15084;201500016735;15;9;16;1800;1;1;1;6;1;552;route de la chapelle;M;4900855.0;46541.0;270
15085;201500016736;15;9;19;1730;1;1;1;1;1;590;;M;4894455.0;51029.0;270
15086;201500016737;15;10;3;1145;1;2;1;1;3;414;grande rue;M;4893670.0;47998.0;270
15087;201500016739;15;1;18;1915;3;1;1;4;5;63;;M;4901818.0;86489.0;270
15088;201500016741;15;2;20;1615;1;1;2;1;3;296;;M;4903943.0;66293.0;270
15089;201500016742;15;2;21;1530;1;1;1;1;6;109;;M;4910356.0;82620.0;270
15090;201500016743;15;5;15;1630;1;2;3;1;1;51;;M;4907336.0;76833.0;270
15091;201500016744;15;6;5;1815;1;2;9;1;7;49;11 rue des bruyeres;M;4901893.0;70571.0;270
15092;201500016745;15;6;10;1915;1;1;2;1;3;290;;M;4912885.0;77603.0;270
15093;201500016746;15;7;23;1630;1;1;1;1;6;452;;M;4914069.0;76928.0;270
15094;201500016747;15;8;23;545;3;1;1;1;7;125;;M;4917181.0;77119.0;270
15095;201500016748;15;8;30;1215;1;1;2;1;6;210;;M;4913067.0;81335.0;270
15096;201500016749;15;9;2;1700;1;2;3;1;3;116;cote de caillouet;M;4918880.0;72749.0;270
15097;201500016750;15;9;7;2000;2;1;1;1;7;125;;M;4918937.0;74175.0;270
15098;201500016751;15;10;23;845;1;2;1;1;6;116;13 rue de la soie;M;4919497.0;72059.0;270
15099;201500016752;15;12;22;1415;1;1;6;1;3;116;rue saint denis;M;4919392.0;71407.0;270
15100;201500016753;15;4;4;545;5;2;3;1;6;417;Rue du Moulin à Vent;M;4938387.0;159114.0;270
15101;201500016754;15;1;28;200;3;1;1;2;6;428;;M;4914515.0;92344.0;270
15102;201500016755;15;12;5;1600;1;2;1;1;6;302;route du neubourg;M;4922164.0;84288.0;270
15103;201500016756;15;1;27;830;1;1;1;2;7;340;;M;4937256.0;85097.0;270
15104;201500016757;15;2;16;700;5;2;2;1;3;103;RD 313;M;4935016.0;82073.0;270
15105;201500016758;15;4;24;1015;1;1;1;1;6;103;;M;4933673.0;81128.0;270
15106;201500016759;15;5;4;1000;1;2;1;1;6;103;rue des portes;M;4935603.0;81531.0;270
15107;201500016760;15;6;7;1530;1;2;1;1;1;580;RD647;M;0.0;0.0;270
15108;201500016761;15;6;20;845;1;1;1;1;6;582;;M;4929442.0;95833.0;270
15109;201500016762;15;7;3;400;3;1;1;1;7;134;;M;4936189.0;65128.0;270
15110;201500016763;15;7;3;1600;1;2;1;1;6;103;80 rue du champ de foire;M;4935277.0;81214.0;270
15111;201500016764;15;7;9;2115;1;1;2;1;3;227;;M;4938512.0;65982.0;270
15112;201500016765;15;8;6;1800;1;1;1;1;2;228;;M;4935848.0;68542.0;270
15113;201500016767;15;11;18;1630;1;2;2;1;3;90;RD313;M;4929686.0;91517.0;270
15114;201500016769;15;12;19;845;1;2;1;1;1;218;05 rue Andre MORIN;M;4927971.0;43738.0;270
15115;201500016770;15;4;13;1000;1;1;1;1;3;116;;M;0.0;0.0;40
15116;201500016771;15;5;16;1400;1;1;1;1;6;204;;M;0.0;0.0;40
15117;201500016772;15;6;24;745;2;2;1;7;6;31;route du pont de l'asse;M;0.0;0.0;40
15118;201500016773;15;3;5;945;1;1;1;1;7;61;;M;0.0;0.0;40
15119;201500016774;15;1;30;1730;1;2;6;1;7;45;COURS ARISTIDE BRIAND;M;0.0;0.0;40
15120;201500016775;15;10;3;200;3;1;1;8;6;160;;M;0.0;0.0;40
15121;201500016776;15;3;30;1845;1;1;1;1;1;209;;M;4418000.0;595500.0;40
15122;201500016777;15;11;18;1445;1;2;1;1;6;58;D104;M;0.0;0.0;40
15123;201500016778;15;1;3;2000;3;1;1;2;6;160;LES COMBES;M;4508300.0;72400.0;240
15124;201500016779;15;3;27;1430;1;1;1;1;6;115;ROUTE D'ANGOULÊME;M;4527340.0;67308.0;240
15125;201500016780;15;7;7;1500;1;2;4;1;3;115;RUE D'ANGOULÊME;M;4524500.0;68673.0;240
15126;201500016781;15;9;13;1445;1;1;1;2;1;571;ROUTE DE SALON;M;4502450.0;75636.0;240
15127;201500016782;15;12;5;1600;1;1;1;5;6;156;;M;4508580.0;87220.0;240
15128;201500016783;15;12;9;1630;1;1;1;1;6;115;NOUZAREDE;M;4521900.0;69166.0;240
15129;201500016784;15;6;11;1330;1;1;1;1;7;11;ROUTE DU BATAILLON;M;4523150.0;84463.0;240
15130;201500016785;15;7;25;1515;1;1;1;1;6;25;LE BOUSQUET;M;4508960.0;105831.0;240
15131;201500016786;15;9;8;800;1;1;3;1;3;188;LA BOUILLE;M;4513300.0;101302.0;240
15132;201500016787;15;2;14;1400;1;1;1;1;1;340;LE GUEL;M;4485090.0;43479.0;240
15133;201500016788;15;12;2;430;3;1;1;1;7;237;;M;4488420.0;52855.0;240
15134;201500016789;15;12;10;1345;1;2;2;1;1;340;RUE DE LA RÉSISTANCE;M;4485340.0;40079.0;240
15135;201500016790;15;12;20;1745;3;1;1;1;7;77;PONT DE LAGASSE;M;4494050.0;56679.0;240
15136;201500016791;15;9;1;930;1;1;1;1;1;310;LE BOURG-EST;M;4472170.0;75604.0;240
15137;201500016792;15;10;27;2011;3;1;4;3;7;334;"lieu-dit ""La Mothe""";M;4483220.0;75728.0;240
15138;201500016793;15;6;22;1730;1;1;1;1;1;311;;M;4550790.0;71152.0;240
15139;201500016794;15;10;26;1645;1;1;1;1;6;451;LE SORBIER;M;4550730.0;63436.0;240
15140;201500016795;15;10;30;1900;3;1;1;1;1;64;LES ROCHES;M;4536930.0;68290.0;240
15141;201500016796;15;2;13;2230;3;1;1;2;7;463;LE BOSQUET;M;4535950.0;111738.0;240
15142;201500016797;15;2;28;45;3;1;1;1;1;8;LES NOCHES;M;4541331.0;114616.0;240
15143;201500016798;15;4;4;330;4;1;1;2;7;133;LE CLOS DE LA CHAPELLE;M;4557200.0;97182.0;240
15144;201500016799;15;5;28;15;5;2;1;1;6;551;RUE COUZINOU;M;4541060.0;92207.0;240
15145;201500016801;15;8;12;215;3;1;1;1;6;352;CHEZ GADAUD;M;4525340.0;31135.0;240
15146;201500016802;15;12;31;1430;1;1;1;1;7;57;LES FARGES;M;4534710.0;43117.0;240
15147;201500016803;15;12;20;2200;5;2;2;2;3;299;RD6089;M;4503830.0;36957.0;240
15148;201500016804;15;12;29;830;2;2;1;5;6;294;32 AVENUE POMPIDOU;M;4500910.0;15397.0;240
15149;201500016805;15;6;18;1215;1;1;2;1;3;490;NEUF PIEDS;M;4521840.0;21156.0;240
15150;201500016806;15;10;13;200;3;1;1;8;6;376;LES BOIGES;M;4515560.0;12598.0;240
15151;201500016807;15;1;12;1815;3;1;4;1;3;520;ROUTE DE SOUILLAC;M;4486740.0;124784.0;240
15152;201500016808;15;4;20;1400;1;1;1;1;1;574;SUR LA FONT;M;4483450.0;131046.0;240
15153;201500016809;15;6;12;1500;1;1;1;3;1;74;;M;4486460.0;135396.0;240
15154;201500016810;15;6;27;2100;1;1;1;1;1;366;LA BOLÉ;M;4489020.0;118124.0;240
15155;201500016811;15;7;23;1515;1;1;2;1;3;82;LA CHARBONNIERE;M;4485610.0;125855.0;240
15156;201500016812;15;7;27;1715;1;1;1;1;1;520;;M;4490860.0;118581.0;240
15157;201500016813;15;8;28;1230;1;1;1;1;6;516;;M;4496120.0;133635.0;240
15158;201500016814;15;9;26;1900;1;2;1;1;6;520;LA CROIX DALLON;M;4490050.0;123542.0;240
15159;201500016815;15;4;3;1245;1;2;2;1;3;396;VOIE DE LA VALLÉE;M;4486190.0;103909.0;240
15160;201500016816;15;7;1;1415;1;1;1;1;1;14;;M;4404053.0;-34802.0;400
15161;201500016817;15;8;25;800;1;2;9;1;3;224;1470 route de Bayonne;M;4355182.0;-112808.0;400
15162;201500016818;15;12;4;2115;5;2;1;1;2;273;rue de Gascogne;M;4354122.0;-138631.0;400
15163;201500016819;15;12;11;2145;3;1;6;1;7;209;;M;4357802.0;-143556.0;400
15164;201500016820;15;10;3;1145;1;2;1;1;1;46;avenue de la république;M;4439929.0;-116523.0;400
15165;201500016821;15;12;21;1545;1;2;1;1;6;46;Rue Jules Ferry;M;4439498.0;-116593.0;400
15166;201500016822;15;1;23;1845;3;1;1;1;6;110;;M;4363887.0;-38951.0;400
15167;201500016823;15;2;11;1900;3;1;3;1;3;84;;M;4365531.0;-93410.0;400
15168;201500016824;15;4;15;1230;1;1;1;1;1;201;;M;4374228.0;-76344.0;400
15169;201500016825;15;6;8;1700;1;1;1;1;1;236;;M;4368240.0;-85694.0;400
15170;201500016826;15;7;21;1945;1;2;1;1;3;235;285 route des vignes;M;4375636.0;-80984.0;400
15171;201500016827;15;7;25;2100;1;1;1;1;6;228;;M;4362974.0;-81780.0;400
15172;201500016828;15;6;6;1530;1;1;2;7;1;62;;M;4727440.0;451625.0;210
15173;201500016829;15;2;3;1800;3;2;7;1;6;317;Place villeneuve moret;M;4751995.0;510932.0;210
15174;201500016830;15;4;29;1900;1;1;1;1;1;408;;M;4739379.0;502720.0;210
15175;201500016831;15;12;19;1100;1;1;1;1;6;573;;M;4744400.0;478900.0;210
15176;201500016832;15;6;21;1230;1;1;1;1;3;425;;M;4765250.0;434213.0;210
15177;201500016833;15;4;22;2030;2;2;1;1;6;154;rond point francis carco;M;0.0;0.0;210
15178;201500016834;15;6;25;1630;1;1;1;1;5;104;;M;4772773.0;459881.0;210