;Num_Acc;an;mois;jour;hrmn;lum;agg;int;atm;col;com;adr;gps;lat;long;dep
15179;201500016835;15;6;26;1830;1;2;1;7;6;154;rue de la feuillée;M;4786300.0;457100.0;210
15180;201500016836;15;12;17;1715;5;1;1;1;3;154;;M;4787503.0;456909.0;210
15181;201500016837;15;7;26;1200;1;1;1;1;3;584;;M;0.0;0.0;210
15182;201500016838;15;9;23;1145;1;2;1;1;5;152;rue Tanquerel;M;4794758.0;-55150.0;530
15183;201500016839;15;10;25;1030;1;1;1;1;1;95;;M;4794627.0;-37052.0;530
15184;201500016840;15;7;15;1615;1;1;1;1;6;108;;M;4807925.0;-103205.0;530
15185;201500016841;15;11;29;1;3;1;1;2;7;5;;M;4818600.0;-79100.0;530
15186;201500016842;15;4;10;1330;1;1;1;1;1;77;;M;4793476.0;-94610.0;530
15187;201500016843;15;4;11;1000;1;1;1;2;3;84;;M;4783033.0;-91759.0;530
15188;201500016844;15;1;3;1515;1;1;1;2;7;181;;M;4843013.0;-107428.0;530
15189;201500016846;15;8;28;1415;1;1;1;1;7;263;;M;4849638.0;-46273.0;530
15190;201500016848;15;1;17;1430;1;1;1;1;5;117;;M;0.0;0.0;70
15191;201500016849;15;2;6;1630;2;2;1;7;6;199;RD 104;M;0.0;0.0;70
15192;201500016850;15;6;7;245;5;2;1;1;6;199;RD 104;M;0.0;0.0;70
15193;201500016851;15;8;25;1430;1;1;1;1;1;327;;M;0.0;0.0;70
15194;201500016852;15;9;9;2230;3;1;1;1;1;110;;M;0.0;0.0;70
15195;201500016853;15;9;12;1000;1;1;1;3;6;117;;M;0.0;0.0;70
15196;201500016854;15;11;30;1800;3;1;1;1;3;327;;M;0.0;0.0;70
15197;201500016855;15;12;1;1215;1;2;1;1;2;132;La Côte;M;0.0;0.0;70
15198;201500016856;15;12;6;1430;1;2;1;1;6;336;D303 PK 5+470;M;0.0;0.0;70
15199;201500016857;15;12;6;1745;4;2;1;1;6;327;D104;M;0.0;0.0;70
15200;201500016858;15;11;17;1015;1;2;1;1;6;110;Place de la Bourgade;M;0.0;0.0;70
15201;201500016860;15;6;26;1115;1;1;1;1;1;16;;M;0.0;0.0;70
15202;201500016861;15;8;18;1445;1;1;1;1;6;289;;M;0.0;0.0;70
15203;201500016862;15;10;24;1515;1;1;1;1;7;277;;M;4471700.0;448900.0;70
15204;201500016863;15;7;16;1415;1;1;1;1;7;334;;M;0.0;0.0;70
15205;201500016865;15;9;22;645;2;1;1;5;1;28;;M;0.0;0.0;70
15206;201500016866;15;11;11;1830;5;2;1;1;6;334;avenue charles de gaulle;M;0.0;0.0;70
15207;201500016867;15;12;16;1530;1;1;1;1;1;28;;M;0.0;0.0;70
15208;201500016868;15;9;18;1200;1;1;1;1;7;25;;M;0.0;0.0;70
15209;201500016869;15;1;17;1130;1;1;9;1;3;126;;M;0.0;0.0;70
15210;201500016870;15;3;18;745;1;2;1;1;3;207;Avenue Pasteur;M;0.0;0.0;70
15211;201500016871;15;8;8;1530;1;1;1;1;1;304;;M;0.0;0.0;70
15212;201500016873;15;10;5;1545;1;1;1;1;3;313;;M;0.0;0.0;70
15213;201500016874;15;2;16;1000;1;1;3;1;1;79;;M;4498300.0;453300.0;70
15214;201500016875;15;11;5;1530;1;1;1;1;6;129;;M;0.0;0.0;70
15215;201500016876;15;12;28;1500;1;1;1;1;1;35;;M;0.0;0.0;70
15216;201500016878;15;7;13;700;1;2;1;1;1;292;LIEU DIT LE VILLAGE;M;4517100.0;466900.0;70
15217;201500016879;15;2;11;530;5;1;1;1;6;101;La Cousinette;M;4555150.0;4344.0;160
15218;201500016880;15;3;8;1530;1;1;3;1;3;101;la Combe des Geais;M;4553761.0;4391.0;160
15219;201500016882;15;10;8;1130;1;1;1;1;6;46;;M;4546465.0;2178.0;160
15220;201500016883;15;10;27;1445;1;1;2;2;3;101;La Croix Debaud;M;4553896.0;3858.0;160
15221;201500016884;15;11;4;1600;1;1;1;7;6;143;le Bois du Maine Roux;M;4553475.0;17771.0;160
15222;201500016885;15;11;14;1230;1;1;1;1;6;125;Les Tonnelles;M;4549000.0;35972.0;160
15223;201500016886;15;12;8;2200;3;1;1;5;6;418;Le Plessis;M;4557848.0;15951.0;160
15224;201500016887;15;7;17;1315;1;2;2;1;5;425;Les Grands Bois d'Yvrac;M;4574512.0;44295.0;160
15225;201500016888;15;11;16;1845;3;1;1;1;7;379;La Ferrerie;M;4579775.0;40340.0;160
15226;201500016889;15;4;15;1745;1;1;3;8;3;176;les Princettes;M;4550849.0;-26737.0;160
15227;201500016890;15;5;2;15;3;1;1;2;7;276;La Galoche;M;4541917.0;-18881.0;160
15228;201500016891;15;5;15;2315;3;1;1;1;6;224;Chagneraud;M;4546088.0;-21278.0;160
15229;201500016892;15;8;24;730;1;1;1;1;6;91;La pérètrie;M;4534861.0;-134.0;160
15230;201500016893;15;9;13;1230;1;1;1;1;6;28;;M;4547779.0;-13136.0;160
15231;201500016894;15;1;24;715;3;1;1;1;6;243;Chez Frouin;M;4573458.0;-27873.0;160
15232;201500016895;15;3;22;1815;3;1;1;1;7;216;;M;4569098.0;-8596.0;160
15233;201500016896;15;6;20;930;1;1;1;1;6;312;Les Rochereaux;M;4576653.0;-1196.0;160
15234;201500016897;15;7;26;2045;2;1;1;1;3;109;Les Gallais;M;4576030.0;-16914.0;160
15235;201500016898;15;9;13;2000;3;1;1;2;4;234;le Bois de Ret;M;4568015.0;-5279.0;160
15236;201500016899;15;12;19;2230;3;1;1;1;7;216;Echangeur de Bourras;M;4569607.0;-11210.0;160
15237;201500016900;15;1;27;1715;2;1;2;8;3;295;;M;4581504.0;14322.0;160
15238;201500016901;15;2;3;1045;1;1;1;1;2;140;La Sangle;M;4589713.0;19181.0;160
15239;201500016902;15;6;25;1855;1;1;1;1;1;383;Le Bois des nONES;M;4578697.0;19086.0;160
15240;201500016903;15;7;31;1630;1;1;3;1;3;11;La touche d'Anais;M;4577151.0;19689.0;160
15241;201500016904;15;8;25;1245;1;1;1;6;3;11;pinelot;M;4575546.0;19188.0;160
15242;201500016905;15;8;27;1730;1;1;1;1;6;8;la Malbâtie;M;4584411.0;8005.0;160
15243;201500016906;15;1;17;1;3;2;1;5;6;282;Les Escures;M;4580314.0;32653.0;160
15244;201500016907;15;6;20;1915;1;2;1;1;5;241;AVENUE DU MAL LECLERC;M;4684840.0;153431.0;360
15245;201500016908;15;7;14;1615;1;1;1;1;6;55;;M;4693240.0;120759.0;360
15246;201500016909;15;8;2;1145;1;2;1;1;6;123;RUE DU PONT MALIENTRAS;M;4681960.0;121018.0;360
15247;201500016910;15;11;20;715;5;2;1;2;6;88;;M;4695700.0;199800.0;360
15248;201500016911;15;2;24;2030;3;1;1;1;6;236;;M;4663220.0;213300.0;360
15249;201500016913;15;5;13;1700;1;1;1;1;1;1;;;;;360
15250;201500016914;15;5;26;1315;1;1;2;1;3;127;;M;4658560.0;197153.0;360
15251;201500016915;15;6;7;2030;1;1;1;1;6;109;;M;4657570.0;195724.0;360
15252;201500016917;15;7;15;1830;1;1;1;1;6;221;VIGNES CHAMP DE PIN;M;4664880.0;206535.0;360
15253;201500016918;15;7;19;2115;3;1;1;1;6;99;;M;4642130.0;172503.0;360
15254;201500016919;15;7;28;1130;1;1;2;1;3;17;;M;4673440.0;204565.0;360
15255;201500016920;15;9;17;1515;1;2;6;1;3;46;RD 943;M;4658220.0;200081.0;360
15256;201500016921;15;9;22;2300;3;1;1;2;7;61;;;;;360
15257;201500016922;15;10;22;745;2;2;1;2;6;46;56 RUE ERNEST PERIGOIX;M;4657540.0;198677.0;360
15258;201500016923;15;8;13;1430;1;1;1;1;1;113;;M;4680770.0;101275.0;360
15259;201500016924;15;10;16;1815;1;2;1;8;3;18;RUE COLLIN DE SOUVIGNE;;;;360
15260;201500016925;15;12;19;1545;1;2;1;1;7;94;RD53;M;4647180.0;120868.0;360
15261;201500016926;15;1;3;1800;5;2;9;2;3;160;6 RUE GRANDE;M;4652520.0;165534.0;360
15262;201500016927;15;5;3;1615;1;1;2;1;3;200;;M;4660540.0;152882.0;360
15263;201500016928;15;5;20;1645;1;2;3;1;3;6;RUE DESCOTTES/RUE BERT;M;4658690.0;152171.0;360
15264;201500016930;15;6;19;1745;1;1;1;1;7;207;;M;4641320.0;162860.0;360
15265;201500016931;15;6;27;1900;1;2;1;1;6;200;6 RUE DE LA BELLE ÉTOILE;M;4660160.0;151426.0;360
15266;201500016932;15;7;5;1915;1;1;1;1;7;22;;M;4664150.0;167891.0;360
15267;201500016933;15;7;18;1645;1;1;1;1;6;70;;M;4642870.0;159972.0;360
15268;201500016935;15;7;29;2030;1;1;1;1;7;81;;M;4642940.0;156520.0;360
15269;201500016936;15;9;6;100;3;1;1;1;6;42;;M;4663090.0;146975.0;360
15270;201500016937;15;10;6;1710;1;1;1;1;1;42;;M;4665260.0;148829.0;360
15271;201500016938;15;7;1;1315;1;2;1;1;3;91;intersection D99/D441;M;4850282.0;427624.0;100
15272;201500016939;15;7;16;1500;1;1;1;1;1;4;;M;4859800.0;417400.0;100
15273;201500016940;15;3;22;745;2;1;1;1;7;173;;M;0.0;0.0;100
15274;201500016941;15;4;22;1030;2;2;1;1;6;371;136 rue de la fontaine;M;4816796.0;397086.0;100
15275;201500016942;15;6;7;1630;1;1;2;1;3;116;Lieu-dit Le cheminot;M;4814673.0;401023.0;100
15276;201500016944;15;4;13;30;3;1;1;1;6;210;;M;4838000.0;419200.0;100
15277;201500016945;15;7;22;1930;1;1;1;1;5;332;;M;4828124.0;418416.0;100
15278;201500016946;15;3;3;1545;1;2;1;1;6;33;;M;4822921.0;471522.0;100
15279;201500016947;15;2;2;1330;1;1;2;1;3;68;;M;4807100.0;439000.0;100
15280;201500016948;15;4;8;945;1;1;1;1;7;136;;M;4815400.0;453000.0;100
15281;201500016949;15;4;13;2115;3;1;1;1;7;437;;M;4813800.0;433300.0;100
15282;201500016950;15;4;21;1630;1;2;1;1;1;399;03 rue des ruelles;M;4817578.0;419502.0;100
15283;201500016951;15;6;20;515;2;1;1;1;6;68;;M;4804578.0;439328.0;100
15284;201500016952;15;6;21;2030;2;1;1;1;6;83;;M;4816400.0;424000.0;100
15285;201500016953;15;8;6;1;3;1;1;1;6;364;;M;4810936.0;461673.0;100
15286;201500016954;15;8;8;515;2;1;1;1;6;79;;M;4794900.0;425900.0;100
15287;201500016955;15;10;10;1715;1;2;1;1;3;34;Rue des fossées;M;4811350.0;437450.0;100
15288;201500016956;15;10;22;730;5;2;1;2;6;34;43 Avenue Paul Portier;M;4811350.0;437700.0;100
15289;201500016957;15;11;23;1215;1;1;1;1;1;119;;M;0.0;0.0;100
15290;201500016958;15;4;24;2030;1;1;1;1;2;345;;M;4841900.0;452100.0;100
15291;201500016959;15;5;10;1815;1;2;1;1;6;123;43 rue Grégoire ROYER;M;4835500.0;453300.0;100
15292;201500016961;15;2;10;830;1;1;1;1;5;268;;M;4848754.0;347941.0;100
15293;201500016962;15;12;24;1615;1;2;1;1;1;334;13 route du Paraclet;M;0.0;0.0;100
15294;201500016963;15;1;10;1215;1;1;1;8;1;347;;M;4845300.0;362600.0;100
15295;201500016964;15;1;27;845;1;1;1;1;6;234;;M;4848900.0;386400.0;100
15296;201500016965;15;1;27;1845;3;1;1;1;1;351;;M;4845461.0;370710.0;100
15297;201500016966;15;2;5;1500;1;2;1;7;3;323;rue jean jacques roussea;M;4851328.0;371791.0;100
15298;201500016967;15;2;18;845;1;1;1;1;6;368;;M;4842583.0;393920.0;100
15299;201500016968;15;2;23;2300;3;1;1;1;6;323;;M;4851299.0;369795.0;100
15300;201500016969;15;3;12;630;2;1;1;1;6;392;;M;4847457.0;387235.0;100
15301;201500016970;15;4;1;2300;3;1;1;1;6;234;;M;4848976.0;388553.0;100
15302;201500016971;15;6;28;315;3;1;1;1;7;275;;M;4844805.0;376157.0;100
15303;201500016973;15;8;29;1815;1;1;6;1;3;323;;M;4851398.0;372513.0;100
15304;201500016974;15;9;30;815;1;2;1;1;6;323;Chaussée de Sellières;M;4852500.0;372300.0;100
15305;201500016975;15;10;17;1430;1;1;1;2;3;323;;M;4850809.0;369932.0;100
15306;201500016976;15;11;5;815;1;1;1;1;3;353;;M;4844300.0;391200.0;100
15307;201500016977;15;11;23;1600;1;1;1;1;6;86;;M;4851871.0;394615.0;100
15308;201500016978;15;7;21;1400;1;1;1;1;1;39;;M;4492940.0;384405.0;430
15309;201500016979;15;5;18;1315;1;2;1;1;3;135;RUE DES ECOLES;M;4493470.0;399849.0;430
15310;201500016980;15;7;24;1800;1;2;1;1;6;135;RD535;M;4494910.0;398741.0;430
15311;201500016981;15;4;24;1530;1;1;2;1;3;124;LANTHENAS;M;4510230.0;377375.0;430
15312;201500016982;15;5;23;1345;1;1;1;1;6;119;X;M;4511550.0;389979.0;430
15313;201500016983;15;7;11;1230;1;1;1;1;6;216;PONT DE CHASSAGNOLE;M;4515090.0;377712.0;430
15314;201500016984;15;8;14;1730;1;1;1;1;6;26;LA BARRAQUE;M;4518290.0;382505.0;430
15315;201500016985;15;9;9;1730;1;1;1;1;6;61;PEYREDEYRE;M;4509310.0;390637.0;430
15316;201500016986;15;9;14;1500;1;1;1;2;3;152;ZA DE BLEU;;;;430
15317;201500016987;15;9;25;1630;1;1;1;1;6;119;BOIS DE L'ARBOIASSE;M;4512310.0;390074.0;430
15318;201500016988;15;10;2;715;3;1;1;1;1;61;VALLEE DE LA LOIRE;M;4510110.0;389824.0;430
15319;201500016989;15;10;26;1300;1;1;3;1;3;21;"LIEU-DIT ""LES ROUZEYROUX";M;4511070.0;394128.0;430
15320;201500016990;15;11;7;1645;1;2;1;1;6;61;LE BOURG;M;4508150.0;391608.0;430
15321;201500016991;15;11;8;215;3;1;1;1;6;152;PLAINE DE BLEU;M;4508720.0;381616.0;430
15322;201500016992;15;12;12;115;3;1;1;1;6;230;"LIEU DIT ""LARCENAC""";M;4514200.0;392007.0;430
15323;201500016993;15;12;27;1515;1;1;1;1;2;187;X;M;4515530.0;382448.0;430
15324;201500016994;15;5;8;2000;1;1;1;8;6;33;"LIEU-DIT ""PEU VERGNE""";;;;430
15325;201500016995;15;7;4;1430;1;1;1;1;6;121;ROUTE DE LEMPDES;M;4537320.0;322727.0;430
15326;201500016996;15;3;14;530;5;1;1;2;6;25;"LIEU-DIT ""LES VIVATS""";;;;430
15327;201500016997;15;3;26;1510;1;2;1;1;1;268;ROUTE DU PUY;M;4513860.0;412445.0;430
15328;201500016999;15;7;21;1815;1;2;3;1;3;268;ZA LA LAVEE;;;;430
15329;201500017000;15;9;29;845;1;2;1;1;6;268;PLACE FOCH;M;4514180.0;412484.0;430
15330;201500017001;15;12;14;1745;5;2;1;1;6;268;ROUTE DE RETOURNAC;M;4514400.0;411534.0;430
15331;201500017005;15;9;9;1445;1;1;3;1;1;87;;M;4520830.0;436160.0;430
15332;201500017006;15;1;8;1830;3;1;1;1;5;282;;M;0.0;0.0;180
15333;201500017007;15;2;10;1100;1;1;1;1;1;75;;M;0.0;0.0;180
15334;201500017008;15;9;6;645;2;1;1;1;1;53;;M;4715180.0;287260.0;180
15335;201500017009;15;10;30;1915;3;1;1;1;6;247;;M;4705160.0;255749.0;180
15336;201500017010;15;12;15;1800;3;1;1;3;5;18;;M;0.0;0.0;180
15337;201500017011;15;4;5;2045;3;1;2;1;3;4;;M;0.0;0.0;180
15338;201500017012;15;8;5;2000;1;1;2;1;3;97;RD 400/Chemin de Detry;M;0.0;0.0;180
15339;201500017013;15;9;16;1545;1;1;1;2;6;109;;M;0.0;0.0;180
15340;201500017014;15;10;1;845;1;1;1;1;7;235;;M;0.0;0.0;180
15341;201500017015;15;11;8;1345;1;1;1;1;6;223;;M;0.0;0.0;180
15342;201500017016;15;11;13;1945;3;1;2;1;3;229;;M;0.0;0.0;180
15343;201500017017;15;12;2;745;1;1;1;1;5;223;;M;0.0;0.0;180
15344;201500017018;15;4;23;1400;1;2;1;1;6;197;Rue du 14 juillet;M;4672532.0;250070.0;180
15345;201500017019;15;7;5;1245;1;2;2;1;3;197;rue ernest mallard;M;4672100.0;251500.0;180
15346;201500017020;15;7;8;1630;1;2;2;1;6;38;rue jean rameaux;M;0.0;0.0;180
15347;201500017021;15;8;20;1100;1;2;1;1;3;197;72 avenue de Gaulle;M;4673100.0;249500.0;180
15348;201500017022;15;10;3;245;3;1;1;1;7;231;;M;0.0;0.0;180
15349;201500017023;15;10;23;1130;1;2;1;1;6;197;rue du docteur vallet;M;4672144.0;250416.0;180
15350;201500017024;15;11;21;1015;1;1;1;1;6;197;;M;0.0;0.0;180
15351;201500017025;15;5;7;1630;1;1;2;1;1;59;La Foule;M;0.0;0.0;180
15352;201500017026;15;6;4;2015;1;1;1;7;6;65;;M;4684400.0;210500.0;180
15353;201500017027;15;1;8;730;5;2;1;2;5;180;rue saint martin;M;4699826.0;245400.0;180
15354;201500017028;15;1;13;1430;1;1;1;3;7;180;;M;0.0;0.0;180
15355;201500017029;15;1;15;1345;1;1;2;8;3;40;;M;0.0;0.0;180
15356;201500017030;15;1;23;2245;3;1;1;1;1;63;;M;0.0;0.0;180
15357;201500017031;15;3;21;530;3;1;1;1;5;254;;M;0.0;0.0;180
15358;201500017032;15;4;23;1245;1;2;3;1;1;268;Route de Bruère;M;4680274.0;245543.0;180
15359;201500017033;15;6;12;1515;1;1;3;1;3;268;;M;4682284.0;242175.0;180
15360;201500017034;15;8;7;800;1;1;1;1;6;119;;M;4700400.0;261100.0;180
15361;201500017035;15;9;10;1800;1;1;1;1;6;45;;M;0.0;0.0;180
15362;201500017036;15;11;13;1945;3;1;1;1;1;58;;M;0.0;0.0;180
15363;201500017037;15;6;26;1330;1;1;1;1;6;113;;M;0.0;0.0;180
15364;201500017038;15;7;4;2145;2;1;1;1;6;161;;M;0.0;0.0;180
15365;201500017039;15;7;31;930;1;1;3;1;3;108;;M;0.0;0.0;180
15366;201500017040;15;9;20;45;5;2;1;1;1;160;81 grande rue;M;4699677.0;282538.0;180
15367;201500017041;15;9;22;805;1;1;1;1;1;108;;M;0.0;0.0;180
15368;201500017042;15;9;26;600;3;1;1;1;6;108;;M;4695687.0;292812.0;180
15369;201500017043;15;9;30;730;1;2;4;1;3;242;rue de la croix blanche;M;0.0;0.0;180
15370;201500017044;15;10;7;1045;1;1;1;1;3;195;;M;0.0;0.0;180
15371;201500017045;15;1;17;1900;3;1;1;1;7;149;;M;4729800.0;242800.0;180
15372;201500017046;15;5;22;1515;1;2;1;1;3;47;rue des maisons neuves;M;4736128.0;243000.0;180
15373;201500017047;15;5;29;715;1;1;1;1;2;88;;M;4745500.0;239800.0;180
15374;201500017049;15;7;29;1100;1;2;1;1;6;15;Av de l'hippodrome;M;4748526.0;243159.0;180
15375;201500017050;15;8;1;930;1;1;1;1;6;165;;M;0.0;0.0;180
15376;201500017051;15;8;15;845;1;1;1;2;7;88;;M;4742900.0;243500.0;180
15377;201500017052;15;9;22;1400;1;1;1;2;6;115;;M;0.0;0.0;180
15378;201500017053;15;10;17;1430;1;1;1;1;6;37;;M;4755187.0;227182.0;180
15379;201500017054;15;10;18;45;4;2;1;1;6;170;rue eugene Melchor;M;4747514.0;251353.0;180
15380;201500017055;15;11;20;815;1;1;1;2;6;115;;M;0.0;0.0;180
15381;201500017056;15;12;12;100;5;2;8;1;6;15;av de l'hippodrome de vo;M;0.0;0.0;180
15382;201500017057;15;12;30;2015;3;1;1;1;6;159;;M;0.0;0.0;180
15383;201500017058;15;3;12;1545;1;1;1;1;6;190;;M;4712800.0;215878.0;180
15384;201500017059;15;5;27;1000;1;1;1;1;3;281;;M;0.0;0.0;180
15385;201500017060;15;3;29;1545;1;1;4;2;3;208;;M;4570100.0;594625.0;730
15386;201500017061;15;1;1;915;1;1;1;9;6;39;;M;4555419.0;567483.0;730
15387;201500017062;15;3;17;1630;1;2;2;1;3;152;intesection D40E D921;M;4561020.0;575984.0;730
15388;201500017063;15;3;23;1715;2;1;1;1;6;219;;M;4556048.0;579155.0;730
15389;201500017064;15;11;10;500;5;1;1;1;6;236;;M;4558755.0;564355.0;730
15390;201500017065;15;5;19;1430;1;2;1;1;6;159;;M;4545825.0;604901.0;730
15391;201500017066;15;7;12;730;1;2;1;1;6;151;;M;4550045.0;601290.0;730
15392;201500017067;15;7;23;1655;1;1;3;1;3;18;;M;4550472.0;607509.0;730
15393;201500017068;15;8;31;945;1;2;1;1;3;96;;M;4551553.0;608986.0;730
15394;201500017069;15;9;9;845;1;1;3;1;3;171;;M;4550204.0;606794.0;730
15395;201500017071;15;12;5;1530;1;1;1;1;1;303;;M;4575937.0;639289.0;730
15396;201500017072;15;1;10;1915;5;2;6;1;3;248;Rond point de l aluminiu;M;4527568.0;635577.0;730
15397;201500017073;15;8;2;1200;1;1;1;1;1;256;;M;4520943.0;645606.0;730
15398;201500017074;15;9;14;1500;1;1;4;1;3;256;Route des Fontaines;M;4520924.0;646862.0;730
15399;201500017076;15;12;24;1115;1;2;1;1;6;116;PARKING DU MARCHE;M;0.0;0.0;730
15400;201500017077;15;3;21;2115;3;1;6;1;6;224;;M;4534803.0;630639.0;730
15401;201500017078;15;9;15;1300;1;1;1;8;5;74;;M;4544191.0;628620.0;730
15402;201500017080;15;3;29;2330;5;1;1;1;1;519;;M;4338694.0;-38049.0;640
15403;201500017081;15;4;21;1730;1;1;1;1;6;37;;M;0.0;0.0;640
15404;201500017082;15;6;30;1615;1;2;1;1;1;448;28 CHEMIN DU PONT LONG;M;4335367.0;-46332.0;640
15405;201500017083;15;8;27;2145;5;1;1;1;6;519;;M;4337647.0;-37636.0;640
15406;201500017084;15;10;1;1000;1;2;2;1;3;519;CHEMIN DE LIBEN;M;4337816.0;-37891.0;640
15407;201500017085;15;10;20;2015;5;2;1;1;6;519;D834;M;4339068.0;-38055.0;640
15408;201500017086;15;5;3;2230;3;1;1;2;7;389;;M;4341080.0;-20341.0;640
15409;201500017087;15;5;15;530;3;1;1;3;6;238;;M;4324621.0;-3860.0;640
15410;201500017088;15;5;29;2030;2;2;1;8;6;211;D42;M;4330078.0;-14397.0;640
15411;201500017089;15;8;15;700;2;1;1;1;1;152;;M;4334782.0;-31946.0;640
15412;201500017090;15;12;14;1630;1;1;1;1;3;389;RD 943;M;4340240.0;-20671.0;640
15413;201500017091;15;6;17;1215;1;1;1;1;3;470;CHEMIN D ANOS;M;4340239.0;-30674.0;640
15414;201500017092;15;8;20;900;1;2;1;1;6;160;ALLEE EDMOND ROSTAND;M;4336042.0;-139960.0;640
15415;201500017093;15;9;30;2300;3;1;2;1;3;36;RD 933;M;4334854.0;-97802.0;640
15416;201500017094;15;7;18;1215;1;2;1;1;1;6;RN 134;M;4296700.0;-60969.0;640
15417;201500017095;15;7;14;1845;1;2;1;1;3;29;RD 919;M;4311871.0;-73330.0;640
15418;201500017096;15;4;3;1900;1;1;1;1;7;393;;M;4330064.0;-55458.0;640
15419;201500017097;15;6;23;1130;1;1;1;1;3;5;;M;4336194.0;-56636.0;640
15420;201500017098;15;7;19;1115;1;2;1;1;3;326;RUE DE LA PLAINE;M;4329015.0;-72299.0;640
15421;201500017099;15;8;20;1945;2;1;1;1;1;393;;M;4331895.0;-58229.0;640
15422;201500017100;15;11;15;1000;1;1;1;1;6;359;RD 2;M;4330160.0;-65575.0;640
15423;201500017101;15;3;3;1545;1;1;1;2;7;112;RD 933;M;0.0;0.0;640
15424;201500017102;15;5;4;930;1;1;1;1;1;176;;M;4340048.0;-75591.0;640
15425;201500017103;15;7;28;1815;1;2;2;1;3;499;RUE DU CANAL;M;4347020.0;-92476.0;640
15426;201500017104;15;3;13;930;1;1;3;1;3;24;D 2152 // SORTIE SERVICE;M;0.0;0.0;450
15427;201500017105;15;7;1;1015;1;2;2;1;4;203;RTE BLOIS/R CHATEAUDUN;M;4782564.0;168974.0;450
15428;201500017106;15;7;11;745;1;2;4;1;6;67;R CAS ROUGE/AV MANDRILLE;M;4787917.0;177180.0;450
15429;201500017107;15;5;27;300;3;1;1;1;6;300;;M;4785799.0;198908.0;450
15430;201500017108;15;6;24;1630;1;1;2;1;3;173;D 951/RTE VILLANCON;M;4784767.0;213551.0;450
15431;201500017109;15;8;19;1345;1;1;1;1;6;324;;M;4781469.0;217016.0;450
15432;201500017110;15;12;2;1615;2;1;1;7;5;193;;M;4775031.0;199369.0;450
15433;201500017111;15;11;13;1315;1;1;1;2;6;115;;M;4802125.0;305177.0;450
15434;201500017112;15;11;27;1515;1;2;2;1;3;279;AV MOULIN PLATEAU/R BILL;M;4795867.0;280308.0;450
15435;201500017113;15;6;12;1715;1;2;2;1;1;127;D 2007/ALL NANCAY/D 62;M;4813233.0;276395.0;450
15436;201500017114;15;12;7;1145;1;2;6;1;3;61;AV LIBERATION/R NOYERS;M;4804099.0;272826.0;450
15437;201500017115;15;8;1;1515;1;2;4;1;6;30;35 R GL CROUZAT/D 950;M;4807186.0;242898.0;450
15438;201500017116;15;3;24;1945;3;1;1;2;1;174;;M;4816444.0;213811.0;450
15439;201500017117;15;6;5;1330;1;2;2;1;3;188;D 2152/R AU LUC;M;4799459.0;208011.0;450
15440;201500017118;15;7;1;1100;1;2;3;7;1;224;AV ML FOCH/R GARDE;M;4806018.0;205215.0;450
15441;201500017119;15;9;19;2015;3;1;1;1;6;289;;M;4801706.0;196149.0;450
15442;201500017120;15;11;1;1245;1;1;1;1;1;327;RTE FORESTIERE CHAMBON;M;4799855.0;214302.0;450
15443;201500017121;15;12;1;1845;5;2;1;1;6;289;24 RTE ORLEANS;M;4804117.0;198286.0;450
15444;201500017122;15;1;26;1215;1;1;1;8;3;542;;M;4940680.0;218381.0;600
15445;201500017123;15;2;7;315;3;1;1;1;6;480;;M;4949765.0;215975.0;600
15446;201500017124;15;4;19;1830;1;1;1;1;7;639;;M;4946362.0;211272.0;600
15447;201500017125;15;4;27;2245;5;2;1;1;1;646;D901;M;4947603.0;205057.0;600
15448;201500017126;15;6;14;1330;1;1;1;1;7;41;;M;4937664.0;223531.0;600
15449;201500017127;15;8;26;2045;3;1;1;2;6;9;;M;4939129.0;209701.0;600
15450;201500017128;15;12;14;1130;1;1;1;1;6;251;;M;4945291.0;221544.0;600
15451;201500017129;15;12;22;1215;1;1;1;1;6;103;;M;4941811.0;224672.0;600
15452;201500017130;15;4;3;715;2;1;1;3;3;63;;M;4934949.0;205656.0;600
15453;201500017131;15;6;15;2230;1;2;1;1;6;29;rue du merisier noir;M;4936500.0;199193.0;600
15454;201500017132;15;9;12;1;5;1;1;1;1;477;;M;4941961.0;193586.0;600
15455;201500017133;15;11;30;1730;5;2;1;1;1;591;rue de la petite fontain;M;4943003.0;201011.0;600
15456;201500017135;15;1;22;1845;3;1;1;1;2;275;;M;4949795.0;190693.0;600
15457;201500017137;15;2;17;1545;1;2;1;1;7;77;Rue de pisseleu;M;4955415.0;205657.0;600
15458;201500017138;15;2;23;2100;5;2;1;1;7;110;rue de l'esperance;M;4965691.0;182631.0;600
15459;201500017139;15;2;28;300;3;2;1;1;6;604;rd315, petit sarcus;M;4969899.0;185166.0;600