;Num_Acc;an;mois;jour;hrmn;lum;agg;int;atm;col;com;adr;gps;lat;long;dep
15460;201500017140;15;3;8;130;3;2;1;1;6;405;Rue des Bonnetiers;M;4966374.0;181540.0;600
15461;201500017141;15;3;21;2030;5;1;1;2;7;233;;M;4964935.0;185401.0;600
15462;201500017142;15;5;30;1730;1;1;1;8;7;604;;M;4968944.0;187135.0;600
15463;201500017143;15;6;10;1745;1;1;1;1;2;304;;M;4958736.0;200098.0;600
15464;201500017145;15;7;1;2100;1;1;1;1;7;128;;M;4960072.0;171535.0;600
15465;201500017146;15;7;7;1230;1;1;1;1;1;588;;M;4962513.0;190293.0;600
15466;201500017147;15;7;30;2100;1;2;1;1;1;405;D7 - Rue des bonnetiers;M;4966283.0;181703.0;600
15467;201500017148;15;7;30;1845;1;2;1;1;6;108;Rue principale;M;4964747.0;192265.0;600
15468;201500017149;15;12;1;1800;5;2;1;2;4;286;Rue de crevecoeur;M;4966169.0;195102.0;600
15469;201500017150;15;12;26;1815;5;1;1;1;3;387;;M;4957671.0;195542.0;600
15470;201500017151;15;1;15;815;1;2;1;6;1;584;RUE JEAN MOULIN;M;4921696.0;241965.0;600
15471;201500017152;15;1;16;2015;5;2;1;2;1;686;20 rue de precy;M;4920961.0;239585.0;600
15472;201500017153;15;3;20;2030;5;2;1;1;5;86;rue de beaumont;M;4916535.0;235462.0;600
15473;201500017154;15;8;4;1715;1;2;1;1;3;584;RD 44 - 8 Rue Hotel Dieu;M;4921380.0;242254.0;600
15474;201500017155;15;4;10;2115;3;1;1;1;1;372;;M;4954797.0;209556.0;600
15475;201500017156;15;4;15;845;1;1;9;1;3;664;;M;4959891.0;227748.0;600
15476;201500017157;15;1;17;1100;1;2;6;9;7;374;place general de gaulle;M;4955413.0;251927.0;600
15477;201500017158;15;1;27;730;2;1;1;1;3;374;;M;4956200.0;248100.0;600
15478;201500017159;15;3;3;1330;1;1;1;1;1;276;;M;4959268.0;255617.0;600
15479;201500017161;15;5;17;1145;1;2;1;1;4;396;départementale 938;M;4955200.0;262400.0;600
15480;201500017162;15;5;21;1230;1;1;1;1;5;456;;M;4947457.0;257861.0;600
15481;201500017163;15;8;21;515;5;2;1;1;6;581;37 rue de paris;M;4950508.0;243491.0;600
15482;201500017164;15;8;23;1430;1;2;1;1;1;374;Rue du Général Leclerc;M;4954619.0;250815.0;600
15483;201500017165;15;11;17;1000;1;2;1;1;6;581;rue d'Oresmaux;M;4951108.0;243249.0;600
15484;201500017166;15;11;17;2000;3;1;1;8;6;495;;M;4953113.0;245765.0;600
15485;201500017167;15;1;24;1645;1;2;1;1;6;151;Rue Victor Hugo;M;4943532.0;290907.0;600
15486;201500017168;15;2;17;815;1;2;1;1;5;647;ROUTE DE ROUEN;M;4940249.0;296979.0;600
15487;201500017169;15;4;3;1245;1;2;1;2;6;119;171 rue nationale;M;4950405.0;291326.0;600
15488;201500017170;15;4;14;1430;1;2;8;1;6;636;RUE DE LA REPUBLIQUE;M;4948034.0;287928.0;600
15489;201500017171;15;5;24;1815;1;2;6;1;6;151;avenue Léo Delibes;M;4944136.0;286756.0;600
15490;201500017172;15;6;4;1645;1;2;1;1;1;373;rue du pont du matz;M;4949413.0;287666.0;600
15491;201500017173;15;6;5;1745;1;1;1;1;3;537;;M;4950090.0;293785.0;600
15492;201500017174;15;6;6;1330;1;2;9;1;3;119;rue des plantes;M;4950627.0;291086.0;600
15493;201500017175;15;6;6;230;3;1;1;1;1;156;;M;4943715.0;284371.0;600
15494;201500017177;15;10;31;1630;1;1;1;1;3;324;;M;4939778.0;305149.0;600
15495;201500017178;15;11;6;1530;1;1;1;2;1;64;;M;4941758.0;300893.0;600
15496;201500017179;15;12;21;1000;1;2;1;1;6;537;zac de la grerie;M;4951726.0;292422.0;600
15497;201500017180;15;2;4;1815;5;2;1;1;6;625;155 rue de noyon;M;4957948.0;294946.0;600
15498;201500017181;15;3;1;2100;3;2;1;1;6;471;D932;M;4958692.0;300168.0;600
15499;201500017182;15;3;11;1300;1;1;1;1;3;471;;M;4958692.0;300168.0;600
15500;201500017184;15;3;31;2245;4;2;1;1;6;471;35 Rue Saint Eloi;M;4957993.0;300343.0;600
15501;201500017186;15;4;21;915;1;2;1;1;6;471;Boulevard Carnot;M;4957790.0;300006.0;600
15502;201500017187;15;5;30;2045;1;1;1;1;5;632;;M;4955583.0;287889.0;600
15503;201500017188;15;6;4;730;2;1;1;1;5;350;;M;4959045.0;286826.0;600
15504;201500017189;15;6;11;1830;1;2;1;1;1;603;rue de la table;M;4958720.0;304940.0;600
15505;201500017190;15;6;12;1130;1;2;1;1;2;471;BOULEVARD CHARMOLUE;M;4958103.0;299543.0;600
15506;201500017191;15;6;19;730;1;1;1;1;3;291;;M;4964728.0;304574.0;600
15507;201500017193;15;8;7;915;1;2;1;1;7;124;CHEMIN DU VILLERS;M;4962759.0;289613.0;600
15508;201500017194;15;9;4;630;2;2;1;1;6;603;rue saint medard;M;4958627.0;305143.0;600
15509;201500017195;15;9;6;1115;1;1;1;1;7;263;;M;4966007.0;296665.0;600
15510;201500017196;15;10;28;1845;5;2;1;1;5;610;;M;4955771.0;299766.0;600
15511;201500017197;15;11;6;1715;5;2;1;1;6;471;Boulevard Carnot;M;4957790.0;300006.0;600
15512;201500017198;15;11;20;1200;1;2;6;2;6;471;rue Antoine St Exupéry;M;4958048.0;299055.0;600
15513;201500017199;15;12;28;1230;1;1;1;1;6;558;;M;4959304.0;278836.0;600
15514;201500017200;15;1;17;830;1;1;1;1;7;160;;M;4961869.0;272452.0;600
15515;201500017201;15;1;30;1815;5;2;1;1;6;533;place André Leger;M;4954066.0;274525.0;600
15516;201500017202;15;4;22;2030;2;1;1;1;1;191;;M;4955428.0;269491.0;600
15517;201500017203;15;5;10;1915;1;1;1;1;3;337;;M;4941424.0;274987.0;600
15518;201500017204;15;5;13;1730;1;1;6;1;3;284;;M;4938616.0;265648.0;600
15519;201500017205;15;5;18;1415;1;1;1;1;7;533;;M;4954060.0;273124.0;600
15520;201500017206;15;9;2;2100;3;1;4;1;1;308;;M;4948208.0;266896.0;600
15521;201500017207;15;9;12;1300;1;1;1;2;7;125;;M;4939242.0;270801.0;600
15522;201500017208;15;10;5;530;3;1;1;1;2;254;;M;4945384.0;265321.0;600
15523;201500017209;15;11;9;1630;1;1;1;1;5;160;;M;4959969.0;271999.0;600
15524;201500017210;15;11;14;1000;1;1;9;1;6;93;;M;4960494.0;269265.0;600
15525;201500017211;15;3;20;1145;1;1;1;1;7;508;;M;4930604.0;266869.0;600
15526;201500017212;15;7;5;530;2;2;1;1;1;680;rue des flandres;M;4927284.0;268628.0;600
15527;201500017213;15;8;14;1530;1;2;1;1;1;68;Avenue de la gare;M;4929660.0;279915.0;600
15528;201500017215;15;10;8;1630;1;2;1;1;6;508;687 Rue Saint Pierre;M;4930057.0;265343.0;600
15529;201500017218;15;9;28;1615;1;1;1;1;6;159;;M;4276853.0;173996.0;90
15530;201500017220;15;1;10;1800;5;2;1;1;1;12;Rte de Marseille - RD560;M;0.0;0.0;830
15531;201500017222;15;4;15;745;1;2;1;1;3;135;Route de BARJOLS;M;0.0;0.0;830
15532;201500017223;15;5;1;1515;1;1;1;1;7;12;;M;0.0;0.0;830
15533;201500017224;15;5;14;1515;1;1;1;1;7;46;;M;0.0;0.0;830
15534;201500017225;15;5;28;1300;1;2;1;1;3;12;D560;M;4355587.0;600503.0;830
15535;201500017226;15;5;28;1300;1;2;1;1;3;32;D560;M;4355588.0;600504.0;830
15536;201500017227;15;6;3;1200;1;1;1;1;1;2;;M;0.0;0.0;830
15537;201500017228;15;10;18;730;2;1;1;1;6;149;;M;0.0;0.0;830
15538;201500017229;15;5;29;1745;1;1;1;1;1;82;;M;0.0;0.0;830
15539;201500017230;15;6;24;1945;1;1;6;1;7;12;;M;4764473.0;692286.0;900
15540;201500017231;15;8;22;1630;1;1;1;1;7;93;;M;0.0;0.0;900
15541;201500017233;15;12;16;330;3;1;1;3;1;94;;M;0.0;0.0;900
15542;201500017234;15;8;9;130;3;1;1;1;6;46;;M;0.0;0.0;900
15543;201500017235;15;4;8;1000;1;1;1;1;6;139;LE VAL;M;4907300.0;-102481.0;500
15544;201500017236;15;6;1;1915;1;1;2;1;5;444;LES CHAMPS;M;4904680.0;-96303.0;500
15545;201500017237;15;6;7;2100;1;1;1;1;1;139;LA FERME DE PONT;M;4904670.0;-103604.0;500
15546;201500017238;15;8;7;815;1;1;1;1;6;32;LA PERCHERIE;M;4910720.0;-101451.0;500
15547;201500017239;15;8;12;1815;1;2;2;1;6;601;CARREFOUR RUES HUGO/RÉP;M;4903500.0;-97895.0;500
15548;201500017241;15;4;25;1145;1;1;1;1;7;6;LA MONTANGUERIE;M;4914250.0;-118806.0;500
15549;201500017242;15;10;19;1430;1;1;1;2;2;239;LE BOUILLON;M;4910270.0;-115963.0;500
15550;201500017243;15;4;15;1415;1;1;3;1;1;185;LA PETITE HAGUE;M;4882780.0;-123917.0;500
15551;201500017244;15;5;1;1215;1;1;3;2;3;124;LE FRECHOT;M;4867160.0;-116709.0;500
15552;201500017245;15;6;7;1845;1;1;1;1;1;456;BREFFELAND;M;4866000.0;-91337.0;500
15553;201500017246;15;10;23;1915;3;1;1;1;7;428;LA BLANCHARDIERE;M;4867660.0;-114543.0;500
15554;201500017247;15;7;18;1130;1;1;1;1;6;448;LA RENCONTRE;M;4854040.0;-126207.0;500
15555;201500017248;15;8;15;2345;5;2;1;1;6;154;LE BOURG;M;4854610.0;-138352.0;500
15556;201500017249;15;8;28;2000;2;1;1;1;1;487;L'ECHAT;M;4853220.0;-131043.0;500
15557;201500017250;15;9;21;930;1;2;1;1;6;168;LE BOURG;M;4862370.0;-129401.0;500
15558;201500017251;15;10;9;900;1;2;1;7;6;146;RTE DU MONT SAINT MICHEL;M;4862820.0;-140983.0;500
15559;201500017252;15;10;20;530;3;1;1;1;7;168;LE HAUT CERISEL;M;4861660.0;-126424.0;500
15560;201500017253;15;10;21;2030;3;1;2;2;3;413;;M;4860580.0;-138591.0;500
15561;201500017254;15;11;14;1130;1;1;2;1;3;347;;M;4852770.0;-129010.0;500
15562;201500017255;15;1;4;1345;1;1;1;9;1;515;LA ROUSSELIERE;M;4857270.0;-117946.0;500
15563;201500017256;15;1;4;1815;1;1;1;8;3;452;LE VAUX ROUX;M;4855740.0;-110947.0;500
15564;201500017257;15;2;24;1700;1;1;1;1;6;256;LA COUR DU BOIS;M;4858310.0;-123085.0;500
15565;201500017258;15;6;29;815;1;1;1;1;1;515;LA VALLEE;M;4855590.0;-115178.0;500
15566;201500017259;15;7;9;800;1;2;1;1;3;256;RUE SAINT MARTIN;M;4861240.0;-116623.0;500
15567;201500017261;15;10;18;630;3;1;1;1;6;591;GRANGERAY;M;4853910.0;-83424.0;500
15568;201500017263;15;3;28;1100;1;1;1;1;2;417;;M;4959510.0;-130293.0;500
15569;201500017264;15;6;30;1545;1;1;1;1;2;615;BELLEVUE;M;4951940.0;-149644.0;500
15570;201500017265;15;8;13;1500;1;2;2;1;3;615;BD VERDUN/ST MALO;M;4950800.0;-146659.0;500
15571;201500017266;15;10;27;1030;1;2;1;2;6;615;AVENUE DU 8 MAI 1945;M;4950170.0;-146722.0;500
15572;201500017267;15;3;31;1100;1;1;1;1;3;402;;M;4950990.0;-180215.0;500
15573;201500017268;15;5;17;30;3;1;1;1;1;31;;M;4939020.0;-175988.0;500
15574;201500017269;15;7;14;1615;1;1;1;1;1;45;LE DAMET;M;4954240.0;-177965.0;500
15575;201500017270;15;11;1;1945;3;1;1;8;6;480;LE MANOIR DU BUT;M;4950180.0;-180033.0;500
15576;201500017271;15;12;22;1730;3;2;1;2;6;418;LE BOURG;M;4948740.0;-166747.0;500
15577;201500017272;15;2;9;1815;2;1;1;1;3;172;LE CLOS CARDERON;M;4946560.0;-135975.0;500
15578;201500017274;15;4;22;1830;1;2;1;1;3;191;LE CASTEL;M;4944040.0;-125713.0;500
15579;201500017275;15;9;4;1445;1;1;2;1;3;507;;M;4947910.0;-125660.0;500
15580;201500017276;15;9;25;2115;2;2;3;1;1;138;ROUTE DU FAUBOURG;M;4945870.0;-149142.0;500
15581;201500017277;15;10;3;1515;1;1;1;1;6;390;;M;4949980.0;-135647.0;500
15582;201500017278;15;11;30;2030;3;1;1;2;6;427;MARMION;M;4945410.0;-126769.0;500
15583;201500017280;15;3;24;900;1;1;3;1;3;147;LA BADINIERE;M;4905490.0;-147216.0;500
15584;201500017281;15;6;15;1730;1;1;1;1;7;464;LE MESNIL;M;4900270.0;-135397.0;500
15585;201500017282;15;7;26;2300;3;1;2;3;3;569;LA CROIX PERIER;M;4905930.0;-133222.0;500
15586;201500017283;15;8;11;1630;2;2;1;3;6;603;RUE DE L'AMIRAL;M;4904570.0;-154435.0;500
15587;201500017284;15;8;15;1545;1;1;2;1;3;389;;M;4901270.0;-136168.0;500
15588;201500017285;15;9;5;900;1;1;2;1;3;513;LA VALTOLAINE;M;4896870.0;-129625.0;500
15589;201500017286;15;9;12;2200;2;1;1;1;6;58;LA LOUVERIE;M;4906990.0;-156927.0;500
15590;201500017288;15;10;3;1830;1;1;2;1;1;145;;M;4904430.0;-139273.0;500
15591;201500017289;15;11;14;15;3;1;1;1;6;215;ROUTE DE MONTSURVENT;M;4910610.0;-155845.0;500
15592;201500017290;15;12;30;1515;1;1;1;1;6;58;LA MARTINIERE;M;4907770.0;-153637.0;500
15593;201500017291;15;8;6;2015;1;1;2;1;3;63;ROUTE DE MERMONT;M;4930630.0;-158837.0;500
15594;201500017292;15;7;31;1130;1;1;3;1;3;168;05130;M;4448531.0;594991.0;50
15595;201500017294;15;2;19;800;1;1;1;1;1;165;;M;4442735.0;579504.0;50
15596;201500017297;15;7;9;2345;3;1;1;1;6;16;;M;4446051.0;574175.0;50
15597;201500017298;15;8;10;1500;1;2;1;1;3;166;Route de marseille;M;4443169.0;571314.0;50
15598;201500017299;15;9;7;2345;3;1;1;1;6;48;;M;4441739.0;562465.0;50
15599;201500017300;15;9;13;1830;1;1;1;1;1;129;;M;4437092.0;553060.0;50
15600;201500017301;15;8;19;1615;1;1;9;1;6;72;;M;4464792.0;608638.0;50
15601;201500017302;15;1;6;645;3;1;1;2;7;123;05400;M;4454862.0;598096.0;50
15602;201500017303;15;3;5;1530;1;1;1;1;7;99;05400;M;4450535.0;581583.0;50
15603;201500017304;15;2;14;1545;1;1;1;4;7;124;;M;4458659.0;616074.0;50
15604;201500017305;15;6;2;1615;1;1;1;1;6;84;;M;4455506.0;624061.0;50
15605;201500017306;15;6;3;1700;3;1;3;1;3;124;;M;4457749.0;614234.0;50
15606;201500017307;15;6;30;1345;1;1;1;1;2;106;;M;4452800.0;635881.0;50
15607;201500017308;15;12;26;1830;3;1;1;1;4;40;;M;4453285.0;630747.0;50
15608;201500017309;15;4;2;1745;3;1;1;1;6;45;;M;4453093.0;643090.0;50
15609;201500017310;15;5;12;2130;3;1;1;1;7;164;05160;M;4456210.0;637683.0;50
15610;201500017311;15;5;17;1420;1;1;1;1;7;36;05380;M;4462124.0;653506.0;50
15611;201500017312;15;1;12;2020;1;1;6;1;7;254;;M;4914030.0;-42093.0;140
15612;201500017313;15;2;15;2325;3;2;1;1;6;288;;M;4924950.0;-48486.0;140
15613;201500017314;15;5;8;525;3;1;1;1;6;311;;M;4914530.0;-53054.0;140
15614;201500017315;15;12;5;730;5;1;1;1;6;454;;M;4915220.0;-47589.0;140
15615;201500017316;15;1;26;2315;3;1;1;1;6;668;;M;4926610.0;-89415.0;140
15616;201500017317;15;5;26;1845;1;1;1;1;3;506;;;;;140
15617;201500017318;15;6;28;2100;2;1;1;1;3;50;;M;4914820.0;-89779.0;140
15618;201500017319;15;7;9;945;1;2;1;1;6;370;RUE DE BAYEUX;M;4924290.0;-87177.0;140
15619;201500017320;15;8;3;1800;1;2;1;1;6;256;;M;4932210.0;-78648.0;140
15620;201500017321;15;8;24;1530;1;1;2;1;3;138;;M;4923100.0;-100196.0;140
15621;201500017322;15;9;30;2015;5;2;1;1;7;103;;M;4924680.0;-85768.0;140
15622;201500017323;15;11;6;745;2;1;1;1;6;298;;;;;140
15623;201500017324;15;12;17;1115;1;2;3;1;2;342;CENTRE VILLE;M;4931700.0;-110265.0;140
15624;201500017325;15;1;10;1300;1;2;1;8;3;515;AV DU G?N?RAL DE GAULLE;M;4934500.0;-75294.0;140
15625;201500017326;15;2;4;2200;3;1;6;1;6;191;;M;4930340.0;-43707.0;140
15626;201500017327;15;8;13;1145;1;1;1;8;6;400;;M;4928700.0;-60223.0;140
15627;201500017328;15;9;10;1900;1;2;2;7;5;22;;M;4933960.0;-58647.0;140
15628;201500017329;15;9;14;415;3;1;1;2;6;391;;M;4931060.0;-74028.0;140
15629;201500017330;15;10;3;1702;1;1;3;1;2;391;;M;4931360.0;-74129.0;140
15630;201500017331;15;10;17;450;4;2;1;1;7;191;;M;4933580.0;-46530.0;140
15631;201500017332;15;11;24;1045;1;1;1;2;7;535;;M;4930000.0;-47950.0;140
15632;201500017333;15;2;4;815;1;1;1;4;1;760;;M;4910830.0;-63314.0;140
15633;201500017334;15;7;1;1815;1;2;1;1;6;143;13 RUE THIERS;M;4909150.0;-80569.0;140
15634;201500017335;15;10;31;1900;2;1;1;1;1;278;DÉPARTEMENTALE 13;M;4917580.0;-60024.0;140
15635;201500017336;15;12;14;2015;3;1;3;2;3;752;;;;;140
15636;201500017337;15;1;21;2000;3;1;4;1;6;578;;M;4936940.0;20454.0;140
15637;201500017338;15;3;24;1630;1;1;1;8;5;131;;M;4931830.0;14577.0;140
15638;201500017339;15;8;18;1420;1;2;3;1;1;102;D579A;M;4923070.0;22517.0;140
15639;201500017340;15;9;13;1825;1;1;1;1;3;299;;M;4935500.0;27000.0;140
15640;201500017342;15;2;17;2050;3;1;1;1;6;126;;M;4916870.0;4039.0;140
15641;201500017343;15;12;2;1730;5;2;1;1;6;229;GRANDE RUE;M;4923220.0;-4103.0;140
15642;201500017344;15;2;25;1610;1;1;3;8;3;456;;M;4911990.0;-18542.0;140
15643;201500017345;15;3;27;1545;1;2;1;1;6;623;PARKING DU COLL?GE;M;4910860.0;-37346.0;140
15644;201500017346;15;5;6;2145;3;1;1;1;6;408;;M;4909510.0;-37495.0;140
15645;201500017347;15;5;22;1830;1;1;3;1;3;145;;M;4904090.0;-28013.0;140
15646;201500017348;15;6;25;1330;1;2;1;1;3;57;;M;4912790.0;-21411.0;140
15647;201500017349;15;9;8;1745;1;2;2;1;3;20;;M;4912370.0;-17143.0;140
15648;201500017350;15;11;29;1820;5;2;1;1;3;761;;M;4912200.0;-19747.0;140
15649;201500017351;15;4;24;615;3;1;1;1;7;628;;M;4897030.0;-52676.0;140
15650;201500017352;15;5;17;1530;1;1;1;1;7;602;;M;4892710.0;-55935.0;140
15651;201500017353;15;10;26;1745;2;1;1;8;6;251;;;;;140
15652;201500017354;15;10;28;920;1;2;1;1;3;307;;M;4902180.0;-47981.0;140
15653;201500017355;15;12;3;1800;5;2;3;1;3;689;D6;M;4899150.0;-48478.0;140
15654;201500017356;15;1;9;2030;3;1;1;1;1;582;;M;4909780.0;20609.0;140
15655;201500017357;15;1;21;1930;2;1;1;1;4;326;;M;4917790.0;29736.0;140
15656;201500017358;15;2;18;1215;1;1;3;1;3;148;;M;4899790.0;34822.0;140
15657;201500017359;15;7;4;2345;3;1;1;1;6;740;;M;4901890.0;43054.0;140
15658;201500017360;15;8;13;100;3;1;1;2;1;371;;M;4898170.0;15274.0;140
15659;201500017361;15;9;23;1345;1;1;3;1;3;571;ROUTE D'ORBEC;M;4909430.0;30448.0;140
15660;201500017362;15;11;5;1800;1;1;1;1;2;270;;M;4914420.0;31828.0;140
15661;201500017363;15;12;23;1430;1;1;1;1;6;484;;;;;140
15662;201500017364;15;1;26;700;3;1;2;2;1;749;;M;4906860.0;-13044.0;140
15663;201500017366;15;6;18;1110;1;2;3;2;3;431;;M;4907640.0;-6464.0;140
15664;201500017367;15;7;7;2145;3;1;1;1;6;648;;M;4912680.0;14336.0;140
15665;201500017368;15;9;20;1145;1;1;1;1;7;345;;M;4898840.0;-6410.0;140
15666;201500017369;15;11;2;645;4;1;3;5;3;201;;M;4911740.0;2218.0;140
15667;201500017370;15;7;10;830;1;1;1;1;6;658;;M;4883590.0;-106123.0;140
15668;201500017371;15;8;9;900;1;1;1;1;6;545;;M;4883240.0;-86556.0;140
15669;201500017372;15;8;17;845;1;1;1;1;6;388;;M;4881100.0;-87189.0;140
15670;201500017373;15;10;26;1115;1;1;1;1;6;584;;M;4881970.0;-90789.0;140
15671;201500017374;15;12;6;1635;1;1;1;1;6;174;;M;4886040.0;-53307.0;140
15672;201500017375;15;7;16;730;1;2;1;1;6;10;d 2210;M;0.0;0.0;60
15673;201500017376;15;7;19;630;1;1;1;1;7;38;;M;0.0;0.0;60
15674;201500017377;15;9;26;1445;1;1;1;1;6;148;;M;0.0;0.0;60
15675;201500017378;15;10;11;1600;1;1;9;1;2;112;;M;0.0;0.0;60
15676;201500017379;15;5;1;1200;1;1;1;1;6;136;;M;0.0;0.0;60
15677;201500017380;15;11;5;830;2;1;1;1;1;136;;M;0.0;0.0;60
15678;201500017381;15;11;10;1000;1;2;1;1;7;136;Route de Beroulf;M;0.0;0.0;60
15679;201500017382;15;2;3;1545;1;1;1;8;1;59;;M;4373057.0;737710.0;60
15680;201500017383;15;1;31;1800;5;2;1;1;6;32;91 Avenue du 3 septembre;M;4372289.0;739510.0;60
15681;201500017384;15;2;23;1915;5;1;1;1;2;59;;M;4372058.0;737264.0;60
15682;201500017386;15;4;8;1130;1;2;1;1;3;32;avenue Général de Gaulle;M;0.0;0.0;60
15683;201500017387;15;5;25;1445;1;1;1;1;3;59;;M;0.0;0.0;60
15684;201500017388;15;6;23;845;1;1;1;1;1;59;;M;0.0;0.0;60
15685;201500017389;15;9;4;1600;1;2;1;1;6;150;50 route de beausoleil;M;0.0;0.0;60
15686;201500017390;15;9;10;1045;1;2;1;1;1;32;126 av du 3 septembre;M;0.0;0.0;60
15687;201500017391;15;10;23;1830;1;1;1;1;6;59;;M;0.0;0.0;60
15688;201500017392;15;12;12;400;5;2;9;1;3;59;avenue de verdun;M;0.0;0.0;60
15689;201500017393;15;6;24;1300;1;1;1;1;1;143;;M;0.0;0.0;60
15690;201500017394;15;5;31;1645;1;1;2;1;3;56;;M;0.0;0.0;60
15691;201500017395;15;6;25;1245;1;1;1;1;7;125;;M;0.0;0.0;60
15692;201500017396;15;8;29;1845;2;1;1;1;7;94;;M;0.0;0.0;60
15693;201500017397;15;6;27;1730;1;1;1;1;6;153;;M;0.0;0.0;60
15694;201500017398;15;7;2;1815;1;1;1;1;6;144;;M;0.0;0.0;60
15695;201500017400;15;6;28;1915;1;1;1;1;1;103;;M;0.0;0.0;60
15696;201500017401;15;8;1;930;1;1;1;1;7;32;;M;4802100.0;75500.0;720
15697;201500017402;15;12;11;2245;3;1;1;2;3;224;;M;4803500.0;48300.0;720
15698;201500017403;15;5;17;1445;1;2;1;1;6;173;zone du puit;M;0.0;0.0;720
15699;201500017404;15;6;11;730;1;1;1;1;3;325;;M;4779500.0;45900.0;720
15700;201500017405;15;7;17;1230;1;2;1;1;1;68;64 avenue des déportés;M;0.0;0.0;720
15701;201500017406;15;8;31;1900;1;1;1;1;3;221;;M;4767300.0;39300.0;720
15702;201500017407;15;9;28;2000;1;2;1;1;1;52;27 rue saint blaise;M;0.0;0.0;720
15703;201500017408;15;10;16;1915;1;1;1;1;1;384;;M;4769300.0;45500.0;720
15704;201500017409;15;10;25;1200;1;1;1;1;1;143;;M;4786900.0;47300.0;720
15705;201500017410;15;12;27;900;1;2;1;1;6;71;5 rue des platanes;M;4769600.0;41400.0;720
15706;201500017411;15;12;28;1130;1;2;1;1;6;71;80 rue jean jaures;M;0.0;0.0;720
15707;201500017412;15;12;29;815;2;1;1;1;6;153;;M;4780400.0;40500.0;720
15708;201500017413;15;1;11;1600;1;1;1;1;7;189;;M;0.0;0.0;720
15709;201500017414;15;3;17;1300;1;1;3;1;3;39;;M;0.0;0.0;720
15710;201500017415;15;4;17;315;3;1;1;1;6;39;;M;0.0;0.0;720
15711;201500017416;15;5;23;1115;1;2;1;1;2;39;place Saint Etienne;M;0.0;0.0;720
15712;201500017417;15;6;27;2015;1;1;1;1;1;86;LA PLANCHE;M;0.0;0.0;720
15713;201500017418;15;9;27;2045;3;1;2;1;1;112;;M;0.0;0.0;720
15714;201500017419;15;10;31;1230;1;1;1;1;3;180;;M;4835300.0;32000.0;720
15715;201500017420;15;1;1;400;3;1;1;5;6;57;;M;0.0;0.0;720
15716;201500017423;15;9;4;1900;1;1;1;1;7;93;;M;0.0;0.0;720
15717;201500017424;15;7;10;1445;1;2;1;1;3;212;lieu dit la brousse;M;0.0;0.0;720
15718;201500017425;15;3;20;2045;3;1;1;1;1;29;;M;4935900.0;590400.0;540
15719;201500017426;15;6;13;1200;1;1;1;1;6;334;;M;4929800.0;585500.0;540
15720;201500017427;15;11;21;1730;3;2;1;3;6;425;46 rue de Verdun;M;4931080.0;577420.0;540
15721;201500017428;15;2;22;1900;2;1;1;1;3;455;;M;4849000.0;649500.0;540
15722;201500017429;15;5;10;530;2;2;1;1;6;238;15 route de Nancy RN 57;M;4840743.0;625523.0;540
15723;201500017431;15;1;16;1415;1;2;1;2;3;129;42 rue poincare;M;4858313.0;694408.0;540
15724;201500017432;15;5;24;1015;1;2;1;1;6;40;4 rue de la Chapelotte;M;4850091.0;691174.0;540
15725;201500017433;15;6;10;815;1;2;1;7;2;35;33 rue Carnot;M;4864466.0;680012.0;540
15726;201500017434;15;2;28;1700;1;1;2;7;3;343;;M;4884989.0;580420.0;540
15727;201500017436;15;10;17;30;3;1;1;3;7;275;;M;4895700.0;590200.0;540
15728;201500017437;15;5;24;1245;1;2;1;1;6;150;RD115 - Foiral du Haut;M;4240392.0;248044.0;660
15729;201500017438;15;5;28;1945;2;2;1;1;1;3;;M;0.0;0.0;660
15730;201500017439;15;12;20;1750;5;2;1;1;6;220;144, REPUBLIQUE (AVENUE;;;;140
15731;201500017440;15;12;30;1635;1;2;1;1;7;715;ARISTIDE BRIAND (BOULEVA;;;;140
15732;201500017441;15;2;21;1710;1;2;2;1;6;220;CORNUCHE (BOULEVARD);M;4935930.0;6870.0;140
15733;201500017442;15;2;26;1635;1;2;2;2;6;220;190, REPUBLIQUE (AVENUE;M;4935580.0;6983.0;140
15734;201500017443;15;3;6;1700;1;2;1;1;6;715;06, ENSEIGNE MILLOT (RUE;M;4935710.0;9163.0;140
15735;201500017444;15;2;6;2005;5;2;1;1;6;557;OX AND BUCKS (AVENUE);M;4933770.0;9305.0;140
15736;201500017445;15;3;4;1310;1;2;1;1;6;699;24, ARISTIDE BRIAND (AVE;M;4934680.0;10017.0;140
15737;201500017446;15;3;15;605;3;1;1;1;6;557;C.D. 27;M;4932730.0;9087.0;140
15738;201500017447;15;3;26;210;5;1;1;1;6;715;AGUESSEAU (ROUTE D');M;4937140.0;11978.0;140