;Num_Acc;an;mois;jour;hrmn;lum;agg;int;atm;col;com;adr;gps;lat;long;dep
15739;201500017448;15;5;27;20;3;1;1;1;6;699;HONFLEUR (ROUTE D'HONFLE;M;4935490.0;11983.0;140
15740;201500017449;15;4;18;1850;1;1;1;1;2;715;59, HONFLEUR (ROUTE D');M;4938290.0;10172.0;140
15741;201500017450;15;4;21;1845;1;2;1;1;2;79;108, MICHEL D'ORNANO (AV;M;4933550.0;2103.0;140
15742;201500017451;15;4;30;1330;1;2;1;2;6;220;ALBERT 1ER(QUAI);M;4936530.0;7736.0;140
15743;201500017452;15;1;3;530;3;1;1;2;3;699;CHEMIN DE BRIQUETTERIE;M;4934330.0;9498.0;140
15744;201500017453;15;5;1;1035;1;2;1;1;6;220;APPONTEMENT FERNAND MOUR;M;4936470.0;8147.0;140
15745;201500017454;15;5;8;730;1;1;1;1;6;701;CD 278;M;4931360.0;7798.0;140
15746;201500017455;15;5;10;1645;1;2;1;1;2;699;COQUETIERE (CHEMIN DE LA;M;4934600.0;11466.0;140
15747;201500017456;15;5;10;1410;1;2;3;1;3;715;AGUESSEAU (RUE D');M;4936240.0;9371.0;140
15748;201500017457;15;5;17;1210;1;1;1;1;3;715;AGUESSEAU (RUE D');M;4936640.0;10713.0;140
15749;201500017458;15;5;18;610;2;2;1;1;7;715;136, HAUTPOUL (BOULEVARD;M;4936460.0;8388.0;140
15750;201500017460;15;6;6;1300;1;2;1;1;5;220;FERNAND MOUREAUX (BOULEV;M;4936470.0;8224.0;140
15751;201500017461;15;6;14;1;5;2;2;1;3;220;OLLIFFE (RUE);M;4935880.0;7806.0;140
15752;201500017462;15;6;25;1400;1;2;1;1;6;699;53, ARISTIDE BRIAND (AVE;M;4934860.0;9861.0;140
15753;201500017463;15;7;13;2320;5;2;6;1;3;220;REPUBLIQUE (AVENUE DE LA;M;4935980.0;8093.0;140
15754;201500017464;15;7;7;800;1;2;1;1;1;699;7, CLOS BATTEUX (RUE DU);M;4935000.0;10003.0;140
15755;201500017466;15;7;4;1405;1;1;1;1;1;79;C D 27;;;;140
15756;201500017467;15;7;15;1420;1;2;1;1;3;699;DOCTEUR LAINE (RUE DU);;;;140
15757;201500017468;15;7;25;1910;1;1;2;1;3;79;C D 27;;;;140
15758;201500017469;15;7;26;1455;1;2;1;2;7;715;82, FERNAND MOUREAUX (BO;;;;140
15759;201500017470;15;8;3;1715;1;2;1;1;7;557;AVENUE MICHEL D'ORNANO;;;;140
15760;201500017471;15;8;4;1815;1;2;6;1;3;220;AGUSTE-DECAENS (RUE);;;;140
15761;201500017472;15;8;12;1600;1;2;1;1;7;220;3, GENERAL DE GAULLE (AV;;;;140
15762;201500017473;15;8;14;1530;1;2;1;1;7;220;MARECHAUX (RUE DES);;;;140
15763;201500017474;15;8;21;1950;1;1;1;1;3;79;BRIGADE PIRON (AVENUE DE;;;;140
15764;201500017475;15;8;22;1830;1;1;2;1;3;79;BRIGADE PIRON (AVENUE DE;M;4932400.0;3632.0;140
15765;201500017476;15;8;30;1520;1;2;3;1;3;59;LITTORAL (AVENUE DU);;;;140
15766;201500017477;15;8;31;630;2;2;1;1;7;220;DESIRE LE HOC (RUE);;;;140
15767;201500017478;15;9;19;1315;1;1;1;1;1;79;VILLERS (ROUTE DE);M;4930930.0;3374.0;140
15768;201500017479;15;9;7;2200;5;2;1;1;6;220;LUCIEN-BARRIERE (AVENUE);;;;140
15769;201500017480;15;9;12;1440;1;2;1;1;7;699;CD 677;;;;140
15770;201500017481;15;9;18;830;1;2;1;1;6;715;COMMANDANT CHARCOT (RUE;;;;140
15771;201500017482;15;9;24;1825;1;1;1;1;1;715;33, FONTAINE DE CALLENVI;;;;140
15772;201500017483;15;9;27;1740;1;1;2;1;3;701;CD 275;;;;140
15773;201500017484;15;9;27;1300;1;1;2;1;3;79;VILLERS (ROUTE DE);;;;140
15774;201500017485;15;10;10;2025;5;2;1;1;6;220;MARINE (QUAI DE LA );M;4936080.0;8021.0;140
15775;201500017486;15;10;2;1710;1;2;3;1;3;715;HAUTPOUL (BOULEVARD);;;;140
15776;201500017487;15;1;9;2330;3;2;1;1;7;196;RUE DE LA GABARRE;M;4253417.0;295099.0;660
15777;201500017488;15;10;4;1355;1;2;1;1;6;715;ALBERT 1ER(QUAI);;;;140
15778;201500017489;15;10;6;1140;1;2;1;2;6;220;45, REPUBLIQUE (AVENUE D;;;;140
15779;201500017490;15;10;25;2155;3;1;1;1;7;715;AGUESSEAU (ROUTE D');;;;140
15780;201500017491;15;10;28;1125;1;2;1;1;2;220;REPUBLIQUE (AVENUE DE LA;;;;140
15781;201500017492;15;11;3;1030;1;2;3;1;6;220;TOUQUES (QUAI DE LA);;;;140
15782;201500017493;15;11;17;1645;1;2;1;2;7;220;4, VERDUN (RUE DE);;;;140
15783;201500017494;15;12;4;750;5;2;1;1;7;715;HAUTPOUL (BOULEVARD);;;;140
15784;201500017495;15;12;6;1150;1;2;2;1;3;220;REPUBLIQUE (AVENUE DE LA;;;;140
15785;201500017496;15;12;8;1205;1;2;3;2;3;220;CORNUCHE (BOULEVARD);;;;140
15786;201500017497;15;1;11;1440;1;2;1;1;6;220;QUAI DES YACHTS;M;4936310.0;7891.0;140
15787;201500017498;15;1;4;2005;5;2;6;1;3;220;LOUIS-ARMAND (PLACE);M;4936030.0;8235.0;140
15788;201500017499;15;1;5;1610;1;2;6;1;6;220;MAUGER (BOULEVARD);M;4935980.0;8093.0;140
15789;201500017500;15;1;20;920;1;2;1;1;6;220;BRIQUETTERIE (CHEMIN DE;M;4935990.0;8272.0;140
15790;201500017501;15;7;13;115;5;2;1;1;7;24;CD900 - avenue d'Espagne;M;4252440.0;283153.0;660
15791;201500017503;15;5;7;2130;3;1;1;1;7;57;;M;0.0;0.0;660
15792;201500017505;15;10;5;1630;1;1;1;1;6;161;;M;4260538.0;239836.0;660
15793;201500017506;15;2;27;510;3;2;1;4;6;4;rue du tennis;;;;660
15794;201500017507;15;7;19;1230;1;1;1;7;7;20;;M;0.0;0.0;660
15795;201500017508;15;8;13;130;3;1;1;8;6;80;;M;0.0;0.0;660
15796;201500017509;15;8;5;1515;1;1;1;1;5;96;;M;0.0;0.0;660
15797;201500017510;15;8;30;1630;1;1;1;1;6;187;;M;0.0;0.0;660
15798;201500017511;15;9;15;1530;1;1;1;1;6;187;;M;0.0;0.0;660
15799;201500017512;15;7;16;1545;1;1;1;1;1;112;;M;0.0;0.0;580
15800;201500017514;15;12;18;1745;3;1;1;1;1;278;;M;0.0;0.0;580
15801;201500017515;15;2;24;1400;1;1;1;1;1;177;;M;0.0;0.0;580
15802;201500017516;15;5;2;1100;1;2;7;2;1;62;place gudin;M;0.0;0.0;580
15803;201500017517;15;4;2;1130;1;1;1;2;7;120;;M;0.0;0.0;580
15804;201500017518;15;7;24;1430;1;1;1;1;1;210;;M;0.0;0.0;580
15805;201500017519;15;2;10;1030;1;1;1;1;7;17;;M;0.0;0.0;580
15806;201500017520;15;4;20;1545;1;2;1;1;7;24;lieu dit champ tournet;M;0.0;0.0;580
15807;201500017522;15;8;15;2145;3;1;1;1;6;233;;M;0.0;0.0;580
15808;201500017523;15;11;9;2300;3;1;1;1;6;4;;M;0.0;0.0;580
15809;201500017524;15;11;2;1700;2;1;1;1;6;218;;M;0.0;0.0;580
15810;201500017525;15;11;13;1700;2;1;3;8;5;302;;M;0.0;0.0;580
15811;201500017526;15;11;20;2215;4;2;1;2;6;298;LES BARBELOUPS;M;0.0;0.0;580
15812;201500017527;15;1;8;945;1;1;1;1;7;217;;M;0.0;0.0;580
15813;201500017528;15;5;11;530;2;2;1;1;6;154;D42;M;0.0;0.0;580
15814;201500017529;15;2;10;945;1;1;1;1;7;60;LE MOURRET;M;0.0;0.0;260
15815;201500017530;15;6;20;2130;2;2;1;1;1;108;QUAI MAURICE FAURE;M;0.0;0.0;260
15816;201500017531;15;8;7;1345;1;1;1;1;3;195;RD 70;M;0.0;0.0;260
15817;201500017533;15;8;24;1030;1;2;1;3;6;11;INTERMARCHE;M;4472240.0;503580.0;260
15818;201500017534;15;10;14;1415;1;2;3;8;1;108;RUE MAURICE LONG;M;0.0;0.0;260
15819;201500017535;15;12;24;1400;1;1;1;1;3;108;lLES BLACHES;M;0.0;0.0;260
15820;201500017536;15;8;3;1215;1;1;1;1;4;318;RD 94;M;0.0;0.0;260
15821;201500017537;15;7;3;1745;1;2;1;1;6;63;2 RUE NOTRE DAME LA BRUN;M;4427520.0;527410.0;260
15822;201500017538;15;8;16;1715;1;2;1;1;6;63;BOULEVARD CLEMENCEAU;M;0.0;0.0;260
15823;201500017540;15;4;17;1700;1;1;1;1;3;83;LES RIVIERS;M;4525330.0;496040.0;260
15824;201500017541;15;5;6;630;1;1;1;1;7;363;;M;4764800.0;608600.0;700
15825;201500017542;15;2;14;1400;1;1;2;1;3;476;;M;0.0;0.0;700
15826;201500017543;15;3;2;1545;1;1;1;1;1;542;;M;0.0;0.0;700
15827;201500017544;15;6;5;1415;1;1;1;1;1;509;;M;4732400.0;573500.0;700
15828;201500017545;15;8;8;1215;1;1;1;3;6;60;;M;0.0;0.0;700
15829;201500017546;15;8;20;1845;1;2;1;1;1;533;rue du lavoir;M;0.0;0.0;700
15830;201500017547;15;9;1;1730;1;1;1;8;3;356;;M;4737993.0;593345.0;700
15831;201500017548;15;10;22;2130;3;1;1;2;1;494;;M;4727690.0;570158.0;700
15832;201500017549;15;3;16;1500;1;1;1;1;7;453;;M;0.0;0.0;700
15833;201500017550;15;8;2;1645;1;2;1;1;3;16;D6;M;0.0;0.0;700
15834;201500017551;15;12;10;2145;3;1;1;5;1;473;;M;4779539.0;640211.0;700
15835;201500017552;15;6;4;1300;1;1;1;7;1;156;;M;4316037.0;-47482.0;640
15836;201500017553;15;3;28;730;2;1;1;2;3;153;;M;4675201.0;-109559.0;850
15837;201500017554;15;4;29;1745;1;1;1;1;6;84;;M;4680545.0;-120576.0;850
15838;201500017555;15;5;17;1745;1;1;1;1;7;142;;M;4673781.0;-127015.0;850
15839;201500017558;15;12;6;130;3;1;1;1;6;17;;M;4688859.0;-109952.0;850
15840;201500017559;15;3;26;1430;1;2;1;1;6;350;371b rue centrale;M;0.0;0.0;10
15841;201500017560;15;6;12;15;5;2;1;1;6;254;Chemin du gourd;M;4617224.0;528026.0;10
15842;201500017561;15;6;27;200;3;1;1;1;6;350;;M;0.0;0.0;10
15843;201500017562;15;8;26;1015;1;1;6;1;3;350;;M;0.0;0.0;10
15844;201500017563;15;9;8;1830;2;2;3;7;6;72;avenue alexandre dumas;M;4617771.0;531955.0;10
15845;201500017564;15;1;1;1915;3;1;1;1;6;383;;M;4609869.0;515033.0;10
15846;201500017565;15;1;19;1245;1;1;1;2;6;272;;M;4616575.0;496959.0;10
15847;201500017567;15;6;4;645;1;1;2;1;1;74;;M;0.0;0.0;10
15848;201500017568;15;6;6;300;5;2;1;1;6;92;RD904;M;0.0;0.0;10
15849;201500017569;15;8;23;1145;1;1;2;3;3;85;;M;0.0;0.0;10
15850;201500017570;15;9;1;500;3;1;1;8;1;235;;M;0.0;0.0;10
15851;201500017571;15;11;28;1845;3;1;1;1;1;92;;M;0.0;0.0;10
15852;201500017572;15;12;6;1230;1;2;3;1;3;235;496 route de saint nizie;M;0.0;0.0;10
15853;201500017573;15;12;6;2030;3;1;1;1;6;383;;M;0.0;0.0;10
15854;201500017574;15;3;1;2030;3;1;1;2;1;352;;M;4638261.0;502188.0;10
15855;201500017575;15;5;25;1845;1;1;2;1;1;352;;M;0.0;0.0;10
15856;201500017576;15;12;18;815;1;1;1;1;1;115;;M;0.0;0.0;10
15857;201500017577;15;12;23;1600;1;2;1;1;3;24;Chemin des Channées;M;0.0;0.0;10
15858;201500017579;15;12;18;2030;3;2;1;1;1;231;grandroute;M;0.0;0.0;10
15859;201500017580;15;12;21;30;3;1;1;1;6;365;Route du grand bagne;M;4627696.0;492298.0;10
15860;201500017581;15;7;11;1130;1;1;1;1;3;34;;M;0.0;0.0;10
15861;201500017582;15;2;19;1330;1;1;3;7;3;138;;M;0.0;0.0;10
15862;201500017583;15;4;7;1700;1;1;1;1;6;36;;M;0.0;0.0;10
15863;201500017585;15;6;16;1730;1;1;1;2;1;66;;M;0.0;0.0;10
15864;201500017587;15;8;4;1500;1;1;1;1;7;414;;M;0.0;0.0;10
15865;201500017588;15;9;6;1045;1;1;1;1;5;36;;M;0.0;0.0;10
15866;201500017589;15;9;27;1815;1;1;1;1;6;234;;M;0.0;0.0;10
15867;201500017590;15;9;28;1745;1;1;1;1;7;372;;M;0.0;0.0;10
15868;201500017591;15;11;30;1630;2;2;4;1;3;148;;M;0.0;0.0;10
15869;201500017592;15;2;15;1315;1;2;1;1;2;170;Lieu dit La Croix Chalon;M;4617772.0;555453.0;10
15870;201500017593;15;3;20;1715;1;2;2;1;3;265;Rue du Jura;M;4617297.0;557770.0;10
15871;201500017594;15;4;25;130;5;2;1;1;5;170;RD18;M;0.0;0.0;10
15872;201500017595;15;5;14;1715;1;1;1;1;3;192;;M;0.0;0.0;10
15873;201500017596;15;6;16;415;2;1;1;1;1;269;;M;0.0;0.0;10
15874;201500017597;15;7;22;1915;1;1;1;1;7;87;;M;4618598.0;568203.0;10
15875;201500017598;15;11;6;1245;1;1;1;1;3;204;;M;0.0;0.0;10
15876;201500017599;15;3;10;1115;1;1;1;1;5;75;;M;0.0;0.0;10
15877;201500017600;15;5;11;900;1;1;2;1;1;362;;M;4595895.0;489103.0;10
15878;201500017601;15;9;15;1800;1;2;1;1;6;52;le village;M;0.0;0.0;10
15879;201500017602;15;9;18;1000;1;1;6;1;2;333;;M;0.0;0.0;10
15880;201500017603;15;10;7;1200;1;1;2;1;3;446;;M;0.0;0.0;10
15881;201500017604;15;12;16;1145;1;1;1;1;7;250;;M;0.0;0.0;10
15882;201500017607;15;8;2;2015;2;1;2;1;3;167;;M;0.0;0.0;10
15883;201500017608;15;9;10;1045;1;1;1;1;3;348;;M;0.0;0.0;10
15884;201500017609;15;9;18;1945;3;1;1;1;7;389;;M;0.0;0.0;10
15885;201500017610;15;6;3;1145;1;2;1;1;6;268;AVENUE DU 15 SEPTEMBRE;M;0.0;0.0;150
15886;201500017611;15;8;13;715;2;2;9;2;6;122;tour de ville;M;4471700.0;219800.0;150
15887;201500017612;15;10;1;900;1;2;1;1;6;268;Avenue du 15 Septembre;M;0.0;0.0;150
15888;201500017613;15;9;26;1745;1;2;1;1;2;154;RN122;M;0.0;0.0;150
15889;201500017614;15;8;14;1500;1;1;1;3;6;153;;M;4512600.0;223800.0;150
15890;201500017616;15;7;29;1045;1;1;1;2;6;162;;M;4531700.0;267100.0;150
15891;201500017617;15;8;2;1745;1;1;1;1;6;40;;M;0.0;0.0;150
15892;201500017618;15;10;23;1430;1;1;1;7;1;243;;M;4526200.0;254500.0;150
15893;201500017619;15;12;25;1600;1;1;1;1;3;170;;M;4534800.0;268600.0;150
15894;201500017620;15;10;23;745;2;2;1;9;1;265;rue de la mine;M;0.0;0.0;150
15895;201500017621;15;6;29;1300;1;1;1;1;1;45;;M;4484500.0;301800.0;150
15896;201500017622;15;7;5;2215;3;1;1;1;7;201;;M;4493500.0;279600.0;150
15897;201500017623;15;8;15;1515;1;1;1;8;3;114;;M;0.0;0.0;30
15898;201500017625;15;5;8;1545;1;1;1;8;5;246;;M;0.0;0.0;30
15899;201500017626;15;6;18;1100;1;1;1;1;1;195;;M;4627800.0;264600.0;30
15900;201500017627;15;8;1;1630;1;1;1;1;3;55;;M;0.0;0.0;30
15901;201500017628;15;3;1;1200;1;2;1;2;6;297;rue Ferdinand Delmotte;M;0.0;0.0;30
15902;201500017629;15;3;15;700;2;1;1;1;6;153;;M;0.0;0.0;30
15903;201500017630;15;7;15;15;3;2;1;1;1;84;26 route de MONTLUCON;M;0.0;0.0;30
15904;201500017631;15;3;14;1730;1;1;1;1;1;258;;M;0.0;0.0;30
15905;201500017632;15;6;17;1030;1;1;1;1;1;157;;M;0.0;0.0;30
15906;201500017633;15;6;20;1515;1;1;1;1;1;273;;M;0.0;0.0;30
15907;201500017634;15;7;26;1330;1;1;1;1;1;126;;M;0.0;0.0;30
15908;201500017636;15;11;2;715;2;1;1;1;6;236;;M;0.0;0.0;30
15909;201500017637;15;11;30;1845;3;1;1;1;1;258;;M;0.0;0.0;30
15910;201500017638;15;12;12;1345;1;2;1;1;6;236;42 rue pierre semard;M;0.0;0.0;30
15911;201500017639;15;4;12;2115;3;1;1;1;5;43;;M;0.0;0.0;30
15912;201500017640;15;8;2;1815;1;1;1;1;1;166;;M;0.0;0.0;30
15913;201500017641;15;10;7;930;1;2;1;1;3;118;rue des pouzards;M;0.0;0.0;30
15914;201500017642;15;10;13;1630;1;1;1;1;6;78;;M;0.0;0.0;30
15915;201500017643;15;3;17;2300;3;1;1;8;1;20;;M;4383011.0;531499.0;840
15916;201500017644;15;2;22;1745;1;1;1;6;6;77;;M;4408840.0;512489.0;840
15917;201500017645;15;4;22;700;1;1;1;1;3;41;;M;4410390.0;515574.0;840
15918;201500017646;15;7;11;1830;1;1;1;1;6;72;;M;4402332.0;513388.0;840
15919;201500017647;15;8;25;1545;1;1;1;1;1;17;;M;0.0;0.0;840
15920;201500017648;15;9;25;1745;1;2;1;1;6;70;avenue du docteur Tondut;M;4402177.0;539252.0;840
15921;201500017650;15;10;26;1500;1;1;1;1;1;79;;M;0.0;0.0;840
15922;201500017651;15;11;11;1230;1;1;1;1;2;107;;M;0.0;0.0;840
15923;201500017652;15;5;19;1730;1;2;3;1;3;128;rue des étuves;M;4952381.0;366742.0;20
15924;201500017653;15;8;18;830;1;1;1;8;1;46;;M;0.0;0.0;20
15925;201500017654;15;8;24;1030;1;2;1;2;6;194;14 rue de marle;M;0.0;0.0;20
15926;201500017657;15;12;5;2045;3;1;1;1;7;294;;M;0.0;0.0;20
15927;201500017658;15;4;4;100;5;1;1;5;6;820;;M;0.0;0.0;20
15928;201500017659;15;5;28;1000;1;2;1;1;6;173;39 rue Charles Brunette;M;4961871.0;321998.0;20
15929;201500017660;15;8;16;100;3;1;1;1;3;474;;M;0.0;0.0;20
15930;201500017661;15;8;24;1630;1;1;1;2;6;86;rue du rond d'arbre;M;4957749.0;321993.0;20
15931;201500017662;15;11;14;200;3;1;1;1;6;173;;M;0.0;0.0;20
15932;201500017664;15;2;18;945;1;1;4;5;1;755;;M;0.0;0.0;20
15933;201500017665;15;2;22;2200;3;1;1;2;3;602;;M;0.0;0.0;20
15934;201500017666;15;8;7;1730;1;2;1;2;6;111;RUE DE L ETANG;M;4953836.0;341856.0;20
15935;201500017668;15;5;11;945;1;1;2;1;3;800;;M;0.0;0.0;20
15936;201500017670;15;6;26;2230;3;2;1;1;1;804;;M;0.0;0.0;20
15937;201500017672;15;7;11;2045;1;1;1;1;3;804;;M;0.0;0.0;20
15938;201500017673;15;10;27;830;1;1;3;1;1;804;;M;0.0;0.0;20
15939;201500017675;15;11;7;1645;1;1;9;1;7;351;;M;0.0;0.0;20
15940;201500017676;15;11;10;1715;1;1;1;1;7;164;;M;0.0;0.0;20
15941;201500017677;15;5;8;845;1;1;1;1;6;785;;M;0.0;0.0;20
15942;201500017678;15;5;12;1620;1;1;1;1;5;658;;M;0.0;0.0;20
15943;201500017679;15;7;12;2130;2;1;1;1;6;658;;M;0.0;0.0;20
15944;201500017681;15;5;30;1915;1;1;2;1;3;539;;M;0.0;0.0;20
15945;201500017682;15;9;12;1230;1;2;3;3;1;334;Rue Albert Meunier;M;0.0;0.0;20
15946;201500017683;15;1;14;930;1;1;1;8;5;775;;M;0.0;0.0;20
15947;201500017684;15;3;29;1815;1;2;7;2;1;648;PLACE SAINT GERMAIN;M;0.0;0.0;20
15948;201500017685;15;7;17;1430;1;2;1;1;6;575;rue Pasteur;M;0.0;0.0;20
15949;201500017686;15;6;7;1700;1;2;1;1;7;326;route départementale 17;M;0.0;0.0;20
15950;201500017687;15;1;15;1845;5;2;2;1;3;810;rue Alexandre Dumas;M;4925285.0;309210.0;20
15951;201500017688;15;3;15;1600;1;1;1;1;6;810;;M;0.0;0.0;20
15952;201500017689;15;4;22;1615;1;2;3;1;3;810;rue DEMOUSTIER;M;4925015.0;308662.0;20
15953;201500017690;15;6;6;1900;1;1;1;1;5;258;;M;0.0;0.0;20
15954;201500017691;15;6;8;1745;1;1;3;1;3;216;;M;0.0;0.0;20
15955;201500017692;15;7;24;1700;1;1;3;1;3;810;;M;0.0;0.0;20
15956;201500017693;15;9;30;2330;5;2;1;1;6;810;13 avenue de Coyolles;M;0.0;0.0;20
15957;201500017694;15;11;6;1745;4;2;4;8;6;810;avenue marx dormoy;M;0.0;0.0;20
15958;201500017695;15;11;15;1130;1;2;2;1;5;172;D172-173;M;0.0;0.0;20
15959;201500017696;15;11;19;1615;1;2;1;2;6;810;rue  jean jaures;M;4925389.0;308830.0;20
15960;201500017697;15;12;1;1545;1;2;7;1;6;810;plc du docteur mouflier;M;4925438.0;309079.0;20
15961;201500017698;15;5;4;1245;1;1;3;1;3;608;;M;0.0;0.0;20
15962;201500017699;15;12;1;1800;3;1;1;1;6;264;;M;0.0;0.0;20
15963;201500017700;15;2;9;1415;1;1;1;8;2;405;;M;0.0;0.0;20
15964;201500017701;15;6;7;2000;1;2;1;1;6;684;RUE AUX LEUPS;M;4992929.0;413157.0;20
15965;201500017702;15;1;8;1545;1;2;1;1;6;141;rue de la buse;M;4997692.0;391550.0;20
15966;201500017703;15;1;21;1700;2;1;1;1;1;103;;M;0.0;0.0;20
15967;201500017704;15;4;5;1000;1;2;8;1;3;681;rue du tour de ville;M;0.0;0.0;20
15968;201500017705;15;10;10;1345;1;2;1;1;6;832;rue de monceau sur oise;M;0.0;0.0;20
15969;201500017706;15;2;5;1045;1;1;1;6;7;17;;M;4388300.0;469400.0;130
15970;201500017707;15;2;9;1330;1;1;1;1;4;45;RD570N;M;0.0;0.0;130
15971;201500017708;15;5;9;1645;1;1;1;1;3;36;***;M;0.0;0.0;130
15972;201500017709;15;6;4;1700;1;1;1;1;3;10;;M;0.0;0.0;130
15973;201500017710;15;6;15;645;2;2;1;2;1;45;CD28;M;4385200.0;477100.0;130
15974;201500017711;15;7;28;1800;1;1;1;1;1;45;***;M;0.0;0.0;130
15975;201500017712;15;8;25;1730;1;1;1;1;5;45;****;M;4384319.0;474955.0;130
15976;201500017713;15;6;12;1215;1;1;1;1;1;1;;M;0.0;0.0;380
15977;201500017714;15;2;28;200;3;1;1;8;6;22;;M;4566790.0;557328.0;380
15978;201500017717;15;9;12;2345;3;2;1;2;6;183;route de la cochère;M;4559855.0;558494.0;380
15979;201500017718;15;9;28;1545;1;2;2;1;3;297;traversée chassin;M;4569238.0;540967.0;380
15980;201500017719;15;11;1;1400;1;1;1;1;1;458;montee de la frette;M;4563421.0;547872.0;380
15981;201500017720;15;11;5;1530;1;1;1;1;1;139;;M;0.0;0.0;380
15982;201500017721;15;11;7;800;1;2;1;1;6;525;D 19 A /  rue Garnier;M;0.0;0.0;380
15983;201500017723;15;11;28;1745;3;1;2;1;3;543;;M;0.0;0.0;380
15984;201500017724;15;12;1;1945;3;1;9;1;6;124;;M;0.0;0.0;380
15985;201500017725;15;4;30;1230;1;2;2;1;3;249;RD1090/Rue Jayet;M;4523846.0;581701.0;380
15986;201500017726;15;10;16;1945;5;2;3;1;3;249;rue du général de gaulle;M;0.0;0.0;380
15987;201500017728;15;8;5;1500;1;1;1;1;1;334;;M;0.0;0.0;380
15988;201500017729;15;9;18;1145;1;2;1;1;3;150;rue aristide bergès;M;4519700.0;582000.0;380
15989;201500017731;15;7;31;1530;1;1;1;1;1;504;Les Vincents;M;4532171.0;601853.0;380
15990;201500017733;15;12;3;945;1;2;6;1;3;314;RD 523;M;4542583.0;601638.0;380
15991;201500017734;15;7;26;1815;1;1;1;1;7;394;;M;4509984.0;524462.0;380
15992;201500017735;15;2;28;145;3;1;1;1;7;457;;M;0.0;0.0;380
15993;201500017736;15;4;14;1745;1;1;1;1;6;440;;M;0.0;0.0;380
15994;201500017737;15;7;6;1345;1;1;1;1;6;58;le grand chemin;M;4534675.0;529831.0;380
15995;201500017738;15;1;2;2300;3;1;1;9;6;263;;M;0.0;0.0;380
15996;201500017739;15;1;5;1645;1;1;2;1;3;33;;M;4518223.0;540717.0;380
15997;201500017740;15;4;3;1900;1;1;1;1;1;390;;M;4520874.0;548522.0;380
15998;201500017742;15;5;23;1515;1;1;1;1;3;240;;M;0.0;0.0;380
15999;201500017743;15;7;12;1400;1;2;2;1;3;121;place de commelle;M;0.0;0.0;380
16000;201500017745;15;8;19;1045;1;1;2;1;1;130;;M;4538294.0;527681.0;380
16001;201500017746;15;9;2;1845;1;2;2;1;3;34;av Louis Michel Villaz;M;0.0;0.0;380
16002;201500017747;15;11;8;1645;1;1;1;1;6;267;;M;4541992.0;532675.0;380
16003;201500017748;15;1;11;1815;5;2;1;1;1;160;1477 ROUTE DE MEYSSIEZ;M;4546981.0;501865.0;380
16004;201500017749;15;1;15;1745;5;2;1;1;6;160;137 rue du pressoir;M;4549939.0;498009.0;380
16005;201500017750;15;5;9;530;3;1;1;1;6;131;;M;0.0;0.0;380
16006;201500017751;15;5;28;1530;1;1;1;1;5;87;;M;0.0;0.0;380
16007;201500017752;15;6;27;1015;1;1;1;1;6;160;montee du Pinet;M;4547073.0;499990.0;380
16008;201500017753;15;5;18;1800;1;1;1;1;6;519;;M;4561294.0;500510.0;380
16009;201500017755;15;7;21;900;1;1;1;1;6;584;;M;4388273.0;149260.0;310
16010;201500017756;15;7;9;830;1;2;1;7;6;407;place de l'église;M;4375558.0;155601.0;310
16011;201500017757;15;6;13;1430;1;1;1;1;3;341;;M;0.0;0.0;310
16012;201500017758;15;6;23;830;1;1;1;1;6;341;route de l'hippodrome;M;0.0;0.0;310
16013;201500017760;15;11;19;1030;2;1;1;1;7;424;RTE DES VITARELLES;M;4256620.0;132415.0;310
16014;201500017761;15;12;18;1630;1;1;1;1;3;187;;M;0.0;0.0;310
16015;201500017762;15;3;5;1500;1;1;1;1;6;504;;M;0.0;0.0;310
16016;201500017763;15;6;30;1945;1;2;1;1;6;95;chemin de cazaux;M;4303325.0;74155.0;310
16017;201500017764;15;2;25;1845;3;1;1;1;1;210;;M;4337683.0;168006.0;310
16018;201500017766;15;8;20;1615;1;1;1;1;3;174;Kerguivian;M;4790809.0;-430166.0;290
16019;201500017767;15;10;1;800;2;1;1;1;5;220;Kervaillant;M;4786761.0;-424208.0;290
16020;201500017768;15;10;28;1000;1;2;1;1;6;135;rue du Commandant Carfor;M;4783371.0;-417162.0;290
16021;201500017769;15;11;10;1945;3;1;6;1;3;75;RP Quelarnou;M;4841895.0;-443877.0;290
16022;201500017770;15;2;6;945;1;2;1;1;6;160;2 rue des écoles;M;4850552.0;-442896.0;290
16023;201500017771;15;3;1;1545;1;1;1;1;4;15;Kerdalaes RD 13;M;4851454.0;-449996.0;290
16024;201500017772;15;3;28;1530;1;2;1;2;1;160;Rue du Marechal Leclerc;M;4850527.0;-442225.0;290
16025;201500017773;15;5;12;1400;1;1;1;1;1;117;« Pont de Plouguerneau »;M;4858853.0;-450605.0;290
16026;201500017774;15;6;17;915;1;2;1;7;3;95;route de st divy;M;4847175.0;-436802.0;290
16027;201500017775;15;9;18;1615;1;2;9;1;6;160;rue des 3 fréres LeRoy;M;4850062.0;-442714.0;290
16028;201500017776;15;6;28;1730;1;1;1;1;6;79;;M;4862811.0;-391433.0;290
16029;201500017777;15;4;3;1530;1;1;1;2;1;136;LE POULDU D790;M;4792534.0;-351474.0;290
16030;201500017778;15;7;3;1130;1;2;1;1;6;293;rue de pont aven;M;4785497.0;-384572.0;290
16031;201500017779;15;9;9;2100;3;1;1;1;7;31;Groas Bihan;M;4780040.0;-359508.0;290