;Num_Acc;an;mois;jour;hrmn;lum;agg;int;atm;col;com;adr;gps;lat;long;dep
16032;201500017780;15;10;3;130;4;2;1;1;6;293;rue de Pont aven;M;4785504.0;-384596.0;290
16033;201500017781;15;12;13;630;3;1;1;1;6;236; Keranna;M;4783243.0;-370537.0;290
16034;201500017783;15;2;23;1230;1;1;1;1;2;154;;M;4355409.0;400630.0;340
16035;201500017784;15;2;6;2030;3;1;1;1;6;193;;M;4824759.0;-169177.0;350
16036;201500017785;15;8;2;1200;1;1;2;1;3;197;;M;4823448.0;-162191.0;350
16037;201500017786;15;1;24;1600;1;1;1;1;6;297;;M;4820933.0;-220492.0;350
16038;201500017787;15;1;31;2130;3;1;1;4;1;302;;M;4819000.0;-215070.0;350
16039;201500017788;15;3;18;2300;3;1;1;1;6;144;;M;4824591.0;-184462.0;350
16040;201500017789;15;4;2;1115;1;2;1;1;6;22;RUE DE LA CHANVRERIE;M;4829522.0;-194470.0;350
16041;201500017790;15;4;14;1800;1;2;1;1;3;297;rue de gael;M;4818549.0;-219353.0;350
16042;201500017791;15;8;13;1315;1;1;1;2;1;307;;M;0.0;0.0;350
16043;201500017792;15;9;1;1515;1;1;1;1;1;184;;M;4819986.0;-208612.0;350
16044;201500017793;15;11;15;1815;5;1;1;1;6;307;;M;4828758.0;-196733.0;350
16045;201500017794;15;2;21;1445;1;1;1;1;2;223;;M;4800750.0;-207765.0;350
16046;201500017795;15;5;30;1530;1;1;1;1;3;223;;M;4802699.0;-203073.0;350
16047;201500017797;15;9;13;1530;1;1;1;1;6;227;;M;4817055.0;-191136.0;350
16048;201500017798;15;9;16;1245;1;1;1;1;3;223;;M;4797646.0;-207392.0;350
16049;201500017799;15;10;21;2015;3;1;1;2;1;81;;M;4817805.0;-184794.0;350
16050;201500017800;15;10;25;1615;1;1;1;1;1;23;;M;4817798.0;-192479.0;350
16051;201500017801;15;9;14;1930;1;2;1;7;3;257;Rue d'Antrain;M;4841233.0;-136971.0;350
16052;201500017802;15;9;17;800;2;1;1;8;3;341;;M;4843491.0;-147549.0;350
16053;201500017803;15;1;4;630;3;1;1;8;6;122;;M;4860284.0;-190034.0;350
16054;201500017804;15;1;24;800;2;1;1;8;7;116;;M;4858490.0;-183104.0;350
16055;201500017805;15;2;13;715;3;1;1;8;1;299;La Coudre;M;4864981.0;-187701.0;350
16056;201500017806;15;3;11;1130;1;2;1;1;3;284;all?e du commerce;M;4860302.0;-197483.0;350
16057;201500017807;15;4;12;1245;1;1;1;1;1;132;;M;0.0;0.0;350
16058;201500017808;15;5;1;1845;1;2;1;1;6;49;quai de l'A/C Thomas;M;4867781.0;-184743.0;350
16059;201500017809;15;6;4;615;1;1;4;1;3;299;;M;4863337.0;-195009.0;350
16060;201500017810;15;6;16;1000;1;2;1;1;1;132;rue du bord de mer;M;4860811.0;-181184.0;350
16061;201500017811;15;6;25;2115;1;1;1;1;7;263;;M;4868892.0;-192567.0;350
16062;201500017812;15;6;29;1215;1;1;1;1;3;284;;M;4860660.0;-196816.0;350
16063;201500017813;15;6;29;1945;1;2;1;1;6;179;Blv de la libération;M;4851269.0;-189759.0;350
16064;201500017814;15;7;8;1545;1;2;1;1;6;132;1 grande rue;M;4861346.0;-183906.0;350
16065;201500017815;15;7;31;1045;1;2;1;1;6;224;Le Puit Saliou;M;4852995.0;-185105.0;350
16066;201500017816;15;9;24;2100;3;1;1;1;2;299;;M;4863608.0;-192518.0;350
16067;201500017817;15;10;20;800;2;1;1;8;3;224;;M;4851364.0;-185896.0;350
16068;201500017819;15;7;22;1130;1;2;9;1;6;95;boulevard deminiac;M;4854914.0;-175272.0;350
16069;201500017820;15;9;26;2245;3;1;1;1;1;104;;M;4850952.0;-168051.0;350
16070;201500017821;15;9;29;1545;1;1;1;1;6;104;;M;4852523.0;-169044.0;350
16071;201500017823;15;9;8;2100;5;2;1;1;1;161;bourg joly;M;4804745.0;-133362.0;350
16072;201500017824;15;10;11;1615;1;1;1;1;6;204;;M;4804578.0;-157128.0;350
16073;201500017825;15;10;16;945;1;2;6;1;3;99;avenue charles de gaulle;M;4806212.0;-152444.0;350
16074;201500017826;15;10;13;745;2;2;8;1;6;158;5 rue de la marquellerai;M;4727135.0;-178011.0;440
16075;201500017827;15;1;1;1715;2;1;1;8;6;213;rue d'anjou;M;4737155.0;-101685.0;440
16076;201500017828;15;2;21;2030;3;1;1;1;6;4;La métairie;M;4738500.0;-110291.0;440
16077;201500017829;15;10;10;1430;1;1;6;1;2;160;la bricauderie;M;4737986.0;-121049.0;440
16078;201500017830;15;11;6;2130;3;1;1;2;7;96;;M;4741472.0;-128561.0;440
16079;201500017832;15;9;7;915;1;1;3;1;1;107;le petit boulay;M;4743078.0;-132516.0;440
16080;201500017833;15;11;17;945;1;1;1;1;6;148;;M;0.0;0.0;440
16081;201500017834;15;12;26;400;5;2;1;1;6;170;5 Rue de la Forêt;M;0.0;0.0;440
16082;201500017835;15;9;6;1845;1;1;1;1;6;66;;M;4735405.0;-160093.0;440
16083;201500017836;15;2;20;1230;1;1;1;3;6;21;;M;4703880.0;-194346.0;440
16084;201500017837;15;6;20;1500;1;1;1;1;1;164;;M;4709916.0;-185293.0;440
16085;201500017838;15;12;1;1830;3;1;1;1;1;133;;M;0.0;0.0;440
16086;201500017839;15;6;7;1830;1;1;2;1;3;216;bel air;M;4697244.0;-138786.0;440
16087;201500017840;15;6;8;1600;1;1;1;6;2;63;;M;4707427.0;-122853.0;440
16088;201500017841;15;6;11;1415;1;1;1;1;1;102;Fouinard;M;4705239.0;-149735.0;440
16089;201500017842;15;6;7;1445;1;1;1;1;1;108;la levrauderie;M;4711698.0;-122725.0;440
16090;201500017843;15;8;30;1115;1;1;1;1;3;29;la troniere;M;4726711.0;-135575.0;440
16091;201500017844;15;10;3;815;2;1;1;1;6;29;64 route de la loire;M;4726846.0;-135588.0;440
16092;201500017845;15;4;22;1400;1;1;1;7;5;130;le malabrit;M;4710454.0;-154926.0;440
16093;201500017846;15;5;20;930;1;1;1;1;1;130;viais;M;4711289.0;-153694.0;440
16094;201500017847;15;6;25;1200;1;1;1;1;3;24;;M;4717530.0;-169390.0;440
16095;201500017848;15;10;11;2000;3;1;1;1;3;81;le retail;M;4687274.0;-156604.0;440
16096;201500017849;15;7;11;1915;1;2;1;1;1;58;Route de Lyon;M;0.0;0.0;250
16097;201500017850;15;4;11;1145;1;1;1;8;3;545;;M;4703500.0;613600.0;250
16098;201500017851;15;3;2;1345;1;1;1;2;1;424;;M;0.0;0.0;250
16099;201500017853;15;6;20;2215;2;2;1;1;6;578;10 avenue du gl burney;M;4714984.0;633913.0;250
16100;201500017854;15;6;24;1945;1;1;1;1;7;301;;M;4716482.0;657263.0;250
16101;201500017855;15;9;20;1045;1;1;1;8;7;262;;M;0.0;0.0;250
16102;201500017856;15;10;7;730;1;1;2;8;1;222;;M;4715114.0;624536.0;250
16103;201500017857;15;8;6;1815;1;1;1;1;7;378;;M;0.0;0.0;250
16104;201500017858;15;3;15;2030;5;1;1;1;6;293;;M;0.0;0.0;250
16105;201500017860;15;4;26;215;3;1;1;1;6;29;;M;0.0;0.0;250
16106;201500017861;15;6;24;1145;1;1;1;1;6;440;;M;0.0;0.0;250
16107;201500017863;15;12;14;1900;3;1;1;2;6;157;;M;4687691.0;640599.0;250
16108;201500017864;15;4;30;1845;2;1;1;2;3;121;;M;0.0;0.0;250
16109;201500017865;15;6;25;1045;1;1;1;1;7;308;;M;0.0;0.0;250
16110;201500017866;15;7;1;1715;1;1;1;1;6;308;;M;0.0;0.0;250
16111;201500017867;15;4;29;1515;1;1;1;1;1;160;;M;4703400.0;655600.0;250
16112;201500017868;15;10;24;1530;1;2;1;1;3;411;1 rue de la glapiney;M;4705300.0;659300.0;250
16113;201500017869;15;12;24;1;5;2;1;9;6;321;rue du lac;M;4706506.0;667950.0;250
16114;201500017870;15;6;13;2045;2;2;1;1;6;154;Rue du Stade;M;0.0;0.0;390
16115;201500017871;15;3;31;1445;1;1;1;2;1;397;;M;0.0;0.0;390
16116;201500017872;15;2;11;1815;2;2;1;1;6;173;95 grande rue;M;0.0;0.0;390
16117;201500017873;15;9;29;1700;1;1;1;1;6;25;Route de Bois Laurent;M;0.0;0.0;390
16118;201500017874;15;2;3;1300;1;1;1;1;1;355;;M;0.0;0.0;390
16119;201500017875;15;8;16;430;3;1;1;9;6;13;;M;4693000.0;576400.0;390
16120;201500017876;15;8;28;1245;1;1;1;1;1;13;;M;4690100.0;574000.0;390
16121;201500017877;15;8;9;1800;1;1;1;3;7;434;;M;0.0;0.0;390
16122;201500017878;15;11;18;1000;1;2;7;7;6;13;Place de la Liberté;M;4690700.0;577300.0;390
16123;201500017879;15;5;9;1430;1;2;1;1;7;500;3, hameau de Blégny;M;0.0;0.0;390
16124;201500017881;15;3;22;2245;3;1;1;8;1;30;;M;0.0;0.0;390
16125;201500017882;15;6;4;1315;1;2;1;1;6;412;D468;M;0.0;0.0;390
16126;201500017883;15;5;29;1845;1;1;3;1;3;502;;M;0.0;0.0;390
16127;201500017884;15;8;4;945;1;1;1;2;6;128;;M;4697200.0;538400.0;390
16128;201500017885;15;8;18;730;1;1;2;1;3;160;;M;0.0;0.0;390
16129;201500017886;15;11;24;1750;5;2;7;8;6;365;Place Jules Grévy;M;0.0;0.0;390
16130;201500017888;15;5;29;2300;3;1;1;1;6;184;;M;0.0;0.0;390
16131;201500017889;15;3;18;2000;5;1;1;1;3;258;;M;4651800.0;587400.0;390
16132;201500017890;15;11;4;1900;3;1;1;1;1;494;;M;4659600.0;591800.0;390
16133;201500017891;15;3;5;1330;1;1;1;1;3;232;Bel-Air;M;4862243.0;-283739.0;220
16134;201500017892;15;3;18;1400;1;2;1;1;3;55;Boulevard du littoral;M;4863609.0;-283264.0;220
16135;201500017893;15;4;16;1730;1;2;2;1;3;222;rue rené cassin;M;4867206.0;-293165.0;220
16136;201500017894;15;5;16;400;3;1;1;1;6;55;;M;4863423.0;-282505.0;220
16137;201500017895;15;5;19;1800;1;1;1;1;5;222;;M;4866769.0;-294624.0;220
16138;201500017896;15;5;27;1015;1;1;1;1;6;7;;M;4859961.0;-282602.0;220
16139;201500017897;15;1;17;715;3;1;1;9;6;136;;M;4815259.0;-275505.0;220
16140;201500017898;15;3;6;1645;1;1;3;1;3;155;la charlerie;M;4822264.0;-273856.0;220
16141;201500017899;15;5;21;1700;1;1;2;1;2;75;;M;4816231.0;-287993.0;220
16142;201500017900;15;5;22;1430;1;1;2;1;3;136;;M;4817832.0;-277863.0;220
16143;201500017901;15;6;8;945;1;1;1;1;1;376;la croix oriac;M;4822524.0;-280700.0;220
16144;201500017902;15;6;15;1300;1;2;3;1;3;136;;M;4817455.0;-275427.0;220
16145;201500017903;15;6;17;915;1;1;1;1;1;260;le roz;M;4822839.0;-292454.0;220
16146;201500017904;15;1;13;1130;1;1;1;1;6;371;lez trois moineaux;M;4819663.0;-233788.0;220
16147;201500017905;15;3;3;1530;1;1;3;1;3;288;;M;4807044.0;-264125.0;220
16148;201500017906;15;3;21;1500;1;2;7;8;6;183;;M;4817729.0;-259399.0;220
16149;201500017907;15;4;7;700;2;1;1;5;5;147;;M;4819501.0;-237371.0;220
16150;201500017908;15;6;26;1000;1;1;3;1;3;147;Les Gautrais;M;4819611.0;-236178.0;220
16151;201500017909;15;8;25;1215;1;2;1;1;6;66;place de la mairie;M;4830027.0;-251888.0;220
16152;201500017910;15;9;6;215;3;1;2;1;3;371;;M;4815829.0;-229361.0;220
16153;201500017911;15;9;10;1830;1;1;1;1;6;66;;M;4830421.0;-246929.0;220
16154;201500017912;15;10;11;2315;3;1;1;1;1;62;la croix de l'etaloir;M;4819873.0;-248051.0;220
16155;201500017913;15;10;30;1215;1;2;1;1;6;147;lieu dit la croix pinson;M;4820040.0;-241004.0;220
16156;201500017914;15;12;12;700;3;1;1;2;1;66;le champ ratel;M;4836286.0;-249741.0;220
16157;201500017915;15;12;18;2045;3;1;1;2;3;255;le pont querra;M;4818001.0;-262616.0;220
16158;201500017916;15;1;19;945;1;1;1;4;6;100;la source;M;4828120.0;-266397.0;220
16159;201500017917;15;2;8;930;1;1;1;1;6;203;Malabry;M;4833568.0;-279994.0;220
16160;201500017918;15;3;4;1345;1;1;3;1;3;79;Le Bas Guerlan;M;4840837.0;-265251.0;220
16161;201500017919;15;5;10;1445;1;1;4;1;7;203;;M;4834020.0;-276306.0;220
16162;201500017920;15;5;10;1915;1;1;2;1;5;184;la noe guenite;M;4833939.0;-264251.0;220
16163;201500017921;15;6;8;320;3;2;3;1;3;219;RUE D ENFER;M;4828039.0;-270074.0;220
16164;201500017922;15;6;15;1300;1;2;1;1;1;153;rue neuve;M;4836231.0;-262991.0;220
16165;201500017923;15;6;20;1600;1;1;1;1;7;203;la croix tertret;M;4834152.0;-274775.0;220
16166;201500017924;15;7;1;1645;1;1;1;1;4;258;l'esperance;M;4844735.0;-264352.0;220
16167;201500017925;15;10;3;1615;1;1;3;1;3;258;;M;4841544.0;-262560.0;220
16168;201500017926;15;10;16;1800;1;1;3;1;3;219;fanton;M;4830394.0;-270253.0;220
16169;201500017927;15;2;7;1915;3;1;2;1;3;274;;M;4836584.0;-200409.0;220
16170;201500017928;15;3;8;1115;1;2;3;1;3;327;Rue du Domaine;M;4849575.0;-202691.0;220
16171;201500017929;15;3;11;1615;1;2;4;1;3;259;Avenue de l'aublette;M;4844759.0;-208648.0;220
16172;201500017930;15;3;27;1545;1;1;1;1;1;213;;M;4853348.0;-203287.0;220
16173;201500017931;15;4;3;1900;1;1;2;2;3;35;;M;4844478.0;-197557.0;220
16174;201500017932;15;4;6;1730;1;1;3;7;1;339;;M;4848148.0;-204284.0;220
16175;201500017933;15;5;2;845;1;2;1;2;6;50;45 RUE DU CLOS DU HETRE;M;4845741.0;-205250.0;220
16176;201500017934;15;5;6;1645;1;1;3;1;3;259;les périaux;M;4845117.0;-209738.0;220
16177;201500017935;15;5;17;1715;1;2;3;1;3;123;rue de la cochaie;M;4843537.0;-206679.0;220
16178;201500017936;15;6;6;1500;1;2;1;1;6;213;D12;M;4852459.0;-200491.0;220
16179;201500017937;15;6;7;415;4;1;4;1;6;299;;M;4847407.0;-198656.0;220
16180;201500017938;15;7;11;130;3;1;2;1;3;339;;M;4847380.0;-206081.0;220
16181;201500017939;15;7;31;1615;1;1;1;1;7;56;le clos besso;M;4837182.0;-198572.0;220
16182;201500017940;15;3;5;1645;1;1;1;1;7;269;kerigomar;M;4867244.0;-322538.0;220
16183;201500017941;15;3;7;2100;4;2;7;1;6;293;Lot de Coat Mohan;M;4865276.0;-310179.0;220
16184;201500017943;15;9;26;1530;1;2;2;1;3;4;avenue pierre Perron;M;4863101.0;-330239.0;220
16185;201500017944;15;10;17;1830;2;1;1;1;2;212;kerbry;M;4868235.0;-321236.0;220
16186;201500017945;15;10;16;1400;1;1;1;1;7;164;le quinquis;M;4859606.0;-332157.0;220
16187;201500017946;15;5;26;1915;1;1;4;1;1;320;;M;4836421.0;-333195.0;220
16188;201500017947;15;11;11;1345;1;1;1;1;6;328;kerbournet;M;4840813.0;-338567.0;220
16189;201500017948;15;11;18;1130;1;1;1;1;1;135;45 rue du manaty;M;4857928.0;-333490.0;220
16190;201500017949;15;12;22;1200;1;1;1;3;7;88;kerambouler;M;4839520.0;-320263.0;220
16191;201500017950;15;8;24;1530;1;1;1;2;7;158;;M;4817233.0;-298320.0;220
16192;201500017951;15;12;7;900;3;2;1;2;1;313;Le bourg D63;M;4830996.0;-295405.0;220
16193;201500017954;15;6;20;1545;1;1;1;1;7;29;;M;4835275.0;-308391.0;220
16194;201500017956;15;1;16;1900;3;1;2;3;3;238;;M;4858273.0;-356663.0;220
16195;201500017957;15;2;7;1915;3;1;2;1;1;349;;M;4870363.0;-355597.0;220
16196;201500017958;15;2;16;1730;1;2;2;2;5;194;Rue Bleuets/Rue Pleuven;M;4866221.0;-363218.0;220
16197;201500017959;15;3;15;1345;1;1;1;1;6;387;Le Losser;M;4865036.0;-342695.0;220
16198;201500017960;15;4;4;345;3;1;3;2;3;226;le pontol;M;4870373.0;-349923.0;220
16199;201500017961;15;4;11;1800;1;1;2;1;3;226;;M;4866607.0;-351161.0;220
16200;201500017962;15;5;21;1415;1;1;3;1;3;194;;M;4866866.0;-359824.0;220
16201;201500017963;15;6;9;1515;1;1;1;1;2;387;le run;M;4864918.0;-344636.0;220
16202;201500017964;15;8;1;1900;1;2;3;1;3;226;rue de la lieue de greve;M;4867951.0;-352623.0;220
16203;201500017965;15;8;12;1015;1;1;3;1;1;226;;M;4866605.0;-351158.0;220
16204;201500017966;15;12;26;515;3;2;1;2;6;194;D786;M;4866922.0;-360806.0;220
16205;201500017968;15;2;19;1000;1;1;1;1;1;28;Goas Quemper;M;4879069.0;-332087.0;220
16206;201500017969;15;5;18;1945;1;2;1;1;2;195;rue de l'Armor;M;4884473.0;-313672.0;220
16207;201500017970;15;6;21;1945;1;1;1;1;6;111;;M;4883774.0;-310454.0;220
16208;201500017971;15;7;8;1330;1;1;1;2;1;199;Ld Polmor;M;4878613.0;-314804.0;220
16209;201500017972;15;9;18;1715;1;1;1;1;2;347;Traou Meur;M;4878373.0;-321257.0;220
16210;201500017973;15;9;19;1145;1;1;1;1;3;199;LE PLANDRY;M;4879506.0;-313914.0;220
16211;201500017974;15;9;26;1600;1;1;1;1;1;34;An Thy;M;4869381.0;-334899.0;220
16212;201500017975;15;10;24;1715;1;1;6;1;7;152;kergroas;M;4877260.0;-323805.0;220
16213;201500017976;15;1;24;730;1;1;1;1;7;374;;M;0.0;0.0;680
16214;201500017977;15;3;2;1545;1;1;1;2;5;374;;M;4806410.0;724418.0;680
16215;201500017978;15;3;23;1400;1;2;1;1;5;134;RD83 PR37+000;M;4801663.0;731180.0;680
16216;201500017979;15;7;14;945;1;1;1;1;7;338;;M;4808891.0;723752.0;680
16217;201500017980;15;9;7;600;2;1;2;1;3;96;rue de Zeassingue;M;4760972.0;735380.0;680
16218;201500017981;15;5;26;1145;1;1;1;2;6;152;;M;4767201.0;724859.0;680
16219;201500017982;15;2;5;1315;1;2;2;1;3;195;71 rue Aristide Briand;M;4776155.0;728594.0;680
16220;201500017983;15;2;28;815;1;1;2;1;6;141;;M;4771363.0;728480.0;680
16221;201500017984;15;9;26;100;3;1;1;1;6;195;;M;4776027.0;726566.0;680
16222;201500017986;15;6;13;1045;1;2;4;1;1;94;rue de delle;M;4754967.0;744033.0;680
16223;201500017987;15;6;24;1930;1;1;1;1;7;120;;M;4752189.0;748509.0;680
16224;201500017988;15;7;10;1230;1;1;1;1;6;168;;M;4756856.0;741452.0;680
16225;201500017989;15;12;15;745;5;2;1;1;6;120;17 avenue de souprosse;M;0.0;0.0;680
16226;201500017990;15;5;22;1110;1;2;1;1;7;266;ROUTE d'ENSISHEIM 22;M;4788768.0;735350.0;680
16227;201500017992;15;7;2;245;5;2;1;1;6;11;Rue de THANN;M;4776204.0;715026.0;680
16228;201500017993;15;8;15;1445;1;1;1;1;6;115;;M;4775490.0;707533.0;680
16229;201500017994;15;8;25;1015;1;1;1;1;6;19;(;M;4375639.0;310343.0;340
16230;201500017995;15;9;21;1345;1;1;1;1;1;260;;M;4365777.0;303711.0;340
16231;201500017996;15;9;29;30;3;1;1;1;7;144;;M;0.0;0.0;340
16232;201500017997;15;11;11;1645;1;1;1;7;2;28;;M;4361208.0;317704.0;340
16233;201500017998;15;8;17;2315;3;1;1;1;6;74;;M;4345994.0;302511.0;340
16234;201500017999;15;11;6;645;2;1;1;8;3;84;;M;4339759.0;318809.0;340
16235;201500018000;15;2;8;245;3;1;1;1;6;237;;M;4350955.0;328955.0;340
16236;201500018001;15;2;10;1745;1;1;1;1;1;224;;M;4345632.0;321984.0;340
16237;201500018002;15;4;6;1845;1;1;1;1;3;94;;M;4343016.0;325312.0;340
16238;201500018003;15;6;22;945;1;1;1;1;5;300;;M;4339667.0;332834.0;340
16239;201500018005;15;4;5;1830;1;1;1;1;6;86;;M;4347876.0;266833.0;340
16240;201500018006;15;9;4;1300;1;1;1;1;1;72;;M;4366480.0;333530.0;340
16241;201500018008;15;3;8;1130;1;2;1;1;3;79;boulevard ledru rollin;M;0.0;0.0;340
16242;201500018009;15;3;25;2200;3;1;1;1;1;210;;M;4359561.0;350053.0;340
16243;201500018010;15;4;7;1015;1;1;1;1;1;79;,;M;4360982.0;345731.0;340
16244;201500018011;15;5;10;530;1;2;1;1;6;281;route  campagnan;M;4352971.0;350963.0;340
16245;201500018012;15;6;11;845;1;1;1;1;3;313;;M;4357344.0;348205.0;340
16246;201500018013;15;6;25;1815;1;1;1;1;1;281;;M;4353665.0;354932.0;340
16247;201500018014;15;6;28;1345;1;1;1;1;1;194;;M;4351975.0;344914.0;340
16248;201500018015;15;7;9;545;1;1;6;1;6;79;;M;4361498.0;345555.0;340
16249;201500018016;15;9;8;1645;1;2;1;1;6;79;rue doyen rene gosse;M;4362714.0;343251.0;340
16250;201500018018;15;9;25;1730;1;1;1;1;6;79;(;M;0.0;0.0;340
16251;201500018019;15;12;13;1515;1;1;1;1;6;210;RD 32;M;4360220.0;350220.0;340
16252;201500018022;15;8;8;230;5;2;1;1;6;328;la croix des barrières;M;4358230.0;356258.0;340
16253;201500018023;15;12;11;1400;1;1;1;1;5;286;;M;4373972.0;345663.0;340
16254;201500018024;15;12;15;1215;1;2;1;1;3;114;AVENUE FOCH;M;4365552.0;355009.0;340
16255;201500018026;15;3;20;2030;5;2;1;1;6;14;VERDUN (BOULEVARD DE);M;4491231.0;243703.0;150
16256;201500018027;15;4;14;940;1;2;6;1;3;14;VIALENC (CARREFOUR DU);M;4491670.0;241667.0;150
16257;201500018028;15;6;15;1525;1;1;1;1;3;12;SOULERY (LIEU-DIT);M;4489907.0;245015.0;150
16258;201500018029;15;7;5;445;5;2;1;1;6;12;16, RAMOND (RUE DU DOCTE;M;4490014.0;245966.0;150
16259;201500018030;15;7;10;707;1;1;1;7;6;12;CONROS (LIEU-DIT);M;4488190.0;243005.0;150
16260;201500018031;15;7;13;1920;1;1;1;1;1;12;SOULERY (LIEU-DIT);M;0.0;0.0;150
16261;201500018032;15;7;23;2315;5;2;1;1;6;14;10, MOULIN (RUE JEAN);M;4491790.0;243102.0;150
16262;201500018033;15;8;6;1150;1;2;1;1;2;14;BOUDIEU (LIEU DIT) RN 12;;;;150
16263;201500018034;15;9;13;1450;1;2;2;3;3;14;VERDUN (BOULEVARD DE);;;;150
16264;201500018035;15;10;20;1120;1;2;3;1;6;14;1, BELBEX (ROUTE DE);M;;;150
16265;201500018036;15;12;29;1425;1;2;1;1;6;14;11, DOUMER (AVENUE PAUL);;;;150
16266;201500018037;15;6;10;900;1;1;1;1;3;332;;M;4331896.0;342788.0;340
16267;201500018038;15;9;11;1830;1;1;1;1;5;113;;M;4348990.0;370390.0;340
16268;201500018039;15;9;11;2145;3;1;6;1;6;88;;M;4356363.0;372990.0;340
16269;201500018040;15;9;16;1330;1;2;9;1;3;113;avenue de béziers;M;4349972.0;371433.0;340
16270;201500018041;15;4;27;930;1;2;1;2;6;199;20 avenue de verdun;M;0.0;0.0;340
16271;201500018042;15;4;27;2200;3;1;1;1;6;289;RD 18;M;0.0;0.0;340
16272;201500018043;15;4;23;1730;1;1;1;1;3;199;;M;0.0;0.0;340
16273;201500018044;15;6;5;2000;1;2;1;7;6;162;RUE PIERRE SIRVEN;M;4348074.0;347433.0;340
16274;201500018045;15;6;8;1500;1;2;1;1;6;9;Lieu dit les belles eaux;M;4348015.0;336522.0;340
16275;201500018046;15;6;22;1930;1;1;1;1;5;9;;M;4348234.0;336265.0;340
16276;201500018047;15;8;5;1915;1;2;1;1;6;9;D33;M;4347084.0;334584.0;340
16277;201500018048;15;8;24;930;1;1;1;1;7;162;;M;4348825.0;349322.0;340
16278;201500018049;15;6;13;1845;1;1;1;2;3;148;;M;0.0;0.0;860
16279;201500018050;15;8;28;1600;1;1;1;1;7;105;;M;0.0;0.0;860
16280;201500018051;15;4;20;1845;1;1;1;1;6;80;La Thibaudeliére;M;4644550.0;18304.0;860
16281;201500018052;15;4;9;1445;1;2;1;1;4;292;rue de la Caillèle;M;0.0;0.0;860
16282;201500018053;15;4;14;1815;1;1;1;1;1;144;Les Porrines;M;4671170.0;5677.0;860
16283;201500018054;15;4;23;815;1;1;1;1;7;16;;M;0.0;0.0;860
16284;201500018055;15;4;29;1745;1;1;2;1;3;73;;M;4669526.0;4631.0;860
16285;201500018056;15;5;7;2330;3;1;1;1;6;160;;M;0.0;0.0;860
16286;201500018057;15;5;12;1100;1;1;1;1;2;281;;M;0.0;0.0;860
16287;201500018058;15;6;23;1845;1;1;1;1;7;30;;M;0.0;0.0;860
16288;201500018059;15;7;3;930;1;2;1;1;3;16;route de richelieu;M;0.0;0.0;860
16289;201500018060;15;7;1;1645;1;2;6;1;6;160;carrefour saint jacques;M;4677682.0;18726.0;860
16290;201500018061;15;8;3;1915;1;1;9;1;1;277;;M;0.0;0.0;860
16291;201500018062;15;8;31;1815;1;1;2;1;3;2;;M;0.0;0.0;860
16292;201500018063;15;9;13;2000;2;1;2;1;3;2;;M;0.0;0.0;860
16293;201500018065;15;12;3;730;2;1;1;5;1;177;;M;0.0;0.0;860
16294;201500018066;15;12;24;1815;3;1;1;2;3;30;;M;0.0;0.0;860
16295;201500018067;15;12;21;1130;1;2;1;7;1;2;hameau de Bournezeau;M;0.0;0.0;860
16296;201500018068;15;12;30;1230;1;2;1;1;7;177;rue du Muguet;M;4667989.0;24996.0;860
16297;201500018069;15;3;7;1030;1;2;1;1;3;183;RD 910;M;0.0;0.0;860
16298;201500018070;15;6;24;1600;1;1;1;1;6;184;;M;0.0;0.0;860
16299;201500018071;15;3;30;530;3;2;1;2;6;128;;M;0.0;0.0;860
16300;201500018072;15;4;29;1800;1;2;1;1;7;221;route de la tassier;M;4681549.0;38209.0;860
16301;201500018074;15;6;24;645;1;2;1;1;6;183;140 Route Nationale;M;4696641.0;60766.0;860
16302;201500018075;15;2;16;2015;3;1;3;2;3;49;;M;0.0;0.0;860
16303;201500018076;15;4;9;1715;1;1;1;1;4;173;;M;0.0;0.0;860
16304;201500018077;15;4;11;2215;3;1;1;1;6;210;;M;0.0;0.0;860
16305;201500018078;15;4;26;1100;1;1;1;3;3;137;;M;0.0;0.0;860
16306;201500018079;15;6;30;1830;1;1;2;7;3;9;;M;0.0;0.0;860
16307;201500018080;15;8;5;1100;1;2;1;1;1;223;RD951;M;0.0;0.0;860
16308;201500018081;15;9;27;630;3;1;1;1;1;132;;M;0.0;0.0;860
16309;201500018082;15;8;4;2115;1;2;1;1;7;189;21 av Charles de gaulle;M;4837849.0;-437281.0;290