;Num_Acc;an;mois;jour;hrmn;lum;agg;int;atm;col;com;adr;gps;lat;long;dep
16310;201500018083;15;11;7;1130;1;1;2;2;1;189;Prat Bihan;M;4837072.0;-440658.0;290
16311;201500018084;15;2;7;1300;1;1;1;1;7;97;6 route de selles;M;4728200.0;164500.0;410
16312;201500018085;15;4;13;1630;1;2;1;1;1;44;rue prosper legourd;M;4727200.0;191100.0;410
16313;201500018086;15;5;1;1115;1;1;1;2;1;16;;M;4728800.0;153200.0;410
16314;201500018087;15;7;19;1645;2;2;1;1;6;135;rue Marcel Bailly;M;4726980.0;186351.0;410
16315;201500018088;15;7;24;1730;1;1;1;1;3;242;;M;4728648.0;156433.0;410
16316;201500018089;15;8;7;1700;1;2;1;1;6;16;14 route de SELLES;M;4730793.0;153274.0;410
16317;201500018090;15;10;28;1715;1;1;6;1;3;185;;M;4734596.0;172898.0;410
16318;201500018091;15;11;14;230;4;1;1;1;3;97;;M;4731418.0;167232.0;410
16319;201500018093;15;4;4;1445;1;1;1;8;3;211;;M;4732000.0;112600.0;410
16320;201500018094;15;5;10;915;1;1;1;1;3;45;;M;4744900.0;117500.0;410
16321;201500018095;15;5;19;745;1;2;1;7;6;151;2 rue de Penthièvre;M;4734300.0;118400.0;410
16322;201500018096;15;6;28;1915;1;1;1;1;2;94;;M;4744991.0;142607.0;410
16323;201500018097;15;8;3;1600;1;2;1;1;3;80;route de Loches;M;4732831.0;118595.0;410
16324;201500018098;15;8;26;1845;1;1;1;1;6;126;;M;4726555.0;131922.0;410
16325;201500018099;15;9;7;2215;3;2;8;1;1;23;rd 158;M;4734387.0;123962.0;410
16326;201500018100;15;9;22;230;4;1;1;2;1;145;;M;4747881.0;129449.0;410
16327;201500018101;15;9;27;2100;3;1;1;1;6;258;;M;4733049.0;129127.0;410
16328;201500018102;15;9;29;1700;1;1;1;1;1;180;;M;4736622.0;121305.0;410
16329;201500018103;15;10;11;530;5;2;1;1;6;151;81 route de tours;M;4734231.0;117459.0;410
16330;201500018104;15;10;16;945;1;1;1;2;2;164;;M;4727206.0;143107.0;410
16331;201500018105;15;10;23;145;5;2;1;2;6;59;3 Route de blois;M;4742964.0;142793.0;410
16332;201500018106;15;11;15;815;1;1;1;1;7;180;;M;4743625.0;121861.0;410
16333;201500018107;15;11;14;100;3;1;1;1;6;43;;M;4727768.0;146235.0;410
16334;201500018108;15;1;11;1100;1;1;1;1;6;46;;M;4764600.0;191000.0;410
16335;201500018109;15;2;23;1930;3;1;1;1;7;84;;M;4747200.0;194400.0;410
16336;201500018110;15;4;9;1400;1;1;1;1;6;296;;M;4760300.0;206100.0;410
16337;201500018111;15;5;17;1830;1;2;1;1;6;106;21 avenue Emile Morin;M;4760400.0;202500.0;410
16338;201500018112;15;5;25;100;4;2;1;1;6;285;;M;4762300.0;175600.0;410
16339;201500018113;15;5;26;1430;1;2;1;1;3;249;rue du champ de foire;M;4745900.0;218200.0;410
16340;201500018114;15;6;14;2030;1;2;1;1;6;232;49 route de Pierrefitte;M;4743203.0;205586.0;410
16341;201500018115;15;7;12;530;2;1;1;1;6;296;;M;4762771.0;204584.0;410
16342;201500018116;15;7;23;830;1;1;2;1;3;152;;M;4754294.0;166360.0;410
16343;201500018117;15;7;24;1630;1;1;1;8;1;232;;M;4745067.0;204355.0;410
16344;201500018118;15;7;26;2300;3;1;1;8;7;297;;M;4763452.0;186708.0;410
16345;201500018120;15;8;6;1515;1;2;1;1;6;232;rue du marché;M;4742624.0;205253.0;410
16346;201500018121;15;10;24;1745;1;1;1;8;6;296;;M;4766608.0;204888.0;410
16347;201500018122;15;12;1;1800;3;1;1;1;1;125;;M;4747127.0;192515.0;410
16348;201500018123;15;12;14;900;1;2;1;1;6;106;Rue de la FOSSE AUX LOUP;M;4759256.0;203135.0;410
16349;201500018124;15;12;18;1715;3;1;1;2;6;251;;M;4766028.0;221642.0;410
16350;201500018125;15;3;6;1700;1;1;1;1;6;143;;M;4799600.0;88000.0;410
16351;201500018126;15;4;9;1415;1;1;1;1;6;75;;M;4803300.0;109500.0;410
16352;201500018127;15;5;6;1515;1;1;1;1;7;175;;M;4788800.0;117500.0;410
16353;201500018128;15;5;10;1045;1;1;1;1;7;5;;M;4806800.0;95300.0;410
16354;201500018129;15;5;22;1615;1;1;1;1;3;53;;M;4800000.0;92800.0;410
16355;201500018130;15;7;16;1915;1;1;1;1;3;73;;M;4789158.0;104613.0;410
16356;201500018131;15;8;8;430;2;1;1;1;6;209;;M;4783676.0;108666.0;410
16357;201500018132;15;8;22;1815;1;1;2;7;3;197;;M;4805371.0;91924.0;410
16358;201500018133;15;9;27;1630;1;1;1;1;3;193;;M;4795640.0;103760.0;410
16359;201500018134;15;10;11;1400;1;2;1;1;1;235;chemin du pree du suchet;M;4792344.0;84647.0;410
16360;201500018135;15;10;12;1030;1;2;1;1;5;60;rue poterie;M;4797442.0;89196.0;410
16361;201500018136;15;10;12;845;2;1;1;1;1;275;;M;4791244.0;107197.0;410
16362;201500018137;15;10;19;1000;1;1;2;1;3;186;;M;4785697.0;104277.0;410
16363;201500018138;15;4;16;1715;1;1;1;1;3;4;;M;4429620.0;33199.0;470
16364;201500018139;15;6;9;315;3;1;1;1;6;140;;M;4427510.0;63004.0;470
16365;201500018140;15;6;8;1715;1;1;2;1;3;190;LDT FERRAN;M;4434300.0;51363.0;470
16366;201500018142;15;9;5;1745;1;2;3;1;1;249;INTESECTION D930-D213;M;4424690.0;38994.0;470
16367;201500018143;15;9;23;15;3;1;1;2;6;140;LDT DIT BINSOU;M;4427950.0;63505.0;470
16368;201500018144;15;10;11;1000;1;1;1;1;6;125;lieu-dit Belle Roque;M;;;470
16369;201500018145;15;4;24;915;1;1;1;1;6;217;;M;0.0;0.0;470
16370;201500018146;15;7;24;845;1;1;1;1;3;25;;M;4426890.0;91642.0;470
16371;201500018147;15;2;14;1145;1;1;1;2;2;301;LDT PARDY;M;4452970.0;29090.0;470
16372;201500018148;15;8;3;1000;1;2;1;1;6;168;;M;4460080.0;36063.0;470
16373;201500018149;15;9;23;1445;1;1;2;1;3;86;;M;4466880.0;18692.0;470
16374;201500018150;15;9;24;745;2;2;2;1;1;232;RUE DE LA CHARBONNIERE;M;4452110.0;37764.0;470
16375;201500018151;15;6;9;715;1;1;1;1;1;285;LDT BORDENEUVE;M;4441790.0;12514.0;470
16376;201500018152;15;6;24;2115;1;2;3;1;3;310;BDDEGAULLE/MAL JOFFRE;M;4439100.0;30755.0;470
16377;201500018153;15;8;22;1215;1;1;2;1;3;46;;M;4438270.0;23775.0;470
16378;201500018154;15;9;30;1000;1;2;1;1;1;285;AU BOURG;M;4443710.0;11129.0;470
16379;201500018155;15;2;18;2030;5;2;1;1;6;143;62 AV GENERAL DE GAULE;M;4417820.0;29659.0;470
16380;201500018156;15;8;23;1845;1;1;1;1;3;58;;M;0.0;0.0;470
16381;201500018157;15;8;31;1630;1;1;1;3;1;78;;M;4429000.0;28385.0;470
16382;201500018158;15;2;27;15;3;1;1;3;6;124;;M;0.0;0.0;470
16383;201500018159;15;5;8;1915;1;1;1;1;7;324;;M;4463330.0;72827.0;470
16384;201500018160;15;11;11;1116;1;1;8;1;3;179;LIEU-DIT LE MEME/PN 355;M;4450090.0;93946.0;470
16385;201500018161;15;3;13;1630;1;2;1;1;2;252;ROUTE DE BORDEAUX;M;4439660.0;58308.0;470
16386;201500018162;15;1;4;1345;1;1;1;8;4;56;BRUNHAC;M;4427830.0;246262.0;120
16387;201500018164;15;2;7;1415;1;1;1;1;1;162;;M;4431700.0;239437.0;120
16388;201500018165;15;3;6;1920;3;1;3;1;5;264;RD 68;M;4441220.0;260559.0;120
16389;201500018167;15;4;21;745;1;2;1;1;3;56;877 AVENUE DE RODEZ;M;4427690.0;244744.0;120
16390;201500018168;15;7;19;1635;1;1;1;1;1;56;VORS - D 570;M;4428860.0;245275.0;120
16391;201500018169;15;7;29;1140;1;2;1;1;6;133;AVENUE DE RODEZ;M;4429450.0;255887.0;120
16392;201500018170;15;8;9;1230;1;1;1;8;1;1;;M;4434320.0;269771.0;120
16393;201500018171;15;8;29;40;3;1;1;1;7;264;ROUTE DE FLARS;M;4440390.0;258805.0;120
16394;201500018172;15;9;26;1800;1;1;1;1;7;185;RD 911 - PR 44+000;M;4427490.0;275222.0;120
16395;201500018173;15;9;27;350;3;1;1;1;1;56;LES SILOS;M;4427170.0;241368.0;120
16396;201500018174;15;10;3;2130;3;1;1;1;6;137;;;;;120
16397;201500018175;15;10;6;1525;1;1;1;1;1;297;D 56 - FRAYSSINHES;M;4432700.0;269018.0;120
16398;201500018176;15;10;13;1855;2;1;1;8;4;102;RD 62;M;4429570.0;260032.0;120
16399;201500018177;15;5;2;1900;1;1;1;1;3;254;CANDOULET;M;4441290.0;255095.0;120
16400;201500018178;15;5;14;1800;1;1;1;8;7;254;COUGOUSSE;M;4445080.0;247618.0;120
16401;201500018179;15;6;13;1625;1;1;1;1;3;142;RD 994;M;4439920.0;236568.0;120
16402;201500018180;15;6;20;2015;2;1;1;1;6;138;RD 962;M;4447470.0;245297.0;120
16403;201500018181;15;7;2;1800;1;1;1;1;5;288;NUCES;M;4443070.0;244434.0;120
16404;201500018182;15;7;3;1730;1;1;1;1;6;218;;M;4452420.0;239878.0;120
16405;201500018183;15;8;26;1850;1;1;1;1;6;223;RD 111 - CARMENSAC;M;4479300.0;272987.0;120
16406;201500018184;15;3;17;920;1;1;3;1;1;70;INTERSECTION VC1-VC2;M;4416550.0;310165.0;120
16407;201500018185;15;8;30;1235;1;1;1;1;3;2;RD 809;M;4414560.0;309878.0;120
16408;201500018186;15;8;28;1850;1;1;1;1;7;307;RD 199;M;4418460.0;283273.0;120
16409;201500018187;15;1;11;535;3;1;1;2;6;208;RD 999 - VAILHAUZY;M;4395260.0;292140.0;120
16410;201500018188;15;1;28;1000;1;2;1;1;6;208;AV JULES BOURGOUGNON;M;4395760.0;288128.0;120
16411;201500018189;15;3;1;1420;1;1;1;2;7;129;;M;4408110.0;270165.0;120
16412;201500018190;15;5;5;800;2;1;1;1;6;44;;M;4380010.0;293208.0;120
16413;201500018191;15;7;9;1445;1;1;1;1;1;154;RD 999;M;4388160.0;280638.0;120
16414;201500018192;15;7;17;1700;1;1;1;1;6;195;RD 999;M;4387200.0;276302.0;120
16415;201500018193;15;3;20;1530;1;1;1;1;2;301;BOIS DE FUMAT;M;4442820.0;203810.0;120
16416;201500018194;15;4;17;1700;1;1;1;2;6;257;;M;4455570.0;202515.0;120
16417;201500018195;15;7;11;1700;1;2;2;1;3;20;RUE DU LANDREAU;M;4747220.0;-61982.0;490
16418;201500018196;15;6;26;315;3;1;1;1;6;223;;M;4738894.0;-54398.0;490
16419;201500018198;15;11;23;1215;1;1;1;1;1;318;;M;4736381.0;-44026.0;490
16420;201500018199;15;7;23;1100;1;1;1;1;2;42;Champ ferré;M;4746501.0;-40124.0;490
16421;201500018200;15;9;26;1815;1;1;1;1;5;377;;M;4753045.0;-41984.0;490
16422;201500018201;15;10;30;2315;3;1;1;1;6;323;La lieue;M;4749917.0;-48949.0;490
16423;201500018202;15;10;31;1500;1;1;1;7;1;4;;M;4746783.0;-37902.0;490
16424;201500018203;15;1;19;1815;5;2;2;1;3;212;rue nationale;M;4738617.0;-86183.0;490
16425;201500018204;15;5;28;815;1;1;1;1;6;295;;M;4733459.0;-82634.0;490
16426;201500018205;15;8;12;1715;1;1;1;1;1;283;;M;4743100.0;-77088.0;490
16427;201500018206;15;5;10;1030;1;1;1;1;1;83;L'Aupairé;M;4731205.0;-94084.0;490
16428;201500018207;15;6;19;1330;1;2;1;1;1;240;7 Rue François Guerif;M;4706764.0;-63453.0;490
16429;201500018208;15;6;25;2300;3;1;1;1;2;373;RD960;M;4713783.0;-57457.0;490
16430;201500018209;15;6;26;2145;2;2;1;1;3;373;rue de la Martinière;M;4714738.0;-53306.0;490
16431;201500018210;15;10;17;1800;1;1;2;1;3;232;La Trémoullière;M;4712330.0;-42900.0;490
16432;201500018211;15;6;25;2300;3;1;1;1;7;215;Rue de la société, Trézé;M;4710817.0;-8105.0;490
16433;201500018213;15;1;27;915;1;1;1;1;6;77;;M;4766840.0;-82168.0;490
16434;201500018214;15;2;21;2300;3;1;1;1;1;103;La Cochinière;M;4771022.0;-100370.0;490
16435;201500018215;15;3;17;945;1;1;1;1;1;8;La Pilletais;M;4759878.0;-99664.0;490
16436;201500018216;15;5;2;2245;3;1;1;2;1;248;;M;4776954.0;-116466.0;490
16437;201500018217;15;5;7;2330;5;2;1;1;6;8;rue des fours à chaux;M;4757136.0;-97224.0;490
16438;201500018218;15;5;27;900;1;1;1;1;1;8;;M;4761078.0;-97908.0;490
16439;201500018219;15;9;3;2115;3;1;1;1;1;61;;M;4761597.0;-103697.0;490
16440;201500018220;15;10;22;1615;1;1;1;1;7;248;La promenade;M;4774575.0;-120467.0;490
16441;201500018222;15;6;11;1745;1;2;1;1;3;294;Route de la chaussée;M;4748290.0;-68943.0;490
16442;201500018223;15;6;17;1730;1;1;1;1;1;294;;M;4748823.0;-67056.0;490
16443;201500018224;15;12;25;800;2;2;1;1;6;249;l'isle;M;4754738.0;-80866.0;490
16444;201500018225;15;11;21;1200;1;2;1;2;6;80;04 rue nationale;M;4767912.0;-48769.0;490
16445;201500018226;15;12;18;1830;3;1;1;9;6;51;;M;4769976.0;-45407.0;490
16446;201500018228;15;1;3;2015;3;1;3;3;2;8;;M;4926609.0;566277.0;550
16447;201500018229;15;2;12;2015;5;1;6;5;7;198;;M;4918800.0;506100.0;550
16448;201500018230;15;10;7;2115;3;1;1;1;5;63;;M;0.0;0.0;550
16449;201500018231;15;10;3;1715;1;2;1;1;7;279;Route de Wiseppe;M;0.0;0.0;550
16450;201500018232;15;7;7;1645;1;1;3;1;5;213;;M;4847656.0;-15250.0;610
16451;201500018233;15;5;31;215;3;1;1;1;6;166;;M;4865487.0;37489.0;610
16452;201500018234;15;6;28;1330;1;1;1;1;3;301;;M;4854568.0;16632.0;610
16453;201500018235;15;7;12;600;2;1;1;1;7;64;;M;4864237.0;32188.0;610
16454;201500018236;15;12;20;515;3;1;1;1;6;417;;M;4870427.0;2504.0;610
16455;201500018237;15;8;25;930;1;1;2;1;3;496;;M;4874907.0;2227.0;610
16456;201500018238;15;9;27;100;3;1;1;1;6;179;;M;4873845.0;-24693.0;610
16457;201500018239;15;11;2;1830;3;1;1;1;6;505;;M;4879512.0;1272.0;610
16458;201500018240;15;1;7;1145;1;1;1;8;7;181;;M;4880126.0;31010.0;610
16459;201500018241;15;7;10;1845;1;1;2;1;5;201;;M;4860335.0;-6791.0;610
16460;201500018242;15;9;1;1545;1;1;1;1;1;324;;M;4853163.0;-74116.0;610
16461;201500018243;15;11;20;1800;3;1;3;8;3;75;;M;4851490.0;-64195.0;610
16462;201500018244;15;7;1;1830;1;1;4;1;1;69;;M;4871921.0;-41456.0;610
16463;201500018245;15;7;10;1615;1;1;1;1;1;44;;M;4884674.0;-50103.0;610
16464;201500018246;15;6;19;630;2;1;2;1;1;63;;M;4871921.0;-41456.0;610
16465;201500018247;15;10;9;1030;1;1;3;1;3;63;;M;4869002.0;-38125.0;610
16466;201500018248;15;10;23;800;2;1;1;1;6;186;;M;4851388.0;-47618.0;610
16467;201500018249;15;12;6;340;3;1;1;1;2;439;;M;4849374.0;-36528.0;610
16468;201500018250;15;9;29;845;1;1;1;1;7;476;;M;4838686.0;41604.0;610
16469;201500018252;15;3;7;1515;1;1;3;1;5;440;;M;4873073.0;64954.0;610
16470;201500018253;15;6;6;1210;1;2;3;7;3;342;AVENUE BRESNARD;M;4875429.0;58989.0;610
16471;201500018254;15;10;19;2200;3;2;1;1;7;423;LE BOURG;M;4878883.0;67853.0;610
16472;201500018255;15;12;14;1000;1;1;1;1;7;456;;M;4879414.0;63331.0;610
16473;201500018256;15;6;6;1200;1;1;2;1;2;409;;M;4836492.0;65067.0;610
16474;201500018257;15;7;18;615;3;1;1;1;6;471;;M;4839384.0;60542.0;610
16475;201500018259;15;1;21;1215;1;2;1;1;6;533;;M;5006148.0;140607.0;800
16476;201500018260;15;1;26;1645;1;1;1;1;6;644;;M;5000548.0;137114.0;760
16477;201500018261;15;4;21;930;1;2;1;7;2;255;route du TREPORT;M;5004917.0;140625.0;760
16478;201500018262;15;5;19;1715;1;2;1;1;6;255;66bis, BD VICTOR HUGO;M;5004778.0;141486.0;760
16479;201500018263;15;6;28;1745;1;1;2;1;3;374;;M;5000250.0;151590.0;760
16480;201500018264;15;8;15;1500;1;2;1;1;3;207;Place René Delorière;M;4995991.0;139951.0;760
16481;201500018265;15;8;24;1500;1;1;1;1;6;704;;M;4995070.0;124814.0;760
16482;201500018267;15;8;28;1500;1;2;1;1;1;533;avenue Pierre et Marie C;M;5006287.0;140203.0;800
16483;201500018268;15;8;30;1700;1;2;1;1;7;711;route de dieppe;M;5005106.0;136742.0;760
16484;201500018269;15;10;1;900;1;2;1;1;6;711;10, R DU DOCTEUR PEPIN;M;5005975.0;137654.0;760
16485;201500018270;15;10;2;1430;1;2;1;1;6;255;7, R DU BRIQUET;M;5003352.0;139820.0;760
16486;201500018272;15;12;9;1745;3;1;1;1;5;192;;M;5002217.0;132547.0;760
16487;201500018273;15;12;16;1215;1;2;1;2;1;255;R DES CANADIENS;M;5003875.0;142355.0;760
16488;201500018274;15;5;20;1915;1;1;1;1;3;591;;M;4944660.0;120288.0;760
16489;201500018275;15;5;23;1715;1;1;1;1;1;673;;M;4946165.0;126058.0;760
16490;201500018276;15;6;27;1045;1;1;1;1;6;248;;M;4958013.0;127645.0;760
16491;201500018277;15;8;2;1430;1;1;1;1;6;560;;M;4942160.0;117361.0;760
16492;201500018279;15;5;29;1130;1;1;1;1;1;395;;M;0.0;0.0;630
16493;201500018280;15;11;2;1815;2;1;1;1;1;302;;M;4570600.0;314700.0;630
16494;201500018281;15;11;30;215;3;2;1;1;6;188;246Route de Vic le Comte;M;4566719.0;325845.0;630
16495;201500018282;15;8;7;545;2;2;2;1;1;3;boulevard Sully;M;4554937.0;373960.0;630
16496;201500018283;15;8;8;1830;1;1;1;2;6;3;;M;0.0;0.0;630
16497;201500018284;15;12;16;1330;1;2;1;8;1;3;30 ALLEE HENRI POURRAT;M;4555570.0;373000.0;630
16498;201500018285;15;12;20;1015;1;2;1;8;7;3;RUE DU 19 MARS 1962;M;4555037.0;374453.0;630
16499;201500018288;15;2;4;1915;3;1;1;4;1;172;;M;0.0;0.0;630
16500;201500018290;15;2;28;1030;1;2;9;1;6;178;47 ave de la lib?ration;M;4553820.0;325060.0;630
16501;201500018291;15;3;7;2045;5;2;3;1;3;178;Boulevard Albert Buisson;M;4554456.0;324682.0;630
16502;201500018292;15;5;21;1545;1;1;1;1;1;422;;M;0.0;0.0;630
16503;201500018293;15;5;23;2230;3;1;1;1;6;54;;M;0.0;0.0;630
16504;201500018294;15;5;18;745;1;2;1;1;6;178;sur le pont sncf;M;4555150.0;325330.0;630
16505;201500018295;15;6;17;2030;2;1;1;1;1;234;;M;0.0;0.0;630
16506;201500018296;15;6;28;1715;1;1;1;1;7;380;;M;0.0;0.0;630
16507;201500018297;15;9;7;30;3;1;1;1;7;178;plan d'eau du mas;M;4555146.0;327537.0;630
16508;201500018298;15;9;22;1030;1;1;1;1;6;275;;M;4555300.0;317860.0;630
16509;201500018299;15;12;4;1830;5;2;1;1;1;275;;M;0.0;0.0;630
16510;201500018300;15;8;31;1630;1;1;1;1;7;352;;M;4545500.0;319600.0;630
16511;201500018301;15;9;9;800;1;2;1;1;2;52;21 place de la Républiqu;M;4546770.0;326430.0;630
16512;201500018303;15;4;30;745;1;2;1;1;6;47;avenue alsace lorraine;M;4559300.0;274400.0;630
16513;201500018304;15;5;21;930;1;1;1;1;7;236;;M;0.0;0.0;630
16514;201500018305;15;9;26;1130;1;1;1;1;1;236;;M;4559800.0;283300.0;630
16515;201500018306;15;7;20;900;1;1;4;1;1;148;;M;4590300.0;321600.0;630
16516;201500018307;15;3;25;1515;1;1;1;1;7;283;;M;0.0;0.0;630
16517;201500018308;15;4;12;1815;1;1;1;1;6;460;;M;4595300.0;265100.0;630
16518;201500018310;15;9;4;1830;1;1;1;1;6;283;;M;0.0;0.0;630
16519;201500018311;15;11;27;1;3;1;1;1;7;381;;M;4586500.0;289800.0;630
16520;201500018312;15;3;12;1900;3;1;1;8;7;130;;M;0.0;0.0;630
16521;201500018314;15;11;3;930;1;2;6;1;2;338;ROND POINT SUD;M;0.0;0.0;630
16522;201500018315;15;6;8;1900;1;2;1;1;6;72;12 route de clermont;M;4587934.0;369496.0;630
16523;201500018316;15;1;8;1845;5;2;1;1;6;195;rue saint taurin;M;4582940.0;338120.0;630
16524;201500018317;15;2;27;1800;2;1;1;1;1;125;;M;0.0;0.0;630
16525;201500018318;15;7;23;1115;1;2;1;1;6;195;11 rue maréchal leclerc;M;4582730.0;337930.0;630
16526;201500018319;15;8;30;1600;1;1;1;1;6;16;;M;4571400.0;359200.0;630
16527;201500018320;15;12;4;1445;1;1;1;1;6;265;;M;0.0;0.0;630
16528;201500018321;15;10;27;1400;1;2;1;1;7;291;rue Duchassein;M;4596170.0;347910.0;630
16529;201500018322;15;12;24;2300;3;1;1;1;6;210;;M;4592300.0;334900.0;630
16530;201500018323;15;6;10;1815;1;1;9;1;6;117;;M;4767711.0;346718.0;890
16531;201500018324;15;7;15;1700;1;1;1;1;6;237;;M;4758622.0;365516.0;890
16532;201500018325;15;9;15;1200;1;1;1;1;6;252;;M;4765858.0;347260.0;890
16533;201500018326;15;12;22;1200;1;2;1;1;3;119;RN 151 / CD 39;M;4752743.0;354147.0;890
16534;201500018327;15;1;23;1330;1;1;1;1;1;263;;M;4783954.0;355146.0;890
16535;201500018328;15;5;25;1;5;2;1;1;6;227;porte de varennes;M;4789988.0;376156.0;890
16536;201500018329;15;5;30;2330;3;1;1;1;6;2;;M;4772115.0;387592.0;890
16537;201500018330;15;6;3;2045;1;1;1;1;3;263;;M;4786446.0;357906.0;890
16538;201500018331;15;4;26;15;3;1;1;1;6;61;;M;4799209.0;383064.0;890
16539;201500018332;15;6;10;1830;1;2;1;7;3;292;;M;4796111.0;382403.0;890
16540;201500018333;15;6;25;1830;1;2;1;1;6;345;rue Pierre de Coubertin;M;4800259.0;371980.0;890
16541;201500018335;15;12;20;1915;3;1;1;1;1;345;;M;4801288.0;375336.0;890
16542;201500018336;15;3;15;430;5;2;6;1;6;25;Avenue pepinster;M;4749358.0;390275.0;890
16543;201500018337;15;3;24;1300;1;1;1;1;1;145;;M;4742708.0;383892.0;890
16544;201500018338;15;8;22;100;3;1;1;1;6;176;;M;4741720.0;373383.0;890
16545;201500018339;15;9;13;2330;3;1;1;2;1;21;;M;4747356.0;375651.0;890
16546;201500018340;15;12;27;1730;5;2;1;1;6;25;rue carnot;M;4749198.0;390978.0;890
16547;201500018341;15;4;30;1800;1;1;1;2;3;279;;M;4769230.0;402134.0;890
16548;201500018342;15;1;19;1900;3;1;3;4;5;138;;M;4793605.0;307948.0;890
16549;201500018343;15;4;16;1715;1;1;1;1;3;3;;M;4786857.0;331122.0;890
16550;201500018344;15;4;21;1045;1;1;1;1;2;317;;M;4788754.0;312232.0;890
16551;201500018346;15;6;30;1200;1;1;2;1;3;304;;M;4782916.0;341773.0;890
16552;201500018347;15;8;7;1200;1;2;1;1;6;473;RD 178;M;0.0;0.0;890
16553;201500018348;15;8;25;1230;1;1;1;1;7;294;;M;4785819.0;315996.0;890
16554;201500018349;15;10;2;2015;3;1;1;1;1;384;;M;4792818.0;336705.0;890
16555;201500018350;15;2;1;700;3;1;1;2;6;298;;M;4805625.0;313513.0;890
16556;201500018352;15;11;20;1430;1;2;1;1;6;137;rue de la digue;M;0.0;0.0;710
16557;201500018353;15;2;20;2045;3;1;1;1;6;543;;M;0.0;0.0;710
16558;201500018354;15;12;8;1100;1;2;1;1;7;543;Avenue Mréchal Leclerc;M;4656086.0;491010.0;710
16559;201500018355;15;2;13;2230;3;1;1;3;6;493;;M;0.0;0.0;710
16560;201500018356;15;2;16;845;1;2;1;5;3;190;Rue Jean BOUVERI;M;4698678.0;452719.0;710
16561;201500018357;15;2;26;745;1;1;1;1;1;530;;M;4698942.0;448395.0;710
16562;201500018358;15;3;11;1330;1;2;9;7;3;14;Rue de Parpas;M;4695188.0;429214.0;710
16563;201500018359;15;3;27;830;1;2;1;1;1;14;route de Saulieu;M;4696616.0;429405.0;710
16564;201500018360;15;4;19;145;3;2;1;1;6;530;9 rue du reuil d Eze;M;4700591.0;446767.0;710
16565;201500018361;15;5;10;1615;1;1;1;1;3;20;;M;4710121.0;434010.0;710
16566;201500018362;15;5;15;2045;2;1;1;1;1;184;;M;4701744.0;432756.0;710
16567;201500018363;15;6;9;1745;1;2;1;1;3;14;place du champ de mars;M;4695017.0;429875.0;710
16568;201500018364;15;6;15;745;1;1;1;3;6;493;;M;0.0;0.0;710
16569;201500018365;15;7;9;615;2;1;1;1;7;527;;M;0.0;0.0;710
16570;201500018366;15;7;12;1145;1;1;1;1;7;266;;M;4706727.0;424947.0;710
16571;201500018367;15;8;29;2145;4;2;1;1;1;14;Rue de la Grange Vertu;M;4695283.0;429427.0;710
16572;201500018368;15;9;22;1915;2;1;1;1;7;493;;M;0.0;0.0;710
16573;201500018369;15;10;9;2215;5;2;1;1;6;368;;M;0.0;0.0;710
16574;201500018370;15;11;20;1345;1;2;2;3;6;14;rue de la grange vertu;M;4695283.0;429427.0;710
16575;201500018371;15;12;9;1430;1;1;1;1;3;9;;M;0.0;0.0;710
16576;201500018372;15;9;30;1515;1;2;1;1;6;347;;M;0.0;0.0;710
16577;201500018373;15;11;14;1945;3;1;1;1;4;73;;M;4684225.0;481387.0;710
16578;201500018374;15;6;4;1830;1;1;1;1;3;482;;M;4684655.0;432025.0;710
16579;201500018375;15;7;11;600;1;1;1;1;1;310;;M;0.0;0.0;710
16580;201500018376;15;8;12;1715;1;1;1;1;1;413;;M;0.0;0.0;710
16581;201500018378;15;9;1;1915;1;1;1;1;2;310;;M;0.0;0.0;710
16582;201500018379;15;10;4;730;2;1;1;5;1;282;;M;0.0;0.0;710
16583;201500018380;15;2;12;1930;3;1;1;1;1;433;;M;0.0;0.0;710
16584;201500018382;15;6;17;800;1;2;1;7;6;564;Le bourg;M;4644140.0;433770.0;710
16585;201500018383;15;7;21;1645;1;1;1;1;1;21;;M;4649881.0;429669.0;710
16586;201500018384;15;7;25;830;1;1;1;6;6;106;;M;0.0;0.0;710
16587;201500018385;15;8;21;1215;1;1;1;1;5;106;;M;0.0;0.0;710
16588;201500018386;15;6;27;1800;1;2;4;1;1;41;Les Combretoux;M;0.0;0.0;710