;Num_Acc;an;mois;jour;hrmn;lum;agg;int;atm;col;com;adr;gps;lat;long;dep
16589;201500018387;15;1;14;1715;5;2;1;1;6;263;2 rue des dodanes;M;4662993.0;522110.0;710
16590;201500018388;15;4;14;730;1;2;1;1;6;157;rue des ecoles;M;4649852.0;538944.0;710
16591;201500018390;15;7;12;1715;1;2;1;1;3;263;116 rue des Bordes;M;4661973.0;522733.0;710
16592;201500018391;15;7;31;1900;1;2;1;1;6;379;;M;0.0;0.0;710
16593;201500018392;15;8;5;1915;1;1;1;1;7;379;;M;4660373.0;531195.0;710
16594;201500018393;15;10;2;1500;1;1;1;1;3;303;;M;4667080.0;527088.0;710
16595;201500018394;15;10;20;815;3;1;1;1;4;558;;M;4649189.0;524344.0;710
16596;201500018395;15;8;28;1200;1;2;1;1;2;158;Route de Simandre;M;0.0;0.0;710
16597;201500018396;15;11;8;145;3;1;1;1;6;410;;M;0.0;0.0;710
16598;201500018397;15;7;10;1315;1;1;1;1;6;295;;M;4681400.0;521000.0;710
16599;201500018398;15;10;24;1850;3;2;1;1;6;59;lieu dit cassignoles;M;4316072.0;211314.0;110
16600;201500018399;15;2;7;1600;1;1;1;1;7;262;11100;M;4318139.0;306284.0;110
16601;201500018400;15;2;28;1530;1;2;1;1;6;294;;M;4683209.0;472452.0;710
16602;201500018401;15;9;18;1100;1;1;1;1;1;244;;M;4367420.0;-9309.0;320
16603;201500018402;15;10;20;1630;1;1;2;1;2;414;;M;4369360.0;-6804.0;320
16604;201500018404;15;5;12;1015;1;2;1;1;6;99;Avenue charles de gaulle;M;0.0;0.0;810
16605;201500018405;15;10;31;915;1;1;1;1;6;99;;M;0.0;0.0;810
16606;201500018406;15;2;21;1445;1;2;1;1;1;220;ROUTE DE SAURS;M;0.0;0.0;810
16607;201500018408;15;3;8;1445;1;1;1;1;7;55;;M;4342400.0;208599.0;810
16608;201500018409;15;3;9;845;1;2;1;1;3;289;Avenue des Pyr?n?es;M;4355800.0;211600.0;810
16609;201500018410;15;12;2;1015;1;2;9;1;6;120;les bruzzes;M;4352000.0;227000.0;810
16610;201500018412;15;12;29;1045;1;1;1;1;6;235;;M;4354600.0;221100.0;810
16611;201500018413;15;4;22;830;1;2;9;1;6;88;rue Berthelot;;;;690
16612;201500018414;15;12;27;1145;1;1;1;7;6;2;;M;4628200.0;443200.0;690
16613;201500018415;15;2;6;1945;5;2;1;1;1;84;RUE WETTOLSHEIM;M;4618880.0;470031.0;690
16614;201500018416;15;2;16;15;5;2;1;8;6;18;route de belleville;M;0.0;0.0;690
16615;201500018417;15;4;17;2230;3;1;1;2;7;104;;M;4624150.0;466943.0;690
16616;201500018418;15;4;20;1130;1;1;1;1;1;196;;M;4615870.0;454966.0;690
16617;201500018419;15;4;22;1115;1;2;9;1;1;18;52 rue des écharmeaux;M;0.0;0.0;690
16618;201500018420;15;5;1;900;1;2;2;3;3;103;Lieu-dit Les Gonnards;M;0.0;0.0;690
16619;201500018421;15;6;4;1400;1;1;1;1;7;108;;M;4617500.0;474800.0;690
16620;201500018423;15;6;19;1900;1;1;1;1;1;108;;M;4616960.0;470831.0;690
16621;201500018424;15;6;20;1215;1;1;1;1;6;18;;M;4614550.0;457708.0;690
16622;201500018426;15;8;13;1615;1;1;1;8;1;12;;M;0.0;0.0;690
16623;201500018427;15;11;28;1600;2;1;1;1;6;267;;M;0.0;0.0;690
16624;201500018428;15;12;13;2145;3;1;2;1;3;165;;M;4614700.0;463000.0;690
16625;201500018429;15;3;6;1738;1;2;6;7;6;25;rue J-B FOURNIER;;;;690
16626;201500018430;15;4;15;715;1;1;1;1;6;248;;M;0.0;0.0;690
16627;201500018431;15;2;23;2030;5;2;1;2;6;84;25 route de Bordeaux;M;4472865.0;-45939.0;330
16628;201500018432;15;3;17;845;1;2;1;1;6;311;83 AVENUE DU CHENE VERT;M;4468111.0;-36283.0;330
16629;201500018433;15;6;14;300;3;1;1;1;6;534;14 RTE 19 MARS 1962;M;4471600.0;-39395.0;330
16630;201500018434;15;12;3;815;1;1;1;5;3;140;;M;4475112.0;-33264.0;330
16631;201500018435;15;12;8;1100;2;2;1;1;3;226;16 bis route de Créon;M;0.0;0.0;330
16632;201500018436;15;1;1;430;3;1;1;1;6;11;;M;4478090.0;-114118.0;330
16633;201500018437;15;10;22;1145;1;2;1;2;1;11;allée des rossignols;M;4477150.0;-113572.0;330
16634;201500018438;15;10;25;1745;1;2;2;1;3;382;;M;4519390.0;-45780.0;330
16635;201500018439;15;12;20;830;2;1;1;1;6;233;D250;M;4514287.0;-38356.0;330
16636;201500018440;15;7;9;1800;1;1;2;1;3;36;;M;0.0;0.0;330
16637;201500018441;15;8;31;1630;1;1;1;2;1;271;RD 655;M;4438943.0;-9719.0;330
16638;201500018442;15;12;17;700;2;1;1;1;7;239;Bas Majouraou;M;4431755.0;-16369.0;330
16639;201500018443;15;5;4;1045;1;1;1;1;1;399;LIEU DIT BOUCHEREAU;M;4466474.0;-13221.0;330
16640;201500018444;15;6;29;1100;1;1;1;1;7;506;;M;4472604.0;-10463.0;330
16641;201500018446;15;7;13;815;1;1;1;1;7;214;;M;0.0;0.0;330
16642;201500018447;15;8;27;1200;1;2;4;1;3;214;AVENUE DE L'OCEAN;M;4498517.0;-108068.0;330
16643;201500018448;15;12;8;915;1;2;1;1;6;97;route de lacanau;M;4504241.0;-105854.0;330
16644;201500018449;15;6;19;1630;1;1;2;1;3;424;;M;4515751.0;-84215.0;330
16645;201500018450;15;4;26;330;3;1;1;1;6;521;;M;4547970.0;-104965.0;330
16646;201500018451;15;7;11;1200;1;1;2;1;1;193;;M;4541622.0;-112944.0;330
16647;201500018452;15;7;15;420;5;2;2;1;3;540;BD GENERAL LECLERC;M;4538030.0;-115452.0;330
16648;201500018454;15;8;19;1615;1;1;1;1;3;544;;M;0.0;0.0;330
16649;201500018455;15;10;20;1345;1;2;1;1;7;538;villeneuve;M;4539314.0;-88918.0;330
16650;201500018456;15;11;8;1300;1;1;3;1;6;544;;M;4553570.0;-109901.0;330
16651;201500018458;15;4;23;715;1;1;1;2;1;394;;M;0.0;0.0;330
16652;201500018459;15;7;22;645;1;2;1;2;2;437;avenue de la dordogne;M;0.0;0.0;330
16653;201500018460;15;10;4;2145;5;2;1;1;6;108;117 RUE MICHEL MONTAIGNE;M;4485671.0;-3405.0;330
16654;201500018461;15;10;20;1815;2;1;2;1;3;394;;M;0.0;0.0;330
16655;201500018462;15;10;23;730;3;1;1;1;1;342;;M;4490900.0;-6900.0;330
16656;201500018463;15;1;20;1515;1;1;1;5;6;369;;M;4480960.0;21880.0;330
16657;201500018464;15;5;23;2345;3;1;1;1;6;319;D16;M;4481241.0;7466.0;330
16658;201500018465;15;10;30;515;3;1;2;1;3;126;;M;4327650.0;43979.0;650
16659;201500018466;15;10;15;1015;1;1;1;1;6;174;;M;4349150.0;3696.0;650
16660;201500018467;15;10;16;530;3;1;1;1;6;7;;M;4332480.0;6935.0;650
16661;201500018469;15;7;15;1900;1;1;1;1;2;362;;M;4295900.0;-7849.0;650
16662;201500018470;15;8;14;1400;1;1;1;1;2;77;;M;4297880.0;-6935.0;650
16663;201500018471;15;8;27;1545;1;1;1;1;7;1;;M;4297073.0;-7471.0;650
16664;201500018472;15;8;8;1645;1;1;1;2;1;140;;M;4288920.0;37905.0;650
16665;201500018473;15;3;16;1045;1;2;1;1;4;139;;M;4725100.0;150900.0;410
16666;201500018474;15;7;25;1430;1;1;1;1;7;217;;M;4730003.0;119906.0;410
16667;201500018475;15;10;8;445;3;1;1;1;2;132;;M;4732350.0;146888.0;410
16668;201500018477;15;10;18;1515;1;1;1;1;7;185;;M;4733870.0;166308.0;410
16669;201500018478;15;5;28;1230;1;2;1;1;6;7;D22;M;0.0;0.0;820
16670;201500018479;15;7;14;745;1;1;1;1;2;148;;M;0.0;0.0;820
16671;201500018480;15;10;7;1645;1;1;1;1;6;76;;M;0.0;0.0;820
16672;201500018482;15;5;27;1015;1;2;1;1;1;17;Rue Georges Brassens;M;4388330.0;125392.0;820
16673;201500018483;15;9;9;1530;1;2;1;1;6;88;D106 bis;M;0.0;0.0;820
16674;201500018484;15;1;21;1845;3;1;1;1;6;180;;M;4389300.0;103499.0;820
16675;201500018485;15;4;23;1445;1;2;1;8;6;143;D 11, le village;M;0.0;0.0;820
16676;201500018486;15;5;18;1215;1;2;9;1;3;13;croisement RD98/VC4;M;4387660.0;99646.0;820
16677;201500018487;15;7;9;600;2;1;1;1;6;193;;M;4389792.0;103993.0;820
16678;201500018488;15;12;8;1000;1;1;1;8;7;53;;M;0.0;0.0;820
16679;201500018489;15;6;3;1645;1;1;1;1;7;112;;M;0.0;0.0;820
16680;201500018490;15;6;23;2300;3;1;1;1;6;112;;M;4414215.0;119768.0;820
16681;201500018491;15;10;27;1845;3;1;1;1;6;169;;M;0.0;0.0;820
16682;201500018492;15;11;3;2245;3;1;1;1;6;112;;M;0.0;0.0;820
16683;201500018493;15;2;6;1030;1;1;2;6;1;774;;M;4988369.0;254851.0;800
16684;201500018496;15;11;10;1030;1;2;1;1;2;212;Rue de la République;M;4991298.0;249663.0;800
16685;201500018497;15;11;20;115;5;2;1;1;6;507;RUE du ONZE NOVEMBRE;M;4985159.0;257303.0;800
16686;201500018498;15;2;14;2145;5;2;1;1;6;587;RD1015;M;4992320.0;166873.0;800
16687;201500018499;15;3;28;2215;5;2;1;8;7;484;Rue du Bois;M;4985233.0;182515.0;800
16688;201500018500;15;4;3;2300;3;1;1;2;7;62;;M;4983068.0;177859.0;800
16689;201500018501;15;4;28;1700;1;2;1;1;3;655;Rue de la ville;M;4995467.0;199050.0;800
16690;201500018502;15;5;3;1930;1;1;1;1;7;651;;M;0.0;0.0;800
16691;201500018503;15;5;21;815;1;1;2;1;3;800;;M;4987640.0;181826.0;800
16692;201500018504;15;5;22;1830;1;1;1;1;3;13;;M;4996473.0;193336.0;800
16693;201500018505;15;6;26;1545;1;1;1;1;3;62;;M;4983231.0;178061.0;800
16694;201500018506;15;10;7;1430;1;1;1;8;3;361;;M;4991710.0;179990.0;800
16695;201500018507;15;11;26;1300;1;1;1;1;6;443;D211;M;4987470.0;195181.0;800
16696;201500018508;15;4;27;1430;1;1;1;1;3;225;Rue du Bois;M;4983613.0;216196.0;800
16697;201500018509;15;5;6;1345;1;1;1;6;7;50;;M;4982789.0;218394.0;800
16698;201500018510;15;5;20;800;1;1;1;2;3;357;;M;4985075.0;206627.0;800
16699;201500018512;15;7;14;1930;1;1;1;1;7;630;;M;4978267.0;200260.0;800
16700;201500018513;15;8;15;150;3;1;1;8;7;455;;M;4977048.0;196562.0;800
16701;201500018514;15;8;26;1830;1;1;1;3;2;227;;M;4978768.0;198080.0;800
16702;201500018515;15;11;17;1600;1;1;1;2;3;227;;M;4979339.0;197781.0;800
16703;201500018516;15;12;4;1200;1;1;2;1;3;218;D1029 / VC(D258);M;4980644.0;205365.0;800
16704;201500018517;15;10;21;1045;1;2;6;8;6;597;RUE GASTON VASSEUR;M;5010022.0;158841.0;800
16705;201500018518;15;4;11;930;1;1;1;1;3;782;;M;4997261.0;226990.0;800
16706;201500018521;15;6;20;1230;1;1;1;1;6;773;;M;5002230.0;249286.0;800
16707;201500018522;15;6;20;1530;1;1;1;1;7;92;Rue de Coisy;M;4996866.0;230033.0;800
16708;201500018523;15;7;4;1830;1;2;1;1;1;11;D1235 R JEAN CATELAS;M;4992196.0;221098.0;800
16709;201500018525;15;1;3;1845;3;1;1;3;6;406;;M;4999837.0;189654.0;800
16710;201500018528;15;3;13;1845;1;1;2;1;3;78;;M;5010024.0;191783.0;800
16711;201500018529;15;3;20;1100;1;1;1;1;1;9;;M;5007969.0;198521.0;800
16712;201500018530;15;4;5;1715;1;2;1;1;3;446;09, Rue des Juifs;M;5002665.0;176964.0;800
16713;201500018531;15;8;1;1930;1;1;1;7;1;245;;M;5014555.0;208264.0;800
16714;201500018532;15;8;2;2015;1;2;1;1;6;196;;M;4998210.0;182407.0;800
16715;201500018533;15;8;8;2345;3;1;2;1;3;779;;M;5009150.0;187915.0;800
16716;201500018534;15;8;13;1145;1;1;1;1;5;260;;M;5013715.0;183999.0;800
16717;201500018535;15;8;16;2135;1;2;1;1;6;282;Rte de Pont Rémy;M;5005225.0;188493.0;800
16718;201500018536;15;8;22;1245;1;1;1;1;7;546;RTE NATIONNALE;M;5010057.0;172562.0;800
16719;201500018537;15;8;22;1200;1;1;1;1;6;135;;M;5005083.0;186587.0;800
16720;201500018538;15;9;25;1715;1;2;1;1;1;171;RUE VERTE;M;5013136.0;188712.0;800
16721;201500018539;15;10;22;1445;1;1;1;1;1;546;;M;5009362.0;171365.0;800
16722;201500018540;15;10;23;1845;5;2;1;1;6;262;rue du Meilier;M;5006121.0;188711.0;800
16723;201500018541;15;1;25;1545;1;1;1;1;6;373;;M;4998287.0;158409.0;800
16724;201500018542;15;3;2;700;2;2;1;1;1;360;Gabart / Mont Blanc;M;5007133.0;157111.0;800
16725;201500018543;15;3;4;1530;1;1;1;1;5;362;;M;4998055.0;164136.0;800
16726;201500018544;15;4;27;1530;1;1;1;1;6;760;;M;4998177.0;159938.0;800
16727;201500018545;15;4;29;715;2;1;1;1;1;360;;M;5006107.0;156784.0;800
16728;201500018546;15;5;23;130;5;2;1;1;6;368;Rue Maréchal Foch;M;5009100.0;154511.0;800
16729;201500018547;15;5;23;1200;1;1;1;1;4;714;;M;5006403.0;148066.0;800
16730;201500018548;15;5;31;815;1;2;2;2;1;190;firmin et nicolas get;M;5005662.0;165152.0;800
16731;201500018549;15;6;7;1645;1;2;1;1;3;464;370, R de l'Abbé Ducrocq;M;5015909.0;155559.0;800
16732;201500018550;15;6;19;1500;1;1;1;1;3;527;;M;5006523.0;150058.0;800
16733;201500018551;15;6;22;1500;1;1;1;2;1;126;;M;4995228.0;160445.0;800
16734;201500018552;15;7;2;1745;1;1;1;1;6;126;;M;4996240.0;159091.0;800
16735;201500018553;15;7;12;1530;1;2;3;2;3;368;D229, RUE VOLTAIRE;M;5007521.0;155220.0;800
16736;201500018554;15;8;6;1245;1;1;1;1;2;721;;M;5017287.0;164490.0;800
16737;201500018555;15;8;29;1700;1;2;1;1;3;500;Rue de Gamaches;M;5001587.0;161623.0;800
16738;201500018556;15;9;3;715;1;2;1;2;6;360;rue jean jaures;M;5006717.0;157032.0;800
16739;201500018557;15;9;5;1900;1;2;2;1;3;235;D190 / D2;M;5004414.0;152446.0;800
16740;201500018558;15;9;19;515;3;2;1;2;6;362;1 rue de l'église;M;5000989.0;164223.0;800
16741;201500018561;15;11;6;1930;2;1;1;8;1;126;D928;M;4994309.0;164194.0;800
16742;201500018562;15;11;9;1700;2;1;1;7;2;368;;M;5009578.0;156841.0;800
16743;201500018563;15;11;11;1300;1;1;9;1;7;190;;M;5005100.0;164059.0;800
16744;201500018564;15;11;22;1330;1;1;2;1;3;775;D925 / D48;M;5007678.0;160995.0;800
16745;201500018565;15;12;11;1715;5;2;1;3;6;373;D1015, RUE Gal Leclerc;M;4998604.0;155676.0;800
16746;201500018566;15;12;19;1430;1;2;1;1;3;265;1 rue de la résistance;M;5003033.0;154432.0;800
16747;201500018567;15;1;22;1545;1;1;8;1;1;600;;M;5019901.0;170561.0;800
16748;201500018568;15;3;1;2000;3;1;1;2;7;589;;M;5022253.0;203057.0;800
16749;201500018569;15;4;1;1715;1;1;1;6;7;548;;M;5014952.0;189874.0;800
16750;201500018570;15;4;9;1945;1;1;1;1;6;810;;M;5025216.0;206833.0;800
16751;201500018571;15;4;29;1545;1;1;1;1;6;580;;M;5034788.0;175184.0;800
16752;201500018572;15;5;12;2015;1;1;1;1;6;248;;M;5028164.0;190579.0;800
16753;201500018573;15;6;11;1630;1;1;1;1;5;109;;M;5026004.0;197174.0;800
16754;201500018574;15;7;12;1945;1;2;1;1;6;30;rue joseph arrent;M;5027852.0;171964.0;800
16755;201500018576;15;8;21;1445;1;1;1;1;1;222;;M;5023279.0;185279.0;800
16756;201500018577;15;8;23;1045;1;1;1;2;1;228;RTE de RUE;M;5022212.0;163269.0;800
16757;201500018578;15;8;24;1500;1;2;1;3;1;109;15 RTE NATIONNALE;M;5026988.0;198467.0;800
16758;201500018579;15;8;25;1315;1;1;1;8;6;688;;M;5028743.0;165244.0;800
16759;201500018580;15;8;29;1900;1;2;1;1;3;333;Promenade du Marquenterr;M;5033863.0;156616.0;800
16760;201500018581;15;9;8;1630;1;1;1;1;1;600;;M;5016584.0;172524.0;800
16761;201500018582;15;9;14;1215;1;1;1;2;1;590;;M;5016523.0;186199.0;800
16762;201500018583;15;9;20;1900;1;1;1;1;2;149;;M;5015648.0;181760.0;800
16763;201500018584;15;10;6;1930;3;1;1;3;7;590;;M;5016504.0;189562.0;800
16764;201500018585;15;10;20;730;2;1;1;8;6;222;;M;5021813.0;183743.0;800
16765;201500018586;15;11;21;2215;5;2;1;8;6;109;D928;M;5026866.0;198339.0;800
16766;201500018587;15;12;22;1200;1;1;2;1;3;590;D928 / D32;M;5017277.0;186761.0;800
16767;201500018588;15;12;26;100;3;1;1;1;6;600;;M;5019566.0;173512.0;800
16768;201500018589;15;3;1;1730;1;1;1;1;1;420;;M;5002966.0;250422.0;800
16769;201500018590;15;3;8;1815;1;1;1;1;6;776;;M;5005538.0;253553.0;800
16770;201500018591;15;4;29;1845;1;2;1;2;7;253;1,Route d'Albert;M;5015177.0;234079.0;800
16771;201500018592;15;5;9;2025;1;2;1;1;6;614;Rue d'Occoches;M;5017040.0;226137.0;800
16772;201500018593;15;6;18;815;1;1;1;2;3;431;;M;5003071.0;239385.0;800
16773;201500018594;15;10;30;1445;1;1;2;1;3;659;CARR D11 / D31;M;5008222.0;242657.0;800
16774;201500018595;15;2;21;15;5;2;1;1;6;310;rue du 11 novembre 1918;M;5012101.0;222840.0;800
16775;201500018596;15;5;11;845;1;1;1;1;1;89;;M;5009289.0;215905.0;800
16776;201500018597;15;5;23;130;5;1;1;1;6;318;RUE DE LA RESISTANCE;M;5000886.0;207440.0;800
16777;201500018598;15;8;14;945;1;1;1;1;1;742;;M;5006369.0;208923.0;800
16778;201500018599;15;10;5;1830;1;2;1;2;6;318;29 rue roger godard;M;5001436.0;208137.0;800
16779;201500018600;15;10;8;1015;1;2;1;1;2;93;25 rue Lucien PEYRAT;M;5004671.0;214461.0;800
16780;201500018601;15;10;11;1615;1;1;2;1;3;381;D933 / D216;M;5010470.0;218705.0;800
16781;201500018602;15;11;18;1500;1;1;1;6;3;93;;M;5003570.0;215469.0;800
16782;201500018603;15;11;20;15;3;1;1;3;6;381;;M;5011722.0;218143.0;800
16783;201500018604;15;1;14;1445;1;2;9;1;6;561;AVENUE DU 8 MAI 1945;M;4964659.0;258738.0;800
16784;201500018605;15;3;17;1745;1;1;2;1;5;685;;M;4968424.0;278929.0;800
16785;201500018606;15;4;18;1745;1;1;2;1;1;685;;M;4969657.0;280653.0;800
16786;201500018607;15;5;6;1415;1;2;1;1;1;678;rue de la Madeleine;M;4959008.0;265510.0;800
16787;201500018608;15;6;29;1515;1;2;1;7;5;685;D934;M;4971353.0;279546.0;800
16788;201500018609;15;7;6;1130;1;2;1;1;3;293;RD329 / RD135;M;4966875.0;260202.0;800
16789;201500018610;15;7;12;2045;2;1;1;1;1;561;;M;4965955.0;256603.0;800
16790;201500018611;15;7;23;815;1;1;9;1;2;561;;M;4965870.0;258407.0;800
16791;201500018612;15;8;5;1700;1;1;1;1;6;685;;M;4968765.0;280292.0;800
16792;201500018613;15;8;9;1945;1;1;1;1;6;759;;M;4964560.0;275162.0;800
16793;201500018614;15;8;16;2200;5;2;1;1;6;685;Rue du Puits A Marne;M;4969973.0;276566.0;800
16794;201500018615;15;9;10;1730;1;1;1;1;1;561;;M;4965890.0;258479.0;800
16795;201500018616;15;10;6;1745;1;1;1;8;7;74;CH DE WARSY;M;4969238.0;263221.0;800
16796;201500018617;15;11;5;1745;2;2;1;1;3;561;D935 Av Paul Doumer;M;4964620.0;257260.0;800
16797;201500018618;15;3;13;2145;1;1;1;1;6;64;;M;4979709.0;260382.0;800
16798;201500018620;15;6;11;1545;1;1;1;1;4;571;;M;4976609.0;246497.0;800
16799;201500018621;15;6;26;45;5;2;6;1;1;570;Rpt / Rue E. Branly;M;4978173.0;247908.0;800
16800;201500018622;15;7;2;100;5;2;1;1;6;452;Rue du Général LECLERC;M;4975850.0;235301.0;800
16801;201500018623;15;7;29;1330;1;1;1;1;1;237;;M;4982494.0;253608.0;800
16802;201500018624;15;8;2;1715;1;2;1;1;2;570;chemin de la briqueterie;M;4976587.0;247434.0;800
16803;201500018625;15;8;17;1545;1;1;1;1;1;94;;M;4981819.0;246054.0;800
16804;201500018626;15;10;10;1330;1;2;1;8;5;571;138 rue Thiers Prolongée;M;4976960.0;247201.0;800
16805;201500018627;15;11;6;1800;2;2;1;1;5;10;27 rue sadi carnot;M;4975570.0;236216.0;800
16806;201500018629;15;11;25;1745;2;1;1;2;7;321;D14;M;4968450.0;236059.0;800
16807;201500018631;15;12;24;2345;3;1;1;1;3;681;RD 920;M;4976517.0;241663.0;800
16808;201500018632;15;12;27;915;3;1;1;1;3;652;;M;4976943.0;261966.0;800
16809;201500018633;15;2;27;1130;1;1;1;1;1;747;;M;4996539.0;303223.0;800
16810;201500018634;15;3;6;1745;1;2;1;1;1;204;1 RUE DE PERONNE;M;5000893.0;286855.0;800
16811;201500018635;15;4;20;930;3;2;1;1;7;275;Rue Cotel;M;5003610.0;301736.0;800
16812;201500018636;15;5;11;745;1;1;1;1;6;175;;M;4998304.0;274512.0;800
16813;201500018637;15;8;7;2245;2;1;1;1;1;677;;M;4995058.0;311944.0;800
16814;201500018638;15;11;28;1930;3;1;1;6;1;240;D 937;M;4992199.0;296209.0;800
16815;201500018639;15;12;1;1145;1;1;1;2;1;54;D 79;M;4990613.0;290505.0;800
16816;201500018640;15;1;27;1645;1;1;2;1;3;572;;M;4993638.0;264256.0;800
16817;201500018641;15;2;23;1215;1;1;1;1;2;417;rue RAOUL DEFRUIT;M;4985166.0;265856.0;800
16818;201500018642;15;4;14;1500;1;1;3;1;1;186;;M;4980393.0;281145.0;800
16819;201500018643;15;6;30;2115;1;1;1;1;2;58;;M;4987274.0;265652.0;800
16820;201500018644;15;7;30;1700;1;1;2;1;4;647;;M;4978821.0;283162.0;800
16821;201500018645;15;8;16;1915;1;1;1;1;6;781;;M;4984733.0;268819.0;800
16822;201500018646;15;10;14;430;3;1;2;1;3;617;;M;4974688.0;274663.0;800
16823;201500018647;15;10;24;645;3;1;1;1;3;781;;M;4984281.0;269470.0;800
16824;201500018648;15;11;16;1345;1;1;1;1;1;186;;M;4982370.0;279067.0;800
16825;201500018650;15;11;30;2000;5;1;1;2;6;288;Avenue ZAC Hte Picardie;M;4986524.0;283061.0;800
16826;201500018651;15;12;16;1330;1;1;1;8;3;353;D1017;M;4985623.0;287948.0;800
16827;201500018652;15;1;11;315;5;2;1;1;6;410;9,BD DE LA LIBERTE;M;4974054.0;307427.0;800
16828;201500018653;15;1;23;2130;3;1;1;1;6;410;;M;4975691.0;306101.0;800
16829;201500018654;15;1;25;500;3;1;1;9;6;474;;M;4981758.0;289787.0;800
16830;201500018655;15;1;30;900;1;2;1;4;6;410;49, RUE SALVATOR ALLENDE;M;4975141.0;306699.0;800
16831;201500018656;15;3;6;1230;1;2;1;1;3;579;80,Rue de Paris;M;4972987.0;306736.0;800
16832;201500018657;15;4;16;900;1;2;1;1;6;811;rue de nesle;M;4977192.0;298272.0;800
16833;201500018658;15;9;13;1815;1;2;1;2;1;410;40 rue de Verdun;M;4974292.0;308272.0;800
16834;201500018659;15;9;25;1500;1;1;2;1;3;442;CARR D930 / D17;M;4974194.0;301755.0;800
16835;201500018662;15;1;31;815;2;1;1;9;6;102;;M;4930806.0;253983.0;600
16836;201500018663;15;6;17;1730;1;2;1;1;7;587;80 rue de Paris;M;4933482.0;260427.0;600
16837;201500018664;15;7;15;2000;1;1;1;1;1;539;;M;4929746.0;251891.0;600
16838;201500018665;15;9;16;1315;1;1;1;2;6;562;;M;4936649.0;255737.0;600
16839;201500018666;15;9;16;900;1;1;1;1;7;274;FIN A89;M;4519080.0;148601.0;190
16840;201500018667;15;5;30;500;2;2;1;1;6;346;Lieu dit Torra;M;0.0;0.0;202
16841;201500018668;15;8;17;1430;1;1;1;1;2;318;;M;0.0;0.0;202
16842;201500018669;15;7;3;1430;1;1;1;1;7;121;;M;4240100.0;869200.0;202
16843;201500018670;15;11;30;645;2;1;1;1;7;50;;M;4255300.0;878900.0;202
16844;201500018671;15;12;18;1000;1;1;1;1;2;50;;M;0.0;0.0;202
16845;201500018672;15;5;30;1015;1;1;1;1;6;168;;M;0.0;0.0;202
16846;201500018673;15;3;22;1030;1;1;1;2;3;342;;M;0.0;0.0;202
16847;201500018674;15;5;13;1345;1;2;1;1;6;342;RT 10;M;0.0;0.0;202
16848;201500018675;15;5;29;1600;1;2;1;1;3;123;avenue du 09 septembre;M;0.0;0.0;202
16849;201500018676;15;12;17;2100;3;1;1;1;6;251;;M;0.0;0.0;202
16850;201500018677;15;1;20;1500;1;2;6;1;3;541;ROND POINT GIMENELLS;M;4367283.0;136660.0;310
16851;201500018678;15;6;8;830;1;1;1;1;3;150;;M;4365783.0;133849.0;310
16852;201500018679;15;8;25;1515;1;2;1;1;6;351;;M;4366929.0;128035.0;310
16853;201500018680;15;9;4;1545;1;2;2;1;1;150;RD 63 E;M;0.0;0.0;310
16854;201500018681;15;9;17;845;1;1;1;2;5;541;;M;0.0;0.0;310
16855;201500018682;15;10;31;130;3;1;1;1;1;351;;M;0.0;0.0;310
16856;201500018683;15;12;11;1730;2;2;1;1;6;541;allée des tricheries;M;4368234.0;136604.0;310
16857;201500018684;15;4;27;1430;1;1;1;8;1;48;;M;0.0;0.0;201
16858;201500018685;15;6;20;1600;1;1;1;8;6;258;;M;4220659.0;880237.0;201
16859;201500018686;15;5;12;1430;1;1;3;1;2;17;;M;4199286.0;876316.0;201
16860;201500018688;15;2;10;930;1;1;1;1;7;139;;M;4165970.0;931629.0;201
16861;201500018689;15;10;26;1245;1;1;1;2;1;139;;M;4166614.0;930659.0;201
16862;201500018690;15;12;22;1700;2;1;1;1;6;92;;M;0.0;0.0;201
16863;201500018691;15;4;11;1600;1;1;1;1;7;64;;M;4184909.0;896856.0;201
16864;201500018692;15;5;1;1700;1;2;1;1;3;26;Le village;M;4187600.0;900400.0;201
16865;201500018693;15;1;22;2115;3;1;1;1;6;86;;M;4641880.0;-33285.0;790
16866;201500018694;15;4;12;1700;1;1;1;1;3;101;;M;4648033.0;-57951.0;790
16867;201500018695;15;6;5;2245;3;1;1;1;7;32;;M;4646970.0;-51598.0;790