;Num_Acc;an;mois;jour;hrmn;lum;agg;int;atm;col;com;adr;gps;lat;long;dep
16868;201500018696;15;6;20;1236;1;1;1;1;1;66;"LD ""MONTPLAISIR""";M;4646614.0;-37051.0;790
16869;201500018697;15;6;20;1615;1;1;2;1;7;133;;M;4644321.0;-40456.0;790
16870;201500018698;15;9;14;2300;3;1;1;2;6;109;;M;4624506.0;-3262.0;790
16871;201500018700;15;12;5;215;3;1;1;1;6;86;;M;4642829.0;-31933.0;790
16872;201500018701;15;1;8;745;5;1;1;1;6;31;;M;4618324.0;-47393.0;790
16873;201500018702;15;3;4;1915;2;1;1;1;3;355;;M;4630949.0;-36149.0;790
16874;201500018703;15;4;3;1315;1;1;4;1;2;33;;M;4612450.0;-49374.0;790
16875;201500018704;15;4;16;1620;1;2;2;1;3;3;LD PIED BLANC;M;4627070.0;-44704.0;790
16876;201500018705;15;4;21;715;1;1;1;1;6;170;;M;4618240.0;-63370.0;790
16877;201500018706;15;5;30;2215;3;1;1;1;7;34;;M;4629242.0;-51070.0;790
16878;201500018707;15;7;11;2215;3;1;1;1;6;334;;M;4616814.0;-55805.0;790
16879;201500018708;15;7;25;1515;1;1;1;1;1;298;;M;4624695.0;-49340.0;790
16880;201500018709;15;10;24;1500;1;1;1;1;6;130;;M;4627070.0;-52763.0;790
16881;201500018710;15;12;4;730;2;1;1;8;2;130;;M;4625131.0;-55329.0;790
16882;201500018711;15;12;8;915;1;2;1;1;6;130;rue René Cassin;M;4625438.0;-53981.0;790
16883;201500018712;15;12;11;2130;3;1;1;1;6;130;;M;4624331.0;-57221.0;790
16884;201500018713;15;1;26;1625;1;1;1;1;6;30;;M;4625829.0;-16100.0;790
16885;201500018714;15;4;26;905;1;1;1;8;6;264;"LD ""LA CORBILLIERE""";M;4622656.0;-8334.0;790
16886;201500018715;15;6;25;2115;1;1;1;1;1;217;;M;4631297.0;-19665.0;790
16887;201500018716;15;7;4;1915;1;2;1;1;6;174;2 RUE FOUCAUDERIE;M;4622566.0;-14440.0;790
16888;201500018717;15;7;9;945;1;2;6;1;3;174;ROUTE DE LA ROCHE;M;4623519.0;-15069.0;790
16889;201500018718;15;8;2;345;5;2;1;1;6;57;18 RTE DE VERNOUX-COULON;M;4615366.0;-22806.0;790
16890;201500018719;15;10;14;1115;1;1;2;1;3;126;;M;4616778.0;-36337.0;790
16891;201500018720;15;10;18;20;3;1;1;1;6;111;"LD ""CHINETROTTE""";M;4610418.0;-26503.0;790
16892;201500018721;15;1;11;626;4;1;1;1;6;48;"LD ""LES GUIBERTIERES""";M;4637477.0;-28115.0;790
16893;201500018722;15;3;8;1200;1;1;2;1;4;319;;M;4634001.0;-15758.0;790
16894;201500018723;15;3;10;1230;1;1;1;1;6;23;;M;4637656.0;-891.0;790
16895;201500018724;15;4;5;1540;1;1;1;1;7;184;;M;4634960.0;-12949.0;790
16896;201500018725;15;4;26;550;3;1;1;8;7;319;;M;4637274.0;-18313.0;790
16897;201500018726;15;6;6;2110;1;2;1;1;3;48;104 AVENUE DE PARIS;M;4636352.0;-29728.0;790
16898;201500018727;15;6;30;1030;1;1;1;1;1;246;"LD ""FAYE""";M;4639407.0;-14813.0;790
16899;201500018728;15;9;12;830;1;1;1;8;4;189;LD GATEBOT;M;4642279.0;-16636.0;790
16900;201500018729;15;10;14;1500;1;2;1;1;6;270;RUE DENFERT ROCHEREAU;M;4661401.0;-23151.0;790
16901;201500018730;15;10;31;1920;3;1;2;1;3;319;;M;4634002.0;-15760.0;790
16902;201500018731;15;1;18;645;3;1;1;1;6;261;;M;4675968.0;-62160.0;790
16903;201500018732;15;1;17;1045;1;2;2;1;4;79;RUE CARDINAL SOURDIS;M;4691869.0;-74368.0;790
16904;201500018733;15;3;14;1630;1;1;1;1;7;183;;M;4683252.0;-73376.0;790
16905;201500018734;15;4;15;930;1;1;1;1;1;103;;M;4679073.0;-6121.0;790
16906;201500018735;15;5;23;1230;1;2;3;1;3;79;10 RUE CNAL DE SOURDIS;M;4692240.0;-74383.0;790
16907;201500018736;15;8;21;1100;1;2;3;1;1;195;rue Saint Hubert;M;0.0;0.0;790
16908;201500018737;15;10;24;1930;5;2;6;1;3;79;R DE LA VALLEE DE LOUIN;M;4691791.0;-74853.0;790
16909;201500018738;15;10;25;800;2;1;1;1;7;103;;M;4678850.0;-60801.0;790
16910;201500018739;15;12;17;1730;5;2;9;1;6;195;59 AV SAINT-HUBERT;M;4694782.0;-59432.0;790
16911;201500018740;15;1;5;745;2;1;2;5;3;161;;M;4694300.0;-20359.0;790
16912;201500018741;15;2;8;1215;1;1;2;6;3;244;;M;4702879.0;-14917.0;790
16913;201500018742;15;2;22;115;3;2;1;1;6;265;RUE DES CHAMPS RABY;M;4699111.0;-13887.0;790
16914;201500018743;15;7;9;1545;1;1;1;1;5;134;;M;4685599.0;-20879.0;790
16915;201500018745;15;11;15;1610;1;1;8;1;3;171;"LD ""LE BUISSON RIGNE""";M;4693212.0;-26744.0;790
16916;201500018746;15;11;16;1735;3;1;1;2;2;299;;M;4689614.0;-19267.0;790
16917;201500018747;15;11;29;130;3;2;1;2;7;13;ROUTE DE THOUARS;M;4698591.0;-44592.0;790
16918;201500018748;15;12;5;1030;1;1;1;1;1;132;LE MOULIN DES LANDES;M;4705068.0;-41655.0;790
16919;201500018749;15;12;6;1130;1;1;1;1;7;265;;M;4700854.0;-16043.0;790
16920;201500018750;15;12;23;1735;5;2;1;1;6;43;RUE EMILE ZOLA;M;4707589.0;-26888.0;790
16921;201500018751;15;12;30;530;3;1;1;1;6;157;LD MAGE;M;4702305.0;-19699.0;790
16922;201500018752;15;1;6;1320;1;1;4;1;2;347;;M;4669451.0;-27566.0;790
16923;201500018753;15;7;9;905;1;1;3;1;3;347;;M;4668100.0;22066.0;790
16924;201500018754;15;2;15;1920;3;1;1;1;6;345;"LD ""LE GRAND BEAUCHAMP""";M;4652054.0;-30666.0;790
16925;201500018755;15;4;10;500;3;1;1;1;5;8;;M;4674104.0;-30336.0;790
16926;201500018756;15;6;1;1725;1;2;1;1;6;202;BD GEORGES CLEMENCEAU;M;4664218.0;-26038.0;790
16927;201500018757;15;6;5;1215;1;1;5;1;3;339;;M;4659660.0;-4183.0;790
16928;201500018758;15;7;6;740;1;1;4;1;7;339;;M;4660542.0;-2201.0;790
16929;201500018759;15;7;9;1745;1;1;1;1;7;202;;M;4664737.0;-21031.0;790
16930;201500018760;15;10;16;1600;1;1;1;1;3;213;"LD ""SAINTE-MARIE""";M;4661401.0;-23151.0;790
16931;201500018761;15;10;31;1700;1;1;2;1;3;92;;M;4649704.0;-17767.0;790
16932;201500018762;15;11;24;2115;3;1;1;1;6;322;;M;4663865.0;-28054.0;790
16933;201500018763;15;3;28;1600;1;1;1;1;7;167;"LD ""RETOURNAY""";M;4686343.0;-1853.0;790
16934;201500018764;15;3;30;2030;2;1;1;1;7;5;;M;4683310.0;-12364.0;790
16935;201500018765;15;4;26;700;2;1;1;3;6;208;;M;4664855.0;-18858.0;790
16936;201500018766;15;6;30;830;1;2;1;1;1;260;;M;4687888.0;-5021.0;790
16937;201500018767;15;9;5;1700;1;1;1;1;1;120;;M;4666024.0;-7239.0;790
16938;201500018768;15;10;19;1645;1;1;1;1;1;208;"LD ""LE CHALET""";M;4664834.0;-19329.0;790
16939;201500018769;15;11;25;1815;3;2;1;2;6;22;5 RUE SAINT-HILAIRE;M;4685469.0;-14309.0;790
16940;201500018770;15;3;5;1430;1;1;1;1;6;342;"LD ""LE BOURG NEUF""";M;4663470.0;-52366.0;790
16941;201500018772;15;8;8;1545;1;2;1;1;6;311;61 ROUTE DE VENDEE;M;4660924.0;-42427.0;790
16942;201500018773;15;10;8;30;3;1;1;1;6;179;;M;4674768.0;-61422.0;790
16943;201500018774;15;12;13;2000;3;1;1;1;6;69;"LD ""LE VERDON""";M;4678175.0;-47834.0;790
16944;201500018775;15;1;23;1745;1;1;2;1;3;517;;M;4952215.0;113623.0;760
16945;201500018776;15;4;19;1815;1;2;2;1;3;452;61, R WINSTON CHURCHILL;M;4955364.0;107456.0;760
16946;201500018777;15;8;19;1200;1;2;6;1;3;377;route de neufchatel;M;4949798.0;115177.0;760
16947;201500018778;15;3;25;815;1;2;1;1;1;482;RUE DU CHATEAU;M;4985594.0;102138.0;760
16948;201500018779;15;7;5;1900;1;1;1;1;7;136;;M;4981963.0;94050.0;760
16949;201500018780;15;7;10;830;1;2;2;7;3;136;;M;4981449.0;95068.0;760
16950;201500018781;15;7;25;1915;1;1;4;1;1;34;;M;4972429.0;109239.0;760
16951;201500018782;15;7;21;2015;1;1;2;1;3;321;Rue des pierres;M;4977474.0;122193.0;760
16952;201500018783;15;10;18;1345;1;1;1;1;7;700;;M;4968171.0;103311.0;760
16953;201500018784;15;12;27;1915;3;2;1;1;6;18;;M;4970878.0;96482.0;760
16954;201500018786;15;1;12;1445;1;1;1;1;6;607;;M;4967443.0;59530.0;760
16955;201500018788;15;4;14;1530;1;1;1;7;1;525;;M;4964052.0;62199.0;760
16956;201500018789;15;9;26;1000;1;1;1;1;1;471;;M;4947728.0;62576.0;760
16957;201500018790;15;12;29;1245;1;2;3;1;1;258;R CHARLES DE GAULLE;M;4965339.0;59977.0;760
16958;201500018791;15;9;26;1230;1;2;2;1;3;454;Intersection CD 36 et 7;M;4974919.0;155151.0;760
16959;201500018792;15;5;5;2245;3;1;1;1;6;101;;M;4990383.0;160929.0;760
16960;201500018793;15;5;21;1645;1;1;1;1;6;612;;M;4983198.0;166820.0;760
16961;201500018794;15;8;5;1630;1;1;1;1;3;527;;M;4980152.0;165717.0;760
16962;201500018795;15;10;7;2030;5;2;1;1;6;35;route de picardie;M;4976554.0;175577.0;760
16963;201500018796;15;9;27;2015;2;1;1;1;6;621;;M;4964685.0;130093.0;760
16964;201500018797;15;9;21;645;3;1;2;1;3;631;;M;4951471.0;86154.0;760
16965;201500018798;15;11;12;815;1;1;2;2;3;559;;M;4957920.0;62832.0;760
16966;201500018799;15;12;4;1800;3;1;6;1;6;88;;M;4947062.0;88944.0;760
16967;201500018800;15;7;25;445;3;1;1;2;6;325;;M;4966144.0;83144.0;760
16968;201500018801;15;9;13;30;5;2;2;1;3;219;R PIERRE LAMOTTE;M;4972144.0;78345.0;760
16969;201500018802;15;9;19;1530;1;2;2;1;1;542;rue de l'espoir;M;4973005.0;74461.0;760
16970;201500018803;15;10;18;1800;1;1;1;2;1;325;;M;4965884.0;83314.0;760
16971;201500018804;15;1;11;1615;1;1;1;6;6;695;;M;4966314.0;51420.0;760
16972;201500018805;15;1;29;1815;5;2;1;2;6;448;170 Grand-rue;M;0.0;0.0;670
16973;201500018806;15;3;23;2100;3;1;1;1;1;414;;M;0.0;0.0;670
16974;201500018809;15;5;13;1015;1;2;1;1;2;414;15 rue des jardins;M;0.0;0.0;670
16975;201500018810;15;6;12;900;1;1;1;1;6;59;;M;0.0;0.0;670
16976;201500018811;15;7;1;1030;1;1;1;7;1;306;PV,SENS LUTZELH.-SCHIRM.;M;0.0;0.0;670
16977;201500018812;15;7;6;115;4;2;1;1;6;424;8 route de colroy;M;0.0;0.0;670
16978;201500018814;15;8;21;1930;1;1;1;1;3;27;;M;0.0;0.0;670
16979;201500018815;15;11;28;2030;5;2;1;1;6;342;52 rue de molsheim;M;0.0;0.0;670
16980;201500018816;15;6;14;1445;1;1;1;1;7;13;;M;0.0;0.0;670
16981;201500018817;15;6;21;230;3;2;1;1;7;105;7 RUE DU GENERAL LECLERC;M;0.0;0.0;670
16982;201500018818;15;10;5;145;5;2;1;1;6;88;19 RUE DE LA FONTAINE;M;0.0;0.0;670
16983;201500018819;15;10;10;1515;1;1;1;1;6;401;;M;0.0;0.0;670
16984;201500018820;15;6;7;2200;3;1;1;1;2;19;;M;0.0;0.0;670
16985;201500018821;15;5;21;1515;1;1;6;1;3;443;;M;0.0;0.0;670
16986;201500018822;15;8;9;1600;1;1;1;1;7;69;;M;4891800.0;803299.0;670
16987;201500018823;15;12;7;1900;3;1;1;1;6;505;;M;0.0;0.0;780
16988;201500018824;15;7;12;1530;1;2;1;1;3;11;D52A;M;4821988.0;260575.0;770
16989;201500018825;15;9;2;1630;1;1;1;1;7;297;;M;0.0;0.0;770
16990;201500018826;15;9;3;1730;1;1;1;1;6;45;;M;0.0;0.0;770
16991;201500018827;15;4;18;2045;2;1;1;1;7;263;D77;M;4847142.0;318464.0;770
16992;201500018828;15;5;10;1015;1;2;1;1;6;51;D412 ROUTE DE SENS;M;4841480.0;323398.0;770
16993;201500018829;15;5;21;1530;1;1;2;1;3;452;D403 X D77B;M;4847591.0;314617.0;770
16994;201500018830;15;8;15;1545;1;1;1;1;6;311;;M;0.0;0.0;770
16995;201500018831;15;10;3;1800;1;1;1;1;1;311;;M;0.0;0.0;770
16996;201500018832;15;5;10;2345;5;1;1;1;6;299;;M;0.0;0.0;740
16997;201500018833;15;7;5;510;4;1;1;1;6;198;;M;0.0;0.0;740
16998;201500018836;15;9;29;1730;1;2;6;1;1;11;Martyrs de la résistance;M;0.0;0.0;740
16999;201500018838;15;10;20;1445;1;2;9;1;6;11;AVENUE DES CARRES;M;0.0;0.0;740
17000;201500018839;15;9;6;1030;1;1;4;1;3;97;1158 RTE D'AIX LES BAINS;M;0.0;0.0;740
17001;201500018840;15;3;22;1200;1;2;1;1;6;278;99 Avenue des lacs;M;4607400.0;655100.0;740
17002;201500018841;15;4;18;1115;1;1;1;1;1;174;"Lieu dit ""LA CULAZ""";M;0.0;0.0;740
17003;201500018842;15;4;20;1715;1;1;1;1;2;311;ROUTE DU FER A CHEVAL;M;0.0;0.0;740
17004;201500018843;15;6;1;1715;1;1;1;1;1;205;LIEU DIT LATRAZ;M;0.0;0.0;740
17005;201500018844;15;7;9;915;1;2;2;1;3;164;271 AVENUE DU VIEUX PONT;M;0.0;0.0;740
17006;201500018845;15;7;14;530;1;2;1;1;6;241;1539 ROUTE DE CORMAND;M;0.0;0.0;740
17007;201500018846;15;7;18;2020;1;1;1;1;7;312;RD 1205;M;0.0;0.0;740
17008;201500018847;15;7;21;800;1;2;1;1;3;205;ROUTE DES CHENEVRIERS;M;0.0;0.0;740
17009;201500018848;15;8;30;1645;1;2;1;1;3;164;ROUTE DE MORSULLAZ;;;;740
17010;201500018849;15;10;28;1545;1;1;1;2;1;311;;M;0.0;0.0;740
17011;201500018850;15;6;13;1400;1;2;6;1;3;183;RUE DE LA FRUITIERE;M;0.0;0.0;740
17012;201500018851;15;8;1;245;3;1;1;1;7;183;LIEU DIT LE MAILLET;M;0.0;0.0;740
17013;201500018852;15;1;19;1900;1;2;3;4;1;128;ROUTE DE CHEZ RADELET;M;0.0;0.0;740
17014;201500018853;15;3;21;1300;1;1;1;2;1;162;ROUTE DES TROIS VALLEES;M;0.0;0.0;740
17015;201500018854;15;5;6;645;2;2;1;1;1;229;ROUTE DE DRAILLANT;M;0.0;0.0;740
17016;201500018855;15;6;1;1800;1;1;3;1;1;128;;M;4615200.0;634000.0;740
17017;201500018856;15;8;8;100;5;2;4;1;6;128;395 ROUTE  DE MALAN;M;0.0;0.0;740
17018;201500018857;15;9;25;1630;1;2;2;1;3;211;1963 ROUTE DE LA ROCHE;M;0.0;0.0;740
17019;201500018858;15;9;26;2030;3;1;1;1;6;211;;M;0.0;0.0;740
17020;201500018859;15;10;15;1800;1;2;1;2;1;211;ROUTE DE LA ROCHE;M;0.0;0.0;740
17021;201500018860;15;10;24;1930;2;1;1;1;6;262;;M;0.0;0.0;740
17022;201500018861;15;11;5;815;1;1;1;1;3;128;27 RTE  VALLEE DU GIFFRE;M;0.0;0.0;740
17023;201500018862;15;7;16;830;1;2;1;1;6;96;CHEMIN DES MOULINS;M;0.0;0.0;740
17024;201500018863;15;9;26;1845;2;1;1;1;7;259;ROUTE DE LA MURAZ;M;0.0;0.0;740
17025;201500018864;15;2;17;1915;3;1;3;8;5;109;;M;0.0;0.0;740
17026;201500018865;15;11;9;630;3;1;1;1;1;100;;M;0.0;0.0;740
17027;201500018866;15;12;9;1815;3;1;1;1;2;178;;M;0.0;0.0;740
17028;201500018867;15;6;26;800;1;1;3;1;3;50;;M;4621900.0;643400.0;740
17029;201500018868;15;8;6;1440;1;1;1;1;5;236;;M;0.0;0.0;740
17030;201500018869;15;3;17;1000;1;2;4;7;3;208;AV LA PLAINE/ RUE CENTRE;M;0.0;0.0;740
17031;201500018870;15;8;18;400;4;2;6;1;7;103;ROUTE DU FAYET;M;0.0;0.0;740
17032;201500018871;15;4;26;1530;1;2;1;1;6;666;ROUTE DE ST OMER;M;0.0;0.0;590
17033;201500018872;15;2;18;1700;1;1;1;1;6;427;;M;4727700.0;588800.0;250
17034;201500018873;15;2;22;1545;1;2;1;1;6;326;7 Grande Rue;M;4724000.0;577800.0;250
17035;201500018874;15;4;11;1715;1;1;1;1;5;212;;M;0.0;0.0;250
17036;201500018875;15;4;20;1015;1;2;3;1;3;371;grande rue;M;4724500.0;587000.0;250
17037;201500018876;15;5;2;1645;1;1;1;2;3;133;;M;4731400.0;599400.0;250
17038;201500018877;15;6;18;1845;1;1;1;3;3;133;;M;4731800.0;599700.0;250
17039;201500018879;15;8;29;2145;3;2;1;1;7;225;2 grande rue;M;4723613.0;574369.0;250
17040;201500018880;15;8;31;1215;1;2;1;1;2;212;;M;0.0;0.0;250
17041;201500018881;15;9;20;1745;1;1;1;1;1;35;;M;4732500.0;595800.0;250
17042;201500018882;15;10;27;1945;3;1;1;1;1;30;;M;4726600.0;586400.0;250
17043;201500018883;15;11;8;1845;3;1;1;1;2;542;;M;0.0;0.0;250
17044;201500018884;15;3;20;845;1;1;1;1;7;22;;M;0.0;0.0;560
17045;201500018885;15;6;15;1645;1;1;1;1;3;164;;M;4765848.0;-281824.0;560
17046;201500018886;15;8;26;1830;1;2;1;8;1;67;loperhet;M;0.0;0.0;560
17047;201500018887;15;11;9;630;3;1;1;5;6;67;;M;4772150.0;-287191.0;560
17048;201500018888;15;2;17;1545;1;1;1;1;5;64;;M;0.0;0.0;560
17049;201500018889;15;7;13;1815;1;2;1;1;6;61;LE MOULIN;M;0.0;0.0;560
17050;201500018890;15;1;26;1415;1;1;3;1;3;52;;M;0.0;0.0;560
17051;201500018891;15;3;3;1545;1;1;1;1;2;155;;M;0.0;0.0;560
17052;201500018893;15;8;23;1700;1;1;1;1;1;2;;M;0.0;0.0;560
17053;201500018894;15;9;21;2000;2;1;1;2;5;2;;M;0.0;0.0;560
17054;201500018895;15;12;23;2045;5;2;1;2;6;212;RUE DE CAMBONY;M;4754555.0;-215427.0;560
17055;201500018897;15;8;8;900;1;1;1;1;6;247;;M;0.0;0.0;560
17056;201500018898;15;8;16;615;2;1;1;1;7;184;;M;0.0;0.0;560
17057;201500018899;15;10;26;1900;3;1;1;1;5;15;;M;0.0;0.0;560
17058;201500018901;15;4;19;1745;1;1;1;1;3;248;;M;0.0;0.0;560
17059;201500018902;15;2;19;1200;1;2;1;1;7;34;56 aVENUE DES dRUIDES;M;4757320.0;-307528.0;560
17060;201500018903;15;2;23;730;2;2;1;3;1;168;d781;M;0.0;0.0;560
17061;201500018904;15;3;4;845;1;2;6;7;6;186;;M;4749281.0;-312228.0;560
17062;201500018905;15;3;9;830;1;2;6;1;6;258;rue des resistants;M;0.0;0.0;560
17063;201500018907;15;7;25;1700;1;1;1;1;3;186;;M;4748042.0;-311720.0;560
17064;201500018908;15;7;28;1500;1;2;2;2;3;34;Avenue de Kermario;M;4757314.0;-306969.0;560
17065;201500018910;15;8;1;2300;3;1;1;1;6;186;;M;0.0;0.0;560
17066;201500018911;15;9;5;1530;1;2;1;1;3;186;Rue du BUTOIR;M;4748499.0;-311842.0;560
17067;201500018912;15;9;19;145;3;1;1;1;6;34;;M;0.0;0.0;560
17068;201500018913;15;8;31;915;1;2;6;8;3;177;Rond point Saint Michel;M;4777910.0;-300750.0;560
17069;201500018914;15;2;5;545;5;1;1;9;6;89;;M;0.0;0.0;560
17070;201500018915;15;2;23;720;3;1;1;2;3;40;;M;0.0;0.0;560
17071;201500018916;15;3;5;1800;1;1;1;1;6;40;;M;4787823.0;-333705.0;560
17072;201500018917;15;3;20;1845;1;1;1;1;7;78;;M;0.0;0.0;560
17073;201500018920;15;7;28;230;3;1;1;1;6;78;;M;4781899.0;-351569.0;560
17074;201500018921;15;8;9;345;3;1;1;1;6;40;;M;4789145.0;-335230.0;560
17075;201500018923;15;9;9;1500;1;1;3;1;3;78;;M;4779214.0;-352020.0;560
17076;201500018924;15;9;11;1630;1;2;6;2;7;78;giratoire du clec h;M;0.0;0.0;560
17077;201500018925;15;9;19;2000;2;1;1;1;3;78;;M;4780633.0;-346029.0;560
17078;201500018926;15;9;25;900;1;2;1;7;6;63;rue des menhirs;M;4780360.0;-344362.0;560
17079;201500018927;15;10;7;1815;1;2;1;1;3;36;15 RUE ARAGO LANESTER;M;4777836.0;-334401.0;560
17080;201500018928;15;10;30;2000;3;1;1;1;6;185;;M;4777213.0;-337914.0;560
17081;201500018929;15;11;8;2215;5;1;1;1;2;78;;M;0.0;0.0;560
17082;201500018930;15;11;20;1030;1;1;1;3;6;185;;M;0.0;0.0;560
17083;201500018931;15;4;30;1645;1;2;1;2;6;193;RUE DE LAUBRIERE;M;0.0;0.0;560
17084;201500018932;15;7;8;1915;1;1;1;1;1;169;;M;0.0;0.0;560
17085;201500018933;15;8;3;1800;1;2;1;1;6;169;;M;0.0;0.0;560
17086;201500018934;15;8;21;1345;1;1;1;1;6;62;;M;0.0;0.0;560
17087;201500018937;15;1;1;230;3;1;1;1;6;124;28 edouard entremont;M;4780958.0;-237284.0;560
17088;201500018938;15;1;23;1515;1;1;1;1;7;228;;M;4779094.0;-242190.0;560
17089;201500018939;15;5;14;200;3;1;1;2;6;180;;M;4790925.0;-221308.0;560
17090;201500018940;15;5;28;715;1;2;9;1;3;75;CD776 LE TERTRE BECHEPY;M;0.0;0.0;560
17091;201500018941;15;6;30;1000;1;1;1;1;2;211;;M;0.0;0.0;560
17092;201500018942;15;7;14;1645;1;1;1;1;6;75;;M;0.0;0.0;560
17093;201500018943;15;10;8;1700;1;1;1;1;1;244;;M;4782940.0;-253127.0;560
17094;201500018944;15;11;4;1045;1;1;1;1;2;133;;M;4781022.0;-234037.0;560
17095;201500018945;15;12;26;1030;1;1;2;1;3;20;;M;4779969.0;-240645.0;560
17096;201500018946;15;1;10;600;3;1;1;2;6;190;;M;0.0;0.0;560
17097;201500018948;15;2;8;800;3;1;1;1;6;17;;M;0.0;0.0;560
17098;201500018949;15;2;22;745;2;1;1;9;6;17;;M;0.0;0.0;560
17099;201500018950;15;3;15;1745;1;1;2;8;3;236;;M;0.0;0.0;560
17100;201500018951;15;4;14;1815;1;1;2;1;3;172;;M;4783298.0;-258949.0;560
17101;201500018952;15;4;25;1700;1;1;1;2;6;71;;M;0.0;0.0;560
17102;201500018953;15;6;11;1645;1;2;1;3;1;222;;M;4784869.0;-272562.0;560
17103;201500018954;15;6;12;1400;1;1;2;1;1;190;;M;0.0;0.0;560
17104;201500018955;15;6;18;1700;1;2;1;1;1;222;64 RUE JOSEPH LE BAYON;M;4784344.0;-273515.0;560
17105;201500018956;15;6;22;1630;1;1;1;1;3;17;;M;4787775.0;-279774.0;560
17106;201500018957;15;8;2;115;3;1;1;1;7;198;;M;0.0;0.0;560
17107;201500018958;15;8;24;945;1;1;1;2;1;160;;M;4801696.0;-270025.0;560
17108;201500018959;15;10;11;300;3;1;1;1;6;47;;M;0.0;0.0;560
17109;201500018960;15;2;2;1015;1;1;9;1;6;213;;M;0.0;0.0;560
17110;201500018961;15;2;24;1915;3;1;1;2;2;178;;M;0.0;0.0;560
17111;201500018962;15;2;25;645;3;1;1;2;7;151;;M;0.0;0.0;560
17112;201500018963;15;9;1;900;2;2;1;1;6;178;Rue du Tribunal;M;4806559.0;-296629.0;560
17113;201500018964;15;3;7;1945;3;1;2;1;3;140;;M;0.0;0.0;560
17114;201500018965;15;9;12;1230;1;1;1;1;1;10;;M;0.0;0.0;560
17115;201500018967;15;5;10;545;2;1;1;1;6;14;;M;0.0;0.0;560
17116;201500018968;15;6;10;1545;1;1;1;1;7;66;;M;4815315.0;-362900.0;560
17117;201500018969;15;6;28;1045;1;1;1;1;4;57;;M;0.0;0.0;560
17118;201500018970;15;2;12;645;5;1;1;5;6;527;RD 902A;M;4899690.0;251070.0;950
17119;201500018971;15;4;5;930;1;2;1;1;1;73;RUE HENRI DIGNAC;M;4540510.0;204617.0;190
17120;201500018972;15;11;9;715;2;1;1;1;7;131;SAUVIAT;M;4555740.0;164176.0;190
17121;201500018974;15;5;10;1915;1;2;1;7;6;19;RUE CHARLES DE GAULLE;M;4497820.0;183821.0;190
17122;201500018975;15;5;19;700;2;1;1;8;6;169;COTE DE LA JEANNE;M;4503900.0;176870.0;190
17123;201500018977;15;11;25;1145;1;1;1;2;2;150;LON;M;4507590.0;160721.0;190
17124;201500018978;15;12;8;1800;3;2;1;5;6;246;D148;M;4521720.0;145421.0;190
17125;201500018979;15;4;12;945;1;2;1;1;6;11;07 AVENUE DU MIDI;M;4539600.0;138039.0;190
17126;201500018980;15;1;18;1715;1;1;1;1;6;101;;M;0.0;0.0;560
17127;201500018981;15;1;19;815;2;1;1;1;1;175;;M;0.0;0.0;560
17128;201500018982;15;2;3;1030;1;2;6;7;3;101;Rond point de rimpar;M;0.0;0.0;560
17129;201500018983;15;2;23;845;1;2;6;2;3;94;Rond-Point de Kernours;M;0.0;0.0;560
17130;201500018984;15;4;4;515;3;1;1;1;6;94;;M;0.0;0.0;560
17131;201500018985;15;6;20;1900;1;1;1;1;6;101;;M;4781713.0;-321937.0;560
17132;201500018986;15;6;20;2100;1;1;1;1;6;101;;M;0.0;0.0;560
17133;201500018987;15;7;12;1445;1;2;1;1;6;177;résidence des pins;M;4781394.0;-294689.0;560
17134;201500018988;15;7;12;1500;1;2;1;1;7;90;8 RUE Joseph JEGOUSSE;M;4784269.0;-326840.0;560
17135;201500018989;15;8;12;1715;1;2;1;1;2;90;rue lan Blenn;M;4783204.0;-325922.0;560
17136;201500018990;15;9;7;1700;1;1;1;1;1;94;;M;4775094.0;-327044.0;560
17137;201500018991;15;10;23;1800;1;1;1;2;6;97;;M;0.0;0.0;560
17138;201500018992;15;10;31;1915;2;1;1;1;1;94;;M;0.0;0.0;560
17139;201500018993;15;9;15;2045;3;1;1;8;2;464;;M;0.0;0.0;590
17140;201500018994;15;9;18;2015;3;1;1;2;6;503;;M;0.0;0.0;590
17141;201500018995;15;9;26;1300;1;1;1;1;7;474;;M;0.0;0.0;590
17142;201500018996;15;4;3;2300;3;2;1;1;6;525;rue sadi carnot;M;0.0;0.0;590
17143;201500018997;15;3;30;2100;3;1;1;2;3;311;;M;0.0;0.0;590
17144;201500018998;15;7;12;115;3;1;1;1;1;118;;M;0.0;0.0;590
17145;201500018999;15;6;7;1515;1;2;1;7;1;572;21 Bis Rue de Beaumont;M;0.0;0.0;590
17146;201500019000;15;8;14;2200;3;2;1;1;3;174;route de maubeuge;M;0.0;0.0;590
17147;201500019001;15;4;13;1815;1;1;1;1;5;617;N44;M;4902456.0;432573.0;510
17148;201500019002;15;10;31;1800;3;1;1;1;6;93;D951;M;4899573.0;389345.0;510
17149;201500019003;15;11;6;1930;1;1;1;1;7;630;D38;M;4893597.0;394615.0;510
17150;201500019004;15;6;30;1115;1;1;1;1;6;596;D11;M;4888746.0;362352.0;510
17151;201500019005;15;10;9;1715;1;2;1;1;1;380;D23;M;4887394.0;354216.0;510
17152;201500019006;15;2;13;1945;3;1;1;1;5;153;D3;M;4902775.0;401784.0;510
17153;201500019007;15;5;24;1645;1;1;1;1;4;287;D951;M;4908393.0;396144.0;510