;Num_Acc;an;mois;jour;hrmn;lum;agg;int;atm;col;com;adr;gps;lat;long;dep
17154;201500019008;15;9;12;1415;1;1;1;2;6;393;D22;M;4915365.0;393136.0;510
17155;201500019009;15;11;15;1330;1;1;8;1;6;660;D20;M;4933768.0;423363.0;510
17156;201500019010;15;2;7;1800;3;1;1;1;7;608;;M;5007422.0;303467.0;620
17157;201500019011;15;7;10;1730;1;1;1;1;7;840;;M;5009676.0;297624.0;620
17158;201500019012;15;11;15;1730;2;1;1;6;1;366;;M;5041784.0;257669.0;620
17159;201500019013;15;3;10;845;1;2;1;7;3;773;route de Carly;M;5064576.0;172659.0;620
17160;201500019014;15;8;25;1045;1;2;1;8;1;566;RD215;M;5067378.0;186253.0;620
17161;201500019015;15;2;20;1715;1;1;1;3;6;397;D982;M;4896328.0;489170.0;510
17162;201500019016;15;7;16;510;2;2;1;1;6;507;D3;M;4909239.0;489717.0;510
17163;201500019017;15;8;2;1900;1;2;1;1;1;640;D566;M;4918725.0;478196.0;510
17164;201500019019;15;9;21;2145;3;1;1;1;6;507;D3;M;4910037.0;496475.0;510
17165;201500019021;15;1;22;645;3;1;1;1;5;617;N6;M;4867400.0;250800.0;910
17166;201500019022;15;4;30;1815;1;2;1;2;6;553;route de st germain;M;0.0;0.0;910
17167;201500019023;15;6;5;930;1;2;1;1;6;573;rue de la tuilerie;M;4862300.0;249600.0;910
17168;201500019024;15;7;5;1000;2;2;1;1;6;553;3, av pointe Ringale;M;4863300.0;249200.0;910
17169;201500019025;15;7;5;1700;1;2;6;1;2;573;place YOURCENARD;M;0.0;0.0;910
17170;201500019026;15;7;7;1830;1;2;1;1;3;600;Rue notre dame;M;0.0;0.0;910
17171;201500019028;15;8;10;1600;1;1;1;1;1;617;RD 33;M;4864300.0;250000.0;910
17172;201500019029;15;8;16;1100;1;1;1;1;6;617;RD 33;M;0.0;0.0;910
17173;201500019030;15;10;11;730;2;2;1;5;3;577;route de melun;M;0.0;0.0;910
17174;201500019031;15;11;21;1715;5;2;1;2;6;600;rue du general de gaulle;M;4864600.0;245600.0;910
17175;201500019032;15;11;25;1430;1;2;1;1;6;577;6 chemin des jardins;M;0.0;0.0;910
17176;201500019033;15;12;9;930;1;1;1;1;2;617;RD 33;M;4865132.0;250687.0;910
17177;201500019034;15;1;29;1445;1;1;1;2;3;679;RD361;M;4874300.0;212500.0;910
17178;201500019035;15;2;24;1330;1;1;6;1;2;538;RD 306;M;0.0;0.0;910
17179;201500019036;15;6;26;1900;1;2;1;1;1;272;route du val de gif;M;0.0;0.0;910
17180;201500019037;15;7;15;1045;1;2;1;1;6;272;route de la noue;M;4870800.0;214800.0;910
17181;201500019038;15;10;5;1945;5;2;1;3;7;272;Rocade de Baudreville;M;4869100.0;211800.0;910
17182;201500019039;15;10;29;200;5;1;1;1;2;679;RD36;M;4873700.0;210200.0;910
17183;201500019040;15;11;25;1745;5;2;1;2;1;275;route de chartres;M;0.0;0.0;910
17184;201500019042;15;4;27;845;1;1;1;1;3;149;RD 316;M;4912940.0;243160.0;950
17185;201500019045;15;6;5;1345;1;1;1;1;2;56;HAMEAU DU BEAU JAY;M;4908610.0;235710.0;950
17186;201500019046;15;6;5;1715;1;1;1;1;3;652;RD 909;M;4911080.0;238530.0;950
17187;201500019047;15;6;8;815;1;2;1;1;6;56;R  MIRVILLE;M;4908890.0;237060.0;950
17188;201500019048;15;7;23;745;1;2;1;1;6;566;R CORENTIN CELTON;M;4910690.0;234520.0;950
17189;201500019049;15;9;19;515;3;1;1;1;6;652;RD 922;M;4913250.0;239190.0;950
17190;201500019050;15;12;14;830;2;1;1;5;3;214;RD 316;M;4909070.0;241520.0;950
17191;201500019051;15;4;18;30;3;1;1;1;6;14;;M;0.0;0.0;890
17192;201500019052;15;6;5;1820;1;1;1;7;1;434;;M;4816083.0;343033.0;890
17193;201500019053;15;3;8;1215;1;1;1;1;3;31;GN 49.095 6.282;M;0.0;0.0;570
17194;201500019055;15;7;21;1645;1;1;1;7;1;610;GN 49.36 6.46;M;0.0;0.0;570
17195;201500019056;15;5;8;445;3;1;1;1;6;171;;M;0.0;0.0;570
17196;201500019057;15;7;5;2245;3;1;1;1;6;375;GN 48.692 6.71;M;0.0;0.0;570
17197;201500019058;15;1;27;1245;1;1;1;1;5;377;;M;0.0;0.0;570
17198;201500019059;15;3;13;1815;1;1;1;1;1;314;;M;0.0;0.0;570
17199;201500019060;15;5;26;1530;1;2;1;1;6;44;20 rue principale;M;4873921.0;681193.0;570
17200;201500019061;15;8;2;1500;1;1;1;1;7;544;;M;0.0;0.0;570
17201;201500019062;15;8;30;1915;1;1;1;1;6;3;;M;0.0;0.0;570
17202;201500019063;15;2;8;430;3;1;1;4;7;468;;M;0.0;0.0;570
17203;201500019064;15;8;11;1800;1;1;1;1;7;169;GN 48.736,7.235;M;4873782.0;723746.0;570
17204;201500019065;15;2;23;800;1;2;1;4;6;390;100 gD rue GN49.0127.384;M;0.0;0.0;570
17205;201500019066;15;4;28;1700;1;1;1;1;5;541;GN 49.008 7.507;M;0.0;0.0;570
17206;201500019067;15;11;9;1;5;2;1;1;6;390;77 GRAND RUE;M;0.0;0.0;570
17207;201500019068;15;1;5;1930;3;1;1;5;7;22;GN  49.385 6.048;M;0.0;0.0;570
17208;201500019069;15;4;10;1730;1;2;1;1;3;96;rue des Ecoles;M;0.0;0.0;570
17209;201500019070;15;4;15;1815;1;1;1;1;1;529;;M;0.0;0.0;570
17210;201500019071;15;11;11;2130;5;1;6;1;6;305;;M;4939139.0;598592.0;570
17211;201500019072;15;6;20;2130;2;1;1;1;6;269;GN 49.305 6.179;M;0.0;0.0;570
17212;201500019073;15;4;16;1545;1;1;2;1;2;173;;M;4823066.0;-170647.0;350
17213;201500019074;15;6;20;1415;1;1;1;1;1;24;rue Gabares;M;4818900.0;-164400.0;350
17214;201500019075;15;7;2;2000;1;1;1;1;3;173;;M;4821044.0;-169945.0;350
17215;201500019076;15;9;4;800;1;1;1;1;2;24;;M;4817465.0;-166511.0;350
17216;201500019077;15;11;20;815;2;1;1;2;1;24;;M;4818905.0;-165964.0;350
17217;201500019078;15;12;4;115;3;1;1;3;6;24;;M;4815653.0;-163712.0;350
17218;201500019079;15;12;14;1330;1;1;2;1;3;24;;M;4818472.0;-169382.0;350
17219;201500019081;15;12;25;2115;3;1;9;1;6;173;;M;4820261.0;-172746.0;350
17220;201500019082;15;2;22;1800;1;1;1;1;6;157;avenue du général barès;M;0.0;0.0;310
17221;201500019083;15;2;28;1915;5;2;1;2;6;157;Place de l'Eglise;M;4353621.0;134504.0;310
17222;201500019084;15;7;7;830;1;2;1;1;2;157;rue du pre vicinal;M;4353766.0;134250.0;310
17223;201500019085;15;1;19;1515;1;1;1;1;6;71;le patis tonneau;M;4718521.0;-139359.0;440
17224;201500019086;15;2;8;1415;1;1;1;1;5;207;;M;0.0;0.0;30
17225;201500019087;15;2;22;1515;1;1;1;1;1;283;;M;0.0;0.0;30
17226;201500019088;15;9;17;1645;1;1;1;1;1;180;;M;0.0;0.0;30
17227;201500019089;15;8;4;1900;1;1;1;1;1;458;;M;5079037.0;214928.0;620
17228;201500019090;15;8;29;2315;3;2;1;2;5;297;rue de l'Eglise;M;5080717.0;215127.0;620
17229;201500019091;15;11;26;745;2;2;1;1;6;792;D 943;M;5078418.0;218608.0;620
17230;201500019092;15;1;21;1600;2;1;1;3;5;116;;M;0.0;0.0;830
17231;201500019093;15;1;27;1130;1;2;1;1;6;116;chemin du vieux real;M;4344968.0;586044.0;830
17232;201500019094;15;2;5;2000;3;2;1;1;6;140;chemin de baou-mouron;M;4340700.0;595700.0;830
17233;201500019095;15;2;15;1145;1;1;1;2;1;87;;M;4338400.0;574000.0;830
17234;201500019096;15;3;22;1345;1;1;1;1;3;140;;M;0.0;0.0;830
17235;201500019097;15;3;28;1745;1;1;1;1;6;93;;M;0.0;0.0;830
17236;201500019098;15;5;13;1445;1;1;1;1;6;140;;M;0.0;0.0;830
17237;201500019099;15;5;23;1845;1;1;1;1;1;89;;M;4352600.0;580600.0;830
17238;201500019100;15;6;4;845;1;2;6;1;6;116;D560A - D28;M;0.0;0.0;830
17239;201500019101;15;7;6;915;1;1;1;1;1;140;;M;0.0;0.0;830
17240;201500019102;15;9;12;745;2;1;1;9;7;87;;M;0.0;0.0;830
17241;201500019104;15;3;21;145;4;1;1;1;7;57;;M;0.0;0.0;830
17242;201500019105;15;3;28;1845;1;1;1;1;5;31;;M;0.0;0.0;830
17243;201500019106;15;5;22;2215;5;2;1;1;6;73;60 rue Jean Jaurès;M;0.0;0.0;830
17244;201500019107;15;7;3;1715;1;2;1;1;1;18;RD15;M;0.0;0.0;830
17245;201500019108;15;8;29;1915;1;2;7;1;6;92;Place des écoles;M;4330205.0;622661.0;830
17246;201500019110;15;10;25;445;3;1;1;1;6;57;;M;0.0;0.0;830
17247;201500019112;15;2;24;1800;2;2;2;1;3;263;;M;0.0;0.0;740
17248;201500019113;15;2;27;930;1;2;1;1;6;263;chemin de pellotier;M;0.0;0.0;740
17249;201500019114;15;3;6;15;5;2;3;1;5;263;AV BONNATRAIT / VERGERS;M;0.0;0.0;740
17250;201500019115;15;3;20;1945;5;1;2;1;3;5;;M;0.0;0.0;740
17251;201500019116;15;3;19;1645;1;2;2;1;3;263;;M;0.0;0.0;740
17252;201500019117;15;5;16;1530;1;1;2;1;3;293;;M;0.0;0.0;740
17253;201500019118;15;5;27;1445;1;2;3;1;1;43;RUE DU COURET/RTE COREY;M;0.0;0.0;740
17254;201500019119;15;5;29;345;5;2;6;1;7;150;26 GRANDE RUE;M;0.0;0.0;740
17255;201500019120;15;5;26;1645;1;2;4;1;1;48;ROUTE ANNEMASSE/ VERAYON;M;0.0;0.0;740
17256;201500019121;15;6;4;1800;1;2;3;1;3;105;AVENUE DU LAC;M;0.0;0.0;740
17257;201500019122;15;6;10;1915;1;1;1;1;3;171;;M;0.0;0.0;740
17258;201500019124;15;7;22;640;1;1;1;1;1;70;;M;0.0;0.0;740
17259;201500019125;15;7;31;2145;5;2;6;1;6;105;39 AV DU BAS CHABLAIS;M;0.0;0.0;740
17260;201500019126;15;8;11;1700;1;1;1;1;6;25;;M;0.0;0.0;740
17261;201500019127;15;8;13;1715;1;2;9;6;3;263;739 ROUTE DE BONNATRAIT;M;0.0;0.0;740
17262;201500019128;15;8;16;2015;1;1;4;1;3;158;ROUTE DU PAYS DE LA COTE;M;0.0;0.0;740
17263;201500019129;15;8;23;1215;1;1;1;1;6;315;1741 ROUTE D'EXCEVENEX;M;0.0;0.0;740
17264;201500019130;15;9;13;515;3;1;1;2;6;106;;M;0.0;0.0;740
17265;201500019131;15;9;24;1900;1;2;1;1;6;263;;M;0.0;0.0;740
17266;201500019132;15;10;15;515;5;2;6;1;6;105;AVENUE DE GENEVE;M;0.0;0.0;740
17267;201500019133;15;12;1;1745;5;1;2;1;3;293;;M;0.0;0.0;740
17268;201500019134;15;12;2;1345;1;1;1;2;1;157;ROUTE DE SEVROZ;M;0.0;0.0;740
17269;201500019135;15;12;4;1115;1;2;2;1;6;105;AVENUE DU BAS CHABLAIS;M;0.0;0.0;740
17270;201500019137;15;4;18;1030;1;1;1;1;7;29;;M;4500920.0;30817.0;240
17271;201500019138;15;8;13;1700;1;1;1;3;6;449;A89;M;4498570.0;18694.0;240
17272;201500019139;15;8;29;1715;1;1;1;1;6;442;GRASSAT;M;4513080.0;47524.0;240
17273;201500019140;15;2;10;1615;1;2;1;1;7;217;route de vendargues;M;4369102.0;387989.0;340
17274;201500019141;15;4;11;645;2;2;1;1;6;169;route de mende;M;4366206.0;386291.0;340
17275;201500019142;15;10;1;2000;3;1;1;1;7;309;;M;4867441.0;394187.0;340
17276;201500019144;15;10;10;1630;1;2;1;1;6;77;La Croisée;M;4366001.0;390001.0;340
17277;201500019146;15;11;20;2100;5;2;1;1;1;309;AVENUE DE MONTPELLIER;M;4367929.0;392035.0;340
17278;201500019147;15;1;13;1705;2;2;1;1;2;15;36 AVENUE JULES FERRY;M;4564538.0;15349.0;160
17279;201500019148;15;4;8;1730;1;2;1;1;2;374;325 AV DU  GAL DE GAULLE;M;4563667.0;20673.0;160
17280;201500019149;15;5;16;1700;1;2;2;1;3;374;;M;4564158.0;18678.0;160
17281;201500019150;15;3;11;900;1;2;1;1;6;374;155 Av du Gal  DE GAULLE;M;4564267.0;18843.0;160
17282;201500019151;15;3;17;1715;1;2;1;1;6;113;RUE DU 19 MARS 1962;M;4560937.0;9953.0;160
17283;201500019152;15;11;10;924;1;2;3;1;5;341;;M;4563928.0;10849.0;160
17284;201500019153;15;3;29;2100;5;1;6;1;7;113;Rond-Point de l'Oiseller;M;4562419.0;11005.0;160
17285;201500019154;15;11;27;1105;1;2;7;1;6;15;Parking du centre E.Lecl;M;4565664.0;18178.0;160
17286;201500019155;15;11;9;1720;1;2;6;1;3;374;BOULEVARD LEON BLUM;M;4564773.0;18669.0;160
17287;201500019156;15;12;22;1805;5;2;1;1;6;374;87 AV DU Gal DE GAULLE;M;4564357.0;18493.0;160
17288;201500019157;15;12;16;1158;1;2;1;1;6;15;20 RUE DE BORDEAUX;M;4565280.0;15753.0;160
17289;201500019158;15;5;9;2350;5;2;3;1;1;15;2 PLACE DU Cnt RESNIER;M;4565180.0;15481.0;160
17290;201500019159;15;4;5;1837;1;2;1;1;4;358;125 RUE DE ROYAN;M;4566445.0;12753.0;160
17291;201500019160;15;4;10;605;5;2;1;1;6;15;191 RUE DE MONTBRON;M;4565075.0;18358.0;160
17292;201500019161;15;4;7;2200;3;1;1;1;7;291;La Fontaine des Riffauds;M;4568979.0;24832.0;160
17293;201500019162;15;4;23;1745;1;2;6;1;3;374;giratoire des Effamiers;M;4563371.0;21287.0;160
17294;201500019163;15;6;28;1415;1;2;3;1;6;15;102 Bd BESSON BEY;M;4565288.0;15213.0;160
17295;201500019164;15;4;18;535;3;1;1;1;7;358;RUE DE BELLEVUE;M;4567356.0;14616.0;160
17296;201500019165;15;4;17;2240;3;1;1;1;6;154;ROUTE DE VARS;M;4568776.0;15605.0;160
17297;201500019166;15;4;19;955;1;2;3;1;3;15;RUE DE QUEBEC;M;4563556.0;15328.0;160
17298;201500019167;15;7;10;1915;1;2;6;1;2;271;IMPASSE DE LA PRAIRIE;M;4562755.0;15763.0;160
17299;201500019168;15;5;28;1825;1;1;6;1;4;374;Les Effamiers;M;4563312.0;21092.0;160
17300;201500019170;15;5;10;1130;1;1;1;1;3;19;L'Ebeaupin;M;4570190.0;9425.0;160
17301;201500019171;15;5;28;800;1;2;3;1;3;341;RUE DE L'EGALITE;M;4563983.0;11201.0;160
17302;201500019173;15;6;30;1840;1;2;6;1;3;15;CARREFOUR DE LILLE;M;4564788.0;16083.0;160
17303;201500019174;15;7;1;1955;1;2;3;1;6;15;RUE ANTOIne ST EXUPERY;M;4564842.0;12355.0;160
17304;201500019175;15;6;27;2000;1;1;1;1;3;15;VOIE DE L' EUROPE;M;4564243.0;15204.0;160
17305;201500019176;15;6;6;1030;1;1;9;1;6;15;Parking centre E Leclerc;M;4565724.0;18183.0;160
17306;201500019178;15;9;20;730;2;2;3;1;6;15;282 RUE DE BASSEAU;M;4565138.0;12352.0;160
17307;201500019179;15;6;16;810;1;2;6;1;1;15;RUE DE L' EPERON;M;4565004.0;16061.0;160
17308;201500019180;15;10;3;1210;1;2;3;2;2;374;AVENUE DU GAL DE GAULLE;M;4564158.0;19307.0;160
17309;201500019181;15;7;19;1715;1;1;1;1;7;358;DEVIATION D'ANGOULEME;M;4567646.0;14548.0;160
17310;201500019182;15;7;15;1925;1;2;3;1;3;374;Champs de Manoeuvre;M;4564512.0;18749.0;160
17311;201500019183;15;8;10;900;1;2;1;1;1;15;Av du President Wilson;M;4565279.0;14675.0;160
17312;201500019184;15;8;9;1300;1;2;2;1;1;358;Les Planes;M;4566358.0;12981.0;160
17313;201500019185;15;8;6;2147;5;2;1;1;3;15;113 AVENUE JULES FERRY;M;4564666.0;15085.0;160
17314;201500019186;15;9;20;1730;2;2;3;1;1;15;rue de Clérac à Sillac;M;4564404.0;14635.0;160
17315;201500019187;15;8;10;1550;1;2;6;1;3;15;RUE DE LIMOGES;M;4565279.0;14675.0;160
17316;201500019189;15;12;3;845;2;2;1;1;6;15;183 ROUTE DE BORDEAUX;M;4563509.0;14601.0;160
17317;201500019190;15;10;9;1525;1;2;6;1;6;15;Frégeneuil;M;4565282.0;13829.0;160
17318;201500019191;15;10;16;1230;1;2;1;1;2;15;94 RUE DE SAINTES;M;4565823.0;14515.0;160
17319;201500019192;15;1;6;1105;1;2;1;1;6;15;PLACE BOUILLAUD;M;4564833.0;15542.0;160
17320;201500019193;15;1;19;1651;1;2;1;1;2;291;RUE DUPONT NEUF;M;4567896.0;21957.0;160
17321;201500019194;15;1;17;1000;1;2;1;1;7;15;Bd du 8 mai 1945;M;4565876.0;17097.0;160
17322;201500019195;15;1;23;1740;2;2;1;1;3;15;467 ROUTE DE BORDEAUX;M;4564037.0;13251.0;160
17323;201500019196;15;1;8;1725;2;2;1;1;2;15;RUE DE BASSEAU;M;4565117.0;11937.0;160
17324;201500019197;15;1;30;800;5;2;1;1;6;15;Bd Henri Thebault;M;4565788.0;14149.0;160
17325;201500019198;15;2;11;1010;1;2;1;1;6;15;RUE DES BOSQUETS;M;4565347.0;12705.0;160
17326;201500019199;15;2;21;15;5;2;3;1;1;15;RUE DE LAVALETTE;M;4564687.0;16618.0;160
17327;201500019200;15;3;6;1550;1;2;3;1;3;358;;M;4566286.0;13209.0;160
17328;201500019202;15;1;21;839;1;2;3;1;2;15;Av de LATTRE DE TASSIGNY;M;4565683.0;17054.0;160
17329;201500019203;15;1;28;2255;5;2;1;3;7;15;112 rue de la tourgarnie;M;4564373.0;16637.0;160
17330;201500019204;15;1;29;825;1;2;2;2;6;166;AVENUE JEAN MERMOZ;M;4566960.0;20680.0;160
17331;201500019205;15;2;6;1505;1;2;1;1;6;15;Bd HENRI THEBAUD;M;4565820.0;14190.0;160
17332;201500019206;15;2;8;1910;5;2;3;1;6;15;RUE DE MONTBRON;M;4565144.0;18828.0;160
17333;201500019207;15;2;27;2300;5;2;1;1;6;15;RUE DE BORDEAUX;M;4563792.0;12947.0;160
17334;201500019208;15;4;14;1210;1;2;1;1;1;89;RUE DU COMMERCE;M;4568032.0;-31853.0;160
17335;201500019209;15;11;30;815;2;1;1;1;5;102;Le Bocage;M;4571496.0;-33767.0;160
17336;201500019210;15;5;3;550;2;2;3;1;3;102;9 RUE BASSE DE CROUIN;M;4569072.0;-34269.0;160
17337;201500019211;15;12;21;1755;5;2;3;1;3;102;;M;4569134.0;-32915.0;160
17338;201500019212;15;6;6;1235;1;2;3;1;3;102;AVENUE DE SAINTES;M;4569887.0;-34162.0;160
17339;201500019213;15;7;5;2100;2;2;1;1;6;102;189 rue HAUTE DE CROUIN;M;4568562.0;-35462.0;160
17340;201500019214;15;7;20;750;1;2;2;1;3;89;la Pierre Levee;M;4567526.0;-32811.0;160
17341;201500019215;15;7;28;1125;1;2;1;1;6;102;25 RUE LAZARE CARNOT;M;4569844.0;-32223.0;160
17342;201500019216;15;9;8;1704;1;2;1;1;6;102;80 RUE DE L ECHASSIER;M;4569177.0;-30726.0;160
17343;201500019217;15;9;22;840;1;2;1;1;1;102;Déviation de Cognac;M;4568265.0;-33832.0;160
17344;201500019218;15;10;1;1600;1;2;1;1;6;102;55 Bd DENFERT ROCHEREAU;M;4569563.0;-32650.0;160
17345;201500019219;15;10;9;1000;1;2;1;1;2;102;40 Bd Oscar Planat;M;4568871.0;-33661.0;160
17346;201500019220;15;1;20;1615;1;1;1;1;6;6;route de fontainebleau;M;4841420.0;257835.0;770
17347;201500019221;15;2;8;1815;2;1;1;1;7;185;;M;0.0;0.0;770
17348;201500019222;15;7;4;830;1;1;2;1;3;69;D637 X ROUTE ST MARTIN;M;4845740.0;258811.0;770
17349;201500019224;15;6;9;1945;1;1;1;1;7;100;;M;0.0;0.0;690
17350;201500019225;15;7;9;815;1;1;1;1;1;133;;M;4565010.0;476882.0;690
17351;201500019226;15;8;14;1945;1;2;1;1;6;46;route de saint adbon;M;4566500.0;479400.0;690
17352;201500019227;15;9;22;1700;1;2;1;1;3;260;rue de la fée des eaux;M;4565030.0;480270.0;690
17353;201500019228;15;11;21;115;5;2;1;2;3;46;chemin de corcelles;M;0.0;0.0;690
17354;201500019229;15;8;1;415;5;2;1;1;6;114;450 Rue d'Hauterive;M;5046302.0;349064.0;590
17355;201500019230;15;11;12;1730;2;1;1;1;1;186;;M;0.0;0.0;660
17356;201500019231;15;1;8;1535;1;2;1;1;4;299;BIGNON BOULEVARD ET ROND;M;4594760.0;-98796.0;170
17357;201500019232;15;3;20;1215;1;2;1;2;2;299;13, TOUFAIRE RUE;M;4593883.0;-95816.0;170
17358;201500019233;15;12;24;1240;1;2;1;1;7;299;41, BREUIL RUE DU;M;4594448.0;-96783.0;170
17359;201500019234;15;1;9;745;5;2;1;1;7;299;., RESISTANCE BOULEVARD;M;4593134.0;-96560.0;170
17360;201500019236;15;1;15;725;5;2;1;1;7;449;6, MITTERRAND Fran?ois r;M;4594797.0;-89584.0;170
17361;201500019237;15;3;31;1250;1;1;1;1;7;449;RD 117;M;4596238.0;-85444.0;170
17362;201500019238;15;2;13;1220;1;2;3;1;3;299;., VIVRES QUAI AUX;M;4594344.0;-95791.0;170
17363;201500019239;15;4;24;1055;1;2;2;1;3;299;ONZE NOVEMBRE 1918 AVENU;M;4592558.0;-96008.0;170
17364;201500019240;15;2;16;1930;5;2;2;2;3;299;., DE GAULLE AVENUE DU G;M;4593574.0;-96342.0;170
17365;201500019241;15;4;4;1040;1;2;2;1;3;299;62, BERNADOTTE AVENUE;M;4595863.0;-96387.0;170
17366;201500019242;15;2;25;2005;5;2;1;1;7;299;39, PELTIER RUE DU DOCTE;M;4593890.0;-96373.0;170
17367;201500019243;15;4;14;1600;1;2;1;1;2;299;109, GAMBETTA RUE;M;4594095.0;-97291.0;170
17368;201500019244;15;4;25;1640;1;1;1;1;1;449;RD 739 (ROUTE DE LUSSANT;M;4595381.0;-87554.0;170
17369;201500019245;15;3;8;1215;1;2;1;1;2;449;51, AUNIS AVENUE D';M;4594904.0;-91870.0;170
17370;201500019246;15;3;13;710;3;1;1;1;1;449;R.D. 137 (TONNAY CHARENT;M;4595822.0;-94211.0;170
17371;201500019247;15;5;14;1530;1;1;1;1;2;299;ROCHELLE ROUTE DE LA;M;4596276.0;-97967.0;170
17372;201500019248;15;3;14;2025;5;2;2;1;3;299;., BEGON ROND POINT ET R;M;4594172.0;-95908.0;170
17373;201500019249;15;5;22;1115;1;1;1;1;2;449;21, RD 739 (ROUTE DE LUS;M;4595836.0;-84895.0;170
17374;201500019250;15;3;15;10;5;2;1;1;6;299;170, BRIAND BOULEVARD AR;M;4594782.0;-97532.0;170
17375;201500019251;15;5;24;1245;1;2;1;1;7;299;., QUATRE ANES CENTRE CI;M;4595410.0;-97820.0;170
17376;201500019252;15;5;30;1110;1;2;1;1;6;299;15, PELLETAN AVENUE;M;4594274.0;-96140.0;170
17377;201500019253;15;6;4;1805;1;2;2;1;3;299;., DEMY AVENUE JACQUES;M;4591724.0;-96073.0;170
17378;201500019255;15;6;29;1755;1;2;1;1;4;449;60, SAINTONGE AVENUE DE;M;4594943.0;-90162.0;170
17379;201500019256;15;7;7;1835;1;1;1;1;2;449;127, SAINTONGE AVENUE DE;M;4595257.0;-88323.0;170
17380;201500019257;15;7;22;2140;2;2;2;1;3;299;., PONTY AVENUE W.;M;4594348.0;-96016.0;170
17381;201500019259;15;7;25;910;1;2;1;2;7;299;., COCHON DUVIVIER RUE;M;4593633.0;-96328.0;170
17382;201500019261;15;7;28;915;1;2;6;1;3;299;Rond-point VAUBAN;M;4593052.0;-96052.0;170
17383;201500019262;15;7;31;2230;5;1;1;1;2;299;., R.D.733BIS;M;4595837.0;-97797.0;170
17384;201500019263;15;8;1;1555;1;1;2;1;3;299;., ZOLA RUE EMILE;M;4593188.0;-96321.0;170
17385;201500019264;15;8;1;1915;1;2;3;1;3;299;., BERNADOTTE AVENUE;M;4595868.0;-96331.0;170
17386;201500019265;15;8;15;1655;1;2;1;1;3;449;., SAINTONGE AVENUE DE;M;4595050.0;-89577.0;170
17387;201500019266;15;8;20;735;1;2;1;1;7;299;06, VERCORS BD DU;M;4594770.0;-96595.0;170
17388;201500019267;15;8;20;1040;1;2;6;1;3;299;., MAISON CAMPAGNE ROND;M;4595205.0;-95267.0;170
17389;201500019268;15;8;21;1515;1;1;1;1;4;299;., C.D. 733;M;4595996.0;-97906.0;170
17390;201500019269;15;8;29;1020;1;2;1;1;3;299;33, FULLER AVENUE;M;4595051.0;-94346.0;170
17391;201500019270;15;9;6;30;3;2;1;1;7;299;., CHARRE CHEMIN;M;4595510.0;-95824.0;170
17392;201500019271;15;9;18;800;1;1;1;2;1;449;1, R.D. 137 (TONNAY CHAR;M;4594398.0;-86461.0;170
17393;201500019272;15;9;25;1940;1;2;1;1;7;299;., ZOLA RUE EMILE;M;4593156.0;-96266.0;170
17394;201500019273;15;9;27;1900;1;2;1;1;7;299;., TORRELAVEGA AVENUE DE;M;4592905.0;-96422.0;170
17395;201500019274;15;10;1;1205;1;2;2;1;3;299;., LA FAYETTE RUE;M;4593464.0;95967.0;170
17396;201500019275;15;10;5;1855;1;2;2;1;3;299;., LA FAYETTE RUE;M;4593464.0;-95967.0;170
17397;201500019276;15;10;19;1350;1;2;2;1;3;299;PECHEURS D'ISLANDE RUE D;M;4594775.0;-98937.0;170
17398;201500019277;15;10;23;1910;5;2;1;1;2;299;90, JAURES RUE JEAN;M;4593098.0;-96058.0;170
17399;201500019278;15;10;26;2050;5;2;1;1;1;299;35, BACHELARD AVENUE VIC;M;4595236.0;-95388.0;170
17400;201500019279;15;10;28;1355;1;2;1;1;7;299;6, PELLETAN AVENUE;M;4594313.0;-96073.0;170
17401;201500019282;15;12;17;1355;1;1;1;1;7;299;., ROCHELLE ROUTE DE LA;M;4596288.0;-97977.0;170
17402;201500019283;15;1;5;1215;1;2;1;1;3;300;DAUPHINE   AVENUE DE LA;M;4616800.0;-115011.0;170
17403;201500019284;15;12;29;2150;5;2;1;1;3;300;55, JOFFRE   BOULEVARD (;M;4615794.0;-114232.0;170
17404;201500019285;15;1;10;1800;1;1;1;2;7;200;02, 04 PK RN237 RE MOULI;M;4617824.0;-115813.0;170
17405;201500019286;15;1;13;819;2;2;1;1;2;300;75, GRASSET   AVENUE EDM;M;4616343.0;-116844.0;170
17406;201500019287;15;1;14;1345;1;2;1;1;3;300;2, MOTTE ROUGE    PLACE;M;4615533.0;-114876.0;170
17407;201500019288;15;3;25;1640;1;2;1;1;6;300;144, JOFFRE   BOULEVARD;M;4615428.0;-114449.0;170
17408;201500019289;15;1;15;1320;1;2;1;1;3;300;JOFFRE   BOULEVARD (27/7;M;4616142.0;-113993.0;170
17409;201500019290;15;3;25;1740;1;2;1;1;6;28;CLEMENCEAU   BOULEVARD G;M;4613315.0;-111980.0;170
17410;201500019291;15;1;21;635;5;2;2;1;3;300;7, GUITON   AVENUE JEAN;M;4615969.0;-116574.0;170
17411;201500019292;15;1;21;805;1;1;1;2;2;200;0 PK RN237 MOULIN JUSTIC;M;4618152.0;-113980.0;170
17412;201500019293;15;3;26;950;1;2;2;1;3;300;52, FETILLY   AVENUE DE;M;4617200.0;-115453.0;170