;Num_Acc;an;mois;jour;hrmn;lum;agg;int;atm;col;com;adr;gps;lat;long;dep
17413;201500019294;15;1;26;1810;3;2;2;1;3;274;2, D108;M;4615350.0;-106462.0;170
17414;201500019295;15;1;27;1735;1;2;2;1;3;300;02, DAUPHINE   AVENUE DE;M;4616644.0;-115091.0;170
17415;201500019296;15;2;1;755;5;2;6;1;6;300;SENAC DE MEILHAN   RUE;M;4615394.0;-115249.0;170
17416;201500019297;15;3;27;1705;1;1;1;1;4;291;0 PK RN237 MOULIN JUSTIC;M;4617840.0;-112857.0;170
17417;201500019298;15;2;1;2325;5;2;1;1;6;300;JOFFRE   BOULEVARD (27/7;;;;170
17418;201500019300;15;3;30;1245;1;2;2;2;3;300;VESPUCCI   AVENUE AMERIG;M;4615005.0;-115476.0;170
17419;201500019301;15;2;11;822;2;2;1;1;7;274;2, REPUBLIQUE   ROND-POI;;;;170
17420;201500019302;15;4;1;1330;1;2;2;1;3;300;29, VERHAEREN   RUE EMIL;M;4616992.0;-113338.0;170
17421;201500019303;15;2;15;735;5;2;2;1;3;300;33 PK RN11 ROCADE NANTES;;;;170
17422;201500019304;15;2;16;747;2;2;3;1;2;274;POTEAU   RUE DU;M;4616717.0;-109234.0;170
17423;201500019305;15;4;2;2205;5;2;1;1;6;300;25, SARTRE   AVENUE JEAN;M;4615575.0;-113438.0;170
17424;201500019306;15;2;28;1255;1;2;1;1;6;300;TRUFFAUT  RUE FRANCOIS;M;4614618.0;-115414.0;170
17425;201500019307;15;4;5;1550;1;2;1;1;6;300;9, GUILLET   AVENUE LOUI;M;4616960.0;-118378.0;170
17426;201500019308;15;4;6;1900;2;2;1;1;7;300;304, GUITON   AVENUE JEA;M;4616121.0;-118537.0;170
17427;201500019309;15;3;1;525;4;2;1;3;6;28;2, VERNE   RUE JULES;M;4613150.0;-109478.0;170
17428;201500019310;15;4;6;1930;2;2;4;1;3;300;9, SCIERIE   RUE DE LA;M;4615072.0;-115404.0;170
17429;201500019311;15;3;3;1310;1;2;2;1;3;300;146, BERNIER   AVENUE DU;M;4617146.0;-115906.0;170
17430;201500019312;15;4;7;1120;1;2;1;1;6;300;SAUTEL  BOULEVARD ANDRE;M;4616999.0;-112680.0;170
17431;201500019313;15;3;5;1110;1;2;1;1;2;300;SAUTEL  BOULEVARD ANDRE;M;4617128.0;-112317.0;170
17432;201500019315;15;3;4;45;3;2;1;1;7;300;2, TELLIER   RUE CHARLES;M;4614944.0;-120586.0;170
17433;201500019316;15;4;8;1500;1;2;1;1;6;300;52, ALBERT IER   RUE;M;4616594.0;-115112.0;170
17434;201500019317;15;3;11;1220;1;1;1;1;4;28;112 PK RN137 JUSTICE ROC;M;4612111.0;-110964.0;170
17435;201500019318;15;4;8;1600;1;2;1;1;3;300;67, COGNEHORS   BOULEVAR;M;4616806.0;-114240.0;170
17436;201500019319;15;4;8;1820;1;2;1;1;6;300;20, PALAIS   RUE DU;M;4615900.0;-115386.0;170
17437;201500019320;15;4;10;1530;1;2;1;2;2;300;9, VIELJEUX   RUE LEONCE;M;4615789.0;-115417.0;170
17438;201500019321;15;4;14;800;1;2;1;1;6;200;22, CHAUMES   RUE DES;M;4617656.0;-116162.0;170
17439;201500019322;15;4;14;1915;1;1;1;1;2;200;HUIT MAI 1945   AVENUE D;M;4617969.0;-115402.0;170
17440;201500019324;15;4;16;815;1;2;1;1;6;300;2, PERIGNY   RUE DE;M;4616213.0;-112250.0;170
17441;201500019325;15;4;16;1800;1;1;1;2;3;291;07, TREUIL GRAS  RUE DU;M;4618096.0;-110399.0;170
17442;201500019326;15;4;18;625;2;2;1;1;6;300;69, SARTRE   AVENUE JEAN;M;4615612.0;-113159.0;170
17443;201500019327;15;4;19;1540;1;2;1;1;1;274;17, CHEVERNY   RUE DE;M;4615754.0;-109350.0;170
17444;201500019328;15;4;20;1830;1;1;1;1;4;28;114 PK RN137 JUSTICE ROC;M;4613729.0;-110352.0;170
17445;201500019329;15;4;21;1600;1;1;1;1;2;300;114 PK RN137 JUSTICE ROC;M;4615002.0;-111179.0;170
17446;201500019330;15;4;22;1300;1;2;1;1;3;300;CLEMENCEAU   AVENUE GEOR;M;4616362.0;-118197.0;170
17447;201500019331;15;4;23;150;5;2;1;1;7;300;GUITON   AVENUE JEAN (9/;M;4615982.0;-116674.0;170
17448;201500019332;15;4;24;1545;1;2;1;1;2;300;12, BARBAROUX   RUE;M;4615238.0;-111972.0;170
17449;201500019334;15;4;25;1749;1;2;1;1;1;300;32, NORMANDIN   RUE EMIL;M;4614758.0;-114327.0;170
17450;201500019335;15;4;27;1336;1;2;3;1;3;300;402, GUITON   AVENUE JEA;M;4615945.0;-119999.0;170
17451;201500019336;15;4;28;1800;1;2;1;1;6;300;33, NORMANDIN   RUE EMIL;M;4614874.0;-114403.0;170
17452;201500019337;15;5;3;1440;1;2;1;1;1;200;50, ROSE AVENUE DU FIEF;M;4617445.0;-116671.0;170
17453;201500019339;15;5;10;1450;1;2;1;1;7;300;48, BERGERIE   RUE DE LA;M;4617561.0;-117496.0;170
17454;201500019340;15;5;13;2230;5;2;1;1;2;300;245, GUITON   AVENUE JEA;M;4616156.0;-117858.0;170
17455;201500019341;15;5;19;1930;1;2;1;1;3;300;88, PERIGNY   RUE DE;M;4616209.0;-112261.0;170
17456;201500019342;15;5;24;900;1;2;1;1;3;200;75, HUIT MAI 1945   AVEN;M;4618476.0;-115199.0;170
17457;201500019343;15;5;25;350;5;2;1;1;7;300;45, FROMENTIN   RUE CHAR;M;4616507.0;-117631.0;170
17458;201500019345;15;5;27;1850;1;1;1;1;5;300;34 PK RN11 ROCADE NANTES;M;4617548.0;-110910.0;170
17459;201500019346;15;5;28;340;5;2;1;1;6;300;19, MAUBEC   QUAI;M;4615891.0;-114977.0;170
17460;201500019347;15;5;28;940;1;2;2;1;3;300;4, REPENTIE   AVENUE DE;M;4617197.0;-121294.0;170
17461;201500019348;15;5;28;1800;1;2;2;1;3;300;02, HILAIRE   COURS DAME;M;4616864.0;-117281.0;170
17462;201500019349;15;5;30;2035;1;2;6;1;3;300;1, BERNIER   AVENUE DU L;M;4617306.0;-116115.0;170
17463;201500019350;15;6;1;1950;1;2;2;1;3;300;17, VESPUCCI   AVENUE AM;M;4615005.0;-115474.0;170
17464;201500019351;15;6;2;1819;1;2;1;1;4;300;01, REMPARTS   CHEMIN DE;M;4615560.0;-115849.0;170
17465;201500019352;15;6;3;1425;1;2;1;1;2;300;24, FILATURE   RUE DE LA;M;4616233.0;-120854.0;170
17466;201500019353;15;6;4;1330;1;2;3;1;1;300;33, NORMANDIN   RUE EMIL;M;4614884.0;-114412.0;170
17467;201500019354;15;6;4;1645;1;2;1;1;3;300;2, JUSTICES   RUE DU MOU;M;4617140.0;-112327.0;170
17468;201500019355;15;6;7;1300;1;2;1;1;7;300;18, MAIL   ALLEE DU;M;4615605.0;-116392.0;170
17469;201500019356;15;6;10;1905;1;2;1;1;2;300;85, KENNEDY   AVENUE DU;M;4616786.0;-118357.0;170
17470;201500019357;15;6;12;1;5;2;1;2;6;300;42, LYAUTEY   BOULEVARD;M;4616139.0;-120679.0;170
17471;201500019358;15;6;12;800;1;1;1;1;4;28;112 PK RN137 ROCHEFORT J;M;4612080.0;-110937.0;170
17472;201500019359;15;6;12;1800;1;2;6;1;6;200;3, ROSE AVENUE DU FIEF;M;4617420.0;-116654.0;170
17473;201500019360;15;6;15;900;1;2;2;1;3;200;17, GUIGNARDERIE   RUE D;M;4618937.0;-113215.0;170
17474;201500019363;15;6;19;1200;1;2;1;1;2;200;5, OISEAUX DE MER   AVEN;M;4618780.0;-115777.0;170
17475;201500019364;15;6;20;1250;1;2;1;1;7;300;201, CARNOT   AVENUE;M;4616460.0;-118027.0;170
17476;201500019365;15;6;22;720;1;2;1;1;1;300;54, LACROIX   RUE MARIUS;M;4617197.0;-114748.0;170
17477;201500019367;15;6;23;1710;1;2;2;1;3;300;3, NORMANDIN   RUE EMILE;M;4615212.0;-114809.0;170
17478;201500019370;15;7;2;1650;1;2;1;1;2;300;08, LECLERC   AVENUE DU;M;4616265.0;-116062.0;170
17479;201500019371;15;7;3;1600;1;2;1;1;6;300;00, SARTRE   AVENUE JEAN;M;4615622.0;-113050.0;170
17480;201500019372;15;7;7;714;1;2;1;1;3;300;00, LECLERC   AVENUE DU;M;4616266.0;-116067.0;170
17481;201500019373;15;7;9;300;5;2;2;1;7;300;00, FAGOTS   RUE DES;M;4615632.0;-115731.0;170
17482;201500019374;15;7;9;1453;1;2;1;1;1;300;00, BARBUSSE   RUE HENRI;M;4615557.0;-113700.0;170
17483;201500019375;15;7;9;530;1;2;1;1;2;300;00, 33 PK RN11 ROCADE NA;M;4617236.0;-111917.0;170
17484;201500019376;15;7;10;1540;1;2;1;1;6;300;73, COGNEHORS   BOULEVAR;M;4617149.0;-113945.0;170
17485;201500019377;15;7;11;1150;1;2;1;1;3;300;19, JOFFRE   BOULEVARD (;M;4616042.0;-114077.0;170
17486;201500019378;15;7;12;35;5;2;3;1;7;300;00, PALISSY   RUE BERNAR;M;4616955.0;-116364.0;170
17487;201500019380;15;7;13;40;5;2;2;1;3;300;00, PROUDHON   RUE PIERR;M;4615446.0;-113127.0;170
17488;201500019381;15;7;14;825;1;2;1;1;6;300;293, GUITON   AVENUE JEA;M;4616161.0;-118201.0;170
17489;201500019382;15;7;15;125;5;2;1;1;4;300;00, SARTRE   AVENUE JEAN;M;4615652.0;-112720.0;170
17490;201500019383;15;7;15;510;1;2;1;1;7;300;20, COGNEHORS   BOULEVAR;M;4616710.0;-113872.0;170
17491;201500019384;15;7;15;1625;1;2;1;1;6;28;00, GARE   RUE DE LA;M;4613349.0;-111328.0;170
17492;201500019385;15;7;22;1410;1;2;2;1;1;300;00, LECLERC   AVENUE DU;M;4616272.0;-116145.0;170
17493;201500019386;15;7;22;1614;1;2;1;1;2;274;00, JOLIOT-CURIE   AVENU;M;4615960.0;-110334.0;170
17494;201500019387;15;7;22;1930;1;1;1;1;7;28;00, 114 PK RN137 JUSTICE;M;4613724.0;-110350.0;170
17495;201500019388;15;7;24;1558;1;2;3;1;4;300;00, JUIN   AVENUE DU MAR;M;4615941.0;-117964.0;170
17496;201500019389;15;7;25;350;5;2;1;1;7;274;17 rue du Poteau;M;4616536.0;-111034.0;170
17497;201500019390;15;7;27;1320;1;2;1;1;6;200;00, ROSE AVENUE DU FIEF;M;4617416.0;-116666.0;170
17498;201500019391;15;7;28;1900;1;2;1;2;2;200;00, 03 PK RN237 MOULIN J;M;4617825.0;-115808.0;170
17499;201500019392;15;7;30;1240;1;2;1;1;6;300;RAMBAUD   RUE;M;4616314.0;-115246.0;170
17500;201500019393;15;7;30;613;1;2;1;1;2;300;00, SAUTEL  BOULEVARD AN;M;4616666.0;-113661.0;170
17501;201500019394;15;7;31;1535;1;2;1;1;2;300;46, JURA   RUE DU;M;4617536.0;-119601.0;170
17502;201500019395;15;8;1;1829;1;1;1;1;7;291;D 263;M;4617422.0;-111303.0;170
17503;201500019396;15;8;4;1625;1;2;1;1;2;300;67, COGNEHORS   BOULEVAR;M;4616806.0;-114239.0;170
17504;201500019397;15;8;5;735;1;2;2;1;3;300;9, DENFERT-ROCHEREAU   A;M;4616506.0;-119381.0;170
17505;201500019398;15;8;10;805;1;2;1;1;3;300;42, CIMETIERE   AVENUE D;M;4616290.0;-113485.0;170
17506;201500019400;15;8;10;1700;1;2;1;1;3;300;17, MADELEINE   RUE DE L;M;4614900.0;-114541.0;170
17507;201500019401;15;8;12;2215;5;2;1;1;7;300;05, MINAGE   RUE PAS DU;M;4616259.0;-114968.0;170
17508;201500019402;15;8;14;1130;1;2;1;1;6;291;14, QUATORZE JUILLET   R;M;4617336.0;-111842.0;170
17509;201500019403;15;8;14;1250;1;2;9;1;7;300;17, FROMENTIN   RUE CHAR;M;4616507.0;-117629.0;170
17510;201500019404;15;8;15;1825;1;1;1;1;4;291;01 PK RN237 RE MOULIN JU;M;4617875.0;-112904.0;170
17511;201500019405;15;8;17;1320;1;2;6;1;2;200;17, HUIT MAI 1945   AVEN;M;4617816.0;-115256.0;170
17512;201500019406;15;8;20;1214;1;2;1;1;6;300;44, PETROZAVODSK   PLACE;M;4615967.0;-117911.0;170
17513;201500019407;15;8;20;1525;1;2;1;1;3;300;156, CREPEAU   AVENUE MI;M;4615379.0;-115355.0;170
17514;201500019408;15;8;21;1755;1;2;1;1;2;300;279, CARNOT   AVENUE;M;4616532.0;-118623.0;170
17515;201500019409;15;8;21;2230;5;2;6;1;2;300;1, MARILLAC   AVENUE;M;4614035.0;-116485.0;170
17516;201500019410;15;8;22;1130;1;2;2;1;3;300;256, CARNOT   AVENUE;M;4616437.0;-117739.0;170
17517;201500019411;15;8;29;1950;1;2;2;1;3;300;2, FETILLY   AVENUE DE;M;4617019.0;-115226.0;170
17518;201500019412;15;8;31;1215;1;2;1;1;2;300;56, SAUTEL  BOULEVARD AN;M;4616768.0;-113372.0;170
17519;201500019413;15;9;1;1151;1;2;2;1;4;28;21, GAULLE   AVENUE DU G;M;4613325.0;-111954.0;170
17520;201500019414;15;9;1;1758;1;1;1;1;2;291;09 PK RN237 RE MOULIN JU;M;4617627.0;-112578.0;170
17521;201500019415;15;9;2;810;1;2;2;1;3;300;51, NORMANDIN   RUE EMIL;M;4615043.0;-114617.0;170
17522;201500019417;15;9;3;940;1;2;2;1;2;300;D 106;M;4618221.0;-120145.0;170
17523;201500019418;15;9;3;1105;1;2;2;1;6;300;17, KENNEDY   AVENUE DU;M;4616755.0;-118077.0;170
17524;201500019419;15;9;3;1143;1;1;1;1;2;300;08 PK RN237 MOULIN JUSTI;M;4617569.0;-121506.0;170
17525;201500019420;15;9;3;1535;1;1;1;1;2;300;117 PK RN137 JUSTICE ROC;M;4616245.0;-112215.0;170
17526;201500019421;15;9;3;1600;1;2;1;1;3;300;7, BARBUSSE   RUE HENRI;M;4615536.0;-113672.0;170
17527;201500019422;15;9;4;1523;1;2;1;1;2;300;27, REPUBLIQUE   BOULEVA;M;4613829.0;-115229.0;170
17528;201500019424;15;9;7;1750;1;2;1;1;3;300;1, BEAUREGARD   RUE DE;M;4616766.0;-113980.0;170
17529;201500019426;15;9;8;1550;1;2;1;1;7;300;2, QUATORZE JUILLET   AV;M;4615319.0;-113047.0;170
17530;201500019427;15;9;8;1830;1;2;1;1;6;300;49, PALAIS   RUE DU;M;4615877.0;-115391.0;170
17531;201500019428;15;9;8;2240;5;2;1;1;7;300;1, SIMENON   QUAI GEORGE;M;4615489.0;-115111.0;170
17532;201500019429;15;9;9;900;1;2;6;1;3;300;01, MONNET   AVENUE JEAN;M;4614610.0;-115283.0;170
17533;201500019430;15;9;10;1400;1;2;1;1;3;300;15, FOLLETIER  RUE FRANÇ;M;4614231.0;-115292.0;170
17534;201500019431;15;9;10;1830;1;2;1;1;2;291;6, DIX-HUIT JUIN   RUE D;M;4617594.0;-111230.0;170
17535;201500019432;15;9;11;40;5;2;1;1;6;300;77, MISSY   RUE DE;M;4615921.0;-117248.0;170
17536;201500019433;15;9;11;1320;1;1;1;1;6;300;05 PK RN237 MOULIN JUSTI;M;4617357.0;-117827.0;170
17537;201500019434;15;9;11;1515;1;2;1;1;6;300;12, CONDE   RUE HENRI DE;M;4616732.0;-116166.0;170
17538;201500019435;15;9;11;2230;5;2;1;1;1;300;51 BIS, LACROIX   RUE MA;M;4617307.0;-114646.0;170
17539;201500019436;15;9;13;908;1;2;1;1;2;300;25, SARTRE   AVENUE JEAN;M;4615575.0;-113438.0;170
17540;201500019438;15;9;15;1700;1;2;1;1;6;300;55, JOFFRE   BOULEVARD (;M;4615865.0;-114192.0;170
17541;201500019439;15;9;16;1330;1;2;6;1;6;300;LACROIX   RUE MARIUS;M;4616995.0;-114658.0;170
17542;201500019440;15;9;18;1050;1;2;1;1;3;291;01, JUIN 18  RUE;M;4617592.0;-111333.0;170
17543;201500019441;15;9;18;1350;1;1;1;1;2;300;112 PK RN137 JUSTICE ROC;M;4612095.0;-110948.0;170
17544;201500019442;15;9;18;2120;4;2;1;1;6;300;111, COLIGNY   AVENUE;M;4616175.0;-116539.0;170
17545;201500019443;15;9;19;1555;1;2;1;1;6;300;51, ORBIGNY   RUE ALCIDE;M;4616390.0;-114723.0;170
17546;201500019444;15;9;22;1514;1;2;1;1;5;300;63, SAUTEL  BOULEVARD AN;M;4616792.0;-113314.0;170
17547;201500019445;15;9;23;1804;1;2;2;1;5;300;25, VARSOVIE   AVENUE DE;M;4616877.0;-116962.0;170
17548;201500019446;15;9;25;1845;1;2;1;1;6;300;2, CONVENTION   RUE DE L;M;4615099.0;-111632.0;170
17549;201500019447;15;9;27;140;3;1;1;1;6;300;537 RN ECHANGEUR LA PALL;M;4617061.0;-118967.0;170
17550;201500019448;15;9;28;1220;1;2;2;1;3;300;01, COUBERTIN   AVENUE P;M;4616519.0;-117502.0;170
17551;201500019449;15;9;28;1435;1;1;2;1;3;300;1, REPENTIE   AVENUE DE;M;4617050.0;-120436.0;170
17552;201500019450;15;9;28;1845;1;2;6;1;3;200;01, HUIT MAI 1945   AVE;M;4619020.0;-114683.0;170
17553;201500019451;15;9;29;1900;1;2;3;1;2;300;24, ALBERT IER   RUE;M;4616467.0;-115160.0;170
17554;201500019452;15;9;30;1730;1;2;2;1;2;28;159, GRASSET   AVENUE ED;M;4613160.0;-110352.0;170
17555;201500019453;15;9;30;2115;5;2;4;1;1;300;05, SCHWEITZER   RUE DU;M;4615851.0;-114567.0;170
17556;201500019454;15;10;8;850;1;2;3;1;3;300;10, HOTEL DE VILLE   RUE;M;4615923.0;-115178.0;170
17557;201500019455;15;10;8;1645;1;1;1;1;3;300;06, DANTON   AVENUE;M;4615556.0;-111882.0;170
17558;201500019456;15;10;9;1020;1;2;2;1;3;300;45, MAIL   ALLEE DU;M;4615595.0;-116100.0;170
17559;201500019457;15;10;9;1435;1;2;1;1;7;200;01, NIEUL SUR MER  ROUTE;M;4619198.0;-114762.0;170
17560;201500019458;15;10;9;1741;1;2;1;1;3;300;2 G, VESPUCCI   AVENUE A;M;4615321.0;-115467.0;170
17561;201500019459;15;10;9;1750;1;2;3;1;3;300;15, COLIGNY   AVENUE;M;4615729.0;-116616.0;170
17562;201500019460;15;10;12;730;2;2;2;1;3;300;06, REPUBLIQUE   BOULEVA;M;4613842.0;-115137.0;170
17563;201500019461;15;10;13;1442;1;2;6;1;3;300;01, CHAMP DE MARS   AVEN;M;4616957.0;-115115.0;170
17564;201500019462;15;10;14;934;1;2;1;1;6;300;12, REPUBLIQUE   BOULEVA;M;4613838.0;-115177.0;170
17565;201500019463;15;10;14;1130;1;2;1;1;3;300;77, GUITON   AVENUE JEAN;M;4615980.0;-116657.0;170
17566;201500019464;15;10;15;1750;1;2;1;1;1;28;51, GRASSET   AVENUE EDM;M;4613341.0;-111389.0;170
17567;201500019465;15;10;17;714;2;1;1;1;6;300;114 PK RN137 ROCHEFORT J;M;4613726.0;-110350.0;170
17568;201500019466;15;10;17;1035;1;2;6;1;2;300;1, SARTRE   AVENUE JEAN-;M;4615340.0;-111302.0;170
17569;201500019468;15;10;18;1900;2;2;1;1;6;300;21, KENNEDY   AVENUE DU;M;4616784.0;-118355.0;170
17570;201500019469;15;10;24;200;5;2;2;1;3;300;17, ECOLES   RUE DES;M;4616356.0;-115467.0;170
17571;201500019470;15;10;26;855;1;2;2;1;6;300;50, SARTRE   AVENUE JEAN;M;4615622.0;-113061.0;170
17572;201500019471;15;10;30;2330;5;2;2;1;3;300;28, VILLENEUVE   RUE;M;4616175.0;-114670.0;170
17573;201500019472;15;11;1;1845;5;2;2;1;3;300;37, JOFFRE   BOULEVARD (;M;4615329.0;-114618.0;170
17574;201500019473;15;11;2;1545;1;2;2;1;2;300;GRASSET   AVENUE EDMOND;M;4616324.0;-116640.0;170
17575;201500019474;15;11;2;1609;1;1;1;1;7;300;1, FETILLY   PLACE DE;M;4617332.0;-115627.0;170
17576;201500019476;15;11;6;1710;2;2;1;1;7;274;88, CHATEAU   RUE DU;M;4615163.0;-109386.0;170
17577;201500019477;15;11;8;1740;2;1;1;1;3;300;2, REPENTIE   AVENUE DE;M;4610326.0;-113191.0;170
17578;201500019478;15;11;8;2325;5;2;1;1;6;300;44, CORDELIERS   AVENUE;M;4616635.0;-114150.0;170
17579;201500019479;15;11;13;835;1;2;1;1;3;300;80, GONTHIERES   RUE DES;M;4617574.0;-115467.0;170
17580;201500019480;15;11;13;1000;1;2;1;2;7;28;52, FABIEN   RUE DU COLO;M;4608000.0;-106490.0;170
17581;201500019481;15;11;13;1900;5;2;6;1;3;300;1, REPENTIE   AVENUE DE;M;4617196.0;-121289.0;170
17582;201500019482;15;11;16;1800;3;1;1;1;4;291;0 PK RN237 MOULIN JUSTIC;M;4610055.0;-107155.0;170
17583;201500019483;15;11;16;1815;5;2;1;1;1;300;71, SARTRE   AVENUE JEAN;M;4609176.0;-108109.0;170
17584;201500019484;15;11;19;1008;1;1;1;1;7;300;06 PK RN237 MOULIN JUSTI;M;4600000.0;-100000.0;170
17585;201500019486;15;11;22;345;5;2;1;1;6;300;123, SARTRE   AVENUE JEA;M;4600000.0;-100000.0;170
17586;201500019487;15;11;24;1855;5;2;1;1;6;300;1, COLMAR   AVENUE DE;M;4609231.0;-108920.0;170
17587;201500019488;15;11;24;2300;5;2;6;1;3;300;2, BRETIGNIERE   RUE;M;4616159.0;-113978.0;170
17588;201500019489;15;11;25;738;2;2;1;1;6;200;AVIGNON   RUE D';M;4617915.0;-115761.0;170
17589;201500019492;15;11;28;558;3;1;1;1;7;300;01, 115 PK RN137 JUSTICE;M;4614640.0;-110936.0;170
17590;201500019493;15;11;28;1148;1;2;9;1;2;300;42, CORSAIRES   AVENUE D;M;4616649.0;-117420.0;170
17591;201500019494;15;11;28;1550;1;2;1;1;6;291;30, TREUIL GRAS  RUE DU;M;4617937.0;-110707.0;170
17592;201500019495;15;12;2;915;1;2;1;1;1;300;17, CORDELIERS   AVENUE;M;4616365.0;-114499.0;170
17593;201500019496;15;12;2;1517;1;1;1;1;4;300;112 PK RN137 ROCHEFORT J;M;4612085.0;-110937.0;170
17594;201500019497;15;12;3;1817;5;2;1;1;2;300;58BIS, FRENES   RUE DES;M;4614271.0;-114476.0;170
17595;201500019498;15;12;4;235;5;2;1;1;6;300;REMPARTS   CHEMIN DES;M;4616268.0;-115518.0;170
17596;201500019499;15;12;5;1615;1;2;6;1;6;274;REPUBLIQUE   ROND-POINT;M;4615330.0;-111111.0;170
17597;201500019500;15;12;5;1931;5;2;1;1;3;300;GUILLET   AVENUE LOUIS;M;4616947.0;-118090.0;170
17598;201500019501;15;12;5;2018;5;2;9;1;1;300;LECLERC   AVENUE DU GENE;M;4616261.0;-116017.0;170
17599;201500019502;15;12;6;2120;5;1;1;1;7;300;46, SARTRE   AVENUE JEAN;M;4615605.0;-113326.0;170
17600;201500019503;15;12;9;1915;5;2;1;1;2;291;ONZE NOVEMBRE   RUE DU;M;4617340.0;-111674.0;170
17601;201500019504;15;12;9;1210;1;2;1;1;2;300;8, CHAUDRIER   RUE;M;4616044.0;-115336.0;170
17602;201500019505;15;12;11;845;2;2;1;1;1;300;24, GRANDES VARENNES   A;M;4616827.0;-117763.0;170
17603;201500019506;15;12;11;1018;1;2;1;1;2;300;50, MOULIN   AVENUE JEAN;M;4614234.0;-113959.0;170
17604;201500019507;15;12;11;1225;1;2;9;1;6;300;MONNET   AVENUE JEAN;M;4614423.0;-115312.0;170
17605;201500019510;15;12;16;1530;1;2;1;1;6;300;31, VALIN   QUAI;M;4615680.0;-114976.0;170
17606;201500019511;15;12;16;1825;5;2;1;1;6;200;HUIT MAI 1945   AVENUE D;M;4618374.0;-115222.0;170
17607;201500019512;15;12;18;500;3;2;1;2;1;28;11, CLAIRES   RUE DES;M;4612721.0;-113086.0;170
17608;201500019513;15;12;23;1840;3;1;1;1;2;300;05 PK RN237 RE MOULIN JU;M;4617364.0;-117821.0;170
17609;201500019515;15;11;5;815;1;2;1;1;6;333;TOURTET (AV. LT COLONEL);M;4560757.0;-99258.0;170
17610;201500019516;15;3;26;1725;1;2;3;1;6;306;., ROCHEFORT (DE)  (AVEN;M;4564064.0;-102491.0;170
17611;201500019517;15;1;2;1155;1;2;1;1;6;306;69, REGAZZONI (AVENUE CH;M;4563407.0;-103453.0;170
17612;201500019518;15;11;10;2050;3;1;1;5;2;306;EXPRESS (VOIE);M;4562264.0;-99670.0;170
17613;201500019519;15;3;30;2020;5;2;3;1;2;306;., BESANCON (PASTEUR SAM;M;4562872.0;-101034.0;170
17614;201500019521;15;11;11;1625;1;2;1;1;7;306;EXPRESS (VOIE);M;4562559.0;-99900.0;170
17615;201500019522;15;4;4;525;3;1;1;1;6;461;., EXPRESS (VOIE);M;4565008.0;-104843.0;170
17616;201500019524;15;4;12;1901;1;1;3;1;6;306;., LOTI PIERRE;M;4562400.0;-102915.0;170
17617;201500019525;15;1;8;1500;1;2;1;1;6;306;EXPRESS (VOIE);M;4563978.0;-103004.0;170
17618;201500019526;15;11;21;1730;2;2;1;1;6;380;GANIPOTE (AVENUE DE LA);M;4565196.0;-108738.0;170
17619;201500019527;15;1;21;1216;1;2;1;1;1;306;16, DOUMER  (PORTIQUE);M;4562650.0;-102738.0;170
17620;201500019528;15;4;19;1910;2;2;1;1;6;306;25, LAIR  LOUIS (BD);M;4562349.0;-103945.0;170
17621;201500019529;15;11;24;1454;1;2;2;1;3;306;BRANLY EDOUARD;M;4537499.0;-59457.0;170
17622;201500019530;15;1;23;1554;1;2;1;1;2;306;GABORIAU (IMPASSE EMILE);M;4562710.0;-101237.0;170
17623;201500019531;15;4;25;1428;1;2;2;1;6;306;59, EUROPE (COURS DE L');M;4562491.0;-102123.0;170
17624;201500019532;15;12;1;1635;2;2;1;1;6;306;HEDDE (AVENUE DANIEL);M;4562921.0;-103229.0;170
17625;201500019533;15;1;23;1715;1;2;1;1;6;306;44, LECLERC MARECHAL (AV;M;4562444.0;-101891.0;170
17626;201500019536;15;1;29;1845;3;2;1;2;4;306;., ROCHEFORT (DE)  (AVEN;M;4564481.0;-102466.0;170
17627;201500019537;15;5;9;1840;1;2;1;1;6;380;., COLOMBES (DES);M;4564338.0;-102621.0;170
17628;201500019538;15;1;31;1420;1;2;1;1;6;380;., SOURCE (AVENUE DE LA);M;4565194.0;-107292.0;170
17629;201500019539;15;5;11;1405;1;2;3;1;3;306;ALSACE LORRAINE (D');M;4562642.0;-102945.0;170
17630;201500019540;15;12;27;1840;5;2;1;1;2;306;EUROPE (COURS DE L');M;4562483.0;-102160.0;170
17631;201500019541;15;2;2;1410;1;2;3;2;3;306;., AMPERE;M;4562871.0;-101035.0;170
17632;201500019543;15;12;29;1625;1;2;1;1;6;333;MOCQUERIES (AVENUE);M;4560201.0;-99352.0;170
17633;201500019544;15;2;16;2005;5;2;1;1;6;306;., LOTI PIERRE;M;4562451.0;-102969.0;170
17634;201500019546;15;2;17;833;1;2;3;1;2;306;., CHEVREUILS (DES);M;4564140.0;-104449.0;170
17635;201500019547;15;5;16;1150;1;2;1;1;6;306;4, REUTIN (BD FELIX);M;4563594.0;-102726.0;170
17636;201500019548;15;2;20;745;2;2;1;1;6;306;176, ROCHEFORT (DE)  (AV;M;4564652.0;-102442.0;170