;Num_Acc;an;mois;jour;hrmn;lum;agg;int;atm;col;com;adr;gps;lat;long;dep
17637;201500019549;15;5;20;1800;1;2;6;1;2;461;., COURLAY (AVENUE DE);M;4564974.0;-106820.0;170
17638;201500019550;15;2;25;917;1;2;1;1;2;333;., TILLEULS (AVENUE DES);M;4560369.0;-99337.0;170
17639;201500019551;15;5;25;1012;1;2;3;1;3;306;., BAILLET (BD COLONEL R;M;4562852.0;-104094.0;170
17640;201500019552;15;2;28;1222;1;2;1;3;6;306;LAVOISIER (ANTOINE DE);M;4563012.0;-99344.0;170
17641;201500019553;15;6;2;805;2;1;1;1;2;333;., EXPRESS (voie);M;4561624.0;-98781.0;170
17642;201500019554;15;3;4;1555;1;2;1;1;6;306;8, LOTI PIERRE;M;4562445.0;-102968.0;170
17643;201500019555;15;6;6;1700;1;2;5;1;1;306;., LAVOISIER (ANTOINE DE;M;4562961.0;-99391.0;170
17644;201500019557;15;6;15;1614;1;2;1;1;1;306;BOUCHET LOUIS (AVENUE);M;4562857.0;-99517.0;170
17645;201500019558;15;6;19;2005;2;2;1;1;6;306;16, METADIER (DOCTEUR PA;M;4562213.0;-103367.0;170
17646;201500019559;15;6;23;20;5;2;1;1;6;306;5, PROVIDENCE (DE LA);M;4562787.0;-102803.0;170
17647;201500019560;15;6;24;1815;1;2;2;1;3;333;CORMORANS (AVENUE DES);M;4561158.0;-100468.0;170
17648;201500019561;15;6;27;1135;1;2;3;1;3;306;AMPERE;M;4562959.0;-100895.0;170
17649;201500019562;15;6;30;752;1;1;2;1;1;380;BERNEZAC (AVENUE DE);M;4565042.0;-106966.0;170
17650;201500019563;15;7;3;855;1;2;1;2;2;306;AQUITAINE (ALIENOR D') (;M;4561311.0;-99905.0;170
17651;201500019564;15;7;4;1135;1;1;1;1;7;380;GRANDE COTE (AVENUE DE L;M;4564662.0;-110285.0;170
17652;201500019565;15;7;5;1430;1;1;1;1;3;380;EXPRESS (VOIE);M;4564883.0;-104764.0;170
17653;201500019566;15;7;10;1501;1;2;2;1;3;306;BOUCHET LOUIS (AVENUE);M;4562941.0;-99371.0;170
17654;201500019567;15;7;10;1940;1;2;2;1;3;306;BOUCHET LOUIS (AVENUE);M;4563196.0;-98556.0;170
17655;201500019568;15;7;12;1900;1;2;3;1;2;380;DE GAULLE ( AVENUE CHARL;M;4565578.0;-108762.0;170
17656;201500019569;15;7;13;1732;1;2;1;1;3;306;107, REGAZZONI (AVENUE C;M;4563650.0;-103788.0;170
17657;201500019570;15;7;14;307;5;2;1;1;6;380;20, VERDUN (AVENUE DE);M;4565482.0;-107849.0;170
17658;201500019571;15;7;15;1215;1;2;2;1;3;333;13, PLAGE (AVENUE DE LA);M;4559579.0;-98902.0;170
17659;201500019572;15;7;19;2020;2;2;1;1;7;380;29, SOURCE (AVENUE DE LA;M;4565261.0;-107614.0;170
17660;201500019573;15;7;20;1215;1;2;1;1;6;306;BOUCHET LOUIS (AVENUE);M;4562522.0;-100106.0;170
17661;201500019575;15;7;24;2155;2;2;3;1;3;306;23, PONTAILLAC (DE) (AVE;M;4562086.0;-103658.0;170
17662;201500019577;15;7;30;1700;1;1;1;1;3;461;EXPRESS (VOIE);M;4564378.0;-104112.0;170
17663;201500019579;15;8;1;235;3;2;1;1;6;333;., BETEILLE JOSEPH (AVEN;M;4560000.0;-98976.0;170
17664;201500019580;15;8;1;1030;1;2;1;1;6;306;., LOTI PIERRE;M;4562692.0;-103157.0;170
17665;201500019582;15;8;4;2034;2;2;1;1;6;380;., SOURCE (AVENUE DE LA);M;4565082.0;-107033.0;170
17666;201500019583;15;8;8;1747;1;2;3;1;3;306;., BRANLY EDOUARD;M;4563009.0;-99493.0;170
17667;201500019584;15;8;10;1530;1;2;3;1;3;306;02, BILLOIS HENRI;M;4562819.0;-100970.0;170
17668;201500019585;15;8;10;1530;1;2;3;1;3;306;49, PARIS (DE) (AVENUE);M;4562764.0;-105114.0;170
17669;201500019586;15;8;13;110;5;2;1;3;7;333;12, SAUJON (DE);M;4560389.0;-98333.0;170
17670;201500019587;15;8;14;1840;1;2;1;1;7;306;19, ESPADON (RUE DE L');M;4563923.0;-103747.0;170
17671;201500019588;15;8;15;522;3;1;1;1;7;306;EXPRESS (VOIE);M;4563675.0;-101769.0;170
17672;201500019590;15;8;17;1920;1;2;1;1;3;306;HEDDE (AVENUE DANIEL);M;4563477.0;-102898.0;170
17673;201500019591;15;8;19;1635;1;2;1;1;3;380;123, GRANDE COTE (AVENUE;M;4564826.0;-111465.0;170
17674;201500019592;15;8;27;2040;2;2;6;1;3;306;LAMY (BD FRANCK);M;4562819.0;-101710.0;170
17675;201500019593;15;8;28;1220;1;2;2;1;6;306;ECLUSE (DE L');M;4562531.0;-102600.0;170
17676;201500019594;15;9;1;45;5;2;1;1;6;306;PONTAILLAC (DE) (AVENUE);M;4562561.0;-104967.0;170
17677;201500019595;15;9;3;113;5;2;1;1;6;461;130, COTE DE BEAUTE (BOU;M;4563662.0;-107025.0;170
17678;201500019596;15;9;5;2320;5;2;1;1;7;306;., LAVOISIER (ANTOINE DE;M;4537523.0;-59376.0;170
17679;201500019597;15;9;29;1524;1;2;1;1;2;306;61, PONTAILLAC (DE) (AVE;M;4562188.0;-103910.0;170
17680;201500019598;15;10;8;850;1;2;1;1;2;306;120, DOUMER  (PORTIQUE);M;4563006.0;-103017.0;170
17681;201500019599;15;10;13;1325;1;2;6;1;6;306;., HEDDE (AVENUE DANIEL);M;4563617.0;-102853.0;170
17682;201500019600;15;10;13;1505;1;2;1;1;6;306;05, PAPIN DENIS;M;4537557.0;-59350.0;170
17683;201500019601;15;10;16;925;1;2;1;1;2;306;., QUEBEC (AVENUE);M;4563270.0;-98125.0;170
17684;201500019602;15;10;16;1650;1;2;3;1;3;333;., FREGATES (AVENUE DES);M;4561250.0;-99247.0;170
17685;201500019603;15;10;19;1210;1;2;1;1;6;306;., CORDOUAN (DE) (BD);M;4562453.0;-103913.0;170
17686;201500019605;15;10;28;1815;5;2;2;1;6;306;ROCHEFORT (DE)  (AVENUE);M;4563660.0;-102854.0;170
17687;201500019606;15;10;29;1503;1;2;1;1;2;306;BAILLET (BD COLONEL ROBE;M;4562893.0;-104010.0;170
17688;201500019607;15;11;1;1835;2;2;2;1;3;333;., MAUDET (DU DOCTEUR);M;4560388.0;-100395.0;170
17689;201500019608;15;6;1;615;1;1;1;1;1;80;;M;4376138.0;-27352.0;400
17690;201500019610;15;3;28;1515;1;1;1;2;6;125;;M;4919458.0;77017.0;270
17691;201500019611;15;6;5;1415;1;1;1;1;6;125;;M;4920266.0;76984.0;270
17692;201500019612;15;7;16;2100;1;1;1;1;6;148;;M;4898799.0;44185.0;270
17693;201500019613;15;10;23;1515;1;1;1;1;2;95;;M;4922213.0;74719.0;270
17694;201500019614;15;10;27;1015;1;1;1;1;7;49;;M;4900345.0;69742.0;270
17695;201500019615;15;9;12;1600;1;1;1;1;6;352;;M;4881049.0;-12643.0;610
17696;201500019616;15;12;17;430;3;1;1;1;6;306;;M;4865780.0;22464.0;610
17697;201500019617;15;1;4;1015;1;2;3;1;3;415;86, JEAN RUE DU DOCTEUR;M;4574029.0;-62065.0;170
17698;201500019618;15;4;3;1630;1;2;1;1;6;415;route nationale 141;M;4574579.0;-59022.0;170
17699;201500019619;15;11;27;1035;1;2;1;1;6;415;SAINTONGE PONT A RUE GAU;M;4544275.0;-38037.0;170
17700;201500019620;15;1;17;405;3;1;1;1;6;415;route nationale 141;M;4573021.0;-62566.0;170
17701;201500019621;15;4;8;1802;1;2;1;1;6;415;1, PICHAUDERIE LIEU-DIT;M;4575426.0;-60780.0;170
17702;201500019622;15;12;2;1800;2;2;1;1;2;415;01, SAINTONGE PONT A RUE;M;4544265.0;-37376.0;170
17703;201500019623;15;1;25;1840;2;1;1;1;6;415;route nationale 141;M;4573649.0;-60561.0;170
17704;201500019624;15;12;12;1905;1;1;1;1;1;415;VOIVILLE OUEST ROND POIN;M;4544243.0;-39429.0;170
17705;201500019626;15;1;28;1615;1;1;1;1;6;415;GABILLONNERIE LIEU-DIT L;M;4578311.0;-66290.0;170
17706;201500019627;15;3;10;1400;1;2;1;1;6;415;85, GAMBETTA 2 A 72 ET 5;M;4574668.0;-62453.0;170
17707;201500019630;15;3;18;1530;1;2;1;1;6;415;1, 4 SEPTEMBRE 1944 RUE;M;4574365.0;-65590.0;170
17708;201500019631;15;1;31;2145;3;1;6;1;6;415;VOIVILLE OUEST ROND POIN;M;4574038.0;-66236.0;170
17709;201500019632;15;3;20;2050;2;2;1;1;6;415;1, BOIS DES MOUNIERS RUE;M;4573934.0;-67278.0;170
17710;201500019633;15;2;5;1105;1;2;2;1;6;415;1, JEAN RUE DU DOCTEUR;M;4573796.0;-61650.0;170
17711;201500019635;15;2;6;1825;2;2;1;1;6;415;6, APOTRES DE LA LIBERTE;M;4574017.0;-64201.0;170
17712;201500019636;15;3;31;745;5;2;1;1;6;415;20, NATIONAL 1 A 67 ET 2;M;4574710.0;-63167.0;170
17713;201500019637;15;2;11;1130;1;1;6;1;6;415;1, METAIRIE CHEMIN DE LA;M;4576029.0;-63786.0;170
17714;201500019638;15;3;31;1210;1;1;1;1;6;415;1, TERREFORT AVENUE DE;M;4574225.0;-59888.0;170
17715;201500019639;15;2;13;2140;3;2;1;1;6;415;1, VOIVILLE EST ROND POI;M;4574033.0;-66000.0;170
17716;201500019640;15;4;11;545;1;1;1;1;6;415;98, GAMBETTA 74 A 162 ET;M;4574658.0;-62277.0;170
17717;201500019641;15;2;27;1310;1;1;1;1;6;415;SAINTONGE A10 A ROCADE O;M;4574017.0;-66210.0;170
17718;201500019642;15;4;12;1738;1;2;1;1;6;415;1, DE GAULLE COURS CHARL;M;4574314.0;-62580.0;170
17719;201500019643;15;4;13;1915;1;2;1;1;6;415;15, LEMERCIER COURS;M;4574748.0;-63845.0;170
17720;201500019644;15;4;16;940;1;1;3;1;6;415;141;M;4574579.0;-59017.0;170
17721;201500019645;15;4;30;645;5;2;3;1;6;415;1, ARC DE TRIOMPHE;M;4574591.0;-62873.0;170
17722;201500019646;15;4;30;1700;1;1;1;8;6;415;92, LORMONT RUE DE;M;4575424.0;-61417.0;170
17723;201500019647;15;5;21;1730;1;1;6;1;3;415;1, ABATTOIR RUE DE L';M;4575294.0;-63105.0;170
17724;201500019648;15;5;27;1105;1;2;6;1;3;415;44, GAMBETTA 2 A 72 ET 5;M;4574691.0;-62844.0;170
17725;201500019649;15;5;28;1600;1;2;1;1;6;415;24, NATIONAL 1 A 67 ET 2;M;4574714.0;-63239.0;170
17726;201500019650;15;6;6;955;1;1;1;1;2;415;141;M;4572650.0;-63583.0;170
17727;201500019651;15;6;8;1650;1;1;6;1;3;415;., RETAUD ROUTE DE;M;4573711.0;-65748.0;170
17728;201500019653;15;6;28;845;1;1;6;1;3;415;5, GAMBETTA 2 A 72 ET 5;M;4574691.0;-62840.0;170
17729;201500019654;15;7;2;1340;1;1;1;1;6;415;1, CHAMP DE TIR RUE DU;M;4574633.0;-67476.0;170
17730;201500019655;15;7;5;1730;1;1;1;1;6;415;1, SAINTONGE IMPASSE DE;M;4574077.0;-62793.0;170
17731;201500019656;15;7;6;1315;1;1;1;1;6;415;Route Nationale 137;M;4574222.0;-66111.0;170
17732;201500019657;15;7;6;1700;1;2;1;1;6;415;CENTRE LECLERC ST GEORGE;M;4574684.0;-67398.0;170
17733;201500019658;15;7;12;1855;1;1;1;1;6;415;SAINTONGE A10 A ROCADE O;M;4574957.0;-66113.0;170
17734;201500019659;15;7;14;1210;1;2;1;1;2;415;1, PALISSY RUE;M;4574153.0;-63870.0;170
17735;201500019661;15;7;21;1625;1;2;5;1;6;415;1, TOMBOUCTOU AVENUE DE;M;4573894.0;-65362.0;170
17736;201500019662;15;7;22;2100;1;1;1;1;6;415;1, COTE DE BEAUTE RUE DE;M;4574680.0;-66929.0;170
17737;201500019663;15;7;27;1640;1;1;1;1;6;415;1, SAINTONGE RUELLE  DE;M;4574506.0;-62731.0;170
17738;201500019664;15;7;28;1735;1;2;1;1;6;415;2, REVERSEAUX 2 A 46 ET;M;4574629.0;-63795.0;170
17739;201500019666;15;8;5;1725;1;2;1;1;6;415;51, LECLERC COURS DU MAR;M;4575068.0;-64817.0;170
17740;201500019667;15;8;22;1055;1;1;1;1;2;415;., Route Nationale 150;M;4572434.0;-65121.0;170
17741;201500019668;15;9;9;1423;1;2;1;1;6;415;05, JARDIN PUBLIC RUE DU;M;4544399.0;-37402.0;170
17742;201500019669;15;9;22;1925;1;2;1;1;6;415;01, PLEIADE RUE DE LA;M;4543499.0;-38277.0;170
17743;201500019670;15;9;23;1652;1;2;1;1;2;415;1, YSER 1 A 35 QUAI DE L;M;4574695.0;-63047.0;170
17744;201500019671;15;9;28;910;1;1;1;1;2;415;01, CHERMIGNAC RUE DE;M;4542560.0;-39080.0;170
17745;201500019672;15;9;29;1750;1;1;3;1;3;415;01, COTE DE BEAUTE RUE D;M;4544450.0;-40090.0;170
17746;201500019673;15;10;6;1608;1;2;1;1;2;415;68, REVERSEAUX 48 A FIN;M;4544360.0;-38236.0;170
17747;201500019674;15;10;14;1325;1;2;3;1;3;415;BOIFFIERS RUE DES;M;4543539.0;-38542.0;170
17748;201500019675;15;10;22;1615;1;2;1;1;6;415;04, GAMBETTA 2 A 72 ET 5;M;4544491.0;-37414.0;170
17749;201500019676;15;10;25;215;5;1;6;1;6;415;01, GEMOZAC AVENUE DE;M;4543274.0;-38248.0;170
17750;201500019677;15;10;27;1730;1;2;1;3;2;415;01, SAINTONGE PONT A RUE;M;4544266.0;-37407.0;170
17751;201500019678;15;10;28;1535;1;2;1;1;1;415;KENNEDY AVENUE JOHN FITZ;M;4543510.0;-38424.0;170
17752;201500019679;15;10;28;1745;1;1;3;1;5;415;01, SAINTONGE BLANCHARD;M;4544347.0;-40076.0;170
17753;201500019680;15;11;20;1715;1;1;3;1;3;415;143, DOUMER ROCADE COTE;M;4544457.0;-40099.0;170
17754;201500019681;15;12;2;1550;1;1;1;1;3;415;Route Nationale 137;M;4543130.0;-38146.0;170
17755;201500019682;15;1;8;1815;3;1;1;1;6;160;;M;0.0;0.0;370
17756;201500019683;15;8;21;1445;1;1;1;1;6;170;;M;0.0;0.0;370
17757;201500019684;15;9;15;1700;1;1;1;1;4;194;;;;;370
17758;201500019685;15;9;29;1700;1;1;1;1;6;166;;M;0.0;0.0;370
17759;201500019686;15;10;19;800;1;1;1;1;6;204;;M;0.0;0.0;370
17760;201500019687;15;2;20;1740;1;1;1;1;3;270;;M;4358599.0;383787.0;340
17761;201500019688;15;3;5;1815;1;2;1;1;3;270;RD 612 - Route de SETE;M;4358023.0;384816.0;340
17762;201500019689;15;4;2;745;1;2;1;1;1;270;rue Théophraste Rénaudot;M;4357300.0;384948.0;340
17763;201500019690;15;5;3;530;2;1;1;1;6;95;;M;4352439.0;373715.0;340
17764;201500019691;15;5;8;845;1;1;1;1;3;270;;M;4356084.0;384933.0;340
17765;201500019692;15;6;18;745;1;2;1;1;3;270;Route de béziers;M;4357354.0;381856.0;340
17766;201500019693;15;7;16;2315;3;1;1;1;6;95;;M;4356149.0;377156.0;340
17767;201500019694;15;9;14;645;2;2;1;1;1;270;RD612;M;4356430.0;385014.0;340
17768;201500019695;15;9;15;1045;1;2;1;1;6;270;RD 613 -RUE DES COTEAUX;M;4357817.0;383541.0;340
17769;201500019696;15;9;28;830;1;2;1;1;3;95;chemin des létagnes;M;4354641.0;377317.0;340
17770;201500019697;15;10;31;1215;1;1;1;1;2;270;;M;4356055.0;384934.0;340
17771;201500019698;15;11;21;1245;1;2;1;1;6;270;D612 - ROUTE DE SETE;M;0.0;0.0;340
17772;201500019699;15;12;17;745;2;1;3;8;5;295;;M;4356486.0;380376.0;340
17773;201500019700;15;1;4;1500;1;2;1;7;6;141;AVENUE DU STADE;M;4274646.0;292138.0;660
17774;201500019701;15;9;4;30;5;2;1;1;6;141;Route de PERPIGNAN;M;4273826.0;290718.0;660
17775;201500019702;15;2;8;930;1;1;1;1;3;141;;M;0.0;0.0;300
17776;201500019703;15;2;19;1500;1;1;1;1;1;141;;M;4408444.0;470503.0;300
17777;201500019705;15;4;29;1245;1;1;3;1;3;331;;M;4411748.0;459413.0;300
17778;201500019706;15;4;30;1815;1;2;1;1;1;331;rue de la Glaciere CD9;M;4410628.0;459207.0;300
17779;201500019707;15;5;11;930;1;2;1;1;6;141;rue de la gare;M;4409710.0;469849.0;300
17780;201500019708;15;6;19;2330;3;1;1;1;7;331;;M;4410267.0;458477.0;300
17781;201500019709;15;7;7;1430;1;1;1;1;3;92;;M;4409406.0;459692.0;300
17782;201500019710;15;8;8;715;1;1;1;1;1;331;;M;4411527.0;458523.0;300
17783;201500019711;15;8;23;1930;1;1;1;3;1;127;;M;4407154.0;458136.0;300
17784;201500019712;15;8;30;700;1;1;1;1;1;141;;M;4411412.0;469018.0;300
17785;201500019713;15;9;3;830;1;1;1;8;6;331;;M;4411562.0;461523.0;300
17786;201500019714;15;9;21;1815;1;2;1;1;3;92;ancienne rte cavillargue;M;4409160.0;458975.0;300
17787;201500019715;15;9;29;1545;1;1;1;1;2;191;;M;4412398.0;468110.0;300
17788;201500019716;15;9;29;1815;1;2;1;1;7;292;chemin de mégier;M;0.0;0.0;300
17789;201500019717;15;11;14;1415;1;2;1;1;1;141;;M;4408875.0;470495.0;300
17790;201500019718;15;12;9;1815;5;1;1;1;1;331;;M;4413443.0;460484.0;300
17791;201500019719;15;1;11;715;2;2;1;1;1;294;02 avenue des rondaizes;M;4781000.0;99300.0;410
17792;201500019720;15;2;25;1545;1;1;1;8;3;278;;M;4765200.0;95300.0;410
17793;201500019721;15;4;8;1230;1;2;1;1;6;149;55 rue villeneuve;M;4775200.0;87400.0;410
17794;201500019722;15;4;29;1045;1;1;1;1;3;199;;M;4770000.0;100200.0;410
17795;201500019723;15;5;15;2145;3;1;1;1;7;265;;M;4779100.0;78800.0;410
17796;201500019724;15;5;21;1715;1;1;1;1;3;78;;M;4790100.0;92200.0;410
17797;201500019725;15;8;1;1145;1;1;1;7;7;149;;M;4777076.0;83142.0;410
17798;201500019726;15;10;21;845;2;1;1;1;6;238;;M;4786567.0;85485.0;410
17799;201500019727;15;11;6;2245;3;2;1;1;6;225;RUE Saint Etienne;M;4772453.0;82323.0;410
17800;201500019728;15;11;15;1430;1;1;1;1;1;113;;M;4774202.0;89742.0;410
17801;201500019729;15;12;20;830;2;1;1;1;6;87;;M;4781478.0;86142.0;410
17802;201500019730;15;3;28;1330;1;2;2;8;3;436;D66 X D55 (LA VANNE);M;4880188.0;321134.0;770
17803;201500019731;15;6;4;1815;1;2;1;1;3;182;D934;M;0.0;0.0;770
17804;201500019732;15;6;15;1045;1;1;1;1;7;97;;M;0.0;0.0;770
17805;201500019733;15;6;30;1700;1;1;1;1;7;314;;M;0.0;0.0;770
17806;201500019735;15;9;17;815;1;1;1;2;6;240;;M;0.0;0.0;770
17807;201500019737;15;10;6;1200;1;2;1;1;6;287;RUE DU VEZIER;M;4878935.0;343011.0;770
17808;201500019738;15;2;3;1330;1;1;1;1;6;172;;M;5019328.0;281825.0;620
17809;201500019739;15;3;21;1145;1;2;2;1;3;151;place du 08 mai;M;5021000.0;278156.0;620
17810;201500019740;15;8;16;100;3;1;1;1;6;559;;M;5020463.0;311118.0;620
17811;201500019741;15;9;4;1245;1;2;1;1;7;259;10 rue du moulin;M;5019778.0;287854.0;620
17812;201500019742;15;1;18;1;3;1;1;1;6;579;;M;5018237.0;266696.0;620
17813;201500019743;15;9;6;1345;1;2;1;1;1;272;rue d'Ayette;M;5017481.0;272395.0;620
17814;201500019744;15;4;1;1030;2;1;1;8;6;195;;M;5060458.0;258725.0;620
17815;201500019745;15;6;19;115;3;2;1;1;6;176;rue Saint Roch;M;5049935.0;170559.0;620
17816;201500019746;15;10;11;1630;1;2;1;1;6;447;Rue d'Arras;M;5037414.0;204005.0;620
17817;201500019747;15;11;14;2245;3;2;1;2;3;783;rue du haut;M;5034904.0;184953.0;620
17818;201500019748;15;4;23;2145;2;1;1;1;6;553;;M;5046627.0;240318.0;620
17819;201500019749;15;6;12;1715;1;2;1;1;6;416;;M;5033499.0;231452.0;620
17820;201500019750;15;8;2;600;2;2;1;1;6;835;Rue de ST POL;M;5044620.0;237905.0;620
17821;201500019751;15;8;11;1245;1;2;1;1;6;767;85 RUE DE CANTERAINE;M;5037397.0;233266.0;620
17822;201500019752;15;9;30;1230;1;2;2;1;3;719;;M;5040278.0;212824.0;620
17823;201500019753;15;11;5;830;1;1;1;1;1;647;;M;5037880.0;209937.0;620
17824;201500019754;15;11;23;1630;1;1;1;1;6;580;;M;5040301.0;243915.0;620
17825;201500019755;15;1;6;1515;1;1;1;2;6;187;;M;4719274.0;-202382.0;440
17826;201500019757;15;1;23;1445;1;1;1;1;1;133;;M;4712608.0;-176246.0;440
17827;201500019758;15;3;23;1145;1;1;1;1;2;154;;M;4721792.0;-215130.0;440
17828;201500019759;15;8;5;1115;1;1;3;1;2;187;le chatelier;M;4719874.0;-203343.0;440
17829;201500019760;15;8;26;1000;1;2;1;1;1;38;RD5 rue d'ARTHON;M;4715027.0;-198466.0;440
17830;201500019761;15;1;7;2110;3;2;1;8;7;226;;;;;370
17831;201500019762;15;1;13;1100;1;1;3;2;3;154;ALLEE DES PINS;M;0.0;0.0;370
17832;201500019763;15;1;14;1415;1;1;1;1;2;216;;M;0.0;0.0;370
17833;201500019764;15;1;20;1845;5;1;1;1;1;261;;M;0.0;0.0;370
17834;201500019765;15;2;4;1245;1;2;1;1;6;83;Rue nationale;M;0.0;0.0;370
17835;201500019766;15;2;6;715;3;1;1;1;3;192;;M;0.0;0.0;370
17836;201500019767;15;3;7;1445;1;2;1;1;2;154;RUE DES EPINETTES;M;0.0;0.0;370
17837;201500019768;15;5;14;340;5;1;1;1;6;208;SORTIE 22;M;0.0;0.0;370
17838;201500019769;15;6;28;2230;3;1;1;1;6;216;;M;0.0;0.0;370
17839;201500019770;15;7;9;1530;1;1;1;1;7;228;;M;0.0;0.0;370
17840;201500019771;15;8;14;1500;1;1;1;1;4;278;;M;0.0;0.0;370
17841;201500019772;15;8;16;1230;1;1;1;1;6;272;;M;0.0;0.0;370
17842;201500019773;15;8;30;1915;1;1;1;1;6;50;;M;0.0;0.0;370
17843;201500019774;15;11;3;1730;2;1;1;8;6;226;;M;0.0;0.0;370
17844;201500019775;15;11;13;1900;3;1;1;1;5;278;;M;0.0;0.0;370
17845;201500019776;15;11;23;900;1;1;1;5;6;272;;M;0.0;0.0;370
17846;201500019777;15;2;14;1515;1;1;1;3;1;310;;M;4732533.0;459044.0;210
17847;201500019778;15;5;3;1715;1;1;2;2;1;81;;M;4736772.0;477506.0;210
17848;201500019779;15;6;11;1015;1;2;1;1;3;661;Rue des trois ponts;M;4731846.0;491035.0;210
17849;201500019780;15;9;15;1315;1;1;2;1;3;223;;M;4735291.0;498347.0;210
17850;201500019782;15;1;30;1430;1;1;1;1;4;54;;M;4315398.0;604118.0;830
17851;201500019783;15;3;1;915;1;1;1;1;1;130;1060 Av des Senes;M;4319300.0;602600.0;830
17852;201500019784;15;6;20;1215;1;1;1;1;3;54;;M;0.0;0.0;830
17853;201500019786;15;8;8;1815;1;2;1;1;3;54;rue saint lazare;M;0.0;0.0;830
17854;201500019787;15;8;9;1130;1;2;6;1;3;130;RP de l'enclos;M;0.0;0.0;830
17855;201500019788;15;9;11;1215;1;2;6;1;3;130;Ave Général MAGNAN;M;4319410.0;604205.0;830
17856;201500019789;15;10;18;145;5;2;1;1;1;131;;M;0.0;0.0;830
17857;201500019790;15;11;8;1830;5;2;1;1;7;54;382 Rue Jean Aicard;M;4316900.0;603800.0;830
17858;201500019791;15;11;18;1300;1;2;1;1;6;131;RD 554;M;0.0;0.0;830
17859;201500019792;15;11;21;1955;5;1;1;1;1;54;;M;4315399.0;604118.0;830
17860;201500019793;15;6;23;1600;1;2;2;1;3;202;CARREFOUR MONUMENT MORTS;M;4589640.0;110581.0;870
17861;201500019794;15;3;6;600;2;1;1;6;6;9;;M;0.0;0.0;202
17862;201500019795;15;5;7;1600;1;2;1;1;3;9;CARREFOUR RN 198 RN 200;M;0.0;0.0;202
17863;201500019796;15;6;13;515;2;1;1;1;6;143;;M;0.0;0.0;202
17864;201500019797;15;7;28;745;1;1;3;1;3;9;;M;0.0;0.0;202
17865;201500019798;15;8;27;1600;1;1;1;1;7;320;;M;4215300.0;949300.0;202
17866;201500019799;15;9;5;1245;1;1;1;1;7;124;;M;0.0;0.0;202
17867;201500019800;15;9;23;1030;1;1;1;1;1;143;;M;0.0;0.0;202
17868;201500019801;15;12;3;1800;5;2;1;1;3;9;Carrefour RT 10 - RT 50;M;0.0;0.0;202
17869;201500019802;15;2;15;1700;1;1;1;1;7;244;BELLEVUE;M;4438360.0;16524.0;470
17870;201500019803;15;3;22;1345;1;1;1;1;3;114;LDT TOUYATS;M;4437080.0;10651.0;470
17871;201500019804;15;5;15;1715;1;1;3;1;3;233;;M;4452400.0;10776.0;470
17872;201500019805;15;6;29;1800;1;1;1;1;3;121;;M;4435710.0;10716.0;470
17873;201500019806;15;11;21;1530;1;1;1;8;1;108;;M;4448920.0;13231.0;470
17874;201500019807;15;12;19;1100;1;1;2;1;3;227;LIEU-DIT BIDANSON;M;4437110.0;6810.0;470
17875;201500019809;15;6;24;2300;3;1;1;1;1;137;LE MOULIN AU GUE;M;4888880.0;-119932.0;500
17876;201500019810;15;7;9;2215;2;1;1;1;6;465;RUE DE LA VIRE;M;4908820.0;-113328.0;500
17877;201500019811;15;12;17;830;1;1;1;1;1;512;LE PAS AZETTE;M;4904720.0;-116568.0;500
17878;201500019812;15;2;7;830;1;1;1;1;6;32;;M;4833047.0;-211691.0;220
17879;201500019813;15;4;1;1415;1;1;2;1;1;239;les 6 chemins;M;4834242.0;-210443.0;220
17880;201500019814;15;4;26;1515;1;1;2;1;3;185;;M;4837343.0;-236184.0;220
17881;201500019815;15;6;4;800;1;1;2;1;5;337;;M;4831090.0;-234107.0;220
17882;201500019816;15;6;20;1530;1;1;1;1;7;32;;M;4831053.0;-216261.0;220
17883;201500019817;15;8;7;1945;2;1;1;1;2;240;;M;4825874.0;-222485.0;220
17884;201500019818;15;9;4;2015;2;1;1;1;7;32;la ville es pourvais;M;4827686.0;-215520.0;220
17885;201500019819;15;10;3;115;3;1;1;1;6;145;;M;4839857.0;-231408.0;220
17886;201500019820;15;11;6;2200;3;1;1;2;3;32;la ville es pourvais;M;4827680.0;-215530.0;220
17887;201500019822;15;12;19;2345;4;2;1;1;6;239;rue de trébédan;M;4835845.0;-212615.0;220
17888;201500019823;15;2;6;630;5;2;1;1;1;119;RD613;M;4915130.0;-26771.0;140
17889;201500019824;15;5;7;1300;1;1;3;1;3;456;;M;4910290.0;-16355.0;140
17890;201500019825;15;6;9;1355;1;1;1;1;6;719;;M;4903010.0;-27330.0;140
17891;201500019826;15;10;5;1630;1;1;1;3;6;88;;M;4896280.0;-22973.0;140
17892;201500019827;15;5;1;2030;2;2;1;8;7;199;3 route de saint laurent;M;4977374.0;479263.0;80
17893;201500019828;15;9;27;1430;1;2;1;1;6;96;rue de la forêt;M;4970964.0;474858.0;80