;Num_Acc;an;mois;jour;hrmn;lum;agg;int;atm;col;com;adr;gps;lat;long;dep
17894;201500019830;15;12;20;415;3;1;1;2;7;400;;M;4965160.0;478486.0;80
17895;201500019831;15;9;18;1130;1;1;1;1;1;429;;M;4489052.0;561647.0;380
17896;201500019832;15;2;23;2325;3;1;1;1;6;33;RN 142;M;4706428.0;243164.0;180
17897;201500019833;15;3;3;1815;5;2;3;3;6;33;SARREBOURG (RUE DE;M;4708051.0;240572.0;180
17898;201500019834;15;3;7;1320;1;2;1;1;6;33;MIRPIED (PLACE HENRI;M;4708645.0;239289.0;180
17899;201500019835;15;3;14;1320;1;2;2;1;3;33;DE GAULLE (AV DU GENERAL;M;4710386.0;240983.0;180
17900;201500019837;15;3;17;1739;1;2;3;1;3;33;LEGER (RUE FERNAND);M;4706096.0;241282.0;180
17901;201500019839;15;4;12;140;5;1;1;1;7;33;9, EIFFEL (RUE GUSTAVE);M;4710633.0;240889.0;180
17902;201500019840;15;4;20;1734;1;2;1;1;2;33;61, SARREBOURG (RUE DE);M;4708031.0;240471.0;180
17903;201500019841;15;4;25;513;5;2;1;2;6;33;PRES-LE-ROI (AVENUE DES);M;4709386.0;239066.0;180
17904;201500019842;15;4;26;1429;1;2;6;2;2;33;LECLERC (PLACE DU MARECH;M;4709367.0;239397.0;180
17905;201500019843;15;4;25;2120;5;2;1;1;6;33;20, LAMARCK (BOULEVARD);M;4707891.0;239450.0;180
17906;201500019844;15;5;12;2341;5;2;1;1;6;33;2, FAUVETTES (RUE DES);M;4711778.0;240250.0;180
17907;201500019845;15;5;28;1340;1;2;2;1;3;33;MERMOZ (BOULEVARD JEAN);M;4706712.0;238000.0;180
17908;201500019846;15;5;31;1308;1;2;3;1;3;33;CARDINAL C DUPONT/AUGER;M;4707520.0;241314.0;180
17909;201500019847;15;6;1;1304;1;1;2;1;5;213;CHARITE (ROUTE DE LA);M;4709746.0;245971.0;180
17910;201500019848;15;6;12;1345;1;2;1;1;6;205;ORLEANS (ROUTE D')PARKIN;M;4711150.0;237873.0;180
17911;201500019849;15;6;15;1540;1;2;2;1;3;33;JUIN (AVENUE DU MA;M;4711010.0;241612.0;180
17912;201500019850;15;6;26;1430;1;2;2;1;6;205;MALITORNE (RUE DE);M;4710680.0;238827.0;180
17913;201500019852;15;7;3;1500;1;2;1;1;3;33;46, PROSPECTIVE (AVENUE;M;4711193.0;240375.0;180
17914;201500019853;15;7;21;1656;1;1;2;1;3;205;ORLEANS (ROUTE D');M;4712490.0;234703.0;180
17915;201500019854;15;7;26;100;3;2;1;1;7;33;ISSOUDUN (ROUTE D');M;4705828.0;235997.0;180
17916;201500019856;15;8;14;1130;1;1;3;1;6;33;19, LIBERATION (AVENUE D;M;0.0;0.0;180
17917;201500019858;15;8;16;1740;1;1;1;1;7;50;LORIENT-LAFLEUR (RUE);M;4705159.0;231594.0;180
17918;201500019859;15;1;2;1930;5;2;2;2;6;33;INDUSTRIE (BOULEV;M;4707140.0;238824.0;180
17919;201500019860;15;8;22;1510;1;2;1;1;6;33;rue françois deniau;M;4708231.0;239510.0;180
17920;201500019861;15;8;30;1826;1;1;1;1;5;33;RN 142;M;4703946.0;235557.0;180
17921;201500019862;15;9;2;1325;1;2;1;1;7;205;VARYE (ROUTE DE);M;4711620.0;236106.0;180
17922;201500019863;15;9;3;2200;5;2;2;1;3;33;DIDEROT (RUE);M;4707476.0;238563.0;180
17923;201500019864;15;9;5;1530;1;1;1;1;7;205;RD 2076;M;4712670.0;233571.0;180
17924;201500019865;15;9;4;2045;5;2;5;1;1;33;127 B, SAINT-AMAND (AVEN;M;0.0;0.0;180
17925;201500019866;15;9;5;1924;1;2;1;1;7;33;MEDIANE (RUE);M;4709578.0;240410.0;180
17926;201500019867;15;10;12;2025;5;2;2;8;1;33;PROSPECTIVE (AVENUE;M;4711045.0;240081.0;180
17927;201500019868;15;10;9;1735;1;2;3;1;6;213;CHARITE (ROUTE DE;M;4709656.0;244796.0;180
17928;201500019869;15;10;15;1300;1;2;3;1;3;33;CHEDIN (RUE FELIX);M;0.0;0.0;180
17929;201500019870;15;11;2;1300;1;2;7;1;6;33;SERAUCOURT (PLACE);M;4707844.0;239885.0;180
17930;201500019871;15;11;3;1329;1;2;1;1;6;205;parking centre com Geant;M;4711059.0;237817.0;180
17931;201500019872;15;11;10;10;3;1;2;1;3;33;RD 2076;M;4704496.0;244322.0;180
17932;201500019873;15;11;15;2100;3;1;1;1;6;33;RN 142;;;;180
17933;201500019874;15;11;18;2040;5;1;3;1;3;33;DUN-SUR-AURON (AV DE);M;4706840.0;241548.0;180
17934;201500019875;15;11;19;1827;5;2;3;2;3;213;SAINTE-SOLANGE (ROUTE DE;M;4710151.0;248360.0;180
17935;201500019876;15;11;23;2130;5;2;2;1;1;33;FOCH (BD DU MARECHAL);M;4707825.0;240886.0;180
17936;201500019877;15;11;26;804;1;2;1;1;6;33;10, VOISINS (RUE DES FRE;M;4707010.0;238029.0;180
17937;201500019878;15;12;6;1105;1;2;5;1;3;33;AVENIR (BD DE L');M;4707572.0;238463.0;180
17938;201500019879;15;1;13;835;1;2;1;1;3;33;100, DUN-SUR-AURON (AV D;M;4706796.0;241614.0;180
17939;201500019880;15;1;12;1000;1;2;5;1;6;33;CHARLET (RUE);M;4708434.0;240286.0;180
17940;201500019881;15;1;12;1100;1;2;3;1;6;33;SAINT-AMAND (AVENU;M;4706124.0;238590.0;180
17941;201500019882;15;1;19;2230;5;2;1;2;6;33;BOISDE (RUE RAYMOND);M;4706411.0;239841.0;180
17942;201500019883;15;2;5;2002;3;1;1;8;3;33;RD 151;;;;180
17943;201500019884;15;2;10;1155;1;2;1;1;6;33;RIMBAULT (RUE JACQUES);M;4708043.0;239864.0;180
17944;201500019885;15;4;5;530;5;2;1;1;7;49;N°840 / RD 97 / PK 21300;M;0.0;0.0;830
17945;201500019886;15;6;18;1400;1;2;1;1;3;49;Av Joseph Balestrazzi;M;0.0;0.0;830
17946;201500019887;15;7;23;1245;1;1;1;1;7;33;;M;4340677.0;602383.0;830
17947;201500019888;15;8;20;1745;1;1;1;1;2;49;;M;4325500.0;610200.0;830
17948;201500019889;15;10;30;1515;1;2;1;1;6;49;RUE DU SOUVENIR FRANCAIS;M;4318919.0;603552.0;830
17949;201500019890;15;12;8;900;1;1;1;8;2;100;;M;0.0;0.0;830
17950;201500019891;15;1;28;1215;1;1;1;3;1;270;;M;4796800.0;142500.0;410
17951;201500019892;15;2;16;800;2;1;1;5;1;221;;M;4785200.0;138400.0;410
17952;201500019893;15;2;16;915;1;2;1;1;6;173;place du souvenir;M;4791600.0;153000.0;410
17953;201500019895;15;4;25;515;3;2;1;2;7;173;RD 74 PK3+800;M;4788300.0;154900.0;410
17954;201500019897;15;10;13;745;2;2;1;1;7;171;grande rue;M;4782274.0;129425.0;410
17955;201500019898;15;11;29;1445;1;1;1;8;3;221;;M;4783553.0;136879.0;410
17956;201500019899;15;11;30;2100;3;1;1;1;6;141;;M;4792050.0;130539.0;410
17957;201500019901;15;9;12;1345;1;1;1;8;7;291;A75 - PR 199+125;M;4426230.0;306941.0;120
17958;201500019902;15;9;30;1150;1;1;2;1;3;294;;M;4424930.0;293012.0;120
17959;201500019903;15;10;28;600;3;1;1;2;2;115;A75 - PR 238.595;M;4398880.0;317865.0;120
17960;201500019904;15;12;1;1400;1;1;1;1;6;155;RD 7 - PR 29+700;M;4388320.0;314592.0;120
17961;201500019905;15;12;8;1234;1;1;1;1;1;203;RD 23 - PR 4+800;M;4397920.0;298528.0;120
17962;201500019906;15;12;15;915;1;1;1;1;6;145;;;;;120
17963;201500019907;15;1;5;845;1;1;1;5;2;295;;M;0.0;0.0;580
17964;201500019909;15;8;30;1100;1;1;2;1;3;23;;M;4668832.0;502658.0;710
17965;201500019910;15;9;8;1215;1;1;1;1;3;456;;M;0.0;0.0;710
17966;201500019911;15;9;20;545;3;1;1;8;6;256;;M;0.0;0.0;710
17967;201500019912;15;1;24;900;1;1;1;2;6;231;;M;4674210.0;161630.0;360
17968;201500019913;15;2;12;1600;1;1;1;1;6;6;;M;4661590.0;153841.0;360
17969;201500019914;15;2;22;1500;1;1;1;1;6;33;;M;4650860.0;150588.0;360
17970;201500019915;15;7;5;1930;1;1;1;8;6;200;;M;4661660.0;153935.0;360
17971;201500019916;15;8;15;15;3;1;1;2;6;6;;M;4660050.0;149853.0;360
17972;201500019917;15;9;18;1045;1;1;1;1;6;219;;M;4666870.0;157426.0;360
17973;201500019918;15;6;13;1400;1;1;1;1;6;119;;M;0.0;0.0;150
17974;201500019920;15;6;5;1545;1;1;1;1;3;54;;M;4547800.0;324800.0;630
17975;201500019921;15;7;13;1000;1;1;1;1;2;352;;M;0.0;0.0;630
17976;201500019922;15;8;20;1230;1;1;1;1;4;352;;M;0.0;0.0;630
17977;201500019923;15;9;17;1100;1;1;1;1;3;411;;M;0.0;0.0;630
17978;201500019924;15;12;13;845;2;1;1;5;6;54;;M;4551500.0;326400.0;630
17979;201500019925;15;2;14;1700;1;1;9;4;7;3;;M;4627160.0;139885.0;870
17980;201500019926;15;2;21;915;1;1;1;4;5;3;;M;4628220.0;140545.0;870
17981;201500019927;15;3;31;1400;1;1;1;1;1;14;;M;4610460.0;137016.0;870
17982;201500019929;15;5;22;1945;1;1;1;1;6;14;;M;4608430.0;135733.0;870
17983;201500019930;15;6;11;1130;1;1;1;1;1;14;;M;4608800.0;136122.0;870
17984;201500019931;15;2;11;2115;3;1;1;1;2;194;;M;4352302.0;344352.0;340
17985;201500019932;15;2;14;2200;3;1;1;1;6;114;;M;4363051.0;359047.0;340
17986;201500019933;15;2;10;1900;3;1;1;1;2;199;;M;4348157.0;343752.0;340
17987;201500019934;15;3;4;2200;3;1;1;1;1;114;;M;4365887.0;349686.0;340
17988;201500019935;15;3;6;630;3;1;1;1;6;32;;M;4334616.0;328314.0;340
17989;201500019936;15;5;20;1515;1;1;1;1;6;282;;M;4362385.0;362321.0;340
17990;201500019938;15;6;29;1830;1;1;1;1;6;163;;M;4363025.0;371588.0;340
17991;201500019939;15;7;6;1200;1;1;1;1;2;300;;M;4339408.0;332556.0;340
17992;201500019940;15;7;14;1245;1;1;1;1;6;196;;M;4382053.0;331892.0;340
17993;201500019941;15;7;30;1615;1;1;1;1;6;196;;M;4381117.0;332391.0;340
17994;201500019942;15;8;7;700;1;1;1;1;3;76;;M;4364374.0;346696.0;340
17995;201500019943;15;8;18;1415;1;1;1;1;2;79;;M;4361979.0;345707.0;340
17996;201500019944;15;8;22;1630;1;1;1;1;5;64;;M;4386135.0;331032.0;340
17997;201500019945;15;9;2;1145;1;1;1;1;2;311;;M;4344269.0;339802.0;340
17998;201500019946;15;9;22;1545;1;1;1;1;6;76;(;M;4308800.0;374700.0;340
17999;201500019947;15;10;23;1930;3;1;1;1;2;13;;M;4355668.0;346260.0;340
18000;201500019950;15;11;10;1615;1;1;1;1;2;199;;M;4347949.0;343745.0;340
18001;201500019951;15;11;10;1800;3;1;1;1;4;254;;M;4365865.0;347362.0;340
18002;201500019952;15;12;6;1900;3;1;1;2;2;194;;M;4354135.0;344872.0;340
18003;201500019954;15;12;10;445;3;1;1;1;6;259;;M;4363083.0;376586.0;340
18004;201500019955;15;6;14;1015;1;1;1;1;6;9;;M;0.0;0.0;480
18005;201500019956;15;6;18;700;1;1;1;1;7;9;;M;0.0;0.0;480
18006;201500019957;15;7;18;1600;1;1;1;1;2;49;;M;0.0;0.0;480
18007;201500019958;15;9;12;1800;2;1;9;2;6;32;;M;0.0;0.0;480
18008;201500019959;15;9;12;1830;2;1;1;2;6;49;;M;0.0;0.0;480
18009;201500019960;15;9;23;945;1;1;1;1;6;17;;M;0.0;0.0;480
18010;201500019961;15;1;10;345;3;1;1;1;7;132;;M;0.0;0.0;80
18011;201500019962;15;2;2;730;3;2;1;1;1;490;RD 977  CHESTRES;M;0.0;0.0;80
18012;201500019964;15;1;9;1115;1;1;1;8;2;209;;M;4733691.0;-165361.0;440
18013;201500019965;15;1;20;1645;1;1;1;1;1;75;;M;4764170.0;-143425.0;440
18014;201500019966;15;3;8;630;2;1;1;1;3;113;;M;4758259.0;-162782.0;440
18015;201500019968;15;1;9;2330;3;1;1;2;1;89;;M;4733822.0;-181712.0;440
18016;201500019969;15;1;19;1130;1;1;2;1;5;89;les chaillereaux;M;4732746.0;-188214.0;440
18017;201500019970;15;2;24;2015;3;1;1;1;6;210;;M;4732121.0;-218958.0;440
18018;201500019971;15;4;13;1345;1;1;1;1;4;89;;M;4734274.0;-184060.0;440
18019;201500019972;15;6;21;800;3;1;1;1;6;52;;M;4733671.0;-211267.0;440
18020;201500019973;15;7;3;915;1;1;9;1;6;195;;M;4736938.0;-193642.0;440
18021;201500019974;15;7;29;2315;1;1;1;1;1;52;;M;4734280.0;-209143.0;440
18022;201500019975;15;8;2;330;3;1;1;1;6;103;;M;4732495.0;-214550.0;440
18023;201500019976;15;11;20;2015;3;1;1;2;7;33;;M;0.0;0.0;440
18024;201500019977;15;12;18;1600;1;1;1;1;2;33;;M;0.0;0.0;440
18025;201500019978;15;1;5;1645;1;1;1;1;2;374;;M;4903990.0;-80310.0;140
18026;201500019979;15;1;14;915;1;1;1;4;6;760;;M;4909590.0;-62057.0;140
18027;201500019981;15;1;27;1715;3;1;1;1;6;311;;M;4914250.0;-53646.0;140
18028;201500019982;15;3;16;630;3;1;1;5;5;374;;M;4904440.0;-78995.0;140
18029;201500019983;15;9;27;1615;1;1;1;1;6;120;;M;4904820.0;-75860.0;140
18030;201500019984;15;10;30;800;2;1;1;1;6;389;;M;4906080.0;-69231.0;140
18031;201500019986;15;2;17;1600;1;1;1;1;6;513;;M;4894080.0;-105191.0;140
18032;201500019987;15;5;20;1730;1;1;1;1;5;48;;M;4886920.0;-117576.0;500
18033;201500019988;15;7;4;915;1;1;1;1;1;185;;M;4882810.0;-124495.0;500
18034;201500019990;15;12;8;1645;1;1;1;1;7;553;;M;4857640.0;-132919.0;500
18035;201500019991;15;3;7;815;1;1;1;1;7;498;;M;4951310.0;-149523.0;500
18036;201500019992;15;3;8;1345;1;1;4;1;7;578;;M;4949890.0;-144524.0;500
18037;201500019993;15;4;7;1230;1;1;1;1;2;599;;M;4958090.0;-158725.0;500
18038;201500019994;15;4;20;945;1;1;1;8;2;169;;M;4947300.0;-136740.0;500
18039;201500019995;15;5;3;300;3;1;1;3;6;599;;M;4957770.0;-158204.0;500
18040;201500019996;15;6;27;1115;1;1;1;1;2;194;;M;4944570.0;-134623.0;500
18041;201500019997;15;7;7;1645;1;1;1;1;3;498;;M;4952490.0;-150905.0;500
18042;201500019998;15;7;22;1030;1;1;1;1;6;498;;M;4953350.0;-153132.0;500
18043;201500019999;15;12;18;1630;1;1;1;1;6;87;;M;4954120.0;-154626.0;500
18044;201500020000;15;12;19;1030;1;1;1;1;3;458;;M;4934270.0;-127236.0;500
18045;201500020001;15;12;24;1530;1;1;1;1;7;87;;M;4954170.0;-154736.0;500
18046;201500020002;15;1;3;2316;5;2;1;9;2;279;GOURDON (RUE);M;4722420.0;206841.0;180
18047;201500020004;15;1;21;845;1;2;2;8;1;279;GAULLE (RUE DU GENERAL D;M;4722134.0;206300.0;180
18048;201500020005;15;3;6;1150;1;2;4;1;3;279;60, BRIOU (CHEMIN ET LOT;M;4722725.0;208805.0;180
18049;201500020007;15;3;5;1955;2;2;1;1;2;279;BELLON (ROUTE DE);M;4720178.0;208172.0;180
18050;201500020008;15;2;5;1230;1;2;1;1;2;279;32, BRETON (RUE JULES LO;M;4722107.0;207687.0;180
18051;201500020009;15;4;1;1545;1;2;3;1;1;279;HUIT MAI 1945 (RUE DU (J;M;4722518.0;207318.0;180
18052;201500020010;15;4;4;1420;1;2;1;1;6;279;avenue de la republique;M;4722471.0;206243.0;180
18053;201500020011;15;4;16;1345;1;2;1;1;3;279;VOLTAIRE ( RUE );M;4722132.0;206764.0;180
18054;201500020012;15;4;22;1740;1;1;1;1;5;279;FORET DE VIERZON ENTRE R;M;4727869.0;205923.0;180
18055;201500020013;15;5;22;900;1;2;3;1;3;279;VOLTAIRE ( RUE );M;4722172.0;206774.0;180
18056;201500020014;15;5;23;1640;1;2;1;1;6;279;parking rue du mouton;M;4723121.0;208826.0;180
18057;201500020015;15;6;8;1532;1;2;1;1;6;279;15, FRINGALE (RUE DE LA);M;4723350.0;204003.0;180
18058;201500020016;15;6;12;1815;1;2;3;1;3;279;VOLTAIRE (PASSAGE);M;;;180
18059;201500020017;15;6;25;1050;1;2;1;1;5;279;GRELET (RUE;M;4723090.0;204984.0;180
18060;201500020018;15;7;15;900;1;2;4;7;3;279;PASTEUR ( RUE );M;4721907.0;209129.0;180
18061;201500020019;15;7;24;1425;1;2;1;1;1;279;QUATORZE JUILLET (AVENUE;M;4721486.0;206464.0;180
18062;201500020020;15;7;29;1215;1;2;1;1;6;279;27, MICHAUD ( RUE CLAUDE;M;4721409.0;206792.0;180
18063;201500020021;15;8;8;2150;5;2;3;2;3;279;VOLTAIRE ( RUE );M;4722173.0;206773.0;180
18064;201500020022;15;8;22;1605;1;2;1;1;2;279;02, FOECY (ROUTE DE);M;4721198.0;210065.0;180
18065;201500020024;15;8;21;1850;1;2;2;1;3;279;BRINAY (ROUTE DE);M;4720661.0;206880.0;180
18066;201500020025;15;8;26;920;1;2;2;1;3;279;DESROCHES (RUE ETIENNE);;;;180
18067;201500020026;15;8;28;2047;2;2;1;1;6;279;9, TERRES MORTES (CHEMIN;M;4720774.0;205689.0;180
18068;201500020027;15;9;1;1110;1;2;1;1;2;279;rue rene dumont;M;4720646.0;209267.0;180
18069;201500020028;15;9;5;1740;1;2;1;1;1;279;BRISSON AVANT PONT SNCF;;;;180
18070;201500020031;15;9;20;1305;1;1;1;1;5;279;CD 926;;;;180
18071;201500020032;15;10;8;1550;1;2;1;1;2;279;06, CHATEAU RUE DU;M;4722286.0;207100.0;180
18072;201500020034;15;10;19;1454;1;2;1;1;3;279;GAULLE (RUE DU GENERAL D;M;4722135.0;206301.0;180
18073;201500020035;15;10;30;1445;1;2;2;1;6;279;BARON (RUE BLANCHE);M;4722159.0;206495.0;180
18074;201500020036;15;11;2;1430;1;2;6;1;3;279;DEBOURNOU (RUE );M;4722257.0;206195.0;180
18075;201500020037;15;11;11;200;5;2;2;1;6;279;11, HURVOY (RUE CHARLES;M;4722732.0;207001.0;180
18076;201500020038;15;11;3;910;1;2;1;1;6;279;8, GAY LUSSAC (RUE);M;4722398.0;207685.0;180
18077;201500020039;15;12;4;1600;1;2;1;1;6;279;27, VILLENEUVE ( RUE DE;M;4721195.0;207177.0;180
18078;201500020040;15;12;11;1800;5;2;6;1;3;279;PUITS BERTEAU (DE LA RUE;M;4723655.0;207576.0;180
18079;201500020041;15;12;22;1450;1;1;1;1;6;279;46, BRIOU (CHEMIN ET LOT;;;;180
18080;201500020043;15;6;7;1930;1;2;2;1;3;149;le Trésor;M;4751241.0;-154470.0;440
18081;201500020044;15;5;26;1845;1;1;2;1;3;200;;M;0.0;0.0;720
18082;201500020045;15;6;18;1815;1;1;1;1;6;231;;M;0.0;0.0;720
18083;201500020046;15;1;30;1645;1;2;9;1;6;8;66 rue des coll?ges;M;0.0;0.0;720
18084;201500020047;15;3;19;945;1;2;1;1;2;124;27 route du Mans;M;0.0;0.0;720
18085;201500020048;15;6;24;1045;1;2;3;1;3;350;RUE DU PRESSOIR;M;0.0;0.0;720
18086;201500020049;15;6;25;700;1;1;1;1;6;260;les godries;M;0.0;0.0;720
18087;201500020050;15;7;8;1845;1;1;1;1;6;58;;M;0.0;0.0;720
18088;201500020051;15;7;24;1730;1;1;1;1;7;47;;M;0.0;0.0;720
18089;201500020052;15;8;28;1530;1;1;1;1;6;53;;M;0.0;0.0;720
18090;201500020053;15;9;5;1630;1;1;1;1;1;58;;M;0.0;0.0;720
18091;201500020054;15;9;25;2345;3;1;1;1;6;386;;M;0.0;0.0;720
18092;201500020055;15;9;29;1245;1;1;1;1;3;187;;M;0.0;0.0;720
18093;201500020056;15;10;13;715;2;2;1;1;2;8;51 route du lude;M;0.0;0.0;720
18094;201500020057;15;1;22;1345;1;2;1;2;7;101;ROUTE DE TARBES;M;4319815.0;22262.0;650
18095;201500020058;15;5;6;1545;1;2;2;1;3;447;RUE DU 11 NOVEMBRE 1918;M;4318950.0;23562.0;650
18096;201500020059;15;11;8;1415;1;2;1;1;6;290;50 rue du montaigu;M;4314970.0;17906.0;650
18097;201500020060;15;3;1;1945;3;1;1;1;1;19;;M;4319300.0;639100.0;830
18098;201500020061;15;4;7;1845;1;2;1;1;1;19;1116 route des lavandier;M;4314420.0;634782.0;830
18099;201500020062;15;4;20;1045;1;2;1;8;6;70;25 avenue des commandos;M;4316221.0;646599.0;830
18100;201500020063;15;4;21;815;1;1;1;1;6;70;;M;0.0;0.0;830
18101;201500020064;15;5;25;1145;1;1;1;1;7;19;;M;0.0;0.0;830
18102;201500020065;15;5;17;1800;1;2;1;1;6;19;avenue lou mistraou;M;0.0;0.0;830
18103;201500020066;15;5;29;2115;5;1;1;1;5;19;;M;0.0;0.0;830
18104;201500020067;15;6;11;1815;1;2;2;1;3;19;bvd de la plage;M;4312451.0;635715.0;830
18105;201500020068;15;6;16;1830;1;1;1;8;7;19;;M;0.0;0.0;830
18106;201500020069;15;6;15;815;1;2;1;1;3;19;chemin des renoncules;M;4315024.0;631217.0;830
18107;201500020070;15;7;7;1430;1;2;1;1;6;19;boulevard du port;M;4312265.0;636252.0;830
18108;201500020071;15;7;7;2015;2;1;1;1;1;70;;M;4317351.0;644586.0;830
18109;201500020072;15;7;15;1745;1;1;1;1;5;70;;M;4315151.0;642477.0;830
18110;201500020073;15;7;19;1700;1;1;1;1;1;70;;M;4314521.0;638752.0;830
18111;201500020074;15;7;24;1815;1;2;1;1;3;70;quai baptistin pin;M;4313811.0;637288.0;830
18112;201500020075;15;8;3;1215;1;1;1;1;7;19;;M;0.0;0.0;830
18113;201500020076;15;8;12;1045;1;1;1;1;3;19;;M;0.0;0.0;830
18114;201500020077;15;8;26;1630;1;1;1;1;3;19;;M;0.0;0.0;830
18115;201500020078;15;9;25;1830;1;1;1;1;3;19;;M;0.0;0.0;830
18116;201500020079;15;12;25;1800;5;2;1;1;1;19;boulevard du soleil;M;0.0;0.0;830
18117;201500020080;15;6;21;1645;1;2;1;1;6;380;5 rue julia muzard;M;4913112.0;307916.0;600
18118;201500020081;15;8;5;2215;2;1;1;1;7;176;;M;4924587.0;287951.0;600
18119;201500020082;15;8;28;1415;1;1;1;1;6;358;;M;4918578.0;289728.0;600
18120;201500020083;15;11;5;900;1;1;1;1;7;430;;M;4932968.0;289446.0;600
18121;201500020084;15;11;16;1415;1;1;1;1;1;203;;M;4923239.0;286701.0;600
18122;201500020085;15;12;4;1700;3;1;1;1;3;92;;M;4913599.0;301205.0;600
18123;201500020086;15;7;12;1130;1;1;1;1;6;86;D31;M;4860900.0;237500.0;910
18124;201500020087;15;3;17;1315;1;2;3;1;1;86;rue des Bordes;M;0.0;0.0;910
18125;201500020088;15;3;21;1615;1;1;6;1;7;86;D31;M;0.0;0.0;910
18126;201500020089;15;4;10;1545;1;1;6;1;2;659;;M;0.0;0.0;910
18127;201500020090;15;4;20;830;1;1;9;1;1;648;RD 26;M;0.0;0.0;910
18128;201500020092;15;8;14;1845;1;2;1;3;5;235;rue du bois des chaqueux;M;0.0;0.0;910
18129;201500020093;15;6;7;730;1;1;1;1;7;648;RD 26;M;0.0;0.0;910
18130;201500020094;15;3;16;810;1;2;3;1;1;31;117, POMPIDOU (AVENUE GE;M;4515790.0;155462.0;190
18131;201500020095;15;1;3;535;5;2;1;1;6;31;24, ILE DU ROI (RUE DE L;M;4516390.0;151920.0;190
18132;201500020096;15;3;22;1925;2;2;3;1;3;31;1, RONSARD (AVENUE);M;4514810.0;154159.0;190
18133;201500020097;15;1;3;1820;5;2;1;2;6;31;39, GRIVEL (BOULEVARD AM;M;4515670.0;154027.0;190
18134;201500020098;15;1;5;1825;3;2;1;1;6;31;TAURISSON (RUE LOUIS);M;4514330.0;148307.0;190
18135;201500020099;15;3;26;745;1;2;1;1;6;31;2, DE JOUVENEL (BOULEVAR;M;4515860.0;152354.0;190
18136;201500020100;15;3;26;1815;1;2;1;2;6;31;47, PARIS (AVENUE DE);M;4516320.0;153245.0;190
18137;201500020101;15;1;8;1830;5;2;1;2;2;31;44, ALSACE LORRAINE (AVE;M;4515510.0;153754.0;190
18138;201500020102;15;1;9;2155;5;2;1;3;6;31;BOURZAT (AVENUE);M;4515560.0;152807.0;190
18139;201500020104;15;3;31;1805;1;2;1;1;2;31;10, MAILLARD (AVENUE);M;4516560.0;153824.0;190
18140;201500020105;15;1;14;1405;1;2;1;1;6;31;DELMAS (RUE COLONEL JEAN;M;4515460.0;153458.0;190
18141;201500020106;15;1;16;1500;1;2;1;2;2;31;73, ALSACE LORRAINE (AVE;M;4515300.0;153954.0;190
18142;201500020107;15;4;10;800;1;2;1;1;6;31;00, BOUDY (RUE NOEL)  A;M;4515750.0;151642.0;190
18143;201500020108;15;1;19;1430;1;2;1;1;6;31;BRUNE (BOULEVARD);M;4515360.0;153671.0;190
18144;201500020109;15;4;10;1705;1;2;1;1;6;31;3, QUINZE AOUT 1944 (COU;M;4516110.0;153067.0;190
18145;201500020110;15;1;20;1735;1;2;3;1;3;31;VAUJOUR (RUE COLONEL);M;4515950.0;150017.0;190
18146;201500020111;15;4;11;1440;1;2;1;1;4;31;63, SEMARD (AVENUE PIERR;M;4515590.0;151815.0;190
18147;201500020112;15;4;16;1550;1;2;1;1;2;31;77, FOCH (AVENUE MARECHA;M;4516370.0;153989.0;190
18148;201500020113;15;1;24;1910;3;1;1;1;7;31;MOULIN (BOULEVARD JEAN);M;4516300.0;149954.0;190
18149;201500020114;15;1;24;2015;5;2;1;1;7;31;JUIN (RUE MARECHAL);M;4516700.0;151197.0;190
18150;201500020115;15;4;21;2110;5;2;1;1;6;31;1, BLANC (BOULEVARD LOUI;M;4515530.0;152713.0;190
18151;201500020116;15;5;5;2130;5;2;1;1;6;31;52, QUINTEL (RUE GERMAIN;M;4514650.0;151587.0;190
18152;201500020117;15;2;18;1355;1;2;3;1;3;31;DUBOUSQUET LABORDERIE (R;M;4516230.0;153116.0;190
18153;201500020118;15;5;6;2115;5;2;1;1;6;31;104, COMBE (BOULEVARD RO;M;4516920.0;150064.0;190
18154;201500020119;15;2;20;2105;1;2;1;1;6;31;VEZERE (ROND POINT DE LA;M;4514660.0;148251.0;190
18155;201500020120;15;2;27;600;2;2;3;1;7;31;10, CHAPELLE (RUE HENRI);M;4516820.0;151218.0;190
18156;201500020121;15;5;13;1230;1;2;1;1;1;31;01, VERLHAC (BOULEVARD D;M;4516820.0;153703.0;190
18157;201500020122;15;5;13;1605;1;2;6;1;3;31;1, CARIVEN (CARREFOUR);M;4516510.0;153200.0;190
18158;201500020123;15;2;28;945;1;2;1;1;6;31;24, TOURNY (QUAI);M;4516340.0;153564.0;190
18159;201500020124;15;5;16;845;1;2;2;1;3;31;1, BIZAC (CARREFOUR RENE;M;4516070.0;153488.0;190
18160;201500020125;15;3;6;1725;1;2;1;1;2;31;00, MARSALES (RUE JEAN);M;4515320.0;150486.0;190