;Num_Acc;an;mois;jour;hrmn;lum;agg;int;atm;col;com;adr;gps;lat;long;dep
18161;201500020126;15;5;19;2030;1;2;1;1;3;31;3, ONZE NOVEMBRE 1918 (A;M;4516080.0;153568.0;190
18162;201500020127;15;3;6;2155;5;2;1;1;6;31;02, FERRIER (RUE);M;4516440.0;153678.0;190
18163;201500020128;15;3;11;1550;1;2;2;1;3;31;55, SEMARD AVENUE PIERRE;M;4515440.0;151225.0;190
18164;201500020129;15;5;21;230;5;2;1;1;7;31;140, QUEUILLE (AVENUE HE;M;4517750.0;152764.0;190
18165;201500020130;15;5;24;15;5;2;1;1;6;31;37, BRUNE (BOULEVARD);M;4515350.0;153676.0;190
18166;201500020131;15;5;27;1650;1;2;1;1;2;31;29, RIVET (AVENUE JEAN C;M;4515010.0;149623.0;190
18167;201500020132;15;5;28;1800;1;2;1;1;4;31;95, ROUSSEAU (AVENUE JEA;M;4514920.0;151203.0;190
18168;201500020134;15;6;4;930;1;2;2;1;6;31;CLEMENCEAU (BOULEVARD);M;4515360.0;153150.0;190
18169;201500020135;15;6;4;1100;1;2;3;1;3;31;PASTEUR (AVENUE);M;4516880.0;153114.0;190
18170;201500020136;15;6;5;1825;1;2;1;1;4;31;12, DIX HUIT JUIN 1940;M;4515800.0;149397.0;190
18171;201500020138;15;6;8;1615;1;2;1;1;4;31;73, ALSACE LORRAINE (AVE;M;4515300.0;153945.0;190
18172;201500020139;15;6;11;1630;1;2;1;1;2;31;61, PARIS (AVENUE DE);M;4516380.0;153205.0;190
18173;201500020141;15;6;15;5;5;2;1;1;7;31;20, RIBOT (AVENUE);M;4516510.0;151769.0;190
18174;201500020142;15;6;16;1845;1;2;9;1;2;31;00, DUBOIS (BOULEVARD CA;M;4516310.0;154056.0;190
18175;201500020143;15;6;17;1215;1;2;9;1;6;31;02, DE JOUVENEL (BOULEVA;M;4515810.0;152365.0;190
18176;201500020144;15;6;24;1245;1;2;2;1;3;31;6, MARSALES (RUE JEAN);M;4515380.0;150475.0;190
18177;201500020145;15;6;26;1410;1;2;1;1;3;31;32B, ROOSEVELT (AVENUE D;M;4515810.0;152547.0;190
18178;201500020146;15;6;29;45;5;2;3;1;3;31;170, RIBOT (AVENUE);M;4516490.0;150257.0;190
18179;201500020147;15;6;29;1635;1;2;1;1;6;31;0, CARDINAL (PONT);M;4516300.0;153245.0;190
18180;201500020148;15;6;30;1900;1;2;3;1;3;31;07, MIGINIAC (RUE LOUIS);M;4517590.0;154592.0;190
18181;201500020149;15;7;1;810;1;2;6;1;7;31;00, POUYADE (AVENUE GENE;M;4514550.0;147516.0;190
18182;201500020150;15;7;6;1355;1;2;2;1;3;31;14, SAUTET (RUE HENRI);M;4515980.0;151726.0;190
18183;201500020151;15;7;8;910;1;2;6;1;2;31;1, CHAMPOLLION (RUE);M;4516720.0;154234.0;190
18184;201500020152;15;7;17;845;1;2;1;1;3;31;00, VERLHAC (BOULEVARD D;M;4516790.0;153417.0;190
18185;201500020153;15;7;17;1145;1;2;3;1;6;31;02, GOUDOUX (RUE JEAN);M;4515620.0;150392.0;190
18186;201500020154;15;7;19;2020;1;2;1;1;6;31;00, KOENIG (BOULEVARD GE;M;4515940.0;153074.0;190
18187;201500020155;15;7;20;1430;1;2;3;1;3;31;120, POMPIDOU (AVENUE GE;M;4515760.0;155043.0;190
18188;201500020157;15;7;24;825;1;2;1;1;2;31;05, RIVET (AVENUE JEAN C;M;4514820.0;148898.0;190
18189;201500020158;15;7;24;2020;1;2;1;1;7;31;00, DIX HUIT JUIN 1940 (;M;4515800.0;149400.0;190
18190;201500020159;15;7;31;1600;1;2;1;1;6;31;66, QUEUILLE (AVENUE HEN;M;4517020.0;153095.0;190
18191;201500020163;15;8;14;740;1;1;1;3;1;31;LES ESCROSES;M;4512270.0;155458.0;190
18192;201500020164;15;8;23;1355;1;2;6;2;2;31;1, CARIVEN (CARREFOUR);M;4516510.0;153213.0;190
18193;201500020165;15;8;27;1555;1;2;1;1;3;31;46, SEMARD (AVENUE PIERR;M;4515630.0;151955.0;190
18194;201500020166;15;9;4;1225;1;2;1;1;6;31;00, ALVITRE (AVENUE ABBE;M;4515230.0;150427.0;190
18195;201500020167;15;9;7;755;1;2;2;1;1;31;32, PARIS (AVENUE DE);M;4516380.0;153230.0;190
18196;201500020168;15;9;4;1915;1;2;2;1;1;31;00, RIBOT (AVENUE);M;4516460.0;150277.0;190
18197;201500020169;15;9;5;1720;1;2;3;1;3;31;00, MARSALES (RUE JEAN);M;4515380.0;150473.0;190
18198;201500020170;15;9;10;1550;1;2;2;1;3;31;25, MOULIN (BOULEVARD JE;M;4516060.0;150329.0;190
18199;201500020171;15;9;11;845;1;2;3;1;3;31;00, ROLLAND (RUE ROMAIN);M;4515980.0;151391.0;190
18200;201500020172;15;9;15;1615;1;2;3;1;3;31;02, DE JOUVENEL (BOULEVA;M;4515880.0;152348.0;190
18201;201500020173;15;9;19;1645;1;2;1;1;6;31;3, SOURIE (RUE ARMAND);M;4514500.0;147055.0;190
18202;201500020174;15;9;21;940;1;2;1;1;2;31;1, DELESSERT (RUE BENJAM;M;4516210.0;153649.0;190
18203;201500020175;15;9;21;1350;1;2;1;1;3;31;1, COURTELINE (RUE);M;4515180.0;154201.0;190
18204;201500020176;15;9;26;850;1;2;1;1;2;31;102, RIBOT (AVENUE);M;4516470.0;150942.0;190
18205;201500020178;15;10;3;1330;1;2;3;1;3;31;75, SEMARD (AVENUE PIERR;M;4515570.0;151710.0;190
18206;201500020179;15;10;3;1725;1;2;1;2;2;31;15, LAGRANGE (AVENUE LEO;M;4515990.0;154573.0;190
18207;201500020180;15;10;5;830;1;2;1;1;7;31;23, BRIGOULEIX (RUE MART;M;4516880.0;151630.0;190
18208;201500020181;15;10;5;1850;1;2;1;7;6;31;145, POMPIDOU (AVENUE GE;M;4515800.0;155578.0;190
18209;201500020182;15;10;6;1120;1;2;1;1;3;31;113, ROUSSEAU (AVENUE JE;M;4514850.0;151008.0;190
18210;201500020183;15;10;6;1630;1;2;1;1;7;31;16, DIX HUIT JUIN 1940 (;M;4515850.0;149487.0;190
18211;201500020184;15;10;7;1635;1;2;1;1;6;31;40, TOULZAC (RUE JEAN BA;M;4515840.0;150379.0;190
18212;201500020185;15;10;11;1625;1;2;1;7;3;31;MAILLARD (CITE);M;4516650.0;154147.0;190
18213;201500020186;15;10;13;235;5;2;1;1;6;31;2, RIVET (AVENUE JEAN CH;M;4515140.0;150126.0;190
18214;201500020187;15;10;13;1810;1;2;2;1;3;31;1, BRUNE (BOULEVARD);M;4515340.0;153292.0;190
18215;201500020188;15;10;15;955;1;2;3;1;2;31;95, KENNEDY (AVENUE JOHN;M;4516670.0;154530.0;190
18216;201500020189;15;10;17;1930;5;2;1;1;2;31;00, RIVET (AVENUE JEAN C;M;4515060.0;149818.0;190
18217;201500020190;15;10;20;1440;1;2;3;1;3;31;00, FOCH (AVENUE MARECHA;M;4516320.0;153755.0;190
18218;201500020191;15;10;21;1330;1;2;1;1;1;31;58, SEMARD (AVENUE PIERR;M;4515600.0;151843.0;190
18219;201500020192;15;10;22;1300;1;2;1;2;7;31;114, ZOLA (AVENUE EMILE);M;4515330.0;151955.0;190
18220;201500020193;15;10;26;1950;5;2;1;1;2;31;124, QUEUILLE (AVENUE HE;M;4517630.0;152779.0;190
18221;201500020194;15;10;30;1030;1;2;6;1;2;31;1, FRATERNITE (ROND-POIN;M;4516600.0;154181.0;190
18222;201500020195;15;11;1;1640;1;2;6;1;6;31;1, FRATERNITE (ROND-POIN;M;4516610.0;154149.0;190
18223;201500020197;15;11;10;1215;1;2;2;1;3;31;1, GERMAIN (BOULEVARD DU;M;4515740.0;152378.0;190
18224;201500020198;15;11;11;2240;5;2;3;1;3;31;12, COURTELINE (RUE);M;4515490.0;155326.0;190
18225;201500020199;15;11;18;1835;2;2;1;2;6;31;18, BRUNE (BOULEVARD);M;4515320.0;153462.0;190
18226;201500020200;15;11;21;1250;1;2;6;1;3;31;COURBATERE (ROND-POINT R;M;4515890.0;151176.0;190
18227;201500020201;15;11;25;1510;1;2;1;2;6;31;5, BERTHELOT (RUE MARCEL;M;4515540.0;153462.0;190
18228;201500020202;15;11;28;1615;1;2;1;1;6;31;MAZAUD (LIEU-DIT);M;4514370.0;147355.0;190
18229;201500020203;15;11;28;1740;2;2;2;1;3;31;0, BUGEAUD (AVENUE MAREC;M;4516150.0;154080.0;190
18230;201500020204;15;12;1;1940;2;2;1;1;2;31;2, BROSSOLETTE  BOULEVAR;M;4516700.0;154223.0;190
18231;201500020205;15;12;6;1800;5;1;2;1;3;31;00, MARBEAU (BOULEVARD D;M;4515460.0;153007.0;190
18232;201500020206;15;12;7;1000;1;2;9;1;6;31;00, CARNOT (RUE);M;4515930.0;153068.0;190
18233;201500020207;15;12;10;1110;1;1;3;1;3;31;5, DORMOY (BOULEVARD MAR;M;4516770.0;154029.0;190
18234;201500020208;15;12;10;1630;1;2;1;1;6;31;7, TOULZAC (RUE);M;4516060.0;153294.0;190
18235;201500020210;15;12;17;1200;1;2;3;1;6;31;1, AUZEL (RUE EDMOND);M;4514560.0;149052.0;190
18236;201500020211;15;12;18;1120;1;2;3;1;3;31;15, ROOSEVELT (AVENUE DU;M;4515820.0;152664.0;190
18237;201500020212;15;12;18;1155;1;2;1;1;2;31;00, MARSALES (RUE JEAN);M;4515260.0;150533.0;190
18238;201500020213;15;12;20;1545;1;2;1;1;1;31;25, RIVET (AVENUE JEAN C;M;4515020.0;149682.0;190
18239;201500020214;15;12;23;1450;1;2;1;1;3;31;29, RIVET (AVENUE JEAN C;M;4515010.0;149613.0;190
18240;201500020215;15;12;26;515;5;2;1;1;2;31;4, ILE DU ROI (RUE DE L';M;4516400.0;152087.0;190
18241;201500020216;15;12;29;1615;1;2;1;1;3;31;15, DIX HUIT JUIN 1940 (;M;4515890.0;149593.0;190
18242;201500020217;15;5;31;1030;1;2;3;1;5;343;Rue d'ENSISHEIM;M;4787498.0;731973.0;680
18243;201500020218;15;5;31;1915;1;1;1;1;1;315;;M;0.0;0.0;680
18244;201500020219;15;6;4;1500;1;1;1;7;3;88;;M;0.0;0.0;680
18245;201500020220;15;6;26;1100;1;1;1;1;2;260;;M;4788189.0;726795.0;680
18246;201500020221;15;11;9;1530;1;1;1;1;3;43;;M;0.0;0.0;680
18247;201500020222;15;11;21;45;3;1;1;2;6;203;;M;0.0;0.0;680
18248;201500020223;15;9;20;1115;1;2;1;1;1;260;142 route de uxem;M;0.0;0.0;590
18249;201500020224;15;9;20;2230;3;1;1;2;7;499;;M;0.0;0.0;590
18250;201500020226;15;7;15;1;3;1;1;1;5;260;Route d'Uxem;M;5103673.0;250316.0;590
18251;201500020227;15;8;25;1715;1;2;1;8;6;260;rue de la Jockstraete;M;0.0;0.0;590
18252;201500020228;15;8;19;1545;1;2;6;1;1;448;les cinq chemins;M;0.0;0.0;590
18253;201500020229;15;9;21;1145;1;2;1;1;6;668;rue des crevettes;M;0.0;0.0;590
18254;201500020230;15;11;6;1145;1;2;1;1;6;107;avenue de la liberté;M;0.0;0.0;590
18255;201500020231;15;7;3;735;1;2;2;1;3;272;LA LUNADE (BD);M;4526540.0;178211.0;190
18256;201500020232;15;8;9;1120;1;2;1;1;6;272;31 WINSTON CHURCHILL;M;4525890.0;175691.0;190
18257;201500020233;15;9;19;215;5;2;3;2;6;272;6, HENRI DE BOURNAZEL;M;4526820.0;176817.0;190
18258;201500020234;15;12;24;1820;5;2;1;1;6;272;38, ALSACE LORRAINE (AVE;M;4525930.0;175380.0;190
18259;201500020235;15;12;5;1600;1;1;1;7;2;272;D1089;M;4525940.0;178584.0;190
18260;201500020236;15;2;10;1058;1;2;3;1;6;272;11, WINSTON CHURCHILL (A;M;4525950.0;175620.0;190
18261;201500020237;15;2;14;1920;5;2;1;2;6;272;1, DR VALETTE (RUE);M;4525920.0;175284.0;190
18262;201500020238;15;2;26;1025;1;2;1;2;7;272;35, DR AIME AUDUBERT;M;4525090.0;176547.0;190
18263;201500020239;15;2;2;730;2;2;1;4;7;275;SARSONNE (BOULEVARD DE L;M;4554960.0;230889.0;190
18264;201500020240;15;3;23;1940;5;2;2;2;3;275;BLUM (BOULEVARD LEON);M;4555150.0;231510.0;190
18265;201500020242;15;3;3;1735;1;2;2;1;2;275;0, THIERS (AVENUE);M;4554650.0;230837.0;190
18266;201500020243;15;5;19;1715;1;1;1;1;1;275;R.D. 1089 SUD;M;4552160.0;228207.0;190
18267;201500020245;15;6;12;726;1;2;3;8;1;275;1, SARSONNE (BOULEVARD D;M;4555390.0;231334.0;190
18268;201500020246;15;6;21;1000;1;2;1;1;6;275;31, MAS ROUGE (RUE DU);M;4555290.0;232283.0;190
18269;201500020247;15;7;21;25;5;2;2;1;3;275;6, PRAIRIE (RUE DE LA);M;4554760.0;231220.0;190
18270;201500020248;15;8;19;1445;1;1;1;1;7;275;LES GRAVADES;M;4557350.0;234019.0;190
18271;201500020249;15;10;28;1739;2;2;1;8;6;275;4 BIS, TURGOT (AVENUE) N;M;4554520.0;230389.0;190
18272;201500020250;15;11;10;1905;5;2;3;1;6;275;FACE 8, SEMARD (AVENUE P;M;4555590.0;231472.0;190
18273;201500020251;15;7;2;1015;1;1;2;1;7;254;;M;4772716.0;753135.0;680
18274;201500020255;15;12;19;2045;5;2;2;1;3;20;intersection D4bis/D468;M;4782437.0;751355.0;680
18275;201500020257;15;4;23;1535;1;1;1;1;6;54;8, FOCH (BOULEVARD MAREC;M;4702724.0;483649.0;210
18276;201500020258;15;4;20;1927;1;2;2;1;3;54;HERMINETTE (RUE DE L');;;;210
18277;201500020259;15;5;7;25;5;1;7;1;6;54;455, BEAUNE (ROUTE DE);M;4703546.0;486422.0;210
18278;201500020260;15;5;10;1130;1;2;2;1;3;54;CHALLANGES (ROUTE DE);;;;210
18279;201500020261;15;5;18;1725;1;2;3;1;6;54;SAINT-JACQUES (RUE DU MO;M;4702018.0;483684.0;210
18280;201500020262;15;6;7;1828;1;2;2;1;3;54;ROCADE EST;M;4701715.0;485662.0;210
18281;201500020263;15;6;3;740;1;2;2;1;3;54;ROCADE EST;M;4701717.0;485659.0;210
18282;201500020264;15;5;12;1705;1;2;2;1;5;54;EIFFEL (RUE GUSTAVE);M;4703889.0;484495.0;210
18283;201500020265;15;7;2;2050;1;2;3;1;3;54;PASTEUR (RUE);M;4702825.0;484594.0;210
18284;201500020267;15;8;21;1710;1;2;2;1;6;54;LORRAINE (RUE DE);;;;210
18285;201500020268;15;9;7;2010;1;2;2;1;3;54;SABLIERE (RUE DE LA);;;;210
18286;201500020269;15;9;9;1130;1;2;1;1;6;54;57, JAFFELIN (AVENUE CHA;M;4702486.0;482755.0;210
18287;201500020270;15;9;18;1721;1;2;1;1;6;54;BLANCHES FLEURS (RUE DES;M;4703538.0;483802.0;210
18288;201500020271;15;10;6;950;1;2;1;3;7;54;07, SAINT-JACQUES (BOULE;M;4702055.0;483843.0;210
18289;201500020272;15;10;19;1720;1;2;1;7;6;54;30, FOCH (BOULEVARD MARE;M;4702603.0;483373.0;210
18290;201500020273;15;11;26;1505;1;2;1;1;1;54;27, CLEMENCEAU (BOULEVAR;M;4702472.0;483304.0;210
18291;201500020274;15;1;21;1545;1;2;2;8;3;54;CHAFFOTTE (RUE);M;4702066.0;484731.0;210
18292;201500020276;15;2;6;1505;1;2;1;1;6;54;FOCH (BOULEVARD MARECHAL;M;4702777.0;483742.0;210
18293;201500020277;15;2;7;1208;1;2;1;1;6;54;46, SEURRE (ROUTE DE);M;4701895.0;485893.0;210
18294;201500020278;15;1;7;1832;5;2;1;5;2;355;GEORGES POMPIDOU (VOIE);M;4729385.0;506310.0;210
18295;201500020279;15;3;17;35;5;2;3;1;6;231;PARC (DU) (PASSAGE);;;;210
18296;201500020280;15;2;12;1345;1;2;3;1;3;231;17, VOLTAIRE (BOULEVARD);M;4731662.0;505110.0;210
18297;201500020281;15;3;20;1609;1;2;6;1;3;278;AHUY (D') (ROUTE);;;;210
18298;201500020282;15;2;19;923;1;2;3;1;3;231;EDME PIOT (RUE);;;;210
18299;201500020283;15;3;20;1740;1;2;7;1;1;231;DEVOSGE (RUE);;;;210
18300;201500020284;15;3;27;932;1;2;1;1;1;166;5 BIS, FRERES MONTGOLFIE;M;4729159.0;501940.0;210
18301;201500020285;15;3;29;2153;5;2;2;2;3;231;CHAMPAGNE (DE) (BOULEVAR;M;4732881.0;505580.0;210
18302;201500020286;15;4;8;801;1;2;2;1;3;231;MARTYRS DE LA RESISTANCE;;;;210
18303;201500020287;15;4;13;804;1;2;2;1;6;231;79, PASCAL (BOULEVARD);M;4733954.0;504566.0;210
18304;201500020288;15;4;15;1705;1;2;1;1;6;231;3, BUFFON (RUE);M;4732040.0;504526.0;210
18305;201500020289;15;4;20;1838;1;2;1;1;3;231;GENERAL DE GAULLE (COURS;;;;210
18306;201500020290;15;4;22;1759;1;2;2;1;1;231;BEL AIR (DE) (RUE);;;;210
18307;201500020291;15;4;22;1500;1;2;2;1;1;231;JEAN JAURES (AVENUE);;;;210
18308;201500020292;15;4;23;1005;1;2;1;1;6;231;15, CHAMPOLLION (AVENUE);M;4733392.0;506734.0;210
18309;201500020293;15;4;24;841;1;2;1;1;6;231;46, AUXONNE (D') (RUE);M;4731460.0;504734.0;210
18310;201500020294;15;5;10;2101;1;2;1;1;1;231;136, JEAN JAURES (AVENUE;M;4730400.0;502259.0;210
18311;201500020296;15;5;20;1710;1;2;2;1;3;231;19, CHENOVE (DE) (RUE);M;4730949.0;502482.0;210
18312;201500020297;15;5;27;2040;1;2;1;1;6;231;CHABOT CHARNY (RUE);;;;210
18313;201500020298;15;6;8;1516;1;2;2;1;3;231;GUSTAVE EIFFEL (AVENUE);;;;210
18314;201500020299;15;6;28;1835;1;2;2;1;3;166;43 bis, MARSANNAY (DE) (;M;4729035.0;500757.0;210
18315;201500020300;15;6;29;1650;1;2;3;1;3;278;35 bis, FAUBOURG ST MART;M;4734229.0;502538.0;210
18316;201500020301;15;8;3;1807;1;2;3;1;1;231;12, LEON MAURIS (RUE);M;4733086.0;505645.0;210
18317;201500020302;15;8;4;2012;1;2;1;1;3;231;12, NICOLAS ROLIN (QUAI);M;4731603.0;502690.0;210
18318;201500020303;15;8;7;1715;1;2;2;1;3;231;VICTOR HUGO (AVENUE);M;4733094.0;502228.0;210
18319;201500020304;15;8;13;650;1;2;1;1;5;231;102, LONGVIC (DE) (RUE);M;4730707.0;504910.0;210
18320;201500020305;15;8;29;445;5;2;2;1;6;231;17, CHAIGNOT (DU) (RUE);M;4731678.0;503768.0;210
18321;201500020306;15;8;31;1040;1;2;1;1;6;231;STADE (DU) (RUE);;;;210
18322;201500020307;15;9;17;2020;5;2;3;1;6;231;74, AUXONNE (D') (RUE);M;4731277.0;505088.0;210
18323;201500020308;15;9;17;2100;5;1;1;1;6;231;GEORGES POMPIDOU (VOIE);;;;210
18324;201500020309;15;9;30;1636;1;2;1;1;2;166;BERNARD    PALISSY (BOUL;;;;210
18325;201500020310;15;10;4;732;1;2;1;8;6;355;29, DIJON (DE) (ROUTE);M;4728929.0;505979.0;210
18326;201500020311;15;10;1;2045;5;2;3;1;4;231;DAUBENTON (RUE);M;4731198.0;503928.0;210
18327;201500020312;15;10;9;1558;1;2;4;1;6;231;DEVOSGE (RUE);;;;210
18328;201500020313;15;10;16;2009;5;2;4;1;3;231;GORGETS (DES) (BOULEVARD;;;;210
18329;201500020314;15;10;26;1919;5;2;3;1;1;231;CHARMETTE (DE LA) (RUE);;;;210
18330;201500020315;15;11;4;321;4;2;2;1;1;231;PEYVETS (DES) (BOULEVARD;M;4730565.0;502217.0;210
18331;201500020316;15;11;6;2250;5;2;6;1;3;166;0, MARSANNAY (DE) (RUE);M;4728548.0;500274.0;210
18332;201500020317;15;11;8;1522;1;2;2;1;1;231;PLANCHETTES (DES) (RUE);M;4731545.0;506279.0;210
18333;201500020318;15;11;10;1848;1;2;1;1;6;231;PAUL DOUMER (BOULEVARD);M;4732727.0;506775.0;210
18334;201500020319;15;11;13;2303;5;2;3;2;3;231;STRASBOURG (DE) (BOULEVA;M;4732154.0;505597.0;210
18335;201500020320;15;11;19;250;3;2;9;1;3;355;A311;M;4727340.0;503997.0;210
18336;201500020321;15;11;20;740;2;2;1;2;6;231;90, AUXONNE (D') (RUE);M;4731162.0;505224.0;210
18337;201500020324;15;1;10;930;1;1;1;1;3;271;;M;4549807.0;457993.0;420
18338;201500020325;15;2;4;1145;1;2;1;1;3;242;13 route du bourg;M;4555435.0;461892.0;420
18339;201500020326;15;4;10;1215;1;1;1;1;6;167;;M;4547071.0;465682.0;420
18340;201500020327;15;5;10;330;3;1;1;1;7;283;route Le Sechio;M;4556332.0;455905.0;420
18341;201500020328;15;5;17;1745;1;1;1;1;2;83;;M;4555740.0;468447.0;420
18342;201500020330;15;8;7;1500;1;1;1;1;6;283;;M;4555477.0;454183.0;420
18343;201500020331;15;9;1;1300;1;1;1;3;1;308;;M;4546200.0;458300.0;420
18344;201500020334;15;2;24;1810;1;2;3;1;2;113;PLACENN AR GUER (RUE DE);M;4874597.0;-345521.0;220
18345;201500020335;15;12;31;1120;1;2;1;1;6;113;KERTANGUY (LIEU-DIT);M;4872260.0;-342610.0;220
18346;201500020337;15;12;23;800;3;1;1;1;7;113;LE LAUNAY (LIEU-DIT LE)(;M;4875181.0;-342379.0;220
18347;201500020338;15;3;31;1554;1;2;1;1;4;113;AIGUILLON (QUAI D');M;4873203.0;-346142.0;220
18348;201500020339;15;4;2;2230;5;2;4;8;7;113;RESISTANCE (AVENUE DE LA;M;4873780.0;-346767.0;220
18349;201500020340;15;4;23;1830;1;1;1;1;3;113;MENDES FRANCE (BOULEVARD;M;4872446.0;-347838.0;220
18350;201500020341;15;6;14;1430;1;1;1;1;7;113;R.D.767;M;4872466.0;-343141.0;220
18351;201500020342;15;7;14;2028;1;1;1;1;7;113;1, DE LA FAYETTE (BOULEV;M;4874272.0;-344981.0;220
18352;201500020343;15;7;10;1445;1;2;1;1;3;113;KER AR FAOUT (CHEMIN DE);M;4875822.0;-348210.0;220
18353;201500020344;15;8;12;1350;1;2;9;1;7;113;rue g. pompidou;M;4873937.0;-346330.0;220
18354;201500020345;15;8;16;1825;1;2;9;1;6;113;DE LA FAYETTE (BOULEVARD;M;4873753.0;-343906.0;220
18355;201500020346;15;8;4;730;1;2;4;1;2;113;TREBEURDEN (ROUTE DE);M;4873801.0;-346774.0;220
18356;201500020347;15;8;18;1650;1;2;6;1;3;113;SAINT PIERRE (RUE);M;4875182.0;-345316.0;220
18357;201500020348;15;8;21;1355;1;2;1;1;7;113;LOGUIVY (LIEU DIT);M;4873478.0;-347909.0;220
18358;201500020350;15;9;1;1755;1;2;6;1;3;113;RESISTANCE (AVENUE DE LA;M;4874659.0;-346181.0;220
18359;201500020351;15;9;29;1550;1;2;1;1;3;113;BRANLY (RUE EDOUARD);M;4875643.0;-344887.0;220
18360;201500020352;15;9;21;1820;1;1;1;1;1;113;KER AN FAOUT (CHEMIN DE);M;4875650.0;-348549.0;220
18361;201500020353;15;9;21;1615;1;1;6;8;6;113;PERROS (ROUTE DE);M;4876229.0;-345194.0;220
18362;201500020354;15;10;6;1000;1;2;2;2;6;113;19, HINGARD (RUE DU);M;4873903.0;-345768.0;220
18363;201500020355;15;11;20;1450;1;2;6;1;6;113;TREGUIER (RUE DE);M;4873338.0;-344988.0;220
18364;201500020356;15;11;22;1900;3;1;3;1;1;113;93, TREBEURDEN (ROUTE DE;M;4875189.0;-349825.0;220
18365;201500020357;15;9;16;1050;1;2;1;2;7;113;LAOUENAN (RUE MARI GABRI;M;4873293.0;-347437.0;220
18366;201500020358;15;9;8;2103;1;2;7;1;6;113;GÜNSBURG (PLACE DE);M;4873203.0;-346341.0;220
18367;201500020359;15;11;26;1000;1;1;1;2;6;113;223, TREGASTEL (ROUTE DE;M;4876559.0;-347853.0;220
18368;201500020360;15;1;17;1110;1;2;1;1;6;113;DE LA FAYETTE (BOULEVARD;M;4873466.0;-344431.0;220
18369;201500020361;15;1;22;1020;1;2;1;7;6;113;GUILLOUX (BOULEVARD LOUI;M;4872609.0;-344871.0;220
18370;201500020362;15;1;31;2025;5;2;1;4;5;113;MARECHAL JOFFRE (QUAI DU;M;4873210.0;-346572.0;220
18371;201500020363;15;2;19;720;2;1;1;9;6;215;0, PONT DES ILES (RUE DU;M;4851816.0;-281302.0;220
18372;201500020364;15;12;23;2110;5;2;1;1;3;278;44, CHARNER (BD);M;4850838.0;-276852.0;220
18373;201500020366;15;2;25;1500;1;1;1;8;6;187;31, VIADUC (RUE DU);M;4852713.0;-276983.0;220
18374;201500020367;15;2;22;2020;3;1;1;1;6;215;1, PONT NOIR (RUE DU);M;4848969.0;-284068.0;220
18375;201500020368;15;12;29;2100;5;2;2;1;3;278;CORNEILLE COTE IMPAIR;M;4851209.0;-274502.0;220
18376;201500020369;15;3;2;30;3;1;1;1;6;187;RN12;M;4853017.0;-275560.0;220
18377;201500020370;15;12;26;1335;1;1;1;1;3;106;RN12;M;4829391.0;-243254.0;220
18378;201500020371;15;2;27;1610;1;2;6;1;6;278;CHARNER (BD);M;4850793.0;-276430.0;220
18379;201500020372;15;1;1;1110;1;2;6;1;3;278;0, BECQUEREL (HENRI);M;4849762.0;-274830.0;220
18380;201500020373;15;3;3;1630;1;2;3;1;6;278;0, RAHUEL (DOCTEUR);M;4850636.0;-274768.0;220
18381;201500020374;15;12;4;1140;1;2;1;1;7;278;BALAVOINE (DE LA);M;4831160.0;-247099.0;220
18382;201500020375;15;3;6;1430;1;2;4;1;6;278;1, LA TULLAYE (DE);M;4850898.0;-275012.0;220
18383;201500020376;15;3;10;1430;1;2;3;1;3;278;0, NORMANDIE (DE);M;4851050.0;-278591.0;220
18384;201500020377;15;3;4;1718;1;2;6;1;3;215;BRETAGNE (AVENUE DE);M;4849400.0;-277740.0;220
18385;201500020378;15;3;15;1155;1;2;1;1;6;215;22, MAIRIE (RUE DE LA);M;4848884.0;-279405.0;220
18386;201500020379;15;3;16;1700;1;2;1;1;3;215;3, JUILLET 1789 (RUE DU;M;4850001.0;-278257.0;220
18387;201500020380;15;3;24;1000;1;2;4;1;3;278;1, ROUX (DOCTEUR);M;4851058.0;-274550.0;220
18388;201500020381;15;3;25;1745;1;2;1;1;6;278;36, GAMBETTA (BD);M;4851853.0;-275559.0;220
18389;201500020382;15;3;31;1215;1;2;3;1;3;278;0, LA FAYETTE;M;4850964.0;-274710.0;220
18390;201500020383;15;3;13;800;1;1;3;1;2;215;1, FROS (RUE DU);M;4850364.0;-280303.0;220
18391;201500020384;15;4;7;1145;1;1;1;1;2;278;RN12;M;4850337.0;-273077.0;220
18392;201500020385;15;4;9;1220;1;2;1;1;6;278;35, LAENNEC (BD);M;4851063.0;-277458.0;220
18393;201500020386;15;4;16;1648;1;2;1;1;3;278;85, TREGUEUX (DE);M;4849967.0;-275588.0;220
18394;201500020387;15;4;14;1815;1;1;1;1;6;106;1, AMBROISE PARE (RUE);M;4850001.0;-273022.0;220
18395;201500020388;15;4;8;1410;1;1;1;1;7;187;RN12;M;4854614.0;-278117.0;220
18396;201500020389;15;4;28;1235;1;1;1;1;1;278;0, AMPERE;M;4850396.0;-273582.0;220
18397;201500020390;15;4;30;2100;1;1;1;2;2;106;0, RN 9012;M;4849379.0;-272351.0;220
18398;201500020391;15;5;1;950;1;1;1;1;1;360;1, VALLEE (RUE DE LA);M;4846748.0;-275812.0;220