;Num_Acc;an;mois;jour;hrmn;lum;agg;int;atm;col;com;adr;gps;lat;long;dep
18399;201500020392;15;4;8;1915;1;2;1;1;6;187;29/31, MIRABEL (Rue Mich;M;4852686.0;-274820.0;220
18400;201500020393;15;5;5;850;1;1;1;1;5;360;0, RN12;M;4848292.0;-269464.0;220
18401;201500020394;15;5;13;1825;1;1;3;1;3;187;1, CHALUTIER SANS PITIE;M;4853011.0;-276464.0;220
18402;201500020395;15;5;18;1850;1;2;1;1;6;278;10, MANCHE (BD DE LA);M;4852210.0;-273520.0;220
18403;201500020396;15;5;11;1640;1;2;1;1;6;215;1, MAIRIE (RUE DE LA);M;4848862.0;-279420.0;220
18404;201500020397;15;3;22;1330;1;2;3;1;3;187;0, CHANOINE GUINARD (QUA;M;4852397.0;-274941.0;220
18405;201500020398;15;5;21;1140;1;2;2;1;3;187;0, VALLEE  (rue de la );M;4853379.0;-277160.0;220
18406;201500020399;15;4;4;2000;1;2;3;1;3;278;0, TREGUEUX (DE);M;4850018.0;-275652.0;220
18407;201500020400;15;5;22;2310;5;2;6;1;6;278;0, AMPERE;M;4850511.0;-273420.0;220
18408;201500020401;15;5;21;1425;1;1;1;1;2;360;0, D 700;M;4849191.0;-276298.0;220
18409;201500020402;15;5;28;755;1;2;1;1;6;278;0, HAREL-DE-LA-NOE (BD);M;4851964.0;-274758.0;220
18410;201500020403;15;5;4;1845;1;1;1;1;6;278;0, RN12;M;4852060.0;-274755.0;220
18411;201500020404;15;5;20;800;1;2;4;1;2;187;0, LEQUIER (Rue Jules);M;4854104.0;-277463.0;220
18412;201500020405;15;5;18;1125;1;1;1;1;3;187;RN12;M;4854503.0;-280033.0;220
18413;201500020406;15;6;3;1500;1;1;3;1;3;278;0, BALZAC;M;4851413.0;-274625.0;220
18414;201500020407;15;5;30;1900;1;2;4;1;6;278;115, FERRY (JULES);M;4850046.0;-276983.0;220
18415;201500020408;15;6;6;1135;1;1;2;1;3;215;0, PONT NOIR (RUE DU);M;4848962.0;-281687.0;220
18416;201500020409;15;5;14;2330;5;2;2;1;1;278;0, CHAPTAL;M;4850950.0;-273478.0;220
18417;201500020410;15;6;15;1750;1;1;1;1;7;278;0, GALLOIS (DES);M;4849461.0;-274363.0;220
18418;201500020411;15;6;16;1500;1;1;6;1;3;278;0, AMPERE;M;4850525.0;-273408.0;220
18419;201500020412;15;5;31;2010;1;1;1;1;1;360;URNE (RUE DE L');M;4847765.0;-275038.0;220
18420;201500020413;15;6;20;620;1;1;3;1;3;187;HUIT MAI 1945 (Rue du );M;4853957.0;-276842.0;220
18421;201500020414;15;6;19;1910;1;1;1;1;4;187;RN12;M;4853387.0;-275836.0;220
18422;201500020415;15;6;14;1930;1;1;1;1;2;360;0, VALLEE (RUE DE LA);M;4847858.0;-271219.0;220
18423;201500020416;15;6;29;1715;1;2;1;1;6;278;4, GARNIER (ABBE);M;4850577.0;-276141.0;220
18424;201500020417;15;7;1;1235;1;2;2;1;3;278;0, MONGE;M;4850253.0;-273799.0;220
18425;201500020418;15;7;7;2130;1;1;1;1;7;360;;M;4848554.0;-271289.0;220
18426;201500020419;15;7;15;1410;1;2;3;1;3;106;17 bis, RENNES (RUE DE);M;4849373.0;-271179.0;220
18427;201500020420;15;6;28;1835;1;1;6;1;6;278;0, APOLLINAIRE (GUILLAUM;M;4849733.0;-274755.0;220
18428;201500020421;15;7;23;220;3;2;1;1;6;278;3, NERUDA (RD PT PABLO);M;4851989.0;-279038.0;220
18429;201500020422;15;7;25;1810;1;1;1;1;2;278;RN12;M;4850745.0;-273603.0;220
18430;201500020423;15;7;6;1930;1;1;1;1;2;187;;M;4854542.0;-277254.0;220
18431;201500020424;15;8;9;1720;1;2;2;1;7;278;10, PROUST (MARCEL);M;4849281.0;-274879.0;220
18432;201500020425;15;1;3;1905;5;2;1;1;7;106;AMBROISE PARE (RUE);M;4849873.0;-273097.0;220
18433;201500020426;15;7;21;900;1;1;1;1;1;215;ST-BARTHELEMY (RUE DE);M;4851692.0;-282373.0;220
18434;201500020427;15;7;31;1415;1;2;3;1;6;106;34, BREST (RUE DE);M;4849550.0;-271788.0;220
18435;201500020428;15;8;14;1715;1;1;3;1;1;187;VERDUN (rue de );M;4854470.0;-278569.0;220
18436;201500020430;15;8;23;1610;1;2;1;1;5;106;GREVES (Rue des);M;4850315.0;-269608.0;220
18437;201500020431;15;7;26;1856;1;1;1;1;1;360;53, VILLE GROHAN (RUE DE;M;4848659.0;-277456.0;220
18438;201500020432;15;8;28;935;1;2;1;1;6;278;0, LIGNERIES (DES);M;4852529.0;-273640.0;220
18439;201500020433;15;8;27;1449;1;2;1;2;7;215;CHEVANCE (RUE GEORGES);M;4850077.0;-277807.0;220
18440;201500020434;15;8;22;2020;1;2;1;2;1;278;HAREL-DE-LA-NOE (BD);M;4851849.0;-274835.0;220
18441;201500020435;15;9;8;745;1;2;2;1;3;187;L'église (Rue de );M;4853810.0;-273227.0;220
18442;201500020436;15;9;8;1900;1;1;1;1;1;106;17, GENETS (RUE DES);M;4849895.0;-273582.0;220
18443;201500020437;15;8;10;115;5;2;6;1;7;215;RD 700;M;4849383.0;-276308.0;220
18444;201500020438;15;9;6;50;4;1;1;1;6;106;RN12;M;4848259.0;-268998.0;220
18445;201500020439;15;9;14;800;1;2;1;1;3;278;82, ATLANTIQUE (BD) N°58;M;4851896.0;-279306.0;220
18446;201500020440;15;9;18;840;1;2;1;1;5;278;ARMOR (AV. D') COTE PAIR;M;4851221.0;-275420.0;220
18447;201500020441;15;9;15;1825;1;1;1;1;2;278;, APOLLINAIRE (GUILLAUME;M;4849769.0;-274621.0;220
18448;201500020442;15;9;19;2230;5;2;1;1;5;278;11, TROIS-FRERES-LE-GOFF;M;4851594.0;-276406.0;220
18449;201500020444;15;9;21;1040;1;2;1;1;6;278;71° RI (DU);M;4851103.0;-276060.0;220
18450;201500020445;15;9;16;1746;1;2;1;1;6;278;0, TREGOR (DU);M;4851812.0;-279306.0;220
18451;201500020446;15;10;12;1640;1;2;1;1;6;278;39, LIGNERIES (DES);M;4852357.0;-273204.0;220
18452;201500020447;15;9;22;1225;1;2;1;1;6;278;54, 71° RI (DU);M;4851103.0;-245361.0;220
18453;201500020448;15;10;18;1620;1;1;1;1;3;360;GUERNEAU (RUE DU);M;4848432.0;-277291.0;220
18454;201500020449;15;11;2;1830;2;2;1;1;6;106;74, RENNES (RUE DE);M;4849213.0;-270598.0;220
18455;201500020450;15;11;9;1420;1;2;1;1;6;278;CLEMENCEAU (BD);M;4851059.0;-275936.0;220
18456;201500020451;15;11;27;1355;1;2;1;1;6;278;0, RAHUEL (DOCTEUR);M;4850667.0;-274918.0;220
18457;201500020452;15;11;26;2000;1;1;1;1;6;360;RD700;M;4846451.0;-277928.0;220
18458;201500020453;15;12;4;1300;1;1;1;1;7;278;SURCOUF (Q.);M;4852787.0;-272721.0;220
18459;201500020454;15;12;5;945;1;1;3;1;5;360;VALLEE (RUE DE LA);M;4847887.0;-270945.0;220
18460;201500020455;15;12;8;1754;2;2;1;1;1;360;TUILLERIES (RUE DES);M;4848438.0;-274894.0;220
18461;201500020456;15;12;12;1900;3;1;1;1;4;106;RN12;M;4850185.0;-272898.0;220
18462;201500020457;15;11;27;2310;3;1;1;1;7;187;0, RN12;M;4854497.0;-277335.0;220
18463;201500020458;15;12;15;1750;5;1;2;8;3;215;BONNIOTS (RUE DES);M;4851926.0;-281482.0;220
18464;201500020459;15;1;5;1740;2;2;4;1;3;278;0, ROCHE-GAUTIER (DE LA);M;4849350.0;-275378.0;220
18465;201500020460;15;11;23;1600;1;2;1;1;7;278;COLOMBIER (DU);M;4850530.0;-275010.0;220
18466;201500020461;15;11;11;1343;1;2;1;1;3;278;21, BAGOT;M;4851248.0;-277785.0;220
18467;201500020462;15;12;16;1530;1;2;1;1;6;278;POULAIN-CORBION;M;4851299.0;-276406.0;220
18468;201500020463;15;12;14;1740;1;1;1;1;3;278;ANCIEN-ABATTOIR (PASS. D;M;4851634.0;-277224.0;220
18469;201500020464;15;12;24;1910;2;2;1;1;6;215;CHAMP BOGARD (RUE DU);M;4849601.0;-280874.0;220
18470;201500020465;15;1;6;1505;1;2;3;1;3;278;0, RAHUEL (DOCTEUR);M;4850687.0;-274961.0;220
18471;201500020466;15;1;7;1400;1;2;1;1;6;278;PROMENADES (ET ALL. DES);M;4851302.0;-275910.0;220
18472;201500020467;15;1;7;1800;5;1;6;9;6;215;le carpont;M;4850108.0;-277946.0;220
18473;201500020468;15;1;13;820;5;2;1;2;3;278;38, HUNAUDAYE (DE LA);M;4851850.0;-279988.0;220
18474;201500020469;15;1;13;1720;2;2;1;1;6;278;13, EIFFEL (GUSTAVE);M;4851849.0;-277866.0;220
18475;201500020470;15;1;14;750;2;2;1;1;6;187;60, BEAUREGARD (RUE DE);M;4852588.0;-277079.0;220
18476;201500020472;15;1;16;1510;1;2;3;1;7;278;0, CUVERVILLE;M;4850560.0;-277559.0;220
18477;201500020473;15;1;17;1205;1;2;1;1;6;278;ponton 12, ARMEZ (Q.);M;4852402.0;-274487.0;220
18478;201500020474;15;1;19;1000;1;1;1;1;7;360;RN12;M;4848306.0;-269922.0;220
18479;201500020475;15;1;26;815;5;2;3;1;6;278;77, GOUEDIC (DE);M;4850888.0;-275387.0;220
18480;201500020476;15;1;27;1945;5;2;1;1;7;278;CLEMENCEAU boulevard;M;4850677.0;-276085.0;220
18481;201500020477;15;1;29;920;1;2;1;3;7;278;37,rue T .Ribot;M;4851740.0;-277872.0;220
18482;201500020478;15;1;30;915;1;2;3;1;6;278;1, HOUVENAGLE;M;4851510.0;-276193.0;220
18483;201500020479;15;1;30;950;1;1;1;3;7;187;31, VIADUC (RUE DU);M;4852709.0;-276977.0;220
18484;201500020480;15;1;31;1300;1;2;3;2;3;278;1, GOUEDIC (DE);M;4850935.0;-275482.0;220
18485;201500020481;15;2;5;1630;1;2;6;1;2;278;0, SEMARD (PIERRE);M;4850865.0;-277170.0;220
18486;201500020482;15;2;8;2045;5;2;3;1;1;360;1, FONTAINE (RUE DE LA);M;4848895.0;-275661.0;220
18487;201500020483;15;2;9;1530;1;2;6;1;6;278;0, FERRY (JULES);M;4849867.0;-277174.0;220
18488;201500020484;15;2;12;1210;1;1;1;1;6;187;0, FRANCE LIBRE ( Rue de;M;4852950.0;-276042.0;220
18489;201500020485;15;4;9;1553;1;2;2;1;3;96;CHARLES DE GAULLE (AVENU;M;4616871.0;187401.0;230
18490;201500020486;15;4;25;1715;1;2;1;1;6;96;3, RODDE (RUE DE LA);M;4617233.0;187658.0;230
18491;201500020487;15;5;17;640;2;1;1;5;7;96;940 (ROUTE DEPARTEMENTAL;M;4613328.0;186478.0;230
18492;201500020488;15;5;19;1350;1;2;1;1;6;96;43, STALINGRAD (RUE DE);M;4617489.0;187377.0;230
18493;201500020489;15;6;15;1630;1;2;3;3;2;96;10, FAYOLLE (AVENUE);M;4617140.0;187458.0;230
18494;201500020490;15;6;23;1740;1;2;4;1;3;96;15, POMMEIL (RUE DE);M;4616650.0;187458.0;230
18495;201500020491;15;9;7;1800;1;2;1;1;6;96;PRAT (RUE DU );M;4617107.0;186844.0;230
18496;201500020492;15;11;14;1540;1;2;1;1;6;96;LEROUX (AVENUE PIERRE);M;;;230
18497;201500020493;15;12;6;1115;1;2;6;1;6;96;POMPIDOU (ROND-POINT);M;4618303.0;187797.0;230
18498;201500020494;15;2;23;1255;1;2;3;2;3;96;36, POITOU (AVENUE DU);M;4617547.0;186384.0;230
18499;201500020495;15;2;23;1845;2;2;2;9;3;96;3, BERRY (AVENUE DU);M;4617558.0;187451.0;230
18500;201500020497;15;3;13;1600;1;2;1;1;6;37;RUE DES FRERES PRECHEURS;M;4485500.0;47948.0;240
18501;201500020498;15;6;30;735;2;2;1;1;6;37;RUE DES DOCTEURS VIZERIE;M;4485010.0;49307.0;240
18502;201500020499;15;7;9;2010;1;2;2;1;1;37;BOULEVAR LOUIS PIMONT;M;4484320.0;48316.0;240
18503;201500020500;15;8;25;1703;1;1;1;1;1;140;ROUTE DE SAINT-GERMAIN;M;4484180.0;54934.0;240
18504;201500020501;15;8;31;759;1;2;1;1;6;37;RUE DES COTE PECHARMANT;M;4486410.0;50424.0;240
18505;201500020502;15;11;27;1040;1;2;1;5;1;37;AVENUE PAUL PAINLEVE;M;4483690.0;49108.0;240
18506;201500020503;15;12;7;745;5;2;1;1;6;37;146, RUE DE LA BOETIE;M;4486040.0;47914.0;240
18507;201500020504;15;12;22;2056;3;1;1;1;6;37;ROUTE DES LIBRAIRES;M;4485480.0;52609.0;240
18508;201500020505;15;1;8;1825;5;2;4;2;6;322;48, ALLEE DU PORT;M;4518450.0;70862.0;240
18509;201500020506;15;2;10;1400;1;2;1;1;6;322;ROUTE D'ANGOULEME;M;4520180.0;68858.0;240
18510;201500020507;15;2;24;410;5;2;1;1;6;322;74, RUE VICTOR HUGO;M;4518881.0;71542.0;240
18511;201500020509;15;3;5;800;1;2;3;1;3;322;RUE DE CHANZY;M;4518520.0;70997.0;240
18512;201500020511;15;3;27;1245;1;2;1;1;3;322;BOULEVARD LAKANAL;M;4517680.0;72414.0;240
18513;201500020512;15;4;19;1255;1;2;1;1;6;557;LE POUYAULT;M;4521730.0;75120.0;240
18514;201500020513;15;4;21;1110;1;2;1;1;6;322;AVENUE DU MARECHAL JUIN;M;4518550.0;70564.0;240
18515;201500020514;15;4;27;1246;1;2;2;1;1;138;RUE DES FRERE MARTY;M;4518500.0;69699.0;240
18516;201500020515;15;4;30;1440;1;2;3;1;2;322;RUE PIERRE SEMARD;M;4519720.0;70043.0;240
18517;201500020516;15;5;29;2240;5;1;1;1;3;557;AVENUE MICHEL GRANDOU;M;4519450.0;77780.0;240
18518;201500020517;15;5;13;1900;1;2;3;1;3;98;RUE COMBES DES DAMES;M;4519930.0;73070.0;240
18519;201500020518;15;5;15;600;5;2;1;1;3;322;ROND POINT LANXADE;M;4518530.0;71254.0;240
18520;201500020519;15;6;21;1715;1;2;3;1;6;322;PLACE FRANCHEVILLE;M;4518320.0;71833.0;240
18521;201500020520;15;6;26;1215;1;2;1;1;1;53;AVENUE FIRMIN BOUVIER;M;4517780.0;76789.0;240
18522;201500020521;15;6;30;958;1;2;4;7;6;322;20 PLACE FRANCHEVILLE;M;4518340.0;71836.0;240
18523;201500020522;15;7;29;935;1;2;1;2;3;98;AVENUE POMPIDOU;M;4519980.0;74227.0;240
18524;201500020523;15;8;30;1220;1;1;1;1;2;312;16, ROUTE D'ATUR;M;4517550.0;73299.0;240
18525;201500020524;15;9;14;1720;1;2;1;1;3;322;140, ROUTE DE LYON;M;4517870.0;73990.0;240
18526;201500020525;15;9;27;605;5;2;1;1;1;322;4, RUE DE CHANZY;M;4518250.0;71199.0;240
18527;201500020526;15;10;22;1210;1;2;1;1;1;53;AVENUE MITTERAND;M;4518120.0;74966.0;240
18528;201500020527;15;11;18;730;2;2;3;2;6;53;37, TALLEYRAND PERIGORD;M;4518010.0;72910.0;240
18529;201500020528;15;11;20;1810;5;1;3;2;6;138;RUE DU PRESIDENT WILSON;M;4518400.0;71699.0;240
18530;201500020529;15;1;26;914;1;2;3;4;3;56;sans, FORT BENOIT CHEMIN;;;;250
18531;201500020531;15;1;26;1646;1;2;1;2;6;56;SANS, GIACOMOTTI  RUE;M;4723145.0;601089.0;250
18532;201500020532;15;3;12;1252;1;2;1;1;6;56;SANS, OUEST BOULEVARD;;;;250
18533;201500020533;15;1;28;1800;5;2;1;2;1;56;SANS, BLUM BOULEVARD LEO;;;;250
18534;201500020534;15;3;16;1755;1;2;1;1;6;56;SANS, LAFAYETTE RUE;M;4721222.0;597167.0;250
18535;201500020535;15;1;30;1608;1;2;1;4;6;56;SANS, HELVETIE AVENUE D';M;4724304.0;602688.0;250
18536;201500020536;15;3;17;731;1;2;2;1;3;56;SANS, BELFORT RUE DE <14;M;4715110.0;621260.0;250
18537;201500020537;15;1;31;1740;5;2;1;1;3;56;SANS, BATTANT RUE;;;;250
18538;201500020538;15;3;17;1713;1;2;1;1;6;56;85D, BELFORT RUE DE <144;M;4715100.0;616000.0;250
18539;201500020539;15;2;15;1725;1;2;2;1;6;56;sans, JACOBINS PLACE DES;M;4723782.0;602405.0;250
18540;201500020540;15;3;19;1712;1;2;1;1;1;56;SANS, DOLE RUE DE >185 &;M;4722780.0;597508.0;250
18541;201500020541;15;2;15;1518;1;2;1;1;6;56;SANS, PASCAL RUE BLAISE;M;4721633.0;597873.0;250
18542;201500020542;15;3;20;1757;1;2;1;1;6;56;41, VILLARCEAU AVENUE;M;4723852.0;601252.0;250
18543;201500020543;15;2;17;1544;1;2;1;1;6;56;6, DIDEROT BOULEVARD;M;4724573.0;603565.0;250
18544;201500020544;15;3;24;1852;2;2;3;1;6;56;4, KENNEDY  BOULEVARD J.;M;4724278.0;599333.0;250
18545;201500020545;15;2;18;127;5;2;1;1;6;56;SANS, OUDET RUE;M;4723547.0;601543.0;250
18546;201500020546;15;3;25;838;1;2;1;1;6;56;SANS, BONNEFOY RUE CONST;M;4721859.0;597115.0;250
18547;201500020547;15;2;21;756;1;2;1;2;6;56;65, RIVOTTE  FAUBOURG;M;4723081.0;603636.0;250
18548;201500020548;15;3;25;2230;5;2;1;1;6;56;3, OUEST BOULEVARD;M;4722202.0;597983.0;250
18549;201500020549;15;2;25;1145;1;2;1;1;6;56;75, VESOUL RUE DE > 52;M;4725565.0;601321.0;250
18550;201500020550;15;3;26;1734;1;2;3;1;3;56;1, AMITIE RUE;M;4710740.0;590867.0;250
18551;201500020551;15;3;26;1948;5;2;1;1;6;56;154, BELFORT RUE DE BELF;;;;250
18552;201500020552;15;3;27;555;5;2;1;1;6;56;8, MONTBOUCONS CHEMIN DE;M;4725617.0;599388.0;250
18553;201500020553;15;3;30;1125;1;2;3;2;6;56;SANS, WYRSCH RUE JEAN;M;4725406.0;601530.0;250
18554;201500020554;15;4;8;1928;1;2;7;1;6;56;SANS, CASSIN PLACE RENE;M;4721792.0;597018.0;250
18555;201500020555;15;4;10;2200;5;2;1;1;6;56;SANS, GAULLE BOULEVARD C;;;;250
18556;201500020556;15;4;14;1934;1;2;1;1;3;56;SANS, VALENTIN  CHEMIN D;M;4726728.0;601139.0;250
18557;201500020557;15;4;22;1533;1;2;1;1;2;56;CHURCHILL BD WINSTON;M;4724486.0;599598.0;250
18558;201500020558;15;5;5;1145;1;2;1;1;6;56;sans, BLUM BOULEVARD LEO;;;;250
18559;201500020559;15;5;6;935;1;2;1;1;6;56;SANS, KENNEDY  BOULEVARD;;;;250
18560;201500020560;15;5;7;712;1;2;3;1;5;56;sans, LAFAYETTE RUE;M;4722144.0;597328.0;250
18561;201500020561;15;5;9;1557;1;2;1;1;1;56;SANS, CHAILLOT RUE DES D;;;;250
18562;201500020563;15;5;11;2315;5;2;1;1;1;56;SANS, MONTRAPON AVENUE D;;;;250
18563;201500020564;15;5;12;1830;1;2;1;1;2;56;20, MONTRAPON AVENUE DE;M;4724574.0;601050.0;250
18564;201500020565;15;5;13;1018;1;2;3;1;3;56;SANS, DENFERT ROCHEREAU;;;;250
18565;201500020567;15;5;15;1057;1;2;1;1;2;56;SANS, REFUGE  RUE DU;M;4700000.0;200000.0;250
18566;201500020568;15;5;16;1917;1;2;2;7;3;56;sans, FOCH AVENUE MARECH;M;4724290.0;602497.0;250
18567;201500020569;15;5;18;1802;1;2;1;1;6;56;1, VOIRIN RUE;M;4714529.0;608496.0;250
18568;201500020570;15;5;20;1716;1;2;1;1;6;56;SANS, MONTOILLE CHEMIN D;M;4722340.0;599208.0;250
18569;201500020571;15;5;21;800;1;2;3;1;3;56;72, CRAS RUE DES;M;4725710.0;603578.0;250
18570;201500020573;15;5;29;1542;1;2;1;1;5;56;SANS, FAURE AVENUE EDGAR;M;4724470.0;602200.0;250
18571;201500020574;15;6;2;1310;1;2;1;1;7;56;sans, DIDEROT BOULEVARD;M;4724580.0;603506.0;250
18572;201500020575;15;6;2;1625;1;2;1;1;2;56;44, DOLE RUE DE <82;M;4723190.0;599933.0;250
18573;201500020576;15;6;3;856;1;2;1;1;6;56;44, BELFORT RUE DE <144;M;4714538.0;614760.0;250
18574;201500020577;15;6;5;2018;1;2;1;1;6;56;SANS, TORCOLS CHEMIN DES;M;4726140.0;601439.0;250
18575;201500020578;15;6;6;2110;1;2;1;1;6;56;SANS, FORT DE PLANOISE C;M;4720760.0;598308.0;250
18576;201500020580;15;6;25;2200;2;2;1;1;6;56;SANS, MARCHAUX ROUTE DE;M;4728720.0;606383.0;250
18577;201500020582;15;6;28;2335;5;2;2;1;3;56;sans, SIFFERT  AVENUE CH;M;0.0;0.0;250
18578;201500020584;15;7;3;740;1;2;1;1;3;56;6, ROUSSILLON RUE;M;4724027.0;600411.0;250
18579;201500020585;15;7;9;1955;1;2;1;1;7;56;SANS, GRAY ROUTE DE;;;;250
18580;201500020586;15;7;12;159;5;2;1;1;6;56;GRAY ROUTE DE;M;0.0;0.0;250
18581;201500020587;15;7;13;152;5;2;4;1;3;56;25, MONTRAPON AVENUE DE;M;4724703.0;600673.0;250
18582;201500020588;15;7;15;1226;1;2;1;1;4;56;SANS, CHURCHILL BD WINST;M;0.0;0.0;250
18583;201500020589;15;7;15;2345;5;2;1;1;6;56;sans, PAPIN RUE DENIS;M;0.0;0.0;250
18584;201500020590;15;7;13;1117;1;2;3;1;3;56;SANS, BELLAY RUE JOACHIM;M;0.0;0.0;250
18585;201500020591;15;7;20;1803;1;2;3;1;3;56;SANS, STRASBOURG QUAI DE;M;0.0;0.0;250
18586;201500020592;15;7;22;1523;1;1;1;1;6;56;SANS, MIDOL RUE;M;0.0;0.0;250
18587;201500020593;15;7;28;1202;1;2;1;1;4;56;sans, KENNEDY  BOULEVARD;M;0.0;0.0;250
18588;201500020594;15;7;30;1648;1;2;5;1;3;56;sans, FLORE PLACE;M;4724565.0;602791.0;250
18589;201500020595;15;8;3;1435;1;1;2;1;3;56;sans, BELLAY RUE JOACHIM;M;4721464.0;595093.0;250
18590;201500020597;15;8;13;1017;1;2;1;1;7;56;30, PLANCON RUE GABRIEL;M;4723145.0;601319.0;250
18591;201500020599;15;8;27;1027;1;1;1;1;7;56;MORRE ROUTE DE;M;0.0;0.0;250
18592;201500020600;15;8;27;1650;1;2;1;1;6;56;SANS, RIVOTTE  FAUBOURG;M;0.0;0.0;250
18593;201500020602;15;9;3;1359;1;2;1;1;1;56;SANS, KENNEDY  BOULEVARD;M;0.0;0.0;250
18594;201500020603;15;9;6;1855;1;2;1;1;6;56;SANS, PAIX  AVENUE DE LA;M;0.0;0.0;250
18595;201500020604;15;9;8;1511;1;2;4;1;3;56;SANS, LANCHY  RUE NARCIS;M;4725722.0;602841.0;250
18596;201500020605;15;9;9;1216;1;2;1;1;4;56;SANS, BLUM  BOULEVARD LE;M;4723636.0;598582.0;250
18597;201500020607;15;9;17;800;1;2;9;8;3;56;SANS, KENNEDY  BOULEVARD;;;;250
18598;201500020608;15;9;20;210;5;2;1;1;6;56;SANS, RN 1057 (CH. EPITA;M;4715488.0;621967.0;250
18599;201500020609;15;9;20;1230;1;2;1;1;7;56;SANS, BRUAND RUE NICOLAS;M;0.0;0.0;250
18600;201500020611;15;9;23;740;1;2;9;1;6;56;4, DELAUNE RUE AUGUSTE;M;4724403.0;600707.0;250
18601;201500020612;15;9;24;1609;1;2;3;1;3;56;fontenottes;M;4724175.0;603410.0;250
18602;201500020613;15;9;26;1130;1;2;2;1;6;56;SANS, GAULARD AVENUE > 1;M;4723775.0;603214.0;250
18603;201500020614;15;9;28;1743;1;2;1;1;6;56;1, SIFFERT  AVENUE CHARL;M;4723804.0;601476.0;250
18604;201500020615;15;10;2;1440;1;2;1;1;7;56;SANS, MITTERAND AVENUE F;M;0.0;0.0;250
18605;201500020616;15;10;3;445;5;2;1;1;6;56;4, MAZAGRAN CHEMIN DE;M;4722857.0;602861.0;250
18606;201500020618;15;10;4;1705;1;2;9;1;6;56;SANS, LATTRE DE TASSIGNY;M;4723118.0;602655.0;250
18607;201500020619;15;10;6;43;5;2;1;1;6;56;sans, VESOUL RUE DE > 52;M;4725431.0;601546.0;250
18608;201500020620;15;10;6;1439;1;2;1;8;7;56;RN 1057 (CH. EPITAPHE-CH;M;4725340.0;598845.0;250
18609;201500020621;15;10;9;2012;5;2;1;1;6;56;SANS, DOLE RUE DE >200;M;4722610.0;597677.0;250
18610;201500020622;15;10;13;1113;1;2;3;1;3;56;SANS, JOUCHOUX RUE AUGUS;M;4723905.0;598766.0;250
18611;201500020624;15;10;14;2059;5;2;1;1;6;56;11, VIGNY  RUE ALFRED;M;4721433.0;596355.0;250
18612;201500020625;15;10;16;1625;1;2;1;1;6;56;SANS, EPITAPHE CHEMIN DE;M;4725255.0;598945.0;250
18613;201500020626;15;10;22;1506;1;2;9;1;3;56;27, EDISON RUE THOMAS;M;4723229.0;597269.0;250
18614;201500020627;15;10;23;320;5;2;1;2;6;56;1, CRAS RUE DES;M;4725229.0;603041.0;250
18615;201500020628;15;11;6;807;1;2;1;1;3;56;SANS, JACQUARD RUE;M;4723885.0;599378.0;250
18616;201500020629;15;11;10;1802;5;2;2;1;1;56;17, PONT RUE DU;M;4721948.0;601696.0;250
18617;201500020630;15;11;10;2000;5;2;2;1;3;56;SANS, BLUM BOULEVARD LEO;M;4726360.0;604723.0;250
18618;201500020631;15;11;13;1740;3;2;1;1;3;56;18, FRANOIS ROUTE DE;M;4722284.0;595047.0;250
18619;201500020632;15;11;16;848;1;2;1;1;6;56;44, MIDOL RUE;M;4724437.0;601438.0;250
18620;201500020633;15;11;18;1343;1;2;1;1;6;56;102, DOLE RUE DE >82 & <;M;4723090.0;599506.0;250
18621;201500020635;15;11;20;715;3;2;1;3;1;56;sans, BLUM  BOULEVARD LE;M;4725944.0;602916.0;250
18622;201500020637;15;11;20;1652;1;2;1;3;6;56;55, MEGEVAND RUE;M;4723384.0;602678.0;250
18623;201500020638;15;11;25;2209;5;2;9;2;3;56;95, DOLE RUE DE >82 & <1;M;4722905.0;599014.0;250
18624;201500020639;15;11;29;1704;2;2;3;2;2;56;SANS, BELLAY RUE JOACHIM;M;4721786.0;595260.0;250
18625;201500020640;15;12;4;1650;1;2;1;1;6;56;125, BELFORT RUE DE <144;M;4725498.0;603997.0;250
18626;201500020641;15;12;8;943;1;2;1;1;6;56;2, EGLISE RUE DE L';M;4724897.0;603157.0;250
18627;201500020642;15;12;8;1731;5;2;1;1;6;56;SANS, TORCOLS CHEMIN DES;;;;250
18628;201500020643;15;12;8;1903;5;2;1;1;6;56;SANS, VESOUL RUE DE < 52;M;4724590.0;601884.0;250
18629;201500020644;15;12;9;1213;1;2;1;1;6;56;05, LILAS  RUE DES;M;4725901.0;604443.0;250
18630;201500020645;15;12;13;358;5;2;1;1;6;56;SANS, FAURE AVENUE EDGAR;M;4714407.0;611758.0;250
18631;201500020646;15;12;15;1219;1;2;1;1;6;56;18, MARMIER RUE XAVIER;M;4724137.0;600761.0;250
18632;201500020647;15;12;16;1750;5;2;1;2;6;56;SANS, DOLE RUE DE >82 &;M;4723097.0;599544.0;250
18633;201500020648;15;12;21;741;5;2;6;2;3;56;SANS, SAVARY RUE ALAIN;M;4725612.0;600367.0;250
18634;201500020649;15;12;28;1909;5;2;1;1;6;56;96, BELFORT RUE DE <144;M;4725244.0;603636.0;250
18635;201500020651;15;12;30;2000;5;2;2;1;3;56;SANS, DOLE RUE DE >82 &;M;4722947.0;599058.0;250
18636;201500020652;15;12;27;1140;1;2;1;1;2;31;37, DASLE (RUE DE);M;4747840.0;685696.0;250