;Num_Acc;an;mois;jour;hrmn;lum;agg;int;atm;col;com;adr;gps;lat;long;dep
18637;201500020654;15;12;14;1555;1;2;1;1;6;388;19, RAVEL (RUE MAURICE);M;4749489.0;680123.0;250
18638;201500020655;15;5;22;1048;1;2;2;1;6;31;DUVERNOY (RUE DU DOCTEUR;M;4748218.0;684226.0;250
18639;201500020656;15;11;6;1740;5;1;1;1;6;388;1, DONZELOT (RUE PIERRE);M;4749453.0;681147.0;250
18640;201500020657;15;7;21;1520;1;2;1;1;3;31;15BIS, JAURES (AVENUE JE;;;;250
18641;201500020658;15;6;24;1213;1;2;1;1;6;539;31, VANDONCOURT (RUE DE);M;4746131.0;686683.0;250
18642;201500020659;15;11;15;215;5;2;1;1;7;580;MATHAY (RUE DE);;;;250
18643;201500020660;15;8;19;1800;1;2;1;1;6;388;BETHONCOURT (ROUTE DE );M;0.0;0.0;250
18644;201500020661;15;8;22;525;5;2;3;1;7;31;MINES (RUE DES);M;4748901.0;682438.0;250
18645;201500020662;15;10;4;2300;5;2;1;1;7;388;MOULIN (AVENUE JEAN);M;4749920.0;680455.0;250
18646;201500020664;15;12;16;1600;1;1;1;2;6;614;BROGNARD (RUE DE);;;;250
18647;201500020665;15;11;12;647;4;2;1;1;6;31;COURBET (RUE GUSTAVE);M;4747678.0;684094.0;250
18648;201500020666;15;11;20;1727;5;2;1;3;6;539;AUDINCOURT (RUE D');;;;250
18649;201500020667;15;11;24;1120;1;2;1;1;2;31;REVOLUTION DE 1789 AVENU;;;;250
18650;201500020668;15;1;2;1440;1;2;1;9;6;388;25, ETUVE (RUE DE L');M;4751156.0;679864.0;250
18651;201500020669;15;1;12;915;1;2;3;1;3;388;4, LEPRINCE-RINGUET (RUE;M;4749602.0;680537.0;250
18652;201500020670;15;1;31;1846;5;2;1;4;1;388;74, BESANCON (FAUBOURG D;M;4750973.0;678386.0;250
18653;201500020671;15;2;2;1115;1;2;1;1;3;31;02, JAURES (AVENUE JEAN);M;4748602.0;683261.0;250
18654;201500020672;15;2;2;1750;5;2;9;1;6;388;7, HERICOURT (ROUTE D');;;;250
18655;201500020673;15;3;27;1620;1;2;1;1;2;388;GRAND -CHARMONT (ROUTE D;;;;250
18656;201500020674;15;1;1;1600;1;2;1;1;1;462;63, NEUCHATEL (AVENUE DE;M;4689933.0;636196.0;250
18657;201500020675;15;3;4;1905;5;2;1;1;6;462;12, COMMANDANT VALENTIN;M;4690459.0;635978.0;250
18658;201500020676;15;1;8;1752;5;2;1;2;6;204;Besan?on  de;;;;250
18659;201500020677;15;3;7;1105;1;1;1;1;5;204;R-N 57.;;;;250
18660;201500020679;15;3;8;1520;1;2;3;1;6;204;24, Miranda;M;4692580.0;634618.0;250
18661;201500020680;15;1;31;2020;3;1;1;4;1;462;1, ROCADE G.POMPIDOU (DU;M;4689935.0;635953.0;250
18662;201500020681;15;3;13;1510;1;2;1;1;2;462;53, DOUBS DE (DU 25 A LA;M;4691428.0;635025.0;250
18663;201500020682;15;3;16;1610;1;2;1;1;4;462;ABATTOIRS;;;;250
18664;201500020683;15;2;13;2006;5;2;1;1;4;462;25, ROCADE G.POMPIDOU (D;M;4690185.0;634476.0;250
18665;201500020684;15;2;28;1040;1;1;1;4;3;204;1, Route D?partementale;M;4692439.0;635704.0;250
18666;201500020685;15;4;2;1015;1;2;3;2;6;462;GARE (DE LA);M;4690334.0;635552.0;250
18667;201500020687;15;4;14;1515;1;1;1;1;1;204;1, Vuillecin  (rue de );M;4691891.0;634305.0;250
18668;201500020688;15;4;21;1005;1;2;1;1;6;462;1, REPUBLIQUE DE LA;;;;250
18669;201500020689;15;4;27;2005;2;2;6;3;3;462;1, CHATEAU CHASTAIN (DU;;;;250
18670;201500020690;15;5;14;1205;1;2;6;1;1;462;1, MORTEAU DE (DU 0 AU 3;M;4690588.0;635757.0;250
18671;201500020691;15;5;19;835;1;2;1;2;5;462;ROCADE G.POMPIDOU ( DE 0;;;;250
18672;201500020692;15;6;2;910;1;2;2;1;3;462;1, BAUMONT;M;4689824.0;635023.0;250
18673;201500020693;15;6;14;2226;5;2;2;2;3;462;2, BESANCON (RUE DE);M;4690537.0;635144.0;250
18674;201500020694;15;6;23;1741;1;2;3;1;3;462;15, DECHANET (PIERRE);M;4690313.0;633299.0;250
18675;201500020695;15;6;29;1715;1;1;1;1;7;462;28, LAVAUX DES (DU 26 A;M;4690508.0;636204.0;250
18676;201500020696;15;7;2;1910;1;2;1;1;6;462;6, BESANCON (DU 0 AU 25);M;4690563.0;635170.0;250
18677;201500020697;15;7;14;1420;1;2;3;1;1;462;18, PATEL ANTOINE;M;4690990.0;634700.0;250
18678;201500020698;15;7;16;1424;1;2;1;1;3;462;8, DECHANET (PIERRE);M;4690739.0;633351.0;250
18679;201500020699;15;7;17;634;1;2;1;1;7;462;4, ROCADE G.POMPIDOU ( D;M;4689586.0;636295.0;250
18680;201500020700;15;8;11;1100;1;2;6;1;2;462;25, DOUBS DE (DU 25 A LA;M;4691414.0;635215.0;250
18681;201500020701;15;8;21;1850;1;2;3;1;6;462;78, BESANCON (DU 72TER A;M;4691609.0;634483.0;250
18682;201500020702;15;9;8;2010;2;2;2;1;1;462;2, BERLIOZ (DU 0 AU 24);M;4690993.0;635497.0;250
18683;201500020703;15;9;9;50;5;1;1;1;6;462;ETRACHES LES;;;;250
18684;201500020704;15;9;24;1302;1;1;3;1;3;204;2, Route Départementale;M;4693224.0;636648.0;250
18685;201500020705;15;9;28;1735;1;2;1;1;3;462;2, PASTEUR (RUE);M;4693052.0;635489.0;250
18686;201500020706;15;10;2;755;1;2;2;1;1;462;1, ARAGO;M;4691322.0;634123.0;250
18687;201500020707;15;10;3;955;1;2;1;1;3;462;09 bis, PATEL ANTOINE;M;4690778.0;634648.0;250
18688;201500020708;15;10;8;1722;1;2;1;1;6;462;ROCADE G.POMPIDOU (DU 7;M;4690057.0;635599.0;250
18689;201500020709;15;10;15;1812;1;1;1;1;3;462;2, MARPAUD;M;4690161.0;635440.0;250
18690;201500020710;15;11;11;2006;5;2;3;1;3;462;2, LYCEE DU;M;4691604.0;634478.0;250
18691;201500020711;15;11;12;1215;1;2;1;1;3;462;2, LIBERATION DE LA (DU;M;4691803.0;634332.0;250
18692;201500020712;15;11;17;2025;5;2;3;1;3;462;1, GARE (DE LA);M;4690309.0;635531.0;250
18693;201500020713;15;11;18;740;2;2;1;1;6;462;66, SALINS DE (DU 64 A L;M;4690936.0;633666.0;250
18694;201500020714;15;11;23;1800;5;2;1;4;6;462;81, BESANCON (DU 72TER A;M;4691368.0;634622.0;250
18695;201500020715;15;11;26;1115;1;2;2;4;3;462;BESANCON (DU 72TER A LA;M;4691435.0;634611.0;250
18696;201500020716;15;12;1;1725;5;2;3;1;7;462;1, CHENIER ANDRE DE;M;4689342.0;636487.0;250
18697;201500020717;15;12;9;1950;3;1;1;1;1;462;28, ROCADE G.POMPIDOU (D;M;4690092.0;634293.0;250
18698;201500020718;15;12;24;1601;1;2;1;1;6;462;12, DEPORTES DES;M;4691553.0;634407.0;250
18699;201500020719;15;12;29;1150;1;2;1;1;6;462;28, DOUBS DE (DU 25 A LA;M;4691321.0;635339.0;250
18700;201500020720;15;12;30;1725;5;2;1;1;6;462;23, SAINT ETIENNE FAUBOU;M;4690167.0;636033.0;250
18701;201500020723;15;1;8;2215;3;1;2;1;1;99;CD15- ch Four à Chaux;M;4386736.0;511991.0;840
18702;201500020724;15;1;24;530;3;1;1;1;6;25;;M;4388300.0;514722.0;840
18703;201500020725;15;5;23;1115;1;1;1;1;3;38;;M;0.0;0.0;840
18704;201500020726;15;5;24;1430;1;1;2;1;3;99;;M;4386090.0;513434.0;840
18705;201500020727;15;6;6;430;3;2;1;1;6;99;chemin de boulon;M;4384068.0;510793.0;840
18706;201500020728;15;7;6;1015;1;1;1;1;6;38;;M;4378908.0;508561.0;840
18707;201500020729;15;9;9;645;2;1;1;1;1;62;;M;0.0;0.0;840
18708;201500020730;15;10;24;1545;1;1;1;1;1;62;;M;0.0;0.0;840
18709;201500020731;15;12;5;1130;1;1;1;1;1;62;;M;4390519.0;510689.0;840
18710;201500020732;15;4;9;1930;1;1;2;1;4;478;;M;0.0;0.0;590
18711;201500020733;15;4;21;730;1;1;1;7;2;82;Route de Pitgam;M;5095204.0;239542.0;590
18712;201500020734;15;6;7;1115;1;2;1;8;6;478;Faubourg de Cassel;M;0.0;0.0;590
18713;201500020735;15;6;12;2215;2;2;1;1;6;67;rue léon claeys;M;0.0;0.0;590
18714;201500020736;15;7;9;2215;2;1;1;1;3;478;;M;0.0;0.0;590
18715;201500020737;15;7;18;1200;1;2;2;1;3;162;rue du collège;M;0.0;0.0;590
18716;201500020738;15;10;19;1315;1;1;1;1;3;82;;M;0.0;0.0;590
18717;201500020739;15;11;3;1800;3;1;1;1;1;16;;M;0.0;0.0;590
18718;201500020741;15;9;10;1845;1;2;1;1;1;297;;M;4624506.0;3226.0;790
18719;201500020742;15;3;6;415;4;2;1;1;6;307;ROUTE DE MELLERAN;M;4613590.0;9990.0;790
18720;201500020743;15;4;15;1915;1;1;3;1;3;83;;M;4612004.0;-6765.0;790
18721;201500020744;15;6;7;200;3;2;1;1;6;163;"LD ""LES BROUSSES""";M;4615243.0;5757.0;790
18722;201500020745;15;6;7;340;3;1;1;1;6;27;;M;4607974.0;-11249.0;790
18723;201500020746;15;6;13;1845;1;1;1;1;3;148;"LD ""L'ARTIGAULT""";M;4623479.0;-3676.0;790
18724;201500020747;15;3;8;930;1;2;1;1;3;261;Avenue de la C?te d'Opal;M;5048470.0;162860.0;620
18725;201500020748;15;3;27;1545;1;2;1;1;3;571;Avenue Biblocq;M;5045172.0;161476.0;620
18726;201500020749;15;4;22;1115;1;2;2;1;3;261;rue de menton;M;5047613.0;160188.0;620
18727;201500020750;15;6;9;1830;1;2;1;1;6;261;boulevard de la mer;M;5047713.0;157573.0;620
18728;201500020751;15;7;28;1900;1;1;2;1;3;849;;M;5040695.0;163336.0;620
18729;201500020752;15;8;27;1830;1;2;1;2;6;849;Flaque du Veixu Moulin;M;5040305.0;163681.0;620
18730;201500020754;15;1;12;1245;1;2;1;1;2;202;401 rue du Moulin;M;0.0;0.0;590
18731;201500020755;15;1;13;1830;5;2;6;3;6;202;rue d armentieres cd.945;M;0.0;0.0;590
18732;201500020756;15;1;25;1100;1;1;1;1;6;553;;M;5060256.0;296480.0;590
18733;201500020757;15;6;18;700;1;2;9;2;7;278;rue gambetta;M;0.0;0.0;590
18734;201500020758;15;7;31;1300;1;1;1;1;1;553;;M;5059874.0;293907.0;590
18735;201500020759;15;8;21;1715;1;2;1;1;1;202;rue d armentieres;M;0.0;0.0;590
18736;201500020761;15;4;25;430;3;1;1;1;1;26;;M;0.0;0.0;740
18737;201500020762;15;8;26;1830;1;2;6;1;1;182;RUE DE L'EGALITE;M;0.0;0.0;740
18738;201500020763;15;10;25;1745;3;1;1;1;5;179;625 ROUTE DE BELLEGARDE;M;0.0;0.0;740
18739;201500020764;15;11;6;815;1;1;1;1;4;112;;M;4556600.0;611300.0;740
18740;201500020765;15;1;16;1200;1;2;1;2;6;33;rue de la r?publique;M;0.0;0.0;10
18741;201500020766;15;6;3;1515;1;1;1;1;1;91;;M;0.0;0.0;10
18742;201500020767;15;6;30;830;1;2;1;1;6;33;14 rue de la république;M;0.0;0.0;10
18743;201500020768;15;7;17;745;1;2;1;1;1;33;Moulin de Metral;M;0.0;0.0;10
18744;201500020769;15;9;24;1315;1;1;1;1;1;357;;M;0.0;0.0;10
18745;201500020770;15;11;10;100;3;1;1;1;6;91;;M;0.0;0.0;10
18746;201500020771;15;12;9;815;1;2;1;1;6;33;rue Lafayette;M;0.0;0.0;10
18747;201500020772;15;6;6;1500;1;1;1;1;1;49;;M;0.0;0.0;830
18748;201500020773;15;8;19;930;1;2;1;1;6;49;;M;4323910.0;607677.0;830
18749;201500020774;15;10;12;2015;3;1;1;2;1;49;;M;0.0;0.0;830
18750;201500020775;15;3;29;2045;1;1;3;1;3;198;BD GEORGES POMPIDOU;M;4454720.0;477330.0;260
18751;201500020776;15;4;8;2130;5;2;1;1;1;198;CHEMIN DES GREZES;M;0.0;0.0;260
18752;201500020777;15;4;13;800;1;2;3;1;3;198;RUE ANDRE MALRAUX;M;4456700.0;474080.0;260
18753;201500020778;15;4;25;1635;1;2;1;1;6;198;BD EUROPE;M;4454830.0;475670.0;260
18754;201500020780;15;5;26;855;1;2;2;1;3;198;CHEMIN DE LA DAME;M;4456310.0;473370.0;260
18755;201500020782;15;7;15;100;5;2;1;1;6;198;10 AV DE ROCHEMAURE;M;4456090.0;474680.0;260
18756;201500020783;15;8;13;730;1;2;1;1;6;198;AVENUE JEAN JAURES;M;4455000.0;474725.0;260
18757;201500020784;15;8;11;1530;1;2;1;1;6;198;DESMARAIS (Boulevard Mar;M;4455620.0;474856.0;260
18758;201500020785;15;8;26;1350;1;1;1;1;2;198;ROUTE DE DIEULEFIT;M;0.0;0.0;260
18759;201500020786;15;8;27;700;1;2;6;1;3;198;BOULEVARD EUROPE;M;4453740.0;476440.0;260
18760;201500020787;15;8;14;1930;1;2;1;1;6;198;GAMBETTA (Boulevard );M;4455240.0;471880.0;260
18761;201500020788;15;9;29;705;1;1;1;1;4;198;LE BOUQUET;M;0.0;0.0;260
18762;201500020789;15;9;19;1810;1;1;1;1;1;198;ROUTE DU TEIL;M;0.0;0.0;260
18763;201500020790;15;9;27;1050;1;2;9;1;6;198;AVENUE ESPOULETTE;;;;260
18764;201500020791;15;10;15;1850;5;1;1;1;1;198;MEYROL;M;0.0;0.0;260
18765;201500020792;15;11;6;930;1;2;1;1;6;198;15 AV JOHN KENNEDY;M;0.0;0.0;260
18766;201500020793;15;11;18;1118;1;2;1;1;3;198;28  AVENUE SAINT LAZARE;;;;260
18767;201500020794;15;11;20;800;1;1;1;1;3;8;30 RUE DU LAC;;;;260
18768;201500020795;15;10;25;22;3;1;1;1;6;198;RTE DE ROCHEMAURE;;;;260
18769;201500020796;15;12;2;1230;1;1;2;1;3;198;BD CHARLES ANDRE;M;4452620.0;473980.0;260
18770;201500020797;15;11;30;1115;1;2;1;1;6;198;60 AV JEAN JAURES;;;;260
18771;201500020798;15;1;4;15;5;2;1;1;6;198;ROUTE DE ROCHEMAURE;;;;260
18772;201500020799;15;1;5;815;1;2;1;1;4;198;ROUTE DU TEIL;;;;260
18773;201500020800;15;1;6;1620;1;2;3;1;3;198;49 AVENUE DE ROCHEMAURE;;;;260
18774;201500020801;15;1;18;2105;5;2;6;2;3;198;AVENUE SAINT LAZARE;M;4456740.0;475530.0;260
18775;201500020803;15;2;5;1115;1;1;1;6;5;8;ROUTE DE ROCHEMAURE;;;;260
18776;201500020806;15;1;3;955;1;2;2;1;3;281;RUE GUILHAUME;M;4504750.0;504970.0;260
18777;201500020807;15;3;22;1635;1;2;1;1;3;57;QUAI DE LA LIBERATION;M;4503820.0;504340.0;260
18778;201500020809;15;3;23;1139;1;2;6;1;1;281;ROND POINT PAUL DEVAL;M;4504560.0;504630.0;260
18779;201500020810;15;1;7;450;5;2;1;1;6;281;103 RUE PARMENTIER;M;4504970.0;507020.0;260
18780;201500020811;15;3;23;2010;2;2;1;1;6;281;RUE JACQUEMART;M;4504690.0;504890.0;260
18781;201500020812;15;1;7;1045;1;2;1;1;1;281;RUE NINON VALLIN;M;4504790.0;507560.0;260
18782;201500020814;15;1;9;750;2;2;6;1;6;281;AV PREMIERE ARMEE;M;4505660.0;505730.0;260
18783;201500020815;15;4;10;1835;1;2;3;1;3;281;BD REGIS GIGNIER;M;4504810.0;506450.0;260
18784;201500020816;15;1;14;1550;1;2;3;1;3;281;AVENUE BERTHELOT;M;4504470.0;504080.0;260
18785;201500020817;15;4;10;2255;5;2;1;1;3;281;87 AV ADOLPHE FIGUET;M;4504390.0;506230.0;260
18786;201500020818;15;1;16;1835;5;2;6;1;3;281;BOULEVARD REGIS GIGNIER;M;4504710.0;507080.0;260
18787;201500020819;15;4;14;750;1;2;2;1;3;281;RUE DU  PUY;M;4504390.0;505330.0;260
18788;201500020820;15;1;24;1425;1;2;3;1;3;281;RUE POUCHELON;M;4504810.0;506450.0;260
18789;201500020822;15;2;14;1550;1;2;1;1;6;281;52 PLACE JEAN JAURES;M;4504590.0;505150.0;260
18790;201500020823;15;4;21;1330;1;2;1;1;6;57;RUE DE LA REPUBLIQUE;M;4503850.0;504920.0;260
18791;201500020824;15;2;15;905;1;2;1;2;6;57;RUE VINCENT DINDY;M;4504810.0;507730.0;260
18792;201500020825;15;4;29;1440;1;2;1;1;6;281;43 BIS CHEMIN DES BOEUF;M;4504030.0;506620.0;260
18793;201500020826;15;2;23;755;1;2;1;1;3;281;AVENUE DUCHESNE;M;4504710.0;504340.0;260
18794;201500020827;15;5;9;1852;1;1;1;1;2;281;ROUTE DE TAIN;;;;260
18795;201500020828;15;2;23;850;1;2;2;1;7;57;RUE  DE LA REPUBLIQUE;M;4504010.0;505020.0;260
18796;201500020829;15;5;11;1800;1;2;3;1;3;281;AVENUE DU 8 MAI;M;4504630.0;507750.0;260
18797;201500020830;15;2;27;1125;1;2;1;3;7;281;BD ETIENNE JEA LAPASSAT;;;;260
18798;201500020831;15;5;14;1620;1;2;6;1;3;281;RD 53;;;;260
18799;201500020832;15;3;10;1725;1;2;1;1;2;281;AV JEAN MOULIN;M;4505520.0;504900.0;260
18800;201500020833;15;5;19;1820;1;2;1;1;1;57;AV EUGENE CHAVANT;;;;260
18801;201500020834;15;5;20;1207;1;2;2;1;3;281;BOULRVARD HENRI DUNANT;M;4504730.0;507560.0;260
18802;201500020836;15;6;10;750;1;2;1;1;3;281;BOULEVARD GABRIEL PERI;M;4504830.0;505170.0;260
18803;201500020837;15;6;18;1815;1;2;2;1;1;281;PASSAGE GALLOIS;M;4504750.0;505470.0;260
18804;201500020838;15;6;18;1115;1;2;2;1;3;57;RUE LOUIS PASTEUR;M;4503690.0;505100.0;260
18805;201500020839;15;6;24;1945;2;2;1;1;1;281;BOULEVARD VOLTAIRE;M;4504430.0;505820.0;260
18806;201500020840;15;6;26;835;1;2;1;1;2;281;PLACE CARNOT;M;4504860.0;504960.0;260
18807;201500020841;15;6;26;1615;1;2;1;1;3;281;RUE  DELAY;M;4504920.0;505110.0;260
18808;201500020842;15;6;28;1925;2;2;1;1;2;281;COTE DES MASSES;M;4504510.0;504470.0;260
18809;201500020843;15;7;1;1147;1;2;1;1;3;281;PLACE JEAN JAURES;M;4504630.0;505260.0;260
18810;201500020845;15;7;13;950;1;2;1;1;2;281;AV  ADOLPHE FIGUET;M;4504350.0;506130.0;260
18811;201500020847;15;7;30;1650;1;2;6;1;3;281;PLACE JEAN JAURES;M;4504540.0;505320.0;260
18812;201500020848;15;8;7;930;1;2;2;1;1;281;AVENUE DE DEPORTATION;M;4505410.0;510100.0;260
18813;201500020850;15;8;18;1930;2;2;1;1;4;281;BD PIERRE MENDES FRANCE;;;;260
18814;201500020851;15;8;22;1430;1;2;3;1;2;281;COTE DES CORDELIERS;M;4504370.0;505130.0;260
18815;201500020854;15;9;14;1200;1;2;1;1;2;281;PLACE JULES NADI;M;4504420.0;505200.0;260
18816;201500020855;15;9;15;1137;1;2;1;1;7;57;AVENUE  PREMIERE ARMEE;M;4503390.0;506490.0;260
18817;201500020856;15;9;15;1340;1;2;9;1;6;281;AVENUE GAMBETTA;M;4504540.0;506070.0;260
18818;201500020857;15;9;16;2030;3;2;1;1;3;57;AV GEORGES POMPIDOU;;;;260
18819;201500020858;15;9;18;1605;1;2;9;1;3;281;AVENUE GAMBETTA;M;4504550.0;506030.0;260
18820;201500020860;15;9;19;1945;1;2;3;1;4;57;RUE ANTONIN  VALLON;M;4504080.0;505240.0;260
18821;201500020861;15;9;21;1815;1;2;6;1;2;281;RD 532 DIRECTION TAIN;;;;260
18822;201500020862;15;9;26;1205;1;2;1;1;1;281;AVENUE BERTHELOT;M;4504460.0;503880.0;260
18823;201500020863;15;9;29;1800;1;2;1;1;5;281;AVENUE DES ALLOBROGES;;;;260
18824;201500020864;15;10;1;900;1;2;9;1;3;281;PONT MARECHAL DE LATTRE;M;4504150.0;505630.0;260
18825;201500020865;15;10;6;1650;1;2;1;1;6;281;89 AV JEAN MOULIN;M;4505750.0;504980.0;260
18826;201500020866;15;10;8;1815;1;2;1;1;4;281;QUAI STE  CLAIRE;M;4504350.0;504350.0;260
18827;201500020867;15;10;9;920;1;2;2;1;3;281;COTE JACQUEMART;M;4504380.0;504960.0;260
18828;201500020868;15;10;12;1540;1;2;1;1;1;281;BD PIERRE MENDES FRANCE;;;;260
18829;201500020869;15;10;13;1045;1;2;1;2;2;281;AVENUE GAMBETTA;M;4504550.0;505890.0;260
18830;201500020870;15;11;2;1125;1;2;1;1;2;57;RUE ANTONIN VALLON;M;4504080.0;505240.0;260
18831;201500020871;15;11;2;1650;1;2;1;1;3;281;ROUTE DE TAIN;M;4504410.0;502000.0;260
18832;201500020872;15;11;6;1210;1;2;1;1;2;281;RUE SIMONE ABBAT;M;4504700.0;503540.0;260
18833;201500020873;15;11;14;953;1;2;3;1;3;281;AVENUE MARCEL PAUL;M;4504840.0;503740.0;260
18834;201500020874;15;11;28;1405;1;2;1;1;6;281;AV EMILE  ZOLA;M;4505110.0;505920.0;260
18835;201500020875;15;11;30;750;5;2;6;1;3;281;ROND POINT N 1 ALLOBROGE;;;;260
18836;201500020876;15;11;23;1214;1;2;6;1;7;281;AV CHANOINE J CHEVALIER;M;4504440.0;504130.0;260
18837;201500020877;15;12;2;1040;1;1;2;1;3;57;ALLEE DAUPHINE;M;4501780.0;503510.0;260
18838;201500020878;15;12;8;1140;1;2;6;1;6;57;GRAND RUE JEAN JAURES;M;4503930.0;504770.0;260
18839;201500020879;15;12;8;1350;1;1;4;1;6;281;AVENUE DUCHESNE;M;4504820.0;504120.0;260
18840;201500020881;15;12;11;740;5;2;6;1;3;281;AVENUE ADOLPHE  FIGUET;M;4504260.0;505800.0;260
18841;201500020882;15;12;12;1605;1;1;1;1;2;281;ALLEE EDOUARD BRANLY;;;;260
18842;201500020883;15;12;15;1905;2;2;1;1;3;281;RTE DE GENISSIEUX;;;;260
18843;201500020884;15;12;17;1655;1;1;2;1;3;57;RD 538;;;;260
18844;201500020885;15;12;18;1648;1;2;1;1;3;281;69 AV JEAN MOULIN;M;4505590.0;504930.0;260
18845;201500020886;15;12;21;1152;1;2;6;2;3;281;AVENUE DEPORTATION;M;4505050.0;508290.0;260
18846;201500020887;15;12;22;1815;5;1;1;1;2;281;AV DES ALLOBROGES;;;;260
18847;201500020888;15;1;8;1345;1;1;3;1;3;58;RUE MOULIN ALBON;M;4495100.0;490190.0;260
18848;201500020889;15;12;28;1706;2;2;1;1;6;362;RUE GUISEPPE VERDI;M;4492990.0;491840.0;260
18849;201500020891;15;1;8;1400;1;2;3;1;6;362;PASSAGE ARGONNE;M;4493420.0;489720.0;260
18850;201500020892;15;3;18;1920;1;2;2;1;3;362;RUE DES ALPES;M;4492620.0;490120.0;260
18851;201500020893;15;12;28;2015;5;2;1;1;3;362;ROUTE DE ROMANS;M;4494200.0;491810.0;260
18852;201500020894;15;1;11;530;3;1;1;1;1;170;L A C R A R N 7;;;;260
18853;201500020896;15;1;12;953;1;2;2;1;6;362;RUE DES ALPES;M;4492710.0;489970.0;260
18854;201500020897;15;3;27;1950;3;1;1;1;4;362;L A C R A  RN 7;M;0.0;0.0;260
18855;201500020898;15;1;7;910;1;2;1;1;6;362;73 RUE FAVENTINES;M;4492900.0;489880.0;260
18856;201500020899;15;3;29;2100;4;1;1;1;7;362;L A C R A  RN 532;;;;260
18857;201500020900;15;1;15;2100;3;1;1;1;4;170;L A C R A RN 7;;;;260
18858;201500020901;15;3;31;1344;1;2;1;1;6;362;ALLEE RAYMOND MIAS;M;4493470.0;490120.0;260
18859;201500020902;15;1;21;1213;1;2;1;2;6;362;87 AVENUE VICTOR HUGO;M;4492650.0;488910.0;260
18860;201500020903;15;4;9;825;1;2;7;1;3;58;PLACE DE LA REPUBLIQUE;M;4494110.0;489360.0;260
18861;201500020905;15;4;10;810;1;2;6;1;6;362;BD JOHN FITZGERALD KENNE;M;4494010.0;491590.0;260
18862;201500020906;15;1;30;2059;5;2;2;1;3;58;AVENUE JACQUES BREL;M;4495160.0;490280.0;260
18863;201500020907;15;4;19;1422;1;2;1;2;3;362;178 AVENUE DE ROMANS;M;4493710.0;491190.0;260
18864;201500020908;15;1;30;1325;1;2;2;1;3;362;AVENUE JEAN MONNET;M;4492010.0;493190.0;260
18865;201500020909;15;4;14;1115;1;2;1;1;6;362;AVENUE DE ROMANS;M;4493330.0;490200.0;260
18866;201500020910;15;2;10;600;3;1;1;1;6;252;ROUTE DE BEAUVALLON;M;4487730.0;489410.0;260
18867;201500020911;15;4;20;925;1;2;1;1;3;362;89 RUE FAVENTINES;M;4492810.0;489970.0;260
18868;201500020912;15;2;13;1908;5;2;1;1;6;362;BD GENERAL DE GAULLE;M;4493040.0;489010.0;260
18869;201500020914;15;2;17;1825;5;2;9;1;6;362;AVENUE DE PROVENCE;M;4490680.0;487910.0;260
18870;201500020915;15;5;14;1743;1;2;3;1;3;362;AVENUE VICTOR HUGO;M;4491780.0;488540.0;260
18871;201500020916;15;2;19;701;3;2;1;1;3;58;640 RUE ARISTIDE BERGES;M;4496480.0;487830.0;260
18872;201500020917;15;5;17;1540;1;2;1;1;7;362;RUE EMMANUEL CHABRIER;M;4493800.0;493200.0;260
18873;201500020918;15;2;23;1830;5;1;2;1;3;252;RN7 DEVIATION DE PORTES;;;;260
18874;201500020919;15;5;7;1443;1;1;1;1;6;362;AVENUE DE ROMANS;M;4493430.0;490610.0;260
18875;201500020920;15;2;28;1410;1;2;6;1;3;58;BD GENERAL DE GAULLE;M;4494110.0;489360.0;260
18876;201500020921;15;6;2;935;1;2;1;1;6;362;168 AVENUE DE ROMANS;M;4493660.0;491120.0;260
18877;201500020923;15;5;18;1753;1;1;1;1;7;313;LACRA RN532;;;;260
18878;201500020924;15;3;11;1226;1;2;2;1;3;362;BD FRANCKLIN ROOSEVELT;M;4492650.0;491740.0;260
18879;201500020925;15;6;3;1912;1;2;1;1;6;58;AVENUE DE LYON;M;4495830.0;488930.0;260
18880;201500020926;15;3;13;1605;1;1;1;1;6;362;52 RUE PROMPSAULT;M;4492640.0;490004.0;260
18881;201500020927;15;6;5;1325;1;1;2;1;3;252;RN7 DEVIATION DE PORTES;M;0.0;0.0;260
18882;201500020929;15;6;18;2112;1;1;1;1;7;362;L A C R A  RN 7;M;0.0;0.0;260
18883;201500020930;15;6;19;20;3;1;1;1;2;4;HERMITE;M;0.0;0.0;260
18884;201500020931;15;6;21;100;3;2;1;1;6;362;AVENUE DE PROVENCE;M;0.0;0.0;260
18885;201500020932;15;6;23;1330;1;2;2;1;3;362;RUE FARNERIE;M;4493420.0;489260.0;260
18886;201500020933;15;4;9;2220;5;2;1;1;7;362;187 AVENUE DE ROMANS;M;4493500.0;490880.0;260
18887;201500020934;15;6;24;1105;1;1;2;1;3;362;MICHAUD DE LAURE;M;4495000.0;494910.0;260
18888;201500020935;15;6;28;1805;1;1;6;1;3;58;ROND POINT DES COULEURS;M;4495450.0;493250.0;260
18889;201500020936;15;7;2;1403;1;1;1;1;5;252;ROUTE DE BEAUVALLON;M;0.0;0.0;260
18890;201500020937;15;7;1;1730;1;2;3;1;1;362;AVENUE DE ROMANS;M;4493340.0;490220.0;260
18891;201500020938;15;7;26;355;5;2;6;1;2;362;AVENUE DE ROMANS;M;4493270.0;489880.0;260