;Num_Acc;an;mois;jour;hrmn;lum;agg;int;atm;col;com;adr;gps;lat;long;dep
18892;201500020939;15;7;27;1555;1;1;1;1;4;58;LE CHANTRE;M;0.0;0.0;260
18893;201500020940;15;8;10;1455;1;2;2;1;3;58;ROUTE DE FOUILLOUSE;M;4496690.0;491550.0;260
18894;201500020941;15;8;14;955;1;2;1;1;6;362;AVENUE VICTOR HUGO;M;4491990.0;488580.0;260
18895;201500020942;15;9;10;1250;1;2;1;1;2;362;AVENUE DE  VERDUN;M;4493800.0;489890.0;260
18896;201500020943;15;9;14;2230;1;1;1;1;7;252;RN7 DEVIATION DE PORTES;M;0.0;0.0;260
18897;201500020944;15;9;14;1715;1;2;1;1;6;362;ALLEE JAMES JOULE;M;4488850.0;489020.0;260
18898;201500020945;15;9;23;1800;1;2;1;1;3;362;32 AVENUE DES AUREATS;M;4490140.0;488410.0;260
18899;201500020946;15;9;22;1544;1;2;1;1;6;362;36 COURS BOURVIL;M;4494620.0;491490.0;260
18900;201500020947;15;8;6;815;1;2;1;1;6;362;AVENUE DE  VERDUN;M;4493810.0;489920.0;260
18901;201500020948;15;9;24;1700;1;2;6;1;6;362;AV DOCTEUR SANTY;M;4491220.0;490880.0;260
18902;201500020949;15;9;24;1745;1;2;1;1;2;362;AVENUE DE PROVENCE;M;0.0;0.0;260
18903;201500020950;15;9;28;1515;1;2;1;1;6;362;AVENUE DE LA MARNE;M;4493540.0;489760.0;260
18904;201500020951;15;10;17;1630;1;2;1;1;6;58;RUE JULIEN KEYSER;M;4493710.0;488880.0;260
18905;201500020952;15;11;16;1808;5;2;1;1;6;362;AVENUE DE CHABEUIL;M;4492930.0;490830.0;260
18906;201500020953;15;11;19;1140;1;2;1;1;5;362;178  AVENUE DE ROMANS;M;4493710.0;491190.0;260
18907;201500020954;15;11;14;2046;5;2;2;1;3;362;BD JOHN FITZGERALD KENNE;M;4493650.0;491810.0;260
18908;201500020955;15;11;28;2040;4;2;2;1;3;362;60 AVENUE DE CHABEUIL;M;4493140.0;490130.0;260
18909;201500020956;15;11;29;1440;1;2;1;1;6;58;55 ROUTE D LYON;M;4494830.0;489310.0;260
18910;201500020957;15;12;5;200;3;1;1;1;7;252;ROUTE DE BEAUVALLON;;;;260
18911;201500020958;15;12;3;1035;1;2;1;1;6;362;54 AVENUE VICTOR  HUGO;M;4492810.0;488999.0;260
18912;201500020959;15;10;23;838;1;1;1;1;6;362;7 BD BANCEL;M;4493040.0;489270.0;260
18913;201500020960;15;12;12;1003;1;2;6;1;6;362;RUE DENIS PAPIN;M;4492220.0;489080.0;260
18914;201500020961;15;2;5;900;1;2;1;1;6;37;RD 17 a 85 m du panneau;M;4405689.0;482116.0;840
18915;201500020962;15;7;8;1615;1;2;1;1;3;37;av pierre de luxembourg;M;4405053.0;483550.0;840
18916;201500020963;15;11;17;2200;3;1;1;1;6;27;;M;0.0;0.0;840
18917;201500020964;15;1;22;1800;2;1;1;1;1;109;;M;0.0;0.0;60
18918;201500020965;15;2;27;1415;1;2;1;1;4;126;RM6202;M;4382506.0;718960.0;60
18919;201500020966;15;4;30;1115;1;1;1;1;7;25;;M;0.0;0.0;60
18920;201500020967;15;6;14;1500;1;1;1;1;6;22;;M;0.0;0.0;60
18921;201500020968;15;6;20;1815;1;1;1;1;7;34;;M;0.0;0.0;60
18922;201500020969;15;7;15;800;1;2;1;1;1;46;71 corniche LAUGIER;M;0.0;0.0;60
18923;201500020970;15;7;31;745;1;2;9;1;3;6;route de tourette-levens;M;0.0;0.0;60
18924;201500020971;15;9;22;1900;1;1;1;1;1;117;;M;0.0;0.0;60
18925;201500020972;15;10;5;1945;3;1;1;1;1;22;;M;0.0;0.0;60
18926;201500020973;15;10;26;1700;1;1;1;1;2;46;;M;0.0;0.0;60
18927;201500020974;15;11;6;1830;3;1;1;1;1;64;;M;0.0;0.0;60
18928;201500020975;15;11;12;1800;3;1;1;1;7;126;;M;0.0;0.0;60
18929;201500020977;15;3;31;1700;1;2;3;1;6;239;RD 1092/ch violette;M;4533013.0;555727.0;380
18930;201500020978;15;4;8;800;1;2;1;1;1;133;ROUTE DES GORGES;M;4537135.0;561445.0;380
18931;201500020979;15;5;23;1230;1;1;1;1;1;332;;M;0.0;0.0;380
18932;201500020980;15;5;30;1230;1;2;1;1;1;194;Rue Bayard;M;0.0;0.0;380
18933;201500020981;15;2;18;600;2;2;2;1;1;239;Rue des Pautes D1085;M;4532945.0;556917.0;380
18934;201500020982;15;3;11;2245;3;2;1;1;7;133;chemin du neyroud;M;4535310.0;562051.0;380
18935;201500020983;15;3;14;430;3;1;1;2;6;337;;M;0.0;0.0;380
18936;201500020984;15;3;28;1415;1;2;1;8;3;105;691 RTE DE CHATREUSE;M;4540746.0;556253.0;380
18937;201500020985;15;6;2;1945;1;1;1;1;2;84;;M;0.0;0.0;380
18938;201500020986;15;7;18;2045;2;1;1;1;3;239;;M;0.0;0.0;380
18939;201500020987;15;7;29;645;2;1;1;1;5;239;;M;0.0;0.0;380
18940;201500020988;15;9;5;445;3;1;1;1;1;337;;M;0.0;0.0;380
18941;201500020989;15;9;27;300;5;2;1;1;6;239;Av Marius Chorot;M;4532699.0;557302.0;380
18942;201500020990;15;10;3;330;5;2;1;1;6;337;123 ROUTE DE BAS RIVES;M;0.0;0.0;380
18943;201500020991;15;10;11;1500;1;1;1;1;3;332;;M;0.0;0.0;380
18944;201500020992;15;10;23;830;1;1;1;1;6;337;;M;0.0;0.0;380
18945;201500020993;15;10;30;345;3;2;1;5;6;105;route du Marais;M;0.0;0.0;380
18946;201500020994;15;11;4;1730;2;1;1;1;6;194;;M;0.0;0.0;380
18947;201500020997;15;12;5;815;1;1;4;5;2;30;;M;4535873.0;547023.0;380
18948;201500020998;15;4;29;1145;1;2;6;1;6;283;Chemin du Charbonnier;M;0.0;0.0;690
18949;201500020999;15;5;8;1845;2;1;1;3;3;283;;M;0.0;0.0;690
18950;201500021000;15;5;28;1900;1;2;1;1;6;283;rue du 19 mars 1962;M;0.0;0.0;690
18951;201500021001;15;9;10;1715;1;2;1;1;3;283;81 route de Corbas;M;0.0;0.0;690
18952;201500021002;15;10;19;1245;1;2;1;1;6;283;rue Dumont d'Urville;M;0.0;0.0;690
18953;201500021003;15;3;7;1745;1;2;1;1;6;397;rue de Guyzelin, GUINES;M;5086655.0;186464.0;620
18954;201500021004;15;3;24;815;1;1;1;1;1;408;;M;5085407.0;181916.0;620
18955;201500021005;15;6;11;1715;1;2;1;1;4;397;rue Aristide Brian;M;5087272.0;186968.0;620
18956;201500021006;15;7;22;1430;1;2;1;1;1;408;Route départementale 127;M;5091229.0;187444.0;620
18957;201500021007;15;8;14;1530;1;2;1;1;3;161;;M;5082630.0;190269.0;620
18958;201500021008;15;12;15;1730;5;2;9;2;6;334;rue de la ville RD232;M;5082512.0;182096.0;620
18959;201500021009;15;2;21;1900;5;2;6;2;6;86;Avenue du 85? de ligne;M;0.0;0.0;580
18960;201500021010;15;6;4;1315;1;1;1;1;3;251;;M;0.0;0.0;580
18961;201500021011;15;12;10;1930;3;1;1;8;6;209;;M;0.0;0.0;580
18962;201500021012;15;3;23;345;3;1;1;1;6;101;;M;4762100.0;116200.0;410
18963;201500021013;15;4;3;1715;1;1;1;1;2;8;;M;4774600.0;152700.0;410
18964;201500021014;15;5;4;1500;1;1;1;8;2;252;;M;4770500.0;145200.0;410
18965;201500021015;15;5;10;2215;3;1;1;1;7;206;;M;4763200.0;135500.0;410
18966;201500021016;15;5;23;830;1;1;1;1;7;114;;M;4774700.0;153800.0;410
18967;201500021017;15;7;13;1545;1;1;1;7;6;223;;M;4761707.0;121396.0;410
18968;201500021018;15;7;15;615;1;1;1;1;7;252;;M;4768393.0;141644.0;410
18969;201500021019;15;7;22;1430;1;1;1;1;2;101;;M;4761536.0;116029.0;410
18970;201500021020;15;7;27;600;2;1;1;1;5;136;;M;4772209.0;149170.0;410
18971;201500021021;15;7;19;1915;1;1;1;1;2;91;;M;4761804.0;126537.0;410
18972;201500021022;15;8;4;1945;1;1;1;7;2;245;;M;4774253.0;153066.0;410
18973;201500021024;15;8;22;845;1;1;1;1;3;136;;M;4771283.0;147099.0;410
18974;201500021025;15;8;28;630;2;1;1;2;2;252;;M;4769289.0;143489.0;410
18975;201500021026;15;9;7;2300;3;1;1;1;2;288;;M;4765771.0;138118.0;410
18976;201500021027;15;1;12;1030;1;2;1;1;6;229;BRIAND (AVENUE ARISTI;M;4900457.0;111312.0;270
18977;201500021028;15;2;17;1330;1;2;9;1;3;229;1, LEPOUZE (RUE);M;4902558.0;155669.0;270
18978;201500021029;15;10;21;440;5;2;2;1;1;229;VERNON (RUE DE);M;4902880.0;116644.0;270
18979;201500021030;15;3;23;1150;1;2;1;1;6;229;59, MONDUIT (RUE HENRI);M;4902900.0;113582.0;270
18980;201500021031;15;3;20;2155;5;2;2;1;3;229;ROOSEVELT (RUE FRANKLIN;M;4902081.0;115657.0;270
18981;201500021032;15;11;6;2110;3;1;1;1;1;299;NETREVILLE (RUE DE);M;4904319.0;117220.0;270
18982;201500021033;15;3;26;1245;1;1;1;1;2;229;PORTEVIN (RUE);M;4901515.0;114992.0;270
18983;201500021034;15;11;20;1940;5;2;1;1;1;229;17, SAINT THOMAS (RUE);M;4902717.0;114694.0;270
18984;201500021035;15;4;4;535;5;2;1;1;6;229;CONCHES (ROUTE DE);M;4901751.0;111473.0;270
18985;201500021036;15;12;4;1620;1;2;2;1;3;229;ALLENDE (BOULEVARD DU PR;M;4900340.0;114807.0;270
18986;201500021037;15;4;18;2125;2;2;2;1;3;229;2, BORVILLE DUPUIS (RUE);M;4902764.0;115199.0;270
18987;201500021038;15;4;23;1320;1;2;1;1;3;229;62 SAINT ANDRE (ROUTE DE;M;4901244.0;116517.0;270
18988;201500021039;15;5;18;850;1;2;1;1;1;229;1, JARDIN BOTANIQUE (RUE;M;4902191.0;148959.0;270
18989;201500021040;15;6;10;1455;1;2;1;1;6;229;1, CARTIER (RUE JACQUES);M;4902666.0;117617.0;270
18990;201500021041;15;6;25;935;1;2;1;1;6;229;1, LUXEMBOURG (RUE DU);M;4903366.0;118492.0;270
18991;201500021042;15;7;1;1925;1;2;6;1;3;229;VULCAIN (RUE);M;4902044.0;118200.0;270
18992;201500021043;15;7;14;1840;1;2;1;1;6;229;HARPE (RUE DE LA);;;;270
18993;201500021044;15;7;20;1425;1;2;2;1;3;229;rue de la Sablonnière;M;4901073.0;115220.0;270
18994;201500021045;15;7;28;900;1;1;1;1;5;229;CONCHES (ROUTE DE);M;4901403.0;110719.0;270
18995;201500021046;15;8;25;1720;1;2;1;1;3;229;CITES UNIES (BOULEVARD D;M;4901148.0;114175.0;270
18996;201500021047;15;9;1;2155;5;2;1;1;6;229;20, OURSEL (RUE DU DOCTE;M;4902687.0;114875.0;270
18997;201500021048;15;9;3;925;1;2;1;1;6;229;22BIS, CORBEAU (RUE CHAR;M;4902502.0;115317.0;270
18998;201500021049;15;9;5;1940;2;2;1;1;6;229;NORMANDIE (BOULEVARD DE);M;4902231.0;113577.0;270
18999;201500021050;15;10;4;955;1;2;3;1;3;229;PASTEUR (BOULEVARD);M;4902617.0;115831.0;270
19000;201500021051;15;9;8;1730;1;1;1;1;3;353;;M;4810496.0;-174133.0;350
19001;201500021052;15;10;3;630;5;2;1;1;4;353;RN24 - route de Lorient;M;4810508.0;-173585.0;350
19002;201500021053;15;3;29;1930;1;1;3;2;2;326;;M;4911467.0;425343.0;510
19003;201500021054;15;1;10;1530;1;2;3;2;6;701;12 VOIE DE LA NATION;M;4926809.0;121166.0;270
19004;201500021055;15;2;26;830;2;2;1;2;1;375;45, CHURCHILL (AVENUE WI;M;4922746.0;116856.0;270
19005;201500021056;15;1;29;1505;1;2;1;1;6;375;CHAMP DE VILLE (PLACE DU;M;4921056.0;116561.0;270
19006;201500021057;15;3;29;1405;1;2;1;2;6;375;1, HALLE AUX DRAPIERS (P;M;4921110.0;116942.0;270
19007;201500021058;15;4;1;735;1;2;3;1;3;701;1, RD 6015;M;4925411.0;117667.0;270
19008;201500021059;15;4;16;810;1;2;3;1;3;701;CHAUSSE DU VEXIN;M;4925780.0;118603.0;270
19009;201500021060;15;6;25;1700;1;2;6;1;4;375;1, TABARLY (VOIE ERIC);M;4920940.0;117975.0;270
19010;201500021061;15;6;16;2050;2;2;3;1;3;701;1, FALAISES (ROUTE DES);M;4926120.0;119869.0;270
19011;201500021062;15;7;3;1515;1;1;1;1;6;701;ORMET (VOIE DE L');M;4924483.0;123783.0;270
19012;201500021063;15;11;28;1625;2;2;3;1;3;701;NATION (VOIE DE LA);M;4926893.0;121165.0;270
19013;201500021064;15;5;29;2000;1;1;1;1;3;229;;M;4534800.0;533800.0;380
19014;201500021066;15;2;7;650;3;1;1;1;7;342;;M;4930810.0;-110905.0;140
19015;201500021067;15;4;7;1930;1;1;1;1;3;380;;M;4923060.0;-57248.0;140
19016;201500021068;15;5;15;900;1;1;1;1;6;98;;M;4920820.0;-51296.0;140
19017;201500021069;15;6;7;1915;1;1;1;1;2;98;;M;4920750.0;-51049.0;140
19018;201500021070;15;6;10;1500;1;1;2;1;3;577;;M;4926870.0;-55895.0;140
19019;201500021071;15;6;16;830;1;1;1;1;1;630;;M;4924970.0;-66552.0;140
19020;201500021072;15;6;16;1730;1;1;1;1;1;436;;M;4925380.0;-69911.0;140
19021;201500021073;15;8;2;545;2;1;1;1;6;98;;M;4922680.0;-53004.0;140
19022;201500021074;15;8;23;1515;1;1;1;1;6;453;;M;4931000.0;-82869.0;140
19023;201500021075;15;9;14;620;3;1;1;1;2;380;;M;4922760.0;-56392.0;140
19024;201500021077;15;6;3;1945;1;2;1;1;1;95;19 avenue funel;M;0.0;0.0;60
19025;201500021078;15;7;25;300;5;2;1;1;6;137;Route de Cabris;M;0.0;0.0;60
19026;201500021079;15;12;18;745;2;2;1;1;3;95;route de draguignan;M;0.0;0.0;60
19027;201500021080;15;1;2;1715;5;2;1;1;6;95;32 CHEMIN DU STADE;M;4363860.0;687423.0;60
19028;201500021083;15;12;18;745;2;1;1;1;3;95;;M;0.0;0.0;60
19029;201500021084;15;5;6;1830;1;1;1;1;5;81;;M;0.0;0.0;390
19030;201500021085;15;7;8;1315;1;1;1;1;5;439;;M;0.0;0.0;390
19031;201500021087;15;10;27;745;1;2;1;1;6;97;33 rue stephen PICHON;M;0.0;0.0;390
19032;201500021088;15;2;16;1655;1;2;3;1;3;1;CHAMBRAY (ROUTE DE);M;4909295.0;145514.0;270
19033;201500021090;15;11;7;855;1;1;1;1;1;681;GISORS (ROUTE DE);M;4911524.0;139449.0;270
19034;201500021091;15;4;9;1040;1;2;3;1;6;681;BARETTE (PLACE);M;;;270
19035;201500021092;15;11;7;1725;2;2;3;1;6;681;ILE DE FRANCE (AVENUE DE;M;4908652.0;149669.0;270
19036;201500021093;15;4;21;1130;1;2;3;1;6;681;44, CARNOT (RUE);M;4909351.0;148572.0;270
19037;201500021094;15;5;15;240;3;1;1;1;6;681;ROUTE DEPARTEMENTALE 313;;;;270
19038;201500021095;15;6;19;2040;1;2;1;1;1;681;22, SAINT MARCEL (RUE DE;M;4909017.0;146357.0;270
19039;201500021096;15;7;10;1640;1;2;3;1;3;681;AZEMIA (BOULEVARD GEORGE;M;4907906.0;148829.0;270
19040;201500021097;15;8;1;1555;1;1;3;1;3;681;20, SAINT LAZARE (RUE);M;4909559.0;147775.0;270
19041;201500021098;15;9;11;1610;1;2;3;1;3;681;DEVOS (BOULEVARD JULIEN);M;4908817.0;147264.0;270
19042;201500021100;15;9;26;1130;1;1;3;1;6;681;REPUBLIQUE (PLACE DE LA);M;4909018.0;148503.0;270
19043;201500021101;15;10;31;1555;1;2;6;7;6;681;CAPUCINS (AVENUE DES);M;4909100.0;146928.0;270
19044;201500021102;15;3;6;1500;1;1;3;1;3;222;;M;4623559.0;-112529.0;170
19045;201500021103;15;3;16;1015;1;1;1;1;1;153;;M;4623973.0;-110635.0;170
19046;201500021104;15;3;28;2015;3;1;1;8;6;629;;M;4738200.0;639600.0;250
19047;201500021106;15;7;31;1600;1;1;1;1;5;156;;M;4741700.0;651700.0;250
19048;201500021107;15;9;20;1300;1;1;9;1;6;519;;M;4731600.0;681000.0;250
19049;201500021108;15;9;19;2230;3;1;1;3;6;629;;M;4738800.0;641900.0;250
19050;201500021109;15;10;15;1200;1;1;1;2;3;595;;M;4735272.0;658335.0;250
19051;201500021110;15;12;8;815;1;1;1;9;1;315;;M;4740200.0;658600.0;250
19052;201500021111;15;1;31;1030;1;1;6;1;6;458;Route de Marcoussis;M;4865600.0;224100.0;910
19053;201500021112;15;3;22;1800;1;2;1;1;1;363;33 bis rue alfred dubois;M;4864500.0;223700.0;910
19054;201500021113;15;4;1;115;5;2;7;1;6;363;place de la Republique;M;4864400.0;224000.0;910
19055;201500021114;15;4;12;1945;1;2;1;1;6;458;rue claude monet;M;0.0;0.0;910
19056;201500021115;15;4;30;745;1;1;6;2;3;666;RD 59;M;0.0;0.0;910
19057;201500021117;15;6;30;745;1;2;1;1;6;458;rue du temple;M;4866400.0;224500.0;910
19058;201500021118;15;9;16;900;1;2;1;3;1;458;Route de Villejust;M;4867300.0;223700.0;910
19059;201500021119;15;12;30;1330;1;1;1;1;3;363;RD3;M;4865600.0;219400.0;910
19060;201500021120;15;6;27;715;1;1;1;1;6;462;;M;4973093.0;146126.0;760
19061;201500021121;15;10;24;1845;2;1;1;1;3;621;;M;4965827.0;129152.0;760
19062;201500021122;15;11;6;1630;2;1;1;8;6;621;;M;4966292.0;130652.0;760
19063;201500021124;15;1;24;1015;1;1;1;2;6;202;2X2 VOIE PR 49+900;M;4588340.0;108618.0;870
19064;201500021125;15;8;21;1130;1;1;1;1;2;148;;M;4572650.0;134378.0;870
19065;201500021126;15;8;24;630;3;1;1;2;5;19;;M;4574580.0;134037.0;870
19066;201500021127;15;10;15;2145;3;1;1;1;7;154;;M;4590490.0;94249.0;870
19067;201500021128;15;11;7;1130;1;1;1;1;6;88;;M;4560540.0;144717.0;870
19068;201500021129;15;11;18;715;2;1;1;2;4;19;;M;4574490.0;134042.0;870
19069;201500021130;15;11;19;845;1;1;1;9;2;148;;M;4573750.0;134035.0;870
19070;201500021131;15;11;27;1500;1;1;1;1;6;119;;M;4573270.0;134038.0;870
19071;201500021133;15;1;14;1145;1;1;1;8;2;129;SENS TOULOUSE - PARIS;M;4552470.0;151484.0;190
19072;201500021135;15;6;16;100;3;1;1;2;1;31;zone de travaux A20;M;4513826.0;149064.0;190
19073;201500021136;15;7;14;1330;1;1;1;1;6;248;SENS TOULOUSE > PARIS;M;4543370.0;151259.0;190
19074;201500021137;15;10;21;730;3;1;1;1;2;248;SENS TOULOUSE / PARIS;M;4545390.0;150924.0;190
19075;201500021138;15;12;8;1315;1;1;1;1;1;274;LE VERGIS;M;4520090.0;151153.0;190
19076;201500021139;15;6;9;715;1;1;1;1;1;123;;M;0.0;0.0;590
19077;201500021140;15;7;11;1300;1;1;1;1;7;266;Route départementale;M;5053398.0;297128.0;590
19078;201500021141;15;11;26;1815;3;1;1;1;1;462;;M;0.0;0.0;590
19079;201500021142;15;12;19;1700;2;1;1;1;3;145;;M;0.0;0.0;590
19080;201500021143;15;12;11;1110;1;2;1;1;6;85;CHASLES (BOULEVARD);M;4844245.0;148837.0;280
19081;201500021144;15;12;26;655;5;2;3;1;6;85;34, BOIS MERRAIN (RUE DU;M;4844448.0;148510.0;280
19082;201500021145;15;12;16;1730;1;1;1;1;6;85;HUGO (AVENUE VICTOR);M;4844012.0;151197.0;280
19083;201500021146;15;1;5;755;5;2;1;5;6;220;KENNEDY (John Fitzerald;M;4842845.0;146743.0;280
19084;201500021147;15;1;7;1220;1;2;1;1;6;85;31, PEGUY (BOULEVARD CHA;M;4844923.0;148340.0;280
19085;201500021149;15;1;9;1830;5;2;5;1;6;85;10, DROUAISE (PLACE);M;4845334.0;148837.0;280
19086;201500021150;15;1;10;1605;1;2;1;2;6;209;8, PAIX (AVENUE DE LA );M;4846853.0;148021.0;280
19087;201500021152;15;1;25;1815;3;1;1;1;1;229;RN 1154;M;4846879.0;146510.0;280
19088;201500021153;15;1;26;815;1;2;1;2;1;85;0.0001, SEMARD (PLACE PI;M;4844793.0;148177.0;280
19089;201500021154;15;1;26;1315;1;2;1;2;3;218;VIOLETTE (RUE MAURICE);M;4843165.0;147049.0;280
19090;201500021155;15;1;28;1635;1;2;1;2;6;85;39, PEGUY (BOULEVARD CHA;M;4844949.0;148357.0;280
19091;201500021156;15;1;10;1815;5;2;2;3;3;85;FAUBOURG LA GRAPPE (RUE;M;4843773.0;150409.0;280
19092;201500021157;15;1;10;2030;5;2;2;1;3;218;GASCOGNE (DE);M;4843157.0;144549.0;280
19093;201500021158;15;1;29;1920;5;2;1;2;6;218;EUROPE (AVENUE DE L');M;4843803.0;145229.0;280
19094;201500021160;15;1;31;1500;1;1;1;2;1;70;PAIX rue de la;M;4846122.0;150529.0;280
19095;201500021161;15;1;31;1650;1;2;2;1;5;218;KENNEDY (RUE JOHN);M;4842934.0;146631.0;280
19096;201500021162;15;1;19;1340;1;2;1;1;2;85;12, POILLOT (RUE EDMOND);M;4843673.0;151528.0;280
19097;201500021163;15;2;1;1104;1;2;1;4;6;85;84, INTERMARCHE (GRAND F;M;4844248.0;147833.0;280
19098;201500021164;15;2;1;1809;3;1;1;9;7;209;RD 339;M;4847837.0;147171.0;280
19099;201500021167;15;2;4;1900;3;1;1;1;7;85;FRESNAY (RUE DE);M;4846172.0;147452.0;280
19100;201500021168;15;2;5;1710;1;1;1;4;6;85;PARIS (ROUTE DE);M;4845477.0;153526.0;280
19101;201500021169;15;2;9;750;2;2;3;1;3;85;PATTON (RUE DU GENERAL);M;4844182.0;147587.0;280
19102;201500021170;15;2;4;2045;5;2;1;1;2;220;15, MAUNOURY (MAURICE);M;4843552.0;147900.0;280
19103;201500021171;15;2;12;800;2;2;1;5;4;85;51, FAUBOURG LA GRAPPE (;M;4844254.0;150030.0;280
19104;201500021172;15;2;13;1940;5;2;2;8;2;70;PIGEON VOYAGEUR (rue du);M;4845768.0;149658.0;280
19105;201500021173;15;2;14;1945;3;1;1;3;5;229;D939;M;4846541.0;142309.0;280
19106;201500021174;15;2;17;1210;1;2;1;1;2;229;PHILIPPE (AVENUE GERARD);M;4845424.0;145610.0;280
19107;201500021175;15;2;18;900;1;2;1;1;7;85;24, FOCH (BOULEVARD DU M;M;4844889.0;149252.0;280
19108;201500021176;15;2;18;827;1;2;1;1;6;220;43, AVENUE DE LA REPUBLI;M;4842442.0;147056.0;280
19109;201500021177;15;2;18;1300;1;1;1;1;7;229;RN 1154;M;4846550.0;145924.0;280
19110;201500021178;15;2;14;1140;1;1;1;1;6;229;PHILIPPE (AVENUE GERARD);M;4845331.0;145435.0;280
19111;201500021179;15;2;18;2135;3;1;1;1;7;110;ROUTE NATIONALE 123;M;4842170.0;151061.0;280
19112;201500021180;15;2;19;1735;1;2;3;1;3;110;NEANT, GAUDINIERES (RUE;M;4842074.0;148883.0;280
19113;201500021181;15;2;20;850;1;2;1;2;4;85;FOCH (BOULEVARD DU MAREC;M;4844866.0;149267.0;280
19114;201500021182;15;2;20;1145;1;2;1;2;5;85;23, BAS BOURGS (RUE DES);M;4843966.0;149502.0;280
19115;201500021183;15;2;20;2335;5;2;1;2;7;220;NON RENSEI, GEORGES CLEM;M;4843192.0;147250.0;280
19116;201500021184;15;2;22;450;5;2;1;8;6;85;11, RECHEVRES (CITE - RU;M;4845328.0;148052.0;280
19117;201500021185;15;2;24;1620;1;2;1;2;1;85;MITTERAND ( rue Fran?ois;M;4843823.0;151125.0;280
19118;201500021186;15;2;25;910;1;2;3;2;3;85;PROUST (AVENUE MARCEL);M;4845122.0;152796.0;280
19119;201500021188;15;2;25;1935;5;2;1;2;2;85;80, MAUNOURY (RUE DU DOC;M;4844094.0;148266.0;280
19120;201500021189;15;2;12;1615;1;2;1;1;6;85;PEGUY (BOULEVARD CHARLES;M;4845113.0;148564.0;280
19121;201500021190;15;2;27;1615;1;2;1;1;6;85;PEGUY (BOULEVARD CHARLES;M;4845039.0;148458.0;280
19122;201500021191;15;3;2;620;5;1;6;2;3;85;SOURS (ROND POINT ROUTE;M;4843883.0;152169.0;280
19123;201500021192;15;3;2;750;2;2;6;1;3;229;PHILIPPE (AVENUE GERARD);M;4844729.0;145128.0;280
19124;201500021193;15;3;4;1355;1;2;6;1;3;229;PHILIPPE (AVENUE GERARD);M;4844725.0;145121.0;280
19125;201500021194;15;3;9;1345;1;1;1;1;4;85;rd 939;M;4843277.0;154238.0;280
19126;201500021195;15;3;13;1115;1;2;1;1;3;85;08, SAINT JEAN (place);M;4844998.0;148306.0;280
19127;201500021196;15;3;15;1045;1;2;2;1;3;218;LECLERC (RUE DU MARECHAL;M;4843100.0;146386.0;280
19128;201500021197;15;3;17;1340;1;2;1;1;6;85;VIOLETTE (BOULEVARD MAUR;M;4844556.0;148357.0;280
19129;201500021198;15;3;18;1745;1;2;1;1;3;218;90, FOREAU (RUE FRANCOIS;M;4843560.0;146334.0;280
19130;201500021199;15;3;19;2120;5;2;2;1;3;218;18, VARLET (RUE GEORGES);M;4843800.0;146200.0;280
19131;201500021200;15;3;24;1645;1;2;1;3;7;85;22, LAUNAY (RUE DE);M;4843318.0;149817.0;280
19132;201500021201;15;3;25;1520;1;1;1;1;6;110;VOVES (RUE DE) (D29);M;4841683.0;150230.0;280
19133;201500021202;15;3;27;2108;5;2;1;1;6;85;15, FAUBOURG LA GRAPPE (;M;4844473.0;149738.0;280
19134;201500021203;15;3;29;20;5;2;1;2;7;85;30, COURTILLE (BOULEVARD;M;4844199.0;149310.0;280
19135;201500021204;15;3;30;1955;1;2;2;1;3;85;EPARGNE (RUE DE L');M;4844948.0;147809.0;280
19136;201500021205;15;3;31;845;1;2;2;2;6;85;58BIS, COURTILLE (BOULEV;M;4844497.0;149647.0;280
19137;201500021206;15;3;31;1715;1;2;1;1;2;220;MARCEAU (RUE);M;4842684.0;147251.0;280
19138;201500021207;15;3;22;2145;5;2;1;2;7;85;35, TUILERIE (RUE DE LA);M;4844459.0;148149.0;280
19139;201500021208;15;4;2;730;1;2;1;2;6;229;18, QUATORZE JUILLET (RU;M;4845070.0;146951.0;280
19140;201500021209;15;4;2;800;1;2;1;1;3;85;23, BAS BOURGS (RUE DES);M;4843961.0;149499.0;280
19141;201500021212;15;4;14;1440;1;2;1;1;3;218;120, REPUBLIQUE (RUE DE;M;4843935.0;146058.0;280
19142;201500021213;15;4;15;910;1;1;9;1;6;110;RN 123 (ROCADE);M;4841573.0;150127.0;280
19143;201500021214;15;4;13;1210;1;1;1;1;3;229;COUBERTIN (RUE PIERRE DE;M;4844740.0;146755.0;280
19144;201500021215;15;4;17;1220;1;2;1;1;2;85;121, BOURGNEUF (RUE DU);M;4846312.0;148170.0;280
19145;201500021216;15;4;18;1300;1;2;3;1;1;218;2, ECOLES (RUE DES);M;4843973.0;146319.0;280
19146;201500021217;15;4;18;1530;1;2;1;1;1;209;09, CHACATIERE (RUE DE L;M;4847039.0;147818.0;280