;Num_Acc;an;mois;jour;hrmn;lum;agg;int;atm;col;com;adr;gps;lat;long;dep
19147;201500021218;15;4;20;1340;1;2;1;1;6;218;93, FOREAU (RUE FRANCOIS;M;4843479.0;146834.0;280
19148;201500021219;15;4;20;1615;1;2;1;1;6;220;01, BOUIN (Jean);M;4841909.0;147287.0;280
19149;201500021220;15;4;22;1435;1;2;1;1;3;85;34, FAUBOURG LA GRAPPE (;M;4844235.0;150025.0;280
19150;201500021221;15;4;23;900;1;2;1;1;6;209;PAIX (AVENUE DE LA );M;4846396.0;148124.0;280
19151;201500021222;15;4;29;1530;1;2;1;1;3;85;2, FOUCHER DE CHARTRES (;M;4844348.0;151653.0;280
19152;201500021223;15;4;30;920;1;2;1;2;6;85;15, MAUNOURY (RUE DU DOC;M;4844286.0;148323.0;280
19153;201500021224;15;4;30;1855;1;1;1;2;2;229;PHILIPPE (AVENUE GERARD);M;4845032.0;145209.0;280
19154;201500021227;15;5;10;1440;1;1;1;1;4;110;RN 123 (ROCADE);M;4842683.0;151458.0;280
19155;201500021228;15;5;13;1515;1;2;1;1;5;85;51, PATTON (RUE DU GENER;M;4844106.0;147277.0;280
19156;201500021229;15;5;13;1446;1;1;3;1;3;220;67, PASTEUR ( Louis);M;4841882.0;147776.0;280
19157;201500021230;15;5;14;220;5;2;1;1;6;229;18, HUGO (AVENUE VICTOR);M;4844845.0;146414.0;280
19158;201500021231;15;5;14;850;1;2;1;1;6;85;2, ROULIERS (RUE DES);M;4844664.0;150319.0;280
19159;201500021232;15;5;16;205;5;2;2;1;6;85;PICHARD (RUE JOSEPH);M;4844934.0;152080.0;280
19160;201500021233;15;5;18;1635;1;2;1;1;4;85;PEGUY (BOULEVARD CHARLES;;;;280
19161;201500021234;15;5;18;1525;1;2;1;1;6;85;19, BRIAND (RUE ARISTIDE;M;4844505.0;152088.0;280
19162;201500021235;15;5;19;1450;1;2;1;1;3;110;20, VOVES (RUE DE) (D29);M;4842907.0;149286.0;280
19163;201500021236;15;5;20;1415;1;1;2;1;3;229;D105;M;4845712.0;145964.0;280
19164;201500021237;15;5;21;1625;1;1;3;1;2;209;RD 1154;M;4848646.0;147442.0;280
19165;201500021238;15;5;21;2000;1;2;3;1;2;218;REPUBLIQUE (RUE DE LA);M;4843819.0;145359.0;280
19166;201500021239;15;5;23;2240;5;2;1;1;6;85;KOENIG (RUE DU GENERA)L;M;4844534.0;148307.0;280
19167;201500021240;15;5;28;800;1;1;1;1;2;110;RN 123 (ROCADE);;;;280
19168;201500021241;15;5;30;1850;1;2;1;1;6;229;31, JAURES (RUE JEAN);M;4845290.0;146114.0;280
19169;201500021242;15;6;2;835;1;2;1;1;6;85;HUGO (AVENUE VICTOR);M;4844003.0;151210.0;280
19170;201500021243;15;6;4;1120;1;2;1;1;1;85;90, LA GRAPPE (FAUBOURG);M;4843812.0;843812.0;280
19171;201500021244;15;6;5;1240;1;2;3;1;2;85;41, MAUNOURY (RUE DU DOC;M;4844143.0;148281.0;280
19172;201500021245;15;6;2;1224;1;2;1;1;2;218;38, LECLERC (RUE DU MARE;M;4843403.0;146746.0;280
19173;201500021246;15;6;7;1825;1;1;1;1;7;229;D939;M;4845724.0;144948.0;280
19174;201500021247;15;6;8;1045;1;2;1;1;7;85;26, ALIGRE (AVENUE D');M;4845545.0;148880.0;280
19175;201500021248;15;6;10;1400;1;1;1;1;6;110;RN 123 (ROCADE);M;4841582.0;150183.0;280
19176;201500021249;15;6;12;1630;1;1;1;1;1;70;SAINT PREST (RUE DE);M;4846901.0;150788.0;280
19177;201500021250;15;6;12;1145;1;1;1;1;1;220;ROUTE NATIONALE 123;M;4841615.0;146707.0;280
19178;201500021251;15;6;14;620;1;2;1;1;1;85;CHAISES (RUE DES);M;4843310.0;150343.0;280
19179;201500021253;15;6;16;820;1;1;1;1;2;110;RN 123 (ROCADE);M;4844058.0;152198.0;280
19180;201500021254;15;6;16;1530;1;2;1;1;6;85;9, ANE REZ (RUE DE L');M;4844404.0;149348.0;280
19181;201500021256;15;6;17;1120;1;2;9;1;6;218;0, BECASSE (RUE);M;4844167.0;146794.0;280
19182;201500021257;15;6;18;1540;1;2;1;2;2;85;PEGUY (BOULEVARD CHARLES;M;4845035.0;148466.0;280
19183;201500021258;15;6;20;1855;1;2;1;1;6;209;70, LONGSAULT(RUE);M;4846758.0;149248.0;280
19184;201500021259;15;6;21;1140;1;2;1;1;7;85;FELIBIEN (RUE);M;4844830.0;148240.0;280
19185;201500021260;15;6;21;1810;1;2;4;1;2;85;32, FAUBOURG LA GRAPPE (;;;;280
19186;201500021261;15;6;26;1408;1;2;1;1;6;85;30, CHASLES (BOULEVARD);M;4844301.0;148562.0;280
19187;201500021262;15;6;28;1950;1;1;3;1;6;85;20, VILLAINES (rue de);M;4843644.0;148357.0;280
19188;201500021263;15;6;29;1525;1;2;2;1;3;85;VERDUN (AVENUE DE);M;4845670.0;147414.0;280
19189;201500021264;15;7;3;1915;1;2;1;1;7;218;TAYE (RUE DE LA);M;4842805.0;144629.0;280
19190;201500021265;15;7;5;1630;1;2;1;1;1;229;90, RESISTANCE (AVENUE D;M;4845024.0;146857.0;280
19191;201500021266;15;7;5;2035;1;2;1;1;6;218;5, MANTEAU JAUNE (RUE DU;M;4844029.0;145639.0;280
19192;201500021267;15;7;6;1515;1;2;1;1;6;220;RIBOUCHES (RUE DES);M;4841850.0;146197.0;280
19193;201500021268;15;7;6;815;1;2;7;1;7;85;0, SEMARD (PLACE PIERRE);M;4844788.0;148172.0;280
19194;201500021269;15;7;14;2055;1;1;1;1;2;229;0, RN 1154;M;4843918.0;143110.0;280
19195;201500021270;15;7;16;955;1;2;2;1;3;85;37, BRETIGNY (RUE DE);M;4844059.0;150696.0;280
19196;201500021271;15;7;23;1915;1;2;3;1;3;110;RN 123 (ROCADE);;;;280
19197;201500021272;15;8;30;1210;1;2;6;1;1;229;CHATEAU D'EAU (RUE DU);M;4845024.0;145211.0;280
19198;201500021273;15;9;4;1150;1;1;1;1;3;209;139, PAIX (AVENUE DE LA;M;4848063.0;147965.0;280
19199;201500021274;15;9;3;805;1;2;2;1;3;70;CHARLES PEGUY (Rue);M;4846084.0;149522.0;280
19200;201500021275;15;9;21;820;1;2;3;1;1;70;SAINT PERE EN VALLEE (Ru;M;4846499.0;150491.0;280
19201;201500021276;15;9;9;1220;1;2;1;1;1;218;ECOLES (RUE DES);M;4844277.0;146374.0;280
19202;201500021277;15;9;9;750;1;2;1;1;6;229;MACE (PLACE JEAN);M;4844785.0;146404.0;280
19203;201500021278;15;11;17;725;5;2;2;2;3;218;REPUBLIQUE (AVENUE DE LA;M;4844063.0;147076.0;280
19204;201500021279;15;11;6;1450;1;2;4;2;7;85;VERDUN (AVENUE DE);M;4845361.0;147322.0;280
19205;201500021280;15;11;3;1630;1;2;1;1;6;85;75, GRAND FAUBOURG (RUE;M;4844259.0;147869.0;280
19206;201500021281;15;12;27;1400;1;2;1;1;6;85;67, FAUBOURG LA GRAPPE (;M;4844147.0;150067.0;280
19207;201500021282;15;2;21;1730;1;1;1;3;5;3;;M;4612400.0;389100.0;420
19208;201500021283;15;3;5;700;1;1;1;1;7;194;;M;4625002.0;384189.0;420
19209;201500021285;15;4;16;1030;1;2;1;1;6;49;60 rue Philippe PICARD;M;4614219.0;389104.0;420
19210;201500021286;15;4;18;1500;1;1;1;1;1;231;;M;4611038.0;397773.0;420
19211;201500021287;15;6;30;1210;1;1;1;1;1;257;;M;4620197.0;382910.0;420
19212;201500021288;15;6;30;845;1;2;6;1;3;176;rue du forez;M;4603865.0;398139.0;420
19213;201500021289;15;7;2;1815;1;1;1;1;1;231;;M;4610217.0;395539.0;420
19214;201500021290;15;8;21;1230;1;1;3;1;1;284;;M;4606956.0;397774.0;420
19215;201500021291;15;9;6;1300;1;1;1;1;1;220;;M;4612876.0;391708.0;420
19216;201500021292;15;9;9;800;1;1;1;1;2;199;;M;4603538.0;393504.0;420
19217;201500021293;15;10;25;1345;1;2;1;1;6;233;263 RTE CROIX DU SUD;M;4607457.0;390489.0;420
19218;201500021294;15;11;1;1000;1;2;1;1;6;157;route de St Germain;M;4613628.0;401268.0;420
19219;201500021295;15;12;30;2230;3;1;1;2;6;404;RN 154;;;;280
19220;201500021296;15;1;23;2300;5;2;6;1;6;404;EUROPE (BD DE L');M;4871906.0;136871.0;280
19221;201500021297;15;2;10;1930;1;2;1;1;7;134;DELESCLUZE (BOULEVARD);M;4872806.0;137194.0;280
19222;201500021298;15;2;12;810;1;2;1;5;2;134;DUNANT (RUE HENRI);M;4873730.0;138798.0;280
19223;201500021300;15;2;21;1430;1;1;2;1;5;134;RN 12 (CARREFOUR DELISLE;M;4874602.0;136541.0;280
19224;201500021301;15;2;23;2255;5;1;2;1;2;134;RN 12 (CARREFOUR DELISLE;M;4874608.0;136537.0;280
19225;201500021302;15;3;2;1725;1;2;1;1;6;134;LECLERC (AVENUE DU GENER;M;4874063.0;138338.0;280
19226;201500021303;15;3;28;650;3;1;1;2;1;404;RN 154;M;4870056.0;137459.0;280
19227;201500021304;15;4;5;1810;1;2;2;1;6;134;DEGAS (RUE EDGAR);;;;280
19228;201500021305;15;4;14;1425;1;2;6;1;2;404;RN 154;;;;280
19229;201500021306;15;5;11;1700;1;2;1;1;2;134;170, SAINT THIBAULT (RUE;M;4873348.0;134968.0;280
19230;201500021307;15;6;5;1900;1;2;1;8;1;134;16, BOIS SABOT (RUE DU);M;4873726.0;136148.0;280
19231;201500021308;15;6;11;1620;1;2;1;1;2;404;ROCADE OUEST;;;;280
19232;201500021309;15;6;21;1755;1;2;1;1;3;404;VOLHARD (CHEMIN DE);M;4871691.0;135542.0;280
19233;201500021310;15;6;25;1545;1;2;2;1;6;134;86, LIEVRE D'OR (RUE DU);M;4873659.0;138869.0;280
19234;201500021311;15;7;1;1720;1;2;1;1;7;134;GUE AUX ANES (RUE DU);M;4874534.0;138741.0;280
19235;201500021312;15;7;24;1715;1;1;1;2;1;404;RN 154;M;0.0;137791.0;280
19236;201500021313;15;7;28;1300;1;2;1;1;3;134;PASTEUR (BOULEVARD);M;4873440.0;137624.0;280
19237;201500021314;15;7;31;715;1;2;1;1;7;134;11, LIVRAINDIERES (RUE D;M;4874843.0;135916.0;280
19238;201500021315;15;8;8;2105;1;2;1;1;6;134;BARRIER (RUE DU GENERAL;M;4873967.0;133931.0;280
19239;201500021316;15;9;18;1930;1;1;1;2;5;404;RN 154;M;4870960.0;136957.0;280
19240;201500021317;15;9;24;1735;1;2;1;1;3;134;FENOTS (AVENUE DES);;;;280
19241;201500021319;15;10;16;730;5;2;2;2;3;404;, CRECY (ROUTE DE);M;4872725.0;133264.0;280
19242;201500021321;15;11;13;1810;1;2;1;1;3;134;POTEZ (RUE HENRY);M;4875027.0;135557.0;280
19243;201500021322;15;12;11;835;1;2;1;1;6;134;2, BRETAGNE (RUE DE);M;4873815.0;134109.0;280
19244;201500021323;15;12;28;745;5;2;4;1;3;134;MARCEAU (AVENUE DU GENER;M;4872900.0;136672.0;280
19245;201500021324;15;1;21;115;3;1;1;1;6;384;;M;0.0;0.0;710
19246;201500021325;15;1;17;1800;2;1;1;8;2;73;;M;0.0;0.0;710
19247;201500021326;15;1;31;845;1;1;1;8;6;52;;M;0.0;0.0;710
19248;201500021327;15;2;24;300;3;1;1;1;2;118;;M;0.0;0.0;710
19249;201500021328;15;4;10;1900;2;1;1;1;6;170;;M;0.0;0.0;710
19250;201500021329;15;4;18;1215;1;1;1;1;7;170;;M;0.0;0.0;710
19251;201500021330;15;9;30;2045;3;1;1;1;5;81;;M;0.0;0.0;710
19252;201500021331;15;10;4;1730;1;1;1;1;6;265;;M;0.0;0.0;710
19253;201500021332;15;11;9;630;3;1;1;1;4;475;;M;0.0;0.0;710
19254;201500021333;15;2;18;1400;1;1;1;1;6;26;;M;0.0;0.0;740
19255;201500021334;15;6;2;830;1;2;1;1;5;213;205, ROUTE DE CHARMEUSE;M;4592000.0;607400.0;740
19256;201500021335;15;6;20;1915;1;1;1;1;6;217;RTE  LA ROCHE SUR FORON;M;0.0;0.0;740
19257;201500021336;15;11;5;725;1;1;1;1;1;217;1755, ROUTE DE GENEVE;M;0.0;0.0;740
19258;201500021337;15;11;7;1230;1;1;1;1;1;272;3030 ROUTE DE BELLEGARDE;M;0.0;0.0;740
19259;201500021338;15;6;20;1930;1;1;1;1;1;27;;;;;140
19260;201500021339;15;7;11;700;1;1;1;1;6;317;;M;4890360.0;-87587.0;140
19261;201500021340;15;7;26;530;2;1;1;2;6;139;;;;;140
19262;201500021341;15;8;29;1900;1;1;1;1;3;317;;M;4889180.0;-82663.0;140
19263;201500021342;15;11;1;830;1;1;1;8;6;412;;;;;140
19264;201500021343;15;1;8;1845;3;1;1;1;7;164;;M;4858545.0;-324874.0;220
19265;201500021344;15;2;19;1545;1;1;1;2;7;182;;M;4853036.0;-291643.0;220
19266;201500021345;15;2;21;745;2;1;1;4;5;135;;M;4856509.0;-332665.0;220
19267;201500021346;15;3;23;830;1;1;1;7;5;206;;M;4853097.0;-299932.0;220
19268;201500021347;15;4;5;530;3;1;1;1;6;34;;M;4866757.0;-334877.0;220
19269;201500021348;15;4;11;1245;1;1;1;1;7;4;;M;4864816.0;-332872.0;220
19270;201500021349;15;4;11;1200;1;1;1;2;2;206;;M;4852960.0;-297334.0;220
19271;201500021350;15;4;25;1345;1;1;1;8;2;116;;M;4853543.0;-304001.0;220
19272;201500021351;15;4;25;1000;1;1;1;8;7;182;;M;4853148.0;-293209.0;220
19273;201500021352;15;4;26;745;1;1;1;3;6;4;;M;4864823.0;-332894.0;220
19274;201500021353;15;5;19;2045;2;1;1;1;6;164;;M;4859606.0;-326009.0;220
19275;201500021354;15;5;24;1130;1;1;1;1;2;206;;M;4853074.0;-295585.0;220
19276;201500021355;15;6;11;1600;1;1;1;1;7;225;;M;4854678.0;-309677.0;220
19277;201500021356;15;6;21;1515;1;1;1;1;5;182;;M;4853140.0;-292691.0;220
19278;201500021357;15;8;8;1900;1;1;1;7;7;164;;M;4858086.0;-323297.0;220
19279;201500021358;15;8;10;700;1;1;1;1;2;182;;M;4853138.0;-294259.0;220
19280;201500021359;15;8;28;1545;1;1;1;1;5;225;;M;4854534.0;-309064.0;220
19281;201500021360;15;9;4;1945;1;1;1;1;4;206;;M;4853021.0;-296503.0;220
19282;201500021361;15;9;5;1945;1;1;1;1;3;251;;M;4854369.0;-283129.0;220
19283;201500021362;15;9;10;2215;3;1;9;1;6;228;;M;4854994.0;-340219.0;220
19284;201500021363;15;10;11;1600;1;1;9;1;6;225;;M;4854617.0;-309446.0;220
19285;201500021364;15;10;18;900;1;1;1;5;6;225;;M;4855100.0;-311347.0;220
19286;201500021365;15;11;22;2145;3;1;1;8;2;206;;M;4853372.0;-301138.0;220
19287;201500021366;15;1;30;1615;1;1;1;4;6;190;;M;4852107.0;-203811.0;220
19288;201500021367;15;2;8;2015;3;1;1;1;6;44;Beau soleil;M;4847687.0;-260098.0;220
19289;201500021368;15;3;11;730;2;1;1;1;6;20;;M;4829453.0;-222171.0;220
19290;201500021369;15;3;17;1330;1;1;1;1;5;193;;M;4840701.0;-241889.0;220
19291;201500021370;15;4;14;2330;3;1;9;1;6;339;;M;4847933.0;-204437.0;220
19292;201500021371;15;4;24;1800;1;1;1;2;4;160;;M;4844344.0;-247879.0;220
19293;201500021372;15;4;27;2000;1;1;1;1;3;389;;M;4848171.0;-268412.0;220
19294;201500021373;15;4;28;700;2;1;1;1;7;84;;M;4841713.0;-229112.0;220
19295;201500021374;15;6;16;845;1;1;1;1;4;389;;M;4847997.0;-267278.0;220
19296;201500021375;15;7;2;500;2;1;1;2;7;389;;M;4848029.0;-265363.0;220
19297;201500021376;15;7;5;215;3;1;1;1;6;389;;M;4848063.0;-265039.0;220
19298;201500021377;15;7;19;1745;1;1;1;8;6;185;;M;4837116.0;-234494.0;220
19299;201500021378;15;7;21;900;1;1;1;1;4;160;;M;4844585.0;-248059.0;220
19300;201500021379;15;8;1;1230;1;1;1;1;4;389;;M;4848205.0;-268601.0;220
19301;201500021380;15;8;23;615;3;1;1;3;3;193;;M;4841174.0;-242694.0;220
19302;201500021381;15;8;24;845;1;1;1;3;6;44;;M;4847713.0;-259598.0;220
19303;201500021382;15;8;29;1515;1;1;1;1;3;246;;M;4847690.0;-260284.0;220
19304;201500021383;15;9;11;945;1;1;1;1;6;185;Ld La Planche;M;4837052.0;-238392.0;220
19305;201500021385;15;10;5;1630;1;1;4;1;2;93;la corne aux cerfs;M;4845690.0;-251176.0;220
19306;201500021386;15;10;16;1200;1;1;1;1;6;81;;M;4848124.0;-263955.0;220
19307;201500021387;15;10;31;415;3;1;9;1;3;389;;M;4848006.0;-267446.0;220
19308;201500021388;15;11;20;830;1;1;1;3;5;388;;M;4843864.0;-213861.0;220
19309;201500021389;15;11;26;1615;1;1;1;1;6;369;;M;4834042.0;-228427.0;220
19310;201500021390;15;12;21;845;2;1;1;1;6;190;;M;4851257.0;-203900.0;220
19311;201500021391;15;1;7;2015;3;1;1;1;6;204;Lieu dit procheMilin-Hus;M;4850201.0;-416991.0;290
19312;201500021392;15;1;31;1015;1;1;1;4;2;199;proche Coat Raden;M;4858381.0;-376669.0;290
19313;201500021394;15;2;24;1045;1;1;1;4;6;183;RN12;M;4857243.0;-360889.0;290
19314;201500021395;15;4;2;2345;3;1;1;1;6;199;Proche Kervanon;M;4857548.0;-372347.0;290
19315;201500021396;15;5;1;745;1;1;1;1;6;105;RN 12 OA Rue le Goffic;M;4851767.0;-408090.0;290
19316;201500021397;15;5;23;2315;3;1;1;2;7;105;;M;4851863.0;-405005.0;290
19317;201500021398;15;6;19;500;3;1;1;1;6;266;;M;4852125.0;-394684.0;290
19318;201500021399;15;6;24;1115;1;1;1;1;7;68;RN12;M;4851913.0;-402598.0;290
19319;201500021400;15;7;16;1100;1;1;1;1;2;68;;M;4852720.0;-397938.0;290
19320;201500021401;15;7;21;1045;1;1;1;1;2;179;RN 12;M;4848275.0;-429605.0;290
19321;201500021402;15;8;7;1615;1;1;1;1;6;61;RN12;M;4843327.0;-444404.0;290
19322;201500021403;15;8;18;1815;1;1;1;1;2;75;RN12;M;4844140.0;-440984.0;290
19323;201500021404;15;8;31;845;1;1;1;2;6;268;Penn Ar Prat;M;4847271.0;-432451.0;290
19324;201500021405;15;9;13;1315;1;1;1;2;7;75;PK 65 +400;M;4844890.0;-439006.0;290
19325;201500021406;15;11;2;1045;1;1;1;1;2;199;;M;4857636.0;-365217.0;290
19326;201500021407;15;11;17;1200;1;1;1;2;7;266;Ty Poullin;M;4852657.0;-395357.0;290
19327;201500021408;15;1;31;100;5;1;1;2;6;189;;M;4838426.0;-438622.0;290
19328;201500021409;15;6;5;1930;1;1;1;1;1;302;;M;4825439.0;-408964.0;290
19329;201500021410;15;7;26;1100;1;1;9;3;3;53;;M;4829518.0;-416843.0;290
19330;201500021411;15;8;22;945;1;1;1;1;7;20;RN165 PR68+800 vers Bres;M;4814903.0;-403493.0;290
19331;201500021412;15;12;28;1400;1;1;1;1;7;140;RN165;M;4838409.0;-431456.0;290
19332;201500021413;15;1;31;715;3;1;1;8;1;90;;M;4793155.0;-167273.0;350
19333;201500021414;15;5;2;2345;3;1;1;2;2;231;;M;4788315.0;-168955.0;350
19334;201500021415;15;5;6;1430;1;1;1;1;5;139;;M;4797619.0;-169469.0;350
19335;201500021416;15;7;3;2145;2;1;1;1;6;363;;M;4802012.0;-169086.0;350
19336;201500021417;15;7;10;1645;1;1;1;1;3;66;;M;4803537.0;-168770.0;350
19337;201500021418;15;9;26;1700;1;1;1;1;7;98;;M;4774225.0;-166714.0;350
19338;201500021419;15;10;24;1445;1;1;1;1;6;221;;M;4786665.0;-169089.0;350
19339;201500021420;15;2;1;2215;3;1;1;3;2;191;;M;4846121.0;-132855.0;350
19340;201500021422;15;5;22;1730;1;1;1;1;7;209;;M;0.0;0.0;10
19341;201500021423;15;6;4;745;1;1;1;1;2;419;;M;0.0;0.0;10
19342;201500021426;15;11;8;1200;1;1;1;1;6;158;;M;4617431.0;589792.0;10
19343;201500021428;15;3;29;2245;3;1;1;2;6;428;;M;4945100.0;573300.0;540
19344;201500021429;15;4;19;1345;1;1;1;1;6;236;;M;4945173.0;551814.0;540
19345;201500021430;15;10;25;1045;1;1;1;5;6;314;;M;4950200.0;572000.0;540
19346;201500021432;15;1;23;1100;2;1;1;1;3;67;;M;4942958.0;568623.0;540
19347;201500021433;15;2;13;830;1;1;3;5;3;138;;M;4952800.0;572300.0;540
19348;201500021434;15;2;19;1;5;2;1;1;6;322;1 rue de la platinerie;M;4943907.0;560700.0;540
19349;201500021435;15;4;24;1830;1;2;1;1;7;314;ZI LES MARAGOLLES;M;4951400.0;573000.0;540
19350;201500021436;15;4;26;1915;1;1;1;3;7;67;;M;4943783.0;564273.0;540
19351;201500021437;15;5;6;1845;1;1;1;1;7;322;;M;4945058.0;558405.0;540
19352;201500021439;15;7;10;730;1;1;1;1;3;537;;M;4945067.0;570376.0;540
19353;201500021440;15;7;15;1645;1;1;1;1;1;290;;M;4942937.0;578285.0;540
19354;201500021441;15;7;22;2030;2;2;1;1;6;134;rue du moulin;M;0.0;0.0;540
19355;201500021442;15;8;6;1745;1;2;1;1;1;322;D618;M;4943600.0;561100.0;540
19356;201500021443;15;8;11;1800;1;2;1;1;7;151;RUE DE LONGWY;M;4948810.0;574730.0;540
19357;201500021444;15;1;11;1530;1;1;1;1;1;437;;M;0.0;0.0;670
19358;201500021445;15;9;16;900;1;1;1;2;6;208;;M;0.0;0.0;670
19359;201500021446;15;12;31;1345;1;1;1;1;1;179;;M;0.0;0.0;670
19360;201500021447;15;2;8;2030;5;1;1;1;6;48;;M;4320500.0;655800.0;830
19361;201500021448;15;6;3;1930;1;2;1;1;3;48;1945 bd de St Raphael;M;0.0;0.0;830
19362;201500021449;15;7;7;830;1;1;1;1;6;36;;M;4318899.0;654964.0;830
19363;201500021450;15;8;19;30;3;2;1;1;6;48;Route des crêtes;M;4320500.0;655400.0;830
19364;201500021451;15;10;26;1545;1;1;1;1;1;36;;M;0.0;0.0;830
19365;201500021452;15;10;31;1500;1;2;1;1;6;36;RD559, promenade mer;M;4303000.0;608900.0;830
19366;201500021453;15;12;20;1745;5;1;1;5;6;48;;M;4321135.0;657411.0;830
19367;201500021454;15;11;15;1200;1;1;9;1;5;363;;M;0.0;0.0;670
19368;201500021455;15;2;20;1000;1;1;1;1;6;73;;M;0.0;0.0;40
19369;201500021456;15;9;6;1430;1;2;2;1;1;19;CD 900- 902 pont du plan;M;0.0;0.0;40
19370;201500021457;15;9;7;1115;1;2;1;1;3;62;;M;0.0;0.0;40
19371;201500021458;15;1;22;1930;3;1;1;1;6;219;;M;0.0;0.0;350
19372;201500021459;15;1;27;1730;2;1;1;8;7;328;;M;4778822.0;-203435.0;350
19373;201500021460;15;3;7;645;3;1;1;1;6;129;;M;4782472.0;-186244.0;350
19374;201500021461;15;4;10;2015;2;1;1;1;3;219;;M;0.0;0.0;350
19375;201500021462;15;5;1;830;1;1;6;2;3;129;;M;4786499.0;-187854.0;350
19376;201500021463;15;8;3;2300;3;1;1;1;6;328;;M;4778940.0;-206484.0;350
19377;201500021464;15;10;11;1000;1;1;1;1;6;285;;M;4776895.0;-196627.0;350
19378;201500021465;15;11;10;915;1;2;1;7;1;219;rue du docteur LAENEC;M;4780649.0;-194280.0;350
19379;201500021466;15;12;16;1915;3;1;1;2;3;219;;M;4782174.0;-194488.0;350
19380;201500021467;15;4;29;1215;1;1;1;1;6;100;;M;0.0;0.0;860
19381;201500021468;15;6;29;1100;1;1;1;1;2;83;;M;0.0;0.0;860
19382;201500021469;15;8;20;315;3;1;1;1;5;56;;M;0.0;0.0;860
19383;201500021470;15;11;27;1300;1;1;1;1;1;50;;M;0.0;0.0;860
19384;201500021471;15;4;20;830;1;1;1;1;7;128;;M;4728931.0;450701.0;210
19385;201500021472;15;6;20;1315;1;1;1;1;2;380;;M;0.0;0.0;210
19386;201500021473;15;6;24;1715;1;1;1;1;1;634;;M;4714549.0;470112.0;210
19387;201500021474;15;7;9;1815;1;1;1;1;6;177;;M;4737132.0;439887.0;210
19388;201500021475;15;7;15;145;3;1;1;1;6;634;;M;4715900.0;469746.0;210
19389;201500021476;15;8;23;915;1;1;1;2;2;87;;M;4711450.0;470976.0;210
19390;201500021477;15;10;26;845;1;1;1;5;2;501;;M;0.0;0.0;210
19391;201500021478;15;12;19;1530;1;1;1;1;6;214;;M;4717429.0;468937.0;210
19392;201500021479;15;12;20;1200;1;1;1;1;2;529;;M;4740702.0;434495.0;210
19393;201500021480;15;12;24;430;3;1;1;8;5;214;;M;4718704.0;467446.0;210
19394;201500021482;15;3;21;1245;1;1;1;2;1;103;;M;4628493.0;603890.0;10
19395;201500021483;15;3;28;400;5;2;1;1;6;173;avenue de la GARE;M;0.0;0.0;10
19396;201500021484;15;4;16;330;3;1;1;1;7;436;;M;0.0;0.0;10
19397;201500021485;15;8;15;430;3;1;1;1;7;399;;M;0.0;0.0;10
19398;201500021486;15;5;14;910;1;2;1;1;1;201;SAINT JULIEN DE RODELLE;M;4450010.0;266217.0;120
19399;201500021488;15;9;5;1545;1;1;1;1;1;157;;M;4439210.0;268852.0;120
19400;201500021489;15;1;24;1930;3;1;1;4;1;43;RN 88 - LES MOLINIERES;M;4428950.0;251074.0;120
19401;201500021490;15;2;28;1145;1;1;1;1;1;254;;M;4350800.0;-58800.0;640
19402;201500021491;15;11;7;945;1;2;1;7;6;410;AVENUE CHARLES MOUREU;M;4337248.0;-62594.0;640
19403;201500021492;15;11;10;1015;1;2;6;1;6;410;RP DES DROITS DE L'HOMME;M;4336778.0;-62717.0;640
19404;201500021494;15;12;7;800;1;1;1;1;1;521;;M;4340573.0;-53770.0;640
19405;201500021495;15;12;11;1930;5;2;1;1;6;410;AVENUE HENRI IV;M;4337254.0;-62909.0;640
19406;201500021496;15;2;27;945;1;2;1;2;6;300;56 Grand rue;M;4778866.0;736981.0;680
19407;201500021498;15;6;13;1600;1;1;1;7;3;157;;M;0.0;0.0;10
19408;201500021499;15;7;5;1145;1;1;1;1;1;166;;M;0.0;0.0;10
19409;201500021501;15;2;21;1010;1;2;2;1;3;19;., FOUCAULD CHARLES DE;M;4839716.0;-446140.0;290
19410;201500021502;15;12;18;1804;5;2;1;1;2;19;17, DUVAL MARCELLIN (DE;M;4841201.0;-448648.0;290
19411;201500021503;15;1;2;1955;5;2;3;1;3;19;Av CLEMENCEAU GEORGES;M;4839063.0;-448704.0;290
19412;201500021504;15;2;27;1950;5;2;1;2;6;19;BEREST EUGENE;M;4839330.0;-443472.0;290
19413;201500021505;15;12;29;1130;1;2;1;1;6;19;VERDUN (DE 53 A 199 ET 7;M;4839870.0;-445655.0;290
19414;201500021506;15;1;5;1715;2;2;3;1;3;19;CUIRASSE BOUVET;M;4838376.0;-452384.0;290
19415;201500021508;15;12;28;1820;5;2;1;3;1;19;., EUROPE (DE 13 A 15);M;4841574.0;-447363.0;290
19416;201500021509;15;1;12;1010;1;2;1;2;2;19;LE GORGEU (N?ENTRE TAREN;M;4840769.0;-451169.0;290