;Num_Acc;an;mois;jour;hrmn;lum;agg;int;atm;col;com;adr;gps;lat;long;dep
19417;201500021510;15;2;23;1410;1;2;3;1;3;19;., EINSTEIN ALBERT;M;4840922.0;-446290.0;290
19418;201500021511;15;12;11;1840;5;2;1;1;2;19;., EUROPE (DE 13 A 15);M;4841293.0;-450174.0;290
19419;201500021513;15;2;24;1640;1;2;1;1;6;19;LAMOTTE PICQUET (N° 20 E;M;4839531.0;-449226.0;290
19420;201500021514;15;1;6;2055;1;2;1;1;1;19;., SAINT MARC (DE 64 A 1;M;4839767.0;-446688.0;290
19421;201500021515;15;2;25;1255;1;2;1;2;6;19;., ROUSSE EMILE;M;4838182.0;-452729.0;290
19422;201500021516;15;2;27;1815;2;2;6;1;3;19;ROOSEVELT FRANKLIN;M;4838292.0;-448798.0;290
19423;201500021517;15;1;7;1725;1;2;3;1;3;19;VENDEE (DE 7 A 31 ET;M;4840434.0;-451251.0;290
19424;201500021518;15;1;8;1905;5;2;2;1;3;19;KEROURIEN (DE 35 A 41 ET;M;4838294.0;-453828.0;290
19425;201500021519;15;3;5;1820;1;2;2;1;6;19;FRANCE ANATOLE 1;M;4838105.0;-453070.0;290
19426;201500021520;15;1;8;1420;1;2;1;1;3;19;GOUESNOU (DE 43 A 219 ET;M;4842741.0;-446714.0;290
19427;201500021521;15;3;7;900;1;2;1;1;1;19;ROND POINT DE KERESSEIS;M;4839411.0;-453897.0;290
19428;201500021522;15;1;12;920;1;2;6;2;2;19;RUE GUSTAVE ZEDE;M;4841833.0;-446323.0;290
19429;201500021523;15;3;9;850;1;2;1;1;3;19;PREMIERE DFL;M;4837643.0;-455319.0;290
19430;201500021524;15;1;20;1718;1;2;1;8;3;19;., MAISSIN;M;4838833.0;-450345.0;290
19431;201500021525;15;12;2;1630;1;2;2;1;1;19;DONNART MATHIEU (DE 1 A;M;4839965.0;-448608.0;290
19432;201500021526;15;3;13;705;1;2;6;1;3;19;LE GORGEU (N°29 (TOTAL)+;M;4839988.0;-449680.0;290
19433;201500021527;15;1;20;1745;1;2;9;9;2;19;Tanguy Prigent;M;4839306.0;-453941.0;290
19434;201500021528;15;3;16;1310;1;2;1;1;6;19;rueMOUCHOTTE ( 23 a 36 );M;4838674.0;-450716.0;290
19435;201500021529;15;1;20;1935;5;2;1;2;3;19;LE GORGEU (N?29 (TOTAL)+;M;4840064.0;-449949.0;290
19436;201500021530;15;3;9;2115;4;2;1;1;6;19;PARIS ( 33 ET 42 A FIN);M;4840510.0;-446348.0;290
19437;201500021531;15;1;28;2200;5;2;3;1;3;19;, LAMOTTE PICQUET (N 2);M;4839533.0;-449209.0;290
19438;201500021532;15;3;10;825;1;2;3;1;3;19;TREPOS PIERRE;M;4840327.0;-450679.0;290
19439;201500021533;15;1;23;915;1;2;1;2;3;19;CASSARD JACQUES;M;4840461.0;-448067.0;290
19440;201500021535;15;1;25;555;5;2;1;1;6;19;98, GLASGOW (DE 1 A 9 ET;M;4839324.0;-448447.0;290
19441;201500021536;15;3;26;1525;1;2;1;1;6;19;MIRABEAU;M;4840777.0;-448847.0;290
19442;201500021537;15;1;28;1205;1;2;9;2;6;19;30, LE GORGEU;M;4840202.0;-450271.0;290
19443;201500021538;15;3;25;640;5;2;2;1;3;19;rue VILLENEUVE;M;4841022.0;-446216.0;290
19444;201500021539;15;1;29;905;1;2;3;2;6;19;ARGENTRE BERTRAND D' (RU;M;4840940.0;-448470.0;290
19445;201500021540;15;3;29;2300;5;2;1;2;6;19;LE GORGEU (ENTRE TAREN;M;4840700.0;-451262.0;290
19446;201500021541;15;1;29;1030;1;2;1;2;6;19;22, BRANDA (DE 1A 35 ET;M;4839048.0;-448268.0;290
19447;201500021542;15;3;31;15;5;2;1;1;6;19;FRANCE ANATOLE (DE 24;M;4838261.0;-451259.0;290
19448;201500021543;15;2;2;30;5;2;1;1;6;19;Rue Léon Blum;M;4840559.0;-448466.0;290
19449;201500021544;15;3;29;1940;1;2;3;1;3;19;DUPERRE (DE 1 A 31 ET;M;4839835.0;-448106.0;290
19450;201500021545;15;2;6;1330;1;2;1;1;2;19;LE GORGEU (N29 (TOTAL;M;4840486.0;-450620.0;290
19451;201500021546;15;4;7;900;1;2;1;7;6;19;TARENTE;M;4840439.0;-450925.0;290
19452;201500021547;15;2;6;1710;1;2;1;6;6;19;LE GORGEU;M;4840774.0;-451213.0;290
19453;201500021548;15;4;5;1515;1;2;1;1;6;19;BEREST EUGENE;M;4839473.0;-443428.0;290
19454;201500021549;15;2;7;2040;5;2;1;1;3;19;COLLET YVES;M;4839074.0;-448182.0;290
19455;201500021550;15;4;8;1640;1;2;1;1;3;19;., PLANTE GASTON;M;4842738.0;-446569.0;290
19456;201500021551;15;2;12;1845;2;2;1;2;7;19;COLLET YVES (DE 1 A 2;M;4838942.0;-448326.0;290
19457;201500021552;15;4;13;1240;1;2;2;1;3;19;EUROPE (DE 58 A 166 E;M;4841331.0;-448668.0;290
19458;201500021553;15;4;14;1315;1;2;2;1;3;19;JAURES JEAN (DE 44 A 108;M;4839461.0;-447928.0;290
19459;201500021554;15;4;29;1040;1;2;1;1;6;19;GALLIENI GENERAL (DE 1 A;M;4838898.0;-450951.0;290
19460;201500021555;15;4;24;2000;1;2;2;1;5;19;DOUMIER PAUL;M;4839887.0;-448761.0;290
19461;201500021556;15;5;1;20;5;2;5;2;1;19;., PETIT THOUARS;M;4837953.0;-452023.0;290
19462;201500021557;15;5;5;1810;1;2;1;1;4;19;1025, KERVAO;M;4842285.0;-451134.0;290
19463;201500021558;15;4;9;1640;1;2;1;1;4;19;Avenue FOCH Marechal;M;4839599.0;-448872.0;290
19464;201500021559;15;5;18;1630;1;2;3;1;6;19;QUATRE POMPES (DE 1 A 65;M;4837755.0;-453546.0;290
19465;201500021560;15;5;14;200;5;2;1;2;6;19;., CLEMENCEAU GEORGES (D;M;4838923.0;-448439.0;290
19466;201500021561;15;5;11;1110;1;2;1;1;3;19;DESFOSSES ROMAIN (AMIRAL;M;4842559.0;-448009.0;290
19467;201500021562;15;5;20;1745;1;2;1;1;6;19;FRANCE ANATOLE (DE 55 A;M;4838235.0;-452277.0;290
19468;201500021563;15;5;19;720;1;2;1;1;2;19;., KERABECAM;M;4839206.0;-448704.0;290
19469;201500021564;15;5;13;1225;1;2;9;1;3;19;., PRIGENT TANGUY (DE ME;M;4839752.0;-453124.0;290
19470;201500021565;15;5;16;2220;5;2;2;1;3;19;DOUMIER PAUL;M;4839887.0;-448761.0;290
19471;201500021566;15;5;21;1640;1;2;6;1;1;19;LEON DU;M;4840359.0;-449762.0;290
19472;201500021567;15;5;24;1054;1;2;1;1;1;19;., QUIMPER (DE 1 A 103 E;M;4840019.0;-444490.0;290
19473;201500021568;15;5;20;2015;1;2;1;1;2;19;., LAMOTTE PICQUET (N° 2;M;4839430.0;-449325.0;290
19474;201500021569;15;6;1;1835;1;2;1;1;3;19;985, ROCH GLAS (ROUTE ET;M;4843270.0;-448955.0;290
19475;201500021570;15;5;28;845;1;2;2;1;3;19;EUROPE (DE 201 A 215);M;4841321.0;-448656.0;290
19476;201500021571;15;5;27;1800;1;2;2;1;3;19;KERLEGUER (N° 60 ET 65°;M;4842132.0;-450331.0;290
19477;201500021572;15;6;9;100;5;2;2;1;3;19;., DOUMIER PAUL;M;4839970.0;-448599.0;290
19478;201500021573;15;6;16;725;1;2;6;1;3;19;COMMANDANT DROGOU ( DE 1;M;4840454.0;450094.0;290
19479;201500021574;15;6;18;1045;1;2;1;1;6;19;BOHARS;M;4841552.0;-449251.0;290
19480;201500021575;15;6;19;720;1;2;1;1;3;19;4 FAURE GABRIEL;M;4840947.0;449849.0;290
19481;201500021576;15;6;4;840;1;1;1;1;3;19;Rte de Ste Anne du Portz;M;4836140.0;-453687.0;290
19482;201500021577;15;6;23;745;1;2;3;1;6;19;., ROND POINT HMCS ATHAB;M;4837457.0;455780.0;290
19483;201500021578;15;6;23;1345;1;1;1;1;2;19;TARENTE;M;4840488.0;-450983.0;290
19484;201500021579;15;6;29;800;1;2;1;1;3;19;TARENTE;M;4840469.0;-450960.0;290
19485;201500021580;15;6;29;1040;1;2;1;1;6;19;280, HEMINGWAY ERNEST;M;4838537.0;-447955.0;290
19486;201500021581;15;6;30;735;1;2;1;1;2;19;LE GORGEU (SANS N° ENTRE;M;4840165.0;-450271.0;290
19487;201500021582;15;7;7;1530;1;2;7;1;1;19;SAINT MARC ROUTE DU VIEU;M;4839026.0;-445836.0;290
19488;201500021583;15;7;11;1940;1;2;1;1;6;19;PLYMOUTH (DE 89 A 135 ET;M;4838547.0;-453551.0;290
19489;201500021584;15;7;16;2200;1;2;2;1;3;19;., MONTAIGNE (DE 98 ET 1;M;4840350.0;-448040.0;290
19490;201500021585;15;7;11;1030;1;2;2;1;3;19;THOMAS ALBERT;M;4840268.0;-449440.0;290
19491;201500021586;15;7;20;1630;1;2;1;2;6;19;PREMIERE DFL (AVENUE);M;4837501.0;-455687.0;290
19492;201500021587;15;7;7;1705;1;2;3;1;2;19;rue du CONQUET;M;4837971.0;-454131.0;290
19493;201500021588;15;7;23;1400;1;2;1;1;2;19;41, KERMENGUY;M;4840391.0;-450252.0;290
19494;201500021589;15;7;26;1200;1;2;1;2;6;19;2, CAILLE RENE;M;4840160.0;-451173.0;290
19495;201500021590;15;7;24;1025;1;2;1;2;3;19;VALMY;M;4839803.0;-446508.0;290
19496;201500021591;15;8;3;905;1;2;1;2;1;19;., LE GORGEU (N°ENTRE TA;M;4840468.0;-450610.0;290
19497;201500021592;15;8;6;1530;1;2;1;1;1;19;., EUROPE (DE 13 A 15);M;4841319.0;-448750.0;290
19498;201500021593;15;8;3;1420;1;2;1;1;1;19;EUROPE (DE 201 A 215);M;4841319.0;-448750.0;290
19499;201500021594;15;8;13;730;2;2;1;3;6;19;DESFOSSES ROMAIN (AMIRAL;M;4842656.0;-447686.0;290
19500;201500021596;15;8;11;1900;1;2;1;1;6;19;EUROPE (DE 161 A 199);M;4839039.0;-448607.0;290
19501;201500021597;15;8;4;1715;1;2;1;1;4;19;ROOSEVELT FRANKLIN (AVEN;M;4838176.0;-449174.0;290
19502;201500021598;15;8;26;905;1;2;3;1;3;19;, LANGEVIN PROFESSEUR;M;4840093.0;-449955.0;290
19503;201500021599;15;8;24;1820;1;2;1;1;6;19;DESMOULINS CAMILLE;M;4839671.0;-448568.0;290
19504;201500021600;15;7;31;1730;1;2;9;1;6;19;., VALY HIR (DE 1 A 19 E;M;4838580.0;-451965.0;290
19505;201500021601;15;7;25;1405;1;2;2;1;3;19;4, FAURE GABRIEL;M;4840947.0;-449874.0;290
19506;201500021602;15;8;4;1227;1;2;1;1;6;19;81, PORTE (DE 77 A 85 ET;M;4838397.0;-450428.0;290
19507;201500021603;15;8;29;1825;1;2;2;1;3;19;SAINT JEAN;M;4840450.0;-446660.0;290
19508;201500021604;15;8;27;1655;1;2;1;1;4;19;., HARTELOIRE (PONT);M;4839212.0;-450326.0;290
19509;201500021605;15;9;2;2250;4;2;1;1;6;19;LOUPPE ALBERT (DE 1 A;M;4840277.0;-446795.0;290
19510;201500021606;15;8;21;1545;1;2;3;1;3;19;., GALLIENI GENERAL (DE;M;4838865.0;-451052.0;290
19511;201500021607;15;8;23;1025;1;2;1;1;6;19;., KERLEGUER (N° 60 ET 6;M;4842144.0;-450306.0;290
19512;201500021608;15;8;29;2110;5;2;1;1;6;19;DUVAL MARCELLIN (DE 1 A;M;4841175.0;-448643.0;290
19513;201500021609;15;9;8;1520;1;2;1;1;2;19;., HARTELOIRE (RUE);M;4839354.0;-449237.0;290
19514;201500021610;15;8;28;1150;1;2;1;1;6;19;., TANGUY DU CHATEL;M;4837960.0;-453373.0;290
19515;201500021611;15;9;10;1630;1;2;3;1;1;19;., MONTAIGNE (DE 39 A 11;M;4840328.0;-448087.0;290
19516;201500021612;15;9;2;1107;1;2;1;1;6;19;12, BERNARD EMILE;M;4842944.0;-450425.0;290
19517;201500021613;15;9;17;905;1;2;1;1;6;19;EGLISE (RUE;M;4838215.0;-450109.0;290
19518;201500021614;15;9;15;1740;1;2;1;2;2;19;KERVERN AUGUSTE;M;4840096.0;-448897.0;290
19519;201500021615;15;9;11;750;1;2;6;1;3;19;., LOUPPE ALBERT (DE 1 A;M;4840346.0;-447111.0;290
19520;201500021616;15;9;15;850;1;2;1;1;6;19;VERDUN (DE 1 A 51 ET 2 A;M;4839808.0;-446497.0;290
19521;201500021617;15;9;18;1400;1;2;1;1;1;19;., LE GORGEU (N°ENTRE TA;M;4840488.0;-450627.0;290
19522;201500021618;15;9;24;1540;1;2;1;1;6;19;MIRABEAU;M;4840759.0;-448877.0;290
19523;201500021619;15;9;23;1715;1;2;2;1;3;19;., LOUPPE ALBERT (DE 71;M;4840389.0;-447489.0;290
19524;201500021620;15;9;30;150;5;2;1;1;7;19;TOURVILLE;M;4839396.0;-449441.0;290
19525;201500021621;15;9;22;1300;1;2;2;1;3;19;., GOUESNOU (DE 221 ET 2;M;4842488.0;446707.0;290
19526;201500021622;15;9;24;1205;1;2;1;1;2;19;., LESVEN JULES (DE 26 A;M;4840884.0;-448018.0;290
19527;201500021624;15;9;30;750;2;2;2;1;1;19;., NORMANDIE;M;4840285.0;-451122.0;290
19528;201500021625;15;10;3;1755;1;2;2;1;3;19;., PONT A LOUET;M;4837278.0;-453912.0;290
19529;201500021626;15;10;8;1820;1;2;1;1;3;19;., FRANCE ANATOLE (DE 1;M;4838289.0;-451791.0;290
19530;201500021628;15;10;8;1450;1;2;2;1;5;19;, CLAIRAUT ALEXIS;M;4841548.0;-446196.0;290
19531;201500021630;15;10;9;1700;1;2;1;1;4;19;SAINT MARC ROUTE DU V;M;4839321.0;-444263.0;290
19532;201500021631;15;11;14;2225;5;2;1;1;6;19;., LE GORGEU (N°ENTRE TA;M;4840791.0;-451105.0;290
19533;201500021632;15;10;14;830;1;2;1;1;6;19;., DESFOSSES ROMAIN (AMI;M;4842554.0;-448007.0;290
19534;201500021633;15;10;14;1205;1;2;2;1;3;19;MADAGASCAR;M;4838580.0;-447940.0;290
19535;201500021634;15;10;16;2115;5;2;1;1;2;19;PEN AR CH'LEUZ (ROND;M;4841398.0;-447947.0;290
19536;201500021635;15;10;19;1255;1;2;1;1;6;19;21, COLLET YVES (DE 1 A;M;4839132.0;448106.0;290
19537;201500021636;15;10;23;745;5;2;1;1;2;19;CLEMENCEAU GEORGES (DE 1;M;4839569.0;-440777.0;290
19538;201500021637;15;10;21;1300;1;2;6;1;6;19;., KERZENNIEL (ROND POIN;M;4837309.0;-456183.0;290
19539;201500021638;15;10;30;1210;1;2;1;1;3;19;., CHOPIN FREDERIC;M;4841151.0;-449338.0;290
19540;201500021639;15;10;8;1705;1;1;1;1;3;19;PEN AR CH'LEUZ (ROND POI;M;4841461.0;-447870.0;290
19541;201500021640;15;10;15;825;1;2;1;1;6;19;COLLET YVES (DE 27 ET 28;M;4839140.0;-448069.0;290
19542;201500021642;15;10;27;1530;1;1;1;1;4;19;RN 12 (PEN AR CH'LEUZ A;M;4841554.0;-447948.0;290
19543;201500021643;15;10;26;1810;2;2;1;1;2;19;101, MONTAIGNE (DE 98 ET;M;4840465.0;-447886.0;290
19544;201500021644;15;10;30;1220;1;2;9;1;6;19;, MASSILLON (DE 1 A 31;M;4839695.0;-447938.0;290
19545;201500021645;15;11;3;1645;2;2;1;1;6;19;CORNICHE (DE 4 A 10 );M;4836532.0;-452691.0;290
19546;201500021646;15;11;6;1030;1;2;1;1;6;19;., COLLIERE JULES (DE 1;M;4839982.0;-445193.0;290
19547;201500021647;15;11;11;410;5;1;1;1;6;19;SALAUN PENQUER;M;4838481.0;-448308.0;290
19548;201500021648;15;11;12;1540;1;2;1;1;2;19;.., FOCH MARECHAL;M;4839400.0;-448790.0;290
19549;201500021649;15;10;14;1900;1;2;1;1;6;19;VERDUN ( 174 ET 201 A FI;M;4839881.0;-445139.0;290
19550;201500021650;15;10;25;1015;1;2;1;1;6;19;., PREMIERE DFL (AVENUE);M;4837474.0;-455761.0;290
19551;201500021652;15;11;13;1200;1;2;1;1;2;19;HUIT MAI 1945 (DE 46 A F;M;4840935.0;-446999.0;290
19552;201500021653;15;11;21;1600;1;2;2;1;3;19;.., EUROPE (DE 201 A 215;M;4841330.0;-448665.0;290
19553;201500021654;15;11;20;2110;5;2;1;1;3;19;24, PARIS (DE 1 A 31 ET;M;4840494.0;-446357.0;290
19554;201500021655;15;11;20;820;2;2;1;2;3;19;FAUTRAS (RUE ET PLACE);M;4839155.0;-449075.0;290
19555;201500021656;15;11;28;1855;5;2;2;6;3;19;.., STRASBOURG (PLACE);M;4840248.0;-446741.0;290
19556;201500021657;15;11;27;1130;1;2;3;1;3;19;Rue de CONCARNEAU;M;4840578.0;-445819.0;290
19557;201500021658;15;11;4;2005;5;2;1;1;4;19;., LE GORGEU (N°29 (TOTA;M;4839813.0;-449262.0;290
19558;201500021659;15;11;27;1950;5;2;1;2;3;19;21, PAULET GENERAL (DE 1;M;4840837.0;-447573.0;290
19559;201500021660;15;11;15;1215;1;2;6;1;3;19;., MAISSIN;M;4839000.0;-450350.0;290
19560;201500021661;15;11;24;905;1;2;1;1;6;19;1, PRAT LEDAN (PLACE ET;M;4838409.0;-450495.0;290
19561;201500021662;15;11;26;1440;1;2;1;2;1;19;., CHEVREUL;M;4840729.0;-449075.0;290
19562;201500021663;15;11;21;1620;1;2;2;1;3;19;., FAUTRAS (RUE ET PLACE;M;4839032.0;-449156.0;290
19563;201500021664;15;11;19;720;1;2;1;1;6;19;Rue de ROYAN;M;4840199.0;-449874.0;290
19564;201500021665;15;12;2;815;1;2;1;7;6;19;., CORNICHE (DE 1 A 39 E;M;4836610.0;-452578.0;290
19565;201500021666;15;12;3;1815;4;2;2;3;2;19;BLUM LEON;M;4840743.0;-448503.0;290
19566;201500021667;15;12;4;1800;4;2;6;1;2;19;.., LE GORGEU (SANS Nø E;M;4840181.0;-450249.0;290
19567;201500021668;15;12;3;1125;1;1;1;1;6;19;PLYMOUTH;M;4838728.0;-452171.0;290
19568;201500021669;15;12;4;1555;1;2;1;1;4;19;GLASGOW (DE 1 A 9 ET 2 A;M;4839456.0;-448428.0;290
19569;201500021670;15;12;9;1710;1;2;6;1;3;19;TARTU JEAN FRANCOIS (18;M;4838306.0;-452767.0;290
19570;201500021671;15;12;10;1655;1;2;1;1;3;19;., STRASBOURG (PLACE);M;4840236.0;-446753.0;290
19571;201500021672;15;12;2;1800;1;2;1;1;3;19;CHATEAU (DE 1 A 35 ET 2;M;4838458.0;-448935.0;290
19572;201500021674;15;12;9;755;5;2;1;1;3;19;MONTAIGNE (DE 1 A 37 ET;M;4840074.0;-448462.0;290
19573;201500021678;15;12;14;905;1;2;1;2;6;19;., LOUPPE ALBERT (DE 1 A;M;4840350.0;-447122.0;290
19574;201500021679;15;12;15;835;1;2;1;1;5;19;205, ELORN;M;4838499.0;-447884.0;290
19575;201500021683;15;2;1;1445;1;1;1;4;4;245;;M;4404582.0;-33738.0;400
19576;201500021686;15;4;27;1115;1;1;1;3;7;14;;M;4408035.0;-29553.0;400
19577;201500021687;15;8;31;1615;1;1;1;1;6;80;;M;4379751.0;-29592.0;400
19578;201500021689;15;2;24;720;3;1;1;2;7;39;STANG KUZET ( RUE DE);M;4789368.0;-390121.0;290
19579;201500021690;15;1;17;715;3;1;1;1;6;39;KERILIN (LIEU-DIT);M;4791791.0;-393281.0;290
19580;201500021691;15;2;20;1020;1;2;6;2;6;39;1, VILLENEUVE (ROND POIN;M;4789466.0;-391406.0;290
19581;201500021692;15;1;20;820;5;2;1;1;6;39;47, TREGUNC ( RUE DE );M;4786757.0;-390406.0;290
19582;201500021693;15;2;28;1515;1;1;1;1;2;39;RD 783;M;4787492.0;-389846.0;290
19583;201500021694;15;1;31;1535;1;1;1;8;7;39;Echangeur  Coat Conq;M;4792585.0;-389424.0;290
19584;201500021695;15;3;2;1140;1;1;1;1;3;39;STANG BIHAN ( LIEU-DIT);M;4789726.0;-394320.0;290
19585;201500021696;15;3;6;1140;1;2;1;1;6;39;HASCOET (RUE HELENE);M;4787167.0;-391854.0;290
19586;201500021697;15;3;21;1120;1;2;6;1;6;39;RD 783;M;4787735.0;-390215.0;290
19587;201500021698;15;3;21;1705;1;2;1;1;2;39;rue de la VILLENEUVE;M;4790062.0;-391088.0;290
19588;201500021699;15;3;23;1630;1;1;1;1;3;39;RD 783 BEUZEC;M;4789967.0;-391189.0;290
19589;201500021700;15;3;28;230;5;1;1;2;6;39;37, COLGUEN ( RUE DE);M;4790072.0;-390871.0;290
19590;201500021701;15;4;17;1150;1;1;1;1;5;39;CARNOT ( QUAI);M;4787493.0;-391675.0;290
19591;201500021702;15;4;20;1646;1;2;1;1;6;39;GLENAN ( AVENUE DES );M;4785747.0;-391302.0;290
19592;201500021703;15;5;6;900;1;1;1;1;6;39;KERAMPERU ( ROND POINT D;M;4789001.0;-391601.0;290
19593;201500021704;15;5;14;1550;1;2;1;2;6;39;AIGUILLON (QUAI DE L');M;4787287.0;-391732.0;290
19594;201500021705;15;5;15;915;1;1;1;8;7;39;RN165 (VE);M;4792583.0;-389661.0;290
19595;201500021706;15;5;17;700;2;1;1;1;6;39;SAINT LAURENT (CHEMIN DE;M;4791733.0;-393574.0;290
19596;201500021707;15;5;20;1405;1;1;3;1;3;39;COLGUEN ( RUE DE);M;4790720.0;-390554.0;290
19597;201500021708;15;6;1;1000;1;2;1;1;7;39;79, CABELLOU ( AVENUE DU;M;4785671.0;-389890.0;290
19598;201500021709;15;6;8;2035;1;2;1;1;7;39;RD 783 BEUZEC;M;4788563.0;-391342.0;290
19599;201500021710;15;6;13;5;5;1;6;1;6;39;KERAMPORIEL ( ROND POINT;M;4790026.0;391198.0;290
19600;201500021711;15;6;14;1320;1;2;3;1;3;39;COLGUEN ( RUE DE);M;4789954.0;-390946.0;290
19601;201500021712;15;6;15;1450;1;2;1;1;3;39;7 Jacques Noel Sane;M;4790215.0;-391098.0;290
19602;201500021713;15;6;25;900;1;1;1;1;2;39;COLGUEN ( RUE DE);M;4757393.0;-354146.0;290
19603;201500021714;15;6;28;820;1;1;1;1;7;39;SAINT LAURENT (CHEMIN DE;M;4754157.0;-356427.0;290
19604;201500021715;15;7;3;1719;1;1;6;1;3;39;RD 70 (route département;M;4792589.0;-389429.0;290
19605;201500021716;15;7;9;1200;1;2;1;1;3;39;119, TREGUNC ( RUE DE );M;4786424.0;-389852.0;290
19606;201500021718;15;8;10;1215;1;2;3;1;3;39;TREGUNC ( RUE DE );M;4787204.0;-390716.0;290
19607;201500021719;15;8;18;2338;5;2;6;1;3;39;KERNEACH (RUE DE );M;4788315.0;-392252.0;290
19608;201500021721;15;8;19;2155;3;1;1;1;6;39;FORET FOUESNANT ( ROUTE;M;4790634.0;-399154.0;290
19609;201500021722;15;8;20;823;1;1;1;2;7;39;RN165 (VE);M;4792531.0;-389696.0;290
19610;201500021725;15;8;30;1225;1;2;1;1;1;39;118, GARE AVENUE DE LA;M;4788216.0;-391945.0;290
19611;201500021726;15;9;1;1410;1;1;1;1;2;39;3, GARE (AVENUE DE LA);M;4787458.0;-391880.0;290
19612;201500021727;15;9;20;1015;1;2;6;1;3;39;174, TREGUNC ( RUE DE );M;4786249.0;-388884.0;290
19613;201500021729;15;10;9;830;1;2;6;1;3;39;COAT BRAS (Rond Point);M;4788268.0;-392406.0;290
19614;201500021730;15;10;9;1845;1;2;1;1;7;39;6, Gal DE GAULLE;M;4787184.0;-391913.0;290
19615;201500021731;15;10;18;1825;2;1;1;1;6;39;STANG COULZ ( CHEMIN DE);M;4789002.0;-389715.0;290
19616;201500021732;15;10;22;1320;1;1;1;8;7;39;KERILIN (LIEU-DIT);M;4791726.0;-393583.0;290
19617;201500021735;15;11;15;1855;5;2;1;8;3;39;F219, VILLENEUVE ( RUE D;M;4789727.0;-391240.0;290
19618;201500021736;15;12;1;1755;2;1;2;1;3;39;RD 783;M;4788152.0;-391011.0;290
19619;201500021737;15;12;10;1320;1;1;3;1;3;39;MOROS (  QUAI RIVE DROIT;M;4787642.0;-390810.0;290
19620;201500021738;15;12;16;1215;1;2;1;2;6;39;BOUGAINVILLE (BOULEVARD);M;4787002.0;-392178.0;290
19621;201500021740;15;12;28;1705;1;2;1;2;2;39;RD 783;M;4788515.0;-391292.0;290
19622;201500021741;15;3;11;1020;1;2;1;1;6;151;LEON (QUAI DE);M;4858350.0;-383436.0;290
19623;201500021742;15;4;18;330;3;1;1;1;7;151;RN12;M;4859521.0;-383303.0;290
19624;201500021743;15;7;22;1435;1;2;6;1;3;151;1, KERFRAVAL (ROND POINT;M;4858414.0;-381620.0;290
19625;201500021744;15;8;8;1440;1;2;4;1;3;151;11 bis, BEAUMONT (COURS);M;4858781.0;-383705.0;290
19626;201500021747;15;1;13;1415;1;1;1;1;6;384;;M;4780016.0;522479.0;520
19627;201500021748;15;2;6;730;2;1;1;1;2;355;;M;4780549.0;522444.0;520
19628;201500021749;15;5;13;1630;1;1;1;1;7;74;;M;4808002.0;561395.0;520
19629;201500021751;15;10;7;1345;1;1;9;1;2;27;;M;4773299.0;519405.0;520
19630;201500021752;15;10;15;1715;1;1;1;1;2;205;;M;4800418.0;511193.0;520
19631;201500021753;15;11;27;1300;1;1;9;1;1;147;;M;4782381.0;522540.0;520
19632;201500021755;15;12;22;530;3;1;1;1;6;189;;M;4771162.0;518825.0;520
19633;201500021756;15;12;27;200;3;1;1;5;6;42;;M;4791018.0;522226.0;520
19634;201500021757;15;12;27;1800;3;1;1;1;6;258;;M;4808937.0;483775.0;520
19635;201500021758;15;4;30;830;1;1;3;1;3;690;;M;0.0;0.0;570
19636;201500021759;15;7;1;2000;1;1;6;1;6;576;;M;0.0;0.0;570
19637;201500021760;15;11;24;1730;5;2;1;1;6;224;11 Rue Principale;M;0.0;0.0;570
19638;201500021761;15;12;29;1500;1;1;1;8;6;690;Rue Alexandre Dreux;M;4908596.0;668024.0;570
19639;201500021762;15;2;20;1415;1;1;2;2;3;409;;M;4959202.0;18751.0;760
19640;201500021763;15;4;22;1700;1;1;2;1;3;167;;M;4960928.0;15317.0;760
19641;201500021764;15;6;23;1115;1;2;1;1;6;534;Départementale 32;M;4958659.0;21051.0;760
19642;201500021765;15;10;18;600;4;1;6;1;6;404;;M;4957765.0;24010.0;760
19643;201500021766;15;7;18;1215;1;1;1;1;2;256;;M;4736110.0;205231.0;410
19644;201500021767;15;8;5;315;3;1;9;1;2;232;;M;4742170.0;201977.0;410
19645;201500021768;15;8;6;345;4;1;1;1;7;256;;M;4131204.0;204947.0;410
19646;201500021769;15;8;13;800;1;1;1;1;6;46;;M;4762891.0;195701.0;410
19647;201500021770;15;8;18;2000;1;1;1;1;7;232;;M;4737045.0;205384.0;410
19648;201500021771;15;11;29;2045;3;1;1;8;4;232;;M;4740420.0;203022.0;410
19649;201500021772;15;12;9;1045;1;1;1;5;6;161;;M;4749739.0;200651.0;410
19650;201500021773;15;1;1;1955;5;2;2;8;7;232;., DUPLEIX BOULEVARD;M;4799430.0;-410423.0;290
19651;201500021774;15;1;2;1850;2;1;1;1;7;232;., VOIE ROMAINE LA;M;4802049.0;-409290.0;290
19652;201500021775;15;2;12;1150;1;2;6;1;6;232;LE GUENNEC LOUIS BOULEVA;M;4798743.0;-410957.0;290
19653;201500021776;15;12;15;1115;1;1;1;3;7;232;., VOIE EXPRESS QUIMPER;M;4798562.0;-402270.0;290
19654;201500021777;15;1;3;1710;4;1;1;1;7;232;., DOUARNENEZ ROUTE DE;M;4799848.0;-412290.0;290
19655;201500021779;15;1;5;1425;1;1;1;8;7;232;VOIE EXPRESS QUIMPER;M;4799555.0;-404695.0;290