;Num_Acc;an;mois;jour;hrmn;lum;agg;int;atm;col;com;adr;gps;lat;long;dep
19656;201500021780;15;3;11;2201;3;1;1;1;6;232;RN165 Stangala;M;4800440.0;-406009.0;290
19657;201500021781;15;1;5;1635;1;2;1;1;2;232;SAINT MARC RUE;M;4799631.0;-410978.0;290
19658;201500021782;15;3;15;1645;1;1;1;1;6;232;POULGUINAN BOULEVARD;M;4798181.0;-412020.0;290
19659;201500021783;15;1;6;845;2;2;6;1;2;232;CORAY ROUTE DE;M;4799480.0;-407239.0;290
19660;201500021785;15;1;7;1848;4;2;1;1;3;232;46, ZOLA  EMILE IMPASSE;M;4798399.0;-409834.0;290
19661;201500021786;15;3;27;1910;2;1;6;2;2;232;PRESIDENT ALLENDE BOULEV;M;4800340.0;-408364.0;290
19662;201500021787;15;1;9;1930;4;1;2;2;3;232;274, BENODET ROUTE DE;M;4796816.0;-408464.0;290
19663;201500021788;15;3;15;5;3;1;3;1;1;51;CORAY ROUTE DE;M;4802912.0;-394975.0;290
19664;201500021789;15;4;8;900;1;2;1;1;6;232;DUPLEIX BOULEVARD;M;4799505.0;-409791.0;290
19665;201500021791;15;1;12;1630;1;1;3;1;2;232;PLOGONNEC ROUTE DE;M;4802355.0;-410802.0;290
19666;201500021792;15;4;10;815;1;1;1;8;6;232;PLOGONNEC ROUTE DE;M;4806412.0;-417042.0;290
19667;201500021793;15;4;12;1500;1;2;3;1;3;232;PRESIDENT ALLENDE BOULEV;M;4800174.0;-407892.0;290
19668;201500021794;15;1;19;430;3;1;1;9;7;232;MORBIHAN AVENUE DU;M;4797867.0;-404985.0;290
19669;201500021795;15;1;19;700;3;1;1;9;7;51;MOULIN DU FAOU;M;4799524.0;-399628.0;290
19670;201500021796;15;4;13;340;5;2;1;1;6;232;3, 19 MARS 1962 RUE DU;M;4798866.0;-411106.0;290
19671;201500021797;15;1;19;1901;1;2;1;1;7;232;FRANCE LIBRE  AVENUE DE;M;4800610.0;-409734.0;290
19672;201500021798;15;4;15;1630;1;1;3;1;3;51;Stang Kermoysan;M;4799114.0;-399178.0;290
19673;201500021799;15;1;22;1000;1;1;1;1;2;232;VOIE EXPRESS QUIMPER - B;M;4799801.0;-404891.0;290
19674;201500021801;15;1;22;1300;1;2;6;1;3;232;CROIX DES GARDIENS  ROND;M;4801032.0;-409595.0;290
19675;201500021803;15;1;22;1645;1;2;1;1;5;232;LOCMARIA ALLEE DE;M;4799246.0;-410732.0;290
19676;201500021804;15;4;23;1640;1;2;3;7;3;232;TY BOS AVENUE DE;M;4798169.0;-407418.0;290
19677;201500021805;15;1;23;1620;1;1;1;1;7;232;ROSPORDEN ROUTE DE;M;4799081.0;-406987.0;290
19678;201500021806;15;3;29;1715;1;1;1;2;6;232;LOCRONAN ROUTE DE;M;4801832.0;-413569.0;290
19679;201500021807;15;4;11;1520;1;1;1;1;4;232;LE GUENNEC LOUIS BOULEVA;M;4797931.0;-409593.0;290
19680;201500021808;15;1;24;1354;1;1;3;1;7;232;BENODET ROUTE DE;M;4795150.0;-407640.0;290
19681;201500021809;15;2;5;1430;1;1;1;8;7;232;LOCRONAN ROUTE DE;M;4801347.0;-412630.0;290
19682;201500021810;15;4;30;2340;3;1;1;3;6;232;453, BREST ROUTE DE;M;4803942.0;-407253.0;290
19683;201500021811;15;2;5;1650;1;2;6;1;3;232;TREQUEFFELEC  ROND POINT;M;4800339.0;-408389.0;290
19684;201500021812;15;5;1;255;3;2;1;3;6;232;143, BENODET ROUTE DE;M;4797851.0;-409445.0;290
19685;201500021813;15;12;19;2113;5;1;1;1;6;232;., CHAPEAU ROUGE RUE DU;M;4799631.0;-410689.0;290
19686;201500021815;15;5;5;1535;1;2;3;1;6;232;., MICHELET RUE;M;4798805.0;-410951.0;290
19687;201500021817;15;5;4;1730;1;1;6;3;1;232;Park Poullig rond point;M;4802974.0;-408802.0;290
19688;201500021818;15;5;1;1350;1;1;1;1;7;232;., POULGUINAN BOULEVARD;M;4798511.0;-411138.0;290
19689;201500021819;15;2;14;55;5;2;2;9;3;232;LOCMARIA ALLEE DE;M;4799204.0;-410801.0;290
19690;201500021820;15;5;16;1705;1;1;1;1;3;232;., KERUSTUM  ROND POINT;M;4797941.0;-409516.0;290
19691;201500021821;15;2;14;1530;1;2;1;1;6;232;4, MADEC RENE RUE;M;4799434.0;-410598.0;290
19692;201500021822;15;5;12;850;1;1;1;1;1;232;BENODET ROUTE DE;M;4795701.0;-408217.0;290
19693;201500021823;15;2;14;1655;1;1;6;1;3;232;BREST ROUTE DE;M;4802972.0;-408785.0;290
19694;201500021824;15;5;16;1940;1;1;1;1;2;232;98, LE GOFFIC CHARLES RU;M;4798556.0;-406275.0;290
19695;201500021825;15;5;19;1037;1;1;1;2;2;232;POULGUINAN PONT DE;M;4798430.0;-411436.0;290
19696;201500021826;15;5;21;850;1;2;3;1;4;232;VILLARD  ABEL RUE;M;4800670.0;-406320.0;290
19697;201500021827;15;5;30;1908;1;1;1;1;7;232;., LENDU ROUTE DU;M;4793784.0;-406560.0;290
19698;201500021828;15;5;31;1930;1;2;1;1;6;232;., OISEAUX AVENUE DES;M;4799241.0;-412323.0;290
19699;201500021829;15;6;1;1230;1;2;1;1;3;232;ERGUE ARMEL  ROND POI;M;4798288.0;-407538.0;290
19700;201500021830;15;6;4;1850;1;2;2;1;6;232;18, PARC RUE DU;M;4799455.0;-410445.0;290
19701;201500021831;15;6;5;1600;1;2;6;1;6;232;., CREAC'H GWEN  ROND PO;M;4797501.0;-409793.0;290
19702;201500021832;15;6;10;1200;1;2;8;1;2;232;17, BREST RUE DE;M;4799747.0;-409878.0;290
19703;201500021833;15;6;23;2100;1;2;6;1;3;232;., FRERES MAILLET  ROND;M;4800018.0;-408929.0;290
19704;201500021834;15;6;17;1350;1;2;1;1;2;232;., ERGUE ARMEL BOULEVARD;M;4798373.0;-407462.0;290
19705;201500021835;15;6;23;1930;1;2;1;1;3;232;AVENUE DE KERADENNEC;M;4797625.0;-407761.0;290
19706;201500021836;15;7;2;1910;1;2;1;1;3;232;4, COUEDIC RUE DU;M;4799601.0;-411015.0;290
19707;201500021837;15;7;3;1110;1;2;1;1;2;232;57, DUPLEIX BOULEVARD;M;4799462.0;-410246.0;290
19708;201500021838;15;7;7;1035;1;1;1;1;2;51;., CORAY ROUTE DE;M;4800920.0;-402697.0;290
19709;201500021839;15;7;20;830;1;2;6;1;7;232;., ERGUE ARMEL BOULEVARD;M;4798363.0;-407477.0;290
19710;201500021840;15;7;22;815;1;2;6;1;2;232;LE GUENNEC LOUIS BOULEVA;M;4798774.0;-410935.0;290
19711;201500021841;15;7;22;40;5;2;1;1;1;232;LOCMARIA ALLEE DE;M;4799225.0;-410757.0;290
19712;201500021843;15;7;25;2330;3;1;3;1;3;232;BENODET ROUTE DE;M;4793406.0;-406923.0;290
19713;201500021844;15;7;26;1835;1;1;1;2;4;232;LE GUENNEC LOUIS BOULEVA;M;4798018.0;-410107.0;290
19714;201500021845;15;7;31;1736;1;1;1;1;4;232;-, LE GUENNEC LOUIS BOUL;M;4798105.0;-410023.0;290
19715;201500021846;15;8;6;1850;1;2;2;1;6;232;4, FALKIRK RUE DE;M;4799536.0;-410818.0;290
19716;201500021847;15;8;7;1045;1;2;2;1;2;51;., ROUILLEN AVENUE;M;4799933.0;-405438.0;290
19717;201500021848;15;8;13;1810;1;1;1;1;7;232;., MORBIHAN AVENUE DU;M;4797808.0;404242.0;290
19718;201500021850;15;9;1;2047;1;2;1;1;3;232;15, ROZARGUER RUE DE;M;4796939.0;-411744.0;290
19719;201500021851;15;9;1;1840;1;1;1;1;7;232;LOCRONAN ROUTE DE;M;4801323.0;-412608.0;290
19720;201500021852;15;8;21;1800;1;1;1;1;1;232;34, TERRE NOIRE RUE DE L;M;4799687.0;-412200.0;290
19721;201500021853;15;7;31;1230;1;1;1;1;4;232;., LIBERATION AVENUE DE;M;4799239.0;-408837.0;290
19722;201500021854;15;8;11;2325;3;1;1;9;6;232;PRESIDENT ALLENDE BOULEV;M;4800069.0;-407667.0;290
19723;201500021855;15;7;10;2305;5;2;3;1;3;232;FRANCE LIBRE  AVENUE DE;M;4800292.0;-409895.0;290
19724;201500021858;15;9;14;1830;1;2;6;3;3;232;., ERGUE ARMEL  ROND POI;M;4798319.0;-407552.0;290
19725;201500021859;15;9;11;1520;1;2;1;1;1;232;37, JACOB  MAX RUE;M;4798911.0;-411673.0;290
19726;201500021860;15;9;21;1925;1;2;1;1;3;232;SEMINAIRE  ROND POINT DU;M;4799197.0;-411932.0;290
19727;201500021861;15;9;24;1045;1;2;3;1;6;232;102, BENODET RUE DE;M;4798211.0;-410260.0;290
19728;201500021862;15;9;29;1640;1;2;1;1;7;232;BLUM  LEON RUE;M;4798330.0;-407564.0;290
19729;201500021863;15;10;1;837;1;2;1;1;6;232;., REMSCHEID AVENUE DE;M;4798223.0;-409445.0;290
19730;201500021865;15;10;5;605;5;2;3;2;6;232;TY BOS AVENUE DE;M;4797730.0;-406984.0;290
19731;201500021866;15;10;5;1730;1;1;1;1;1;51;CORAY ROUTE DE;M;4802613.0;-396670.0;290
19732;201500021867;15;10;6;1205;1;2;1;1;2;232;123, LIBERATION AVENUE D;M;4799169.0;-408169.0;290
19733;201500021868;15;10;18;1229;1;2;1;1;2;232;1, CARTIER JACQUES RUE;M;4799558.0;409644.0;290
19734;201500021869;15;10;22;1337;1;1;1;1;3;232;LE BOURHIS  LOUIS RUE;M;4798293.0;-403259.0;290
19735;201500021870;15;10;27;753;1;2;1;3;2;232;124, BREST ROUTE DE;M;4801001.0;-408132.0;290
19736;201500021871;15;11;3;1445;1;2;1;1;6;232;FALKIRK RUE DE;M;4799532.0;-410837.0;290
19737;201500021873;15;11;6;1020;1;1;1;3;7;232;, BREST ROUTE DE;M;4800878.0;-408256.0;290
19738;201500021874;15;11;5;1830;2;2;2;2;3;232;JUNIVILLE RUE;M;4799523.0;-410002.0;290
19739;201500021875;15;10;20;2000;5;2;1;1;6;232;24, BRIAND  ARISTIDE RUE;M;4799493.0;-409654.0;290
19740;201500021876;15;11;14;1355;1;1;2;1;3;51;., CORAY ROUTE DE;M;4800484.0;-403282.0;290
19741;201500021877;15;11;19;1015;1;2;1;2;2;232;., TY BOS AVENUE DE;M;4798272.0;-407437.0;290
19742;201500021878;15;11;20;1825;2;2;3;1;3;232;., MOULIN VERT RUE DU;M;4800268.0;-411441.0;290
19743;201500021879;15;11;24;1052;1;2;1;1;1;232;., MONTAIGNE RUE;M;4798404.0;-410342.0;290
19744;201500021880;15;11;25;1000;1;2;3;2;6;232;19 MARS 1962 RUE DU;M;4798812.0;-410947.0;290
19745;201500021881;15;11;26;1250;1;2;6;2;3;232;., BECHARLES  ROND POINT;M;4801579.0;-408737.0;290
19746;201500021882;15;11;21;1230;1;2;1;1;3;232;DOUARNENEZ RUE DE;M;4799847.0;-411076.0;290
19747;201500021883;15;12;1;915;1;1;1;1;5;232;., GUTENBERG BOULEVARD;M;4798131.0;-407854.0;290
19748;201500021884;15;12;2;2207;3;1;1;1;7;51;CORAY ROUTE DE;M;4802708.0;-396793.0;290
19749;201500021885;15;12;3;215;3;2;1;1;6;232;1, CORAY ROUTE DE;M;4799404.0;-406902.0;290
19750;201500021886;15;11;15;2235;3;2;1;1;6;232;BREST ROUTE DE;M;4804611.0;-407041.0;290
19751;201500021887;15;11;25;945;1;2;1;2;6;232;6, BARBUSSE HENRI RUE;M;4799061.0;-407536.0;290
19752;201500021888;15;12;5;1905;5;2;1;1;4;232;15, GIRONDINS AVENUE DES;M;4799030.0;-413267.0;290
19753;201500021889;15;10;23;1345;1;2;1;1;7;232;ERGUE ARMEL  ROND POINT;M;4798284.0;-407426.0;290
19754;201500021890;15;12;7;815;2;1;1;1;7;232;VIEILLE ROUTE DE BRIEC;M;4802680.0;-408732.0;290
19755;201500021891;15;12;15;1815;5;2;1;1;1;51;ROUILLEN AVENUE;M;4800064.0;-404872.0;290
19756;201500021892;15;12;17;1335;1;2;6;2;3;232;., BRADEN  ROND POINT DU;M;4798256.0;-408180.0;290
19757;201500021893;15;12;17;1220;1;2;1;8;6;232;., POULGUINAN BOULEVARD;M;4798414.0;-411456.0;290
19758;201500021894;15;12;17;2120;5;2;1;2;6;232;., KERFILY RUE DE;M;4799846.0;-408073.0;290
19759;201500021895;15;12;28;1140;1;2;1;1;6;232;., SCHOELCHER VICTOR PLA;M;4798546.0;-408364.0;290
19760;201500021896;15;12;31;845;3;1;6;1;6;232;Park Poullig rond point;M;4803220.0;-408368.0;290
19761;201500021897;15;12;31;1145;1;2;1;1;6;232;7, POMPIDOU GEORGES AVEN;M;4798287.0;-407212.0;290
19762;201500021898;15;4;20;900;1;1;1;1;3;371;;M;4919953.0;593360.0;540
19763;201500021899;15;7;22;1930;1;1;1;1;2;2;;M;4919525.0;586498.0;540
19764;201500021901;15;8;29;845;1;1;1;1;7;557;;M;0.0;0.0;550
19765;201500021902;15;1;19;2030;3;2;1;1;1;395;Bld Pierre COUBERTIN;M;4922334.0;214758.0;600
19766;201500021903;15;1;23;2330;3;1;1;1;7;395;;M;4924918.0;212817.0;600
19767;201500021905;15;3;3;30;3;1;1;8;6;395;;M;4926655.0;211564.0;600
19768;201500021906;15;4;28;15;3;1;1;1;6;10;;M;4921910.0;211932.0;600
19769;201500021907;15;6;22;1700;1;2;1;2;1;218;rue nationale;M;4921591.0;217214.0;600
19770;201500021909;15;6;26;1245;1;1;1;1;7;10;;M;4922227.0;210082.0;600
19771;201500021910;15;7;16;930;1;2;1;1;6;532;Lieux dit Valeureux;M;4928723.0;208811.0;600
19772;201500021912;15;7;31;1030;1;2;1;1;2;88;D 105, route de Gisors;M;4919449.0;217913.0;600
19773;201500021913;15;10;25;1215;1;2;9;1;6;395;rue des martyrs;M;4923863.0;213374.0;600
19774;201500021914;15;11;17;745;2;2;1;2;6;88;RUE DU 11 NOVEMBRE;M;4919854.0;221258.0;600
19775;201500021915;15;1;2;2350;5;2;2;1;3;7;., FAUBOURG DU SOLEIL (R;M;4412003.0;407896.0;300
19776;201500021916;15;2;27;1245;1;2;1;1;6;7;NIMES (ROUTE DE);;;;300
19777;201500021918;15;3;11;844;1;2;1;1;6;7;., BARBUSSE (PLACE HENRI;M;4412379.0;408035.0;300
19778;201500021919;15;12;5;1720;1;2;1;1;1;7;GARDON (QUAI DU);M;4411301.0;409415.0;300
19779;201500021921;15;3;16;1615;1;2;1;1;6;243;DE GAULLE (AVENUE);M;4408554.0;407730.0;300
19780;201500021922;15;12;7;1245;1;1;1;1;6;7;3, SAINT MARTIN (ROUTE D;M;4414679.0;408656.0;300
19781;201500021926;15;12;17;1920;4;2;3;1;3;7;626, RAMEAU (AVE JEAN-PH;M;4413280.0;411027.0;300
19782;201500021927;15;3;18;1010;1;2;1;1;3;7;SAINT MARTIN (ROUTE DE);;;;300
19783;201500021928;15;1;7;600;5;2;1;1;6;7;CARNOT (AVE);;;;300
19784;201500021929;15;2;17;1955;1;2;1;1;1;7;CROUPILLAC (AVE DE);;;;300
19785;201500021930;15;12;29;1645;1;2;1;1;5;7;GAGARINE (AVE YOURI);M;4412875.0;409999.0;300
19786;201500021931;15;5;10;2045;2;2;1;1;7;243;MONTEZE (ROUTE DE);;;;300
19787;201500021933;15;12;21;1815;5;2;3;1;6;7;FLORIAN (RUE);M;4412360.0;408176.0;300
19788;201500021934;15;2;26;1250;1;2;1;1;3;7;BOULLE (RUE ANDRE);;;;300
19789;201500021935;15;12;21;1540;1;2;2;1;3;7;BROUZEN (PONT DE);M;4413375.0;407829.0;300
19790;201500021936;15;5;7;1520;1;2;1;1;6;7;CARNOT (AVE);;;;300
19791;201500021937;15;5;29;1400;1;2;1;1;6;7;MOULIN (GRAND' RUE JEAN);;;;300
19792;201500021938;15;3;5;720;1;2;1;1;6;7;FAUBOURG DU SOLEIL (RUE;M;4411798.0;408033.0;300
19793;201500021939;15;3;9;1730;1;2;1;1;6;7;., RIBOT (AVE GASTON);M;4413825.0;408750.0;300
19794;201500021940;15;3;24;1345;1;2;1;1;6;7;JAURES (QUAI JEAN);;;;300
19795;201500021941;15;4;16;1900;1;2;1;2;6;7;ALSACE (ROUTE D');M;4413928.0;408861.0;300
19796;201500021942;15;4;11;1140;1;2;1;1;6;7;DE GAULLE (AVE DU GENERA;;;;300
19797;201500021943;15;6;10;1840;1;2;1;1;6;7;GOUBERT (AVE DOCTEUR JEA;;;;300
19798;201500021944;15;6;13;2300;5;2;1;1;3;7;., DUMAS (AVE JEAN-BAPTI;M;4413391.0;407996.0;300
19799;201500021945;15;6;23;1356;1;2;1;1;1;7;GRABIEUX (ROUTE DU PONT;;;;300
19800;201500021946;15;6;29;1825;1;2;1;1;6;7;CASSIN (RUE RENE);M;4411091.0;410439.0;300
19801;201500021947;15;6;28;216;1;2;1;1;3;7;ALSACE (ROUTE D');M;4413782.0;408603.0;300
19802;201500021949;15;8;11;1015;1;2;1;1;6;7;50, ALBERT 1ER (RUE);;;;300
19803;201500021950;15;9;8;2122;5;2;1;1;6;7;JUIN (AVE DU MARECHAL);M;0.0;0.0;300
19804;201500021951;15;9;18;1130;1;2;1;1;6;7;NEUF (PONT);M;4412106.0;408477.0;300
19805;201500021952;15;9;25;1845;1;2;1;1;3;7;LANGEVIN (AVE PAUL);;;;300
19806;201500021953;15;10;28;1215;1;1;1;3;6;243;1129 ROUTE DE LEZAN;M;4407132.0;407135.0;300
19807;201500021954;15;11;27;800;1;2;3;1;6;7;LANGEVIN (AVE PAUL);M;4413523.0;408472.0;300
19808;201500021957;15;10;20;1830;2;2;3;1;4;7;RIBOT (AVE GASTON);M;4413517.0;408968.0;300
19809;201500021958;15;11;5;1220;1;2;1;1;6;7;JAURES (QUAI JEAN);M;4412139.0;407556.0;300
19810;201500021960;15;12;15;1926;5;2;6;1;6;7;CARNOT (AVE);M;4412128.0;408030.0;300
19811;201500021961;15;12;16;1615;1;1;1;1;3;7;31, PELLOUTIER (RUE FERN;M;4411785.0;408197.0;300
19812;201500021962;15;12;16;1245;1;1;1;1;1;7;ROYALE (ROUTE DE LA );M;4414493.0;407296.0;300
19813;201500021964;15;11;16;1700;1;2;1;1;6;7;28, BOISSIER DE SAUVAGE;M;4412700.0;407583.0;300
19814;201500021965;15;2;17;1120;1;2;1;1;3;28;10, AVIGNON (ROUTE D');M;4415334.0;464518.0;300
19815;201500021966;15;11;17;845;1;2;1;1;6;28;8, MAYRE (AVENUE DE LA);M;4415891.0;462425.0;300
19816;201500021967;15;3;2;1330;1;2;1;1;6;28;VINCENT AURIOL (AVENUE);M;4415982.0;461825.0;300
19817;201500021968;15;3;15;1135;1;2;1;2;2;28;1, ROUTE D'AVIGNON;;;;300
19818;201500021969;15;3;24;1200;1;2;1;1;2;28;10, VIGAN BRAQUET (AVENU;M;4416676.0;461206.0;300
19819;201500021970;15;4;16;1000;1;2;1;1;6;28;ALEGRE (RUE LEON);M;4416390.0;462188.0;300
19820;201500021971;15;4;4;1630;1;2;1;1;1;28;2, ROUTE DE NIMES;M;4414873.0;461562.0;300
19821;201500021972;15;5;6;1150;1;2;1;1;4;28;AVIGNON (ROUTE D');;;;300
19822;201500021973;15;4;24;1830;1;2;6;1;6;28;1, CEVENNES (ROND-POINT;M;4416702.0;461206.0;300
19823;201500021974;15;5;7;1035;1;2;3;1;3;28;1, MAYRE (AVENUE DE LA);M;4415788.0;462350.0;300
19824;201500021975;15;6;8;1535;1;2;1;1;1;28;AVIGNON (ROUTE D');M;4415525.0;464069.0;300
19825;201500021976;15;5;23;340;5;2;1;1;6;28;2101, DAUDET (AVENUE ALP;M;4414376.0;461008.0;300
19826;201500021977;15;6;13;1210;1;1;1;1;2;28;ROUTE DE PONT SAINT ESPR;M;4417872.0;461952.0;300
19827;201500021978;15;6;20;1620;1;2;1;1;6;28;2, ANDRE (RUE ALBERT);M;4416158.0;461993.0;300
19828;201500021979;15;6;10;1620;1;2;1;4;6;28;191, DE LATTRE DE TASSIG;M;4416792.0;461443.0;300
19829;201500021980;15;7;3;1815;1;2;1;1;6;28;500, ALPHONSE DAUDET (AV;M;4415750.0;461336.0;300
19830;201500021982;15;7;7;1730;1;2;1;1;3;28;ALPHONSE DAUDET (AVENUE);M;4414480.0;461031.0;300
19831;201500021983;15;7;16;2030;2;2;3;1;3;28;1, CHARRIER (AVENUE);M;4416128.0;462441.0;300
19832;201500021984;15;8;11;1145;1;2;1;1;2;28;435, ROUTE DE PONT SAINT;M;4417550.0;461989.0;300
19833;201500021985;15;8;20;1610;1;2;1;1;6;28;12, SAINT VICTOR (RUE);M;4416130.0;462169.0;300
19834;201500021986;15;7;25;845;1;2;6;1;2;28;1, MALRAUX (ROND POINT);M;4415490.0;461611.0;300
19835;201500021987;15;9;24;640;5;2;3;1;3;28;1, AVIGNON (ROUTE D');M;4415651.0;463639.0;300
19836;201500021988;15;9;18;1450;1;1;1;1;2;28;1, SAINT GERVAIS (ROUTE);M;4417661.0;461968.0;300
19837;201500021989;15;11;12;955;1;2;1;1;6;28;MAYRE (AVENUE DE LA);M;4415561.0;461880.0;300
19838;201500021990;15;12;11;900;2;2;6;1;3;28;COMMANDO VIGAN BRAQUET (;M;4416021.0;461154.0;300
19839;201500021991;15;12;17;900;1;2;1;1;6;28;1, THEODORE LACOMBE (BOU;M;4416225.0;462261.0;300
19840;201500021992;15;12;21;1720;2;2;1;2;6;28;66, ROUTE DE NIMES;M;4414993.0;461581.0;300
19841;201500021993;15;12;25;1315;1;1;1;1;6;28;ORSAN (ROUTE D');M;0.0;0.0;300
19842;201500021994;15;1;1;325;5;2;1;1;6;189;BOUQUERIE (SQUARE);M;4384021.0;435699.0;300
19843;201500021995;15;3;17;735;2;2;3;2;3;189;PRIMEVERES (CHEMIN);M;4385481.0;432175.0;300
19844;201500021996;15;12;7;1800;2;2;1;1;2;189;MENDES FRANCE PIERRE (AV;M;4381759.0;439125.0;300
19845;201500021997;15;1;4;1156;1;2;3;1;2;189;TOUR DE L'EVEQUE (RUE);M;4382330.0;437126.0;300
19846;201500021998;15;3;18;2125;3;1;1;1;1;189;CANAUX (CHEMIN);M;0.0;0.0;300
19847;201500022000;15;1;4;2000;5;2;1;1;3;189;SAUVE (ROUTE);;;;300
19848;201500022001;15;3;20;1354;1;2;3;1;3;189;GENERAC (ROUTE);M;4382170.0;435945.0;300
19849;201500022002;15;11;24;1330;1;2;1;1;6;189;GALILEE (RUE, PLACE OU I;;;;300
19850;201500022003;15;1;5;1037;1;2;1;1;7;189;MAS DE CHEYLON;;;;300
19851;201500022004;15;3;21;115;5;2;1;1;7;189;ALLENDE SALVADOR (RUE);M;4383332.0;438596.0;300
19852;201500022005;15;12;26;1200;1;2;2;1;3;189;0, PRIMEVERES (CHEMIN);M;4385481.0;432172.0;300
19853;201500022006;15;1;5;1445;1;2;1;1;4;189;SAINT GILLES (ROUTE);;;;300
19854;201500022007;15;3;19;1700;1;2;3;1;1;189;DE LATTRE DE TASSIGNY (A;M;4384349.0;438520.0;300
19855;201500022008;15;11;23;1142;1;1;2;1;3;189;JAURES JEAN (BOULEVARD);M;4383610.0;435278.0;300
19856;201500022010;15;3;23;850;1;2;3;1;6;189;TALABOT (BOULEVARD);M;4383831.0;437234.0;300
19857;201500022012;15;1;11;1525;1;2;1;1;1;189;39SERRE PARADIS (CHEMIN);M;4384651.0;438076.0;300
19858;201500022013;15;3;21;1340;1;2;3;2;3;189;VIDAL EMILE (RUE);M;4382231.0;436230.0;300
19859;201500022015;15;3;24;1845;5;1;1;2;6;189;ARTS (AVENUE);;;;300
19860;201500022016;15;11;6;1800;5;1;1;1;4;189;GENERAC (ROUTE);;;;300
19861;201500022017;15;1;15;1915;5;2;1;1;3;189;GARNIER TONY (RUE);M;4381512.0;434612.0;300
19862;201500022018;15;3;21;1720;1;2;1;2;3;189;RUE PAUL LAURENT;M;4380901.0;436488.0;300
19863;201500022019;15;11;12;1628;1;2;1;1;2;189;ALLENDE SALVADOR (RUE);;;;300
19864;201500022020;15;1;16;1250;1;2;3;2;5;189;88, BEAUCAIRE (ROUTE);M;4383768.0;438093.0;300
19865;201500022021;15;3;24;1220;1;2;3;1;3;189;DHUODA (RUE);M;4382751.0;435585.0;300
19866;201500022022;15;11;6;1617;1;2;1;1;6;189;0, TRIAIRE SERGENT (BOUL;;;;300
19867;201500022023;15;1;17;1505;1;2;2;1;7;189;LESCOT PIERRE (RUE);M;4381659.0;434998.0;300
19868;201500022024;15;3;24;2100;5;2;3;2;3;189;ENCLOS GOUBERT (RUE OU I;M;4383972.0;437916.0;300
19869;201500022025;15;12;14;1409;1;1;3;1;6;189;TALABOT (BOULEVARD);M;4383380.0;436721.0;300
19870;201500022026;15;1;17;2125;5;2;6;1;2;189;BEAUCAIRE (ROUTE);M;4383692.0;438769.0;300
19871;201500022029;15;1;19;1955;5;2;1;2;1;189;22, RUSSAN (CHEMIN OU RO;M;4384832.0;436189.0;300
19872;201500022030;15;3;31;1010;1;1;3;1;3;189;POULX (ROUTE DE);M;4389201.0;441885.0;300
19873;201500022031;15;12;25;240;5;2;2;1;3;189;ALLENDE SALVADOR (RUE);M;4382873.0;437699.0;300
19874;201500022032;15;1;20;1315;1;2;1;1;6;189;DAUMIER (RUE);M;0.0;0.0;300
19875;201500022033;15;3;31;1400;1;2;3;1;3;189;SAUVE (RUE);M;4383785.0;434990.0;300
19876;201500022034;15;12;31;2320;3;1;1;1;7;189;ALES (ROUTE);M;4387055.0;432194.0;300
19877;201500022035;15;1;20;1845;5;2;3;1;7;189;ROUGET DE LISLE (RUE);M;4384047.0;435540.0;300
19878;201500022036;15;4;1;1740;1;2;9;1;3;189;baillet claude;M;4381181.0;436217.0;300
19879;201500022037;15;1;22;840;1;2;2;1;3;189;1, DUBOIS MARIUS (RUE);M;4385049.0;437454.0;300
19880;201500022038;15;4;3;1510;1;1;1;1;2;189;18, FAITA VINCENT (RUE);M;4384165.0;436717.0;300
19881;201500022039;15;1;23;1651;1;2;1;1;7;189;TRIAIRE SERGENT (BOULEVA;M;4382971.0;436179.0;300
19882;201500022040;15;4;6;2055;5;2;3;1;1;189;ROBERVAL GILLES (RUE OU;M;4382706.0;433142.0;300
19883;201500022041;15;1;23;2315;5;2;1;1;7;189;CES PHILIPPE LAMOUR;M;4383265.0;438488.0;300
19884;201500022042;15;1;26;1741;1;2;6;1;3;189;ALLENDE SALVADOR (RUE);M;4381606.0;434819.0;300
19885;201500022043;15;4;10;1730;1;1;1;1;6;189;UZES (ROUTE D');M;4385181.0;437678.0;300
19886;201500022045;15;4;11;1150;1;2;3;1;2;189;ALGER (RUE);M;4383280.0;437942.0;300
19887;201500022046;15;2;2;1750;5;2;6;1;6;189;GAMEL PIERRE (AVENUE);M;4382503.0;436198.0;300
19888;201500022047;15;4;13;1950;1;2;3;1;3;189;ODELIN JEAN (RUE);M;4385126.0;439950.0;300
19889;201500022048;15;12;24;330;3;2;1;1;7;189;Route Dpartementale 135;M;4383519.0;442829.0;300
19890;201500022049;15;2;2;1730;3;2;1;1;6;189;BOSCO HENRI (RUE);M;4384875.0;435146.0;300
19891;201500022050;15;4;15;1530;1;2;2;1;5;189;40 TER, TILLEULS (RUE);M;4383358.0;435027.0;300
19892;201500022051;15;2;3;110;5;2;3;1;3;189;AVIGNON (ROUTE);M;4384162.0;437679.0;300
19893;201500022053;15;2;3;815;2;2;1;1;2;189;ALLENDE SALVADOR (RUE);M;0.0;0.0;300