;Num_Acc;an;mois;jour;hrmn;lum;agg;int;atm;col;com;adr;gps;lat;long;dep
19894;201500022055;15;2;4;1830;2;2;1;1;5;189;BOEGNER PASTEUR MARC (BO;;;;300
19895;201500022056;15;4;21;643;2;2;3;1;4;189;DAYAN GEORGES (AVENUE);M;4382034.0;434027.0;300
19896;201500022058;15;2;8;1;5;2;2;1;2;189;PREMIERE DIVISION FRANCA;M;4380750.0;437164.0;300
19897;201500022059;15;4;23;1720;1;2;3;1;2;189;CLERISSEAU (RUE);M;4384136.0;435789.0;300
19898;201500022060;15;12;19;2225;5;2;2;2;3;189;POMPIDOU GEORGES (AVENUE;M;4383779.0;434515.0;300
19899;201500022061;15;2;13;1305;1;2;3;1;3;189;MONTJARDIN (RUE);M;4383569.0;436532.0;300
19900;201500022062;15;4;17;2240;5;2;1;1;2;189;MARECHAL JUIN (BOULEVARD;M;4382106.0;434731.0;300
19901;201500022063;15;2;13;1943;5;2;3;1;3;189;CIGALE (CHEMIN);M;4384103.0;434105.0;300
19902;201500022064;15;4;19;230;5;2;2;1;3;189;FRANCE ANATOLE (RUE);M;4384027.0;436664.0;300
19903;201500022065;15;2;14;1945;5;2;2;2;3;189;22, SULLY (RUE);M;4384360.0;436906.0;300
19904;201500022066;15;4;24;1715;1;2;1;1;3;189;SAUVE (ROUTE);M;4385092.0;428151.0;300
19905;201500022067;15;2;19;2345;5;2;1;1;2;189;ALLENDE SALVADOR (RUE);M;0.0;0.0;300
19906;201500022068;15;4;30;900;1;2;3;1;3;189;CANTE-PERDRIX (CHEMIN);M;4381362.0;430604.0;300
19907;201500022069;15;2;25;1430;1;2;3;1;2;189;ALES (ROUTE);M;4387188.0;431987.0;300
19908;201500022070;15;5;2;1410;1;2;1;1;3;189;GENERAC (ROUTE);;;;300
19909;201500022071;15;2;26;1310;1;2;1;1;2;189;BOEGNER PASTEUR MARC (BO;;;;300
19910;201500022072;15;5;2;1930;1;2;3;1;3;189;SAINTE PERPETUE (RUE);M;4383280.0;436944.0;300
19911;201500022073;15;3;6;1340;1;2;3;1;3;189;MAS DE CHEYLON;;;;300
19912;201500022076;15;3;12;1050;1;2;3;1;3;189;LIBERTE (AVENUE);M;4382379.0;435434.0;300
19913;201500022077;15;5;5;1410;1;2;6;1;3;189;FOUR A CHAUX (ROND POINT;M;4381414.0;433478.0;300
19914;201500022078;15;3;13;1535;1;2;7;1;3;189;SEVERINE (IMPACE OU PLAC;M;4383021.0;435234.0;300
19915;201500022079;15;5;12;1810;1;2;1;1;6;189;1311, MARECHAL JUIN (BOU;M;4381857.0;434197.0;300
19916;201500022080;15;3;14;1600;1;2;1;1;2;189;FRANCAIS LIBRES (BD);M;4383103.0;432286.0;300
19917;201500022081;15;5;9;2210;5;2;1;1;7;189;VICTOR PAUL EMILE  (ROND;M;4381750.0;434694.0;300
19918;201500022082;15;3;15;625;5;2;6;2;7;189;1* DIVISION FRANCAISE LI;M;4382350.0;432792.0;300
19919;201500022083;15;5;5;1248;1;2;1;1;7;189;LECLERC GENERAL (AVENUE);M;4382830.0;437306.0;300
19920;201500022084;15;3;15;1900;5;2;1;2;5;189;ALES (ROUTE);M;4385473.0;433861.0;300
19921;201500022085;15;5;15;1530;1;2;3;1;3;189;LYAUTEY MARECHAL (AVENUE;M;4382030.0;432386.0;300
19922;201500022086;15;5;11;1335;1;2;1;1;6;189;, MONNET JEAN (COURS);;;;300
19923;201500022087;15;5;22;314;5;2;3;1;6;189;MAS DE CHEYLON;M;4379235.0;434762.0;300
19924;201500022089;15;5;22;1130;1;2;2;1;3;189;GAMEL PIERRE (AVENUE);M;4382839.0;435994.0;300
19925;201500022090;15;4;4;1215;1;2;1;1;6;189;4, GOELANDS (RUE OU PLAC;M;4383918.0;431697.0;300
19926;201500022091;15;5;29;1445;1;2;1;1;3;189;129, AVIGNON (ROUTE);M;4384356.0;438201.0;300
19927;201500022095;15;5;15;2030;1;1;3;1;2;189;SAINT GILLES (ROUTE);M;4381514.0;436850.0;300
19928;201500022097;15;5;25;1710;1;2;1;1;6;189;7, REPUBLIQUE (RUE);M;4383322.0;435925.0;300
19929;201500022098;15;5;26;1240;1;2;1;1;7;189;7, BOISSIER GASTON (RUE);M;4383843.0;435367.0;300
19930;201500022099;15;5;29;505;2;1;6;1;3;189;ALLENDE SALVADOR (RUE);M;4381759.0;434715.0;300
19931;201500022100;15;6;1;1840;1;2;2;1;6;189;BIENFAISANCE (RUE);M;4383378.0;435152.0;300
19932;201500022101;15;6;4;1850;1;2;1;1;6;189;44, TRIAIRE SERGENT (BOU;M;4382843.0;435973.0;300
19933;201500022102;15;6;5;930;1;2;4;1;3;189;ALLENDE SALVADOR (RUE);M;4384741.0;439720.0;300
19934;201500022103;15;6;4;1950;1;2;3;1;3;189;MONTPELLIER (ROUTE DE);M;4381079.0;432977.0;300
19935;201500022104;15;6;13;1650;1;2;1;1;1;189;61, JAURES JEAN (BOULEVA;M;4382848.0;435308.0;300
19936;201500022105;15;6;12;2315;3;2;1;1;2;189;BEAUCAIRE (ROUTE);;;;300
19937;201500022106;15;6;19;918;1;1;1;1;1;189;KENNEDY (AVENUE);M;4381522.0;430423.0;300
19938;201500022107;15;6;10;740;1;2;2;1;6;189;CITE FOULC (RUE);M;4383221.0;436076.0;300
19939;201500022108;15;6;21;1845;1;2;3;1;3;189;MONTPELLIER (ROUTE DE);M;4381114.0;433025.0;300
19940;201500022109;15;6;19;2050;2;2;2;1;3;189;BERGSON HENRI (RUE);M;4383519.0;437830.0;300
19941;201500022110;15;6;21;1025;1;2;2;1;2;189;ALLENDE SALVADOR (RUE);M;4382428.0;436958.0;300
19942;201500022111;15;6;24;1955;1;2;3;1;3;189;ANCIENS COMBATTANTS D IN;M;4384014.0;431910.0;300
19943;201500022112;15;6;17;1914;1;2;2;1;3;189;NEPER (RUE);M;4382640.0;433176.0;300
19944;201500022113;15;6;21;1340;1;2;2;1;3;189;JAURES JEAN (BOULEVARD);M;4382507.0;435406.0;300
19945;201500022114;15;6;11;1100;1;2;1;1;3;189;MONSEIGNEUR CLAVERIE;M;4385493.0;439928.0;300
19946;201500022115;15;6;20;2100;1;2;1;1;7;189;ROBERVAL GILLES (RUE OU;M;4382727.0;433200.0;300
19947;201500022116;15;6;23;1255;1;2;1;1;3;189;BOISSIER GASTON (RUE);M;4383843.0;435366.0;300
19948;201500022118;15;6;25;1712;1;2;6;1;3;189;baillet claude;M;4380997.0;435518.0;300
19949;201500022119;15;6;30;2025;1;2;1;1;2;189;137, BEAUCAIRE (ROUTE);M;4383746.0;438260.0;300
19950;201500022120;15;7;4;2045;1;2;1;1;3;189;SAUVE (ROUTE);M;4385092.0;428148.0;300
19951;201500022121;15;7;10;1040;1;2;1;1;6;189;65, JAURES JEAN (BOULEVA;M;4382850.0;435310.0;300
19952;201500022122;15;7;16;1025;1;2;2;1;2;189;BOEGNER PASTEUR MARC (BO;M;4382004.0;433590.0;300
19953;201500022123;15;7;19;1622;1;2;2;1;3;189;TALABOT (BOULEVARD);M;4383693.0;437121.0;300
19954;201500022124;15;7;24;1240;1;2;1;1;6;189;25, COURBET AMIRAL (BOUL;M;4383908.0;436338.0;300
19955;201500022126;15;6;23;320;5;1;1;1;7;189;10, BROSSOLETTE PIERRE (;M;4384273.0;438892.0;300
19956;201500022127;15;6;28;2045;1;2;1;1;7;189;AVIGNON (ANCIENNE ROUTE);M;4384107.0;437446.0;300
19957;201500022128;15;7;10;2155;1;2;1;1;6;189;10, SEMARD PIERRE (RUE);M;4383920.0;436516.0;300
19958;201500022129;15;7;16;2020;1;2;2;1;3;189;ISABELLE (RUE);M;4383544.0;434974.0;300
19959;201500022130;15;7;21;1840;1;2;3;1;6;189;56, LECLERC GENERAL (AVE;M;4382860.0;437274.0;300
19960;201500022132;15;8;2;10;1;1;1;1;6;189;FENELON (RUE);M;4383686.0;436681.0;300
19961;201500022133;15;8;2;1625;1;2;2;1;3;189;CAPOUCHINE (CHEMIN);M;4381691.0;435302.0;300
19962;201500022134;15;8;5;1727;1;2;1;1;6;189;1, MARECHAL JUIN (BOULEV;M;4382620.0;435313.0;300
19963;201500022135;15;8;11;1320;1;2;6;1;3;189;ALLENDE SALVADOR (RUE);M;4382429.0;436958.0;300
19964;201500022136;15;8;12;1250;1;2;6;1;3;189;PAVLOV (AVENUE);M;4381309.0;431666.0;300
19965;201500022138;15;8;14;1400;1;2;2;1;3;189;FLORIAN (RUE);M;4383460.0;434923.0;300
19966;201500022139;15;8;26;1525;1;2;6;1;4;189;ALLENDE SALVADOR (RUE);M;4383683.0;438823.0;300
19967;201500022140;15;7;19;2200;5;2;4;1;3;189;DAYAN GEORGES (AVENUE);M;4382229.0;434595.0;300
19968;201500022141;15;7;28;1700;1;2;3;1;2;189;MENDES FRANCE PIERRE (AV;M;4382736.0;437473.0;300
19969;201500022142;15;8;27;750;1;2;2;1;3;189;MITTERAND FRANCOIS (AVEN;M;4381789.0;436090.0;300
19970;201500022143;15;8;27;905;1;2;3;1;3;189;JAURES JEAN (BOULEVARD);M;4382498.0;435391.0;300
19971;201500022144;15;7;22;2030;1;2;4;1;3;189;MARECHAL JUIN (BOULEVARD;M;4382107.0;434732.0;300
19972;201500022145;15;7;13;1600;1;2;1;1;2;189;UZES (ROUTE D');M;4391795.0;438817.0;300
19973;201500022146;15;9;20;41;5;2;3;1;3;189;ARNAUD GUY;M;4383199.0;433129.0;300
19974;201500022147;15;7;17;1750;1;2;1;1;2;189;ALLENDE SALVADOR (RUE);;;;300
19975;201500022148;15;7;3;1340;1;2;3;1;3;189;SULLY (RUE);M;4384057.0;437215.0;300
19976;201500022149;15;9;2;600;2;2;2;1;3;189;BOUVINE (AVENUE);M;4381691.0;435303.0;300
19977;201500022150;15;9;3;830;1;2;1;1;2;189;TALABOT (BOULEVARD);M;0.0;0.0;300
19978;201500022151;15;8;28;1040;1;2;1;1;3;189;AVIGNON (ROUTE);M;4385863.0;440704.0;300
19979;201500022152;15;9;8;1330;1;2;3;1;3;189;LIBERTE (AVENUE);M;4382130.0;435639.0;300
19980;201500022153;15;9;8;845;1;2;2;1;3;189;12, RICHELIEU (RUE);M;4384026.0;436666.0;300
19981;201500022154;15;9;14;1900;1;2;3;1;3;189;PRIMEVERES (CHEMIN);M;4385480.0;432178.0;300
19982;201500022155;15;9;14;1830;1;2;1;1;6;189;155, CABANES  (RUE);M;4384056.0;438451.0;300
19983;201500022156;15;8;20;1815;1;2;4;1;3;189;ALES (ROUTE);M;4383797.0;434508.0;300
19984;201500022157;15;9;6;125;5;2;2;1;3;189;TALABOT (BOULEVARD);M;4383692.0;437110.0;300
19985;201500022158;15;9;8;1720;1;1;1;1;6;189;COURBESSAC (ROUTE);M;4385539.0;440000.0;300
19986;201500022159;15;9;16;1040;1;1;1;1;1;189;79, KENNEDY (AVENUE);M;4383216.0;434964.0;300
19987;201500022160;15;9;21;2130;5;2;3;1;3;189;LECLERC GENERAL (AVENUE);M;4382941.0;437134.0;300
19988;201500022161;15;9;26;950;1;2;3;1;3;189;LAURIERS  (RUE);M;4381672.0;435136.0;300
19989;201500022162;15;9;24;1450;1;2;2;1;3;189;KENNEDY (AVENUE);M;4382639.0;433178.0;300
19990;201500022163;15;8;8;1437;1;2;2;1;3;189;SEGUIER (RUE);M;4383764.0;436703.0;300
19991;201500022164;15;8;27;1502;1;2;2;1;3;189;PRIMEVERES (CHEMIN);M;4385481.0;432175.0;300
19992;201500022165;15;9;25;2350;5;2;2;1;3;189;AVIGNON (ROUTE);M;4384083.0;437333.0;300
19993;201500022167;15;10;5;1;3;2;1;1;7;189;BEAUCAIRE (ROUTE);M;4383423.0;441497.0;300
19994;201500022168;15;10;10;540;3;2;1;1;7;189;ALES (ROUTE);M;4390528.0;427806.0;300
19995;201500022169;15;10;6;940;1;2;3;1;3;189;FORT (RUE);M;4384116.0;435664.0;300
19996;201500022170;15;10;14;1445;1;2;1;1;7;189;216, ALES (ROUTE);M;4385716.0;433705.0;300
19997;201500022171;15;10;18;2240;3;2;2;1;6;189;PORTE DE FRANCE (RUE);M;4383452.0;435685.0;300
19998;201500022172;15;10;11;2055;3;2;3;1;3;189;SAINT GILLES (ROUTE);M;4376466.0;440563.0;300
19999;201500022173;15;10;16;1610;1;1;1;1;2;189;KENNEDY (AVENUE);;;;300
20000;201500022174;15;10;20;350;5;1;2;1;2;189;MONTPELLIER (ROUTE DE);M;4381116.0;433024.0;300
20001;201500022176;15;10;22;225;5;2;1;1;6;189;63, UZES (ROUTE D');M;4385041.0;437444.0;300
20002;201500022177;15;9;5;2030;3;2;2;1;3;189;ROUMANILLE (RUE);M;4382846.0;435392.0;300
20003;201500022178;15;9;15;2214;5;2;1;1;7;189;LECLERC GENERAL (AVENUE);M;4383339.0;436776.0;300
20004;201500022179;15;10;30;1410;1;2;3;1;3;189;JAURES JEAN (BOULEVARD);M;4382828.0;435268.0;300
20005;201500022180;15;10;31;55;5;2;1;1;6;189;7, GAMBETTA (BD);M;4384027.0;435740.0;300
20006;201500022181;15;10;21;815;1;1;1;1;1;189;CANAUX (CHEMIN);;;;300
20007;201500022182;15;11;4;2120;5;2;1;1;7;189;ARENES (BOULEVARD);;;;300
20008;201500022183;15;10;12;1525;1;2;3;2;2;189;ALLENDE SALVADOR (RUE);M;4382002.0;435809.0;300
20009;201500022184;15;11;7;2325;5;2;1;1;1;189;ABRIVADO (RUE);M;4383890.0;439030.0;300
20010;201500022185;15;11;12;1740;2;2;2;1;6;189;THALES (RUE OU PLACE);M;4383017.0;433235.0;300
20011;201500022186;15;11;12;1425;1;2;2;1;3;189;1, GARONS (RUE);M;4383390.0;436838.0;300
20012;201500022188;15;11;19;1800;2;2;4;1;3;189;REPUBLIQUE (RUE);M;4383183.0;435754.0;300
20013;201500022189;15;11;20;1920;5;2;1;1;4;189;ALLENDE SALVADOR (RUE);;;;300
20014;201500022190;15;11;24;1530;1;2;2;1;3;189;MISTRAL FREDERIC (RUE);M;4383000.0;435056.0;300
20015;201500022191;15;11;12;1040;1;2;1;1;2;189;35, GAMBETTA (BD);M;4384045.0;436139.0;300
20016;201500022192;15;11;12;1900;5;2;3;1;1;189;FAITA VINCENT (RUE);M;4384902.0;437369.0;300
20017;201500022193;15;11;24;2330;5;2;3;1;3;189;FOLCO DE BARONCELLI (RUE;M;4384833.0;436281.0;300
20018;201500022194;15;11;30;1625;1;1;1;1;4;189;ALES (ROUTE);M;4385428.0;432178.0;300
20019;201500022195;15;11;13;915;1;2;4;1;3;189;BONFA (RUE);M;4384592.0;436220.0;300
20020;201500022196;15;10;15;1105;1;2;1;1;3;189;18, TALABOT (BOULEVARD);M;4383526.0;436979.0;300
20021;201500022197;15;10;29;1740;5;2;1;1;3;189;6, FRENAY HENRI (RUE);M;4384721.0;438300.0;300
20022;201500022198;15;10;2;1050;1;2;1;1;2;189;MONTPELLIER (ROUTE DE);;;;300
20023;201500022199;15;10;18;300;5;2;3;1;3;189;JAURES JEAN (BOULEVARD);M;4382997.0;435267.0;300
20024;201500022200;15;11;26;2030;5;1;3;1;2;189;ALLENDE SALVADOR (RUE);M;4384742.0;439720.0;300
20025;201500022201;15;12;5;1640;2;2;2;2;3;189;24, JAURES JEAN (BOULEVA;M;4383608.0;435040.0;300
20026;201500022202;15;10;24;40;5;2;3;1;2;189;MENDES FRANCE PIERRE (AV;M;4381416.0;439699.0;300
20027;201500022203;15;12;1;1615;1;2;1;1;2;189;GOELANDS (RUE OU PLACE);M;4383980.0;431780.0;300
20028;201500022204;15;12;10;850;1;1;1;1;6;189;165, TOUR DE L'EVEQUE (R;M;4382269.0;437013.0;300
20029;201500022205;15;12;12;205;5;2;6;1;7;189;ALLENDE SALVADOR (RUE);M;4382205.0;436499.0;300
20030;201500022206;15;11;20;1555;1;1;1;1;6;189;baillet claude;;;;300
20031;201500022207;15;12;16;1620;1;2;3;1;1;189;DAYAN GEORGES (AVENUE);M;4382263.0;434769.0;300
20032;201500022208;15;12;20;110;5;1;6;2;3;189;ALLENDE SALVADOR (RUE);M;4383684.0;438822.0;300
20033;201500022209;15;11;26;1750;2;2;1;1;6;189;SAINT GILLES (ROUTE);M;4381679.0;436714.0;300
20034;201500022210;15;12;17;2100;5;2;3;1;3;189;17, JAURES JEAN (BOULEVA;M;4383560.0;435099.0;300
20035;201500022211;15;8;15;945;1;1;2;1;3;68;;M;4594520.0;313960.0;630
20036;201500022214;15;7;5;1415;1;1;4;1;3;198;;M;0.0;0.0;630
20037;201500022215;15;8;21;2030;1;1;1;1;6;329;;M;4606654.0;282178.0;630
20038;201500022216;15;9;14;1245;1;1;1;2;6;464;;M;4598000.0;292500.0;630
20039;201500022217;15;11;8;1045;1;1;1;1;3;388;;M;0.0;0.0;630
20040;201500022218;15;7;26;1945;1;2;1;1;3;219;Champille;M;0.0;0.0;630
20041;201500022219;15;8;8;1945;2;1;1;8;7;219;;M;4578500.0;285900.0;630
20042;201500022220;15;8;27;1115;1;2;1;1;6;170;route de peyrabout;M;4610403.0;190409.0;230
20043;201500022221;15;9;4;2130;5;2;1;1;6;247;;M;4620329.0;176764.0;230
20044;201500022222;15;9;16;815;1;1;1;2;1;92;;M;4625114.0;190258.0;230
20045;201500022223;15;9;17;1300;1;2;9;2;1;68;rue de  mme  COPIN;M;4613904.0;210848.0;230
20046;201500022224;15;9;23;1845;1;1;1;1;1;193;;M;4615008.0;190880.0;230
20047;201500022225;15;10;30;1800;5;1;1;1;6;92;;M;4623700.0;191500.0;230
20048;201500022226;15;11;4;345;3;1;1;8;6;1;;M;4605800.0;204100.0;230
20049;201500022227;15;11;6;900;1;1;1;1;6;92;;M;4623300.0;191800.0;230
20050;201500022228;15;11;15;1200;1;1;1;1;6;1;;M;4610200.0;201200.0;230
20051;201500022230;15;12;9;1415;1;1;1;1;6;186;;M;4610400.0;185900.0;230
20052;201500022231;15;12;26;1530;1;1;1;7;1;245;;M;4621300.0;186200.0;230
20053;201500022232;15;1;24;1045;1;1;1;4;4;2;;M;4620066.0;197073.0;230
20054;201500022233;15;6;29;1615;1;1;1;1;7;1;;M;4609734.0;200789.0;230
20055;201500022234;15;7;2;800;1;2;1;1;2;206;9 rue de la liberté;M;4616469.0;196306.0;230
20056;201500022235;15;7;19;2145;2;1;1;1;6;193;;M;4618368.0;192092.0;230
20057;201500022236;15;8;5;2245;3;1;1;1;6;4;;M;4627538.0;181498.0;230
20058;201500022237;15;1;1;145;3;1;1;1;7;191;RD 169;M;0.0;0.0;260
20059;201500022238;15;1;2;1430;1;1;1;1;2;169;SORTIE A7 MALATAVERNE;M;0.0;0.0;260
20060;201500022239;15;1;3;2115;3;1;1;8;7;345;ROUTE DE SAINT PAUL;M;0.0;0.0;260
20061;201500022240;15;1;25;215;3;1;1;6;6;176;LES ANDRANS;M;0.0;0.0;260
20062;201500022241;15;1;25;730;1;2;1;1;6;106;LA COUCOURDE;M;0.0;0.0;260
20063;201500022242;15;2;10;1600;1;1;1;6;6;324;LES LONNES;M;0.0;0.0;260
20064;201500022243;15;2;16;1815;1;1;1;1;3;357;LE PEYRON;M;0.0;0.0;260
20065;201500022244;15;2;19;1630;1;1;1;1;1;345;LA BORIE;M;0.0;0.0;260
20066;201500022245;15;2;26;1445;1;1;3;1;3;121;RTE ESPELUCHE;M;0.0;0.0;260
20067;201500022246;15;3;3;1845;3;1;1;1;3;33;RTE DE MONTSEGUR;M;0.0;0.0;260
20068;201500022247;15;3;8;1645;1;2;1;1;3;211;AVENUE JOSEPH MAUGARD;M;0.0;0.0;260
20069;201500022248;15;3;11;2130;3;1;3;1;1;235;RN 7;M;0.0;0.0;260
20070;201500022249;15;3;16;1700;1;1;2;1;1;176;DARNE;M;0.0;0.0;260
20071;201500022250;15;3;25;800;2;1;1;2;3;176;LE CHERRY;M;0.0;0.0;260
20072;201500022251;15;4;21;1230;1;1;1;1;6;339;SARRAGNANT;M;0.0;0.0;260
20073;201500022252;15;4;22;1500;1;1;1;1;6;5;BONDONNEAU;M;0.0;0.0;260
20074;201500022253;15;5;17;1745;1;1;1;1;1;353;BELFOND;M;0.0;0.0;260
20075;201500022254;15;5;23;515;3;1;1;1;3;339;LE MARAIS;M;0.0;0.0;260
20076;201500022255;15;5;31;1800;1;1;1;1;4;235;LES BLACHES;M;0.0;0.0;260
20077;201500022256;15;6;2;2345;3;1;1;1;2;324;LES GARRIGUES;M;0.0;0.0;260
20078;201500022257;15;6;4;1730;1;2;1;1;1;338;IMPASSE DE LA DAME;M;4460010.0;481640.0;260
20079;201500022258;15;6;6;615;2;1;1;1;2;339;LAMOTTE;M;0.0;0.0;260
20080;201500022259;15;6;9;1930;1;1;1;1;6;360;CHABANES;M;0.0;0.0;260
20081;201500022260;15;6;28;230;3;1;1;1;6;5;CHEMIN DE ROUNY;M;4448440.0;478610.0;260
20082;201500022261;15;6;27;2245;3;1;3;1;6;95;LES EYGRETTES;M;0.0;0.0;260
20083;201500022262;15;7;6;1030;1;1;1;1;6;5;LA BARQUE;M;0.0;0.0;260
20084;201500022263;15;7;6;2100;1;1;2;1;1;345;ROUTE DE TULETTE;M;0.0;0.0;260
20085;201500022264;15;7;7;830;1;1;1;1;5;339;LES ROCHES;M;0.0;0.0;260
20086;201500022265;15;7;14;130;3;1;1;1;7;357;COSTEBELLE;M;0.0;0.0;260
20087;201500022267;15;7;24;1130;1;1;1;1;3;106;MOULINAS;M;0.0;0.0;260
20088;201500022268;15;8;5;1800;1;2;3;7;1;235;AV GERARD PHILIPPE;M;4437080.0;471030.0;260
20089;201500022269;15;8;8;1245;1;2;1;1;1;106;MIRGALLAND;M;0.0;0.0;260
20090;201500022270;15;7;13;1900;1;1;1;1;7;116;AV DU RHONE;M;0.0;0.0;260
20091;201500022272;15;8;20;1800;3;1;1;1;5;324;A7;M;0.0;0.0;260
20092;201500022274;15;9;18;1545;1;2;1;1;6;176;AVENUE ALBIN  DAVIN;M;0.0;0.0;260
20093;201500022275;15;9;28;1630;1;2;1;1;3;345;D 94;M;0.0;0.0;260
20094;201500022276;15;10;3;545;3;1;1;2;6;345;RTE DE BOLLENE;M;0.0;0.0;260
20095;201500022277;15;10;10;430;5;2;6;1;6;345;VILLAGE;M;0.0;0.0;260
20096;201500022278;15;10;23;2100;3;1;1;1;6;275;LE CHAMP DE NIELLE;M;0.0;0.0;260
20097;201500022279;15;10;24;515;3;1;1;1;6;326;LA BISTOURE;M;0.0;0.0;260
20098;201500022280;15;11;8;930;1;1;1;5;1;338;;M;0.0;0.0;260
20099;201500022281;15;11;20;1845;3;1;3;1;6;5;;M;0.0;0.0;260
20100;201500022282;15;12;1;1300;1;1;1;1;3;169;;M;0.0;0.0;260
20101;201500022284;15;6;27;1300;1;2;1;1;1;29;Rue Canredon;M;4416830.0;485727.0;840
20102;201500022285;15;7;18;715;1;1;1;1;7;28;;M;4423848.0;490975.0;840
20103;201500022286;15;10;29;430;3;1;1;1;7;91;;M;4415000.0;476700.0;840
20104;201500022287;15;5;17;830;3;1;1;1;6;138;LES ROCHETTES;M;4439950.0;475760.0;260
20105;201500022289;15;1;31;945;1;2;1;4;6;345;4 rue docmael;M;4837084.0;-192621.0;350
20106;201500022290;15;5;16;1645;1;1;1;1;3;85;;M;4836342.0;-187672.0;350
20107;201500022291;15;6;11;700;1;1;1;1;3;29;Les Rieux;M;4847809.0;-173637.0;350
20108;201500022292;15;6;28;1030;1;1;2;1;5;226;;M;4841237.0;-192421.0;350
20109;201500022293;15;9;9;1315;1;2;1;1;6;56;le bourg;M;4838390.0;-182486.0;350
20110;201500022294;15;9;11;1445;1;1;2;1;6;172;;M;4841500.0;-183914.0;350
20111;201500022295;15;9;11;1430;1;1;1;1;1;226;;M;4842791.0;-191027.0;350
20112;201500022296;15;9;16;800;1;1;1;2;3;265;La Marre Hervé;M;4836647.0;-186297.0;350
20113;201500022297;15;10;9;1445;1;1;1;1;3;308;;M;4845672.0;-191528.0;350
20114;201500022298;15;11;29;645;2;1;1;1;7;265;;M;4835553.0;-186746.0;350
20115;201500022300;15;3;11;1130;1;1;1;1;2;154;;M;4886737.0;117741.0;270
20116;201500022301;15;6;18;845;1;1;1;1;6;306;;M;4897626.0;119986.0;270
20117;201500022302;15;7;7;1830;1;2;1;1;3;301;D547;M;4894277.0;119686.0;270
20118;201500022303;15;7;22;1730;1;2;1;1;6;621;le buisson messire rober;M;4893070.0;133741.0;270
20119;201500022304;15;9;20;1145;1;2;1;1;3;122;BD DU COMTAT VENAISSIN;M;4410800.0;495400.0;840
20120;201500022306;15;2;22;500;3;1;1;2;7;85;;M;0.0;0.0;830
20121;201500022307;15;3;21;1445;1;2;1;2;1;134;route de Lorgues;M;0.0;0.0;830
20122;201500022308;15;4;9;1745;1;2;6;1;3;148;chemin du Pommier;M;4342595.0;643859.0;830
20123;201500022309;15;5;28;645;1;1;3;1;3;86;;M;0.0;0.0;830
20124;201500022310;15;7;12;1145;1;1;6;1;6;4;;M;4346154.0;648879.0;830
20125;201500022311;15;7;23;1545;1;1;1;1;4;4;;M;4345078.0;649552.0;830
20126;201500022312;15;7;25;1400;1;1;1;1;1;134;;M;4344890.0;644052.0;830
20127;201500022313;15;8;13;1145;1;1;1;1;6;4;;M;0.0;0.0;830
20128;201500022314;15;9;25;1345;1;1;1;1;1;4;;M;0.0;0.0;830
20129;201500022315;15;10;5;1715;1;2;1;1;4;86;687 route d'aix;M;0.0;0.0;830
20130;201500022316;15;2;2;1400;1;1;1;8;2;432;Rue Albert Martin;M;0.0;0.0;540
20131;201500022317;15;3;30;1800;1;1;1;1;3;196;;M;4855300.0;618700.0;540
20132;201500022318;15;6;4;1430;1;1;1;1;3;513;;M;4845700.0;612800.0;540
20133;201500022319;15;6;7;1945;1;1;2;1;3;196;;M;4855180.0;619100.0;540
20134;201500022320;15;6;27;1;3;1;1;1;7;235;;M;4848745.0;601284.0;540
20135;201500022321;15;7;21;2145;1;1;1;1;7;32;Rue du Chateau;M;0.0;0.0;540
20136;201500022322;15;8;11;1730;1;2;1;1;1;109;route de tantonville;M;4852395.0;615976.0;540
20137;201500022323;15;9;6;1945;2;1;1;1;7;597;;M;4843600.0;616000.0;540
20138;201500022324;15;10;3;815;1;2;9;1;6;397;1137 rue pasteur;M;4860900.0;608800.0;540
20139;201500022326;15;11;11;1830;3;1;1;1;1;132;;M;4851842.0;614102.0;540
20140;201500022327;15;11;26;2015;5;2;1;1;1;397;rue victor hugo;M;4802700.0;619200.0;540
20141;201500022328;15;2;24;1815;3;1;1;6;3;79;;M;4495625.0;654774.0;50
20142;201500022330;15;10;11;2145;3;1;1;1;2;107;;M;4486556.0;659980.0;50
20143;201500022331;15;10;11;1615;1;1;1;1;3;85;;M;4492532.0;669023.0;50
20144;201500022333;15;10;27;1800;2;1;1;1;5;414;;M;0.0;0.0;550
20145;201500022334;15;11;9;1800;5;1;1;1;1;366;;M;0.0;0.0;550
20146;201500022335;15;5;24;1630;1;1;1;1;2;280;;M;0.0;0.0;670
20147;201500022336;15;7;13;645;1;2;1;1;6;22;route de fouchy;M;0.0;0.0;670
20148;201500022337;15;9;21;200;3;1;1;1;6;73;;M;0.0;0.0;670
20149;201500022338;15;1;10;1515;1;2;1;1;2;483;PHOEBUS GASTON (AVENUE);M;4310623.0;72248.0;310
20150;201500022339;15;3;24;1730;1;2;1;2;3;483;52, JOFFRE (AVENUE DU MA;M;4310856.0;71243.0;310
20151;201500022340;15;1;15;1035;1;2;1;1;6;483;13, ENCORE (BOULEVAR D');M;4311488.0;73187.0;310