;Num_Acc;an;mois;jour;hrmn;lum;agg;int;atm;col;com;adr;gps;lat;long;dep
20152;201500022341;15;3;30;1120;1;2;4;1;1;483;ASTIE PIERRE (RUE);M;4310479.0;72664.0;310
20153;201500022343;15;4;12;1920;1;2;3;1;7;483;RTE CAZAUX/BD SOUMES;M;4312184.0;72592.0;310
20154;201500022344;15;2;12;1720;1;1;4;1;3;565;D 8/rue hountagnère;M;4309665.0;70545.0;310
20155;201500022345;15;4;27;1530;1;1;1;1;7;344;ASPET (ROUTE);;;;310
20156;201500022346;15;2;13;1700;1;2;1;1;6;483;75, JOFFRE (AVENUE DU MA;M;4310869.0;71215.0;310
20157;201500022347;15;4;30;1835;1;2;6;1;3;483;GASCOGNE (ALLEE DE );M;4311289.0;72088.0;310
20158;201500022348;15;5;7;1240;1;2;1;1;3;483;27, INDEPENDANCE (RUE DE;M;4310835.0;71825.0;310
20159;201500022349;15;5;6;1130;1;1;1;1;4;483;100, FRANCOIS MITTERAND;M;4311134.0;74028.0;310
20160;201500022350;15;5;11;1205;1;2;1;1;6;483;BEPMALE JEAN (BOULEVARD);M;4310626.0;72213.0;310
20161;201500022351;15;5;12;1545;1;2;3;1;6;483;COMET SIMON (RUE);M;4310906.0;72246.0;310
20162;201500022352;15;5;15;1830;1;2;1;1;6;483;MONTAGUT HENRI (AVENUE);M;4310811.0;72664.0;310
20163;201500022353;15;5;17;130;3;2;1;1;6;483;SOUMES (BOULEVARD DU);M;4311924.0;72102.0;310
20164;201500022354;15;6;1;955;1;2;3;1;2;483;BOULOGNE (AVE)/BD GAULLE;M;4310930.0;72341.0;310
20165;201500022355;15;6;1;1620;1;2;1;1;6;483;26 GAULLE (BLD CHARLES);M;4310928.0;72523.0;310
20166;201500022356;15;6;8;1000;1;2;1;1;3;483;94, FRANCOIS MITTERAND;M;4311121.0;73977.0;310
20167;201500022357;15;6;12;1735;1;2;1;2;6;483;108, FRANCOIS MITTERAND;M;4311162.0;74217.0;310
20168;201500022358;15;7;17;2355;3;2;1;8;7;483;SOMMER RAYMOND (BOULEVAR;M;4309864.0;70973.0;310
20169;201500022359;15;7;26;1130;1;2;9;1;2;483;SOMMER RAYMOND (BOULEVAR;M;4310383.0;71030.0;310
20170;201500022360;15;7;28;1720;1;1;1;1;6;483;DREYFUS RENE ( AVE);M;4311050.0;70622.0;310
20171;201500022361;15;7;31;1040;1;1;1;2;6;483;ROUTE DE LA SERRE D;M;4312131.0;71139.0;310
20172;201500022362;15;8;8;1928;1;2;2;2;3;483;BOULOGNE (AVENUE DE);M;4311536.0;71714.0;310
20173;201500022363;15;8;11;1325;1;2;1;1;6;483;541, DREYFUS RENE ( AVEN;M;4311058.0;70246.0;310
20174;201500022364;15;8;12;2000;1;1;1;1;7;565;BOUT DU PUY (RUE DU);M;4309433.0;70924.0;310
20175;201500022365;15;8;18;1825;1;1;1;2;7;483;3411, ROUTE DE LA SERRE;M;4314367.0;73807.0;310
20176;201500022366;15;8;31;1330;1;2;3;1;2;483;9, ENCORE (BOULEVAR D');M;4311511.0;73252.0;310
20177;201500022367;15;9;8;1000;1;2;3;1;2;483;51, JOFFRE (AVE MARECHA;M;4310796.0;71587.0;310
20178;201500022369;15;9;14;1845;1;2;2;2;3;483;HUGO VICTOR (RUE);M;4310737.0;72379.0;310
20179;201500022370;15;9;18;1040;1;2;3;1;1;483;30, BL WIMILLE/RUE POZZI;M;4310805.0;70941.0;310
20180;201500022371;15;10;7;1100;1;2;2;1;1;483;38, FRANCOIS MITTERAND (;M;4310979.0;73140.0;310
20181;201500022372;15;10;6;1240;1;1;3;1;2;344;POINTIS INARD (ROUTE DE);M;4309695.0;78261.0;310
20182;201500022373;15;10;16;900;1;2;3;1;3;483;BOULOGNE (AVENUE DE);M;4311189.0;72226.0;310
20183;201500022374;15;10;19;1830;1;2;1;1;6;483;5, GASCOGNE (ALLEE DE );M;4311342.0;72153.0;310
20184;201500022376;15;11;2;1215;1;2;1;1;7;483;40, ISLE (AVENUE DE L');M;4311979.0;72577.0;310
20185;201500022378;15;11;9;1020;1;1;1;1;3;483;1, GRAVIERE (CHEMIN DE L;M;4310502.0;69674.0;310
20186;201500022379;15;11;18;1545;1;1;3;1;2;483;ETANCELIN PHILIPPE (RUE);M;4310213.0;70500.0;310
20187;201500022380;15;12;3;1015;1;2;1;1;6;483;ISLE (AVENUE DE L');M;4311292.0;72592.0;310
20188;201500022381;15;12;9;1620;1;2;3;1;3;483;LAVOISIER (RUE);M;4310836.0;71671.0;310
20189;201500022382;15;12;11;2025;5;1;1;1;6;565;MURAILLETTES (RUE DES);M;4309429.0;70944.0;310
20190;201500022383;15;12;16;1855;5;2;1;1;2;483;BOUERY ANDRE (AVENUE);M;4309899.0;73228.0;310
20191;201500022384;15;12;17;1500;1;2;1;1;3;483;17, GAULLE (BOULEVARD CH;M;4310892.0;72228.0;310
20192;201500022385;15;5;28;2015;1;2;1;1;6;277;rue antoine roybet;M;0.0;0.0;690
20193;201500022386;15;7;13;1915;1;1;6;1;5;285;;M;0.0;0.0;690
20194;201500022387;15;7;20;2045;2;2;7;1;6;279;place general de gaulle;M;4579690.0;504874.0;690
20195;201500022388;15;8;4;1845;1;2;1;1;1;277;CD 29;M;0.0;0.0;690
20196;201500022389;15;8;28;1330;1;2;1;1;3;277;RUE aNTOINE pINAY;M;0.0;0.0;690
20197;201500022390;15;11;9;1600;1;1;1;1;6;277;;M;0.0;0.0;690
20198;201500022391;15;1;2;1600;1;2;6;1;3;555;RUE EDMOND ROSTAND;;;;310
20199;201500022392;15;3;18;1945;5;2;1;1;1;555;100, RTE DE LABEGE;;;;310
20200;201500022393;15;12;31;1000;1;2;1;2;3;555;45, BD LAZARE CARNOT;;;;310
20201;201500022394;15;1;3;445;5;2;2;1;6;555;RTE DE LAUNAGUET;;;;310
20202;201500022395;15;3;17;1000;1;2;1;1;1;555;76, RUE DE PERIOLE;;;;310
20203;201500022398;15;3;17;830;1;2;1;1;2;555;11, CHE DES PRADETTES;;;;310
20204;201500022399;15;1;6;1612;1;2;1;1;6;555;999, RUE DES TOURNEURS;;;;310
20205;201500022400;15;3;19;100;5;2;2;1;3;555;999, AV DES MINIMES;;;;310
20206;201500022401;15;1;7;735;2;2;1;1;6;555;999, AV DE LA GLOIRE;;;;310
20207;201500022402;15;3;16;1935;5;2;3;1;1;557;LARDENNE (AVDE)/MONTAGNE;M;4358993.0;136980.0;310
20208;201500022404;15;3;19;950;1;2;1;1;6;555;25, URSS (AV DE L) DU 1A;;;;310
20209;201500022405;15;1;8;1025;1;1;1;1;3;555;VA007554 LASBORDES A61 S;;;;310
20210;201500022406;15;3;19;950;1;2;3;1;6;555;63 Bis, MURET (AV DE) DU;;;;310
20211;201500022407;15;1;7;1900;3;2;1;9;6;149;ORMEAU (CHEMIN DE L);M;4361697.0;132999.0;310
20212;201500022408;15;3;21;1210;1;2;1;1;3;555;999, BD LASCROSSES;;;;310
20213;201500022409;15;1;8;545;4;2;1;5;2;69;FIL D'ARIANE (RD902);M;4364950.0;136555.0;310
20214;201500022410;15;3;22;700;2;2;1;3;2;555;2, AV JEAN RIEUX;;;;310
20215;201500022411;15;1;8;650;5;1;1;5;6;555;VA007456 SESQUIERES A620;;;;310
20216;201500022412;15;3;21;2340;5;2;1;2;6;555;999, BD DES MINIMES;;;;310
20217;201500022415;15;1;8;2353;5;2;2;1;3;555;97, BD DE SUISSE;;;;310
20218;201500022416;15;3;23;1820;1;2;3;1;3;555;43, GARROS/MONTMORENCY;;;;310
20219;201500022417;15;1;9;1610;1;2;1;1;3;555;3, AV ARTHUR HUC;;;;310
20220;201500022418;15;3;25;1945;5;2;3;1;3;555;RTE DE LAUNAGUET;;;;310
20221;201500022419;15;1;12;1515;1;1;1;1;2;555;VA007331 A620;;;;310
20222;201500022420;15;3;26;805;1;1;1;1;7;555;999, VITET (rue Louis) d;;;;310
20223;201500022421;15;1;13;950;1;2;1;1;6;555;6, RUE ALAIN FOURNIER;;;;310
20224;201500022422;15;3;26;1805;2;2;1;1;6;555;5, BONNAT (RUE) DU 1AU 1;;;;310
20225;201500022423;15;1;13;1725;1;2;1;1;5;555;161, RTE D ALBI;;;;310
20226;201500022424;15;3;27;825;1;1;1;1;3;555;999, SAINT SAUVEUR (PORT;;;;310
20227;201500022425;15;1;15;1240;1;2;1;1;1;555;66, AV DES ETATS UNIS;;;;310
20228;201500022426;15;3;27;2045;5;2;1;1;3;555;999, RTE D AGDE;;;;310
20229;201500022427;15;1;14;2240;5;2;1;1;6;555;999, AV M BOURGES MAUNOU;;;;310
20230;201500022428;15;3;27;1640;1;2;3;1;6;555;CHE DU CHATEAU DE L HERS;;;;310
20231;201500022429;15;1;15;925;1;2;1;1;3;555;16 BIS, AV EDOUARD BELIN;;;;310
20232;201500022430;15;3;28;1235;1;2;1;1;3;555;999, RUE DES ARCS SAINT;;;;310
20233;201500022431;15;1;13;1040;1;2;1;1;3;555;999, RUE DE PERIOLE;;;;310
20234;201500022432;15;3;28;1400;1;1;1;1;6;555;70, AV DE GRANDE BRETAGN;;;;310
20235;201500022433;15;1;15;820;1;1;1;2;2;555;VA007604 DEMOISELLESA620;M;4357020.0;147757.0;310
20236;201500022434;15;3;28;2205;5;2;1;1;3;555;999, RUE DE METZ;;;;310
20237;201500022435;15;1;15;810;1;2;1;1;2;555;81, BD DELTOUR;;;;310
20238;201500022436;15;3;29;1105;1;2;1;1;1;555;999, BOULINGRIN (ROND PO;;;;310
20239;201500022437;15;1;15;1710;1;2;1;1;2;555;999, ALL JULES GUESDE;;;;310
20240;201500022438;15;3;26;2120;5;2;1;1;2;557;3, HAUT SAUT (CH DE L');M;4356251.0;133878.0;310
20241;201500022439;15;1;15;1805;3;1;1;1;2;555;VA007566 MONTAUDRAN A61;;;;310
20242;201500022441;15;1;15;1850;5;1;1;1;6;555;VA007355 PURPAN A620 Sor;;;;310
20243;201500022442;15;4;2;815;1;2;1;1;3;555;21, RUE PAUL VALERY;;;;310
20244;201500022443;15;1;17;1600;1;2;1;1;3;555;0, AV JEAN RIEUX;;;;310
20245;201500022444;15;4;2;1550;1;2;1;1;2;555;180, AV DE CASTRES;;;;310
20246;201500022445;15;1;18;1255;1;2;1;1;6;555;999, PL DU DR JOSEPH BAY;;;;310
20247;201500022447;15;1;18;15;5;2;1;2;7;555;999, BD DES CRETES;;;;310
20248;201500022448;15;4;4;815;1;2;1;1;7;555;129, RUE PIERRE CAZENEUV;;;;310
20249;201500022449;15;1;19;1435;1;2;1;2;2;555;999, BD DE STRASBOURG;;;;310
20250;201500022450;15;4;4;855;1;2;1;1;6;555;46, RUE DE NEGRENEYS;;;;310
20251;201500022451;15;1;15;905;1;2;1;1;3;555;ALL DU LT LUCIEN LAFAY;;;;310
20252;201500022452;15;4;4;1600;1;2;1;1;3;555;61, AV JULES JULIEN;;;;310
20253;201500022453;15;1;21;550;1;1;1;1;2;555;VA007331 A620;M;4358330.0;140358.0;310
20254;201500022455;15;1;20;905;1;2;1;1;2;555;RD901;;;;310
20255;201500022456;15;4;5;500;5;2;1;1;6;149;39, HUGO (BLD VICTOR);M;4361769.0;131605.0;310
20256;201500022457;15;1;20;1115;1;2;1;1;3;555;8, GRANDE RUE SAINT MICH;;;;310
20257;201500022458;15;4;7;1700;1;2;1;1;1;555;13, RUE ALFRED NOBEL;;;;310
20258;201500022459;15;1;20;1755;5;1;1;1;3;555;VA007333 LAFAOURETTEA620;M;4358310.0;140372.0;310
20259;201500022460;15;4;7;1835;1;2;1;1;3;555;190, RTE DE LAUNAGUET;;;;310
20260;201500022461;15;1;21;720;3;2;1;1;3;555;999, AV DU PR JOSEPH DUC;;;;310
20261;201500022462;15;4;8;800;1;1;1;1;3;555;VA007306 A64;;;;310
20262;201500022463;15;1;21;850;1;2;1;1;6;555;0, CHE DE LA TERRASSE;;;;310
20263;201500022464;15;4;8;935;1;1;1;1;2;555;19 LE PALAYS (PEAGE SUD);;;;310
20264;201500022465;15;1;21;1140;1;2;1;1;2;555;999, BD PIERRE PAUL RIQU;;;;310
20265;201500022466;15;4;7;1145;1;2;1;1;6;69;DEBAX (RUE FELIX);M;4363217.0;139883.0;310
20266;201500022468;15;4;7;1925;1;2;1;1;3;555;999, CHE DE LESTANG;;;;310
20267;201500022469;15;1;21;40;1;2;3;1;3;555;58, ALL DES DEMOISELLES;;;;310
20268;201500022470;15;4;8;1530;1;2;1;1;2;149;41, MONNET (AVENUE JEAN);M;4362591.0;134668.0;310
20269;201500022472;15;4;9;1305;1;2;1;1;6;555;15, RUE JEAN AICARD;;;;310
20270;201500022473;15;1;25;115;1;2;1;1;2;555;999, BD LAZARE CARNOT;;;;310
20271;201500022474;15;4;8;1250;1;2;1;1;1;149;allée blaise pascal;M;4361441.0;130672.0;310
20272;201500022475;15;1;26;745;1;2;1;1;3;555;119, AV DE FRONTON;;;;310
20273;201500022476;15;4;9;1425;1;1;1;1;4;555;VA007539 LA ROSERAIE A61;;;;310
20274;201500022477;15;1;26;805;1;2;1;1;1;555;999, AV JEAN RIEUX;;;;310
20275;201500022478;15;4;9;2120;5;2;1;1;6;555;55, BD DES MINIMES;;;;310
20276;201500022479;15;1;26;1730;5;1;1;1;3;555;VA007333LA FAOURETTEA620;M;4358380.0;140324.0;310
20277;201500022480;15;4;10;1120;1;2;1;1;2;555;999, AV LOUIS BAZERQUE;;;;310
20278;201500022481;15;1;21;1145;1;2;1;1;1;555;999, RUE HENRI DESBALS;;;;310
20279;201500022482;15;4;10;1141;1;2;1;1;6;555;21, BD SILVIO TRENTIN;;;;310
20280;201500022483;15;1;26;1915;5;2;1;1;3;149;21 SALVETAT (CH DE LA);M;4360395.0;130652.0;310
20281;201500022484;15;4;10;1735;1;2;1;1;3;555;3, NARBONNE (ROUTE DE);;;;310
20282;201500022485;15;1;29;125;5;2;1;1;6;555;999, BD LASCROSSES;;;;310
20283;201500022486;15;4;10;950;1;2;1;1;3;555;999, AV JEAN CHAUBET;;;;310
20284;201500022487;15;1;30;55;5;2;1;2;1;555;999, RTE DE BLAGNAC;;;;310
20285;201500022488;15;4;12;210;5;2;1;1;3;557;26, AURIOL (BD VINCENT);M;4358686.0;134864.0;310
20286;201500022489;15;1;30;230;3;2;1;1;6;555;999, BD DE STRASBOURG;;;;310
20287;201500022490;15;4;12;1230;1;2;1;1;6;555;151, AV JEAN CHAUBET;;;;310
20288;201500022491;15;1;29;1150;1;2;1;1;6;555;15, RUE DE L UKRAINE;;;;310
20289;201500022492;15;4;12;1430;1;2;3;1;3;149;BRUNAUD/ADER (AVE);M;4361507.0;134625.0;310
20290;201500022493;15;1;30;2015;5;2;1;9;7;555;43, AV DES ETATS UNIS;;;;310
20291;201500022494;15;4;13;1545;1;2;1;1;6;557;INDUSTRIE (33 BD DE L');M;4358877.0;131133.0;310
20292;201500022495;15;2;1;750;2;2;1;2;7;555;999, BD LAZARE CARNOT;;;;310
20293;201500022496;15;4;15;538;5;2;1;1;1;555;54, AV CRAMPEL;;;;310
20294;201500022497;15;2;1;936;1;1;1;2;6;555;VA007440 LES MINIMES;M;4362420.0;141792.0;310
20295;201500022498;15;4;15;1043;1;2;1;1;6;555;15, BD D ARCOLE;;;;310
20296;201500022499;15;2;1;1315;1;2;1;1;6;555;999, RUE LOUIS PLANA;;;;310
20297;201500022500;15;4;15;2030;1;2;3;1;3;555;376, SAINT SIMON (RTE DE;;;;310
20298;201500022502;15;4;15;2030;5;2;1;1;1;149;58, SALVETAT (CHEMIN DE;M;4360220.0;130151.0;310
20299;201500022503;15;2;2;905;1;2;1;1;7;555;999, RUE DU PONT GUILHEM;;;;310
20300;201500022504;15;4;17;1120;1;2;1;1;3;69;10, AUVERGNE (RUE D');M;4363222.0;138701.0;310
20301;201500022505;15;2;4;1145;1;2;2;1;3;555;999, AV JEAN DAGNAUX;;;;310
20302;201500022506;15;4;18;1;5;2;1;1;3;555;36, SAINT SAUVEUR (PORT);;;;310
20303;201500022507;15;2;5;1435;1;2;1;1;6;555;999, RUE DE CHAUSSAS;;;;310
20304;201500022508;15;4;19;2253;5;2;2;1;3;555;999, AV YVES BRUNAUD;;;;310
20305;201500022509;15;2;6;1350;1;1;1;4;2;555;VA008493 LA CRABE A624 S;M;4361082.0;137654.0;310
20306;201500022510;15;4;20;625;5;1;1;1;1;555;999, VA007418 PONT JUMEA;;;;310
20307;201500022511;15;2;7;1230;1;2;1;1;6;555;999, AV HONORE SERRES;;;;310
20308;201500022512;15;4;17;635;5;2;6;1;7;557;DE GAULLE/ST PIERRE;M;4358460.0;132536.0;310
20309;201500022513;15;2;9;1645;1;2;2;1;6;555;RUE DU PONT GUILHEMERY;;;;310
20310;201500022514;15;4;20;1150;1;2;1;1;6;555;15, IMP BARTHERE;;;;310
20311;201500022517;15;2;10;1820;2;2;1;1;2;149;2 bd ingres (jean augus);M;4359826.0;135230.0;310
20312;201500022518;15;4;21;1900;1;1;1;1;2;555;VA007440LES MINIMES A620;M;4362420.0;141790.0;310
20313;201500022519;15;2;12;925;1;2;1;1;7;149;BLD PAUL VALERY;M;4359535.0;134383.0;310
20314;201500022520;15;4;22;820;1;2;1;1;3;555;999, CHE DE CHANTELLE;;;;310
20315;201500022521;15;2;12;1805;2;2;4;1;3;69;SAVOIE (RUE)CORBIERES;M;4362964.0;138435.0;310
20316;201500022522;15;4;22;620;5;2;1;1;6;555;48, AGDE (RTE D) DU 1AU;;;;310
20317;201500022524;15;4;25;1415;1;1;1;1;7;555;14 CROIX DAURADE (PERIPH;;;;310
20318;201500022526;15;4;24;530;5;2;1;1;3;555;RD901;;;;310
20319;201500022527;15;2;15;740;2;2;1;2;6;555;26, ALL DES FOULQUES;;;;310
20320;201500022528;15;4;25;1720;1;1;1;8;7;555;VA008482 A624;M;4360660.0;139168.0;310
20321;201500022529;15;2;16;1430;1;2;1;1;3;555;110, BD SILVIO TRENTIN;;;;310
20322;201500022530;15;4;27;810;1;2;1;1;2;555;388, AV DES ETATS UNIS;;;;310
20323;201500022531;15;2;18;1350;1;2;1;1;7;555;123, RTE D ALBI;;;;310
20324;201500022532;15;4;27;2145;5;2;1;2;6;555;29, RUE DU LOT;;;;310
20325;201500022533;15;2;18;1410;1;2;1;1;1;555;999, RUE MARCEL LOUBENS;;;;310
20326;201500022534;15;4;5;1630;1;2;1;1;6;555;999, ALL JULES GUESDE;;;;310
20327;201500022535;15;2;18;2020;5;1;1;1;3;555;VA007331 A620;M;4356880.0;141537.0;310
20328;201500022536;15;4;28;1315;1;2;6;1;7;555;999, ROND POINT PIERRE D;;;;310
20329;201500022537;15;2;18;1515;1;2;2;1;3;555;AV JEAN CHAUBET;;;;310
20330;201500022538;15;4;28;1707;1;2;1;1;1;555;118, AV DE LARDENNE;;;;310
20331;201500022540;15;4;28;1750;1;2;1;1;3;555;15, RUE THEODORE OZENNE;;;;310
20332;201500022541;15;2;15;145;5;2;4;3;3;555;., RUE GABRIEL PERI;;;;310
20333;201500022542;15;4;27;1130;1;2;1;1;2;555;999, RUE DE METZ;;;;310
20334;201500022543;15;2;19;1650;1;2;1;1;6;149;BD GENERAL DE GAULLE;M;4361030.0;132851.0;310
20335;201500022544;15;4;29;1300;1;2;1;1;7;555;999, RUE LOUIS BONIN;;;;310
20336;201500022546;15;4;28;1245;1;1;3;1;3;555;VA007313LE CHAPITRE;;;;310
20337;201500022549;15;2;22;2220;1;2;2;1;3;555;., CHE DES HERBETTES;;;;310
20338;201500022550;15;4;30;1615;1;2;1;1;3;555;105, RUE SAINT ROCH;;;;310
20339;201500022552;15;4;30;1930;1;2;1;1;2;555;AV DE GRANDE BRETAGNE;;;;310
20340;201500022553;15;2;24;1100;1;2;1;2;6;555;91, RUE DU FAUBOURG BONN;;;;310
20341;201500022555;15;2;24;1720;1;2;1;1;6;69;1, BRASSENS (PL GEORGES);M;4364892.0;137509.0;310
20342;201500022556;15;5;1;1930;1;2;1;1;3;555;999, RTE DE LAUNAGUET;;;;310
20343;201500022557;15;2;25;1230;1;2;1;3;7;149;ingres (auguste);M;4359310.0;134730.0;310
20344;201500022558;15;5;2;1024;1;2;1;1;3;555;999, 33 B SESQUIERES  (P;;;;310
20345;201500022559;15;2;26;745;1;1;1;3;3;555;VA007473 A62;;;;310
20346;201500022560;15;5;2;1300;1;2;3;1;3;555;999, BD DES MINIMES;;;;310
20347;201500022561;15;2;26;2315;5;2;1;1;3;555;31, RUE DE L ORIENT;;;;310
20348;201500022562;15;5;3;805;1;2;1;1;2;555;BD DE LA MARQUETTE;;;;310
20349;201500022563;15;2;25;1630;1;2;1;3;3;149;GASCOGNE (BOULEVARD=;M;4360858.0;132680.0;310
20350;201500022564;15;4;30;835;1;2;1;1;6;149;RN124;M;4360603.0;130568.0;310
20351;201500022565;15;2;26;1240;1;2;1;1;7;149;12, MARCEL DASSAULT (BLD;M;4361384.0;134120.0;310
20352;201500022566;15;5;4;1700;1;2;1;1;3;555;201, RTE DE REVEL;;;;310
20353;201500022567;15;2;27;800;1;2;1;1;6;555;999, RUE RENE CASSIN;;;;310
20354;201500022568;15;5;4;1825;1;2;3;1;6;555;., CHE DE LESTANG;;;;310
20355;201500022569;15;1;27;1420;1;2;1;1;3;555;999, AV DU PR JEAN POULH;;;;310
20356;201500022570;15;5;4;1633;1;2;1;1;1;149;15, OOCITANIE (ALLEE D');M;4361028.0;133361.0;310
20357;201500022571;15;2;27;1420;1;2;1;1;3;555;AV DU PR JEAN POULH;M;4355770.0;145316.0;310
20358;201500022572;15;2;28;750;1;1;1;1;7;555;VA007342 LA CEPIERE A620;M;4359170.0;139867.0;310
20359;201500022573;15;5;4;635;2;2;1;1;3;555;999, BD LASCROSSES;;;;310
20360;201500022574;15;3;1;5;4;2;1;2;3;555;999, CHE DE TUCAUT;;;;310
20361;201500022575;15;5;6;1705;1;2;1;1;6;555;317, SEYSSES (RTE DE) DU;;;;310
20362;201500022576;15;3;3;1200;1;2;1;1;3;555;40, ALL JEAN JAURES;;;;310
20363;201500022577;15;5;6;1525;1;2;1;8;3;555;40, AV JEAN ZAY;;;;310
20364;201500022578;15;3;3;945;1;2;1;1;1;555;52, AV DE LARDENNE;;;;310
20365;201500022579;15;5;9;2350;5;2;2;1;3;555;BD DELTOUR;;;;310
20366;201500022580;15;3;4;910;1;2;1;3;3;557;94, MARQUISAT (AV DU);M;4357257.0;134044.0;310
20367;201500022581;15;5;9;1830;1;2;1;1;2;555;999, BD ANDRE NETWILLER;;;;310
20368;201500022582;15;5;9;2130;1;2;1;1;7;555;999, RTE DE BAYONNE;;;;310
20369;201500022583;15;3;6;1330;1;2;1;1;4;557;22, AURIOL (BD VINCENT);M;4358675.0;134846.0;310
20370;201500022584;15;3;6;840;1;2;1;1;3;149;5, SERRES (AVE EDOUARD);M;4361200.0;135227.0;310
20371;201500022585;15;5;7;2110;5;2;1;1;3;555;81, AV DU LAURAGAIS;;;;310
20372;201500022586;15;3;6;1420;1;2;3;1;3;555;999, BD LAZARE CARNOT;;;;310
20373;201500022587;15;5;10;8;5;2;2;1;3;555;999, RTE DE LABEGE;;;;310
20374;201500022588;15;2;28;1440;1;2;1;1;4;557;15, AURIOL (BD VINCENT);M;4358607.0;134757.0;310
20375;201500022590;15;3;6;300;5;2;1;1;6;555;82, RUE DES TROENES;;;;310
20376;201500022593;15;5;6;1630;1;2;1;1;6;555;258, AV DE MURET;;;;310
20377;201500022594;15;3;7;2230;3;1;1;1;6;555;AV PIERRE G LATECOERE;;;;310
20378;201500022595;15;5;7;1840;1;2;1;1;6;555;161, RUE NICOLAS L VAUQU;;;;310
20379;201500022596;15;3;8;1635;1;2;1;1;1;555;18, AV M BOURGES MAUNOUR;;;;310
20380;201500022597;15;5;12;855;1;2;3;1;3;555;265, CASTRES (AV DE) DU;;;;310
20381;201500022598;15;3;10;545;5;2;1;1;3;555;118, RTE DE NARBONNE;;;;310
20382;201500022599;15;5;12;908;1;2;3;1;7;555;CHE BERNARD SARRETTE;;;;310
20383;201500022600;15;3;10;710;1;2;1;1;3;555;47, RTE D ESPAGNE;;;;310
20384;201500022601;15;5;12;1320;1;2;1;1;3;555;29, ALL DE BRIENNE;;;;310
20385;201500022602;15;3;10;1325;1;2;1;1;2;555;201, RTE DE REVEL;;;;310
20386;201500022603;15;5;12;2130;5;2;1;1;3;555;68, BD MATABIAU;;;;310
20387;201500022604;15;3;10;1400;1;2;1;1;2;69;GRENADE (ROUTE DE);M;4362557.0;139348.0;310
20388;201500022605;15;5;12;1931;1;2;1;1;1;69;BRASSENS (AV GEORGE;M;4364676.0;136885.0;310
20389;201500022606;15;3;10;1805;1;2;1;1;3;555;55, BD LAZARE CARNOT;;;;310
20390;201500022608;15;3;13;1525;1;2;1;2;6;555;1, PAS JEAN LAPAYRE;;;;310
20391;201500022609;15;5;11;1240;1;1;1;1;2;557;980.2  (ROC ARC EN CIEL);M;4358500.0;136260.0;310
20392;201500022610;15;3;13;2300;5;2;3;1;3;555;AV HONORE SERRES;;;;310
20393;201500022611;15;5;15;1147;1;2;1;2;2;555;29 BIS, AV M BOURGES MAU;;;;310
20394;201500022612;15;3;14;505;1;2;1;1;6;555;20, BD PIERRE PAUL RIQUE;;;;310
20395;201500022613;15;5;15;720;2;2;2;2;3;555;999, CHE DE CROIX BENITE;;;;310
20396;201500022614;15;3;6;1930;5;2;1;1;3;555;64, AV DES MINIMES;M;4361900.0;143639.0;310
20397;201500022615;15;5;17;240;5;1;1;1;7;555;VA008482 A624;M;4361010.0;138567.0;310
20398;201500022616;15;5;17;1956;1;2;1;1;2;69;23, MOULIN DE NAUDIN (CH;M;4365139.0;138621.0;310
20399;201500022617;15;5;18;840;1;2;1;1;4;555;PONT PIERRE DE COUBERTIN;;;;310
20400;201500022618;15;5;18;1846;1;2;1;1;2;557;22, AURIOL (BD VINCENT);M;4358715.0;134909.0;310
20401;201500022619;15;5;18;915;1;2;3;1;2;555;999, AV DES ETATS UNIS;;;;310
20402;201500022620;15;5;7;1730;1;1;1;1;2;555;VA008432 LANGLADE A620;M;4356880.0;142121.0;310
20403;201500022621;15;5;19;825;1;1;1;1;7;555;SESQUIERES;M;4365140.0;142296.0;310
20404;201500022622;15;5;19;1845;1;2;1;8;6;555;QU SAINT PIERRE;;;;310
20405;201500022623;15;5;19;1300;1;1;1;1;2;69;A621 ST MICHEL DU TOUCH;M;4362160.0;139303.0;310
20406;201500022624;15;5;19;500;1;2;1;8;4;555;999, RTE D ESPAGNE;;;;310
20407;201500022626;15;5;21;1555;1;1;1;1;2;555;VA007456 SESQUIERES A620;M;4365130.0;142293.0;310
20408;201500022627;15;5;21;2230;5;2;3;1;6;555;999, ALL JEAN JAURES;;;;310
20409;201500022628;15;5;22;340;5;2;1;1;6;555;27, BD DE LA GARE;;;;310
20410;201500022629;15;5;23;1840;1;2;1;1;6;555;61, RUE DE LA FAOURETTE;;;;310
20411;201500022630;15;5;23;1845;1;2;1;1;3;555;65, AV DES MINIMES;;;;310
20412;201500022631;15;5;26;1245;1;2;1;1;3;555;999, RTE D ALBI;;;;310
20413;201500022632;15;5;26;1000;1;2;1;1;4;555;19, REVEL (RTE DE) DU 1A;;;;310
20414;201500022634;15;5;26;1815;1;2;1;1;2;557;50-52, PETIT TRAIN (RUE);M;4357919.0;132626.0;310
20415;201500022635;15;5;27;900;1;2;1;1;2;555;999, RTE D ESPAGNE;;;;310
20416;201500022636;15;5;27;1815;1;2;1;1;6;555;10, RUE CHARLES GARNIER;;;;310
20417;201500022637;15;5;23;1840;1;2;1;1;3;555;ROND POINT JEAN PETIT;;;;310