;Num_Acc;an;mois;jour;hrmn;lum;agg;int;atm;col;com;adr;gps;lat;long;dep
20418;201500022638;15;5;28;910;1;2;3;1;2;557;MARQUISAT/LAC;M;4357325.0;134171.0;310
20419;201500022639;15;5;28;830;1;1;1;1;2;555;VA007331 A620;M;4363800.0;142101.0;310
20420;201500022640;15;5;28;1215;1;2;1;1;6;555;RTE DE LAUNAGUET;;;;310
20421;201500022641;15;5;29;820;1;2;1;1;3;555;151, AV DE LESPINET;;;;310
20422;201500022643;15;5;29;1925;1;2;3;2;3;69;D2/RUE GINESTET;M;4362700.0;139234.0;310
20423;201500022645;15;5;30;1950;1;2;1;1;6;555;27, RUE VESTREPAIN;;;;310
20424;201500022647;15;6;1;1710;1;2;1;1;6;555;8, GONIN (RUE CLAUDE) DU;;;;310
20425;201500022648;15;6;1;1940;1;2;1;1;1;555;117, VESTREPAIN (RUE) DU;;;;310
20426;201500022649;15;6;3;700;1;2;1;1;2;555;135, CHE DE GINESTOUS;;;;310
20427;201500022650;15;6;4;1710;1;2;1;1;6;555;22, AV HENRI GUILLAUMET;;;;310
20428;201500022651;15;6;4;1200;1;2;1;1;2;555;355, AV DES ETATS UNIS;;;;310
20429;201500022652;15;6;4;1240;1;2;3;1;3;555;999, RUE CLAUDE MARIE PE;;;;310
20430;201500022653;15;6;5;1750;1;2;1;1;4;555;BD SILVIO TRENTIN;;;;310
20431;201500022654;15;6;5;1525;1;1;1;1;5;555;VA007493 LES IZARDS A62;;;;310
20432;201500022655;15;6;7;1430;1;2;1;1;7;555;999, AV DE GRANDE BRETAG;;;;310
20433;201500022656;15;6;8;550;1;2;3;1;6;555;999, RUE DE QUEVEN;;;;310
20434;201500022657;15;6;8;805;1;2;2;1;3;69;BRASSENS (AV GEORGES);M;4364868.0;137229.0;310
20435;201500022658;15;6;8;2220;5;2;1;2;2;555;94, NARBONNE (ROUTE DE);;;;310
20436;201500022659;15;6;9;1755;1;2;1;1;1;69;7, BRASSENS (AV GEORGES);;;;310
20437;201500022661;15;6;10;1925;1;2;1;1;6;555;15, RUE D ARLES;;;;310
20438;201500022663;15;6;11;1935;1;2;1;1;3;555;38, RUE DU FAUBOURG BONN;;;;310
20439;201500022664;15;6;13;1420;1;2;1;1;2;555;261, CASTRES (AV DE) DU;;;;310
20440;201500022665;15;6;12;1300;1;1;1;1;4;149;RN124;M;4360607.0;133809.0;310
20441;201500022666;15;6;12;1145;1;2;1;1;4;149;RN124;M;4360685.0;132802.0;310
20442;201500022667;15;6;12;1715;1;2;1;1;2;555;CHE TISSIE;;;;310
20443;201500022668;15;6;14;550;5;2;3;3;3;555;999, ALL CHARLES DE FITT;;;;310
20444;201500022669;15;6;15;945;1;2;1;1;3;555;4, AV ANTOINE DE ST EXUP;;;;310
20445;201500022670;15;6;17;1000;1;2;1;1;3;555;66, RUE DU BEARNAIS;;;;310
20446;201500022671;15;6;20;2135;5;2;1;1;3;555;999, BD PIERRE PAUL RIQU;;;;310
20447;201500022672;15;6;21;1425;1;2;1;1;3;555;45 BIS, MATABIAU (RUE) D;;;;310
20448;201500022673;15;6;22;1420;1;2;2;1;3;555;999, RTE DE SEYSSES;;;;310
20449;201500022674;15;6;22;1745;1;2;1;1;6;555;16, RUE DE LA TOURAINE;;;;310
20450;201500022675;15;6;23;1340;1;2;1;1;2;555;9, RUE PAULIN TALABOT;;;;310
20451;201500022676;15;6;23;1705;1;2;1;1;3;555;17, PONT SAINT PIERRE (R;;;;310
20452;201500022677;15;6;23;1850;1;2;3;1;2;555;999, AV FREDERIC ESTEBE;;;;310
20453;201500022678;15;6;23;1756;1;1;1;1;3;555;VA007331 A620;M;4358320.0;140362.0;310
20454;201500022679;15;6;23;1520;1;2;3;1;3;149;64, SALVETAT (CH) DE;M;4359902.0;129538.0;310
20455;201500022680;15;6;25;330;4;2;1;1;6;149;19, NASQUE (CH DE LA);M;4359923.0;131519.0;310
20456;201500022681;15;6;25;532;2;2;1;1;6;555;25, DELTOUR (BD) DU 1AU;;;;310
20457;201500022683;15;6;24;1650;1;2;1;1;7;149;EUGENE MONTEL (BLD);M;4360861.0;133610.0;310
20458;201500022684;15;6;24;2000;1;2;1;1;6;555;124, AV DE LA GLOIRE;;;;310
20459;201500022685;15;6;25;905;1;2;1;1;1;555;999, AV DU GENERAL EISEN;;;;310
20460;201500022686;15;6;25;1730;1;1;1;1;4;555;VA007331 A620;M;4357070.0;143152.0;310
20461;201500022687;15;6;26;1430;1;2;1;1;7;555;999, CEPIERE (ROND POINT;;;;310
20462;201500022688;15;6;26;920;1;1;1;1;4;555;VA007331 A620;M;4365263.0;142432.0;310
20463;201500022689;15;6;25;1745;1;1;1;1;3;555;VA007331 A620;M;4356870.0;147987.0;310
20464;201500022690;15;6;29;755;1;2;2;1;3;69;PONS (BD FIRMIN);M;4363483.0;139960.0;310
20465;201500022691;15;6;29;1408;1;2;1;1;6;69;PLAN DU PORT (LE);M;4362487.0;139934.0;310
20466;201500022692;15;6;29;1730;1;2;1;1;6;555;71, AV DES MINIMES;;;;310
20467;201500022693;15;6;30;940;1;1;1;1;4;555;VA007342 LA CEPIERE;M;4359180.0;139863.0;310
20468;201500022694;15;6;30;845;1;2;3;1;3;555;999, RUE JEAN PERRIN;;;;310
20469;201500022695;15;6;30;2130;1;2;1;1;6;555;40, BD MATABIAU;;;;310
20470;201500022696;15;6;30;1115;1;2;1;1;6;555;39, PERI (RUE GABRIEL) D;;;;310
20471;201500022697;15;6;30;1400;1;2;1;1;3;555;999, AV DE GRANDE BRETAG;;;;310
20472;201500022698;15;6;30;1555;1;1;1;1;2;555;A624 (PURPAN);M;4360833.0;138875.0;310
20473;201500022699;15;7;2;945;1;2;2;1;6;555;999, CHE DE LANUSSE;;;;310
20474;201500022701;15;7;3;1620;1;2;1;1;6;555;999, PL JEANNE D ARC;;;;310
20475;201500022702;15;7;4;2039;1;2;1;1;3;555;999, AV DU GENERAL EISEN;;;;310
20476;201500022703;15;7;5;900;1;2;1;1;6;555;BD LAZARE CARNOT;;;;310
20477;201500022704;15;7;5;617;1;2;1;1;6;555;999, PONT GARIGLIANO;;;;310
20478;201500022705;15;7;2;1915;1;1;1;1;2;555;A624 (PURPAN);;;;310
20479;201500022707;15;7;6;2115;2;2;3;1;3;149;DEFERRE (BLD GASTON);M;4361809.0;133417.0;310
20480;201500022708;15;7;7;735;1;2;1;1;3;555;196, RTE D ALBI;;;;310
20481;201500022709;15;7;8;130;5;2;1;1;3;555;999, AV DES ETATS UNIS;;;;310
20482;201500022710;15;7;7;1630;1;2;3;1;5;555;999, RUE DE CUGNAUX;;;;310
20483;201500022711;15;7;7;1925;1;2;1;1;3;555;378, SAINT SIMON (RTE DE;;;;310
20484;201500022712;15;7;7;1700;1;2;6;1;6;557;3, JAURES (AV JEAN);M;4358845.0;135897.0;310
20485;201500022713;15;7;8;1505;1;2;1;1;3;555;35, BD DES RECOLLETS;;;;310
20486;201500022714;15;7;8;1905;1;2;1;1;6;69;30, AUSSONNE (CH D');M;4363934.0;138785.0;310
20487;201500022715;15;7;9;1550;1;2;1;1;7;555;999, CHE DU PONT DE RUPE;;;;310
20488;201500022716;15;7;10;430;2;1;1;1;7;555;VA007418 PONT JUMEAUX A6;M;4360970.0;141371.0;310
20489;201500022717;15;7;10;1900;1;2;1;1;3;555;999, AV JEAN ZAY;;;;310
20490;201500022718;15;7;12;825;1;2;1;1;1;555;79, AV DE LA GLOIRE;;;;310
20491;201500022719;15;7;14;1120;1;2;1;1;6;555;999, RUE DE METZ;;;;310
20492;201500022720;15;7;16;1015;1;2;1;1;6;555;17, BD ARMAND DUPORTAL;;;;310
20493;201500022721;15;7;16;955;1;2;1;1;4;149;VA008482 N124;;;;310
20494;201500022723;15;7;17;1305;1;2;1;1;2;555;999, AV DE FRONTON;;;;310
20495;201500022724;15;7;17;1720;1;2;1;1;6;555;999, RTE D AGDE;;;;310
20496;201500022725;15;7;18;1138;1;2;1;1;6;555;2, PORT SAINT ETIENNE;;;;310
20497;201500022726;15;7;18;1800;1;2;1;1;7;555;2, BD D ARCOLE;;;;310
20498;201500022727;15;7;18;1915;1;2;1;1;2;555;999, RTE D ALBI;;;;310
20499;201500022728;15;7;19;315;5;2;2;1;5;555;999, AV FREDERIC ESTEBE;;;;310
20500;201500022729;15;7;17;1905;1;2;3;1;3;555;999, RUE MARIE LAURENCIN;;;;310
20501;201500022730;15;7;20;1415;1;2;1;1;6;555;999, RUE DE LA TRINITE;;;;310
20502;201500022731;15;7;20;2050;1;2;1;1;3;555;999, AV PIERRE G LATECOE;;;;310
20503;201500022732;15;7;22;30;3;2;1;1;6;555;999, AV PIERRE G LATECOE;;;;310
20504;201500022734;15;7;22;1440;1;2;1;1;6;555;999, RUE DU MORBIHAN;;;;310
20505;201500022736;15;7;22;1736;1;2;1;1;2;555;5, SAINT SIMON (RTE DE);;;;310
20506;201500022737;15;7;21;1510;1;1;1;1;4;555;24 EMPALOT  (PERIPH);M;4357070.0;143147.0;310
20507;201500022738;15;7;22;1655;1;2;5;1;3;555;999, RUE STALINGRAD;;;;310
20508;201500022739;15;7;23;1715;1;2;1;1;2;555;15, BD D ARCOLE;;;;310
20509;201500022740;15;7;24;2025;2;1;1;2;2;555;RN124;;;;310
20510;201500022741;15;7;26;545;5;2;3;1;6;555;., RUE DU FAUBOURG BONNE;;;;310
20511;201500022742;15;7;25;150;3;2;1;1;3;555;999, RTE D AGDE;;;;310
20512;201500022743;15;7;27;1035;1;2;1;1;6;555;BONNAT (RUE) DU 1AU 152;;;;310
20513;201500022744;15;7;28;630;1;1;1;1;6;555;VA007331 A620;;;;310
20514;201500022745;15;7;27;1910;1;2;1;1;2;69;FIL D'ARIANE (RD902);M;4362921.0;138315.0;310
20515;201500022746;15;7;28;1500;1;1;1;1;4;149;RN124 sortie 04;M;4360616.0;133779.0;310
20516;201500022747;15;7;31;710;1;2;1;1;6;555;3, AV DE FONDEYRE;;;;310
20517;201500022748;15;7;31;1300;1;2;1;2;6;555;30, AV JEAN MOULIN;;;;310
20518;201500022749;15;8;1;1805;1;2;1;1;2;555;., PONT PIERRE DE COUBER;;;;310
20519;201500022750;15;8;2;2350;5;2;1;1;2;555;26, SEJOURNE (AV PAUL) D;;;;310
20520;201500022751;15;7;31;1525;1;2;2;1;3;555;999, AV DE LA GLOIRE;;;;310
20521;201500022752;15;8;4;1545;1;2;1;1;1;555;999, PONT GARIGLIANO;;;;310
20522;201500022753;15;8;5;1755;1;2;1;1;6;555;RTE DE NARBONNE;;;;310
20523;201500022755;15;8;6;2215;5;1;1;1;6;555;VA007331 A620;M;4357432.0;146904.0;310
20524;201500022756;15;8;7;940;1;2;1;1;3;555;RUE DU PONT GUILHEMERY;;;;310
20525;201500022757;15;8;8;400;3;2;1;2;6;555;14, RUE DU LOT;;;;310
20526;201500022758;15;8;8;2030;2;2;1;2;3;555;20, BD SILVIO TRENTIN;;;;310
20527;201500022759;15;8;9;1700;1;1;1;3;2;555;VA007331 A620;M;4364987.0;142188.0;310
20528;201500022760;15;8;8;1225;1;2;1;3;2;555;999, BD D ARCOLE;;;;310
20529;201500022761;15;8;7;1140;1;2;1;1;3;555;999, BD DE LA MEDITERRAN;;;;310
20530;201500022763;15;8;9;800;1;1;1;1;7;555;VA007440 LES MINIMES;M;4362289.0;141758.0;310
20531;201500022764;15;8;13;715;1;2;6;1;3;555;CHE DU RAMELET MOUNDI;;;;310
20532;201500022765;15;8;14;1200;1;2;1;2;6;555;999, RUE HENRI DESBALS;;;;310
20533;201500022766;15;8;14;2220;5;2;1;1;6;555;29, BD GABRIEL KOENIGS;;;;310
20534;201500022767;15;8;18;1325;1;2;1;1;2;555;12, BD SILVIO TRENTIN;;;;310
20535;201500022768;15;8;19;910;1;2;6;1;7;555;ALL FORAIN FRANCOIS VERD;;;;310
20536;201500022769;15;8;18;855;1;2;3;1;2;557;LARRAMET/PASSERIVE;M;4356547.0;133707.0;310
20537;201500022770;15;8;19;950;1;2;1;1;7;555;AV PAUL SEJOURNE;;;;310
20538;201500022771;15;8;19;1600;1;2;1;1;2;555;999, BARRIERE DE LOMBEZ;;;;310
20539;201500022772;15;8;20;1035;1;2;2;7;3;555;., CRETES (BOULEVARD DES;;;;310
20540;201500022774;15;8;20;900;1;1;1;1;2;555;VA007418 PONT JUMEA;M;4360929.0;141295.0;310
20541;201500022775;15;8;21;20;5;2;1;1;3;555;999, RUE HENRI DESBALS;;;;310
20542;201500022776;15;8;21;625;5;2;1;1;7;555;257, AV DE CASTRES;;;;310
20543;201500022777;15;8;20;1440;1;2;3;1;3;149;COLLONGUES/NASQUE;M;4359701.0;132773.0;310
20544;201500022778;15;8;21;1745;1;2;1;1;3;555;304, AV DES ETATS UNIS;;;;310
20545;201500022779;15;8;22;25;5;2;1;1;3;555;., AV DE LYON;;;;310
20546;201500022780;15;8;25;1620;1;2;1;1;5;555;361, AV DES ETATS UNIS;;;;310
20547;201500022781;15;8;25;1850;1;2;1;7;3;555;999, AV JEAN ZAY;;;;310
20548;201500022784;15;8;27;1450;1;2;1;1;2;555;12, BD LAZARE CARNOT;;;;310
20549;201500022785;15;8;27;1204;1;2;1;1;2;555;999, AV JEAN ZAY;;;;310
20550;201500022786;15;8;28;1305;1;2;1;1;2;555;999, PORT SAINT SAUVEUR;;;;310
20551;201500022787;15;8;28;1415;1;2;1;1;6;555;, AV DIDIER DAURAT PROLO;;;;310
20552;201500022788;15;8;30;150;5;2;1;1;1;555;999, BD LASCROSSES;;;;310
20553;201500022789;15;8;30;218;5;2;1;1;6;555;208, AV DE CASTRES;;;;310
20554;201500022790;15;8;20;725;1;2;1;1;3;555;999, BD DES MINIMES;;;;310
20555;201500022791;15;8;31;1017;1;2;1;1;3;555;999, RTE D AGDE;;;;310
20556;201500022792;15;8;31;1920;2;2;1;1;6;555;306, RTE DE SEYSSES;;;;310
20557;201500022795;15;9;4;1555;1;2;1;1;3;555;01, MARQUETTE (BD DE LA);;;;310
20558;201500022797;15;9;4;2130;5;2;1;1;3;555;999, AV DES ETATS UNIS;;;;310
20559;201500022798;15;9;6;1206;1;2;1;1;2;555;27, BD MATABIAU;;;;310
20560;201500022799;15;9;7;815;1;1;1;1;2;555;23 RANGUEIL EMPALOT;M;4357540.0;144529.0;310
20561;201500022800;15;9;7;930;1;1;1;1;2;555;VA007518 A68;M;4364400.0;149810.0;310
20562;201500022801;15;9;8;800;1;1;1;1;3;555;VA007331 A620;;;;310
20563;201500022802;15;9;8;1015;1;1;1;1;3;555;24 EMPALOT  (PERIPH OUES;M;4357331.0;143810.0;310
20564;201500022803;15;9;7;930;1;2;1;1;6;555;7, BD DE STRASBOURG;;;;310
20565;201500022804;15;9;9;1020;1;2;1;1;3;555;999, ALL JEAN JAURES;;;;310
20566;201500022805;15;9;9;1403;1;2;1;1;6;555;AV LOUIS BAZERQUE;;;;310
20567;201500022806;15;9;8;10;5;2;1;1;3;555;999, PONT PIERRE DE COUB;;;;310
20568;201500022807;15;9;10;950;1;2;1;1;3;555;55, ETROITS (CHE DES) DU;;;;310
20569;201500022808;15;9;10;1719;1;1;1;1;4;555;VA008482 A624;;;;310
20570;201500022810;15;9;11;925;1;2;4;1;3;149;RN124;M;4360644.0;133679.0;310
20571;201500022811;15;9;12;1930;1;2;1;1;4;557;39, DOUMERGUE (RUE GASTO;M;4358418.0;134308.0;310
20572;201500022812;15;9;5;1900;1;2;1;1;3;555;999, RUE RECLUSANE;;;;310
20573;201500022813;15;9;15;30;5;2;1;1;7;555;999, RUE DE BOURRASSOL;;;;310
20574;201500022814;15;9;10;1740;1;2;1;1;4;555;980.3 PLAISANCE (ROCADE;;;;310
20575;201500022815;15;9;14;1845;1;2;3;1;2;557;LARRAMET (CH DE);M;4356052.0;135720.0;310
20576;201500022816;15;9;11;1115;1;1;1;1;2;555;VA007333LAFAOURETTE A620;M;4358300.0;140376.0;310
20577;201500022817;15;9;14;1939;1;2;1;1;6;555;186, AV DE GRANDE BRETAG;;;;310
20578;201500022819;15;9;15;1645;1;2;1;1;6;555;217, RTE DE NARBONNE;;;;310
20579;201500022820;15;9;15;1700;1;1;1;1;4;555;VA007473 A62;;;;310
20580;201500022821;15;9;16;915;1;1;1;1;5;555;VA007355 PURPAN A620 Sor;M;4360280.0;140001.0;310
20581;201500022822;15;9;16;1230;1;2;1;1;3;555;115, RTE DE NARBONNE;M;4356584.0;145925.0;310
20582;201500022823;15;9;18;714;2;2;1;1;2;555;28, BD D ARCOLE;;;;310
20583;201500022824;15;9;18;850;1;2;1;1;6;149;ORMEAU (CHEMIN DE L');M;4361500.0;132859.0;310
20584;201500022825;15;9;18;1150;1;2;1;1;3;555;30, AV HONORE SERRES;;;;310
20585;201500022826;15;9;19;2215;5;2;1;1;3;555;BD LAZARE CARNOT;;;;310
20586;201500022827;15;9;20;520;5;2;1;1;6;555;46, STRASBOURG (BD DE) D;;;;310
20587;201500022828;15;9;20;1855;1;2;1;1;3;555;105, BLAGNAC (ROUTE DE);;;;310
20588;201500022829;15;9;21;650;1;1;2;1;3;555;., AV D ATLANTA;;;;310
20589;201500022830;15;9;21;713;2;2;1;1;3;555;163, RUE LOUIS PLANA;;;;310
20590;201500022832;15;9;18;1930;1;2;1;1;3;149;RAMASSIERS(CHEMIN DES);M;4359992.0;135332.0;310
20591;201500022833;15;9;22;710;5;2;1;1;3;555;12, MURET (AV DE) DU 1AU;;;;310
20592;201500022834;15;9;22;1250;1;2;1;1;2;555;14, AV EDOUARD BELIN;;;;310
20593;201500022835;15;9;22;1300;1;2;1;1;3;555;999, AV DU GENERAL DE CR;;;;310
20594;201500022836;15;9;22;1840;1;2;1;1;3;555;67, ALBI (RTE D) DU 1AU;;;;310
20595;201500022837;15;9;22;2145;5;2;6;2;3;555;999, BOULINGRIN (ROND PO;;;;310
20596;201500022838;15;9;23;840;1;2;3;1;3;555;RUE DE CHAUSSAS;;;;310
20597;201500022840;15;9;22;825;1;1;1;2;2;555;VA007333LAFAOURETTE A620;M;4358280.0;140388.0;310
20598;201500022841;15;9;23;1750;1;1;1;1;3;555;23 RANGUEIL  (PERIPH OUE;M;4357560.0;144479.0;310
20599;201500022842;15;9;22;1215;1;2;9;1;3;69;29, BRASSENS (AV GEORGES;M;4364992.0;138076.0;310
20600;201500022844;15;9;24;815;1;1;1;1;3;555;VA008482 A624;M;4361150.0;138006.0;310
20601;201500022845;15;9;24;1550;1;2;1;1;6;555;., BD MATABIAU;;;;310
20602;201500022846;15;9;24;1750;1;2;6;1;7;69;CORNEBARRIEU (ROUTE DE);M;4364452.0;136279.0;310
20603;201500022847;15;9;24;1820;1;2;1;1;3;555;13, RUE ALAIN FOURNIER;;;;310
20604;201500022849;15;9;24;1920;2;2;1;1;3;555;243, RTE DE BAYONNE;;;;310
20605;201500022850;15;9;25;745;1;2;2;1;3;555;999, RTE DE REVEL;;;;310
20606;201500022851;15;9;25;720;1;1;1;1;4;555;N 124;M;4360900.0;136105.0;310
20607;201500022853;15;9;27;630;2;2;2;1;3;555;BD PIERRE PAUL RIQUET;;;;310
20608;201500022854;15;9;29;725;1;2;1;1;6;555;34, AV FRIZAC;;;;310
20609;201500022855;15;9;29;1805;1;2;6;1;6;149;FONTAINE LUMINEUSE;M;4360948.0;135154.0;310
20610;201500022856;15;9;30;1730;1;2;1;1;3;555;999, AV LOUIS BREGUET;;;;310
20611;201500022857;15;9;19;1030;1;2;1;1;6;555;164, RTE DE REVEL;;;;310
20612;201500022858;15;10;1;800;1;1;1;1;1;555;VA007473 A61;;;;310
20613;201500022859;15;10;1;830;1;2;1;1;3;555;343, AV DES ETATS UNIS;;;;310
20614;201500022860;15;10;1;1930;1;2;1;1;3;555;999, RUE DE LA REPUBLIQU;;;;310
20615;201500022861;15;10;2;715;1;2;1;1;6;555;999, ALL DES GRANDS CHEN;;;;310
20616;201500022862;15;10;2;750;1;2;1;1;3;555;999, BD DE SUISSE;;;;310
20617;201500022863;15;10;2;1155;1;2;1;1;6;555;22, MINIMES (AV DES) DU;;;;310
20618;201500022864;15;10;3;155;5;2;1;1;3;555;999, ALL CHARLES DE FITT;;;;310
20619;201500022865;15;10;4;610;5;2;1;1;3;555;999, RUE DU POLE;;;;310
20620;201500022866;15;10;4;1400;1;2;1;1;2;555;999, BD DE LA GARE;;;;310
20621;201500022867;15;10;2;1200;1;2;1;1;6;555;999, RUE DE L UKRAINE;;;;310
20622;201500022868;15;10;5;1030;1;2;1;1;3;555;116, ESPAGNE (RTE D) DU;;;;310
20623;201500022869;15;10;5;1745;1;2;1;1;3;555;999, Rd Pt Firmin Pons;;;;310
20624;201500022870;15;10;6;120;5;2;1;1;6;555;50, AV DE LAVAUR;;;;310
20625;201500022871;15;10;5;1850;1;2;6;1;6;557;MARQUISAT (AV DU);M;4357612.0;134763.0;310
20626;201500022872;15;10;6;1940;5;2;3;1;1;149;CALVET (BLD EMILE);M;4361265.0;133169.0;310
20627;201500022873;15;10;6;1210;1;2;3;1;3;149;MARCEL DASSAULT (BLD);M;4361017.0;134803.0;310
20628;201500022874;15;10;8;1650;1;2;1;1;3;149;7, SERRES (AVE EDOUARD);M;4361265.0;135247.0;310
20629;201500022876;15;10;8;1730;1;2;1;1;1;555;RUE THEODORE OZENNE;;;;310
20630;201500022878;15;10;10;1650;1;2;1;1;7;555;107, AV JEAN RIEUX;;;;310
20631;201500022879;15;10;10;1815;1;2;1;1;7;555;3, RUE MARIE LOUISE DISS;;;;310
20632;201500022880;15;10;11;555;5;2;1;1;3;555;55, BD DE SUISSE;;;;310
20633;201500022881;15;10;11;1135;1;1;1;1;2;555;VA007518 A68;;;;310
20634;201500022883;15;10;12;1305;1;2;1;1;3;555;999, ROND POINT LOUIS BR;;;;310
20635;201500022884;15;10;12;1240;1;2;1;1;5;149;COLLONGUES (RUE ETIENNE);M;4360445.0;133543.0;310
20636;201500022885;15;10;12;2215;5;2;1;1;6;555;999, BD LAZARE CARNOT;;;;310
20637;201500022886;15;10;13;930;1;2;1;2;6;555;24, BD GRIFFOUL DORVAL;;;;310
20638;201500022887;15;10;12;1720;1;2;1;1;2;555;999, BD LASCROSSES;;;;310
20639;201500022888;15;10;14;734;2;2;1;1;3;69;1, PINS (AV DES);M;4363672.0;138395.0;310
20640;201500022889;15;10;13;1350;1;2;1;2;3;555;999, RTE D ESPAGNE;;;;310
20641;201500022891;15;10;15;655;1;2;1;1;3;555;999, ALL DES DEMOISELLES;;;;310
20642;201500022892;15;10;14;1710;1;2;1;1;2;555;1, RUE JEAN MERMOZ;;;;310
20643;201500022895;15;10;16;2230;5;2;1;1;6;555;180, AV DE MURET;;;;310
20644;201500022896;15;10;17;1600;1;2;2;1;3;555;999, AV SALVADOR ALLENDE;;;;310
20645;201500022897;15;10;18;1220;1;2;1;1;2;555;139, ALBI (RTE D) DU 1AU;;;;310
20646;201500022898;15;10;19;730;2;2;1;1;6;555;66, AV JEAN RIEUX;;;;310
20647;201500022899;15;10;19;800;1;2;6;1;3;149;Rond Point fontaine lumi;M;4360859.0;133628.0;310
20648;201500022900;15;10;17;355;4;1;4;2;7;555;VA007379 BAYLAC ANCELY;M;4360578.0;139508.0;310
20649;201500022901;15;10;19;1100;1;2;2;1;6;555;999, ALL JEAN JAURES;;;;310
20650;201500022902;15;10;20;2150;5;2;1;1;3;555;15, BD SILVIO TRENTIN;;;;310
20651;201500022904;15;10;21;1255;1;2;2;1;6;555;999, ALL JEAN JAURES;;;;310
20652;201500022905;15;10;21;1500;1;1;1;1;4;555;VA007331 A620;;;;310
20653;201500022906;15;10;22;515;5;2;3;1;3;555;999, AV DE LYON;;;;310
20654;201500022909;15;10;23;1450;1;2;1;1;6;555;35, AV M BOURGES MAUNOUR;;;;310
20655;201500022910;15;10;23;1750;1;1;1;1;4;555;VA008482 A624;M;4361020.0;138548.0;310
20656;201500022911;15;10;23;1930;5;2;1;1;3;555;29BIS, AV M BOURGES MAUN;;;;310
20657;201500022912;15;10;27;1813;2;2;1;1;1;555;138, FRONTON (AV DE) DU;;;;310
20658;201500022913;15;10;27;2000;5;2;2;1;3;149;49, RUE GILET/CHRESTIAS;M;4361031.0;133956.0;310
20659;201500022914;15;10;28;1511;1;2;1;1;3;557;17, ST PIERRE (CH);M;4358368.0;133830.0;310
20660;201500022915;15;10;28;1100;1;1;1;2;2;555;VA007331 A620;;;;310
20661;201500022916;15;10;28;1450;1;1;1;1;2;555;VA007553 A61;;;;310
20662;201500022917;15;10;28;1410;1;2;1;1;6;555;11, VIALA (AV LEON) DU 2;;;;310
20663;201500022919;15;10;28;1700;1;1;1;1;4;555;980.3 PLAISANCE (ROCADE;;;;310
20664;201500022921;15;10;30;915;1;2;1;1;6;555;90, ESPAGNE (RTE D) DU 2;;;;310
20665;201500022922;15;10;30;1545;1;2;1;1;3;555;45, AV M BOURGES MAUNOUR;;;;310
20666;201500022923;15;11;1;910;1;2;1;1;6;555;RUE DU GEN JEAN COMPANS;;;;310
20667;201500022924;15;11;1;1433;1;2;1;1;6;69;6, GAINSBOURG (RUE SERGE;M;4364764.0;137270.0;310
20668;201500022925;15;11;1;2130;5;2;1;1;1;555;RUE DES SEPT TROUBADOURS;;;;310
20669;201500022926;15;11;2;720;2;2;1;1;3;555;164, RTE DE REVEL;;;;310
20670;201500022927;15;11;2;955;1;2;1;1;3;555;999, ALL DE GUYENNE;;;;310
20671;201500022928;15;11;2;1805;5;2;1;1;6;555;999, CHE COTES DE PECH D;;;;310
20672;201500022929;15;11;3;855;1;2;1;1;6;555;84, AV JEAN RIEUX;;;;310
20673;201500022930;15;11;3;1605;1;2;2;1;3;69;GRENADE (ROUTE DE);M;4363433.0;139130.0;310
20674;201500022931;15;11;3;1920;5;2;1;1;3;557;311, LARDENNE (AV DE);M;4358980.0;137175.0;310
20675;201500022932;15;11;4;1455;1;2;3;1;6;555;29, ALL FORAIN FRANCOIS;;;;310
20676;201500022933;15;11;4;1530;1;2;1;1;6;555;11, AV DE LA GLOIRE;;;;310
20677;201500022935;15;11;5;2200;5;2;1;1;3;555;BRUNAUD (AVENUE YVES);;;;310
20678;201500022936;15;11;6;1350;1;2;1;1;6;555;15, AV DU COLONEL ROCHE;;;;310
20679;201500022937;15;11;6;1435;1;2;1;1;6;555;60, CHAUBET (AV JEAN) DU;;;;310
20680;201500022938;15;11;6;1900;2;2;1;1;1;69;CORNEBARRIEU (ROUTE;M;4364440.0;136190.0;310
20681;201500022939;15;11;5;1400;1;2;3;1;3;149;COMMINGES (ALLEE DU);M;4360797.0;133368.0;310
20682;201500022940;15;11;7;1225;1;1;1;1;3;555;VA007331 A620;M;4358730.0;140096.0;310
20683;201500022941;15;11;7;1530;1;2;1;1;7;149;GARE (PLACE DE LA);M;4360378.0;133422.0;310
20684;201500022943;15;11;8;1755;5;2;1;1;3;555;999, AV JEAN CHAUBET;;;;310
20685;201500022945;15;11;10;755;1;1;1;1;3;433;VA007306 A64;;;;310
20686;201500022946;15;11;10;510;5;1;1;1;7;555;VA007331 A621;;;;310
20687;201500022947;15;11;10;852;1;1;1;1;4;555;VA007495 A62;;;;310
20688;201500022948;15;11;10;1300;1;1;1;1;6;555;VA007355 PURPAN A620;M;4360480.0;140339.0;310
20689;201500022949;15;11;10;1755;5;1;6;1;1;555;999, PRO HENRI MARTIN;;;;310
20690;201500022950;15;11;11;425;5;2;2;1;6;555;999, RUE VIGUERIE;;;;310
20691;201500022951;15;11;12;1820;5;2;1;1;3;555;999, RUE DE METZ;;;;310