;Num_Acc;an;mois;jour;hrmn;lum;agg;int;atm;col;com;adr;gps;lat;long;dep
20692;201500022952;15;11;12;710;2;2;3;1;3;555;999, AV ARTHUR HUC;;;;310
20693;201500022953;15;11;16;645;2;1;1;9;7;555;VA007331 A620;M;4357120.0;143430.0;310
20694;201500022954;15;11;16;1600;1;2;3;1;3;149;ROUERGUE (ALLEE DU);M;4360948.0;133000.0;310
20695;201500022955;15;11;17;1345;1;2;1;1;6;555;999, BD DE STRASBOURG;;;;310
20696;201500022957;15;11;19;1110;1;2;1;1;3;555;999, RTE D AGDE;;;;310
20697;201500022958;15;11;19;2345;5;2;1;1;2;555;63, BD DE STRASBOURG;;;;310
20698;201500022959;15;11;16;1225;1;1;1;1;4;555;VA007331 A620;M;4356840.0;141703.0;310
20699;201500022960;15;11;20;1241;1;1;1;1;4;555;VA007331 A620;M;4357465.0;143953.0;310
20700;201500022961;15;11;20;1500;1;1;1;1;2;555;VA007331 A620;M;4360970.0;141381.0;310
20701;201500022962;15;11;20;2100;5;2;1;1;2;555;66, FAUBOURG BONNEFOY (R;;;;310
20702;201500022963;15;11;22;635;5;2;1;1;1;555;115, ETROITS (CHE DES) D;;;;310
20703;201500022964;15;11;23;845;1;2;1;1;6;555;134, AV DE LESPINET;;;;310
20704;201500022965;15;11;23;910;1;1;1;1;4;555;VA007331 A620;M;4362784.0;142000.0;310
20705;201500022968;15;11;25;835;3;1;1;3;3;149;3 COLOMIERS EST N124;M;4360770.0;135219.0;310
20706;201500022969;15;11;23;853;1;2;1;1;3;69;VELASQUEZ (RUE);M;4362101.0;139055.0;310
20707;201500022970;15;11;25;1320;1;1;1;2;6;555;VA007456 SESQUIERES;M;4365080.0;142246.0;310
20708;201500022971;15;11;23;1530;1;1;1;1;2;555;A 620;M;4357960.0;140600.0;310
20709;201500022972;15;11;27;1136;1;2;1;1;6;555;90, AV YVES BRUNAUD;;;;310
20710;201500022973;15;11;26;2040;5;2;1;1;6;555;999, RUE D ALSACE LORRAI;;;;310
20711;201500022975;15;11;27;1830;5;2;1;1;2;555;D980;M;4360744.0;136916.0;310
20712;201500022976;15;11;28;120;5;2;1;2;6;555;43, METZ (RUE DE) DU 21A;;;;310
20713;201500022977;15;11;28;1110;1;1;1;1;3;555;ECHANGEUR BORDELONGUE;M;4356325.0;141805.0;310
20714;201500022978;15;11;29;1555;1;2;1;1;3;555;126, RTE D ESPAGNE;;;;310
20715;201500022979;15;11;26;1815;5;1;1;2;4;555;VA007553 A61;;;;310
20716;201500022980;15;11;30;920;1;2;1;1;1;555;1, EUROPE (AV DE L) DU 1;;;;310
20717;201500022981;15;11;30;1700;1;2;1;1;3;555;RUE DES CHAMOIS;;;;310
20718;201500022982;15;11;30;1420;1;2;1;1;2;557;122, TARBES (ROUTE DE);M;4358108.0;133543.0;310
20719;201500022983;15;12;1;1218;1;2;1;1;6;555;334, AV DES ETATS UNIS;;;;310
20720;201500022984;15;12;1;850;1;2;1;1;2;149;CORNEBARRIEU (ROUTE DE);M;4362424.0;133295.0;310
20721;201500022985;15;12;2;1255;1;2;1;1;2;149;8, NAUROUZE (ALLEE DE);M;4360911.0;134516.0;310
20722;201500022986;15;12;2;1550;1;2;1;7;4;149;3 COLOMIERS EST (A624);M;4360780.0;135247.0;310
20723;201500022987;15;12;2;1945;3;2;1;1;3;555;2, AV D ATLANTA;;;;310
20724;201500022988;15;12;2;1545;1;2;3;1;3;149;MITTERAND (ESPLANADE);M;4360607.0;133476.0;310
20725;201500022989;15;12;2;910;1;2;1;2;3;555;6, RUE LOUIS BONIN;;;;310
20726;201500022990;15;12;2;2005;5;2;2;1;6;555;999, BD DE LA GARE;;;;310
20727;201500022991;15;12;3;1715;3;2;1;1;3;555;286, RTE DE REVEL;;;;310
20728;201500022992;15;12;4;840;1;2;1;1;6;555;70, CHE DES IZARDS;;;;310
20729;201500022993;15;12;4;820;1;2;3;1;3;555;150, FAUBOURG BONNEFOY (;;;;310
20730;201500022994;15;12;3;1725;2;2;1;1;3;149;SERRES (AVENUE EDOUARD);M;4361226.0;135235.0;310
20731;201500022995;15;12;4;1300;1;1;1;1;4;555;VA007566 MONTAUDRAN A61;;;;310
20732;201500022996;15;12;4;1310;1;2;1;1;2;149;RN124;M;4360675.0;134966.0;310
20733;201500022997;15;12;4;1720;5;2;1;1;3;555;129, GLOIRE (AV DE LA) D;;;;310
20734;201500022998;15;12;4;1750;2;2;1;1;3;555;11, GRANDE RUE SAINT MIC;;;;310
20735;201500022999;15;12;5;2100;5;2;1;1;4;555;D980;M;4360270.0;136630.0;310
20736;201500023000;15;12;6;2030;5;2;1;1;2;555;139, CHE DE TOURNEFEUILL;;;;310
20737;201500023001;15;12;5;1840;2;2;1;1;3;555;353, SEYSSES (RTE DE) DU;;;;310
20738;201500023002;15;12;7;1415;1;2;1;1;3;555;999, CHE COTES DE PECH D;;;;310
20739;201500023003;15;12;8;800;1;2;1;1;3;555;59, RTE DE LABEGE;;;;310
20740;201500023004;15;12;8;1800;5;2;1;1;3;555;RIEUX (AV JEAN) DU 1AU 4;;;;310
20741;201500023006;15;12;8;1830;4;1;1;2;2;555;16 SOUPETARD (PERIPH EST;;;;310
20742;201500023007;15;12;9;1140;1;2;1;1;3;555;999, AV DE FRONTON;;;;310
20743;201500023008;15;12;9;1630;1;2;1;1;6;555;999, IMP DE LONDRES;;;;310
20744;201500023009;15;12;9;1930;5;2;1;1;6;555;5, ARCOLE (BD D) DU 1AU;;;;310
20745;201500023012;15;12;10;1300;1;2;1;1;7;555;38, MARQUETTE (BD DE LA);;;;310
20746;201500023013;15;12;8;1947;3;2;1;1;6;555;999, MIRAIL (AVENUE);;;;310
20747;201500023014;15;12;10;15;5;2;1;1;6;555;34, RUE DU PECH;;;;310
20748;201500023015;15;12;11;120;5;2;1;1;2;555;999, PL DU PARLEMENT;;;;310
20749;201500023016;15;12;11;900;1;2;3;1;6;555;161, RUE DU FERETRA;;;;310
20750;201500023017;15;12;12;2000;3;2;3;1;3;69;33, GRENADE (ROUTE DE);M;4362745.0;139228.0;310
20751;201500023018;15;12;12;2230;5;1;1;1;7;555;105, AV DU GENERAL EISEN;;;;310
20752;201500023019;15;12;13;545;5;2;1;5;7;555;999, AV DE L EUROPE;;;;310
20753;201500023021;15;12;15;1700;5;2;1;1;2;555;1, MIRAIL (AVENUE);;;;310
20754;201500023022;15;12;15;1745;5;2;1;1;3;555;999, AV ANTOINE DE ST EX;;;;310
20755;201500023023;15;12;17;825;1;1;1;1;3;555;VA007331 A620;M;4360040.0;139800.0;310
20756;201500023025;15;12;17;1750;5;2;1;1;1;555;CHE DE TOURNEFEUILLE;;;;310
20757;201500023026;15;12;16;1910;3;1;1;1;4;555;VA007553 A61;;;;310
20758;201500023027;15;12;18;1610;2;2;6;1;3;149;PASSAGE GEORGES BRASSENS;M;4359830.0;134608.0;310
20759;201500023028;15;12;19;1750;5;2;1;1;2;555;53, AV DE GRANDE BRETAGN;;;;310
20760;201500023029;15;12;21;1635;1;2;1;1;2;555;192, RTE DE LAUNAGUET;;;;310
20761;201500023030;15;12;21;1520;1;2;1;1;3;555;118, AV CAMILLE PUJOL;;;;310
20762;201500023031;15;12;21;1825;5;2;6;1;6;149;PIBRAC (ROUTE DE);M;4361327.0;130698.0;310
20763;201500023032;15;12;22;1155;1;2;1;1;4;555;VA007331 A620;M;4363710.0;142085.0;310
20764;201500023033;15;12;19;550;5;2;3;1;3;555;999, AV D ATLANTA;;;;310
20765;201500023034;15;12;21;1830;5;2;1;1;4;555;RD901;M;4361302.0;138678.0;310
20766;201500023035;15;12;23;2253;5;2;1;1;7;555;188, AV DE FRONTON;;;;310
20767;201500023036;15;12;21;1906;5;2;3;1;3;149;Rue Georges Sand;M;4365111.0;137435.0;310
20768;201500023037;15;12;24;1110;1;2;1;1;3;555;95, AV DES MINIMES;;;;310
20769;201500023038;15;12;25;2015;5;2;1;1;4;555;999, BOULINGRIN;;;;310
20770;201500023039;15;12;28;1435;1;2;1;1;6;555;7, GUYENNE (ALL DE) DU 2;;;;310
20771;201500023040;15;12;28;1410;1;1;1;1;4;555;999, BD DE LA MEDITERRAN;;;;310
20772;201500023041;15;12;30;803;1;2;3;1;3;555;999, RUE DU FAUBOURG BON;;;;310
20773;201500023042;15;2;26;1845;2;1;1;8;2;336;;M;4837588.0;402218.0;100
20774;201500023044;15;9;27;1445;1;2;2;1;3;66;rue du ladhof;M;4808705.0;736808.0;680
20775;201500023045;15;1;5;945;1;1;1;5;5;305;;M;0.0;0.0;710
20776;201500023046;15;3;2;2130;3;1;1;1;2;270;;M;0.0;0.0;710
20777;201500023048;15;5;1;1;3;1;1;2;4;481;;M;0.0;0.0;710
20778;201500023049;15;5;8;845;1;1;1;1;1;150;;M;0.0;0.0;710
20779;201500023051;15;7;3;1315;1;1;1;1;6;448;;M;0.0;0.0;710
20780;201500023052;15;7;17;1130;1;1;1;1;2;383;;M;0.0;0.0;710
20781;201500023053;15;7;20;45;3;1;1;1;2;105;;M;0.0;0.0;710
20782;201500023054;15;10;30;1745;3;1;1;1;6;150;;M;0.0;0.0;710
20783;201500023055;15;6;18;400;3;1;1;1;6;500;;M;4849300.0;590559.0;540
20784;201500023056;15;1;4;1815;3;1;1;1;5;107;;M;0.0;0.0;830
20785;201500023057;15;1;14;645;2;1;1;1;6;33;;M;0.0;0.0;830
20786;201500023058;15;1;20;1345;1;1;1;1;5;23;;M;0.0;0.0;830
20787;201500023059;15;2;1;245;3;1;1;1;6;4;;M;0.0;0.0;830
20788;201500023060;15;2;12;2115;3;1;1;1;5;31;;M;0.0;0.0;830
20789;201500023061;15;3;9;2100;3;1;1;1;4;73;;M;0.0;0.0;830
20790;201500023062;15;3;12;1545;1;1;1;1;6;100;;M;0.0;0.0;830
20791;201500023063;15;4;19;1930;1;1;1;8;2;61;;M;0.0;0.0;830
20792;201500023064;15;5;8;2145;3;1;1;1;6;4;;M;0.0;0.0;830
20793;201500023065;15;5;11;1545;1;1;1;1;6;100;;M;0.0;0.0;830
20794;201500023066;15;6;5;1230;1;1;1;1;2;107;;M;0.0;0.0;830
20795;201500023067;15;6;19;815;3;1;1;1;6;33;;M;0.0;0.0;830
20796;201500023069;15;7;2;1800;1;1;1;1;2;57;;M;0.0;0.0;830
20797;201500023070;15;7;30;2015;1;1;1;1;2;33;;M;0.0;0.0;830
20798;201500023071;15;8;5;1;3;1;1;1;2;49;;M;0.0;0.0;830
20799;201500023073;15;8;6;1300;1;1;1;1;6;26;;M;0.0;0.0;830
20800;201500023074;15;8;15;1730;1;1;1;1;2;86;;M;0.0;0.0;830
20801;201500023075;15;8;17;2015;1;1;1;1;3;23;;M;0.0;0.0;830
20802;201500023076;15;11;9;1530;1;1;1;1;2;107;;M;0.0;0.0;830
20803;201500023077;15;11;13;730;2;1;1;1;6;4;;M;0.0;0.0;830
20804;201500023078;15;2;8;1500;1;1;1;1;6;196;;M;4828764.0;125875.0;280
20805;201500023079;15;2;22;814;2;1;1;1;7;161;;M;4825574.0;112977.0;280
20806;201500023080;15;2;24;1545;1;1;1;4;3;219;;M;4823412.0;104271.0;280
20807;201500023081;15;3;18;1600;1;1;1;1;7;252;;M;4822701.0;98481.0;280
20808;201500023082;15;4;19;1415;1;1;1;1;7;18;;M;4820432.0;91880.0;280
20809;201500023083;15;5;8;1015;1;1;1;1;6;104;;M;4847473.0;161267.0;280
20810;201500023084;15;5;17;1715;1;1;1;1;7;388;;M;4827023.0;115963.0;280
20811;201500023085;15;7;11;1445;1;1;1;1;6;139;;M;4831930.0;134295.0;280
20812;201500023086;15;7;24;1045;1;1;1;1;6;173;;M;4846422.0;156487.0;280
20813;201500023087;15;7;29;1;3;1;1;2;6;80;;M;0.0;0.0;280
20814;201500023088;15;9;19;1715;1;1;1;1;1;139;;M;4831518.0;132415.0;280
20815;201500023089;15;9;26;845;1;1;1;1;1;161;;M;4826252.0;114178.0;280
20816;201500023090;15;10;13;815;1;1;1;1;6;398;;M;4823816.0;106180.0;280
20817;201500023091;15;12;19;830;1;1;1;1;6;141;;M;4833106.0;138656.0;280
20818;201500023092;15;10;6;1300;1;1;1;1;1;137;BT ECHANGEUR;M;4811632.0;219571.0;450
20819;201500023093;15;3;16;545;3;1;1;5;1;22;;M;4703967.0;-112695.0;440
20820;201500023094;15;9;24;2015;3;2;1;1;5;78;Avenue de la 1èere DFL;M;0.0;0.0;130
20821;201500023095;15;12;22;1430;1;2;1;1;6;78;quai de la liberation;M;0.0;0.0;130
20822;201500023096;15;2;9;2100;3;1;1;1;4;484;AUTOROUTE A4;M;0.0;0.0;770
20823;201500023097;15;3;8;2045;3;1;1;1;2;415;A4;M;4892600.0;302200.0;770
20824;201500023098;15;10;1;1530;1;1;1;1;6;141;A4;M;0.0;0.0;770
20825;201500023099;15;10;2;1515;1;1;1;1;6;157;;M;0.0;0.0;770
20826;201500023100;15;12;1;1815;3;1;1;1;2;128;;M;0.0;0.0;770
20827;201500023101;15;1;1;1830;3;1;1;5;1;222;;M;0.0;0.0;810
20828;201500023103;15;5;24;400;5;2;1;1;6;297;13 rue Jean Thomas;M;4392400.0;208400.0;810
20829;201500023104;15;1;29;15;3;1;1;2;1;36;;M;0.0;0.0;810
20830;201500023106;15;5;18;1345;1;1;1;1;3;5;;M;0.0;0.0;810
20831;201500023107;15;8;12;630;2;2;1;1;6;121;grand rue;M;0.0;0.0;810
20832;201500023109;15;10;17;1330;1;1;1;1;1;36;;M;0.0;0.0;810
20833;201500023110;15;3;19;850;1;2;1;1;2;13;80 RTE DE PESSAN;M;4363830.0;60106.0;320
20834;201500023111;15;3;25;1610;1;2;1;1;6;13;60, PYRENEES (AVENUE DES;M;4363450.0;58296.0;320
20835;201500023112;15;3;31;1525;1;1;1;8;6;13;ROCADE (RN 124 EST);M;4366180.0;64636.0;320
20836;201500023113;15;4;7;1645;1;2;1;1;6;13;05, SAMBRE ET MEUSE (AVE;M;4364930.0;59760.0;320
20837;201500023114;15;4;27;2145;5;2;2;1;1;13;JEANNE D'ALBRET;M;4363470.0;59594.0;320
20838;201500023115;15;7;2;2115;2;2;1;1;6;13;JEANNE D'ALBRET;M;4363490.0;59598.0;320
20839;201500023116;15;7;10;1830;1;2;3;1;3;13;PIERRE DE MONTESQUIOU (A;M;4363360.0;58828.0;320
20840;201500023117;15;7;13;1830;1;2;1;1;6;13;BOUBEE;M;4363690.0;59563.0;320
20841;201500023118;15;6;11;2340;5;2;3;8;1;13;DOCTEUR SAMALENS;M;4364840.0;58107.0;320
20842;201500023119;15;7;21;1715;1;2;1;1;6;13;LISSAGARAY (QUAI);M;4364860.0;59030.0;320
20843;201500023120;15;8;16;1600;1;1;1;1;1;13;ROCADE (RN 124 EST);M;4366080.0;62874.0;320
20844;201500023121;15;7;30;1700;1;2;1;1;4;13;ROUGET DE LISLE;M;4364570.0;59127.0;320
20845;201500023122;15;9;2;1920;1;1;3;1;3;13;BARRAN (ROUTE DE);M;4364320.0;52713.0;320
20846;201500023123;15;9;8;830;1;1;1;7;1;13;HAGET (RUE);M;4365390.0;60432.0;320
20847;201500023124;15;9;19;945;1;2;6;1;3;13;VERDUN (PLACE DE);M;4364820.0;59277.0;320
20848;201500023125;15;10;9;1000;1;2;6;7;3;13;TOULOUSE (ROUTE DE);M;4365390.0;61182.0;320
20849;201500023126;15;9;19;1805;1;2;1;1;3;13;86, PREMIERE ARMEE FRANC;M;4365010.0;59952.0;320
20850;201500023127;15;8;27;1715;1;2;1;7;6;13;1, SADI-CARNOT (BOULEVAR;M;4364900.0;58942.0;320
20851;201500023129;15;9;20;1615;1;2;3;1;6;13;62, PIERRE DE MONTESQUIO;M;4363360.0;58829.0;320
20852;201500023130;15;9;25;1215;1;2;6;1;3;13;JEANNE D'ALBRET;M;4363310.0;58931.0;320
20853;201500023131;15;1;3;835;1;1;1;9;7;117;ROCADE (RN 124 OUEST);M;4366410.0;55592.0;320
20854;201500023132;15;11;2;1950;5;2;1;1;6;13;RUE GAMBETTA;M;4364710.0;58413.0;320
20855;201500023133;15;11;4;1355;1;2;1;1;6;13;PRIEURE (PONT DU);M;4364750.0;58869.0;320
20856;201500023134;15;11;17;1300;1;2;6;1;3;13;PESSAN (ROUTE DE);M;4364080.0;59615.0;320
20857;201500023135;15;11;25;1525;1;2;2;3;3;13;PAUL VALERY;M;4366500.0;59231.0;320
20858;201500023136;15;11;25;1955;5;2;1;8;3;13;45, SADI-CARNOT (BOULEVA;M;4364470.0;58743.0;320
20859;201500023137;15;11;27;1750;5;2;1;8;7;13;SADI-CARNOT (BOULEVARD);M;4364490.0;58755.0;320
20860;201500023138;15;1;18;600;3;1;1;1;6;13;ARRIOUETS (CHEMIN DES);M;4366580.0;58686.0;320
20861;201500023139;15;1;20;1255;1;1;1;8;6;13;PESSAN (ROUTE DE);M;4362970.0;62231.0;320
20862;201500023140;15;2;27;1915;5;2;3;1;3;13;SAMBRE ET MEUSE (AVENUE);M;4364700.0;59750.0;320
20863;201500023141;15;3;11;1200;1;2;1;1;6;13;2X, PIERRE MENDES FRANCE;M;4364700.0;59611.0;320
20864;201500023142;15;3;15;1530;1;2;1;1;6;177;21 AV du G. DE GAULLE;M;4881184.0;671858.0;570
20865;201500023144;15;5;30;2130;3;1;1;1;6;723;;M;4893300.0;676700.0;570
20866;201500023145;15;9;30;1815;1;1;1;7;7;469;GN 48.871 6.954;M;0.0;0.0;570
20867;201500023146;15;1;28;2100;3;1;1;3;6;171;;M;4728085.0;512565.0;210
20868;201500023148;15;3;15;1545;1;1;1;1;6;483;;M;4746338.0;518034.0;210
20869;201500023149;15;4;23;1915;1;1;1;1;1;106;;M;4724443.0;509741.0;210
20870;201500023150;15;4;25;1230;1;1;1;2;6;371;;M;4717252.0;534822.0;210
20871;201500023151;15;5;16;1915;1;1;1;1;6;268;;M;4713576.0;537706.0;210
20872;201500023152;15;5;26;400;3;1;1;1;5;638;;M;4753015.0;519910.0;210
20873;201500023153;15;7;3;1700;1;1;1;1;7;572;;M;4711990.0;539186.0;210
20874;201500023154;15;3;12;1045;1;1;1;1;6;541;;M;4952376.0;96621.0;760
20875;201500023155;15;7;20;1830;1;1;1;7;2;10;;M;4964456.0;97211.0;760
20876;201500023156;15;9;7;830;1;1;2;1;3;454;;M;0.0;0.0;310
20877;201500023157;15;11;28;1630;1;2;6;1;6;547;rue Marie-Curie;M;4349348.0;131302.0;310
20878;201500023158;15;11;20;2100;5;2;1;1;1;113;rue jean ingres;M;4352041.0;149793.0;310
20879;201500023159;15;12;20;1630;3;1;1;1;4;294;;M;4600700.0;410799.0;420
20880;201500023160;15;5;10;1930;1;2;1;1;1;410;chemin de labastidole;M;4370554.0;145881.0;310
20881;201500023161;15;10;25;30;3;2;1;1;6;624;287 rue d'Arques;M;4988094.0;121833.0;760
20882;201500023162;15;12;6;1145;1;1;1;1;2;81;;M;4995574.0;119477.0;760
20883;201500023163;15;1;11;1515;1;1;1;1;7;234;;M;4755400.0;112300.0;410
20884;201500023164;15;1;18;1700;1;2;1;1;5;55;45 RUE GRANDE;M;4752900.0;124900.0;410
20885;201500023165;15;3;16;1330;1;1;1;1;3;35;;M;4773100.0;127200.0;410
20886;201500023169;15;4;24;1700;1;2;1;1;1;167;12 route de chambon;M;4750500.0;119300.0;410
20887;201500023171;15;6;3;1730;1;1;4;1;3;142;;M;4757900.0;123200.0;410
20888;201500023172;15;7;3;1830;1;1;1;1;1;234;;M;4757135.0;112245.0;410
20889;201500023173;15;7;23;1215;1;1;1;1;3;91;;M;4763859.0;128113.0;410
20890;201500023175;15;8;1;630;1;1;1;1;1;55;;M;4751712.0;124997.0;410
20891;201500023176;15;8;11;1945;1;1;1;1;6;55;;M;4750068.0;123625.0;410
20892;201500023177;15;8;20;1945;1;1;1;1;7;167;;M;4752459.0;119223.0;410
20893;201500023178;15;8;23;130;3;1;1;1;7;167;;M;4752505.0;119218.0;410
20894;201500023179;15;9;20;1930;2;2;1;1;7;230;rue des ecoles;M;4760559.0;127081.0;410
20895;201500023180;15;12;8;930;1;1;1;1;7;29;;M;4753061.0;127404.0;410
20896;201500023181;15;4;5;1245;1;2;3;1;6;9;R Roger Expert;M;4466302.0;-116978.0;330
20897;201500023182;15;4;11;1205;1;1;2;1;1;529;R ETIENNE TURPIN;M;4461772.0;-111469.0;330
20898;201500023183;15;4;27;1515;1;1;3;1;6;529;785, CAZAUX (BD DE);M;4459798.0;-113011.0;330
20899;201500023184;15;4;23;1520;1;2;6;1;6;9;RD 1250 (camicas-grand);M;4465359.0;-115909.0;330
20900;201500023185;15;4;30;1825;1;1;1;1;1;529;118, Av Charles de Gaull;M;4463728.0;-112626.0;330
20901;201500023186;15;5;20;1210;1;2;2;1;3;9;., SEMIRAMIS (ALL.);M;4465560.0;-116899.0;330
20902;201500023187;15;5;14;1705;1;2;3;1;2;529;Allée André Lafont;M;4454157.0;-115123.0;330
20903;201500023189;15;6;2;805;1;2;1;1;2;9;21, DOUSSY (RUE EMILE);M;4465238.0;-115378.0;330
20904;201500023190;15;5;23;1730;1;2;1;1;3;529;47, LECLERC (AVE DU GAL);M;4464351.0;-115454.0;330
20905;201500023191;15;6;8;1210;1;2;1;1;6;529;61, SAINT-EXUPERY (AVE);M;4461807.0;-113868.0;330
20906;201500023192;15;6;20;1030;1;2;1;1;6;529;1, COUTOUM (RUE DU);M;4462618.0;-113919.0;330
20907;201500023193;15;6;23;855;1;2;1;1;6;529;2 A, BISSERIE (AVE DE);M;4462649.0;-114127.0;330
20908;201500023194;15;6;23;1630;1;1;1;1;6;529;RN 250 (OUSTALET);M;4461833.0;-112555.0;330
20909;201500023195;15;7;12;1500;1;2;1;1;6;9;226, Bd COTE D'ARGENT;M;4464173.0;-120163.0;330
20910;201500023197;15;7;18;810;1;2;6;1;6;529;RdPt CABANES TCHANQUEES;M;4462673.0;114158.0;330
20911;201500023198;15;7;23;1700;1;2;2;1;6;9;Cr LAMARQUE PLAISANCE;M;4466141.0;-117436.0;330
20912;201500023200;15;8;2;1910;1;1;1;1;1;529;RD 1250;M;4463836.0;-115589.0;330
20913;201500023201;15;8;6;1720;1;2;1;1;6;529;155, OCEAN (BD DE L');M;4462442.0;-120201.0;330
20914;201500023202;15;8;15;1755;1;2;1;1;6;529;35, PORT (RUE DU);M;4463612.0;-114456.0;330
20915;201500023203;15;8;18;1830;1;2;6;1;3;9;82, DEGANNE (BD) DU 34 E;M;4465772.0;-115857.0;330
20916;201500023204;15;8;5;1720;1;1;1;1;6;529;BISCAROSSE (AVE) DUNE;M;4455267.0;-123746.0;330
20917;201500023205;15;8;22;1220;1;2;1;1;6;9;14, LECLERC (BD DU MAL);M;4465872.0;-116300.0;330
20918;201500023206;15;8;21;1220;1;2;1;1;6;9;169 Bis, COTE D'ARGENT (;M;4464713.0;119244.0;330
20919;201500023207;15;8;24;1250;1;2;6;3;2;529;., INDUSTRIE (BD DE L');M;4461569.0;-112668.0;330
20920;201500023208;15;9;4;1610;1;2;2;1;5;9;., DESBIEY (CRS) - N°02;M;4465660.0;-116022.0;330
20921;201500023209;15;9;15;1200;1;2;1;1;4;529;., LAGRUA (CH.);M;4463824.0;-115382.0;330
20922;201500023212;15;10;13;1345;1;2;1;1;6;9;2 Bis, BERDOULAT (AVE GA;M;4465575.0;-115488.0;330
20923;201500023213;15;10;19;1650;1;2;1;1;6;9;26, PINNEBERG (RUE LUCIE;M;4466092.0;-117020.0;330
20924;201500023214;15;10;23;205;3;1;1;1;7;529;., PISTE 214;M;4457505.0;-120357.0;330
20925;201500023215;15;10;21;1845;1;2;6;1;3;529;., GRAILLY (RUE JEAN DE);M;4462672.0;-114415.0;330
20926;201500023217;15;11;2;930;1;2;2;1;3;529;R, JEAN DE GRAILLY;M;4462932.0;-114141.0;330
20927;201500023218;15;11;21;1800;3;1;1;3;1;529;RD 1250 (CAMICAS-OUST;M;4464027.0;-115643.0;330
20928;201500023219;15;11;25;1700;1;1;1;2;1;529;RN 250;M;4461724.0;-111407.0;330
20929;201500023220;15;12;4;750;2;2;6;1;3;529;gira D112 - rue Grailly;M;4462671.0;-114153.0;330
20930;201500023221;15;12;5;230;5;2;1;1;6;9;49, GAUTIER (AVE THEOPHI;M;4464609.0;-119268.0;330
20931;201500023222;15;12;17;2030;5;2;2;1;6;9;R.de Joigny-Av.StArnaud;M;4466084.0;-118693.0;330
20932;201500023223;15;12;24;955;1;2;1;1;1;529;39, CHEMIN DES DAMES (RU;M;4463606.0;-114985.0;330
20933;201500023224;15;1;28;1405;1;2;1;2;6;529;., JUIN (SQ. DU 18);M;4463601.0;-114341.0;330
20934;201500023225;15;3;11;400;5;2;1;1;6;529;66, R LAGRUA;M;4464221.0;-115654.0;330
20935;201500023226;15;3;15;1550;1;1;2;1;3;529;R JEAN DE GRAILLY;M;4462670.0;-114154.0;330
20936;201500023227;15;3;15;1230;1;2;1;1;6;529;3, R DES FUSILLES;;;;330
20937;201500023228;15;3;29;1245;1;1;1;2;7;238;SORTIE TUNNEL DES TINES;M;4624200.0;665200.0;740
20938;201500023229;15;3;24;745;1;2;1;1;3;188;90 ROUTE DE MORZINE;M;0.0;0.0;740
20939;201500023230;15;6;19;1300;1;1;1;1;1;295;;M;4631800.0;661100.0;740
20940;201500023231;15;9;24;1730;1;1;1;1;1;30;;M;4629300.0;661500.0;740
20941;201500023232;15;3;16;737;1;2;3;1;3;318;RUE THEODORE BOTREL;M;4479825.0;-67583.0;330
20942;201500023233;15;3;17;2020;5;2;6;1;6;318;AVE DES PROVINCES;M;4479460.0;-68232.0;330
20943;201500023234;15;12;28;1215;1;2;2;1;3;75;RUE JULES LADOUMEGUE;M;4488230.0;-62104.0;330
20944;201500023235;15;3;17;1245;1;2;2;1;3;63;ML LAT TASSIGNY/SOUBIRAS;M;4485700.0;-61992.0;330
20945;201500023236;15;3;19;2010;5;2;3;1;6;63;PCE DE STALINGRAD;M;4484020.0;-56065.0;330
20946;201500023237;15;3;19;1105;1;2;3;1;6;63;24, RUE MARECHAL JOFFRE;M;4483597.0;-57853.0;330
20947;201500023238;15;3;24;1635;1;2;1;2;6;318;2, PENARD (AVE DU DOCTEU;M;4481086.0;-62042.0;330
20948;201500023240;15;12;30;1820;5;2;3;1;1;69;AVE DE TIVOLI;M;4486660.0;-59582.0;330
20949;201500023241;15;3;18;220;5;1;1;1;6;63;BD JOLIOT-CURIE;M;4485080.0;-53792.0;330
20950;201500023242;15;3;16;2210;5;2;3;1;6;119;22 R.CASSAGNE/AV.L.BLUM;M;4486450.0;-51378.0;330
20951;201500023243;15;3;21;1205;1;2;2;1;3;63;RUE DE BEGLES;M;4482116.0;-56581.0;330
20952;201500023245;15;3;21;10;5;2;3;1;3;63;BD PDT WILSON/U.GAYON;M;4485320.0;-59384.0;330
20953;201500023246;15;3;18;1100;1;2;1;1;2;281;484, AVE DE VERDUN;M;4484140.0;-64497.0;330
20954;201500023247;15;3;23;755;1;2;1;1;3;63;10, CRS BARBEY;M;4482830.0;-56223.0;330
20955;201500023248;15;3;24;1135;1;2;2;1;6;63;CRS DE LA MARNE;M;4482816.0;-56077.0;330
20956;201500023249;15;3;22;1640;1;2;3;1;6;550;R VINCENT AURIOL;M;4476190.0;-58196.0;330
20957;201500023250;15;1;1;225;5;2;1;1;6;63;BD FRERES MOGA;M;4482830.0;-55028.0;330
20958;201500023251;15;3;22;1915;1;2;6;1;3;200;ROUTE DE LACANAU D 1215;M;4489120.0;-67118.0;330