;Num_Acc;an;mois;jour;hrmn;lum;agg;int;atm;col;com;adr;gps;lat;long;dep
20959;201500023252;15;3;21;1956;5;2;1;3;2;119;38, AVE HUBERT DUBEDOUT;M;4484700.0;-51093.0;330
20960;201500023253;15;3;27;815;1;2;3;1;6;318;AVE DE CANEJAN;M;4479050.0;-65048.0;330
20961;201500023254;15;3;26;1700;1;2;3;2;6;63;57, HUGO (CRS VICTOR);M;4483550.0;-56908.0;330
20962;201500023256;15;3;29;2155;5;2;1;1;2;318;HT LEVEQUE ENTR. HOPITAL;M;4479680.0;-66170.0;330
20963;201500023257;15;12;21;2315;5;2;2;1;3;75;AVE DU MEDOC;M;4488020.0;-62764.0;330
20964;201500023259;15;3;20;2200;5;2;2;1;6;39;50,F.BUISSON/BARBEDEGAT;M;4480190.0;-55797.0;330
20965;201500023260;15;3;20;940;1;2;3;1;3;69;44, RUE PAUL BERT;M;4486490.0;-60382.0;330
20966;201500023261;15;3;24;1920;5;2;2;1;2;63;LOUIS XVIII (QUAI );M;4484490.0;-57098.0;330
20967;201500023262;15;3;19;1745;1;2;1;1;3;522;ALL PIERRE DE COUBERTIN;M;4480041.0;-60566.0;330
20968;201500023263;15;3;27;730;1;2;2;1;6;63;RUE DE SEGUR;M;4482470.0;-58496.0;330
20969;201500023264;15;3;28;1830;1;2;1;2;2;63;14, BD GEORGE V;M;4482710.0;-59186.0;330
20970;201500023265;15;12;27;9;5;2;2;1;2;522;AVE MAL DE LATTRE DE TAS;M;4481231.0;-58763.0;330
20971;201500023266;15;3;28;2030;4;2;2;2;5;281;385, AVE DE VERDUN;M;4484019.0;-63977.0;330
20972;201500023267;15;3;27;1730;1;2;1;2;2;63;165 FACE 170 BD GEORGE V;M;4482200.0;-58418.0;330
20973;201500023268;15;3;27;830;1;2;3;1;3;63;41, RUE ULYSSE GAYON;M;4485240.0;-59240.0;330
20974;201500023269;15;3;27;1915;5;2;2;2;3;63;AVE DE LA GARE CAUD;M;4484511.0;-62850.0;330
20975;201500023270;15;3;24;925;1;2;3;1;3;39;RUE DE LA BELLE ROSE;M;4481133.0;-54986.0;330
20976;201500023272;15;3;21;1530;1;2;1;2;6;522;AVE ROUL -ACCES AU BUS-;M;4480670.0;-59249.0;330
20977;201500023273;15;3;25;810;1;2;2;1;6;281;AVE FRANCOIS MITTERRAND;M;4482650.0;-61934.0;330
20978;201500023275;15;3;25;750;1;2;6;1;3;281;AVE DE L'YSER;M;4484110.0;-65365.0;330
20979;201500023276;15;3;25;1245;1;2;2;1;5;75;RUE DE LA TOUR DE GASSIE;M;4488190.0;-62090.0;330
20980;201500023277;15;3;31;1040;1;2;2;2;3;63;R.GODARD/R.VELODROME;M;4485530.0;-60926.0;330
20981;201500023278;15;3;24;1800;1;2;1;8;2;281;PARKING 86 AV BON AIR;M;4481900.0;-65013.0;330
20982;201500023279;15;4;1;2215;5;2;1;1;6;63;50 RUE STE CATHERINE;M;4483990.0;-57418.0;330
20983;201500023280;15;4;1;2030;5;2;3;1;6;63;66, CRS DE LA SOMME;M;4482816.0;-57236.0;330
20984;201500023281;15;4;1;1300;1;2;3;1;5;63;CRS D'ALBRET;M;4483716.0;-58117.0;330
20985;201500023282;15;3;28;945;1;2;6;2;1;318;VLA VENANT RUE ARCHIMEDE;M;4478580.0;-64369.0;330
20986;201500023283;15;3;30;824;1;2;6;2;3;522;R.PEYDAVANT/MONTESQUIEU;M;4480350.0;-58665.0;330
20987;201500023284;15;4;2;1210;1;2;3;1;6;63;CRS DE LA MARNE;M;4482930.0;-56580.0;330
20988;201500023285;15;4;2;1620;1;2;1;1;6;63;BD PIERRE1ER=>RAVESIES;M;4486530.0;-57730.0;330
20989;201500023286;15;4;4;130;5;2;2;2;3;63;PCE BIR HAKEIM;M;4483630.0;-56606.0;330
20990;201500023287;15;4;1;1835;1;2;3;1;2;249;R.M.MONTAIGNE/R.DIDEROT;M;4487220.0;-51614.0;330
20991;201500023288;15;4;2;715;2;2;1;1;4;13;RN 89;M;4486780.0;-49281.0;330
20992;201500023290;15;4;3;2020;5;2;3;2;3;63;29, RUE NOTRE DAME;M;4485047.0;-57203.0;330
20993;201500023291;15;4;3;2110;5;2;2;2;3;63;175, CRS DE L'YSER;M;4482330.0;-57072.0;330
20994;201500023293;15;4;2;1125;1;2;1;1;5;63;319, RUE PASTEUR CAUD;M;4484720.0;-62199.0;330
20995;201500023294;15;4;4;1210;1;2;1;2;6;63;5/7, PCE DE STALINGRAD;M;4483983.0;-55956.0;330
20996;201500023295;15;4;3;1630;1;2;6;1;2;32;AVE LAMARTINE;M;4490550.0;-51720.0;330
20997;201500023296;15;4;4;1300;1;2;1;1;6;167;7, RUE DES ROSEAUX;M;4483166.0;-53394.0;330
20998;201500023297;15;4;7;920;1;2;1;1;2;63;25, RUE ESPRIT-DES-LOIS;M;4484305.0;-57342.0;330
20999;201500023298;15;4;7;2125;5;2;3;1;6;63;30, RUE PEYRONNET;M;4482920.0;-56013.0;330
21000;201500023299;15;4;3;725;2;1;1;1;2;65;S/Pont ENJMBNT ROC ECH22;M;4481170.0;-52195.0;330
21001;201500023300;15;4;7;1630;1;2;1;1;2;63;264, RUE PELLEPORT;M;4482010.0;-56986.0;330
21002;201500023301;15;4;9;1023;1;2;2;1;2;63;LOUIS (CRS SAINT);M;4485836.0;-56978.0;330
21003;201500023302;15;4;9;1350;1;2;3;1;6;63;AV J.D'ARC/DOMREMY;M;4482530.0;-59281.0;330
21004;201500023303;15;4;9;1200;1;2;1;1;6;63;30/32, AVE THIERS;M;4484170.0;-55771.0;330
21005;201500023304;15;4;13;855;1;2;2;1;3;63;58, RUE DE BELFORT;M;4483470.0;-58217.0;330
21006;201500023305;15;4;11;1834;1;2;2;1;3;63;RUE ROGER ALLO;M;4484416.0;-58889.0;330
21007;201500023307;15;4;10;2110;2;2;5;1;3;63;RUE CHEVALIER;M;4484208.0;-59417.0;330
21008;201500023308;15;4;10;1210;1;2;3;1;4;63;RUE ROBERT SCHUMAN;M;4485880.0;-58309.0;330
21009;201500023309;15;4;3;1715;1;2;1;1;3;69;RUE DES ECUS;M;4486947.0;-60719.0;330
21010;201500023310;15;4;2;1700;1;2;3;1;6;192;CRS DU GENERAL DE GAULLE;M;4477566.0;-61142.0;330
21011;201500023311;15;4;11;2147;5;2;1;1;6;63;46, QUAI RICHELIEU;M;4483758.0;-56703.0;330
21012;201500023312;15;4;11;2310;3;2;1;1;6;63;RUE JOSEPH FAURE;M;4484002.0;-55092.0;330
21013;201500023313;15;4;3;730;1;2;3;1;3;162;AVE DE L'HIPPODROME;M;4486544.0;-63839.0;330
21014;201500023315;15;4;6;1650;1;2;6;1;3;318;AVE DE MAGELLAN;M;4478640.0;-66471.0;330
21015;201500023316;15;4;7;1925;1;2;1;1;3;281;06, RUE DU LIVEAU;M;4484780.0;-63984.0;330
21016;201500023317;15;4;8;832;1;2;1;1;3;522;283,LIBERATION-STATFORUM;M;4481190.0;-59107.0;330
21017;201500023319;15;4;8;1729;1;2;6;1;4;63;40 JOURNAUX/TOBEEN;M;4487750.0;-56901.0;330
21018;201500023320;15;4;13;1145;1;2;1;1;3;281;105, AV FRERES ROBINSON;M;4485590.0;-65485.0;330
21019;201500023322;15;4;9;820;1;2;6;1;6;318;184, AVE DU HAUT LEVEQUE;M;4478320.0;-65255.0;330
21020;201500023323;15;4;13;1130;1;2;1;1;3;63;39 CRS MARECHAL GALLIENI;M;4482440.0;-59108.0;330
21021;201500023324;15;4;8;840;1;2;3;1;3;281;166,LIBERATION/L.COULLET;M;4485980.0;-64294.0;330
21022;201500023325;15;4;8;835;1;1;3;1;3;13;AVE DE L'EGLISE ROMANE;M;4486016.0;-49797.0;330
21023;201500023326;15;4;9;755;1;1;1;1;2;13;ROUTE NATIONALE 89;M;4486730.0;-47539.0;330
21024;201500023327;15;1;2;340;5;2;4;1;7;75;FIEUSAL/ROCADE NORD;M;4488820.0;-59964.0;330
21025;201500023328;15;4;15;815;1;2;2;1;3;63;BD J.J.BOSC/L.JOUHAUX;M;4481570.0;-55125.0;330
21026;201500023329;15;4;15;1420;1;2;2;1;6;63;CRS BALGUERIE STUTTENBER;M;4485686.0;-56894.0;330
21027;201500023330;15;4;14;1445;1;2;2;1;3;281;AV MAGUDAS/ROC OUEST;M;4485740.0;-66018.0;330
21028;201500023331;15;4;14;1540;1;2;3;1;3;63;CRS D'ALBRET;M;4483230.0;-57941.0;330
21029;201500023332;15;4;16;1420;1;2;1;1;3;63;145 BD GODARD;M;4486280.0;-58365.0;330
21030;201500023333;15;4;15;945;1;2;2;1;3;550;AVE GEORGES CLEMENCEAU;M;4478169.0;-56589.0;330
21031;201500023334;15;4;18;1900;1;2;1;3;3;63;24 CRS DE VERDUN;M;4484630.0;-57718.0;330
21032;201500023335;15;4;18;105;5;2;3;1;3;63;Q. PALUDATE/ C.THOMAS;M;4482560.0;-54724.0;330
21033;201500023336;15;4;16;915;1;2;3;1;1;63;CRS BALGUERIE STUTTENBER;M;4485910.0;-56574.0;330
21034;201500023337;15;4;18;910;1;2;2;1;1;550;599, TOULOUSE (RTE DE);M;4478170.0;-56605.0;330
21035;201500023338;15;4;5;400;5;2;6;1;6;318;91AV PASTEUR/LAROUILLAT;M;4480300.0;-63866.0;330
21036;201500023339;15;4;11;1045;1;2;4;1;5;13;RN 89;M;4486860.0;-50295.0;330
21037;201500023340;15;4;14;1930;1;2;3;1;2;249;AVE DE PARIS;M;4488120.0;-51032.0;330
21038;201500023341;15;4;16;850;1;2;1;1;6;69;253, AV LIBERATION;M;4486510.0;-60477.0;330
21039;201500023342;15;4;20;1540;1;2;1;1;2;63;173, BD PDT WILSON;M;4484460.0;-59913.0;330
21040;201500023345;15;4;17;1445;1;2;1;1;3;63;10, RUE DE CAUDERAN;M;4484550.0;-59408.0;330
21041;201500023346;15;4;18;2100;2;2;2;3;3;63;123 CRS ARGONNE/BRIAN;M;4482750.0;-57584.0;330
21042;201500023347;15;4;19;615;5;2;2;2;6;63;98, RUE MALBEC;M;4482470.0;-56386.0;330
21043;201500023348;15;4;25;2140;5;2;2;1;1;63;R.C.GODARD/R.CONDORCET;M;4485500.0;-57749.0;330
21044;201500023349;15;4;17;950;1;2;2;1;6;39;RTE DE TOULOUSE;M;4479940.0;-56969.0;330
21045;201500023350;15;4;20;1500;1;2;3;1;3;63;285 AV THIERS/J.PUJOL;M;4484910.0;-54521.0;330
21046;201500023351;15;4;16;1515;1;2;2;1;1;200;263 AVJ.MERMOZ/ST MEDARD;M;4486490.0;-66462.0;330
21047;201500023353;15;4;19;2140;5;2;2;1;3;39;DURCY/JEANNE D'ARC;M;4479980.0;-54307.0;330
21048;201500023354;15;4;24;745;1;2;1;1;3;63;9, BD ANTOINE GAUTIER;M;4483610.0;-59883.0;330
21049;201500023355;15;4;23;1505;1;2;1;8;3;63;64, RUE DE CANOLLE;M;4482760.0;-60191.0;330
21050;201500023356;15;4;27;2030;1;2;1;1;6;63;72, BD MAL LECLERC;M;4483050.0;-59704.0;330
21051;201500023357;15;4;22;805;1;2;3;1;1;63;RUE DES POILUS 1914-1918;M;4481710.0;-56873.0;330
21052;201500023358;15;4;26;250;5;2;3;1;3;63;RUE L.FAURE/Q.A.LALANDE;M;4486120.0;-55465.0;330
21053;201500023360;15;4;27;1040;1;2;3;1;3;63;63, RUE JULES FERRY CAUD;M;4484220.0;-60370.0;330
21054;201500023365;15;4;23;1220;1;2;1;2;2;318;AVE DE SAIGE;M;4479720.0;-63073.0;330
21055;201500023366;15;4;22;1730;1;2;4;1;3;281;R.DES CIGALES/R.CAP ROUX;M;4485800.0;-65749.0;330
21056;201500023367;15;4;24;930;1;2;3;1;3;200;AV DE MAGUDAS/R. BERLES;M;4485940.0;-68464.0;330
21057;201500023369;15;4;28;750;1;2;4;1;3;63;BD ALBERT 1ER;M;4481400.0;-56809.0;330
21058;201500023370;15;4;30;925;1;2;1;1;5;63;234 REPUBLIQUE CAUD;M;4483920.0;-61218.0;330
21059;201500023371;15;5;2;1215;1;2;1;2;6;63;AVE DE NONTRASTE;M;4487720.0;-56780.0;330
21060;201500023372;15;4;30;2100;5;2;3;3;7;63;R.DUQUESNE/J.BRUNET;M;4487410.0;-54600.0;330
21061;201500023373;15;4;26;1025;1;2;2;2;3;63;QUAI SAINTE- CROIX;M;4483150.0;-55860.0;330
21062;201500023374;15;4;30;1850;1;2;1;1;2;63;FACE AU 6, Q.LOUIS 18;M;4484390.0;-57042.0;330
21063;201500023375;15;5;1;800;1;2;2;3;2;63;BD ALBERT 1ER;M;4481288.0;-56138.0;330
21064;201500023377;15;4;24;2105;5;2;1;1;3;522;50, RUE DE TREMEUGE;M;4480320.0;-59079.0;330
21065;201500023379;15;4;29;1600;1;2;1;1;3;281;106, AVE DE MAGUDAS;M;4485710.0;-65804.0;330
21066;201500023380;15;5;5;1825;1;2;3;1;3;63;149,MARNE/AMDITMUREINE;M;4482880.0;-56356.0;330
21067;201500023382;15;4;24;1130;1;2;2;1;3;39;FRERES MOGA/L.ROCHEMOND;M;4480010.0;-55149.0;330
21068;201500023383;15;5;5;1100;1;2;1;1;1;192;4, RUE DU PROFESSEUR VIL;M;4478440.0;-60869.0;330
21069;201500023384;15;5;4;1615;1;2;1;1;2;281;48, RUE DU JARD;M;4484440.0;-63953.0;330
21070;201500023385;15;5;6;1431;1;2;1;1;6;63;15, ALL TOURNY;M;4484430.0;-57600.0;330
21071;201500023386;15;5;6;1150;1;2;2;1;6;63;CRS E.FAYOLLE/R. FRERE;M;4485240.0;-57422.0;330
21072;201500023387;15;5;2;1430;1;2;1;2;3;167;D936;M;4484320.0;-50271.0;330
21073;201500023388;15;5;6;1330;1;2;2;1;3;63;R.DANJOU/R.VERGNIAUD;M;4485090.0;-58039.0;330
21074;201500023389;15;5;6;935;1;2;1;1;2;63;AVE DE LABARDE;M;4489910.0;-55238.0;330
21075;201500023390;15;4;1;210;5;2;2;1;3;63;BD AGAUTIER/BD GPOMPIDOU;M;4483330.0;-59874.0;330
21076;201500023391;15;5;11;840;1;2;4;1;3;13;D936;M;4484260.0;-49942.0;330
21077;201500023392;15;5;5;1220;1;2;3;1;3;63;341, CRS DE LA SOMME;M;4481616.0;-57233.0;330
21078;201500023393;15;5;8;1430;1;2;1;1;5;63;SUR PONT DU JONC;M;4487750.0;-56371.0;330
21079;201500023394;15;5;13;2300;5;2;1;1;6;63;BARRIERE TOMBES/ CYCLO;M;4484230.0;-57968.0;330
21080;201500023395;15;5;9;1840;1;2;2;1;3;281;Av DES FRERES ROBINSON;M;4484730.0;-65825.0;330
21081;201500023396;15;5;7;2130;5;2;1;1;1;63;2BIS, RUE SUFFREN;M;4487630.0;-55508.0;330
21082;201500023397;15;5;11;1700;1;2;2;1;3;281;AVE DU BEDAT;M;4485080.0;-64627.0;330
21083;201500023398;15;5;5;1330;1;2;3;1;2;281;AVE FRANCOIS MITTERRAND;M;4482580.0;-62813.0;330
21084;201500023399;15;5;4;850;1;2;2;8;5;550;RUE DE LA PAIX;M;4476480.0;-57075.0;330
21085;201500023400;15;5;12;1230;1;2;6;1;3;63;RDPT M.FEL/CH.BRICAUD;M;4488790.0;-56006.0;330
21086;201500023401;15;5;13;1620;1;2;2;1;3;63;J.FERRY/MOULIN ROUGE;M;4484210.0;-60287.0;330
21087;201500023402;15;5;14;5;5;2;1;1;6;63;CRS JULES LADOUMEGUE;M;4489777.0;-56725.0;330
21088;201500023403;15;5;12;2250;4;2;1;1;7;63;CH.BRICAUD=>BD AQUITAINE;M;4488750.0;-56011.0;330
21089;201500023404;15;5;14;30;5;2;1;1;6;63;135 AVE EYSINES CAUD;M;4485530.0;-60062.0;330
21090;201500023405;15;5;7;725;1;2;6;1;3;318;HT LEVEQUE/G.EIFFEL;M;4478140.0;-65011.0;330
21091;201500023406;15;5;9;1725;1;2;1;1;6;281;18, AVE DE LA SOMME;M;4483320.0;-65035.0;330
21092;201500023407;15;5;6;1400;1;2;3;1;1;281;MENDES FR / T.RENAUDOT;M;4481930.0;-63470.0;330
21093;201500023408;15;5;7;850;1;2;3;1;3;75;AV.C.GAUSSENS/R.E.VIDEAU;M;4487390.0;-60925.0;330
21094;201500023409;15;5;7;1720;1;2;1;1;6;39;544, RTE DE TOULOUSE;M;4478387.0;-56621.0;330
21095;201500023410;15;5;6;940;1;2;3;1;7;318;J.CORDIER/E.ZOLA;M;4482020.0;-61080.0;330
21096;201500023412;15;5;5;1915;1;2;1;1;3;281;AV.GRANGE.NOIRE AP.VOLTA;M;4485420.0;-67724.0;330
21097;201500023413;15;5;7;1730;1;2;3;1;3;69;212  AV TIVOLI/R.COUDOL;M;4486660.0;-59582.0;330
21098;201500023414;15;5;17;138;5;2;1;1;6;63;Q.LYAUTEY>PL BOURSE;M;4484150.0;-56966.0;330
21099;201500023415;15;5;16;320;5;2;1;1;7;63;237, RUE DE PESSAC;M;4482600.0;-58820.0;330
21100;201500023417;15;5;18;1815;1;2;1;1;1;63;Q.LOUIS 18  S/PST CYCLAB;M;4484830.0;-57051.0;330
21101;201500023419;15;5;18;1600;1;2;1;1;3;63;N?138 AV REPUBLIQUE;M;4483960.0;-60651.0;330
21102;201500023420;15;5;19;2005;2;2;3;1;3;63;R. C.GODARD/R.TIVOLI;M;4485330.0;-58838.0;330
21103;201500023421;15;5;14;1950;2;2;3;1;3;32;GRIFFONS/LEO LAGRANGE;M;4489080.0;-51627.0;330
21104;201500023422;15;5;21;1;5;2;2;1;6;63;22 R.BOUDET/GOURGUE;M;4484700.0;-57608.0;330
21105;201500023424;15;5;20;920;1;2;6;8;2;63;PALUDATE=>Q.BRIENNE;M;4482410.0;-54461.0;330
21106;201500023425;15;5;9;240;5;2;1;1;6;39;JFERRAT/42FBUISSON;M;4480300.0;-55823.0;330
21107;201500023426;15;5;21;300;5;2;2;1;7;63;CRS V.HUGO/CRS PASTEUR;M;4483510.0;-57499.0;330
21108;201500023427;15;5;13;1905;1;2;3;1;3;550;G.CLEMENCEAU/A.DUCROS;M;4478160.0;-56440.0;330
21109;201500023428;15;5;20;915;1;2;3;1;1;63;B.STUTTENBERG/LOMBARD;M;4486000.0;-56456.0;330
21110;201500023429;15;5;23;35;5;2;1;1;3;63;PCE BOURSE-MIROIR D'EAU;M;4484150.0;-56945.0;330
21111;201500023430;15;5;22;2205;5;2;1;1;6;63;ALBRET PRES JOHN PERSE;M;4483730.0;-58130.0;330
21112;201500023431;15;5;21;1645;1;2;3;1;6;63;P.DIEUZAIDE/CHAT D'EAU;M;4483940.0;-58312.0;330
21113;201500023433;15;5;20;1420;1;2;1;1;6;119;CPELLETAN=>DR SCHWEITZER;M;4486160.0;-51987.0;330
21114;201500023434;15;5;22;1540;1;2;1;1;5;63;133CRSV.HUGO>CRSPASTEUR;M;4483500.0;-57398.0;330
21115;201500023435;15;5;23;1015;1;2;1;1;3;63;6, RUE DE BETHMANN;M;4482270.0;-60412.0;330
21116;201500023436;15;5;15;2300;5;2;3;1;3;522;GAMBETTA (CRS );M;4481822.0;-58481.0;330
21117;201500023437;15;5;20;1800;1;2;1;1;6;63;215, RUE MALBEC;M;4482180.0;-56944.0;330
21118;201500023438;15;5;26;915;1;2;3;1;3;63;AV CARNOT/F.FAURE;M;4485150.0;-59693.0;330
21119;201500023439;15;5;23;1428;1;2;2;1;1;63;MEDOC/B.STUTTENBERG;M;4485830.0;-56689.0;330
21120;201500023440;15;5;28;640;1;2;1;1;6;63;BRIENNE AVT GIR BRIENNE;M;4482170.0;-54143.0;330
21121;201500023441;15;5;21;1755;1;2;2;1;3;63;CRS BALGUERIE STUTTENBER;M;4486090.0;-56317.0;330
21122;201500023442;15;5;26;1635;1;2;2;1;3;63;RUE DUBOURDIEU;M;4482200.0;-57654.0;330
21123;201500023443;15;5;21;732;1;2;2;1;3;162;AV MEDOC/ECH7 ENT.ROCADE;M;4487960.0;-62689.0;330
21124;201500023444;15;5;21;1100;1;2;1;1;6;69;23 RUE BOURBAKI;M;4486090.0;-59125.0;330
21125;201500023445;15;5;22;1920;1;2;1;1;1;32;AV GRIFFONS=>RTE BASSENS;M;4488800.0;-51710.0;330
21126;201500023447;15;5;28;1915;1;2;1;1;1;63;42, RUE FRANTZ DESPAGNET;M;4483070.0;-60128.0;330
21127;201500023448;15;5;27;1005;1;2;1;1;3;63;127/150 CRS DU MEDOC;M;4486170.0;-57086.0;330
21128;201500023451;15;5;28;830;1;2;3;1;3;63;BD ALBERT 1ER/R. L.CABIE;M;4481440.0;-57066.0;330
21129;201500023452;15;5;22;1525;1;2;2;1;2;200;R. J.MERMOZ/AV PASTEUR;M;4486490.0;-66462.0;330
21130;201500023453;15;5;28;810;1;2;2;1;3;63;R. VINCENNES/R.JUDAIQUE;M;4484040.0;-59642.0;330
21131;201500023454;15;5;27;1515;1;2;2;1;3;63;21 CRS L'YSER/R. BEGLES;M;4482920.0;-56831.0;330
21132;201500023455;15;5;21;1055;1;2;2;1;6;550;CHN GALGON/PYTHAGORE;M;4477830.0;-53953.0;330
21133;201500023456;15;5;22;2335;5;2;3;1;3;281;AVE RENE CASSIN;M;4483220.0;-67424.0;330
21134;201500023457;15;5;22;1745;1;2;6;1;2;249;R.CAVAILLES/PCE 2 VILLES;M;4486450.0;-52049.0;330
21135;201500023458;15;5;22;1330;1;2;2;1;3;281;AV VERDUN/LEO LAGRANGE;M;4483940.0;-63524.0;330
21136;201500023459;15;5;22;1420;1;2;2;1;3;318;BOURGAILH/PL GAL GAULLE;M;4479950.0;-66318.0;330
21137;201500023460;15;5;22;1640;1;2;1;1;6;281;5-7, RUE CARLE VAN LOO;M;4485170.0;-66314.0;330
21138;201500023461;15;5;27;1650;1;2;3;1;6;63;LATOUR/CHARTRONS S/RIVE;M;4485030.0;-56999.0;330
21139;201500023462;15;5;29;1620;1;2;1;1;6;63;101 CRS B.STUTTENBERG;M;4485890.0;-56610.0;330
21140;201500023463;15;5;27;810;1;2;3;1;5;281;CLAIRIERE/ST MEDARD;M;4486260.0;-65057.0;330
21141;201500023464;15;5;28;1840;1;2;3;1;3;281;PDT J.F.KENNEDY/J.PERRIN;M;4483460.0;-67167.0;330
21142;201500023465;15;6;1;1040;1;2;2;1;3;281;AV TRUC/FRERES ROBINSON;M;4484960.0;-65604.0;330
21143;201500023466;15;6;1;1050;1;2;4;1;1;63;DELBOS/DUPRE ST MAUR;M;4486790.0;-55497.0;330
21144;201500023468;15;5;30;1850;1;2;3;1;6;318;AV PONT L'ORIENT/AZALEES;M;4481380.0;-64954.0;330
21145;201500023469;15;6;2;1445;1;2;1;1;2;39;131, BD J.J. BOSC;M;4481780.0;-54717.0;330
21146;201500023470;15;5;30;1140;1;2;1;1;3;281;29AV FR MITTERRAND (EST);M;4482640.0;-61582.0;330
21147;201500023472;15;5;31;1705;1;2;2;1;4;281;P.MENDES FR/A.BRIAND;M;4482590.0;-63759.0;330
21148;201500023473;15;5;29;1740;1;2;2;1;2;162;HIPPODROME/BOIS GRAMOND;M;4486740.0;-63729.0;330
21149;201500023474;15;6;3;1045;1;2;1;1;2;63;28 RTE DE TOULOUSE;M;4481350.0;-57317.0;330
21150;201500023475;15;6;4;1545;1;2;1;1;3;63;69,R.PELOUSE DOUET;M;4482990.0;-60723.0;330
21151;201500023476;15;6;4;820;1;2;1;1;3;63;1, RUE DOMION CAUD;M;4485580.0;-62531.0;330
21152;201500023481;15;6;3;1020;1;2;1;1;2;281;AVE DE LA MARNE;M;4483280.0;-64743.0;330
21153;201500023482;15;6;5;2002;1;2;1;1;3;63;16, CRS BAL. STUTTENBERG;M;4485540.0;-57104.0;330
21154;201500023483;15;6;4;1445;1;2;2;1;5;281;AVE MARCEL DASSAULT;M;4484360.0;-67300.0;330
21155;201500023484;15;6;4;2320;5;2;3;1;6;63;36, RUE DOMION CAUD;M;4485750.0;-62398.0;330
21156;201500023485;15;6;4;1355;1;2;1;1;2;63;IMP DES COSSUS =>PARKING;M;4485400.0;-59282.0;330
21157;201500023486;15;6;4;330;5;2;6;1;6;75;CHN REDUIT/FLEURANCEAU;M;4488450.0;-60360.0;330
21158;201500023487;15;6;6;1902;1;2;1;1;3;63;70 CRS G.CLEMENCEAU;M;4484440.0;-57841.0;330
21159;201500023488;15;6;5;1700;1;1;1;1;4;281;AVE FRANCOIS MITTERRAND;M;4481910.0;-65767.0;330
21160;201500023489;15;6;6;1040;1;2;3;1;3;63;RUE DE BEGLES;M;4482280.0;-56580.0;330
21161;201500023490;15;6;5;2035;1;2;2;1;6;63;DR CH.NANCEL PENARD;M;4484010.0;-58101.0;330
21162;201500023491;15;6;1;1530;1;2;3;1;6;522;CHATEAUBRIAND/A.MAILLOL;M;4479330.0;-58949.0;330
21163;201500023492;15;6;4;555;2;2;6;1;7;281;AV J.PERRIN/CHATAIGNIERS;M;4484150.0;-67071.0;330
21164;201500023493;15;1;2;1515;1;2;1;1;3;281;4, AVE MARCEL DASSAULT;M;4484770.0;-67868.0;330
21165;201500023494;15;6;5;1859;1;2;1;1;3;63;261, BD ALFRED DANEY;M;4487140.0;-56274.0;330
21166;201500023495;15;6;11;525;4;2;1;1;6;63;52, CITE LAFON;M;4487760.0;-54714.0;330
21167;201500023496;15;6;9;1345;1;2;1;1;3;63;27-29, RUE SAINT VINCENT;M;4482670.0;-55776.0;330
21168;201500023497;15;6;3;1930;1;2;2;1;3;63;40JOURNAUX/PRALAVIGNOLLE;M;4488310.0;-56962.0;330
21169;201500023498;15;6;10;2055;2;2;2;1;1;63;R.ROY CLOTTE/ARGONNE;M;4482970.0;-57348.0;330
21170;201500023499;15;6;2;830;1;2;3;1;3;192;CRS DU GENERAL DE GAULLE;M;4476610.0;-61864.0;330
21171;201500023500;15;6;3;1645;1;2;1;1;3;162;84B J.MERMOZ LE HAILLAN;M;4486960.0;-66257.0;330
21172;201500023502;15;6;5;1725;1;2;6;1;3;13;ILE DE FRANCE/BD FEYDEAU;M;4484910.0;-49697.0;330
21173;201500023503;15;6;15;815;1;2;1;1;6;63;223, RUE DE BEGLES;M;4481980.0;-56601.0;330
21174;201500023504;15;6;14;2045;1;2;4;1;3;281;AVL'YSER/R.BEAUMARCHAIS;M;4414151.0;-64935.0;330
21175;201500023505;15;6;13;1430;1;2;1;1;4;63;40JOURNAUX/JROYERNV.VOIE;M;4488010.0;-56789.0;330
21176;201500023508;15;6;9;820;1;2;1;1;5;281;23 M.DASSAULT=>MARTIGNAS;M;4484830.0;-68416.0;330
21177;201500023509;15;6;10;915;1;2;1;3;6;281;431PASTEUR/MONTESQUIEU;M;4484620.0;-63291.0;330
21178;201500023511;15;6;12;2109;1;2;3;1;3;63;CRS L'YSER/MALESCAUT;M;4482890.0;-56842.0;330
21179;201500023512;15;6;5;1015;1;2;3;1;3;192;CROIX MONJOUS/MIGNONNE;M;4477580.0;-59536.0;330
21180;201500023513;15;6;9;925;1;2;3;1;6;550;AV ML LECLERC/PL A.BRIAN;M;4478160.0;-56734.0;330
21181;201500023514;15;6;10;1700;1;2;6;1;6;192;BD MALARTIC/ALL BARTHEZ;M;4477100.0;-60047.0;330
21182;201500023515;15;6;11;1443;1;2;1;1;1;318;84 AV GENERAL LECLERC;M;4479140.0;-67251.0;330
21183;201500023516;15;5;31;1440;1;2;2;1;3;522;R.TREMEUGE/R.MARGUERITTE;M;4480250.0;-58715.0;330
21184;201500023517;15;6;11;1600;1;2;5;1;3;522;RUE PEYDAVANT;M;4480667.0;-58616.0;330
21185;201500023518;15;6;12;1700;1;2;1;1;6;249;ROUTE D'YVRAC;M;4487950.0;-49798.0;330
21186;201500023519;15;6;11;2055;1;2;3;2;7;318;AVE PASTEUR;M;4480609.0;-63127.0;330
21187;201500023520;15;6;11;1000;1;2;3;1;6;75;AV D'AQUITAINE/R. PARC;M;4488190.0;-61011.0;330
21188;201500023521;15;6;11;1935;1;2;2;2;3;192;CRS DU GENERAL DE GAULLE;M;4477849.0;-60983.0;330
21189;201500023522;15;6;10;1908;1;2;3;1;3;63;CRS EDOUARD VAILLANT;M;4485890.0;-55676.0;330
21190;201500023523;15;6;21;1;5;2;1;1;6;13;26, AVE DU PINSAN;M;4485970.0;-48802.0;330
21191;201500023524;15;6;13;1940;1;2;1;1;6;69;AV V.HUGO FACE 188 PRADO;M;4486760.0;-59066.0;330
21192;201500023525;15;6;15;940;1;2;2;1;6;39;RUE CALIXTE CAMELLE;M;4480745.0;-54889.0;330
21193;201500023526;15;6;12;1010;1;2;2;1;3;281;08, RUE DU GENERAL WEYGA;M;4481610.0;-63990.0;330