;Num_Acc;an;mois;jour;hrmn;lum;agg;int;atm;col;com;adr;gps;lat;long;dep
21194;201500023527;15;6;17;1030;1;2;2;1;6;69;17, AVE DU GENERAL LECLE;M;4485492.0;-59691.0;330
21195;201500023529;15;6;12;735;1;2;2;8;3;39;AVE MAL DE LATTRE DE TAS;M;4480501.0;-54324.0;330
21196;201500023530;15;6;17;2110;1;2;2;1;7;63;QUAI RICHELIEU;M;4484004.0;-56893.0;330
21197;201500023531;15;6;17;2345;5;2;4;1;7;63;SUR CRS M.NOUAUX;M;4484560.0;-59365.0;330
21198;201500023532;15;6;20;908;1;2;3;1;6;63;RTE TOULOUSE/TAREGUA;M;4481390.0;-57298.0;330
21199;201500023533;15;6;13;1700;1;2;2;1;3;522;LIBERATION (CRS DE LA);M;4479547.0;-60400.0;330
21200;201500023534;15;6;4;1845;1;2;3;1;3;281;AVE HENRI VIGNEAU;M;4484035.0;-66687.0;330
21201;201500023535;15;1;3;125;5;2;4;1;6;318;AV BEUTRE/BD HT LIVRAC;M;4479930.0;-67060.0;330
21202;201500023536;15;6;18;900;1;2;1;1;6;63;144, RUE D'ORNANO;M;4483396.0;-58964.0;330
21203;201500023537;15;6;18;1835;1;2;1;1;6;75;RUE DU PONT NEUF;M;4489460.0;-58827.0;330
21204;201500023538;15;6;18;202;5;2;2;1;3;522;RUE ROUSTAING;M;4481711.0;-59107.0;330
21205;201500023539;15;6;18;1200;1;1;2;1;1;200;RUE GEORGES CLEMENCEAU;M;4487539.0;-67686.0;330
21206;201500023540;15;6;23;810;1;2;1;1;6;63;135R. AMEDEE ST GERMAIN;M;4481720.0;-56477.0;330
21207;201500023541;15;6;13;2330;5;2;1;2;6;249;68, QUAI CARRIET;M;4488379.0;-53033.0;330
21208;201500023542;15;6;23;1400;1;2;2;1;1;63;R. DONISSAN/R. VILLEDIEU;M;4483110.0;-57520.0;330
21209;201500023543;15;6;23;1850;1;2;1;1;2;63;43/68 AV REPUBLIQUE CAUD;M;4484004.0;-60162.0;330
21210;201500023544;15;6;17;600;2;2;2;1;3;281;AVE GUSTAVE EIFFEL;M;4485318.0;-66959.0;330
21211;201500023545;15;6;19;810;1;2;2;2;3;63;RUE DES MENUTS;M;4483444.0;-56782.0;330
21212;201500023547;15;6;28;615;1;2;1;1;6;63;32, RUE DE LA FAIENCERIE;M;4486062.0;-55605.0;330
21213;201500023549;15;6;25;1345;1;2;2;1;3;63;CRS BALGUERIE STUTTENBER;M;4486094.0;-56319.0;330
21214;201500023550;15;6;23;840;1;2;1;1;2;13;RN 89;M;4486900.0;-47024.0;330
21215;201500023551;15;6;22;930;1;2;1;1;3;281;AVE RENE CASSIN;M;4483368.0;-69093.0;330
21216;201500023552;15;6;17;1845;1;2;3;1;1;192;RUE DE POUMEY;M;4476741.0;-61328.0;330
21217;201500023553;15;6;22;1740;1;2;3;1;1;550;AVE GALGON/R.G.CHARPAK;M;4477980.0;-53993.0;330
21218;201500023554;15;6;29;1045;1;2;2;1;3;63;CRS SOMME/RUE SABLONNAT;M;4481860.0;-57228.0;330
21219;201500023555;15;6;30;1700;1;2;1;1;3;63;BD ALFRED DANEY;M;4486909.0;-56827.0;330
21220;201500023557;15;6;28;2320;5;2;4;1;3;63;31, RUE MONTMEJEAN;M;4484070.0;-55744.0;330
21221;201500023558;15;6;30;2120;2;2;3;1;6;63;RUE DU JONC;M;4487404.0;-57489.0;330
21222;201500023559;15;6;30;1100;1;2;1;1;6;63;27 BIS, VERDUN (CRS DE);M;4484972.0;-57507.0;330
21223;201500023561;15;6;19;1050;1;2;2;1;6;522;GAMBETTA (CRS );M;4481411.0;-58893.0;330
21224;201500023562;15;6;27;1620;1;2;1;1;3;281;126, AVE DU BOURGAILH;M;4481280.0;-66475.0;330
21225;201500023563;15;7;1;1700;1;2;1;1;2;63;AVE DE LABARDE;M;4491330.0;-56064.0;330
21226;201500023564;15;6;24;2210;5;2;1;1;2;281;AVE DE KAOLACK;M;4481493.0;-66585.0;330
21227;201500023565;15;7;3;2140;1;2;2;1;3;63;CRS VICTOR HUGO;M;4481350.0;-56469.0;330
21228;201500023567;15;7;6;1440;1;2;1;1;3;63;QUAI ARMAND LALANDE;M;4486210.0;-55470.0;330
21229;201500023568;15;6;25;1825;1;2;6;1;3;69;AVE MAL DE LATTRE DE TAS;M;4486350.0;-60634.0;330
21230;201500023569;15;7;4;35;5;2;1;1;6;63;PONT DE PIERRE;M;4483730.0;-56452.0;330
21231;201500023570;15;7;2;2215;2;2;2;1;3;281;RUE APOLLO;M;4483550.0;-68024.0;330
21232;201500023571;15;6;2;700;1;2;1;1;1;249;ALL OISEAUFRANCE IMPASSE;M;4488240.0;-50954.0;330
21233;201500023572;15;1;3;1415;1;2;2;1;3;63;CRS MARNE/CRS BARBEY;M;4482850.0;-56205.0;330
21234;201500023573;15;7;3;1701;1;2;3;1;3;63;DASVIN BOIS/THIERS;M;4484990.0;-54427.0;330
21235;201500023574;15;6;26;835;1;2;3;1;3;318;I.FJOLIOT-CURIE/8MAI1945;M;4480010.0;-67672.0;330
21236;201500023575;15;6;26;725;1;2;2;1;3;318;AVE DE BEUTRE;M;4479965.0;-66861.0;330
21237;201500023576;15;6;25;850;1;2;1;1;6;192;CHEM DE LA CRABETTE;M;4478460.0;-62489.0;330
21238;201500023577;15;6;24;710;1;2;2;1;1;39;AVE ALEXIS CAPELLE;M;4481136.0;-54909.0;330
21239;201500023578;15;6;26;750;1;2;6;1;3;162;RUE DE LANGLET;M;4489001.0;-63750.0;330
21240;201500023580;15;6;29;1930;1;2;4;1;3;162;AVE DU MEDOC;M;4488507.0;-63656.0;330
21241;201500023581;15;7;1;1130;1;2;6;1;3;281;ROCADE INTERIEURE;M;4481740.0;-67143.0;330
21242;201500023582;15;6;27;5;5;2;1;1;2;318;AVE LOUIS DE BROGLIE;M;4478320.0;-64625.0;330
21243;201500023583;15;6;30;1210;1;2;1;1;2;281;4, AVE DE LA GRANGE NOIR;M;4484890.0;-67916.0;330
21244;201500023584;15;7;5;1800;1;2;2;1;3;281;AVE DES CHENES;M;4484638.0;-63409.0;330
21245;201500023585;15;7;2;1350;1;2;1;1;2;119;91, AVE JEAN JAURES;M;4485720.0;-53207.0;330
21246;201500023586;15;7;6;800;1;2;3;7;3;318;AV J.JAURES/CHAT.D'EAU;M;4481710.0;-60592.0;330
21247;201500023588;15;7;12;1930;1;2;3;1;3;63;62CRS V.HUGO/OBSERVANCE;M;4483540.0;-56919.0;330
21248;201500023589;15;6;29;1550;1;2;1;1;6;192;34, GAL DE GAULLE;M;4478480.0;-60594.0;330
21249;201500023590;15;7;8;2035;1;2;2;1;3;281;AVE DE L'YSER;M;4484188.0;-66387.0;330
21250;201500023591;15;7;9;840;1;2;6;1;2;281;AVE DU GENERAL DE CASTEL;M;4484920.0;-66636.0;330
21251;201500023593;15;7;8;1625;1;2;1;1;1;281;207 AV MARNE;M;4483420.0;-63777.0;330
21252;201500023594;15;7;15;1550;1;2;1;1;2;63;RUE JEAN GABRIEL DOMERGU;M;4488880.0;-56770.0;330
21253;201500023595;15;7;15;1345;1;2;1;1;3;63;R.SCHUMANN-PARKING;M;4485740.0;-58651.0;330
21254;201500023596;15;7;16;245;5;2;1;1;6;63;2/4, RUE MAURIAC;M;4483567.0;-56740.0;330
21255;201500023598;15;7;9;1850;1;2;3;1;3;192;53CRS GLGAULLE/FAUVETTES;M;4478170.0;-60798.0;330
21256;201500023599;15;7;9;2050;1;2;1;1;2;281;12, RUE ALESSANDRO VOLTA;M;4485353.0;-67397.0;330
21257;201500023600;15;7;6;1030;1;2;1;1;4;119;AVE CARNOT=>BORDEAUX;M;4485810.0;-53090.0;330
21258;201500023601;15;7;7;1700;1;2;7;1;6;63;PL J.MOULIN/BEAUBADAT;M;4483860.0;-57744.0;330
21259;201500023602;15;7;7;2150;5;2;2;1;3;63;CRS MAL JUIN/CRS ALBRET;M;4483630.0;-58099.0;330
21260;201500023603;15;7;7;750;1;2;3;1;3;69;158AV EYSINES/JIEL LAVAL;M;4485960.0;-60787.0;330
21261;201500023604;15;7;8;1630;1;2;3;1;2;63;BD ALFRED DANEY;M;4487172.0;-56202.0;330
21262;201500023605;15;7;8;1915;1;2;2;1;3;192;98,GAL GAULLE/R.LAURIERS;M;4477430.0;-61279.0;330
21263;201500023607;15;7;9;1705;1;2;2;1;3;63;RUE TIVOLI/BD PIERRE 1ER;M;4485690.0;-59110.0;330
21264;201500023609;15;7;10;1025;1;2;1;1;6;63;RUE ANTOINE BOURDELLE;M;4482630.0;-60002.0;330
21265;201500023610;15;6;19;945;1;2;2;1;6;281;AVE DE L'ALOUETTE;M;4482651.0;-66389.0;330
21266;201500023612;15;7;15;1820;1;2;2;1;3;63;RUE LEBERTHON;M;4483087.0;-57572.0;330
21267;201500023613;15;7;9;1436;1;2;2;1;1;63;CRS DE LA MARNE;M;4482843.0;-56207.0;330
21268;201500023614;15;7;10;210;5;2;1;1;6;63;17, QUAI LOUIS XVIII;M;4484810.0;-57082.0;330
21269;201500023615;15;7;9;1955;1;2;2;1;3;249;RUE DES CAVAILLES;M;4486510.0;-52197.0;330
21270;201500023616;15;7;11;1240;1;2;2;1;3;75;RTE DU MEDOC;M;4487430.0;-61849.0;330
21271;201500023617;15;7;11;1500;1;2;2;1;3;281;CHN MERLE/PRINCESSE;M;4480240.0;-70140.0;330
21272;201500023618;15;7;17;1130;1;2;3;1;3;63;QUAI DES QUEYRIES;M;4484040.0;-56171.0;330
21273;201500023619;15;7;11;1118;1;2;3;1;2;63;BD JOLIOT-CURIE;M;4484220.0;-54250.0;330
21274;201500023620;15;7;11;2050;1;2;3;1;3;281;AVE PRESIDENT J.F. KENNE;M;4483350.0;-66607.0;330
21275;201500023621;15;7;17;1340;1;2;1;1;5;63;QUAI DES CHARTRONS;M;4485430.0;-56544.0;330
21276;201500023622;15;7;18;1110;1;2;3;1;3;63;MAUBOURGUET/FONDAUDEGE;M;4484930.0;-58434.0;330
21277;201500023623;15;7;20;525;5;2;2;1;3;63;R. LECOCQ/R. BELLEVILLE;M;4483450.0;-58559.0;330
21278;201500023624;15;7;21;1145;1;2;2;1;2;63;R.PASTEUR/R.BAHR;M;4484580.0;-61331.0;330
21279;201500023625;15;7;8;2340;5;2;2;1;3;39;TOULOUSE (RTE DE);M;4478760.0;-56657.0;330
21280;201500023626;15;7;19;1520;1;2;2;1;3;522;RUE DE SUZON;M;4481268.0;-57390.0;330
21281;201500023627;15;7;19;700;2;2;1;1;6;63;GIRBRIENNE<AC>PNTSTJEAN;M;4482520.0;-54631.0;330
21282;201500023628;15;7;20;830;1;2;5;1;6;63;STUTTENBERG/ED.VAILLANT;M;4486290.0;-56044.0;330
21283;201500023629;15;7;17;1800;1;2;4;1;3;318;AV FR COPPEE/R.POUJEAU;M;4480860.0;-62813.0;330
21284;201500023630;15;7;17;1249;1;2;3;1;3;63;CRS ARISTIDE BRIAND;M;4483143.0;-57517.0;330
21285;201500023631;15;7;16;905;1;2;1;1;1;281;AVE DE L'ARGONNE;M;4481330.0;-71846.0;330
21286;201500023632;15;7;16;724;1;2;3;1;5;192;CRS DU GENERAL DE GAULLE;M;4478390.0;-60661.0;330
21287;201500023633;15;7;24;1940;1;2;1;1;1;63;PONT SAINT- JEAN;M;4483220.0;-55419.0;330
21288;201500023634;15;7;16;1130;1;2;1;1;1;550;9, CHEM DE PAUGE;M;4475740.0;-57416.0;330
21289;201500023635;15;7;21;1830;1;2;2;1;3;281;AV KAOLACK/MARION JACOB;M;4481740.0;-66588.0;330
21290;201500023636;15;7;19;145;5;2;1;1;6;39;31R. FERDINAND BUISSON;M;4480480.0;-55880.0;330
21291;201500023639;15;7;26;1040;1;2;1;1;3;63;165-168, RUE MANDRON;M;4485570.0;-58434.0;330
21292;201500023641;15;7;27;810;1;2;2;1;3;318;DR N.PENARD/P.MONTAGNE;M;4480670.0;-64616.0;330
21293;201500023642;15;7;21;750;2;2;6;1;3;69;R. AUSONE/AV V.HUGO;M;4487030.0;-59263.0;330
21294;201500023643;15;7;24;1700;1;2;2;1;3;63;RUE LECOCQ;M;4483450.0;-58554.0;330
21295;201500023644;15;7;23;730;1;2;3;1;2;63;9R. PASTEUR/J.BELAUBRE;M;4484630.0;-63130.0;330
21296;201500023645;15;7;26;930;1;2;3;1;3;63;FAURE (RUE LUCIEN);M;4486600.0;-56115.0;330
21297;201500023646;15;7;28;1654;1;2;1;1;6;63;15, CRS DE L'INTENDANCE;M;4484210.0;-57582.0;330
21298;201500023647;15;7;23;1850;1;2;3;1;3;281;7A.VOLTA/JAQUARD;M;4485340.0;-67204.0;330
21299;201500023648;15;7;28;1540;1;2;2;1;3;63;96BD PIERRE 1ER=>V.HUGO;M;4485920.0;-58940.0;330
21300;201500023650;15;7;28;135;5;2;1;1;7;63;BD GEORGE V;M;4482420.0;-58744.0;330
21301;201500023651;15;7;22;1900;1;2;3;1;3;522;AVE PIERRE CORNEILLE;M;4478973.0;-58711.0;330
21302;201500023652;15;7;21;1810;1;2;1;1;2;318;AVE ANTOINE BECQUEREL;M;4478630.0;-64428.0;330
21303;201500023653;15;7;28;830;1;2;3;1;2;167;AVE HUBERT DUBEDOUT;M;4484750.0;-50771.0;330
21304;201500023654;15;7;19;930;1;2;3;1;6;167;P.KERGOMARD/H.DUBEDOUT;M;4484750.0;-50771.0;330
21305;201500023655;15;7;18;1000;1;2;3;1;3;69;AV EYSINES CAUD/J.GERALD;M;4485480.0;-59957.0;330
21306;201500023656;15;7;24;645;2;2;6;1;3;281;AVE MARCEL DASSAULT;M;4484660.0;-71939.0;330
21307;201500023657;15;7;29;2045;1;2;7;1;7;281;AV FAUVETTES/AV ALOUETTE;M;4482520.0;-66297.0;330
21308;201500023658;15;7;31;1435;1;2;2;1;6;63;P.TREBOD/R.SCHUMAN;M;4485820.0;-58434.0;330
21309;201500023659;15;8;2;1015;1;2;2;1;3;63;REPUBLIQUE/ETCHNIQUE;M;4483920.0;-61194.0;330
21310;201500023660;15;8;3;1;5;2;2;1;3;63;415, BD JEAN-JACQUES BOS;M;4481330.0;-55550.0;330
21311;201500023661;15;8;4;1320;1;2;3;1;3;63;RUE PERINOT CAUD;M;4485252.0;-62931.0;330
21312;201500023662;15;7;27;1750;1;2;3;1;5;281;AV MARNE/ALL COLIBRIS;M;4483277.0;-64716.0;330
21313;201500023663;15;8;4;955;1;2;4;2;3;69;PCE AMPERE/F.BUISSON;M;4486290.0;-58455.0;330
21314;201500023665;15;8;5;850;1;2;1;1;3;63;40, RUE DE TAUZIA;M;4482910.0;-55844.0;330
21315;201500023666;15;8;6;845;1;2;3;1;6;63;RUE D'ORNANO/FR.SOURDIS;M;4483430.0;-58856.0;330
21316;201500023667;15;8;6;115;5;2;3;1;3;63;BD GEORGES POMPIDOU;M;4483330.0;-60175.0;330
21317;201500023668;15;7;28;1820;1;2;1;1;2;63;111, AVE THIERS;M;4484390.0;-55371.0;330
21318;201500023669;15;7;31;1720;1;2;1;1;6;318;332AV ML LATTRE TASSIGNY;M;4475880.0;-73403.0;330
21319;201500023670;15;8;6;2300;5;2;6;1;7;69;426LIBERATION/CLEMENCEAU;M;4487070.0;-61336.0;330
21320;201500023672;15;8;7;2255;5;2;3;1;7;63;162, RUE BERNARD ADOUR C;M;4483832.0;-60759.0;330
21321;201500023673;15;8;10;1620;1;1;3;1;2;63;241, CRS DE LA SOMME;M;4482113.0;-57241.0;330
21322;201500023674;15;7;5;1300;1;2;1;1;1;63;74, CRS DE L'YSER;M;4482710.0;-56917.0;330
21323;201500023675;15;7;7;2305;5;2;1;1;7;522;AVE PEY-BERLAND;M;4479960.0;-60594.0;330
21324;201500023676;15;8;10;1534;1;2;1;1;6;63;ORLEANS=>PARCEXPOSITIONS;M;4484400.0;-57405.0;330
21325;201500023677;15;8;4;1220;1;2;3;1;2;69;LIBERATION/PDT KENNEDY;M;4486640.0;-60609.0;330
21326;201500023678;15;8;8;1700;1;2;1;1;3;65;217, COTE DE BOULIAC;M;4482020.0;-51095.0;330
21327;201500023679;15;8;11;1925;1;2;3;1;6;63;64, TOULOUSE (RTE DE);M;4481190.0;-57375.0;330
21328;201500023680;15;8;9;1950;1;2;3;1;3;318;AVE ARAGO;M;4479555.0;-64248.0;330
21329;201500023681;15;8;9;220;5;1;1;2;3;249;4, RUE D'YVRAC;M;4487920.0;-50634.0;330
21330;201500023683;15;8;13;1740;1;2;2;1;3;63;QUAI DE BACALAN;M;4486034.0;-55408.0;330
21331;201500023684;15;8;14;1030;1;2;1;2;1;63;09, AVE MARCEL DASSAULT;M;4488440.0;-57157.0;330
21332;201500023685;15;8;14;940;1;2;2;3;3;63;R.DUBOURDIEU/B.GOTH;M;4482140.0;-57815.0;330
21333;201500023686;15;8;17;1140;1;2;2;1;6;63;FR.SOURDIS/MAL JUIN;M;4483430.0;-58856.0;330
21334;201500023687;15;8;17;1600;1;2;3;1;3;63;R.CH.CHAIGNEAU/Q.BRAZZA;M;4485980.0;-54341.0;330
21335;201500023688;15;8;12;1155;1;2;1;1;3;200;347, AVE MEDOC (DIATAN);M;4489530.0;-66929.0;330
21336;201500023689;15;8;18;1725;1;2;1;1;6;63;7, PCE DE STALINGRAD;M;4484000.0;-55958.0;330
21337;201500023690;15;8;18;1400;1;2;3;1;2;63;BD PDT WILSON/U.GAYON;M;4485320.0;-59384.0;330
21338;201500023691;15;7;20;2240;5;2;3;1;6;63;AV THIERS/G.EIFFEL;M;4484930.0;-54536.0;330
21339;201500023693;15;8;12;1450;1;2;1;1;4;550;RDPT SEEHEIM JUGENHEIM;M;4477982.0;-56984.0;330
21340;201500023694;15;8;20;440;5;2;1;1;1;318;AVE DE BEUTRE;M;4480147.0;-68791.0;330
21341;201500023695;15;8;21;125;5;2;3;1;6;63;22Q.PALUDATE/CH.DOMERCQ;M;4482930.0;-55490.0;330
21342;201500023696;15;8;21;110;5;2;3;1;3;63;CRS DE LA SOMME;M;4482330.0;-57256.0;330
21343;201500023697;15;8;13;1725;1;2;3;1;3;318;AVE PASTEUR;M;4480247.0;-64467.0;330
21344;201500023698;15;8;20;1920;1;2;2;1;3;63;RUE BLAISE PASCAL;M;4481457.0;-56693.0;330
21345;201500023699;15;8;18;1914;2;2;1;1;6;522;653 CRS DE LA LIBERATION;M;4479820.0;-60012.0;330
21346;201500023702;15;8;24;1320;1;2;3;1;6;63;176, CRS DE LA MARNE;M;4482820.0;-56077.0;330
21347;201500023703;15;8;24;2330;5;2;2;1;3;63;R. L.FAURE/Q.BACALAN;M;4486050.0;-55383.0;330
21348;201500023704;15;8;24;722;1;2;3;1;3;63;6, RUE DE CANOLLE;M;4483000.0;-60294.0;330
21349;201500023705;15;8;25;1420;1;2;1;1;3;63;108, RUE MAC CARTHY CAUD;M;4484026.0;-62086.0;330
21350;201500023706;15;8;21;753;1;1;1;1;3;69;AVE DE LA LIBERATION-CH.;M;4485490.0;-59506.0;330
21351;201500023708;15;8;25;1545;1;2;3;1;1;318;AVE ROGER COHE;M;4481400.0;-63521.0;330
21352;201500023709;15;8;25;1320;1;2;1;1;3;281;AVE DE LA SOMME;M;4483010.0;-65959.0;330
21353;201500023710;15;8;31;1725;1;2;1;1;6;63;233, BD ALFRED DANEY;M;4487055.0;-56485.0;330
21354;201500023711;15;8;30;1920;1;2;1;1;3;63;AVE MARCEL DASSAULT;M;4487751.0;-57609.0;330
21355;201500023712;15;8;31;1315;1;2;2;1;6;63;CRS VICTOR HUGO;M;4483496.0;-57333.0;330
21356;201500023713;15;9;1;1815;1;2;2;1;2;63;Q.BRAZZA/CDT COUSTEAU;M;4485370.0;-55357.0;330
21357;201500023714;15;8;27;1736;1;2;1;1;6;167;S.ALLENDE=>FRMITTERRAND;M;4484560.0;-51063.0;330
21358;201500023715;15;8;27;1450;1;2;1;1;2;13;AV DE L'EGLISE ROMANE;M;4485710.0;-49415.0;330
21359;201500023716;15;8;31;1705;1;2;1;1;3;522;17 RUE FRANCOIS RABELAIS;M;4479620.0;-59333.0;330
21360;201500023717;15;8;28;825;1;2;3;1;3;63;42, ALL DES PINS;M;4483450.0;-60355.0;330
21361;201500023718;15;8;25;1218;1;2;1;2;2;69;LIBERATION-CH. DE GAULLE;M;4487050.0;-61281.0;330
21362;201500023719;15;8;26;1850;1;2;1;1;1;318;TASSIGNY (AVE MAL DE LAT;M;4476260.0;-72776.0;330
21363;201500023720;15;8;28;1640;1;2;1;1;4;63;RUE CARLE VERNET;M;4482230.0;-54672.0;330
21364;201500023721;15;9;3;1840;1;2;6;1;6;249;AV LIBERATION/BUTTINIERE;M;4486790.0;-52364.0;330
21365;201500023722;15;9;6;1540;1;2;1;1;3;63;RUE JEAN RENAUD DANDICOL;M;4483130.0;-58961.0;330
21366;201500023723;15;9;3;1630;1;2;1;1;6;63;QUAI SAINTE- CROIX;M;4483200.0;-55932.0;330
21367;201500023724;15;9;1;710;1;2;2;1;3;522;AVE ROUL;M;4480679.0;-59175.0;330
21368;201500023725;15;8;29;1645;1;2;3;7;3;63;AV EYSINES/HIPPARION;M;4486580.0;-62242.0;330
21369;201500023726;15;9;2;900;1;2;2;1;3;63;RUE DAVID JOHNSTON;M;4485273.0;-59049.0;330
21370;201500023727;15;9;4;1810;1;2;4;1;6;63;CRS GEORGES CLEMENCEAU;M;4484296.0;-57931.0;330
21371;201500023729;15;8;28;2030;1;2;1;1;6;318;AVE DE BEUTRE;M;4480280.0;-68902.0;330
21372;201500023732;15;9;7;1350;1;2;2;1;1;63;RUE DE BEGLES/LAFONTAINE;M;4482680.0;-56753.0;330
21373;201500023733;15;8;28;815;1;2;3;1;1;550;RTE DE TOULOUSE;M;4478228.0;-56614.0;330
21374;201500023734;15;9;6;1515;1;2;1;1;2;63;QUAI DES QUEYRIES;M;4484893.0;-56258.0;330
21375;201500023735;15;9;2;1235;1;2;2;1;6;281;AV MAGUDAS/R. EYSINES;M;4485660.0;-65327.0;330
21376;201500023737;15;9;3;1410;1;2;2;1;1;13;BD FEYDEAU/AV DESCARTES;M;4485000.0;-49457.0;330
21377;201500023738;15;9;8;1220;1;2;3;1;3;63;RUE DOCTEUR JEAN VINCENT;M;4487640.0;-55998.0;330
21378;201500023740;15;9;8;1300;1;2;2;1;3;63;CRS D'ALBRET;M;4483640.0;-58102.0;330
21379;201500023741;15;9;7;1645;1;2;6;1;6;249;AVE DE PARIS;M;4487792.0;-51088.0;330
21380;201500023743;15;9;8;905;1;2;2;1;1;63;CRS DE LA LIBERATION;M;4483330.0;-58354.0;330
21381;201500023744;15;9;4;1430;1;2;1;1;3;318;40, AVE ROGER CHAUMET;M;4480100.0;-63622.0;330
21382;201500023745;15;9;7;1125;1;2;3;1;3;63;QUAI DES QUEYRIES;M;4484624.0;-56475.0;330
21383;201500023746;15;9;3;1625;1;2;6;1;3;281;AV PDT KENNEDY/J.PERRIN;M;4483460.0;-67167.0;330
21384;201500023747;15;9;4;800;1;2;3;1;3;162;RUE DU MEDOC/PAUILLAC;M;4488500.0;-63649.0;330
21385;201500023748;15;9;8;815;1;2;1;1;6;281;122 ter, AVE DE LA SOMME;M;4482870.0;-66579.0;330
21386;201500023749;15;9;9;1210;1;2;3;1;3;281;R. JARD/ AV L.BLUM;M;4485190.0;-63710.0;330
21387;201500023750;15;9;11;1230;1;2;1;1;4;63;36, RUE LEO SAIGNAT;M;4482720.0;-59443.0;330
21388;201500023751;15;9;11;840;1;2;1;1;2;63;80, BD ALBERT 1ER;M;4481380.0;-56671.0;330
21389;201500023752;15;9;16;815;1;2;1;1;2;63;325, BD DU PRESIDENT WIL;M;4485049.0;-59604.0;330
21390;201500023753;15;9;15;1908;1;2;1;1;6;63;52, RUE Emile COMBES;M;4483605.0;-60929.0;330
21391;201500023754;15;9;14;110;5;2;1;2;7;63;200 RUE CAMILLE GODARD;M;4485470.0;-58466.0;330
21392;201500023755;15;9;14;1105;1;2;1;1;2;63;32, BD GEORGE V;M;4482646.0;-59087.0;330
21393;201500023756;15;9;15;1750;1;2;2;1;1;63;RUE LEBERTHON;M;4483088.0;-57573.0;330
21394;201500023758;15;9;7;1815;1;2;1;1;6;522;73 R. 14 JUILLET;M;4482080.0;-58732.0;330
21395;201500023760;15;9;9;1700;1;2;1;1;3;119;RUE DU DOCTEUR SCHWEITZE;M;4486190.0;-52046.0;330
21396;201500023761;15;9;13;718;5;2;6;1;6;63;R. SON TAY/R. BAC NINH;M;4482610.0;-55242.0;330
21397;201500023762;15;9;20;1815;1;2;1;1;6;63;83, RUE JOSEPH BRUNET;M;4487688.0;-54447.0;330
21398;201500023763;15;9;20;805;1;2;1;1;2;63;281, CRS DE LA SOMME;M;4481920.0;-57234.0;330
21399;201500023764;15;9;13;1500;1;2;1;1;2;192;4 R. PR VILLEMIN;M;4478440.0;-60868.0;330
21400;201500023765;15;9;14;1705;1;2;3;1;6;119;74, AVE RENE CASSAGNE;M;4485901.0;-51520.0;330
21401;201500023766;15;9;8;1050;1;2;2;1;1;192;CRXMONJOUS/MARAISML JUIN;M;4477460.0;-59722.0;330
21402;201500023767;15;9;9;930;1;2;2;1;3;522;CRS MARECHAL GALLIENI;M;4482187.0;-59395.0;330
21403;201500023768;15;9;9;2010;1;2;2;1;3;69;AVE DE TIVOLI;M;4487057.0;-59827.0;330
21404;201500023769;15;9;9;1715;1;2;2;1;1;192;RTE DE CANEJAN;M;4477598.0;-62156.0;330
21405;201500023770;15;9;10;815;1;2;6;1;6;550;RUE THIERS;M;4476570.0;-58038.0;330
21406;201500023771;15;9;17;1600;1;2;6;1;2;119;AVE RENE CASSAGNE;M;4485080.0;-51761.0;330
21407;201500023772;15;9;22;1348;1;2;3;2;2;63;CRS MARNE/CRS BARBEY;M;4482850.0;-56205.0;330
21408;201500023773;15;9;22;800;1;2;1;2;6;63;79, AVE D'EYSINES CAUD;M;4485410.0;-59774.0;330
21409;201500023774;15;9;21;1000;1;2;1;1;2;249;RUE D'YVRAC;M;4487965.0;-50581.0;330
21410;201500023775;15;9;22;830;1;2;3;1;3;63;123, RUE JULES FERRY CAU;M;4484357.0;-60818.0;330
21411;201500023776;15;9;22;1350;1;2;1;2;2;63;51, BD DU PDT FRANKLIN R;M;4481950.0;-58025.0;330
21412;201500023777;15;9;22;1500;1;2;3;3;3;63;AVE DES QUARANTE JOURNAU;M;4487870.0;-56847.0;330
21413;201500023778;15;9;23;1445;1;2;1;1;3;63;55, BD GEORGE V;M;4482570.0;-59001.0;330
21414;201500023779;15;9;24;830;1;2;1;1;5;13;ROUTE NATIONALE 89;M;4486619.0;-48033.0;330
21415;201500023780;15;9;17;2100;5;2;2;1;1;162;AVE DU MEDOC;M;4488020.0;-62764.0;330
21416;201500023781;15;9;18;1735;1;2;1;1;5;63;CURIE (BD JOLIOT);M;4484552.0;-53898.0;330
21417;201500023782;15;9;23;1220;1;1;3;1;3;63;AVREPUBLIQUE/PIERRE LOTI;M;4483960.0;-60683.0;330
21418;201500023785;15;9;15;1810;1;2;3;1;3;63;AVE DU MAL DE LATTRE DE;M;4485556.0;-61502.0;330
21419;201500023786;15;9;14;1325;1;2;1;1;4;63;120, BD JEAN-JACQUES BOS;M;4481840.0;-54620.0;330
21420;201500023787;15;9;15;1830;1;2;6;1;3;192;R. POUMEY/RTE LEOGNAN;M;4476780.0;-61182.0;330
21421;201500023788;15;9;16;1200;1;2;3;1;3;281;52, AVE DE LA SOMME;M;4483180.0;-65505.0;330
21422;201500023789;15;9;16;1630;1;2;1;6;3;200;222, AVE PASTEUR;M;4487557.0;-67948.0;330
21423;201500023790;15;9;15;745;2;2;3;1;2;69;PDT A.CHEKKAL/MLTASSIGNY;M;4486400.0;-60551.0;330
21424;201500023791;15;9;25;800;1;2;3;1;4;63;AVE DE LABARDE;M;4490684.0;-55578.0;330
21425;201500023792;15;9;25;1915;2;2;2;1;3;63;1R.P.LOUIS LANDE/CURSOL;M;4483500.0;-57522.0;330
21426;201500023793;15;9;16;2000;5;2;1;1;3;522;59 R.ALDONA-RES RIMBAUD;M;4479890.0;-58651.0;330
21427;201500023794;15;9;16;1020;1;2;4;1;2;63;PCE DE LATULE;M;4487026.0;-56645.0;330
21428;201500023795;15;9;25;410;5;2;1;1;7;63;244, RUE CARLE VERNET;M;4481559.0;-55659.0;330
21429;201500023796;15;9;17;1820;1;2;3;1;5;63;RUE STEHELIN CAUD;M;4485572.0;-62551.0;330