;Num_Acc;an;mois;jour;hrmn;lum;agg;int;atm;col;com;adr;gps;lat;long;dep
21430;201500023797;15;9;18;1900;1;2;2;1;3;63;QUAI SAINTE- CROIX;M;4483150.0;-55860.0;330
21431;201500023798;15;9;20;945;1;2;5;1;1;63;PCE DE LONGCHAMPS;M;4484990.0;-58187.0;330
21432;201500023799;15;9;21;1800;1;2;4;1;2;167;1ALL CERISIERS/MARTOURET;M;4483740.0;-51229.0;330
21433;201500023800;15;9;17;2140;5;2;1;1;3;63;50, RUE DU TAUZIN;M;4482050.0;-60207.0;330
21434;201500023801;15;9;24;2045;5;2;3;1;3;281;AVE FRANCOIS MITTERRAND;M;4482750.0;-61373.0;330
21435;201500023802;15;9;21;940;1;2;3;1;1;522;AVE DES ARTS ET METIERS;M;4480630.0;-60184.0;330
21436;201500023803;15;9;22;1745;1;2;1;1;2;119;AVE CARNOT;M;4485980.0;-52970.0;330
21437;201500023805;15;9;23;1225;1;2;2;1;6;39;PL XIV JUILLET/LGAMBETTA;M;4480750.0;-54887.0;330
21438;201500023806;15;9;24;910;1;2;1;1;3;63;8,R. PR ANDRE LAVIGNOLLE;M;4488500.0;-56855.0;330
21439;201500023807;15;9;25;1810;1;2;3;1;1;281;R.I.NEWTON/R.G.OHM;M;4483200.0;-66673.0;330
21440;201500023808;15;9;23;740;1;2;3;1;3;281;AV ST MEDARD/P.COUBERTIN;M;4486220.0;-64511.0;330
21441;201500023809;15;9;25;2120;5;2;2;1;2;63;BD ANTOINE GAUTIER;M;4483646.0;-59886.0;330
21442;201500023810;15;9;23;1145;1;2;2;1;3;63;QUAI DE PALUDATE;M;4483140.0;-55841.0;330
21443;201500023811;15;9;25;2240;5;2;3;1;3;281;AVE DE MAGUDAS;M;4485740.0;-66018.0;330
21444;201500023814;15;9;29;740;1;2;1;1;6;63;111, BD ALFRED DANEY;M;4486850.0;-56971.0;330
21445;201500023815;15;10;2;555;5;2;3;1;6;63;QUAI DE PALUDATE;M;4482880.0;-55383.0;330
21446;201500023816;15;9;30;2100;5;2;2;1;1;63;CRS BALGUERIE STUTTENBER;M;4485603.0;-57009.0;330
21447;201500023817;15;9;24;2045;5;2;1;1;3;318;66, AVE DE MADRAN;M;4480510.0;-65662.0;330
21448;201500023818;15;10;3;1540;1;2;3;1;3;63;BD JOLIOT-CURIE;M;4483877.0;-54560.0;330
21449;201500023819;15;9;24;1130;1;2;3;1;3;522;RUE ROBESPIERRE;M;4480793.0;-57987.0;330
21450;201500023820;15;9;25;1620;1;2;6;1;2;318;AVE DE SAIGE;M;4478640.0;-63742.0;330
21451;201500023821;15;9;26;1845;1;2;1;1;4;281;AVE FRANCOIS MITTERRAND;M;4482374.0;-64025.0;330
21452;201500023822;15;8;31;1739;1;2;1;1;6;63;FRERESMOGAAPFEUX=>CROIX;M;4483180.0;-55802.0;330
21453;201500023823;15;9;29;810;1;2;3;1;3;281;RUE DU LOGEY;M;4483765.0;-66722.0;330
21454;201500023824;15;9;27;1225;1;2;2;1;1;167;RUE GEORGES LITALIEN;M;4483160.0;-53698.0;330
21455;201500023825;15;9;28;1545;1;2;1;1;6;69;AVE DE LA LIBERATION-CH.;M;4486906.0;-60865.0;330
21456;201500023826;15;9;29;1950;2;2;2;1;3;63;LIBERATION (CRS DE LA);M;4483280.0;-58179.0;330
21457;201500023828;15;10;1;2110;5;2;2;1;3;69;AVE VICTOR HUGO;M;4486385.0;-59039.0;330
21458;201500023829;15;9;28;1750;1;2;2;1;3;39;BD ALBERT 1ER;M;4481285.0;-56137.0;330
21459;201500023830;15;9;28;1815;1;2;3;1;3;69;129, AVE DE LA LIBERATIO;M;4485938.0;-59892.0;330
21460;201500023831;15;10;1;935;1;2;2;1;3;200;AV MEDOC/BRET CANTINOLLE;M;4489340.0;-66904.0;330
21461;201500023832;15;9;30;1245;1;2;1;1;3;281;14, AVE DE L'ALOUETTE;M;4482793.0;-66431.0;330
21462;201500023833;15;10;2;905;1;2;1;1;3;281;85, CRS D'ORNANO;M;4483360.0;-61790.0;330
21463;201500023834;15;10;2;753;1;2;1;1;6;167;121, CRS GAMBETTA;M;4484340.0;-53174.0;330
21464;201500023835;15;10;6;655;5;2;1;1;3;63;112, BD MARECHAL LECLERC;M;4482856.0;-59394.0;330
21465;201500023836;15;10;6;2150;5;2;1;2;4;63;35, QUAI DE BACALAN;M;4485810.0;-55862.0;330
21466;201500023837;15;10;2;815;1;2;3;1;4;192;14, RTE DE CANEJAN;M;4478510.0;-61086.0;330
21467;201500023838;15;10;7;1450;1;2;1;1;4;63;AVE DE NONTRASTE;M;4487746.0;-56348.0;330
21468;201500023839;15;10;4;1810;1;2;2;1;3;318;BOURGAILH (AVE DU);M;4479944.0;-66312.0;330
21469;201500023841;15;10;2;1900;1;2;1;2;1;167;CHEM DE CAUMONT;M;4484170.0;-52366.0;330
21470;201500023842;15;10;8;1610;1;2;1;1;6;63;RUE ROBERT SCHUMAN;M;4485889.0;-58316.0;330
21471;201500023843;15;10;2;1340;1;2;3;1;3;75;AVE J. CHABAN DELMAS;M;4487724.0;-57956.0;330
21472;201500023844;15;10;5;725;2;2;1;1;1;200;51, RES EDMOND ROSTAND;M;4486250.0;-67144.0;330
21473;201500023845;15;10;8;820;1;2;2;1;3;63;CITE DUNOYER;M;4482635.0;-59353.0;330
21474;201500023846;15;10;8;1030;1;2;3;1;3;63;30, RUE DU PEUGUE;M;4483293.0;-58799.0;330
21475;201500023847;15;10;7;1240;1;2;3;1;3;281;AVE LEON BLUM;M;4485188.0;-63711.0;330
21476;201500023848;15;10;9;915;1;2;1;1;2;63;226, AVE THIERS;M;4484720.0;-54832.0;330
21477;201500023849;15;10;9;2130;5;2;2;1;6;63;AVE DES TROIS CARDINAUX;M;4488800.0;-55738.0;330
21478;201500023850;15;10;9;835;1;2;3;1;6;63;RUE EUGENE JACQUET;M;4482510.0;-61299.0;330
21479;201500023851;15;10;10;1015;1;2;2;1;3;63;RUE JUDAIQUE;M;4484120.0;-58671.0;330
21480;201500023853;15;10;7;1910;1;2;1;1;2;13;BD FEYDEAU;M;4484840.0;-49984.0;330
21481;201500023854;15;10;10;1435;1;2;2;1;3;63;AVE DU MAL DE LATTRE DE;M;4485707.0;-61986.0;330
21482;201500023855;15;10;10;1900;1;2;1;1;6;63;RUE DE SAGET;M;4482700.0;-55859.0;330
21483;201500023856;15;10;11;1610;1;2;4;1;6;63;12, RUE DE LA COUR DES A;M;4483980.0;-56976.0;330
21484;201500023857;15;10;10;1410;1;2;1;1;6;63;109, QUAI DES CHARTRONS;M;4485530.0;-56437.0;330
21485;201500023858;15;10;10;2005;1;2;2;1;3;63;RUE DUMONTEIL;M;4482654.0;-59280.0;330
21486;201500023859;15;10;11;2330;5;2;3;1;6;63;RUE PAULINE KERGOMARD;M;4482320.0;-57717.0;330
21487;201500023860;15;10;7;1220;1;2;6;2;3;200;RUE GEORGES CLEMENCEAU;M;4487789.0;-67712.0;330
21488;201500023862;15;10;10;1405;1;2;1;1;6;63;BD JOLIOT-CURIE;M;4483760.0;-54861.0;330
21489;201500023863;15;10;7;1640;1;2;1;1;3;318;8, AVE JEAN BABIN;M;4479190.0;-62224.0;330
21490;201500023864;15;10;8;2000;5;2;2;1;2;281;44 AV LA MARNE/G.MANDEL;M;4483680.0;-62132.0;330
21491;201500023865;15;10;7;715;2;2;2;1;3;162;RTE DU MEDOC;M;4487790.0;-62394.0;330
21492;201500023866;15;10;8;1210;1;2;2;1;6;39;XIV JUILLET/L.GAMBETTA;M;4480750.0;-54887.0;330
21493;201500023867;15;10;13;1850;1;2;1;1;5;63;164, BD ALFRED DANEY;M;4486880.0;-56879.0;330
21494;201500023868;15;10;13;2055;5;2;1;1;2;63;ALBRET (CRS D);M;4483471.0;-58039.0;330
21495;201500023869;15;10;13;550;5;2;2;1;3;63;PCE DE LATULE;M;4486970.0;-56665.0;330
21496;201500023871;15;10;9;740;2;2;3;1;3;39;ALL BOYER;M;4480939.0;-53735.0;330
21497;201500023872;15;10;8;1720;1;2;1;1;2;522;590, LIBERATION (CRS DE;M;4479937.0;-59786.0;330
21498;201500023873;15;10;13;1920;2;2;1;1;6;63;17, BD ANTOINE GAUTIER;M;4483585.0;-59880.0;330
21499;201500023874;15;10;14;1730;1;2;1;1;6;63;RUE DU BOCAGE <> DU SCH;M;4485090.0;-60055.0;330
21500;201500023875;15;10;8;1540;1;2;1;1;3;249;RUE MICHEL MONTAIGNE;M;4487380.0;-51566.0;330
21501;201500023876;15;10;12;813;1;2;3;1;2;192;76, CRS DU GENERAL DE GA;M;4477570.0;-61152.0;330
21502;201500023877;15;10;13;745;2;2;2;1;3;281;AVE DU CHUT;M;4484730.0;-65825.0;330
21503;201500023878;15;10;12;1330;1;2;1;1;6;39;55, RUE DURCY;M;4479890.0;-54710.0;330
21504;201500023879;15;10;13;1440;1;2;6;1;3;119;AVE RENE CASSAGNE;M;4485075.0;-51739.0;330
21505;201500023882;15;10;16;1050;1;2;1;1;2;63;294, CRS DE LA SOMME;M;4481810.0;-57228.0;330
21506;201500023883;15;10;13;2230;5;2;2;1;1;281;AVE PRESIDENT J.F. KENNE;M;4483344.0;-66611.0;330
21507;201500023884;15;10;10;1020;1;2;2;1;3;69;RUE FRANCIS DE PRESSENSE;M;4485866.0;-60339.0;330
21508;201500023885;15;10;17;130;5;2;2;1;1;63;CRS DE LA MARNE;M;4482982.0;-56805.0;330
21509;201500023886;15;10;18;1700;1;2;2;2;2;63;CRS MARECHAL JUIN;M;4483560.0;-58412.0;330
21510;201500023887;15;10;17;1615;1;2;1;1;4;63;29,31,33 BD PIERRE 1ER;M;4485540.0;-59241.0;330
21511;201500023888;15;10;18;2045;5;2;2;1;4;63;AVE DE MERIGNAC CAUD;M;4483879.0;-62583.0;330
21512;201500023889;15;10;16;725;5;2;2;1;6;162;RUE DES TREYTINS;M;4487910.0;-63484.0;330
21513;201500023890;15;10;15;1845;2;2;2;1;6;200;40, AVE DE LA REPUBLIQUE;M;4487350.0;-68309.0;330
21514;201500023891;15;10;19;918;1;2;2;1;6;63;71, CRS DE LA MARNE;M;4482980.0;-56805.0;330
21515;201500023892;15;10;20;906;1;2;3;1;3;63;AVE LOUIS BARTHOU CAUD;M;4485240.0;-61855.0;330
21516;201500023893;15;10;20;1445;1;2;1;1;6;63;RUE DES FRERES PORTMANN;M;4486009.0;-57829.0;330
21517;201500023894;15;10;19;1815;1;2;2;1;3;281;AVE DE L'YSER;M;4484197.0;-66076.0;330
21518;201500023895;15;10;20;1210;1;2;2;1;3;318;AVE MAL DE LATTRE DE TAS;M;4478238.0;-68901.0;330
21519;201500023896;15;10;20;1700;1;2;3;1;3;318;RUE MONGE;M;4477907.0;-65990.0;330
21520;201500023898;15;10;19;1200;1;2;2;1;3;281;RUE AUGUSTE LAMIRE;M;4484011.0;-63353.0;330
21521;201500023899;15;10;19;1940;5;2;1;1;3;39;141, RTE DE TOULOUSE;M;4480990.0;-57395.0;330
21522;201500023900;15;10;20;1320;1;2;2;1;3;281;AVE DE LA LIBERATION;M;4485250.0;-64518.0;330
21523;201500023901;15;10;19;1717;1;2;1;1;3;318;31,V GL LECLERC AP MORIN;M;4479590.0;-66741.0;330
21524;201500023903;15;10;20;1810;1;2;3;1;6;550;R. PR CHAVANNAZ/R.VERDUN;M;4476980.0;-58751.0;330
21525;201500023904;15;10;22;1700;1;2;3;2;3;119;RUE DU 8 MAI 1945;M;4485220.0;-51326.0;330
21526;201500023905;15;10;25;2345;5;2;2;1;3;63;81, YSER (CRS DE L);M;4482690.0;-56923.0;330
21527;201500023907;15;10;23;1300;1;2;1;1;6;63;16, QUAI DE LA MONNAIE;M;4483400.0;-56292.0;330
21528;201500023908;15;10;24;1700;1;2;5;1;1;63;RUE DE BEGLES;M;4481522.0;-56534.0;330
21529;201500023909;15;10;25;414;5;2;1;1;3;63;12, QUAI LOUIS XVIII;M;4484760.0;-57104.0;330
21530;201500023910;15;10;25;1740;1;2;3;1;2;63;181, MEDOC (CRS DU);M;4486420.0;-57379.0;330
21531;201500023911;15;10;26;1715;1;2;1;1;6;63;BD ALFRED DANEY;M;4487053.0;-56503.0;330
21532;201500023912;15;10;26;1830;5;2;4;1;6;63;ALL VERCINGETORIX;M;4484240.0;-58465.0;330
21533;201500023913;15;10;27;1755;5;2;3;3;6;63;RUE DE LA BECHADE;M;4482510.0;-59874.0;330
21534;201500023914;15;10;27;1820;5;2;6;3;6;192;R,du Moulineau;M;4477076.0;-60946.0;330
21535;201500023917;15;10;28;1852;5;2;3;1;6;63;4, RUE ERIK SATIE;M;4484510.0;-62853.0;330
21536;201500023918;15;10;28;2030;5;2;1;2;3;63;178, RUE STEHELIN CAUD;M;4485690.0;-63624.0;330
21537;201500023919;15;10;29;1400;1;2;1;1;2;63;BD GODARD;M;4486051.0;-58843.0;330
21538;201500023921;15;10;29;830;1;2;1;1;6;318;21, RUE JEAN PERRIN;M;4477880.0;-66043.0;330
21539;201500023922;15;10;24;2000;5;2;1;1;2;162;153, AVE DE SAINT-MEDARD;M;4486270.0;-65157.0;330
21540;201500023923;15;10;27;1300;1;2;2;1;3;119;BD ENTRE DEUX MERS;M;4484601.0;-53519.0;330
21541;201500023924;15;10;29;1930;5;2;2;1;3;63;BD JEAN-JACQUES BOSC;M;4481885.0;-54514.0;330
21542;201500023925;15;10;26;1055;1;2;1;1;3;550;26, RTE DE LEOGNAN;M;4476846.0;-57949.0;330
21543;201500023926;15;10;29;1950;5;2;3;1;3;63;CRS DE LA SOMME;M;4483000.0;-57239.0;330
21544;201500023927;15;10;23;1800;1;2;2;1;3;281;AVE HENRI BARBUSSE;M;4485624.0;-64189.0;330
21545;201500023928;15;10;30;1945;5;2;1;1;2;63;BD ALIENOR D'AQUITAINE;M;4487390.0;-56521.0;330
21546;201500023929;15;11;1;1210;1;2;7;1;6;63;BD ALBERT BRANDENBURG;M;4487550.0;-55310.0;330
21547;201500023930;15;11;2;1630;1;2;1;1;5;63;12, CRS SAINT LOUIS;M;4485610.0;-57109.0;330
21548;201500023931;15;11;3;855;1;2;3;1;3;63;QUAI DE LA SOUYS;M;4483080.0;-54464.0;330
21549;201500023932;15;10;28;545;5;2;6;1;3;192;CRX MONJOUS/BENEDIGUES;M;4477720.0;-59293.0;330
21550;201500023933;15;10;31;1815;5;2;3;1;6;63;10CRSB.STUTTENBERG/BORIE;M;4485530.0;-57115.0;330
21551;201500023934;15;11;4;1010;1;2;1;1;3;63;RUE FRANCIS GARNIER;M;4487400.0;-56351.0;330
21552;201500023936;15;11;4;1019;1;2;2;1;3;63;160, REPUBLIQUE CAUD (AV;M;4483954.0;-60768.0;330
21553;201500023937;15;11;4;1345;1;2;2;1;2;63;RUE PELLEPORT/BILLAUDEL;M;4482240.0;-56219.0;330
21554;201500023938;15;10;30;1738;1;2;1;1;3;39;12 14C, RUE DURCY;M;4479958.0;-54375.0;330
21555;201500023939;15;11;6;1210;1;2;3;1;6;63;PCE DE LA VICTOIRE;M;4483060.0;-57337.0;330
21556;201500023940;15;11;6;2040;5;2;4;1;1;63;AVE DE VERDUN CAUD;M;4486030.0;-61264.0;330
21557;201500023941;15;11;4;1705;1;2;6;1;6;192;AV L'HIPPODROME/POTERIE;M;4477350.0;-63948.0;330
21558;201500023942;15;11;6;1200;1;2;2;1;2;63;BOSC (BD JEAN-JACQUES);M;4481470.0;-55287.0;330
21559;201500023944;15;11;8;1120;1;2;6;1;3;63;PCE MAREILHAC;M;4487650.0;-55103.0;330
21560;201500023946;15;10;30;930;1;2;2;1;1;550;RUE RAYMOND POINCARE;M;4476190.0;-57071.0;330
21561;201500023947;15;11;6;1700;1;2;3;1;1;75;118, AVE JEAN JAURES;M;4487500.0;-59044.0;330
21562;201500023948;15;11;9;220;5;2;2;1;6;63;ALL DE TOURNY;M;4484520.0;-57705.0;330
21563;201500023949;15;11;9;710;2;2;3;1;2;63;PONT Jacques CHABAN DELM;M;4485600.0;-54953.0;330
21564;201500023950;15;11;9;2020;5;2;2;1;2;63;QUAI DE BACALAN;M;4486240.0;-55105.0;330
21565;201500023951;15;11;9;1300;1;2;2;1;3;63;BD JEAN-JACQUES BOSC;M;4481714.0;-54849.0;330
21566;201500023952;15;11;9;1620;1;2;1;1;6;63;72, QUAI DES CHARTRONS;M;4485310.0;-56740.0;330
21567;201500023953;15;11;3;1030;1;2;3;1;3;200;RUE HUSTIN;M;4487377.0;-68521.0;330
21568;201500023954;15;11;11;720;1;2;1;1;6;63;QUAI DES CHARTRONS;M;4484980.0;-56992.0;330
21569;201500023955;15;11;4;1040;1;2;2;1;3;39;RUE LAUDINAT;M;4481248.0;-54654.0;330
21570;201500023956;15;11;11;145;4;2;4;1;6;63;RUE GEORGES BONNAC;M;4483830.0;-59068.0;330
21571;201500023957;15;11;5;2110;5;2;3;1;6;281;LIBERATION (AVE DE LA);M;4484590.0;-64451.0;330
21572;201500023958;15;11;3;1430;1;2;2;2;2;550;RTE DE TOULOUSE;M;4479690.0;-56844.0;330
21573;201500023959;15;11;4;1230;1;2;1;1;2;318;73, AVE JEAN JAURES;M;4480970.0;-62216.0;330
21574;201500023960;15;11;11;620;5;2;1;5;1;63;VOIE D'ACCES PONT SAINT;M;4483070.0;-55564.0;330
21575;201500023961;15;11;10;830;1;2;1;1;2;63;PONT Jacques CHABAN DELM;M;4485840.0;-55174.0;330
21576;201500023962;15;11;8;1510;1;2;3;1;3;318;AVE DU GENERAL LECLERC;M;4478320.0;-68707.0;330
21577;201500023963;15;11;5;750;1;2;2;1;3;39;RUE LAUDINAT;M;4481250.0;-54657.0;330
21578;201500023964;15;11;7;2330;5;2;1;1;6;13;AVE DE VIRECOURT;M;4485370.0;-50371.0;330
21579;201500023965;15;11;10;1450;1;2;3;1;3;63;PCE MARTYRS DE LA RESIST;M;4484160.0;-58350.0;330
21580;201500023966;15;11;12;1830;5;2;2;5;3;63;RUE MANON CORMIER;M;4483050.0;-59275.0;330
21581;201500023967;15;11;12;1115;1;2;3;1;1;63;STEHLIN/LAGRAVEYRE;M;4485600.0;-62671.0;330
21582;201500023968;15;11;12;1910;5;2;3;5;3;63;Avenue Thiers;M;4484460.0;-55261.0;330
21583;201500023969;15;11;13;1735;5;2;3;1;6;63;43, CRS PORTAL;M;4485380.0;-57259.0;330
21584;201500023970;15;11;13;2215;3;2;4;1;2;13;RN 89;M;4486850.0;-50292.0;330
21585;201500023971;15;11;12;1300;1;2;3;1;6;63;243, RUE DE PESSAC;M;4482560.0;-58874.0;330
21586;201500023972;15;11;13;1500;1;2;6;1;3;63;PCE RAVEZIES/BD GODARD;M;4486580.0;-57611.0;330
21587;201500023973;15;11;15;256;5;2;3;5;6;63;Q.LOUIS XVIII/ALL MUNICH;M;4484490.0;-57098.0;330
21588;201500023974;15;11;13;1915;5;2;3;1;3;63;CRS D'ALBRET;M;4483734.0;-58121.0;330
21589;201500023976;15;11;10;800;1;2;6;5;3;69;RUE MARIUS MARCHANDOU;M;4486350.0;-60651.0;330
21590;201500023977;15;11;10;1835;5;2;2;1;3;65;QUAI DE LA SOUYS;M;4481710.0;-52943.0;330
21591;201500023978;15;11;16;1340;1;1;3;1;3;63;DESCHAMPS (QUAI );M;4483939.0;-55905.0;330
21592;201500023979;15;11;16;840;1;2;3;1;3;63;RUE STEHELIN CAUD;M;4485680.0;-63671.0;330
21593;201500023980;15;11;15;2325;5;2;1;1;6;167;VOIE PENETRANTE EST;M;4484350.0;-52810.0;330
21594;201500023981;15;11;5;819;1;2;1;1;2;162;22, AVE DU TAILLAN-MEDOC;M;4487320.0;-63408.0;330
21595;201500023982;15;11;12;1810;5;2;1;1;4;281;455, AVE DE VERDUN;M;4484100.0;-64284.0;330
21596;201500023984;15;11;15;25;5;2;1;5;6;162;218, AVE DU MEDOC;M;4488860.0;-64552.0;330
21597;201500023985;15;11;18;2230;1;2;2;8;3;63;RUE EDMOND COSTEDOAT;M;4483199.0;-57787.0;330
21598;201500023986;15;11;18;1155;1;2;3;1;6;63;PCE DE LA VICTOIRE;M;4483100.0;-57341.0;330
21599;201500023987;15;11;16;1725;2;2;3;1;3;119;62, AVE RENE CASSAGNE;M;4485965.0;-51500.0;330
21600;201500023988;15;11;19;1440;1;2;1;2;2;63;BD ALFRED DANEY;M;4487137.0;-56299.0;330
21601;201500023989;15;11;19;840;1;2;2;1;3;63;RUE LAGRANGE;M;4485141.0;-58226.0;330
21602;201500023991;15;11;22;230;5;2;2;1;3;63;BD GEORGE V;M;4482533.0;-58915.0;330
21603;201500023992;15;11;21;545;5;2;1;2;6;63;19, QUAI DES SALINIERES;M;4483530.0;-56455.0;330
21604;201500023993;15;11;20;1700;1;2;5;2;3;63;CRS PASTEUR;M;4483510.0;-57499.0;330
21605;201500023994;15;11;19;1010;1;2;3;2;6;119;AVE RENE CASSAGNE;M;4485320.0;-51685.0;330
21606;201500023995;15;11;16;1500;1;2;2;1;5;39;JGUESDE/PL XIV JUILLET;M;4480760.0;-54895.0;330
21607;201500023996;15;11;9;840;1;2;3;1;3;522;RUE LAFONTAINE;M;4480290.0;-58401.0;330
21608;201500023997;15;11;12;1425;1;2;2;1;6;75;CHN REDUIT/BACCHUS;M;4488410.0;-59916.0;330
21609;201500023999;15;11;19;1640;1;2;2;1;3;281;AVE PIERRE MENDES FRANCE;M;4483766.0;-64088.0;330
21610;201500024000;15;11;16;1930;5;2;3;1;5;522;RUE PEYDAVANT;M;4480436.0;-58672.0;330
21611;201500024001;15;11;19;815;1;2;3;2;2;167;Av GASTON CABANNES;M;4482390.0;-52129.0;330
21612;201500024002;15;11;20;1815;3;2;2;1;6;119;RUE DU MARECHAL FOCH;M;4485510.0;-53057.0;330
21613;201500024003;15;11;22;1015;1;2;2;1;6;167;AVE GASTON CABANNES;M;4483020.0;-52724.0;330
21614;201500024005;15;11;21;1545;1;2;1;1;4;13;AVE DE L' ILE DE FRANCE;M;4484350.0;-49658.0;330
21615;201500024006;15;11;22;1825;5;2;1;1;5;281;AVE MARCEL DASSAULT;M;4484550.0;-67652.0;330
21616;201500024007;15;11;25;1430;1;2;3;2;2;63;BD ALFRED DANEY;M;4486696.0;-57323.0;330
21617;201500024008;15;11;27;756;1;2;2;1;3;63;BD ANTOINE GAUTIER;M;4483144.0;-59836.0;330
21618;201500024009;15;11;27;1915;5;2;1;2;2;63;RTE DE TOULOUSE;M;4481413.0;-57285.0;330
21619;201500024010;15;11;21;1400;1;2;3;3;7;63;RUE GINER DE LOS RIOS;M;4482814.0;-57240.0;330
21620;201500024011;15;11;28;1400;1;2;3;1;3;63;QUAI DE BACALAN;M;4485967.0;-55470.0;330
21621;201500024012;15;11;26;1108;1;2;1;1;6;63;AV DES 40 JOURNAUX;M;4488220.0;-56788.0;330
21622;201500024013;15;11;24;1800;5;2;6;2;2;281;RUE JACQUES PREVERT;M;4484310.0;-67036.0;330
21623;201500024014;15;11;24;1810;5;2;2;1;3;318;AVE CARNOT;M;4479628.0;-67128.0;330
21624;201500024015;15;11;28;240;5;2;1;2;2;63;QUAI DE LA SOUYS;M;4483350.0;-54992.0;330
21625;201500024016;15;11;26;1650;2;2;3;1;3;167;AVE JEAN ALFONSEA;M;4482630.0;-52661.0;330
21626;201500024017;15;11;27;735;2;2;6;1;6;13;AVE DE L'EGLISE ROMANE;M;4485260.0;-48180.0;330
21627;201500024020;15;11;27;1730;5;2;2;1;3;32;RUE JEAN-JACQUES ROUSSEA;M;4490750.0;-51043.0;330
21628;201500024021;15;11;30;900;1;2;2;1;3;63;RUE FRANCOIS DE SOURDIS;M;4483120.0;-58734.0;330
21629;201500024022;15;11;30;915;1;2;3;1;3;63;QUAI DESCHAMPS;M;4483779.0;-55736.0;330
21630;201500024023;15;11;28;1010;1;2;3;1;1;281;ALL SAN MARCO;M;4482503.0;-62225.0;330
21631;201500024024;15;12;1;830;1;2;2;5;3;63;BD DU PRESIDENT WILSON;M;4484670.0;-59815.0;330
21632;201500024025;15;12;1;850;1;2;2;5;3;63;RUE LARTIGUE;M;4487173.0;-54871.0;330
21633;201500024026;15;11;27;1515;1;2;1;1;3;63;108, BD GEORGE V;M;4482431.0;-58761.0;330
21634;201500024027;15;11;26;1630;1;2;1;2;2;63;42, CRS MARECHAL GALLIEN;M;4482440.0;-59108.0;330
21635;201500024028;15;12;2;840;1;2;3;1;6;63;RUE POUJEAU CAUD;M;4485520.0;-62470.0;330
21636;201500024029;15;12;2;1420;1;2;3;1;6;63;MARNE (CRS DE LA);M;4483070.0;-57191.0;330
21637;201500024031;15;12;3;1930;5;2;1;1;3;63;CRS DU MARECHAL GALLIENI;M;4482230.0;-59366.0;330
21638;201500024032;15;12;3;1645;1;2;3;1;2;63;RUE DAVID JOHNSTON;M;4485010.0;-58197.0;330
21639;201500024033;15;11;30;1422;1;2;1;1;6;119;AVE ROGER SCHWOB;M;4485500.0;-51827.0;330
21640;201500024034;15;11;30;1715;1;2;3;1;6;119;2, RUE PAUL BERT;M;4484820.0;-50566.0;330
21641;201500024035;15;11;30;2130;5;2;1;1;2;522;RUE FRANCOIS RABELAIS;M;4479740.0;-59924.0;330
21642;201500024036;15;12;1;2120;5;2;3;1;3;522;AVE ROUL;M;4480590.0;-59851.0;330
21643;201500024037;15;12;1;1535;1;2;2;1;4;281;RUE JACQUES ANQUETIL;M;4483080.0;-66489.0;330
21644;201500024039;15;11;30;1130;1;2;1;1;3;63;243, BD GODARD;M;4486422.0;-57999.0;330
21645;201500024040;15;12;6;905;1;2;1;1;3;63;RUE BRIZARD;M;4484005.0;-59175.0;330
21646;201500024041;15;12;2;2135;5;2;6;5;6;192;158, RTE DE CANEJAN;M;4477010.0;-62875.0;330
21647;201500024042;15;12;5;1400;1;2;3;1;3;63;AVE DE LABARDE;M;4490683.0;-55584.0;330
21648;201500024043;15;12;6;1820;5;2;3;1;2;63;RUE FONDAUDEGE;M;4484778.0;-58169.0;330
21649;201500024044;15;12;6;1635;1;2;1;1;1;63;ALL DE BOUTAUT;M;4486743.0;-57573.0;330
21650;201500024045;15;12;4;1240;1;2;1;1;6;281;AV CHAPEL.STE-BERNADETTE;M;4482260.0;-62269.0;330
21651;201500024046;15;12;3;1630;1;2;2;1;6;281;AV ST MEDARD;M;4486120.0;-64229.0;330
21652;201500024047;15;12;2;1330;1;2;1;1;3;75;120 RTE DU MEDOC;M;4487450.0;-61883.0;330
21653;201500024048;15;12;7;1730;5;2;2;1;3;75;AVE CHARLES DE GAULLE;M;4488563.0;-61088.0;330
21654;201500024050;15;12;9;750;2;2;1;8;3;63;QUAI DE BACALAN;M;4485757.0;-55964.0;330
21655;201500024051;15;12;9;855;1;2;3;5;6;63;Q.BACALAN/PONT CH.DELMAS;M;4486030.0;-55367.0;330
21656;201500024052;15;12;9;930;1;2;1;1;2;63;69RUE PELOUSE DE DOUET;M;4482990.0;-60723.0;330
21657;201500024053;15;12;7;1130;1;2;1;1;3;167;2, RUE DE L'OBSERVATOIRE;M;4483541.0;-52340.0;330
21658;201500024055;15;12;6;115;5;2;1;1;1;119;AVE CARNOT;M;4485780.0;-53111.0;330
21659;201500024056;15;12;2;1605;1;1;1;1;1;281;AVE RENE CASSIN;M;4483310.0;-69716.0;330
21660;201500024057;15;12;10;1830;5;2;3;1;3;63;PCE PAUL DOUMER;M;4485216.0;-57363.0;330
21661;201500024058;15;12;5;2000;5;2;2;1;3;32;AVE LAMARTINE;M;4490450.0;-51507.0;330
21662;201500024059;15;12;4;815;1;2;1;1;2;281;4, AVE MARCEL DASSAULT;M;4484780.0;-67863.0;330
21663;201500024060;15;12;5;1645;1;2;2;1;1;281;RUE JEAN GIONO;M;4485307.0;-64732.0;330
21664;201500024061;15;12;3;1845;1;2;2;1;3;550;RUE RAYMOND POINCARE;M;4476480.0;-57075.0;330