;Num_Acc;an;mois;jour;hrmn;lum;agg;int;atm;col;com;adr;gps;lat;long;dep
21665;201500024062;15;12;4;2320;5;2;3;1;6;318;RUE ROSSINI;M;4481430.0;-61610.0;330
21666;201500024063;15;12;3;830;1;2;3;5;1;318;AVE MISSION DU HAUTBRION;M;4480890.0;-60582.0;330
21667;201500024064;15;12;8;1401;1;2;2;1;3;119;AVE G.CLEMENCEAU/A.DUMAS;M;4484980.0;-50902.0;330
21668;201500024065;15;12;6;14;5;2;1;1;3;318;AV ML LAT.TASSIGNY;M;4477740.0;-69977.0;330
21669;201500024066;15;12;11;1600;2;2;1;1;3;63;RUE DOMION CAUD;M;4485680.0;-62445.0;330
21670;201500024067;15;12;12;1345;1;2;2;1;3;63;BD GEORGES POMPIDOU;M;4483250.0;-60233.0;330
21671;201500024068;15;12;11;2140;5;2;3;1;6;63;RUE SCALIGER;M;4484030.0;-59816.0;330
21672;201500024069;15;12;12;1210;1;2;2;1;6;63;CRS DE LA MARNE;M;4482980.0;-56805.0;330
21673;201500024071;15;12;7;1330;1;2;2;1;3;281;AVE DES FRERES ROBINSON;M;4484715.0;-65803.0;330
21674;201500024072;15;12;7;1835;4;2;1;1;6;281;AVE CHARLES LINDBERGH;M;4483580.0;-69178.0;330
21675;201500024073;15;12;13;1800;5;2;1;1;6;63;245 AV MAL LAT.TASSIGNY;M;4485640.0;-61780.0;330
21676;201500024074;15;12;12;1434;1;2;2;1;3;63;RUE LAFONTAINE;M;4482680.0;-56753.0;330
21677;201500024075;15;11;30;1715;1;2;1;1;6;63;16, CRS DE L'INTENDANCE;M;4484197.0;-57610.0;330
21678;201500024076;15;12;14;800;3;1;1;1;4;281;AVE FRANCOIS MITTERRAND;M;4481962.0;-65275.0;330
21679;201500024077;15;12;15;1700;2;2;1;1;2;63;325, AVE THIERS;M;4485110.0;-54207.0;330
21680;201500024078;15;12;10;730;4;2;3;1;3;281;RUE THIERRY SABINE;M;4484377.0;-71837.0;330
21681;201500024079;15;12;8;1415;1;2;3;1;1;249;AVE DE PARIS;M;4488120.0;-51032.0;330
21682;201500024080;15;12;9;1500;1;2;3;1;3;522;AVE DE THOUARS;M;4479904.0;-59291.0;330
21683;201500024081;15;12;9;715;2;2;3;5;3;119;AVE RENE CASSAGNE;M;4485320.0;-51685.0;330
21684;201500024083;15;5;29;905;1;2;4;1;1;63;BD PIERRE 1ER;M;4485899.0;-58959.0;330
21685;201500024084;15;12;12;1830;1;2;3;1;6;281;RUE DU JARD;M;4484300.0;-63951.0;330
21686;201500024085;15;12;10;815;1;2;1;1;6;75;32, RUE RAYMOND PEYRAN;M;4487448.0;-60584.0;330
21687;201500024086;15;12;13;1825;5;2;2;1;3;119;AVE JEAN ZAY;M;4485359.0;-50947.0;330
21688;201500024088;15;12;9;1700;5;2;3;1;3;281;19, AVE JEAN PERRIN;M;4483630.0;-67080.0;330
21689;201500024089;15;12;15;840;1;2;1;1;6;192;RUE DU MOULINEAU;M;4477240.0;-60174.0;330
21690;201500024090;15;12;9;1350;1;2;1;1;3;522;RUE FRANCOIS RABELAIS;M;4479625.0;-59346.0;330
21691;201500024091;15;12;10;750;1;2;2;1;3;39;PL  XIVJUILLET/LGAMBETTA;M;4480750.0;-54887.0;330
21692;201500024092;15;12;11;835;2;2;1;1;3;39;RTE DE TOULOUSE;M;4479795.0;-56889.0;330
21693;201500024093;15;12;13;1820;5;2;2;1;3;318;AVE DE CANEJAN;M;4479292.0;-64706.0;330
21694;201500024094;15;12;17;2105;5;2;2;1;3;63;CRS PORTAL;M;4485430.0;-57226.0;330
21695;201500024095;15;12;14;737;3;2;6;1;1;167;AVE DES MONDAULTS;M;4484290.0;-50341.0;330
21696;201500024096;15;12;16;1505;1;2;3;1;3;63;HUGO (CRS VICTOR);M;4483500.0;-57205.0;330
21697;201500024097;15;12;17;2015;5;2;3;1;3;63;RUE LAGRANGE;M;4485207.0;-58136.0;330
21698;201500024098;15;12;11;1700;5;2;3;1;3;69;2, RUE CHATEAUBRIAND;M;4486189.0;-60190.0;330
21699;201500024099;15;12;19;2255;5;2;4;1;6;63;DR NANCELPENARD/GAMBETTA;M;4484060.0;-58074.0;330
21700;201500024100;15;12;18;2145;5;2;3;1;3;200;AVE PASTEUR;M;4488100.0;-68609.0;330
21701;201500024101;15;12;15;1650;1;2;5;1;6;318;RUE DES FUCHSIAS;M;4479197.0;-63059.0;330
21702;201500024102;15;12;18;1430;1;2;3;1;3;63;CRS ARISTIDE BRIAND;M;4483150.0;-57547.0;330
21703;201500024103;15;12;15;2000;5;2;1;1;6;200;AVE PASTEUR;M;4487960.0;-68412.0;330
21704;201500024104;15;12;18;1455;1;2;3;1;3;63;169, CRS DE L'ARGONNE;M;4482555.0;-57775.0;330
21705;201500024105;15;12;18;1145;1;2;1;1;3;63;AV GAL LECLERC CAUD;M;4485470.0;-61271.0;330
21706;201500024107;15;12;15;755;5;2;3;2;6;39;442, RTE DE TOULOUSE;M;4479190.0;-56708.0;330
21707;201500024108;15;12;18;1747;2;2;2;1;3;63;RUE CHABRELY;M;4484186.0;-55550.0;330
21708;201500024109;15;12;16;705;2;2;2;1;3;318;AVE DU CHATENET;M;4479520.0;-66303.0;330
21709;201500024110;15;12;21;1045;1;2;1;1;6;63;CRS DE LA MARTINIQUE;M;4485410.0;-57181.0;330
21710;201500024111;15;12;16;515;5;2;1;1;1;162;AVE DU MEDOC;M;4488010.0;-62752.0;330
21711;201500024112;15;12;21;2300;5;2;3;1;3;63;RUE GENERAL DE LARMINAT;M;4483340.0;-59426.0;330
21712;201500024113;15;12;21;2050;5;2;2;1;3;39;RTE DE TOULOUSE;M;4480940.0;-57396.0;330
21713;201500024115;15;12;16;1225;1;2;3;1;4;522;158, RTE DE TOULOUSE;M;4480760.0;-57350.0;330
21714;201500024116;15;12;21;5;5;2;1;2;6;119;BD ENTRE DEUX MERS;M;4484560.0;-53360.0;330
21715;201500024117;15;12;21;2030;5;2;1;1;3;63;83, RUE FRANCOIS DE SOUR;M;4483170.0;-58754.0;330
21716;201500024118;15;12;22;1630;1;2;1;1;6;63;AVE DES QUARANTE JOURNAU;M;4488052.0;-56776.0;330
21717;201500024119;15;12;15;1115;1;2;2;1;6;281;AVE DE LA MARNE;M;4483800.0;-61654.0;330
21718;201500024120;15;12;17;1050;1;2;2;1;5;550;TOULOUSE (RTE DE);M;4479687.0;-56844.0;330
21719;201500024121;15;12;17;805;2;2;3;1;2;39;RTE DE TOULOUSE;M;4480460.0;-57215.0;330
21720;201500024122;15;12;24;1350;1;2;2;1;3;63;RUE BELLEVILLE;M;4483290.0;-58415.0;330
21721;201500024123;15;12;22;630;5;2;2;8;3;75;AVE DU MEDOC;M;4488020.0;-62764.0;330
21722;201500024124;15;12;26;1440;1;2;2;1;3;63;CRS D'ALBRET;M;4483830.0;-58160.0;330
21723;201500024125;15;12;28;130;5;2;1;1;7;63;BD JOLIOT-CURIE;M;4485210.0;-53827.0;330
21724;201500024126;15;12;28;2145;5;2;3;2;6;63;PCE MEYNARD;M;4483420.0;-56630.0;330
21725;201500024128;15;12;29;1540;1;2;2;1;3;63;RUE GEORGES BAZIADOLY CA;M;4486012.0;-63414.0;330
21726;201500024129;15;12;24;1440;1;2;1;1;3;167;32, CABANNES (AVE GASTON;M;4482950.0;-52564.0;330
21727;201500024130;15;12;30;2234;5;2;2;2;3;63;RUE DE CURSOL;M;4483480.0;-57837.0;330
21728;201500024131;15;12;24;1530;1;2;1;1;3;69;RUE FORMIGE;M;4486556.0;-60122.0;330
21729;201500024132;15;12;30;1505;1;2;2;1;3;63;RUE GUILLAUME LEBLANC;M;4483203.0;-59388.0;330
21730;201500024133;15;1;6;1723;1;2;2;2;6;63;RUE DE PESSAC;M;4482750.0;-58592.0;330
21731;201500024134;15;1;6;1448;1;2;2;3;2;63;RUE FRANCOIS DE SOURDIS;M;4483540.0;-58886.0;330
21732;201500024135;15;1;7;1700;1;2;3;1;1;318;AVE MOZART;M;4481210.0;-61626.0;330
21733;201500024136;15;1;7;2315;5;2;3;1;1;63;CRS D'ALBRET;M;4483720.0;-58120.0;330
21734;201500024137;15;1;8;805;2;2;3;1;6;63;RUE DE SAINTONGE;M;4483210.0;-58042.0;330
21735;201500024138;15;1;5;1830;5;2;1;8;2;69;313, AV LIBERATION;M;4486820.0;-60782.0;330
21736;201500024139;15;1;8;1850;5;2;3;2;4;63;CRS DE LA SOMME;M;4482470.0;-57261.0;330
21737;201500024141;15;1;9;1700;1;2;3;1;6;63;RUE LAGRANGE;M;4485430.0;-57834.0;330
21738;201500024142;15;1;10;405;5;2;2;1;3;63;BD DU PDT FRANKLIN ROOSE;M;4482130.0;-58277.0;330
21739;201500024143;15;1;9;1750;2;2;2;8;3;69;AVE JULES GUESDE;M;4486480.0;-58750.0;330
21740;201500024144;15;1;10;645;5;2;4;1;6;63;RUE CROIX DE SEGUEY;M;4485170.0;-58996.0;330
21741;201500024145;15;1;9;1850;5;2;2;2;2;522;AVE DE THOUARS;M;4479370.0;-59189.0;330
21742;201500024146;15;1;10;1925;5;2;5;2;6;281;43 AV DE L'YSER;M;4484120.0;-65330.0;330
21743;201500024147;15;1;10;1700;1;2;2;1;6;63;PCE BIR HAKEIM;M;4483670.0;-56542.0;330
21744;201500024148;15;1;10;2030;5;2;2;8;6;63;Q.RICHELIEU/BIR HAKEIM;M;4483650.0;-56627.0;330
21745;201500024149;15;1;11;610;2;2;6;2;6;162;AV J.MERMOZ/RD1215;M;4487540.0;-65984.0;330
21746;201500024150;15;1;12;700;2;2;1;1;2;63;162, BD ALFRED DANEY;M;4486880.0;-56889.0;330
21747;201500024151;15;1;12;850;1;2;2;1;6;162;RUE DU BOIS GRAMOND;M;4486740.0;-63729.0;330
21748;201500024152;15;1;7;1120;1;2;1;1;3;200;RUE TOUSSAINT CATROS;M;4485410.0;-69394.0;330
21749;201500024153;15;1;12;650;5;2;2;1;3;75;AVE PERIER;M;4487620.0;-58229.0;330
21750;201500024154;15;1;12;1533;1;2;3;1;3;63;DESCHAMPS (QUAI );M;4483930.0;-55957.0;330
21751;201500024156;15;1;12;1200;1;2;7;1;3;281;PCE JEAN JAURES;M;4485110.0;-64467.0;330
21752;201500024157;15;1;13;930;1;2;6;1;3;63;RUE CHEVALIER/MARSEILLE;M;4484470.0;-59599.0;330
21753;201500024158;15;1;13;1610;1;2;1;1;1;63;38, RUE CAPDEVILLE;M;4484410.0;-58773.0;330
21754;201500024159;15;1;13;1720;1;2;1;2;3;318;1 R.POUDRIERE;M;4478330.0;-68992.0;330
21755;201500024160;15;1;14;800;1;2;1;1;6;69;16, AVE GAUTHIER LAGARDE;M;4486400.0;-58938.0;330
21756;201500024161;15;1;14;815;1;2;7;1;3;63;PCE de l'Europe;M;4486010.0;-57937.0;330
21757;201500024162;15;1;14;1240;1;2;3;1;6;63;CRS D'ALBRET;M;4483820.0;-58152.0;330
21758;201500024163;15;1;14;2050;5;2;1;8;6;162;23Bis, AVE DU MEDOC;M;4488340.0;-63225.0;330
21759;201500024164;15;1;15;510;5;2;6;1;3;39;Chm de Courrejean;M;4479090.0;-53566.0;330
21760;201500024165;15;1;15;810;1;1;3;1;3;192;AV DE L'HIPPODROME;M;4477720.0;-64478.0;330
21761;201500024166;15;1;15;1715;1;2;3;2;2;162;R.du Canter;M;4487530.0;-63052.0;330
21762;201500024167;15;1;15;1800;5;2;2;2;6;63;RUE FRERE;M;4485270.0;-57533.0;330
21763;201500024168;15;1;16;1350;1;2;3;2;3;318;53, AVE DE MADRAN;M;4480530.0;-65918.0;330
21764;201500024169;15;1;16;1215;1;2;1;3;2;318;8, GUTENBERG (RUE);M;4478480.0;-65012.0;330
21765;201500024170;15;1;16;1255;1;2;1;3;5;63;PARKING ZONE INDUSTRIEL;M;4488760.0;-55158.0;330
21766;201500024171;15;1;16;1210;1;2;3;2;3;39;RTE DE TOULOUSE;M;4480250.0;-57122.0;330
21767;201500024172;15;1;16;1900;5;2;3;2;3;200;AVE PASTEUR;M;4487450.0;-67905.0;330
21768;201500024173;15;1;17;1955;5;2;1;1;3;63;116 QUAI SOUYS;M;4482910.0;-54144.0;330
21769;201500024174;15;1;19;1005;1;2;2;2;3;318;AVE DU BOURGAILH;M;4479920.0;-66319.0;330
21770;201500024176;15;1;19;1910;4;2;3;1;1;63;320, BD DU PDT WILSON;M;4485100.0;-59561.0;330
21771;201500024177;15;1;19;2113;5;2;2;1;3;39;AVE ALEXIS CAPELLE;M;4481130.0;-54914.0;330
21772;201500024178;15;1;20;750;2;2;5;1;3;119;CRS VICTOR HUGO;M;4484570.0;-53307.0;330
21773;201500024179;15;1;20;1340;1;2;3;1;2;63;164, AVE CHARLES DE GAUL;M;4485030.0;-60552.0;330
21774;201500024183;15;1;22;845;1;2;3;1;6;281;AVE DE L'YSER;M;4484140.0;-65521.0;330
21775;201500024184;15;1;22;1458;1;2;3;1;3;63;JUDAIQUE (RUE );M;4484040.0;-59695.0;330
21776;201500024185;15;1;22;1615;1;2;3;1;3;318;AVE DU GENERAL LECLERC;M;4478650.0;-68021.0;330
21777;201500024186;15;1;23;530;5;2;3;1;3;63;WILSON (BD DU PRESIDENT);M;4485100.0;-59561.0;330
21778;201500024187;15;1;22;1620;1;2;1;1;6;192;287 CRS GAL DE GAULLE;M;4476220.0;-62165.0;330
21779;201500024189;15;1;23;1020;1;2;7;1;2;63;VLB VENANT DU CRS YSER;M;4482010.0;-57238.0;330
21780;201500024190;15;1;22;1815;5;2;1;1;6;281;SUR PARKING GEANT CASINO;M;4482680.0;-62063.0;330
21781;201500024191;15;1;23;2140;5;2;2;1;3;63;PDT F.ROOSEVELT/TOULOUSE;M;4481470.0;-57265.0;330
21782;201500024192;15;1;23;1934;5;2;3;1;2;63;CRS VICTOR HUGO;M;4483500.0;-57205.0;330
21783;201500024193;15;1;23;1700;1;2;3;1;1;192;RUE DE CHARTREZE;M;4476430.0;-61971.0;330
21784;201500024194;15;1;24;1500;1;2;2;1;2;63;BD ALBERT BRANDENBURG;M;4487590.0;-54845.0;330
21785;201500024195;15;1;24;1640;1;2;2;1;6;75;4, AVE DE L EUROPE;M;4487800.0;-61429.0;330
21786;201500024196;15;1;25;1435;1;2;1;1;6;63;403, RUE PASTEUR CAUD;M;4484670.0;-62977.0;330
21787;201500024197;15;1;26;730;2;2;1;1;3;13;ROUTE NATIONALE 89;M;4486910.0;-47003.0;330
21788;201500024198;15;1;26;1740;1;2;4;1;3;63;RUE CROIX DE SEGUEY;M;4485340.0;-59261.0;330
21789;201500024199;15;1;27;755;1;2;1;1;2;281;AVE FRANCOIS MITTERRAND;M;4481160.0;-71038.0;330
21790;201500024200;15;1;27;1315;1;2;6;1;6;281;AVE FRANCOIS MITTERRAND;M;4481620.0;-68062.0;330
21791;201500024201;15;1;27;1232;1;2;1;1;6;318;35 R. DU BLAYAIS;M;4477130.0;-72460.0;330
21792;201500024202;15;1;27;1700;1;2;1;1;6;63;RUE LOUIS GEANDREAU;M;4485950.0;-58367.0;330
21793;201500024203;15;1;28;712;4;2;3;2;3;281;AVE DE LA GRANGE NOIRE;M;4485510.0;-67694.0;330
21794;201500024204;15;1;28;1555;1;2;2;2;3;63;RUE MONTGOLFIER;M;4485370.0;-57635.0;330
21795;201500024205;15;1;29;705;3;2;1;3;6;75;RUE DU PONT NEUF;M;4489460.0;-58828.0;330
21796;201500024206;15;1;29;1745;5;2;1;6;6;63;BD ALFRED DANEY;M;4487040.0;-56510.0;330
21797;201500024207;15;1;29;2045;5;2;4;2;1;550;ENTRE GIR ET AV.BARRET;M;4477720.0;-56752.0;330
21798;201500024208;15;1;31;609;5;2;6;2;6;63;BD JEAN-JACQUES BOSC;M;4482080.0;-54133.0;330
21799;201500024209;15;1;31;1135;1;2;6;2;6;281;AVE DE L'YSER;M;4484110.0;-65366.0;330
21800;201500024210;15;1;31;1600;1;2;2;1;3;63;RUE DE BELFORT;M;4483230.0;-58170.0;330
21801;201500024211;15;2;3;25;5;2;6;1;6;69;AV D'EYSINES/CAUDERAN;M;4486070.0;-61260.0;330
21802;201500024212;15;1;31;1205;1;2;6;1;3;318;AVE DES PROVINCES;M;4479460.0;-68232.0;330
21803;201500024213;15;2;4;755;2;2;1;8;3;39;59, AVE JEANNE D'ARC;M;4479950.0;-54273.0;330
21804;201500024214;15;2;4;1650;1;2;1;1;6;63;190/147 AUDEGUIL>SOURDIS;M;4482890.0;-58647.0;330
21805;201500024215;15;2;5;1620;1;2;2;1;3;63;RUE LECOCQ;M;4483350.0;-58821.0;330
21806;201500024216;15;2;5;1705;1;2;3;1;3;39;C.CAMELLE/BICENTENAIRE;M;4480770.0;-54763.0;330
21807;201500024217;15;2;7;5;5;2;2;1;3;69;LIBERATION/GAL LECLERC;M;4485540.0;-59579.0;330
21808;201500024219;15;2;7;1620;1;2;1;1;6;63;38, CRS DE L'INTENDANCE;M;4484180.0;-57765.0;330
21809;201500024220;15;2;7;1505;1;2;2;1;3;550;CHEM DU PAS DE LA COTE;M;4478210.0;-54037.0;330
21810;201500024222;15;1;23;1505;1;2;2;1;3;63;RUE RODRIGUES PEREIRE;M;4484530.0;-58541.0;330
21811;201500024223;15;2;10;950;1;2;3;1;6;63;14, CRS VICTOR HUGO;M;4483500.0;-57205.0;330
21812;201500024224;15;2;10;1415;1;2;2;1;3;63;QUAI DE BACALAN;M;4485900.0;-55677.0;330
21813;201500024225;15;2;11;10;5;2;1;1;6;63;65, QUAI DE BACALAN;M;4485920.0;-55618.0;330
21814;201500024226;15;2;9;1236;1;2;2;1;3;63;13, CRS DE LA LIBERATION;M;4483330.0;-58354.0;330
21815;201500024227;15;2;11;1300;1;2;2;1;1;318;AVE DU PONT DE L'ORIENT;M;4480880.0;-64939.0;330
21816;201500024228;15;2;5;1830;2;2;1;1;6;63;RUE GENERAL DE LARMINAT;M;4483430.0;-58907.0;330
21817;201500024229;15;2;11;1700;1;2;2;1;1;318;AVE DE BEUTRE;M;4479960.0;-66864.0;330
21818;201500024230;15;2;11;1615;1;2;4;1;1;63;Q.STECROIX/BD FRERESMOGA;M;4483180.0;-55901.0;330
21819;201500024231;15;2;12;650;5;2;1;1;3;318;348AV ML LATTRE TASSIGNY;M;4475750.0;-73632.0;330
21820;201500024232;15;2;12;738;2;2;1;1;6;119;AVE JEAN ZAY;M;4485340.0;-50854.0;330
21821;201500024233;15;2;12;1955;5;2;1;1;2;550;2, AVE GEORGES CLEMENCEA;M;4478170.0;-56560.0;330
21822;201500024234;15;2;14;800;2;2;1;2;1;63;AVE DE LABARDE;M;4489280.0;-54920.0;330
21823;201500024235;15;2;14;2320;5;2;1;1;2;192;NAUDET (RUE );M;4479230.0;-61320.0;330
21824;201500024236;15;2;16;1555;1;2;1;1;3;63;13, ALL SERR;M;4484160.0;-56076.0;330
21825;201500024237;15;2;17;835;1;2;3;2;4;162;53, AVE DU MEDOC;M;4488500.0;-63649.0;330
21826;201500024238;15;2;18;1200;1;2;3;1;2;63;64, PIERRE 1ER (BD );M;4485710.0;-59115.0;330
21827;201500024239;15;2;19;740;1;2;1;1;5;162;196, AVE DU MEDOC;M;4488760.0;-64313.0;330
21828;201500024240;15;2;19;1550;1;2;1;1;6;249;BAT B R.M.CERDAN;M;4486850.0;-52323.0;330
21829;201500024241;15;2;19;2110;5;2;1;1;6;550;47, RUE MARCEL HERVE;M;4477130.0;-55041.0;330
21830;201500024242;15;2;19;1000;1;2;1;1;2;167;=>6M AVT PONT AUDES.VOIE;M;4484410.0;-51069.0;330
21831;201500024244;15;2;20;1500;1;2;2;2;3;162;AVE DE L'HIPPODROME;M;4486740.0;-63728.0;330
21832;201500024245;15;2;20;1830;4;2;2;3;3;200;AVE PASTEUR;M;4486490.0;-66462.0;330
21833;201500024246;15;2;20;2235;5;2;1;2;7;318;18 AVE ARISTIDE BRIAND;M;4479850.0;-62838.0;330
21834;201500024247;15;2;26;1215;1;2;2;1;3;63;0, RUE DE GRAVELOTTE;M;4481440.0;-56498.0;330
21835;201500024248;15;2;22;105;5;2;1;1;3;63;30R.JBURGUET-DVT EULALIE;M;4483330.0;-57811.0;330
21836;201500024249;15;2;20;1650;1;2;1;2;6;69;157, AVE LA LIBERATION;M;4486090.0;-60009.0;330
21837;201500024250;15;2;21;1920;5;2;6;1;3;281;AVE PIERRE MENDES FRANCE;M;4483280.0;-64060.0;330
21838;201500024251;15;2;22;2111;5;2;2;2;3;119;CRS VICTOR HUGO/MAL FOCH;M;4485520.0;-53219.0;330
21839;201500024252;15;2;23;720;2;2;6;3;3;281;AVE FRANCOIS MITTERRAND;M;4482410.0;-63643.0;330
21840;201500024253;15;2;23;1900;5;2;3;3;1;63;253, AVE DE LA REPUBLIQU;M;4483910.0;-61308.0;330
21841;201500024254;15;2;24;1815;1;2;3;1;3;63;CRS BARBEY/CRS MARNE;M;4482850.0;-56205.0;330
21842;201500024255;15;2;25;1215;1;2;3;2;1;192;BD DE MALARTIC;M;4476830.0;-60371.0;330
21843;201500024257;15;2;27;850;1;2;2;1;3;281;AVE DU MARECHAL JOFFRE;M;4481790.0;-62974.0;330
21844;201500024258;15;2;27;830;1;2;3;1;3;281;RUE DE L'EMAILLERIE;M;4484640.0;-63505.0;330
21845;201500024259;15;2;27;1425;1;2;2;1;3;63;CRS DE LA MARNE;M;4483020.0;-56988.0;330
21846;201500024260;15;2;28;1145;1;2;3;2;3;63;AVE DES QUARANTE JOURNAU;M;4487750.0;-56901.0;330
21847;201500024261;15;3;1;233;5;2;3;3;6;119;RUE JULES GUESDE;M;4485698.0;-53727.0;330
21848;201500024262;15;3;1;730;5;2;1;2;6;281;47, AVE DE LA FORET;M;4485700.0;-64667.0;330
21849;201500024263;15;3;1;1205;1;2;1;2;6;162;40-42, AVE JEAN MERMOZ;M;4487810.0;-65679.0;330
21850;201500024264;15;3;2;450;4;2;3;3;3;281;AVE DE MAGUDAS;M;4485870.0;-67288.0;330
21851;201500024265;15;3;1;1150;1;2;2;2;6;69;AVE VICTOR HUGO;M;4486390.0;-59036.0;330
21852;201500024266;15;3;2;1950;5;2;2;1;1;63;RUE TANESSE;M;4483190.0;-57727.0;330
21853;201500024267;15;3;3;500;5;2;3;1;3;63;BD ALFRED DANEY;M;4487161.0;-56244.0;330
21854;201500024268;15;3;3;745;1;2;1;1;6;63;9, RUE JEAN FLEURET;M;4483650.0;-58400.0;330
21855;201500024269;15;3;4;1030;1;2;2;1;3;63;CRS DU RACCORDEMENT;M;4486460.0;-56377.0;330
21856;201500024270;15;3;7;1440;1;2;3;1;2;63;124 Q.SOUYS / R. J.DUPAS;M;4482830.0;-54019.0;330
21857;201500024271;15;3;5;1400;1;2;1;1;5;162;D. 1215;M;4487990.0;-66186.0;330
21858;201500024272;15;3;8;1115;1;2;3;1;2;63;59, GALLIENI (CRS DU MAR;M;4482390.0;-59178.0;330
21859;201500024273;15;3;9;801;1;2;1;1;3;318;AVE ANTOINE BECQUEREL;M;4478750.0;-64568.0;330
21860;201500024274;15;3;9;1530;1;2;2;1;3;63;RUE FRERE;M;4485320.0;-57669.0;330
21861;201500024275;15;3;9;1745;1;2;3;1;3;522;RUE GEORGES BIZET/ALDONA;M;4479800.0;-58777.0;330
21862;201500024276;15;3;10;1300;1;2;3;1;3;69;AVE DE LA LIBERATION-CH.;M;4485710.0;-59722.0;330
21863;201500024277;15;3;11;750;1;2;2;1;3;522;RUE CHARLES GOUNOD;M;4479690.0;-58567.0;330
21864;201500024278;15;3;11;1830;1;2;3;1;3;63;AV MAL DE LATTRE DE TASS;M;4485890.0;-62799.0;330
21865;201500024279;15;3;11;2305;5;2;1;1;6;63;40, CRS DU MEDOC;M;4485760.0;-56603.0;330
21866;201500024280;15;3;12;1507;1;2;2;1;1;63;RUE MATHIEU;M;4482890.0;-59141.0;330
21867;201500024281;15;3;12;1245;1;2;4;1;1;281;L'ALOUETTE/KAOLACK;M;4481710.0;-66296.0;330
21868;201500024282;15;3;12;1920;5;2;1;1;2;63;137, RUE DE PESSAC;M;4482850.0;-58374.0;330
21869;201500024283;15;3;13;1205;1;2;1;1;3;119;142, AVE RENE CASSAGNE;M;4485390.0;-51665.0;330
21870;201500024284;15;3;13;1730;1;2;3;2;6;63;114, RUE DE LA BECHADE;M;4482330.0;-60052.0;330
21871;201500024285;15;3;13;2010;5;2;2;2;2;192;CRS DU GENERAL DE GAULLE;M;4477850.0;-60988.0;330
21872;201500024286;15;3;14;1549;1;2;1;1;6;63;ALL ORLEANSST°QUINCONCES;M;4484450.0;-57417.0;330
21873;201500024287;15;3;15;245;5;2;2;1;6;192;RTE DE LEOGNAN;M;4475780.0;-61356.0;330
21874;201500024288;15;3;13;2155;5;2;1;1;3;63;45, PCE MARTYRS DE LA RE;M;4484220.0;-58546.0;330
21875;201500024289;15;3;15;1340;1;2;2;1;3;162;AV HAILLAN/MARTIN PORC;M;4488450.0;-66081.0;330
21876;201500024290;15;3;15;1910;5;2;2;1;1;281;AV MAGUDAS/R. CIGALES;M;4485700.0;-65767.0;330
21877;201500024291;15;3;13;745;1;2;3;2;6;63;QUAI DES QUEYRIES;M;4484390.0;-56426.0;330
21878;201500024292;15;1;12;1345;1;1;1;1;1;161;;M;4364465.0;713452.0;60
21879;201500024295;15;3;20;2015;5;1;1;1;3;44;;M;0.0;0.0;60
21880;201500024296;15;4;1;800;1;2;1;1;2;161;rd 6007;M;4363702.0;713337.0;60
21881;201500024297;15;4;4;15;3;1;1;1;7;161;;M;0.0;0.0;60
21882;201500024298;15;5;30;1600;1;2;1;1;6;161;RN7;M;0.0;0.0;60
21883;201500024299;15;6;13;1830;1;2;1;1;1;161;rd 6098;M;0.0;0.0;60
21884;201500024300;15;6;16;1730;1;2;1;1;3;161;d 6007;M;0.0;0.0;60
21885;201500024302;15;6;24;1630;1;2;1;1;1;161;RD 6098;M;0.0;0.0;60
21886;201500024303;15;6;25;1815;1;2;1;1;3;161;avenue de la mer;M;0.0;0.0;60
21887;201500024304;15;7;1;1000;1;2;1;1;6;161;134 av grange rimade;M;0.0;0.0;60
21888;201500024305;15;7;16;1145;1;2;1;1;3;161;RN 7 PK 29+500;M;0.0;0.0;60
21889;201500024306;15;7;21;2045;2;2;1;1;3;161;6098 pk 30 +050;M;0.0;0.0;60
21890;201500024307;15;7;27;1130;1;2;1;1;1;161;boulevard des groules;M;0.0;0.0;60
21891;201500024309;15;10;10;30;3;1;1;1;7;161;;M;0.0;0.0;60
21892;201500024310;15;10;14;2030;5;2;6;1;7;161;RD6007;M;0.0;0.0;60
21893;201500024311;15;11;21;1430;1;2;1;1;3;161;route du bord de mer;M;0.0;0.0;60
21894;201500024312;15;11;28;1930;3;2;1;1;3;161;RD 6007;M;0.0;0.0;60
21895;201500024313;15;12;11;815;1;2;1;1;3;44;RD6 route de cagnes;M;0.0;0.0;60
21896;201500024314;15;12;17;1500;1;2;1;1;1;161;1 av docteur lefebvre;M;0.0;0.0;60
21897;201500024315;15;4;24;1630;1;2;1;1;3;3;aucun, GRAND CAP (RUE);M;4329883.0;347762.0;340
21898;201500024316;15;5;1;1815;1;1;1;1;6;3;aucun SAINT-BAUZELY (C;M;4331757.0;348199.0;340
21899;201500024317;15;6;7;1350;1;2;1;1;3;3;aucun, DIGUE (C12 A C13;M;4331689.0;346615.0;340
21900;201500024318;15;6;9;1745;1;2;4;1;3;3;aucun, CHEVRETTE (P4 A P;M;4329159.0;345183.0;340
21901;201500024319;15;6;25;1530;1;1;1;1;5;3;aucun, RD612;M;4329813.0;346828.0;340
21902;201500024320;15;7;21;1955;1;1;1;1;5;3;RD612;M;4330407.0;345586.0;340
21903;201500024321;15;7;14;1935;1;2;1;1;6;3;aucun, GEVAUDAN (PARKING;M;4328454.0;350295.0;340
21904;201500024322;15;7;28;545;5;2;1;1;7;3;ILE DES LOISIRS (EQUIPEM;M;4327722.0;350396.0;340
21905;201500024323;15;5;2;2310;3;1;1;1;1;3;D 51 MARSEILLAN (ROUTE D;M;4333188.0;348761.0;340
21906;201500024324;15;8;1;145;5;2;1;1;7;3;53, LITTORAL (S3 A W10;M;4328068.0;346028.0;340