;Num_Acc;an;mois;jour;hrmn;lum;agg;int;atm;col;com;adr;gps;lat;long;dep
21907;201500024326;15;7;9;1925;1;1;1;1;2;3;RD612;M;4330481.0;345245.0;340
21908;201500024327;15;9;25;1210;1;2;1;1;3;3;7, POUGET;M;4330169.0;347409.0;340
21909;201500024328;15;8;27;2350;5;2;1;1;1;3;GOUVERNEUR (I18 A J19;M;4328056.0;351936.0;340
21910;201500024329;15;8;12;1900;1;2;3;1;3;3;aucun, DE GAULLE (E14 A;M;4331182.0;347609.0;340
21911;201500024330;15;10;1;1805;1;2;2;1;3;3;BALMIGERE (RUE PAUL);M;4331260.0;348205.0;340
21912;201500024331;15;10;20;1030;1;2;1;1;6;3;DIGUE (C12 A C13;M;4331691.0;346639.0;340
21913;201500024332;15;11;13;1415;1;2;7;1;3;3;SETE ( ROUTE);M;4330646.0;349309.0;340
21914;201500024333;15;11;15;605;2;1;1;1;7;3;RD612;M;4330667.0;350821.0;340
21915;201500024334;15;12;16;1735;5;2;9;1;3;3;IGNORE, SETE ( ROUTE);M;4331080.0;348079.0;340
21916;201500024335;15;1;17;1340;1;2;1;1;3;3;GRAND CAP (RUE);M;4329790.0;347319.0;340
21917;201500024337;15;1;28;936;1;2;1;1;6;3;15, MONTEE DE JOLY (C17;M;4331701.0;347787.0;340
21918;201500024338;15;1;14;1;3;1;1;1;7;32;NARBONNE ( ROUTE DE);M;4325280.0;319057.0;340
21919;201500024339;15;3;18;920;1;2;1;2;7;32;101 MOULIN JEAN (AV;M;4334916.0;322472.0;340
21920;201500024340;15;1;13;1435;1;2;1;1;7;32;FABRE (AV.DU DOCTEUR JEA;M;4335434.0;322790.0;340
21921;201500024341;15;3;19;1800;1;1;1;1;5;32;ROUTE DEPARTEMENTALE 61;M;4336555.0;322500.0;340
21922;201500024343;15;4;4;1615;1;2;6;1;7;32;LEGION D'HONNEUR (ROND P;M;4334000.0;321874.0;340
21923;201500024344;15;2;1;1805;1;2;6;9;1;32;NR, DEVEZE (RUE DE LA);M;4333190.0;324836.0;340
21924;201500024345;15;4;10;950;1;1;1;1;7;32;JUIN MARECHAL (RUE DU;M;4334650.0;323905.0;340
21925;201500024346;15;4;15;1820;1;2;1;1;3;32;65 22 AOUT 1944 (AVENUE;M;4334370.0;322199.0;340
21926;201500024347;15;2;24;810;1;2;2;1;5;32;33, CLAPAREDE EMILE (AVE;M;4334398.0;322841.0;340
21927;201500024348;15;2;24;1155;1;2;1;9;7;32;NR, RIQUET PIERRE PAUL (;M;4334303.0;321210.0;340
21928;201500024350;15;4;30;1400;1;2;1;7;3;32;0, ERIGNAC CLAUDE (AV);M;4336324.0;321647.0;340
21929;201500024351;15;5;2;2050;1;1;1;1;6;32;39, STRASBOURG (BD DE);M;4334730.0;321833.0;340
21930;201500024352;15;5;6;730;1;2;3;1;6;32;30, CORNEILHAN (ROUTE DE;M;4335270.0;321608.0;340
21931;201500024353;15;5;10;2030;2;1;1;1;3;32;9022, NARBONNE (ROUTE DE;M;4333743.0;320378.0;340
21932;201500024354;15;5;7;1205;1;2;1;1;1;32;46, ANGLETERRE (BD D');M;4334694.0;321194.0;340
21933;201500024355;15;5;9;1310;1;1;1;1;7;32;13, PARADISIERS (RUE DES;M;4334778.0;321000.0;340
21934;201500024356;15;5;17;1735;1;2;1;1;6;32;18, CES JEAN (RUE);M;4333305.0;325577.0;340
21935;201500024358;15;4;19;1500;1;1;1;1;5;32;ROUTE DE CAPESTANG (RD.1;M;4333493.0;316961.0;340
21936;201500024359;15;6;23;850;1;1;2;1;3;32;ROUTE DEPARTEMENTALE  61;M;4334624.0;316621.0;340
21937;201500024360;15;6;16;945;1;2;6;1;6;32;10, FABRE (AV.DU DOCTEUR;M;4335396.0;322642.0;340
21938;201500024361;15;7;11;1050;1;1;6;1;3;32;638, SERIGNAN (ROUTE DE);M;4332978.0;321620.0;340
21939;201500024362;15;7;31;1940;1;2;1;1;4;32;ORNANO COLONEL D' (AV);M;4333718.0;321354.0;340
21940;201500024364;15;8;24;1030;1;2;3;1;1;32;185, MOULIN JEAN (AV);M;4335409.0;323550.0;340
21941;201500024365;15;9;1;1745;1;2;1;1;7;32;VERDUN (BD DE);M;4333665.0;321915.0;340
21942;201500024366;15;9;6;455;2;1;1;1;7;32;ROUTE DEPARTEMENTALE 612;M;4334271.0;326196.0;340
21943;201500024367;15;9;14;1440;1;2;9;1;6;32;0, SIX NATIONS (ROND POI;M;4333380.0;325043.0;340
21944;201500024368;15;9;17;740;2;1;1;8;7;32;PEZENAS (ROUTE DE);M;4337827.0;329815.0;340
21945;201500024369;15;9;25;1515;1;2;1;1;2;32;ROUTE DEPARTEMENTALE  61;M;4333988.0;327014.0;340
21946;201500024370;15;9;25;850;1;2;1;1;7;32;51, LIBERTE (BD DE LA);M;4334002.0;322345.0;340
21947;201500024371;15;10;8;1730;1;1;1;1;6;32;RD.14;M;4330832.0;318740.0;340
21948;201500024372;15;9;21;1625;1;1;1;1;1;32;62, MOULIN JEAN (AV);M;4335300.0;323321.0;340
21949;201500024373;15;10;16;1641;1;2;1;1;2;32;VOIE DOMITIENNE (AV D;M;4334703.0;324402.0;340
21950;201500024374;15;10;22;1340;1;2;2;1;3;32;0, VIALA JOSEPH AGRICOL;M;4335283.0;321214.0;340
21951;201500024375;15;10;27;1930;2;2;2;1;3;32;0, FABRE (AV.DU DOCTEUR;M;4335457.0;322962.0;340
21952;201500024376;15;9;26;1750;1;1;1;1;6;32;REPUBLIQUE (RUE DE LA);M;4334412.0;321314.0;340
21953;201500024377;15;10;10;1900;1;2;2;1;3;32;NR, MOULIN JEAN (AV);M;4334933.0;322520.0;340
21954;201500024379;15;10;24;1650;1;1;1;1;1;32;RD.64;M;4331353.0;320626.0;340
21955;201500024380;15;12;1;1630;1;1;1;1;3;32;ROUTE DE BEDARIEUX (RD.9;M;4338209.0;322333.0;340
21956;201500024381;15;12;3;1420;1;2;1;1;6;32;87, WILSON PRESIDENT (AV;M;4333600.0;322620.0;340
21957;201500024382;15;12;9;750;1;1;1;1;2;32;PEZENAS (ROUTE DE);M;4336590.0;326589.0;340
21958;201500024383;15;12;17;500;3;1;1;1;2;336;R.D 612;M;4333250.0;328581.0;340
21959;201500024384;15;12;18;1040;1;2;1;1;7;32;85, CLEMENCEAU GEORGES (;M;4334836.0;322000.0;340
21960;201500024385;15;12;19;650;5;2;1;1;7;32;0, TAMARIS (AV. DES);M;4334033.0;324735.0;340
21961;201500024386;15;12;26;1040;1;2;1;1;6;32;0, PERREAL ERNEST (BD);M;4334447.0;322983.0;340
21962;201500024387;15;1;1;240;3;1;1;1;1;129;PALAVAS D986 (ROUTE DE);M;4357560.0;389704.0;340
21963;201500024388;15;3;16;950;1;2;1;8;2;172;574 BIS, VILLENEUVE-ANGO;M;4359610.0;386851.0;340
21964;201500024389;15;3;17;1950;5;2;1;1;2;172;30, SABATIER D'ESPEYRAN;M;4362430.0;386271.0;340
21965;201500024390;15;1;5;945;1;2;1;1;6;172;6, GRAND SAINT JEAN RUE;M;4360519.0;387552.0;340
21966;201500024391;15;3;26;815;1;2;6;1;3;172;CHAR (ROND POINT RENE);M;4362470.0;382676.0;340
21967;201500024392;15;1;6;1250;1;2;1;1;2;172;64, CASTELNAU (AVENUE DE;M;4362359.0;388633.0;340
21968;201500024393;15;1;7;2113;5;2;1;1;5;172;1262, SOULAS  AVENUE DU;M;4362293.0;385445.0;340
21969;201500024394;15;1;8;1315;1;1;9;1;6;172;SANS, GENNEVAUX (ROND-PO;M;4359320.0;382111.0;340
21970;201500024395;15;3;27;1610;1;1;1;1;6;198;sans, D21 ROUTE DE CARN;M;4357949.0;393237.0;340
21971;201500024396;15;3;27;1955;5;2;1;1;6;172;SANS, LIBERTE (AVENUE DE;M;4360990.0;383619.0;340
21972;201500024397;15;1;10;1950;5;2;1;1;6;172;RAVAZ  AVENUE DU PROFESS;M;4362190.0;384649.0;340
21973;201500024398;15;1;14;810;1;2;1;1;7;172;RAVAZ (AVENUE DU PROF;M;4362032.0;385004.0;340
21974;201500024399;15;3;29;15;3;1;1;1;7;129;SANS, PALAVAS D986 (ROUT;M;4354958.0;389388.0;340
21975;201500024400;15;4;2;1830;1;2;1;1;3;172;1580, SOULAS (AVENUE DU;M;4362470.0;385182.0;340
21976;201500024401;15;1;15;1603;1;2;9;1;6;172;ZAMENHOF (RUE LEJZER;M;4361685.0;382586.0;340
21977;201500024402;15;4;8;1710;1;2;1;1;6;172;SANS FONT FROIDE (RUE D;M;4364570.0;384398.0;340
21978;201500024403;15;1;15;1710;1;2;1;8;6;172;289, DEZEUZE (RUE FRANCO;M;4360859.0;384744.0;340
21979;201500024404;15;1;15;1928;3;2;1;1;3;172;PENELOPE (BOULEVARD);M;4360230.0;391676.0;340
21980;201500024405;15;4;8;2100;5;2;1;1;2;172;VIEUSSENS (BOULEVARD;M;4360000.0;387669.0;340
21981;201500024406;15;1;17;915;1;2;9;1;3;129;PAGNOL (AVENUE MARCEL);M;4358378.0;393368.0;340
21982;201500024407;15;4;9;815;1;2;1;1;3;172;157, MONTELS-EGLISE RUE;M;4358010.0;387991.0;340
21983;201500024410;15;4;9;2000;1;2;1;1;6;172;LODEVE (ROUTE DE;M;4361540.0;382021.0;340
21984;201500024411;15;1;30;1128;1;2;9;1;6;172;COMEDIE (TUNNEL DE LA;M;4360858.0;387985.0;340
21985;201500024412;15;4;10;1326;1;2;1;1;3;172;2300 MOULINS (AVENUE DE;M;4362110.0;383410.0;340
21986;201500024413;15;2;1;135;5;2;1;1;1;129;MONTELS L' EGLISE (RU;M;4357921.0;387880.0;340
21987;201500024414;15;2;1;1420;1;2;2;1;3;172;RUE DES GENETS;M;4360820.0;384734.0;340
21988;201500024415;15;4;12;2350;3;1;1;1;2;172;SANS, RN109 RN113;M;4360980.0;382230.0;340
21989;201500024416;15;4;13;1730;1;2;1;1;2;172;SANS, EINSTEIN (AVENUE A;M;4360660.0;390472.0;340
21990;201500024417;15;2;2;950;1;2;1;1;5;172;SANS, LIBERTE (AVENUE DE;M;4361140.0;382870.0;340
21991;201500024419;15;4;14;1525;1;2;1;1;3;172;109 LODEVE (AVENUE DE;M;4361030.0;385520.0;340
21992;201500024420;15;4;16;520;5;2;2;1;3;172;SANS, SAINT LAZARE (AVEN;M;4362500.0;388805.0;340
21993;201500024421;15;2;2;1430;1;2;3;1;3;172;BARCELONE (AVENUE DE);M;4362590.0;381756.0;340
21994;201500024422;15;4;17;1945;1;2;1;1;2;172;2 STRASBOURG (BOULEVARD;M;4360300.0;388065.0;340
21995;201500024424;15;4;19;1930;1;1;1;2;7;172;SANS GANGES (ROUTE DE;M;4364380.0;384419.0;340
21996;201500024425;15;2;11;820;1;2;9;1;6;129;MASSILIA (AVENUE DE);M;4356286.0;389849.0;340
21997;201500024426;15;2;11;1843;5;2;1;1;3;172;8, FLAHAULT (AVENUE CHAR;M;4362000.0;386527.0;340
21998;201500024427;15;4;20;1555;1;2;1;1;3;172;SANS ERNEST HEMINGWAY (;M;4363670.0;383154.0;340
21999;201500024428;15;4;21;1120;1;2;1;1;6;172;SANS GRAND SAINT JEAN (;M;4360410.0;387863.0;340
22000;201500024429;15;2;16;2310;5;2;1;1;3;172;262, RIMBAUD (RUE PAUL);M;4361890.0;384722.0;340
22001;201500024430;15;2;18;1325;1;2;1;1;6;172;29, GAMBETTA (COURS);M;4360720.0;387077.0;340
22002;201500024431;15;4;25;2245;4;1;1;1;6;129;CARNON (ROUTE DE  D21;M;4358854.0;391363.0;340
22003;201500024432;15;5;9;1130;1;2;1;1;1;172;SANS, LIBERTE (AVENUE DE;M;4360220.0;386700.0;340
22004;201500024433;15;2;18;1440;1;2;1;1;3;172;SANS, TOULOUSE (AVENUE D;M;4359740.0;386421.0;340
22005;201500024434;15;5;10;2010;1;1;3;1;1;172;SOULAS (AVENUE DU PERE;M;4362870.0;384555.0;340
22006;201500024435;15;2;19;1700;1;2;1;1;6;172;sans, DUBOUT (AVENUE ALB;M;4359700.0;388273.0;340
22007;201500024436;15;2;23;1550;1;2;1;1;6;172;13, GAMBETTA (COURS);M;4360580.0;387340.0;340
22008;201500024437;15;5;11;830;1;1;2;1;3;198;D172;M;4357699.0;393303.0;340
22009;201500024438;15;2;23;2230;5;2;1;1;7;172;SANS, MONDIAL 98 (AVENUE;M;4360750.0;391338.0;340
22010;201500024439;15;5;13;1615;1;2;1;1;6;172;AEROPORT INTERNATI;M;4360890.0;389255.0;340
22011;201500024440;15;5;16;1326;1;2;1;1;2;172;78, CHAMPLAIN (AVENUE SA;M;4360710.0;388937.0;340
22012;201500024441;15;2;24;805;1;2;1;1;7;172;0, STRASBOURG (BOULEVARD;M;4360360.0;388915.0;340
22013;201500024442;15;5;15;1535;1;2;1;1;3;172;6, MICHEL (RUE ERNEST);M;4360200.0;387405.0;340
22014;201500024443;15;2;24;905;1;2;1;1;5;172;6, ORIENT (BOULEVARD D');M;4360300.0;388728.0;340
22015;201500024444;15;5;14;935;1;2;3;1;3;172;1, CANTON (RUE);M;4361760.0;388172.0;340
22016;201500024445;15;2;24;1939;5;2;1;1;6;172;BECQUEREL (RUE HENRI);M;4361440.0;391469.0;340
22017;201500024446;15;5;19;2330;5;2;1;1;6;172;EUROPE (AVENUE DE L');M;4361850.0;381824.0;340
22018;201500024447;15;2;25;1920;5;2;1;1;3;172;690, VIEILLE POSTE (RUE;M;4361360.0;390527.0;340
22019;201500024448;15;2;27;1720;1;2;1;1;3;172;329, BLUM (RUE LEON);M;4360740.0;389050.0;340
22020;201500024449;15;5;21;735;1;2;1;1;3;172;LIBERTE (AVENUE DE LA);M;4361180.0;382589.0;340
22021;201500024450;15;5;22;1150;1;2;1;1;6;172;AUCUN, VANIERES (AVENUE;M;4359660.0;384503.0;340
22022;201500024451;15;3;4;1040;1;2;9;2;3;172;SANS, DUBOUT (AVENUE ALB;M;4359700.0;387777.0;340
22023;201500024452;15;5;22;2300;5;2;1;1;6;172;SANS, CHOLET (RUE DE);M;4358350.0;386618.0;340
22024;201500024454;15;5;26;1610;1;2;1;1;3;172;SANS, LAVERUNE (ROUTE DE;M;4360100.0;385020.0;340
22025;201500024456;15;3;6;920;1;2;3;1;3;172;LODEVE (ROUTE DE);M;4361470.0;382775.0;340
22026;201500024457;15;5;26;1600;1;2;1;1;6;172;7, GAMBETTA (COURS);M;4360540.0;387422.0;340
22027;201500024458;15;3;6;1140;1;2;1;1;1;172;GARRATS (AVENUE DES);M;4361310.0;383894.0;340
22028;201500024459;15;5;26;1900;1;2;2;1;3;172;DUBOUT (AVENUE ALBERT);M;4359700.0;387777.0;340
22029;201500024460;15;3;6;2305;5;2;1;1;1;172;SANS, ORIENT (BOULEVARD;M;4360190.0;388506.0;340
22030;201500024462;15;5;27;1215;1;2;3;1;1;172;SANS, SORBES (RUE DE LAS;M;4361670.0;386030.0;340
22031;201500024463;15;3;9;1010;1;2;2;1;7;172;0, BRINGUIER (AVENUE PAU;M;4361620.0;384107.0;340
22032;201500024464;15;5;27;1530;1;2;2;1;3;172;., BERTHELOT (BOULEVARD);M;4359970.0;387515.0;340
22033;201500024465;15;3;9;1600;1;2;1;1;3;172;0, MOULARES (CHEMIN DE;M;4360020.0;389452.0;340
22034;201500024466;15;5;27;1555;1;2;2;1;3;172;RENAN (BOULEVARD ERNEST);M;4361710.0;388955.0;340
22035;201500024467;15;3;9;1755;1;2;1;1;6;172;SANS, GANGES (ROUTE DE;M;4364280.0;384529.0;340
22036;201500024468;15;3;9;1845;2;2;9;1;3;172;SANS, SAINT LAZARE (AVEN;M;4362480.0;388916.0;340
22037;201500024469;15;5;28;820;1;2;1;1;3;172;1577, EINSTEIN (AVENUE A;M;4361080.0;391609.0;340
22038;201500024470;15;5;28;1830;1;1;1;1;1;172;JOUHAUX (AVENUE LEON);M;4359450.0;382034.0;340
22039;201500024471;15;3;10;815;1;2;9;1;3;172;SANS, GOSSEC (RUE FRANCO;M;4357520.0;385676.0;340
22040;201500024472;15;5;29;1440;1;2;2;1;7;172;RENOUVIER (BOULEVARD);M;4360360.0;386777.0;340
22041;201500024473;15;3;11;1310;1;2;9;1;3;172;RENE (RUE HENRI);M;4360480.0;388246.0;340
22042;201500024474;15;5;30;1510;1;2;2;1;6;172;0, AVENUE DE BARCELONE;M;4362010.0;381752.0;340
22043;201500024475;15;3;13;1650;1;2;6;1;7;172;40, MENDE (ROUTE DE);M;4362290.0;387250.0;340
22044;201500024476;15;6;1;850;1;2;1;1;3;172;2220, SOULAS  AVENUE DU;M;4362850.0;384579.0;340
22045;201500024478;15;6;2;910;1;2;2;1;6;172;SANS, CASTELLE (RUE DE L;M;4358140.0;386921.0;340
22046;201500024479;15;6;2;1815;1;2;1;1;3;172;BATAILLON (PLACE EUGENE);M;4363250.0;386031.0;340
22047;201500024480;15;6;3;745;1;2;1;1;1;172;4, LODEVE (ROUTE DE);M;4361480.0;383033.0;340
22048;201500024481;15;6;3;1140;1;2;1;1;3;172;1369, CASTELLE (RUE DE L;M;4358140.0;386921.0;340
22049;201500024482;15;6;4;1645;1;2;1;1;7;172;SOULAS (AVENUE DU PERE;M;4362970.0;384369.0;340
22050;201500024483;15;6;6;1600;1;2;1;1;7;172;SANS, AURIOL (AVENUE VIN;M;4364530.0;385281.0;340
22051;201500024484;15;6;7;1810;1;2;1;1;2;172;36, GANGES (ROUTE DE;M;4362780.0;385822.0;340
22052;201500024485;15;6;8;735;1;2;1;1;3;172;SANS, JASSE DE MAURIN (R;M;4357740.0;386227.0;340
22053;201500024486;15;6;8;1525;1;1;3;1;3;172;PONT DE LAVERUNE (RUE DU;M;4360730.0;383829.0;340
22054;201500024488;15;6;8;1540;1;2;2;1;3;172;PERRUQUE  BOULEVARD DE L;M;4359700.0;387777.0;340
22055;201500024489;15;6;9;740;1;2;1;1;6;172;SANS, APOTHICAIRES (AVEN;M;4364260.0;383583.0;340
22056;201500024490;15;6;12;1915;1;2;2;8;3;172;RUE DE LA PISCINE;M;4361090.0;383336.0;340
22057;201500024491;15;6;13;2120;2;2;2;1;3;172;SAINT LOUIS (RUE);M;4361080.0;386668.0;340
22058;201500024493;15;6;19;1500;1;2;1;1;3;172;SANS, GOSSEC (RUE FRANCO;M;4357510.0;386074.0;340
22059;201500024494;15;6;19;1440;1;1;1;1;2;172;SANS, GANGES (ROUTE DE;M;4364030.0;384751.0;340
22060;201500024495;15;6;22;910;1;1;1;1;7;172;MAS D'ASTRE (ROND-POINT;M;4357480.0;386063.0;340
22061;201500024496;15;6;23;710;1;2;3;1;3;129;EUROPE (AVENUE DE L');M;4357165.0;390570.0;340
22062;201500024497;15;6;23;2048;1;2;1;1;6;172;2594, EUROPE (AVENUE DE;M;4364140.0;382050.0;340
22063;201500024499;15;6;27;1020;1;2;1;1;3;198;566, SAINT VINCENT (CHEM;M;4355805.0;394044.0;340
22064;201500024500;15;6;26;1800;1;2;1;1;6;172;1, PORT SARRAZIN (RUE DU;M;4359820.0;386294.0;340
22065;201500024501;15;6;29;1525;1;2;2;1;1;172;0, MICHELET (RUE);M;4360770.0;388465.0;340
22066;201500024502;15;6;29;1940;1;2;2;1;3;172;0, SAINT LAZARE (AVENUE;M;4362480.0;388916.0;340
22067;201500024503;15;7;1;1225;1;2;1;1;6;172;2, GRAND SAINT JEAN (RUE;M;4360550.0;387495.0;340
22068;201500024504;15;7;1;1655;1;2;1;1;4;172;SANS, FABRE DE MORLHON (;M;4359040.0;388182.0;340
22069;201500024505;15;7;1;1850;1;2;1;1;6;172;SANS, ROC DE PEZENAS (RU;M;4360290.0;385519.0;340
22070;201500024506;15;7;2;1410;1;2;1;1;1;172;EL ALAMEIN (AVENUE D');M;4357780.0;387258.0;340
22071;201500024507;15;7;3;140;5;2;1;1;2;172;1630, SOULAS (AVENUE DU;M;4362490.0;385118.0;340
22072;201500024508;15;7;6;810;1;2;3;1;1;172;0, ROQUETURIERE (RUE DE;M;4363100.0;388512.0;340
22073;201500024509;15;7;6;2030;2;2;9;1;1;172;NIMES (AVENUE DE);M;4362350.0;389227.0;340
22074;201500024510;15;7;7;1655;1;2;1;1;6;172;SANS, RENE (RUE HENRI);M;4360350.0;388251.0;340
22075;201500024511;15;7;7;1820;1;2;2;1;3;172;SANS, CHASLES (RUE MICHE;M;4361420.0;390664.0;340
22076;201500024512;15;7;8;1200;1;2;1;1;1;172;SANS, LAVERUNE (ROUTE DE;M;4360100.0;385020.0;340
22077;201500024514;15;7;9;2015;1;2;9;1;3;172;37, FIGAIRASSE (RUE DE L;M;4360510.0;385492.0;340
22078;201500024515;15;7;12;755;1;2;1;1;7;172;FABRE DE MORLHON (BOULEV;M;4359330.0;387772.0;340
22079;201500024516;15;7;13;625;1;1;1;1;7;172;1348, RAYMOND DUGRAND (A;M;4359370.0;390612.0;340
22080;201500024517;15;7;14;2030;1;2;2;1;3;172;SANS, LAVERUNE (ROUTE DE;M;4360420.0;385830.0;340
22081;201500024518;15;7;15;2100;1;2;6;1;3;172;SANS, MOULINS (AVENUE DE;M;4362560.0;383689.0;340
22082;201500024519;15;7;10;2000;1;2;4;1;7;172;0, JEU DE MAIL DES ABBES;M;4362190.0;388298.0;340
22083;201500024520;15;7;17;1233;1;2;9;1;6;172;30, BERTHELOT (BOULEVARD;M;4359980.0;387560.0;340
22084;201500024521;15;7;20;355;5;2;1;1;3;172;GANGES (ROUTE DE;M;4362780.0;385822.0;340
22085;201500024522;15;7;20;1910;1;2;1;1;6;172;85, PONT JUVENAL (AVENUE;M;4360550.0;389207.0;340
22086;201500024523;15;7;22;2230;4;2;1;1;2;172;POMPIGNANE (AVENUE DE LA;M;4361450.0;389805.0;340
22087;201500024524;15;7;22;2340;3;1;1;1;6;198;D66  VOIE RAPIDE;M;4355506.0;396665.0;340
22088;201500024525;15;7;23;745;1;2;1;1;6;172;VANIERES (AVENUE DE);M;4359730.0;384362.0;340
22089;201500024527;15;7;27;950;1;2;1;1;5;172;SANS, LIBERTE (AVENUE DE;M;4360900.0;385479.0;340
22090;201500024528;15;7;30;930;1;2;1;1;7;172;27, LOGE (RUE DE LA);M;4360910.0;387886.0;340
22091;201500024529;15;7;31;2205;4;2;1;3;1;172;EUROPE (AVENUE DE L');M;4362220.0;381924.0;340
22092;201500024530;15;8;1;500;1;2;1;1;7;172;20, MERMOZ (AVENUE JEAN);M;4361370.0;388493.0;340
22093;201500024531;15;8;2;1710;1;1;1;1;3;198;D21E;M;4354983.0;396881.0;340
22094;201500024532;15;8;5;1743;1;2;2;1;6;172;354, RIMBAUD (RUE PAUL);M;4361870.0;384617.0;340
22095;201500024534;15;8;7;1820;1;2;1;1;6;172;23, LAURENS (QUAI);M;4360440.0;388934.0;340
22096;201500024535;15;8;9;2350;5;2;1;1;6;172;MERMOZ (AVENUE JEAN;M;4361220.0;388942.0;340
22097;201500024536;15;8;10;1025;1;2;1;1;6;172;110, LAVANDIN (RUE DU);M;4360060.0;385099.0;340
22098;201500024537;15;8;10;2215;3;2;1;1;2;129;SANS, PALAVAS D986 (ROUT;M;4356442.0;389449.0;340
22099;201500024538;15;8;11;1315;1;2;1;1;6;172;0, MADELEINE (RUE DE LA);M;4358020.0;385789.0;340
22100;201500024539;15;8;11;2145;5;2;1;1;1;172;LIBERTE (AVENUE DE LA;M;4360870.0;384649.0;340
22101;201500024540;15;8;14;2205;5;2;1;1;1;172;27, GAMBETTA (COURS);M;4360650.0;387210.0;340
22102;201500024541;15;8;15;2005;1;2;2;1;3;172;732, PAS DU LOUP (RUE DU;M;4359570.0;384449.0;340
22103;201500024542;15;8;17;1550;1;2;1;1;2;172;52, FLAHAULT (AVENUE CHA;M;4362490.0;386134.0;340
22104;201500024543;15;8;18;2230;5;2;9;1;3;172;LODEVE (AVENUE DE);M;4361370.0;383907.0;340
22105;201500024544;15;8;20;249;5;2;1;1;6;172;AV PABLO NERUDA;M;4362020.0;382237.0;340
22106;201500024545;15;8;20;515;3;2;1;1;6;129;sans, D116;M;4355908.0;386528.0;340
22107;201500024546;15;8;20;1820;1;2;3;1;3;172;TOULOUSE (AVENUE DE;M;4359360.0;386000.0;340
22108;201500024547;15;8;20;2320;5;2;1;1;7;172;ROUGET DE LISLE (RUE);M;4359560.0;383687.0;340
22109;201500024548;15;8;21;2015;1;2;1;1;7;172;0, GARRATS (AVENUE DES);M;4361240.0;383882.0;340
22110;201500024549;15;8;23;1505;1;2;1;3;7;172;SANS, DOMITIENNE (VOIE);M;4362120.0;385846.0;340
22111;201500024550;15;8;24;2015;2;2;1;1;2;172;135, LODEVE (AVENUE DE;M;4361460.0;383564.0;340
22112;201500024551;15;8;25;1035;1;2;3;1;3;172;5, PELLICIER (RUE GUILLA;M;4360850.0;386700.0;340
22113;201500024552;15;8;25;1220;1;2;2;1;4;172;LODEVE (AVENUE DE;M;4361040.0;385626.0;340
22114;201500024553;15;8;29;2330;5;2;1;1;6;172;MONSIEUR TESTE (AVENUE D;M;4361100.0;382996.0;340
22115;201500024554;15;8;31;1250;1;2;1;1;3;172;TRIOLET (RUE DU);M;4362500.0;386231.0;340
22116;201500024555;15;9;1;1309;1;2;1;1;6;172;RUE DU PROFESSEUR BLAYAC;M;4362580.0;382461.0;340
22117;201500024556;15;9;4;2125;5;2;1;1;2;172;AV ALBERT DUBOUT;M;4360180.0;389168.0;340
22118;201500024557;15;9;5;1330;1;1;1;1;2;172;SANS, BLAYAC (RUE DU PRO;M;4362470.0;382676.0;340
22119;201500024558;15;9;5;2010;2;2;9;1;3;172;644, PIREE (AVENUE DU);M;4360500.0;389649.0;340
22120;201500024559;15;9;7;605;5;2;1;1;1;172;SANS, LIBERTE (AVENUE DE;M;4359860.0;387283.0;340
22121;201500024560;15;9;9;700;1;2;3;1;3;172;FLAHAULT (AVENUE CHARLES;M;4362560.0;386079.0;340
22122;201500024561;15;9;11;1735;1;2;1;1;6;172;2, FORGUE (RUE DU PROFES;M;4360960.0;385314.0;340
22123;201500024562;15;9;12;50;3;1;1;1;6;129;PALAVAS D986 (ROUTE DE);M;4358142.0;389811.0;340
22124;201500024563;15;9;11;2340;5;2;3;1;3;172;HEIDELBERG (AVENUE DE);M;4362250.0;381336.0;340
22125;201500024565;15;9;19;1310;1;2;3;1;2;172;MOULINS (AVENUE DES;M;4363680.0;384489.0;340
22126;201500024566;15;9;19;2140;5;2;3;1;5;172;LODEVE (AVENUE DE;M;4361540.0;381811.0;340
22127;201500024567;15;9;20;135;5;2;2;1;1;172;DUBOUT (AVENUE ALBERT);M;4359700.0;388047.0;340
22128;201500024568;15;9;25;835;1;2;2;1;3;172;MUSCADET (RUE DU);M;4362730.0;384736.0;340
22129;201500024569;15;9;25;730;1;2;1;1;3;172;PAVELET;M;4358970.0;385677.0;340
22130;201500024570;15;9;25;2155;5;2;1;1;7;172;104, TOULOUSE (AVENUE DE;M;4359380.0;386245.0;340
22131;201500024571;15;9;23;740;1;2;1;1;2;172;0, COMEDIE (TUNNEL DE LA;M;4360820.0;387948.0;340
22132;201500024572;15;9;29;1700;1;2;1;1;2;172;LIBERTE (AVENUE DE LA;M;4359810.0;387383.0;340
22133;201500024573;15;9;30;930;1;2;1;1;1;172;467, ROQUETURIERE (RUE D;M;4363010.0;388575.0;340
22134;201500024574;15;10;1;1010;1;2;1;1;1;172;573, MARES (AVENUE HENRI;M;4362000.0;385115.0;340
22135;201500024575;15;10;1;1515;1;2;2;1;3;172;SAINT LAZARE (AVENUE DE);M;4362480.0;388916.0;340