;Num_Acc;an;mois;jour;hrmn;lum;agg;int;atm;col;com;adr;gps;lat;long;dep
22136;201500024576;15;10;9;735;2;2;2;1;3;172;CASTELLE (RUE DE LA;M;4358140.0;386921.0;340
22137;201500024577;15;10;1;2310;5;2;3;1;3;172;sans, SABATIER D'ESPEYRA;M;4362442.0;386272.0;340
22138;201500024578;15;10;1;2030;5;2;2;1;6;172;LODEVE (ROUTE DE);M;4361500.0;382592.0;340
22139;201500024579;15;10;3;2215;5;2;1;1;3;172;8 MAI 1945 (PLACE DU);M;4360090.0;386804.0;340
22140;201500024580;15;10;4;355;5;2;6;1;7;172;SANS, BLAYAC (RUE DU PRO;M;4362510.0;382616.0;340
22141;201500024581;15;10;7;2024;5;2;2;1;7;172;AV ALBERT DUBOUT;M;4359700.0;388047.0;340
22142;201500024582;15;10;9;730;1;2;2;1;1;172;TOULOUSE (AVENUE DE;M;4359740.0;386421.0;340
22143;201500024583;15;10;9;1120;1;2;2;1;3;172;VENDEMIAIRE (RUE);M;4360260.0;389884.0;340
22144;201500024584;15;10;10;1850;2;2;1;1;7;129;sans, MONTPELLIERET DITE;M;4356781.0;390092.0;340
22145;201500024585;15;10;11;1855;2;1;1;1;7;172;FLANDRES-DUNKERQUE (PLAC;M;4359020.0;385575.0;340
22146;201500024586;15;10;12;730;1;2;1;2;3;172;22, MARES (AVENUE HENRI);M;4362030.0;385528.0;340
22147;201500024587;15;10;13;1930;3;1;1;2;4;198;D66  VOIE RAPIDE;M;4355517.0;396656.0;340
22148;201500024588;15;10;14;950;1;2;1;1;6;172;5, FRANCE (RUE ANATOLE);M;4360520.0;387568.0;340
22149;201500024589;15;10;15;1050;1;2;1;1;6;172;ROQUETURIERE (RUE DE LA);M;4362840.0;388752.0;340
22150;201500024590;15;10;16;1810;1;2;1;1;6;172;SEIGNEURS QUATRE;M;4364070.0;385746.0;340
22151;201500024591;15;10;17;1900;5;2;1;1;3;172;9 BIS, FLAHAULT (AVENUE;M;4361990.0;386533.0;340
22152;201500024592;15;10;21;700;5;2;9;1;1;172;LODEVE (ROUTE DE);M;4361560.0;381905.0;340
22153;201500024593;15;10;21;1110;1;2;2;1;3;172;JUSTICE DE CASTELNAU (AV;M;4362680.0;388956.0;340
22154;201500024594;15;10;21;1935;5;2;1;1;6;172;5, FOCH (RUE);M;4361100.0;387367.0;340
22155;201500024595;15;10;22;1630;1;2;1;1;2;172;AEROPORT INTERNATIONAL (;M;4360890.0;389544.0;340
22156;201500024596;15;10;23;1900;5;2;1;1;6;172;3, PAGEZY (RUE);M;4360470.0;387901.0;340
22157;201500024597;15;10;25;545;4;2;1;1;6;172;., RAYMOND DUGRAND (AVE;M;4359310.0;390644.0;340
22158;201500024598;15;10;29;1415;1;2;1;1;3;172;SANS, PONT JUVENAL (AVEN;M;4360620.0;389513.0;340
22159;201500024599;15;11;1;20;5;2;3;1;3;172;TOULOUSE (AVENUE DE;M;4359530.0;386193.0;340
22160;201500024600;15;11;2;535;4;1;1;1;6;172;RAYMOND DUGRAND (AVENUE);M;4359370.0;390613.0;340
22161;201500024601;15;11;4;1405;1;2;1;1;2;172;., LIBERTE (AVENUE DE LA;M;4360980.0;383658.0;340
22162;201500024602;15;11;4;1650;1;2;1;8;1;172;., BERARD (RUE AUGUSTE);M;4362680.0;383973.0;340
22163;201500024603;15;11;4;1834;5;2;1;2;6;172;27, CRAPONNE (RUE ADAM D;M;4360580.0;386713.0;340
22164;201500024604;15;11;4;1940;1;1;1;1;2;172;1141, TOULOUSE (AVENUE D;M;4359300.0;385943.0;340
22165;201500024605;15;11;4;1855;2;2;1;2;3;172;CASTELNAU JUSTICE DE;M;4362900.0;389562.0;340
22166;201500024606;15;11;5;1500;1;2;1;1;7;172;NIMES (AVENUE DE;M;4361940.0;388796.0;340
22167;201500024607;15;11;5;1820;2;1;1;1;1;172;LIBERTE (AVENUE DE LA;M;4360990.0;383647.0;340
22168;201500024608;15;11;5;1945;5;2;3;1;3;172;FLAHAULT (AVENUE CHARLES;M;4361990.0;386533.0;340
22169;201500024609;15;11;6;800;1;2;1;1;5;172;., MERMOZ (AVENUE JEAN);M;4361020.0;389144.0;340
22170;201500024610;15;11;6;2100;4;2;1;1;1;129;sans, CARNON (ROUTE DE;M;4358836.0;391429.0;340
22171;201500024611;15;11;6;1440;1;2;9;1;2;172;SOULAS (AVENUE DU PERE;M;4363090.0;384264.0;340
22172;201500024612;15;11;5;1715;1;2;1;1;6;172;39, FLAHAULT (AVENUE CHA;M;4362800.0;385805.0;340
22173;201500024613;15;11;6;1845;2;2;1;1;4;172;MENDES FRANCE (AVENUE PR;M;4360980.0;390248.0;340
22174;201500024614;15;11;8;1220;1;2;2;1;3;172;GIMEL (AVENUE DE);M;4363750.0;382255.0;340
22175;201500024615;15;11;10;1840;2;2;1;1;6;172;186, BRASSENS (RUE GEORG;M;4359460.0;386389.0;340
22176;201500024616;15;11;11;1100;1;2;1;1;2;172;., TOULOUSE (AVENUE DE;M;4358680.0;385303.0;340
22177;201500024617;15;11;12;1600;1;2;3;1;3;198;ENTREPOTS (ALLEE DES);M;4357231.0;393828.0;340
22178;201500024618;15;11;12;1820;5;2;9;1;1;172;770, MOULARES (CHEMIN DE;M;4359920.0;389386.0;340
22179;201500024619;15;11;15;1610;1;2;1;1;6;172;10, GRANIER (RUE DU PROF;M;4359760.0;386705.0;340
22180;201500024620;15;11;15;1925;5;2;1;1;2;172;SANS, CHATEAU D'O (ROND-;M;4363070.0;384177.0;340
22181;201500024621;15;11;16;1340;1;2;2;1;3;172;217, PIERRE MAS ST;M;4358220.0;387964.0;340
22182;201500024622;15;11;16;1745;2;2;1;1;6;129;640, MONTPELLIER (AVENUE;M;4356873.0;390439.0;340
22183;201500024623;15;11;17;920;1;2;1;1;3;172;SANS, MONTPELLIER (AVENU;M;4360080.0;389754.0;340
22184;201500024624;15;11;17;903;1;2;1;1;4;172;., JOUHAUX (AVENUE LEON);M;4360140.0;381974.0;340
22185;201500024625;15;11;17;1140;1;2;1;1;6;172;2, SERANE (RUE);M;4360590.0;388206.0;340
22186;201500024626;15;11;17;1945;5;2;1;1;4;172;MOULARES (CHEMIN DE;M;4360030.0;389458.0;340
22187;201500024627;15;11;18;1358;1;2;1;1;1;172;22, LAVERUNE (ROUTE DE;M;4360330.0;385633.0;340
22188;201500024628;15;11;20;1450;1;2;1;1;2;172;493, PRES D'ARENES (AVEN;M;4359240.0;388017.0;340
22189;201500024629;15;11;20;2100;5;2;1;1;7;172;SANS, BOUISSES (RUE DES);M;4360330.0;383311.0;340
22190;201500024630;15;11;21;2056;5;2;1;1;6;172;PAS DU LOUP (RUE DU;M;4359650.0;384488.0;340
22191;201500024631;15;11;24;1120;1;2;1;1;6;172;SANS, FLICHE (AVENUE AUG;M;4362890.0;386105.0;340
22192;201500024632;15;11;26;2030;5;2;1;1;3;172;849, RAVAZ (AVENUE DU PR;M;4362200.0;384653.0;340
22193;201500024634;15;11;30;1825;2;2;1;1;3;172;2220, SOULAS (AVENUE DU;M;4362850.0;384581.0;340
22194;201500024635;15;12;3;1600;1;2;1;1;6;172;SANS, CENTRAYRARGUES (RU;M;4359620.0;388499.0;340
22195;201500024636;15;12;3;1740;5;2;1;1;6;172;35, SAINT LOUIS (RUE);M;4361270.0;386666.0;340
22196;201500024637;15;12;3;1904;5;2;1;1;6;172;., BRINGUIER (AVENUE PAU;M;4361310.0;383894.0;340
22197;201500024638;15;12;3;2030;5;2;1;1;5;172;LIBERTE (AVENUE DE LA;M;4361030.0;383447.0;340
22198;201500024640;15;12;2;1500;1;2;1;1;5;172;TOULOUSE (AVENUE DE;M;4359330.0;385192.0;340
22199;201500024641;15;12;4;1620;1;2;1;1;1;172;SANS, MONTELS-EGLISE (RU;M;4358220.0;388610.0;340
22200;201500024642;15;12;4;1810;5;2;1;1;6;172;5, ERNEST HEMINGWAY (AVE;M;4363450.0;383389.0;340
22201;201500024643;15;12;5;1640;1;2;2;1;3;172;DROITS DE L'HOMME (AVENU;M;4360590.0;389423.0;340
22202;201500024644;15;12;4;800;1;2;3;1;3;172;0, VALERY (BOULEVARD PAU;M;4359330.0;385194.0;340
22203;201500024645;15;12;8;1000;1;2;1;2;6;172;MENDE (ROUTE DE);M;4362980.0;387002.0;340
22204;201500024647;15;12;9;1830;5;2;1;1;3;172;SANS, EINSTEIN (AVENUE A;M;4360960.0;390887.0;340
22205;201500024648;15;12;9;1145;1;2;3;1;3;172;0, MAS ARGELLIERS (AVENU;M;4358710.0;388955.0;340
22206;201500024649;15;12;10;1235;1;2;1;1;3;172;., NOBEL (RUE ALFRED);M;4361360.0;391200.0;340
22207;201500024650;15;12;11;1520;1;2;2;1;6;172;CLEMENCEAU (AVENUE GEORG;M;4360280.0;387100.0;340
22208;201500024651;15;12;12;750;2;2;1;1;6;172;1388, TRINQUAT PONT DE 1;M;4359400.0;389862.0;340
22209;201500024652;15;12;12;1815;3;2;2;1;3;172;MONTPELLIER (AVENUE MARI;M;4360080.0;389754.0;340
22210;201500024653;15;12;16;950;1;1;1;1;6;172;10, COURREAU FAUBOURG DU;M;4360830.0;387202.0;340
22211;201500024654;15;12;17;1815;5;2;1;1;6;172;MENDE (ROUTE DE);M;4362520.0;387092.0;340
22212;201500024655;15;12;18;2000;3;1;1;1;6;172;3024, EINSTEIN (AVENUE A;M;4361230.0;393359.0;340
22213;201500024656;15;12;24;50;5;2;3;1;3;172;TOULOUSE (AVENUE DE;M;4358790.0;385415.0;340
22214;201500024657;15;12;24;1455;1;2;1;1;1;172;ARENES (ROND POINT DES P;M;4358900.0;389094.0;340
22215;201500024658;15;12;27;2;5;2;2;1;3;172;SANS, DOMITIENNE (VOIE);M;4362370.0;386183.0;340
22216;201500024659;15;12;30;1530;1;2;1;1;6;172;1804, LIBERTE (AVENUE DE;M;4360870.0;385032.0;340
22217;201500024660;15;1;20;1040;1;2;1;1;6;108;0, DE GAULE GENERAL (AVE;M;4344723.0;375433.0;340
22218;201500024661;15;1;24;102;5;2;1;6;7;301;0, HIRONDELLES (CHEMIN D;M;4341377.0;368204.0;340
22219;201500024662;15;3;14;635;1;1;1;1;1;108;AVENUE DES ETANGS;M;4344738.0;379644.0;340
22220;201500024663;15;2;8;1600;1;1;1;7;6;301;0, AGDE (ROUTE DE);M;4340175.0;366162.0;340
22221;201500024664;15;3;25;415;5;2;1;2;6;108;CALMETTE (AVENUE DES);M;4345163.0;374959.0;340
22222;201500024666;15;3;11;1545;1;2;1;1;3;301;0, CAYENNE (ROUTE DE);M;4341390.0;370496.0;340
22223;201500024667;15;4;4;255;5;2;1;1;6;301;21, GUIGNON NOEL (QUAI;M;4344158.0;369733.0;340
22224;201500024668;15;4;14;1815;1;1;1;1;5;108;0, RD2 Route de Balaruc;M;4343527.0;372017.0;340
22225;201500024669;15;4;23;750;1;2;1;1;6;301;0, CAMBON ANDRE (PLACE);M;4341212.0;369679.0;340
22226;201500024670;15;4;25;310;3;1;1;2;6;108;0, RD 612;M;4345110.0;376370.0;340
22227;201500024671;15;5;6;940;1;2;1;1;3;301;0, MAILLOL FRANCOIS (QUA;M;4340930.0;370062.0;340
22228;201500024672;15;5;8;300;5;2;1;1;6;301;1, CANARIS (RUE DES;M;4341437.0;367324.0;340
22229;201500024673;15;5;13;2335;5;2;1;1;3;301;1432, HERRIOT EDOUARD (P;M;4339452.0;367743.0;340
22230;201500024674;15;6;11;800;1;1;1;1;1;108;RD 612;M;4345466.0;376692.0;340
22231;201500024675;15;5;24;2255;3;1;1;1;7;108;PORT (ROND POIN DU);M;4342967.0;376657.0;340
22232;201500024676;15;5;28;2007;1;2;1;1;7;301;1364, AVENUE DES EAUX BL;M;4342091.0;372264.0;340
22233;201500024678;15;7;3;1855;1;2;2;1;3;301;PASCAL (RUE);M;4340087.0;369463.0;340
22234;201500024679;15;7;4;850;1;2;3;1;3;301;BLANC CAMILLE (BOULEVARD;M;4340933.0;367309.0;340
22235;201500024680;15;7;6;2210;3;1;9;1;7;301;RD 612;;;;340
22236;201500024681;15;7;22;1000;1;2;1;1;2;301;BOUALEM BACHAGA (RUE);M;4341326.0;366898.0;340
22237;201500024682;15;7;31;1700;1;2;1;1;6;301;11, RESISTANCE (QUAI DE;M;4340344.0;369692.0;340
22238;201500024683;15;8;1;1215;1;2;3;1;2;108;DE GAULE GENERAL (AVENUE;M;4344723.0;375433.0;340
22239;201500024684;15;8;2;2000;1;2;3;1;3;301;LECLERC PHILIPPE MARECHA;M;4339280.0;368576.0;340
22240;201500024685;15;8;3;1945;1;2;3;1;2;301;BLANC CAMILLE (BOULEVARD;M;4341097.0;367088.0;340
22241;201500024686;15;8;4;1610;1;2;1;1;2;301;NEUBURG (CORNICHE DE);M;4339378.0;367163.0;340
22242;201500024687;15;8;5;1915;1;1;1;1;1;301;PLAGES (ROUTES DES);M;4335379.0;359336.0;340
22243;201500024688;15;8;17;1040;1;1;1;1;5;301;RD2 Route de Balaruc;M;4343216.0;370305.0;340
22244;201500024689;15;8;20;1614;1;1;3;1;3;108;MALRAUX ANDRE (AVENUE);M;4342406.0;371283.0;340
22245;201500024690;15;9;6;1715;1;1;1;1;6;108;0, RD 612;M;4344445.0;376347.0;340
22246;201500024691;15;9;11;715;1;1;1;1;7;108;RD129 Route de Balaruc;M;4344872.0;374585.0;340
22247;201500024692;15;9;16;2220;5;2;1;1;6;301;BLANC CAMILLE (BOULEVARD;M;4340153.0;366139.0;340
22248;201500024693;15;9;19;1500;1;1;1;1;1;301;RD 612;M;4335431.0;359417.0;340
22249;201500024694;15;9;24;720;1;2;3;1;3;301;MERLE ADOLPHE (QUAI);M;4340799.0;369622.0;340
22250;201500024696;15;10;21;945;1;2;1;1;6;301;6, SAMARY COMMANDANT (QU;M;4340272.0;369996.0;340
22251;201500024697;15;10;25;545;5;2;1;1;6;301;38, BOSC (QUAI DE);M;4340762.0;369568.0;340
22252;201500024698;15;10;26;1845;2;2;1;1;6;301;332, JUIN MARECHAL (AVEN;M;4340795.0;370430.0;340
22253;201500024699;15;11;6;815;1;1;3;1;3;108;RD2 Route de Balaruc;M;4343347.0;370232.0;340
22254;201500024700;15;11;7;1825;5;2;1;1;6;301;LECLERC PHILIPPE MARECHA;M;4339499.0;369472.0;340
22255;201500024701;15;11;12;1545;1;1;1;1;3;108;0, REPUBLIQUE (BOULEVARD;M;4344011.0;375406.0;340
22256;201500024702;15;12;4;2110;5;2;1;1;1;108;0, DE GAULE GENERAL (AVE;M;4344754.0;375470.0;340
22257;201500024704;15;2;17;1605;1;2;1;1;6;115;17, GAULLE (AVENUE DU GE;M;4835296.0;-119901.0;350
22258;201500024705;15;3;13;2220;3;1;1;1;6;150;D 706;;;;350
22259;201500024706;15;4;23;1230;1;2;3;1;7;115;POMPIDOU (RUE GEORGES DU;M;4834655.0;-120242.0;350
22260;201500024707;15;5;13;1705;1;2;6;1;6;115;1, JAURES (BD JEAN);M;4835337.0;-120100.0;350
22261;201500024708;15;5;12;1850;1;2;1;1;3;115;DEVERIA (RUE DES FRERES);M;4834784.0;-119068.0;350
22262;201500024709;15;6;10;1445;1;2;1;1;6;115;0, FORET (RUE DE LA);M;4835952.0;-119234.0;350
22263;201500024710;15;6;10;1615;1;2;7;1;3;115;3, EUROPE (PLACE DE L');M;4834805.0;-119464.0;350
22264;201500024711;15;8;1;1900;1;2;1;1;6;115;34, DEVERIA (RUE DES FRE;M;4834696.0;-118778.0;350
22265;201500024712;15;10;19;1612;1;2;6;8;3;115;0, FAUCHEUX (BD JACQUES);M;4835452.0;-121105.0;350
22266;201500024713;15;11;14;1510;1;2;9;1;6;115;0, CHAPERON (RUE JEAN MA;M;4834982.0;-119399.0;350
22267;201500024714;15;11;24;1450;1;2;2;2;3;115;0, LE PAYS (RUE RENE);M;4835512.0;-119223.0;350
22268;201500024715;15;12;17;1820;3;1;2;2;3;150;D 706;M;4835501.0;-123028.0;350
22269;201500024717;15;2;10;1725;1;2;6;1;3;115;RENNES (BOULEVARD DE);M;4835447.0;-121101.0;350
22270;201500024718;15;1;2;1145;1;2;6;1;3;238;HAUTES OURMES/POLOGNE;M;4808770.0;-165090.0;350
22271;201500024719;15;1;5;930;1;2;2;1;3;238;POINCAR?/S.MICHEL;M;4812540.0;-165289.0;350
22272;201500024720;15;2;16;1740;1;2;1;2;7;281;00, MERMOZ (BOULEVARD JE;M;4809361.0;-170094.0;350
22273;201500024721;15;1;6;1845;5;2;3;1;6;238;G.BERGER/PROVENCE;M;4811700.0;-170469.0;350
22274;201500024722;15;1;7;1740;5;1;1;8;2;238;ROCADE NORD-OUEST;M;4813180.0;-170858.0;350
22275;201500024725;15;2;17;1530;1;2;2;1;3;238;MITTERAND (MAIL FRANCOIS;M;4810855.0;-169297.0;350
22276;201500024726;15;2;17;1145;1;2;3;1;3;238;NANTES (DE);M;4808585.0;-169535.0;350
22277;201500024727;15;1;8;835;2;2;1;1;6;238;57, RUE GAL MARGUERITTE;M;4809840.0;-167910.0;350
22278;201500024729;15;1;8;1430;1;2;5;1;3;238;CARREFOUR NITSCH;M;4810180.0;-168441.0;350
22279;201500024730;15;2;20;2300;5;2;1;1;6;238;301, FOUGERES (ROUTE DE);M;4812975.0;-164263.0;350
22280;201500024731;15;1;12;1237;1;2;1;1;2;238;2 AV W.CHURCHILL;M;4811760.0;-170796.0;350
22281;201500024732;15;2;21;1455;1;1;1;4;6;281;RD 177;M;4806210.0;-171979.0;350
22282;201500024733;15;1;11;640;3;2;5;1;6;206;PORTE DE BREQUIGNY;M;4807930.0;-168886.0;350
22283;201500024734;15;2;22;618;3;2;1;1;6;278;00, GAULLE (RUE DU GAL D;M;4814900.0;-168581.0;350
22284;201500024735;15;1;11;1400;1;2;2;1;3;238;VERDUN/CO?TLOGON;M;4812270.0;-168542.0;350
22285;201500024736;15;1;12;1300;1;2;1;8;3;238;22, AVENUE MAGINOT;M;4810980.0;-166928.0;350
22286;201500024738;15;1;13;510;5;2;1;2;6;238;AVENUE MAGINOT;M;4810990.0;-166629.0;350
22287;201500024739;15;1;13;1830;5;2;3;1;5;238;ANJOU/GASCOGNE;M;4812200.0;-171344.0;350
22288;201500024740;15;1;14;1750;3;2;1;8;2;238;PORTE DE BREST;M;4812170.0;-171973.0;350
22289;201500024741;15;1;14;1910;5;2;1;8;7;238;16, AV H.FR?VILLE;M;4809000.0;-167491.0;350
22290;201500024742;15;1;17;1150;1;2;1;1;7;238;13, RUE LESAGE;M;4811710.0;-167614.0;350
22291;201500024744;15;1;19;1830;3;1;6;1;2;278;00, MAISON BLANCHE (ROND;M;4814471.0;-165699.0;350
22292;201500024745;15;3;2;745;1;1;1;1;7;278;PORTE DE BEAUREGARD;M;4813921.0;-169782.0;350
22293;201500024746;15;1;26;1005;1;2;1;1;3;238;119, SAINT-HELIER;M;4810359.0;-166251.0;350
22294;201500024747;15;1;19;1005;1;2;2;1;3;238;ST H?LIER/L.ARMAND;M;4810350.0;-166268.0;350
22295;201500024748;15;1;19;1200;1;2;9;1;6;51;00, RIGOURDIERE (RUE DE;M;4811429.0;-158971.0;350
22296;201500024749;15;1;20;1040;1;1;1;9;2;278;20.400, R.N. 136;M;4814152.0;-167141.0;350
22297;201500024750;15;1;20;900;1;2;1;1;5;51;00, RD96;M;4812745.0;-162670.0;350
22298;201500024751;15;1;21;1445;1;2;2;1;6;238;LIBERT?/JOFFRE;M;4810740.0;-167784.0;350
22299;201500024752;15;1;23;830;1;2;6;1;7;281;00, DODIN (AVENUE ROGER);M;4808660.0;-170753.0;350
22300;201500024753;15;1;25;1350;1;2;2;1;4;238;ST HELIER/DUHAMEL;M;4810740.0;-167201.0;350
22301;201500024754;15;3;7;2230;5;2;2;1;1;281;284, NANTES (RUE DE);M;4808856.0;-169379.0;350
22302;201500024755;15;1;28;750;5;2;1;2;6;238;73, AV BUTTES DE COESMES;M;4812530.0;-163275.0;350
22303;201500024757;15;1;29;1750;1;2;4;2;6;238;BEAUMONT/DAUTRY;M;4810370.0;-167502.0;350
22304;201500024758;15;3;11;800;2;2;3;8;7;238;00, CLOS COURTEL (DU);M;4812208.0;-162873.0;350
22305;201500024759;15;1;30;240;5;2;3;6;6;238;CHEZY/L.D'OR;M;4811360.0;-168724.0;350
22306;201500024760;15;3;11;1115;1;2;1;1;7;281;00, BEL AIR (RUE DE);M;4807823.0;-172488.0;350
22307;201500024761;15;1;30;845;3;2;6;2;3;238;00, AVENUE DES PREALES;M;4811152.0;-162513.0;350
22308;201500024762;15;1;30;1425;1;2;2;3;3;238;JANVIER/ST THOMAS;M;4810790.0;-167354.0;350
22309;201500024763;15;11;26;1530;1;2;1;1;7;238;00, PETIT TATELIN (LIEU-;M;4813156.0;-164088.0;350
22310;201500024765;15;11;20;2000;3;1;1;2;6;51;00, PORTE DE LA RIGOURDI;M;4811550.0;-157072.0;350
22311;201500024767;15;11;26;1830;3;1;1;1;7;278;00, RD 137;M;4813966.0;-169531.0;350
22312;201500024768;15;11;25;1930;5;2;1;1;7;281;00, DODIN (AVENUE ROGER);M;4808671.0;-170751.0;350
22313;201500024769;15;2;1;145;5;2;2;4;6;238;LEGRAVEREND/CH?ZY;M;4811780.0;-168553.0;350
22314;201500024770;15;3;23;920;1;2;1;1;2;278;;M;4814061.0;-169625.0;350
22315;201500024771;15;2;4;1430;1;2;1;1;6;238;11, PLACE  CHAMP JACQUET;M;4811300.0;-168016.0;350
22316;201500024772;15;3;25;10;5;2;1;1;3;281;02, BLUM (MAIL LEON);M;4808239.0;-171531.0;350
22317;201500024773;15;2;5;1430;1;2;1;2;6;238;18, RUE DE LA DONELI?RE;M;4813030.0;-168650.0;350
22318;201500024774;15;2;5;1720;1;2;1;8;2;238;ROCADE OUEST;M;4811450.0;-171894.0;350
22319;201500024775;15;2;6;1345;1;2;1;1;3;238;231, AVENUE LECLERC;M;4811390.0;-164501.0;350
22320;201500024776;15;2;6;1800;1;2;1;1;6;238;150, RUE E.POTTIER;M;4810220.0;-171203.0;350
22321;201500024777;15;3;30;1810;1;2;3;1;2;238;00, TOURAUDAIS (AVENUE D;M;4812019.0;-163140.0;350
22322;201500024778;15;2;7;1400;1;2;6;1;6;238;PAYS BAS/L.GRIMAULT;M;4809160.0;-165839.0;350
22323;201500024779;15;4;1;1100;1;1;6;1;2;238;FREVILLE (PASSAGE);M;4808193.0;-167512.0;350
22324;201500024780;15;2;7;1600;1;2;1;1;3;238;17, MAIL F.MITTERRAND;M;4810970.0;-168782.0;350
22325;201500024781;15;4;1;1730;1;2;1;1;3;238;12, TOUR D'AUVERGNE (BD;M;4810724.0;-168449.0;350
22326;201500024782;15;2;8;1615;1;2;1;1;2;238;53, RUE CHAMPION DE CICE;M;4810200.0;-170609.0;350
22327;201500024783;15;2;9;705;5;2;6;1;6;238;V.MAREUIL/MOU?ZY;M;4810410.0;-165012.0;350
22328;201500024784;15;4;8;1415;1;2;1;1;7;238;07, MOTTE (CONTOUR DE LA;M;4811331.0;-167522.0;350
22329;201500024785;15;2;9;2155;5;2;2;1;7;238;ALMA/J.CARTIER;M;4809740.0;-167516.0;350
22330;201500024786;15;12;11;1945;5;2;1;1;6;238;00, LEMAISTRE (JEAN);M;4810632.0;-172018.0;350
22331;201500024787;15;4;3;2140;5;2;4;2;3;238;TILLON (AVENUE CHARLES);M;4812453.0;-170991.0;350
22332;201500024788;15;2;11;655;3;2;1;1;6;238;PORTE DE BREQUIGNY;M;4808400.0;-169874.0;350
22333;201500024789;15;4;5;720;1;2;1;1;7;238;00, LORIENT (DE);M;4810706.0;-172598.0;350
22334;201500024790;15;2;11;1300;1;2;2;1;3;238;GUERRAND/CLEUNAY;M;4810210.0;-169866.0;350
22335;201500024791;15;2;12;145;3;1;1;1;6;281;00, TEMPLE DU CERISIER;M;4807618.0;-174492.0;350
22336;201500024792;15;4;8;1920;1;2;1;1;6;238;BRETAGNE (PLACE DE);M;4810935.0;-168382.0;350
22337;201500024793;15;2;12;1410;1;2;1;1;3;238;47, BD  LA T.D'AUVERGNE;M;4810410.0;-168435.0;350
22338;201500024794;15;4;11;2050;1;1;1;1;5;238;RN136;M;4811212.0;-171836.0;350
22339;201500024795;15;2;12;1705;1;2;6;1;6;238;C.DE CICE/F.DE LESSEPS;M;4810180.0;-170729.0;350
22340;201500024796;15;4;9;1915;1;2;1;1;6;238;ANJOU (D');M;4812138.0;-171347.0;350
22341;201500024797;15;4;9;1830;1;2;1;1;3;281;76, HAIE-DES-COGNETS (BO;M;4807786.0;-174177.0;350
22342;201500024799;15;4;12;210;3;1;1;1;6;238;PORTE DES LONGS CHAMPS;M;4813767.0;-162607.0;350
22343;201500024800;15;4;12;1400;1;1;1;1;1;238;PORTE ALMA;M;4808096.0;-167282.0;350
22344;201500024801;15;4;13;1600;1;2;1;1;3;55;33, BOURGOGNE (AVENUE DE;M;4809004.0;-161404.0;350
22345;201500024802;15;2;14;410;5;2;1;2;6;238;25 B RUE DE LA MONNAIE;M;4811040.0;-168462.0;350
22346;201500024803;15;4;17;1400;1;2;1;1;3;238;5 BIS, COLOMBIER (BD DU);M;4810206.0;-168251.0;350
22347;201500024804;15;4;17;1440;1;1;1;1;2;238;RN136;M;4811390.0;-171892.0;350
22348;201500024805;15;2;14;2050;3;1;1;1;7;51;00, CHANTEPIE (ROUTE DE);M;4809841.0;-160622.0;350
22349;201500024808;15;4;19;1215;1;2;6;1;3;238;MONTS D'ARREE (AVENUE DE;M;4813665.0;-166689.0;350
22350;201500024809;15;2;16;1315;1;2;2;3;3;238;MITTERRAND/VANEAU;M;4810850.0;-169298.0;350
22351;201500024810;15;4;20;1400;1;1;1;1;3;238;RN136;M;4807930.0;-168886.0;350
22352;201500024812;15;2;17;829;1;2;3;1;3;238;BOURGET/GRIMAULT;M;4809130.0;-165504.0;350
22353;201500024813;15;4;20;1900;1;2;1;1;4;238;MALAKOFF (PONT);M;4810745.0;-169308.0;350
22354;201500024814;15;4;21;1255;1;1;6;1;1;51;LONGCHAMPS (PORTE DES);M;4813637.0;-162447.0;350
22355;201500024815;15;4;23;1015;1;2;2;1;6;238;00, VASSELOT;M;4810860.0;-167782.0;350
22356;201500024816;15;4;24;2330;5;2;3;2;1;238;PATTON (AVENUE DU GENERA;M;4812845.0;-166424.0;350
22357;201500024817;15;4;27;1840;1;2;2;1;1;238;ALBERT 1ER (BD);M;4808970.0;-168563.0;350
22358;201500024818;15;4;25;1155;1;1;1;1;6;51;PORTE DE LA RIGOURDIERE;M;4811875.0;-157255.0;350
22359;201500024819;15;2;19;1237;1;2;5;1;7;238;PORTE DE BREST;M;4812100.0;-172203.0;350
22360;201500024820;15;4;25;1810;1;1;1;1;2;238;RN 137;M;4807780.0;-167458.0;350
22361;201500024821;15;4;26;1500;1;2;1;1;7;238;91, ANTRAIN (D') DE 43 E;M;4812103.0;-167170.0;350
22362;201500024822;15;4;27;810;1;2;1;8;3;238;102, VERN (DE);M;4809690.0;-165341.0;350
22363;201500024823;15;4;29;745;1;2;6;1;6;238;00, FORCES FRANCAISES DE;M;4808966.0;-168225.0;350
22364;201500024824;15;4;29;1245;1;2;2;1;3;238;00, LE GUEN DE KERANGAL;M;4809447.0;-168558.0;350
22365;201500024825;15;2;21;2150;5;2;2;1;6;238;MAL FOCH/BRETAGNE;M;4811010.0;-168621.0;350