;Num_Acc;an;mois;jour;hrmn;lum;agg;int;atm;col;com;adr;gps;lat;long;dep
22366;201500024826;15;4;29;1743;1;1;1;1;4;238;RN 137;M;4808970.0;-168563.0;350
22367;201500024827;15;5;2;2104;3;1;6;2;6;281;RD 177;M;4807423.0;-171260.0;350
22368;201500024828;15;2;22;1230;1;2;3;1;3;238;BULGARIE/PAYS BAS;M;4808471.0;-166072.0;350
22369;201500024829;15;2;23;1835;2;2;1;1;2;238;RUE DE FOUG?RES;M;4812770.0;-165089.0;350
22370;201500024830;15;2;25;458;3;2;6;2;2;238;BUTTES CO?SMES/COURTEL;M;4812720.0;-162892.0;350
22371;201500024831;15;2;25;750;1;2;6;2;6;238;GAYEULLES/LONGS PR?S;M;4813230.0;-165205.0;350
22372;201500024832;15;2;25;1130;1;2;1;1;6;238;1, CONTOUR DE LA MOTTE;M;4811260.0;-167528.0;350
22373;201500024833;15;2;25;1545;1;2;1;2;6;238;82, LORIENT (DE);M;4810940.0;-170804.0;350
22374;201500024834;15;2;26;809;1;2;6;2;6;238;CLOTEAUX/NANTES;M;4808460.0;-169601.0;350
22375;201500024836;15;2;26;1630;1;1;2;2;2;238;PR?VALAYE/BORON;M;4809800.0;-172712.0;350
22376;201500024837;15;5;13;1430;1;2;1;1;2;281;258 ter, NANTES (RUE DE);M;4809196.0;-169176.0;350
22377;201500024838;15;2;27;1215;1;2;1;1;3;238;8, BD DE METZ;M;4811497.0;-165734.0;350
22378;201500024839;15;5;14;925;1;2;3;2;6;278;17, BELLE EPINE (BD DE L;M;4815172.0;-168867.0;350
22379;201500024840;15;2;27;1310;1;2;1;1;6;238;180, RUE DE CH?TEAUGIRON;M;4809810.0;-164338.0;350
22380;201500024841;15;3;1;1715;1;2;1;1;6;238;80, BD G.CLEMENCEAU;M;4809430.0;-168283.0;350
22381;201500024842;15;3;6;1010;1;2;6;1;6;51;00, FONTAINE (RUE DE LA);M;4811266.0;-160809.0;350
22382;201500024843;15;3;2;1345;1;2;1;1;1;238;33, RUE M.DE SERVIGNÉ;M;4810130.0;-173132.0;350
22383;201500024844;15;3;3;1035;1;2;2;2;3;238;LEMORDANT/COËTLOGON;M;4812280.0;-168870.0;350
22384;201500024845;15;5;16;1220;1;2;6;1;6;55;00, PONT BOEUF (RUE DU);M;4808573.0;-161437.0;350
22385;201500024846;15;3;4;1035;1;2;2;1;3;238;A.GÉRARD/L.VOLCLAIR;M;4808830.0;-166760.0;350
22386;201500024847;15;3;4;1100;1;2;2;8;3;238;ROCHESTER/G.ROPARTZ;M;4812800.0;-165746.0;350
22387;201500024848;15;3;4;1810;1;2;1;1;2;238;11, BD DE BULGARIE;M;4808470.0;-165904.0;350
22388;201500024849;15;3;5;1545;1;2;3;1;4;238;LORIENT/ROBERDIÈRE;M;4810690.0;-172602.0;350
22389;201500024850;15;3;6;545;5;2;4;1;6;238;BREST/PAPU;M;4811150.0;-169085.0;350
22390;201500024851;15;5;22;1340;1;1;1;1;3;51;RIGOURDIERE (RUE DE LA);M;4811596.0;-158336.0;350
22391;201500024852;15;5;19;1830;1;1;6;1;1;51;ALLIES (BOULEVARD DES);M;4812326.0;-162088.0;350
22392;201500024853;15;3;7;420;5;2;6;1;7;238;ALBERT 1ER/GRAFF;M;4809000.0;-169106.0;350
22393;201500024854;15;5;19;1930;1;1;1;1;6;51;16, RENNES (RUE DE);M;4811429.0;-161317.0;350
22394;201500024855;15;3;7;1510;1;2;1;1;6;238;31, RUE DE PARIS;M;4811250.0;-166756.0;350
22395;201500024856;15;3;10;925;1;2;2;8;3;238;J.CARTIER/ALMA;M;4809740.0;-167516.0;350
22396;201500024857;15;6;1;1500;1;2;3;1;3;238;00, MOUNIER (BD EMMANUEL;M;4812525.0;-166393.0;350
22397;201500024858;15;6;2;1725;1;2;1;1;6;238;00, LANGUEDOC (AVENUE DU;M;4811847.0;-171575.0;350
22398;201500024859;15;6;3;1135;1;2;2;1;6;238;00, LIBERTE (BD DE LA);M;4810847.0;-168436.0;350
22399;201500024860;15;3;12;800;1;2;2;1;3;238;G.PATTON/MONTS D'ARRÉE;M;4813510.0;-165961.0;350
22400;201500024861;15;6;4;900;1;1;1;1;6;238;00, MARIN (JEAN);M;4813686.0;-166288.0;350
22401;201500024863;15;6;4;1825;1;2;4;1;3;238;GUILLOUX (LOUIS);M;4811012.0;-169902.0;350
22402;201500024864;15;3;14;1910;5;2;1;8;3;238;18, RUE D'ISLY;M;4810570.0;-167765.0;350
22403;201500024866;15;6;5;1245;1;2;1;1;2;238;199, VERN (DE);M;4808873.0;-164466.0;350
22404;201500024867;15;6;7;1940;1;2;2;1;3;238;CHATEAUGIRON (DE);M;4809518.0;-163768.0;350
22405;201500024868;15;3;17;2320;5;2;2;1;3;238;H.FRÉVILLE/UKRAINE;M;4808370.0;-167516.0;350
22406;201500024869;15;6;8;855;1;2;1;1;3;238;BERNARD (CLAUDE);M;4810246.0;-169455.0;350
22407;201500024870;15;3;18;1740;1;2;2;1;3;238;ALBERT 1ER/BELGIQUE;M;4808970.0;-168563.0;350
22408;201500024871;15;6;11;1655;1;2;1;1;2;238;33, TOUR D'AUVERGNE (BD;M;4810499.0;-168443.0;350
22409;201500024872;15;6;12;815;1;2;1;1;5;51;316, FOUGERES (ROUTE DE);M;4813230.0;-163446.0;350
22410;201500024873;15;3;20;1725;1;2;6;2;4;238;PORTE D'ALMA;M;4808120.0;-167506.0;350
22411;201500024874;15;6;12;900;1;2;1;1;7;238;00, BOSPHORE (DU);M;4808369.0;-167688.0;350
22412;201500024875;15;3;20;2145;5;2;6;1;6;238;NORVÈGE/DIÈGUE SANTA;M;4808700.0;-168549.0;350
22413;201500024876;15;6;12;1105;1;2;1;1;6;55;84, BONNIN ANDRE (AVENUE;M;4808756.0;-161674.0;350
22414;201500024877;15;3;21;2015;5;2;3;1;3;238;VERN/M.FEUILLÉE;M;4809710.0;-165385.0;350
22415;201500024878;15;6;10;1550;1;1;1;1;3;238;MITTERAND (MAIL FRANCOIS;M;4810908.0;-169070.0;350
22416;201500024879;15;6;12;1420;1;1;1;1;4;278;00, RD 29;M;4816056.0;-165130.0;350
22417;201500024880;15;3;24;1050;1;2;1;8;2;238;15, RUE DE LA MOTTE BRÛL;M;4812620.0;-166904.0;350
22418;201500024881;15;6;13;220;3;1;6;1;6;51;ALLIES (BOULEVARD DES);M;4810738.0;-161650.0;350
22419;201500024882;15;6;13;1045;1;1;1;1;4;238;RN136;M;4814136.0;-167858.0;350
22420;201500024883;15;3;25;755;1;2;3;1;6;238;KLÉBER/VIARMES;M;4811060.0;-167169.0;350
22421;201500024884;15;6;13;1148;1;2;1;1;7;238;02, SLOVAQUIE (SQUARE DE;M;4809045.0;-165528.0;350
22422;201500024885;15;3;26;1830;1;2;6;1;3;238;E.NIEMEN/VALLÈS;M;4810540.0;-170846.0;350
22423;201500024886;15;6;13;1150;1;1;1;1;2;238;RN136;M;4808453.0;-169883.0;350
22424;201500024887;15;3;26;2345;5;2;2;1;3;238;L.BOURGEOIS/CHÂTEAUGIRON;M;4810040.0;-164993.0;350
22425;201500024890;15;6;16;1630;1;2;1;1;6;238;33, ANTRAIN (D') DE 0 A;M;4811621.0;-167874.0;350
22426;201500024891;15;6;17;1830;1;2;2;1;3;238;00, ANTRAIN (D') DE 0 A;M;4811822.0;-167633.0;350
22427;201500024893;15;3;30;40;5;2;5;2;6;238;CARREFOUR NITSCH;M;4810180.0;-168441.0;350
22428;201500024894;15;6;18;1335;1;2;1;1;6;238;49, LEROUX (BD OSCAR);M;4809158.0;-166255.0;350
22429;201500024895;15;6;19;1400;1;2;2;1;2;238;00, DUGUAY TROUIN (QUAI);M;4811016.0;-168407.0;350
22430;201500024896;15;3;31;1055;1;2;2;1;3;238;C.BERNARD/A.DUVAL;M;4810350.0;-169401.0;350
22431;201500024897;15;6;19;1510;1;1;1;1;4;238;PORTE DE VILLEJEAN;M;4812936.0;-171097.0;350
22432;201500024898;15;6;20;1145;1;2;3;1;3;238;00, DUBOIS (DU LT-COL);M;4810719.0;-173362.0;350
22433;201500024900;15;6;23;1750;1;1;1;1;2;278;RD 137;M;4814722.0;-169903.0;350
22434;201500024901;15;6;20;1300;1;2;4;1;3;238;06, MARTENOT;M;4811237.0;-167284.0;350
22435;201500024902;15;6;24;1640;1;2;9;1;6;238;00, BRETAGNE (PLACE DE);M;4811002.0;-168424.0;350
22436;201500024903;15;6;25;1720;1;2;3;1;3;238;00, BRETAGNE (PONT DE);M;4811008.0;-168623.0;350
22437;201500024904;15;6;26;825;1;2;2;1;6;238;00, VILLEBOIS MAREUIL (B;M;4810050.0;-164989.0;350
22438;201500024906;15;6;27;1500;1;2;6;1;6;238;00, SAINT-MALO (RUE DE);M;4813230.0;-169086.0;350
22439;201500024907;15;6;28;1715;1;2;2;1;1;51;00, ALLIES (BOULEVARD DE;M;4813099.0;-162123.0;350
22440;201500024908;15;6;29;1615;1;1;9;1;2;281;RD 177;M;4806740.0;-171430.0;350
22441;201500024909;15;6;29;2010;1;2;1;1;6;238;13, SAINT-HELIER;M;4810733.0;-167169.0;350
22442;201500024910;15;6;30;1610;1;2;1;1;7;238;00, MOTTE AU CHANCELIER;M;4810617.0;-171761.0;350
22443;201500024911;15;6;30;1630;1;2;3;1;6;238;37, VERN (DE);M;4809989.0;-165793.0;350
22444;201500024912;15;7;1;1745;1;1;1;1;4;238;;M;4811965.0;-172022.0;350
22445;201500024913;15;7;2;1755;1;2;2;1;3;238;00, VOLCLAIR (BD LOUIS);M;4808843.0;-166766.0;350
22446;201500024914;15;6;5;1015;1;2;1;1;2;238;, SCHUMAN (PONT ROBERT);M;4815461.0;-169369.0;350
22447;201500024915;15;7;3;1315;1;1;9;1;3;238;RN136;M;4814073.0;-168887.0;350
22448;201500024916;15;7;3;1805;1;2;2;1;2;238;00, JANVIER (AVENUE JEAN;M;4810938.0;-167393.0;350
22449;201500024917;15;6;5;1825;1;2;6;1;3;51;00, FOUGERES (ROUTE DE);;;;350
22450;201500024918;15;7;5;1830;1;2;2;1;3;238;CHATEAUGIRON (DE);M;4809514.0;-163785.0;350
22451;201500024919;15;7;5;1728;1;2;2;1;3;238;00, FREVILLE (AVENUE HEN;M;4808675.0;-167505.0;350
22452;201500024920;15;7;6;800;1;2;6;1;3;51;00, FOUGERES (ROUTE DE);M;4815453.0;-159461.0;350
22453;201500024921;15;7;6;1735;1;1;1;1;4;278;R.N. 136;M;4814147.0;-167092.0;350
22454;201500024922;15;7;6;1845;1;2;6;1;3;51;00, MORAND (ROUTE DU CHE;M;4810143.0;-160829.0;350
22455;201500024924;15;7;8;1330;1;2;6;1;6;278;00, ROUTE DE SAINT-MALO;M;4813621.0;-169213.0;350
22456;201500024926;15;7;9;1345;1;2;6;1;2;55;00, PARC (RUE DU);M;4808807.0;-160834.0;350
22457;201500024927;15;7;9;1515;1;2;2;1;3;281;00, MERMOZ (BOULEVARD JE;M;4809638.0;-169262.0;350
22458;201500024928;15;7;10;920;1;2;1;1;6;55;25, BIGNON (RUE DU);M;4809819.0;-162290.0;350
22459;201500024929;15;7;10;1500;1;1;1;1;7;238;RN136;M;4809642.0;-171215.0;350
22460;201500024930;15;5;20;30;3;1;1;1;6;278;PLANCHETTE  (LIEU DIT);M;4816457.0;-169129.0;350
22461;201500024931;15;7;10;1845;1;2;3;1;5;55;113, MOZART (RUE DE);M;4808694.0;-160910.0;350
22462;201500024932;15;7;11;1120;1;2;2;1;3;238;00, LIBERTE (BD DE LA);M;4810746.0;-168028.0;350
22463;201500024933;15;7;11;1855;1;2;2;1;3;238;00, SAINT-JEAN BAPTISTE;M;4811445.0;-169999.0;350
22464;201500024934;15;7;15;1900;1;1;6;1;7;278;00, RD 29;M;4815240.0;-170585.0;350
22465;201500024935;15;7;17;1800;1;1;1;1;2;278;R.N. 136;M;4814094.0;-168323.0;350
22466;201500024936;15;7;18;1205;1;1;1;1;6;238;RN136;M;4809538.0;-171107.0;350
22467;201500024937;15;7;19;100;5;2;2;1;3;238;00, DE LATTRE DE TASSIGN;M;4811795.0;-168618.0;350
22468;201500024939;15;7;22;2145;2;2;2;1;3;238;26, LEROUX (BD OSCAR);M;4809137.0;-166496.0;350
22469;201500024940;15;7;23;1050;1;1;6;1;3;55;00, LA HALLERAIS (LIEU D;M;4807782.0;-163225.0;350
22470;201500024941;15;5;4;1455;1;2;2;2;3;238;TOULLIER/JANVIER;M;4810940.0;-167393.0;350
22471;201500024942;15;7;23;1550;1;2;1;1;6;238;18, VOLNEY (BD);M;4812328.0;-166494.0;350
22472;201500024943;15;5;4;1920;1;2;1;2;6;238;199, RUE DE FOUGÈRES;M;4812310.0;-166029.0;350
22473;201500024944;15;7;23;2215;5;2;2;1;2;238;ARMORIQUE (BD D');M;4812845.0;-166445.0;350
22474;201500024945;15;5;6;1210;1;2;3;1;6;238;PARIS/R.LENOIR;M;4811270.0;-166464.0;350
22475;201500024946;15;7;24;1130;1;1;6;1;7;278;00, MONTGERMONT (ROND PO;M;4815507.0;-170077.0;350
22476;201500024947;15;5;6;1550;1;2;1;2;3;238;29, BD ALBERT 1ER;M;4809000.0;-168861.0;350
22477;201500024948;15;7;24;1800;1;1;1;1;4;238;PORTE DE LORIENT;M;4811090.0;-171834.0;350
22478;201500024949;15;5;7;905;1;2;1;1;3;238;56, BD VILLEBOIS MAREUIL;M;4810540.0;-165057.0;350
22479;201500024950;15;7;27;1210;1;2;1;1;6;238;95, LORIENT (DE);M;4810880.0;-171031.0;350
22480;201500024951;15;7;28;1630;1;2;2;1;3;238;00, PRE BOTTE (DU);M;4810935.0;-167784.0;350
22481;201500024953;15;7;28;1615;1;2;1;2;7;238;183, PATTON (AVENUE DU G;M;4812789.0;-166467.0;350
22482;201500024954;15;5;12;1540;1;2;6;1;2;238;PORTE D'ALMA;M;4808160.0;-167455.0;350
22483;201500024955;15;7;28;1910;1;2;6;1;3;238;00, VALLES (JULES);M;4810531.0;-170810.0;350
22484;201500024956;15;7;29;920;1;2;2;1;3;238;00, VERDUN (BD DE);M;4811272.0;-169333.0;350
22485;201500024957;15;5;13;154;4;2;2;1;3;238;SURCOUF/D.PAPIN;M;4810610.0;-169213.0;350
22486;201500024958;15;7;29;1140;1;1;1;1;5;238;RN136;M;4811453.0;-171907.0;350
22487;201500024959;15;7;30;1815;1;2;3;1;5;238;CHURCHILL (AVENUE SIR WI;M;4812199.0;-170878.0;350
22488;201500024960;15;7;31;1230;1;2;1;1;1;238;48, VANEAU;M;4811172.0;-169306.0;350
22489;201500024961;15;8;6;340;5;2;2;1;3;238;ARMORIQUE (BD D');M;4812843.0;-166430.0;350
22490;201500024962;15;8;5;1840;1;2;6;1;3;281;DODIN (AVENUE ROGER);M;4808720.0;-170733.0;350
22491;201500024965;15;5;14;1540;1;2;2;1;3;238;VANEAU/MITTERRAND;M;4810850.0;-169298.0;350
22492;201500024966;15;8;7;1740;1;2;1;1;2;238;31, VERN (DE);M;4810043.0;-165860.0;350
22493;201500024967;15;5;15;1930;1;2;1;1;7;238;ALLÉE DU GACET;M;4808540.0;-166552.0;350
22494;201500024968;15;8;10;815;1;2;3;1;2;51;00, FOUGERES (ROUTE DE);M;4813354.0;-162990.0;350
22495;201500024969;15;8;3;1250;1;2;1;1;2;238;5, LAENNEC (BD RENE);M;4810966.0;-166568.0;350
22496;201500024970;15;8;8;1055;1;1;1;1;2;278;;M;4815647.0;-170355.0;350
22497;201500024971;15;8;11;1700;1;2;3;1;3;238;00, SAINT-HELIER;M;4810647.0;-166828.0;350
22498;201500024972;15;5;19;1330;1;2;4;1;3;238;BAHON RAULT/GROS MALHON;M;4812990.0;-168422.0;350
22499;201500024973;15;8;12;1320;1;2;2;1;6;238;NEMOURS ( DE);M;4810988.0;-168019.0;350
22500;201500024974;15;8;12;1430;1;2;1;1;2;238;267, CHATEAUGIRON (DE);M;4809310.0;-163130.0;350
22501;201500024975;15;8;12;1920;1;2;6;1;2;278;BELLE EPINE (BD DE LA);M;4815144.0;-169163.0;350
22502;201500024976;15;5;19;2250;5;2;1;1;6;238;218, RUE DE NANTES;M;4809670.0;-168917.0;350
22503;201500024977;15;8;14;1241;1;1;1;1;1;278;ROCADE;M;4814084.0;-169153.0;350
22504;201500024978;15;8;17;1600;1;2;1;1;2;238;100, MITTERAND (MAIL FRA;M;4810861.0;-169617.0;350
22505;201500024979;15;5;20;1200;1;2;1;2;1;238;PORTE DE NANTES;M;4807760.0;-167530.0;350
22506;201500024980;15;8;18;1130;1;1;1;1;3;281;PORTE DE ST NAZAIRE;M;4809218.0;-170756.0;350
22507;201500024982;15;8;14;1150;1;2;1;2;2;238;CANADA (AVENUE DU);M;4808795.0;-168224.0;350
22508;201500024983;15;8;21;910;1;1;9;1;5;238;PORTE DE LORIENT;M;4811076.0;-171836.0;350
22509;201500024984;15;5;22;1510;1;2;2;1;2;238;PECKER/C.TILLON;M;4812620.0;-169297.0;350
22510;201500024985;15;8;21;1825;1;1;1;1;6;238;PORTE DE VILLEJEAN;M;4812446.0;-171492.0;350
22511;201500024986;15;8;24;1850;1;1;1;2;6;51;PORTE DE TIZE;M;4813994.0;-158131.0;350
22512;201500024987;15;8;20;1450;1;1;6;1;1;238;LANGEVIN (PAUL);M;4809337.0;-165837.0;350
22513;201500024988;15;5;28;1310;1;2;2;1;3;238;PUITS JACOB/NANTES;M;4809810.0;-168788.0;350
22514;201500024989;15;8;24;745;1;2;2;3;6;238;ECHANGE (D');M;4811525.0;-168445.0;350
22515;201500024990;15;8;25;1810;1;1;6;2;1;55;RD 463;M;4808008.0;-160639.0;350
22516;201500024991;15;5;29;835;1;2;3;1;2;238;PAYS BAS/BULGARIE;M;4808470.0;-166092.0;350
22517;201500024992;15;8;25;1850;1;1;1;2;7;278;D 175;M;4816149.0;-162587.0;350
22518;201500024993;15;5;30;1500;1;2;5;1;3;238;ST J.B.SALLA/LE GORGEU;M;4811450.0;-170007.0;350
22519;201500024994;15;8;27;1930;1;1;6;3;7;51;BEAULIEU (PORTE DE);M;4810187.0;-160798.0;350
22520;201500024995;15;8;28;1400;1;2;1;1;6;238;36, GACET (ALLEE DU);M;4808542.0;-166151.0;350
22521;201500024996;15;8;27;1945;1;1;1;2;1;238;00, VERN (DE);M;4808361.0;-164284.0;350
22522;201500024997;15;9;1;1805;1;2;6;1;1;238;00, SANGNIER (MARC);M;4809336.0;-165840.0;350
22523;201500024998;15;9;1;650;1;1;1;1;4;238;PORTE ALMA;M;4807994.0;-168322.0;350
22524;201500025000;15;9;4;815;1;2;3;1;3;238;00, BOIS LABBE (AVENUE D;M;4813101.0;-170388.0;350
22525;201500025001;15;9;5;1600;1;2;1;1;6;238;00, UKRAINE (ALLEE D');M;4808138.0;-167838.0;350
22526;201500025002;15;9;6;1830;1;2;3;1;3;51;00, CHATAIGNERAIE (RUE D;M;4812128.0;-163016.0;350
22527;201500025003;15;9;7;1300;1;2;1;1;3;238;71, BRIAND (AVENUE ARIST;M;4811009.0;-166371.0;350
22528;201500025005;15;8;29;145;5;2;1;1;6;238;LEPERDIT;M;4811327.0;-168085.0;350
22529;201500025006;15;8;24;810;1;2;1;1;5;238;, GUILLAUDOT ( DU GENERA;M;4811478.0;-167443.0;350
22530;201500025008;15;9;12;1;3;2;1;1;2;238;136, MAGINOT (AVENUE SER;M;4811001.0;-165758.0;350
22531;201500025009;15;9;16;925;1;1;1;1;4;51;PORTE DE LA RIGOURDIERE;M;4811505.0;-156337.0;350
22532;201500025010;15;9;16;1535;1;2;2;1;3;238;00, SURCOUF;M;4810615.0;-169213.0;350
22533;201500025011;15;9;16;1750;1;2;1;1;7;238;15, PREVALAYE (QUAI DE L;M;4810897.0;-168683.0;350
22534;201500025012;15;9;16;1810;1;1;1;3;2;51;PORTE DE LA RIGOURDIERE;M;4811560.0;-156833.0;350
22535;201500025013;15;9;17;40;3;1;9;1;7;51;NORMANDIE (PORTE DE);M;4814911.0;-160926.0;350
22536;201500025014;15;9;18;1640;1;1;1;1;2;238;PORTE DE LORIENT;M;4811065.0;-171834.0;350
22537;201500025015;15;9;19;1740;1;2;3;1;6;238;238, SAINT-MALO (RUE DE);M;4812579.0;-168561.0;350
22538;201500025016;15;9;20;310;5;2;1;1;6;238;23, DINAN (DE);M;4811418.0;-168511.0;350
22539;201500025017;15;9;21;830;1;2;2;1;3;238;155, SAINT-MALO (RUE DE);M;4812263.0;-168422.0;350
22540;201500025018;15;9;20;2050;5;2;2;1;3;238;00, SAINT-BRIEUC (DE);M;4811206.0;-170232.0;350
22541;201500025022;15;9;23;1210;1;2;1;1;2;238;95, MITTERAND (MAIL FRAN;M;4810823.0;-169447.0;350
22542;201500025024;15;9;24;624;3;1;1;1;6;238;RN136;M;4810373.0;-171634.0;350
22543;201500025025;15;9;24;1220;1;2;6;1;2;278;00, AUGE DE PIERRE (ROND;M;4813698.0;-169265.0;350
22544;201500025026;15;9;14;1836;1;1;1;1;7;51;PORTE DE LA RIGOURDIERE;M;4811142.0;-158711.0;350
22545;201500025027;15;9;29;1730;1;2;5;1;3;238;35, ROOSEVELT (BD FRANKL;M;4809730.0;-165777.0;350
22546;201500025028;15;10;1;1855;1;2;1;1;6;238;07, ROGER HENRI GUERRAND;M;4810029.0;-169845.0;350
22547;201500025029;15;10;1;1755;1;1;1;1;4;238;RN136;M;4810185.0;-171575.0;350
22548;201500025030;15;10;2;10;4;2;3;1;7;238;00, MARBEUF (BLD);M;4811011.0;-170525.0;350
22549;201500025031;15;10;2;735;2;2;1;1;2;238;15, GUILLOUX (LOUIS);M;4811006.0;-169887.0;350
22550;201500025032;15;10;2;1920;1;2;2;1;4;238;00, CLEMENCEAU (BD GEORG;M;4809381.0;-167407.0;350
22551;201500025033;15;10;4;1730;1;2;6;1;3;281;00, MERMOZ (BOULEVARD JE;M;4809080.0;-170428.0;350
22552;201500025034;15;10;6;1720;1;2;5;1;3;238;21, COMBES (BD EMILE);M;4809351.0;-166909.0;350
22553;201500025035;15;10;4;2135;5;2;1;2;6;238;4 BIS, METZ (BD DE);M;4811482.0;-165722.0;350
22554;201500025036;15;10;8;750;5;2;3;1;3;238;00, ALMA (DE L');M;4810387.0;-167701.0;350
22555;201500025037;15;10;8;815;2;1;1;1;6;55;PORTE DES LOGES;M;4808426.0;-164115.0;350
22556;201500025039;15;10;9;1820;1;2;1;1;1;238;0, PREVALAYE (CHEMIN DE;M;4809072.0;-173894.0;350
22557;201500025040;15;10;9;805;1;2;6;1;2;238;00, CANADA (AVENUE DU);M;4808942.0;-168243.0;350
22558;201500025041;15;10;9;1450;1;2;2;1;6;238;01, FREVILLE (AVENUE HEN;M;4809345.0;-167426.0;350
22559;201500025042;15;10;9;2050;5;2;1;1;6;51;00, FONTAINE (AVENUE DE;M;4811105.0;-160858.0;350
22560;201500025043;15;10;9;2230;5;2;2;1;3;238;26, COMBES (BD EMILE);M;4809344.0;-166883.0;350
22561;201500025044;15;10;11;1545;1;2;6;1;3;238;00, BOUCHARD (ALAIN);M;4809977.0;-168316.0;350
22562;201500025045;15;10;13;1950;5;2;6;1;6;238;00, CANADA (AVENUE DU);M;4808501.0;-168246.0;350
22563;201500025046;15;10;15;750;4;2;2;1;3;238;00, BRIAND (AVENUE ARIST;M;4811008.0;-165983.0;350
22564;201500025047;15;10;15;810;2;1;1;1;4;55;PORTE DES LOGES;M;4809731.0;-161727.0;350
22565;201500025048;15;10;15;1145;1;2;1;1;3;238;01, TOUR D'AUVERGNE (BD;M;4810826.0;-168446.0;350
22566;201500025049;15;10;16;1710;1;2;3;1;3;238;00, LIBERTE (BD DE LA);M;4810753.0;-167343.0;350
22567;201500025051;15;10;16;2205;5;2;2;1;6;238;25, SAINT-HELIER;M;4810696.0;-167055.0;350
22568;201500025052;15;10;17;1110;1;1;1;1;4;238;RN136;M;4813777.0;-170154.0;350
22569;201500025053;15;10;19;800;2;1;9;1;6;238;PORTE DES LONGS CHAMPS;M;4814016.0;-163247.0;350
22570;201500025054;15;8;24;1030;1;1;6;1;6;51;BEAULIEU (PORTE DE);M;4810122.0;-160877.0;350
22571;201500025055;15;10;22;1130;1;2;1;1;6;238;8-10, PICARDIE (DE);M;4812317.0;-171068.0;350
22572;201500025056;15;10;22;1700;1;1;1;1;7;51;PORTE DE LA RIGOURDIERE;M;4811871.0;-157103.0;350
22573;201500025057;15;10;22;1850;1;2;1;1;4;238;00, FREVILLE (AVENUE HEN;M;4808757.0;-167497.0;350
22574;201500025058;15;10;22;2135;5;2;3;1;3;238;00, STRASBOURG (BOULEVAR;M;4811333.0;-165663.0;350
22575;201500025059;15;10;23;1210;1;2;1;1;2;238;80, COMBES (BD EMILE);M;4809537.0;-166290.0;350
22576;201500025060;15;10;25;1310;1;1;1;1;4;238;RN136;M;4814144.0;-164174.0;350
22577;201500025061;15;10;19;1610;1;2;4;1;3;238;85, LORIENT (DE);M;4810949.0;-170748.0;350
22578;201500025062;15;10;24;2145;3;1;2;8;7;51;00, PLANCHETTE (ROUTE DE;M;4809949.0;-160539.0;350
22579;201500025063;15;10;25;1850;5;2;2;1;3;238;00, FOUGERES (RUE DE);M;4812176.0;-166275.0;350
22580;201500025064;15;10;27;1000;1;1;1;1;7;51;PORTE DE LA RIGOURDIERE;M;4811958.0;-157251.0;350
22581;201500025065;15;10;27;1730;1;2;2;1;3;238;00, SAINT-MALO (RUE DE);M;4812727.0;-168659.0;350
22582;201500025066;15;10;27;1845;1;2;1;1;3;238;DE LATTRE DE TASSIGNY (B;M;4811392.0;-168799.0;350
22583;201500025067;15;10;28;1231;1;2;2;1;3;238;00, SAINT-MALO (RUE DE);M;4812716.0;-168648.0;350
22584;201500025068;15;10;28;1720;1;2;1;1;2;238;06, ISLY (RUE D');M;4810608.0;-167761.0;350
22585;201500025069;15;10;29;1035;1;2;1;1;2;238;38, LEROUX (BD OSCAR);M;4809137.0;-166461.0;350
22586;201500025071;15;10;31;1205;1;2;3;1;3;238;130, VERDUN (BD DE);M;4812102.0;-168690.0;350
22587;201500025072;15;11;1;2000;5;2;6;1;6;281;00, DODIN (AVENUE ROGER);M;4808670.0;-170752.0;350
22588;201500025073;15;11;2;920;1;2;1;1;6;238;18, DUGUAY TROUIN (QUAI);M;4811016.0;-168238.0;350
22589;201500025074;15;11;2;1230;1;2;6;1;3;278;00, ROBIQUETTE ( BOULEVA;M;4813414.0;-169424.0;350
22590;201500025075;15;11;2;1405;1;2;2;1;6;238;70, GROS MALHON (AVENUE);M;4812812.0;-168343.0;350
22591;201500025076;15;11;2;1815;3;1;1;1;6;278;R.N. 136;M;4814080.0;-168994.0;350
22592;201500025078;15;11;3;2120;5;2;6;1;3;238;00, VERN (DE);M;4808449.0;-164332.0;350
22593;201500025079;15;11;4;830;5;2;2;1;3;238;00, POMPIDOU ( BD GEORGE;M;4810175.0;-168447.0;350
22594;201500025080;15;11;4;1045;1;2;3;1;3;238;00, YSER (BD DE L');M;4809096.0;-168034.0;350
22595;201500025081;15;11;5;1250;1;2;3;1;3;238;00, SAINTE FOIX (ROUTE);M;4810106.0;-172001.0;350
22596;201500025082;15;11;5;1800;5;2;2;2;6;238;105, FREVILLE (AVENUE HE;M;4808679.0;-167436.0;350
22597;201500025083;15;11;5;1915;5;2;6;2;6;51;01, RENNES (RUE DE);M;4811425.0;-160999.0;350
22598;201500025084;15;11;5;1845;5;1;1;1;4;51;00, DOMLOUP (ROUTE DE);M;4811028.0;-158461.0;350