;Num_Acc;an;mois;jour;hrmn;lum;agg;int;atm;col;com;adr;gps;lat;long;dep
22599;201500025085;15;11;6;1405;1;2;3;1;1;238;276, FOUGERES (RUE DE);M;4812890.0;-164557.0;350
22600;201500025087;15;11;6;1650;1;2;2;1;1;238;00, CHATEAUGIRON (DE);M;4809488.0;-163795.0;350
22601;201500025088;15;11;6;2125;5;2;2;2;3;238;CHATEAUDUN (DE);M;4811248.0;-166624.0;350
22602;201500025089;15;11;6;1720;1;1;1;2;4;278;RN 137;M;4814921.0;-169917.0;350
22603;201500025090;15;11;11;2015;3;2;3;1;3;238;8, ISLY (RUE D');M;4810518.0;-167756.0;350
22604;201500025091;15;11;13;818;1;2;6;1;3;278;00, SAINT EXUPERY (RUE A;M;4815941.0;-167732.0;350
22605;201500025092;15;11;15;2035;5;2;2;1;3;238;00, PATTON (AVENUE DU GE;M;4812845.0;-166430.0;350
22606;201500025093;15;11;4;1535;1;1;1;1;2;238;00, FREVILLE (AVENUE HEN;M;4808652.0;-167506.0;350
22607;201500025094;15;11;10;725;1;1;1;1;2;238;PORTE DE BEAULIEU;M;4809958.0;-161363.0;350
22608;201500025095;15;11;17;1427;1;2;1;1;6;238;69, MITTERAND (MAIL FRAN;M;4810887.0;-169153.0;350
22609;201500025096;15;11;18;1340;1;2;6;1;3;238;00, LANGUEDOC (AVENUE DU;M;4811599.0;-170517.0;350
22610;201500025097;15;11;18;1720;1;2;7;1;3;238;00, BRETAGNE (PLACE DE);M;4810936.0;-168471.0;350
22611;201500025098;15;11;12;1740;5;2;2;1;3;238;00, CHATEAUDUN (DE);M;4811027.0;-166562.0;350
22612;201500025099;15;11;16;2040;5;2;3;1;6;238;30, BOURBONNAIS (DU);M;4812053.0;-171336.0;350
22613;201500025100;15;11;16;1838;5;2;1;2;3;238;BREST (DE);M;4811337.0;-169617.0;350
22614;201500025101;15;11;16;2020;3;2;1;1;2;51;00, ALLIES (BOULEVARD DE;M;0.0;0.0;350
22615;201500025103;15;11;18;1630;1;2;2;7;6;238;127, POMPIDOU ( BD GEORG;M;4810100.0;-168513.0;350
22616;201500025104;15;11;18;1830;1;1;6;1;3;51;00, ALLIES (BOULEVARD DE;M;4814017.0;-162716.0;350
22617;201500025105;15;11;20;1705;5;2;1;1;6;238;00, BUTTES DE COESMES (A;M;4812543.0;-163258.0;350
22618;201500025106;15;11;7;1740;2;1;1;1;3;238;00, STRASBOURG (BOULEVAR;M;4811036.0;-165565.0;350
22619;201500025107;15;11;9;1105;1;1;1;1;4;238;245, ROUTE DE ST MALO;M;4813125.0;-169022.0;350
22620;201500025108;15;11;11;2145;4;2;3;1;1;238;00, ROBIDOU (BERTRAND);M;4810917.0;-165945.0;350
22621;201500025109;15;11;13;1850;3;1;1;1;4;238;;M;4808276.0;-169757.0;350
22622;201500025110;15;11;16;1930;1;1;2;1;3;281;00, PILATE (RUE DE LA);M;4809251.0;-169468.0;350
22623;201500025111;15;11;20;825;2;2;2;2;1;238;00, LOBINEAU;M;4809900.0;-168431.0;350
22624;201500025112;15;11;27;1000;1;2;5;1;6;238;71, STRASBOURG (BOULEVAR;M;4811453.0;-165704.0;350
22625;201500025113;15;11;27;1700;1;2;1;2;6;238;00, ROBERT (FERNAND);M;4813227.0;-170830.0;350
22626;201500025114;15;11;18;1315;1;2;1;1;6;238;00, PECKER (PROF.JEAN);M;4812564.0;-169299.0;350
22627;201500025116;15;11;27;2005;5;2;3;2;6;238;08, LIBERTE (BD DE LA);M;4810744.0;-167612.0;350
22628;201500025117;15;11;28;315;5;2;1;2;3;238;26, DUGUAY TROUIN (QUAI);M;4811017.0;-168386.0;350
22629;201500025118;15;11;28;1700;1;2;4;1;3;238;172, SAINT-MALO (RUE DE);M;4812129.0;-168294.0;350
22630;201500025119;15;11;30;800;5;2;1;1;7;238;00, ROOSEVELT (BD FRANKL;M;4809769.0;-165675.0;350
22631;201500025121;15;11;30;945;1;1;1;2;2;281;00, PORTE DE ST NAZAIRE;M;4808624.0;-169994.0;350
22632;201500025122;15;11;30;1700;1;2;2;1;3;238;00, BRETAGNE (PLACE DE);M;4810980.0;-168419.0;350
22633;201500025123;15;12;1;445;5;2;1;1;6;281;00, DODIN (AVENUE ROGER);M;4807496.0;-171248.0;350
22634;201500025124;15;12;1;845;2;1;1;1;6;238;30, JANVIER (AVENUE JEAN;M;4810470.0;-167263.0;350
22635;201500025125;15;12;1;1810;5;2;2;1;3;238;00, REPUBLIQUE (PLACE DE;M;4810980.0;-167792.0;350
22636;201500025126;15;12;1;2035;5;2;1;1;6;238;05, LE GUILLOUX (HENRI);M;4811525.0;-169887.0;350
22637;201500025128;15;12;3;1320;1;2;2;1;3;238;00, CHATEAUGIRON (DE);M;4810178.0;-165613.0;350
22638;201500025129;15;12;3;1840;5;2;6;1;4;238;00, CHATEAU (AVENUE FRAN;M;4811171.0;-164638.0;350
22639;201500025130;15;12;6;345;5;2;6;1;7;281;00, DODIN (AVENUE ROGER);M;4808212.0;-171148.0;350
22640;201500025131;15;12;4;410;3;1;1;2;7;51;NORMANDIE (PORTE DE);M;4814823.0;-159696.0;350
22641;201500025132;15;11;26;930;1;2;3;1;1;238;00, SUISSE (DE);M;4808652.0;-166377.0;350
22642;201500025133;15;12;4;915;1;2;1;7;4;238;00, SAINT-HELIER;M;4810480.0;-166478.0;350
22643;201500025134;15;12;4;925;1;2;6;1;3;278;00, AUGE DE PIERRE (ROND;M;4813661.0;-169295.0;350
22644;201500025135;15;12;4;2020;5;2;1;1;2;238;00, DESGREES (BD PAUL HU;M;4809341.0;-163922.0;350
22645;201500025136;15;12;5;1545;1;2;2;8;6;238;26, NEMOURS ( DE);M;4810753.0;-168028.0;350
22646;201500025137;15;12;5;1920;5;2;2;1;6;238;00, CHATEAUGIRON (DE);M;4809533.0;-163789.0;350
22647;201500025138;15;12;6;1740;2;2;1;1;7;238;00, SAINT-HELIER;M;4810672.0;-166915.0;350
22648;201500025139;15;12;7;845;1;2;6;1;3;238;00, LYAUTEY (MARECHAL);M;4811605.0;-169186.0;350
22649;201500025140;15;11;30;1700;1;1;1;1;5;238;00, PORTE DES LOGES;M;4808956.0;-163142.0;350
22650;201500025141;15;12;6;325;5;2;2;1;3;281;00, NANTES (RUE DE);M;4809035.0;-169278.0;350
22651;201500025142;15;12;7;1030;1;2;2;1;3;238;05, YSER (BD DE L');M;4809184.0;-167827.0;350
22652;201500025143;15;12;9;830;1;2;3;1;6;238;00, SAINT-CONWOION (BD);M;4810322.0;-168859.0;350
22653;201500025144;15;12;9;1000;1;2;1;1;1;238;37, NOEL (YVES);M;4808999.0;-167675.0;350
22654;201500025145;15;12;9;1900;3;1;9;1;2;238;00, PORTE DES LONGS CHAM;M;4814215.0;-162367.0;350
22655;201500025146;15;11;25;1845;3;1;1;2;2;238;00, PORTE DE BREST;M;4812728.0;-171231.0;350
22656;201500025147;15;12;10;1355;1;2;2;1;3;238;07, SURCOUF;M;4810618.0;-169214.0;350
22657;201500025148;15;12;10;1800;5;2;6;1;6;238;00, VEZIN (ROUTE DE);M;4811622.0;-171613.0;350
22658;201500025149;15;12;11;1300;1;2;6;1;4;51;00, BRAY (ROND-POINT DE);M;4810770.0;-161535.0;350
22659;201500025150;15;12;15;1300;1;2;3;1;3;238;00, TILLON (AVENUE CHARL;M;4812445.0;-170932.0;350
22660;201500025151;15;12;11;1730;2;1;6;1;6;55;00, RD 463;M;4807991.0;-160473.0;350
22661;201500025152;15;12;11;1830;3;1;1;1;6;51;00, FOUGERES (ROUTE DE);M;4814210.0;-161369.0;350
22662;201500025153;15;12;13;800;5;2;2;1;3;238;00, CLEMENCEAU (BD GEORG;M;4809379.0;-167454.0;350
22663;201500025154;15;12;13;940;1;2;2;1;3;238;00, FREVILLE (AVENUE HEN;M;4808377.0;-167511.0;350
22664;201500025155;15;12;14;1755;3;2;1;1;3;238;60B, CHATEAUGIRON (DE);M;4810102.0;-165187.0;350
22665;201500025156;15;12;14;1820;3;2;1;1;5;238;00, DESGREES (BD PAUL HU;M;4809135.0;-164259.0;350
22666;201500025157;15;12;15;1800;5;2;2;8;6;238;00, TOUR D'AUVERGNE (BD;M;4810546.0;-168430.0;350
22667;201500025158;15;12;15;1905;5;2;6;8;6;278;00, ROBIQUETTE (ROND POI;M;4813502.0;-169359.0;350
22668;201500025159;15;12;16;1200;1;2;1;1;4;238;15, METZ (BD DE);M;4811587.0;-165803.0;350
22669;201500025160;15;12;17;1625;1;2;3;1;6;238;00, ROCHESTER (AVENUE DE;M;4812810.0;-165908.0;350
22670;201500025161;15;12;17;1730;5;2;1;1;6;55;00, BONNIN ANDRE (AVENUE;M;4808835.0;-161889.0;350
22671;201500025162;15;12;13;1900;5;2;2;1;3;238;00, LICES (PLACE DU BAS;M;4811256.0;-168480.0;350
22672;201500025163;15;12;18;1910;5;2;1;1;6;238;10, BERT (PAUL);M;4811066.0;-167045.0;350
22673;201500025164;15;12;18;2150;5;2;2;1;2;238;09, BOURGEOIS (BOULEVARD;M;4809825.0;-165530.0;350
22674;201500025165;15;12;19;1115;1;2;3;1;3;238;00, LIBERTE (BD DE LA);M;4810753.0;-167543.0;350
22675;201500025166;15;12;19;1715;2;2;1;8;6;238;00, GROS MALHON (AVENUE);M;4813033.0;-168439.0;350
22676;201500025167;15;12;20;1305;1;2;3;1;6;238;00, NEMOURS ( DE);M;4810861.0;-167995.0;350
22677;201500025168;15;12;22;1320;1;2;2;2;3;238;00, ROCHESTER (AVENUE DE;M;4812797.0;-165737.0;350
22678;201500025169;15;12;22;1730;1;1;1;1;2;278;00, R.N. 136;M;4814201.0;-164492.0;350
22679;201500025171;15;12;23;1300;1;2;2;1;1;238;00, TILLON (AVENUE CHARL;M;4812458.0;-170304.0;350
22680;201500025173;15;12;23;1030;1;2;2;1;3;238;00, DUVAL (ALEXANDRE);M;4810356.0;-169401.0;350
22681;201500025174;15;12;26;1255;1;2;9;1;3;238;00, BREST (DE);M;4811169.0;-169116.0;350
22682;201500025175;15;12;26;1510;1;2;4;1;6;238;04, MOREAU DE JONNES;M;4810875.0;-165474.0;350
22683;201500025176;15;12;26;1544;1;2;2;1;6;238;00, BRETAGNE (PONT DE);M;4810981.0;-168469.0;350
22684;201500025177;15;12;29;1700;1;1;9;1;7;238;00, RN136;M;4812205.0;-171983.0;350
22685;201500025178;15;12;29;2120;5;2;2;1;2;238;00, ARMORIQUE (BD D');M;4812848.0;-166448.0;350
22686;201500025179;15;12;30;1355;1;2;1;1;6;238;00, HOCHE (PLACE);M;4811531.0;-167734.0;350
22687;201500025181;15;12;30;2000;5;2;2;3;6;278;00, DE GAULLE (AVENUE GE;M;4815179.0;-168604.0;350
22688;201500025182;15;3;20;1515;1;2;1;1;6;288;0, ANTILLES (RUE DES);M;4863662.0;-199682.0;350
22689;201500025183;15;2;7;1630;1;2;1;1;6;288;0, DINAN (PORTE DE );M;4864615.0;-202618.0;350
22690;201500025184;15;5;10;20;5;2;1;1;7;93;12, EDOUARD VII - N°1A 6;M;4863333.0;-205874.0;350
22691;201500025185;15;5;6;1218;1;2;1;1;6;288;0, DUGUAY-TROUIN (QUAI);M;4865107.0;-202173.0;350
22692;201500025186;15;4;17;1818;1;1;2;1;5;288;D2;M;4863338.0;-195011.0;350
22693;201500025187;15;7;18;1158;1;2;1;1;6;288;00, ESPLANADE SAINT VINC;M;4865033.0;-202119.0;350
22694;201500025188;15;8;4;410;3;1;5;1;7;288;0, CD 4;M;4860766.0;-195913.0;350
22695;201500025190;15;10;16;1350;1;2;6;1;3;288;RUE NICOLAS BOUVIER;M;4864736.0;-200812.0;350
22696;201500025191;15;9;17;1215;1;1;1;1;2;241;D168;M;4861360.0;-204128.0;350
22697;201500025192;15;3;4;1540;1;2;1;1;6;159;;M;4679240.0;173601.0;360
22698;201500025193;15;11;20;540;5;2;1;1;6;44;57 BD G SAND;M;4680720.0;168588.0;360
22699;201500025194;15;2;17;1755;1;2;1;8;1;44;353 AV DE VERDUN;M;4679120.0;170047.0;360
22700;201500025195;15;11;26;820;1;2;1;8;1;44;AVENUE ANDRE LE NOTRE;M;4679860.0;170113.0;360
22701;201500025198;15;3;11;1858;1;2;1;1;7;44;2 RUE DES MEUNIERS;M;4678720.0;168234.0;360
22702;201500025199;15;11;19;2043;5;1;6;1;3;159;ALL MAISONS ROUGES/RD943;M;4679770.0;172814.0;360
22703;201500025200;15;3;12;745;1;2;1;1;2;44;83 AVENUE JOHN KENNEDY;M;4680090.0;169243.0;360
22704;201500025201;15;11;22;2055;5;2;1;1;6;44;CHAUMIAU/CANTERELLE;M;4680710.0;169324.0;360
22705;201500025202;15;3;6;1030;1;2;1;1;2;44;RUE ROGER CAZALA;M;4681190.0;170072.0;360
22706;201500025203;15;11;25;1850;3;1;1;8;2;63;ALLEE DES MAISONS ROUGES;M;4680750.0;174560.0;360
22707;201500025204;15;3;14;1720;1;1;1;1;7;159;AVENUE DE LA FORET RD990;M;4675610.0;172208.0;360
22708;201500025205;15;11;27;1615;1;2;2;1;3;44;RUE AURIER/RUE SCHWOB;M;4681570.0;170711.0;360
22709;201500025206;15;3;17;1701;1;2;1;1;4;202;AVENUE D'OCCITANIE;M;4678340.0;165513.0;360
22710;201500025207;15;12;18;1730;3;1;1;1;2;44;RD 920;M;4679690.0;172690.0;360
22711;201500025208;15;3;27;1221;1;1;1;1;3;202;AVENUE DE TOURS;M;4683160.0;161365.0;360
22712;201500025209;15;12;6;2255;5;2;2;1;3;44;RUE ROLLIN/RUE LA GARE;M;4681140.0;169570.0;360
22713;201500025212;15;3;27;1615;1;2;1;1;3;44;44 RUE COMBANAIRE;M;4680710.0;170692.0;360
22714;201500025213;15;12;9;1600;1;1;1;1;3;44;RD 920;M;4678870.0;169126.0;360
22715;201500025214;15;4;4;620;5;2;1;8;7;44;368 AVENUE DE LA CHATRE;M;4679930.0;172471.0;360
22716;201500025215;15;12;9;1154;1;2;1;1;2;44;RUE LEDRU ROLLIN;M;4681060.0;169502.0;360
22717;201500025216;15;4;7;1610;1;2;1;1;3;44;ALLEE GEORGES BIZET;M;4680380.0;170752.0;360
22718;201500025217;15;12;8;1725;3;1;1;1;2;159;AVENUE DE LA FORET;M;4671960.0;173923.0;360
22719;201500025218;15;4;12;720;2;1;1;8;7;63;RD 956;M;4684590.0;168813.0;360
22720;201500025219;15;12;11;759;2;2;1;1;3;44;BD BLAISE PASCAL;M;4679900.0;171297.0;360
22721;201500025221;15;12;8;844;2;2;1;1;6;44;AVENUE DE LA CHATRE;M;4680140.0;172036.0;360
22722;201500025222;15;4;5;1901;1;2;2;1;3;44;AV DE GAULLE/RUE GAULTIE;M;4680680.0;169449.0;360
22723;201500025224;15;4;8;1709;1;2;1;1;2;44;BOULEVARD DE CLUIS;M;4680610.0;170017.0;360
22724;201500025225;15;12;13;1232;1;1;6;1;3;44;AV FRANCOEUR/RD 920;M;4678800.0;170369.0;360
22725;201500025226;15;4;10;1828;1;2;1;1;2;44;RUE SAINT LUC;M;4681210.0;169828.0;360
22726;201500025227;15;12;5;1623;1;2;1;1;2;44;16 AVENUE DU PONT NEUF;M;4681570.0;168468.0;360
22727;201500025228;15;5;11;1530;1;2;1;1;2;44;36 RUE DES INGRAINS;M;4679350.0;171184.0;360
22728;201500025229;15;12;11;2309;5;2;1;1;2;44;PLACE SAINT CYRAN;M;4681200.0;169442.0;360
22729;201500025231;15;12;15;1455;1;2;1;1;6;44;RUE VICTOR HUGO;M;4681140.0;169365.0;360
22730;201500025232;15;4;16;835;1;2;1;1;3;44;RUE D'AQUITAINE;M;4680290.0;167989.0;360
22731;201500025233;15;12;24;1145;1;2;1;1;6;44;PAUL LOUIS COURRIER;M;4680850.0;169172.0;360
22732;201500025234;15;4;22;903;1;2;1;1;6;44;AVENUE MARCEL LEMOINE;;;;360
22733;201500025235;15;12;16;1006;1;2;1;1;6;44;247 AVENUE DE LA CHATRE;M;4680310.0;171621.0;360
22734;201500025236;15;4;21;1430;1;2;1;1;2;44;157 AVENUE J KENNEDY;M;4679610.0;169206.0;360
22735;201500025238;15;12;30;445;3;1;1;1;6;63;;M;4683000.0;167966.0;360
22736;201500025239;15;5;7;2210;5;2;3;1;3;44;RUE LOTI/RUE MONTAIGNE;M;4679780.0;170595.0;360
22737;201500025240;15;5;11;1830;1;2;6;1;3;44;RUE AMPERE/AV COUBERTIN;M;4681290.0;172017.0;360
22738;201500025241;15;5;8;425;3;1;6;1;6;63;ROUTE DEPARTEMENTALE 925;M;4682390.0;175720.0;360
22739;201500025242;15;5;15;2005;1;2;2;1;3;44;ST FIACRE/BD DE CLUIS;M;4680820.0;170379.0;360
22740;201500025243;15;5;5;1650;1;2;1;1;3;44;25 RUE PAUL VERLAINE;M;4680080.0;171328.0;360
22741;201500025244;15;5;29;440;4;2;1;1;7;159;AVENUE DE LA FORET RD990;M;4677930.0;170722.0;360
22742;201500025245;15;6;11;1520;1;2;1;1;2;44;84 AV JOHN KENNEDY;M;4680060.0;169244.0;360
22743;201500025246;15;6;2;2303;3;1;1;1;6;159;ROUTE DE VELLES;M;4676300.0;167931.0;360
22744;201500025247;15;6;6;1541;1;2;1;1;6;202;17 ROUTE DE CHATEAUROUX;M;4680710.0;164216.0;360
22745;201500025248;15;6;5;1920;1;2;1;1;3;63;RD920;M;4681140.0;174344.0;360
22746;201500025249;15;6;16;940;1;1;1;1;7;202;RD 67;M;4680850.0;162087.0;360
22747;201500025250;15;6;21;1615;1;2;1;1;2;202;21 AVENUE D'OCCITANIE;M;4679130.0;166233.0;360
22748;201500025251;15;6;30;1822;1;2;1;1;3;63;AVENUE GEORGES HENNEQUIN;M;4685160.0;170350.0;360
22749;201500025252;15;8;1;1535;1;2;2;1;3;44;BD BRYAS/RUE CURIE;M;4681040.0;170578.0;360
22750;201500025253;15;7;1;1759;1;2;1;1;3;44;GIRATOIRE DE LA BRENNE;M;4680790.0;167678.0;360
22751;201500025254;15;7;7;2105;1;1;6;1;3;63;RP DU GRAND VERGER;M;4684550.0;170895.0;360
22752;201500025255;15;7;12;1825;1;2;6;1;3;44;MONTAIGNE/MALLET STEVENS;M;4679310.0;171116.0;360
22753;201500025256;15;7;14;1112;1;1;6;1;6;63;ROND POINT DU FREESBEE;M;4685150.0;170119.0;360
22754;201500025257;15;7;19;1250;1;1;1;1;6;202;ROUTE DE GIREUGNE;M;4677620.0;167474.0;360
22755;201500025258;15;7;21;1900;1;2;1;1;2;44;BOULEVARD ARAGO;M;4680500.0;168821.0;360
22756;201500025259;15;7;29;1605;1;2;1;1;2;63;144 ROUTE D'ISSOUDUN;M;4683060.0;171304.0;360
22757;201500025260;15;7;17;2030;1;2;1;1;1;44;IMPASSE DE LA PINGAUDIER;M;4681050.0;170528.0;360
22758;201500025261;15;8;3;2330;5;2;1;1;2;44;107 BD SAINT DENIS;M;4681970.0;171093.0;360
22759;201500025262;15;8;9;1800;1;2;1;1;6;44;AV ANDRE LE NOTRE;M;4680060.0;170195.0;360
22760;201500025263;15;8;29;1810;1;1;1;1;2;63;ROUTE DEPARTEMENTALE;M;4684330.0;171036.0;360
22761;201500025264;15;8;29;1034;1;1;1;1;4;63;ROUTE D'ISSOUDUN;M;4683790.0;173093.0;360
22762;201500025266;15;9;7;1555;1;2;1;1;3;44;153 AV D'ARGENTON;M;4680000.0;167003.0;360
22763;201500025267;15;9;13;820;1;2;1;8;3;44;41 AVENUE DE LA CHATRE;M;4680830.0;170593.0;360
22764;201500025268;15;9;14;1715;1;2;1;8;3;44;BOULEVARD DU MOULIN NEUF;M;4681920.0;168652.0;360
22765;201500025269;15;9;8;837;1;2;6;1;3;44;LE CORBUSIER/ MONTAIGNE;M;4679620.0;170795.0;360
22766;201500025270;15;9;16;1955;1;1;6;1;6;63;RP DU FREESBEE;M;4685220.0;170064.0;360
22767;201500025271;15;9;23;845;1;2;1;1;6;44;RD 920;M;4678880.0;169323.0;360
22768;201500025272;15;9;26;1610;1;1;4;1;3;202;RTE CHATELLE/RTE LUANT;M;4679050.0;160979.0;360
22769;201500025273;15;9;26;1940;1;2;1;1;6;44;208 AV JOHN KENNEDY;M;4678930.0;169124.0;360
22770;201500025274;15;9;27;1800;1;1;4;1;1;44;CR DU BRELAY/AV DE BLOIS;M;4682210.0;167759.0;360
22771;201500025275;15;10;4;2218;5;1;6;2;3;202;RD920/RD67;M;4677570.0;164841.0;360
22772;201500025276;15;10;15;1620;1;2;1;1;6;44;11 AV DE LATTRE DE TASSI;M;4679780.0;171845.0;360
22773;201500025277;15;10;15;1620;1;2;1;1;2;159;RUE CHABRIANT  RD67;M;4676060.0;171751.0;360
22774;201500025278;15;10;3;2010;5;2;1;2;7;44;AV FRANCOIS MITTERRAND;M;4681110.0;167869.0;360
22775;201500025279;15;10;22;1007;1;2;1;1;6;44;38 BD DES MARINS;M;4680660.0;168155.0;360
22776;201500025280;15;10;23;25;5;2;2;2;3;44;LA COUTURE/BD LA VRILLE;M;4680540.0;168571.0;360
22777;201500025281;15;10;22;1529;1;2;1;1;7;63;AV GENERAL DE GAULLE;M;4683190.0;170285.0;360
22778;201500025282;15;11;6;1300;1;1;2;2;3;57;RD920/AV J KENNEDY;M;4678870.0;169130.0;360
22779;201500025283;15;11;12;1800;5;1;2;1;3;63;AV CLEMENCEAU/AV HENNEQU;M;4685340.0;171266.0;360
22780;201500025284;15;11;5;845;1;2;1;1;2;44;4 RUE D'AQUITAINE;M;4680240.0;167665.0;360
22781;201500025285;15;11;14;1119;1;2;1;1;6;44;62 AVENUE JOHN KENNEDY;M;4680160.0;169218.0;360
22782;201500025286;15;11;13;1845;5;2;3;8;3;44;RUE BRAC/RUE PORTE NEUVE;M;4681130.0;168834.0;360
22783;201500025287;15;11;12;1009;1;2;1;1;2;44;PLACE LAFAYETTE;M;4681290.0;169704.0;360
22784;201500025288;15;11;13;1730;3;1;1;2;7;44;RUE DU 3EME RAC;M;4682090.0;172474.0;360
22785;201500025289;15;11;2;1735;2;2;1;1;2;44;127 AV DE LA CHATRE;M;4680640.0;170981.0;360
22786;201500025290;15;11;3;800;1;1;3;1;3;63;RD956/ALLEE RP DE  BLOIS;M;4685490.0;166821.0;360
22787;201500025291;15;11;11;1450;1;1;2;1;3;202;A DES GOUTAIS/OCCITANIE;M;4677410.0;164705.0;360
22788;201500025293;15;1;7;825;2;2;1;2;2;44;368 AVENUE DE LA CHATRE;M;4680230.0;171835.0;360
22789;201500025294;15;2;9;350;5;2;2;1;3;44;AV LA CHATRE- CHARMILLES;M;4680230.0;171835.0;360
22790;201500025296;15;2;14;2340;5;2;4;1;3;44;COMBOLIAUD/AV KENNEDY;M;4679870.0;169230.0;360
22791;201500025297;15;1;19;1744;5;2;1;2;3;159;ROUTE DE MONTLUCON;M;4679210.0;174005.0;360
22792;201500025298;15;1;23;1750;2;2;1;8;3;44;2 BOULEVARD DE LA VALLA;M;4680820.0;167694.0;360
22793;201500025299;15;1;31;1502;1;1;1;1;3;159;140 AVENUE DE LA FORET;M;4677170.0;171250.0;360
22794;201500025300;15;2;3;750;2;2;1;1;6;159;140 AVENUE DE LA FORET;M;4677180.0;171243.0;360
22795;201500025301;15;2;11;1132;1;2;1;1;1;44;ALLEE DES LAURIERS;M;4678910.0;169438.0;360
22796;201500025302;15;2;17;1845;5;2;1;1;6;261;PONT NAPOLEON;;;;370
22797;201500025303;15;2;18;1640;1;2;1;1;6;261;76 AVENUE DE L EUROPE;;;;370
22798;201500025304;15;2;23;1750;1;2;1;1;6;261;AVENUE DU DANEMARK;;;;370
22799;201500025306;15;2;24;2150;5;2;1;1;6;261;29 Bd WINSTO  CHURCHILL;;;;370
22800;201500025307;15;2;25;1110;1;2;1;2;6;214;271 BD CHARLE DE GAULLE;;;;370
22801;201500025308;15;2;25;1220;1;2;1;2;4;261;QUAI ANDRE MALRAUX;;;;370
22802;201500025309;15;2;25;1745;1;2;1;2;7;261;84 AV ANDRE MAGINOT;;;;370
22803;201500025311;15;2;27;1409;1;2;3;1;3;122;57 RUE DE  VERDUN;;;;370
22804;201500025312;15;2;27;1336;1;2;1;1;2;261;142  RUE ED VAILLANT;;;;370
22805;201500025313;15;3;2;1006;1;2;6;1;6;261;AV GEORGE  POMPIDOU;;;;370
22806;201500025314;15;3;2;1315;1;2;3;1;1;261;ROUTE  DE SAINT AVERTIN;;;;370
22807;201500025315;15;3;6;1700;1;2;3;1;3;261;PLACE CHOISEUL;;;;370
22808;201500025316;15;3;7;1420;1;2;1;1;6;261;47 bis RUE LEON  BOYER;;;;370
22809;201500025317;15;3;8;120;5;2;2;1;3;261;RUE DU  SANITAS;;;;370
22810;201500025318;15;1;8;1420;1;2;1;2;2;208;AVENUE DU G DE GAULLE;;;;370
22811;201500025319;15;3;9;1410;1;1;1;1;4;122;;;;;370
22812;201500025320;15;1;11;1055;1;2;1;1;7;261;RUE CHRISTOPHE COLOMB;;;;370
22813;201500025321;15;3;11;1556;1;2;1;1;3;261;RUE DU COLOMBIER;;;;370
22814;201500025322;15;1;15;1700;1;2;2;3;3;261;COLBERT/DELAROCHE;;;;370
22815;201500025323;15;3;6;830;1;2;1;1;6;261;AV GEORGE  POMPIDOU;;;;370
22816;201500025324;15;1;15;1410;1;2;1;1;3;261;ROUTE DE  ROUZIERS;;;;370
22817;201500025325;15;3;6;1115;1;1;1;1;2;261;AVENUE DE GRAMMONT;;;;370
22818;201500025326;15;1;15;1425;1;2;6;1;3;261;BD LOUIS XI;;;;370
22819;201500025327;15;3;6;830;1;2;6;1;3;233;RUE BLANQUI;;;;370
22820;201500025328;15;1;20;1800;2;2;2;1;7;261;9 RUE SEBASTOPOL;;;;370
22821;201500025329;15;3;12;1408;1;2;1;1;7;261;PONT WILSON;;;;370
22822;201500025330;15;1;21;1530;1;2;6;1;3;233;PONT JEAN  MOULIN;;;;370
22823;201500025331;15;3;12;2150;5;2;1;1;1;261;28 AVENUE DE  GRAMMONT;;;;370
22824;201500025332;15;1;21;1645;1;2;2;1;3;233;RUE GABRIEL PERI;;;;370
22825;201500025333;15;3;13;1005;1;2;3;1;3;261;PLACE  CHOISEUL;;;;370
22826;201500025334;15;1;29;1015;1;2;1;2;7;261;8 RUE GEORGE COURTELINE;;;;370
22827;201500025335;15;3;13;1440;1;2;6;2;3;214;RUE VICTOR HUGO;;;;370
22828;201500025336;15;1;29;1140;1;2;2;2;3;214;RUE FLEURIE;;;;370
22829;201500025337;15;3;16;730;1;2;1;1;6;261;PONT MIRABEAU;;;;370
22830;201500025338;15;1;29;1200;1;2;1;1;7;261;PLACE SAINT PAUL;;;;370
22831;201500025339;15;12;16;1858;3;1;1;2;7;122;PARC ACTIVITE LIODIERE;M;4732019.0;66805.0;370
22832;201500025340;15;3;16;900;1;2;6;1;6;261;RUE DES TANNEURS;;;;370
22833;201500025341;15;2;4;1030;1;2;1;1;3;122;133  BD  JEAN JAURES;;;;370
22834;201500025342;15;3;15;1405;1;2;1;1;6;233;AVENUE G POMPIDOU;;;;370
22835;201500025343;15;2;7;1900;5;2;1;1;5;261;AVENUE DE PONT CHER;;;;370
22836;201500025344;15;3;16;1245;1;2;1;1;1;122;51RUE DE  MARBELLIERE;;;;370
22837;201500025345;15;2;9;720;2;2;1;1;7;122;AVENUE DE  BORDEAUX;;;;370
22838;201500025346;15;3;11;1045;1;2;1;1;2;261;236 RUE AUG  CHEVALLIER;;;;370
22839;201500025347;15;2;9;750;2;2;1;1;6;122;BOUCHARDIERE;;;;370
22840;201500025348;15;3;19;834;1;2;1;1;7;261;PLACE DES HALLES;;;;370
22841;201500025349;15;3;20;818;1;2;1;1;3;261;PLACE CHOISEUL;;;;370