;Num_Acc;an;mois;jour;hrmn;lum;agg;int;atm;col;com;adr;gps;lat;long;dep
22842;201500025350;15;3;20;930;1;2;1;1;3;261;ROUTE DES DEUX LIONS;;;;370
22843;201500025351;15;3;20;1234;1;2;2;2;7;261;RUE  LEON BOYER;;;;370
22844;201500025352;15;3;20;1325;1;2;6;2;3;261;RUE DE SUEDE/DOUET;;;;370
22845;201500025353;15;3;20;1515;1;2;1;1;6;261;118 BD  TONNELLE;;;;370
22846;201500025354;15;3;21;1815;1;2;1;1;7;261;QUAI ANDRE MALRAUX;;;;370
22847;201500025355;15;3;25;1755;1;2;3;1;3;214;QUAI DE LA LOIRE;;;;370
22848;201500025357;15;3;26;1635;1;2;1;2;6;261;BOULEVARD PREUILLY;;;;370
22849;201500025358;15;3;27;805;1;2;3;1;6;261;SAINT EXUPERY;;;;370
22850;201500025359;15;3;28;1230;1;2;6;1;7;261;PARCAY (RUE DE);;;;370
22851;201500025360;15;3;27;1430;1;2;1;1;7;261;RUE THEOPHANE VENIEN;;;;370
22852;201500025361;15;3;27;1354;1;1;2;1;3;214;RUE FLEURIE;;;;370
22853;201500025362;15;3;29;1216;1;2;1;2;3;261;40 QUAI DE  PORTILLON;;;;370
22854;201500025363;15;3;30;1333;1;2;1;1;7;122;BD DES  BRETONNIERES;;;;370
22855;201500025365;15;3;31;1835;1;2;1;1;6;261;18 RUE  ROUGET DE L'ISLE;;;;370
22856;201500025366;15;2;22;1715;1;2;1;1;7;195;25 ROUTE DE SAIT-GENOUPH;;;;370
22857;201500025367;15;4;1;915;1;2;7;1;6;261;14 Av DE LA TRANCHEE;;;;370
22858;201500025368;15;4;1;1400;1;2;2;1;3;261;RUE DE CALAIS;;;;370
22859;201500025369;15;4;1;1530;1;2;6;1;6;261;PLACE JEAN JAURES;;;;370
22860;201500025370;15;1;7;744;5;2;1;8;3;261;250 RUE GIRAUDEAU;;;;370
22861;201500025371;15;4;3;2100;5;2;3;3;7;261;55 RUE  ENTRAIGUES;;;;370
22862;201500025372;15;1;10;1635;1;2;1;1;4;261;11 AVENUE PROUDHON;;;;370
22863;201500025373;15;4;3;2315;5;2;2;2;3;261;RUE VICTOR  HUGO;;;;370
22864;201500025374;15;1;13;800;1;2;2;1;2;261;62 DANIEL MAYER;;;;370
22865;201500025375;15;4;3;2335;5;2;1;2;2;261;56 AV MARCEL DASSAULT;;;;370
22866;201500025376;15;1;22;1401;1;2;1;1;6;122;RUE DE VERDUN;;;;370
22867;201500025377;15;4;2;1330;1;2;1;1;6;261;BOULEVARD  TONNELLE;;;;370
22868;201500025379;15;4;3;1958;1;2;6;8;3;261;AV GEORGE POMPIDOU;;;;370
22869;201500025380;15;1;30;800;1;2;6;8;7;214;76 RUE DE PORTILLON;;;;370
22870;201500025381;15;4;4;1340;1;2;2;1;3;261;RUE FRANCOIS ARAGO;;;;370
22871;201500025383;15;4;4;1850;1;2;6;1;3;261;ROND POINT ALFRED NOBEL;;;;370
22872;201500025384;15;2;11;745;1;2;1;1;7;261;RUE DE l'AUBERDIERE;;;;370
22873;201500025385;15;4;4;1936;1;1;1;1;1;195;LEVEE DU CHER;;;;370
22874;201500025386;15;2;11;800;1;2;2;8;6;261;PLACE SAINT ELOI;;;;370
22875;201500025387;15;4;7;830;1;2;2;1;3;233;RUE PIERRE SEMARD;;;;370
22876;201500025388;15;2;11;830;1;2;1;1;6;261;76, AVENUE DE L'EUROPE;;;;370
22877;201500025389;15;4;7;908;1;2;1;1;4;208;RUE DE  LARCAY;;;;370
22878;201500025390;15;4;7;1005;1;2;1;1;3;233;RUE DU 23  FEVRIER 1950;;;;370
22879;201500025391;15;4;7;1310;1;2;2;1;3;261;RUE JEANNE WEDELLS;;;;370
22880;201500025392;15;4;8;955;1;2;1;1;6;261;1 PLACE JEAN CARPEAUX;;;;370
22881;201500025393;15;4;8;1515;1;2;1;1;2;233;AVENUE JACQUES DUCLOS;;;;370
22882;201500025395;15;4;9;800;1;2;3;1;3;122;RUE DU PONT  VOLANT;;;;370
22883;201500025396;15;4;8;2030;1;2;1;1;2;233;QUAI DE LA LOIRE;;;;370
22884;201500025397;15;4;10;2010;2;2;1;2;2;233;29 BD JEAN JAURES;;;;370
22885;201500025398;15;4;5;1117;1;1;1;1;6;122;RD 37;;;;370
22886;201500025400;15;4;12;1235;1;2;6;1;6;233;AVENUE STALINGRAD;;;;370
22887;201500025401;15;4;12;1700;1;1;6;1;3;261;BD ABEL GANCE;;;;370
22888;201500025402;15;4;12;1635;1;2;1;1;6;261;DANIEL MAYER;;;;370
22889;201500025403;15;4;13;1118;1;2;1;1;6;261;50 RUE DES  TANNEURS;;;;370
22890;201500025404;15;4;12;1910;1;2;2;1;3;261;8 RUE DE  SUEDE;M;0.0;0.0;370
22891;201500025405;15;4;14;1315;1;1;1;1;2;261;PLACE CHOISEUL;;;;370
22892;201500025406;15;4;15;1250;1;2;2;1;3;261;RUE GIRAUDEAU;;;;370
22893;201500025408;15;4;15;2000;1;2;1;1;7;261;35 RUE DE  LILLE;;;;370
22894;201500025409;15;3;7;115;5;2;1;1;6;208;57 RUE DE  LARCAY;;;;370
22895;201500025411;15;4;19;1525;1;2;1;1;1;261;AV COMPAGNONS D'EMMAUS;;;;370
22896;201500025412;15;4;20;810;1;2;1;1;6;261;6BIS BD BERANGER;;;;370
22897;201500025413;15;1;3;650;5;2;1;2;6;261;BD LOUIS XI;;;;370
22898;201500025414;15;4;20;1135;1;2;3;1;3;122;RUE DU PONT VOLANT;;;;370
22899;201500025415;15;1;7;1505;1;2;1;1;7;122;10 BIS RUE GALLIENI;;;;370
22900;201500025416;15;4;22;1247;1;2;1;1;6;214;141 BD CHARLE DE GAULLE;;;;370
22901;201500025417;15;1;7;1815;5;2;2;1;3;261;AVENUE MARCEL MERIEUX;;;;370
22902;201500025418;15;4;22;1550;1;2;2;1;3;261;DANIEL MAYER;;;;370
22903;201500025420;15;4;21;1700;1;2;1;1;2;261;PONT SAINT SAUVEUR;;;;370
22904;201500025421;15;1;19;1805;3;2;2;1;3;261;RUE D'ENTRAIGUES;;;;370
22905;201500025422;15;4;21;1740;1;2;1;1;7;261;CARREFOUR DE L ALOUETTE;;;;370
22906;201500025423;15;1;20;830;5;2;3;1;3;261;RUE SAINT BARTHELEMY;;;;370
22907;201500025424;15;4;21;1915;1;1;2;1;6;261;QUAI ANDRE MALRAUX;;;;370
22908;201500025425;15;1;20;850;1;2;1;1;5;261;96 QUAI PAUL BERT;;;;370
22909;201500025426;15;4;23;805;1;2;3;1;1;195;RUE  RONSARD;;;;370
22910;201500025427;15;1;20;855;2;2;2;1;3;261;RUE GIRAUDEAU;;;;370
22911;201500025428;15;4;23;2110;5;2;2;1;3;261;RUE NATIONALE;;;;370
22912;201500025429;15;1;24;1501;1;2;3;1;3;261;RUE CROIX PASQUIER;;;;370
22913;201500025430;15;4;24;35;5;2;1;1;6;261;96 RUE GEORGES SAND;;;;370
22914;201500025431;15;1;27;730;5;2;1;1;2;261;64 BOULEVARD BERANGER;;;;370
22915;201500025432;15;4;24;1320;1;2;1;1;3;261;PLACE NICOLAS COPERNIC;;;;370
22916;201500025433;15;1;30;2010;5;2;2;1;3;261;BD RICHARD WAGNER;;;;370
22917;201500025434;15;4;24;1355;1;1;1;1;7;122;RTE DE MONTS;;;;370
22918;201500025435;15;2;2;615;5;2;1;1;3;261;64 RUE DANIEL MAYER;;;;370
22919;201500025436;15;4;24;1720;1;2;6;1;2;261;RUE DE LA VICTOIRE;;;;370
22920;201500025437;15;2;2;755;5;2;1;1;6;261;RUE DE  LA VICTOIRE;;;;370
22921;201500025438;15;4;25;1535;1;2;6;1;6;261;AVENUE GEORGES POMPIDOU;;;;370
22922;201500025439;15;2;6;1340;1;2;3;1;3;261;BD RICHARD WAGNER;;;;370
22923;201500025440;15;4;22;835;1;1;1;1;3;233;AVENUE JACQUES DUCLOS;;;;370
22924;201500025441;15;2;6;1900;5;2;3;1;6;261;BD DU MARECHAL JUIN;;;;370
22925;201500025442;15;4;26;1900;1;2;6;3;3;261;ROND POINT MULHEIM;;;;370
22926;201500025443;15;2;11;1400;1;2;2;1;3;261;RUE DE LA FUYE;;;;370
22927;201500025444;15;4;29;720;1;2;3;1;3;233;69 RUE GABRIEL PERRY;;;;370
22928;201500025445;15;2;13;1000;1;1;1;1;7;122;PARC DE LA LIODIERE;;;;370
22929;201500025446;15;4;23;1910;1;2;1;1;6;122;RUE LAMARTINE;;;;370
22930;201500025447;15;4;30;2150;3;2;1;3;7;261;RD 37;;;;370
22931;201500025448;15;5;1;400;5;2;1;3;2;261;BD ABEL GANCE;M;0.0;0.0;370
22932;201500025449;15;5;2;2055;5;2;1;3;7;261;57 RUE DANIEL MAYER;M;0.0;0.0;370
22933;201500025450;15;4;30;2004;1;1;1;3;5;261;66 AV MARCEL DASSAULT;;;;370
22934;201500025451;15;5;2;1155;1;2;1;8;7;208;AVENUE DU LAC;;;;370
22935;201500025452;15;5;5;615;2;2;1;8;7;261;AV CAMILLE CHAUTEMPS;;;;370
22936;201500025453;15;5;5;1915;1;2;1;1;3;261;20 RUE DE  BERGEONERIE;;;;370
22937;201500025454;15;3;15;35;5;2;1;1;7;261;1 QUAI ANDRE  MALRAUX;;;;370
22938;201500025455;15;3;6;1709;1;2;1;1;2;261;PLACE  THIERS;;;;370
22939;201500025456;15;5;1;1840;1;1;1;3;6;122;;;;;370
22940;201500025457;15;5;6;1455;1;2;3;1;3;261;STENDHAL (AVENUE);;;;370
22941;201500025459;15;5;7;1835;1;2;1;1;7;261;134 BD HEURTELOUP;;;;370
22942;201500025460;15;3;18;1210;1;2;1;1;7;261;134 RUE DU  PLAT D'ETAIN;;;;370
22943;201500025461;15;1;2;2000;3;1;1;5;7;122;CHEMIN CHAMBRAY/ISERNAY;;;;370
22944;201500025462;15;3;24;1030;1;2;3;2;7;261;AVENUE DE FLORENCE;;;;370
22945;201500025463;15;1;17;2230;5;2;1;1;7;122;80 BD JEAN JAURES;;;;370
22946;201500025464;15;5;11;40;5;2;2;1;3;261;RUE CLOS SAINT LIBERT;M;0.0;0.0;370
22947;201500025467;15;2;13;1;4;2;1;1;6;261;AVENUE MARCEL DASSAULT;;;;370
22948;201500025468;15;5;12;1225;1;1;3;1;6;122;AVENUE DE   BORDEAUX;;;;370
22949;201500025470;15;5;17;1548;1;2;1;1;6;195;RUE DE LA  MAIRIE;;;;370
22950;201500025471;15;5;19;1755;1;2;3;1;3;233;RUE MARTIN AUDENET;;;;370
22951;201500025472;15;5;19;1945;1;2;3;1;6;261;197 AVENUE DE GRAMMONT;;;;370
22952;201500025474;15;5;20;1030;1;2;6;2;7;261;CARREF FRANCAIS LIBRES;;;;370
22953;201500025475;15;3;24;715;1;2;1;1;6;261;17   AVENUE  PROUDHON;;;;370
22954;201500025476;15;5;21;1210;1;2;1;1;3;261;14 AVENUE DE LA TRANCHEE;;;;370
22955;201500025477;15;5;20;1800;1;2;2;1;1;261;AVENUE DE LA REPUBLIQUE;;;;370
22956;201500025478;15;5;20;1615;1;1;3;1;1;195;ROUTE DE ST-GENOUPH/PAVI;;;;370
22957;201500025479;15;5;23;1500;1;2;1;1;7;261;PONT  MIRABEAU/PAUL BERT;;;;370
22958;201500025480;15;5;25;1145;1;2;2;1;3;195;150 RUE DE LA MAIRIE;;;;370
22959;201500025481;15;5;26;1120;1;2;1;1;6;214;BD CHARLE DE GAULLE;;;;370
22960;201500025482;15;5;28;940;1;2;1;1;6;214;RUE DES SOURCES;;;;370
22961;201500025484;15;5;28;2315;5;2;2;1;2;261;AVENUE DE FLORENCE;M;0.0;0.0;370
22962;201500025485;15;5;28;1210;1;2;1;1;7;122;RUE DE  VERDUN;;;;370
22963;201500025486;15;5;29;1830;1;2;1;1;7;195;LEVEE DE LA LOIRE;;;;370
22964;201500025487;15;5;29;1649;1;2;1;1;2;261;AV GUSTAVE   EIFFEL;;;;370
22965;201500025489;15;1;3;1615;1;2;1;2;7;261;38 PLACE  GASTON PAILHOU;;;;370
22966;201500025490;15;5;31;1218;1;2;1;1;3;261;PLACE CHOISEUL;;;;370
22967;201500025491;15;6;2;1820;1;2;1;1;1;122;RUE DE BEAULIEU;;;;370
22968;201500025492;15;6;3;1340;1;2;1;1;3;261;10 RUE DANIEL MAYER;;;;370
22969;201500025493;15;6;4;730;1;1;6;1;3;233;0, STALINGRAD (AVENUE);;;;370
22970;201500025494;15;6;4;850;1;1;1;1;4;261;RD 37;;;;370
22971;201500025495;15;6;3;1950;1;2;6;1;3;122;190 BD DE CHINON;;;;370
22972;201500025497;15;6;7;4;3;2;1;1;7;122;50 RUE DE  BEAULIEU;M;0.0;0.0;370
22973;201500025498;15;3;16;1300;1;2;6;1;6;122;CUGNOT (RUE JOSEPH);;;;370
22974;201500025499;15;6;8;820;1;2;1;1;6;208;54 AV DU GAL DE GAULLE;M;0.0;0.0;370
22975;201500025500;15;6;8;1205;1;2;6;1;3;214;169 RUE DES SOURCES;;;;370
22976;201500025502;15;6;8;1715;1;1;1;1;2;122;RD 37;;;;370
22977;201500025503;15;6;9;855;1;2;1;1;3;261;115 RUE  GIRAUDEAU;;;;370
22978;201500025504;15;4;1;950;1;2;1;1;2;261;AVENUE DE  GRAMMONT;;;;370
22979;201500025505;15;6;9;1427;1;1;1;1;6;233;LEVEE DE LA LOIRE;;;;370
22980;201500025506;15;6;9;1905;1;2;6;1;3;122;RUE DE LA DOUZILLIERE;;;;370
22981;201500025508;15;6;10;1422;1;2;1;2;7;261;AV ANDRE MAGINOT;;;;370
22982;201500025509;15;6;11;1216;1;2;1;1;5;122;156 BD JEAN  JAURES;;;;370
22983;201500025510;15;6;12;1111;1;2;6;2;3;261;ROUTE DE SAVONNIERES;;;;370
22984;201500025511;15;6;12;1150;1;2;3;2;3;261;AV CAMILLE  CHAUTEMPS;;;;370
22985;201500025512;15;6;12;1415;1;2;1;1;6;122;ALLEE DU BOSQUET;;;;370
22986;201500025513;15;6;13;1730;1;1;6;1;3;261;BD ABEL GANCE;;;;370
22987;201500025514;15;6;13;1730;1;2;1;1;7;208;38 RUE DES  HERAULTS;;;;370
22988;201500025515;15;6;14;1715;1;2;1;8;6;261;205 RUE DES BORDIERS;;;;370
22989;201500025516;15;6;17;813;1;2;2;1;3;261;RUE STEPHANE  PITARD;;;;370
22990;201500025517;15;6;17;1745;1;2;3;1;3;122;RUE DE VERDUN;;;;370
22991;201500025518;15;6;19;1335;1;2;1;1;3;122;04 AV DU GAL DE GAULLE;;;;370
22992;201500025519;15;6;15;515;3;2;1;2;3;214;BD CHARLES DE GAULLE;;;;370
22993;201500025520;15;6;21;1400;1;2;1;1;7;214;36 RUE HENRI LEBRUN;M;0.0;0.0;370
22994;201500025521;15;6;21;2030;1;2;2;1;3;261;RUE  NATIONALE;M;0.0;0.0;370
22995;201500025522;15;6;24;1435;1;2;1;1;7;261;PONT MIRABEAU;M;0.0;0.0;370
22996;201500025523;15;6;24;1935;1;1;9;1;3;122;ROUTE DE MONTS;M;0.0;0.0;370
22997;201500025524;15;6;10;1235;1;2;1;2;2;208;AVENUE DU LAC;M;0.0;0.0;370
22998;201500025526;15;7;2;1715;1;2;1;1;3;261;QUAO ANDRE MALRAUX;M;0.0;0.0;370
22999;201500025527;15;6;27;1520;1;2;1;7;2;208;103 RUE DE  LARCAY;;;;370
23000;201500025528;15;6;26;1730;1;2;1;1;2;122;RUE GUTENBERG;M;0.0;0.0;370
23001;201500025529;15;6;30;1845;1;2;1;1;6;261;8 BIS BD BERANGER;M;0.0;0.0;370
23002;201500025532;15;7;1;1125;1;2;1;1;3;233;10 RUE DE BRETECHE;M;0.0;0.0;370
23003;201500025533;15;5;11;840;1;1;1;1;2;261;BD ABEL GANCE;M;0.0;0.0;370
23004;201500025534;15;5;13;1858;1;2;9;1;5;122;BOULEVARD DE CHINON;;;;370
23005;201500025535;15;7;2;1050;1;2;3;1;6;122;RUE DE VERDUN;M;0.0;0.0;370
23006;201500025536;15;7;3;2340;5;2;7;1;6;195;28 PLACE SAINT ANNE;M;0.0;0.0;370
23007;201500025537;15;7;3;1120;1;1;2;1;3;214;AVENUE DE LA REPUBLIQUE;M;0.0;0.0;370
23008;201500025538;15;7;5;2100;1;2;3;1;3;233;PONT JEAN MOULIN;M;0.0;0.0;370
23009;201500025539;15;7;7;905;1;2;2;1;6;261;AVENUE SAINT LAZARE;M;0.0;0.0;370
23010;201500025540;15;5;15;1734;1;2;1;1;2;122;AVENUE DE BORDEAUX;M;0.0;0.0;370
23011;201500025541;15;7;7;2300;3;2;1;1;6;122;RD 37;M;0.0;0.0;370
23012;201500025543;15;5;21;1619;1;2;1;1;7;261;RUE JACQUES  MONOD;;;;370
23013;201500025544;15;7;8;345;3;2;1;1;6;233;QUAI DE LA LOIRE;M;0.0;0.0;370
23014;201500025545;15;7;9;930;1;2;1;1;2;233;RUE DU COLOMBIER;M;0.0;0.0;370
23015;201500025547;15;6;18;1445;1;2;1;1;6;261;PROMENADE DE FLORENCE;M;0.0;0.0;370
23016;201500025548;15;6;16;830;1;2;8;1;7;122;ROUTE DES  VAUX;M;0.0;0.0;370
23017;201500025549;15;7;14;18;5;2;1;1;6;261;208 RUE  JOLIVET;M;0.0;0.0;370
23018;201500025550;15;7;14;2030;1;2;2;1;3;233;AVENUE LENINE;M;0.0;0.0;370
23019;201500025551;15;7;15;1642;1;1;1;1;7;261;;M;0.0;0.0;370
23020;201500025552;15;7;15;1130;1;2;2;1;3;261;RUE DE  TOURCOING;M;0.0;0.0;370
23021;201500025553;15;7;16;1632;1;2;1;1;6;261;2 RUE NICOLAS POUSSIN;M;0.0;0.0;370
23022;201500025554;15;7;17;1740;1;2;1;1;4;261;PONT SAINT SAUVEUR;M;0.0;0.0;370
23023;201500025555;15;7;6;2210;5;2;6;1;6;122;TROIS CROIX (PLACE DES);;;;370
23024;201500025556;15;7;17;1910;1;2;1;1;6;122;RUE GERMAIN PILON;M;0.0;0.0;370
23025;201500025557;15;7;23;824;1;2;3;1;3;261;RUE DU  COLOMBIER;M;0.0;0.0;370
23026;201500025559;15;7;24;1545;1;2;1;1;6;261;RUE FLEURY;M;0.0;0.0;370
23027;201500025560;15;7;25;2125;2;2;1;1;6;261;PLACE ANATOLE  FRANCE;M;0.0;0.0;370
23028;201500025562;15;7;27;1540;1;2;1;1;2;261;AV DU GL DE GAULLE;;;;370
23029;201500025563;15;7;28;2010;1;2;1;1;7;214;RUE DU BOCAGE;M;0.0;0.0;370
23030;201500025564;15;7;26;1220;1;2;4;2;1;261;AVENUE GEORGES POMPIDOU;M;0.0;0.0;370
23031;201500025565;15;7;30;1620;1;2;2;1;1;233;AV DE LA REPUBLIQUE;M;0.0;0.0;370
23032;201500025566;15;8;4;1058;1;1;1;1;6;122;26  RUE DE DOUZILLIERE;M;0.0;0.0;370
23033;201500025568;15;8;7;2315;5;2;1;1;7;261;QUAI DE MARMOUTIER;M;0.0;0.0;370
23034;201500025569;15;7;31;1550;1;2;1;1;2;214;307 BD C DE GAULLE;M;0.0;0.0;370
23035;201500025570;15;8;8;1326;1;1;1;8;3;122;BD DES  BRETONNIERES;M;0.0;0.0;370
23036;201500025571;15;8;7;1558;1;2;2;1;6;195;RUE SAINT FRANCOIS;M;0.0;0.0;370
23037;201500025572;15;8;9;900;1;2;1;2;7;261;AV DE LA  REPUBLIQUE;M;0.0;0.0;370
23038;201500025573;15;8;9;1553;1;2;1;1;3;261;89 BIS BD HEURTELOUP;M;0.0;0.0;370
23039;201500025574;15;8;10;840;1;2;1;1;3;214;179 RUE DE LA LANDE;M;0.0;0.0;370
23040;201500025575;15;8;7;1130;1;2;1;1;6;195;2 RUE FRANCOIS MITTERAND;M;0.0;0.0;370
23041;201500025576;15;8;11;2015;1;2;4;1;3;233;BD JAURES;M;0.0;0.0;370
23042;201500025578;15;8;13;1755;1;2;1;8;7;261;RUE ROGER SALENGRO;M;0.0;0.0;370
23043;201500025579;15;8;13;2105;5;2;1;2;7;261;40 RUE DES  TANNEURS;M;0.0;0.0;370
23044;201500025580;15;8;14;1445;1;2;1;2;6;261;AVENUE STENDHAL;M;0.0;0.0;370
23045;201500025581;15;8;16;1525;1;2;1;1;6;208;86 RUE DES HERAULTS;M;0.0;0.0;370
23046;201500025582;15;8;16;1730;1;2;3;1;6;261;ALLEE DE CANGE;M;0.0;0.0;370
23047;201500025583;15;8;18;1840;1;1;1;1;7;122;RD 37;M;0.0;0.0;370
23048;201500025584;15;8;18;1830;1;2;1;1;3;195;PLACE SAINTE ANNE;M;0.0;0.0;370
23049;201500025585;15;8;19;2010;1;2;2;1;3;261;RUE  AMBOISE;M;0.0;0.0;370
23050;201500025586;15;8;19;1800;1;2;1;1;4;122;RUE DE LA BERGEONNERIE;M;0.0;0.0;370
23051;201500025587;15;8;6;1652;1;2;1;1;7;261;11 PL GASTON PAILHOU;M;0.0;0.0;370
23052;201500025588;15;8;6;1812;1;2;1;1;1;208;43 RUE DE  LARCAY;M;0.0;0.0;370
23053;201500025589;15;8;21;2350;5;2;4;1;2;233;RUE MARCEL CACHIN;M;0.0;0.0;370
23054;201500025590;15;8;22;240;5;2;1;1;7;214;QUAI DE LA LOIRE;M;0.0;0.0;370
23055;201500025591;15;8;24;745;1;2;6;2;7;261;RONDPOINT TROIS RIVIERES;M;0.0;0.0;370
23056;201500025592;15;8;24;1200;1;2;6;2;7;214;RUE DES BORDIERS;M;0.0;0.0;370
23057;201500025593;15;8;25;725;1;2;6;1;3;122;RUE DES MARTYRS;M;0.0;0.0;370
23058;201500025594;15;8;25;1145;1;2;1;1;2;261;AVENUE DE GRAMMONT;M;0.0;0.0;370
23059;201500025595;15;8;21;1000;1;2;1;1;3;261;AV GEORGES POMPIDOU;M;0.0;0.0;370
23060;201500025596;15;8;24;1350;1;2;1;1;7;214;RUE D AMBOISE;M;0.0;0.0;370
23061;201500025597;15;8;24;1635;1;2;1;1;7;122;RUE LAVOISIER;M;0.0;0.0;370
23062;201500025598;15;8;24;1650;1;1;1;1;2;261;ROUTE DE SAINT AVERTIN;;;;370
23063;201500025599;15;8;27;2100;5;2;2;3;6;261;RUE LEON BOYER;M;0.0;0.0;370
23064;201500025601;15;8;27;845;1;1;1;1;3;122;RD 37;M;0.0;0.0;370
23065;201500025603;15;9;1;1652;1;2;1;1;5;261;AVENUE GEORGES POMPIDOU;M;0.0;0.0;370
23066;201500025604;15;9;1;1200;1;2;2;1;3;233;RUE LINE  PORCHER;M;0.0;0.0;370
23067;201500025605;15;9;1;1230;1;2;1;1;7;261;ALLEE FERDINAND LESSEPS;M;0.0;0.0;370
23068;201500025606;15;9;2;840;1;2;1;1;3;261;AVENUE ED  MICHELIN;M;0.0;0.0;370
23069;201500025607;15;9;2;1240;1;2;2;1;3;261;QUAI ANDRE MALRAUX;M;0.0;0.0;370
23070;201500025608;15;9;2;1900;1;2;1;1;1;261;PLACE DU MAL LECLERC;M;0.0;0.0;370
23071;201500025609;15;8;27;1820;1;1;1;1;6;261;BOULEVARD BERANGER;;;;370
23072;201500025610;15;9;3;954;1;2;2;1;6;261;24 AVENUE DE GRAMMONT;M;0.0;0.0;370
23073;201500025611;15;9;4;1615;1;2;1;1;6;261;40 AVENUE DE  GRAMMONT;M;0.0;0.0;370
23074;201500025612;15;9;4;1855;1;2;2;1;3;208;RUE DE LA SABOTERIE;M;0.0;0.0;370
23075;201500025613;15;9;7;820;1;2;1;1;3;195;04 RUE JULES VERNE;M;0.0;0.0;370
23076;201500025614;15;9;7;840;1;1;1;1;7;122;RD 37;M;0.0;0.0;370
23077;201500025615;15;9;7;810;1;2;1;1;7;261;PLACE DE LA  VICTOIRE;M;0.0;0.0;370
23078;201500025616;15;9;8;1300;1;2;3;1;2;208;RUE DES CICOTTEES;M;0.0;0.0;370
23079;201500025618;15;9;9;850;1;2;1;1;3;233;45  QUAI DE  LA LOIRE;M;0.0;0.0;370
23080;201500025619;15;9;9;1900;1;2;1;1;3;261;RUE ARTHUR RIMBAUD;M;0.0;0.0;370
23081;201500025620;15;9;10;800;1;2;8;1;1;122;ROUTE DE MONTS;M;0.0;0.0;370
23082;201500025621;15;9;10;827;1;2;1;1;2;261;15 QUAI DE  PORTILLON;M;0.0;0.0;370
23083;201500025622;15;9;10;1620;1;2;1;1;6;261;69 AVENUE DE  GRAMMONT;M;0.0;0.0;370
23084;201500025623;15;9;10;1530;1;2;6;1;3;261;PONT SAINT SAUVEUR;M;0.0;0.0;370
23085;201500025624;15;9;11;4;5;2;1;1;2;261;PLACE ANATOLE FRANCE;;;;370
23086;201500025625;15;9;11;1345;1;2;1;1;1;261;PLACE ANATOLE FRANCE;M;0.0;0.0;370
23087;201500025626;15;9;12;1020;1;2;1;2;7;261;57 AVENUE DE  GRAMMONT;M;0.0;0.0;370
23088;201500025627;15;9;11;2035;5;2;2;1;3;261;RUE DU GAL CHANZY;M;0.0;0.0;370
23089;201500025628;15;7;27;820;1;2;1;1;3;122;144 BD JEAN JAURES;M;0.0;0.0;370
23090;201500025629;15;9;13;2035;5;2;1;2;7;261;1 BD  HEURTELOUP;M;0.0;0.0;370
23091;201500025630;15;9;10;1955;1;2;2;1;3;208;RUE DES FONTAINES;M;0.0;0.0;370
23092;201500025631;15;9;15;2005;3;2;1;2;7;261;RUE PINGUET GUINDON;M;0.0;0.0;370
23093;201500025632;15;9;16;835;1;2;3;3;7;233;., CUGNOT (RUE JOSEPH);M;0.0;0.0;370
23094;201500025633;15;9;16;1425;1;2;2;3;7;261;RUE SEBASTOPOL;M;0.0;0.0;370
23095;201500025634;15;9;18;1537;1;2;4;3;3;122;BD DES BRETONNIERES;M;0.0;0.0;370
23096;201500025635;15;9;18;1735;1;2;7;1;6;261;PLACE FRANCOIS SICARD;M;0.0;0.0;370
23097;201500025636;15;9;18;1845;1;2;6;3;6;122;RUE DE LA GITONNIERE;M;0.0;0.0;370
23098;201500025637;15;9;19;930;1;2;1;1;2;261;ROUTE DE ROUZIERS;M;0.0;0.0;370
23099;201500025638;15;9;21;1625;1;2;1;1;7;261;52 RUE NATIONALE;M;0.0;0.0;370
23100;201500025639;15;8;27;1400;1;2;2;1;3;261;RUE  CAULAINCOURT;;;;370
23101;201500025640;15;8;27;1725;1;2;3;1;2;233;RUE HOCHE;;;;370
23102;201500025641;15;9;22;1835;1;2;2;1;2;233;BD JEAN JAURES;M;0.0;0.0;370
23103;201500025642;15;8;14;830;1;2;1;1;7;195;RUE JEAN  MOULIN;M;0.0;0.0;370
23104;201500025644;15;9;24;1915;1;2;7;1;3;261;2 PLACE CHOISEUL;M;0.0;0.0;370
23105;201500025645;15;9;25;755;1;2;1;1;7;208;AVENUE DE  BEAUGAILLARD;M;0.0;0.0;370
23106;201500025647;15;9;25;1915;1;2;2;1;3;261;RUE MICHEL COLOMBE;M;0.0;0.0;370
23107;201500025648;15;9;25;340;5;2;1;1;6;214;56 RUEDE PORTILLON;M;0.0;0.0;370
23108;201500025649;15;9;26;1800;1;2;3;1;2;261;QUAI PAUL BERT;M;0.0;0.0;370
23109;201500025650;15;9;27;600;3;1;1;1;7;122;RD 37;;;;370
23110;201500025651;15;9;27;2215;3;2;1;1;2;122;RD 37;M;0.0;0.0;370
23111;201500025653;15;9;28;850;1;2;3;1;6;261;BD WILSON CHURCHILL;M;0.0;0.0;370
23112;201500025654;15;9;28;940;1;2;1;1;1;122;RUE DE BOIS TAILHAR;M;0.0;0.0;370
23113;201500025656;15;9;28;1615;1;2;3;1;3;261;RUE DE TOURCOING;M;0.0;0.0;370
23114;201500025657;15;9;29;910;1;2;1;1;6;261;120 AVENUE DE  GRAMMONT;M;0.0;0.0;370
23115;201500025659;15;9;29;2230;5;2;2;1;3;261;RUE DU  GRAND-MARCHE;M;0.0;0.0;370
23116;201500025660;15;9;30;905;1;2;3;1;5;208;RUE DES CIGOGNES;M;0.0;0.0;370
23117;201500025661;15;9;29;1320;1;2;1;1;3;261;RUE AUGUSTE CHEVALLIER;M;0.0;0.0;370
23118;201500025662;15;9;30;1354;1;2;1;1;7;261;86 BD THIERS;M;0.0;0.0;370
23119;201500025663;15;9;30;1910;1;2;2;1;3;261;RUE DE METZ;M;0.0;0.0;370
23120;201500025664;15;8;9;1015;1;1;1;3;7;122;RD 37;M;0.0;0.0;370
23121;201500025665;15;10;1;1255;1;2;2;1;6;122;BD JEAN JAURES;M;0.0;0.0;370
23122;201500025666;15;10;1;1430;1;2;3;1;3;261;BD HEURTELOUP;;;;370
23123;201500025667;15;10;1;1834;1;2;1;1;6;261;20 BIS ROUGET DE L'ISLE;M;0.0;0.0;370
23124;201500025668;15;10;1;2155;5;2;1;1;1;261;64 RUE  RONSARD;M;0.0;0.0;370
23125;201500025669;15;10;2;825;1;2;2;1;3;233;RUE MAURICE  BEAUFILS;M;0.0;0.0;370
23126;201500025670;15;9;18;1657;1;2;1;2;2;261;51 AVENUE DE PONT CHER;M;0.0;0.0;370
23127;201500025671;15;10;2;1440;1;2;1;1;3;261;134 BD HEURTELOUP;M;0.0;0.0;370