;Num_Acc;an;mois;jour;hrmn;lum;agg;int;atm;col;com;adr;gps;lat;long;dep
23128;201500025672;15;10;2;1755;1;2;1;1;2;122;RUE DU  PONT CHER;M;0.0;0.0;370
23129;201500025674;15;10;6;815;1;2;1;1;2;122;ROUTE DE MONTS;M;0.0;0.0;370
23130;201500025675;15;10;8;1754;1;2;2;1;3;261;BD MARCHANT DU PLESSIS;M;0.0;0.0;370
23131;201500025676;15;10;11;340;3;2;1;1;4;261;RD 37;M;0.0;0.0;370
23132;201500025677;15;10;11;530;5;2;1;1;6;261;PLACE JEAN JAURES;M;0.0;0.0;370
23133;201500025678;15;10;12;540;5;2;3;1;1;233;AVENUE JACQUES DUCLOS;M;0.0;0.0;370
23134;201500025679;15;10;13;525;5;2;6;1;3;261;AVENUE  DU DANEMARK;M;0.0;0.0;370
23135;201500025680;15;10;13;820;1;2;1;1;3;261;107  RUE GIRAUDEAU;M;0.0;0.0;370
23136;201500025682;15;10;13;2020;5;2;3;1;1;261;AVENUE PORTALIS;M;0.0;0.0;370
23137;201500025683;15;10;15;2138;5;2;2;1;1;122;RUE DES MARTYRS;M;0.0;0.0;370
23138;201500025684;15;10;15;1210;1;2;1;1;6;261;9 R  COMMANDANT BOURGOIN;M;0.0;0.0;370
23139;201500025685;15;10;16;1115;1;2;3;8;3;233;175bis, HONORE BALZAC;;;;370
23140;201500025686;15;10;12;1129;1;1;9;1;5;261;RD 37;M;0.0;0.0;370
23141;201500025687;15;10;16;2050;5;2;1;1;6;261;191 RUE ED   VAILLANT;M;0.0;0.0;370
23142;201500025688;15;10;17;720;5;2;1;1;6;233;6 QUAI DE LA LOIRE;M;0.0;0.0;370
23143;201500025689;15;10;17;1855;2;2;1;1;2;261;PONT SAINT SAUVEUR;M;0.0;0.0;370
23144;201500025690;15;10;19;735;1;1;1;1;5;195;PERIPHERIQUE OUEST;M;0.0;0.0;370
23145;201500025691;15;10;19;1558;1;2;1;1;3;261;26 RUE GEORGES MELIES;M;0.0;0.0;370
23146;201500025692;15;10;19;2145;5;2;1;1;1;195;RD 88;M;0.0;0.0;370
23147;201500025693;15;10;20;1300;1;1;1;1;7;208;RUE DE  ROCHEPINARD;M;0.0;0.0;370
23148;201500025694;15;10;20;1613;1;2;1;1;6;233;82 AVENUE  REPUBLIQUE;M;0.0;0.0;370
23149;201500025695;15;10;21;1220;1;2;1;1;3;261;34 AV  MAGINOT;M;0.0;0.0;370
23150;201500025696;15;8;5;1430;1;1;1;1;6;122;RUE JOSEPH CUGNOT;;;;370
23151;201500025697;15;10;22;1945;5;2;2;2;6;122;AVENUE DE BORDEAUX;M;0.0;0.0;370
23152;201500025699;15;10;26;1435;1;1;1;1;2;195;BOULEVARD LOUIS XI;M;0.0;0.0;370
23153;201500025700;15;10;27;710;1;2;2;1;3;261;RUE CHOPIN;;;;370
23154;201500025701;15;10;27;1945;5;2;6;2;2;261;BD WINSTON CHURCHILL;M;0.0;0.0;370
23155;201500025702;15;10;27;1900;3;1;1;2;5;233;AVENUE JACQUE DUCLOS;M;0.0;0.0;370
23156;201500025703;15;10;28;1222;1;2;3;1;1;261;2 RUE GEORGES MELIES;M;0.0;0.0;370
23157;201500025704;15;10;28;1350;1;2;1;1;3;261;QUAI ANDRE MALRAUX;M;0.0;0.0;370
23158;201500025705;15;8;28;2140;5;2;1;1;3;122;JEAN JAURES;;;;370
23159;201500025706;15;9;29;2055;5;2;6;1;7;261;LES FRANCAIS LIBRES;M;0.0;0.0;370
23160;201500025707;15;10;29;2055;5;2;6;1;7;261;FRANCAIS LIBRES;M;0.0;0.0;370
23161;201500025708;15;10;29;1500;1;2;1;1;4;261;121 BD HEURTELOUP;M;0.0;0.0;370
23162;201500025709;15;11;1;1500;1;2;1;1;7;233;107 RUE DE   RABATERIE;;;;370
23163;201500025710;15;11;2;1225;1;2;1;1;1;261;7 RUE PIERRE  LEPAGE;M;4742817.0;69098.0;370
23164;201500025711;15;11;2;1410;1;2;1;1;6;261;31 AVENUE  MONGE;M;4735771.0;70212.0;370
23165;201500025712;15;11;2;1605;1;2;1;1;6;261;247 RUE DES DOUETS;M;4743456.0;67789.0;370
23166;201500025713;15;11;2;1810;5;2;1;1;6;122;17 RUE JULES FERRY;;;;370
23167;201500025714;15;11;3;755;1;1;3;1;3;233;QUAI DE LA LOIRE;M;4739669.0;72651.0;370
23168;201500025716;15;11;4;1335;1;2;1;1;6;261;104 RUE  NATIONALE;M;;;370
23169;201500025717;15;11;5;800;1;2;6;1;3;233;RUE VAILLANT COUTURIER;M;4739287.0;71595.0;370
23170;201500025718;15;11;5;1115;1;1;1;1;7;233;CHEMIN DE LA MORINERIE;M;4739418.0;75131.0;370
23171;201500025719;15;11;5;1250;1;2;3;1;3;122;2 RUE DU MARECHAL  FOCH;M;;;370
23172;201500025720;15;11;5;1710;1;1;1;1;7;261;BD DU MAL  JUIN;M;;;370
23173;201500025721;15;11;6;850;1;2;1;2;7;122;RUE DE LA BERGEONNERIE;M;;;370
23174;201500025722;15;11;4;1740;5;2;1;2;4;233;QUAI DE LA  LOIRE;M;4739697.0;70658.0;370
23175;201500025723;15;11;6;630;2;2;1;2;7;261;RUE DES  BORDIERS;M;;;370
23176;201500025724;15;11;6;1730;2;2;3;8;3;261;RUE DE NARVIK;M;4742298.0;69159.0;370
23177;201500025725;15;11;8;820;1;1;1;1;7;214;BD CHARLES DE GAULLE;M;4742925.0;64381.0;370
23178;201500025726;15;11;9;840;1;2;1;1;3;261;9 RUE DU CMDT BOURGOIN;M;4739412.0;67162.0;370
23179;201500025727;15;11;9;1810;5;2;3;1;1;261;RUE JEANNE WEDELLS;M;4740598.0;71179.0;370
23180;201500025728;15;11;10;755;1;2;2;1;6;261;BD JEAN ROYER;M;4738141.0;68318.0;370
23181;201500025729;15;11;10;1750;5;2;2;1;3;261;BD JEAN ROYER;M;4738029.0;68935.0;370
23182;201500025730;15;11;11;1940;5;2;1;1;6;261;41, GILLES (RUE CHARLES);M;;;370
23183;201500025731;15;11;12;920;1;2;1;1;7;122;2 RUE DU MAL  FOCH;M;;;370
23184;201500025732;15;11;12;1310;1;2;3;1;1;122;50 BD DE  CHINON;M;4735380.0;69282.0;370
23185;201500025733;15;11;12;1810;5;2;1;1;7;261;3 BD RICHARD  WAGNER;M;4737403.0;69622.0;370
23186;201500025734;15;11;17;920;1;2;6;2;7;261;JEAN LE RESTE;M;0.0;0.0;370
23187;201500025735;15;11;17;1010;1;2;6;2;7;214;2 RUE HENRI LEBRUN;M;0.0;0.0;370
23188;201500025736;15;11;17;1045;1;2;6;2;7;214;191 BD CHARLESDE GAULLE;M;0.0;0.0;370
23189;201500025737;15;11;17;1730;5;2;2;1;3;208;102   CICOTTEES/ CURIE;M;0.0;0.0;370
23190;201500025739;15;11;17;2000;5;2;1;1;6;261;89  RUE DE LAFUYE;M;0.0;0.0;370
23191;201500025740;15;11;18;1740;5;2;1;2;6;261;RUE  NATIONALE  FACE FNA;M;0.0;0.0;370
23192;201500025741;15;11;19;1820;5;2;6;2;3;261;AV GUSTAVE EIFFEL;M;0.0;0.0;370
23193;201500025742;15;11;19;1855;5;2;1;2;7;261;AVENUE  PROUDHON;M;0.0;0.0;370
23194;201500025743;15;11;20;500;5;2;1;2;6;261;RUE CHRISTIAN HUYGENS;M;0.0;0.0;370
23195;201500025744;15;11;20;1730;2;1;1;2;6;261;AVENUE DE L'ALOUETTE;M;0.0;0.0;370
23196;201500025745;15;11;20;1750;5;2;1;2;2;261;AVENUE GUSTVE EIFFEL;M;0.0;0.0;370
23197;201500025746;15;11;23;755;5;2;2;5;6;122;BD JEAN JAURES;M;0.0;0.0;370
23198;201500025747;15;11;25;1835;5;2;9;2;6;261;10 RUE DU  CHEMIN VERT;M;0.0;0.0;370
23199;201500025748;15;10;8;1800;1;2;6;1;7;208;AVENUE DE BEAUGAILLARD;;;;370
23200;201500025749;15;11;27;1030;1;1;1;1;2;261;BOULEVARDABEL GANCE;M;0.0;0.0;370
23201;201500025750;15;11;28;1425;1;2;1;1;3;233;2 RUE DES  ATELIERS;M;0.0;0.0;370
23202;201500025751;15;10;19;757;2;2;6;1;7;261;AVENUE DU DANEMARK;M;0.0;0.0;370
23203;201500025752;15;11;25;1025;1;1;1;1;6;261;6 SQUARE FRANCI POULENC;M;0.0;0.0;370
23204;201500025753;15;11;28;1220;1;2;3;1;6;261;69 RUE DE LA  FUYE;M;0.0;0.0;370
23205;201500025754;15;10;12;715;2;2;1;1;7;261;AV GEORGES POMPIDOU;M;0.0;0.0;370
23206;201500025755;15;11;24;1040;1;2;6;2;7;261;ROND POINT JACQUE MONOD;M;0.0;0.0;370
23207;201500025756;15;11;29;1940;5;2;1;8;7;261;30 RUE NATIONALE;M;0.0;0.0;370
23208;201500025757;15;11;30;640;2;2;2;1;3;261;RUE  ENTRAIGUES/GIRODEAU;M;0.0;0.0;370
23209;201500025758;15;12;1;810;1;2;3;1;1;261;RUE DE LA FUYE;M;0.0;0.0;370
23210;201500025759;15;12;1;915;1;2;1;1;3;261;107 RUE PAS NOTRE-DAME;M;4740936.0;69481.0;370
23211;201500025760;15;12;1;1800;5;2;1;1;6;261;BD LOUIS XI;M;0.0;0.0;370
23212;201500025761;15;12;2;740;5;2;3;1;3;261;RUE  DANIEL MAYER;;;;370
23213;201500025763;15;12;3;900;1;2;6;1;3;233;RUE DE LA  BRETECHE;M;0.0;0.0;370
23214;201500025766;15;11;29;1136;1;2;3;1;1;261;261  RUE GIRAUDEAU;;;;370
23215;201500025767;15;11;17;1210;1;2;2;1;6;261;31 BD DU MAL JUIN;M;0.0;0.0;370
23216;201500025769;15;12;5;1430;1;2;1;1;4;261;PONT D ARCOLE;M;0.0;0.0;370
23217;201500025770;15;12;5;2255;5;2;6;1;6;233;92, LANGEVIN (BOULEVARD;M;4739185.0;73278.0;370
23218;201500025771;15;12;5;1650;1;2;1;1;6;122;6 RUE DE  BONDONNIERE;M;0.0;0.0;370
23219;201500025772;15;12;4;1305;1;2;1;1;6;261;70 RUE  MARCEAU;M;0.0;0.0;370
23220;201500025773;15;12;7;1030;1;2;1;1;6;261;16/18 BD BERANGER;M;0.0;0.0;370
23221;201500025775;15;12;7;1745;5;2;3;1;3;261;267 RUE  GIRAUDEAU;;;;370
23222;201500025776;15;12;8;1420;1;2;6;3;7;261;AVENUE DU DANEMARK;M;0.0;0.0;370
23223;201500025777;15;12;8;1400;1;2;3;3;2;208;348 RUE DE  CORMERY;M;0.0;0.0;370
23224;201500025780;15;12;9;1530;1;2;2;1;3;261;BD JEAN ROYER;M;0.0;0.0;370
23225;201500025781;15;12;9;1600;1;2;1;1;7;261;RUE PENAIGRIER;;;;370
23226;201500025782;15;12;9;1755;3;1;3;1;3;214;ROUTE DE ROUZIERS;M;0.0;0.0;370
23227;201500025783;15;12;10;715;5;2;6;5;2;208;RUE DES GRANGES GALANT;M;0.0;0.0;370
23228;201500025784;15;12;10;740;2;2;1;5;6;122;10 BD DE CHINON;M;0.0;0.0;370
23229;201500025785;15;12;10;1515;1;1;1;1;3;233;46 AVENUE DE REPUBLIQUE;M;;;370
23230;201500025786;15;12;10;1910;5;2;1;5;7;261;38  AVENUE DE REPUBLIQUE;M;0.0;0.0;370
23231;201500025787;15;12;11;725;5;2;1;1;3;261;51 RUE GIRAUDEAU;M;0.0;0.0;370
23232;201500025788;15;12;11;1330;1;2;1;1;2;261;12 PLACE GASTON PAILHOU;M;;;370
23233;201500025789;15;12;11;1450;1;1;1;1;6;122;RD 37;M;0.0;0.0;370
23234;201500025790;15;12;11;1720;2;2;1;2;6;261;4 RUE EMILE ZOLA;M;0.0;0.0;370
23235;201500025791;15;12;12;1540;1;2;1;8;2;261;11 AV MARCEL DASSAULT;;;;370
23236;201500025792;15;12;12;1805;5;2;1;1;1;261;114 BD HEURTELOUP;;;;370
23237;201500025793;15;12;12;2130;3;2;1;5;6;122;ROUTE DE SAVONNIERES;M;0.0;0.0;370
23238;201500025794;15;12;13;45;5;2;1;5;7;233;RUE DES GRANDS MORTIERS;M;0.0;0.0;370
23239;201500025795;15;12;7;815;1;2;2;1;3;122;RUE FREYSSINET;M;0.0;0.0;370
23240;201500025796;15;12;1;815;1;2;1;1;7;261;CARREFOUR DE L ALOUETTE;;;;370
23241;201500025797;15;12;13;1523;1;2;1;1;7;195;RD 88;M;0.0;0.0;370
23242;201500025798;15;12;13;1709;2;2;1;1;6;261;RUE FRANçOIS RICHER;M;0.0;0.0;370
23243;201500025800;15;12;15;1510;1;2;1;2;6;261;RUE GEORGES COURTELINE;M;0.0;0.0;370
23244;201500025801;15;12;15;1640;2;2;1;3;6;208;56 AV DU GAL DE GAULLE;M;0.0;0.0;370
23245;201500025802;15;12;17;745;2;2;3;1;2;233;DUCLOS (AVENUE JACQUES);M;4737733.0;71539.0;370
23246;201500025803;15;12;17;900;1;1;1;1;7;261;RD 37;M;4738028.0;67945.0;370
23247;201500025804;15;11;17;1845;3;2;1;2;3;208;27  RUE DE CORMERY;M;0.0;0.0;370
23248;201500025805;15;11;11;1350;1;2;1;1;6;214;22 BD CHARLE DE GAULLE;M;4742145.0;66079.0;370
23249;201500025806;15;12;17;2252;5;2;3;8;7;214;"""."", GAGNERIE (RUE DE LA";M;4742790.0;64325.0;370
23250;201500025807;15;12;18;1050;1;2;1;1;6;122;125, JEAN JAURES;M;4734849.0;66000.0;370
23251;201500025808;15;12;19;1555;1;2;9;1;6;261;., EIFFEL (AVENUE GUSTAV;M;4742670.0;69780.0;370
23252;201500025810;15;12;20;820;1;2;1;1;2;261;06 RUE JULES VERNE;M;4737582.0;69390.0;370
23253;201500025811;15;12;23;723;3;2;6;1;7;261;GANCE (BOULEVARD ABEL);M;4740416.0;72388.0;370
23254;201500025812;15;12;23;900;1;2;1;8;7;261;6 RUE  NOUVEAU CALVAIRE;M;0.0;0.0;370
23255;201500025813;15;12;23;1010;1;2;6;1;6;214;VOISIN (BOULEVARD ANDRE-;M;4741666.0;65972.0;370
23256;201500025814;15;12;24;1610;1;2;2;1;3;122;51, MARTYRS (RUE DES);M;4735163.0;66518.0;370
23257;201500025815;15;12;26;2105;5;2;1;1;4;261;165 RUE FEBVOTTE;;;;370
23258;201500025816;15;12;28;840;1;2;6;1;7;261;ROND POINT EMMAUS;M;4743026.0;70444.0;370
23259;201500025817;15;12;28;725;5;2;6;1;7;261;ROND POINT EMMAUS;M;4743034.0;70478.0;370
23260;201500025818;15;12;28;1550;1;2;1;1;7;214;0, DE GAULLE (BD CHARLES;M;4742236.0;65951.0;370
23261;201500025819;15;12;29;1255;1;1;1;1;3;261;30, GIRAUDEAU (RUE);M;4738722.0;67654.0;370
23262;201500025820;15;12;28;1924;5;2;1;1;3;233;0, DUCLOS (AVENUE JACQUE;M;4738106.0;73542.0;370
23263;201500025821;15;12;30;2300;5;2;3;2;6;233;"""."", EPINES FORTES (PONT";M;4739258.0;74205.0;370
23264;201500025822;15;12;12;1356;1;2;1;8;6;233;RUE FABIENNE LANDY;;;;370
23265;201500025823;15;12;31;1325;1;1;1;1;6;261;48, NATIONALE (RUE);M;4739391.0;68724.0;370
23266;201500025824;15;1;31;3;2;2;1;1;7;261;RUE NATIONALE;;;;370
23267;201500025825;15;1;20;1550;1;2;1;1;6;122;15 RUE LAVOISIER;;;;370
23268;201500025826;15;2;14;1431;1;2;1;1;2;122;BD DE CHINON;;;;370
23269;201500025827;15;1;16;800;2;2;1;1;7;261;270 RUE DU GAL RENAULT;;;;370
23270;201500025829;15;5;5;1355;1;2;1;1;3;53;D 1006;M;;;380
23271;201500025830;15;2;12;915;1;2;2;1;6;53;ETISSEY;;;;380
23272;201500025831;15;5;17;1535;1;2;1;1;1;53;1, PONT ROUGE;M;4559560.0;526010.0;380
23273;201500025832;15;2;13;2350;5;2;1;2;1;53;123, LIBERATION;;;;380
23274;201500025833;15;6;11;420;5;2;1;1;2;53;21 av ITALIE;M;4558461.0;527820.0;380
23275;201500025834;15;2;18;1930;5;2;1;1;6;53;CHARLIE CHAPLIN (PLA);;;;380
23276;201500025835;15;6;30;1000;1;2;3;1;6;53;2 av du Mal LECLERC;M;4558513.0;528115.0;380
23277;201500025836;15;3;27;750;1;2;2;1;3;53;BARBUSSE;;;;380
23278;201500025837;15;9;3;2053;5;2;1;1;3;53;ALSACE LORRAINE;M;4558554.0;526934.0;380
23279;201500025838;15;4;7;1200;1;2;9;1;3;53;15, ASIMOV (ISAAC);;;;380
23280;201500025839;15;9;12;845;1;2;1;1;6;53;40, ALPES;M;4558513.0;527382.0;380
23281;201500025840;15;4;21;910;1;2;1;1;7;53;SAINT MICHEL (BLD);;;;380
23282;201500025841;15;9;24;1000;1;2;1;1;6;53;14, ROSIERE (CHE DE);M;4559449.0;529459.0;380
23283;201500025842;15;5;1;1635;1;2;2;3;3;53;GENIN (AMBROISE);M;4558507.0;527326.0;380
23284;201500025843;15;11;3;1830;5;2;1;1;2;53;15 av BARBUSSE;M;4559725.0;526812.0;380
23285;201500025844;15;11;18;835;1;2;2;1;6;53;TIXIER (AVENUE);;;;380
23286;201500025845;15;12;16;1000;1;2;1;1;5;53;29, BOURBRE (QUAI);M;4559772.0;527513.0;380
23287;201500025846;15;11;19;1147;1;2;1;1;1;53;0, SAINT MICHEL (BLD);M;4558920.0;527579.0;380
23288;201500025847;15;12;16;1220;1;2;1;1;3;53;BRAILLE (LOUIS);M;4559408.0;523905.0;380
23289;201500025848;15;1;2;1530;1;2;1;1;6;421;AVENUE DU 8 MAI 1945;M;4517062.0;575656.0;380
23290;201500025849;15;3;16;1310;1;1;1;1;6;185;PISTE CYCLABLE DU DRAC;M;4516557.0;570140.0;380
23291;201500025850;15;12;31;1210;1;2;1;1;6;185;28 R BERTHE DE BOISSIEUX;M;4518368.0;572198.0;380
23292;201500025851;15;3;28;2250;5;2;9;2;6;185;24 PL PAUL VALLIER;M;4518602.0;573271.0;380
23293;201500025852;15;12;31;1700;1;2;1;1;6;151;RUE DE NORMANDIE;M;4515850.0;572179.0;380
23294;201500025853;15;1;2;1905;4;2;1;1;6;185;7 CRS DE LA LIBERATION;M;4517947.0;571622.0;380
23295;201500025854;15;4;1;1900;1;2;2;1;6;423;AV G LECLERC/c killian;M;4520834.0;570623.0;380
23296;201500025855;15;1;6;925;1;2;1;1;6;185;27 ANCIENNE RTE DE LYON;M;4519971.0;571789.0;380
23297;201500025856;15;4;4;1000;1;2;2;1;3;185;STALINGRAD/FERRIE;M;4517530.0;572554.0;380
23298;201500025857;15;1;12;625;5;2;1;1;2;421;RUE HENRI WALLON;;;;380
23299;201500025860;15;4;19;2025;5;1;3;1;3;179;00, RN 87;M;4518163.0;577991.0;380
23300;201500025861;15;1;17;946;1;2;1;3;6;421;RUE DU PRe RUFFIER;M;4516927.0;575244.0;380
23301;201500025862;15;4;22;1430;1;2;1;1;6;169;110, RUE HENRI ROUDET;M;4519116.0;568302.0;380
23302;201500025864;15;4;23;1425;1;2;1;1;6;185;43, BOULEVARD CLEMENCEAU;M;4518372.0;573893.0;380
23303;201500025865;15;1;24;710;2;2;1;1;6;185;20, BD JOSEPH VALLIER;M;4518029.0;571268.0;380
23304;201500025866;15;4;28;1905;1;2;1;1;6;185;56, BOULEVARD DE L'ESPLA;M;4519811.0;571733.0;380
23305;201500025867;15;1;27;1400;1;2;2;1;6;185;RUE DE PARIS;;;;380
23306;201500025868;15;4;30;2140;5;2;2;1;6;185;., BOULEVARD AGUTTE SEMB;;;;380
23307;201500025869;15;1;30;1820;5;2;1;1;6;185;18, AVENUE JEAN PERROT;M;4517960.0;573541.0;380
23308;201500025871;15;1;31;1640;1;1;1;1;2;423;A 48 PK 96;M;4520717.0;570532.0;380
23309;201500025872;15;5;7;850;1;2;3;1;3;185;MONTORGE/BELGRADE;M;4519142.0;572511.0;380
23310;201500025873;15;2;12;1510;1;2;1;1;6;185;5, RUE DE TURENNE;M;4518487.0;572167.0;380
23311;201500025874;15;5;5;1338;1;2;1;1;6;185;38 RUE DES EAUX CLAIRES;M;4517621.0;570919.0;380
23312;201500025875;15;2;16;1015;1;2;1;1;6;185;23, Bd JOSEPH VALlier;M;4518007.0;571160.0;380
23313;201500025876;15;5;7;2035;1;2;3;1;3;151;AVENUE PAUL VAILLANT-COU;M;4514945.0;570032.0;380
23314;201500025877;15;2;18;1700;1;2;2;1;6;169;R J BERTOIN/DE SASSENAGE;M;4519885.0;568213.0;380
23315;201500025878;15;5;8;1700;1;2;3;2;3;185;RHIN ET DANUBE (AVENUE);M;4517303.0;570507.0;380
23316;201500025879;15;2;19;1305;1;1;4;1;6;229;A41 inter N87;M;4520560.0;578929.0;380
23317;201500025880;15;5;9;1940;1;1;1;1;6;185;2 r BERTHE DE BOISSIEUX;M;4518480.0;572533.0;380
23318;201500025881;15;2;21;55;5;2;1;1;6;185;20, BOULEVARD JOSEPH VAL;;;;380
23319;201500025882;15;5;10;1120;1;2;2;1;6;185;CRS JEAN JAUReS/berriat;M;4518800.0;571904.0;380
23320;201500025883;15;2;26;845;1;2;6;1;7;516;BOULEVARD DE LA CHANTOUR;M;4519699.0;574870.0;380
23321;201500025884;15;5;11;840;1;2;2;1;6;421;19 R VOLTAIRE/rostang;M;4517325.0;575502.0;380
23322;201500025885;15;2;27;1730;1;2;1;2;6;179;30, GRAND'RUE;M;4518176.0;579163.0;380
23323;201500025886;15;5;22;1949;1;2;2;1;3;185;R DR SCHWEITZEr/dunant;M;4517488.0;570852.0;380
23324;201500025888;15;5;24;1810;1;1;1;1;3;423;2354 RTE DE CLÉMENCIÈre;M;4521512.0;571915.0;380
23325;201500025889;15;3;2;1550;1;2;1;1;6;185;R RAOUL BLANCHARD TRAM;M;4519014.0;572866.0;380
23326;201500025891;15;3;3;1130;1;2;1;1;6;185;COURS JEAN JAURÈS;;;;380
23327;201500025892;15;5;29;805;1;2;1;1;3;185;117 r de STALINGRAD;M;4517116.0;572395.0;380
23328;201500025893;15;3;6;1110;1;2;1;1;6;185;00, PLACE DE VERDUN;;;;380
23329;201500025894;15;6;2;1700;1;2;1;1;6;185;114 av JEAN PERROT;M;4517013.0;574019.0;380
23330;201500025895;15;3;7;1900;5;2;2;1;6;185;R DE STALINGRAD/JACQUARD;M;4517462.0;572517.0;380
23331;201500025896;15;6;3;2115;1;2;6;1;6;151;RD-PT PIERRE ET MARie cu;M;4515972.0;571987.0;380
23332;201500025898;15;6;9;1150;1;2;3;1;3;185;av RHIN DANUBE/l michel;M;4516804.0;570485.0;380
23333;201500025899;15;3;12;1830;1;2;1;1;6;185;26, BOULEVARD GAMBETTA;;;;380
23334;201500025900;15;6;10;1115;1;2;1;1;6;185;20, MARECHAL JOFFRE (BOU;M;4518258.0;572842.0;380
23335;201500025901;15;3;15;1500;1;2;1;1;6;185;39, RUE CASIMIR BRENIER;M;4519129.0;571567.0;380
23336;201500025903;15;6;18;1824;1;2;1;1;6;151;8, RUE DE L'ÉCUREUIL;M;4514379.0;570253.0;380
23337;201500025904;15;6;19;1650;1;2;2;1;6;185;RUE ABBÉ GRÉGOIRE;M;4518568.0;571215.0;380
23338;201500025905;15;6;19;1930;1;2;3;1;3;169;RUE GABRIEL PÉRI;;;;380
23339;201500025906;15;6;25;820;1;2;1;1;6;185;., REYNOARD (AV. M.);;;;380
23340;201500025907;15;7;1;1;5;2;2;1;3;169;AVENUE DU VERCORS;M;4519238.0;569654.0;380
23341;201500025908;15;7;1;1040;1;2;1;1;6;151;8, MOUCHEROTTE (PLACE DE;M;4515024.0;569385.0;380
23342;201500025910;15;7;5;825;1;1;1;1;6;179;RN 87;M;4519934.0;578053.0;380
23343;201500025911;15;7;7;1425;1;2;2;1;3;185;4, RUE JOSEPH CHANRION;M;4519074.0;573584.0;380
23344;201500025912;15;7;8;1636;1;2;1;1;6;185;91 CRS LIBERATION;M;4517245.0;571389.0;380
23345;201500025913;15;7;9;1825;1;2;9;1;6;185;22, AVENUE ALBERT REYNIE;M;4516685.0;570623.0;380
23346;201500025914;15;7;10;400;3;2;1;1;7;421;28, ROUTE DES MAQUIS;M;4517653.0;577889.0;380
23347;201500025915;15;7;11;1630;1;2;1;1;6;185;GENERAL MARCHAND (RUE);M;4519005.0;573105.0;380
23348;201500025916;15;7;15;2132;2;2;1;1;6;421;BOULEVARD DULCIE SEPTEMB;M;4516603.0;575821.0;380
23349;201500025917;15;7;16;1200;1;1;1;1;6;185;RUE SAINT-LAURENT;;;;380
23350;201500025918;15;7;20;1100;1;1;1;1;1;151;RUE DE COMBOIRE;M;4514132.0;569112.0;380
23351;201500025919;15;7;23;1400;1;2;1;1;6;516;18 CH DE LA BASTILLE;M;4520411.0;573521.0;380
23352;201500025920;15;8;5;10;5;2;1;1;3;185;., MARECHAL FOCH (BOULEV;M;4518090.0;572293.0;380
23353;201500025922;15;8;8;925;1;2;2;1;3;185;., QUAI STÉPHANE JAY;M;4519271.0;572414.0;380
23354;201500025923;15;8;22;1045;1;2;3;1;1;151;AVENUE DE GRUGLIASCO;M;4514406.0;571868.0;380
23355;201500025924;15;8;27;1445;1;2;1;1;4;516;11, CHANTOURNE (BOULEVAR;M;4519748.0;574633.0;380
23356;201500025926;15;8;30;535;3;2;1;1;6;185;RUE DU 19 MARS 1962;M;4519111.0;573867.0;380
23357;201500025927;15;9;5;1530;1;2;1;1;6;185;86, RUE LÉON JOUHAUX;M;4517563.0;574415.0;380
23358;201500025928;15;9;9;505;5;2;2;1;6;185;BOULEVARD MARÉCHAL JOFFR;;;;380
23359;201500025929;15;9;15;930;1;2;1;1;6;421;63, AVENUE DE ZELLA MEHL;M;4516675.0;575371.0;380
23360;201500025930;15;9;15;1400;1;2;2;1;6;185;PLACE ARISTIDE BRIAND;M;4519419.0;571894.0;380
23361;201500025931;15;9;17;1530;1;1;1;1;6;185;RN87;M;4520370.0;578303.0;380
23362;201500025932;15;9;18;845;1;2;1;1;6;185;117 RUE DES ALLIÉS;M;4517348.0;571783.0;380
23363;201500025933;15;9;19;2235;4;2;1;9;2;185;MARECHAL FOCH (BOULEVARD;M;4518075.0;572292.0;380
23364;201500025934;15;9;20;145;4;2;2;1;3;185;., JOSEPH VALLIER (BOULE;M;4518022.0;571018.0;380
23365;201500025935;15;9;21;1905;1;2;1;1;3;185;110, AVENUE JEAN PERROT;M;4517136.0;573948.0;380
23366;201500025936;15;9;28;1115;1;2;1;1;3;185;140, AVENUE LÉON BLUM;M;4516153.0;571540.0;380
23367;201500025937;15;9;29;1025;1;2;1;1;6;185;62, AMPERE (RUE );M;4518769.0;570585.0;380
23368;201500025938;15;10;1;1355;1;2;1;1;6;421;ROCADE SUD;M;4516229.0;575381.0;380
23369;201500025939;15;10;6;1053;1;2;1;1;6;185;av p VERLAINE;M;4516227.0;571522.0;380
23370;201500025940;15;10;6;1210;1;2;6;1;7;185;AVENUE EDMOND ESMONIN;M;4515988.0;572122.0;380
23371;201500025941;15;10;7;1610;1;2;1;1;6;169;RUE PIERRE COURTADE;M;4519727.0;567413.0;380
23372;201500025942;15;10;14;1000;1;2;2;1;3;185;CdT L'HERMINI/tres cloit;M;4519206.0;573476.0;380
23373;201500025943;15;10;20;950;1;2;1;1;6;185;3, THIERS (RUE);M;4518857.0;572239.0;380
23374;201500025944;15;10;21;1220;1;2;2;8;6;185;bd FOCH / r LANOYERIE;M;4518069.0;571957.0;380
23375;201500025945;15;10;21;1800;1;2;3;8;6;185;r ANAT FRANCE/schweitzer;M;4517235.0;570770.0;380
23376;201500025946;15;10;22;915;1;2;2;1;3;185;MAR BERTHELOT/peretto;M;4517657.0;573168.0;380
23377;201500025947;15;10;27;1750;1;2;2;1;6;185;6 av j PERROT/clemenceau;M;4518208.0;573421.0;380
23378;201500025949;15;10;30;500;5;2;2;1;3;185;BERTHELOT/MALLIFAUD;M;4518062.0;573180.0;380
23379;201500025950;15;10;31;645;2;2;2;1;3;185;BD MAL FOCH/G RIVET;M;4518184.0;572744.0;380
23380;201500025951;15;11;2;920;1;2;1;1;6;185;1, RUE CHARLES LORY;M;4518102.0;571541.0;380