;Num_Acc;an;mois;jour;hrmn;lum;agg;int;atm;col;com;adr;gps;lat;long;dep
23381;201500025952;15;11;6;1050;1;1;9;1;6;421;Bd DULCIE SEPT/bret N87;M;4516651.0;575764.0;380
23382;201500025953;15;11;6;1400;1;2;1;1;6;185;00, RUE NICOLAS CHORIER;M;4518579.0;571263.0;380
23383;201500025954;15;11;7;1600;1;2;1;1;3;151;38 COURS JEAN JAURÈS;M;4515424.0;570762.0;380
23384;201500025955;15;11;7;1915;5;2;1;1;6;185;22, GAMBETTA (BOULEVARD);M;4518712.0;572376.0;380
23385;201500025956;15;11;8;1415;1;2;2;1;3;185;R MARX DORMOY/ALEMBERT;M;4518728.0;571098.0;380
23386;201500025957;15;11;10;1800;1;1;1;1;2;185;RN87;M;4515182.0;573801.0;380
23387;201500025958;15;11;18;2115;5;2;1;1;6;179;AVENUE DE VIGNATE;M;4519076.0;577836.0;380
23388;201500025959;15;11;20;1715;2;2;1;8;6;421;106 AV MARCEL CACHIN;M;4516340.0;575162.0;380
23389;201500025960;15;11;25;1520;1;2;1;2;6;185;18, CHEMIN ROBESPIERRE;M;4517287.0;575019.0;380
23390;201500025961;15;11;26;915;1;2;2;2;6;185;25 R DES DÉPORTÉS/P BOUR;M;4517811.0;572753.0;380
23391;201500025962;15;11;27;1300;1;2;2;1;1;185;R ESCLANGON/DIDEROT;M;4519070.0;570468.0;380
23392;201500025964;15;12;1;1725;2;2;2;1;3;169;R GABRIEL PÉRI/BRIAND;M;4518909.0;569890.0;380
23393;201500025966;15;12;5;2340;3;2;1;1;6;151;RN 87 PK 3+850;M;4515363.0;574310.0;380
23394;201500025967;15;12;7;1820;2;1;1;1;2;151;RN 87 PR 1+700;M;4515710.0;571252.0;380
23395;201500025968;15;12;8;1035;1;2;1;1;6;185;PLACE PASTEUR;M;4518379.0;573112.0;380
23396;201500025969;15;12;10;1010;1;2;1;1;6;421;68, RUE DES TAILLÉES;M;4519259.0;575379.0;380
23397;201500025970;15;12;12;1650;3;2;1;1;6;151;4 B, QUAI JEAN FAURE;M;4515266.0;570056.0;380
23398;201500025971;15;12;16;1820;3;1;4;1;6;185;A 480 PK 11+700;M;4520615.0;568891.0;380
23399;201500025973;15;3;14;855;1;1;1;1;1;544;CD 41;M;4552558.0;488333.0;380
23400;201500025974;15;11;22;759;2;2;1;1;6;544;CD 41;M;4551989.0;489546.0;380
23401;201500025975;15;3;7;905;1;2;1;1;3;544;17 r VICTOR HUGO;M;4552507.0;487731.0;380
23402;201500025976;15;4;1;1230;1;1;1;1;6;544;15 Av J DE LA FONTAINE;M;4551477.0;491596.0;380
23403;201500025977;15;10;10;1520;1;1;1;1;7;544;CD 41;M;4551986.0;489533.0;380
23404;201500025979;15;12;22;1930;3;2;3;1;3;544;16, JEAN MOULIN(RUE);M;4550856.0;485902.0;380
23405;201500025980;15;4;22;1120;1;2;9;1;3;544;11 quai CLAUDE BERNARD;M;4554060.0;485770.0;380
23406;201500025981;15;4;7;1815;1;2;1;1;4;544;47 r VICTOR HUGO;M;4552336.0;487586.0;380
23407;201500025982;15;5;22;850;1;1;1;1;6;544;8, BERTHELOT(AV);M;4553936.0;487100.0;380
23408;201500025983;15;5;28;1010;1;2;1;1;6;544;MALISSOL(MONTEE DE);M;4551623.0;491916.0;380
23409;201500025984;15;8;6;1600;1;2;1;1;6;544;02, EMILE ROMANET(RUE);;;;380
23410;201500025985;15;8;16;550;3;1;1;1;5;544;CD 41;M;4552227.0;491252.0;380
23411;201500025987;15;8;19;1510;1;2;1;1;7;544;42, BOIS ROYAL(CHEMIN DU;M;4552477.0;490700.0;380
23412;201500025988;15;9;6;125;5;2;6;1;7;544;6 pl PIERRE SEMARD;M;4552150.0;487361.0;380
23413;201500025990;15;7;2;2140;2;1;1;1;3;318;1, JOSEPH GRENOUILLET(RU;M;4552841.0;491430.0;380
23414;201500025991;15;11;4;752;1;2;1;1;1;544;67 R LAFAYETTE;M;4552697.0;489427.0;380
23415;201500025992;15;10;16;1700;1;1;1;1;5;544;CD 41;M;4551955.0;491603.0;380
23416;201500025993;15;9;9;1837;1;2;1;1;3;544;37, VICTOR FAUGIER(RUE);M;4552663.0;488367.0;380
23417;201500025994;15;2;6;1715;1;1;1;1;1;563;VERDIN (MONTEE DU);;;;380
23418;201500025996;15;2;15;1925;5;2;1;2;3;563;44 av GAMBETTA;M;4536542.0;559805.0;380
23419;201500025997;15;4;20;1054;1;2;7;1;3;563;BRUNERIE (CARREFOUR DE L;M;4538002.0;558108.0;380
23420;201500025998;15;5;6;1807;1;2;3;1;6;563;REPUBLIQUE (BOULEVARD DE;M;4536119.0;558772.0;380
23421;201500025999;15;5;29;1203;1;2;3;1;3;563;REPUBLIQUE (BOULEVARD DE;M;4536200.0;558840.0;380
23422;201500026000;15;6;9;1105;1;2;1;1;2;563;28, PAVIOT (AVENUE DE);M;4535218.0;559126.0;380
23423;201500026001;15;6;30;1940;1;2;3;1;3;563;32TER, FAUBOURG SERMOREN;M;4537188.0;558339.0;380
23424;201500026002;15;7;7;1555;1;2;1;1;1;563;BLANCHISSERIES (ZI);M;4537916.0;558172.0;380
23425;201500026003;15;7;24;1610;1;2;1;1;6;563;02, PORTELLE (RUE DE LA);M;4536761.0;559227.0;380
23426;201500026004;15;8;13;940;1;2;1;1;6;563;18, BECQUART-CASTELBON (;M;4536433.0;559083.0;380
23427;201500026005;15;8;21;1310;1;1;2;1;6;563;crs SENOZAN/r VOLTAIRE;M;4536587.0;559106.0;380
23428;201500026006;15;8;24;950;1;2;7;3;6;563;ST BRUNO (PLACE);M;4536697.0;559161.0;380
23429;201500026007;15;9;13;20;5;2;1;2;6;563;VERDUN (AVENUE DE);M;;;380
23430;201500026008;15;9;15;1655;1;2;7;1;6;563;pl gen LECLERC;M;4536691.0;559138.0;380
23431;201500026009;15;9;21;1405;1;2;1;1;3;563;bd F ROOSEVELT;M;4536147.0;559461.0;380
23432;201500026010;15;9;28;1345;1;2;1;1;6;563;20 r J. RAVAT;M;4536844.0;558677.0;380
23433;201500026011;15;9;29;2343;5;1;1;1;6;563;montee du VERDIN;M;4539368.0;557032.0;380
23434;201500026012;15;9;30;1620;1;2;1;1;2;563;., BRUNERIE (AVENUE DE L;M;4538156.0;557875.0;380
23435;201500026013;15;10;27;1900;2;2;6;2;3;563;carr BRUNERIE;M;4537952.0;558069.0;380
23436;201500026014;15;11;5;1035;1;2;1;1;3;563;20, SENOZAN (COURS);M;4536561.0;559090.0;380
23437;201500026015;15;11;5;1615;1;2;9;1;3;563;00, CROIX MORIN (AVENUE;M;4536130.0;557150.0;380
23438;201500026016;15;11;13;1240;1;2;1;1;2;563;VERDIN (MONTEE DU);M;4539880.0;556892.0;380
23439;201500026017;15;11;21;2100;5;1;1;2;7;563;139, VERDIN (MONTEE DU);M;4539397.0;557002.0;380
23440;201500026019;15;12;3;1355;1;2;1;1;6;563;HERRIOT (AVENUE E.);M;4536999.0;558732.0;380
23441;201500026020;15;12;7;1340;1;2;3;1;6;563;LAKANAL (RUE);M;4536844.0;558685.0;380
23442;201500026021;15;3;10;1400;1;2;3;1;6;198;0, JAURES (AVENUE JEAN);;;;390
23443;201500026022;15;3;24;1620;1;2;1;7;6;198;34, POMPIDOU (AV GEORGES;;;;390
23444;201500026024;15;4;4;1443;1;2;3;2;6;198;0, VIEUX CHATEAU (RUE DU;;;;390
23445;201500026025;15;6;8;1620;1;1;1;1;1;198;;;;;390
23446;201500026026;15;10;7;1005;1;2;1;1;6;198;80, POMPIDOU (AVENUE GEO;;;;390
23447;201500026028;15;3;23;1625;1;2;1;1;6;300;60, SAINT DESIRE (RUE) N;M;4667283.0;554397.0;390
23448;201500026029;15;12;30;1925;5;2;1;1;6;300;487 Route de Besançon;;;;390
23449;201500026030;15;4;8;1350;1;2;1;1;6;300;58 BIS, LECOURBE (RUE);M;0.0;0.0;390
23450;201500026031;15;7;29;1355;1;2;1;1;6;300;0, MARCHE AU BOIS BLANC;M;4666670.0;555000.0;390
23451;201500026032;15;8;1;1620;1;2;3;1;3;300;0, VERNIER (BD THEODORE);M;4667280.0;556667.0;390
23452;201500026033;15;9;5;1530;1;2;1;1;6;362;6, SALINES (PLACE DES);;;;390
23453;201500026035;15;11;8;1640;1;2;3;1;3;362;0, PASTEUR (AVENUE) N° P;;;;390
23454;201500026037;15;11;15;555;5;1;1;1;6;362;17, MONIN (RUE FRANCOIS);M;4667951.0;553862.0;390
23455;201500026038;15;11;24;1405;1;2;9;1;6;300;0, MARCHE AU BOIS BLANC;M;4667300.0;555800.0;390
23456;201500026039;15;12;16;2020;5;2;1;1;6;300;5, ANCIEN COLLEGE (PLACE;;;;390
23457;201500026040;15;12;22;1810;5;2;1;1;6;300;0, COLBERT (COURS);;;;390
23458;201500026041;15;1;7;1425;1;1;3;1;6;279;MINIERES (ROUTE DES) CD;M;4372100.0;-109622.0;400
23459;201500026043;15;12;1;1945;3;1;1;1;7;279;MAGESCQ (ROUTE DE);M;4373305.0;-110424.0;400
23460;201500026044;15;1;10;1845;5;2;3;1;3;279;RESISTANCE (AVE DE LA);M;4372524.0;-106417.0;400
23461;201500026045;15;5;8;2045;1;2;2;1;3;279;LIBERTE (AVE DE LA);M;4372175.0;-105191.0;400
23462;201500026046;15;12;30;815;2;2;1;8;2;279;731, RESISTANCE (AVE DE;M;4372470.0;-106018.0;400
23463;201500026047;15;2;17;1920;5;2;2;1;3;88;., SAINT-VINCENT DE PAUL;M;4371469.0;-105423.0;400
23464;201500026048;15;5;12;800;1;2;6;1;3;88;BEARN (SQUARE  DU);M;4370565.0;-103721.0;400
23465;201500026049;15;2;24;1930;5;2;2;1;3;88;., SAINT-VINCENT DE PAUL;M;4371592.0;-105384.0;400
23466;201500026050;15;6;30;1525;1;2;3;1;6;279;RESISTANCE (AVE DE LA);M;4372526.0;-106433.0;400
23467;201500026051;15;7;18;1925;1;2;1;1;6;279;ROSTAND (RUE EDMOND);M;4372611.0;-107985.0;400
23468;201500026052;15;10;9;1750;1;2;6;1;2;88;REPUBLIQUE (AVENUE DE LA;M;4370537.0;-106051.0;400
23469;201500026053;15;10;21;1730;1;2;6;1;3;88;MONTFORT (ROUTE DE);M;4370562.0;-103664.0;400
23470;201500026054;15;11;24;1815;2;2;1;2;6;88;SAINT-PIERRE (BLD);M;4371086.0;-104985.0;400
23471;201500026055;15;8;10;1130;1;2;1;1;6;88;MILLIES-LACROIX (AVE EUG;M;4371077.0;-105777.0;400
23472;201500026056;15;1;9;740;5;2;3;1;6;281;BRETTES-CAMILLE (AV);M;4388284.0;-51941.0;400
23473;201500026057;15;3;23;1625;1;2;1;1;3;281;MONT-ALMA (BD DE);M;4386874.0;-48981.0;400
23474;201500026058;15;1;12;1715;1;2;1;1;2;192;410, JUIN (V DU MARECHAL;M;4390042.0;-48363.0;400
23475;201500026059;15;4;2;825;1;2;1;1;6;192;VICTOR HUGO;M;4389333.0;-49805.0;400
23476;201500026060;15;1;14;1630;1;2;1;1;6;281;LAMOUSTEY (AV DE);M;4387621.0;-50821.0;400
23477;201500026061;15;5;3;1806;1;2;2;1;2;192;ALINGSÅS (BD D');M;4388520.0;-49361.0;400
23478;201500026062;15;1;15;1900;3;1;1;1;2;281;., ROCADE OUEST (RN 124);M;4388851.0;-53063.0;400
23479;201500026063;15;6;24;805;1;2;1;1;7;192;., MENDES FRANCE (AV PIE;M;4389252.0;-51424.0;400
23480;201500026064;15;1;16;835;1;2;3;2;3;281;SAINT-SEVER (AV DE);M;4387719.0;-50580.0;400
23481;201500026065;15;7;19;1120;1;1;1;1;3;192;., ROCADE EST (RD 932 E);M;4391049.0;-44976.0;400
23482;201500026066;15;2;13;1600;1;2;3;1;3;192;., PLUMACON (RUE DU);M;4388628.0;-50444.0;400
23483;201500026068;15;7;31;1335;1;2;1;1;6;192;23, PLACE SAINT ROCH;M;4388942.0;-49971.0;400
23484;201500026069;15;8;4;1930;1;2;1;1;3;192;15, BARBE D'OR (AV DE);M;4389837.0;-48056.0;400
23485;201500026070;15;8;17;1800;1;2;1;1;5;192;944  VERT (BD DU CHEMIN);M;4388147.0;-47932.0;400
23486;201500026071;15;8;25;1815;1;2;3;1;3;281;320, BELVÉDERE (BD DU);M;4387393.0;-51389.0;400
23487;201500026072;15;10;17;2005;3;1;1;1;1;281;., ROCADE SUD (RN 124 E);M;4387050.0;-51788.0;400
23488;201500026073;15;10;16;1430;1;2;3;1;6;192;CLEMENCEAU (AV GEORGES);M;4388623.0;-49670.0;400
23489;201500026074;15;11;8;630;1;2;3;1;3;192;FOCH (AV DU MARECHAL);M;4389802.0;-48808.0;400
23490;201500026075;15;11;4;1805;2;2;1;1;3;192;650, FOCH (AV DU MARECHA;M;4389684.0;-49025.0;400
23491;201500026076;15;11;19;900;1;2;3;1;3;192;., PIERRE BENOIT;M;4390138.0;-51102.0;400
23492;201500026077;15;12;2;1830;3;1;1;1;2;281;., ROCADE SUD (RN 124 E);M;4386657.0;-51030.0;400
23493;201500026078;15;12;9;1320;1;1;1;1;7;281;., SAINT-SEVER (AV DE);M;4386646.0;-51234.0;400
23494;201500026079;15;12;30;1820;5;2;1;1;3;18;VALLEE MAILLARD (RUE DE;M;4761058.0;133440.0;410
23495;201500026080;15;2;20;755;1;2;1;1;6;18;DUGAY-TROUIN (RUE)  N? I;M;4759627.0;130261.0;410
23496;201500026081;15;11;23;840;1;1;1;1;1;47;Les Grébeaux;M;4762258.0;136840.0;410
23497;201500026082;15;1;9;1505;1;1;1;2;5;212;RD 174;M;4756400.0;137200.0;410
23498;201500026083;15;12;9;20;3;1;1;1;7;18;DE GAULLE (PONT DU GENER;M;4759472.0;135298.0;410
23499;201500026084;15;3;5;1215;1;2;6;1;1;295;GRAIN D'OR (AVENUE DU);M;4756938.0;137300.0;410
23500;201500026085;15;3;5;1345;1;2;1;1;3;18;FENELON (RUE);M;4758655.0;131631.0;410
23501;201500026086;15;3;18;1710;1;2;1;1;4;18;48, VERDUN (AVENUE DE);M;4759386.0;134606.0;410
23502;201500026087;15;3;20;1550;1;1;1;1;2;212;PATTE D'OIE (rond point);M;4756161.0;137314.0;410
23503;201500026088;15;2;9;1725;1;2;1;1;2;295;18, CHAMBORD (ROUTE DE);M;4757700.0;136600.0;410
23504;201500026089;15;2;15;1355;1;1;1;1;7;18;D 766;M;4758100.0;129000.0;410
23505;201500026090;15;4;7;2120;1;2;1;1;2;18;D174;M;4734571.0;121576.0;410
23506;201500026091;15;4;13;1605;1;2;1;1;6;18;BAUDET (RUE ETIENNE) 1;M;4758719.0;131519.0;410
23507;201500026092;15;4;17;2300;5;2;1;2;6;47;RD 2152;M;4760700.0;135400.0;410
23508;201500026093;15;4;23;1844;1;1;1;1;1;295;D951;M;4760250.0;137411.0;410
23509;201500026094;15;5;8;1850;1;2;1;1;1;18;MAUNOURY (AVENUE DU MARE;M;4759600.0;134100.0;410
23510;201500026095;15;5;18;825;1;2;1;1;2;295;VERGERS (RUE DES);M;4759900.0;140000.0;410
23511;201500026096;15;5;18;900;1;2;1;1;6;18;MAUNOURY (AVENUE DU MARE;M;4759600.0;134100.0;410
23512;201500026097;15;5;15;1025;1;2;1;1;1;18;GREVE (PLACE DE LA);M;4758200.0;133000.0;410
23513;201500026098;15;5;9;1430;1;2;2;1;1;18;BESNARD (QUAI ULYSSE);M;4757800.0;132100.0;410
23514;201500026099;15;5;26;1810;1;2;1;1;2;18;VERDUN (AVENUE DE);M;4759500.0;134700.0;410
23515;201500026100;15;5;28;1820;1;1;1;1;5;295;D951;M;4759026.0;135521.0;410
23516;201500026101;15;5;29;1517;1;1;6;1;6;212;PATTE D'OIE (rond point);M;4756100.0;137300.0;410
23517;201500026102;15;6;5;820;1;1;6;1;3;212;PATTE D'OIE (rond point);M;4756100.0;137400.0;410
23518;201500026103;15;6;9;1650;1;2;1;1;6;18;BEGON (RUE MICHEL)  N° I;M;4759265.0;131488.0;410
23519;201500026104;15;6;9;1720;1;1;1;1;2;212;NATIONALE (ROUTE);M;4756156.0;137253.0;410
23520;201500026105;15;6;12;1655;1;1;1;1;7;18;RD 952;M;4756888.0;130636.0;410
23521;201500026106;15;6;11;1815;1;2;1;3;3;18;GAMBETTA (AVENUE);M;4758368.0;132161.0;410
23522;201500026107;15;6;19;1610;1;2;1;1;6;18;SOURDERIE (RUE DE LA);M;4757885.0;133842.0;410
23523;201500026108;15;6;25;1945;1;2;1;1;3;295;CHAMBORD (ROUTE DE);M;4757647.0;138060.0;410
23524;201500026109;15;6;25;1603;1;2;1;1;6;18;130, MAUNOURY (AVENUE DU;M;4760057.0;134660.0;410
23525;201500026110;15;7;1;1340;1;2;1;1;1;18;VILLEBREME (RUE DE);M;4760869.0;132510.0;410
23526;201500026111;15;7;9;845;1;2;3;1;3;18;CHOPIN (RUE FREDERIC);M;4758758.0;131878.0;410
23527;201500026112;15;7;20;1550;1;2;1;1;6;295;PIERRE GILLES DE GENNES;M;4756955.0;137242.0;410
23528;201500026113;15;7;28;1840;1;1;1;1;2;18;;M;4760995.0;133943.0;410
23529;201500026114;15;8;4;310;1;1;1;1;7;18;CHAILLES (LEVEE DE);M;4757276.0;132024.0;410
23530;201500026115;15;8;5;1630;1;2;1;1;7;18;TROIS VOLONTAIRES (RAMPE;M;4758961.0;132637.0;410
23531;201500026116;15;8;11;2230;5;2;3;1;1;18;MAUNOURY (AVENUE DU MARE;M;4759903.0;134483.0;410
23532;201500026118;15;8;20;1855;1;1;1;1;2;295;D174;M;4758251.0;136619.0;410
23533;201500026119;15;8;22;1115;1;2;1;1;2;295;CHAMBORD (ROUTE DE);M;4757748.0;136827.0;410
23534;201500026120;15;8;23;1700;1;2;1;1;3;18;FRANCE (AVENUE DE)  1;M;4759286.0;131354.0;410
23535;201500026121;15;8;26;2055;2;2;1;1;3;295;CHAMBORD (ROUTE DE);M;4757555.0;138927.0;410
23536;201500026122;15;8;26;2330;5;2;1;1;3;18;MAUNOURY (AVENUE DU MARE;M;4760233.0;134870.0;410
23537;201500026123;15;7;25;1630;1;2;1;1;7;18;MONSABRE (RUE DU PERE);M;4758775.0;132998.0;410
23538;201500026124;15;9;25;1600;1;2;1;1;6;18;139, ALBERT 1ER (RUE);M;4757470.0;130995.0;410
23539;201500026125;15;9;28;1755;1;2;3;1;6;18;ANJOU (RUE D');M;4759410.0;133506.0;410
23540;201500026126;15;9;29;1432;1;2;1;1;2;47;RD 2152;M;4761982.0;136868.0;410
23541;201500026127;15;10;1;2010;3;1;1;1;1;295;RUE DE LA PLACE;M;4759691.0;137941.0;410
23542;201500026128;15;10;2;1345;1;2;1;1;1;18;NAU (RUE ROBERT);M;4761329.0;133263.0;410
23543;201500026129;15;10;6;930;1;1;1;3;6;295;D951;M;4761177.0;138322.0;410
23544;201500026130;15;10;9;455;5;2;1;1;3;18;INDUSTRIE (BOULEVARD DE);M;4760370.0;132414.0;410
23545;201500026131;15;10;12;855;1;2;1;1;3;18;ALBERT 1ER (RUE);M;4757260.0;130653.0;410
23546;201500026132;15;10;12;1650;1;2;1;1;3;18;FRANCE (AVENUE DE)  1;M;4759634.0;131593.0;410
23547;201500026133;15;10;18;300;3;1;1;1;6;18;CHAILLES (LEVEE DE);M;4757310.0;132081.0;410
23548;201500026134;15;10;16;1350;1;2;1;2;1;47;DEBRE (ROBERT);M;4761540.0;134044.0;410
23549;201500026135;15;10;27;1805;4;1;1;1;5;18;CITES UNIES (BOULEVARD D;M;4760991.0;133850.0;410
23550;201500026136;15;10;30;1620;1;2;1;1;5;47;RD 2152;M;4760470.0;135138.0;410
23551;201500026138;15;11;7;1601;1;1;1;1;3;18;SAINT-DYE (LEVEE DE);M;4759003.0;135302.0;410
23552;201500026139;15;11;10;1605;1;2;2;1;3;295;TAILLES  (RUE DES);M;4759509.0;138910.0;410
23553;201500026140;15;11;17;1700;2;1;1;2;4;18;CHATEAUDUN (AVENUE DE);M;4761732.0;132711.0;410
23554;201500026141;15;11;18;810;1;1;1;2;2;18;D174;M;4759405.0;135373.0;410
23555;201500026142;15;11;18;1335;1;1;1;1;2;18;CITES UNIES (BOULEVARD D;M;4760967.0;133958.0;410
23556;201500026143;15;11;19;1110;1;2;1;1;6;18;11, FOCH (VENUE DU MAREC;M;4758025.0;131567.0;410
23557;201500026144;15;11;13;1900;3;1;1;1;5;18;CHAILLES (LEVEE DE);M;4756623.0;130982.0;410
23558;201500026145;15;11;18;1520;1;2;1;1;6;47;RD 2152;M;4760928.0;135656.0;410
23559;201500026146;15;12;5;1455;1;1;1;1;2;212;D 956;M;4755813.0;137324.0;410
23560;201500026147;15;12;7;1706;5;2;1;1;3;18;NAU (RUE ROBERT);M;4761089.0;133271.0;410
23561;201500026148;15;12;3;810;1;2;6;5;2;18;GAMBETTA (AVENUE);M;4758474.0;131849.0;410
23562;201500026150;15;12;8;1617;1;2;1;3;6;18;MAUNOURY (AVENUE DU MARE;M;4759670.0;134138.0;410
23563;201500026151;15;12;9;1820;5;2;1;5;2;18;MAUNOURY (AVENUE DU MARE;M;4759213.0;133700.0;410
23564;201500026152;15;12;10;1920;5;2;3;1;3;18;MONTLAUR (RUE DU COLONEL;M;4758361.0;132286.0;410
23565;201500026153;15;12;13;510;3;2;6;5;7;18;ROBERT NAU (ROND POINT);M;4761429.0;133401.0;410
23566;201500026154;15;12;12;2055;5;2;1;1;1;18;VERDUN (AVENUE DE);M;4759000.0;134172.0;410
23567;201500026155;15;12;12;2155;5;2;1;8;7;18;SCHUMAN (AVENUE ROBERT);M;4760917.0;133597.0;410
23568;201500026156;15;12;16;1940;3;2;1;3;2;212;D 956;M;4756002.0;137305.0;410
23569;201500026157;15;12;23;1220;1;2;1;1;2;18;VEZIN (RUE ALEXANDRE);M;4760573.0;131354.0;410
23570;201500026158;15;1;15;1535;1;2;1;2;6;295;GATS DE COEUR (RUE DES);M;4757300.0;136700.0;410
23571;201500026159;15;2;5;1915;3;1;1;6;7;295;D951;M;4759500.0;136200.0;410
23572;201500026160;15;2;6;1616;1;2;1;1;6;18;CROIX PICHON (RUE DE LA;M;4759600.0;130600.0;410
23573;201500026161;15;2;12;1350;1;2;6;1;3;18;TAILLE AUX MOINES (REU D;M;4757300.0;130100.0;410
23574;201500026162;15;2;16;1515;1;2;2;1;6;226;38, PARIS (ROUTE DE);M;4780711.0;107194.0;410
23575;201500026163;15;3;12;2125;5;1;1;1;2;269;., CITES UNIES D'EUROPE;M;4781800.0;102200.0;410
23576;201500026164;15;12;12;1015;1;2;3;1;7;269;., SAINT COEUR (RUE DU);M;4779709.0;106837.0;410
23577;201500026168;15;6;27;1055;1;2;1;1;3;226;29, PARIS (ROUTE DE);M;4780959.0;107322.0;410
23578;201500026169;15;9;21;1135;1;1;1;1;7;269;PARIS (ROUTE DE);M;4778112.0;107406.0;410
23579;201500026170;15;9;24;1940;1;2;1;1;1;269;FERME (RUE);M;4779012.0;106443.0;410
23580;201500026171;15;10;8;1345;1;2;1;1;2;269;125, SAINT BIENHEURE (FA;M;4779077.0;108120.0;410
23581;201500026173;15;10;25;1510;1;2;1;1;7;158;02, VIEUX-PUITS (RUE DU);M;4778650.0;103531.0;410
23582;201500026174;15;11;6;750;1;2;3;1;3;269;., CHARTRAIN (FAUBOURG);M;4779732.0;106843.0;410
23583;201500026176;15;11;18;1410;1;2;1;1;3;269;79, RONSARD (AVENUE) (SE;M;4779878.0;104292.0;410
23584;201500026177;15;1;14;1750;5;2;5;1;5;269;., KENNEDY (BOULEVARD DU;M;4780000.0;105700.0;410
23585;201500026178;15;1;24;1650;1;2;1;7;3;226;CHEVAL BLANC (RUE DU);M;4780300.0;107400.0;410
23586;201500026179;15;3;27;1130;1;2;1;1;6;316;6, CONDORCET (RUE);M;4539731.0;428113.0;420
23587;201500026180;15;12;27;110;5;2;1;1;1;95;24, GAMPILLE (RUE DE LA);M;4538503.0;427662.0;420
23588;201500026181;15;3;27;1720;1;1;1;1;1;44;RD 88;M;4539882.0;433796.0;420
23589;201500026184;15;4;7;1810;1;2;1;1;6;95;RD 88;M;4539235.0;429100.0;420
23590;201500026185;15;4;8;1835;1;2;1;1;2;44;RD 88;M;4540239.0;435944.0;420
23591;201500026186;15;4;10;745;1;1;1;1;1;316;RD 25;M;4540735.0;427441.0;420
23592;201500026187;15;5;6;930;1;2;1;1;3;95;2, RUISSEAU (CHEMIN DU);M;4536696.0;427858.0;420
23593;201500026188;15;5;21;2220;5;2;1;1;2;95;RD 500;M;4538689.0;429764.0;420
23594;201500026189;15;5;21;2300;5;2;2;1;3;95;43, GAMBETTA (RUE);M;4539065.0;428976.0;420
23595;201500026190;15;6;5;2035;1;1;1;1;6;316;RD 25;M;4541214.0;428588.0;420
23596;201500026192;15;6;30;2100;1;2;1;1;5;183;RD  88;M;4540492.0;437306.0;420
23597;201500026193;15;7;3;1730;1;1;1;1;3;44;60, LIBERATION (RUE DE L;M;4539709.0;432304.0;420
23598;201500026194;15;7;15;1420;1;2;1;1;5;183;RD 88;M;4540500.0;436987.0;420
23599;201500026195;15;7;20;1950;1;2;1;1;6;95;1, SAINT-CHARLES (BOULEV;M;4538690.0;428187.0;420
23600;201500026196;15;7;21;830;1;2;1;1;1;183;RD 88;M;4540494.0;437290.0;420
23601;201500026197;15;7;22;800;1;1;1;1;6;44;RD 88;M;4539622.0;432568.0;420
23602;201500026198;15;7;24;720;1;2;1;1;6;44;RD 88;M;4539892.0;434150.0;420
23603;201500026199;15;7;29;910;1;2;1;1;3;316;RD 3;M;4539220.0;427180.0;420
23604;201500026200;15;8;8;1130;1;1;1;1;6;44;RD 88;M;4539684.0;432881.0;420
23605;201500026203;15;8;27;2000;1;1;1;1;3;316;82 rue André Chénier;M;4540897.0;427740.0;420
23606;201500026204;15;9;1;945;1;1;1;1;1;183;RD 88;M;4540493.0;437264.0;420
23607;201500026205;15;9;23;1725;1;1;1;1;3;31;RD 3;M;4540511.0;423246.0;420
23608;201500026206;15;9;23;1845;1;1;1;8;3;316;Rue André Chénier;M;4540957.0;428012.0;420
23609;201500026207;15;11;3;1715;1;2;1;1;6;316;19, ZOLA (EMILE);M;4539562.0;427732.0;420
23610;201500026208;15;11;28;1030;1;1;1;1;1;31;RD 3;M;4540228.0;423223.0;420
23611;201500026209;15;12;3;1525;1;2;1;1;6;316;RD 3;M;4539293.0;429118.0;420
23612;201500026210;15;12;7;1250;1;1;4;1;3;316;RD 3;M;4539536.0;426310.0;420
23613;201500026211;15;12;21;1600;1;1;1;1;6;95;35, VOLTAIRE (RUE);M;4539011.0;429042.0;420
23614;201500026212;15;12;22;1000;1;2;1;7;6;95;2, BREUIL (PLACE DU);M;4538915.0;428738.0;420
23615;201500026213;15;12;25;1100;1;2;1;1;3;183;RD 88;M;4540492.0;437306.0;420
23616;201500026214;15;1;9;850;1;2;1;1;6;183;1, CD 33;M;4540401.0;436728.0;420
23617;201500026215;15;1;8;915;1;2;1;1;6;183;3, PRE-VIVIER (RUE DU);M;4540416.0;436482.0;420
23618;201500026216;15;1;22;1330;1;2;2;1;3;95;RD 88;M;4538937.0;428725.0;420
23619;201500026217;15;1;26;2310;5;2;1;1;5;95;CD 500;M;4538156.0;430240.0;420
23620;201500026218;15;1;27;1425;1;2;1;1;6;183;CD 33;M;4540217.0;436829.0;420
23621;201500026219;15;1;30;1545;1;2;3;1;3;316;33, PASTEUR (RUE);M;4539979.0;426204.0;420