;Num_Acc;an;mois;jour;hrmn;lum;agg;int;atm;col;com;adr;gps;lat;long;dep
23622;201500026220;15;2;14;2050;5;2;1;1;6;95;RD 88;M;4539288.0;429216.0;420
23623;201500026221;15;3;12;1355;1;2;1;1;6;95;RD 88;M;4538712.0;428457.0;420
23624;201500026222;15;2;5;1340;1;2;1;1;6;186;36, RICHARME RUE PETRUS;M;4552708.0;461387.0;420
23625;201500026223;15;3;16;910;1;2;1;1;6;71;0, CARNOT (RUE);M;4603160.0;408279.0;420
23626;201500026224;15;12;3;800;1;2;3;1;3;187;16, MULSANT (RUE);M;4603739.0;406280.0;420
23627;201500026225;15;3;20;1203;1;2;1;1;1;187;60, BRISON (RUE);M;4603148.0;406736.0;420
23628;201500026226;15;12;3;1320;1;2;1;1;7;187;0, BERGE (RUE DE LA );M;4603189.0;407125.0;420
23629;201500026227;15;3;20;1650;1;2;1;1;1;187;60, CARNOT (AVENUE);M;4604288.0;407149.0;420
23630;201500026228;15;12;9;1020;1;2;2;1;3;71;0, LIBERATION (AVENUE DE;M;4603161.0;408249.0;420
23631;201500026229;15;3;26;1540;1;2;1;1;2;187;06, LYON (AVENUE DE);M;4603447.0;407731.0;420
23632;201500026230;15;12;10;1705;2;2;1;1;2;170;0, R.D 504;M;4603724.0;412104.0;420
23633;201500026231;15;3;30;1130;1;2;1;1;7;127;74, Route nationale 7;M;4607024.0;404793.0;420
23634;201500026232;15;12;13;1400;1;2;1;1;6;184;0, FONTAINE JEAN DE LA (;M;4606579.0;405874.0;420
23635;201500026233;15;4;3;900;1;2;1;1;2;127;0, MUSSET  RD 207 (RUE A;M;4606183.0;405851.0;420
23636;201500026234;15;12;14;1455;1;2;2;1;3;187;0, REIMS (BOULEVARD DE);M;4606293.0;407590.0;420
23637;201500026235;15;4;4;1811;1;2;3;2;3;187;0, AUGE (RUE JOANNY);M;4603772.0;405220.0;420
23638;201500026236;15;12;14;1720;5;2;1;1;6;187;0, LYON (AVENUE DE);M;4603764.0;407709.0;420
23639;201500026237;15;4;8;2112;3;2;6;1;7;184;0, OUEST  (BD);M;4604605.0;405635.0;420
23640;201500026238;15;12;15;1145;1;2;1;1;2;187;93, AUGE (RUE JOANNY);M;4603463.0;405230.0;420
23641;201500026239;15;4;10;1747;1;2;6;1;6;187;0, PERI (PLACE GABRIEL);M;4602910.0;406562.0;420
23642;201500026240;15;12;15;1935;5;2;2;2;3;187;0, MURE (RUE DE LA );M;4604071.0;405646.0;420
23643;201500026241;15;4;12;1010;1;2;1;1;7;71;132 bis, LIBERATION (AVE;M;4602482.0;408688.0;420
23644;201500026242;15;12;17;735;2;2;1;1;6;187;0, PROMENADES POPULLE (P;M;4603635.0;406508.0;420
23645;201500026243;15;4;12;140;5;2;3;1;3;187;0, MACE (RUE JEAN);M;4603909.0;407476.0;420
23646;201500026244;15;12;20;1450;1;2;1;1;6;71;0, PINAY (RUE ANTOINE);M;4600840.0;409970.0;420
23647;201500026245;15;4;12;1809;1;2;2;1;2;187;0, GIRAUD (RUE DU GENERA;M;4603250.0;405978.0;420
23648;201500026246;15;12;20;1755;2;1;1;1;5;71;Route nationale 7;M;4608014.0;403092.0;420
23649;201500026247;15;12;21;1430;1;1;6;1;2;187;0, DEPIERRE (RUE PIERRE);M;4603350.0;407742.0;420
23650;201500026248;15;4;16;910;1;2;2;1;3;187;0, PARIS (AVENUE DE);M;4605057.0;406668.0;420
23651;201500026249;15;12;21;1920;5;2;6;1;3;184;0, BLUM  LEON   (RUE);M;4604397.0;403686.0;420
23652;201500026250;15;4;21;1150;1;2;1;1;3;187;5, MERMOZ (RUE JEAN);M;4603519.0;406243.0;420
23653;201500026252;15;12;24;1356;1;1;1;1;7;170;0, LES FRANCHISES (LIEU;M;4603736.0;410583.0;420
23654;201500026254;15;4;23;1825;1;2;2;1;3;184;0, FOLIE (MONTEE DE LA);M;4605351.0;403172.0;420
23655;201500026255;15;12;24;1550;1;2;1;1;3;127;0, FONTAINE JEAN  (RUE D;M;4606686.0;405870.0;420
23656;201500026258;15;12;26;1650;2;1;1;1;7;170;0, FECHET (LIEU DIT);M;4600397.0;413863.0;420
23657;201500026259;15;4;30;1545;1;2;1;1;6;187;0, LYON (AVENUE DE);M;4603982.0;407676.0;420
23658;201500026260;15;12;26;1745;5;2;1;1;6;187;165, SAMPAIX  (RUE LUCIE;M;4602951.0;405382.0;420
23659;201500026261;15;5;9;1530;1;2;1;1;6;71;8, PARMENTIER (RUE ANTOI;M;4602901.0;408803.0;420
23660;201500026262;15;5;13;715;1;2;1;1;7;71;6, LIBERATION (AVENUE DE;M;4603140.0;408263.0;420
23661;201500026263;15;5;13;1810;1;2;6;1;7;187;1, PHENIX (PLACE DU);M;4603624.0;406414.0;420
23662;201500026264;15;5;14;1630;1;2;1;1;2;187;17, MAYOLLET  (RUE DU);M;4602368.0;405137.0;420
23663;201500026265;15;5;20;1340;1;2;3;1;3;187;0, MARENGO (RUE);M;4603660.0;407544.0;420
23664;201500026266;15;5;22;1745;1;2;3;1;2;187;31, CAMUS (RUE ALBERT);M;4604318.0;405490.0;420
23665;201500026267;15;5;23;1210;1;2;2;1;3;71;0, VERNAY (RUE DE );M;4602842.0;408297.0;420
23666;201500026268;15;5;23;1315;1;2;6;1;3;71;DE GAULLE (BOULEVARD CHA;M;4601900.0;409618.0;420
23667;201500026269;15;5;28;510;3;1;1;1;7;170;0, R.D 504;M;4602855.0;409788.0;420
23668;201500026270;15;5;29;935;1;2;1;1;6;187;7, ROCHARD (RUE FRANCISQ;M;4603600.0;407176.0;420
23669;201500026271;15;6;12;930;1;2;1;1;3;187;DORIAN (ROND POINT);M;4603371.0;407746.0;420
23670;201500026272;15;6;12;1750;1;2;1;2;2;71;53, LIBERATION (AVENUE D;M;4602885.0;408427.0;420
23671;201500026273;15;6;16;1650;1;2;1;1;3;187;57, PLASSE (RUE GEORGES);M;4603116.0;406144.0;420
23672;201500026274;15;6;19;1950;1;2;3;1;3;187;0, CENTRALE (AVENUE);M;4606718.0;407618.0;420
23673;201500026275;15;6;23;1122;1;2;3;1;1;71;0, LECLERC (QUAI DU GENE;M;4603172.0;408237.0;420
23674;201500026276;15;6;24;1855;1;2;1;1;3;187;43, SEMARD (QUAI PIERRE);M;4602885.0;408237.0;420
23675;201500026277;15;6;24;1910;1;2;3;1;3;187;0, DOURDEIN (RUE AUGUSTE;M;4604129.0;405549.0;420
23676;201500026278;15;6;25;1930;1;1;4;1;3;170;route les Plaines Sud;M;4603495.0;410196.0;420
23677;201500026279;15;6;25;2155;5;2;4;1;1;187;0, HERMINIER (QUAI DU CO;M;4604026.0;408298.0;420
23678;201500026280;15;6;30;1830;1;2;3;1;3;184;0, CHEVIGNON LEGER (RUE);M;4604917.0;405386.0;420
23679;201500026282;15;7;4;430;5;2;1;1;7;184;0, MICHEL LOUISE  (RUE);M;4605195.0;405176.0;420
23680;201500026283;15;7;4;1330;1;2;3;1;7;127;FRANCE ANATOLE ( RUE);M;4606379.0;406222.0;420
23681;201500026284;15;7;5;1630;1;1;1;1;7;71;0, LECLERC (QUAI DU GENE;M;4603765.0;408688.0;420
23682;201500026286;15;7;8;810;1;2;6;1;2;184;0, MICHEL LOUISE  (RUE);M;4604913.0;405164.0;420
23683;201500026287;15;7;8;1215;1;2;3;1;1;71;0, BELGES (BOULEVARD DES;M;4602488.0;409036.0;420
23684;201500026288;15;7;8;1640;1;2;1;1;6;187;9, FONTENILLE (RUE);M;4604050.0;407388.0;420
23685;201500026289;15;7;10;840;1;2;2;1;6;187;0, MACE (RUE JEAN);M;4603773.0;407535.0;420
23686;201500026290;15;7;11;1950;1;2;6;1;3;187;DORIAN (ROND POINT);M;4603350.0;407799.0;420
23687;201500026291;15;7;13;945;1;2;3;1;3;184;0, SAINT-ROMAIN (RUE DE);M;4604235.0;404901.0;420
23688;201500026292;15;7;13;1520;1;2;1;1;6;71;12, LEDRU-ROLLIN  (RUE A;M;4602900.0;408648.0;420
23689;201500026293;15;7;13;1655;1;2;3;1;4;187;Levée de la Loire;M;4603160.0;407864.0;420
23690;201500026294;15;7;13;2000;1;2;3;1;3;187;0, MULSANT (RUE);M;4603929.0;405535.0;420
23691;201500026296;15;7;15;1205;1;1;1;1;7;170;0, LES FRANCHISES (LIEU;M;4603739.0;411761.0;420
23692;201500026297;15;7;17;1331;1;2;5;1;3;184;0, BLUM  LEON   (RUE);M;4604555.0;404065.0;420
23693;201500026298;15;7;25;1950;2;2;1;1;3;187;55, WILSON (RUE DU PRESI;M;4605910.0;409100.0;420
23694;201500026299;15;7;27;1520;1;2;1;1;4;187;0, RENAISON (LEVEE DU);M;4603014.0;407479.0;420
23695;201500026300;15;7;30;1330;1;2;3;1;3;187;0, COOPERATION (RUE DE L;M;4603049.0;406252.0;420
23696;201500026301;15;8;1;2155;5;2;3;1;3;187;0, PROMENADES POPULLE(PO;M;4603655.0;406428.0;420
23697;201500026302;15;8;4;720;2;2;1;3;6;187;44, CLERMONT (RUE DE );M;4602842.0;406501.0;420
23698;201500026303;15;8;8;1930;2;2;1;2;7;187;57, DOURDEIN (RUE AUGUST;M;4604095.0;405476.0;420
23699;201500026304;15;8;9;525;2;2;2;1;7;187;0, JAURES (RUE JEAN);M;4603589.0;407041.0;420
23700;201500026305;15;8;10;1630;1;2;1;1;2;187;22, PROMENADES POPULLE (;M;4603537.0;406569.0;420
23701;201500026306;15;8;20;2247;3;1;1;1;7;170;0, LE QUILLONNET (LIEU D;M;4606629.0;412260.0;420
23702;201500026307;15;8;21;2105;5;2;2;1;3;184;0, POINCARE RAYMOND (RUE;M;4604736.0;406902.0;420
23703;201500026308;15;8;27;1157;1;2;1;1;3;187;Face 14, BRISON (RUE);M;4603373.0;406902.0;420
23704;201500026309;15;9;1;1135;1;2;1;2;4;187;5, LATTRE DE TASSIGNY (P;M;4604005.0;407144.0;420
23705;201500026310;15;9;3;2025;2;2;2;1;1;71;0, REPUBLIQUE (AVENUE DE;M;4602700.0;409000.0;420
23706;201500026311;15;9;4;1455;1;1;1;1;1;170;0, R.D 504;M;4603230.0;409999.0;420
23707;201500026312;15;9;5;910;1;1;1;1;3;187;BRIENNON (ROUTE DE );M;4609029.0;407589.0;420
23708;201500026314;15;9;9;730;1;2;1;1;3;71;3, GALLET (BOULEVARD CHA;M;4602230.0;409358.0;420
23709;201500026315;15;9;9;1712;1;2;1;1;1;187;63, CHARLES DE GAULLE(RU;M;4603925.0;407163.0;420
23710;201500026316;15;9;10;1141;1;2;1;1;1;127;0, FONTAINE JEAN  (RUE D;M;4606763.0;406057.0;420
23711;201500026317;15;9;11;845;1;2;1;7;3;127;347, BRIENNON (RT DE);M;4608105.0;407338.0;420
23712;201500026318;15;9;11;915;1;2;3;1;6;187;0, JAURES (RUE JEAN);M;4603593.0;407050.0;420
23713;201500026319;15;9;11;1345;1;2;3;1;3;187;0, FOLLEREAU (RUE RAOUL);M;4603241.0;407385.0;420
23714;201500026320;15;9;16;710;2;2;1;2;6;187;32, RAFFIN (RUE ALEXANDR;M;4603462.0;406665.0;420
23715;201500026321;15;9;21;1700;1;2;1;1;4;187;0, CLERMONT (RUE DE );M;4603063.0;406700.0;420
23716;201500026322;15;9;21;1740;1;1;1;1;7;184;0, OUCHES (  RT D');M;4602800.0;403233.0;420
23717;201500026323;15;9;20;158;5;2;1;1;6;187;0, NUNEATON;M;4603390.0;407666.0;420
23718;201500026324;15;9;22;1835;1;1;1;2;7;127;BRIENNON (RT DE);M;4608927.0;407566.0;420
23719;201500026325;15;1;7;1215;1;2;3;1;3;184;0, IFFLANDER  ALBRECHT (;M;4605140.0;404403.0;420
23720;201500026326;15;9;28;830;1;2;1;1;3;71;3, BROUSSON  (RUE AUGUST;M;4602525.0;408573.0;420
23721;201500026328;15;9;30;900;1;2;3;1;3;187;0, PRESSENSE (RUE FRANCI;M;4605391.0;409140.0;420
23722;201500026329;15;9;30;1500;1;2;6;1;7;71;0, BELGES (BOULEVARD DES;M;4602590.0;409304.0;420
23723;201500026330;15;9;24;1750;1;2;1;1;7;187;0, THIERS (BOULEVARD DE);M;4602634.0;405231.0;420
23724;201500026331;15;10;1;1730;1;2;3;1;3;187;75, GIRAUD (RUE DU GENER;M;4603404.0;405353.0;420
23725;201500026332;15;10;3;1800;1;1;1;3;1;170;R.D 504;M;4603698.0;412375.0;420
23726;201500026333;15;10;3;1845;1;1;1;2;1;170;0, R.D 504;M;4603916.0;416507.0;420
23727;201500026334;15;10;6;855;1;2;1;2;6;187;0, OUEST (BOULEVARD);M;4604755.0;406313.0;420
23728;201500026335;15;10;6;1155;1;2;2;1;3;187;0, ZOLA (RUE EMILE);M;4604084.0;405808.0;420
23729;201500026336;15;10;6;1555;1;2;2;1;3;187;0, PLASSE (RUE GEORGES);M;4603252.0;405980.0;420
23730;201500026338;15;10;9;1558;1;2;1;1;6;187;0, REPUBLIQUE (COUR DE L;M;4603712.0;406503.0;420
23731;201500026339;15;10;10;2145;5;2;1;1;6;184;0, OUEST  (BD);M;4603700.0;404570.0;420
23732;201500026340;15;10;16;750;5;2;1;1;6;187;128, CHARLIEU (RUE DE );M;4604775.0;408251.0;420
23733;201500026341;15;10;21;2030;1;1;1;1;6;187;FACE AU 37, BENOIT (BOUL;M;4604839.0;406991.0;420
23734;201500026342;15;10;29;1425;1;2;3;1;3;187;27, CUVIER  (RUE);M;4604646.0;406623.0;420
23735;201500026343;15;11;6;1635;1;2;2;1;3;187;0, MONTRETOUT (RUE DE );M;4605209.0;408594.0;420
23736;201500026344;15;11;13;1655;2;2;2;1;3;187;0, THOMAS (RUE ALBERT);M;4604901.0;407408.0;420
23737;201500026345;15;11;14;1240;1;2;1;1;6;127;0, CORNEILLE PIERRE (RUE;M;4606324.0;406250.0;420
23738;201500026347;15;11;18;1745;5;2;3;1;6;127;0, FRANCE ANATOLE ( RUE);M;4606021.0;406785.0;420
23739;201500026349;15;11;22;1635;1;2;3;1;3;187;36, VERNES (RUE DES);M;4602994.0;405165.0;420
23740;201500026350;15;11;23;1345;1;2;3;1;3;127;155, BRIENNON (RT DE);M;4606576.0;407422.0;420
23741;201500026351;15;12;1;1045;1;2;1;1;2;187;EST (ROCADE);M;4605105.0;408284.0;420
23742;201500026352;15;1;9;1840;5;2;6;1;7;127;0, DE GAULLE (AVENUE CHA;M;4608344.0;407332.0;420
23743;201500026353;15;1;12;1015;1;2;1;1;2;71;38, ETINES (BOULEVARD DE;M;4602135.0;409224.0;420
23744;201500026354;15;1;12;1835;2;1;1;1;2;170;0, LES PLAINES (LIEU DIT;M;4603500.0;410015.0;420
23745;201500026355;15;1;13;1620;1;2;1;1;6;187;92, THOMAS (RUE ALBERT);M;4604809.0;407418.0;420
23746;201500026356;15;1;13;1615;2;2;1;1;4;187;39, PARIS (AVENUE DE);M;4604387.0;407153.0;420
23747;201500026357;15;1;15;1245;1;2;1;1;7;187;35, THOMAS (RUE ALBERT);M;4604416.0;407404.0;420
23748;201500026358;15;1;16;1035;1;2;1;2;6;187;0, HERMINIER (QUAI DU CO;M;4603388.0;407807.0;420
23749;201500026359;15;1;16;1645;2;2;1;2;4;187;0, Pont de la LOIRE;M;4603262.0;408000.0;420
23750;201500026360;15;1;23;1800;5;2;1;1;7;187;15, GAMBETTA (AVENUE);M;4603937.0;406661.0;420
23751;201500026361;15;1;26;1810;5;2;1;2;7;187;0, PROMENADES POPULLE(PO;M;4603655.0;406485.0;420
23752;201500026362;15;1;23;1050;1;1;1;2;7;170;0, R.D 504;M;4604038.0;414660.0;420
23753;201500026363;15;1;29;750;4;2;1;3;7;187;22, AUGE (RUE JOANNY);M;4603844.0;405215.0;420
23754;201500026364;15;1;30;1310;1;2;2;1;3;187;25, NOELAS (Rue);M;4603810.0;406859.0;420
23755;201500026365;15;1;30;1710;1;1;1;2;7;170;0, LES PLAINES (LIEU DIT;M;4603327.0;409799.0;420
23756;201500026366;15;2;9;1645;2;2;1;1;2;187;8, BRISON (RUE);M;4603372.0;406902.0;420
23757;201500026367;15;2;10;1740;3;2;2;1;3;187;0, MAROC (RUE DU );M;4606286.0;407589.0;420
23758;201500026368;15;2;12;1223;1;2;1;1;6;187;2, DUCARRE (RUE GEORGES;M;4603470.0;407380.0;420
23759;201500026369;15;2;19;1035;1;2;1;7;2;71;23, PARMENTIER (RUE ANTO;M;4602937.0;408775.0;420
23760;201500026370;15;2;24;820;1;2;1;1;6;71;24, LIBERATION (AVENUE D;M;4603045.0;408312.0;420
23761;201500026371;15;2;27;920;1;2;2;2;3;187;0, MONTRETOUT (RUE DE );M;4605011.0;409011.0;420
23762;201500026372;15;3;3;1700;1;2;2;1;3;184;0, MICHEL LOUISE  (RUE);M;4604904.0;405168.0;420
23763;201500026373;15;3;4;1400;1;2;1;2;4;187;1, CLERMONT (RUE DE );M;4603137.0;406749.0;420
23764;201500026374;15;3;9;1635;1;2;2;1;3;187;0, DANTON (RUE GEORGES);M;4603711.0;405471.0;420
23765;201500026375;15;3;10;1845;5;2;1;1;7;187;157, CHARLIEU (RUE DE );M;4604800.0;408256.0;420
23766;201500026376;15;3;12;1142;1;2;1;1;6;187;0, MARCEAU (RUE);M;4603710.0;406080.0;420
23767;201500026377;15;3;13;1335;1;2;3;1;3;187;12, MACE (RUE JEAN);M;4603910.0;407481.0;420
23768;201500026378;15;1;10;50;5;2;1;1;6;259;50, SAINT MARTIN ROUTE D;M;4553663.0;460777.0;420
23769;201500026379;15;1;23;1920;5;2;1;1;6;207;12, GAMBETTA RUE;M;4547364.0;451151.0;420
23770;201500026380;15;2;18;1215;1;1;1;8;4;207;LANGONNAND  ROUTE DE;M;4547738.0;446635.0;420
23771;201500026381;15;12;21;1545;1;2;2;1;3;218;IGNORE, VERNEY CARRON CL;M;4546367.0;438176.0;420
23772;201500026382;15;3;19;1300;1;2;1;1;6;218;5, CHARCOT DOCTEURS JUSQ;M;4542277.0;439208.0;420
23773;201500026383;15;12;24;935;1;2;1;1;6;330;rue des écoles;M;4546828.0;435446.0;420
23774;201500026384;15;3;28;910;1;2;2;1;6;189;01, COMTE LOUIS;M;4543332.0;432252.0;420
23775;201500026385;15;12;27;1030;1;2;1;1;6;218;12, ROCHETAILLEE (AVENUE;M;4542057.0;439821.0;420
23776;201500026386;15;4;9;1640;1;2;1;1;2;218;ignore, MUSSET ALFRED DE;M;4544345.0;437946.0;420
23777;201500026387;15;11;28;2300;3;1;1;1;6;218;ignor, R.D. N25;M;4545676.0;429561.0;420
23778;201500026388;15;4;10;1620;1;2;1;1;6;218;3, BRUGNIAUT OVIDE;M;4541084.0;438735.0;420
23779;201500026389;15;12;28;1600;1;2;1;1;1;218;ignor, TALAUDIERE (DE L;M;4545141.0;440722.0;420
23780;201500026390;15;4;5;1315;1;1;3;1;6;218;80, VIVALDI ANTONIO (BOU;M;4547088.0;440020.0;420
23781;201500026391;15;12;29;1200;1;2;1;2;1;218;ignor, MOMEY;M;4545909.0;436984.0;420
23782;201500026392;15;4;5;1537;1;2;3;1;3;218;20, VIAL JEAN HIPPOLYTE;M;4543514.0;443718.0;420
23783;201500026394;15;4;6;2031;2;2;2;1;3;218;ignoré, FRANCHE AMITIE A;M;4543516.0;438401.0;420
23784;201500026395;15;4;21;1605;1;2;1;1;2;218;39, DESTRE DOCTEUR LOUIS;M;4543864.0;443622.0;420
23785;201500026396;15;4;21;1500;1;2;1;1;6;218;140, DURAFOUR ANTOINE A;M;4542244.0;439656.0;420
23786;201500026397;15;1;1;101;5;2;2;1;3;218;10, THIERRY AUGUSTIN (BD;M;4544685.0;438375.0;420
23787;201500026398;15;4;26;245;1;1;1;1;6;183;ROCADE OUEST;M;4541794.0;437090.0;420
23788;201500026399;15;4;27;1515;1;2;1;2;6;218;ignoré, LOUGANSK (DE);M;4542094.0;441216.0;420
23789;201500026400;15;12;18;807;1;2;3;1;6;218;02, VILLARS (DE);M;4546559.0;437840.0;420
23790;201500026401;15;4;10;803;1;2;2;1;6;218;28, AMOUROUX A PARTIR DE;M;4541394.0;439843.0;420
23791;201500026402;15;12;19;230;5;2;2;1;3;218;LEVAILLANT MAITRE SIMONE;M;4546367.0;438176.0;420
23792;201500026403;15;4;11;1115;1;2;2;1;6;218;53, FAURIEL (COURS);M;4542689.0;440353.0;420
23793;201500026404;15;12;22;1641;1;2;3;1;3;218;129, ALLIES JUSQU'AUX N;M;4544151.0;441423.0;420
23794;201500026405;15;4;11;1425;1;2;1;1;4;275;01, MENDES FRANCE PIERRE;M;4546939.0;437588.0;420
23795;201500026406;15;4;14;1916;1;1;1;1;1;189;VILLEBOEUF (LIEU DIT);M;4542909.0;435104.0;420
23796;201500026407;15;4;16;1202;1;1;1;1;5;189;ROCADE OUEST;M;4543012.0;434816.0;420
23797;201500026408;15;4;20;853;1;2;1;1;6;218;32, JANIN JULES (BD) JUS;M;4544868.0;439098.0;420
23798;201500026409;15;4;22;959;1;2;2;1;3;218;51, ACIERIES (DES);M;4545616.0;439174.0;420
23799;201500026410;15;12;24;1641;1;2;1;1;1;218;04, OGIER JEAN BAPTISTE;M;4543575.0;443201.0;420
23800;201500026411;15;4;30;1658;1;2;2;1;6;218;02, VIVALDI ANTONIO (BOU;M;4546609.0;439888.0;420
23801;201500026413;15;5;6;1850;1;2;1;1;6;218;IGNORE, COLETTE;M;4542118.0;442169.0;420
23802;201500026414;15;5;10;410;5;2;3;1;3;218;ignoré, MULLER DES DOCTE;M;4544703.0;439800.0;420
23803;201500026415;15;5;11;1600;1;2;2;1;1;218;IGNORE, TALAUDIERE (DE L;M;4545021.0;440411.0;420
23804;201500026416;15;5;12;1730;1;2;1;1;6;218;5/7, CHARCOT DOCTEURS JU;M;4542265.0;439192.0;420
23805;201500026417;15;5;16;240;5;2;1;2;6;218;33, LIOGIER JUSQU'AUX Nø;M;4542839.0;440482.0;420
23806;201500026419;15;5;19;1445;1;2;1;1;6;218;31, BEAUBRUN;M;4543387.0;438207.0;420
23807;201500026420;15;5;22;1740;1;1;1;1;3;223;CIZERON (LIEU DIT);M;4546616.0;431924.0;420
23808;201500026421;15;5;23;1800;1;2;1;1;6;275;43, MENDES FRANCE PIERRE;M;4547799.0;436084.0;420
23809;201500026422;15;4;27;1920;1;2;1;1;2;218;27, CLAUDE DESIRE JUSQU';M;4542908.0;438894.0;420
23810;201500026423;15;5;31;2200;5;2;1;1;6;218;IGNORE, JANIN JULES (BD);M;4544474.0;439780.0;420
23811;201500026425;15;6;9;1415;1;2;1;1;6;218;56, BERGSON A PARTIR Nø;M;4545360.0;438336.0;420
23812;201500026426;15;6;11;1615;1;2;1;1;2;218;52, DAGUERRE;M;4542317.0;439065.0;420
23813;201500026427;15;5;21;2145;3;1;1;1;7;218;D8;M;4538919.0;447278.0;420
23814;201500026428;15;5;29;855;1;2;2;1;3;218;01, SALENGRO ROGER;M;4544102.0;438900.0;420
23815;201500026429;15;5;31;619;1;2;2;1;3;218;10, CAMELINAT JUSQU'AUX;M;4544480.0;438431.0;420
23816;201500026430;15;6;2;746;1;2;1;1;6;218;153, BERGSON A PARTIR Nø;M;4545905.0;438153.0;420
23817;201500026431;15;6;3;2127;1;2;2;1;3;218;21, GAMBETTA A PARTIR Nø;M;4543330.0;438886.0;420
23818;201500026432;15;6;5;1449;1;2;1;1;3;218;22, JANIN JULES (BD) JUS;M;4544792.0;438801.0;420
23819;201500026433;15;6;9;1748;1;2;1;1;4;218;ignoré, VERNEY CARRON CL;M;4546269.0;438236.0;420
23820;201500026434;15;6;13;511;1;2;3;1;6;218;12, JAURES JEAN (PLACE);M;4544145.0;438726.0;420
23821;201500026435;15;6;19;1915;1;2;1;1;6;218;14, BERNARD MARTIN;M;4543271.0;438024.0;420
23822;201500026436;15;6;19;1416;1;2;3;1;6;218;ignoré, NADAUD GUSTAVE (;M;4543317.0;439556.0;420
23823;201500026437;15;6;26;1800;1;2;1;1;6;218;43, GAMBETTA A PARTIR Nø;M;4543124.0;438928.0;420
23824;201500026438;15;6;30;715;1;2;1;1;6;305;6, HUGO VICTOR;M;4547981.0;443123.0;420
23825;201500026439;15;7;5;345;5;2;2;1;3;218;14, BERNARD MARTIN;M;4543265.0;438037.0;420
23826;201500026440;15;7;6;1829;1;1;1;1;7;223;D15;M;4545462.0;434182.0;420
23827;201500026441;15;7;10;2355;5;2;3;1;7;218;16, REVOLLIER J-FRANCOIS;M;4545518.0;437764.0;420
23828;201500026443;15;7;21;1939;1;1;1;1;4;218;Le Berlan;M;4543410.0;430426.0;420
23829;201500026444;15;8;2;331;5;2;1;1;6;218;36, MARTYRS DE VINGRE;M;4543594.0;439023.0;420
23830;201500026445;15;8;2;750;1;2;1;1;6;218;133, MONTAT (DE LA) A PA;M;4544384.0;441588.0;420
23831;201500026446;15;8;4;913;1;2;3;1;3;218;ignoré, NELTNER LOUIS (B;M;4546185.0;441447.0;420
23832;201500026447;15;8;8;1430;1;1;6;2;2;330;IGNORE, POUQUET HUBERT (;M;4547846.0;434750.0;420
23833;201500026448;15;8;17;2100;5;2;1;1;6;218;105, DESTRE DOCTEUR LOUI;M;4544002.0;441956.0;420
23834;201500026449;15;8;19;2045;1;2;1;1;6;218;79, FAURIEL (COURS);M;4542483.0;440724.0;420
23835;201500026450;15;8;23;1215;1;2;2;3;3;218;IGNORE, GRUNER (AVENUE);M;4544008.0;439970.0;420
23836;201500026451;15;8;24;1830;1;2;1;1;3;218;23, TALAUDIERE (DE LA) J;M;4545324.0;440993.0;420
23837;201500026452;15;8;26;1445;1;2;1;1;3;218;ignoré, VERNEY CARRON CL;M;4546273.0;438230.0;420
23838;201500026453;15;8;29;1156;1;2;1;1;7;218;27, FLORALIES (DES);M;4547030.0;439434.0;420
23839;201500026454;15;8;31;1132;1;2;6;1;3;218;ROOSEVELT FRANKLIN (SQUA;M;4542082.0;441073.0;420
23840;201500026456;15;9;6;1355;1;2;1;1;6;218;42, FRAISSINETTE ALEXAND;M;4541815.0;441690.0;420
23841;201500026457;15;9;8;1243;1;2;3;1;3;275;24, ETRAT (ROUTE DE L');M;4547159.0;438341.0;420
23842;201500026459;15;9;18;1614;1;2;3;1;3;218;ignoré, PONT DE L'ANE (I;M;4544399.0;441903.0;420
23843;201500026460;15;9;19;822;1;2;1;1;3;237;34, HUGO (VICTOR);M;4544609.0;443360.0;420
23844;201500026461;15;9;24;1807;1;2;1;1;6;218;ignoré, RONDET MICHEL A;M;4543778.0;438313.0;420
23845;201500026462;15;9;25;1640;1;2;1;1;6;218;15, RICHELANDIERE (DE LA;M;4543887.0;439999.0;420
23846;201500026463;15;10;1;130;5;2;2;1;3;218;ignore, BLANQUI;M;4544007.0;439103.0;420
23847;201500026464;15;9;30;1519;1;2;1;1;6;218;128, BERGSON A PARTIR Nø;M;4546302.0;438067.0;420
23848;201500026465;15;10;4;940;1;2;1;1;6;330;02, TAILLEE (ROUTE);M;4546603.0;435503.0;420
23849;201500026466;15;10;5;1750;1;2;2;1;6;218;64, PASSEMENTIERS A PART;M;4541817.0;439478.0;420
23850;201500026467;15;10;2;2120;5;2;4;1;3;218;IGNORE, EVRARD FLORENT A;M;4541899.0;437594.0;420