;Num_Acc;an;mois;jour;hrmn;lum;agg;int;atm;col;com;adr;gps;lat;long;dep
23851;201500026468;15;10;24;1955;3;1;1;1;1;223;D15;M;4545382.0;434201.0;420
23852;201500026469;15;10;25;800;1;2;1;1;6;218;32, MALON BENOIT;M;4544456.0;438083.0;420
23853;201500026471;15;10;30;1015;1;2;1;1;1;218;36, MARTEL EDOUARD JUSQU;M;4542272.0;437659.0;420
23854;201500026472;15;11;6;1340;1;2;1;1;6;218;17, VILLE (DE LA);M;4543637.0;438652.0;420
23855;201500026473;15;11;7;1745;1;2;1;1;6;218;IGNORE, MONTYON;M;4546645.0;438349.0;420
23856;201500026474;15;11;8;1200;1;2;2;1;3;305;IGNORE, ROLLAND ROMAIN;M;4548332.0;443011.0;420
23857;201500026475;15;11;8;1415;1;2;1;1;6;218;IGNORE, ROOSEVELT FRANKL;M;4542122.0;441132.0;420
23858;201500026476;15;11;8;2010;5;2;1;1;6;218;IGNORE, MOULIN JEAN (PLA;M;4543746.0;439278.0;420
23859;201500026477;15;11;11;1830;4;2;1;1;6;218;11-13, MAREY COLONEL;M;4544527.0;440233.0;420
23860;201500026478;15;11;11;1115;1;2;2;1;3;218;99, FAURIEL (COURS);M;4542292.0;440930.0;420
23861;201500026479;15;11;13;1050;1;2;1;1;6;218;29, DE GAULLE CHARLES;M;4544451.0;438558.0;420
23862;201500026480;15;11;19;1250;1;2;9;1;6;218;2D, OVIDES;M;4543793.0;441390.0;420
23863;201500026481;15;11;20;1210;1;2;1;1;6;218;30-38, FAURIAT (BOULEVAR;M;4544704.0;440540.0;420
23864;201500026482;15;11;23;2005;5;2;1;1;2;218;21, MIMARD ETIENNE JUSQU;M;4543839.0;439623.0;420
23865;201500026483;15;10;16;1555;1;2;3;8;3;218;09, ROBESPIERRE;M;4541483.0;439505.0;420
23866;201500026484;15;11;28;1100;1;2;1;1;6;218;ignor, MASSENET (PLACE);M;4546559.0;437976.0;420
23867;201500026486;15;11;12;1729;5;1;1;1;6;218;25, RICHELANDIERE (DE LA;M;4543880.0;440103.0;420
23868;201500026487;15;11;19;1017;1;2;3;1;6;330;02, REPUBLIQUE;M;4546837.0;435364.0;420
23869;201500026488;15;12;2;1151;1;2;1;1;6;218;15, VALBENOITE (BD) JUSQ;M;4542867.0;439482.0;420
23870;201500026489;15;12;4;803;1;1;2;1;3;218;A72 SENS VERS CLERMONT F;M;4546495.0;439873.0;420
23871;201500026490;15;12;8;1146;1;2;1;1;2;218;34, DESTRE DOCTEUR LOUIS;M;4543913.0;443622.0;420
23872;201500026491;15;12;11;1310;1;2;2;1;3;218;68, ROUGET DE L'ISLE A P;M;4544609.0;438664.0;420
23873;201500026493;15;12;2;1235;1;1;1;1;6;218;D25;M;4542853.0;429502.0;420
23874;201500026494;15;12;2;1800;5;2;1;1;6;218;84, CHAVASSIEUX JUSQU'AU;M;4544856.0;436606.0;420
23875;201500026496;15;12;5;2340;5;2;2;1;3;218;IGNORE, MIMARD ETIENNE A;M;4543657.0;439396.0;420
23876;201500026497;15;12;6;510;5;2;1;1;6;218;15, MOLINA (DE);M;4546660.0;439350.0;420
23877;201500026498;15;12;8;110;5;2;1;1;6;218;IGNORE, MONT MOUCHET;M;4544185.0;442955.0;420
23878;201500026500;15;12;10;740;1;2;1;1;3;305;IGNORE, HUGO VICTOR;M;4548114.0;443485.0;420
23879;201500026501;15;1;7;1945;5;2;1;1;6;218;23, HUGO VICTOR (COURS);M;4543245.0;438840.0;420
23880;201500026502;15;1;13;715;3;2;1;1;6;330;ignor?, HIPPODROME (LOT);M;4547296.0;435794.0;420
23881;201500026503;15;1;13;1950;5;2;3;1;5;218;ignor?, HUIT MAI 1945 (B;M;4545051.0;440187.0;420
23882;201500026504;15;1;15;1645;1;2;1;1;3;237;ignor?, VIGNES (LIEU DIT;M;4544041.0;445553.0;420
23883;201500026505;15;1;15;1345;1;2;3;1;6;218;ignor?, CHEVREUL;M;4542467.0;439497.0;420
23884;201500026507;15;1;10;1741;2;2;1;1;6;305;HUGO VICTOR;M;4548078.0;443372.0;420
23885;201500026509;15;1;24;1300;1;2;1;1;1;189;ignor?, CLAPEUSES (DES);M;4541983.0;431698.0;420
23886;201500026510;15;1;25;1750;2;2;1;8;6;218;02, CHAIZE NICOLAS JUSQU;M;4541804.0;439365.0;420
23887;201500026511;15;1;15;1815;5;2;1;1;3;218;82, BERGSON A PARTIR N?;M;4545778.0;438217.0;420
23888;201500026512;15;1;29;1935;5;2;1;3;6;218;18, ALLARD MARCELLIN;M;4543545.0;439323.0;420
23889;201500026513;15;2;7;230;5;2;1;1;6;218;ignor?, BASSE DES RIVES;M;4542601.0;439413.0;420
23890;201500026514;15;2;10;955;1;2;3;8;6;218;19, POURCEL ALEXANDRE JU;M;4542385.0;439545.0;420
23891;201500026515;15;2;9;1330;1;2;3;1;3;218;FACE AU 18, MIMARD ETIEN;M;4543747.0;439521.0;420
23892;201500026516;15;2;11;1106;1;2;7;1;6;218;sans, JACQUARD (PLACE);M;4544217.0;438241.0;420
23893;201500026517;15;2;15;2155;5;2;2;1;3;218;IGNORE, ARCOLE A PARTIR;M;4544013.0;438259.0;420
23894;201500026518;15;2;25;1515;1;2;1;1;1;305;IGNORE, FONTAINE JEAN DE;M;4547906.0;441324.0;420
23895;201500026519;15;2;24;1930;5;2;2;2;5;218;ignore, MUSSET ALFRED DE;M;4544170.0;437894.0;420
23896;201500026520;15;2;26;1845;5;2;1;2;5;218;IGNORE, POMPIDOU GEORGES;M;4545356.0;439909.0;420
23897;201500026521;15;3;1;1350;1;2;2;1;3;218;ignoré, MIMARD ETIENNE A;M;4543889.0;439703.0;420
23898;201500026522;15;2;26;1325;1;2;1;1;6;218;34, TIBLIER VERNE;M;4544851.0;440072.0;420
23899;201500026523;15;3;7;540;5;2;1;1;6;218;32, JANIN JULES (BD) JUS;M;4544868.0;439060.0;420
23900;201500026524;15;3;7;530;5;2;1;1;1;305;3185, ROSTAND JEAN (BOUL;M;4547526.0;444269.0;420
23901;201500026525;15;3;11;2143;5;2;1;1;6;218;58, ROZIER (DU);M;4543121.0;439897.0;420
23902;201500026526;15;3;10;1915;5;2;1;1;6;218;6, BERNARD MARTIN;M;4543307.0;438002.0;420
23903;201500026527;15;3;13;1150;1;2;1;1;6;218;28, LIBERATION (AVENUE);M;4543785.0;439365.0;420
23904;201500026528;15;3;16;1600;1;2;1;1;4;189;ignoré, PASCAL BLAISE (B;M;4542412.0;431604.0;420
23905;201500026530;15;3;18;1516;1;2;1;1;3;275;18, MENDES FRANCE PIERRE;M;4547266.0;437100.0;420
23906;201500026531;15;3;17;1412;1;2;2;1;6;218;80, CHARCOT DOCTEURS A P;M;4541798.0;439315.0;420
23907;201500026532;15;3;19;2150;5;2;1;1;6;218;40, BOISSON ETIENNE JUSQ;M;4544572.0;438297.0;420
23908;201500026533;15;3;27;1400;1;2;2;1;3;218;IGNORE, RHIN ET DANUBE (;M;4544507.0;436612.0;420
23909;201500026534;15;3;25;1705;1;2;1;2;2;237;1997, ROSTAND JEAN;M;4546718.0;443141.0;420
23910;201500026535;15;4;3;25;5;2;2;1;3;218;IGNORE, DURAFOUR ANTOINE;M;4543074.0;439332.0;420
23911;201500026537;15;3;21;1210;1;2;1;1;3;186;37, REPUBLIQUE DU N°1 AU;M;4552978.0;461220.0;420
23912;201500026538;15;3;17;1705;1;2;1;1;6;207;12, GAMBETTA RUE;M;4547363.0;451149.0;420
23913;201500026539;15;4;23;1840;1;2;1;1;6;123;30, JAURES RUE JEAN;M;4558436.0;451409.0;420
23914;201500026540;15;5;7;130;1;1;1;1;6;259;PLAINE ROUTE DE LA;M;4554814.0;460875.0;420
23915;201500026541;15;5;7;835;1;1;1;1;6;186;1, GAMBETTA COURS;M;4552923.0;461980.0;420
23916;201500026542;15;5;25;1715;1;1;1;1;6;259;38, SAINT MARTIN ROUTE D;M;4554075.0;461018.0;420
23917;201500026543;15;5;27;1315;1;2;1;1;3;207;5, TONKIN RUE DU;M;4547519.0;452233.0;420
23918;201500026544;15;5;30;1030;1;2;1;1;6;207;64, WALDECK ROUSSEAU BOU;M;4547519.0;450487.0;420
23919;201500026545;15;6;18;2030;1;2;1;1;5;207;56, VICTOR HUGO RUE;M;4547608.0;452093.0;420
23920;201500026546;15;6;2;2030;1;1;1;1;6;207;VICTOR HUGO RUE;M;4547435.0;451406.0;420
23921;201500026547;15;6;19;1600;1;1;1;1;1;225;709, GRAVENAND ROUTE DU;M;4553236.0;459538.0;420
23922;201500026548;15;6;26;1239;1;2;1;1;6;207;COIN ROUTE DU;M;4547300.0;451629.0;420
23923;201500026549;15;6;9;1005;1;2;1;1;3;207;4, RIVORY JEAN BAPTISTE;M;4546014.0;452426.0;420
23924;201500026550;15;7;2;855;1;1;1;1;2;207;10, FERRY JULES AVENUE;M;4547075.0;451578.0;420
23925;201500026551;15;6;23;2015;1;2;3;1;3;207;1, GRANDE TERRE BOULEVAR;M;4547254.0;453005.0;420
23926;201500026552;15;7;30;1605;1;2;1;1;6;207;7, DORIAN PLACE;M;4547529.0;450901.0;420
23927;201500026553;15;7;31;2245;5;2;3;1;2;123;30, JAURES RUE JEAN;M;4551407.0;458439.0;420
23928;201500026554;15;8;28;1500;1;2;2;1;3;207;19, HUGO VICTOR RUE;M;4547483.0;451685.0;420
23929;201500026555;15;9;16;2355;5;2;3;1;6;207;12, GAMBETTA RUE;M;4547343.0;451101.0;420
23930;201500026557;15;9;18;700;2;2;1;9;6;186;51, EDOUARD VAILLANT RUE;M;4552400.0;460621.0;420
23931;201500026558;15;9;9;1745;1;2;1;1;6;207;56, WALDECK ROUSSEAU;M;4547652.0;450616.0;420
23932;201500026559;15;9;22;1605;1;2;1;1;6;207;1 BIS, GAMBETTA RUE;M;4547401.0;451286.0;420
23933;201500026560;15;9;21;1130;1;2;1;1;1;186;36, COUZON RUE VALLEE DE;M;4552309.0;462447.0;420
23934;201500026561;15;10;5;1630;1;2;1;8;5;186;51, VAILLANT RUE EDOUARD;M;4552373.0;460622.0;420
23935;201500026562;15;10;1;2040;5;2;2;1;3;207;NATIONALE PLACE;M;4546433.0;450341.0;420
23936;201500026563;15;10;10;2049;5;2;2;1;2;207;9, VICTOR HUGO RUE;M;4547438.0;451399.0;420
23937;201500026564;15;7;1;2330;5;1;1;1;6;225;122, MANISSOL ROUTE DE;M;4552322.0;459222.0;420
23938;201500026565;15;10;22;1210;1;2;1;1;6;207;2, ORIOL BENOIT RUE;M;4547739.0;451537.0;420
23939;201500026566;15;10;31;1700;2;1;1;1;3;207;58, LANGONNAND  ROUTE DE;M;4547182.0;448734.0;420
23940;201500026567;15;11;4;1350;1;2;1;1;5;207;46, LYON ROUTE DE;M;4548072.0;452833.0;420
23941;201500026568;15;11;5;950;1;2;1;1;6;186;14, JUIN AVENUE DU MAREC;M;4553075.0;462248.0;420
23942;201500026569;15;11;23;745;1;2;1;1;2;123;2, ASSAILLY RUE D';M;4551018.0;457337.0;420
23943;201500026570;15;12;5;2345;5;2;1;1;2;123;24, DURAFOUR RUE ANTOINE;M;4551027.0;457611.0;420
23944;201500026571;15;12;8;1715;2;2;1;1;1;207;GRANDE TERRE BOULEVARD;M;4547290.0;453339.0;420
23945;201500026572;15;12;15;1935;5;2;3;2;1;207;83, PETIN GAUDET RUE;M;4546331.0;450730.0;420
23946;201500026573;15;3;26;1400;1;2;1;1;6;157;24, DOLAIZON (RUE);;;;430
23947;201500026574;15;4;8;1635;1;2;1;1;6;157;21 BD MARECHAL JOFFRE;M;4504820.0;389355.0;430
23948;201500026575;15;4;9;2240;5;2;1;1;6;157;58, COUDEYRETTE (RUE);;;;430
23949;201500026577;15;5;19;1205;1;2;1;1;2;157;AV GEORGES CLEMENCEAU;M;4504120.0;388839.0;430
23950;201500026578;15;6;5;1935;1;2;1;1;6;157;9 RUE CHARLES VII;;;;430
23951;201500026579;15;6;20;2240;5;2;1;1;6;157;12, ST-JEAN (RUE DU FG);M;4504420.0;388943.0;430
23952;201500026580;15;6;20;1825;1;2;1;1;6;157;66, FAUBOURG (RUE DU);M;4504020.0;388827.0;430
23953;201500026581;15;6;28;2150;2;2;2;1;3;157;44, BREUIL (BD DU);;;;430
23954;201500026582;15;6;26;1500;1;2;1;1;6;157;2, BOUCHERIE BASSE (RUE);;;;430
23955;201500026583;15;6;30;1415;1;2;2;1;3;89;1, SOUCHON (RUE AUGUSTE);;;;430
23956;201500026584;15;7;18;1310;1;2;1;1;2;157;36, JOURDE (BD. PHILIPPE;;;;430
23957;201500026585;15;7;25;910;1;2;1;1;3;157;31, JOFFRE (BD. MARECHAL;M;4504880.0;389416.0;430
23958;201500026586;15;7;30;1530;1;2;1;1;6;157;3-5, FAYOLLE (BD. MARECH;M;4504210.0;388573.0;430
23959;201500026587;15;7;31;1200;1;2;1;1;6;2;3, AIGUILHE (AVENUE D');M;4504850.0;388100.0;430
23960;201500026588;15;8;11;1820;1;2;1;1;3;157;10 BD MARECHAL JOFFRE;M;4504760.0;389299.0;430
23961;201500026589;15;8;12;2310;5;2;3;1;3;157;AVENUE DU BREUIL;;;;430
23962;201500026590;15;8;16;555;2;2;1;1;6;89;70, ERMITAGE (AVENUE DE;M;4505580.0;386097.0;430
23963;201500026591;15;9;9;1400;1;2;1;1;6;251;18, JEANNE D'ARC (AV;;;;430
23964;201500026593;15;11;3;830;1;2;1;2;2;89;1, PARADIS (AVENUE DE);;;;430
23965;201500026594;15;11;2;830;1;2;2;1;1;251;3, BERNARD (RUE ANDRE);M;4502850.0;387231.0;430
23966;201500026596;15;11;18;1342;1;2;1;1;6;157;22/24, ST-JEAN (RUE DU F;M;4504430.0;388951.0;430
23967;201500026599;15;12;11;1500;1;2;1;1;2;251;16 MASSOT (RUE CHARLES);;;;430
23968;201500026601;15;12;10;1320;1;2;1;1;3;157;23 BELGES (AV. DES);M;4504710.0;389577.0;430
23969;201500026602;15;11;23;1210;1;2;1;1;6;157;6, LASHERMES (RUE);;;;430
23970;201500026603;15;12;28;1650;2;2;1;1;1;157;10 CHATEAU DE MONS (RUE);;;;430
23971;201500026604;15;1;2;1055;1;2;1;1;6;251;1, SAINT BENOIT (RUE);;;;430
23972;201500026605;15;1;9;1825;5;2;1;1;6;157;22 AVENUE DES BELGES;M;4504770.0;389695.0;430
23973;201500026606;15;1;27;1755;5;2;1;1;6;157;AVENUE DE MESCHEDE;;;;430
23974;201500026608;15;2;8;1605;1;1;1;1;1;157;1 AV SALVADOR ALLENDE;;;;430
23975;201500026609;15;2;10;1820;5;1;1;1;6;41;P PIETON PROVISOIRE;M;4505580.0;390718.0;430
23976;201500026610;15;3;5;1110;1;2;1;1;6;157;50 AVENUE D'OURS MONS;;;;430
23977;201500026611;15;3;7;925;1;2;4;1;3;157;2 BD CARNOT;M;4504470.0;387994.0;430
23978;201500026612;15;3;11;2025;5;2;3;1;2;157;25 AV MARECHAL FOCH;M;4503980.0;388823.0;430
23979;201500026613;15;3;14;1925;3;2;1;2;1;41;AV BELGES-ZONE CHANTIER;M;4505000.0;390319.0;430
23980;201500026615;15;12;31;1755;1;1;2;1;6;55;NS, CETRES ( ROUTE DE );M;4716596.0;-218574.0;440
23981;201500026616;15;1;27;2050;5;2;6;1;7;132;VILLES BABIN (ROUTE DE L;M;4725660.0;-231669.0;440
23982;201500026617;15;2;8;2120;3;1;1;1;7;55;NS, RD 213;M;4730675.0;-238613.0;440
23983;201500026618;15;2;18;2110;5;2;1;1;6;132;94, VILLES BABIN (ROUTE;M;4726198.0;-230676.0;440
23984;201500026619;15;2;19;1210;1;2;1;1;6;132;142, GAULLE (AVENUE DU G;M;4726093.0;-233972.0;440
23985;201500026620;15;3;21;1655;1;2;3;1;6;55;NS, LILAS ( AVENUE DES );M;4727794.0;-242564.0;440
23986;201500026621;15;4;5;750;1;2;1;1;7;55;4, SAINT CLAIR ( AVENUE;M;4728240.0;-238627.0;440
23987;201500026622;15;5;15;1715;1;2;1;8;1;135;52, LABÉGO ( BOULEVARD D;M;4725997.0;-242442.0;440
23988;201500026623;15;4;6;2300;5;2;1;1;3;55;bd rené dubois;M;4728068.0;-238418.0;440
23989;201500026624;15;5;16;2125;2;2;1;1;2;55;83, LILAS ( AVENUE DES );M;4727799.0;-241949.0;440
23990;201500026625;15;4;9;1815;1;1;1;1;2;132;VILLES BLAIS (ROUTE DE L;M;4726527.0;-229694.0;440
23991;201500026626;15;5;24;135;5;2;1;1;7;132;25, BONNE SOURCE (AVENUE;M;4725417.0;-233634.0;440
23992;201500026627;15;6;4;1425;1;2;1;1;3;55;57, MERMOZ ( AVENUE JEAN;M;4728966.0;-238469.0;440
23993;201500026628;15;6;1;1650;1;2;1;1;2;55;NS, BARRIERE ( ESPLANADE;M;4728028.0;-240819.0;440
23994;201500026629;15;6;29;1520;1;2;9;1;7;55;13, SAUMUR ( AVENUE DE );M;4728133.0;-237681.0;440
23995;201500026630;15;7;2;2110;1;2;1;1;6;132;3, SAINT SEBASTIEN (AVEN;M;4725978.0;-233454.0;440
23996;201500026631;15;7;5;1700;1;2;2;1;7;55;38, HALLALI ( AVENUE DE;M;4728491.0;-238546.0;440
23997;201500026632;15;7;11;1800;1;2;1;1;6;132;26, OCEANIDES (BOULEVARD;M;4726225.0;-234253.0;440
23998;201500026633;15;7;15;820;1;2;2;1;3;132;NS, PETIT CANON (AVENUE;M;4724947.0;-230866.0;440
23999;201500026634;15;7;17;1435;1;2;2;2;1;55;10, BOIS D'AMOUR ( AVENU;M;4728807.0;-238408.0;440
24000;201500026635;15;7;25;320;5;2;6;1;7;55;OCÉAN ( BOULEVARD DE L';M;4727451.0;-236078.0;440
24001;201500026636;15;8;2;1920;1;2;1;1;6;132;184, OCEANIDES (BOULEVAR;M;4727168.0;-235399.0;440
24002;201500026637;15;8;2;200;5;2;2;1;3;55;22, GUICHARD (AVENUE OLI;M;4728557.0;-239358.0;440
24003;201500026638;15;8;3;2015;2;2;9;1;6;132;10, OCEANIDES (BOULEVARD;M;4726046.0;-234064.0;440
24004;201500026639;15;8;7;647;1;2;2;1;1;55;6, CLEMENCEAU ( AVENUE G;M;4728718.0;-239045.0;440
24005;201500026640;15;8;8;1130;1;2;1;1;2;132;111, SAINT SEBASTIEN (AV;M;4725632.0;-232158.0;440
24006;201500026641;15;8;23;1220;1;2;6;1;1;55;7, FLANDIN ( AVENUE DU C;M;4728753.0;-238048.0;440
24007;201500026642;15;8;23;1540;1;2;3;1;2;55;NS, LATTRE DE TASSIGNY (;M;4728158.0;-241383.0;440
24008;201500026643;15;9;4;1635;1;2;1;1;6;132;170, OCEANIDES (BOULEVAR;M;4727123.0;-235273.0;440
24009;201500026644;15;9;9;1030;1;2;1;1;1;55;32, PARC DES SPORTS ( AV;M;4728143.0;-241248.0;440
24010;201500026645;15;10;3;1530;1;2;6;1;6;135;26, ATLANTIQUE ( BOULEVA;M;4727297.0;-244000.0;440
24011;201500026646;15;10;12;1800;1;1;1;1;3;55;CAILLAUD ( BOULEVARD AUG;M;4727844.0;-233976.0;440
24012;201500026647;15;11;16;1820;4;2;6;2;6;55;07, FLANDIN ( AVENUE DU;M;4717150.0;-222498.0;440
24013;201500026648;15;12;7;1216;1;1;1;1;2;135;NS, ATLANTIQUE ( BOULEVA;;;;440
24014;201500026650;15;12;17;1124;1;2;2;1;6;55;10, GUICHARD (AVENUE OLI;M;4717024.0;-223381.0;440
24015;201500026651;15;2;2;1705;1;2;1;9;3;162;0, RUE VASCO DE GAMA;M;4722083.0;-162336.0;440
24016;201500026652;15;12;29;1440;1;2;1;1;1;109;RUE PAUL BELLAMY;;;;440
24017;201500026653;15;2;6;2125;5;2;1;1;1;109;1, VERNE ( BD JULES );M;4723440.0;-153544.0;440
24018;201500026654;15;1;31;1815;2;2;1;2;6;109;2, RUE JULES GRANDJOUAN;M;4724760.0;-151180.0;440
24019;201500026655;15;12;21;1115;1;2;1;1;3;109;5, ROUTE DE SAINTE LUCE;;;;440
24020;201500026656;15;1;6;1735;1;2;1;1;6;109;1, PLACE PIERRE MENDES F;M;4720880.0;-161095.0;440
24021;201500026657;15;2;21;1830;2;2;1;1;3;109;98, RUE PAUL BELLAMY;M;4722631.0;-156005.0;440
24022;201500026658;15;12;17;1800;5;2;1;1;6;162;AVENUE DU PARNASSE;M;;;440
24023;201500026659;15;3;17;1620;1;2;1;1;7;162;., BOULEVARD SALVADOR AL;M;4722191.0;-163261.0;440
24024;201500026660;15;12;31;1430;1;2;6;1;3;162;00, BOULEVARD PROFESSEUR;M;;;440
24025;201500026661;15;4;6;1800;1;2;6;1;3;109;., BOULEVARD DE LA LIBER;M;4722191.0;-158853.0;440
24026;201500026662;15;2;17;1640;1;2;6;1;3;109;RUE DU BOIS BRIAND;M;4725040.0;-149738.0;440
24027;201500026663;15;2;13;2105;5;2;1;1;7;162;1, PLACE OCEANE;M;4722530.0;-162920.0;440
24028;201500026664;15;2;10;1616;1;2;1;1;6;109;0, RUE GAETAN RONDEAU;M;4720600.0;-153549.0;440
24029;201500026665;15;1;26;2116;5;2;1;1;6;109;ALLEE BACO;M;4721330.0;-155054.0;440
24030;201500026666;15;12;18;422;5;2;1;2;7;162;184, ROUTE DE VANNES;M;4714000.0;-135000.0;440
24031;201500026668;15;2;14;1908;5;2;6;1;3;109;CASSIN ( BD RENE );M;4726344.0;-158000.0;440
24032;201500026669;15;12;30;2045;3;2;3;3;3;114;2, RUE DE LA GARENNE;M;4715287.0;-138434.0;440
24033;201500026670;15;2;19;2240;5;2;9;1;3;109;, GAULLE  ( BD GAL DE );M;4720640.0;-153912.0;440
24034;201500026672;15;12;19;1500;1;2;1;1;6;109;21, BOULEVARD GABRIEL GU;M;4712000.0;-134000.0;440
24035;201500026673;15;2;28;1905;1;2;1;1;7;109;57, JOST ( RUE LEON );M;4723853.0;-156889.0;440
24036;201500026674;15;12;23;1142;1;2;1;1;6;162;PLACE OCEANE;M;;;440
24037;201500026675;15;1;19;1158;1;2;8;1;6;109;RUE DU SENAT;M;4723890.0;-154311.0;440
24038;201500026676;15;3;1;100;5;2;1;9;2;109;00, FOSSE ( QUAI DE LA );M;4720850.0;-156898.0;440
24039;201500026677;15;2;22;1940;5;2;1;2;6;109;., RUE FELIX EBOUE;M;4721133.0;-155908.0;440
24040;201500026678;15;3;5;855;1;2;9;1;6;109;RUE PAUL BELLAMY;M;4723029.0;-156337.0;440
24041;201500026679;15;12;23;1505;1;2;1;1;2;162;., BOULEVARD SALVADOR AL;M;4712408.0;-137416.0;440
24042;201500026680;15;2;25;720;1;1;1;1;6;190;482, ROUTE DE CLISSON;M;4718700.0;-147825.0;440
24043;201500026681;15;3;7;2110;5;2;1;1;1;190;35C, RUE DES COUCOUS;M;4719917.0;-151122.0;440
24044;201500026682;15;12;19;1530;1;2;1;1;6;109;., BOULEVARD DE LA BEAUJ;M;4715133.0;-130444.0;440
24045;201500026683;15;3;5;1645;1;2;1;1;6;109;122, BOULEVARD DU MASSAC;M;4723120.0;-159346.0;440
24046;201500026684;15;12;15;2035;5;2;1;2;2;109;44, BOULEVARD JULES VERN;M;4723000.0;-153000.0;440
24047;201500026685;15;3;5;1400;1;2;1;1;3;109;BOULEVARD DE CARD;M;4719891.0;-158297.0;440
24048;201500026686;15;12;16;900;1;2;1;1;7;162;BOULEVARD MARCEL PAUL;M;4723000.0;-163000.0;440
24049;201500026688;15;3;9;1145;1;2;6;1;3;109;BOULEVARD DE LA BEAUJOIR;M;4725851.0;-151965.0;440
24050;201500026689;15;3;12;910;1;2;1;1;5;114;;M;4725065.0;-161813.0;440
24051;201500026690;15;12;11;1000;1;2;1;2;6;109;00, BOULEVARD LEON JOUHA;M;4712000.0;-135000.0;440
24052;201500026691;15;3;11;1430;1;2;1;1;6;143;5, RUE ORDRONNEAU;M;4719324.0;-157274.0;440
24053;201500026692;15;12;19;1750;5;2;1;1;6;143;118, RUE DE LA GALARNIER;M;;;440
24054;201500026693;15;2;5;1230;1;2;1;1;2;109;ROUTE DE SAINTE LUCE;M;4723242.0;-152203.0;440
24055;201500026694;15;12;20;700;5;2;1;1;6;143;175, RUE DES SORINIERES;M;4715000.0;153000.0;440
24056;201500026695;15;12;5;2355;1;1;6;1;5;109;BELLAMY ( RUE PAUL );;;;440
24057;201500026696;15;2;5;1350;1;2;2;1;3;109;BUAT ( RUE GENERAL );M;4722715.0;-154256.0;440
24058;201500026697;15;3;7;520;3;1;1;1;6;162;0, BD CHARLES DE GAULLE;M;4721205.0;-163225.0;440
24059;201500026698;15;3;5;1640;1;1;6;1;6;162;00, RUE DE LA JOHARDIERE;M;4722722.0;-165127.0;440
24060;201500026699;15;12;21;1655;2;2;2;1;1;109;., RUE DU MOULIN DE LA G;M;4715345.0;-130402.0;440
24061;201500026700;15;3;9;1445;1;2;1;1;6;109;13, BD AUGUSTE PAGEOT;M;4722408.0;-157655.0;440
24062;201500026701;15;12;17;720;2;2;1;1;6;109;QUAI PRESIDENT WILSON;M;4719000.0;157000.0;440
24063;201500026702;15;3;20;1445;1;2;6;2;3;109;0, BOULEVARD GUY MOLLET;M;4724917.0;-155416.0;440
24064;201500026703;15;12;22;1845;5;2;1;1;6;162;RUE OCEANE;M;4722000.0;300000.0;440
24065;201500026704;15;12;24;1105;1;1;1;1;6;143;PERIPHERIQUE;M;4718066.0;-161000.0;440
24066;201500026705;15;3;19;1415;1;2;1;1;6;109;1, PLACE DU COMMERCE;M;4721325.0;-155811.0;440
24067;201500026708;15;3;29;136;3;2;3;1;3;109;00, RUE DE CARCOUET;M;4722300.0;-157190.0;440
24068;201500026709;15;12;19;1600;1;2;1;8;6;109;3, PLACE DE LA PETITE HO;M;4712420.0;133264.0;440
24069;201500026710;15;3;28;1835;1;2;3;1;2;109;BD BATONNIER CHOLET;M;4720330.0;-161462.0;440
24070;201500026711;15;3;29;1555;1;2;1;1;2;109;00, RUE PAUL BELLAMY;M;4722750.0;-156101.0;440
24071;201500026712;15;2;17;815;1;1;1;1;6;162;2, RUE DU SOUVENIR FRANC;M;4721028.0;-162867.0;440
24072;201500026713;15;2;25;745;1;1;1;8;5;9;0, PERIPHERIQUE SUD;M;4722150.0;-147397.0;440
24073;201500026714;15;3;27;1735;1;2;1;1;6;109;41, BOULEVARD PIERRE DE;M;4722747.0;-158647.0;440
24074;201500026715;15;3;25;1850;2;2;1;1;2;143;RUE DE LA BASSE ILE;M;4719630.0;-156387.0;440
24075;201500026716;15;4;12;535;5;2;1;1;5;109;BOULEVARD DES ANGLAIS;M;4722610.0;-158323.0;440
24076;201500026717;15;4;14;800;1;2;1;1;3;109;121, BOULEVARD DE LA FRA;M;4722067.0;-158631.0;440
24077;201500026718;15;4;17;46;5;2;2;1;3;109;4, NANTAIS ( BD MARTYRS);M;4720520.0;-154731.0;440
24078;201500026719;15;4;21;2145;2;2;1;1;1;109;BOULEVARD DE LA BEAUJOIR;M;4725888.0;-152333.0;440
24079;201500026720;15;4;21;1525;1;1;1;1;6;109;RUE DUVOISIN;M;4721572.0;-155803.0;440
24080;201500026721;15;4;22;1255;1;1;1;1;3;114;537;M;4728150.0;-160173.0;440
24081;201500026722;15;4;11;1315;1;2;1;1;3;109;12, DERVALLIERES ( RUE D;M;4721666.0;-156667.0;440
24082;201500026723;15;4;24;1730;1;2;1;1;5;143;14, RUE JEAN JAURES;M;4718994.0;-154747.0;440
24083;201500026724;15;4;13;1725;1;2;6;1;3;109;BONDUELLE ( AVENUE J C );M;4721170.0;-154365.0;440