;Num_Acc;an;mois;jour;hrmn;lum;agg;int;atm;col;com;adr;gps;lat;long;dep
24084;201500026725;15;3;16;1910;1;2;1;1;6;109;RUE DES TAMARIS;M;4723828.0;-151677.0;440
24085;201500026726;15;4;28;835;1;2;1;1;1;109;08, RUE CHANOINE POUPARD;M;4724872.0;-157644.0;440
24086;201500026728;15;5;5;1015;1;2;1;1;6;109;29, BOULEVARD AMIRAL COU;M;4723010.0;-155555.0;440
24087;201500026730;15;4;7;1220;1;2;1;9;2;114;00, ESPLANADE DU CARDO;M;4726160.0;-158485.0;440
24088;201500026731;15;3;27;1945;2;1;1;1;6;198;83;M;4718330.0;-151957.0;440
24089;201500026732;15;5;6;2100;1;1;1;1;2;109;83, BOULEVARD DES BELGES;M;4723460.0;-154108.0;440
24090;201500026733;15;3;4;845;1;2;1;1;6;143;1, RUE ETIENNE MONNOT;M;4718010.0;-156007.0;440
24091;201500026734;15;3;23;2145;5;2;1;1;1;109;.1, PERIPHERIQUE;M;4725430.0;-162206.0;440
24092;201500026735;15;5;11;1830;1;1;1;1;3;109;01, RUE DE LA BASSE CHEN;M;4723661.0;-150793.0;440
24093;201500026736;15;3;3;815;1;2;1;1;3;114;., RUE EMILE LEVASSOR;M;4725620.0;-162931.0;440
24094;201500026737;15;5;11;1150;1;2;1;1;6;109;00, CHEMIN DE LA CENSIVE;M;4724512.0;-155186.0;440
24095;201500026738;15;5;15;1530;1;2;1;1;7;109;20, GIGANT ( RUE DE );M;4721437.0;-157037.0;440
24096;201500026739;15;5;18;820;1;2;6;1;7;114;., AVENUE ROBERT CHASTEL;M;4724382.0;-159126.0;440
24097;201500026740;15;4;11;920;1;2;1;2;2;109;., RUE JEAN POULAIN;M;4725180.0;-156528.0;440
24098;201500026741;15;5;11;1445;1;2;1;1;5;162;95, QUAI EMILE CORMERAIS;M;4719478.0;-163140.0;440
24099;201500026742;15;5;12;1555;1;2;1;1;7;143;1, RUE RENE ORDRONNEAU;M;4719391.0;-157443.0;440
24100;201500026745;15;5;27;1235;1;2;1;1;4;109;13, BOULEVARD DES BELGES;M;4723380.0;-153731.0;440
24101;201500026746;15;5;7;1810;1;2;1;1;6;109;, ROUTE DE VANNES;M;4723333.0;-157838.0;440
24102;201500026747;15;4;28;1645;1;2;1;1;6;109;., RUE HENRI IV;M;4721860.0;-154858.0;440
24103;201500026748;15;5;6;820;1;2;1;1;3;26;18, RUE VEGA;M;4727508.0;-147463.0;440
24104;201500026749;15;4;18;1540;1;2;9;1;2;162;26, BOULEVARD DU TERTRE;M;4721650.0;-160480.0;440
24105;201500026750;15;4;18;2230;5;2;1;1;6;109;1, PLACE DU PONT MORAND;M;4722038.0;-155492.0;440
24106;201500026751;15;4;30;1900;1;2;1;2;6;109;0, PLACE SOPHIE TREBUCHE;M;4721666.0;-153333.0;440
24107;201500026752;15;4;27;1150;1;1;1;1;7;162;RD 17A;M;4721910.0;-165182.0;440
24108;201500026753;15;5;11;950;1;2;1;1;3;109;00, BOULEVARD GENERAL DE;M;4719437.0;-154658.0;440
24109;201500026754;15;6;5;827;1;2;1;7;6;109;., BOULEVARD DU TERTRE;M;4721135.0;-160916.0;440
24110;201500026755;15;5;23;135;5;2;1;1;6;109;13, BOULEVARD VAN ISEGHE;M;4723011.0;-155179.0;440
24111;201500026756;15;5;21;1200;1;2;1;1;6;109;BOULEVARD EMILE GABORY;M;4719632.0;-153070.0;440
24112;201500026757;15;5;20;1245;1;2;1;1;3;109;BOULEVARD LEON BUREAU;M;4720719.0;-156474.0;440
24113;201500026758;15;6;2;1820;1;2;1;1;6;109;85, ROUTE DE LA CHAPELLE;M;4725986.0;-157488.0;440
24114;201500026759;15;5;26;1750;1;1;1;1;6;162;BOULEVARD DU TERTRE;M;4721794.0;-160384.0;440
24115;201500026760;15;5;2;405;5;2;1;1;3;109;00, ROUTE DE CLISSON;M;4719087.0;-152224.0;440
24116;201500026761;15;6;11;1330;1;2;2;1;3;109;BOULEVARD DE LA BEAUJOIR;M;4725945.0;-151110.0;440
24117;201500026763;15;6;12;2335;3;2;1;1;6;109;00, ROMANET ( BD EMILE );M;4721019.0;-160343.0;440
24118;201500026764;15;6;8;750;1;2;2;1;3;143;RUE FELICIEN THOMAZEAU;M;4718450.0;-154375.0;440
24119;201500026765;15;6;21;140;5;1;1;1;1;162;00, PERIPHERIQUE;M;4720831.0;-162642.0;440
24120;201500026766;15;6;12;1120;1;2;1;2;7;109;1, RUE GUILLAUME GROOTAE;M;4723784.0;-158609.0;440
24121;201500026767;15;6;9;1925;1;2;1;1;2;114;1, AVENUE ROBERT CHASTEL;M;4724282.0;-158630.0;440
24122;201500026768;15;6;19;1025;1;2;7;1;3;109;1, RUE CHARLES BRUNELLIE;M;4720900.0;-156851.0;440
24123;201500026769;15;6;18;2300;5;2;4;1;1;109;BOULEVARD ROBERT SCHUMAN;M;4724079.0;-157275.0;440
24124;201500026770;15;6;22;1350;1;2;6;1;3;109;BOULEVARD DE SARREBRUCK;M;4721340.0;-152950.0;440
24125;201500026771;15;6;25;1800;1;2;2;1;5;109;1, BOULEVARD DE LA LIBER;M;4720360.0;-158845.0;440
24126;201500026772;15;6;29;1840;1;2;1;1;3;109;, BOULEVARD VINCENT GACH;M;4720643.0;-154402.0;440
24127;201500026773;15;6;12;200;5;2;2;1;3;109;0, BOULEVARD GUSTAVE ROC;M;4720484.0;-154838.0;440
24128;201500026774;15;1;2;910;1;2;1;2;6;109;5, BERLIN;M;4721500.0;-153042.0;440
24129;201500026775;15;6;17;30;5;2;1;1;1;109;73, RUE PAUL BELLAMY;M;4722550.0;-155939.0;440
24130;201500026777;15;6;10;1815;1;2;1;1;3;109;35, DERVALLIERES ( RUE D;M;4722225.0;-158238.0;440
24131;201500026778;15;6;22;1145;1;2;6;1;2;162;RUE DE SAINT NAZAIRE;M;4721120.0;-161754.0;440
24132;201500026779;15;6;25;1946;1;1;3;1;3;114;RD 965;M;4725800.0;-164552.0;440
24133;201500026780;15;6;28;1745;1;2;1;1;3;162;13, RUE JEAN JAURES;M;4722191.0;-161467.0;440
24134;201500026782;15;1;13;900;1;2;6;2;3;109;0, RUE DE LA BOURGEONNIE;M;4725338.0;-156056.0;440
24135;201500026783;15;6;13;1830;1;2;1;1;2;109;2, RUE DU PLESSIS GAUTRO;M;4720646.0;-160142.0;440
24136;201500026784;15;6;3;1540;1;2;2;1;3;162;RUE DE SAINT SERVAN;M;4721344.0;-161615.0;440
24137;201500026786;15;5;27;2110;1;2;1;1;3;109;76, ROUTE DE LA CHAPELLE;M;4725828.0;-157484.0;440
24138;201500026787;15;5;24;1715;1;2;1;1;6;109;., BOULEVARD ALBERT EINS;M;4726193.0;-156584.0;440
24139;201500026788;15;6;27;2045;1;2;1;7;6;109;BOULEVARD BENOIT FRACHON;M;4720752.0;-158129.0;440
24140;201500026789;15;5;1;2310;5;2;6;1;3;109;2, ROUTE DE PARIS;M;4724873.0;-152102.0;440
24141;201500026791;15;5;6;1210;1;2;1;1;6;109;., RUE DE SUISSE;M;4721715.0;-152235.0;440
24142;201500026792;15;7;6;1315;1;2;1;1;6;109;PONT DE CHEVIRE;M;4719425.0;-161359.0;440
24143;201500026793;15;5;12;1408;1;1;1;1;6;109;RUE DE LA BASTILLE;M;4721886.0;-156939.0;440
24144;201500026794;15;6;7;1045;1;2;1;1;6;109;RUE DE LA PAIX;M;4721460.0;-155432.0;440
24145;201500026795;15;7;4;2330;5;2;1;1;2;109;1, ALLEE COMMANDANT CHAR;M;4721780.0;-154315.0;440
24146;201500026796;15;7;11;450;5;2;1;1;6;109;BOULEVARD DE CARDIFF;M;4719835.0;-158769.0;440
24147;201500026797;15;7;12;715;1;1;1;1;6;109;20, BOULEVARD EMILE ROMA;M;4721064.0;-160732.0;440
24148;201500026798;15;7;10;1805;1;1;1;1;3;109;00, BOULEVARD DE LA PRAI;M;4722200.0;-150720.0;440
24149;201500026799;15;7;10;2050;1;2;2;1;6;190;2, RUE DE LA FONTAINE;M;4720180.0;-149402.0;440
24150;201500026800;15;6;16;1420;1;2;1;1;6;162;., BOULEVARD SALVADOR AL;M;4721915.0;-162056.0;440
24151;201500026801;15;7;4;1900;1;1;1;1;6;109;06, RUE DU GERS;M;4720486.0;-160363.0;440
24152;201500026802;15;6;29;1845;1;2;1;1;6;109;13, RUE DU HONDURAS;M;4726030.0;-156607.0;440
24153;201500026803;15;6;16;625;1;1;1;1;1;109;1, RUE DU BELE;M;4726975.0;-151958.0;440
24154;201500026804;15;7;2;825;1;2;1;1;6;109;BOULEVARD ROBERT SCHUMAN;M;4724680.0;-157728.0;440
24155;201500026805;15;6;27;2100;2;1;1;1;6;162;40, RUE BOBBY SANDS;M;4723480.0;-165594.0;440
24156;201500026806;15;6;30;1810;1;2;1;1;6;109;7, RUE CHARLES BATAILLE;M;4722809.0;-152524.0;440
24157;201500026807;15;6;9;1915;1;2;1;1;6;109;., QUAI DE MALAKOFF;M;4721453.0;-154114.0;440
24158;201500026808;15;7;19;1440;1;2;1;1;6;109;36, BOULEVARD PAUL CHABA;M;4722198.0;-159111.0;440
24159;201500026809;15;6;22;704;1;2;2;1;6;109;00, BOULEVARD PASTEUR;M;4721323.0;-158293.0;440
24160;201500026810;15;6;19;1815;1;2;1;1;3;109;., BOULEVARD ALBERT EINS;M;4725999.0;-155803.0;440
24161;201500026811;15;6;22;1800;1;2;7;1;6;109;00, PLACE PIERRE MENDES;M;4720830.0;-161146.0;440
24162;201500026812;15;7;25;1725;1;1;1;1;6;109;BOULEVARD ALEXANDER FLEM;M;4725860.0;-155570.0;440
24163;201500026813;15;7;23;1544;1;2;1;1;6;109;77, SCHUMAN ( BD ROBERT;M;4723710.0;-156903.0;440
24164;201500026814;15;7;28;1600;1;2;2;3;3;109;0, RUE BOUGAINVILLE;M;4719890.0;-158294.0;440
24165;201500026815;15;4;9;1015;1;2;3;1;7;109;PLANTES ( RUE DES );M;4723580.0;-158379.0;440
24166;201500026816;15;7;6;1815;1;1;2;1;3;109;BLANC ( RUE LOUIS );M;4720732.0;-155508.0;440
24167;201500026817;15;7;18;1940;1;2;1;1;6;162;28, AVENUE DES GRANDS BO;M;4723460.0;-159241.0;440
24168;201500026818;15;6;16;920;1;1;1;1;6;162;RUE DU LIEUTENANT MOUILL;M;4721097.0;-165255.0;440
24169;201500026819;15;6;1;1820;1;2;1;1;1;190;., BOULEVARD DES PAS ENC;M;4720982.0;-150792.0;440
24170;201500026820;15;7;2;1600;1;1;2;1;1;114;42;M;4728966.0;-165681.0;440
24171;201500026821;15;7;12;40;5;2;1;1;3;109;RUE EUGENE DELACROIX;M;4722280.0;-159065.0;440
24172;201500026823;15;7;21;1825;1;2;2;1;7;109;0, RUE DE CLERMONT;M;4722940.0;-154781.0;440
24173;201500026824;15;7;28;1430;1;2;1;1;1;109;167, PENEAU ( BD AUGUSTE;M;4723270.0;-150665.0;440
24174;201500026825;15;8;3;440;1;1;1;1;3;109;15, BOULEVARD GUSTAVE RO;M;4720434.0;-154994.0;440
24175;201500026826;15;6;11;1220;1;2;1;1;6;109;10, PERIER ( RUE CASIMIR;M;4722963.0;-156656.0;440
24176;201500026828;15;7;29;1555;1;2;1;1;6;109;PONT DE LA MORINIERE;M;4718311.0;-153117.0;440
24177;201500026829;15;7;28;1725;1;2;1;2;6;109;124, RUE DES RENARDIERES;M;4721330.0;-159668.0;440
24178;201500026830;15;8;4;1930;1;2;1;1;7;114;17, BOULEVARD MENDES FRA;M;4726059.0;-158615.0;440
24179;201500026831;15;6;24;1425;1;2;1;1;7;109;17, RUE PAUL BELLAMY;M;4722190.0;-155627.0;440
24180;201500026832;15;6;24;1520;1;2;7;1;3;109;., PLACE VICTOR MANGIN;M;4720035.0;-154432.0;440
24181;201500026833;15;8;6;1000;1;2;2;1;3;109;., BOULEVARD MEUSNIER DE;M;4722570.0;-157262.0;440
24182;201500026834;15;7;26;2240;5;2;1;1;6;109;00, QUAI DE LA FOSSE;M;4720733.0;-156594.0;440
24183;201500026835;15;7;1;1100;1;2;1;1;2;109;0, RUE DE GIGANT;M;4721450.0;-156772.0;440
24184;201500026836;15;8;13;2145;3;2;1;1;6;109;138, ROUTE DE VERTOU;M;4718640.0;-152770.0;440
24185;201500026837;15;7;21;1115;1;2;1;1;6;109;214, BOULEVARD JULES VER;M;4724780.0;-152214.0;440
24186;201500026838;15;7;23;1500;1;2;1;1;1;109;3, PLACE DE LA DUCHESSE;M;4721690.0;-154739.0;440
24187;201500026839;15;7;23;40;5;2;1;1;6;109;., RUE DE LA MAISON BLAN;M;4722980.0;-158761.0;440
24188;201500026841;15;8;19;1205;1;2;1;1;6;109;., CHEMIN DU PONT L'ARCH;M;4721650.0;-153112.0;440
24189;201500026842;15;8;21;1705;1;2;1;1;3;109;31, RUE DE STRASBOURG;M;4721919.0;-155395.0;440
24190;201500026843;15;7;17;1820;1;2;1;1;6;109;0, JOUHAUX ( BD LEON );M;4720950.0;-158896.0;440
24191;201500026844;15;7;4;2225;5;2;2;1;3;109;0, RUE D'ANGLETERRE;M;4721520.0;-152583.0;440
24192;201500026845;15;8;24;1205;1;2;2;1;3;109;, RUE DES HAUTS PAVES;M;4722610.0;-156821.0;440
24193;201500026846;15;8;5;2000;2;1;9;1;6;162;1, BOULEVARD CHARLES DE;M;4721067.0;-162295.0;440
24194;201500026847;15;8;28;2325;3;1;1;1;6;109;42, HUGO ( BD VICTOR );M;4720294.0;-154999.0;440
24195;201500026848;15;8;14;1035;1;2;1;1;7;109;16, RUE DE STRASBOURG;M;4721620.0;-155139.0;440
24196;201500026850;15;9;9;1150;1;2;1;1;6;109;BOULEVARD DES AMERICAINS;M;4723540.0;-156948.0;440
24197;201500026851;15;9;6;10;5;2;7;1;6;109;00, PLACE MARECHAL FOCH;M;4721940.0;-155039.0;440
24198;201500026852;15;8;18;1310;1;2;1;1;6;109;RUE MAUVOISINS;M;4719149.0;-152463.0;440
24199;201500026853;15;8;28;900;1;2;7;1;6;109;00, PLACE EMILE ZOLA;M;4721397.0;-158601.0;440
24200;201500026855;15;8;28;1225;1;2;2;1;3;109;., BOULEVARD DE LA BEAUJ;M;4725960.0;-151115.0;440
24201;201500026856;15;9;11;1247;1;2;1;1;1;143;RUE DES SORINIERES;M;4716060.0;-154202.0;440
24202;201500026857;15;9;7;850;1;2;1;1;6;109;10, RUE DESAIX;M;4722730.0;-154356.0;440
24203;201500026858;15;9;15;1230;1;2;1;1;6;109;., BOULEVARD DE STALINGR;M;4721770.0;-154281.0;440
24204;201500026859;15;9;16;725;1;2;1;3;7;109;115, BOULEVARD DE LA FRA;M;4722070.0;-158627.0;440
24205;201500026860;15;9;17;1715;1;2;1;1;2;109;10, QUAI TURENNE;M;4721210.0;-155506.0;440
24206;201500026861;15;8;25;1550;1;2;1;2;1;109;GAULLE  ( BD GAL DE );M;4720530.0;-153813.0;440
24207;201500026862;15;8;31;1745;1;2;1;1;1;109;63, SCHUMAN ( BD ROBERT;M;4723641.0;-156870.0;440
24208;201500026863;15;8;3;1550;1;2;1;1;2;162;RUE PABLO NERUDA;M;4722130.0;-161262.0;440
24209;201500026865;15;8;24;520;4;1;1;1;6;109;RUE DU BELE;M;4726820.0;-151680.0;440
24210;201500026866;15;8;18;1515;1;1;1;1;2;109;PONT DE CHEVIRE;M;4719320.0;-161359.0;440
24211;201500026868;15;9;3;1325;1;2;1;1;3;109;0, PLACE DE L'EDIT DE NA;M;4721450.0;-156743.0;440
24212;201500026869;15;9;18;945;1;2;1;2;6;109;0, PLACE DU COMMERCE;M;4721360.0;-155769.0;440
24213;201500026870;15;8;24;850;1;2;9;1;2;109;BOULEVARD GUSTAVE ROCH;M;4720510.0;-154777.0;440
24214;201500026871;15;9;28;1645;1;2;1;1;6;109;BOULEVARD JULES VERNE;M;4724160.0;-152919.0;440
24215;201500026872;15;8;22;2150;5;1;1;1;7;109;QUAI DES ANTILLES;M;4720160.0;-157316.0;440
24216;201500026873;15;10;1;1620;1;2;1;1;6;162;BOULEVARD DU MASSACRE;M;4723190.0;-159217.0;440
24217;201500026874;15;9;29;1810;1;2;1;1;6;162;04, AVENUE CONDORCET;M;4722900.0;-160697.0;440
24218;201500026875;15;9;30;1745;1;2;1;1;7;109;79, BELLAMY ( RUE PAUL );M;4722590.0;-155973.0;440
24219;201500026876;15;10;3;130;5;2;7;1;3;109;PLACE VICTOR MANGIN;M;4720080.0;-154536.0;440
24220;201500026877;15;9;13;305;3;1;1;3;1;109;PERIPHERIQUE;M;4726780.0;-157676.0;440
24221;201500026878;15;9;28;1530;1;2;6;1;3;190;156, RUE MARIE CURIE;M;4718880.0;-148410.0;440
24222;201500026879;15;9;22;1825;1;2;1;1;3;162;00, BOULEVARD DU MASSACR;M;4722242.0;-160279.0;440
24223;201500026880;15;10;4;2215;4;1;4;1;3;143;PERIPHERIQUE;M;4715920.0;-154572.0;440
24224;201500026881;15;10;1;1200;1;2;1;1;1;143;75, RUE JEAN JAURES;M;4718642.0;-154662.0;440
24225;201500026882;15;10;7;1405;1;2;1;1;2;109;211, ROUTE DE SAINTE LUC;M;4723939.0;-151352.0;440
24226;201500026883;15;10;6;753;2;2;1;1;6;109;RUE DES LANDES;M;4725175.0;-155784.0;440
24227;201500026884;15;10;2;1235;1;2;1;1;3;162;AVENUE CLAUDE BERNARD;M;4722398.0;-161417.0;440
24228;201500026885;15;8;27;1405;1;2;1;3;1;109;0, RUE DE PORT LA BLANCH;M;4727300.0;-151754.0;440
24229;201500026886;15;9;16;655;5;2;1;3;6;109;00, RUE DE LA PETITE BAR;M;4724990.0;-152331.0;440
24230;201500026887;15;10;9;20;3;1;1;1;7;114;RENNES (RTE DE) RN 137;M;4726470.0;-158692.0;440
24231;201500026888;15;9;17;820;1;2;1;1;6;109;RUE GUILLET DE LA BROSSE;M;4722920.0;-154305.0;440
24232;201500026889;15;10;2;2100;5;2;6;1;7;109;ROUTE DE SAINTE LUCE;M;4724130.0;-150875.0;440
24233;201500026890;15;10;6;805;1;2;1;1;3;143;., PERIPHERIQUE;M;4715962.0;-153627.0;440
24234;201500026891;15;10;15;1800;1;2;1;1;6;109;., RUE AUGUSTE RENOIR;M;4722350.0;-159106.0;440
24235;201500026892;15;10;12;845;1;2;3;1;3;109;., RUE PITRE CHEVALIER;M;4722420.0;-155013.0;440
24236;201500026893;15;9;23;2105;2;2;1;1;6;109;., JOSEPH ( RTE DE ST );M;4726250.0;-152832.0;440
24237;201500026894;15;10;3;200;5;2;1;9;2;109;BOULEVARD VINCENT GACHE;M;4720670.0;-154064.0;440
24238;201500026895;15;9;24;1750;1;2;1;1;6;162;BOULEVARD SALVADOR ALLEN;M;4722220.0;-163867.0;440
24239;201500026896;15;10;1;1620;1;2;1;1;6;109;RUE CAPITAINE ALFRED DRE;M;;;440
24240;201500026898;15;9;11;1840;1;2;1;1;6;109;03, BOULEVARD GUY MOLLET;M;4724630.0;-155547.0;440
24241;201500026899;15;9;5;1900;1;2;1;1;6;109;RUE D'ALLONVILLE;M;4722480.0;-153095.0;440
24242;201500026900;15;10;30;2250;5;2;1;1;6;162;14, RUE DU COUTELIER;M;4722389.0;-164824.0;440
24243;201500026901;15;10;27;853;1;1;1;1;6;109;ROUTE DE LA CHAPELLE SUR;M;4726000.0;-157484.0;440
24244;201500026903;15;9;30;1250;1;2;1;1;6;162;68, AVENUE DE CHEVERNY;M;4724330.0;-160278.0;440
24245;201500026904;15;11;1;100;5;2;2;1;6;109;14, RUE PAUL BELLAMY;M;4722120.0;-155557.0;440
24246;201500026905;15;10;19;1812;2;2;1;1;3;109;BOULEVARD DU TERTRE;M;4713084.0;-136129.0;440
24247;201500026906;15;11;2;818;1;2;1;1;6;109;BOULEVARD LELASSEUR;M;4723320.0;-156601.0;440
24248;201500026907;15;9;25;1740;1;1;1;1;2;109;PONT DE CHEVIRE;M;4719230.0;-161359.0;440
24249;201500026908;15;9;24;1900;1;2;9;1;1;190;1, RUE DE LA LOURNEAU;M;4719982.0;-149279.0;440
24250;201500026910;15;9;17;2005;1;1;1;1;5;109;BOULEVARD DE LA PRAIRIE;M;4723180.0;-148643.0;440
24251;201500026911;15;9;14;2230;5;2;7;2;2;143;31, PLACE DES MARTYRS;M;4719150.0;-154801.0;440
24252;201500026912;15;9;21;2135;1;1;1;1;3;109;00, BOULEVARD DE LA BEAU;M;4725890.0;-152531.0;440
24253;201500026913;15;9;15;825;1;2;6;1;3;162;BOULEVARD DE LA BAULE;M;4722170.0;-160696.0;440
24254;201500026914;15;11;11;2110;5;2;1;1;2;109;16, RUE GAMBETTA;M;4722330.0;-153920.0;440
24255;201500026915;15;11;7;1340;1;2;6;1;3;109;ROUTE DE CLISSON;M;4718980.0;-151873.0;440
24256;201500026916;15;11;9;920;1;2;1;1;6;109;BOULEVARD GUY MOLLET;M;4725080.0;-155393.0;440
24257;201500026917;15;10;6;1640;1;2;1;3;2;109;83, ROUTE DE PARIS;M;4725380.0;-151396.0;440
24258;201500026918;15;10;10;1510;1;2;3;1;3;109;51 b, LELASSEUR ( BD );M;4723030.0;-157102.0;440
24259;201500026919;15;9;24;1030;1;1;1;1;6;114;CHEMIN DE LA GUIDOIRE;M;4729410.0;-164570.0;440
24260;201500026920;15;10;15;1720;1;2;1;1;2;162;., ROUTE ARMOR;M;4722570.0;-162132.0;440
24261;201500026921;15;10;3;50;3;2;1;1;6;109;00, RUE JEAN POULAIN;M;4725250.0;-156248.0;440
24262;201500026922;15;9;28;850;1;2;1;1;2;109;BOULEVARD GENERAL DE GAU;M;4720610.0;-153887.0;440
24263;201500026923;15;10;23;1815;1;1;1;1;2;162;, RUE DE LA JOHARDIERE;M;4722710.0;-165108.0;440
24264;201500026924;15;11;4;1840;3;2;1;1;2;109;BOULEVARD DE LA PRAIRIE;M;4722178.0;-150864.0;440
24265;201500026925;15;10;7;1735;1;2;1;1;4;109;QUAI DE LA FOSSE;M;4720900.0;-156755.0;440
24266;201500026926;15;10;7;755;2;2;1;2;6;109;RUE ETIENNE COUTAN;M;4720580.0;-161023.0;440
24267;201500026927;15;11;16;1925;5;2;1;2;6;109;00, BOULEVARD DES NATION;M;4721010.0;-156108.0;440
24268;201500026928;15;10;23;1420;1;2;1;1;6;109;00, BOULEVARD BATONNIER;M;4719880.0;-160853.0;440
24269;201500026929;15;9;15;845;1;2;1;1;3;190;RUE DE LA BAUGERIE;M;4720470.0;-151824.0;440
24270;201500026930;15;9;11;1527;1;2;6;1;1;109;, BERLIN;M;4721510.0;-153052.0;440
24271;201500026931;15;10;31;2030;5;2;6;1;3;109;RUE DU BOIS BRIAND;M;4725046.0;-149740.0;440
24272;201500026932;15;10;15;1620;1;2;9;1;6;109;RUE DES CHALATRES;M;4723070.0;-153685.0;440
24273;201500026933;15;10;8;1925;2;2;1;1;3;109;BOULEVARD GABRIEL LAURIO;M;4723630.0;-156336.0;440
24274;201500026934;15;10;19;2025;5;2;1;1;2;109;BOULEVARD JEAN PHILIPPOT;M;4721170.0;-155624.0;440
24275;201500026935;15;11;8;1600;1;2;9;1;2;109;., ERDRE ( RTE CHAPELLE;M;4725970.0;-157492.0;440
24276;201500026936;15;10;16;1715;1;2;1;1;2;109;10, RUE DE LA BOUCHERIE;M;4721640.0;-155744.0;440
24277;201500026937;15;11;8;1555;1;2;6;1;6;162;RUE DE SAINT NAZAIRE;M;4721100.0;-160958.0;440
24278;201500026938;15;11;23;800;1;2;1;1;6;109;111, RUE DES BOURDONNIER;M;4718510.0;-152419.0;440
24279;201500026939;15;10;15;1730;1;2;1;1;6;109;RUE DE LA BOUCHERIE;M;4721650.0;-155749.0;440
24280;201500026940;15;10;6;1000;1;2;1;2;6;109;45, CHAUSSEE DE LA MADEL;M;4720940.0;-155035.0;440
24281;201500026941;15;10;24;205;5;2;3;1;6;162;0, RUE DU COUTELIER;M;4722515.0;-164724.0;440
24282;201500026942;15;10;22;1235;1;2;3;1;6;109;RUE CASIMIR PERIER;M;4722970.0;-156664.0;440
24283;201500026943;15;11;22;1945;5;2;1;1;6;109;35, RUE EMILE SOUVESTRE;M;4722890.0;-156509.0;440
24284;201500026944;15;11;2;1700;1;2;2;1;6;109;RUE DE LA GAUDINIERE;M;4723410.0;-157570.0;440
24285;201500026945;15;11;23;1145;1;2;3;1;3;143;., RUE MAURICE LAGATHU;M;4718230.0;-153831.0;440
24286;201500026946;15;11;8;1700;1;2;2;1;2;109;BOULEVARD DES TRIBUNES;M;4724350.0;-155670.0;440
24287;201500026947;15;11;9;855;1;2;2;1;3;109;0, PLACE AIME DELRUE;M;4720880.0;-154996.0;440
24288;201500026948;15;10;23;1945;3;2;1;1;6;109;BOULEVARD HENRY ORRION;M;4723300.0;-155709.0;440
24289;201500026949;15;11;4;1655;1;2;1;1;6;109;7, BOULEVARD DU TERTRE;M;4721890.0;-160368.0;440
24290;201500026950;15;11;12;1800;1;2;1;1;6;109;RUE DE LA CONTRIE;M;4722080.0;-160123.0;440
24291;201500026951;15;11;26;125;5;2;1;2;6;109;20, BOULEVARD DE CARDIFF;M;4719850.0;-158567.0;440
24292;201500026953;15;10;12;1715;1;2;1;1;6;162;0, RUE DU PARANA;M;4724280.0;-160990.0;440
24293;201500026954;15;11;15;135;5;2;1;1;6;109;COURS DES 50 OTAGES;M;4721940.0;-155609.0;440
24294;201500026955;15;11;25;1530;1;2;1;1;6;109;7, RUE FELIBIEN;M;4722080.0;-156412.0;440
24295;201500026956;15;11;27;1555;1;2;1;2;6;109;33, BOULEVARD GUY MOLLET;M;4725190.0;-155352.0;440
24296;201500026957;15;11;7;1855;2;2;1;1;6;162;BOULEVARD SALVADOR ALLEN;M;4722050.0;-162790.0;440
24297;201500026958;15;11;5;810;1;2;2;1;6;109;RUE PAUL PAINLEVE;M;4722580.0;-157061.0;440
24298;201500026959;15;11;18;1855;5;1;1;2;5;114;PERIPHERIQUE ROUTIER;M;4725740.0;-162176.0;440
24299;201500026961;15;11;11;1520;1;2;1;1;7;109;., RUE DE LA JANVRAIE;M;4719870.0;-161504.0;440
24300;201500026962;15;11;3;1030;1;1;1;1;1;114;75;M;4726770.0;-162300.0;440
24301;201500026963;15;11;26;1435;1;2;3;1;6;114;15, 75;M;4725650.0;-162742.0;440
24302;201500026964;15;12;5;1000;1;2;1;1;2;109;6, BOULEVARD GABRIEL LAU;M;4714070.0;-133480.0;440
24303;201500026965;15;12;4;1340;1;2;2;1;1;143;AVENUE DU MARECHAL DE LA;M;4711360.0;-134140.0;440
24304;201500026966;15;11;27;1845;1;2;1;1;6;143;ROND-POINT DE LA CORBINE;M;4716100.0;-154265.0;440
24305;201500026967;15;11;30;1850;3;1;1;1;4;114;PERIPHERIQUE ROUTIER;M;4725450.0;-162213.0;440
24306;201500026969;15;11;20;1005;1;1;3;1;6;109;RUE JULES GRANDJOUAN;M;4724810.0;-151604.0;440
24307;201500026970;15;11;26;1630;1;2;1;1;6;109;55, RUE DES RENARDS;M;4725770.0;-156637.0;440
24308;201500026971;15;11;18;830;1;2;1;2;6;109;1, RUE DE LA CORSE;M;4721600.0;-152119.0;440
24309;201500026972;15;11;7;150;5;2;1;2;6;109;87, QUAI DE LA FOSSE;M;4720840.0;-156938.0;440
24310;201500026974;15;12;4;1540;1;2;1;1;6;162;62, AVENUE DU PARNASSE;M;4714020.0;-135410.0;440
24311;201500026975;15;12;7;920;1;2;2;2;6;109;RUE DU CORPS DE GARDE;M;4713140.0;-136090.0;440