;Num_Acc;an;mois;jour;hrmn;lum;agg;int;atm;col;com;adr;gps;lat;long;dep
24312;201500026976;15;11;5;745;1;2;1;1;6;109;6, BOULEVARD LEON JOUHAU;M;4720940.0;-158881.0;440
24313;201500026977;15;12;8;1743;2;2;1;1;3;109;105, RUE DES RENARDS;M;4715390.0;-134128.0;440
24314;201500026978;15;12;4;1250;1;2;6;1;6;109;ROUTE DE CLISSON;M;4711210.0;-130490.0;440
24315;201500026979;15;12;9;1550;1;2;6;1;6;109;RUE REINE ASTRID;M;4714290.0;-135140.0;440
24316;201500026980;15;12;8;1840;5;1;3;2;6;162;8, RUE DE LA JOHARDIERE;M;4713300.0;-138500.0;440
24317;201500026981;15;11;3;2130;5;2;1;2;6;109;BOULEVARD DE VENDEE;M;4718860.0;-152451.0;440
24318;201500026982;15;12;11;1645;2;2;1;1;3;109;BOULEVARD VINCENT GACHE;M;4712220.0;-132380.0;440
24319;201500026983;15;11;27;1632;1;2;1;1;6;109;RUE VOLTAIRE;M;4721290.0;-156292.0;440
24320;201500026984;15;11;4;1130;1;2;1;2;2;114;103, AVENUE DE LA PATOUI;M;4724620.0;-157931.0;440
24321;201500026985;15;11;26;150;4;2;1;2;6;109;BD MARTYRS N. DE LA RESI;M;4720415.0;-154673.0;440
24322;201500026986;15;11;20;2035;5;2;6;2;1;162;BOULEVARD SALVADOR ALLEN;M;4722120.0;-163087.0;440
24323;201500026987;15;11;13;1230;1;2;1;1;6;109;GRANDJOUAN ( RUE JULES );M;4724760.0;-151243.0;440
24324;201500026988;15;12;11;620;5;2;2;5;3;109;BOULEVARD DES BELGES;M;4714070.0;-132490.0;440
24325;201500026989;15;12;9;2025;5;2;6;1;6;109;RUE LEON JOST;M;4714180.0;-134130.0;440
24326;201500026990;15;12;12;805;5;2;1;5;6;143;BOULEVARD JEAN MONNET;M;4709570.0;-132360.0;440
24327;201500026991;15;12;19;1550;1;1;1;1;6;109;90, RUE PAUL BELLAMY;M;4713343.0;-133355.0;440
24328;201500026992;15;12;20;655;3;2;1;1;7;109;19, BOULEVARD GUSTAVE RO;M;4712146.0;-133035.0;440
24329;201500026993;15;1;3;2015;5;2;1;1;2;109;BOULEVARD JULES VERNE;M;4724300.0;-152763.0;440
24330;201500026995;15;1;7;1615;1;2;1;1;6;109;RUE LEON JOST;M;4723860.0;-156709.0;440
24331;201500026997;15;1;15;915;1;2;1;3;6;109;5, BOULEVARD LELASSEUR;M;4723290.0;-156652.0;440
24332;201500026998;15;1;15;2040;5;2;1;9;6;109;80, RUE PAUL BELLAMY;M;4722570.0;-155951.0;440
24333;201500026999;15;1;16;1140;1;2;2;1;3;109;RUE GRESSET;M;4721170.0;-156465.0;440
24334;201500027000;15;1;14;1245;1;2;1;1;6;109;00, BOULEVARD JEAN PHILI;M;4721250.0;-155416.0;440
24335;201500027001;15;1;19;1000;1;2;1;1;7;109;5, RUE DE BEL AIR;M;4722080.0;-155896.0;440
24336;201500027002;15;1;15;815;5;2;1;3;6;143;1, AVENUE TANGUY BREGEON;M;4718350.0;-153843.0;440
24337;201500027003;15;1;30;1930;3;2;1;1;3;109;ROUTE DE RENNES;M;4726760.0;-156634.0;440
24338;201500027004;15;2;1;1142;1;2;1;1;6;109;., PLACE DE LA CHAPELLE;M;4720990.0;-157771.0;440
24339;201500027005;15;2;1;1920;5;2;2;8;3;109;0, BOULEVARD PASTEUR;M;4721420.0;-158594.0;440
24340;201500027006;15;2;6;740;2;2;1;1;6;109;RUE D'ALLONVILLE;M;4722250.0;-153447.0;440
24341;201500027007;15;2;8;845;2;2;2;1;3;109;BOULEVARD DES BELGES;M;4723465.0;-154127.0;440
24342;201500027008;15;2;19;1742;1;1;1;1;6;184;RD 213;M;4728526.0;-225211.0;440
24343;201500027009;15;2;21;619;2;2;1;1;6;184;VIREES GILLES (ROUTE DES;M;4727522.0;-226288.0;440
24344;201500027010;15;3;3;1205;1;1;1;2;7;184;3, SUNDERLAND (BOULEVARD;M;4726995.0;-223970.0;440
24345;201500027011;15;3;6;1715;1;2;2;1;3;184;CHAILLON (RUE ETIENNE);M;4729907.0;-219027.0;440
24346;201500027012;15;3;13;1240;1;1;1;2;3;184;GAUTIER (RUE HENRI) DU 1;M;4727548.0;-220576.0;440
24347;201500027013;15;3;26;2250;5;1;3;1;3;184;LEGION D'HONNEUR (BOULEV;M;4727979.0;-220255.0;440
24348;201500027014;15;3;30;2145;5;1;2;2;1;184;GUTENBERG (RUE JEAN);M;4728072.0;-222987.0;440
24349;201500027015;15;4;13;1615;1;2;6;1;3;184;LABORDE (PLACE ATHANASE);M;4727146.0;-221865.0;440
24350;201500027016;15;4;18;2105;2;2;2;1;3;184;MUN (RUE ALBERT DE) DU 5;M;4727922.0;-221684.0;440
24351;201500027017;15;4;19;140;5;2;1;1;7;184;CORVISART (AVENUE JEAN);;;;440
24352;201500027018;15;4;25;140;5;1;1;2;7;184;LENGLEN (AVENUE SUZANNE);M;4727427.0;-222490.0;440
24353;201500027020;15;4;28;1900;1;2;1;1;3;184;11, BOULEAUX (RUE DES);M;4726143.0;-225873.0;440
24354;201500027021;15;4;30;1320;1;2;1;3;7;184;THÉNARD (RUE LOUIS);M;4727572.0;-222896.0;440
24355;201500027022;15;5;5;900;1;2;3;1;3;184;LESSEPS (AVENUE DE);M;4727285.0;-221855.0;440
24356;201500027023;15;5;19;1740;1;1;1;1;2;184;RD 492 DU RP EINSTEIN AU;M;4726920.0;-225128.0;440
24357;201500027024;15;5;30;2105;1;2;2;1;3;184;GUÉRANDE (ROUTE DE);M;4727952.0;-227555.0;440
24358;201500027025;15;6;9;1930;1;2;6;1;2;184;CRAN NEUF (ROUTE DE);M;4728846.0;-225083.0;440
24359;201500027026;15;6;10;1710;1;2;1;1;3;184;UNIVERSITÉ (BOULEVARD DE;M;4725324.0;-226414.0;440
24360;201500027027;15;6;15;1440;1;2;1;1;1;184;27, APPRENTIS (BOULEVARD;M;4729258.0;-218762.0;440
24361;201500027028;15;6;17;1530;1;2;1;1;3;184;54, GAULLE (RUE DU GAL D;M;4727427.0;-221297.0;440
24362;201500027029;15;6;18;2028;1;2;3;1;1;184;89, TRIGNAC (RUE DE);M;4729498.0;-219224.0;440
24363;201500027030;15;6;21;1910;1;2;1;1;6;184;102, PORNICHET (RUE DE);M;4726876.0;-222111.0;440
24364;201500027031;15;6;29;1545;1;2;3;1;3;184;DEGAS (RUE EDGAR);M;4729101.0;-221995.0;440
24365;201500027032;15;7;1;945;1;1;1;1;7;184;120, GÂTÉ (RUE DU CDT);M;4727727.0;-222776.0;440
24366;201500027033;15;7;14;2310;5;2;6;1;3;184;MERMOZ (BOULEVARD JEAN);M;4727511.0;-222778.0;440
24367;201500027034;15;7;16;500;3;2;1;1;1;184;RD 492 DU RP SARRELOUIS;M;4727123.0;-224954.0;440
24368;201500027036;15;7;22;1200;1;2;1;1;2;184;6, LAENNEC (BD DU DR REN;M;4726320.0;-223934.0;440
24369;201500027037;15;7;24;320;5;2;2;1;3;184;RD 492 DU RP OCÉANIS AU;M;4726454.0;-225805.0;440
24370;201500027038;15;7;29;1700;1;2;1;1;7;184;66, FRÉCHETS (ROUTE DES);M;4726486.0;-224732.0;440
24371;201500027039;15;8;18;1150;1;1;1;1;3;184;GUÉRANDE (ROUTE DE);M;4727877.0;-228792.0;440
24372;201500027040;15;8;18;1300;1;2;1;1;1;184;RD 492 DU PONT BD HÔPITA;M;4728177.0;-224884.0;440
24373;201500027041;15;8;26;1600;1;2;2;2;1;184;CÔTE D'AMOUR (RTE DE LA);M;4726256.0;-223900.0;440
24374;201500027042;15;8;26;1705;1;2;2;2;5;184;17, BEAUMARCHAIS (RUE PI;M;4727632.0;-222040.0;440
24375;201500027043;15;8;28;455;3;2;1;4;3;184;;M;4730587.0;-220387.0;440
24376;201500027046;15;9;14;2215;5;2;2;3;1;184;RÉPUBLIQUE (AVENUE DE LA;M;4728511.0;-221058.0;440
24377;201500027047;15;9;17;844;1;2;2;1;3;184;TULIPES (ALLÉE DES);M;4726440.0;-224984.0;440
24378;201500027048;15;9;18;505;5;2;4;1;3;184;95, LIBERTÉ (BOULEVARD D;M;4729747.0;-219546.0;440
24379;201500027049;15;9;21;1900;1;2;6;2;3;184;90, LAENNEC (BD DU DR RE;M;4726998.0;-223935.0;440
24380;201500027050;15;9;22;745;5;2;1;1;6;184;RD 492 DU RP OCÉANIS AU;M;;;440
24381;201500027051;15;9;23;1130;1;2;2;1;1;184;LUMIERE (RUE LOUIS);M;4728219.0;-220556.0;440
24382;201500027052;15;9;28;1643;1;2;1;1;2;184;MITTERRAND (AVENUE FRANÇ;M;4726938.0;-222804.0;440
24383;201500027053;15;9;30;1820;1;2;2;1;1;184;MONTAIGNE (RUE MICHEL DE;M;4728641.0;-221858.0;440
24384;201500027054;15;10;5;950;1;2;9;1;3;184;LAENNEC (BD DU DR RENÉ);M;4726643.0;-224042.0;440
24385;201500027055;15;10;2;1740;1;2;1;1;7;184;RD 492 DU RP OCÉANIS AU;M;4726251.0;-226032.0;440
24386;201500027056;15;10;8;1635;1;2;1;1;4;184;LESSEPS (AVENUE DE) DU 0;M;4726867.0;-221667.0;440
24387;201500027057;15;10;12;700;1;2;1;1;1;184;POINT DU JOUR (ROUTE DU);M;4729178.0;-227065.0;440
24388;201500027058;15;10;12;1045;1;2;2;1;2;184;31, GAULLE (RUE DU GAL D;M;4727387.0;-221100.0;440
24389;201500027059;15;10;13;915;1;2;3;1;3;184;BUISSON (RUE FERDINAND);M;4725826.0;-224486.0;440
24390;201500027060;15;10;15;940;1;1;1;1;2;184;RD 213;M;4729084.0;-223402.0;440
24391;201500027061;15;10;15;1740;1;2;3;7;3;184;83, FRATERNITÉ (BOULEVAR;M;4728122.0;-222266.0;440
24392;201500027062;15;9;2;745;1;2;1;1;7;184;WILSON (BOULEVARD DU PRÉ;M;4727009.0;-221163.0;440
24393;201500027063;15;10;22;1415;1;2;2;1;3;184;GUTENBERG (RUE JEAN);M;4728066.0;-222987.0;440
24394;201500027064;15;10;29;1950;5;2;1;8;3;184;32, CHENEVEAUX (RUE AUGU;M;4727175.0;-222135.0;440
24395;201500027065;15;11;1;1735;1;2;2;1;6;184;17, GAULLE (RUE DU GAL D;M;4727373.0;-220972.0;440
24396;201500027066;15;11;9;1355;1;2;1;1;3;184;COUBERTIN (AVENUE PIERRE;;;;440
24397;201500027067;15;11;17;1725;2;1;1;2;4;184;RD 213;;;;440
24398;201500027068;15;11;19;1825;3;1;1;1;4;184;RD 213;;;;440
24399;201500027069;15;11;23;750;1;2;6;1;3;184;PERRIN (BOULEVARD PAUL);;;;440
24400;201500027070;15;11;30;745;1;2;1;1;7;184;LONGUET (RUE CHARLES);;;;440
24401;201500027071;15;11;30;1820;2;2;1;1;4;184;11, RD 492 DU RP OCÉANIS;;;;440
24402;201500027074;15;12;10;720;3;2;1;1;2;184;LEFERME (BOULEVARD PAUL);;;;440
24403;201500027076;15;12;14;710;2;2;1;1;7;184;16, PARÉ (RUE AMBROISE);;;;440
24404;201500027077;15;12;11;1845;5;2;1;1;7;184;13, ZOLA (BOULEVARD EMIL;;;;440
24405;201500027078;15;12;16;1645;1;2;1;1;6;184;MITTERRAND (AVENUE FRAN;;;;440
24406;201500027079;15;12;17;1800;5;2;3;1;3;184;53, GAUTIER (RUE HENRI);;;;440
24407;201500027080;15;12;23;1825;3;2;1;1;4;184;RD 213;;;;440
24408;201500027081;15;1;7;830;2;2;1;1;7;184;LILAS (ALL?E DES);M;4726556.0;-224229.0;440
24409;201500027082;15;1;13;725;5;2;1;2;3;184;EUROPE (BOULEVARD DE L');M;4728193.0;-220298.0;440
24410;201500027083;15;1;13;1840;5;2;1;1;7;184;EINSTEIN (RUE ALBERT);M;4726447.0;-226274.0;440
24411;201500027084;15;1;17;1415;1;2;3;1;3;184;TRIGNAC (RUE DE);M;4729498.0;-219220.0;440
24412;201500027085;15;1;26;1030;1;2;2;1;6;184;BARBUSSE (RUE HENRI);M;4727570.0;-222158.0;440
24413;201500027086;15;1;26;1210;1;2;1;2;2;184;SUNDERLAND (BOULEVARD DE;M;4727074.0;-224164.0;440
24414;201500027087;15;2;3;1255;1;2;1;1;3;184;41, VECQUERIE (RUE DE LA;M;4725649.0;-225813.0;440
24415;201500027088;15;2;4;1715;1;2;2;1;3;184;BERLIOZ (AVENUE HECTOR);M;4726338.0;-223474.0;440
24416;201500027089;15;2;12;729;2;2;1;1;6;184;RD 213;M;4728363.0;-229468.0;440
24417;201500027090;15;1;6;2125;5;2;1;5;6;208;CONTRE ALLEE GL DE GAULL;M;4800225.0;273486.0;450
24418;201500027091;15;1;13;1825;5;2;3;2;2;4;R COULEVREUX/BT D2060;M;4798562.0;276936.0;450
24419;201500027092;15;1;14;1820;5;2;1;1;3;208;91 R ANDRE COQUILLET;M;4798924.0;273234.0;450
24420;201500027093;15;2;25;2125;5;1;1;1;6;4;196 R ML JUIN;M;4797478.0;277519.0;450
24421;201500027094;15;12;31;2355;5;2;1;1;6;4;1405 RUE DES  BARRES;M;4796148.0;275829.0;450
24422;201500027095;15;1;14;2030;5;1;1;1;3;4;DEVIATION RN60;;;;450
24423;201500027096;15;2;26;1810;2;2;1;2;2;4;1134 R GROS MOULIN;M;4796337.0;278336.0;450
24424;201500027097;15;3;7;1830;1;1;1;1;2;338;D 2060;M;4797096.0;271878.0;450
24425;201500027098;15;1;20;2040;5;2;1;1;6;4;344 R DE LA VALLEE;M;4797455.0;276373.0;450
24426;201500027099;15;3;10;1150;1;2;1;1;1;68;AV NELSON MANDELA;M;4801214.0;272673.0;450
24427;201500027101;15;3;12;1550;1;2;3;1;6;208;R LOING/RAYMOND TELLIER;M;4799783.0;273474.0;450
24428;201500027102;15;1;31;1805;3;1;1;2;6;4;D 2007;M;4797918.0;274224.0;450
24429;201500027103;15;3;13;740;1;1;1;1;6;4;LIBERATION (RUE DE LA);;;;450
24430;201500027104;15;1;30;945;1;2;1;2;2;4;PARKIN BRICOMAN;M;4797382.0;273615.0;450
24431;201500027105;15;2;3;1842;5;2;6;1;6;208;RSZIGETI/FG ORLEANS;M;4799642.0;272725.0;450
24432;201500027106;15;2;4;945;1;2;1;8;6;68;R DE LA GARENNE;M;4802021.0;273382.0;450
24433;201500027108;15;2;10;1457;1;2;1;1;3;208;14 R DE LA SIRENE;M;4800137.0;272707.0;450
24434;201500027110;15;4;3;515;5;2;1;8;6;68;7 R JEAN MERMOZ;M;4801567.0;270956.0;450
24435;201500027111;15;4;14;1700;1;2;3;1;3;4;RTE VIROY// CONTRE ALL C;M;4799046.0;276728.0;450
24436;201500027112;15;4;18;420;5;2;1;1;6;338;2 AV HENRI BARBUSSE;M;4799081.0;271147.0;450
24437;201500027115;15;4;22;1713;1;2;3;1;3;68;AV GL LECLERC/JEAN JAURE;M;4801256.0;273867.0;450
24438;201500027116;15;4;25;2304;5;2;3;2;3;208;R FG CHAUSSE/Q LOING;M;4799774.0;273659.0;450
24439;201500027117;15;4;28;1550;1;2;2;1;3;208;R GL LECLERC/R PERIER;M;4799867.0;273076.0;450
24440;201500027118;15;4;29;1915;1;2;2;1;3;208;R FG CHAUSSEE/BD DURZY;M;4799767.0;273569.0;450
24441;201500027119;15;5;2;1600;1;1;1;2;5;4;BT D2007 // D2060;M;4798247.0;274302.0;450
24442;201500027120;15;5;3;1320;1;1;1;3;2;338;RD 2060;;;;450
24443;201500027121;15;5;17;150;5;2;1;1;6;4;986 AV DT SCHWEITZER;M;4800039.0;276236.0;450
24444;201500027122;15;5;17;2120;5;2;1;1;7;208;10 COUR JEAN DUPONT;M;4799909.0;273096.0;450
24445;201500027123;15;5;30;2050;1;2;2;1;3;338;43, JAURES (RUE JEAN);M;4799569.0;272034.0;450
24446;201500027124;15;5;27;1159;1;2;1;1;2;4;RTE ST FIRMIN DES VIGNES;M;4797559.0;274204.0;450
24447;201500027125;15;6;6;1630;1;2;1;1;6;68;PARKING BASE NAUTIQUE;M;4802549.0;272471.0;450
24448;201500027128;15;6;17;1810;1;2;1;1;3;208;5 BIS BD DURZY;M;4799507.0;273548.0;450
24449;201500027129;15;6;20;215;3;1;1;1;1;4;RD 2060;M;4800408.0;279514.0;450
24450;201500027130;15;6;24;1328;1;2;1;1;3;4;R DE L'EUROPE;M;4797718.0;272922.0;450
24451;201500027131;15;6;26;1600;1;2;1;1;5;68;R DE LA PONTONNERIE;M;4800227.0;271763.0;450
24452;201500027132;15;7;7;1730;1;2;1;1;6;338;3 R TOURATIER;M;4799146.0;270756.0;450
24453;201500027133;15;7;17;1330;1;1;1;1;3;4;D 2060;M;4800496.0;280361.0;450
24454;201500027134;15;7;19;56;5;2;3;1;3;208;BD A.FRANCE/R F.ROOSEVEL;M;4800207.0;273088.0;450
24455;201500027135;15;7;25;1715;1;2;1;1;1;208;11 R DUCHESNE-RABIER;M;4800183.0;274576.0;450
24456;201500027136;15;7;19;1715;1;1;1;1;6;4;R ALBERT FRAPPIN;M;4797558.0;277363.0;450
24457;201500027137;15;8;5;1830;1;2;1;1;6;68;95 R ANDRE GIDE;M;4803267.0;274438.0;450
24458;201500027138;15;8;8;25;5;2;1;1;1;208;R RENEE DE FRANCE;M;4800013.0;273149.0;450
24459;201500027139;15;7;10;215;5;2;1;1;6;4;16 RTE DE VIROY;M;4799543.0;274936.0;450
24460;201500027140;15;8;11;1240;1;2;3;1;2;4;R NIVELLE/AISANCE MOULIN;M;4798215.0;275277.0;450
24461;201500027141;15;8;11;1158;1;2;2;1;2;4;R FRANCIS PRIEUR/BARRES;M;4797278.0;274954.0;450
24462;201500027142;15;8;21;1730;1;2;1;1;6;68;67 R ROGER SALENGRO;M;4801912.0;271528.0;450
24463;201500027143;15;8;25;1930;1;2;3;1;1;4;R ST FIRMIN VIGNES/BT;M;4797586.0;274111.0;450
24464;201500027144;15;8;30;207;5;2;1;1;6;4;256 R DES BARRES;M;4790599.0;275099.0;450
24465;201500027145;15;9;1;920;1;2;3;2;1;4;R PHILIPPE SERGENT/LIORE;M;4799152.0;275021.0;450
24466;201500027146;15;8;7;28;5;2;1;1;7;338;IMP FRERES LUMIERE;M;4797384.0;272019.0;450
24467;201500027147;15;9;4;1615;1;2;1;1;1;68;R 23 AOUT;M;4801049.0;272098.0;450
24468;201500027148;15;9;10;755;1;1;1;1;3;4;PAUCOURT (ROUTE DE);;;;450
24469;201500027149;15;9;11;1115;1;2;2;1;3;338;AV LIBERATION/R JODON;M;4799078.0;271088.0;450
24470;201500027151;15;9;18;855;1;2;2;1;3;4;R LINO VENTURA/CHAPLIN;M;4797884.0;276714.0;450
24471;201500027152;15;9;22;1350;1;1;1;2;3;4;D 2007 CARRIERES ROLAND;M;4797958.0;274248.0;450
24472;201500027153;15;9;23;1602;1;2;2;1;3;208;D943/E.DECOURT/FG CHAUSS;M;4799803.0;274327.0;450
24473;201500027154;15;9;28;800;1;2;1;1;6;208;16 BD PAUL BAUDIN;M;4800034.0;273388.0;450
24474;201500027155;15;10;10;1702;1;2;2;1;3;208;R CHATEAU/PL CHATEAU;M;4799702.0;272837.0;450
24475;201500027156;15;10;11;2045;5;2;1;1;6;208;R PORT;M;4800157.0;272903.0;450
24476;201500027157;15;10;20;1735;1;2;1;1;1;338;12 R DES FRERES LUMIERE;M;4797337.0;271911.0;450
24477;201500027158;15;10;30;2200;5;2;1;1;3;4;461 RTE ST FIRMIN DES VI;M;4797696.0;273762.0;450
24478;201500027159;15;10;31;1118;1;2;1;1;2;68;35 AV GL LECLERC;M;4800889.0;274048.0;450
24479;201500027160;15;11;2;1720;2;2;2;1;2;68;R GATINAIS/ORMES;M;4801111.0;270765.0;450
24480;201500027161;15;11;8;1645;1;2;1;1;7;208;QUEBEC (PONT);M;4799952.0;272943.0;450
24481;201500027162;15;11;9;2050;3;1;1;1;2;208;RD 2007;;;;450
24482;201500027163;15;11;24;1853;5;2;1;2;6;4;31 R DE LA MAIRIE;;;;450
24483;201500027164;15;11;20;1150;1;2;1;3;1;4;70 AV DOCTEUR SCHWEITZER;M;4799884.0;275010.0;450
24484;201500027165;15;11;24;1810;1;2;3;3;3;338;R BEL AIR/R PASTEUR;M;4799056.0;271949.0;450
24485;201500027166;15;11;27;1210;1;2;3;8;3;208;FL DUNKERQUE 1940/GREVEN;M;4799867.0;274149.0;450
24486;201500027167;15;11;30;1330;1;2;1;2;2;68;91 AV GL LECLERC;M;4801530.0;273873.0;450
24487;201500027168;15;12;2;1229;1;2;1;1;3;4;445 RUE ANDRE LIORET;M;4799271.0;275441.0;450
24488;201500027169;15;12;6;1342;1;2;1;1;7;208;GENERAL LECLERC (AVENUE;;;;450
24489;201500027170;15;12;11;1700;2;2;1;1;6;208;RN7 (CLOSIERS);;;;450
24490;201500027171;15;12;13;1245;1;2;3;1;3;208;R ROUX-FEDRY/FORET;M;4800037.0;274566.0;450
24491;201500027172;15;12;23;136;5;1;1;2;7;338;RD 2060;;;;450
24492;201500027173;15;9;10;1625;1;2;1;1;6;147;225 R DES FOSSES;M;4793838.0;193013.0;450
24493;201500027174;15;8;16;715;1;1;1;1;6;232;R DE LA BELLE CROIX;M;4784736.0;190824.0;450
24494;201500027175;15;11;13;1830;5;2;1;1;6;234;146 R FAUBOURG BANNIER;M;4791649.0;189889.0;450
24495;201500027176;15;9;11;1940;1;2;1;1;6;232;1942 R DE LA SOURCE;M;4785418.0;192216.0;450
24496;201500027177;15;11;7;145;5;1;1;1;6;302;TANGENTIELLE;M;4794537.0;189342.0;450
24497;201500027178;15;9;8;1750;1;2;3;1;3;285;R CH.BEAUHAIRE/CL FOURES;M;4791140.0;187805.0;450
24498;201500027179;15;10;14;1605;1;2;1;1;6;147;128 R BARRIERE ST MARC;M;4792692.0;192992.0;450
24499;201500027180;15;9;14;1350;1;1;1;1;7;284;D 2060;M;4792458.0;196599.0;450
24500;201500027181;15;10;15;1620;1;2;1;1;3;284;119 AV GL LECLERC;M;4791681.0;197692.0;450
24501;201500027183;15;10;17;1800;2;2;1;1;6;169;115 RUE DE LA CARLERIE;M;4790427.0;181299.0;450
24502;201500027184;15;9;14;1255;1;2;1;1;1;302;R GABRIEL DEBACQ;M;4795462.0;189322.0;450
24503;201500027185;15;10;19;730;1;2;2;1;3;234;FG BANNIER/R PATAY;M;4790893.0;190093.0;450
24504;201500027186;15;9;30;400;3;1;1;1;5;232;AV SOLOGNE;M;4786441.0;191306.0;450
24505;201500027187;15;10;20;1730;1;2;6;9;1;234;AV DIDEROT/CLAUDE GUILLE;M;4783392.0;194008.0;450
24506;201500027188;15;9;29;1910;1;2;1;1;1;286;DOUFFIAGUES (AVENUE JACQ;M;4788767.0;192878.0;450
24507;201500027189;15;9;14;1250;1;2;3;1;7;234;R CROIX FAUCHET/BOECHE;M;4791334.0;188565.0;450
24508;201500027190;15;10;23;215;5;2;1;1;6;234;AV ROGER SECRETAIN;M;4788791.0;189533.0;450
24509;201500027191;15;10;5;1204;1;2;2;1;3;234;Q FORT TOURELLES/AV DAUP;M;4789465.0;190463.0;450
24510;201500027192;15;10;12;725;1;2;2;1;3;147;AV ANDRE DESSAUX/R JOIE;M;4792089.0;190235.0;450
24511;201500027193;15;10;2;1500;1;2;1;1;6;232;1878 RUE GL DE GAULLE;M;4786768.0;187672.0;450
24512;201500027194;15;10;2;1610;1;2;2;1;3;235;R SABLONS/R VARENNES;M;4794671.0;183186.0;450
24513;201500027195;15;11;3;2015;5;2;1;1;1;147;364, BANNIER (RUE DU FAU;M;4793073.0;189553.0;450
24514;201500027196;15;10;11;425;5;2;2;1;3;234;R BOURGOGNE/CHOLERIE;M;4789992.0;190639.0;450
24515;201500027197;15;11;16;1225;1;2;1;1;6;298;AV SAINT MESMIN;M;4787744.0;185469.0;450
24516;201500027198;15;11;6;1740;1;2;1;1;6;234;263 FAUBOURG VINCENT;M;4791925.0;191789.0;450
24517;201500027200;15;11;20;2010;5;2;1;2;3;234;118 RTE OLIVET;M;4787969.0;190295.0;450
24518;201500027201;15;11;12;1255;1;2;1;1;6;147;34 R JEAN JAURES;M;4793181.0;190806.0;450
24519;201500027202;15;11;25;1245;1;2;3;1;3;234;R VIEILLE LEVEE/MARCHAIS;M;4789195.0;188859.0;450
24520;201500027203;15;11;21;2050;5;2;1;1;6;302;1401 R CHAMP ROUGE;M;4796333.0;184854.0;450
24521;201500027204;15;11;27;735;2;2;1;5;6;285;83 AV GEORGES CLEMENCEAU;M;4789361.0;186171.0;450
24522;201500027205;15;11;28;530;3;2;3;1;1;169;RTE NATIONALE/CHATEAU EA;M;4793195.0;183368.0;450
24523;201500027206;15;12;18;1340;1;2;1;2;3;284;58 AV CHARLES PEGUY;M;4790517.0;194671.0;450
24524;201500027207;15;12;18;1700;5;2;1;1;6;284;STATION TRAM CLOS ARCHE;M;4790992.0;196443.0;450
24525;201500027208;15;12;23;1200;1;2;1;1;6;147;RUE DE MONTARAN;;;;450
24526;201500027209;15;12;23;943;1;2;1;1;6;285;MENDES FRANCE (AVENUE PI;;;;450
24527;201500027210;15;1;5;1600;1;2;3;1;3;234;Q FORT ALLEAUME/R NEUVE;M;4789822.0;191604.0;450
24528;201500027211;15;1;6;430;5;2;1;1;2;285;TANGENTIELLE OUEST;M;4791201.0;186709.0;450
24529;201500027212;15;2;11;1610;1;2;1;7;6;232;AV VERDUN // ACCES STATI;M;4786881.0;191088.0;450
24530;201500027214;15;3;7;1420;1;2;1;1;3;234;AV LIBERATION;M;4791794.0;190069.0;450
24531;201500027216;15;3;10;215;5;2;1;1;6;274;400 R MELLERAY;M;4787749.0;196055.0;450
24532;201500027217;15;3;7;1710;1;2;1;1;7;232;R DE LA REINE BLANCHE;;;;450
24533;201500027218;15;3;17;755;1;1;1;1;5;232;D 2271;M;4784136.0;189337.0;450
24534;201500027219;15;3;26;820;1;1;1;1;2;284;D 2060;M;4792459.0;196434.0;450
24535;201500027220;15;3;27;1505;1;2;1;1;3;75;RTE DE BLOIS;M;4788274.0;181810.0;450
24536;201500027221;15;4;28;820;1;2;3;1;1;284;AV DENIS PAPIN/GAY LUSSA;M;4791379.0;194874.0;450
24537;201500027222;15;4;2;1655;1;2;3;1;1;234;FG BANNIER/R PASTEUR;M;4791101.0;190044.0;450
24538;201500027223;15;4;16;1105;1;2;1;1;6;234;R EUGENE TURBAT;M;4788806.0;190799.0;450
24539;201500027224;15;4;23;845;1;1;1;7;4;284;SANS, RN 60;;;;450
24540;201500027225;15;4;24;1811;1;2;3;1;3;286;R BALLETIERES/BT;M;4787046.0;193222.0;450
24541;201500027226;15;7;7;1230;1;2;3;1;3;147;5 BIS, GALLOUEDEC (AVENU;;;;450
24542;201500027227;15;5;17;2120;2;2;1;1;6;234;9 Bd SAINT EUVERTE;M;4790211.0;191875.0;450
24543;201500027228;15;6;4;820;1;2;2;1;3;232;R SOURCE/R VICTOR HUGO;M;4786027.0;190934.0;450
24544;201500027229;15;6;5;1300;1;1;1;1;2;232;AV SOLOGNE;M;4784008.0;191412.0;450
24545;201500027230;15;6;12;2045;1;1;3;1;3;274;RTE SANDILLON/R MOULIN;M;4787177.0;194971.0;450
24546;201500027231;15;6;13;350;5;2;1;1;6;285;112 AV G.CLEMENCEAU;M;4789672.0;186388.0;450
24547;201500027232;15;6;21;1705;1;2;1;1;3;234;79 R BOURRIE ROUGE;M;4791825.0;190445.0;450
24548;201500027233;15;6;24;830;1;2;3;1;6;234;BD LAMARTINE/R CLOS MOUL;M;4791913.0;191138.0;450
24549;201500027234;15;6;24;745;1;2;2;1;2;284;R PETIT VOMIMBERT/A.FOUR;M;4791895.0;197151.0;450