;Num_Acc;an;mois;jour;hrmn;lum;agg;int;atm;col;com;adr;gps;lat;long;dep
24550;201500027235;15;6;28;1410;1;2;2;1;3;234;R STANISLAS JULIEN/CROIX;M;4789974.0;189779.0;450
24551;201500027236;15;7;2;1939;1;1;2;1;3;274;MAISON-NEUVE  (RUE DE);;;;450
24552;201500027237;15;7;3;945;1;2;2;1;3;147;R MONTARAN/JOLIOT CURIE;M;4794414.0;191721.0;450
24553;201500027238;15;7;10;1800;1;2;1;7;6;232;20 R GASCOGNE;M;4783953.0;191808.0;450
24554;201500027239;15;7;14;2000;1;2;2;1;3;234;AV R SECRETAIN/R WILLIAM;M;4788413.0;189818.0;450
24555;201500027240;15;7;20;134;5;2;1;1;6;234;QU DU ROI;M;4790066.0;193073.0;450
24556;201500027241;15;7;20;1830;1;1;1;1;6;302;;;;;450
24557;201500027243;15;7;28;1705;1;2;1;1;4;234;ROCHEPLATTE (BOULEVARD);M;4790534.0;189723.0;450
24558;201500027244;15;8;4;2045;1;2;2;1;3;234;AV DAUPHINE/R DUHAMEL MO;M;4789146.0;190481.0;450
24559;201500027246;15;8;18;1730;1;1;1;1;2;232;SANS, SOLOGNE (AVENUE DE;;;;450
24560;201500027248;15;3;19;1350;1;2;1;1;7;42;547, MONZIE (AVENUE ANAT;M;4443340.0;144477.0;460
24561;201500027249;15;3;20;1218;1;1;1;1;5;42;D?partementale 811;M;4447773.0;142444.0;460
24562;201500027250;15;4;2;1250;1;1;1;1;1;42;"""SEPT """"7"""" IEME REGT D'";M;4445828.0;143371.0;460
24563;201500027251;15;4;8;2030;2;2;1;1;2;42;55, GAMBETTA (BOULEVARD;M;4444835.0;144007.0;460
24564;201500027252;15;5;2;130;5;2;1;2;6;42;., Départementale 811;M;4447014.0;142770.0;460
24565;201500027253;15;5;7;1535;1;1;1;1;6;42;BELLE CROIX (CHEMIN DE);M;4442301.0;143798.0;460
24566;201500027254;15;5;9;1700;1;1;1;1;3;42;Départementale 820;M;4445356.0;141239.0;460
24567;201500027255;15;5;12;1645;1;2;3;1;3;42;., SAINT GERY (RUE);M;4444424.0;143672.0;460
24568;201500027256;15;5;25;115;5;2;1;1;6;42;., F.T.P. ET DU 8E R.I (;M;4445638.0;144989.0;460
24569;201500027257;15;5;30;2038;1;1;3;1;3;42;., BASTIE (AVENUE MARYSE;M;4445881.0;142476.0;460
24570;201500027258;15;5;31;5;3;1;1;1;6;42;., Départementale D653;M;4446578.0;144039.0;460
24571;201500027259;15;8;10;2332;3;1;1;1;6;42;., ROCADE DE CAHORS;M;4446197.0;141991.0;460
24572;201500027260;15;9;4;1910;1;1;3;1;2;42;CHAMPOLLION (QUAI);M;4444690.0;144451.0;460
24573;201500027261;15;9;20;235;3;2;1;5;7;42;., SAINT AMBROISE (RUE);M;4446850.0;145466.0;460
24574;201500027262;15;9;29;1745;1;2;1;1;6;42;Parking entrée Carrefour;M;4442124.0;143867.0;460
24575;201500027263;15;9;30;1420;1;1;1;1;7;42;Départementale 820;;;;460
24576;201500027264;15;10;12;2310;3;1;1;3;5;191;., DEPARTEMENTALE N°811;M;4449251.0;140526.0;460
24577;201500027265;15;10;14;1120;1;2;1;1;6;42;646, COMBE DE MINUIT (CH;M;4442629.0;144797.0;460
24578;201500027267;15;10;25;1650;1;2;1;1;6;42;BOILEAU-DESPEAUX (RUE);M;4443547.0;144051.0;460
24579;201500027268;15;1;12;2030;5;2;1;1;1;42;0, LUDO-ROLLES (RUE);M;4445260.0;144340.0;460
24580;201500027269;15;1;12;1850;3;2;1;1;1;42;ORMEAUX (COTE DES);;;;460
24581;201500027270;15;1;16;1720;3;1;1;8;1;224;D8;M;4447985.0;139103.0;460
24582;201500027271;15;2;18;1520;1;1;1;1;7;42;D?partementale 820;M;4446670.0;142644.0;460
24583;201500027272;15;1;7;1306;1;2;1;1;6;1;DE GAULLE (AV. DU GENERA;;;;470
24584;201500027273;15;6;17;1210;1;2;3;1;3;201;., GASCOGNE (AVENUE DE);M;4416823.0;60930.0;470
24585;201500027274;15;1;7;1852;5;2;1;1;3;1;., DUMON (BD SYLVAIN);;;;470
24586;201500027275;15;7;11;2010;1;2;1;1;2;1;., LECLERC (AV. DU GENER;M;4418422.0;62192.0;470
24587;201500027276;15;1;26;840;2;2;1;1;6;1;DIDEROT (RUE);;;;470
24588;201500027277;15;7;14;135;5;2;1;1;2;1;DELPECH (AV. GEORGES);M;4421244.0;60724.0;470
24589;201500027278;15;2;8;510;5;2;3;1;3;201;PYRENEES (AVENUE DES);M;4417550.0;60670.0;470
24590;201500027279;15;7;29;1725;1;2;1;2;6;1;DUNKERQUE (QUAI DE);M;4420899.0;62170.0;470
24591;201500027280;15;3;13;950;1;2;1;2;6;1;., LAITIERS (PLACE DES);M;4420450.0;61686.0;470
24592;201500027281;15;7;30;1019;1;2;2;1;3;1;CASSIN (RUE RENE);M;4419614.0;61902.0;470
24593;201500027282;15;3;26;2150;5;2;3;2;6;1;BARBUSSE (AV. HENRI);;;;470
24594;201500027283;15;8;10;1820;1;2;1;1;6;1;11, FLOIRAC (RUE);M;;;470
24595;201500027284;15;3;29;1405;1;2;3;2;3;31;, MENDES FRANCE;M;4418940.0;63902.0;470
24596;201500027285;15;8;16;1045;1;2;2;1;6;1;CARNOT (BD DU PRESIDENT);M;;;470
24597;201500027286;15;4;7;1220;1;2;3;1;3;201;VERDUN (AVENUE DE);;;;470
24598;201500027287;15;8;17;2205;3;2;1;1;3;1;., BARBUSSE (AV. HENRI);M;;;470
24599;201500027288;15;5;11;1530;1;2;1;7;2;1;BARBUSSE (AV. HENRI);;;;470
24600;201500027289;15;8;26;1835;1;2;3;1;3;31;., BIGORRE (avenue de );M;;;470
24601;201500027290;15;5;7;2125;5;2;1;1;3;201;PYRENEES (AVENUE DES);;;;470
24602;201500027291;15;8;28;1830;1;2;3;1;5;201;PYRENEES (AVENUE DES);M;4417811.0;60569.0;470
24603;201500027292;15;9;9;1755;1;2;3;1;6;1;BD CARNOT/LAFAYETTE;M;4420440.0;62058.0;470
24604;201500027293;15;5;16;2145;5;2;2;1;2;1;JAURES (AV. JEAN);;;;470
24605;201500027294;15;9;14;855;1;1;1;8;5;31;ROCADERD813_BEAUREGARD;M;4417370.0;65711.0;470
24606;201500027295;15;9;19;1735;1;2;4;1;3;31;., AV LACAPELETTE;M;4417850.0;63294.0;470
24607;201500027296;15;9;24;1854;1;2;2;1;3;1;LACOUR (BD EDOUARD);M;4419640.0;62748.0;470
24608;201500027298;15;9;30;1642;1;2;3;1;3;1;144BD LIBERTÉ/CASSIN R.;M;4419840.0;62105.0;470
24609;201500027299;15;10;3;1428;1;2;3;1;3;1;., JAURES (AV. JEAN);;;;470
24610;201500027300;15;10;3;1940;2;2;3;1;3;201;., VERDUN (AVENUE DE);M;4419391.0;60707.0;470
24611;201500027301;15;10;13;1753;1;2;3;1;1;1;., MIDI (AVENUE DU);;;;470
24612;201500027302;15;10;14;1800;1;1;2;1;1;1;RABELAIS (PLACE);;;;470
24613;201500027303;15;10;16;800;2;2;3;9;3;1;., LIBERTE (BOULEVARD DE;M;;;470
24614;201500027304;15;10;16;1543;1;2;1;1;3;1;., BRU (AV. DU DR JEAN);;;;470
24615;201500027305;15;10;16;1935;1;2;1;1;2;1;LECLERC (AV. DU GENERAL);M;;;470
24616;201500027306;15;10;20;900;1;1;3;1;3;31;RD17;M;;;470
24617;201500027307;15;10;20;1545;1;2;6;1;3;201;BEAUREGARD;;;;470
24618;201500027308;15;10;13;1350;1;2;1;1;5;1;BLUM (AV. LEON);M;4421103.0;64609.0;470
24619;201500027309;15;10;30;540;5;2;1;1;3;1;., ANCIENS COMBATTANTS A;M;;;470
24620;201500027310;15;11;9;700;5;2;9;1;3;201;AV PYRENEES/UPSA;M;4417880.0;60545.0;470
24621;201500027311;15;11;10;1509;1;2;2;1;6;1;BD CARNOT/BD REPUBLIQUE;M;4420530.0;62085.0;470
24622;201500027312;15;11;17;1833;2;2;9;1;3;32;1636 AVNOGUES/PARKINGBNP;M;4418430.0;66642.0;470
24623;201500027313;15;11;20;1639;1;2;3;1;3;1;BD LIBERTE/RUEDUCOURNEAU;M;4419710.0;62008.0;470
24624;201500027314;15;12;12;1840;2;2;3;1;6;1;BD CARNOT/BD REPUBLIQUE;M;4420530.0;62085.0;470
24625;201500027315;15;12;21;910;1;2;1;1;6;32;21BIS, REPUBLIQUE(RUE DE;M;4418590.0;67179.0;470
24626;201500027316;15;12;23;1700;1;2;1;1;6;31;FABAS/PARKING GEANTCASIN;M;4417690.0;63382.0;470
24627;201500027317;15;1;30;1125;1;2;1;1;1;323;CAVAILLE MARCEL (RUE);;;;470
24628;201500027318;15;5;20;1905;1;1;1;1;3;323;CUSSOU;M;4426575.0;205799.0;470
24629;201500027319;15;2;7;1355;1;1;2;1;3;27;RD 236;;;;470
24630;201500027320;15;3;17;750;1;1;2;1;3;27;PONT MARTINET/CARRABELLE;M;4441130.0;66965.0;470
24631;201500027321;15;2;20;1455;1;2;1;1;6;323;6, COLLEGE(RUE DU);;;;470
24632;201500027322;15;5;21;5;5;2;1;1;6;323;40, AGEN (AVENUE D');M;4439400.0;70934.0;470
24633;201500027323;15;2;24;1700;1;1;1;8;1;323;PRADAL;;;;470
24634;201500027324;15;6;11;1105;1;1;1;1;6;323;R.D.911(ROUTE DE SAINTSY;M;4440380.0;76813.0;470
24635;201500027325;15;3;29;1445;1;1;3;1;3;323;RD 661;;;;470
24636;201500027326;15;4;5;1525;1;2;3;1;3;323;AV FUMEL/RUE COLIBRIS;M;4440860.0;72966.0;470
24637;201500027327;15;7;13;1810;1;1;3;1;2;323;R.D.911(ROUTE DE SAINTSY;M;4440630.0;75490.0;470
24638;201500027328;15;7;17;750;1;2;3;1;3;323;BARBUSSE (RUE HENRI);M;4423558.0;430640.0;470
24639;201500027330;15;8;7;1540;1;1;1;1;7;215;RN 21;;;;470
24640;201500027331;15;8;17;1945;1;2;1;1;1;323;JEANNE DE FRANCE (ALLEE);M;4440370.0;70459.0;470
24641;201500027333;15;9;26;2040;3;1;3;1;1;323;MOURGUES;M;4440700.0;75100.0;470
24642;201500027334;15;10;2;1100;1;2;1;1;6;323;5 av jeanclaude Cayrel;M;0.0;0.0;470
24643;201500027335;15;11;7;2005;5;2;6;1;3;323;20, LIBERATION (PLACE);M;4440860.0;70749.0;470
24644;201500027336;15;11;9;1150;1;2;3;1;3;323;AV FUMEL/CHEMIN VELOURS;M;4440710.0;71622.0;470
24645;201500027337;15;11;27;240;3;1;1;1;6;215;R D 118;M;4438480.0;67760.0;470
24646;201500027338;15;12;6;1515;1;1;1;1;3;323;VC 43 - LIEU-DIT GUILLOT;M;4441490.0;77197.0;470
24647;201500027339;15;12;8;1500;1;2;2;1;3;323;DESMOULINS (BD CAMILLE);M;4440340.0;70129.0;470
24648;201500027340;15;12;5;1650;1;1;1;1;7;27;LDT CARABELLE/JOUANNY;M;4440950.0;66970.0;470
24649;201500027341;15;2;1;115;5;2;1;8;6;95;5, BOURILLON (BOULEVARD;M;4451611.0;349832.0;480
24650;201500027342;15;4;10;2100;5;2;1;1;6;95;12, SOUBEYRAN (BOULEVARD;M;4451622.0;349842.0;480
24651;201500027343;15;12;11;1205;1;2;1;1;2;95;24, PERE COUDRIN (AVENUE;M;4451762.0;350696.0;480
24652;201500027344;15;5;20;1410;1;1;1;1;6;95;RN 88 (ROUTE DU PUY);M;4452609.0;351283.0;480
24653;201500027345;15;8;31;1615;1;2;1;1;6;95;8, GARE (AVENUE DE LA);M;4452200.0;350207.0;480
24654;201500027346;15;9;24;800;1;2;9;1;6;95;0, FONTANILLES (RUE DE);M;4452187.0;351494.0;480
24655;201500027347;15;1;5;105;5;2;1;1;6;7;ATLANTIQUE  AVENUE DE;M;4746467.0;-57340.0;490
24656;201500027348;15;2;18;630;3;1;1;1;7;7;1, ATLANTIQUE  AVENUE DE;M;4746894.0;-58756.0;490
24657;201500027349;15;12;31;1245;1;2;1;1;6;246;15, HUGO VICTOR RUE;M;4742800.0;-52741.0;490
24658;201500027350;15;1;5;754;5;2;3;1;3;7;0, BRESSIGNY;M;4746786.0;-55100.0;490
24659;201500027352;15;12;31;1608;1;1;1;1;6;7;BAUMETTE PROMENADE;M;4746024.0;-56817.0;490
24660;201500027353;15;1;6;1124;1;1;3;1;4;267;0, VENAISERIE AVENUE;M;4747103.0;-48648.0;490
24661;201500027355;15;1;7;744;5;2;1;1;3;7;94, PONTS DE CE;M;4745356.0;-54146.0;490
24662;201500027357;15;1;6;1805;4;2;6;2;6;7;0, LE NOTRE;M;4747526.0;-60775.0;490
24663;201500027358;15;2;20;1345;1;2;2;3;6;15;0, MENDES FRANCE AVENUE;M;4750686.0;-58981.0;490
24664;201500027359;15;1;7;810;1;1;1;1;2;267;RD 347;M;4747364.0;-48576.0;490
24665;201500027360;15;2;21;634;5;1;1;1;7;7;0, ATLANTIQUE  AVENUE DE;M;4746678.0;-56732.0;490
24666;201500027361;15;1;8;920;1;2;9;1;3;7;PATTON AVENUE;M;4747315.0;-59985.0;490
24667;201500027362;15;2;20;1308;1;1;1;1;6;267;0, A87N;M;4748022.0;-49960.0;490
24668;201500027363;15;1;8;1358;1;2;1;1;4;7;VOIE DES BERGES;M;4747151.0;-55947.0;490
24669;201500027365;15;1;8;846;1;2;3;1;3;246;GAULLE RUE CHARLES DE;M;4742258.0;-52373.0;490
24670;201500027366;15;3;1;1038;1;1;6;1;6;267;Bd de la Chanterie;M;4748139.0;-49083.0;490
24671;201500027367;15;1;9;815;2;2;1;1;2;7;Bd AYRAULT;M;4747585.0;-54987.0;490
24672;201500027368;15;3;1;1430;1;2;1;1;6;7;10, BREMONT;M;4746601.0;-55939.0;490
24673;201500027369;15;1;9;1826;5;2;2;1;3;7;DUPETIT THOUARS;M;4746060.0;-55210.0;490
24674;201500027370;15;3;2;1050;1;2;6;1;3;353;0, DAUTEL BOULEVARD;M;4744230.0;-48286.0;490
24675;201500027371;15;1;9;1001;1;2;1;1;7;7;16, FOCH BOULEVARD;M;4746926.0;-54948.0;490
24676;201500027372;15;3;2;1659;1;2;1;1;4;7;34, ARBRISSEL;M;4744522.0;-56672.0;490
24677;201500027373;15;1;11;1300;1;2;3;1;3;7;0, DAGUENET;M;4747456.0;-52063.0;490
24678;201500027375;15;1;1;1524;1;2;1;1;7;7;02, LECLERC GUILLORY;M;4746685.0;-53316.0;490
24679;201500027376;15;3;3;1115;1;2;2;1;3;246;0, HUGO VICTOR RUE;M;4743044.0;-52814.0;490
24680;201500027377;15;1;11;33;5;2;6;1;3;7;0, MOLIERE PLACE;M;4747375.0;-55572.0;490
24681;201500027378;15;3;4;1655;1;2;1;1;6;7;RUE CHAMBRE AUX DENIERS;M;4746525.0;-59478.0;490
24682;201500027379;15;1;13;1344;1;2;1;1;6;7;0, DE LATTRE DE TASSIGNY;M;4744951.0;-53888.0;490
24683;201500027380;15;3;5;845;1;1;1;1;4;7;7, FAURE QUAI;M;4748788.0;-54614.0;490
24684;201500027381;15;1;12;847;1;1;1;1;2;246;A87N;M;4743556.0;-50882.0;490
24685;201500027382;15;3;7;1903;1;2;1;1;6;7;44, JEAN XXIII AVENUE;M;4744775.0;-56278.0;490
24686;201500027383;15;1;12;1556;1;2;2;1;3;7;PATTON AVENUE;M;4747352.0;-58608.0;490
24687;201500027384;15;3;10;1720;1;2;3;1;6;7;0, BIRGE BOULEVARD;M;4747138.0;-51905.0;490
24688;201500027385;15;1;12;1215;1;2;2;1;3;7;0, HAUTE DES BANCHAIS;M;4748330.0;-51405.0;490
24689;201500027386;15;3;12;745;1;2;2;1;6;7;0, COMMERCE;M;4747505.0;-54981.0;490
24690;201500027387;15;1;13;1829;5;1;1;1;4;7;RD 323;M;4746581.0;-58058.0;490
24691;201500027388;15;3;13;2030;5;2;1;1;6;7;0, PAUL BERT;M;4746636.0;-55278.0;490
24692;201500027389;15;1;15;1830;5;1;1;1;6;267;HAUTE BANCHAIS;M;4748647.0;-51098.0;490
24693;201500027390;15;3;14;745;1;2;6;1;6;353;PONTS DE CE;M;4744080.0;-49850.0;490
24694;201500027391;15;1;15;836;2;1;1;2;6;353;D4;M;4744299.0;-48011.0;490
24695;201500027392;15;3;14;845;1;2;6;1;3;246;0, DAVID D'ANGERS;M;4743369.0;-52962.0;490
24696;201500027393;15;1;15;1454;1;2;1;2;6;7;Rue de la PREFECTURE;M;4746621.0;-55487.0;490
24697;201500027394;15;3;17;1824;1;1;1;1;4;353;0, LAGRANGE;M;4745064.0;-50927.0;490
24698;201500027395;15;1;16;55;5;2;2;1;6;7;BD du BON PASTEUR;M;4747303.0;-57729.0;490
24699;201500027396;15;3;19;1638;1;2;1;1;2;7;BOUCHEMAINE ROUTE;M;4744800.0;-57390.0;490
24700;201500027397;15;1;17;130;5;2;1;1;5;7;3, ROI RENE BOULEVARD;M;4746851.0;-55822.0;490
24701;201500027398;15;3;20;1800;1;2;2;1;3;7;BARRA PASSAGE ET RUE;M;4748658.0;-56347.0;490
24702;201500027399;15;1;16;725;5;2;1;1;6;7;0, JONCHERES SQUARE;M;4744882.0;-56280.0;490
24703;201500027400;15;3;22;1815;1;1;1;1;6;246;A87N;M;4744138.0;-51200.0;490
24704;201500027401;15;1;17;1200;1;2;1;1;3;7;20, ROI RENE BOULEVARD;M;4746803.0;-55729.0;490
24705;201500027402;15;3;23;1409;1;1;1;1;7;15;0, MEIGNANNE ROUTE DE LA;M;4749230.0;-59378.0;490
24706;201500027403;15;1;16;1551;1;1;3;1;2;246;14 CHAUVIN AVENUE;M;4743224.0;-53389.0;490
24707;201500027404;15;3;24;1216;1;2;2;2;3;353;CHOUTEAU;M;4744610.0;-49639.0;490
24708;201500027405;15;1;20;751;5;2;1;1;4;7;CHAUVAT BOULEVARD;M;4745392.0;-56692.0;490
24709;201500027406;15;3;28;130;5;2;2;1;3;7;0, ROE;M;4747350.0;-55399.0;490
24710;201500027407;15;1;22;2020;5;2;1;1;6;246;GAULLE RUE CHARLES DE;M;4742336.0;-52412.0;490
24711;201500027408;15;3;27;1509;1;1;1;2;3;267;1, CHAMPFLEUR;M;4747838.0;-50544.0;490
24712;201500027409;15;1;22;904;1;2;1;1;6;7;CONTADES AVENUE;M;4746367.0;-55396.0;490
24713;201500027410;15;3;30;1647;1;2;2;1;3;7;RUE DU MAINE;M;4747716.0;-54797.0;490
24714;201500027411;15;1;21;820;2;2;1;1;6;7;Rue Louis Gain;M;4746864.0;-53901.0;490
24715;201500027412;15;3;30;907;1;1;1;1;2;7;VOIE DES BERGES;M;4747713.0;-55389.0;490
24716;201500027413;15;1;8;1657;1;2;1;1;6;7;BEAUSSIER BOULEVARD;M;4747682.0;-59917.0;490
24717;201500027414;15;3;30;740;4;2;4;1;6;7;0, LARREY;M;4748172.0;-55356.0;490
24718;201500027415;15;1;23;2045;5;2;1;1;6;7;18, BRESSIGNY;M;4746757.0;-55041.0;490
24719;201500027417;15;1;23;1630;1;2;6;1;3;267;0, CHANTERIE;M;4747629.0;-49667.0;490
24720;201500027418;15;4;1;1030;1;2;3;1;1;7;0, PONTS DE CE;M;4745201.0;-53810.0;490
24721;201500027419;15;1;23;1224;1;2;1;1;2;7;RAMON BOULEVARD;M;4748749.0;-54095.0;490
24722;201500027420;15;4;1;1308;1;2;1;1;6;7;53, SAUMUROISE IMPASSE;M;4745644.0;-53037.0;490
24723;201500027422;15;4;3;925;1;1;1;1;6;7;0, VOIE DES BERGES;M;4747674.0;-55404.0;490
24724;201500027423;15;1;26;822;2;2;1;1;6;7;PATTON AVENUE;M;4747328.0;-59553.0;490
24725;201500027424;15;4;6;1205;1;1;1;1;6;7;BARANGE BOULEVARD;M;4745485.0;-56846.0;490
24726;201500027425;15;1;26;1831;5;2;2;1;3;7;MONTAIGNE AVENUE;M;4746892.0;-53197.0;490
24727;201500027426;15;4;7;1850;1;2;1;1;7;246;62, DAVID D'ANGERS;M;4743939.0;-53266.0;490
24728;201500027427;15;1;28;1720;1;2;3;1;3;7;Rue de la Barre;M;4747207.0;-59254.0;490
24729;201500027428;15;4;8;1205;1;2;2;1;3;15;DUNANT RUE HENRI;M;4750103.0;-58873.0;490
24730;201500027430;15;4;9;1237;1;2;1;1;4;246;GAULLE RUE CHARLES DE;M;4742254.0;-52371.0;490
24731;201500027431;15;1;28;853;1;2;1;1;6;7;DE LATTRE DE TASSIGNY;M;4745139.0;-53999.0;490
24732;201500027432;15;4;12;1519;1;2;1;1;3;7;31, MOULIN BOULEVARD;M;4749231.0;-55311.0;490
24733;201500027434;15;4;10;1533;1;2;4;1;6;7;0, HAUT PRESSOIR PASSAGE;M;4745397.0;-53581.0;490
24734;201500027435;15;1;30;908;1;1;1;1;2;267;A87N;M;4747605.0;-50326.0;490
24735;201500027436;15;4;13;1010;1;2;2;1;6;7;161, LIZE;M;4748741.0;-57354.0;490
24736;201500027437;15;1;30;949;1;2;6;1;3;7;LAFAYETTE PLACE;M;4746280.0;-55383.0;490
24737;201500027438;15;4;13;1749;1;2;1;1;6;15;245, MENDES FRANCE AVENU;M;4750800.0;-59078.0;490
24738;201500027439;15;2;2;920;1;2;6;1;7;7;0, CAMUS BOULEVARD;M;4748173.0;-57578.0;490
24739;201500027440;15;4;14;1350;1;2;3;1;3;7;0, MONPLAISIR BOULEVARD;M;4748699.0;-51513.0;490
24740;201500027441;15;2;3;822;1;2;2;1;7;7;0, CARNOT;M;4747451.0;-54677.0;490
24741;201500027442;15;4;14;1815;1;2;1;1;6;7;100, MONPLAISIR BOULEVAR;M;4748677.0;-51486.0;490
24742;201500027443;15;2;5;1006;1;2;2;1;2;246;0, A87N;M;4743771.0;-51109.0;490
24743;201500027444;15;4;16;1740;1;1;1;1;7;353;85, JEAN JAURES RUE;M;4744191.0;-49319.0;490
24744;201500027445;15;2;5;1500;1;2;1;1;6;7;BEAUSSIER BOULEVARD;M;4747613.0;-59927.0;490
24745;201500027446;15;4;20;440;3;2;6;1;7;7;BEDIER BOULEVARD;M;4745252.0;-54090.0;490
24746;201500027447;15;2;5;900;1;2;2;1;6;7;0, RAMON BOULEVARD;M;4748554.0;-53325.0;490
24747;201500027448;15;4;18;555;3;2;1;1;6;353;Rue des PERREYEUX;M;4745235.0;-49310.0;490
24748;201500027449;15;2;7;1913;5;2;6;1;7;7;rue RABELAIS;M;4746468.0;-54873.0;490
24749;201500027450;15;4;21;2230;5;2;2;1;3;7;0, JUSSIEU;M;4747619.0;-54508.0;490
24750;201500027452;15;4;21;1717;1;2;9;1;4;7;0, MONPLAISIR BOULEVARD;M;4748998.0;-52188.0;490
24751;201500027453;15;2;9;1644;1;2;3;1;3;246;Rue de CONTADES;M;4741856.0;-52778.0;490
24752;201500027454;15;4;22;1320;1;2;2;1;3;267;BEAUFORT ROUTE;M;4746672.0;-49064.0;490
24753;201500027455;15;2;9;1315;1;1;1;1;3;15;Rue Nationale;M;4751738.0;-60527.0;490
24754;201500027456;15;4;22;1901;1;2;2;1;6;7;HOTELLERIE RUE;M;4748602.0;-52124.0;490
24755;201500027458;15;4;24;1245;1;2;3;1;2;7;Quai GAMBETTA;M;4747668.0;-55370.0;490
24756;201500027459;15;2;11;1620;1;2;2;1;7;7;VERDUN PONT;M;4747359.0;-55899.0;490
24757;201500027460;15;4;25;1020;1;2;1;1;7;7;DROITS DE L'HOMME;M;4747892.0;-54994.0;490
24758;201500027461;15;2;11;1938;5;2;1;1;7;7;place Francois Mitterand;M;4747698.0;-55087.0;490
24759;201500027462;15;4;28;1650;1;2;1;1;4;7;0, LIZE;M;4748939.0;-56808.0;490
24760;201500027463;15;2;12;2129;5;2;1;1;7;7;0, IMBACH PLACE;M;4747390.0;-54805.0;490
24761;201500027464;15;5;2;1400;1;2;6;2;3;7;0, SEURAT;M;4746122.0;-61705.0;490
24762;201500027465;15;2;14;1330;1;2;2;1;3;7;07, PORT DE L'ANCRE;M;4747587.0;-55263.0;490
24763;201500027467;15;2;14;2040;5;2;2;1;3;7;0, BEDIER BOULEVARD;M;4745300.0;-53873.0;490
24764;201500027469;15;2;13;1318;1;2;1;1;7;15;CROIX CADEAU LIEU DIT;M;4752016.0;-60967.0;490
24765;201500027470;15;5;3;350;5;1;1;2;6;7;0, VOIE DES BERGES;M;4747469.0;-55564.0;490
24766;201500027472;15;5;5;1731;1;2;1;1;6;7;0, FOCH BOULEVARD;M;4746783.0;-55108.0;490
24767;201500027475;15;2;14;700;5;2;2;1;3;15;ROSES RUE DES;M;4749820.0;-58595.0;490
24768;201500027476;15;5;10;1935;1;2;1;1;6;7;rue de  BELLE BEILLE;M;4747477.0;-58615.0;490
24769;201500027477;15;5;7;1840;1;2;1;1;6;7;0, PAUL BERT;M;4746557.0;-55097.0;490
24770;201500027478;15;5;9;2221;5;2;1;1;6;7;ESTIENNE D'ORVES BOUL;M;4745740.0;-52666.0;490
24771;201500027479;15;5;13;2106;5;2;6;1;7;7;0, BALLU PLACE;M;4747603.0;-58611.0;490
24772;201500027480;15;5;13;1651;1;2;1;1;3;7;78, PASTEUR AVENUE;M;4747414.0;-53680.0;490
24773;201500027482;15;5;15;2100;2;2;1;1;7;267;Rue CHAMPFLEUR;M;4747988.0;-50373.0;490
24774;201500027483;15;5;15;959;1;2;3;1;2;353;0, REPUBLIQUE AVENUE;M;4744930.0;-50183.0;490
24775;201500027484;15;5;16;1915;1;2;1;1;3;7;93, BRESSIGNY;M;4746600.0;-54721.0;490
24776;201500027485;15;5;19;1818;1;1;1;1;4;267;RD 347;M;4747337.0;-48817.0;490
24777;201500027486;15;5;19;1551;1;2;1;1;6;353;0, BAHONNEAU BOULEVARD;M;4745294.0;-48325.0;490
24778;201500027487;15;5;19;1115;1;2;1;1;6;7;5, BARRA PASSAGE ET RUE;M;4748125.0;-56422.0;490
24779;201500027488;15;5;21;1234;1;2;1;1;2;7;48, RABELAIS;M;4746125.0;-54674.0;490
24780;201500027489;15;5;21;1556;1;2;1;1;2;7;CONTADES AVENUE;M;4746397.0;-55408.0;490
24781;201500027490;15;5;22;711;1;2;1;1;2;7;82, CAMUS BOULEVARD;M;4748059.0;-57592.0;490
24782;201500027491;15;5;22;1830;1;2;1;1;2;7;14, TOUSSAINT RUE ET IMP;M;4746960.0;-55530.0;490
24783;201500027492;15;5;24;10;5;2;1;1;6;7;0, CAPUCINS SQUARE ET RU;M;4748797.0;-55402.0;490
24784;201500027493;15;5;27;1124;1;2;2;1;3;7;0, ROE;M;4747350.0;-55397.0;490
24785;201500027494;15;5;27;944;1;2;1;1;2;7;78, VOLNEY;M;4746054.0;-53878.0;490
24786;201500027495;15;5;27;1706;1;2;2;1;6;7;0, CUSSONEAU;M;4746888.0;-53195.0;490
24787;201500027496;15;5;27;1600;1;2;2;1;3;7;0, CHATEAU D'ORGEMONT RU;M;4744902.0;-54416.0;490
24788;201500027497;15;5;27;1420;1;2;6;1;7;246;0, PERDRIAU;M;4743896.0;-48618.0;490
24789;201500027498;15;5;31;1815;1;2;2;1;3;7;0, VOLNEY;M;4746180.0;-54150.0;490
24790;201500027499;15;5;29;2022;1;2;3;1;3;7;15, CHURCHILL AVENUE ET;M;4744799.0;-56083.0;490
24791;201500027500;15;5;29;1415;1;2;1;1;1;7;BARRE CITE ET RUE;M;4747229.0;-59584.0;490
24792;201500027501;15;6;2;820;1;1;1;1;4;246;0, A87N;M;4743219.0;-50712.0;490
24793;201500027502;15;6;2;1600;1;1;1;1;2;246;0, PASTEUR;M;4741868.0;-52379.0;490
24794;201500027503;15;6;2;1420;1;2;1;1;6;15;JUIN PLACE DU MARECHAL;M;4748582.0;-58455.0;490
24795;201500027504;15;6;3;2025;1;2;3;1;3;7;0, GAIN ( LOUIS);M;4746799.0;-53763.0;490
24796;201500027505;15;6;4;1123;1;2;3;1;3;353;54, REPUBLIQUE AVENUE;M;4744619.0;-49723.0;490
24797;201500027506;15;6;6;1435;1;2;3;1;2;7;0, ARAGO BOULEVARD;M;4747727.0;-55732.0;490