;Num_Acc;an;mois;jour;hrmn;lum;agg;int;atm;col;com;adr;gps;lat;long;dep
24798;201500027507;15;6;6;1055;1;2;1;1;2;7;4, PASTEUR AVENUE;M;4747152.0;-54315.0;490
24799;201500027509;15;6;5;2025;1;2;2;1;3;7;0, SALPINTE;M;4744829.0;-55030.0;490
24800;201500027510;15;6;8;1809;1;1;1;1;6;246;0, A87N;M;4744768.0;-51520.0;490
24801;201500027511;15;6;6;1516;1;2;2;1;6;7;0, ACADEMIE PLACE;M;4746853.0;-55842.0;490
24802;201500027512;15;6;5;1710;1;2;1;1;3;7;28, CUSSONEAU;M;4747012.0;-53154.0;490
24803;201500027513;15;6;5;1515;1;2;1;1;7;246;14, RONCIERES RUE ET SQU;M;4743712.0;-51271.0;490
24804;201500027514;15;6;9;1835;1;2;3;1;3;7;0, BON PASTEUR BOULEVARD;M;4747061.0;-57054.0;490
24805;201500027515;15;6;9;1233;1;2;1;1;3;7;0, GAMBETTA;M;4747716.0;-55339.0;490
24806;201500027516;15;6;5;1451;1;2;1;1;6;7;0, DAVID D'ANGERS;M;4744180.0;-53450.0;490
24807;201500027517;15;6;9;1644;1;2;6;1;6;267;0, MARMITIERE;M;4747002.0;-49098.0;490
24808;201500027518;15;6;5;1800;1;2;1;1;6;7;50, PATTON AVENUE;M;4747373.0;-58414.0;490
24809;201500027519;15;6;11;930;1;2;1;1;6;7;56, FOCH BOULEVARD;M;4746717.0;-55238.0;490
24810;201500027520;15;6;12;1351;1;2;6;2;1;353;REPUBLIQUE AVENUE;M;4745101.0;-50804.0;490
24811;201500027521;15;6;12;1343;1;2;1;2;6;7;105, BRIOLLAY ROUTE;M;4749349.0;-52837.0;490
24812;201500027522;15;6;15;1030;1;2;2;1;7;7;0, VOLNEY;M;4746324.0;-54492.0;490
24813;201500027523;15;6;15;1234;1;2;3;1;3;7;0, PETIT LAUNAY;M;4746793.0;-59014.0;490
24814;201500027524;15;6;16;1545;1;1;1;1;7;7;D260;M;4744473.0;-52381.0;490
24815;201500027525;15;6;17;814;1;2;3;1;3;246;0, POCHETET;M;4743030.0;-52894.0;490
24816;201500027526;15;6;17;742;1;2;1;1;3;353;60, VALONGO;M;4744809.0;-46856.0;490
24817;201500027527;15;6;18;1116;1;2;1;1;7;7;0, LARREY;M;4748183.0;-55370.0;490
24818;201500027528;15;6;19;2010;1;2;3;1;1;7;57, JEAN XXIII AVENUE;M;4744690.0;-56103.0;490
24819;201500027529;15;6;19;2127;1;2;2;1;3;7;0, PONTS DE CE;M;4745301.0;-53878.0;490
24820;201500027530;15;6;22;1441;1;2;1;1;6;7;0, FOCH BOULEVARD;M;4746785.0;-55107.0;490
24821;201500027531;15;6;19;956;1;2;3;1;1;267;0, REUX;M;4746938.0;-50990.0;490
24822;201500027532;15;6;21;1159;1;2;6;1;7;7;DE LATTRE DE TASSIGNY;M;4744855.0;-53808.0;490
24823;201500027533;15;6;22;1710;1;1;3;1;5;267;0, BEAUFORT ROUTE;M;4747051.0;-45653.0;490
24824;201500027535;15;6;27;1825;1;2;2;1;3;7;de la cote de bellevue;M;4746167.0;-60432.0;490
24825;201500027536;15;6;28;2157;1;2;1;1;7;353;59, CAMUS;M;4745482.0;-50675.0;490
24826;201500027537;15;6;29;1735;1;2;1;1;2;7;ATLANTIQUE  AVENUE DE L';M;4746789.0;-56581.0;490
24827;201500027538;15;6;22;2020;1;2;6;1;3;7;0, BRESSIGNY;M;4746532.0;-54535.0;490
24828;201500027539;15;6;23;1530;1;1;1;1;2;267;0, A87N;M;4746797.0;-51471.0;490
24829;201500027540;15;6;24;1829;1;2;1;1;6;7;0, JEAN XXIII AVENUE;M;4744808.0;-56331.0;490
24830;201500027541;15;6;24;1710;1;2;3;1;2;7;11, PASTEUR AVENUE;M;4747222.0;-54125.0;490
24831;201500027542;15;7;1;959;1;2;2;1;3;7;0, MOLIERE PLACE;M;4747398.0;-55446.0;490
24832;201500027544;15;7;5;210;5;1;1;1;6;7;0, ESTIENNE D'ORVES BOUL;M;4745457.0;-53350.0;490
24833;201500027545;15;7;3;1230;1;2;1;1;2;7;0, BAZIN RENE ALLEE;M;4747171.0;-55515.0;490
24834;201500027546;15;7;7;1015;1;2;4;1;3;7;0, MENDES FRANCE PLACE;M;4747232.0;-54609.0;490
24835;201500027547;15;7;9;1932;1;2;1;1;3;353;85, JEAN JAURES RUE;M;4745573.0;-52423.0;490
24836;201500027548;15;7;13;10;3;2;4;1;7;7;CORNE DE CERF;M;4747472.0;-56357.0;490
24837;201500027549;15;7;14;2250;5;2;3;1;3;7;108, PONTS DE CE;M;4745199.0;-53808.0;490
24838;201500027550;15;7;18;1206;1;2;1;1;2;7;25, BOISNET RUE;M;4747448.0;-55198.0;490
24839;201500027551;15;7;20;1830;1;1;1;1;2;246;A87N;M;4747841.0;-50101.0;490
24840;201500027552;15;7;20;1848;1;2;6;1;3;7;0, RABELAIS;M;4745846.0;-54512.0;490
24841;201500027554;15;7;20;1410;1;2;3;1;6;7;22, BALLUE AVENUE ET IMP;M;4747444.0;-59197.0;490
24842;201500027555;15;7;21;1520;1;1;2;1;7;7;0, BESSONEAU;M;4747132.0;-54690.0;490
24843;201500027556;15;7;23;1840;1;2;2;1;6;7;0, MELGRANI IMPASSE ET R;M;4747573.0;-59388.0;490
24844;201500027557;15;7;26;1315;1;2;2;2;3;7;0, ESTIENNE D'ORVES BOUL;M;4745457.0;-53302.0;490
24845;201500027559;15;7;26;1043;1;2;6;2;6;7;0, foucaudière;M;4745789.0;-51476.0;490
24846;201500027560;15;7;26;748;1;2;1;2;6;7;0, MOULIN PONT ET PLACE;M;4749070.0;-55232.0;490
24847;201500027561;15;7;27;935;1;2;6;2;7;15;0, ARDENNE ROND POINT;M;4751246.0;-59788.0;490
24848;201500027563;15;7;30;1210;1;2;1;1;6;7;PASTEUR AVENUE;M;4747467.0;-53610.0;490
24849;201500027565;15;8;3;925;1;1;1;1;6;7;GRAND LAUNAY;M;4746731.0;-59727.0;490
24850;201500027566;15;7;31;1720;1;1;1;1;7;246;0, BOUTTON AVENUE;M;4743832.0;-50907.0;490
24851;201500027567;15;8;3;1720;1;2;2;1;3;353;0, RECLUS;M;4745177.0;-50785.0;490
24852;201500027569;15;8;11;2122;5;2;2;1;3;7;0, NEY PLACE;M;4747862.0;-54453.0;490
24853;201500027570;15;8;11;1312;1;2;1;1;7;7;12, ARENES;M;4746796.0;-54905.0;490
24854;201500027571;15;8;12;504;5;2;1;1;7;246;15, DAVID D'ANGERS;M;4743630.0;-53099.0;490
24855;201500027572;15;8;13;1831;1;2;2;1;3;7;RUE PALLACH;M;4744768.0;-55775.0;490
24856;201500027573;15;8;15;1055;1;2;4;1;2;7;0, ATLANTIQUE  AVENUE DE;M;4746669.0;-59190.0;490
24857;201500027574;15;8;18;1849;1;2;3;1;3;7;0, PAUL BERT;M;4746649.0;-55306.0;490
24858;201500027575;15;8;20;1623;1;2;1;1;2;7;142, LAREVELLIERE;M;4747126.0;-52777.0;490
24859;201500027576;15;8;22;939;1;2;1;1;7;7;21, JAURES;M;4745822.0;-52241.0;490
24860;201500027577;15;8;23;1700;1;2;2;1;3;7;0, LARREY;M;4747867.0;-55619.0;490
24861;201500027578;15;8;21;1228;1;2;2;1;3;15;0, SCHWEITZER RUE ALBERT;M;4750104.0;-58876.0;490
24862;201500027579;15;8;24;1155;1;2;1;1;5;7;0, PONTS DE CE;M;4744774.0;-53664.0;490
24863;201500027581;15;8;27;1016;1;2;6;1;6;7;0, DE LATTRE DE TASSIGNY;M;4744848.0;-55386.0;490
24864;201500027582;15;8;28;1045;1;2;3;1;7;7;0, BIRGE BOULEVARD;M;4747078.0;-51908.0;490
24865;201500027583;15;8;31;1516;1;2;2;1;6;7;1, GASNIER AVENUE;M;4748740.0;-57358.0;490
24866;201500027584;15;9;1;1307;1;2;1;1;6;7;0, GRAND MONTREJEAU;M;4746851.0;-52254.0;490
24867;201500027585;15;8;31;1841;1;1;1;1;5;7;0, GRAND MONTREJEAU;M;4746862.0;-52277.0;490
24868;201500027586;15;8;29;1020;1;2;1;1;6;7;42, ARAGON AVENUE;M;4748313.0;-57746.0;490
24869;201500027587;15;9;2;940;1;1;1;1;3;246;0, A87N;M;4743083.0;-50644.0;490
24870;201500027588;15;9;2;856;1;1;1;1;1;267;route de SARRIGNE;M;4748737.0;-47161.0;490
24871;201500027589;15;9;3;1208;1;2;2;1;1;246;26, CHESNAIE AVENUE;M;4743666.0;-52664.0;490
24872;201500027590;15;9;5;1430;1;1;1;1;1;267;RD 116;M;4748694.0;-47476.0;490
24873;201500027591;15;9;4;945;1;2;6;1;3;7;0, BON PASTEUR BOULEVARD;M;4747026.0;-56914.0;490
24874;201500027592;15;9;6;1802;1;2;3;1;7;7;0, CARNOT;M;4747454.0;-54675.0;490
24875;201500027593;15;9;7;945;1;2;1;1;6;7;0, ACADEMIE PLACE;M;4746789.0;-55927.0;490
24876;201500027594;15;9;8;1755;1;2;1;1;6;7;0, FOCH BOULEVARD;M;4746791.0;-55112.0;490
24877;201500027595;15;9;13;430;5;2;1;1;5;7;44, RECULEE PROMENADE;M;4748615.0;-55046.0;490
24878;201500027596;15;9;14;1320;1;2;1;1;5;7;26, NID DE  PIE;M;4747101.0;-60456.0;490
24879;201500027597;15;9;15;1740;1;2;2;1;1;353;0, PRINTEMPS ALLEE;M;4744805.0;-50249.0;490
24880;201500027598;15;9;15;1231;1;2;2;1;6;7;0, SALPINTE;M;4744882.0;-55249.0;490
24881;201500027599;15;9;15;1300;1;2;1;1;1;7;0, BEAUSSIER BOULEVARD;M;4747285.0;-59979.0;490
24882;201500027600;15;9;16;815;2;2;1;2;6;246;0, GALLIENI AVENUE;M;4743592.0;-51976.0;490
24883;201500027601;15;9;16;1155;1;2;1;3;1;7;0, MOULIN BOULEVARD;M;4749225.0;-55482.0;490
24884;201500027602;15;9;17;1746;2;1;1;3;4;246;0, A87N;M;4747427.0;-54648.0;490
24885;201500027603;15;9;17;1717;1;2;1;1;6;7;0, BON PASTEUR BOULEVARD;M;4747114.0;-56495.0;490
24886;201500027604;15;9;17;724;3;2;2;1;6;7;0, CARNOT;M;4747427.0;-54648.0;490
24887;201500027605;15;9;18;1004;1;2;2;2;6;7;0, HOCHE;M;4746778.0;-55909.0;490
24888;201500027606;15;9;21;1805;1;2;1;1;6;7;0, CARNOT;M;4747449.0;-54679.0;490
24889;201500027607;15;9;22;720;1;1;3;1;7;15;0, MEIGNANNE ROUTE DE LA;M;4749927.0;-61977.0;490
24890;201500027608;15;9;24;721;5;2;1;1;7;15;0, MENDES FRANCE AVENUE;M;4750135.0;-58462.0;490
24891;201500027609;15;9;24;753;2;2;1;1;1;246;0, CHAUVIN AVENUE;M;4743246.0;-53339.0;490
24892;201500027610;15;9;25;1220;1;2;2;1;3;7;0, LARREY;M;4747928.0;-55562.0;490
24893;201500027611;15;9;25;1545;1;2;1;1;2;7;32, GAIN ( LOUIS);M;4746861.0;-53927.0;490
24894;201500027612;15;9;28;1711;1;2;1;1;4;7;72, MONPLAISIR BOULEVARD;M;4748843.0;-51793.0;490
24895;201500027613;15;9;28;1817;1;2;1;1;2;7;77, PARMENTIER;M;4745253.0;-51624.0;490
24896;201500027614;15;9;29;2350;5;2;2;1;3;7;0, BRESSIGNY;M;4746638.0;-54768.0;490
24897;201500027615;15;9;28;1141;1;2;6;1;6;246;0, PORTE PERRIERE CHEMIN;M;4743850.0;-50851.0;490
24898;201500027616;15;9;29;1610;1;2;1;1;1;7;0, CLEMENCEAU BOULEVARD;M;4747614.0;-56661.0;490
24899;201500027617;15;9;28;1933;1;2;2;1;6;7;0, ROE;M;4747350.0;-55403.0;490
24900;201500027618;15;10;2;350;5;1;9;1;6;7;0, VOIE DES BERGES;M;4746997.0;-56244.0;490
24901;201500027619;15;10;2;750;1;2;3;1;3;7;0, BEAUSSIER BOULEVARD;M;4747925.0;-59755.0;490
24902;201500027620;15;10;2;1540;1;2;1;1;3;7;0, HANNELOUP;M;4746813.0;-54687.0;490
24903;201500027621;15;10;5;1719;1;2;1;1;6;7;0, BARANGE BOULEVARD;M;4745558.0;-56989.0;490
24904;201500027623;15;10;9;1744;1;2;2;1;3;15;RUE DES CHENES;M;4749872.0;-58447.0;490
24905;201500027624;15;10;12;1000;1;2;1;1;4;246;21, MOULIN MARCILLE CHEM;M;4743650.0;-50349.0;490
24906;201500027625;15;10;12;1226;1;2;1;1;3;7;0, MONTAIGNE AVENUE;M;4747220.0;-54087.0;490
24907;201500027626;15;10;14;1510;1;2;1;1;6;7;32, ROI RENE BOULEVARD;M;4746839.0;-55795.0;490
24908;201500027627;15;10;14;1645;1;2;1;1;6;7;19, GAIN ( LOUIS);M;4746917.0;-54019.0;490
24909;201500027628;15;10;14;1500;1;2;9;1;6;353;252, REPUBLIQUE AVENUE;M;4745077.0;-50738.0;490
24910;201500027629;15;10;15;1735;1;2;3;1;3;7;19, DIDEROT IMPASSE;M;4746704.0;-53293.0;490
24911;201500027630;15;10;17;1500;1;2;2;1;3;7;0, BESNADIERE;M;4747937.0;-54463.0;490
24912;201500027631;15;10;17;1710;1;2;3;1;3;7;MONPROFIT PLACE;M;4747430.0;-56789.0;490
24913;201500027632;15;10;17;953;1;2;1;1;6;7;RUE LEKEU;M;4747156.0;-52279.0;490
24914;201500027633;15;10;20;2205;4;2;3;1;3;7;BLANCHERAIE AVENUE;M;4746706.0;-56101.0;490
24915;201500027635;15;10;22;2040;5;2;3;1;3;7;AYRAULT;M;4747730.0;-55329.0;490
24916;201500027636;15;10;23;2300;5;1;2;1;3;7;LAMORICIERE AVENUE;M;4747827.0;-53448.0;490
24917;201500027637;15;10;22;1945;5;2;3;1;5;7;Rue QUINET;M;4745983.0;-54236.0;490
24918;201500027638;15;10;23;1721;1;2;2;1;3;7;PATTON AVENUE;M;4747318.0;-59982.0;490
24919;201500027639;15;10;24;2100;5;2;1;1;2;7;ESTIENNE D'ORVES BOULEVA;M;4745554.0;-52999.0;490
24920;201500027640;15;10;27;1719;1;2;1;1;6;7;JEANNE D'ARC AVENUE;M;4746825.0;-54010.0;490
24921;201500027641;15;10;27;1225;1;2;9;1;6;7;MANDEL;M;4747030.0;-60185.0;490
24922;201500027642;15;10;25;702;1;1;1;1;6;246;00, A87N;M;4742703.0;-50434.0;490
24923;201500027643;15;10;28;1832;5;2;2;1;3;7;ARAGO BOULEVARD;M;4747854.0;-55622.0;490
24924;201500027644;15;11;3;1730;2;1;1;2;4;267;0, RD 347;M;4747250.0;-49725.0;490
24925;201500027645;15;11;3;1722;1;1;1;1;2;7;ATLANTIQUE  AVENUE DE;M;4747296.0;-61677.0;490
24926;201500027646;15;11;3;915;1;2;2;1;3;7;CARNOT;M;4747453.0;-54682.0;490
24927;201500027647;15;11;3;1506;1;2;1;1;6;353;28, JEAN JAURES RUE;M;4744113.0;-49115.0;490
24928;201500027648;15;11;4;738;2;1;1;1;7;15;VIOLETTE AVENUE DE LA;M;4750530.0;-57752.0;490
24929;201500027649;15;11;4;1045;1;2;9;1;6;7;0, LAC DE MAINE AVENUE;M;4746840.0;-58908.0;490
24930;201500027650;15;11;4;1030;1;2;1;1;6;7;0, BARANGE BOULEVARD;M;4745485.0;-56846.0;490
24931;201500027651;15;11;5;2135;5;2;2;1;6;7;BEDIER BOULEVARD;M;4745259.0;-54057.0;490
24932;201500027652;15;11;6;745;1;2;1;2;3;267;01, CHAMPFLEUR;M;4747837.0;-50546.0;490
24933;201500027653;15;11;6;1145;1;2;1;1;7;7;LAC DE MAINE AVENUE;M;4746638.0;-59208.0;490
24934;201500027654;15;11;6;1935;5;2;3;1;3;246;JEMMAPES QUAI;M;4741971.0;-52349.0;490
24935;201500027655;15;11;6;1520;1;2;6;1;7;353;Bd Jean Pena;M;4743904.0;-48666.0;490
24936;201500027656;15;11;7;1740;1;2;1;1;3;267;BRETONNIERES BOULEVARD;M;4747777.0;-50981.0;490
24937;201500027657;15;11;9;1450;1;2;2;1;2;7;GASNIER AVENUE;M;4748743.0;-57354.0;490
24938;201500027658;15;11;12;1245;1;1;1;1;3;7;RD 323;M;4748219.0;-54995.0;490
24939;201500027659;15;11;16;1130;1;2;2;1;3;7;BASSE CHAINE PONT;M;4747047.0;-56342.0;490
24940;201500027660;15;11;14;1455;1;2;2;1;3;7;78, MONTAIGNE AVENUE;M;4746897.0;-53248.0;490
24941;201500027661;15;11;14;1120;1;2;2;1;3;7;0, PATTON AVENUE;M;4747358.0;-58122.0;490
24942;201500027662;15;11;13;1434;1;1;2;1;2;7;07, CHATEAU D'ORGEMONT R;M;4745460.0;-54783.0;490
24943;201500027663;15;11;17;1223;1;2;2;2;1;7;BD AYRAULT;M;4747725.0;-55332.0;490
24944;201500027664;15;11;13;830;2;1;1;1;7;15;;M;4750208.0;-59711.0;490
24945;201500027665;15;11;15;523;3;1;1;1;7;353;0, ANDARD ROUTE;M;4744619.0;-45615.0;490
24946;201500027666;15;11;13;855;2;2;1;1;6;7;0, BARANGE BOULEVARD;M;4745529.0;-56980.0;490
24947;201500027667;15;11;17;1908;5;2;4;2;6;7;BEDIER BOULEVARD;M;4745093.0;-54949.0;490
24948;201500027668;15;11;18;1350;1;2;4;2;7;7;26, MONTAIGNE AVENUE;M;4747140.0;-53827.0;490
24949;201500027670;15;11;18;1540;1;2;3;2;3;7;TALOT;M;4746740.0;-55577.0;490
24950;201500027671;15;11;19;1221;1;2;1;1;6;7;ALLONNEAU(AUGUSTE) Bd;M;4748240.0;-52673.0;490
24951;201500027672;15;11;20;900;1;2;6;3;3;7;RABELAIS;M;4745810.0;-54456.0;490
24952;201500027673;15;11;20;1918;5;2;1;2;2;7;VOIE DES BERGES;M;4747325.0;-55680.0;490
24953;201500027674;15;11;22;1510;1;2;1;1;6;7;PLAC CHAPEAU DE GENDARME;M;4745108.0;-55571.0;490
24954;201500027675;15;11;21;1900;5;2;1;1;6;7;3 rue ENGUEHARD;M;4746236.0;-61577.0;490
24955;201500027676;15;11;23;1904;5;2;1;1;2;7;1, CUSSONEAU;M;4746946.0;-53181.0;490
24956;201500027677;15;11;24;1251;1;2;2;2;6;7;0, TARDAT;M;4745027.0;-55281.0;490
24957;201500027678;15;11;25;1440;1;2;2;1;3;15;0, ETANG ROUTE;M;4750724.0;-60771.0;490
24958;201500027679;15;11;25;1615;1;2;1;1;7;15;POMPIDOU AVENUE GEORGES;M;4749302.0;-59155.0;490
24959;201500027680;15;11;25;1922;3;1;1;1;7;267;BD de la CHANTERIE;M;4748480.0;-48976.0;490
24960;201500027681;15;11;26;1715;2;2;1;1;3;7;0, BESSONEAU;M;4747132.0;-54691.0;490
24961;201500027682;15;11;26;1545;1;2;3;1;3;7;TALET AVENUE;M;4747520.0;-54852.0;490
24962;201500027683;15;11;25;1610;1;2;1;1;7;7;0, PAUL BERT;M;4746581.0;-55197.0;490
24963;201500027684;15;11;28;1850;4;2;1;1;2;7;ROI DE POLOGNE QUAI;M;4746895.0;-56403.0;490
24964;201500027685;15;11;28;1115;1;1;1;1;6;7;0, VOIE DES BERGES;M;4748930.0;-54505.0;490
24965;201500027686;15;11;27;1800;2;1;1;2;2;246;A87N;M;4743786.0;-51022.0;490
24966;201500027687;15;11;30;920;1;2;1;1;2;7;BD CARNOT;M;4747531.0;-54851.0;490
24967;201500027688;15;11;29;1440;1;2;3;8;6;7;17, LISE;M;4747259.0;-54265.0;490
24968;201500027690;15;11;27;1910;5;1;6;1;7;7;ARAGON AVENUE;M;4747035.0;-56930.0;490
24969;201500027691;15;12;2;1115;1;2;2;1;3;7;BRISSET SQUARE;M;4747458.0;-58511.0;490
24970;201500027692;15;12;4;1350;1;2;2;1;6;7;MILLOT BOULEVARD JACQUES;M;4745759.0;-53312.0;490
24971;201500027693;15;12;3;900;1;2;1;1;3;7;37 BD JEAN  MOULIN;M;4749223.0;-55433.0;490
24972;201500027694;15;12;4;2005;1;2;3;1;3;7;1, ROI RENE BOULEVARD;M;4746688.0;-55433.0;490
24973;201500027695;15;12;6;1956;1;2;1;1;1;7;103, SAINT MICHEL BOULEV;M;4747355.0;-54097.0;490
24974;201500027696;15;12;6;1230;1;2;1;1;7;7;RUE CHAUSSEE ST PIERRE;M;4747083.0;-55298.0;490
24975;201500027697;15;12;5;1134;1;2;1;1;6;7;1, TURPIN DE CRISSE AVEN;M;4746477.0;-55414.0;490
24976;201500027698;15;12;4;1536;1;2;1;1;3;15;LANGEVIN RUE PAUL;M;4751806.0;-61059.0;490
24977;201500027699;15;12;5;1037;1;2;3;1;6;7;LAITERIE IMPASSE ET PLAC;M;4747524.0;-56257.0;490
24978;201500027700;15;12;7;1645;1;2;1;1;7;267;ROMANERIE BOULEVARD;M;4748255.0;-50171.0;490
24979;201500027701;15;12;8;1250;1;2;2;1;3;7;58 RUE QUINCONCE;M;4746813.0;-54159.0;490
24980;201500027702;15;12;11;1320;1;2;1;1;6;15;AV du 11 NOVEMBRE 1918;M;4750681.0;-59364.0;490
24981;201500027704;15;12;14;1907;5;2;9;1;3;7;0, VIGNE PLACE ET RUE;M;4747552.0;-58603.0;490
24982;201500027705;15;12;15;747;3;2;1;1;7;15;La PLESSE;M;4749767.0;-62073.0;490
24983;201500027706;15;12;16;1300;1;2;3;1;6;7;Rue du chateau ORGEMONT;M;4744952.0;-54434.0;490
24984;201500027707;15;12;16;1940;5;2;1;1;6;246;0, MAISONS ROUGES CHEMIN;M;4743529.0;-51324.0;490
24985;201500027708;15;12;16;1355;1;2;2;2;3;7;81, LETANDUERE;M;4745706.0;-55398.0;490
24986;201500027709;15;12;17;950;1;2;3;1;3;7;0, ECCE HOMO BOULEVARD;M;4746424.0;-56484.0;490
24987;201500027710;15;12;18;1810;2;2;1;1;2;7;RD 323;M;4747553.0;-55513.0;490
24988;201500027711;15;12;21;1915;5;2;2;1;3;7;ROMANERIE BOULEVARD;M;4748633.0;-51420.0;490
24989;201500027712;15;12;22;1535;1;2;1;1;4;7;00, MONTAIGNE AVENUE;M;4746834.0;-53064.0;490
24990;201500027713;15;12;23;1440;1;2;1;1;3;7;BICHON PLACE;M;4747875.0;-56505.0;490
24991;201500027714;15;12;27;2022;5;2;2;1;3;7;PONTS DE CE;M;4744862.0;-53672.0;490
24992;201500027715;15;12;27;525;4;2;1;1;7;7;5, JEANNE D'ARC AVENUE;M;4746992.0;-54409.0;490
24993;201500027716;15;12;26;1930;5;2;1;1;6;7;11, BRIOLLAY ROUTE;M;4748687.0;-53255.0;490
24994;201500027717;15;12;25;55;5;2;1;1;1;7;VOLNEY;M;4746233.0;-54279.0;490
24995;201500027719;15;12;29;740;2;2;6;1;7;15;MENDES FRANCE AVENUE;M;4750201.0;-58509.0;490
24996;201500027720;15;1;16;750;5;2;3;1;3;99;ARC (BD JEANNE D');M;4706434.0;-86783.0;490
24997;201500027722;15;2;23;725;1;2;1;8;6;99;COUTELIERS (RUE DES);M;4704950.0;-90323.0;490
24998;201500027723;15;1;19;1235;1;2;1;1;6;99;31, CARNOT (RUE SADI);M;4706130.0;-87062.0;490
24999;201500027724;15;11;7;1344;1;2;2;1;3;99;PEPINIERE (RUE DE LA);M;4706078.0;-86535.0;490
25000;201500027726;15;1;19;1850;5;2;2;1;3;99;LORRAINE (RUE DE);M;4705878.0;-86621.0;490
25001;201500027727;15;11;7;1140;1;2;2;1;6;99;RAMBOURG (RUE DE);M;4706734.0;-88501.0;490
25002;201500027728;15;2;26;2330;5;2;6;2;6;99;NATIONALE (RUE);M;4700242.0;-89087.0;490
25003;201500027729;15;1;21;1745;2;2;1;1;6;99;rue servan;M;4706408.0;-90047.0;490
25004;201500027731;15;3;4;605;3;2;6;1;3;99;SABLES (AVENUE DES );M;4704217.0;-89872.0;490
25005;201500027732;15;12;22;1730;5;2;1;1;2;99;NAPOLEON BONAPARTE (AVEN;M;4704787.0;-89337.0;490
25006;201500027733;15;1;23;1610;1;2;1;8;6;99;8, DARMAILLACQ (RUE ALPH;M;4706239.0;-87585.0;490
25007;201500027734;15;3;11;1115;1;2;1;1;3;99;119, PASTEUR (RUE LOUIS);M;4706740.0;-89592.0;490
25008;201500027735;15;1;31;624;5;2;1;1;6;99;TOURS (RUE DE);M;4707234.0;-85396.0;490
25009;201500027736;15;3;19;1000;1;2;1;1;6;99;BOCAGE (RUE DU);M;4705316.0;-86490.0;490
25010;201500027737;15;12;3;700;5;2;1;1;6;99;134, GIRARDIERE (RUE DE;M;4704066.0;-90172.0;490
25011;201500027738;15;3;20;1655;1;2;6;2;6;99;DELHUMEAU PLESSIS (BD);M;4705571.0;-87630.0;490
25012;201500027739;15;12;9;800;2;2;2;1;6;99;MINEE(BOULEVARD DE LA);M;4705236.0;-86927.0;490
25013;201500027740;15;12;11;1430;1;2;2;8;6;99;MINEE(BOULEVARD DE LA);M;4705244.0;-86929.0;490
25014;201500027741;15;3;30;2145;5;1;1;1;3;99;GODINIERE (BOULEVARD DE;M;4707088.0;-90166.0;490
25015;201500027742;15;12;14;745;5;2;3;1;3;99;VICTOIRE (BOULEVARD DE L;M;4705948.0;-87404.0;490
25016;201500027743;15;4;17;1515;1;2;1;1;6;99;2, RICHARDIERE (AVENUE D;M;4704412.0;-88136.0;490
25017;201500027744;15;12;30;815;5;2;1;1;6;99;19, CARNOT (RUE SADI);M;4706106.0;-87142.0;490
25018;201500027745;15;4;27;1245;1;2;2;1;3;99;GIRARDIERE (RUE DE LA);M;4704419.0;-89948.0;490
25019;201500027746;15;4;30;1815;1;2;3;2;3;99;25, MILLIASSEAU(RUE DU C;M;4705122.0;-85508.0;490
25020;201500027747;15;4;10;1240;1;2;1;1;2;99;COUBERTIN (BOULEVARD PIE;M;4704822.0;-87434.0;490
25021;201500027750;15;7;7;2000;1;1;1;1;6;99;256, PONEYS (RUE DES);M;4702723.0;-85308.0;490
25022;201500027751;15;4;3;1350;1;2;3;2;6;99;TRAVOT (PLACE );M;4706190.0;-87968.0;490
25023;201500027752;15;4;20;1835;1;1;1;7;1;99;MAULEVRIER(RUE DE );M;4704952.0;-83698.0;490
25024;201500027753;15;4;5;1350;1;2;1;1;6;99;CHARCOT (RUE JEAN-BAPTIS;M;4705473.0;-86577.0;490
25025;201500027754;15;4;11;1025;1;2;1;1;6;99;MAUDET(AVENUE);M;4705697.0;-87957.0;490
25026;201500027755;15;4;19;140;5;2;6;1;1;99;CARNOT (RUE SADI);M;4706305.0;-86595.0;490
25027;201500027756;15;4;24;2010;1;2;3;8;3;99;TOURS (RUE DE);M;4707245.0;-85572.0;490
25028;201500027757;15;4;30;1426;1;2;3;2;6;99;SOIXANTE DIX SEPTEME R.I;M;4706566.0;-87074.0;490
25029;201500027758;15;4;30;2115;5;2;2;2;5;99;MARNE (AVENUE DE LA);M;4705000.0;-89102.0;490
25030;201500027760;15;5;22;1000;1;2;2;1;6;99;MONDEMENT(RUE DE);M;4706404.0;-88013.0;490
25031;201500027761;15;5;22;1835;1;1;1;1;1;99;VC 6;M;4707750.0;-85708.0;490
25032;201500027762;15;5;13;1530;1;2;6;1;2;99;BICENTENAIRE DE 1793 (PL;M;4705507.0;-85980.0;490
25033;201500027763;15;6;12;2340;5;2;3;1;3;99;SOIXANTE DIX SEPTEME R.I;M;4706556.0;-87075.0;490
25034;201500027764;15;6;17;1615;1;2;1;7;3;99;PAGANNES (RUE DES);M;4707385.0;-84749.0;490
25035;201500027766;15;6;23;1140;1;2;2;1;3;99;RICHELIEU (BOULEVARD DE);M;4704437.0;-88136.0;490
25036;201500027767;15;6;24;1840;1;2;6;1;3;99;RD 158;M;4706830.0;-90509.0;490
25037;201500027768;15;6;24;1840;1;2;1;1;2;99;LORRAINE (RUE DE);M;4705610.0;-86085.0;490
25038;201500027769;15;7;6;1850;1;2;1;1;1;99;EIFFEL (RUE GUSTAVE);M;4706368.0;-85185.0;490
25039;201500027770;15;7;10;1545;1;2;1;1;2;99;48, HERAULT (BOULEVARD);M;4707076.0;-87854.0;490
25040;201500027771;15;9;5;2030;1;2;1;1;4;99;TOURAINE (BOULEVARD DE);M;4707340.0;-86539.0;490