;Num_Acc;an;mois;jour;hrmn;lum;agg;int;atm;col;com;adr;gps;lat;long;dep
25041;201500027772;15;9;12;1720;1;2;1;1;6;99;2BIS, KLEBER (RUE JEAN-B;M;4706188.0;-88551.0;490
25042;201500027773;15;9;15;1730;1;2;1;1;6;99;26, CALINS (AVENUE DES);M;4706069.0;-87206.0;490
25043;201500027774;15;9;15;2210;5;2;6;2;6;99;MARENGO (RUE DE);M;4704256.0;-89962.0;490
25044;201500027775;15;9;30;920;1;1;1;1;6;99;VC7 - rue de la vallière;M;4707640.0;-84873.0;490
25045;201500027776;15;10;21;700;3;1;1;1;2;99;RN 249;M;4703132.0;-89616.0;490
25046;201500027777;15;10;23;2130;5;2;1;1;7;99;65, Bd DELHUMEAU PLESSIS;M;4705454.0;-87575.0;490
25047;201500027778;15;10;27;1755;2;2;1;8;2;99;1, JUIN (BD DU MARECHAL);M;4704402.0;-89033.0;490
25048;201500027779;15;10;28;1535;1;2;3;1;1;99;RICHELIEU (BOULEVARD DE);M;4704437.0;-88137.0;490
25049;201500027780;15;10;28;1710;1;2;1;1;3;99;SABLES (AVENUE DES );M;4704454.0;-89693.0;490
25050;201500027781;15;11;4;1950;5;2;1;1;2;99;75, CHOUTEAU (BOULEVARD;M;4706701.0;-89074.0;490
25051;201500027782;15;11;5;1910;5;1;1;2;6;99;RICHARD (BOULEVARD GUSTA;M;4706224.0;-88058.0;490
25052;201500027783;15;11;7;650;2;2;1;1;6;99;BODIN (RUE JEAN);M;4705549.0;-85191.0;490
25053;201500027784;15;2;20;15;5;2;3;1;3;328;ECLUSE (RUE DE L');M;4726400.0;-10022.0;490
25054;201500027785;15;3;12;1330;1;2;6;1;3;328;COMMENTRY (AV André);M;4725308.0;-8040.0;490
25055;201500027786;15;3;17;1120;1;1;1;1;5;328;D347;M;4726751.0;-9023.0;490
25056;201500027787;15;4;17;1510;1;1;1;1;3;328;TUNNEL (RUE DU);M;4724290.0;-6908.0;490
25057;201500027788;15;5;2;1545;1;2;3;3;3;328;NOIRETTES (RUE DES);M;4724816.0;-11168.0;490
25058;201500027789;15;5;11;1600;1;1;1;1;2;328;ANGERS (ROUTE D');M;4728444.0;-9673.0;490
25059;201500027790;15;5;13;1720;1;2;1;1;6;328;14, MAYAUD (QUAI);M;4725598.0;-6733.0;490
25060;201500027791;15;5;21;800;1;2;6;1;6;328;sans, TOURS (ROUTE DE);M;4726720.0;-6974.0;490
25061;201500027792;15;5;24;1250;1;2;1;1;2;328;24, POMPIDOU (AVENUE GEO;M;4726471.0;-9831.0;490
25062;201500027793;15;6;9;1240;1;2;1;1;6;328;8, ROUEN (RUE DE);M;4726795.0;-6893.0;490
25063;201500027794;15;6;20;1640;1;2;2;1;5;328;GRANGE COURONNE (R;M;4727336.0;-6936.0;490
25064;201500027795;15;7;2;1500;1;1;1;1;1;328;ROCADE D 347;M;4725617.0;-9864.0;490
25065;201500027796;15;7;5;215;3;2;1;1;1;328;JAGUENEAU (QUAI DU;M;4725055.0;-5470.0;490
25066;201500027797;15;7;10;2030;1;2;1;1;6;328;59, PALUSTRE (RUE LEOPOL;M;4727484.0;-11095.0;490
25067;201500027798;15;7;11;2030;1;2;1;1;6;328;MOUTON (RUE DU);M;4725180.0;-7828.0;490
25068;201500027799;15;7;27;1530;1;2;9;1;6;328;FONTEVRAUD (ROUTE DE);M;4724442.0;-6901.0;490
25069;201500027800;15;7;29;2145;1;2;6;1;6;328;sans, MARECHAUX (RUE DES;M;4726282.0;-9024.0;490
25070;201500027802;15;8;20;1710;1;1;1;1;5;328;ROCADE D 347;M;4726319.0;-9526.0;490
25071;201500027803;15;8;22;755;1;2;1;1;3;328;ANGERS (ROUTE D');M;4726733.0;-7001.0;490
25072;201500027804;15;8;25;1225;1;2;1;1;1;328;VENDANGES (RUE DES);M;4724756.0;-6787.0;490
25073;201500027805;15;8;27;1130;1;2;1;2;6;328;GAUTHIER (QUAI LUC);M;4725951.0;-7319.0;490
25074;201500027806;15;9;11;1615;1;2;1;1;3;328;DE GAULLE (AVENUE DU GEN;M;4726468.0;-7265.0;490
25075;201500027807;15;9;26;1915;1;2;1;1;6;328;sans, DACIER (RUE);M;4725952.0;-7859.0;490
25076;201500027808;15;11;4;1215;1;2;1;1;6;328;GAUTHIER (QUAI LUCIEN);M;4726085.0;-7582.0;490
25077;201500027809;15;11;10;805;1;2;1;1;6;328;KLEBER (PLACE);M;4726268.0;-7913.0;490
25078;201500027810;15;11;16;750;2;2;1;1;6;328;POMPIDOU AVENUE GEORGES;M;4726498.0;-9946.0;490
25079;201500027811;15;11;20;720;5;2;6;2;6;328;MUSEE DU MOTEUR (RD-POIN;M;4725206.0;-8742.0;490
25080;201500027812;15;11;24;1555;1;2;1;2;6;328;71, DE GAULLE (AVENUE DU;M;4726516.0;-7229.0;490
25081;201500027813;15;12;7;1420;1;1;3;1;1;328;MARNE (BOULEVARD DE LA);M;4724244.0;-7946.0;490
25082;201500027814;15;12;9;1425;1;2;1;1;6;328;44, PORTAIL LOUIS (RUE D;M;4725844.0;-7879.0;490
25083;201500027816;15;1;13;2010;4;2;1;1;3;328;MAYAUD (QUAI);M;4725780.0;-7048.0;490
25084;201500027817;15;1;15;1030;1;2;2;2;2;328;50, PONT FOUCHARD (RUE D;M;4724973.0;-8996.0;490
25085;201500027818;15;1;27;1600;1;1;1;1;5;328;RD347;M;4724740.0;-10513.0;490
25086;201500027819;15;1;29;1200;1;1;1;2;1;328;ROCADE D 347;M;4726196.0;-9606.0;490
25087;201500027820;15;1;26;645;3;1;3;1;5;328;ANGERS (ROUTE D') D 952;M;4727472.0;-8158.0;490
25088;201500027823;15;2;21;1400;1;2;3;1;2;129;RUE BECQUEREL;M;4962810.0;-163928.0;500
25089;201500027826;15;2;28;2300;5;2;2;3;3;129;MAL TASSIGNY/ R GUYNEMER;M;4963600.0;-160461.0;500
25090;201500027827;15;3;1;1655;1;2;2;1;1;602;AV NORTHEIM/R CAPLAIN;M;4964430.0;-158157.0;500
25091;201500027828;15;3;2;1500;1;2;3;1;2;129;BD M FRANCE/R SIMON;M;4963490.0;-162700.0;500
25092;201500027829;15;3;4;1340;1;2;3;1;7;416;R MESSENT/3 CORNIERES;M;4965890.0;-171197.0;500
25093;201500027830;15;3;7;1315;1;2;2;1;3;129;R BECQUEREL/J CURIE;M;4962910.0;-164110.0;500
25094;201500027831;15;3;8;1145;1;2;2;1;7;173;RUE MARCEL SEMBAT;M;4965860.0;-169089.0;500
25095;201500027832;15;3;9;1445;1;2;3;1;7;129;AV BREMERHAVEN;M;4963110.0;-160672.0;500
25096;201500027833;15;3;10;1330;1;2;2;1;3;129;BD ATLANTIQUE/R J MESLIN;M;4962090.0;-164266.0;500
25097;201500027834;15;3;13;410;5;2;1;1;2;129;BD G LE CONQUERANT;M;4964100.0;-163686.0;500
25098;201500027835;15;3;13;2125;5;2;3;1;7;129;RUE DE L'ABBAYE;M;4964660.0;-164310.0;500
25099;201500027836;15;3;11;1445;1;2;2;1;7;173;R GAL LECLERC/J D'ARC;M;4964740.0;-165097.0;500
25100;201500027838;15;3;23;1510;1;2;3;1;4;129;BD DE LA SALINE/ 3 HANGA;M;4964760.0;-164328.0;500
25101;201500027839;15;3;25;1840;1;2;6;1;3;602;RD POINT JEAN MOULIN;M;4963530.0;-159191.0;500
25102;201500027840;15;3;26;1615;1;2;1;1;2;129;AVENUE DE PARIS;M;4962980.0;-161804.0;500
25103;201500027841;15;3;28;1400;1;2;1;2;7;129;PONT TOURNANT;M;4963920.0;-162060.0;500
25104;201500027842;15;3;29;1640;1;2;1;1;7;129;RUE GUILLAUME FOUACE;M;4963860.0;-162974.0;500
25105;201500027843;15;3;31;1950;1;2;1;1;1;602;RUE GAMBETTA;M;4964240.0;-158434.0;500
25106;201500027844;15;3;30;855;1;2;1;1;1;602;R BROSSOLETTE;M;4963290.0;-159153.0;500
25107;201500027845;15;1;3;1340;1;2;1;1;7;173;BD DE LA SALINE;M;4965770.0;-166742.0;500
25108;201500027846;15;3;30;900;1;2;1;1;1;129;RUE DE L'ABBAYE;M;4964550.0;-163734.0;500
25109;201500027847;15;3;30;2235;5;2;1;2;7;129;RUE BECQUEREL;M;4962690.0;-163743.0;500
25110;201500027848;15;4;1;1505;1;2;1;1;2;129;RUE DE L'ANCIEN QUAI;M;4963740.0;-162435.0;500
25111;201500027849;15;4;5;440;5;2;1;1;7;602;;M;4964070.0;-157289.0;500
25112;201500027850;15;4;4;1630;1;2;1;1;2;602;RUE DE LA MOIGNERIE;M;4964430.0;-158906.0;500
25113;201500027851;15;4;8;1805;1;2;2;1;3;602;RUE DES CHAUDIERES;M;4963750.0;-156866.0;500
25114;201500027852;15;4;15;1350;1;2;3;1;2;602;RUE DES ARTISANS;M;4963600.0;-159061.0;500
25115;201500027853;15;4;7;1515;1;2;2;1;4;129;AVENUE JF MILLET;M;4963340.0;-161737.0;500
25116;201500027854;15;4;20;1330;1;2;1;1;6;129;BOULEVARD DE L'ATLANTIQU;M;4962660.0;-163676.0;500
25117;201500027855;15;4;21;1405;1;2;1;1;6;129;BD GUILLAUME LE CONQUERA;M;4963740.0;-163352.0;500
25118;201500027856;15;4;21;1830;1;2;1;1;6;416;AVENUE D'ALLMENDINGEN;M;4965690.0;-170498.0;500
25119;201500027857;15;4;28;1529;1;2;1;1;7;129;PARKING DE LA TRINITE;M;4964260.0;-162422.0;500
25120;201500027858;15;4;28;1630;1;2;1;1;7;129;RUE DES TANNERIES;M;4963340.0;-162278.0;500
25121;201500027860;15;5;2;1640;1;2;2;2;7;602;RUE JEAN BOUIN;M;4963110.0;-158586.0;500
25122;201500027861;15;5;2;1910;1;2;1;2;2;129;RUE FRANCOIS LAVIEILLE;M;4964130.0;-162578.0;500
25123;201500027862;15;5;6;830;1;2;3;7;7;129;;M;4963810.0;-162398.0;500
25124;201500027864;15;5;8;1225;1;2;3;1;7;129;AV DELAVILLE/LOUIS XVI;M;4963570.0;-162282.0;500
25125;201500027865;15;5;6;1550;1;2;1;6;6;602;RUE DE VERDUN;M;4963720.0;-156360.0;500
25126;201500027866;15;5;12;1830;1;2;1;1;4;129;AVENUE JF MILLET;M;4963340.0;-161681.0;500
25127;201500027867;15;5;15;1905;1;2;3;1;7;129;R DU VIEUX PONT/CH PEGUY;M;4963470.0;-162355.0;500
25128;201500027869;15;5;19;830;1;2;3;1;3;173;AV J PREVERT/DES COUPLET;M;4965270.0;-166069.0;500
25129;201500027870;15;5;19;1720;1;2;6;1;2;173;RD POINT LA CAPEL;M;4965750.0;-166865.0;500
25130;201500027871;15;5;20;1805;1;2;3;1;2;602;BD DE L'EST/R GRAND PRE;M;4963640.0;-159620.0;500
25131;201500027872;15;5;19;1340;1;2;1;1;4;129;RUE GAMBETTA;M;4964670.0;-164369.0;500
25132;201500027873;15;5;20;1425;1;2;2;1;3;129;AV CARNOT/R A BRIAND;M;4963890.0;-161645.0;500
25133;201500027874;15;5;22;835;1;2;3;1;2;602;BD DE L'EST/R GRAND PRE;M;4963640.0;-159609.0;500
25134;201500027875;15;5;22;950;1;2;1;1;7;129;BOULEVARD DE LA SALINE;M;4964700.0;-164305.0;500
25135;201500027876;15;5;24;1520;1;2;1;1;7;129;RUE DES FOURCHES;M;4964260.0;-164451.0;500
25136;201500027878;15;5;27;1205;1;1;1;1;7;203;;M;4961250.0;-156278.0;500
25137;201500027879;15;5;27;1725;1;2;6;1;3;602;RD POINT DE PENESME;M;4963580.0;-157608.0;500
25138;201500027880;15;5;31;340;5;2;1;1;6;129;RUE DE L'HERMITAGE;M;4963500.0;-161490.0;500
25139;201500027882;15;6;1;1200;1;2;1;1;2;129;CH DES GRANDS RAGODINS;M;4961330.0;-165033.0;500
25140;201500027883;15;6;2;1615;1;2;1;1;7;129;RUE DE L'ABBAYE;M;4964510.0;-163655.0;500
25141;201500027884;15;6;5;800;1;2;2;1;7;129;BD ATLANTIQUE/AV DE NORM;M;4962690.0;-163676.0;500
25142;201500027885;15;6;5;1350;1;2;2;1;3;602;R GAMBETTA/AV NORTHEIM;M;4964160.0;-158025.0;500
25143;201500027886;15;6;9;1300;1;2;6;1;3;602;BD DE L'EST/R J MOULIN;M;4963550.0;-156667.0;500
25144;201500027887;15;6;12;1035;1;2;3;8;2;173;BD DE LA SALINE/DES 3 HA;M;4964870.0;-164400.0;500
25145;201500027888;15;6;12;1925;1;2;1;1;7;203;RUE LUCET;M;4962330.0;-161269.0;500
25146;201500027889;15;6;15;1720;1;2;2;1;3;129;BD ATLANTIQUE/BECQUEREL;M;4962690.0;-163676.0;500
25147;201500027890;15;6;21;300;4;1;1;1;7;173;;M;4964560.0;-169339.0;500
25148;201500027891;15;6;22;1410;1;2;2;3;6;173;BD DE LA SALINE/R VAUBAN;M;4965390.0;-164908.0;500
25149;201500027892;15;6;15;800;1;2;1;1;3;602;RUE DU GNAL DE GAULLE;M;4963870.0;-156406.0;500
25150;201500027893;15;6;26;1820;1;2;1;1;2;129;QUAI DE CALIGNY;M;4964040.0;-162157.0;500
25151;201500027894;15;7;2;955;1;2;2;2;7;129;AV PLYMOUTH/BD ATLANTIQU;M;4963230.0;-162376.0;500
25152;201500027895;15;7;3;530;2;2;1;1;7;602;RUE PIERRE BROSSOLETTE;M;4963230.0;-158991.0;500
25153;201500027896;15;7;5;620;2;2;2;3;1;129;BD ATLANTIQUE/BECQUEREL;M;4962690.0;-163676.0;500
25154;201500027897;15;7;5;1420;1;1;1;1;7;203;RUE MOULIN DE LA BANQUE;M;4959550.0;-157912.0;500
25155;201500027899;15;7;7;1010;1;2;6;1;3;129;ROND POINT DE THEMIS;M;4963460.0;-161321.0;500
25156;201500027900;15;7;10;1140;1;2;1;1;7;602;;M;4965250.0;-156759.0;500
25157;201500027901;15;7;11;945;1;1;1;1;1;203;VALLEE DE QUINCAMPOIX;M;4961550.0;-164026.0;500
25158;201500027902;15;7;12;1050;1;1;2;2;3;173;AV THIVET/ RUE TOT NEUF;M;4963570.0;-166571.0;500
25159;201500027903;15;1;6;1350;1;2;1;1;7;602;RUE CHASSE AUX LOUPS;M;4963860.0;-159085.0;500
25160;201500027904;15;7;13;720;1;2;1;2;7;602;BOULEVARD MARITIME;M;4964350.0;-160258.0;500
25161;201500027905;15;7;16;1730;1;2;1;1;7;129;QUAI DE CALIGNY;M;4963990.0;-162152.0;500
25162;201500027906;15;7;17;1240;1;1;1;2;7;416;;M;4964810.0;-172161.0;500
25163;201500027907;15;7;19;1940;1;2;1;2;2;173;BD DE LA SALINE;M;4965140.0;-164664.0;500
25164;201500027908;15;7;20;735;1;2;2;2;7;602;RUE A LEMARESQUIER;M;4964590.0;-158325.0;500
25165;201500027909;15;7;21;1830;1;2;1;1;7;173;RUE DE LA PAIX;M;4964850.0;-164933.0;500
25166;201500027910;15;7;19;2000;1;1;1;2;7;602;;M;4962770.0;-158196.0;500
25167;201500027912;15;7;25;1650;1;1;1;1;1;203;;M;4961250.0;-156270.0;500
25168;201500027913;15;7;31;2115;1;1;1;1;7;203;;M;4960470.0;-159439.0;500
25169;201500027914;15;8;6;2320;5;2;1;1;7;129;QUAI DE L'ENTREPOT;M;4963380.0;-162031.0;500
25170;201500027915;15;8;7;1955;1;2;1;1;7;129;RUE DE L'ABBAYE;M;4964570.0;-163918.0;500
25171;201500027916;15;8;11;630;1;2;3;2;2;203;LES R TERRES/CURIE;M;4960930.0;-160027.0;500
25172;201500027917;15;8;13;1645;1;2;3;1;1;129;R BARBEY A./R BRANLY;M;4963030.0;-164555.0;500
25173;201500027918;15;8;13;1800;1;2;3;2;2;129;AV BREMERHAVEN/FEVRES;M;4963130.0;-160762.0;500
25174;201500027919;15;8;18;1700;1;2;2;1;3;129;R BECQUEREL/SALENGRO;M;4962910.0;-164110.0;500
25175;201500027920;15;8;22;2000;1;2;1;2;6;602;BOULEVARD MARITIME;M;4964340.0;-160275.0;500
25176;201500027922;15;8;24;213;5;2;1;6;7;129;RUE LOUIS LANSONNEUR;M;4962550.0;-161717.0;500
25177;201500027923;15;8;23;100;5;1;1;3;2;602;RUE JEAN GOUBERT;M;4964850.0;-158562.0;500
25178;201500027924;15;8;24;730;2;2;1;2;1;129;RUE EMMANUEL LIAIS;M;4964030.0;-162840.0;500
25179;201500027925;15;8;24;1315;1;2;1;2;2;129;AVENUE DE PARIS;M;4962710.0;-161756.0;500
25180;201500027926;15;8;26;730;1;2;3;3;3;129;R R SALENGRO/V HUGO;M;4962410.0;-164596.0;500
25181;201500027927;15;8;29;1500;1;2;1;1;2;129;AVENUE DE PARIS;M;4963040.0;-161792.0;500
25182;201500027928;15;8;31;935;1;2;1;2;7;203;RUE LEON BLUM;M;4962410.0;-158650.0;500
25183;201500027929;15;8;31;1740;1;2;2;1;7;129;BD ATALNTIQUE/AV NORMAND;M;4962690.0;-163676.0;500
25184;201500027931;15;9;7;1310;1;2;1;1;2;129;AVENUE DE PARIS;M;4962980.0;-161805.0;500
25185;201500027932;15;9;9;750;1;2;2;1;7;129;R DES FOURCHES/COUBERTIN;M;4964340.0;-164427.0;500
25186;201500027933;15;9;9;1220;1;2;3;1;6;129;R DU MAUPAS/R COLIN;M;4963270.0;-161185.0;500
25187;201500027934;15;9;10;1930;1;2;2;1;7;129;R VAL DE SAIRE/VAUTIER;M;4963850.0;-160937.0;500
25188;201500027935;15;9;11;1100;1;2;2;1;2;602;R DES CITES/DES METIERS;M;4963670.0;-158512.0;500
25189;201500027936;15;1;9;850;1;2;1;2;7;416;RUE DES CLAIRES;M;4966090.0;-169297.0;500
25190;201500027937;15;9;13;1635;1;2;2;1;7;129;AV CARNOT/R SALINE;M;4963480.0;-161716.0;500
25191;201500027938;15;9;14;1440;1;2;6;3;3;129;ROND POINT DE THEMIS;M;4963460.0;-161321.0;500
25192;201500027939;15;9;14;800;1;2;3;3;2;129;AV PARIS/ R A. LEVEEL;M;4962640.0;-161726.0;500
25193;201500027940;15;9;18;755;2;2;2;1;7;129;R LOYSEL/DUCHE;M;4963750.0;-163302.0;500
25194;201500027941;15;9;18;800;1;2;2;6;7;173;R M. SEMBAT/AV BENECERE;M;4965880.0;-168784.0;500
25195;201500027942;15;9;20;535;5;2;1;1;7;129;QUAI DE CALIGNY;M;4964190.0;-162146.0;500
25196;201500027943;15;9;23;1530;1;2;4;1;6;129;RUE EMMANUEL LIAIS;M;4963870.0;-162813.0;500
25197;201500027944;15;9;26;1000;1;1;4;1;7;203;CH LOGE/CALLOUETTERIE;M;4961640.0;-161757.0;500
25198;201500027945;15;9;27;1715;1;2;1;1;7;203;RUE DE BEL AIR;M;4961120.0;-160789.0;500
25199;201500027946;15;9;29;1300;1;2;3;1;2;129;R E. LIAIS/A HOTEL DIEU;M;4964050.0;-162839.0;500
25200;201500027948;15;10;2;1100;1;2;2;1;3;129;R ABBAYE/DES MACONS;M;4964660.0;-164310.0;500
25201;201500027949;15;10;9;700;5;2;2;1;3;129;R DES MACONS/R ABBAYE;M;4964410.0;-163163.0;500
25202;201500027952;15;10;13;1335;1;2;3;1;7;129;R B. MESLIN/R AU BLE;M;4964080.0;-162386.0;500
25203;201500027953;15;10;15;1405;1;2;3;1;7;129;RUE EMMANUEL LIAIS;M;4964060.0;-162832.0;500
25204;201500027954;15;10;14;1950;5;1;1;1;7;203;VALLEE DE QUINCAMPOIX;M;4961930.0;-162992.0;500
25205;201500027956;15;10;21;710;3;1;1;2;7;173;HAMEAU LES PLAINS;M;4964190.0;-169916.0;500
25206;201500027958;15;10;23;1355;1;2;2;1;7;129;BD SCHUMAN/R P. DOULMER;M;4963640.0;-162573.0;500
25207;201500027959;15;10;25;1620;1;2;6;1;1;129;RD POINT DE THEMIS;M;4963440.0;-161405.0;500
25208;201500027960;15;10;26;1210;1;2;1;1;7;203;RUE DU V. A. LEMONNIER;M;4961890.0;-160969.0;500
25209;201500027961;15;10;28;1815;5;2;3;1;1;173;AV TOURVILLE/ A. FRANCE;M;4965110.0;-165001.0;500
25210;201500027962;15;1;11;1550;1;2;2;1;7;129;CH AIGUILLONS/;M;4963910.0;-163810.0;500
25211;201500027963;15;10;29;2150;5;2;1;1;7;129;AVENUE CESSART;M;4964460.0;-163173.0;500
25212;201500027964;15;1;12;145;5;2;7;1;7;129;PLACE DE LA FONTAINE;M;4963980.0;-162561.0;500
25213;201500027965;15;10;31;1735;2;1;6;1;2;602;ROND POINT DE LA BATE;M;4963720.0;-155013.0;500
25214;201500027966;15;11;4;1615;1;2;3;1;2;129;PLACE NAPOLEON;M;4964230.0;-162209.0;500
25215;201500027968;15;11;6;1630;1;2;2;3;3;129;R SALINE/ERMITAGE;M;4963460.0;-161497.0;500
25216;201500027969;15;11;9;1330;1;2;1;1;3;129;RUE JOLIOT CURIE;M;4962940.0;-164197.0;500
25217;201500027971;15;11;15;1745;5;2;3;1;6;129;AVENUE DE NORMANDIE;M;4962770.0;-162519.0;500
25218;201500027972;15;11;15;1340;1;2;2;1;3;129;AV CARNOT/AV BRIAND;M;4963890.0;-161652.0;500
25219;201500027973;15;11;19;1805;5;2;1;2;7;129;AVENUE  DE BREMERHAVEN;M;4963080.0;-160500.0;500
25220;201500027974;15;11;20;510;5;2;1;3;7;129;AVENUE CESSART;M;4964500.0;-162626.0;500
25221;201500027975;15;11;20;1650;1;2;3;1;7;173;RUE BARTHELEMY;M;4964770.0;-168490.0;500
25222;201500027976;15;11;20;1130;1;2;4;2;7;203;CH DE QUINCAMP/CHATAIGNI;M;4961510.0;-162611.0;500
25223;201500027977;15;11;20;1340;1;2;3;1;7;129;R F LAVIEILLE/CHRISTINE;M;4964010.0;-162611.0;500
25224;201500027978;15;11;29;2100;4;2;1;1;6;129;RUE DU MAINE;M;4962890.0;-163142.0;500
25225;201500027979;15;11;30;1110;1;2;2;1;7;129;R GAMBETTA/AL MAHIEU;M;4963820.0;-162530.0;500
25226;201500027980;15;11;16;1215;1;2;3;1;7;129;00, ROBERT LECOUVEY;M;4963180.0;-161004.0;500
25227;201500027981;15;11;30;756;1;2;1;2;7;129;;M;4964870.0;-163379.0;500
25228;201500027982;15;12;3;1215;1;2;4;1;7;203;LES BRULINS;M;4962000.0;-158136.0;500
25229;201500027983;15;12;7;520;3;2;1;1;7;203;RUE TOULORGE LEFEVRE;M;4962360.0;-160566.0;500
25230;201500027984;15;12;6;1900;5;2;2;1;3;602;LEMARESQUIER/BD MANCHE;M;4964790.0;-157873.0;500
25231;201500027985;15;12;5;1100;1;2;4;1;3;611;BD HAGUE/P CARDRON;M;4966650.0;-170639.0;500
25232;201500027986;15;12;7;1635;1;2;1;1;7;203;RUE HELENE BOUCHER;M;4961810.0;-160563.0;500
25233;201500027987;15;12;8;1830;5;2;1;1;6;173;;M;4965020.0;-164967.0;500
25234;201500027988;15;11;29;10;5;2;1;6;7;129;AVENUE AMIRAL LEMONNIER;M;4963390.0;-160639.0;500
25235;201500027989;15;12;9;1840;5;2;3;1;1;129;R CH PEGUY/R VIEUX PONT;M;4963570.0;-162339.0;500
25236;201500027990;15;12;12;2145;3;2;1;1;7;602;AXE NORD SUD;M;4963230.0;-157835.0;500
25237;201500027991;15;12;14;1230;1;2;2;1;3;173;R BELGIQUE/R PAUL DOUMER;M;4964750.0;-165485.0;500
25238;201500027992;15;12;14;1410;1;2;1;1;2;173;BOULEVARD DE LA MER;M;4965930.0;-167563.0;500
25239;201500027993;15;12;14;1100;1;2;2;1;7;129;AV MAL TASSIG/BD EST;M;4963460.0;-160267.0;500
25240;201500027994;15;12;16;1550;1;2;2;1;3;173;R ARAGO/AV J PREVERT;M;4965340.0;-166301.0;500
25241;201500027995;15;12;17;1815;5;2;2;1;3;602;R DU GR PRE/ENTREPRISES;M;4963780.0;-159495.0;500
25242;201500027996;15;12;20;500;5;2;1;1;7;129;BOULEVARD DE L'ATLANTIQU;M;4962880.0;-162718.0;500
25243;201500027997;15;12;18;1540;1;2;2;1;7;129;BD G LE CONQ/P. GOUBERTI;M;4964250.0;-163740.0;500
25244;201500027998;15;12;22;1700;2;2;2;2;1;129;PLACE JEAN JAURES;M;4963400.0;-162252.0;500
25245;201500027999;15;12;22;1725;2;2;2;2;7;129;AV NORMANDIE/R MEZIERES;M;4962970.0;-162332.0;500
25246;201500028000;15;12;25;1840;5;2;2;1;4;129;BD DE L'EST/R DU BOIS;M;4963520.0;-160119.0;500
25247;201500028001;15;12;23;820;5;2;1;1;7;173;RUE DE LA PAIX;M;4965100.0;-165190.0;500
25248;201500028002;15;12;25;1930;3;1;6;2;7;602;ROND POINT DES FLAMANDS;M;4965360.0;-157827.0;500
25249;201500028003;15;12;26;1935;5;2;2;1;3;129;PLACE NAPOLEON;M;4964380.0;-162597.0;500
25250;201500028004;15;12;27;120;5;2;3;1;7;129;AV PLYMOUTH/R DE COLMAR;M;4963100.0;-162245.0;500
25251;201500028005;15;12;27;930;1;2;2;1;2;129;R JOLIOT CURIE/SALENGRO;M;4962910.0;-164110.0;500
25252;201500028006;15;1;17;2200;5;2;2;1;7;129;PL REPUBLIQUE/R TOUR CAR;M;4964220.0;-162542.0;500
25253;201500028007;15;1;19;1220;1;2;1;1;7;129;QUAI DE CALIGNY;M;4963990.0;-162151.0;500
25254;201500028008;15;1;20;825;5;2;3;1;1;173;R DE LA PAIX/VAUBAN;M;4965230.0;-165325.0;500
25255;201500028009;15;1;20;830;2;2;4;1;2;173;R GAMBETTA/V HUGO;M;4964780.0;-164800.0;500
25256;201500028010;15;1;23;915;1;2;1;1;1;602;ROND POINT DES MIELLES;M;4964520.0;-159896.0;500
25257;201500028011;15;1;26;1520;1;2;1;1;7;129;RUE PROLONGEE DU ROULE;M;4962370.0;-161940.0;500
25258;201500028012;15;1;28;1315;1;2;3;2;7;173;RUE DES HERCHES;M;4964380.0;-166543.0;500
25259;201500028013;15;1;29;110;3;2;6;2;7;602;RD POINT DES FLAMANDS;M;4965360.0;-157827.0;500
25260;201500028014;15;2;5;806;2;2;1;1;2;173;RUE MARCEL SEMBAT;M;4965820.0;-168249.0;500
25261;201500028015;15;2;5;1405;1;2;3;1;3;129;R ABBAYE/BD SALINE;M;4964560.0;-163886.0;500
25262;201500028016;15;2;11;1245;1;2;1;1;7;173;;M;4965590.0;-169957.0;500
25263;201500028017;15;2;11;1935;5;2;3;1;3;129;AV NORMANDIE/R ANJOU;M;4962690.0;-163572.0;500
25264;201500028018;15;3;4;1730;1;1;3;1;2;537;, AMONTOUX;M;4903370.0;-143534.0;500
25265;201500028019;15;3;18;1610;1;2;1;1;2;147;AVENUE DIVISION LECLERC;M;4906250.0;-143393.0;500
25266;201500028020;15;5;19;1935;1;2;1;1;7;147;RUE DES COURTILLES;M;4904080.0;-144141.0;500
25267;201500028021;15;5;29;1030;1;2;6;1;3;147;RD POINT DE L'ARQUERIE;M;4906210.0;-142699.0;500
25268;201500028022;15;7;2;650;1;1;1;2;3;147;ROCADE NORD;M;4906710.0;-141471.0;500
25269;201500028023;15;7;8;1410;1;2;1;8;7;147;RUE DE L'ECLUSE CHETTE;M;4905390.0;-144598.0;500
25270;201500028024;15;7;25;1020;1;1;1;1;6;147;RUE MARECHAL JOFFRE;M;4905170.0;-144346.0;500
25271;201500028025;15;9;23;900;1;2;9;7;6;147;RUE DU LYCEE;M;4904600.0;-144439.0;500
25272;201500028026;15;9;29;1350;1;2;7;1;7;147;AVENUE DES SAPINS;M;4905220.0;-143662.0;500
25273;201500028027;15;10;9;1840;1;2;9;1;6;147;AV DE LA  REPUBLIQUE;M;4905460.0;-143887.0;500
25274;201500028028;15;10;13;1425;1;2;3;1;3;147;NORMANDIE;M;4905310.0;-144101.0;500
25275;201500028029;15;10;16;1515;1;2;1;2;6;147;COMPLEXE CLAIREFONTAINES;M;4905440.0;-143013.0;500