;Num_Acc;an;mois;jour;hrmn;lum;agg;int;atm;col;com;adr;gps;lat;long;dep
25276;201500028031;15;12;7;1840;5;2;3;1;1;147;BOULEVARD DE LA MARNE;M;4904280.0;-144901.0;500
25277;201500028032;15;2;21;1545;1;2;1;1;6;218;AVENUE DES MATIGNONS;M;4883800.0;-158495.0;500
25278;201500028033;15;1;13;1710;1;2;6;1;3;218;AV MAL LECLERC/AV MATIGN;M;4883800.0;-158499.0;500
25279;201500028034;15;1;16;2330;5;2;1;1;6;165;RUE ARISTIDE BRIAND;M;4883700.0;-158299.0;500
25280;201500028035;15;2;22;248;5;2;2;1;6;218;AV A BRIAND/W CHURCHILL;M;4883550.0;-157990.0;500
25281;201500028036;15;1;26;1605;1;2;1;1;6;218;AVENUE DES MATIGNONS;M;4883780.0;-156968.0;500
25282;201500028037;15;3;2;1525;1;2;3;1;6;218;R DU COM. YVON/R COURAYE;M;4883720.0;-159402.0;500
25283;201500028038;15;1;29;825;2;2;4;3;6;218;R MARIS/DU BOSQ;M;4883840.0;-159244.0;500
25284;201500028040;15;4;13;1110;1;2;1;1;6;218;RUE ARISTIDE BRIAND;M;4883690.0;-158289.0;500
25285;201500028041;15;2;10;1216;1;2;1;1;6;218;ROND POINT MAISON BRULEE;M;4883770.0;-156055.0;500
25286;201500028042;15;4;21;1015;1;2;1;1;6;218;RUE LECAMPION;M;4883720.0;-159890.0;500
25287;201500028043;15;5;16;1724;1;2;1;1;3;647;RU DU 8 JUIN 1944;M;4883900.0;-155123.0;500
25288;201500028044;15;5;18;1505;1;2;1;2;4;218;AVENUE DES MATIGNONS;M;4883740.0;-154424.0;500
25289;201500028045;15;5;30;1735;1;2;1;1;3;218;AVENUE DES MATIGNONS;M;4883780.0;-156735.0;500
25290;201500028046;15;6;6;1832;1;2;1;1;2;647;ROUTE DE VILLEDIEU;M;4883770.0;-155782.0;500
25291;201500028047;15;6;14;1626;1;2;3;1;7;218;RUE SAINT NICOLAS;M;4883780.0;-156936.0;500
25292;201500028048;15;6;25;1907;1;2;1;1;6;218;RUE LECAMPION;M;4883720.0;-159949.0;500
25293;201500028049;15;7;5;1905;1;2;1;1;7;218;RUE FONTAINE JOLIE;M;4883360.0;-155662.0;500
25294;201500028050;15;7;9;1130;1;2;8;1;7;218;AVENUE DE LA GARE;M;4884150.0;-158643.0;500
25295;201500028051;15;7;11;1605;1;2;1;1;2;218;ROUTE DE VILLEDIEU;M;4883750.0;-154815.0;500
25296;201500028052;15;7;20;1200;1;2;3;1;6;218;R ROGER MARIS/COURAYE;M;4883720.0;-159400.0;500
25297;201500028053;15;7;24;1950;1;2;2;2;3;532;RUE TOMBELAINE;M;4878830.0;-156548.0;500
25298;201500028054;15;7;31;1742;1;1;1;1;7;218;;M;4882610.0;-154538.0;500
25299;201500028055;15;8;5;1539;1;1;3;1;2;165;RUE DU CHAMP DE COURSE;M;4885720.0;-157595.0;500
25300;201500028056;15;8;10;1135;1;2;1;1;3;532;RUE DE L'EUROPE;M;4881510.0;-157050.0;500
25301;201500028057;15;8;12;1155;1;1;1;1;2;532;AVENUE D'AVRANCHES;M;4881150.0;-153976.0;500
25302;201500028058;15;8;24;1555;1;2;6;3;3;218;ROND POINT DE ST BRELADE;M;4883410.0;-156840.0;500
25303;201500028059;15;8;30;1252;1;2;1;1;3;218;RUE DU VIEUX MOULIN;M;4883840.0;-157882.0;500
25304;201500028061;15;9;14;755;1;2;1;2;2;218;RUE COURAYE;M;4883750.0;-159038.0;500
25305;201500028062;15;9;15;810;1;2;1;1;6;218;AVENUE DES MATIGNONS;M;4883780.0;-156611.0;500
25306;201500028063;15;9;18;1605;1;2;9;1;3;514;RUE DE LA CRETE;M;4875210.0;-85145.0;500
25307;201500028064;15;9;20;1850;1;2;1;1;6;218;RUE AMIRAL HUGON;M;4883750.0;-158804.0;500
25308;201500028065;15;9;23;1800;1;2;1;1;3;218;AVENUE DES MATIGNON;M;4883790.0;-157317.0;500
25309;201500028066;15;9;24;1730;1;2;1;1;6;165;RUE DE LA PIERRE AIGUE;M;4885340.0;-156191.0;500
25310;201500028068;15;10;31;1730;1;2;1;1;2;218;BOULEVARD DES AMERIQUES;M;4883130.0;-157508.0;500
25311;201500028069;15;11;5;740;1;2;2;1;3;218;AV A BRIAND/R W CHURCHIL;M;4883800.0;-158499.0;500
25312;201500028070;15;11;14;1030;1;1;1;1;7;532;ROUTE DE LA COUPERIE;M;4882000.0;-154178.0;500
25313;201500028071;15;11;17;1750;5;2;1;2;6;218;RUE COURAYE;M;4883760.0;-158979.0;500
25314;201500028072;15;11;30;930;1;2;1;1;2;218;ROUTE DE VILLEDIEU;M;4883750.0;-155010.0;500
25315;201500028074;15;12;15;1120;1;1;2;3;2;218;;M;4882470.0;-155845.0;500
25316;201500028075;15;12;22;1720;5;1;1;1;3;532;RTE DU GUIGEOIS;M;4879200.0;-153260.0;500
25317;201500028076;15;12;17;1200;1;2;3;1;3;165;RUE DE LA PIERRE AIGUE;M;4885320.0;-156382.0;500
25318;201500028078;15;2;7;330;3;1;1;1;7;647;LE VAL;M;4884780.0;-154199.0;500
25319;201500028079;15;2;26;1440;1;2;1;3;2;2;AVENUE DE VERDUN;M;4911840.0;-108932.0;500
25320;201500028080;15;1;7;1245;1;2;1;1;6;34;RUE ANDRE MALRAUX;M;4910140.0;-108297.0;500
25321;201500028081;15;2;27;1020;1;2;1;1;2;502;RUE MARECHAL JUIN;M;4911570.0;-107523.0;500
25322;201500028082;15;2;4;1315;1;2;2;8;4;502;MAL TASSIGNY/AV PLATANES;M;4911310.0;-107950.0;500
25323;201500028083;15;4;1;1325;1;2;1;1;3;502;RUE DE L'EXODE;M;4910480.0;-108644.0;500
25324;201500028084;15;2;11;805;1;2;2;1;6;502;RUE LEON JOUHAUX;M;4911070.0;-105569.0;500
25325;201500028085;15;4;7;1115;1;2;6;1;1;502;RUE DE L'EXODE;M;4910990.0;-109011.0;500
25326;201500028086;15;4;15;1650;1;2;3;1;3;502;RUE DE L'EXODE;M;4910500.0;-108668.0;500
25327;201500028087;15;4;22;1210;1;2;3;1;3;502;RTE COUTANCES/V CAGNON;M;4911640.0;-104150.0;500
25328;201500028088;15;4;25;1930;1;2;6;2;7;502;RUE DE LA POTERNE;M;4911690.0;-109803.0;500
25329;201500028089;15;4;30;1910;1;2;1;1;4;502;ROUTE DE TORIGNI;M;4910570.0;-106860.0;500
25330;201500028090;15;5;11;1350;1;2;1;1;6;502;RUE ALSACE LORRAINE;M;4911460.0;-109902.0;500
25331;201500028091;15;5;18;1155;1;1;6;2;3;2;PAPIN (RUE DENIS);M;4911080.0;-113405.0;500
25332;201500028092;15;6;5;905;1;1;2;1;3;502;AV CERISIERS/AV TILLEULS;M;4911180.0;-106990.0;500
25333;201500028093;15;6;13;1735;1;1;1;1;6;502;;M;4910930.0;-107247.0;500
25334;201500028094;15;6;23;1550;1;1;1;1;7;321;ROUTE D'ISIGNY;M;4913440.0;-106579.0;500
25335;201500028095;15;8;4;1315;1;2;6;1;3;502;PARIS;M;4911570.0;-107479.0;500
25336;201500028096;15;8;5;1120;1;2;2;1;3;502;LA DOLLEE/DU PRE DE HAUT;M;4911900.0;-108659.0;500
25337;201500028097;15;8;12;1740;1;2;6;1;3;502;BOIS ANDRE  (MONTÉE DU);M;4911890.0;-108661.0;500
25338;201500028098;15;8;21;2020;1;1;1;1;3;502;BD DE STRASBOURG;M;4909910.0;-111193.0;500
25339;201500028099;15;8;22;1200;1;2;6;1;1;502;MATIGNON (ROND POINT);M;4910580.0;-106877.0;500
25340;201500028101;15;9;11;900;1;2;3;1;3;502;R M. LECLERC/MIMOSAS;M;4911560.0;-108072.0;500
25341;201500028102;15;9;16;1705;1;1;1;1;7;502;ROUTE DE TESSY;M;4910540.0;-109409.0;500
25342;201500028103;15;9;21;1750;1;2;3;2;2;502;RUE DE VILLEDIEU;M;4911300.0;-110033.0;500
25343;201500028104;15;10;2;905;1;2;6;1;6;502;DE LATTRE DE TASSIGNY;M;4911550.0;-108308.0;500
25344;201500028105;15;10;8;1330;1;2;1;1;6;502;RUE DE L'EXODE;M;4910890.0;-109007.0;500
25345;201500028106;15;10;11;1620;1;1;1;1;7;2;RTE DE PERIERS;M;4911800.0;-114906.0;500
25346;201500028107;15;11;5;1100;1;1;1;8;7;502;RUE DES MONTS;M;4912380.0;-106219.0;500
25347;201500028108;15;11;13;950;1;1;6;1;2;2;RTE DE COUTANCES;M;4910920.0;-113535.0;500
25348;201500028109;15;11;25;1120;1;2;1;2;6;502;RUE TORTERON;M;4911440.0;-109412.0;500
25349;201500028111;15;12;23;1120;1;2;1;1;6;502;RUE DE LAITIERE NORMANDE;M;4911530.0;-109046.0;500
25350;201500028113;15;3;7;1820;1;2;1;1;2;108;AVE WINSTON CHURCHILL;M;4894246.0;439001.0;510
25351;201500028114;15;4;18;1944;1;2;6;1;3;504;R. R. ARON/RTE DE LOUVOI;M;4897303.0;434729.0;510
25352;201500028115;15;4;9;1810;1;2;1;1;6;108;7 R. DU D. SCHWEITZER;M;4894835.0;434520.0;510
25353;201500028116;15;5;25;805;1;2;1;1;2;108;D3;M;4895312.0;437156.0;510
25354;201500028117;15;6;14;1247;1;1;1;1;7;108;N44;M;4896553.0;438572.0;510
25355;201500028118;15;7;9;1600;1;2;1;1;6;108;23 PLACE GODART;M;4895646.0;436439.0;510
25356;201500028120;15;8;21;1720;1;2;1;1;3;108;RUE JEAN SEBASTIEN BACH;M;4896465.0;438322.0;510
25357;201500028121;15;10;2;1800;1;1;1;1;6;453;N44;M;4900202.0;433684.0;510
25358;201500028122;15;10;27;1016;1;2;1;1;6;108;RUE GARINET;M;4895663.0;436505.0;510
25359;201500028123;15;11;8;4;5;2;1;1;6;108;RUE MICHEL MENARD;M;4893935.0;440011.0;510
25360;201500028124;15;12;21;1526;1;2;3;1;6;108;2 RUE LOCHET;M;4895619.0;436052.0;510
25361;201500028125;15;1;18;2215;5;2;1;1;7;230;96 AVENUE MARECHAL FOCH;;;;510
25362;201500028126;15;4;23;900;1;2;3;1;6;431;ALLEE DE MAXENU;M;4902398.0;394619.0;510
25363;201500028127;15;5;22;1721;1;2;7;1;6;230;PLACE FADA N'GOURMA;M;4903726.0;397149.0;510
25364;201500028128;15;6;6;1545;1;2;3;1;3;230;R.PLOMB/DOM PERIGNON;M;4903589.0;395256.0;510
25365;201500028130;15;7;12;1012;1;1;3;1;3;30;D1;M;4904948.0;401313.0;510
25366;201500028131;15;10;2;1225;1;2;3;1;6;230;D401;M;4904727.0;395396.0;510
25367;201500028132;15;11;11;1702;1;2;3;1;3;230;AVE BEETHOVEN/R G. FAURE;M;4903716.0;397484.0;510
25368;201500028134;15;11;27;1820;5;2;6;1;3;230;PLACE LEON BOURGEOIS;M;4904620.0;395486.0;510
25369;201500028135;15;12;14;1730;5;2;1;5;6;230;RUE DU DOCTEUR ROUSSEAU;M;4904592.0;395701.0;510
25370;201500028136;15;6;21;2045;1;2;1;1;3;344;D3;M;4905065.0;393202.0;510
25371;201500028137;15;3;22;1615;1;2;1;1;3;454;59 BOULEVARD PAUL DOUMER;M;4924751.0;402885.0;510
25372;201500028138;15;1;13;1730;5;2;1;2;6;454;RUE DU GENERAL KOENIG;;;;510
25373;201500028139;15;1;15;1805;5;2;1;1;6;454;157 AVENUE JEAN JAURES;;;;510
25374;201500028140;15;3;24;2035;5;2;2;3;3;454;AVE DE PARIS/D EPERNAY;M;4924862.0;401272.0;510
25375;201500028141;15;1;26;1145;1;2;3;2;6;454;BD POMMERY/R. DE SILLERY;;;;510
25376;201500028142;15;1;30;730;5;2;1;4;6;454;RUE DU GENERAL MAZILLIER;;;;510
25377;201500028143;15;2;5;1410;1;2;6;1;3;172;RTE DE TAISSY/NIECPE;M;4922052.0;406378.0;510
25378;201500028144;15;2;7;230;5;2;1;1;6;454;15 RUE LESAGE;M;4926416.0;402919.0;510
25379;201500028145;15;4;20;2019;1;2;2;1;3;454;BD DES BELGES/D966;M;4927628.0;402689.0;510
25380;201500028146;15;4;21;2140;5;2;2;1;3;454;RUES DE VENISE/GAMBETTA;M;4924913.0;403695.0;510
25381;201500028147;15;2;18;1915;5;2;1;1;3;454;1 RUE PIERRE MEHAULT;M;4922495.0;402817.0;510
25382;201500028148;15;4;26;1250;1;2;1;1;6;454;1 RUE PIERRE TAITTINGER;M;4923500.0;400711.0;510
25383;201500028149;15;3;9;1710;1;2;1;1;2;454;2 RUE ARMAND BOUXIN;M;4922602.0;402701.0;510
25384;201500028150;15;5;23;950;1;2;1;1;6;172;7 PLACE LOUISE MICHEL;M;4922278.0;405309.0;510
25385;201500028151;15;3;21;1610;1;2;1;1;4;454;1 RUE DE VENISE;M;4924879.0;403636.0;510
25386;201500028152;15;4;5;2050;5;2;1;1;6;454;30 AVE DU GAL BONAPARTE;M;4923047.0;400654.0;510
25387;201500028153;15;4;9;2050;3;1;1;1;2;493;D944;M;4922743.0;409976.0;510
25388;201500028154;15;4;19;245;5;2;1;1;4;454;AVE DU GAL DE GAULLE;M;4924920.0;402472.0;510
25389;201500028155;15;4;24;408;5;2;2;1;1;454;RUE P. MAITRE/VICTOIRE;M;4926301.0;400183.0;510
25390;201500028156;15;6;13;1930;1;2;1;1;6;454;87 RUE DE VENISE;M;4924655.0;403190.0;510
25391;201500028157;15;6;16;1727;1;2;3;1;3;454;4 RUE SAINT BRICE;M;4925636.0;401997.0;510
25392;201500028158;15;5;24;2206;5;2;9;1;3;454;BOULEVARD LOUIS ROEDERER;;;;510
25393;201500028159;15;6;22;106;5;2;1;1;6;454;BOULEVARD JOFFRE;M;4926102.0;402848.0;510
25394;201500028160;15;6;27;1545;1;2;1;1;6;454;AVE DU GENERAL BONAPARTE;M;4922718.0;401351.0;510
25395;201500028161;15;6;30;2000;1;2;3;1;3;454;RUES J. CELLIER/C. PEGUY;M;4928261.0;403090.0;510
25396;201500028162;15;7;1;1935;1;2;1;1;2;454;69 AVENUE DE PARIS;M;4924810.0;400928.0;510
25397;201500028163;15;7;3;1650;1;2;3;1;4;454;R. DE CERNAY/SAINT BRUNO;M;4925794.0;405361.0;510
25398;201500028164;15;7;7;1830;1;2;3;1;3;454;D'HERBIGNY/DE THIONVILLE;M;4925895.0;404912.0;510
25399;201500028165;15;7;13;1950;1;2;1;1;6;454;AVENUE FRANCOIS MAURIAC;M;4923277.0;400258.0;510
25400;201500028167;15;7;24;1710;1;2;2;1;5;454;RUES E. ZOLA/DURUY;M;4926779.0;402663.0;510
25401;201500028168;15;8;7;515;5;2;1;1;2;573;28 P. VAILLANT COUTURIER;M;4924773.0;400580.0;510
25402;201500028169;15;8;10;2025;1;2;3;1;2;454;DE LOUVOIS/BD D. PHENICI;M;4922615.0;404223.0;510
25403;201500028171;15;9;8;1405;1;2;3;1;6;454;R. DU MONT D ARENE/N44;M;4926433.0;402706.0;510
25404;201500028172;15;9;19;625;5;2;1;1;6;454;PARKING CARREFOUR;M;4926003.0;406553.0;510
25405;201500028173;15;9;21;1605;1;2;3;1;3;55;RTE DE BETHENY/GALLIENI;M;4927132.0;405037.0;510
25406;201500028175;15;9;24;1420;1;2;9;1;3;454;2 BOULEVARD DES BELGES;M;4927523.0;401848.0;510
25407;201500028176;15;9;25;1420;1;2;1;1;2;454;1 AVE DU MARECHAL JUIN;M;4922013.0;402064.0;510
25408;201500028177;15;9;25;1620;1;2;1;1;3;454;1 PLACE DE LA REPUBLIQUE;M;4926168.0;402984.0;510
25409;201500028178;15;9;26;1245;1;1;1;1;1;58;AVENUE JEAN MONNET;M;4921517.0;400204.0;510
25410;201500028179;15;9;29;620;3;1;1;1;2;454;A34;M;4923803.0;407681.0;510
25411;201500028180;15;10;3;1710;1;2;2;1;6;454;182 RUE DE VESLE;M;4925144.0;402334.0;510
25412;201500028181;15;10;5;1925;5;2;1;2;4;454;AVENUE DE CHAMPAGNE;M;4923978.0;404504.0;510
25413;201500028183;15;10;7;1235;1;2;1;1;6;454;11 AVENUE DE L YSER;M;4924996.0;405366.0;510
25414;201500028184;15;10;8;1205;1;2;3;1;5;454;D9/RUE DE LA VILLAGEOISE;M;4922717.0;403986.0;510
25415;201500028185;15;10;11;545;5;2;1;1;6;454;26 AVENUE DE PARIS;;;;510
25416;201500028186;15;10;12;1810;1;2;1;1;6;454;1 AVE DU G.DE GAULLE;M;4924823.0;402137.0;510
25417;201500028187;15;10;13;740;2;2;1;1;3;454;RUE DU COMMANDANT ARNAUD;M;4927376.0;402987.0;510
25418;201500028190;15;10;14;1300;1;2;1;1;5;454;BOULEVARD ALBERT 1ER;M;4927026.0;401091.0;510
25419;201500028191;15;10;14;1800;1;2;6;2;6;454;P. MARCHANDEAU/COURLANCY;M;4924231.0;402449.0;510
25420;201500028192;15;10;9;2010;5;2;2;1;3;454;RUES GOUSSIEZ/SALENGRO;M;4927347.0;402395.0;510
25421;201500028193;15;10;15;1905;5;2;2;1;1;454;DE NEUFCHATEL/DES BELGES;M;4927625.0;402686.0;510
25422;201500028194;15;10;16;1050;1;2;6;2;3;454;ROND POINT FARMAN;M;4923674.0;407057.0;510
25423;201500028195;15;10;16;1540;1;2;3;1;3;454;N51/R. DU FOSSE BRIOTIN;M;4926816.0;406838.0;510
25424;201500028196;15;10;21;30;5;2;3;1;3;454;DR SCHWEITZER/FOND PATE;M;4927768.0;402223.0;510
25425;201500028197;15;10;23;910;1;2;3;1;1;454;24, POINCARE (RUE RAYMON;M;4927997.0;401891.0;510
25426;201500028198;15;10;23;1320;1;2;1;1;1;454;32 AVENUE JEAN JAURES;M;4925839.0;404215.0;510
25427;201500028199;15;10;24;2142;5;2;6;1;3;454;AV MARCHANDEAU/COURLANCY;M;4924209.0;402480.0;510
25428;201500028200;15;10;26;1405;1;2;2;1;1;454;BD ALBERT 1ER/COUTURIER;M;4927340.0;401488.0;510
25429;201500028201;15;10;27;1540;1;2;1;1;4;454;BOULEVARD GUSTAVE EIFFEL;M;4926955.0;407191.0;510
25430;201500028202;15;10;31;1530;1;2;1;1;3;454;131 AVENUE JEAN JAURES;M;4926069.0;404847.0;510
25431;201500028203;15;11;2;1520;1;2;2;1;6;454;71 C, POMMERY (BOULEVARD;M;4925059.0;405278.0;510
25432;201500028204;15;11;4;1030;1;2;4;1;3;454;R. D ORVES/CHARBONNIERS;M;4923398.0;402782.0;510
25433;201500028205;15;11;4;1545;1;2;1;2;2;454;1 RUE DE COURCELLES;M;4925726.0;402252.0;510
25434;201500028206;15;11;6;1210;1;2;2;1;6;454;1, VENISE (RUE);M;4924749.0;403371.0;510
25435;201500028207;15;11;8;1440;1;2;2;1;2;454;AV J. JAURES/R. DE WITRY;M;4926286.0;405448.0;510
25436;201500028209;15;11;12;810;1;2;3;1;3;454;14 RUE DU RUISSELET;M;4924433.0;403648.0;510
25437;201500028210;15;11;12;815;1;2;1;1;6;454;RUE DE L UNION FONCIERE;M;4924572.0;401501.0;510
25438;201500028211;15;11;12;1155;1;2;6;1;6;172;RUE LUCIEN TROUSSET;M;4921367.0;404806.0;510
25439;201500028212;15;11;12;2035;5;2;2;1;3;454;AVE DE PARIS/D EPERNAY;;;;510
25440;201500028213;15;11;13;1610;1;2;1;1;6;454;3 AVENUE DE L EUROPE;M;4925483.0;406168.0;510
25441;201500028214;15;11;16;1010;1;2;2;1;3;454;RUES CHABAUD/LIBERGIER;M;4925090.0;402602.0;510
25442;201500028215;15;11;16;1320;1;2;1;1;1;573;9 RUE JOSEPH CUGNOT;M;4924123.0;398720.0;510
25443;201500028216;15;11;16;1415;1;1;3;1;3;454;RUE GABRIEL VOISIN;M;4923302.0;406738.0;510
25444;201500028217;15;11;16;2300;5;2;1;2;1;454;RUE PASSE DEMOISELLES;M;4924405.0;402121.0;510
25445;201500028218;15;11;17;750;1;2;1;2;4;454;N244;M;4923375.0;407387.0;510
25446;201500028219;15;11;17;1410;1;2;1;1;3;454;4 AVENUE D EPERNAY;M;4924828.0;401265.0;510
25447;201500028220;15;11;20;800;5;2;2;3;3;454;R. DE COURCELLES/GERUZEZ;M;4926287.0;401645.0;510
25448;201500028221;15;11;22;1945;5;2;2;1;3;454;P. MARCHANDEAU/BOCQUAINE;M;4924415.0;402747.0;510
25449;201500028222;15;11;22;2015;5;2;1;1;3;454;RUE DE VENISE;M;4924669.0;403212.0;510
25450;201500028223;15;11;23;1535;1;2;1;7;2;454;AVENUE GEORGES POMPIDOU;M;4921989.0;402212.0;510
25451;201500028224;15;11;24;825;1;2;2;1;3;454;ALBERT 1ER (BOULEVARD);M;4927081.0;401112.0;510
25452;201500028225;15;11;24;1620;1;2;1;2;3;454;131 BOULEVARD POMMERY;M;4924564.0;405039.0;510
25453;201500028226;15;11;24;1825;5;2;1;2;3;454;BD DE LA PAIX/N44;M;4925320.0;404114.0;510
25454;201500028227;15;11;25;1335;1;2;6;2;6;454;AVENUE HENRI FARMAN;M;4923658.0;407010.0;510
25455;201500028228;15;11;27;1210;1;2;1;1;3;454;33 RUE DUMONT D'URVILLE;M;4922585.0;403835.0;510
25456;201500028229;15;11;28;1005;1;2;1;1;3;454;ALLEE GEORGES BIZET;M;4923884.0;401768.0;510
25457;201500028230;15;11;30;1420;1;2;6;1;3;474;RU DE BERNEX;M;4928073.0;400506.0;510
25458;201500028231;15;12;2;400;5;2;1;1;6;454;BOULEVARD JULES CESAR;M;4926427.0;403425.0;510
25459;201500028232;15;12;3;800;1;1;6;1;2;454;ROND POINT DE CHAMPAGNE;M;4921251.0;401546.0;510
25460;201500028233;15;12;3;1810;5;2;1;1;2;454;13, JUIN (AVENUE DU MARE;M;4922044.0;401998.0;510
25461;201500028234;15;12;8;1640;2;2;2;2;6;454;BD DE LA PAIX/RUE PIPER;M;4925499.0;404035.0;510
25462;201500028235;15;12;8;1815;5;2;1;3;6;573;1 RUE DU 29 AOUT 1944;M;4924738.0;399903.0;510
25463;201500028236;15;12;11;1310;1;2;1;3;6;454;15 BOULEVARD JAMIN;M;4926109.0;404664.0;510
25464;201500028238;15;12;16;40;5;1;9;1;6;573;ROUTE DE SOISSONS;M;4925385.0;397478.0;510
25465;201500028239;15;12;16;1030;1;2;2;8;6;454;RUE DE TALLEYRAND/ETAPE;M;4925572.0;402894.0;510
25466;201500028240;15;12;15;1750;5;2;1;1;6;454;BD DU PRESIDENT WILSON;M;4923796.0;402392.0;510
25467;201500028242;15;12;20;700;5;2;1;1;6;454;112 RUE DE COURCELLES;M;4926660.0;400311.0;510
25468;201500028243;15;12;21;1410;1;2;1;1;1;454;19 AVENUE JEAN JAURES;M;4925787.0;404061.0;510
25469;201500028244;15;12;21;1230;1;2;2;1;3;454;RUE CLOVIS CHEZEL;M;4923911.0;403127.0;510
25470;201500028245;15;12;24;1300;1;2;1;1;2;172;6 RUE SIMON DAUPHINOT;M;4922602.0;404682.0;510
25471;201500028246;15;12;24;1505;1;2;1;1;7;573;16 RUE NICOLAS APPERT;M;4923941.0;398870.0;510
25472;201500028247;15;12;24;1440;1;2;2;1;3;172;DES REMOULEURS/COMMERCE;M;4921560.0;406397.0;510
25473;201500028248;15;12;25;255;5;2;2;2;6;454;R. GUICHARD/ST THIERRY;M;4926565.0;402073.0;510
25474;201500028249;15;12;26;1630;1;2;2;1;3;454;AVE J. JAURES/R. DE NICE;M;4926505.0;406016.0;510
25475;201500028250;15;12;26;1800;5;2;1;1;6;454;RUE DU GRAND CREDO;M;4925487.0;403524.0;510
25476;201500028251;15;12;26;2015;5;2;1;1;6;454;83 AVENUE DE PARIS;M;4924799.0;400842.0;510
25477;201500028252;15;12;29;1500;1;2;1;1;2;454;AVENUE DU G. DE GAULLE;M;4924215.0;401437.0;510
25478;201500028253;15;12;30;1330;1;2;2;1;1;172;R DES LAPS/ACCES MAGASIN;M;4921610.0;404513.0;510
25479;201500028254;15;12;30;1315;1;2;2;1;3;172;R. DU DR ROUX/PARMENTIER;M;4922375.0;404779.0;510
25480;201500028255;15;12;30;1500;1;2;6;1;2;172;PL. DE L EGALITE:D9;M;4921667.0;405074.0;510
25481;201500028256;15;4;7;844;1;2;1;1;2;121;7, LECLERC (AVENUE GENER;M;4810811.0;514080.0;520
25482;201500028257;15;11;20;755;2;2;1;2;6;121;0, GAGARINE (RUE YOURI);M;4810727.0;514770.0;520
25483;201500028258;15;11;23;1603;1;1;1;1;1;121;RD 200;M;4813252.0;513248.0;520
25484;201500028259;15;5;24;600;1;1;1;1;6;125;R.D. 162;M;4810985.0;516659.0;520
25485;201500028260;15;11;24;905;1;2;1;1;4;121;RD 619;M;4811803.0;514020.0;520
25486;201500028261;15;5;24;500;5;2;1;1;6;121;26, VAL PONCE (RUE DU);M;4808738.0;514417.0;520
25487;201500028264;15;12;11;1120;1;2;3;1;2;121;0, SOUVENIR FRANCAIS (AV;M;4810969.0;514336.0;520
25488;201500028265;15;6;14;2305;3;1;1;2;1;121;RD 619;M;4812367.0;512986.0;520
25489;201500028266;15;12;16;1250;1;2;1;1;6;121;4, CASSEZ (AVENUE EMILE;M;4811022.0;512908.0;520
25490;201500028267;15;6;23;339;3;1;6;1;7;121;RN 67;M;4810875.0;510973.0;520
25491;201500028268;15;12;21;2015;5;2;2;1;6;121;0, DIDEROT (BD);M;4810947.0;514036.0;520
25492;201500028269;15;7;1;1320;1;2;2;1;3;121;0, ROBESPIERRE (RUE);M;4810306.0;513322.0;520
25493;201500028270;15;12;22;1216;1;2;1;1;6;121;R.D. 162;M;4812506.0;515640.0;520
25494;201500028271;15;7;21;1209;1;1;1;1;6;121;R.D. 417;M;4810461.0;521146.0;520
25495;201500028272;15;7;21;1355;1;2;2;1;5;121;0, PRIMEVERES (Rue DES);M;4809869.0;514695.0;520
25496;201500028273;15;8;6;1350;1;2;1;1;6;121;REPUBLIQUE (AVENUE);M;4809891.0;514514.0;520
25497;201500028274;15;8;7;1155;1;2;3;1;2;121;R.D. 65;M;4810926.0;513680.0;520
25498;201500028275;15;8;11;330;3;2;1;1;7;121;RD 674;M;4811835.0;515655.0;520
25499;201500028277;15;8;26;2130;3;1;1;1;6;121;R.D. 65;M;4811057.0;510418.0;520
25500;201500028278;15;9;1;1012;1;1;1;1;7;121;RD 674;M;4850272.0;495695.0;520
25501;201500028279;15;10;5;1125;1;2;1;1;2;121;GAMBETTA (BOULEVARD);M;4810965.0;514315.0;520
25502;201500028280;15;11;15;1115;1;2;6;1;6;121;RD 619;M;4809234.0;514537.0;520
25503;201500028281;15;1;9;1705;3;1;1;2;4;121;R.D. 65;M;4811094.0;510302.0;520
25504;201500028282;15;1;28;2205;3;1;1;2;6;121;RD 674;M;4812287.0;518540.0;520
25505;201500028283;15;2;12;1014;1;2;2;1;6;121;0, MARECHAL JUIN (BOULEV;M;4809916.0;515326.0;520
25506;201500028284;15;2;11;1645;1;2;3;7;6;121;0, BLONDEL (RUE ANDRE);M;4810947.0;514023.0;520
25507;201500028285;15;2;28;1706;1;2;1;1;2;121;0, BOURGOGNE (RUE DE);M;4809781.0;514038.0;520
25508;201500028286;15;3;21;2310;5;2;4;1;7;121;2, AMPERE (RUE);M;4809529.0;513324.0;520
25509;201500028287;15;4;8;2220;5;2;1;1;7;448;1, ALLENDE (BOULEVARD SA;M;4864716.0;496725.0;520
25510;201500028288;15;4;27;1640;1;2;1;2;6;448;1, CHENE SAINT AMAND (Z.;M;4862520.0;496755.0;520