;Num_Acc;an;mois;jour;hrmn;lum;agg;int;atm;col;com;adr;gps;lat;long;dep
25511;201500028289;15;5;4;1820;1;2;6;1;3;448;SARRAIL (AVENUE DU GENER;M;4864758.0;495698.0;520
25512;201500028290;15;5;17;1320;1;2;3;1;3;448;28, CAMUS (RUE JEAN);M;4863884.0;497568.0;520
25513;201500028291;15;6;15;1800;1;2;1;1;6;448;1, Edgar PISANI ( Boulev;M;4863668.0;497630.0;520
25514;201500028292;15;9;25;1350;1;2;2;1;5;448;1, Edgar PISANI ( Boulev;M;4863915.0;497193.0;520
25515;201500028293;15;10;1;1945;2;1;1;1;4;448;RN4;M;4862439.0;493717.0;520
25516;201500028294;15;10;20;755;1;2;1;1;6;448;101, CLEFMONTS (RUE);M;4863187.0;498523.0;520
25517;201500028295;15;11;20;1930;5;2;1;3;2;448;1, PLACE DE L'EUROPE;M;4864415.0;496341.0;520
25518;201500028297;15;12;1;1720;2;2;3;1;3;448;206, REPUBLIQUE (AV DE;M;4863741.0;494155.0;520
25519;201500028298;15;2;18;1325;1;2;2;1;3;130;6, MAGENTA ( RUE );M;4807521.0;-76735.0;530
25520;201500028299;15;2;21;1820;2;1;1;1;6;130;CHATEAU DU BOIS GAMATS (;M;4804826.0;-74939.0;530
25521;201500028300;15;12;12;2130;3;1;1;5;7;54;sans, BREHAUDIERES ( LIE;M;4810718.0;-84319.0;530
25522;201500028301;15;2;21;1550;1;2;1;1;3;201;48, HUGO (AVENUE VICTOR);M;4807795.0;-81980.0;530
25523;201500028302;15;2;18;1300;1;2;6;1;7;130;DU GUESCLIN ( BOULEVARD;M;4807388.0;-79547.0;530
25524;201500028303;15;3;10;1545;1;2;2;2;6;130;6, PAIX ( RUE DE LA );M;4807098.0;-76926.0;530
25525;201500028304;15;3;29;2210;5;2;1;2;6;130;ATLANTIQUE ( AVENUE DE L;M;4805902.0;-78747.0;530
25526;201500028305;15;4;9;1220;1;2;3;1;6;130;0, BEAUREGARD ( RUE DE );M;4807526.0;-77892.0;530
25527;201500028306;15;4;23;951;1;2;1;1;6;130;FLATTERS ( RUE DU COLONE;M;4806728.0;-77618.0;530
25528;201500028307;15;3;17;930;1;1;1;1;6;130;ELAIN (BOULEVARD PIERRE);M;4808108.0;-79544.0;530
25529;201500028308;15;4;27;1410;1;1;1;1;5;54;VOIE COMMUNALE 6(ROUTE D;M;4810829.0;-82844.0;530
25530;201500028309;15;5;29;1645;1;2;1;1;6;130;CHANZY ( AVENUE DE );M;4807324.0;-73652.0;530
25531;201500028310;15;6;8;1430;1;2;1;1;1;130;26, DANIEL ( BOULEVARD L;M;4805312.0;-79493.0;530
25532;201500028311;15;6;18;1740;1;1;1;1;2;54;RN 162;M;4809976.0;-74711.0;530
25533;201500028312;15;7;10;932;1;2;1;1;6;130;CHANZY ( AVENUE DE );M;4806721.0;-75874.0;530
25534;201500028313;15;7;30;1830;1;1;1;1;6;34;3, BARBES ( IMPASSE DES;M;4807338.0;-73404.0;530
25535;201500028314;15;8;24;1730;1;2;1;1;3;130;HAUTE CHIFFOLIERE ( RUE;M;4807146.0;-77454.0;530
25536;201500028315;15;9;3;1900;1;2;6;1;3;130;ATLANTIQUE ( AVENUE DE L;M;4805270.0;-79386.0;530
25537;201500028316;15;9;3;1425;1;2;3;1;3;130;2, DEPORTES ( RUE DES );M;4807044.0;-77321.0;530
25538;201500028317;15;8;24;1420;1;1;1;3;7;130;TOURS ( ROUTE DE );M;4804854.0;-73249.0;530
25539;201500028319;15;10;30;30;5;2;2;1;6;130;86, BOISSEL ( RUE VICTOR;M;4806423.0;-76134.0;530
25540;201500028320;15;11;29;345;5;2;6;1;6;201;LOGES ( BOULEVARD DES );M;4806600.0;-81204.0;530
25541;201500028321;15;11;24;710;2;2;2;2;3;130;0, 8 MAI 1945 ( BOULEVAR;;;;530
25542;201500028322;15;12;22;1830;5;2;1;2;6;130;sans, DU GUESCLIN ( BOUL;M;4807074.0;-79347.0;530
25543;201500028323;15;1;14;740;5;2;1;2;6;130;0, JAURES ( BOULEVARD JE;M;4806470.0;-78915.0;530
25544;201500028324;15;1;19;950;1;2;1;1;6;130;DROUOT ( RUE );M;4805637.0;-74424.0;530
25545;201500028325;15;10;28;1700;2;1;1;2;1;36;906 (RD);M;4928002.0;595961.0;540
25546;201500028326;15;3;11;800;1;2;1;1;6;99;31, BRIEY (AVENUE ALBERT;M;4925178.0;593697.0;540
25547;201500028327;15;10;6;1045;1;2;1;1;6;391;62, METZ (RUE DE);;;;540
25548;201500028328;15;6;11;1645;1;2;1;1;7;99;BRIEY (AVENUE ALBERT DE);;;;540
25549;201500028329;15;12;5;1615;1;2;1;1;6;280;12, FRANCHEPRE (RUE DE);;;;540
25550;201500028330;15;3;23;1300;1;2;1;1;1;99;952A (RD);M;4924306.0;594115.0;540
25551;201500028331;15;3;14;1020;1;2;1;1;7;99;346 (RD - VERS POMPIERS);M;4925004.0;595366.0;540
25552;201500028332;15;7;9;2245;5;2;2;1;3;263;5, PASTEUR (RUE);M;4921885.0;599160.0;540
25553;201500028333;15;7;19;1225;1;2;1;1;7;263;1, COURBET (RUE);M;4921727.0;599968.0;540
25554;201500028334;15;7;30;1645;1;2;1;1;6;263;1, QUATRE VENTS (RUE DES;;;;540
25555;201500028335;15;8;9;545;2;1;1;1;7;99;138 (RD);;;;540
25556;201500028336;15;8;20;1830;1;1;1;1;3;36;906 (RD);;;;540
25557;201500028338;15;3;23;220;3;1;1;1;7;469;DEPARTEMENTALE 135;M;4915560.0;600148.0;540
25558;201500028339;15;2;25;910;1;2;3;1;6;136;0, DESCARTES (RUE);;;;540
25559;201500028341;15;8;2;940;1;1;1;1;6;542;DEPARTEMENTALE 613;M;4918871.0;589264.0;540
25560;201500028343;15;9;27;1105;1;1;1;1;6;542;DEPARTEMENTALE 613;M;4922240.0;592953.0;540
25561;201500028344;15;12;5;100;3;1;1;5;6;542;DEPARTEMENTALE 613;;;;540
25562;201500028345;15;11;9;1510;1;1;1;7;5;253;DEPARTEMENTALE 613;M;0.0;0.0;540
25563;201500028346;15;6;5;948;1;1;1;1;7;544;COYVILLER (ROUTE DE);M;0.0;0.0;540
25564;201500028347;15;12;12;1240;1;2;3;1;3;159;GENERAL LECLERC AVENUE;M;4862006.0;635093.0;540
25565;201500028348;15;1;25;1845;5;2;4;4;6;483;77, FRANCE (RUE ANATOLE);;;;540
25566;201500028349;15;2;20;1510;1;2;1;1;6;483;04, COURTOIS (RUE CHARLE;M;4863154.0;630190.0;540
25567;201500028350;15;3;3;2227;3;2;1;8;7;254;RD 196;M;4949144.0;580973.0;540
25568;201500028351;15;12;23;1130;1;1;1;1;2;323;18 (ROUTE NATIONALE);M;;;540
25569;201500028352;15;3;4;939;1;2;3;8;3;323;TIVOLI (RUE DU);;;;540
25570;201500028355;15;12;25;2300;3;1;1;3;5;254;52 (ROUTE NATIONALE);M;;;540
25571;201500028356;15;3;5;1223;1;2;1;8;3;323;RAYMOND POINCARE (AVENUE;;;;540
25572;201500028357;15;3;15;1700;1;2;1;1;6;323;BIVAQUE (AVENUE DU);;;;540
25573;201500028358;15;3;25;2030;2;2;1;9;2;382;ARTS (AVENUE DES);;;;540
25574;201500028359;15;3;25;1500;1;2;3;8;3;323;METZ (RUE DE);;;;540
25575;201500028360;15;4;3;1300;1;1;1;1;1;323;520 (R.D.);;;;540
25576;201500028361;15;4;8;1110;1;2;3;1;3;382;ARTS (AVENUE DES);;;;540
25577;201500028362;15;4;3;850;1;2;1;1;6;493;90 rue de LONGWY;M;4952582.0;580963.0;540
25578;201500028363;15;2;24;124;5;2;1;8;6;261;42, CONCORDE (RUE DE LA);;;;540
25579;201500028364;15;4;15;710;2;1;1;1;6;382;52 (ROUTE NATIONALE);M;4955049.0;577648.0;540
25580;201500028365;15;4;17;2118;3;1;1;1;6;382;52 (ROUTE NATIONALE);M;4953353.0;575722.0;540
25581;201500028366;15;5;4;1600;1;2;1;1;2;254;196 B (ROUTE DEPARTEMENT;;;;540
25582;201500028367;15;5;12;2132;3;1;1;1;6;367;VOIE RAPIDE (R.N. 52);M;4949933.0;580187.0;540
25583;201500028368;15;5;20;1545;1;2;1;1;4;323;52 (ROUTE NATIONALE);;;;540
25584;201500028369;15;5;30;210;3;1;1;3;6;323;52 (ROUTE NATIONALE);M;4954254.0;576174.0;540
25585;201500028370;15;6;2;1518;1;2;1;1;6;451;MOULIN (RUE DU);M;4900000.0;500000.0;540
25586;201500028371;15;6;5;1056;1;2;1;1;6;323;02, HYPPOLITE D'HUART (R;M;4951427.0;577181.0;540
25587;201500028372;15;6;5;1206;1;2;1;1;6;323;BIVAQUE (AVENUE DU);M;0.0;0.0;540
25588;201500028373;15;6;6;1640;1;2;1;1;4;323;36, PASTEUR (RUE);M;4952786.0;577685.0;540
25589;201500028374;15;6;10;1715;1;2;1;1;2;323;FAIENCERIE (RUE DE LA);M;0.0;0.0;540
25590;201500028375;15;6;10;1746;1;2;1;1;4;323;RAYMOND POINCARE (AVENUE;M;0.0;0.0;540
25591;201500028376;15;6;14;2223;5;2;9;1;1;261;CONCORDE (RUE DE LA);M;0.0;0.0;540
25592;201500028377;15;6;24;1134;1;2;3;1;3;261;CONCORDE (RUE DE LA);M;0.0;0.0;540
25593;201500028378;15;6;24;1802;1;1;1;1;5;323;RN 52;M;4952250.0;575312.0;540
25594;201500028379;15;8;10;1730;1;2;1;2;6;382;BORDEAUX (RUE DE);M;0.0;0.0;540
25595;201500028380;15;7;14;115;5;2;1;1;6;323;39, STANISLAS (RUE);M;4952673.0;576212.0;540
25596;201500028381;15;7;4;1032;1;2;1;1;3;382;MATHIEU DE DOMBASLE (RUE;M;0.0;0.0;540
25597;201500028382;15;7;31;2154;3;1;1;1;7;323;520 (ROUTE DEPARTEMENTAL;M;0.0;0.0;540
25598;201500028383;15;9;4;920;1;2;1;1;6;323;00, COLONEL DARCHE (PLAC;M;;;540
25599;201500028384;15;8;9;2226;5;2;1;1;2;254;07, RHONE (RUE DU);M;4951253.0;580313.0;540
25600;201500028386;15;8;13;1312;1;1;1;1;7;254;52 (ROUTE NATIONALE);M;4948350.0;581592.0;540
25601;201500028387;15;8;24;1837;1;2;6;3;6;493;00, MARECHAL FOCH (AVENU;M;4953289.0;582253.0;540
25602;201500028388;15;8;22;1915;1;2;1;1;6;382;EUROPE (AVENUE DE L';M;0.0;0.0;540
25603;201500028389;15;8;22;330;3;1;1;1;7;493;RD26;M;0.0;0.0;540
25604;201500028390;15;8;26;526;5;1;1;1;7;323;52 (ROUTE NATIONALE);M;4954176.0;575928.0;540
25605;201500028391;15;8;16;500;5;2;1;1;2;323;00, ALBERT THOMAS (RUE);M;0.0;0.0;540
25606;201500028392;15;9;23;1433;1;2;1;1;4;323;73, RAYMOND POINCARE (AV;M;;;540
25607;201500028393;15;9;4;1400;1;2;1;1;6;451;33, LONGWY (RUE DE);M;;;540
25608;201500028394;15;8;25;1740;1;1;1;1;2;382;52 (ROUTE NATIONALE);M;0.0;0.0;540
25609;201500028395;15;9;13;1600;1;2;1;1;4;323;47, METZ (RUE DE);M;4951235.0;576188.0;540
25610;201500028396;15;9;12;2300;3;1;1;2;5;382;;M;0.0;0.0;540
25611;201500028397;15;10;1;1825;2;2;1;1;7;493;00, LONGWY (RUE DE);M;;;540
25612;201500028398;15;9;22;1345;1;2;1;1;4;261;LUXEMBOURG (AVENUE DU);M;;;540
25613;201500028399;15;9;27;1915;1;2;1;1;7;323;RELIGIEUSES (RUE DES);M;;;540
25614;201500028400;15;9;25;1445;1;2;1;1;3;261;114, LUXEMBOURG (AVENUE;M;;;540
25615;201500028401;15;10;8;600;3;1;1;1;7;254;00, 196 (ROUTE DEPARTEME;M;;;540
25616;201500028402;15;10;15;745;4;2;1;2;6;323;01, MERCY (RUE);M;;;540
25617;201500028403;15;10;9;1615;1;2;1;1;6;451;09, MOULIN (RUE DU);M;;;540
25618;201500028404;15;10;14;1850;2;2;1;8;1;382;288, METZ (BOULEVARD DE);M;4955408.0;578697.0;540
25619;201500028405;15;10;21;2103;3;1;1;2;7;261;196 (ROUTE DEPARTEMENTAL;M;;;540
25620;201500028406;15;10;21;1650;1;2;1;1;6;493;09, NONNEL (RUE DE);M;;;540
25621;201500028407;15;11;6;1830;5;2;1;3;6;323;30, ALBERT LABRO (RUE);M;4951196.0;576649.0;540
25622;201500028408;15;11;30;1330;1;1;6;1;6;382;19, EUROPE (AVENUE DE L';M;4954748.0;580739.0;540
25623;201500028409;15;9;10;1315;1;2;1;1;2;323;20, AVIATION (AVENUE DE;M;4951871.0;575986.0;540
25624;201500028410;15;11;25;1910;5;2;1;1;6;323;PULVENTEUX (RUE DU);M;0.0;0.0;540
25625;201500028411;15;11;21;2200;3;1;1;1;6;261;196 (ROUTE DEPARTEMENTAL;M;0.0;0.0;540
25626;201500028412;15;11;19;200;5;2;1;1;6;323;05, BOISMONT (RUE DE);M;4951859.0;576157.0;540
25627;201500028413;15;1;10;1800;5;2;1;3;6;323;01, AVIATION (AVENUE DE;;;;540
25628;201500028414;15;1;25;2100;5;2;1;4;7;451;NR, VIRVAUX (RUE DE);;;;540
25629;201500028415;15;1;16;1130;1;2;1;1;6;323;NR, STANISLAS (RUE);;;;540
25630;201500028417;15;2;24;115;5;2;1;1;6;261;42, CONCORDE (RUE DE LA);;;;540
25631;201500028418;15;4;8;1440;1;2;4;1;2;329;19 bis, AVENUE DU 2° BCP;M;4859111.0;650366.0;540
25632;201500028419;15;5;27;1505;1;2;2;1;3;329;RUE ERNEST BICHAT;M;4859240.0;650906.0;540
25633;201500028421;15;3;12;1915;5;2;3;1;6;274;DE GAULLE (AVENUE DU GAL;M;4866565.0;620808.0;540
25634;201500028422;15;12;29;1215;1;2;3;1;3;395;LIBERATION (AVENUE DE LA;M;;;540
25635;201500028423;15;3;18;1800;1;2;2;1;1;482;0, HAIE-LE-COMTE (RUE DE;M;4870475.0;620742.0;540
25636;201500028424;15;12;31;1936;5;2;1;1;6;526;POTIER (RUE EUGENE);;;;540
25637;201500028425;15;3;3;1440;1;2;1;1;2;357;47, LAFAYETTE (RUE);M;4870975.0;617186.0;540
25638;201500028426;15;12;23;1855;5;2;1;1;3;547;HEILLECOURT (CHEMIN DE);;;;540
25639;201500028427;15;3;4;830;1;2;1;1;6;395;4, SAINT BODON (RUE);M;4869888.0;616528.0;540
25640;201500028428;15;12;18;745;1;2;1;1;3;395;11-13, LIGIER RICHIER (Q;M;4870125.0;616797.0;540
25641;201500028429;15;3;4;1645;1;1;1;1;4;547;BOURGOGNE (AVENUE DE);M;4865202.0;615028.0;540
25642;201500028430;15;12;21;1215;1;2;1;1;6;357;METZ (ROUTE DE);;;;540
25643;201500028431;15;3;2;718;4;2;1;1;6;184;TARBES (CHEMIN ET RUE DE;M;4870908.0;624928.0;540
25644;201500028432;15;11;17;850;1;2;1;1;3;395;23, ALBERT 1ER  (BD);;;;540
25645;201500028433;15;3;7;1610;1;2;1;1;4;547;RD 674;M;4866298.0;618864.0;540
25646;201500028434;15;12;22;1525;1;2;1;1;2;395;47, LOBAU (BOULEVARD);M;4868894.0;619411.0;540
25647;201500028435;15;11;27;915;1;2;1;5;6;395;FRANCE (AVENUE ANATOLE);;;;540
25648;201500028436;15;3;11;1829;1;1;1;1;6;578;AIGUILLETTES  (BD 5 A 73;M;4867033.0;615647.0;540
25649;201500028437;15;3;13;755;1;2;1;1;3;395;19, JACOB (RUE DU CHANOI;M;4869961.0;617064.0;540
25650;201500028438;15;12;21;1700;5;2;4;1;3;547;LECLERC (AVENUE DU GENER;M;4866064.0;616361.0;540
25651;201500028439;15;3;12;900;1;2;3;1;3;547;LECLERC (AV. DU GENERAL;M;4866000.0;616667.0;540
25652;201500028440;15;12;29;1515;1;2;2;1;3;578;CATTENOZ (BD DU DOCTEUR);M;4867723.0;615642.0;540
25653;201500028441;15;3;13;12;5;2;1;1;6;395;SAINT GEORGES (RUE);M;4869194.0;618589.0;540
25654;201500028443;15;3;17;1405;1;2;1;1;2;395;STRASBOURG (AVENUE DE);M;4868236.0;619183.0;540
25655;201500028444;15;3;13;2100;5;2;1;2;3;395;DE LA TOUR (RUE GEORGES);M;4869225.0;619483.0;540
25656;201500028445;15;3;15;1810;1;2;1;1;6;300;CEZARD (RUE RAOUL);M;4864841.0;624103.0;540
25657;201500028446;15;11;20;1925;5;2;4;1;1;395;ISABEY (RUE);M;4869598.0;616999.0;540
25658;201500028447;15;3;19;1150;1;2;1;1;6;184;40, BERIN (RUE ROGER);M;4870647.0;622575.0;540
25659;201500028448;15;11;23;1905;5;2;1;1;6;395;48, SCARPONE (BD DE);M;4870334.0;616350.0;540
25660;201500028449;15;3;19;1225;1;2;1;1;6;395;01, JEANNOT (RUE);M;4868997.0;618781.0;540
25661;201500028450;15;3;18;2000;5;2;1;1;6;578;AIGUILLETTES  (BD 5 A 73;M;4867044.0;615758.0;540
25662;201500028451;15;3;19;1900;5;2;1;1;3;304;RESISTANCE (AV. DE LA -P;M;4869461.0;612794.0;540
25663;201500028455;15;3;21;1320;1;2;2;1;3;482;GAMBETTA (RUE);M;4870475.0;620747.0;540
25664;201500028456;15;3;25;1520;1;2;2;1;3;395;SAINT JEAN (RUE);;;;540
25665;201500028457;15;12;28;1845;2;2;1;1;2;547;NORVEGE (RUE DE);;;;540
25666;201500028459;15;3;23;1820;1;2;1;1;3;395;59, FRANCE (AVENUE ANATO;;;;540
25667;201500028460;15;3;2;1735;1;2;1;9;2;578;SAURUPT (AVENUE DE);M;4867733.0;615622.0;540
25668;201500028461;15;3;28;2045;5;2;1;2;2;526;POTIER (RUE EUGENE);M;4868641.0;621786.0;540
25669;201500028462;15;3;31;1835;1;2;3;1;3;395;SCARPONE (BD DE);M;4870272.0;616372.0;540
25670;201500028463;15;3;31;1315;1;2;1;1;6;304;BOIS GRONEE (AVENUE DU);M;4868363.0;613911.0;540
25671;201500028465;15;3;13;1620;1;2;1;1;2;304;BOIS GRONEE (AVENUE DU);M;4868311.0;613967.0;540
25672;201500028466;15;12;1;1625;1;2;1;1;1;547;BARTHOU (BD LOUIS);;;;540
25673;201500028467;15;4;1;2100;5;2;1;1;2;395;ALBERT 1ER  (BD);M;4869308.0;616792.0;540
25674;201500028468;15;12;2;1830;5;2;1;1;2;395;53, LOBAU (BOULEVARD);;;;540
25675;201500028469;15;4;1;1835;1;2;1;1;3;578;189, LECLERC (AVENUE DU;;;;540
25676;201500028470;15;12;15;1020;1;2;1;1;6;395;161, LIBERATION (AVENUE;;;;540
25677;201500028471;15;4;3;1700;1;2;2;2;3;498;RD 674;M;4871381.0;625087.0;540
25678;201500028472;15;3;9;1815;2;2;1;1;6;357;PINCHARD (RUE RAYMOND LI;;;;540
25679;201500028473;15;4;5;1320;1;2;1;1;3;495;FORET (RUE DE LA);;;;540
25680;201500028474;15;5;19;1855;1;2;3;1;6;328;98, SAINT EXUPERY (RUE A;M;4861880.0;616917.0;540
25681;201500028475;15;4;7;2120;5;2;1;1;2;395;0, LIBERATION (AVENUE DE;M;4869597.0;614161.0;540
25682;201500028476;15;4;10;2340;5;2;1;1;1;395;TIERCELINS (RUE DES);M;4869183.0;619297.0;540
25683;201500028477;15;4;10;1315;1;2;2;1;3;395;HUGO (RUE VICTOR);;;;540
25684;201500028478;15;4;14;1630;1;2;1;1;6;395;38, CINQ PIQUETS (CHEMIN;M;4868833.0;619744.0;540
25685;201500028479;15;4;4;1855;1;2;1;1;6;395;TIERCELINS (RUE DES);;;;540
25686;201500028480;15;4;14;1220;1;1;1;1;2;547;24, LECLERC (AVENUE DU G;M;4866050.0;616356.0;540
25687;201500028481;15;4;9;1150;1;2;1;1;6;482;27, JEAN XXIII (RUE);;;;540
25688;201500028483;15;4;13;1435;1;2;1;1;2;547;0, EUROPE (BOULEVARD DE;;;;540
25689;201500028488;15;4;18;430;5;2;1;1;6;395;380, LIBERATION (AVENUE;M;4869648.0;614447.0;540
25690;201500028489;15;4;10;1953;1;2;1;1;3;482;12, DE GAULLE (PLACE DU;;;;540
25691;201500028490;15;4;20;1435;1;2;1;1;3;482;ALEXANDRE 1ER (RUE);;;;540
25692;201500028492;15;4;24;1650;1;2;2;7;3;395;MANGIN (AVENUE DU GENERA;M;4867191.0;616128.0;540
25693;201500028493;15;4;27;940;1;2;1;2;6;184;77, FOCH (AVENUE);M;4870505.0;622725.0;540
25694;201500028494;15;12;23;1300;1;2;6;2;3;274;FAURE (RUE GABRIEL);;;;540
25695;201500028495;15;4;27;1715;1;1;1;1;3;304;SORTIE A.31 (bretelle);;;;540
25696;201500028496;15;12;31;1132;1;2;1;1;2;395;LOBAU (BOULEVARD);;;;540
25697;201500028497;15;4;29;1445;1;2;1;1;5;547;EUROPE (BOULEVARD DE L');;;;540
25698;201500028499;15;3;19;1325;1;2;1;1;6;304;10, MOUZON (RUE DU);;;;540
25699;201500028500;15;3;25;2100;5;2;1;1;6;395;JAURES (BOULEVARD JEAN);M;4868133.0;617847.0;540
25700;201500028501;15;3;24;100;5;2;1;1;1;395;10, AUSTRASIE (BOULEVARD;;;;540
25701;201500028503;15;4;29;1630;1;2;1;1;6;395;386, LIBERATION (AVENUE;;;;540
25702;201500028505;15;5;4;1750;1;2;1;1;4;184;BRIGACHTAL (AVENUE DE);;;;540
25703;201500028506;15;5;7;1700;1;2;2;1;6;395;0, ARC (RUE JEANNE D' N;M;4868341.0;617344.0;540
25704;201500028507;15;5;11;1440;1;2;2;1;6;395;HAGUENAUER (RUE DU GRAND;M;4868852.0;617931.0;540
25705;201500028508;15;5;9;1155;1;2;1;1;2;395;0, INSURRECTION DU GHETT;M;4868297.0;618453.0;540
25706;201500028509;15;5;6;2100;5;2;2;2;3;395;SAINT NICOLAS (RUE RESTE;;;;540
25707;201500028510;15;4;3;750;1;2;1;1;6;304;EUROPE (AVENUE DE L');;;;540
25708;201500028511;15;5;9;1915;1;2;1;1;4;395;SAINT DIZIER (RUE 82 ET;;;;540
25709;201500028512;15;5;10;614;1;2;6;1;6;526;MILLENAIRE (Rond Point A;;;;540
25710;201500028513;15;5;14;100;5;2;1;1;6;395;NEUFCHATEAU (RUE FRANCOI;;;;540
25711;201500028514;15;5;7;1805;1;2;1;1;6;395;47, SAINT DIZIER (RUE 2;;;;540
25712;201500028515;15;5;13;1615;1;2;1;1;2;526;MILLENAIRE (BOULEVARD DU;;;;540
25713;201500028516;15;5;15;1910;1;2;1;1;2;547;ARC (AVENUE JEANNE D');;;;540
25714;201500028517;15;5;19;1640;1;2;1;1;1;395;25, SAINT LAMBERT (IMPAS;;;;540
25715;201500028518;15;5;18;1845;1;2;1;1;2;395;144, SAINT DIZIER (RUE 8;M;4868520.0;618675.0;540
25716;201500028519;15;5;19;810;1;2;1;1;6;395;POINCARE (RUE HENRI);;;;540
25717;201500028520;15;5;21;1825;1;2;1;1;2;395;0, FRANCE (AVENUE ANATOL;;;;540
25718;201500028521;15;5;26;1418;1;2;2;1;3;304;POINCARE (RUE RAYMOND);;;;540
25719;201500028522;15;5;9;1343;1;1;1;1;3;547;BARTHOU (BD LOUIS);M;4866841.0;618925.0;540
25720;201500028523;15;5;19;1625;1;2;2;1;3;395;GRANDE RUE;;;;540
25721;201500028524;15;5;29;1145;1;2;1;1;3;395;184, ARC ( RUE JEANNE D';;;;540
25722;201500028525;15;5;15;1605;1;2;1;1;6;395;BONSECOURS (RUE DE);;;;540
25723;201500028526;15;4;30;2020;2;1;1;1;6;304;BOIS GRONEE (AVENUE DU);;;;540
25724;201500028527;15;5;12;1800;1;2;1;1;4;395;MOULIN (BOULEVARD JEAN);;;;540
25725;201500028528;15;5;13;1820;1;2;3;1;3;547;CARNOT (RUE);M;4865800.0;617389.0;540
25726;201500028529;15;4;29;650;1;2;1;1;6;395;6, SENN (RUE DU RECTEUR);;;;540
25727;201500028530;15;5;21;1544;1;1;1;1;6;395;89, METZ (RUE DE);M;4870350.0;617022.0;540
25728;201500028532;15;5;30;615;5;2;1;1;6;395;ROTONDE (RUE DE LA);;;;540
25729;201500028533;15;5;18;845;1;1;6;1;3;395;BROT (Rue Marcel);;;;540
25730;201500028534;15;6;2;745;1;2;1;1;3;25;CHARTREUSE (AVENUE DE LA;;;;540
25731;201500028535;15;5;26;1130;1;2;2;1;6;328;GENOBOIS (AVENUE DE);M;4861560.0;617511.0;540
25732;201500028536;15;5;28;1915;1;2;2;1;3;395;TOMBLAINE (RUE DE);M;4868640.0;619903.0;540
25733;201500028537;15;6;8;2111;1;2;2;1;3;395;LOBAU (BOULEVARD);M;4868957.0;619378.0;540
25734;201500028538;15;5;13;1720;1;2;4;1;3;395;FOCH (AVENUE 2 A 16/;;;;540
25735;201500028539;15;6;9;655;1;2;1;1;6;184;12, PRES (RUE DES);M;4870316.0;622205.0;540
25736;201500028541;15;6;4;820;1;2;1;1;2;300;PATTON (RUE DU GENERAL);;;;540
25737;201500028542;15;6;10;1157;1;2;1;1;6;395;SAINT LEON (RUE ET EGLIS;;;;540
25738;201500028543;15;6;10;1850;1;2;2;1;1;395;NABECOR (RUE DE);M;4867960.0;618977.0;540
25739;201500028544;15;6;6;410;5;1;1;1;7;197;ERFURT (CHEMIN D');M;4861914.0;620433.0;540
25740;201500028545;15;5;20;2110;2;2;3;8;3;304;MEUSE (RUE DE LA);;;;540
25741;201500028546;15;6;4;1240;1;2;1;1;6;395;56, LOBAU (BOULEVARD);M;4868583.0;619563.0;540
25742;201500028547;15;6;15;2100;2;2;3;1;6;395;FOUCAULD (RUE CHARLES DE;M;4870213.0;618218.0;540
25743;201500028548;15;5;7;900;1;2;1;1;6;547;LECLERC (AVENUE DU GENER;;;;540
25744;201500028549;15;5;15;1530;1;2;2;1;3;495;BLERIOT (RUE LOUIS);M;4868929.0;624419.0;540
25745;201500028550;15;6;16;1630;1;2;1;1;2;184;9, SOIXANTE NEUVIEME R.I;M;4870574.0;623081.0;540
25746;201500028551;15;6;12;1825;1;2;1;1;3;395;4b, MICHOTTES (RUE DES);M;4869264.0;617885.0;540
25747;201500028552;15;6;17;1510;1;1;3;1;5;25;CHARTREUSE (AVENUE DE LA;M;4866176.0;624302.0;540
25748;201500028553;15;6;14;1120;1;2;1;1;3;357;49, METZ (ROUTE DE);M;4870952.0;616718.0;540
25749;201500028556;15;6;15;1220;1;1;1;1;2;526;RN 74;;;;540
25750;201500028557;15;6;22;1445;1;2;1;1;1;395;01, MIRECOURT (ROUTE DE);;;;540
25751;201500028559;15;6;24;1740;1;2;2;1;3;395;147b, SAINT DIZIER (RUE;M;4868680.0;618544.0;540
25752;201500028561;15;6;24;1450;1;2;2;1;3;395;BLANDAN (IMPASSE ET RUE;M;4867790.0;616834.0;540
25753;201500028562;15;6;25;1225;1;2;1;1;3;184;3, MERE THERESA;M;4870186.0;622410.0;540
25754;201500028563;15;6;30;1450;1;2;6;1;3;395;Marcel BROT (Rue et Rond;M;4867693.0;620607.0;540
25755;201500028564;15;6;25;1755;1;2;1;1;2;578;MULLER (AVENUE PAUL);;;;540
25756;201500028565;15;6;25;1750;1;2;1;1;2;395;416, LIBERATION (AVENUE;M;4869570.0;614067.0;540
25757;201500028566;15;6;30;1720;1;2;1;1;3;395;32, ALBERT 1ER  (BD);M;4869552.0;616747.0;540
25758;201500028567;15;6;30;620;1;2;3;1;3;498;RD 674;M;4871886.0;626354.0;540
25759;201500028568;15;7;1;1840;1;2;1;1;2;395;29, SAINT NICOLAS (RUE R;M;4868919.0;618537.0;540
25760;201500028569;15;6;15;1415;1;2;1;1;2;395;DOMINICAINS (RUE DES);;;;540
25761;201500028571;15;7;3;1510;1;2;1;1;2;395;18, SAINT LAMBERT (IMPAS;M;4868751.0;616426.0;540
25762;201500028572;15;7;5;1950;2;2;1;1;3;547;BOURGOGNE (AVENUE DE);;;;540