;Num_Acc;an;mois;jour;hrmn;lum;agg;int;atm;col;com;adr;gps;lat;long;dep
25763;201500028573;15;7;2;845;1;2;3;1;6;395;38, HULOT (RUE DU GENERA;M;4867250.0;616536.0;540
25764;201500028574;15;5;28;1645;1;2;1;1;2;339;14 rue COLONEL DRIANT;;;;540
25765;201500028575;15;7;2;1910;1;2;3;1;3;395;METZ (RUE DE);M;4870160.0;617147.0;540
25766;201500028576;15;7;1;1045;1;2;1;1;6;395;POINCARE (RUE RAYMOND 1-;;;;540
25767;201500028577;15;7;4;1145;1;2;2;1;3;357;LAFAYETTE (RUE);M;4871266.0;616802.0;540
25768;201500028578;15;7;10;1700;1;2;1;1;2;304;RESISTANCE (AV. DE LA -P;;;;540
25769;201500028579;15;7;13;915;1;1;1;1;3;547;ALSACE  (PLACE GERARD D';;;;540
25770;201500028580;15;7;11;1815;1;2;1;1;3;547;08, BRIAND (RUE ARISTIDE;;;;540
25771;201500028581;15;7;15;1820;1;2;1;1;6;395;119, STRASBOURG (AVENUE;M;4867922.0;619673.0;540
25772;201500028582;15;7;17;1130;1;2;2;1;3;395;LOBAU (BOULEVARD);M;4867960.0;619853.0;540
25773;201500028583;15;7;16;1649;1;2;2;1;3;184;BRIGACHTAL (AVENUE DE);M;4870300.0;622797.0;540
25774;201500028584;15;7;22;1600;1;2;1;1;6;395;VINGT SIXIEME R.I.;;;;540
25775;201500028585;15;7;21;1233;1;2;1;1;3;395;FRANCE (AVENUE ANATOLE);;;;540
25776;201500028586;15;7;24;1910;1;2;2;9;6;304;LIBERATION (AVENUE DE LA;M;4867810.0;615944.0;540
25777;201500028587;15;7;26;1915;1;2;1;1;3;395;VICTOR (RUE);;;;540
25778;201500028588;15;7;30;1150;1;2;1;1;3;304;68, MAREVILLE (CHEMIN ET;M;4868080.0;614532.0;540
25779;201500028589;15;7;29;550;2;2;1;3;3;395;PINCHARD (AVENUE OMBELLE;;;;540
25780;201500028590;15;7;29;1545;1;2;1;1;4;395;HAUSSONVILLE (BD D');;;;540
25781;201500028591;15;6;18;1730;1;1;1;1;3;257;HAQUIN (AVENUE EMILE);;;;540
25782;201500028592;15;7;9;840;1;2;1;1;6;395;JUIN (AVENUE DU MARECHAL;;;;540
25783;201500028593;15;7;30;1320;1;2;1;1;2;395;79, VINGTIEME CORPS (AVE;M;4869695.0;619772.0;540
25784;201500028594;15;8;6;1045;1;2;1;7;6;578;2, FOCH (BOULEVARD MAREC;M;4867745.0;615628.0;540
25785;201500028595;15;7;4;1400;1;2;1;1;6;395;JAURES (BOULEVARD JEAN);;;;540
25786;201500028596;15;7;9;1245;1;1;2;1;6;395;METZ (RUE DE);M;4870168.0;617153.0;540
25787;201500028597;15;7;13;1730;1;2;1;1;6;395;FRANCE (AVENUE ANATOLE);;;;540
25788;201500028598;15;8;3;1045;1;2;2;1;6;395;BOBILLOT (RUE DU SERGENT;M;4868566.0;616103.0;540
25789;201500028599;15;8;4;1700;1;2;1;1;6;547;12, LUXEMBOURG (RUE DU);M;4866435.0;617013.0;540
25790;201500028600;15;8;1;2000;1;2;1;1;6;304;RESISTANCE (AV. DE LA -I;;;;540
25791;201500028601;15;8;12;1640;1;2;1;1;2;547;LECLERC (AVENUE DU GENER;;;;540
25792;201500028602;15;8;13;1815;1;2;1;1;7;395;75, VAYRINGE (RUE);M;4870692.0;617721.0;540
25793;201500028603;15;8;14;1500;1;2;3;1;3;495;TOMBLAINE (RUE DE);;;;540
25794;201500028605;15;8;22;105;5;2;1;1;6;395;CARRIERE (PLACE DE LA);M;4869465.0;618250.0;540
25795;201500028607;15;8;13;1050;1;1;1;1;2;395;BROT (Rond-Point Marcel);;;;540
25796;201500028609;15;8;21;1320;1;2;1;1;4;547;EUROPE (BOULEVARD DE L');;;;540
25797;201500028611;15;8;22;1200;1;2;2;1;3;395;CARMES (RUE DES);M;4869040.0;618136.0;540
25798;201500028612;15;8;30;1040;1;2;4;1;6;184;FOCH (AVENUE);;;;540
25799;201500028613;15;8;27;1700;1;2;1;1;6;395;MAILLARD (Rue Louis Cami;;;;540
25800;201500028615;15;8;31;1640;1;2;1;1;2;547;ARC (AVENUE JEANNE D');;;;540
25801;201500028616;15;9;1;950;1;2;1;1;6;274;SONGEUR (RUE LEON);;;;540
25802;201500028617;15;9;1;1155;1;2;1;1;6;547;BOURGOGNE (AVENUE DE);;;;540
25803;201500028618;15;9;2;1300;1;2;2;1;2;395;CLEMENCEAU (BD GEORGES);M;4867884.0;618003.0;540
25804;201500028619;15;9;3;630;2;2;1;1;2;395;NABECOR (RUE DE);M;4868126.0;619350.0;540
25805;201500028620;15;9;3;1525;1;2;1;1;6;395;40, SAINT DIZIER (RUE 2;;;;540
25806;201500028621;15;8;21;245;4;2;1;1;6;395;VAYRINGE (RUE);;;;540
25807;201500028622;15;9;1;1905;1;2;3;1;3;395;BADONVILLER (RUE DE);;;;540
25808;201500028623;15;9;10;1750;1;2;1;1;6;578;JARDIN BOTANIQUE (RUE DU;;;;540
25809;201500028624;15;9;11;1925;5;2;1;1;2;526;FRATERNITE (RUE DE LA);;;;540
25810;201500028626;15;8;14;1055;1;2;1;1;2;304;FOCH (BOULEVARD MARECHAL;;;;540
25811;201500028627;15;8;14;240;5;2;1;1;6;578;MULLER (AVENUE PAUL);;;;540
25812;201500028628;15;9;9;1230;1;2;1;1;6;395;6, CHARLES V (BOULEVARD);;;;540
25813;201500028629;15;9;15;835;1;2;1;1;3;547;EUROPE (BOULEVARD DE L');;;;540
25814;201500028630;15;9;20;1300;1;1;1;1;3;25;SAINT PHLIN (RUE DU FAUB;;;;540
25815;201500028631;15;9;12;1715;1;2;1;2;3;304;72, POINCARE (RUE RAYMON;;;;540
25816;201500028632;15;9;4;2016;2;2;2;1;3;526;RD 2 BIS;;;;540
25817;201500028633;15;9;8;745;1;2;1;1;6;395;11-13, LIGIER RICHIER (Q;;;;540
25818;201500028635;15;9;10;1220;1;2;1;1;4;395;VINGT SIXIEME R.I. (BOUL;;;;540
25819;201500028636;15;9;11;1740;1;2;1;1;4;526;CONCORDE (AVENUE DE);;;;540
25820;201500028637;15;9;12;1245;1;2;1;1;2;395;SCARPONE (BD DE);;;;540
25821;201500028639;15;9;15;1800;1;2;3;1;3;578;MULLER (AVENUE PAUL);;;;540
25822;201500028641;15;9;19;2255;5;2;1;1;2;547;EUROPE (BOULEVARD DE L');;;;540
25823;201500028643;15;9;23;1820;1;2;1;1;2;328;A 330 (Bretelle Sortie);;;;540
25824;201500028644;15;9;24;1150;1;2;3;1;3;395;PFISTER (RUE CHRISTIAN);;;;540
25825;201500028645;15;9;20;1310;1;2;1;1;4;395;47, DE LATTRE DE TASSIGN;;;;540
25826;201500028646;15;9;23;1915;2;2;2;1;3;395;LECLERC (AV. DU GENE;;;;540
25827;201500028647;15;9;24;850;1;2;4;1;3;395;OBERLIN (RUE);;;;540
25828;201500028649;15;9;21;1630;1;2;1;1;2;547;MASSON (AVENUE DESIRE);;;;540
25829;201500028652;15;9;28;1030;1;2;1;1;3;257;SONGEUR (RUE LEON);;;;540
25830;201500028653;15;9;30;810;1;2;1;1;3;395;53, BONSECOURS (RUE DE);M;4867510.0;691961.0;540
25831;201500028654;15;9;28;859;1;2;3;1;6;395;39, AUSTRASIE (BOULEVARD;;;;540
25832;201500028655;15;10;2;920;1;2;2;1;3;395;BOUFFLERS (AV. DE 74 A 3;;;;540
25833;201500028656;15;9;27;915;1;2;1;1;3;357;PINCHARD (RUE RAYMOND LI;M;4870389.0;615282.0;540
25834;201500028657;15;9;29;735;1;2;4;1;6;395;PICHON (RUE);;;;540
25835;201500028658;15;10;5;800;1;2;1;1;6;395;LEOPOLD (COURS);;;;540
25836;201500028659;15;8;28;1830;1;2;1;1;2;395;ADAM  (RUE SIGISBERT);;;;540
25837;201500028660;15;9;30;1239;1;2;3;1;3;547;HUITIEME REGIMENT D'ARTI;;;;540
25838;201500028661;15;10;3;1905;2;2;2;1;3;395;FOCH (AVENUE 18 ET 9 A F;M;4868752.0;617071.0;540
25839;201500028662;15;9;30;830;1;2;1;1;4;304;RHIN (AV. DU);;;;540
25840;201500028663;15;9;13;1105;1;1;1;2;6;304;BOIS GRONEE (AVENUE DU);;;;540
25841;201500028664;15;10;6;1300;1;2;1;3;6;328;1411, CURIE (RUE PIERRE;;;;540
25842;201500028665;15;9;14;1841;2;2;1;1;6;395;FOLLER (RUE);;;;540
25843;201500028666;15;10;8;1700;1;2;1;1;2;395;MOLITOR (RUE);;;;540
25844;201500028667;15;9;14;1200;1;2;1;1;4;395;50, LOBAU (BOULEVARD);;;;540
25845;201500028668;15;10;9;1910;5;2;3;1;1;395;JAURES (BOULEVARD JE;;;;540
25846;201500028669;15;10;6;1955;5;2;4;2;3;395;82, TOMBLAINE (RUE DE);;;;540
25847;201500028670;15;10;9;1840;1;1;3;1;3;578;MULLER (AVENUE PAUL);M;4865680.0;613169.0;540
25848;201500028671;15;9;14;1955;5;2;2;1;3;395;LEBRUN (RUE ALBERT);;;;540
25849;201500028672;15;10;13;733;2;2;1;1;2;547;0, MIRECOURT (ROUTE DE);M;4866916.0;619200.0;540
25850;201500028673;15;10;13;1530;1;2;1;1;2;304;AFFOUAGES  (RUE DES);;;;540
25851;201500028674;15;10;17;1400;1;2;1;8;6;395;91, SAINT DIZIER (RUE 2;;;;540
25852;201500028675;15;10;8;1545;1;2;2;1;6;547;CARNOT (RUE);M;4865920.0;617313.0;540
25853;201500028677;15;10;16;1230;1;2;2;1;1;304;RESISTANCE (AV. DE LA -I;;;;540
25854;201500028678;15;10;19;1650;1;2;1;1;3;257;32, LEMAIRE (RUE GUSTAVE;;;;540
25855;201500028679;15;10;22;1152;1;2;2;2;3;304;SAPINIERE (RUE DE LA);;;;540
25856;201500028681;15;10;26;1520;1;2;1;1;6;395;41, QUATRE EGLISES (RUE;M;4868777.0;618232.0;540
25857;201500028682;15;10;23;1615;1;2;1;1;3;395;, LIBERATION (AVENUE DE;M;4869741.0;615531.0;540
25858;201500028683;15;10;25;1205;1;2;3;1;3;547;JONQUILLES (AVENUE DES);M;4866192.0;618531.0;540
25859;201500028684;15;10;22;1045;1;2;1;1;1;274;6, APOTHICAIRES  (RUE DE;;;;540
25860;201500028685;15;10;26;1825;5;2;7;1;2;395;GIRAUD (PLACE DU GENERAL;;;;540
25861;201500028686;15;9;22;1330;1;2;1;1;6;395;MOLITOR (RUE);;;;540
25862;201500028687;15;10;29;40;5;2;1;1;6;395;PINCHARD (AVENUE - OMBEL;;;;540
25863;201500028688;15;10;23;1910;5;1;1;1;4;495;RD 674;;;;540
25864;201500028689;15;10;24;1640;1;2;1;1;3;495;BOSSERVILLE (ROUTE DE);;;;540
25865;201500028690;15;10;27;1415;1;2;5;1;3;395;AUSTRASIE (BOULEVARD);;;;540
25866;201500028691;15;10;23;1045;1;2;3;1;3;304;0, RESISTANCE (AV. DE LA;M;4869461.0;613769.0;540
25867;201500028692;15;10;30;1905;5;2;1;1;3;184;80bis, SOIXANTE NEUVIEME;;;;540
25868;201500028693;15;10;23;1930;5;1;1;1;4;184;0, RD 674;M;4868986.0;623708.0;540
25869;201500028694;15;9;23;2010;1;2;1;1;6;304;FOCH (BOULEVARD MARECHAL;M;4868072.0;615330.0;540
25870;201500028695;15;11;2;1725;5;2;1;1;4;304;AIGUILLETTES  (BD 16 A 2;;;;540
25871;201500028696;15;10;23;1300;1;2;1;1;6;395;61, MANGIN (AVENUE DU GE;M;4466747.0;616536.0;540
25872;201500028697;15;10;30;2005;5;2;1;1;6;395;88, LOBAU (BOULEVARD);M;4868448.0;619635.0;540
25873;201500028698;15;11;2;1809;1;2;3;1;6;578;FENELON (RUE);M;4867201.0;615729.0;540
25874;201500028699;15;11;4;1703;1;2;2;1;3;578;MULLER (AVENUE PAUL);M;4866976.0;615695.0;540
25875;201500028700;15;11;1;1730;5;2;1;1;6;547;0, EUROPE (BOULEVARD DE;M;4866239.0;617284.0;540
25876;201500028701;15;11;5;1417;1;2;1;7;6;395;11, LEBRUN (RUE ALBERT);;;;540
25877;201500028703;15;11;8;1;5;2;2;1;3;395;BAR (PLACE DES DUCS DE);;;;540
25878;201500028704;15;11;5;755;1;2;1;1;6;395;33, MOUILLERON (RUE GABR;M;4868539.0;617809.0;540
25879;201500028705;15;11;5;1410;1;2;1;1;2;395;0, POINCARE (RUE HENRI);M;4869102.0;617680.0;540
25880;201500028706;15;11;11;1625;1;2;1;1;6;395;54, COLLINE (RUE DE LA);M;4869861.0;615775.0;540
25881;201500028707;15;11;6;1030;1;2;1;2;4;395;8, VINGT SIXIEME R.I. (B;M;4869618.0;618951.0;540
25882;201500028708;15;10;3;1050;1;2;1;1;6;526;MITTERAND (RUE FRANCOIS);;;;540
25883;201500028709;15;10;29;1825;5;2;1;1;6;395;18, POINCARE (RUE RAYMON;;;;540
25884;201500028711;15;11;9;1810;5;2;1;1;2;395;28, SCARPONE (BD DE);M;4870193.0;616403.0;540
25885;201500028712;15;10;8;1540;1;2;1;1;6;395;45, PONT MOUJA (RUE DU);;;;540
25886;201500028713;15;11;12;825;1;2;1;1;6;339;LION D'OR (RUE DU);M;4871211.0;617784.0;540
25887;201500028714;15;10;10;1650;1;2;1;1;3;395;51, HAUSSONVILLE (BD D');;;;540
25888;201500028715;15;11;14;1730;5;2;4;1;3;328;GENOBOIS (AVENUE DE);M;4861238.0;617022.0;540
25889;201500028716;15;10;11;1505;1;1;1;1;6;197;RD 73;;;;540
25890;201500028717;15;11;13;1815;2;2;1;1;4;395;BONSECOURS (RUE DE);M;4867697.0;619844.0;540
25891;201500028718;15;11;14;1950;5;2;1;1;5;395;97, CHARLES III (RUE);M;4868848.0;619040.0;540
25892;201500028719;15;11;15;1140;1;2;1;1;3;395;PINCHARD (AVENUE - OMBEL;;;;540
25893;201500028720;15;11;17;2000;5;2;1;2;2;526;HERBUVAUX (PLACE RENE);;;;540
25894;201500028721;15;10;21;830;1;2;1;1;2;395;SABLES (RUE DES);M;4868678.0;619930.0;540
25895;201500028722;15;11;19;920;1;1;1;1;6;578;MULLER (AVENUE PAUL);M;4865869.0;613930.0;540
25896;201500028723;15;11;20;1700;1;2;1;1;3;395;HERMITE (RUE);M;4869884.0;617257.0;540
25897;201500028724;15;11;19;2050;5;2;3;1;2;395;BEGONIAS (RUE DES);M;4868897.0;618863.0;540
25898;201500028725;15;11;20;910;1;2;2;2;6;395;VERDUN (rue de);M;4869719.0;617035.0;540
25899;201500028726;15;11;20;1755;5;1;3;3;1;578;MULLER (AVENUE PAUL);M;4865684.0;613164.0;540
25900;201500028728;15;11;20;1945;5;2;1;2;2;395;31, DIEUZE (RUE DE);;;;540
25901;201500028729;15;11;20;640;5;2;2;3;6;395;MOLITOR (RUE);;;;540
25902;201500028730;15;11;20;2020;5;2;2;2;6;395;MAUVAIS (RUE VIRGINIE);M;4870335.0;618176.0;540
25903;201500028731;15;11;7;1140;1;2;1;1;2;395;MAZAGRAN (RUE);M;4868977.0;617603.0;540
25904;201500028732;15;11;5;1805;5;2;3;1;6;547;MALINES (RUE DE);M;4866410.0;617372.0;540
25905;201500028733;15;11;24;1300;1;2;2;1;2;395;FUSILLES (PONT DES);M;4868596.0;618106.0;540
25906;201500028735;15;11;28;2025;5;2;1;1;3;395;88, LOBAU (BOULEVARD);;;;540
25907;201500028738;15;11;29;1255;1;2;2;1;3;526;CAMELINAT (RUE);M;4868833.0;620905.0;540
25908;201500028739;15;12;2;1700;5;2;1;1;6;300;GALTIER (RUE LUCIEN);M;4865925.0;622747.0;540
25909;201500028740;15;12;7;925;1;1;3;1;2;25;CHARTREUSE (AVENUE DE LA;M;4866172.0;624300.0;540
25910;201500028741;15;12;1;1723;5;2;2;1;6;395;CHARLES III (RUE);M;4868776.0;618829.0;540
25911;201500028742;15;12;4;1315;1;2;1;1;6;395;RD 674;M;4867430.0;619672.0;540
25912;201500028743;15;12;9;1225;1;2;1;1;3;395;35, JUIN (AVENUE DU MARE;;;;540
25913;201500028744;15;11;29;1730;5;2;1;1;6;395;MOTHE (RUE DE LA);;;;540
25914;201500028745;15;12;14;1710;5;2;1;1;4;184;BRIGACHTAL (AVENUE DE);;;;540
25915;201500028746;15;12;4;1550;1;2;1;2;6;395;45, CHARLES III (RUE);M;4868715.0;618626.0;540
25916;201500028747;15;12;8;1150;1;2;3;1;3;395;METZ (RUE DE);M;4870350.0;617025.0;540
25917;201500028748;15;12;8;1645;1;2;1;1;6;184;BRIGACHTAL (AVENUE DE);M;4870072.0;622478.0;540
25918;201500028749;15;12;9;740;5;2;3;2;2;578;AIGUILLETTES  (BD 5 A 73;M;4867232.0;615485.0;540
25919;201500028751;15;12;14;1753;2;2;2;1;6;395;BATAILLE (QUAI DE LA);M;4868259.0;618439.0;540
25920;201500028752;15;12;8;910;1;2;1;7;6;395;ESPLANADE DU SOUVENIR FR;;;;540
25921;201500028753;15;12;14;1855;5;2;2;1;1;304;EUROPE (AVENUE DE L');M;4867976.0;614836.0;540
25922;201500028754;15;12;17;900;1;2;3;1;6;395;LORRAIN (QUAI CLAUDE LE);M;4869063.0;617362.0;540
25923;201500028755;15;12;9;2020;5;2;2;1;6;395;VINGTIEME CORPS (AVENUE;M;4869545.0;619591.0;540
25924;201500028756;15;12;16;1930;5;2;3;1;3;395;STANISLAS (RUE);M;4869248.0;617984.0;540
25925;201500028757;15;12;19;1355;1;2;1;1;3;300;GALTIER (RUE LUCIEN);M;4865879.0;622876.0;540
25926;201500028759;15;12;23;1000;1;2;1;1;6;547;PALISSY (RUE BERNARD);;;;540
25927;201500028760;15;12;23;1955;5;2;3;2;6;304;9, DEROULEDE (AVENUE PAU;;;;540
25928;201500028762;15;1;4;715;5;2;2;1;3;395;JACOB (RUE DU CHANOINE);;;;540
25929;201500028763;15;1;4;2010;5;2;1;1;3;395;146, STRASBOURG (AVENUE;;;;540
25930;201500028764;15;1;5;1030;1;2;2;5;3;357;METZ (ROUTE DE);;;;540
25931;201500028765;15;1;6;1350;1;2;3;1;3;395;STRASBOURG (AVENUE DE);;;;540
25932;201500028766;15;1;6;1600;1;2;1;1;6;547;16, AQUITAINE  (RUE D');;;;540
25933;201500028767;15;1;7;1015;1;2;1;1;2;578;MULLER (AVENUE PAUL);;;;540
25934;201500028768;15;1;8;1330;1;2;1;1;6;526;MOULIN (RUE JEAN);;;;540
25935;201500028769;15;1;8;1135;1;2;1;1;6;395;37, BAZIN (RUE HENRI);;;;540
25936;201500028770;15;1;8;1435;1;2;1;2;6;300;37, PATTON (RUE DU GENER;;;;540
25937;201500028771;15;1;8;1701;5;2;1;3;6;395;632, PINCHARD (AVENUE -;;;;540
25938;201500028772;15;1;8;1905;5;2;4;2;6;547;0, BRIAND (RUE ARISTIDE);M;4867112.0;617992.0;540
25939;201500028773;15;1;9;1650;5;2;1;2;3;395;12, BERTIN (RUE EMILE);;;;540
25940;201500028775;15;1;10;1810;5;2;2;1;6;482;CARNOT (AVENUE);;;;540
25941;201500028776;15;1;12;1255;1;2;1;1;3;395;GLACIS (RUE DES);;;;540
25942;201500028777;15;1;13;1345;1;2;1;1;6;339;6, EGLISE (RUE DE L');;;;540
25943;201500028778;15;1;13;1930;5;2;2;2;6;395;DEGLIN (RUE HENRI);;;;540
25944;201500028779;15;1;15;1715;5;2;1;1;4;482;GAMBETTA (RUE);;;;540
25945;201500028780;15;1;16;1410;1;2;1;2;6;184;24 Bis, FOCH (AVENUE);;;;540
25946;201500028781;15;1;16;2230;5;2;1;2;2;395;LIBERATION (AVENUE DE LA;;;;540
25947;201500028782;15;1;18;1000;1;2;2;1;3;395;DESILLES (RUE);;;;540
25948;201500028783;15;1;18;1736;5;2;1;1;2;304;RESISTANCE (AV. DE LA -I;;;;540
25949;201500028784;15;1;19;925;1;2;2;1;3;395;GUIBAL (RUE);;;;540
25950;201500028785;15;1;20;920;1;2;1;1;2;482;17, CARNOT (AVENUE);;;;540
25951;201500028786;15;1;21;1420;1;2;2;1;6;395;POINCARE (RUE RAYMOND 31;;;;540
25952;201500028787;15;1;21;1720;5;2;2;1;6;395;SAINT DIZIER (RUE 82 ET;;;;540
25953;201500028788;15;1;24;1122;1;2;1;4;6;395;34, Rue du General Frere;;;;540
25954;201500028789;15;1;25;1025;1;2;1;1;3;395;46, SCARPONE (BD DE);;;;540
25955;201500028790;15;1;26;1155;1;2;2;2;6;395;CHARLES III (RUE);;;;540
25956;201500028792;15;1;27;1010;1;2;3;1;6;395;0, CARMES (RUE DES);;;;540
25957;201500028793;15;1;27;1330;1;2;1;1;6;395;160, STRASBOURG (AVENUE;;;;540
25958;201500028794;15;1;27;1550;1;2;1;1;6;547;BARTHOU (BD LOUIS);;;;540
25959;201500028795;15;1;29;805;1;2;2;2;6;395;37, BOUDONVILLE (Rue de);;;;540
25960;201500028796;15;1;30;1750;5;2;1;1;6;395;AIGUILLETTES  (BD DES);;;;540
25961;201500028797;15;1;30;1800;5;2;2;2;6;395;0, VINGTIEME CORPS (AVEN;;;;540
25962;201500028798;15;2;1;1815;5;2;1;2;4;395;104, ARC (RUE JEANNE D';;;;540
25963;201500028799;15;2;2;1030;1;2;1;1;3;395;226, STRASBOURG (AVENUE;;;;540
25964;201500028800;15;2;3;1505;1;2;3;1;5;274;95, REPUBLIQUE (RUE DE L;;;;540
25965;201500028801;15;2;5;720;5;2;1;1;6;578;CLEMENCEAU (RUE GEORGES);;;;540
25966;201500028802;15;2;11;1506;1;2;1;1;4;578;AIGUILLETTES  (BD 5 A 73;;;;540
25967;201500028803;15;2;11;1545;1;2;1;1;6;395;MARQUETTE (RUE);;;;540
25968;201500028804;15;2;12;2255;5;2;2;1;3;395;MONNET (RUE JEAN);;;;540
25969;201500028805;15;2;13;120;5;2;1;1;6;395;MIRECOURT (ROUTE DE);;;;540
25970;201500028806;15;2;13;1425;1;2;2;1;3;498;GRANDS PRES (RUE DES);;;;540
25971;201500028807;15;2;12;2140;5;2;2;1;3;395;VERDUN (rue de);;;;540
25972;201500028808;15;2;17;815;1;1;1;2;6;25;RD 2 Bis;;;;540
25973;201500028809;15;2;19;1630;1;2;1;1;2;395;Marcel BROT (Rue et Rond;;;;540
25974;201500028810;15;2;20;1710;1;2;1;1;6;395;SAINT DIZIER (RUE 2 A 80;;;;540
25975;201500028811;15;2;22;535;5;2;3;1;6;395;1, JOFFRE (Boulevard);;;;540
25976;201500028812;15;2;25;655;2;2;3;1;3;304;RESISTANCE (AV. DE LA -I;;;;540
25977;201500028813;15;2;25;750;1;2;1;1;6;395;DOMBASLE (PLACE);;;;540
25978;201500028814;15;2;25;1720;1;2;3;1;5;304;0, VOLOGNE (RUE DE LA);;;;540
25979;201500028815;15;2;27;115;5;2;3;2;6;395;DUROC (RUE DU GENERAL);;;;540
25980;201500028816;15;2;26;2249;5;2;1;2;5;304;21, RESISTANCE (AV. DE L;;;;540
25981;201500028817;15;2;27;820;1;2;1;2;2;547;9, OPALINSKA (RUE CATHER;;;;540
25982;201500028818;15;2;27;1205;1;2;2;1;3;395;ISABEY (RUE);;;;540
25983;201500028819;15;2;28;1345;1;2;1;1;6;395;AUXONNE (RUE D');;;;540
25984;201500028820;15;3;14;1126;1;2;1;1;7;431;BROSSOLETTE (ALLEE PIERR;M;0.0;0.0;540
25985;201500028821;15;4;3;1255;1;2;3;1;7;431;03, NEY (BOULEVARD);M;4890172.0;605094.0;540
25986;201500028822;15;5;16;1735;1;1;1;1;3;431;RD 657 CHAMPEY;M;4893694.0;606327.0;540
25987;201500028823;15;5;4;925;1;2;1;1;6;431;CAPUCINS (IMPASSE DES);M;4890594.0;605176.0;540
25988;201500028825;15;7;21;1653;1;1;3;1;5;431;BRIEY (ROUTE DE);M;4891291.0;603737.0;540
25989;201500028826;15;7;29;1540;1;1;1;1;6;431;RD 910 LESMENILS;M;4892252.0;609007.0;540
25990;201500028827;15;8;5;942;1;2;1;1;6;431;JOFFRE (RUE DU MARECHAL);M;4890352.0;605626.0;540
25991;201500028828;15;8;19;1225;1;1;1;1;6;431;RD 910 BIS (ROCADE DE LI;M;4891861.0;605045.0;540
25992;201500028829;15;9;10;1130;1;2;3;1;6;431;33, GAMBETTA (RUE);M;4890573.0;605997.0;540
25993;201500028830;15;11;23;1843;5;2;3;1;1;332;17, Eisenhower ( avenue;M;4890214.0;603618.0;540
25994;201500028831;15;12;9;1730;2;2;3;1;3;79;26, PETITE-SUISSE (AVENU;M;4888793.0;604999.0;540
25995;201500028832;15;2;3;1740;5;2;2;1;7;431;04, GAMBETTA (RUE);M;4890508.0;605846.0;540
25996;201500028833;15;2;22;1015;1;1;6;1;3;431;BRIEY (ROUTE DE);M;4891704.0;603762.0;540
25997;201500028834;15;2;26;1230;1;2;3;1;3;431;15, DAMAY (RUE);M;4890830.0;605794.0;540
25998;201500028835;15;2;28;1225;1;2;2;1;3;79;PETITE-SUISSE (AVENUE DE;M;4888699.0;604855.0;540
25999;201500028837;15;3;26;1600;1;2;1;1;1;528;ALBERT DENIS;;;;540
26000;201500028838;15;2;21;545;3;1;1;2;7;528;VILLEY SAINT ETIENNE (RO;M;4869197.0;591819.0;540
26001;201500028839;15;3;12;1330;1;1;2;7;3;575;RD 125;M;4945986.0;585843.0;540
26002;201500028840;15;4;15;2115;3;1;1;1;1;580;AUDUN (ROUTE D');;;;540
26003;201500028841;15;5;4;1915;1;2;3;1;3;580;57b, LIBERATION (AVENUE;M;0.0;592545.0;540
26004;201500028842;15;5;30;1350;1;2;6;8;7;580;45, LIBERATION (AVENUE D;M;0.0;0.0;540
26005;201500028843;15;7;8;1610;1;2;3;1;6;580;5, LEBRUN ALBERT (RUE);M;4947062.0;592962.0;540
26006;201500028844;15;5;17;1940;1;2;1;1;7;580;82, LIBERATION (AVENUE D;M;4945485.0;592361.0;540
26007;201500028845;15;9;7;709;2;1;2;1;1;149;DEPARTEMENTAL 521 (ROUTE;M;4943888.0;591355.0;540
26008;201500028846;15;9;8;1511;1;2;1;1;7;580;12, ARC JEANNE D' (PLACE;M;4946955.0;593073.0;540
26009;201500028850;15;12;25;1935;5;2;4;1;7;580;10, CHATRIAN ERCKMANN (R;M;4946110.0;593781.0;540
26010;201500028852;15;1;24;1325;1;1;4;1;1;580;DEPARTEMENTAL 27 (CHEMIN;M;4944784.0;591910.0;540
26011;201500028853;15;7;3;2120;1;2;1;1;6;186;BEGARENNE ( RUE DE );;;;550
26012;201500028854;15;7;28;1645;1;2;1;1;6;29;7, DE GAULLE ( RUE DU GE;M;4877214.0;516435.0;550
26013;201500028855;15;8;19;1250;1;2;1;1;3;29;RN 1135;;;;550
26014;201500028856;15;1;2;50;3;1;1;4;6;302;RD135;;;;550
26015;201500028857;15;1;6;850;2;2;1;1;6;29;., ALLENDE ( RUE SALVATO;;;;550
26016;201500028858;15;11;12;1545;1;2;1;1;6;29;18, LANDRY-GILLON ( RUE;;;;550
26017;201500028859;15;11;7;930;1;2;1;1;6;29;5, CYGNE ( RUE DU );;;;550
26018;201500028861;15;1;23;1850;5;2;1;1;7;545;GENERAL MANGIN;;;;550
26019;201500028862;15;1;29;1815;5;2;3;1;7;545;GAMBETTA (LEON);;;;550
26020;201500028863;15;4;19;1645;1;2;3;1;6;545;POINCARE (DU PRESIDENT);;;;550
26021;201500028866;15;9;6;1820;2;2;1;1;7;545;46, POINCARE (DU PRESIDE;;;;550
26022;201500028867;15;10;26;1805;2;2;1;1;7;545;0, SAINT MICHEL;;;;550
26023;201500028868;15;11;14;2205;3;1;1;2;6;545;ARGONNE ( ROUTE DE L' );;;;550
26024;201500028869;15;6;3;1500;1;1;1;1;7;545;JEAN MONNET ( BOULEVARD;;;;550
26025;201500028870;15;6;19;1440;1;2;1;1;7;545;FRERES BOULHAUT ( DES );;;;550