;Num_Acc;an;mois;jour;hrmn;lum;agg;int;atm;col;com;adr;gps;lat;long;dep
26026;201500028871;15;6;25;1345;1;2;1;1;7;545;4, REPUBLIQUE ( QUAI DE;;;;550
26027;201500028872;15;2;17;1320;1;2;1;1;3;121;0, KERVARIC (ROND POINT;M;4774794.0;-338858.0;560
26028;201500028873;15;2;17;2010;5;2;1;1;1;107;0, LE PORT (ROGER BOULEV;M;4772700.0;-338219.0;560
26029;201500028874;15;2;21;1635;1;2;1;1;7;121;0, MONISTROL (RUE);M;4773897.0;-338070.0;560
26030;201500028875;15;2;24;855;1;2;1;2;3;98;0, LENINE ( AV. );M;4776178.0;-334523.0;560
26031;201500028876;15;2;24;1342;1;2;1;1;3;83;0, MITTERAND ( AV. DU PR;M;4780825.0;-326168.0;560
26032;201500028877;15;2;27;705;3;1;1;1;7;162;0, KERGOAT;M;4773238.0;-348279.0;560
26033;201500028878;15;2;27;1630;1;2;1;1;7;121;0, JAURES ( AVE JEAN );M;4774519.0;-337321.0;560
26034;201500028879;15;2;28;649;5;2;1;1;3;121;0, GUIEYSSE (RUE  PAUL );M;4775694.0;-336508.0;560
26035;201500028880;15;3;1;305;5;1;1;1;6;98;19, DUPUY DE LOME ( ET I;M;4775601.0;-332712.0;560
26036;201500028881;15;11;19;2213;5;2;6;1;3;121;0, LANVEUR ( ET PL. DE );M;4774304.0;-338894.0;560
26037;201500028882;15;3;2;810;1;1;1;1;7;83;0, LOCOYARNE ( R-P DE );M;4779084.0;-327649.0;560
26038;201500028883;15;11;20;1156;1;2;1;1;3;121;0, MANIO ( ECHANGEUR ET;M;4775638.0;-338462.0;560
26039;201500028884;15;3;3;855;1;1;1;1;2;83;0, HILLION ( AV. DU CDT;M;4781615.0;-323571.0;560
26040;201500028885;15;11;21;1217;1;1;3;1;3;121;0, SCORFF ( BD DU );M;4776222.0;-336672.0;560
26041;201500028886;15;3;5;1410;1;2;1;1;3;121;0, PERRIERE ( AV DE LA );M;4773402.0;-336511.0;560
26042;201500028887;15;11;23;1110;1;2;1;7;4;121;0, YSER ( PL. DE L' );M;4775712.0;-336780.0;560
26043;201500028888;15;3;7;1630;1;2;1;1;1;121;0, ERWAN-MAREC (RUE);M;4773325.0;-337144.0;560
26044;201500028889;15;11;23;2220;5;2;1;1;2;98;82, DEVILLERS (AVENUE KE;M;4776725.0;-334054.0;560
26045;201500028890;15;3;10;1700;1;1;1;1;3;98;RN 165;M;4777840.0;-335238.0;560
26046;201500028891;15;11;24;1145;1;1;1;1;7;121;0, DROITS DE L'HOMME (RU;M;4776274.0;-338497.0;560
26047;201500028892;15;3;12;1155;1;2;1;1;3;121;0, BELGIQUE (RUE DE);M;4775877.0;-337795.0;560
26048;201500028893;15;11;25;734;2;2;4;2;7;83;0, BOTREL (RUE  THEODORE;M;4781361.0;-326172.0;560
26049;201500028894;15;3;12;1810;1;1;1;1;6;107;0, KERMELO (PONT);M;4773118.0;-338611.0;560
26050;201500028895;15;11;27;1745;5;2;1;2;2;83;0, HOPITAL ( RD-POINT DE;M;4780418.0;-327331.0;560
26051;201500028896;15;3;14;919;1;1;2;1;3;162;0, RESISTANCE (RUE DE LA;M;4773797.0;-342420.0;560
26052;201500028897;15;11;27;2005;5;1;1;1;7;121;0, GEANT (MONISTROL);M;4773868.0;-338093.0;560
26053;201500028898;15;3;14;1211;1;1;1;1;2;98;0, GUEYSSE (AVENUE  GEOR;M;4776791.0;-335036.0;560
26054;201500028900;15;3;19;1020;1;2;1;1;7;121;0, LECLERC ( BD GENERAL;M;4774830.0;-336528.0;560
26055;201500028901;15;11;29;850;1;2;1;1;7;121;0, POTTIER (RUE  EUGENE;M;4776275.0;-339561.0;560
26056;201500028902;15;3;19;1600;1;1;1;1;7;98;133, JAURES (RUE  JEAN );M;4776705.0;-335572.0;560
26057;201500028903;15;3;22;215;4;1;1;1;7;121;27, CLISSON (RUE ET SQUA;M;4775153.0;-336484.0;560
26058;201500028904;15;3;22;855;1;1;1;1;3;162;0, D 162;M;4773313.0;-348847.0;560
26059;201500028905;15;3;24;816;1;2;1;1;7;98;0, BILLOUX ( AV. FRANCOI;M;4776311.0;-334933.0;560
26060;201500028906;15;3;27;920;1;2;1;1;2;98;0, KESLER-DEVILLERS ( AV;M;4776682.0;-333754.0;560
26061;201500028907;15;3;28;1245;1;2;1;1;3;121;0, HENAFF ( ET IMP. JOSE;M;4774816.0;-339333.0;560
26062;201500028908;15;4;2;1115;1;2;1;2;7;121;0, SVOB ( BOULEVARD EMMA;M;4775006.0;-336662.0;560
26063;201500028910;15;4;3;2335;5;2;1;1;2;121;03, MERVILLE (RUE  JEAN;M;4774515.0;-337512.0;560
26064;201500028911;15;12;3;900;1;1;1;1;5;83;0, RN 165;M;4778861.0;-327592.0;560
26065;201500028913;15;12;1;920;1;2;1;8;3;98;0, PELLETAN (RUE CAMILLE;M;4775767.0;-334969.0;560
26066;201500028914;15;4;7;747;1;1;1;1;7;83;0, POLVERN (LIEU-DIT);M;4782588.0;-328260.0;560
26067;201500028915;15;12;1;1855;5;2;1;1;6;98;107, JAURES (RUE  JEAN );M;4776602.0;-335740.0;560
26068;201500028916;15;4;7;1444;1;2;2;1;3;121;0, CHAZELLES ( COURS LOU;M;4775272.0;-336175.0;560
26069;201500028917;15;12;2;1543;1;2;1;1;6;121;102, BOLLARDIERE (RUE  G;M;4775314.0;-339152.0;560
26070;201500028919;15;12;3;820;2;2;1;8;6;98;SEMBAT (RUE MARCEL);M;4776570.0;-334529.0;560
26071;201500028920;15;4;9;1435;1;2;1;1;7;121;0, TOUR DES PORTES (RUE;M;4774859.0;-336646.0;560
26072;201500028921;15;12;3;1205;1;2;3;1;3;83;22, LIBERATION ( AV. DE;M;4780412.0;-327196.0;560
26073;201500028922;15;4;11;148;5;2;1;1;7;121;0, THOREZ (RUE  MAURICE;M;4773996.0;-339335.0;560
26074;201500028923;15;12;8;1159;1;2;1;7;6;121;03, LE BIHAN (RUE  MOISE;M;4773641.0;-338288.0;560
26075;201500028924;15;4;11;1950;1;2;1;1;7;98;0, GUESDES (RUE  JULES );M;4776008.0;-333764.0;560
26076;201500028925;15;12;9;920;1;2;1;1;3;121;0, MULLER ( DU COLONEL J;M;4776920.0;-340631.0;560
26077;201500028926;15;4;13;950;1;2;3;1;7;98;0, SEMBAT (RUE MARCEL);M;4776855.0;-334485.0;560
26078;201500028927;15;12;9;1447;1;2;1;7;2;121;0, JOFFRE ( BD MARECHAL;M;4775095.0;-336615.0;560
26079;201500028928;15;4;14;840;1;2;1;1;7;121;35, LAENNEC ( BD );M;4775813.0;-336138.0;560
26080;201500028929;15;12;10;1848;5;2;1;1;6;98;0, MAURIAC (RUE  FRANCOI;M;4776527.0;-334808.0;560
26081;201500028930;15;4;19;1725;1;2;1;1;7;121;0, INDES ( QUAI DES );M;4774557.0;-335945.0;560
26082;201500028931;15;4;18;1930;1;1;6;2;6;162;0, SOYE;M;4774122.0;-340631.0;560
26083;201500028932;15;4;20;945;1;2;6;7;3;98;0, TRUDAINE (RUE  DANIEL;M;4777736.0;-333890.0;560
26084;201500028933;15;4;25;1803;1;2;6;1;3;121;0, BLUM ( BD LEON );M;4774920.0;-337368.0;560
26085;201500028934;15;12;16;2220;5;2;2;1;2;121;0, BELGIQUE (RUE  DE );M;4775976.0;-338149.0;560
26086;201500028935;15;4;25;1851;1;2;1;1;2;83;0, MITTERAND ( AV. DU PR;M;4780860.0;-326194.0;560
26087;201500028936;15;12;17;1510;1;2;1;1;6;121;0, MULLER ( DU COLONEL J;M;4776413.0;-339707.0;560
26088;201500028937;15;4;26;1234;1;1;6;2;3;162;0, DOUET NEUF;M;4770979.0;-343862.0;560
26089;201500028938;15;4;27;1730;1;2;1;1;7;98;20fançois, MITTERRAND (R;M;4776655.0;-333542.0;560
26090;201500028939;15;4;28;1720;1;2;1;1;6;98;0, LECLERC (RUE  GENERAL;M;4776168.0;-335186.0;560
26091;201500028940;15;4;29;1909;1;2;1;1;2;121;0, MULLER ( DU COLONEL J;M;4776516.0;-339903.0;560
26092;201500028941;15;5;2;2030;1;1;1;1;7;162;0, KERBERNES (CHEMIN DE);M;4773702.0;-340064.0;560
26093;201500028942;15;5;3;1900;1;2;1;1;7;107;38, PLOEMEUR (RUE DE);M;4771870.0;-338936.0;560
26094;201500028943;15;5;4;935;1;2;1;1;2;121;0, TOULLEC (RUE  FRANCOI;M;4773232.0;-337855.0;560
26095;201500028944;15;12;18;1800;2;1;1;1;4;98;0, RN 165;M;4777822.0;-335472.0;560
26096;201500028945;15;5;3;2338;5;2;1;1;7;98;95, GUESDES (RUE  JULES;M;4775984.0;-333760.0;560
26097;201500028946;15;12;20;756;1;2;1;1;6;83;0, KERPOTENCE (RUE  DE );M;4781848.0;-325411.0;560
26098;201500028947;15;5;4;2025;1;2;2;1;3;121;0, KERFICHANT (RUE);M;4775133.0;-338429.0;560
26099;201500028949;15;5;5;1756;1;2;1;1;5;83;0, REPUBLIQUE ( AV. DE L;M;4779778.0;-329724.0;560
26100;201500028950;15;12;21;1645;1;2;1;7;6;98;0, BILLOUX ( AV. FRANCOI;M;4776504.0;-335180.0;560
26101;201500028951;15;12;23;1225;1;2;1;1;7;121;0, CHAIGNEAU (RUE);M;4775475.0;-335951.0;560
26102;201500028952;15;5;6;855;1;2;2;1;3;121;0, TESTE (RUE  DU CDT );M;4775409.0;-336122.0;560
26103;201500028953;15;5;6;1750;1;2;1;1;7;83;0, PICASSO ( AVENUE PABL;M;4780358.0;-328845.0;560
26104;201500028954;15;12;28;1540;1;2;1;1;7;98;0, ALLENDE ( AV. PRESIDE;M;4781504.0;-324517.0;560
26105;201500028956;15;12;29;1710;1;1;1;1;3;121;0, LE BIHAN (RUE  MOISE;M;4773626.0;-338246.0;560
26106;201500028957;15;5;9;1633;1;1;3;1;3;121;0, VAUBAN (RUE  DE );M;4774956.0;-336253.0;560
26107;201500028958;15;12;29;1830;5;2;1;2;6;121;4, JOFFRE ( BD MARECHAL;M;4775078.0;-336587.0;560
26108;201500028959;15;12;30;1440;1;1;1;2;7;83;0, GARDELOUPE ( R-P DE L;M;4779956.0;-326056.0;560
26109;201500028960;15;5;11;838;1;2;2;1;3;121;0, INDES ( QUAI DES );M;4774590.0;-336039.0;560
26110;201500028962;15;12;30;1903;5;2;1;2;3;121;0, BELGIQUE (RUE  DE );M;4776312.0;-339347.0;560
26111;201500028964;15;5;18;851;1;1;1;1;2;83;0, RN 165;M;0.0;0.0;560
26112;201500028967;15;5;20;1825;1;2;3;1;1;98;0, GRANDE LANDE ( ROUTE;M;4775316.0;-333390.0;560
26113;201500028968;15;5;20;2013;1;2;1;1;7;121;0, BIR-HAKEIM ( RD-PT );M;4773919.0;-337969.0;560
26114;201500028969;15;5;21;1650;1;1;1;1;1;121;0, VILLENEUVE (RUE  DE L;M;4774975.0;-338050.0;560
26115;201500028970;15;5;24;2215;5;2;4;1;7;162;0, KERYADO (RUE DE);M;4776638.0;-340138.0;560
26116;201500028971;15;5;26;1459;1;2;2;1;3;121;0, KERLIN (RUE  DE );M;4774722.0;-337655.0;560
26117;201500028972;15;5;27;2110;2;2;1;1;7;98;0, PARIS (RUE COMMUNE DE;M;4777162.0;-333877.0;560
26118;201500028973;15;5;30;145;5;2;1;1;7;83;4, REPUBLIQUE ( AV. DE L;M;4780128.0;-328283.0;560
26119;201500028974;15;6;1;1005;1;1;2;1;3;98;8, COMBES (RUE  EMILE );M;4777069.0;-334819.0;560
26120;201500028975;15;6;2;1805;1;1;1;1;7;98;RN 165;M;4777990.0;-334419.0;560
26121;201500028976;15;6;4;1355;1;2;3;1;3;98;0, DU 19 MARS 1962 (RUE);M;4777862.0;-334042.0;560
26122;201500028977;15;6;4;1820;1;2;1;1;7;121;0, BOLLARDIERE (RUE  GEN;M;4775320.0;-339158.0;560
26123;201500028978;15;6;4;1900;1;2;1;1;7;162;0, ARGOAT (RUE D' );M;4790183.0;-241239.0;560
26124;201500028979;15;6;5;906;1;2;1;1;6;121;0, BOLLARDIERE (RUE  GEN;M;4775321.0;-339159.0;560
26125;201500028980;15;6;5;1725;1;1;1;1;7;121;0, LE BRAZ ( PL. ANATOLE;M;4774907.0;-335983.0;560
26126;201500028981;15;6;5;2010;1;1;1;1;1;98;MARCEL SAMBAT;M;4776328.0;-334601.0;560
26127;201500028982;15;6;7;1420;1;2;1;1;7;121;0, THOMAS ( BD ALBERT );M;4773611.0;-336817.0;560
26128;201500028983;15;6;8;1300;1;2;2;1;7;121;0, KERLIN (RUE  DE );M;4774723.0;-337658.0;560
26129;201500028984;15;6;9;2020;1;2;3;1;3;121;0, JOLIOT-CURIE (RUE  IR;M;4774835.0;-338063.0;560
26130;201500028985;15;6;10;1100;1;2;1;7;1;121;0, CHAZELLES ( COURS LOU;M;4775509.0;-336331.0;560
26131;201500028986;15;6;12;1510;1;1;1;1;6;98;0, DUCLOS (RUE  JACQUES;M;4777540.0;-334086.0;560
26132;201500028987;15;6;13;702;1;2;1;1;7;121;0, KERVARIC (ROND POINT;M;4774832.0;-338860.0;560
26133;201500028988;15;6;14;1515;1;2;1;1;3;83;0, GARDELOUPE ( R-P DE L;M;4779986.0;-326048.0;560
26134;201500028989;15;6;16;1628;1;2;1;1;2;83;0, REPUBLIQUE ( AV. DE L;M;4780099.0;-328376.0;560
26135;201500028991;15;6;18;1410;1;1;6;1;6;121;0, FAURE (RUE  GABRIEL );M;4776513.0;-337524.0;560
26136;201500028992;15;6;19;1924;1;2;1;1;5;121;0, SCORFF ( BD DU );M;4776290.0;-336702.0;560
26137;201500028993;15;6;20;1700;1;1;1;1;7;98;;M;4778032.0;-330975.0;560
26138;201500028995;15;6;25;1112;1;1;1;1;7;162;0, D 162;M;4773835.0;-344327.0;560
26139;201500028996;15;6;26;830;1;1;1;1;7;83;0, LOCOYARNE ( R-P DE );M;4779072.0;-327726.0;560
26140;201500028997;15;6;27;139;3;1;1;1;7;162;0, QUEVEN (RUE DE);M;4773715.0;-342890.0;560
26141;201500028998;15;6;27;1125;1;2;3;1;6;121;0, SCORFF ( BD DU );M;4776110.0;-336591.0;560
26142;201500028999;15;6;28;830;1;1;1;1;6;162;0, SOYE;M;4774194.0;-341164.0;560
26143;201500029000;15;7;1;825;1;1;1;1;4;83;0, LOCOYARNE ( R-P DE );M;4779065.0;-327679.0;560
26144;201500029001;15;7;2;1755;1;2;1;1;5;98;213, JAURES (RUE  JEAN );M;4776975.0;-335088.0;560
26145;201500029002;15;7;3;205;5;2;1;1;7;121;144, BELGIQUE (RUE  DE );M;4776048.0;-338449.0;560
26146;201500029003;15;7;5;623;1;2;1;2;7;83;186, BALZAC (RUE  HONORE;M;4781492.0;-324594.0;560
26147;201500029004;15;7;7;1333;1;2;1;1;7;98;361, TRUDAINE (RUE  DANI;M;4777944.0;-333522.0;560
26148;201500029005;15;7;9;1538;1;2;1;1;6;121;0, ROUTE DEPARTEMENTALE;M;0.0;0.0;560
26149;201500029006;15;7;9;1705;1;2;3;1;3;162;0, SAINT BIEUZY (RUE DE);M;4773369.0;-343048.0;560
26150;201500029007;15;7;16;1938;1;2;1;1;7;98;148, JAURES ( AVE JEAN );M;4776849.0;-335305.0;560
26151;201500029008;15;7;19;1747;1;2;1;2;7;121;0, BOLLET ( PAUL );M;4775399.0;-338427.0;560
26152;201500029009;15;7;21;800;2;2;1;2;7;121;0, RN 465;M;4775877.0;-338438.0;560
26153;201500029010;15;7;21;950;1;1;1;2;7;121;0, BOLLARDIERE (RUE  GEN;M;4775352.0;-339175.0;560
26154;201500029011;15;7;22;1245;1;2;1;1;2;121;56, MONISTROL (RUE);M;4773444.0;-338456.0;560
26155;201500029012;15;7;22;1545;1;2;1;1;2;83;RN 165;M;0.0;0.0;560
26156;201500029013;15;7;25;1415;1;2;1;1;3;121;0, KERFORN (RUE ET PLACE;M;4775356.0;-338797.0;560
26157;201500029014;15;7;26;1945;1;2;3;2;3;98;COMBES (RUE  EMILE );M;4777069.0;-334820.0;560
26158;201500029015;15;7;29;1600;1;2;1;1;3;121;11, KERMELO ( ET IMP. DE;M;4773798.0;-338696.0;560
26159;201500029016;15;7;29;2055;2;1;1;1;2;98;0, JAURES (RUE  JEAN );M;4776318.0;-336207.0;560
26160;201500029017;15;7;30;900;1;2;3;1;3;121;0, BOLLARDIERE (RUE  GEN;M;4775365.0;-339177.0;560
26161;201500029018;15;7;30;2000;1;2;2;1;2;162;0, SAINTE  ANNE (RUE);M;4773858.0;-341947.0;560
26162;201500029019;15;7;31;1803;1;2;6;1;3;107;0, LE PORT (ROGER BOULEV;M;4771692.0;-337309.0;560
26163;201500029020;15;8;4;1130;1;1;1;1;3;121;05, TOULLEC (RUE  FRANCO;M;4773321.0;-337728.0;560
26164;201500029021;15;8;4;1150;1;2;2;1;3;162;06, KORRIGANS (ALLEE DES;M;4773535.0;-349706.0;560
26165;201500029022;15;8;6;1747;1;2;6;1;3;83;0, ALLENDE ( AV. PRES. S;M;4780297.0;-326558.0;560
26166;201500029023;15;8;8;1125;1;2;1;1;3;107;0, PINSONS (RUE DES);M;4771524.0;-337536.0;560
26167;201500029024;15;8;11;2035;1;2;2;1;6;121;28, JAURES ( AVE JEAN );M;4774525.0;-337133.0;560
26168;201500029025;15;8;12;1843;1;2;1;1;7;121;0, SCORFF ( BD DU );M;4776201.0;-336654.0;560
26169;201500029026;15;8;14;901;1;2;1;2;3;121;0, BASE DES SOUS-MARINS;M;4773585.0;-337393.0;560
26170;201500029027;15;8;14;1051;1;2;1;1;7;121;COLBERT (RUE);M;4775128.0;-335968.0;560
26171;201500029028;15;8;14;1410;1;1;1;1;1;162;0, D 163;;;;560
26172;201500029029;15;8;17;1735;1;2;2;1;3;121;0, CREN (RUE  LOUIS );M;4774271.0;-337950.0;560
26173;201500029030;15;8;21;1545;1;2;1;1;2;98;199, JAURES (RUE  JEAN );M;4776919.0;-335188.0;560
26174;201500029031;15;8;21;1801;1;2;1;1;7;121;14, FRANCE ( AVE ANATOLE;M;4774605.0;-336703.0;560
26175;201500029032;15;8;23;1903;1;1;1;2;1;83;0, PASTEUR ( AVENUE );M;4780228.0;-328407.0;560
26176;201500029033;15;8;27;1042;1;1;1;1;2;107;0, KERFORNET (CIMETIERE);M;4771186.0;-339717.0;560
26177;201500029034;15;8;27;1714;1;2;2;2;6;121;0, GUILLEMOT (RUE  ARMAN;M;4774499.0;-338984.0;560
26178;201500029035;15;8;28;820;1;2;1;7;6;121;3, KERPAPE (RUE  DE );M;4773997.0;-338251.0;560
26179;201500029036;15;8;30;1755;1;1;6;1;3;162;0, KERSCOUET;M;0.0;0.0;560
26180;201500029037;15;9;1;1210;1;2;1;1;3;121;22, SVOB ( BOULEVARD EMM;M;4775043.0;-336833.0;560
26181;201500029038;15;9;1;1710;1;2;2;1;6;83;0, FERRY ( ET IMP. JULES;M;4780286.0;-328500.0;560
26182;201500029039;15;9;2;1935;1;2;2;1;3;98;0, NORMANDIE NIEMEN ( BD;M;4776257.0;-336062.0;560
26183;201500029040;15;9;4;900;1;1;1;1;2;121;0, BASE DE SOUS-MARINS (;M;4773531.0;-337418.0;560
26184;201500029041;15;9;5;2005;5;2;1;1;7;98;0, KESLER-DEVILLERS ( AV;M;4776708.0;-333950.0;560
26185;201500029042;15;9;7;800;1;2;2;1;3;121;42, KERGUESTENEN (RUE  D;M;4775368.0;-339179.0;560
26186;201500029043;15;9;7;1128;1;1;3;1;3;162;0, KERSCOUET;M;4770752.0;-343730.0;560
26187;201500029044;15;9;9;1615;1;2;4;1;3;121;, COUEDIC (RUE  DU );M;4774982.0;-336342.0;560
26188;201500029045;15;9;11;1115;1;2;1;1;2;162;0, KERBRIENT;M;4772560.0;-341095.0;560
26189;201500029046;15;9;12;105;5;2;1;1;7;121;0, SVOB ( BOULEVARD EMMA;M;4775036.0;-336715.0;560
26190;201500029047;15;9;12;232;5;2;1;2;6;83;20, REPUBLIQUE ( AV. DE;M;4780065.0;-328540.0;560
26191;201500029049;15;9;13;1540;1;2;1;1;7;121;0, KERVARIC (ROND POINT;M;4774835.0;-338862.0;560
26192;201500029050;15;9;13;1816;1;1;1;1;7;83;0, LOCOYARNE ( R-P DE );M;4779123.0;-327701.0;560
26193;201500029051;15;9;14;750;2;1;1;6;5;121;0, RN 465;M;4775078.0;-338718.0;560
26194;201500029052;15;9;14;1620;1;2;1;1;7;83;19, SAINT-ANTOINE (RUE;M;4779562.0;-325683.0;560
26195;201500029053;15;9;18;2322;5;2;1;1;7;121;0, CALVAIRE (RUE  DU );M;4773651.0;-336541.0;560
26196;201500029054;15;9;18;2349;3;1;1;1;7;83;0, RN 165;M;4778911.0;-327199.0;560
26197;201500029055;15;9;20;1955;1;2;3;7;3;162;0, STADE (AVENUE DU);M;4773384.0;-343573.0;560
26198;201500029056;15;9;24;1425;1;2;1;1;7;121;0, MARNE ( AV DE LA );M;4774236.0;-336842.0;560
26199;201500029057;15;9;25;710;5;1;1;1;6;98;123, JAURES (RUE  JEAN );M;4776662.0;-335643.0;560
26200;201500029058;15;9;25;1635;1;1;1;1;7;162;0, FORT BLOQUE (ROUTE DU;M;4773831.0;-344406.0;560
26201;201500029059;15;9;25;1732;1;1;1;1;7;162;0, MITTERRAND (RUE FRANC;M;4773251.0;-342233.0;560
26202;201500029061;15;9;28;1340;1;2;1;1;7;121;0, MASSE (RUE  VICTOR );M;4775078.0;-336143.0;560
26203;201500029062;15;9;28;1645;1;1;2;1;3;98;0, GAGARINE (RUE  YOURI;M;4777429.0;-333818.0;560
26204;201500029063;15;9;29;850;2;2;6;1;2;121;0, BELLE-FONTAINE (RUE;M;4774532.0;-336603.0;560
26205;201500029065;15;9;30;1225;1;2;3;1;3;121;0, KERGUESTENEN (RUE  DE;M;4775256.0;-339130.0;560
26206;201500029066;15;9;30;1700;1;1;1;1;3;162;0, KERVAM (RUE DE);M;4773426.0;-342704.0;560
26207;201500029068;15;10;2;2153;5;2;1;1;1;98;0, MAURIAC (RUE  FRANCOI;M;4776548.0;-334551.0;560
26208;201500029069;15;10;5;1136;1;2;3;1;2;121;0, PLOEMEUR ( ET IMP DE;M;4776207.0;-338975.0;560
26209;201500029070;15;10;5;1150;1;2;1;1;7;121;0, BLUM ( BD LEON );M;4774725.0;-337634.0;560
26210;201500029071;15;10;6;845;1;2;3;1;3;162;0, MITTERRAND (RUE FRANC;M;4773256.0;-342160.0;560
26211;201500029072;15;10;8;10;3;1;1;1;7;83;0, CD 765;M;4779905.0;-325682.0;560
26212;201500029073;15;10;8;910;1;2;6;7;2;121;0, JOALLAND (RUE DU  GEN;M;4774124.0;-337302.0;560
26213;201500029074;15;10;8;1240;1;1;1;1;7;83;0, REPUBLIQUE ( AV. DE L;M;4779736.0;-329858.0;560
26214;201500029075;15;10;9;800;2;2;6;1;3;121;0, MARIENNE ( AV CAPITAI;M;4773877.0;-339177.0;560
26215;201500029076;15;10;9;900;1;2;1;1;2;98;0, FABIEN ( AV. DU COLON;M;4776198.0;-334106.0;560
26216;201500029077;15;10;12;1500;1;1;1;1;7;162;0, KERSCOUET;M;4770854.0;-342134.0;560
26217;201500029078;15;10;13;1435;1;2;1;1;6;121;101, BELGIQUE (RUE  DE );M;4775992.0;-338196.0;560
26218;201500029079;15;10;14;1120;1;2;1;1;2;98;74, CROIZAT ( AVE AMBROI;M;4777539.0;-334595.0;560
26219;201500029080;15;10;17;2004;5;2;3;1;2;121;0, BLUM ( BD LEON );M;4774914.0;-337358.0;560
26220;201500029081;15;10;18;1700;1;2;3;1;2;83;0, COMMUNE DE PARIS ( AV;M;4780164.0;-326381.0;560
26221;201500029082;15;10;21;947;1;2;1;1;6;121;0, DE GAULLE ( AVE DU GE;M;4774125.0;-337316.0;560
26222;201500029083;15;10;16;1655;1;2;1;1;6;121;0, PLENENO (RUE  DU );M;4776048.0;-338718.0;560
26223;201500029084;15;10;21;1700;1;2;6;1;7;98;0, TRUDAINE (RUE  DANIEL;M;4778002.0;-333374.0;560
26224;201500029085;15;10;27;2025;4;2;3;2;6;121;0, COSMAO-DUMANOIR ( BD;M;4775303.0;-337560.0;560
26225;201500029086;15;10;28;1010;1;1;1;1;6;83;35, QUELLENEC (RUE  DU );M;4781804.0;-323809.0;560
26226;201500029087;15;11;1;545;3;1;1;1;6;121;0, RN 465;M;4775767.0;-338509.0;560
26227;201500029088;15;11;1;1630;1;1;4;1;3;83;0, LOCOYARNE ( DU BAS );M;4778613.0;-327746.0;560
26228;201500029089;15;11;2;907;1;2;1;7;6;121;98, KERLIN (RUE  DE );M;4774900.0;-338127.0;560
26229;201500029090;15;11;3;755;2;2;1;7;3;121;12 TOULLEC (RUE  FRANCOI;M;4773249.0;-338004.0;560
26230;201500029091;15;11;3;2145;3;2;1;2;7;83;0, RESISTANCE (AVENUE  D;M;4782254.0;-324420.0;560
26231;201500029092;15;11;4;1445;1;2;1;1;6;98;118, JAURES (RUE  JEAN );M;4776726.0;-335519.0;560
26232;201500029093;15;11;5;100;3;2;1;1;6;107;0, KENNEDY (AVENUE DU PR;M;4771085.0;-338520.0;560
26233;201500029094;15;11;5;745;3;2;1;8;4;121;0, RN 465;M;4776292.0;-338078.0;560
26234;201500029095;15;11;6;1958;5;2;1;2;1;162;0, LARMOR (RUE DE);M;4773271.0;-342150.0;560
26235;201500029096;15;11;7;1042;1;2;1;1;6;121;0, CHAZELLES ( COURS LOU;M;4775614.0;-336409.0;560
26236;201500029097;15;11;7;1525;1;2;1;1;7;121;0, VERDUN (RUE  DE );M;4775918.0;-336565.0;560
26237;201500029098;15;11;8;1221;1;1;1;1;7;98;RN 165;M;4778140.0;-334214.0;560
26238;201500029099;15;11;9;1335;1;2;1;1;6;83;0, ALLENDE ( AV. PRES. S;M;4780850.0;-325577.0;560
26239;201500029100;15;11;9;1945;5;2;1;1;7;83;0, KERPOTENCE (RUE  DE );M;4781139.0;-324205.0;560
26240;201500029101;15;11;13;1320;1;2;6;1;3;98;0, LANN-SEVELIN (ROND PO;M;4777743.0;-334465.0;560
26241;201500029102;15;11;16;1026;1;2;1;3;3;121;0, RN 465;M;4775688.0;-338588.0;560
26242;201500029103;15;11;18;813;1;2;1;1;6;121;0, ZAY (RUE  JEAN );M;4774356.0;-338858.0;560
26243;201500029104;15;1;1;656;2;2;1;1;7;162;0, BRIAND ( AV. ARISTIDE;;;;560
26244;201500029105;15;1;8;740;2;2;6;2;2;121;0, KERYADO ( RD-PT DE );M;4776359.0;-339498.0;560
26245;201500029106;15;1;9;835;1;2;1;2;3;121;0, CHAZELLES ( COURS LOU;M;4775480.0;-336317.0;560
26246;201500029107;15;1;10;15;5;2;1;1;7;121;86, BELGIQUE (RUE  DE );M;4775944.0;-338097.0;560
26247;201500029108;15;1;12;720;3;2;1;2;7;98;0, MITTERAND ( AV. FRANC;M;4776632.0;-330634.0;560
26248;201500029109;15;1;12;1517;1;2;1;1;3;121;204, BELGIQUE (RUE  DE );M;4776154.0;-338830.0;560
26249;201500029110;15;1;16;1837;5;2;2;1;3;98;GUESDES (RUE  JULES );M;4776213.0;-333753.0;560
26250;201500029111;15;1;17;1650;1;2;1;1;2;121;0, KERJULAUDE ( RUE DE );M;4774242.0;-338493.0;560
26251;201500029112;15;1;19;1635;1;2;6;1;3;121;0, KERVARIC (ROND POINT;M;4774837.0;-338877.0;560
26252;201500029113;15;1;23;1735;1;2;1;1;7;107;0, KERMELO (PONT);M;4772674.0;-338388.0;560
26253;201500029114;15;1;26;1803;1;2;1;1;7;121;120, GUIEYSSE (RUE  PAUL;M;4775773.0;-337435.0;560