;Num_Acc;an;mois;jour;hrmn;lum;agg;int;atm;col;com;adr;gps;lat;long;dep
26254;201500029115;15;1;28;845;1;2;1;1;7;121;0, KERYADO ( RD-PT DE );M;4776338.0;-339546.0;560
26255;201500029116;15;1;29;1705;1;2;1;2;6;98;0, PERI (RUE GABRIEL);M;4775924.0;-335271.0;560
26256;201500029117;15;1;30;610;5;2;3;2;3;121;0, SANGNIER (RUE  MARC );M;4774764.0;-337420.0;560
26257;201500029118;15;1;30;510;3;1;1;1;7;98;0, MALACHAPPE (LIEU-DIT);M;4779046.0;-331935.0;560
26258;201500029119;15;1;30;1930;5;2;1;1;3;121;0, CHAZELLES ( COURS LOU;M;4775483.0;-336327.0;560
26259;201500029120;15;2;3;830;1;2;1;1;5;83;0, RN 165;;;;560
26260;201500029121;15;2;4;1319;1;2;1;1;7;121;0, LE COAT SAINT HAOUEN;M;4774708.0;-339339.0;560
26261;201500029122;15;2;6;1340;1;2;1;1;7;121;0, BECAM (RUE  EUGENE );M;4773728.0;-338663.0;560
26262;201500029123;15;2;6;1450;1;2;1;1;7;83;97, JOFFRE (RUE  DU MARE;M;4780764.0;-327259.0;560
26263;201500029124;15;2;6;2045;4;2;1;1;1;98;30, MITTERAND ( AV. FRAN;M;4776605.0;-333299.0;560
26264;201500029125;15;2;7;2030;5;2;1;1;3;121;NAYEL ( ET PLACE AUGUSTE;M;4774638.0;-336146.0;560
26265;201500029126;15;2;8;1015;1;2;1;1;7;162;0, LAUDE (RUE DE);M;4772105.0;-341555.0;560
26266;201500029127;15;2;11;835;1;2;3;1;7;121;0, DUGUAY-TROUIN (RUE RE;M;4774269.0;-336341.0;560
26267;201500029128;15;2;13;809;1;2;1;1;7;83;Av Arisde BRUANT;M;4780565.0;-325944.0;560
26268;201500029129;15;2;13;1210;1;2;1;2;3;162;0, LECLERC (RUE DU GENER;M;4773854.0;-341963.0;560
26269;201500029130;15;5;11;1315;1;2;1;1;6;111;05 rue des arts;M;4393411.0;370706.0;340
26270;201500029131;15;5;26;745;1;1;1;1;1;152;;M;4379187.0;379498.0;340
26271;201500029132;15;7;2;1745;1;1;1;1;6;42;;M;4386637.0;374031.0;340
26272;201500029133;15;11;3;1845;3;1;1;2;6;185;;M;4381256.0;374353.0;340
26273;201500029134;15;3;8;1638;1;2;3;1;6;260;., AMPERE(RUE);M;4764661.0;-275897.0;560
26274;201500029136;15;3;12;1143;1;2;1;1;2;260;28, JUDE(RUE DU CAPITAIN;M;4766345.0;-276506.0;560
26275;201500029137;15;3;19;1605;1;2;1;1;2;260;15, FABRE(RUE DU GENERAL;M;4765657.0;-271972.0;560
26276;201500029138;15;4;11;1706;1;2;1;1;2;260;21, THIERS(RUE);M;4765523.0;-275975.0;560
26277;201500029139;15;4;21;2245;3;2;2;1;1;260;RESISTANCE(BLD DE LA) 4;M;4764786.0;-278181.0;560
26278;201500029140;15;4;25;1802;1;1;1;2;2;260;RN 166 -SENS VANNES / RE;M;4766702.0;-272533.0;560
26279;201500029141;15;5;21;1350;1;1;2;1;6;260;., ARRADON(RUE JEROME D';M;4765565.0;-276689.0;560
26280;201500029142;15;5;20;1740;1;2;1;1;2;260;., R.D. 779 (KERGRAIN/LU;M;4766394.0;-279447.0;560
26281;201500029143;15;6;4;1508;1;2;1;1;3;260;10, ILES(BOULEVARD DES);M;4765270.0;-278492.0;560
26282;201500029144;15;6;5;2023;1;2;2;1;6;260;., SCHUMAN(RUE ROBERT);M;4764897.0;-277055.0;560
26283;201500029145;15;6;18;1513;1;2;3;1;6;260;., THIERS(RUE);M;4765772.0;-275991.0;560
26284;201500029146;15;6;23;847;1;2;6;1;6;260;6, FAVREL ET LINCY(AVENU;M;4766403.0;-275527.0;560
26285;201500029147;15;6;23;1620;1;2;2;1;1;260;HUGO(AVENUE VICTOR) 1 A;M;4766142.0;-275706.0;560
26286;201500029148;15;6;16;1850;1;2;3;1;3;260;PONTIVY(BOULEVARD DE);M;4767083.0;-277069.0;560
26287;201500029149;15;6;20;2348;5;2;1;1;6;260;17, VERDUN(AVENUE DE);M;4765860.0;-274872.0;560
26288;201500029150;15;6;24;1804;1;2;3;1;6;260;., FORTIN DE BEAUSEJOUR(;M;4765698.0;-274512.0;560
26289;201500029151;15;7;18;1553;1;2;1;1;3;260;DECKER(RUE FRANCIS);M;4765682.0;-275504.0;560
26290;201500029152;15;7;20;1819;1;1;9;1;6;260;MICHELIN(AVENUE EDOUARD);M;4765971.0;-270700.0;560
26291;201500029153;15;8;15;1930;1;2;3;1;3;260;SEGUR(RUE MADAME DE);M;4766702.0;-277353.0;560
26292;201500029154;15;9;2;945;1;2;1;1;3;260;., PONTIVY(BOULEVARD DE);M;4768257.0;-276748.0;560
26293;201500029155;15;8;25;1040;1;2;1;1;6;260;GARE(PLACE ET ESPLANADE;M;4766472.0;-275343.0;560
26294;201500029158;15;9;15;630;3;2;1;1;5;260;x, PONTIVY(BOULEVARD DE);M;4767687.0;-277454.0;560
26295;201500029159;15;6;11;900;1;2;3;1;3;260;PONTIVY(BOULEVARD DE);M;4767085.0;-277069.0;560
26296;201500029160;15;9;19;1745;1;2;1;1;4;260;BOUCICAUT(RUE ARISTIDE);M;4767055.0;-279166.0;560
26297;201500029162;15;10;3;1900;1;2;2;1;2;260;XXX, WILSON(AVENUE);M;4766744.0;-275682.0;560
26298;201500029163;15;10;6;800;2;2;2;2;1;260;REMY(BOULEVARD DU COLONE;M;4765646.0;-278235.0;560
26299;201500029164;15;10;22;1935;1;2;1;1;6;260;., AOUT 1944(RUE DU 4);M;4767606.0;-276031.0;560
26300;201500029166;15;10;29;1410;1;2;3;1;3;260;., AOUT 1944(RUE DU 4);M;4767606.0;-276035.0;560
26301;201500029167;15;11;4;725;2;2;3;2;3;260;., PAIX(BLD DE LA) 41 A;M;4766092.0;-275442.0;560
26302;201500029168;15;11;4;1435;1;2;1;1;6;260;11B, HOCHE(RUE);M;4765865.0;-276198.0;560
26303;201500029170;15;11;19;1925;5;2;1;1;2;260;60, HUGO(AVENUE VICTOR);M;4766271.0;-275632.0;560
26304;201500029171;15;11;13;1920;5;2;1;1;3;260;39, PAIX(BLD DE LA) 1 A;M;4766142.0;-275808.0;560
26305;201500029172;15;11;24;1650;1;2;1;1;3;260;., CHURCHILL(RUE WINSTON;M;4764571.0;-277037.0;560
26306;201500029173;15;11;28;2015;3;2;4;1;3;260;., VERDUN(AVENUE DE);M;4766715.0;-273544.0;560
26307;201500029175;15;12;11;1955;5;2;1;1;3;260;., R.I.(RUE DU 65EME);M;4766801.0;-275288.0;560
26308;201500029176;15;1;31;128;5;2;1;8;6;260;RESISTANCE(BLD DE LA) DD;M;4764180.0;-277497.0;560
26309;201500029177;15;2;11;1945;2;2;4;1;3;260;10, VERDUN(AVENUE DE);M;4765867.0;-274857.0;560
26310;201500029178;15;12;23;2200;3;1;1;8;6;159;;M;4764804.0;-32208.0;490
26311;201500029179;15;7;13;2000;1;2;3;1;1;287;BOURG SUD;M;4456700.0;3410.0;330
26312;201500029181;15;10;21;1655;1;1;8;1;3;533;RTE CHATEAU DE MALLE;M;4456230.0;-28740.0;330
26313;201500029182;15;10;28;1100;1;1;2;1;3;60;;M;4454894.0;-33598.0;330
26314;201500029183;15;12;30;1730;2;2;6;1;2;227;ROND POINT D AQUITAINE;M;4455644.0;-25268.0;330
26315;201500029184;15;1;3;1845;3;1;1;2;6;392;;M;4458460.0;-26924.0;330
26316;201500029185;15;6;27;845;1;2;8;8;1;30;LD Pleguemate - PN53;M;4460154.0;-31881.0;330
26317;201500029187;15;10;31;1045;1;1;1;1;1;337;;M;4457485.0;-28974.0;330
26318;201500029188;15;12;20;1145;1;2;1;1;3;7;85,Cr du Gal de Gaulle;M;4467343.0;-39695.0;330
26319;201500029189;15;8;8;415;3;2;1;1;1;304;Bd front de mer quartier;M;4367205.0;-143933.0;400
26320;201500029190;15;3;4;1900;5;2;1;1;6;227;NATIONALE(RUE)R.DE LA CO;;;;570
26321;201500029191;15;12;16;1110;1;1;1;3;7;227;CD31E;;;;570
26322;201500029192;15;11;17;2150;5;2;1;1;3;227;18, NATIONALE (RUE)DU C.;M;4918920.0;690619.0;570
26323;201500029193;15;12;6;1535;1;2;1;1;3;227;NATIONALE(RUE)R.DE LA CO;;;;570
26324;201500029194;15;6;24;1750;1;2;1;1;3;537;31, GAULLE(RUE GAL DE)DE;M;4919514.0;685222.0;570
26325;201500029195;15;9;2;1525;1;2;6;1;6;227;22, NATIONALE (RUE)DU C.;M;4918905.0;690599.0;570
26326;201500029196;15;12;2;1758;5;2;1;1;6;227;213, NATIONALE(RUE)GIRAT;M;4918113.0;688902.0;570
26327;201500029197;15;2;7;1805;3;1;1;1;7;227;PARC A BOIS (ROUTE DU );;;;570
26328;201500029198;15;2;11;620;5;2;1;1;6;660;NATIONALE(RUE)LIMITE FOR;M;4919475.0;692030.0;570
26329;201500029199;15;3;19;1020;1;2;1;1;6;606;21, AMERICAINS (RUE DES);M;4910440.0;670742.0;570
26330;201500029200;15;3;18;1025;1;2;1;1;6;606;7, FOCH (RUE DU MARECHAL;M;4910324.0;670295.0;570
26331;201500029201;15;3;27;1755;2;2;1;1;2;240;64, FORBACH (RUE DE);M;4914882.0;682455.0;570
26332;201500029202;15;6;27;752;2;1;1;9;1;606;CD 72 (ROUTE DE PORCELET;M;4913756.0;667867.0;570
26333;201500029203;15;7;15;845;1;1;1;1;3;332;Route départementale 603;;;;570
26334;201500029204;15;9;24;2230;3;1;1;1;6;606;RD 603;M;4910955.0;672533.0;570
26335;201500029205;15;10;24;2029;4;2;1;1;6;606;2, CLEMENCEAU (AVENUE GE;M;4910351.0;670568.0;570
26336;201500029206;15;10;28;1920;5;2;1;8;6;240;30, CHARPENTIER (RUE GUS;M;4908000.0;649000.0;570
26337;201500029207;15;11;20;1700;5;2;1;3;6;606;19, CLEMENCEAU (AVENUE G;M;4910611.0;670506.0;570
26338;201500029208;15;2;2;1940;5;2;8;1;6;591;1, MONDON (RUE);M;4925482.0;609558.0;570
26339;201500029210;15;6;4;1145;1;2;7;7;6;591;1, GARE (PLACE);M;4925628.0;609919.0;570
26340;201500029211;15;6;1;640;1;1;1;2;2;591;RN 52;M;4926093.0;610419.0;570
26341;201500029212;15;6;12;745;1;1;1;1;1;591;CD181;M;4923485.0;606498.0;570
26342;201500029213;15;6;28;1920;1;2;3;1;3;19;9, RUE DE GAULLE;M;4925366.0;614990.0;570
26343;201500029214;15;7;10;1910;1;2;3;1;2;143;97, FOCH (RUE);M;4926135.0;610254.0;570
26344;201500029215;15;9;8;815;1;2;1;1;6;591;82, METZ (DE);M;4924572.0;610646.0;570
26345;201500029216;15;11;4;1520;1;2;1;1;6;491;1, AVENIR (RUE DE L');M;4925103.0;605806.0;570
26346;201500029217;15;1;3;615;5;1;1;2;2;616;40, PAUL LANGEVIN (AVENU;M;4914353.0;620106.0;570
26347;201500029218;15;3;4;1510;1;2;1;1;6;463;84, ARENES (RUE AUX);M;4910655.0;617629.0;570
26348;201500029219;15;1;4;1743;3;2;3;1;6;463;00, GUYENNE (BOULEVARD D;M;4911207.0;621858.0;570
26349;201500029220;15;3;11;1800;1;2;2;1;1;480;00, SAINT LADRE (RUE );M;4909747.0;615559.0;570
26350;201500029221;15;12;31;1620;1;2;9;1;6;487;00, JOUY (ROUTE DE );M;4908169.0;610770.0;570
26351;201500029222;15;1;6;1715;5;2;3;1;6;463;3, PHILIPPE DE VIGNEULLE;M;4910657.0;616638.0;570
26352;201500029223;15;3;13;1510;1;2;1;1;7;463;25, LOTHAIRE (RUE );M;4909993.0;617909.0;570
26353;201500029224;15;1;13;1756;5;2;4;2;6;463;00, FELIX MARECHAL (QUAI;M;4912257.0;617815.0;570
26354;201500029225;15;3;15;330;5;2;1;1;6;463;00, PLAPPEVILLE (ROUTE D;M;4912875.0;614169.0;570
26355;201500029226;15;1;19;1500;1;2;2;8;6;463;53, HAUTE SEILLE (RUE );M;4911375.0;618222.0;570
26356;201500029227;15;3;18;1215;1;2;3;1;1;463;00, HENRI II (AVENUE );M;4912563.0;615869.0;570
26357;201500029229;15;3;19;1730;1;2;3;1;3;463;51, JARDINIERS (RUE DES;M;4909665.0;617803.0;570
26358;201500029230;15;1;29;2018;5;2;3;4;6;463;00, LOUIS GANNE (RUE );M;4911566.0;620463.0;570
26359;201500029231;15;3;20;1630;1;2;4;1;5;463;00, ALLIES (RUE DES);M;4912664.0;616244.0;570
26360;201500029232;15;2;5;735;1;2;1;8;6;463;119, VALLIERES (RUE DE );M;4912325.0;620421.0;570
26361;201500029233;15;3;29;1510;1;2;1;2;6;463;2, PIERRE CHEDEAUX (RUE;M;4910116.0;619591.0;570
26362;201500029234;15;2;5;1935;5;1;1;1;6;463;87 D, SENTE A MY (RUE );M;4909446.0;617614.0;570
26363;201500029235;15;3;30;847;1;1;2;8;3;487;000, RD157B;M;4909550.0;611919.0;570
26364;201500029237;15;4;8;1400;1;1;4;1;1;463;126, JEAN BAUCHEZ (RUE);M;4913680.0;614381.0;570
26365;201500029238;15;2;9;1940;5;2;3;1;3;463;00, LAURENT CHARLES MARE;M;4910067.0;618858.0;570
26366;201500029239;15;4;9;1210;1;2;1;1;2;49;00, GENERAL DE GAULLE (A;;;;570
26367;201500029242;15;4;16;1055;1;2;3;1;3;463;7, PLAPPEVILLE (ROUTE DE;M;4912563.0;615869.0;570
26368;201500029243;15;2;25;1640;2;2;1;1;6;412;41b, FORT (RUE DU );M;4912048.0;613439.0;570
26369;201500029244;15;4;16;1603;1;2;1;1;3;463;15, ALLIES (RUE DES);M;4913025.0;616566.0;570
26370;201500029245;15;4;19;150;5;2;1;1;6;463;36, CLAUDE BERNARD (RUE;M;4911061.0;621822.0;570
26371;201500029246;15;4;28;1750;1;2;1;1;3;751;32, CHAPITRE (RUE DU );M;4915167.0;616494.0;570
26372;201500029247;15;5;4;1050;1;2;1;1;5;463;96, CASTELNAU (RUE );M;4909586.0;617097.0;570
26373;201500029248;15;5;4;1630;1;2;3;1;3;463;00, CASERNE (RUE DE LA );M;4912602.0;617903.0;570
26374;201500029249;15;5;5;1145;1;2;1;1;6;463;4, SAINT VINCENT DE PAUL;M;4911941.0;619744.0;570
26375;201500029251;15;5;13;1416;1;2;3;1;3;463;4, LYON (AVENUE DE );M;4912128.0;619470.0;570
26376;201500029252;15;5;16;535;1;2;3;1;6;642;87, LIBERTE (VOIE DE LA);M;4910839.0;612080.0;570
26377;201500029253;15;5;18;1525;1;2;3;1;3;463;105, ANDRE MALRAUX (AVEN;M;4909992.0;618027.0;570
26378;201500029254;15;5;21;735;1;2;2;1;6;463;103, LORRY (ROUTE DE );M;4913453.0;615089.0;570
26379;201500029255;15;5;20;2010;1;2;1;1;3;463;38, WOIPPY (ROUTE  DE );M;4913312.0;616454.0;570
26380;201500029257;15;5;24;1347;1;1;1;1;6;463;5, ARSENAL (RUE  DE L');M;4912284.0;617947.0;570
26381;201500029258;15;6;2;1015;1;2;1;1;3;463;5, LAFAYETTE (RUE );M;4910891.0;617466.0;570
26382;201500029259;15;6;2;1945;1;2;4;1;3;487;00, RD 157B;M;4909544.0;611913.0;570
26383;201500029260;15;6;6;1828;1;1;7;7;6;463;00, REPUBLIQUE (PLACE DE;M;4911483.0;617227.0;570
26384;201500029261;15;6;8;725;1;2;3;1;1;480;GENERAL FRANIATTE (RUE D;M;4909147.0;615525.0;570
26385;201500029262;15;6;10;850;1;2;6;1;6;463;13, GOETHE (RUE );M;4910610.0;616452.0;570
26386;201500029263;15;6;11;1815;1;2;1;1;6;463;24, GUYENNE (BOULEVARD D;M;4910947.0;622025.0;570
26387;201500029264;15;6;15;1607;1;2;1;1;6;49;5, SAINT SIGISBERT (RUE;M;4912214.0;614894.0;570
26388;201500029265;15;6;15;1820;1;2;3;1;6;463;20, COETLOSQUET (RUE DU;M;4911544.0;617391.0;570
26389;201500029266;15;6;22;1345;1;2;1;1;2;463;34, VERDUN (RUE DE );M;4910735.0;616916.0;570
26390;201500029267;15;6;22;1434;1;2;1;2;6;463;42, VERDUN (RUE DE );M;4910720.0;616878.0;570
26391;201500029268;15;6;23;1854;1;2;1;2;6;412;00, VERDUN (PONT DE );M;4911952.0;614490.0;570
26392;201500029269;15;6;25;2315;5;2;3;1;3;463;PIERRE PERRAT (RUE );M;4911054.0;617198.0;570
26393;201500029270;15;6;30;1635;1;2;3;1;3;463;00, POUILLY (RUE DE );M;4907128.0;618485.0;570
26394;201500029272;15;7;1;1205;1;2;6;7;3;447;METZ (RUE DE);M;4906813.0;614732.0;570
26395;201500029273;15;7;15;1610;1;2;1;1;6;463;GENERAL METMAN;M;4911987.0;621922.0;570
26396;201500029274;15;7;21;1500;1;2;1;1;6;751;2, TULIPES (ALLEE DES );M;4915008.0;616827.0;570
26397;201500029275;15;7;21;1810;1;2;1;1;1;751;3, JEAN JAURES (AVENUE );M;4915401.0;615316.0;570
26398;201500029276;15;7;27;1405;1;2;1;1;4;487;00, JOUY (ROUTE DE );M;4908069.0;610672.0;570
26399;201500029277;15;7;31;1530;1;2;4;1;3;463;00, GRANGE AUX DAMES (RU;M;4913477.0;617724.0;570
26400;201500029278;15;8;4;1550;1;2;6;1;6;447;00, RD5b;M;4908715.0;614006.0;570
26401;201500029279;15;8;7;1808;1;2;1;1;5;463;4 Bis, WAD BILLY (RUE DU;M;4911670.0;618306.0;570
26402;201500029280;15;8;7;1615;1;2;1;1;2;412;136 bis, GENERAL DE GAUL;M;4911220.0;613379.0;570
26403;201500029281;15;8;10;930;1;2;3;1;5;463;55, THIONVILLE (ROUTE DE;M;4913515.0;616963.0;570
26404;201500029282;15;8;14;1600;1;2;3;1;3;463;70, EUROPE (BOULEVARD DE;M;4911871.0;620300.0;570
26405;201500029283;15;8;17;1610;1;2;1;1;6;463;64, SERPENOISE (RUE );M;4911565.0;617409.0;570
26406;201500029284;15;8;18;1120;1;2;1;1;6;463;00, FELIX MARECHAL (QUAI;M;4912159.0;617615.0;570
26407;201500029285;15;8;26;1020;1;2;3;1;5;463;3, TREVES (BOULEVARD DE;M;4912111.0;618836.0;570
26408;201500029286;15;9;1;1745;1;1;1;1;4;463;00, VOIE RAPIDE EST;M;4911753.0;621415.0;570
26409;201500029287;15;9;3;1045;1;2;1;1;3;412;68, GENERAL DE GAULLE (R;M;4911389.0;613841.0;570
26410;201500029288;15;9;3;1705;1;1;3;1;6;463;00, LIMOUSIN (RUE DU );M;4911253.0;622043.0;570
26411;201500029289;15;9;5;1920;1;2;3;1;6;480;39, GENERAL FRANIATTE (R;M;4909152.0;615517.0;570
26412;201500029290;15;9;8;1310;1;2;1;1;6;463;35, FELIX MARECHAL (QUAI;M;4912256.0;617822.0;570
26413;201500029291;15;9;11;1857;1;2;2;1;6;463;00, JEAN XXIII (AVENUE);M;4911323.0;618351.0;570
26414;201500029292;15;9;25;725;2;2;1;1;3;480;107, GENERAL FRANIATTE (;M;4908715.0;615158.0;570
26415;201500029293;15;9;29;1830;1;2;1;1;6;463;11, CLAUDE CHAPPE (RUE );M;4910465.0;622355.0;570
26416;201500029295;15;10;7;1330;1;2;3;1;3;463;42, FOCH (AVENUE );M;4911170.0;617817.0;570
26417;201500029296;15;10;10;931;1;2;1;1;6;463;20, PONT A MOUSSON (RUE;M;4910185.0;616306.0;570
26418;201500029297;15;10;12;1710;1;1;1;1;6;480;PONT A MOUSSON (RUE DE );M;4909900.0;614964.0;570
26419;201500029299;15;11;3;1755;1;2;3;1;6;463;14, JOSEPH HENOT (RUE );M;4910161.0;619854.0;570
26420;201500029300;15;11;4;1925;1;2;3;1;3;463;37, CHARLES PETRE (RUE );M;4910436.0;616866.0;570
26421;201500029302;15;11;6;1835;5;2;1;2;6;463;00, FOCH (AVENUE );M;4911182.0;618015.0;570
26422;201500029304;15;11;15;1430;1;2;3;1;3;463;16, GUYENNE (BOULEVARD D;M;4911205.0;621851.0;570
26423;201500029305;15;11;18;750;1;2;1;1;6;463;00, MORTS (PONT DES );M;4912026.0;616967.0;570
26424;201500029306;15;11;19;1706;2;2;3;1;6;463;00, DEUX FONTAINES (AVEN;M;4914328.0;617178.0;570
26425;201500029307;15;11;19;1824;2;2;3;1;6;463;22, SENTE A MY (RUE );M;4910295.0;617757.0;570
26426;201500029308;15;11;22;100;3;2;9;2;3;463;00, VOIE RAPIDE EST;M;4911567.0;619078.0;570
26427;201500029309;15;11;26;1104;1;2;9;1;6;463;SOLIDARITE (BOULEVARD DE;M;4910715.0;622699.0;570
26428;201500029310;15;11;30;1535;1;2;3;2;6;463;42, PATROTTE (RUE DE LA;M;4913514.0;616633.0;570
26429;201500029312;15;12;3;1106;1;2;9;1;6;480;28, NOMENY (RUE DE );M;4908762.0;615602.0;570
26430;201500029313;15;12;3;1655;5;2;3;1;6;463;57, THIONVILLE (ROUTE DE;M;4913519.0;616943.0;570
26431;201500029314;15;12;6;415;3;1;1;5;6;545;, CARRIERES (RUE DES);M;0.0;0.0;570
26432;201500029317;15;12;16;740;2;2;1;1;6;463;14, PROVENCE (BOULEVARD;M;4911317.0;621682.0;570
26433;201500029318;15;12;7;1717;3;2;3;1;6;463;00, DROGON (RUE );M;4909947.0;619403.0;570
26434;201500029319;15;12;19;1605;2;2;3;1;3;447;00, METZ (RUE DE);M;4907790.0;614439.0;570
26435;201500029320;15;12;29;900;1;2;3;1;6;463;00, QUEULEU (RUE DE );M;4910586.0;619661.0;570
26436;201500029321;15;4;26;1856;1;2;1;1;7;344;Neant, CD42;M;4872025.0;702219.0;570
26437;201500029322;15;12;26;345;5;2;1;1;3;630;30, PHALSBOURG;M;4873875.0;706608.0;570
26438;201500029323;15;5;2;1000;1;2;9;1;3;630;PHALSBOURG;M;4874100.0;707350.0;570
26439;201500029324;15;8;11;111;5;2;1;1;6;630;22, SCHWEITZER;M;4873988.0;705677.0;570
26440;201500029325;15;8;25;815;1;2;1;1;6;630;ROND POINT SCHIESSER;M;4873469.0;704308.0;570
26441;201500029326;15;9;13;1248;1;2;1;2;6;344;RUE DU CHATEAU;M;4871988.0;702450.0;570
26442;201500029328;15;10;3;1640;1;2;9;1;2;630;72, GAULLE (AV GAL DE);M;4872728.0;704858.0;570
26443;201500029329;15;12;15;1750;5;2;1;1;6;630;24, FRANCE (AV);M;4873514.0;704822.0;570
26444;201500029330;15;12;16;1710;2;2;1;1;6;630;6, PHALSBOURG;M;4873802.0;706369.0;570
26445;201500029331;15;12;21;2150;5;2;1;1;7;630;2, Rue René DESCARTES;M;4872941.0;704894.0;570
26446;201500029332;15;1;15;745;2;2;1;1;6;630;GAULLE (AV GAL DE);M;4873247.0;705246.0;570
26447;201500029333;15;2;7;841;1;2;3;1;3;630;15, PECHEURS;M;4873021.0;703838.0;570
26448;201500029334;15;12;17;750;5;2;1;2;6;631;77, CLEMENCEAU (RUE);M;4911580.0;707655.0;570
26449;201500029335;15;4;1;1730;1;2;1;1;5;631;6, DUMAIRE (RUE);M;4910559.0;709021.0;570
26450;201500029336;15;5;6;1130;1;2;1;1;6;631;2, NATIONALE (RUE);M;4911048.0;706597.0;570
26451;201500029337;15;8;5;1210;1;2;1;1;3;631;13, ALBERT 1Er (RUE);M;4911633.0;707208.0;570
26452;201500029338;15;9;3;2100;3;1;1;1;1;631;BITCHE (RUE DE) DU N° 95;;;;570
26453;201500029339;15;10;2;1040;1;2;1;1;6;631;1, NICOLAS (RUE SAINT);M;4911083.0;706522.0;570
26454;201500029340;15;1;6;1304;1;2;2;1;3;672;1, LONGWY (ROUTE DE);M;4935429.0;615839.0;570
26455;201500029341;15;3;6;2055;5;2;1;1;6;647;1, LYAUTEY (RUE);M;4931835.0;609233.0;570
26456;201500029342;15;1;7;1845;5;2;1;8;6;672;PIERRE MARCHAL (QUAI);;;;570
26457;201500029344;15;1;8;1855;5;2;1;2;6;508;13, LORRAINE (RUE);M;4934232.0;605311.0;570
26458;201500029345;15;3;22;1835;1;1;1;1;3;757;BOUZONVILLE (ROUTE DE);M;0.0;0.0;570
26459;201500029346;15;1;13;1745;5;2;1;3;6;672;1, GENERAL DE CASTELNAU;M;4935462.0;616256.0;570
26460;201500029347;15;3;27;1702;1;2;2;1;3;757;1, FORET (RUE DE LA);M;4934477.0;620166.0;570
26461;201500029348;15;1;15;1745;3;2;1;2;6;672;1, 14 JUILLET (AVENUE);M;4935502.0;613031.0;570
26462;201500029350;15;1;19;1745;5;2;2;1;3;672;1, FRERES (RUE DES);M;4935162.0;615819.0;570
26463;201500029352;15;1;21;1805;5;2;1;1;6;672;55, FOCH (BOULEVARD);M;4935849.0;616149.0;570
26464;201500029354;15;1;24;1255;1;2;1;4;1;221;26, GARE (RUE DE LA);M;4932811.0;611731.0;570
26465;201500029355;15;4;13;2225;5;2;1;1;6;306;97, VERDUN (RUE DE);M;4932694.0;605525.0;570
26466;201500029356;15;1;30;800;2;2;1;2;6;672;27, ASIE (CHAUSSEE D') -;M;4936353.0;614893.0;570
26467;201500029357;15;4;14;937;1;2;1;1;6;672;1, LUXEMBOURG (PLACE DU);M;4935919.0;617066.0;570
26468;201500029358;15;4;17;1055;1;2;1;1;6;672;1, CLEMENCEAU (AVENUE) 1;M;4935933.0;616994.0;570
26469;201500029359;15;2;1;1800;5;2;1;2;6;757;7, ROOSEVELT (RUE DU PRE;M;4935347.0;618071.0;570
26470;201500029360;15;4;17;1920;1;2;1;1;7;672;16, HORTICULTEURS (RUE D;M;4935250.0;614558.0;570
26471;201500029361;15;2;3;715;2;2;1;5;6;672;23, ALBERT 1ER (AVENUE);M;4936184.0;617029.0;570
26472;201500029362;15;4;29;1215;1;2;3;1;3;672;1, GENERAL DE CASTELNAU;M;4935478.0;616294.0;570
26473;201500029363;15;2;7;1510;1;2;1;1;6;306;30, VERDUN (RUE DE);M;4932854.0;605906.0;570
26474;201500029364;15;2;11;950;1;2;1;1;6;672;1, LUXEMBOURG (PLACE DU);M;4935892.0;616943.0;570
26475;201500029365;15;5;19;2010;1;2;1;1;6;368;38, REPUBLIQUE (RUE DE L;M;4933886.0;604308.0;570
26476;201500029366;15;2;11;1239;1;2;2;1;3;306;1, METROPOLE (AVENUE DE;M;4935372.0;606912.0;570
26477;201500029367;15;5;19;930;1;1;1;1;6;368;54, REPUBLIQUE (RUE DE L;M;4934005.0;604098.0;570
26478;201500029368;15;2;13;1900;3;1;1;1;5;221;2.7, CD 13;;;;570
26479;201500029369;15;5;21;910;1;2;1;1;6;672;6, CASTELNAU (RUE DE);M;4935217.0;616116.0;570
26480;201500029370;15;5;28;1700;1;2;1;1;2;666;67, MARSPICH (ROUTE DE);M;4934594.0;612422.0;570
26481;201500029371;15;5;28;2140;5;2;1;1;6;757;14, BRETAGNE (RUE DE);M;4934416.0;618358.0;570
26482;201500029372;15;5;28;2230;3;1;1;1;6;508;1, METROPOLE (RUE DE LA);M;4934778.0;605843.0;570
26483;201500029374;15;6;5;1020;1;2;3;1;1;672;1, LONGWY (ROUTE DE);M;4935408.0;615611.0;570
26484;201500029375;15;6;12;1115;1;2;1;1;6;306;FOCH (RUE);M;4933218.0;605400.0;570
26485;201500029377;15;6;23;1305;1;1;1;1;1;221;1, ETOILE (RUE DE L');M;4933831.0;611312.0;570
26486;201500029378;15;7;10;2205;4;1;1;1;6;757;1, TILLY (RUE DU);M;4936576.0;620934.0;570