;Num_Acc;an;mois;jour;hrmn;lum;agg;int;atm;col;com;adr;gps;lat;long;dep
26487;201500029379;15;7;12;1500;1;1;1;1;6;672;1, FUTAIES (ROUTE DES);M;4935294.0;610082.0;570
26488;201500029382;15;8;2;420;5;2;1;1;3;672;4, JEAN VIGO (RUE);M;4935958.0;613376.0;570
26489;201500029383;15;8;22;1005;1;2;1;1;6;757;43, Nations (Avenue);M;4935812.0;618909.0;570
26490;201500029384;15;8;25;1125;1;2;1;1;3;221;48, LONGWY (RUE DE);M;4931835.0;610673.0;570
26491;201500029385;15;9;7;1705;1;1;1;1;1;672;VOLKRANGE (ROUTE DE);M;4935140.0;608912.0;570
26492;201500029386;15;9;9;1010;1;2;1;1;3;757;43, Nations (Avenue);M;4935812.0;618909.0;570
26493;201500029387;15;9;21;1651;1;2;1;1;6;672;7, VOLKRANGE (ROUTE DE);M;4936477.0;609213.0;570
26494;201500029388;15;9;23;2111;5;2;2;8;3;672;22, OCEANIE (CHAUSSEE D';M;4936809.0;615733.0;570
26495;201500029389;15;9;28;1440;1;2;1;1;3;672;30, Bld Robert Schuman;M;4935354.0;617895.0;570
26496;201500029390;15;10;1;2205;3;1;1;1;6;441;MAISON  ROUGE (ROUTE DE);M;4938983.0;616857.0;570
26497;201500029391;15;10;3;1425;1;2;1;1;3;672;1, ESCH SUR ALZETTE (ROU;M;4935646.0;614333.0;570
26498;201500029392;15;10;8;1925;5;2;1;1;3;672;1, ALBERT 1ER (AVENUE) -;M;4936000.0;617089.0;570
26499;201500029393;15;10;10;1910;3;2;1;1;6;221;2, METZ (ROUTE DE);M;4931917.0;615590.0;570
26500;201500029394;15;10;21;730;2;2;1;1;6;672;50, DE GAULLE (AVENUE CH;M;4936222.0;617392.0;570
26501;201500029395;15;10;24;1825;1;2;6;1;7;672;1, ARLON (ROUTE DE);M;4936331.0;611137.0;570
26502;201500029396;15;11;3;755;1;2;1;1;6;368;112, REPUBLIQUE (RUE DE;M;4934253.0;603501.0;570
26503;201500029397;15;11;6;1610;1;2;1;1;6;672;1, OCEANIE (CHAUSSEE D');M;4936548.0;615217.0;570
26504;201500029398;15;11;6;1635;1;2;2;1;3;757;150, ROOSEVELT (RUE DU P;M;4934810.0;619356.0;570
26505;201500029399;15;11;6;1810;5;2;1;2;6;221;91, LORRAINE (AVENUE DE);M;4932631.0;612646.0;570
26506;201500029400;15;11;7;1000;1;1;1;1;6;672;51, GARCHE (ROUTE DE);M;4939552.0;619602.0;570
26507;201500029401;15;11;17;752;1;2;1;2;6;672;1, ROMAINS (ROUTE DS);M;4936435.0;614124.0;570
26508;201500029402;15;11;19;1730;5;2;1;2;6;672;42, GUISE (AVENUE DE) -;M;4936558.0;616602.0;570
26509;201500029403;15;11;20;1220;1;2;1;3;6;672;24, MARECHAL JOFFRE (RUE;M;4935403.0;615980.0;570
26510;201500029404;15;11;24;1720;4;2;1;1;6;368;1, REPUBLIQUE (RUE DE LA;M;4933697.0;604684.0;570
26511;201500029406;15;12;1;750;2;1;1;2;6;672;63, FOCH (BOULEVARD);M;4935961.0;616285.0;570
26512;201500029407;15;12;1;1035;1;2;1;2;6;672;2, LUXEMBOURG (PLACE DU);M;4935925.0;617054.0;570
26513;201500029408;15;12;3;1206;1;2;3;1;3;306;31, WENDEL (RUE DE);M;4932744.0;606865.0;570
26514;201500029409;15;12;8;1630;2;2;1;1;6;672;18, GUISE (AVENUE DE) -;M;4936428.0;616324.0;570
26515;201500029410;15;12;9;955;1;2;1;1;6;672;2, STRASBOURG (RUE DE);M;4935530.0;616195.0;570
26516;201500029411;15;12;14;805;2;1;1;1;1;508;ALGRANGE (RUE D');M;4934578.0;603777.0;570
26517;201500029412;15;12;16;1825;5;2;3;2;6;666;1, HAUTE (RUE);M;4934506.0;613365.0;570
26518;201500029413;15;12;19;1716;5;2;6;1;3;757;ILLANGE (ROUTE D');M;4934906.0;617649.0;570
26519;201500029414;15;12;27;1900;5;2;1;1;6;672;72, METZ (ROUTE DE);M;4934302.0;616096.0;570
26520;201500029415;15;8;29;1315;1;1;3;1;3;332;;M;4503389.0;744.0;330
26521;201500029416;15;1;30;1945;3;1;1;2;4;68;;M;4317970.0;256443.0;110
26522;201500029417;15;4;11;245;3;1;1;1;2;151;;M;4319208.0;245508.0;110
26523;201500029418;15;7;9;515;2;1;1;1;6;69;;M;4320146.0;227605.0;110
26524;201500029420;15;8;10;1045;2;1;1;1;5;69;;M;4319144.0;237598.0;110
26525;201500029421;15;11;30;1215;1;1;1;1;2;69;;M;4318716.0;240245.0;110
26526;201500029422;15;12;17;1830;3;1;1;1;5;76;;M;4328695.0;195116.0;110
26527;201500029423;15;5;10;1730;1;1;9;1;3;371;;M;0.0;0.0;570
26528;201500029424;15;11;1;1115;1;1;1;5;1;437;;M;0.0;0.0;570
26529;201500029425;15;11;2;1800;3;1;1;5;1;740;;M;0.0;0.0;570
26530;201500029426;15;12;24;1830;3;1;1;2;1;371;;M;0.0;0.0;570
26531;201500029428;15;3;5;1550;1;2;1;1;2;194;MARECHAL JUIN;M;4740000.0;309000.0;580
26532;201500029429;15;3;23;820;1;2;3;1;3;194;sans, ARDENETS;;;;580
26533;201500029430;15;3;25;1215;1;2;1;1;6;194;sans, PIERRE EMILE GASPA;;;;580
26534;201500029431;15;1;9;2015;5;2;1;2;7;194;COLBERT;;;;580
26535;201500029432;15;3;26;2055;5;2;1;2;7;194;sans, MARINIERS (QUAI);;;;580
26536;201500029433;15;3;26;755;1;2;1;1;3;194;35, SAINT BENIN;;;;580
26537;201500029434;15;3;31;1510;1;2;3;1;3;194;PONT CIZEAU;;;;580
26538;201500029435;15;12;28;1725;5;2;1;1;1;194;SANS, GRAND PRE DES BORD;M;4699174.0;312342.0;580
26539;201500029436;15;4;10;1110;1;2;2;1;6;194;SANS, SAINT EXUPERY (BOU;;;;580
26540;201500029437;15;4;15;1600;1;2;2;1;6;194;52, MONTAPINS;;;;580
26541;201500029438;15;4;10;705;1;2;1;1;7;194;SANS, MARECHAL LECLERC;;;;580
26542;201500029440;15;1;2;945;1;2;1;8;1;194;MADEMOISELLE BOURGEOIS;;;;580
26543;201500029441;15;4;15;1155;1;2;1;1;6;194;21, SAULAIES (ROUTE);;;;580
26544;201500029442;15;12;20;1700;1;2;1;1;7;194;sans, MARECHAL JUIN;M;;;580
26545;201500029443;15;4;18;1045;1;2;1;1;3;194;SANS, BERNARD PALISSY;;;;580
26546;201500029444;15;2;5;940;1;2;1;1;7;194;sans, ESTUTT DE TRACY;;;;580
26547;201500029445;15;4;17;1610;1;2;1;1;7;194;SANS, JEROME TRESAGUET;M;4699680.0;314794.0;580
26548;201500029446;15;5;7;750;1;1;1;1;6;194;PONT DE LOIRE;M;4698483.0;315794.0;580
26549;201500029447;15;4;23;1810;1;2;2;1;3;194;SANS, ALFRED BRISSET;;;;580
26550;201500029448;15;2;19;1350;1;2;1;1;7;194;sans, AMIRAL JACQUINOT;;;;580
26551;201500029449;15;5;21;1335;1;2;1;1;7;194;SANS, PRE PLANTIN (BOULE;;;;580
26552;201500029450;15;5;19;1820;1;2;1;1;7;194;sans, COLBERT;;;;580
26553;201500029451;15;6;7;1320;1;2;9;1;6;194;SANS, CLAUDE TILLIER;M;4698805.0;315349.0;580
26554;201500029452;15;6;7;1355;1;2;1;1;6;194;SANS, RESISTANCE (SQUARE;M;4699269.0;316039.0;580
26555;201500029453;15;6;9;820;1;2;1;1;7;194;REPUBLIQUE (BOULEVARD);M;4699262.0;317146.0;580
26556;201500029455;15;6;23;1115;1;2;1;1;7;194;SANS, CHEMIN DE FER;M;;;580
26557;201500029456;15;5;13;1405;1;2;1;1;6;194;16TER, LOURDES;M;4699159.0;315481.0;580
26558;201500029457;15;7;7;825;1;2;1;1;7;194;21, TREIZIEME DE LIGNE;;;;580
26559;201500029458;15;7;9;1115;1;2;1;1;6;194;SANS, ARDILLIERS;M;4699172.0;316128.0;580
26560;201500029459;15;6;26;1530;1;2;2;1;6;194;1, MARCEAU;M;4699233.0;315971.0;580
26561;201500029460;15;7;14;955;1;2;1;1;6;194;SANS, RAIE;M;4698288.0;313179.0;580
26562;201500029461;15;7;11;902;1;2;2;1;3;194;SANS, REPUBLIQUE (BOULEV;M;4698995.0;316845.0;580
26563;201500029462;15;7;17;945;1;2;1;1;6;194;SANS, CHARLES ROY;M;4699480.0;316258.0;580
26564;201500029463;15;7;3;1210;1;2;6;1;3;194;SANS, MADEMOISELLE BOURG;M;4699514.0;316815.0;580
26565;201500029464;15;7;10;1515;1;2;6;1;3;194;SANS, FONTAINE D'ARGENT;M;4699263.0;314839.0;580
26566;201500029465;15;7;18;1310;1;2;1;1;6;194;7, ANDRE PIAUT;M;4698635.0;313581.0;580
26567;201500029466;15;7;12;2120;2;2;1;1;2;194;SANS, PONT DE LOIRE;M;4698364.0;315878.0;580
26568;201500029467;15;7;25;425;5;2;1;1;7;194;sans, SAULAIES (ROUTE);M;4698271.0;314828.0;580
26569;201500029468;15;7;31;750;1;2;1;1;6;194;GENERAL DE GAULLE;M;;;580
26570;201500029469;15;8;6;1350;1;2;1;1;7;194;MONTE CASSINO (ROND POIN;M;4698810.0;312449.0;580
26571;201500029470;15;8;6;1415;1;2;1;1;2;194;sans, HENRI BOUQUILLARD;M;;;580
26572;201500029471;15;8;11;1615;1;2;1;1;2;194;GRAND PRE DES BORDES;M;;;580
26573;201500029472;15;8;13;1705;1;2;1;1;2;194;SANS, PIERRE DE COUBERTI;M;;;580
26574;201500029473;15;8;20;2125;5;2;3;1;3;194;SANS, JEAN MOULIN;M;4698470.0;317778.0;580
26575;201500029474;15;8;22;1720;1;2;1;1;6;194;5, MAURICE RAVEL (PLACE);M;;;580
26576;201500029475;15;8;31;1655;1;2;1;1;3;194;PAUL VAILLANT COUTURIER;M;;;580
26577;201500029476;15;8;29;1200;1;2;1;1;5;194;sans, TREIZIEME DE LIGNE;M;;;580
26578;201500029477;15;7;30;2215;5;2;1;1;6;194;61, MARZY;M;4698751.0;313738.0;580
26579;201500029478;15;9;5;1615;1;2;1;1;7;194;PETIT MOUESSE;;;;580
26580;201500029479;15;9;9;1045;1;2;1;1;6;194;10, GAMBETTA;M;4699067.0;315902.0;580
26581;201500029480;15;9;6;1415;1;2;1;1;7;194;HENRI BARBUSSE;M;;;580
26582;201500029481;15;9;15;1420;1;2;1;1;1;194;SANS, CHAMP DE FOIRE (PL;;;;580
26583;201500029482;15;9;18;1530;1;2;1;1;7;194;RENE MARLIN (CARREFOUR);M;;;580
26584;201500029483;15;9;24;1500;1;2;1;1;1;194;SANS, JEAN GAUTHERIN;M;;;580
26585;201500029484;15;9;23;1740;1;2;1;1;6;194;SANS, JEAN MOULIN;M;4698450.0;317802.0;580
26586;201500029486;15;10;12;1500;1;2;1;1;7;194;sans, PIERRE BEREGOVOY;M;;;580
26587;201500029487;15;10;2;1200;1;2;1;1;6;194;SANS, CHAUVELLES;M;4699727.0;315898.0;580
26588;201500029488;15;10;17;1555;1;2;2;1;3;194;SANS, MONTOTS;M;4699259.0;313544.0;580
26589;201500029489;15;10;27;1630;1;2;1;1;7;194;sans, PRES;M;4700004.0;318474.0;580
26590;201500029492;15;11;12;1355;1;2;1;1;1;194;sans, COBLENCE;M;;;580
26591;201500029493;15;11;4;1900;1;2;1;1;3;194;sans, PIERRE EMILE GASPA;M;;;580
26592;201500029494;15;11;12;1215;1;2;1;1;6;194;SANS, MARECHAL LYAUTEY;M;4699292.0;312897.0;580
26593;201500029495;15;11;18;1515;1;2;1;1;6;194;SANS, MARECHAL JUIN;M;;;580
26594;201500029496;15;11;24;715;1;2;1;1;6;194;CROIX JOYEUSE (CARREFOUR;M;;;580
26595;201500029497;15;11;25;1220;1;2;1;2;7;194;SANS, BOIS D'ARDENET;M;4698206.0;313377.0;580
26596;201500029498;15;11;25;1320;1;2;1;2;1;194;CHARLEVILLE;M;;;580
26597;201500029499;15;11;8;1815;5;2;1;1;1;194;SANS, JEAN MOULIN;M;4698777.0;317727.0;580
26598;201500029500;15;12;4;1115;1;2;1;1;7;194;sans, CARNOT (PLACE);M;;;580
26599;201500029501;15;12;4;1250;1;2;1;1;2;194;sans, BERNARD PALISSY;M;;;580
26600;201500029502;15;11;18;2315;5;2;3;2;3;194;SANS, BERNARD PALISSY;M;4698560.0;317452.0;580
26601;201500029503;15;12;4;1740;5;2;1;8;6;194;14, DOCTEUR LEVEILLE;M;4700128.0;314580.0;580
26602;201500029504;15;12;2;1200;1;2;3;1;3;194;SANS, PAUL VAILLANT COUT;M;4699331.0;315685.0;580
26603;201500029505;15;12;7;1505;1;2;1;1;6;194;57, MARZY;M;4698819.0;311915.0;580
26604;201500029506;15;11;14;1354;1;2;1;1;1;194;26, ROMAIN BARON;M;4698227.0;312696.0;580
26605;201500029507;15;12;7;1820;2;2;1;1;1;194;sans, HENRI BOUQUILLARD;M;;;580
26606;201500029508;15;12;12;1025;1;2;1;1;3;194;sans, MARZY;M;;;580
26607;201500029509;15;12;13;2155;5;2;1;1;7;194;SANS, VERNAI (IMPASSE);M;4698520.0;318798.0;580
26608;201500029510;15;1;7;1430;1;2;1;2;6;194;95, GRAND MOUESSE (FAUBO;;;;580
26609;201500029511;15;1;9;1710;2;2;6;2;6;194;sans, GENERAL DE GAULLE;;;;580
26610;201500029513;15;1;19;1755;5;2;3;1;3;194;MARZY;;;;580
26611;201500029514;15;1;25;910;1;2;3;9;6;194;sans, EDME LABORDE;;;;580
26612;201500029515;15;1;22;740;2;2;1;2;2;194;13, LYON (FAUBOURG);;;;580
26613;201500029517;15;1;26;2130;4;2;1;2;3;194;COLBERT;;;;580
26614;201500029519;15;2;11;1505;1;2;1;1;3;194;HENRI BOUQUILLARD;;;;580
26615;201500029520;15;2;23;1850;5;2;3;2;3;194;sans, MARZY;;;;580
26616;201500029522;15;12;17;915;1;2;1;1;6;487;AV GASTON VERMEIRE;M;4915050.0;227690.0;950
26617;201500029523;15;12;17;1415;1;2;1;1;6;52;R DE SENLIS;M;4914310.0;229420.0;950
26618;201500029525;15;4;5;1645;1;2;1;1;6;52;AV PAUL BEJOT;M;4913960.0;228650.0;950
26619;201500029526;15;4;10;1730;1;2;1;1;2;487;AV GASTON VERMEIRE;M;4915250.0;227320.0;950
26620;201500029527;15;5;31;2245;5;2;1;2;6;487;R PASTEUR;M;4915490.0;227590.0;950
26621;201500029528;15;6;6;1900;1;2;1;1;6;436;R DE L'ISLE ADAM;M;4913130.0;226590.0;950
26622;201500029530;15;11;17;800;2;2;1;2;6;116;R DES ECOLES;M;4915810.0;233260.0;950
26623;201500029531;15;12;4;800;2;1;1;8;1;52;RTE DE CLERMONT;M;4914570.0;230180.0;950
26624;201500029532;15;1;22;530;4;2;1;1;6;313;AV GENERAL DE GAULLE;M;4911760.0;221920.0;950
26625;201500029533;15;1;30;1730;1;2;1;1;6;504;R HENRI DOUAY;M;4910760.0;229990.0;950
26626;201500029534;15;3;14;1630;1;2;1;1;1;313;R DU PRIEURE;M;4911290.0;221040.0;950
26627;201500029535;15;5;31;30;3;1;1;1;4;445;RN 184;M;0.0;0.0;950
26628;201500029536;15;7;24;1600;1;1;1;1;3;313;RD 922;M;4911920.0;223180.0;950
26629;201500029537;15;9;10;1230;1;1;3;1;3;504;RD 64 E;M;4910580.0;229340.0;950
26630;201500029538;15;9;11;945;1;2;1;1;3;313;R DE PONTOISE;M;4910880.0;222220.0;950
26631;201500029539;15;9;18;930;2;1;1;1;7;504;RN 184;M;0.0;0.0;950
26632;201500029540;15;9;21;2145;3;1;1;2;6;445;RN 184;M;0.0;0.0;950
26633;201500029541;15;10;23;1745;1;2;1;1;3;313;AV PAUL THOUREAU;M;4911910.0;221810.0;950
26634;201500029542;15;10;27;1515;1;2;1;1;6;313;AV DE PARIS;M;4911260.0;221740.0;950
26635;201500029543;15;11;19;1600;1;1;1;1;6;445;RN 184;M;4909040.0;225820.0;950
26636;201500029544;15;12;3;1900;3;1;1;1;6;313;AV MICHEL PONIATOWSKI;M;4912070.0;223790.0;950
26637;201500029545;15;9;12;1730;1;2;1;2;3;47;AVENUE DE LA LIBERATION;M;4661974.0;376800.0;710
26638;201500029546;15;10;19;1800;2;2;1;7;6;47;rue du breuil;M;4662346.0;375558.0;710
26639;201500029547;15;2;18;955;1;2;1;1;6;143;NATIONALE  ( ROUTE);;;;590
26640;201500029548;15;3;2;835;1;2;1;1;6;17;SAINT VAAST (PLACE);;;;590
26641;201500029549;15;3;13;1025;1;1;1;1;3;17;GUESDE  (PLACE JULES);;;;590
26642;201500029550;15;3;26;910;1;2;1;1;6;17;25, FAIDHERBE (BD );;;;590
26643;201500029551;15;4;3;1620;1;2;1;1;6;431;HOUCKE (AVENUE JULES);;;;590
26644;201500029552;15;2;27;1500;1;2;1;1;6;17;93, RESISTANTS (RUE DES;;;;590
26645;201500029553;15;4;16;1130;1;1;3;1;3;431;HOUCKE (AVENUE JULES);;;;590
26646;201500029554;15;4;21;830;1;1;3;1;6;17;DEPORTES (RUE DES);;;;590
26647;201500029556;15;6;18;1440;1;2;3;1;6;17;LEBLEU (RUE JULES );;;;590
26648;201500029557;15;6;24;2105;1;2;1;1;6;317;RABELAIS  (RUE);;;;590
26649;201500029558;15;7;3;1750;1;2;1;1;6;17;87, VALMY (RUE DE );;;;590
26650;201500029559;15;8;7;915;1;1;2;1;1;143;1220, NATIONALE  ( ROUTE;;;;590
26651;201500029560;15;8;26;1626;1;1;2;1;3;143;NATIONALE (ROUTE)IWEZ MA;;;;590
26652;201500029561;15;10;15;1540;1;2;1;2;3;17;10, GAMBETTA  (RUE);;;;590
26653;201500029562;15;10;8;1145;1;2;1;1;6;431;ARMENTIERES  (RUE D' );;;;590
26654;201500029563;15;10;26;1450;1;1;1;1;3;17;LECLERC (RUE DU GENERAL;;;;590
26655;201500029564;15;11;6;505;3;1;1;2;5;317;ROUTE DEPARTEMENTALE 945;;;;590
26656;201500029565;15;11;10;2355;3;1;1;1;6;143;NATIONALE  ( ROUTE);;;;590
26657;201500029566;15;11;16;1810;5;2;3;2;6;17;LIS (RUE RAYMOND );;;;590
26658;201500029568;15;12;3;900;1;2;2;1;3;17;BLUM  (AVENUE LEON);;;;590
26659;201500029569;15;12;21;1745;1;2;1;1;5;17;2154, RESISTANTS (RUE DE;;;;590
26660;201500029570;15;12;28;1530;1;1;3;1;3;317;ROUTE DEPARTEMENTALE 945;;;;590
26661;201500029571;15;1;6;1530;1;2;1;1;1;17;48, FUSILLES (RUE DES );;;;590
26662;201500029572;15;1;23;2020;5;2;1;1;6;317;LUTUN  (RUE);;;;590
26663;201500029573;15;1;28;1430;1;2;1;3;6;17;RESISTANTS (RUE DES );;;;590
26664;201500029574;15;2;9;1220;1;2;3;1;3;17;MOLINEL (RUE DU );;;;590
26665;201500029575;15;3;2;1630;1;2;1;7;6;33;JEAN JAURES (RUE);M;5019891.0;384544.0;590
26666;201500029577;15;10;16;1900;2;2;1;1;3;33;116, HOTEL DE VILLE (RUE;;;;590
26667;201500029578;15;12;11;815;2;2;1;3;6;33;144, HOTEL DE VILLE (RUE;;;;590
26668;201500029579;15;6;30;1630;1;2;1;1;6;43;34, EMILE HIE (Rue);M;5073667.0;273281.0;590
26669;201500029580;15;8;10;855;1;1;1;1;6;43;3204 Route de Lille;M;5072819.0;277012.0;590
26670;201500029581;15;9;10;700;2;1;3;1;3;43;3867, BELLE CROIX;;;;590
26671;201500029582;15;9;13;1120;1;1;1;1;7;43;CLAVERHELST (LIEU DIT);;;;590
26672;201500029583;15;9;26;600;3;1;2;1;3;43;HAZEBROUCK (ROUTE);;;;590
26673;201500029584;15;3;1;1650;1;1;1;1;6;43;25 Route de Locre;M;5076286.0;275663.0;590
26674;201500029585;15;4;21;1515;1;1;2;1;3;43;METEREN (ROUTE DE);;;;590
26675;201500029586;15;12;23;1125;1;2;1;1;6;122;132, FAIDHERBE (BOULEVAR;;;;590
26676;201500029588;15;6;4;1645;1;2;1;1;6;122;86, SAINT DRUON (RUE);;;;590
26677;201500029589;15;6;11;1600;1;2;2;1;3;122;DOCKS (RUE DES);;;;590
26678;201500029590;15;5;11;1757;1;1;1;1;1;122;RD643;M;5015213.0;325788.0;590
26679;201500029591;15;8;1;235;3;1;1;1;6;488;route d'Arras;M;5019166.0;316216.0;590
26680;201500029593;15;9;21;755;1;2;1;1;6;122;VICTOIRE (AVENUE DE LA);;;;590
26681;201500029594;15;10;27;1925;5;2;2;1;5;244;ROUTE NATIONALE;;;;590
26682;201500029595;15;9;15;805;1;2;1;1;6;122;PERONNE (RUE DE);;;;590
26683;201500029596;15;11;8;1305;1;2;1;1;5;122;SAINT DRUON (RUE);;;;590
26684;201500029597;15;11;18;1825;5;2;3;1;3;122;CATEAU (AVENUE DU);;;;590
26685;201500029599;15;12;4;1510;1;1;1;1;6;244;BAPAUME (ROUTE DE);;;;590
26686;201500029600;15;2;19;845;1;2;1;1;6;616;971 Rue Anatole France;M;5046491.0;355293.0;590
26687;201500029601;15;3;16;950;1;2;1;1;6;616;1166, BAY (RUE AUGUSTIN;;;;590
26688;201500029603;15;8;7;1820;1;2;3;1;2;253;LOUBRY (RUE EDGARD );M;5044083.0;356731.0;590
26689;201500029604;15;8;7;1340;1;2;1;1;1;153;116, STRADY (RUE ADOLPHE;M;5047355.0;357811.0;590
26690;201500029605;15;8;29;1650;1;2;1;1;5;153;76, BONSECOURS (ROUTE DE;M;5046440.0;359476.0;590
26691;201500029606;15;10;11;2040;5;2;1;1;6;253;230, JAURES (RUE JEAN );M;;;590
26692;201500029607;15;9;6;1115;1;2;1;1;3;616;371, HUGO (RUE VICTOR );M;5046070.0;356765.0;590
26693;201500029608;15;11;13;1055;1;2;3;1;3;253;98, ZOLA (RUE EMILE );M;5043565.0;358236.0;590
26694;201500029609;15;11;14;1720;5;2;1;2;6;616;BETH (RUE RENE );M;5047909.0;357711.0;590
26695;201500029611;15;11;4;1330;1;2;1;1;6;172;1, BAUDIN (PL.);M;;;590
26696;201500029612;15;2;21;1931;1;1;1;1;6;632;33, BLANQUI (R.);;;;590
26697;201500029613;15;12;4;1530;1;2;1;1;6;172;LECLERC (R. MARECHAL);;;;590
26698;201500029614;15;2;17;722;1;2;2;1;3;172;BERTHELOT (R.);;;;590
26699;201500029615;15;4;22;1715;1;2;1;1;6;361;HUGO (R. VICTOR);;;;590
26700;201500029616;15;4;23;1920;1;1;1;1;6;504;1, DEPARTEMENTAL (CHEMIN;;;;590
26701;201500029617;15;6;9;1820;1;2;1;1;6;172;21, BERIOT (PIERRE);M;5032569.0;338055.0;590
26702;201500029618;15;6;6;1415;1;2;3;1;6;2;BOUCHAIN (RTE DE);M;5019157.0;655080.0;590
26703;201500029619;15;5;22;1755;1;2;1;1;6;361;126, BLANQUI (R.);M;;;590
26704;201500029620;15;6;30;1730;1;2;1;1;6;179;18, ELUARD (PL. PAUL);M;5029922.0;338933.0;590
26705;201500029621;15;7;7;1130;1;1;1;1;6;302;14, JAURES (R. JEAN);M;5035611.0;345247.0;590
26706;201500029623;15;5;19;1400;1;2;1;1;6;172;BLANQUI (R.);M;;;590
26707;201500029624;15;7;11;230;5;2;1;1;6;504;58A, LAMENDIN (R. ARTHUR;M;;;590
26708;201500029625;15;8;10;1800;1;2;2;1;1;172;MOUSSERON (R. JULES);M;;;590
26709;201500029626;15;8;12;1800;1;2;1;1;2;504;LAMENDIN (R. ARTHUR);M;;;590
26710;201500029628;15;10;1;2100;3;1;9;1;1;429;., NATIONALE(R.30);M;5025395.0;332130.0;590
26711;201500029629;15;9;10;1930;2;2;1;1;6;172;19, GLORIETTES (ALL.);M;5032500.0;340380.0;590
26712;201500029630;15;10;14;1815;2;1;1;3;2;172;RD 630;;;;590
26713;201500029631;15;10;31;1450;1;2;1;1;6;172;VILLARS (R.);M;5032644.0;338983.0;590
26714;201500029633;15;1;10;1750;5;2;1;1;6;172;601, NEVE (R. PIERRE);;;;590
26715;201500029635;15;2;28;1115;1;2;1;7;6;178;12, CAMBRAI (RUE DE);;;;590
26716;201500029636;15;11;20;2020;3;1;1;1;1;501;RD 957;M;5038220.0;328417.0;590
26717;201500029637;15;2;26;1150;1;1;1;1;6;239;CD 35;;;;590
26718;201500029638;15;11;26;2205;5;2;1;8;7;178;BASTION CAUX (RUE DU);M;5037140.0;306639.0;590
26719;201500029639;15;4;8;1212;1;2;1;1;6;8;139, KOPIERRE (RUE);;;;590
26720;201500029640;15;11;28;1240;1;2;1;1;1;314;83, GAMBETTA LEON(RUE);M;5036360.0;334131.0;590
26721;201500029641;15;3;31;1820;1;2;1;1;6;165;35, PASTEUR (RUE LOUIS);;;;590
26722;201500029642;15;12;5;1400;1;2;1;8;6;8;59, JAURES (RUE JEAN);M;5033180.0;325386.0;590
26723;201500029643;15;12;7;2040;3;1;1;1;2;329;JOFFRE (RUE DU MARECHAL);M;5034380.0;309156.0;590
26724;201500029644;15;5;17;1750;1;1;1;1;7;24;MOULIN BLANC PROLONGEE(R;M;5032229.0;324176.0;590
26725;201500029645;15;4;2;2140;5;2;1;1;1;489;87, PLANTY (RUE DU);;;;590
26726;201500029646;15;12;23;1900;5;2;2;1;6;227;04, HUGO VICTOR(RUE);;;;590
26727;201500029647;15;4;14;2245;5;2;2;1;3;178;R.D 643;;;;590
26728;201500029648;15;12;31;1430;1;2;1;1;5;178;455, FAUBOURG DE PARIS (;M;5035241.0;308563.0;590
26729;201500029649;15;5;24;1450;1;1;3;1;3;234;RD 120 (Z.I DES PRES LOR;;;;590
26730;201500029650;15;5;8;1445;1;1;6;1;6;456;D ORVES ESTIENNES(RUE);M;5038053.0;321957.0;590
26731;201500029651;15;4;25;1325;1;2;1;1;1;178;276, GUYNEMER (RUE GEORG;;;;590
26732;201500029652;15;6;3;1239;1;2;1;1;6;178;519, REPUBLIQUE (BOULEVA;M;5037652.0;307630.0;590
26733;201500029653;15;5;21;1805;1;1;3;1;3;629;RIEULAY (ROUTE DE );;;;590
26734;201500029654;15;6;1;2300;5;1;1;1;1;574;TRAISNEL (ROUTE DE );M;5035383.0;326177.0;590
26735;201500029655;15;6;3;1420;1;2;1;1;6;178;CHAPLIN (SQUARE CHARLIE);M;5037369.0;305311.0;590
26736;201500029656;15;6;5;1440;1;2;3;1;6;178;GUYNEMER (RUE GEORGES);M;5037208.0;305466.0;590
26737;201500029657;15;6;7;2025;1;2;4;1;6;178;BOISSET (QUAI DE);M;5039269.0;308047.0;590
26738;201500029658;15;6;26;2245;5;2;1;1;2;7;CHEVALET (RUE DU);M;5040175.0;315716.0;590
26739;201500029659;15;6;15;1515;1;2;1;7;1;314;82, GAMBETTA LEON(RUE);M;5036363.0;334102.0;590
26740;201500029660;15;6;22;1720;1;2;1;2;3;178;173, EGLISE (RUE DE L');M;5039350.0;308263.0;590
26741;201500029661;15;6;21;320;3;1;1;1;1;239;RD 938;M;5042680.0;315152.0;590
26742;201500029663;15;7;5;240;5;2;2;1;3;227;JOLIOT CURIE IRENE(RUE);M;5036655.0;329583.0;590
26743;201500029664;15;7;19;1905;1;1;1;1;1;8;DELESTRAINT (RUE DU GENE;M;5033702.0;327961.0;590
26744;201500029665;15;7;29;1315;1;2;1;1;1;178;650, CAMBRAI (RUE DE);M;5035744.0;308127.0;590
26745;201500029666;15;7;30;1135;1;1;1;3;3;165;RD 621;;;;590
26746;201500029667;15;8;2;1920;1;2;6;1;6;178;02, PASTEUR (BOULEVARD);M;5036316.0;307805.0;590