;Num_Acc;an;mois;jour;hrmn;lum;agg;int;atm;col;com;adr;gps;lat;long;dep
26747;201500029668;15;9;2;110;5;2;1;1;6;234;25, MARTIN (RUE MARCEAU);M;5039952.0;308877.0;590
26748;201500029669;15;8;1;1920;1;2;9;1;6;654;270, LANGEVIN (RUE PAUL);M;5038797.0;310166.0;590
26749;201500029670;15;8;8;955;1;2;1;1;2;178;616, JEANNE D'ARC (BOULE;M;5036925.0;306408.0;590
26750;201500029671;15;8;19;810;1;1;6;1;1;178;FORT DE SCARPE (RUE DU);M;5039138.0;310583.0;590
26751;201500029672;15;9;20;1900;1;2;1;1;2;178;CAMBRAI (PONT DE);M;5035588.0;308202.0;590
26752;201500029674;15;6;21;2050;1;2;1;1;6;178;ALLEMANDS (CHEMIN DES);M;5034997.0;308977.0;590
26753;201500029675;15;10;13;2000;5;2;3;1;1;170;D (ALLEE - LA CROIX DE P;M;5034991.0;313047.0;590
26754;201500029676;15;10;2;855;1;2;1;1;6;239;29, ABBE GILLERON (RUE D;M;5042944.0;317647.0;590
26755;201500029677;15;9;20;1620;1;1;2;1;3;456;GALIBOT (CHEMIN DU);M;5037208.0;323636.0;590
26756;201500029678;15;10;28;1540;1;1;1;8;5;165;RD 621;M;5037677.0;302891.0;590
26757;201500029680;15;10;28;1315;1;2;6;1;6;178;LEQUIEN (RUE DU DOCTEUR);M;5038108.0;308491.0;590
26758;201500029681;15;10;28;1940;5;2;1;1;6;375;07, DE GAULLE(PLACE);M;5040741.0;327891.0;590
26759;201500029682;15;11;4;1710;2;2;1;8;6;185;12, MARAICHONS (RUE DES);M;5034850.0;321581.0;590
26760;201500029683;15;11;5;1155;1;2;1;1;3;178;RD 643;M;5037420.0;306619.0;590
26761;201500029684;15;11;12;1135;1;2;2;1;6;574;50, MICHEL LOUISE(BOULEV;M;5035380.0;328308.0;590
26762;201500029685;15;2;12;1315;1;2;1;1;6;178;467, GUYNEMER (RUE GEORG;;;;590
26763;201500029686;15;1;24;2100;3;1;1;1;6;276;ALLEMANDS (CHEMIN DES);;;;590
26764;201500029687;15;1;16;1620;1;2;1;1;1;28;ROUSSEAU (RUE JEAN-JACQU;;;;590
26765;201500029688;15;2;2;830;1;2;1;1;6;178;176, RAIMBEAUCOURT (RUE;;;;590
26766;201500029689;15;2;6;1130;1;2;3;1;2;654;BULTEZ (RUE MARCEL);;;;590
26767;201500029690;15;1;9;2150;5;2;9;2;6;588;PIERRES;;;;590
26768;201500029691;15;2;22;2130;5;2;2;3;3;183;, REPUBLIQUE - F MITTER;;;;590
26769;201500029692;15;1;9;2210;3;1;1;2;6;340;., GENERAL CATROUX;;;;590
26770;201500029694;15;12;13;1230;1;2;2;1;1;540;., BERTEAUX MAURICE - AV;M;5101531.0;220582.0;590
26771;201500029697;15;3;9;130;4;2;1;1;6;588;., PIERRES;;;;590
26772;201500029698;15;2;5;1210;1;2;1;2;6;155;90, BOERNHOL;;;;590
26773;201500029699;15;3;14;10;5;1;6;1;6;271;, RD 601;;;;590
26774;201500029700;15;3;14;1545;1;2;9;1;6;183;LAROUSSE PIERRE;;;;590
26775;201500029701;15;2;11;1726;2;1;1;1;4;155;., LIBERATION - AVENUE;;;;590
26776;201500029703;15;2;13;1515;1;2;1;1;6;271;24, MOULIN;;;;590
26777;201500029704;15;4;3;1200;1;2;1;2;6;271;26, FLANDRES - BOULEVARD;;;;590
26778;201500029705;15;2;14;1935;5;2;9;2;5;271;., MENDES FRANCE - BOULE;;;;590
26779;201500029707;15;4;5;500;5;2;2;1;3;540;., FERRER;;;;590
26780;201500029708;15;5;10;1650;1;2;1;1;2;183;., LIBERATION - AVENUE;M;5104107.0;238879.0;590
26781;201500029709;15;5;13;905;1;2;9;1;6;183;., PETITE-SYNTHE CD 940;M;5102045.0;233224.0;590
26782;201500029710;15;5;17;1900;1;2;3;1;3;183;., LIBERATION - AVENUE;M;5104649.0;238775.0;590
26783;201500029711;15;5;20;1900;1;1;2;1;3;155;., FURNES - ROUTE;M;5103208.0;239500.0;590
26784;201500029712;15;5;24;905;1;2;6;1;3;155;., BERANGER;M;5102383.0;239236.0;590
26785;201500029713;15;6;11;1355;1;2;1;1;6;183;209, SCHUMAN MAURICE - A;M;5103522.0;236711.0;590
26786;201500029714;15;6;14;1840;1;1;1;1;6;155;WALDECK ROUSSEAU;M;5102183.0;239052.0;590
26787;201500029715;15;6;19;1930;1;2;1;1;1;131;66, BOURBOURG - ROUTE;M;5100063.0;235817.0;590
26788;201500029716;15;7;3;1015;1;1;3;1;6;183;Bd du 8 Mai 1945;M;5105197.0;240800.0;590
26789;201500029717;15;4;1;1330;1;2;1;1;6;183;., VANCAUWENBERGUE GEORG;M;5100201.0;231380.0;590
26790;201500029718;15;7;11;700;1;2;1;1;2;540;50, REPUBLIQUE;M;5102894.0;235723.0;590
26791;201500029719;15;7;11;2035;1;2;2;1;3;540;., FOURNIER;M;4848507.0;134043.0;590
26792;201500029720;15;7;12;1230;1;2;3;1;3;155;60, HUGO VICTOR;M;5101905.0;238424.0;590
26793;201500029721;15;7;19;145;5;2;1;2;6;155;GHESQUIERE HENRI;M;5102050.0;239122.0;590
26794;201500029722;15;7;23;1900;1;1;1;1;3;271;., CD 940 ANCIEN VILLAGE;M;5100856.0;228305.0;590
26795;201500029723;15;7;24;805;1;2;1;1;7;183;., MENDES FRANCE - BOULE;M;5103906.0;240568.0;590
26796;201500029724;15;7;22;1200;1;2;3;1;3;183;PARIS;M;5102940.0;237459.0;590
26797;201500029725;15;7;25;1130;1;2;1;1;6;271;GENERAL DE GAULLE - AVEN;M;5101509.0;230239.0;590
26798;201500029728;15;8;12;1125;1;2;9;1;6;183;., PRESIDENT POINCARE;M;5103522.0;238050.0;590
26799;201500029729;15;8;16;400;5;2;1;1;6;183;181, DOUVRES;M;5102547.0;224369.0;590
26800;201500029731;15;8;29;300;5;1;1;1;6;540;58, HUGO VICTOR;M;5101498.0;220061.0;590
26801;201500029732;15;8;29;1330;1;2;1;1;6;131;., HOOGHE-PORTE;M;5099475.0;236686.0;590
26802;201500029735;15;9;13;900;1;2;3;1;3;271;., MOULIN;M;5102333.0;230455.0;590
26803;201500029737;15;9;26;1510;1;1;1;1;7;588;., PIERRES;M;5099116.0;246211.0;590
26804;201500029738;15;10;2;1300;1;2;1;1;3;271;., DUBEDOUT HUBERT - AVE;;;;590
26805;201500029739;15;10;17;1945;5;2;1;1;6;183;288, REPUBLIQUE - F MITT;M;5103050.0;232336.0;590
26806;201500029740;15;10;23;1535;1;2;9;1;6;183;15, PARIS;M;5101791.0;236686.0;590
26807;201500029742;15;11;6;2240;5;2;2;2;1;155;., BUFFON;M;5102310.0;239269.0;590
26808;201500029743;15;11;5;810;2;2;1;2;2;183;., REPUBLIQUE - F MITTER;M;5102415.0;224144.0;590
26809;201500029746;15;11;3;750;2;2;1;1;4;271;., ANCIEN VILLAGE - AVEN;M;5100080.0;215003.0;590
26810;201500029747;15;11;20;320;3;1;1;1;6;271;RD 601;M;5100497.0;226736.0;590
26811;201500029749;15;11;21;1600;1;2;6;1;6;540;., 8 MAI 1945 - CARREFOU;M;5101365.0;220083.0;590
26812;201500029750;15;11;22;430;3;1;1;1;6;273;., PONT DE L AA;M;5097366.0;212269.0;590
26813;201500029751;15;11;26;740;2;2;1;1;6;183;., CALAIS;M;5102838.0;236808.0;590
26814;201500029752;15;12;6;1920;3;1;1;1;6;359;., RD601;M;5100008.0;224341.0;590
26815;201500029753;15;12;9;1640;1;2;1;1;3;271;GARNAERSTRAETE;M;5100922.0;229538.0;590
26816;201500029754;15;12;9;2015;3;1;1;1;3;588;., 32EME DI;M;5103211.0;243416.0;590
26817;201500029755;15;12;11;1810;5;2;2;1;6;183;373, REPUBLIQUE - F MITT;M;;;590
26818;201500029756;15;12;15;1700;1;2;2;2;1;540;., CYGNES;M;5101330.0;219370.0;590
26819;201500029757;15;12;21;2120;5;2;6;1;6;183;., REPUBLIQUE - F MITTER;M;5103058.0;225528.0;590
26820;201500029759;15;1;14;745;5;2;1;4;6;295;88, NOTRE DAME;;;;590
26821;201500029760;15;4;7;750;1;1;1;5;1;295;Rte départementale;M;5072579.0;251409.0;590
26822;201500029761;15;1;16;830;1;2;1;1;6;295;NOTRE DAME;;;;590
26823;201500029762;15;5;11;1705;1;1;1;1;2;295;Route départemenetale;M;5074013.0;254979.0;590
26824;201500029763;15;6;3;800;1;2;1;1;6;295;DEPOORTER;;;;590
26825;201500029764;15;6;12;1800;1;1;1;1;1;295;., RD642;;;;590
26826;201500029765;15;9;3;1610;1;2;3;1;3;295;., PASTEUR;;;;590
26827;201500029767;15;11;25;1040;1;2;6;7;3;295;DE CAESTRE;;;;590
26828;201500029768;15;3;10;1625;1;2;1;1;6;324;554, ERQUELINNES (RUE);;;;590
26829;201500029769;15;6;10;1810;1;2;3;1;2;385;84, VICTOR HUGO (RUE);M;;;590
26830;201500029770;15;6;6;2205;5;2;1;1;6;385;2, PLACE (RUE DE LA);M;5029436.0;407780.0;590
26831;201500029771;15;9;14;534;5;2;3;9;3;324;661, LEON BLUM (RUE);M;5029452.0;408539.0;590
26832;201500029772;15;11;27;1745;5;2;1;1;6;324;252, RESISTANCE (RUE DE;M;5029500.0;410585.0;590
26833;201500029773;15;1;3;120;5;2;9;1;6;350;NC, SOLFERINO RUE N?1 -;;;;590
26834;201500029774;15;2;17;1340;1;2;1;1;6;378;34, EGLISE RUE DE L;;;;590
26835;201500029776;15;1;9;515;5;2;1;2;6;350;NC, MOSELLE BOULEVARD N?;;;;590
26836;201500029777;15;11;28;2310;5;2;3;1;6;350;MEHL RUE;M;5064152.0;308408.0;590
26837;201500029778;15;3;2;1730;1;2;1;1;6;350;BOSSUET RUE;;;;590
26838;201500029779;15;1;9;855;1;2;3;2;2;350;NC, SOLFERINO RUE N?1 -;;;;590
26839;201500029780;15;3;3;1520;1;2;1;1;6;328;380, DUNKERQUE AVENUE DE;;;;590
26840;201500029781;15;1;10;1920;5;2;4;1;3;368;NC, GAMBETTA LEON RUE;;;;590
26841;201500029782;15;3;5;1435;1;1;2;1;4;560;HENTGES JOSEPH B;;;;590
26842;201500029783;15;1;9;1645;2;2;2;2;3;410;NC, DE GAULLE RUE DU GEN;;;;590
26843;201500029784;15;9;22;1415;1;2;1;2;6;350;131, TURIN BOULEVARD;M;5063886.0;307647.0;590
26844;201500029785;15;2;17;2000;2;2;1;1;6;350;GRAND BUT RUE DU;M;5065166.0;297500.0;590
26845;201500029786;15;1;13;1420;1;2;2;2;3;350;GARREAU LAZARE RUE;;;;590
26846;201500029787;15;2;17;2025;5;1;1;1;6;350;ROTONDE AVENUE D;M;5000000.0;259489.0;590
26847;201500029789;15;3;13;1005;1;2;1;1;6;286;56, CARNOT SADI RUE;;;;590
26848;201500029790;15;12;17;1235;1;2;5;1;3;350;SOLFERINO RUE Nø1 - 159;M;5062606.0;306476.0;590
26849;201500029792;15;3;4;900;1;2;1;1;6;368;183, DE GAULLE RUE DU GE;;;;590
26850;201500029794;15;3;1;2125;4;2;1;2;4;195;FUSILLES RUE DES;M;5062677.0;296003.0;590
26851;201500029795;15;1;20;1400;1;2;2;1;6;350;NC, FAUBOURG D'ARRAS RUE;;;;590
26852;201500029797;15;1;16;1700;1;2;2;1;6;378;0, RIANDERIE RUE DE LA;;;;590
26853;201500029798;15;3;6;250;5;2;1;1;2;350;SOLFERINO RUE N°2 - 108;M;5063436.0;304886.0;590
26854;201500029799;15;3;8;2050;5;2;3;1;2;350;HEGEL RUE;M;5063133.0;302206.0;590
26855;201500029800;15;1;22;730;1;2;3;8;3;328;NC, SAINT PAUL ALLEE;;;;590
26856;201500029801;15;4;1;1654;1;2;3;1;3;527;74, LECLERC RUE DU GENER;;;;590
26857;201500029803;15;3;10;300;5;2;1;1;2;350;MONTEBELLO  BOULEVARD N°;M;5061947.0;304853.0;590
26858;201500029804;15;1;24;1620;1;2;2;1;3;350;NC, SALENGRO ROGER RUE;;;;590
26859;201500029805;15;3;14;255;5;2;3;1;6;350;nc, LEBAS JEAN BAPTISTE;;;;590
26860;201500029806;15;1;30;955;1;2;1;2;7;350;253, GAMBETTA LEON RUE;;;;590
26861;201500029807;15;12;7;1345;1;2;2;1;6;350;68, VAUBAN BOULEVARD Nø;M;5063181.0;304601.0;590
26862;201500029808;15;3;12;30;5;2;1;1;6;350;BEETHOVEN AVENUE;M;5061827.0;303261.0;590
26863;201500029809;15;1;30;405;5;2;1;4;6;350;NC, MOSELLE BOULEVARD N?;;;;590
26864;201500029810;15;6;19;1625;1;2;1;1;6;350;92, SOLFERINO RUE N°2 -;M;5063372.0;305000.0;590
26865;201500029811;15;1;30;800;2;2;1;4;2;350;NC, JAVARY RUE;;;;590
26866;201500029812;15;3;25;1230;1;2;1;1;6;368;KOENING RUE DU GENER;;;;590
26867;201500029813;15;1;27;2230;5;2;9;1;3;378;BONPAIN RUE DE L'ABBE;;;;590
26868;201500029814;15;3;28;550;5;2;2;1;3;350;DUNKERQUE de  AVENUE;;;;590
26869;201500029815;15;1;25;2057;5;2;9;2;6;350;NC, LAMBRET OSCAR AVENUE;;;;590
26870;201500029816;15;3;24;920;1;2;2;1;1;350;Rue MARTYRS DE LA RESIST;M;5063288.0;300897.0;590
26871;201500029817;15;2;3;1300;1;2;9;1;3;9;NC, BREUCQ BOULEVARD DU;;;;590
26872;201500029818;15;4;1;1816;1;2;1;1;5;350;170, BRETAGNE AVENUE DE;;;;590
26873;201500029820;15;3;22;2015;2;2;1;1;3;350;ARRAS RUE D;M;5061663.0;306303.0;590
26874;201500029821;15;3;9;1645;1;2;6;1;6;350;NC, DOREZ BARTHELEMY PLA;;;;590
26875;201500029822;15;2;7;1725;1;2;1;1;6;350;783, DUNKERQUE AVENUE DE;;;;590
26876;201500029823;15;3;29;2235;5;2;2;1;3;350;RU FENELON;M;5062988.0;311031.0;590
26877;201500029824;15;2;6;1935;5;2;9;1;4;350;NC, BEETHOVEN AVENUE;;;;590
26878;201500029825;15;4;15;1536;1;2;2;1;6;350;Rue d' ARBRISSEAU;M;5060255.0;305127.0;590
26879;201500029826;15;4;7;1305;1;2;3;1;3;350;CARREL ARMAND RUE;;;;590
26880;201500029828;15;4;9;1930;1;2;7;1;6;350;SOLFERINO RUE N°110 - 20;;;;590
26881;201500029829;15;1;28;2015;5;2;9;1;7;328;NC, HIPPODROME AV DE L N;;;;590
26882;201500029830;15;4;6;1700;1;2;6;1;3;350;PL SIMON VOLLANT;;;;590
26883;201500029831;15;4;22;740;1;1;2;7;3;360;PARE AMBROISE RUE;;;;590
26884;201500029832;15;3;14;220;5;2;1;1;2;378;REPUBLIQUE AV DE LA (N?9;M;5000000.0;300000.0;590
26885;201500029833;15;2;13;1640;1;2;1;1;6;220;FERRER RUE;;;;590
26886;201500029834;15;4;25;310;5;2;1;2;3;350;146 SOLFERINO RUE N°110;M;5063147.0;305408.0;590
26887;201500029835;15;2;14;1515;1;2;1;1;3;350;NC, STRASBOURG PLACE;;;;590
26888;201500029836;15;4;17;1230;1;2;1;1;6;350;02 à 04, CABANIS RUE;M;5063508.0;309286.0;590
26889;201500029837;15;11;16;1840;2;2;1;1;7;350;FAIDHERBE RUE;;;;590
26890;201500029839;15;3;30;1240;1;2;2;1;3;410;BECQUEREL RUE DU;M;5063566.0;309999.0;590
26891;201500029840;15;4;25;2125;5;2;2;1;3;360;LECLERC RUE DU GENERAL;M;5061012.0;302060.0;590
26892;201500029841;15;2;10;920;1;2;1;7;7;328;NC, CHATEUBRIAND RUE;;;;590
26893;201500029842;15;3;17;2100;5;2;1;1;6;350;FLERS RUE;M;5063700.0;309064.0;590
26894;201500029843;15;4;20;1220;1;2;2;1;3;9;IGNORE, DECUGIS YVES RUE;;;;590
26895;201500029844;15;3;23;830;1;2;1;1;6;350;FLANDRES PONT;M;5063755.0;307761.0;590
26896;201500029845;15;5;3;2150;5;2;1;1;6;350;34, ESQUERMES RUE  Nø PA;M;5062430.0;304447.0;590
26897;201500029846;15;4;9;930;1;2;1;1;6;527;IGNORE, LAMBERSART RUE D;;;;590
26898;201500029847;15;3;17;1015;1;2;1;1;6;350;MONTEBELLO BD PAIRS DE 7;M;5062072.0;304714.0;590
26899;201500029848;15;4;6;1955;1;2;2;1;6;350;SANS PEUR RUE JEAN N°1-6;M;5063403.0;306108.0;590
26900;201500029849;15;4;28;1900;1;2;2;1;5;286;NC, VANDERHAGEN ALBERT R;M;5061091.0;298019.0;590
26901;201500029850;15;5;12;1200;1;2;1;1;6;378;44, DELATTRE DE TASSIGNY;;;;590
26902;201500029851;15;9;23;1135;1;2;9;1;6;350;NC, NATIONALE RUE N°2 -;M;5038069.0;3304.0;590
26903;201500029852;15;3;7;1450;1;1;3;1;3;286;42, LOSTES RUE DES;;;;590
26904;201500029853;15;4;23;1630;1;2;2;7;6;350;52, CARNOT SADI BV. NøPA;M;5063955.0;306808.0;590
26905;201500029854;15;5;2;1800;1;2;3;1;3;386;12/14, INDUSTRIELLE AVEN;M;;;590
26906;201500029855;15;5;17;15;5;2;2;1;3;350;LIBERTE BVD N°2 - 90-51;M;5063463.0;305647.0;590
26907;201500029856;15;3;22;45;5;2;2;1;6;350;SOLFERINO RUE N°2  - 108;M;5063622.0;304533.0;590
26908;201500029857;15;4;7;1515;1;1;1;1;3;9;NC, COLBERT RUE;M;5062630.0;318483.0;590
26909;201500029858;15;5;26;1140;1;2;1;1;1;560;nc, RIEUX GERNEZ RUE;M;5054119.0;302705.0;590
26910;201500029859;15;5;21;1935;1;2;3;1;3;350;VAUBAN BOULEVARD N° REST;M;5038105.0;330150.0;590
26911;201500029860;15;5;24;1350;1;2;2;1;6;350;ARRAS RUE D;;;;590
26912;201500029861;15;5;25;700;1;2;1;1;6;378;53 BIS, HENAUX MARCEL RU;;;;590
26913;201500029862;15;10;1;1555;1;2;1;1;6;9;29, BOIS AVENUE DU PONT;;;;590
26914;201500029863;15;6;5;1540;1;1;1;1;1;566;DE LA PHALECQUE E. IMBER;M;5063401.0;297416.0;590
26915;201500029864;15;4;17;1620;1;2;2;1;2;328;HIPPODROME AV DE L Nø237;M;5063941.0;303305.0;590
26916;201500029865;15;6;9;1730;1;2;8;1;3;220;KLEBER RUE;M;5059805.0;306838.0;590
26917;201500029866;15;5;7;2040;2;2;1;1;6;350;IGNORE, CORBUSIER AVENUE;M;;;590
26918;201500029867;15;6;11;320;5;2;1;1;6;368;258, REPUBLIQUE AVENUE D;;;;590
26919;201500029868;15;5;5;1500;1;2;2;7;3;9;TOISON D'OR RUE DE LA;M;5061705.0;313613.0;590
26920;201500029869;15;9;10;1450;1;2;3;1;6;9;CHATELLENIE AVENUE DE LA;;;;590
26921;201500029870;15;5;14;2215;5;2;1;1;6;350;8, COURTOIS RUE;M;4885661.0;235222.0;590
26922;201500029871;15;5;10;2235;5;2;1;1;7;220;357, ARRAS ROUTE D     N;M;5060022.0;305386.0;590
26923;201500029872;15;5;19;1530;1;1;2;1;3;507;CARNOT SADI RUE;;;;590
26924;201500029873;15;10;1;1505;1;2;2;1;6;350;ALSACE BOULEVARD D;M;5061752.0;306366.0;590
26925;201500029874;15;6;14;1330;1;2;1;1;3;9;22, BRIGODE AVENUE DE;M;5062408.0;316138.0;590
26926;201500029875;15;6;11;1410;1;1;2;1;6;360;AVINEE EUGENE AVENUE;;;;590
26927;201500029876;15;9;24;1515;1;2;9;1;4;9;216, JAURES JEAN RUE DU;M;5066855.0;314297.0;590
26928;201500029877;15;7;9;1635;1;2;2;1;3;220;230, JAURES JEAN RUE;M;5060497.0;307425.0;590
26929;201500029878;15;6;4;220;5;2;2;1;3;350;VAUBAN BOULEVARD N° REST;M;5063438.0;304877.0;590
26930;201500029879;15;6;13;2045;1;2;1;1;6;350;LEGRAND PIERRE RUE;;;;590
26931;201500029880;15;6;16;110;5;2;2;1;3;350;TURENNE RUE;;;;590
26932;201500029881;15;6;21;1150;1;2;1;1;2;9;57, FLANDRE AVENUEE DE;M;5066339.0;314223.0;590
26933;201500029882;15;4;17;2310;5;2;1;1;3;350;CARREL ARMAND RUE;M;5061827.0;307333.0;590
26934;201500029883;15;6;5;1505;1;2;1;1;6;350;BLANC LOUIS RUE;;;;590
26935;201500029884;15;6;22;1215;1;2;2;2;6;328;7, CARNOY RUE DE LA N°5;M;5065135.0;302259.0;590
26936;201500029885;15;5;12;1745;1;2;2;1;3;350;DUNKERQUE AVENUE DE;M;5063030.0;303511.0;590
26937;201500029886;15;6;26;2320;5;2;1;1;3;360;IGNOREE, DOUMER PAUL RUE;;;;590
26938;201500029887;15;6;29;2000;1;2;6;1;3;560;BOUVRY ROGER RUE;M;5053450.0;301580.0;590
26939;201500029888;15;6;25;1715;1;2;1;1;3;350;108, MOLINEL RUE NøPAIRS;M;5063347.0;306552.0;590
26940;201500029889;15;6;29;1700;1;2;1;1;3;9;IGNORE, LIBERTE RUE DE L;M;5062650.0;314977.0;590
26941;201500029891;15;7;3;1210;1;2;3;1;3;350;33 BIS, MITTERIE RUE DE;M;5064822.0;299069.0;590
26942;201500029892;15;7;4;2240;5;2;1;1;6;350;149B, HUGO VICTOR  BVD N;M;5062138.0;305941.0;590
26943;201500029893;15;10;28;1710;2;2;1;2;3;350;, LECLERCQ JULES BVD DU;M;5036409.0;301592.0;590
26944;201500029894;15;7;5;2125;2;2;3;1;3;360;MICHEL RUE DU CAPITAINE;M;5060061.0;304616.0;590
26945;201500029896;15;5;27;1735;1;2;2;1;6;350;NC, CORBUSIER AVENUE LE;M;5063972.0;307563.0;590
26946;201500029900;15;7;3;1455;1;1;1;1;1;560;NC, MARTINSART A AVELIN;M;5053986.0;304805.0;590
26947;201500029901;15;9;15;1410;1;2;1;2;6;350;18, JACQUET EUGENE RUE N;M;5063827.0;307716.0;590
26948;201500029902;15;7;20;1348;1;2;2;3;6;328;BOURG RUE DU N°9 AU 109;M;5065138.0;302278.0;590
26949;201500029904;15;7;22;1647;1;2;1;1;2;560;LILLE ROUTE DE;M;5056113.0;303769.0;590
26950;201500029905;15;6;30;1015;1;2;2;1;6;350;67, NATIONALE RUE Nø2 -;M;5063575.0;305972.0;590
26951;201500029906;15;7;26;520;2;2;1;1;6;368;, REPUBLIQUE AVENUE DE L;M;5064561.0;307507.0;590
26952;201500029907;15;7;22;950;1;2;1;1;4;360;67, POTIE GEORGES RUE;M;5061277.0;300269.0;590
26953;201500029908;15;7;16;1800;1;2;1;1;6;350;77, DOUAI RUE;M;;;590
26954;201500029909;15;7;18;1030;1;2;2;1;6;368;224, DE GAULLE RUE DU GE;M;5065767.0;307379.0;590
26955;201500029910;15;7;29;1555;1;2;2;1;3;350;STATIONS RUE Nø RESTE;M;5063097.0;305225.0;590
26956;201500029911;15;6;11;1630;1;2;1;1;6;350;BRETON JULES RUE;M;5060670.0;304551.0;590
26957;201500029912;15;6;18;1445;1;2;2;1;3;350;NC, YERSIN RUE DU DOCTEU;M;5062025.0;305369.0;590
26958;201500029913;15;8;6;1735;1;2;1;1;3;328;BOIS RUE DU;M;5064872.0;304591.0;590
26959;201500029914;15;8;7;230;3;2;1;1;6;350;DEMI LUNE PASSAGE;M;5063474.0;307174.0;590
26960;201500029915;15;8;7;145;5;2;1;1;3;350;VAUBAN BOULEVARD N° REST;M;5063000.0;305170.0;590
26961;201500029916;15;7;15;1425;1;1;3;1;2;9;BREUCQ BOULEVARD DU;M;5063840.0;314243.0;590
26962;201500029917;15;8;13;1040;1;2;3;1;1;220;VERDUN AVENUE DE;M;5059144.0;308475.0;590
26963;201500029918;15;8;2;1710;1;2;2;1;3;350;PHILADELPHIE RUE;M;5063275.0;309783.0;590
26964;201500029919;15;8;15;645;2;1;1;1;3;350;FAUBOURG DE BETHUNE RUE;M;5061756.0;302676.0;590
26965;201500029920;15;7;7;1810;1;2;1;1;6;350;DUBUISSON EMILE BOULEVAR;M;5063125.0;307697.0;590
26966;201500029922;15;8;13;1910;1;2;3;2;6;350;CURIE FREDERIC JOLIOT RU;M;5062111.0;303333.0;590
26967;201500029923;15;7;15;1330;1;2;6;1;6;350;, FEBVRIER JACQUES PLACE;M;5061751.0;306172.0;590
26968;201500029924;15;6;17;1415;1;2;1;1;6;9;TOURNAI BOULEVARD DE;M;5061453.0;313771.0;590
26969;201500029925;15;8;24;2015;1;1;1;3;2;350;217, NATIONALE RUE N°RES;;;;590
26970;201500029926;15;8;12;2100;2;1;1;1;6;220;168, CARNOT RUE;M;5060159.0;306755.0;590
26971;201500029928;15;4;5;1550;1;2;1;1;2;457;LECLERC RUE  DU GENERAL;;;;590
26972;201500029929;15;11;19;1840;5;2;2;2;6;350;FENELON RUE;M;5062990.0;311025.0;590
26973;201500029930;15;9;6;2300;5;2;2;1;3;648;292, CLEMENCEAU RUE;M;5058949.0;305102.0;590
26974;201500029931;15;8;27;1320;1;1;1;8;1;648;2, HUGO VICTOR RUE;;;;590
26975;201500029933;15;8;5;850;2;2;1;1;3;350;10, BELFORT BOULEVARD DE;M;5062195.0;307881.0;590
26976;201500029934;15;9;8;750;1;1;2;1;3;193;0, D. 341;M;5059874.0;300330.0;590
26977;201500029935;15;4;7;840;1;2;1;1;6;350;15, BOHIN RUE DE;M;5063136.0;308800.0;590
26978;201500029936;15;9;12;1745;1;2;1;2;3;350;1044, DUNKERQUE AVENUE D;M;5064438.0;297526.0;590
26979;201500029937;15;8;27;1000;1;2;2;1;6;220;ZOLA EMILE RUE;M;5060831.0;306573.0;590
26980;201500029938;15;9;25;605;2;2;1;1;3;350;VANHOENACKER PLACE;M;5061950.0;306369.0;590
26981;201500029939;15;8;22;1220;1;2;2;1;7;648;20, DE GIRARD RUE PHILIP;M;5060014.0;305185.0;590
26982;201500029941;15;9;24;1720;1;2;1;2;6;527;LAMBERSART RUE DE;M;5065000.0;304000.0;590
26983;201500029942;15;10;10;305;5;2;2;1;3;350;CARNOT SADI RUE;M;;;590
26984;201500029943;15;10;4;1635;1;2;3;1;3;9;, MONS BOULEVARD DE;M;;;590
26985;201500029944;15;10;17;212;5;2;2;2;3;350;TURENNE RUE;;;;590
26986;201500029945;15;10;16;1230;1;2;9;1;3;360;GHESQUIERE HENRI RUE;;;;590
26987;201500029947;15;8;7;910;1;2;1;1;6;350;39, TOURNAI RUE DE;M;5063480.0;307219.0;590
26988;201500029948;15;7;18;1750;1;2;1;1;6;350;74, SAMAIN ALBERT SQUARE;M;5061864.0;304290.0;590
26989;201500029949;15;7;20;645;2;2;2;2;3;350;CORBUSIER AVENUE LE;M;5063950.0;307580.0;590
26990;201500029950;15;10;6;910;1;2;2;1;6;360;LECLERC RUE DU GENERAL;M;5061002.0;302072.0;590
26991;201500029951;15;9;7;1155;1;2;1;1;6;360;2, CLEMENCEAU RUE;M;5061458.0;301092.0;590
26992;201500029952;15;10;15;625;2;1;1;1;3;350;MOSELLE BOULEVARD ° DE 1;M;5062264.0;302895.0;590
26993;201500029953;15;10;18;1035;1;2;1;1;3;648;262, CLEMENCEAU RUE;M;5059041.0;305055.0;590
26994;201500029954;15;9;23;1840;1;2;2;1;3;9;OUEST BOULEVARD DE L;M;5063709.0;312181.0;590
26995;201500029955;15;10;30;2040;5;2;1;1;3;350;STATIONS RUE Nø RESTE;M;5062677.0;304327.0;590
26996;201500029956;15;10;31;430;5;2;4;1;6;350;CORDONNIER AVENUE DE;M;5037170.0;305126.0;590
26997;201500029957;15;8;22;1010;1;2;1;1;6;368;148, SALENGRO ROGER RUE;M;5065504.0;305875.0;590
26998;201500029958;15;7;31;920;1;2;1;1;6;220;ARRAS ROUTE D     N°IMPA;;;;590
26999;201500029960;15;11;2;850;1;2;1;1;2;9;CANTELEU AVENUE DE;;;;590