;Num_Acc;an;mois;jour;hrmn;lum;agg;int;atm;col;com;adr;gps;lat;long;dep
27000;201500029961;15;11;13;1540;1;2;2;3;6;350;LORRAINE BOULEVARD;M;4970000.0;670000.0;590
27001;201500029962;15;11;7;730;5;2;3;8;3;507;38, LESQUIN RUE DE;M;5059760.0;309684.0;590
27002;201500029963;15;10;1;2020;5;2;2;8;3;350;NC, SEGARD NORBERT RUE;M;5063417.0;304539.0;590
27003;201500029964;15;11;22;1740;2;2;7;3;6;350;ALSACE BOULEVARD D;;;;590
27004;201500029965;15;11;12;1010;1;2;1;1;6;350;13, JACQUARD RUE;;;;590
27005;201500029966;15;11;7;1330;1;1;1;1;3;193;GUSTAVE DELORY, RUE;;;;590
27006;201500029967;15;11;20;1825;1;1;1;1;6;9;DE VALMY BOULEVARD;M;5061918.0;312666.0;590
27007;201500029968;15;11;30;830;1;2;1;2;6;560;, DORMOY MARX RUE;;;;590
27008;201500029969;15;11;14;2000;2;2;1;8;6;350;REPUBLIQUE AVENUE DE LA;M;5063920.0;301267.0;590
27009;201500029970;15;12;3;1035;1;1;1;1;6;560;GUISE CHEMIN DE L'ARBRE;;;;590
27010;201500029971;15;11;28;1945;3;1;1;2;3;195;ZONE COMMERCIALE;M;5063394.0;297124.0;590
27011;201500029972;15;11;12;1605;1;2;1;1;6;9;83, DETROY ALEXANDRE RUE;M;5063448.0;312689.0;590
27012;201500029973;15;11;2;815;1;1;3;1;6;360;PARE AMBROISE RUE;;;;590
27013;201500029975;15;12;11;2350;5;1;3;2;3;648;HUGO VICTOR RUE;M;5059026.0;303489.0;590
27014;201500029976;15;12;14;2005;5;2;3;1;3;350;HEGEL RUE;M;5063127.0;302210.0;590
27015;201500029977;15;11;26;1340;1;1;2;1;5;286;LOSTES RUE DES;M;5036116.0;361160.0;590
27016;201500029979;15;12;18;710;5;2;3;1;3;350;07, TURENNE RUE;M;5062901.0;303672.0;590
27017;201500029981;15;12;11;2125;5;2;3;9;3;286;ENGLOS RUE D;M;5063499.0;296493.0;590
27018;201500029982;15;12;23;1930;5;2;1;1;2;560;172, BURGAULT RUE;M;5054608.0;304277.0;590
27019;201500029983;15;12;28;755;5;2;2;1;3;350;FAUBOURG DES POSTES RUE;;;;590
27020;201500029984;15;12;7;1555;2;2;9;1;1;9;VAN GOGH BOULEVARD;M;5062072.0;313150.0;590
27021;201500029985;15;11;7;900;1;2;3;1;6;350;RUE DU PONT A FOURCHON;;;;590
27022;201500029988;15;4;24;725;1;2;3;1;6;392;395Boulevard de l' Europ;M;5027488.0;396842.0;590
27023;201500029989;15;6;8;1634;1;2;1;1;6;392;35 Rue dHautmont;M;5027057.0;395255.0;590
27024;201500029990;15;7;13;2340;5;2;1;1;6;291;143, LOUVROIL (RUE DE);M;5025661.0;393393.0;590
27025;201500029991;15;9;24;1450;1;2;3;1;1;291;25, MARCEL AIME (AVENUE);;;;590
27026;201500029992;15;11;12;1620;1;2;2;1;7;392;25, CORBEAU (RUE DU);;;;590
27027;201500029993;15;12;31;600;5;2;1;1;1;365;6, LANDRECIES (ROUTE DE);;;;590
27028;201500029994;15;2;10;2115;5;2;1;8;1;543;74 rue dHautmont;M;5023583.0;391241.0;590
27029;201500029996;15;2;18;1650;1;2;1;7;6;512;140,  SAINT JEAN  (RUE);M;5068827.0;318222.0;590
27030;201500029997;15;2;18;1745;2;2;1;1;6;163;1, JAURES (RUE JEAN);M;5041192.0;311003.0;590
27031;201500029998;15;2;19;430;5;2;1;1;6;650;CORNEILLE  (RUE);M;5071336.0;318878.0;590
27032;201500029999;15;2;19;1815;5;2;1;1;3;512;36, COMMUNAUTE URBAINE (;M;5042513.0;311039.0;590
27033;201500030000;15;2;19;1930;5;2;1;1;6;163;1, ZOLA (BOULEVARD EMILE;M;5040364.0;311091.0;590
27034;201500030001;15;2;20;2335;5;2;2;2;3;512;1, MOTTE (AVENUE ALFRED);;;;590
27035;201500030002;15;2;22;1610;1;2;1;1;6;512;128, BEAUREWAERT (RUE DE;;;;590
27036;201500030003;15;2;23;1550;1;2;1;1;6;512;LANNOY (RUE DE );;;;590
27037;201500030004;15;2;25;1045;1;2;2;2;6;512;101,  TOURCOING (RUE DE);M;5070275.0;317417.0;590
27038;201500030005;15;2;26;1730;1;2;7;2;2;339;, CARNOT (PLACE SADI);M;5041026.0;317058.0;590
27039;201500030006;15;3;2;945;1;2;1;7;6;512;366, LANNOY (RUE DE );;;;590
27040;201500030007;15;3;2;1140;1;2;2;2;3;512;1, DECREME (RUE);;;;590
27041;201500030008;15;3;4;1350;1;2;2;1;3;512;1, VAN DYCK (RUE);;;;590
27042;201500030009;15;3;4;1518;1;2;2;1;6;512;150, SAINT JEAN  (RUE);;;;590
27043;201500030010;15;3;4;1747;1;2;2;1;6;512;459, GRANDE RUE;M;5069666.0;318778.0;590
27044;201500030011;15;3;6;1145;1;2;1;1;2;650;LIBERTE (BOULEVARD DE LA;;;;590
27045;201500030012;15;3;7;1615;1;1;1;1;4;339;CD 700;M;5068677.0;322622.0;590
27046;201500030013;15;3;8;1945;5;2;2;1;3;512;1, ORAN (RUE D');;;;590
27047;201500030015;15;3;11;1400;1;2;2;1;3;512;FRANCE (RUE DE);;;;590
27048;201500030016;15;3;11;1640;1;2;3;1;3;367;EUROPE (AVENUE DE L');;;;590
27049;201500030017;15;3;15;1215;1;2;2;1;3;646;21, FLANDRE (AVENUE DE);;;;590
27050;201500030018;15;3;15;1640;1;1;1;8;3;367;RD 700;;;;590
27051;201500030019;15;3;15;1839;1;2;1;1;4;339;93, CATTEAU (RUE PIERRE);;;;590
27052;201500030020;15;3;16;1110;1;2;1;1;6;512;84, MAUFAIT (RUE DE;;;;590
27053;201500030021;15;3;16;1955;5;2;3;1;3;512;MOREAU (RUE EMILE);;;;590
27054;201500030023;15;3;17;1345;1;2;1;1;2;598;9, TRIEU DU QUESNOY (RUE;;;;590
27055;201500030024;15;3;18;1720;1;2;1;1;2;512;166 bis, GRANDE RUE;;;;590
27056;201500030025;15;3;18;1830;1;2;2;1;3;512;ALGER (RUE D');;;;590
27057;201500030026;15;3;22;1635;1;2;1;1;5;512;83, LAGACHE (AVENUE JULI;;;;590
27058;201500030027;15;3;23;700;1;2;3;1;6;650;75, CORNEILLE (RUE);;;;590
27059;201500030028;15;3;23;1045;1;2;1;1;6;512;15, PARABOLES (AVENUE DE;;;;590
27060;201500030029;15;3;25;1320;1;2;3;2;3;512;ARMENTIERES (BOULEVARD D;;;;590
27061;201500030030;15;3;26;1330;1;2;1;2;6;512;46, METZ (BOULEVARD DE);;;;590
27062;201500030031;15;3;27;1350;1;2;1;1;6;512;3, LIMITE (RUE DE LA);;;;590
27063;201500030032;15;3;27;2010;4;2;2;1;3;512;DAUBENTON (RUE);;;;590
27064;201500030033;15;3;30;900;1;1;3;1;6;512;1, PARABOLES (AVENUE DES;;;;590
27065;201500030034;15;3;27;710;1;2;3;1;3;512;LYON (BOULEVARD DE);;;;590
27066;201500030035;15;4;3;1235;1;1;1;1;6;339;45, HUGO (RUE VICTOR);;;;590
27067;201500030036;15;4;3;1345;1;2;1;2;3;512;49, CUVIER (RUE);;;;590
27068;201500030037;15;4;7;1445;1;1;1;1;4;650;FRATERNITE (BOULEVARD DE;;;;590
27069;201500030038;15;4;10;1040;1;2;1;1;3;512;1, ROUSSEAU (RUE JEAN JA;;;;590
27070;201500030039;15;4;12;1150;1;1;3;1;6;512;148, LUXEMBOURG (RUE DU);;;;590
27071;201500030040;15;4;12;1820;1;2;6;1;3;646;JAURES (RUE JEAN);;;;590
27072;201500030042;15;4;14;1630;1;1;2;1;3;650;1, MARTINOIRE (RUE DE LA;;;;590
27073;201500030043;15;4;14;1810;1;2;1;1;6;512;NATIONS UNIES (AVENUE DE;;;;590
27074;201500030044;15;4;15;1840;1;2;1;1;6;512;175, DELORY (AVENUE GUST;;;;590
27075;201500030045;15;4;16;1020;1;2;1;1;6;650;572, SAPIN VERT (RUE DU);;;;590
27076;201500030046;15;4;18;1900;1;2;2;1;6;512;2, METZ (BOULEVARD DE);;;;590
27077;201500030047;15;4;18;330;5;1;1;1;6;299;DELACROIX (AVENUE HENRI);;;;590
27078;201500030048;15;4;19;1715;1;2;1;1;2;367;40, CAVROIS (RUE);;;;590
27079;201500030049;15;4;20;950;1;2;1;1;6;650;0, DELVAINQUIERE (PLACE;;;;590
27080;201500030051;15;4;21;1538;1;2;3;1;2;512;12, COLMAR (BOULEVARD DE;;;;590
27081;201500030052;15;4;22;1055;1;2;9;1;6;163;1, GUESDE;;;;590
27082;201500030053;15;4;22;1430;1;2;1;1;6;646;1, MENDES FRANCE (PLACE);;;;590
27083;201500030054;15;4;24;1055;1;2;1;1;6;650;CLE DES CHAMPS  (SENTIER;;;;590
27084;201500030055;15;4;24;1450;1;2;1;1;5;512;0, BOULOGNE (QUAI DE);;;;590
27085;201500030056;15;4;25;1300;1;2;1;1;6;339;41, MICHELET (RUE);;;;590
27086;201500030057;15;4;26;145;5;2;1;1;6;512;60, CAMBRAI (BOULEVARD D;;;;590
27087;201500030058;15;4;28;1130;1;2;9;1;6;650;1, DELECOURT (RUE ALFRED;;;;590
27088;201500030060;15;4;29;1635;1;2;1;1;3;650;33, POILUS (RUE DES);;;;590
27089;201500030061;15;4;30;1310;1;2;2;2;3;512;1, DELORY  (AVENUE GUSTA;;;;590
27090;201500030062;15;4;30;1700;1;2;1;1;6;512;---, LECLERC (BOULEVARD;;;;590
27091;201500030064;15;5;1;1750;1;1;1;1;6;650;45, PHILLIPOT (RUE GEORG;;;;590
27092;201500030065;15;5;2;1320;1;2;1;1;3;650;223, LEERS (RUE DE);;;;590
27093;201500030066;15;5;3;1620;1;2;1;2;2;512;100, MOTTE (AVENUE ALFRE;;;;590
27094;201500030067;15;5;5;1345;1;2;1;1;6;512;NATIONS UNIES (AVENUE DE;;;;590
27095;201500030068;15;5;8;1500;1;2;2;1;3;512;, ORAN (RUE D');;;;590
27096;201500030069;15;5;8;2000;1;2;3;1;6;512;110, ALGER  (RUE D');;;;590
27097;201500030070;15;5;9;815;1;2;1;1;1;650;86, VAILLANT (RUE EDOUAR;;;;590
27098;201500030071;15;5;10;830;1;2;1;1;3;650;109, CARETTE (AVENUE HEN;;;;590
27099;201500030072;15;5;10;1745;1;2;7;1;3;332;BOUCHERS (RUE DES);;;;590
27100;201500030073;15;5;13;900;1;2;2;1;6;512;-, NATIONS UNIES (AVENUE;;;;590
27101;201500030074;15;5;13;1425;1;2;2;1;3;646;1, FLANDRE (AVENUE DE);;;;590
27102;201500030075;15;5;13;1415;1;2;1;1;6;367;1, VERDIERS (RUE DES);;;;590
27103;201500030076;15;5;15;1445;1;1;1;1;3;512;JAURES (AVENUE JEAN);;;;590
27104;201500030077;15;5;15;1730;1;2;3;1;1;512;35, VERDUN (AVENUE DE);;;;590
27105;201500030078;15;5;17;915;1;2;1;1;6;512;COUTEAUX (PONT DES);;;;590
27106;201500030079;15;5;20;1230;1;2;1;1;3;646;GRAND COTTIGNIES (AVENUE;;;;590
27107;201500030080;15;5;21;830;1;2;1;1;6;512;222, DELORY (AVENUE GUST;;;;590
27108;201500030081;15;5;22;1630;1;2;2;1;3;512;NATIONS UNIES (AVENUE DE;;;;590
27109;201500030082;15;5;22;1900;1;2;1;1;6;598;ROUBAIX (RUE DE);;;;590
27110;201500030083;15;5;23;1930;1;2;1;1;6;512;10, COPERNIC (RUE);;;;590
27111;201500030084;15;5;26;1050;1;2;1;1;6;512;59, FOCH (RUE DU MARECHA;;;;590
27112;201500030085;15;5;26;1300;1;2;3;1;6;512;CALMETTE (RUE ALBERT);;;;590
27113;201500030086;15;5;26;1600;1;2;1;1;6;512;64, POTENNERIE (RUE DE L;;;;590
27114;201500030088;15;5;27;1615;1;2;1;1;6;512;NOUVEAU MONDE (RUE DU);;;;590
27115;201500030090;15;5;27;1620;1;2;3;1;1;512;136 AVE LINNE;M;5067851.0;318986.0;590
27116;201500030091;15;5;28;1910;1;2;1;1;6;650;COUTEAU (RUE);;;;590
27117;201500030092;15;5;31;1530;1;2;1;2;3;646;30, REPUBLIQUE (PLACE DE;;;;590
27118;201500030093;15;6;1;1650;1;2;9;1;5;512;LACORDAIRE;;;;590
27119;201500030095;15;6;2;800;1;2;2;1;6;339;SALENGRO (RUE ROGER);;;;590
27120;201500030096;15;6;4;1500;1;2;3;1;3;512;25, BLANCHEMAILLE (RUE D;;;;590
27121;201500030097;15;6;7;1700;1;2;1;1;2;650;MENDES FRANCE (BOULEVARD;;;;590
27122;201500030098;15;6;9;1730;1;2;4;1;3;512;JAURES (AVENUE JEAN);;;;590
27123;201500030099;15;6;12;1110;1;2;1;1;3;512;316, LANNOY (RUE DE);;;;590
27124;201500030100;15;6;14;1830;1;2;2;1;6;512;COLMAR (BOULEVARD DE);;;;590
27125;201500030101;15;6;15;1825;1;1;2;1;6;512;4, LUXEMBOURG (RUE DU);;;;590
27126;201500030102;15;6;15;2225;5;2;1;1;6;512;D, MICHELET (RUE JULES);;;;590
27127;201500030103;15;6;16;1645;1;2;1;1;6;650;CARNOT (RUE);;;;590
27128;201500030104;15;6;19;1930;1;2;1;1;6;512;21, MEESCHAERT (RUE ARMA;;;;590
27129;201500030105;15;6;20;2050;5;2;2;3;3;512;154, MONTGOLFIER (RUE);;;;590
27130;201500030106;15;6;22;1515;1;2;1;2;6;512;282, LANNOY (RUE DE);;;;590
27131;201500030107;15;6;22;2015;1;2;2;1;5;512;NATIONS UNIES (AVENUE DE;;;;590
27132;201500030108;15;6;24;1205;1;2;1;1;6;512;45, REPUBLIQUE (BOULEVAR;;;;590
27133;201500030109;15;6;24;1855;1;1;1;1;3;299;1, GUESDE (RUE JULES);;;;590
27134;201500030110;15;6;26;2100;1;2;3;1;3;512;130, METZ (BOULEVARD DE);;;;590
27135;201500030111;15;6;27;430;5;2;1;1;7;650;108, MONT A LEUX (RUE DU;;;;590
27136;201500030112;15;6;30;1120;1;2;3;1;3;646;21, FLANDRE (AVENUE DE);;;;590
27137;201500030113;15;6;30;1715;1;2;1;1;2;650;100, UNION (RUE DE L');;;;590
27138;201500030114;15;6;30;1710;1;2;1;1;3;650;PATRIOTES (RUE DES);;;;590
27139;201500030115;15;6;30;2010;1;2;1;1;3;367;SCHUMAN (RUE ROBERT);;;;590
27140;201500030116;15;4;8;745;2;2;1;1;6;512;50, BLANCHEMAILLE (RUE D;;;;590
27141;201500030117;15;7;3;840;1;2;1;1;2;512;102, LEBAS (AVENUE JEAN);;;;590
27142;201500030118;15;7;3;1555;1;2;1;1;3;650;127, DELORY (RUE GUSTAVE;;;;590
27143;201500030119;15;7;5;1810;1;2;1;1;6;512;164, LEERS (RUE DE);;;;590
27144;201500030120;15;7;6;1740;1;2;2;1;3;339;PICAVET (RUE DU CAPITAIN;;;;590
27145;201500030121;15;7;7;1400;1;2;1;1;3;650;MENDES FRANCE (BOULEVARD;;;;590
27146;201500030122;15;7;7;1410;1;2;1;1;2;512;, GAMBETTA ( BOULEVARD);;;;590
27147;201500030124;15;7;19;1440;1;2;1;1;6;512;AVELGHEM (RUE D');;;;590
27148;201500030125;15;7;19;1635;1;2;1;1;6;650;30, VILLAS (RUE DES);;;;590
27149;201500030126;15;7;20;1440;1;1;1;1;7;299;D6D;;;;590
27150;201500030127;15;7;20;1240;1;2;1;2;3;299;CLEMENCEAU (BOULEVARD);;;;590
27151;201500030128;15;7;21;845;1;2;1;1;6;512;MOTTE (RUE PIERRE);;;;590
27152;201500030129;15;7;21;1415;1;2;3;8;6;512;50, BELFORT (BOULEVARD D;;;;590
27153;201500030130;15;7;21;1725;1;2;2;1;3;367;VERDIERS (RUE DES);;;;590
27154;201500030132;15;7;23;1155;1;2;1;1;6;512;180, MOTTE (AVENUE ALFRE;;;;590
27155;201500030134;15;7;29;110;5;2;2;1;3;512;ALSACE (AVENUE D');;;;590
27156;201500030135;15;7;29;735;1;1;1;1;6;299;CD 700;;;;590
27157;201500030136;15;7;29;2040;1;2;1;1;3;646;2, SARTRE (AVENUE JEAN P;;;;590
27158;201500030137;15;7;31;845;1;2;2;1;3;512;CHEMIN NEUF  (RUE DU);;;;590
27159;201500030138;15;8;1;15;5;2;2;1;6;512;DELESPAUL (RUE);;;;590
27160;201500030139;15;8;1;1530;1;2;2;1;3;512;LYON (BOULEVARD DE);;;;590
27161;201500030140;15;8;1;1530;1;2;1;1;3;512;226, STRASBOURG (BOULEVA;;;;590
27162;201500030141;15;8;1;2120;2;1;1;1;6;339;CD 700;;;;590
27163;201500030142;15;8;2;1830;1;2;3;1;5;512;66, JAURES (AVENUE JEAN);;;;590
27164;201500030143;15;8;4;1700;1;2;1;1;6;299;ECOLES (RUE DES);;;;590
27165;201500030144;15;8;5;2025;1;2;2;1;1;512;MONTESQUIEU (BOULEVARD);;;;590
27166;201500030145;15;8;7;2110;1;1;1;1;6;299;DELACROIX (AVENUE HENRI);;;;590
27167;201500030146;15;8;8;1700;1;2;1;1;6;512;BRAME (AVENUE JULES);;;;590
27168;201500030147;15;8;11;1330;1;2;1;1;3;650;101, GUESDE (RUE JULES);;;;590
27169;201500030148;15;8;13;2110;5;2;3;2;2;367;56, LEBAS (RUE JEAN BAPT;;;;590
27170;201500030149;15;8;14;1630;1;2;1;1;6;512;LIBERTE (PLACE DE LA);;;;590
27171;201500030150;15;8;15;1315;1;2;1;2;6;367;PAPINERIE (RUE DE LA);;;;590
27172;201500030151;15;8;19;1230;1;2;1;1;6;512;26, DE GAULLE  (BOULEVAR;;;;590
27173;201500030152;15;8;22;1800;1;2;2;1;3;512;101, TOURCOING (RUE DE);;;;590
27174;201500030153;15;8;23;710;1;1;1;1;6;367;104, LECLERC (RUE DU GEN;;;;590
27175;201500030154;15;8;28;1520;1;2;3;1;3;512;26, DAGUESSEAU (RUE);;;;590
27176;201500030155;15;8;28;1730;1;2;1;1;2;512;HOTEL DE VILLE (RUE DE L;;;;590
27177;201500030157;15;8;31;530;5;2;1;1;1;512;JOUFFROY (RUE);;;;590
27178;201500030158;15;8;31;820;1;2;3;1;3;512;DE GAULLE  (BOULEVARD DU;;;;590
27179;201500030159;15;8;28;2050;2;2;1;1;6;339;DE GAULLE (RUE DU GENERA;;;;590
27180;201500030160;15;8;31;1920;1;2;2;9;6;650;UNION (RUE DE L');;;;590
27181;201500030161;15;9;1;1835;1;2;1;1;6;512;80, HOMMELET (RUE DE L');;;;590
27182;201500030162;15;9;3;1135;1;2;2;1;5;512;270, LINNE ( AVENUE);;;;590
27183;201500030163;15;9;3;1825;1;2;1;1;6;512;GAMBETTA ( BOULEVARD);;;;590
27184;201500030164;15;9;4;745;1;2;1;1;1;163;9, CHICAGO (RUE DE);;;;590
27185;201500030165;15;9;4;2250;5;2;2;1;3;512;93, DAUBENTON (RUE);;;;590
27186;201500030167;15;9;6;1135;1;2;1;2;2;163;56, GARE (RUE DE LA);;;;590
27187;201500030168;15;9;7;700;1;2;1;1;6;367;DUBLED (RUE GUSTAVE);;;;590
27188;201500030169;15;9;9;750;1;2;1;1;6;650;186, PATRIOTES (RUE DES);;;;590
27189;201500030170;15;9;10;900;1;1;2;1;6;650;DELORY (RUE GUSTAVE);;;;590
27190;201500030171;15;9;10;1045;1;2;6;1;3;512;SAINT JEAN (RUE);;;;590
27191;201500030172;15;9;11;1240;1;2;6;1;3;367;BERT (AVENUE PAUL);;;;590
27192;201500030173;15;9;11;1745;1;2;2;1;3;299;MONTAIGNE (RUE);;;;590
27193;201500030174;15;9;12;1705;1;2;1;1;3;512;65, STRASBOURG (BOULEVAR;;;;590
27194;201500030175;15;9;14;1450;1;1;1;1;1;299;DELACROIX (AVENUE HENRI);;;;590
27195;201500030178;15;9;16;800;1;2;1;2;6;512;70, LEBAS (AVENUE JEAN);;;;590
27196;201500030179;15;9;16;1910;1;2;2;1;3;512;62, MONTGOLFIER (RUE);;;;590
27197;201500030180;15;9;17;1835;1;2;1;1;1;512;158, HOMMELET (RUE DE L';;;;590
27198;201500030181;15;9;18;39;5;1;1;1;6;339;CD 700;;;;590
27199;201500030182;15;9;18;1330;1;2;2;1;3;512;50, CAMBRAI (BOULEVARD D;;;;590
27200;201500030183;15;9;19;2115;5;2;1;1;6;512;., ALMA (RUE DE L');;;;590
27201;201500030184;15;9;20;1840;1;2;1;1;2;650;EGALITE (BOULEVARD DE L';;;;590
27202;201500030185;15;9;23;1050;1;2;3;1;6;650;69, VALLON (RUE);;;;590
27203;201500030186;15;9;23;1430;1;2;1;1;6;512;1, JACQUARD (RUE);;;;590
27204;201500030187;15;9;24;2120;5;2;2;1;3;512;DAUBENTON (RUE);;;;590
27205;201500030188;15;9;28;1515;1;2;2;1;1;367;PARC DES SPORTS (AVENUE;;;;590
27206;201500030189;15;9;29;1305;1;2;1;1;6;512;185, REIMS (BOULEVARD DE;;;;590
27207;201500030190;15;9;29;1810;1;2;1;1;6;650;STALINGRAD (RUE DE);;;;590
27208;201500030191;15;9;30;1220;1;2;1;1;6;512;DUPUY DE LOME (RUE);;;;590
27209;201500030192;15;10;2;745;1;2;1;1;3;650;PATRIOTES (RUE DES);;;;590
27210;201500030193;15;10;2;1545;1;1;3;1;3;512;DAUBENTON (RUE);;;;590
27211;201500030194;15;10;2;1835;1;2;1;1;6;512;198, GRANDE RUE;;;;590
27212;201500030195;15;10;4;45;5;2;2;1;1;512;101, DELORY  (AVENUE GUS;;;;590
27213;201500030196;15;10;4;2145;5;2;3;1;3;512;MOTTE (AVENUE ALFRED);;;;590
27214;201500030197;15;10;5;1950;5;2;1;2;6;512;1, SAINT JOSEPH (RUE);;;;590
27215;201500030198;15;10;7;1530;1;2;1;1;2;367;3, LECLERC (RUE DU GENER;;;;590
27216;201500030199;15;10;8;145;5;2;1;2;6;650;115-117, MOUSCRON (RUE D;;;;590
27217;201500030200;15;10;8;740;1;2;7;1;6;512;4, TRICHON (PLACE DU);;;;590
27218;201500030201;15;10;10;1525;1;1;1;1;6;646;CARREFOUR (CENTRE COMMER;;;;590
27219;201500030202;15;10;10;1950;3;1;1;1;3;299;CD 700;;;;590
27220;201500030203;15;10;12;1800;1;2;3;1;3;512;LIBERTE (PLACE DE LA);;;;590
27221;201500030204;15;10;13;1440;1;2;2;1;1;650;BRIAND (AVENUE ARISTIDE);;;;590
27222;201500030205;15;10;14;1630;1;2;1;2;3;512;20, BOIS (RUE DU);;;;590
27223;201500030206;15;10;15;1610;1;2;1;2;6;512;LANNOY (RUE DE);;;;590
27224;201500030207;15;10;15;1730;1;2;3;2;3;512;JAURES (AVENUE JEAN);;;;590
27225;201500030208;15;10;16;745;2;2;2;2;3;512;NATIONS UNIES (AVENUE DE;;;;590
27226;201500030209;15;10;22;1030;1;2;1;2;6;339;0, LECLERC (RUE DU MAREC;;;;590
27227;201500030210;15;10;22;1100;1;2;1;2;2;512;60, COLMAR (BOULEVARD DE;;;;590
27228;201500030211;15;10;24;2020;5;2;1;1;1;367;12, LECLERC (RUE DU GENE;;;;590
27229;201500030212;15;10;25;1845;5;2;2;1;3;512;SALENGRO (AVENUE ROGER);;;;590
27230;201500030213;15;10;28;1400;1;2;9;2;2;646;1, MULHOUSE (RUE DE);;;;590
27231;201500030214;15;10;25;1145;1;2;1;1;1;299;DE VLAMINCK (AVENUE MAUR;;;;590
27232;201500030215;15;10;29;1845;3;2;2;8;3;650;1, LERUSTE (RUE);;;;590
27233;201500030216;15;10;30;1200;1;2;1;1;2;367;12, LECLERC (RUE DU GENE;;;;590
27234;201500030217;15;11;1;930;1;2;3;1;3;339;GAND (RUE DE);;;;590
27235;201500030218;15;8;8;2100;1;2;1;1;7;646;CANOTIERS (QUAI DES);;;;590
27236;201500030219;15;11;6;1040;1;2;6;1;3;299;DE GAULLE (AVENUE CHARLE;;;;590
27237;201500030220;15;11;6;2115;3;2;1;8;6;650;ORAN (RUE D');;;;590
27238;201500030222;15;11;9;1600;1;2;3;1;3;650;CASTERMANT (RUE CHARLES);;;;590
27239;201500030223;15;11;12;20;5;2;3;1;1;163;CENTENAIRE (RUE DE LA);;;;590
27240;201500030224;15;11;14;1545;1;2;1;2;6;163;13, GARE (RUE DE LA);;;;590
27241;201500030225;15;11;16;1900;3;1;1;2;5;299;DELACROIX (AVENUE HENRI);;;;590
27242;201500030226;15;11;20;815;1;1;1;1;6;512;42, DUNANT (RUE HENRI);;;;590
27243;201500030227;15;11;23;915;1;2;1;1;5;646;HAUT VINAGE (RUE DU);;;;590
27244;201500030228;15;11;23;945;1;2;1;9;1;650;BOUTILLERIE (RUE DE LA);;;;590
27245;201500030229;15;11;23;1025;1;2;1;1;2;512;114, METZ (BOULEVARD DE);;;;590
27246;201500030230;15;11;24;1545;1;2;1;8;6;512;23, NAIN (RUE);;;;590
27247;201500030231;15;11;25;1830;5;2;1;2;6;512;25, AVELGHEM (RUE D');;;;590
27248;201500030232;15;11;28;1415;1;2;1;1;3;332;1, BOUCHERS (RUE DES);;;;590
27249;201500030233;15;11;27;1600;1;2;3;1;3;163;CREUSOT (RUE DU);;;;590
27250;201500030234;15;11;30;1935;4;1;1;2;6;650;STALINGRAD (RUE DE);;;;590
27251;201500030235;15;12;1;1710;5;2;1;1;1;646;MOLINEL (RUE DU);;;;590
27252;201500030236;15;12;6;945;1;2;1;1;6;646;CARNOT (RUE SADI);;;;590
27253;201500030237;15;12;7;850;1;2;1;1;3;512;49, DE GAULLE  (BOULEVAR;;;;590
27254;201500030238;15;12;9;1415;1;2;1;1;2;650;27, SAINT VINCENT DE PAU;;;;590
27255;201500030239;15;12;9;1415;1;2;1;1;3;299;1, DE GAULLE (AVENUE CHA;;;;590
27256;201500030240;15;12;17;800;2;2;1;1;3;650;, LEBAS (RUE JEAN BAPTIS;;;;590
27257;201500030241;15;12;25;1600;1;2;2;2;3;512;INKERMANN (RUE D');;;;590
27258;201500030242;15;12;26;625;5;2;2;1;3;512;BARBIEUX  (RUE DE );;;;590
27259;201500030243;15;12;29;141;5;2;1;1;6;512;22BIS, JAURES (AVENUE JE;;;;590
27260;201500030244;15;12;31;1220;1;2;2;1;3;512;MICHELET (RUE JULES);;;;590
27261;201500030245;15;1;7;1530;1;2;1;8;1;339;39, SALENGRO (RUE ROGER);;;;590
27262;201500030246;15;1;7;1730;5;2;1;1;6;512;1, LORIENT (QUAI DE);;;;590
27263;201500030247;15;1;8;1555;1;2;2;1;7;512;1, DE GAULLE  (BOULEVARD;;;;590
27264;201500030249;15;1;9;1445;1;2;1;1;6;650;18, DELVAINQUIERE (PLACE;;;;590
27265;201500030250;15;1;8;1530;1;2;1;1;6;512;227, LANNOY (RUE DE);;;;590
27266;201500030251;15;1;13;850;1;2;1;2;3;512;TOURCOING (RUE DE);;;;590
27267;201500030252;15;1;13;1830;5;2;1;2;3;512;1, BEAUREPAIRE (BOULEVAR;;;;590
27268;201500030253;15;1;14;1205;1;2;2;2;5;512;498, LANNOY (RUE DE );;;;590
27269;201500030254;15;1;14;1845;5;2;1;1;6;512;35, COMMUNAUTE URBAINE (;;;;590
27270;201500030255;15;1;15;1400;1;2;2;2;3;512;MOTTE (AVENUE ALFRED);;;;590
27271;201500030256;15;1;16;1900;5;2;1;2;3;512;120, MAUFAIT (RUE DE;;;;590
27272;201500030257;15;1;17;1250;1;2;3;1;3;163;5, JAURES (RUE JEAN);;;;590
27273;201500030258;15;1;20;740;5;2;1;1;6;646;JAURES (RUE JEAN);;;;590
27274;201500030260;15;1;22;900;1;2;1;1;6;512;3, MICHELET (RUE JULES);;;;590
27275;201500030261;15;1;23;1830;3;2;2;1;3;512;ANTOING (RUE D');;;;590
27276;201500030262;15;1;23;1820;5;2;1;1;6;512;FOSSE AUX CHENES (AVENUE;;;;590
27277;201500030263;15;1;24;1135;1;2;1;1;6;163;FONDERIE (RUE DE LA);;;;590