;Num_Acc;an;mois;jour;hrmn;lum;agg;int;atm;col;com;adr;gps;lat;long;dep
27278;201500030265;15;1;26;1510;1;2;2;2;6;512;48, BEAUMONT (RUE DE);;;;590
27279;201500030266;15;1;28;2010;5;2;1;1;6;650;., LIBERTE (BOULEVARD DE;;;;590
27280;201500030267;15;1;30;1800;2;2;3;1;3;512;JAURES (AVENUE JEAN);M;0.0;316354.0;590
27281;201500030268;15;1;31;2115;5;2;2;1;3;650;SAINT VINCENT DE PAUL (R;;;;590
27282;201500030270;15;2;2;745;2;2;2;2;6;512;143, MOTTE (AVENUE ALFRE;;;;590
27283;201500030271;15;2;2;720;2;2;1;9;3;512;176, BEAUREPAIRE  (RUE D;;;;590
27284;201500030272;15;2;6;1230;1;2;1;1;3;512;76, DAUBENTON (RUE);;;;590
27285;201500030273;15;2;8;1145;1;2;1;2;6;512;1, PARABOLES (AVENUE DES;;;;590
27286;201500030274;15;2;8;430;5;2;1;1;6;512;132, LINNE ( AVENUE);;;;590
27287;201500030275;15;2;9;1515;1;2;1;1;6;512;115, DE GAULLE  (BOULEVA;;;;590
27288;201500030276;15;2;13;1545;1;2;1;1;6;512;60, VERDUN (AVENUE DE);;;;590
27289;201500030278;15;2;14;1420;1;2;1;2;6;650;MONT A LEUX (RUE DU);;;;590
27290;201500030279;15;2;16;1657;1;2;1;1;6;526;PARKING NOTRE DAME DES A;M;;;590
27291;201500030280;15;4;18;1500;1;2;1;1;7;526;Ch communale;M;5043780.0;341533.0;590
27292;201500030281;15;4;21;1530;1;2;1;1;6;526;AV D'INTERVILLE;M;5045077.0;343492.0;590
27293;201500030282;15;7;24;1605;1;2;1;1;6;526;ROCADE NORD(A PARTIR RUE;M;5045702.0;343247.0;590
27294;201500030283;15;8;3;1640;1;2;1;1;2;526;RTE DE THERMAL;M;5000000.0;327334.0;590
27295;201500030284;15;9;21;830;1;1;1;1;2;526;ROCADE NORD(JUSQ CROISEM;M;5043585.0;343930.0;590
27296;201500030285;15;11;8;420;3;1;6;8;6;526;CD169A GRISE CHEMISE;;;;590
27297;201500030286;15;11;26;1830;5;2;1;1;6;284;49, JEAN JAURES;;;;590
27298;201500030287;15;12;21;1620;1;2;1;1;6;526;PLACE DE LA GARE;;;;590
27299;201500030288;15;1;13;650;5;2;1;2;6;526;DU 18 JUIN 1940;;;;590
27300;201500030289;15;1;26;740;5;2;2;1;6;526;DU DOCTEUR DAVAINE;;;;590
27301;201500030290;15;2;6;1815;5;2;1;1;6;526;466, HENRI DURRE;;;;590
27302;201500030291;15;1;4;1130;1;2;1;9;6;90;41, SIX (ABBE)29A41;;;;590
27303;201500030292;15;2;16;1335;1;2;1;1;7;508;122,  Rue de Tourcoing;M;5073655.0;312033.0;590
27304;201500030293;15;1;5;1840;5;2;6;1;3;279;LEMIRE (RUE DE L'ABBE);;;;590
27305;201500030296;15;1;6;1700;2;2;1;1;6;599;FAIDHERBE (RUE );;;;590
27306;201500030298;15;1;13;1950;5;2;9;3;6;421;95, CARNOT (BLD)DE 30A46;;;;590
27307;201500030299;15;4;1;2315;5;2;6;1;3;90;SIX (ABBE);M;5071958.0;310944.0;590
27308;201500030300;15;4;7;1820;1;1;1;1;3;599;LILLE RUE DE;M;5072358.0;314747.0;590
27309;201500030301;15;1;19;1615;1;2;3;1;6;599;YSER (RUE DE L');;;;590
27310;201500030303;15;1;21;730;2;2;1;1;6;421;ROUBAIX (RUE DE);;;;590
27311;201500030304;15;4;18;420;5;2;1;1;6;599;114, POUTRAINS RUE DES;;;;590
27312;201500030305;15;1;31;1100;1;2;3;1;3;599;MOUVAUX (RUE DE);;;;590
27313;201500030308;15;4;18;1540;1;1;2;1;6;152;LYS BD DE LA;;;;590
27314;201500030310;15;4;18;2000;1;2;3;1;6;279;10, LIENART RUE DU CARD;;;;590
27315;201500030311;15;2;11;1145;1;2;1;1;3;599;EGALITE (BOULEVARD DE L';;;;590
27316;201500030312;15;4;20;1410;1;1;3;1;3;508;BARBUSSE RUE HENRI;M;5044251.0;81280.0;590
27317;201500030313;15;4;19;1530;1;1;1;1;7;426;RECKEM (RUE DE);M;5075819.0;316963.0;590
27318;201500030314;15;4;21;1315;1;2;3;1;6;599;TIBERGHIEN RUE SIMON;M;5073050.0;316350.0;590
27319;201500030316;15;4;22;1530;1;2;1;1;6;599;LEBAS RUE JB;M;5072463.0;316611.0;590
27320;201500030317;15;4;23;1725;1;2;1;1;6;599;SOISSONS (RUE DE);;;;590
27321;201500030319;15;4;29;1315;1;2;1;1;1;90;LEBAS (RUE JEAN BAPTISTE;;;;590
27322;201500030321;15;5;2;1325;1;2;1;1;6;599;95, EPINE (RUE DE L');;;;590
27323;201500030322;15;5;7;1;5;2;2;1;3;599;46, GUISNES (RUE DE);;;;590
27324;201500030323;15;5;17;1930;1;2;2;1;5;599;GRAMME (CHAUSSEE);;;;590
27325;201500030324;15;5;21;2135;1;2;1;1;2;599;280, EGALITE (BOULEVARD;;;;590
27326;201500030325;15;5;27;1740;1;2;1;1;1;508;235, BARBUSSE (RUE HENRI;;;;590
27327;201500030326;15;6;1;217;5;2;1;8;6;599;LEFRANCOIS (RUE ALFRED);;;;590
27328;201500030327;15;6;6;1700;1;2;1;1;7;508;527, LILLE (RUE DE)MENIN;M;5045310.0;714600.0;590
27329;201500030328;15;6;5;800;1;2;2;1;3;599;FLOCON (RUE DU);;;;590
27330;201500030329;15;6;5;1215;1;2;4;1;6;508;HALLUIN (BOULEVARD D');M;5073949.0;313215.0;590
27331;201500030330;15;6;16;1630;1;2;3;1;6;599;10, AUSTERLITZ (RUE D');;;;590
27332;201500030331;15;6;18;40;5;2;1;2;6;90;38, HESPEL (RUE RENE D');;;;590
27333;201500030332;15;6;21;1830;1;2;3;1;2;599;ALBERT EINSTEIN;;;;590
27334;201500030334;15;7;5;5;5;2;3;1;3;656;42, PERI (RUE GABRIEL);;;;590
27335;201500030335;15;7;10;1300;1;2;1;1;7;421;99, LILLE (RUE DE);;;;590
27336;201500030337;15;7;14;150;5;2;1;1;5;152;FLANDRE (RUE DE);;;;590
27337;201500030338;15;7;4;1730;1;2;6;1;1;90;GAULLE (AVENUE DU GENERA;;;;590
27338;201500030339;15;7;15;2200;2;2;6;1;6;279;168, LYS (RUE DE LA);;;;590
27339;201500030340;15;6;30;2030;2;2;1;1;3;421;LONDRES (RUE DE)2A20-1A9;;;;590
27340;201500030341;15;7;20;700;1;2;1;2;2;599;4, VICTOIRE (PLACE DE LA;;;;590
27341;201500030342;15;7;24;1805;1;2;1;1;6;599;213, GUERRE (RUE FIN DE;;;;590
27342;201500030343;15;7;23;2200;5;2;1;1;6;599;LECLERC (RUE DU MARECHAL;;;;590
27343;201500030344;15;8;3;1600;1;2;1;1;7;599;BAZEILLES (RUE DE);;;;590
27344;201500030345;15;8;6;2010;1;2;1;1;6;599;DUNKERQUE (RUE DE);;;;590
27345;201500030346;15;8;1;1805;1;1;4;1;3;599;FOREST (CHAUSSEE FERNAND;M;5044136.0;315615.0;590
27346;201500030347;15;8;2;1000;1;2;1;1;7;599;184, GAMBETTA (BOULEVARD;;;;590
27347;201500030348;15;8;18;1020;1;2;1;8;6;599;63, LEBAS (RUE JEAN BAPT;M;5072461.0;317080.0;590
27348;201500030349;15;8;20;1750;1;2;1;1;6;599;CANAL (RUE DU);;;;590
27349;201500030350;15;8;25;1920;1;2;1;2;3;599;59, EGALITE (BOULEVARD D;;;;590
27350;201500030351;15;8;30;1700;1;2;3;1;3;599;VERTUQUET (RUE DU);;;;590
27351;201500030352;15;9;3;1420;1;2;3;1;5;599;230, GAND (RUE DE);;;;590
27352;201500030353;15;9;6;615;5;2;2;1;3;599;YSER (RUE DE L');;;;590
27353;201500030354;15;9;8;1510;1;2;1;1;6;599;66, CAIRE (RUE DU);;;;590
27354;201500030356;15;9;23;1425;1;2;1;1;6;279;STADE (AVENUE DU);;;;590
27355;201500030357;15;9;25;725;1;2;2;1;6;599;32, ANVERS (RUE D');;;;590
27356;201500030358;15;9;20;2120;2;2;2;1;3;421;ROUBAIX (RUE DE);;;;590
27357;201500030359;15;9;29;1945;5;2;4;1;6;599;MALCENSE (RUE DE LA);M;5073569.0;316843.0;590
27358;201500030360;15;10;1;1250;1;2;1;1;6;599;ROUGE (RUE DE LA CROIX);;;;590
27359;201500030361;15;10;2;1630;1;2;8;1;6;599;LECLERCQ (RUE DU GENERAL;;;;590
27360;201500030362;15;10;4;1510;1;1;2;1;3;426;RACCORDEMENT (VOIE DE);;;;590
27361;201500030364;15;10;5;1810;1;2;2;1;3;152;boulevard de la lys;M;5075222.0;301355.0;590
27362;201500030365;15;10;22;815;1;2;1;2;6;599;GUERRE (RUE FIN DE LA);;;;590
27363;201500030366;15;10;24;2315;5;2;1;1;6;599;1, MOUSCRON (RUE);;;;590
27364;201500030367;15;10;21;720;2;2;3;1;3;279;LILLE (RUE DE);;;;590
27365;201500030368;15;10;26;1135;1;2;1;1;3;599;415, YSER (RUE DE L');;;;590
27366;201500030369;15;11;5;135;5;2;1;1;6;98;12, GAULLE (PLACE DU GEN;;;;590
27367;201500030370;15;11;10;1410;1;2;3;1;1;508;LILLE (RUE DE)LATERALE A;M;;;590
27368;201500030371;15;11;11;1100;1;2;1;1;6;90;RUE JEAN BAPTISTE LEBAS;;;;590
27369;201500030372;15;11;18;1145;1;2;1;1;2;599;PAPIN (CHAUSSEE DENIS);;;;590
27370;201500030374;15;12;2;110;5;2;2;1;6;508;1, TOURCOING (RUE DE);;;;590
27371;201500030375;15;12;3;1240;1;2;2;1;3;599;VAN DE VEEGAETE (RUE CHA;;;;590
27372;201500030376;15;12;4;1845;5;2;1;1;6;599;BOURGOGNE (RUE DE LA);;;;590
27373;201500030377;15;12;4;1215;1;2;1;1;6;352;CLEMENCEAU (RUE);;;;590
27374;201500030378;15;12;5;1815;5;1;2;1;3;98;LYS (BVD DE LA );;;;590
27375;201500030379;15;11;20;1215;1;2;2;2;2;279;, LEMIRE (RUE DE L'ABBE);;;;590
27376;201500030380;15;12;7;1155;1;1;3;1;3;599;BRUN PAIN (RUE DU);;;;590
27377;201500030381;15;12;7;1615;1;2;3;1;1;426;PURGATOIRE (CARRIERE);M;5075475.0;317347.0;590
27378;201500030383;15;12;3;610;3;1;2;1;3;98;LYS (BVD DE LA );;;;590
27379;201500030384;15;12;9;1700;2;2;1;1;6;421;RAVENNES (RUE DES);;;;590
27380;201500030385;15;12;15;1715;2;2;1;2;6;599;212, LILLE (RUE DE);;;;590
27381;201500030386;15;12;22;1210;1;1;1;1;3;426;VERTUQUET (RUE DU);;;;590
27382;201500030387;15;12;24;1450;1;2;3;1;6;279;23, LILLE (RUE DE);;;;590
27383;201500030388;15;12;28;1350;1;2;1;1;6;599;LEVANT (RUE DU);;;;590
27384;201500030389;15;3;20;1000;1;2;1;1;6;606;7, WATTEAU (BOULEVARD);;;;590
27385;201500030390;15;10;2;200;5;2;1;1;6;606;00, VILLARS (PONT);M;5035961.0;351566.0;590
27386;201500030391;15;12;24;1520;1;2;1;1;6;459;93, BARBUSSE (RUE HENRI);M;5037063.0;348669.0;590
27387;201500030392;15;2;26;2100;3;1;1;2;6;557;Rte départementale;M;5034586.0;357762.0;590
27388;201500030393;15;3;22;1730;1;1;3;1;2;369;00, RD 40;;;;590
27389;201500030394;15;3;30;1650;1;1;1;1;1;207;00, RD 50;;;;590
27390;201500030395;15;3;2;230;5;2;1;1;6;383;00, BARBUSSE (AVENUE HEN;;;;590
27391;201500030397;15;11;12;200;5;2;1;1;6;606;00, ST-AMAND (AVENUE DE);M;5036540.0;351728.0;590
27392;201500030398;15;4;1;1045;1;2;1;1;6;606;00, FROISSART (BOULEVARD;;;;590
27393;201500030399;15;11;30;840;2;2;1;1;6;606;45, VILLARS (AVENUE);M;5035790.0;350883.0;590
27394;201500030400;15;4;19;1905;1;2;2;1;3;564;00, ZONE COMMERCIALE;;;;590
27395;201500030401;15;3;27;1700;1;2;1;1;6;606;00, VILLARS (PONT);;;;590
27396;201500030402;15;12;30;2130;5;2;1;1;6;603;00, RD 59;;;;590
27397;201500030403;15;4;11;1100;1;2;1;1;6;447;150, JAURES (RUE JEAN);;;;590
27398;201500030404;15;12;16;845;1;2;1;1;6;606;00, CARPEAUX (BOULEVARD);M;;;590
27399;201500030406;15;12;16;1240;1;2;1;1;3;447;00, JAURES (RUE JEAN);M;;;590
27400;201500030407;15;3;25;1615;1;2;9;1;1;606;00, ONZE NOVEMBRE (RUE D;;;;590
27401;201500030409;15;5;4;1630;1;2;2;1;6;606;MILHOMME (RUE);;;;590
27402;201500030410;15;5;5;640;2;2;2;1;3;484;85, JAURES (AVENUE JEAN);;;;590
27403;201500030411;15;5;6;2240;3;1;4;1;3;544;RD 935 N;;;;590
27404;201500030412;15;12;3;1130;1;2;6;2;6;14;145, FRANCE (AVENUE ANAT;M;5037008.0;350386.0;590
27405;201500030413;15;5;7;1015;1;2;1;1;6;14;154, FRANCE (AVENUE ANAT;;;;590
27406;201500030414;15;12;24;1915;5;2;2;2;6;32;102, LIBERATION (AVENUE;M;5033336.0;352355.0;590
27407;201500030415;15;3;18;1330;1;2;1;1;2;606;00, DENAIN (AVENUE DE);;;;590
27408;201500030416;15;12;1;1715;2;2;1;1;6;14;00, JAURES (RUE JEAN);M;5036833.0;351177.0;590
27409;201500030417;15;4;15;930;1;2;1;1;3;606;40, LOMPREZ (RUE);;;;590
27410;201500030418;15;12;3;1700;2;2;1;1;3;447;00, JAURES (RUE JEAN);M;5038658.0;360038.0;590
27411;201500030419;15;5;11;1705;1;2;1;1;6;606;52, VILLAS (RUE DU CLOS;;;;590
27412;201500030420;15;5;21;1345;1;2;2;1;1;484;0, JAURES (AVENUE JEAN);;;;590
27413;201500030421;15;5;19;1920;1;2;1;1;6;606;0, LOMPREZ (IMPASSE);;;;590
27414;201500030422;15;4;17;1420;1;2;1;1;6;606;77, HORNE (AVENUE GENERA;;;;590
27415;201500030423;15;4;17;2200;5;2;1;1;1;606;00, HARPIGNIES (BOULEVAR;;;;590
27416;201500030424;15;3;2;1200;1;1;1;2;1;32;00, RD 958;;;;590
27417;201500030425;15;5;13;1420;1;2;1;1;6;79;LEDUC (AVENUE MARGUERITE;;;;590
27418;201500030426;15;5;9;1300;1;2;1;1;6;606;MAGALOTTI (RUE);;;;590
27419;201500030427;15;5;12;1540;1;2;1;1;6;447;BAUDELIERS (CHEMIN DES);;;;590
27420;201500030428;15;5;30;1420;1;2;1;1;6;475;VIAN (RUE BORIS);;;;590
27421;201500030429;15;5;22;1640;1;2;1;1;6;447;DOUMER (RUE PAUL);;;;590
27422;201500030430;15;6;4;830;1;2;1;1;6;606;00, VILLARS (PONT);;;;590
27423;201500030431;15;5;12;1230;1;2;1;1;7;564;80, SALENGRO (RUE ROGER);M;5035194.0;348263.0;590
27424;201500030432;15;5;29;1230;1;2;1;1;6;606;00, QUESNOY (RUE DU);;;;590
27425;201500030433;15;5;26;1220;1;2;1;1;6;606;16, DE LATTRE DE TASSIGN;;;;590
27426;201500030435;15;6;28;650;1;2;2;1;6;14;00, CARNOT (RUE);;;;590
27427;201500030436;15;6;4;1925;1;2;1;1;6;606;00, ALLIES (BOULEVARD DE;M;5036625.0;352416.0;590
27428;201500030437;15;6;12;1030;1;2;1;1;6;544;00, SCHWEITZER (AVENUE);;;;590
27429;201500030438;15;6;27;1900;1;2;1;1;6;475;112, LIEGE (RUE DE);;;;590
27430;201500030439;15;7;18;845;1;2;9;1;3;459;00, MITTERAND (François;;;;590
27431;201500030440;15;8;12;1850;1;2;1;1;3;79;37-39, HUIT MAI 1945 (RU;M;5037975.0;350944.0;590
27432;201500030441;15;8;30;745;2;2;1;1;6;491;142 rue Jean Jaurès;M;5039342.0;347136.0;590
27433;201500030442;15;7;9;1620;1;1;2;1;3;479;00, RD 50;M;5040469.0;361875.0;590
27434;201500030443;15;7;29;1600;1;2;3;1;6;112;00, EUROPE (RUE DE L');M;5039391.0;353497.0;590
27435;201500030444;15;9;4;1810;1;2;1;1;6;447;9, RUE HECTOR BERLIOZ;M;5039919.0;360252.0;590
27436;201500030445;15;7;19;300;5;2;1;2;6;447;26, PARMENTIER (RUE);M;5038336.0;360366.0;590
27437;201500030446;15;8;28;1415;1;2;1;1;6;447;29, JAURES (RUE JEAN);M;5038088.0;358361.0;590
27438;201500030447;15;8;21;2220;5;2;3;1;3;491;00, SALENGRO (RUE ROGER);M;5040152.0;346158.0;590
27439;201500030448;15;9;29;900;1;2;1;1;6;383;96, BARBUSSE (AVENUE HEN;M;5035063.0;354288.0;590
27440;201500030449;15;8;25;20;5;2;1;3;6;606;00, VILLARS (PONT);M;5035938.0;351502.0;590
27441;201500030450;15;9;21;1425;1;2;6;1;2;606;0, DUNKERQUE (AVENUE DE);M;5036561.0;351491.0;590
27442;201500030451;15;7;28;1800;1;2;1;1;6;479;71, PASTEUR (RUE);M;5039527.0;361705.0;590
27443;201500030452;15;8;5;1345;1;2;1;1;6;603;00, RD 88;M;5032550.0;350455.0;590
27444;201500030454;15;10;24;2150;5;2;1;1;3;160;46, DEPORTES (RUE DES);M;;;590
27445;201500030455;15;10;10;1020;1;2;1;1;6;606;8, INCAS (RUE DES);M;5035738.0;352875.0;590
27446;201500030456;15;11;14;2250;3;1;1;1;1;207;RD 935 N;M;5040850.0;357942.0;590
27447;201500030457;15;11;20;1950;2;2;1;2;6;606;22, WATTEAU (BOULEVARD);M;5035530.0;353018.0;590
27448;201500030458;15;9;9;500;3;1;1;5;2;479;00, RD 50;M;5040080.0;363983.0;590
27449;201500030459;15;9;28;1400;1;1;1;1;6;606;00, LOMPREZ (RUE);M;5035577.0;350111.0;590
27450;201500030460;15;9;6;1;5;2;1;1;1;544;27, DURRE (RUE HENRI);M;5037953.0;355173.0;590
27451;201500030461;15;9;9;1630;1;2;1;1;6;606;00, DUBLED (RUE LEON);;;;590
27452;201500030462;15;12;6;500;5;2;1;1;6;491;2, JAURES (RUE JEAN);M;5039200.0;348061.0;590
27453;201500030463;15;10;12;1830;1;2;1;1;6;606;20, DENAIN (AVENUE DE);M;5035608.0;350283.0;590
27454;201500030464;15;10;5;1940;4;2;1;2;6;447;00, JAURES (RUE JEAN);M;5038694.0;360122.0;590
27455;201500030466;15;11;6;1745;5;2;1;2;6;606;00, REPUBLIQUE (PLACE DE;M;;;590
27456;201500030467;15;12;6;1800;2;2;1;1;2;515;47B, NATIONALE (ROUTE);M;5032808.0;344308.0;590
27457;201500030468;15;11;27;1200;1;2;1;1;6;14;00, RAISMES (RUE DE);M;;;590
27458;201500030469;15;11;27;1915;5;2;1;1;6;606;00, CARPEAUX (BOULEVARD);M;;;590
27459;201500030470;15;11;27;1950;5;2;1;1;6;484;00, CRONTE VOYE (RUE);M;;;590
27460;201500030472;15;1;4;2025;5;2;2;1;6;14;00, CARNOT (RUE);;;;590
27461;201500030473;15;1;5;730;5;2;1;9;6;606;00, MONS (RUE DE);;;;590
27462;201500030474;15;1;6;730;2;2;1;1;6;32;00, MOUSSERON (RUE JULES;;;;590
27463;201500030475;15;1;7;1750;5;2;3;8;6;14;10, MATHIEU (RUE PIERRE);;;;590
27464;201500030476;15;1;7;1740;2;2;6;1;6;606;00, SENATEUR GIRARD (AVE;;;;590
27465;201500030477;15;1;7;1730;2;1;9;1;3;613;00, RD 50;;;;590
27466;201500030478;15;1;9;1945;5;2;1;1;6;606;00, WATTEAU (BOULEVARD);;;;590
27467;201500030479;15;1;17;1330;1;2;2;1;6;606;104, VERDUN (AVENUE DE);;;;590
27468;201500030480;15;1;10;1035;1;2;3;1;6;459;00, LELEU (rue Yves);;;;590
27469;201500030481;15;1;21;2120;5;2;1;1;6;383;JAURES (RUE JEAN);;;;590
27470;201500030482;15;1;23;1300;1;2;2;1;6;606;00, SERGENT CAIRNS (AVEN;;;;590
27471;201500030483;15;1;23;1350;1;2;3;1;3;606;00, DENAIN (AVENUE DE);;;;590
27472;201500030484;15;1;26;1130;1;2;1;1;2;606;10, EISEN (BOULEVARD);;;;590
27473;201500030485;15;1;27;1830;5;2;1;1;6;606;41, JOLIMETZ (RUE DU);;;;590
27474;201500030487;15;2;3;2340;5;2;1;1;4;14;234, JAURES (RUE JEAN);;;;590
27475;201500030488;15;2;7;920;1;2;3;1;6;459;0, A23 sens Valenciennes;;;;590
27476;201500030490;15;2;11;1730;1;2;3;1;6;606;00, REIMS (AVENUE DE);;;;590
27477;201500030491;15;2;12;2200;5;2;1;5;5;491;47C, SALENGRO (RUE ROGER;;;;590
27478;201500030492;15;2;11;1900;1;2;1;1;2;14;00, BEAULIEUX (RUE DU SO;;;;590
27479;201500030493;15;2;10;1430;1;2;1;1;4;112;128, JAURES (RUE JEAN);;;;590
27480;201500030494;15;6;13;2100;2;2;3;1;3;112;162 rue de la République;M;4791289.0;720699.0;680
27481;201500030495;15;6;26;2045;2;1;1;1;6;188;;M;4793714.0;706330.0;680
27482;201500030496;15;3;21;905;1;2;1;1;7;43;RD83 PR 17+350;M;4785778.0;724294.0;680
27483;201500030497;15;5;24;815;1;1;1;1;6;156;;M;4790714.0;726095.0;680
27484;201500030498;15;6;17;1145;1;2;2;1;6;315;rue de la marne;M;4788883.0;722747.0;680
27485;201500030499;15;9;12;345;3;1;1;1;6;43;;M;4786875.0;725249.0;680
27486;201500030500;15;10;30;1400;1;1;6;1;3;315;;M;4787351.0;724738.0;680
27487;201500030501;15;5;12;2115;3;1;1;1;2;100;"LIEU-DIT ""LA BARRAQUE""";M;4526690.0;347908.0;430
27488;201500030502;15;5;14;1645;1;1;3;1;3;207;;M;4527730.0;334385.0;430
27489;201500030503;15;7;5;1215;1;1;1;1;6;262;"LIEU-DIT ""VAZEILLES""";;;;430
27490;201500030504;15;8;7;1015;1;1;3;1;1;117;"LIEU-DIT ""LES LANIERS""";M;4524080.0;345317.0;430
27491;201500030505;15;11;8;1300;1;1;1;7;6;207;X;M;4528290.0;335455.0;430
27492;201500030506;15;6;26;1500;1;2;1;1;3;228;LE BOURG;;;;430
27493;201500030507;15;10;25;1445;1;1;3;1;1;189;;M;4529280.0;388319.0;430
27494;201500030508;15;11;1;230;3;1;1;1;1;128;"LIEU-DIT ""LE BOUTON""";M;4535030.0;373770.0;430
27495;201500030509;15;10;8;1500;1;2;1;1;3;194;avenue de villefranche;M;4735300.0;174700.0;410
27496;201500030510;15;10;31;1145;1;1;1;1;3;282;;M;4736754.0;180639.0;410
27497;201500030511;15;11;19;1215;1;1;1;1;7;194;;M;4732882.0;177605.0;410
27498;201500030512;15;4;3;1500;1;1;1;1;1;67;;M;4750900.0;146300.0;410
27499;201500030514;15;4;1;1930;1;1;1;1;6;50;;M;4748500.0;148600.0;410
27500;201500030515;15;4;22;1030;1;1;1;1;3;262;route d'arian;M;4754100.0;151400.0;410
27501;201500030516;15;6;20;2200;2;1;1;1;6;160;;M;4755900.0;157100.0;410
27502;201500030518;15;10;2;1030;1;1;1;1;1;150;;M;4756243.0;143307.0;410
27503;201500030519;15;12;18;2000;3;1;1;1;2;52;;M;4748951.0;135965.0;410
27504;201500030520;15;2;9;1610;1;2;1;1;6;57;12, MARECHAL LECLERC (RU;M;4943380.0;207727.0;600
27505;201500030521;15;9;10;1820;1;1;1;1;6;57;COROT (AVENUE);M;4943005.0;210486.0;600
27506;201500030523;15;12;9;820;2;2;1;1;6;57;1, CHEVALIER (RUE);M;4942805.0;208108.0;600
27507;201500030524;15;1;30;1608;1;1;1;1;6;57;ROUTE DE CREVECOEUR (CD;M;4946666.0;207448.0;600
27508;201500030526;15;1;29;1500;1;2;1;1;6;57;3, WAGE (RUE DU);M;4942896.0;210384.0;600
27509;201500030527;15;5;25;330;5;2;1;1;6;57;PONT D'ARCOLE (RUE DU);M;4942550.0;209157.0;600
27510;201500030528;15;4;10;800;2;2;1;1;6;57;7, WAGE (RUE DU);M;4925236.0;106140.0;600
27511;201500030529;15;4;18;1823;1;1;1;1;6;57;22, MOULIN JEAN (AVENUE);M;4943798.0;209422.0;600
27512;201500030530;15;8;23;1055;1;2;1;1;6;57;JEAN MERMOZ (AVENUE);M;4943635.0;208241.0;600
27513;201500030531;15;3;1;1430;1;2;1;8;3;237;route de lamballe;M;4852596.0;-224861.0;220
27514;201500030532;15;4;15;1815;1;1;1;1;1;209;;M;4858141.0;-212775.0;220
27515;201500030533;15;5;25;315;3;2;1;1;6;172;rue de la madeleine;M;4852341.0;-224013.0;220
27516;201500030535;15;7;9;1415;1;1;1;1;2;209;la cornillet;M;4854546.0;-210398.0;220
27517;201500030536;15;7;11;1615;1;2;3;1;1;172;10 RUE DE LA MADELEINE;M;4852225.0;-223670.0;220
27518;201500030537;15;7;17;1415;1;2;1;1;7;104;LE VIEUX BOURG;M;4839059.0;-221899.0;220
27519;201500030540;15;10;18;1430;1;1;3;1;3;318;;M;4847340.0;-222133.0;220
27520;201500030541;15;10;18;1445;1;1;1;1;6;318;;M;4847351.0;-222155.0;220
27521;201500030542;15;11;9;1530;1;1;3;1;1;209;la Coudraie;M;4855370.0;-216100.0;220
27522;201500030543;15;12;11;1545;1;1;3;1;3;172;;M;4853745.0;-222427.0;220
27523;201500030544;15;1;6;500;3;1;1;1;6;116;;M;4849237.0;-303686.0;220
27524;201500030546;15;4;12;645;2;1;1;1;1;112;Califournie;M;4864331.0;-300213.0;220
27525;201500030547;15;6;7;1015;1;1;1;1;6;121;;M;4863395.0;-297650.0;220
27526;201500030548;15;7;3;745;1;2;6;1;6;177;Lieu-dit kergalet;M;4863451.0;-293964.0;220
27527;201500030549;15;7;7;1945;1;1;1;1;5;361;;M;4859899.0;-295351.0;220
27528;201500030550;15;7;22;1100;1;1;1;1;2;182;;M;4853107.0;-293023.0;220
27529;201500030551;15;8;26;900;1;1;1;2;1;234;;M;4848752.0;-295028.0;220
27530;201500030552;15;9;14;1545;1;1;1;2;6;206;6 hameau de Kerjagu;M;4854289.0;-300067.0;220
27531;201500030553;15;10;8;1700;1;2;1;1;7;304;kerbornic;M;4856596.0;-301776.0;220
27532;201500030554;15;11;15;1645;1;1;1;1;7;206;kergorno;M;4853272.0;-302868.0;220
27533;201500030555;15;12;6;1545;1;1;1;9;7;19;kerimerc'h;M;4858780.0;-298270.0;220
27534;201500030556;15;12;25;2000;3;1;1;2;5;112;la boissière;M;4864150.0;-299905.0;220
27535;201500030557;15;1;6;825;2;1;1;8;6;159;RN 31;M;4942278.0;285241.0;600
27536;201500030558;15;2;20;915;1;2;1;1;6;159;172, PARIS (DE);M;4940490.0;281042.0;600
27537;201500030559;15;1;6;2015;5;2;3;1;5;159;36 RUE D'AMIENS;M;4942326.0;282111.0;600
27538;201500030560;15;4;16;900;1;1;3;7;3;665;LECLERC;M;4941110.0;279763.0;600
27539;201500030561;15;1;9;755;4;2;2;8;6;159;AV. DU MARECHAL JOFFRE;M;4940745.0;282663.0;600
27540;201500030562;15;4;29;1530;1;1;1;1;1;159;ROYALLIEU (AV. DE);M;4940022.0;282007.0;600
27541;201500030563;15;1;26;1645;1;2;6;1;6;382;128, BEAUVAIS (DE);M;4941855.0;281599.0;600
27542;201500030564;15;5;13;1235;1;2;1;1;6;159;TROIS BARBEAUX (DES);M;4941807.0;282382.0;600
27543;201500030565;15;2;3;1055;1;2;6;1;6;159;CROIX-ROUGE (CARREFOUR D;M;4940437.0;281030.0;600
27544;201500030567;15;5;18;935;1;1;1;1;2;665;R.N 131;M;4940814.0;277695.0;600
27545;201500030568;15;2;2;1310;1;2;3;1;3;159;, PIERREFONDS (DE);M;4941478.0;282864.0;600