;Num_Acc;an;mois;jour;hrmn;lum;agg;int;atm;col;com;adr;gps;lat;long;dep
27546;201500030569;15;6;1;1410;1;1;1;1;5;159;Route Nationale 31;M;4941690.0;291103.0;600
27547;201500030570;15;2;5;1445;1;1;1;1;6;159;;M;4939893.0;287303.0;600
27548;201500030571;15;6;18;1415;1;2;1;1;6;159;7, CLERMONT (DE);M;4941880.0;281931.0;600
27549;201500030572;15;2;11;1225;1;1;1;1;6;159;8, ADNOT (HENRI);M;4938418.0;278949.0;600
27550;201500030573;15;7;2;525;1;1;1;1;6;665;6, EUROPE (AVENUE DE L');M;4940926.0;278223.0;600
27551;201500030574;15;2;14;2015;5;2;3;1;3;159;34, SENLIS (DE);M;4939480.0;280331.0;600
27552;201500030575;15;7;1;1815;1;1;1;1;3;665;R.N 31;M;4940858.0;279427.0;600
27553;201500030576;15;7;25;1925;1;1;3;1;3;665;Rue du Marechal LECLERC;M;4940813.0;279222.0;600
27554;201500030577;15;7;28;1145;1;2;1;1;3;159;RU DU DR CALMETTE;M;4940005.0;279384.0;600
27555;201500030578;15;7;30;925;1;2;1;1;6;159;12 RUE DU G. LECLERC;M;4941881.0;282363.0;600
27556;201500030579;15;8;1;1200;1;2;1;1;3;159;4, CLERMONT (DE);M;4942024.0;282122.0;600
27557;201500030580;15;8;8;2010;1;2;6;1;3;159;104 BLD ETATS-UNIS;M;4940873.0;282098.0;600
27558;201500030581;15;8;10;1645;1;1;3;1;3;159;FLANDRES-DUNKERQUE (AV.);M;4938578.0;279633.0;600
27559;201500030582;15;8;10;1715;1;2;3;1;3;159;45, BATAILLON DE FRANCE;M;4942389.0;284034.0;600
27560;201500030583;15;9;8;1145;1;2;1;1;6;159;191 BIS, PARIS (DE);M;4941542.0;282238.0;600
27561;201500030585;15;9;25;1335;1;2;3;1;3;159;JUIN (AV. DU MARECHAL);M;4940717.0;281782.0;600
27562;201500030586;15;10;3;2150;5;2;3;1;3;159;3, SOUS-PREFECTURE (DE L;M;4941665.0;282888.0;600
27563;201500030587;15;10;4;200;3;1;1;1;6;159;Route Nationale 31;M;4942414.0;286249.0;600
27564;201500030588;15;11;6;1730;1;1;3;1;1;665;D 202;M;4942389.0;279913.0;600
27565;201500030589;15;11;10;2205;5;2;3;1;2;159;57, SENLIS (DE);M;4939358.0;280315.0;600
27566;201500030590;15;11;13;1855;5;2;3;1;3;382;987, POINCARE (AV. RAYMO;M;4942837.0;283267.0;600
27567;201500030591;15;12;11;2315;5;1;9;1;6;325;01, Place Jacques TATI;M;4940275.0;277312.0;600
27568;201500030592;15;12;13;1950;5;1;6;1;6;159;;M;4939820.0;287290.0;600
27569;201500030593;15;12;17;750;5;2;6;2;6;159;RUE DE NOYON;M;4942181.0;282162.0;600
27570;201500030594;15;1;8;2045;3;1;1;1;5;175;RD 201 PONT DE L'OISE;M;4924580.0;248555.0;600
27571;201500030595;15;3;9;810;1;2;1;1;6;175;19, PHILIPPE (RUE MARCEL;M;4926046.0;247868.0;600
27572;201500030596;15;1;25;1155;1;2;3;1;7;175;107, JAURES (RUE JEAN);M;4925845.0;246296.0;600
27573;201500030597;15;2;28;1850;2;1;2;1;3;175;0.00, ALLENDE (BOULEVARD;M;4924625.0;247058.0;600
27574;201500030598;15;1;25;1840;5;2;1;1;6;414;VAYER (RUE MAURICE);M;4926080.0;243143.0;600
27575;201500030599;15;5;8;1520;1;2;3;1;3;463;18, DEMAGNEZ (RUE);M;4926991.0;247639.0;600
27576;201500030600;15;2;12;715;3;1;6;5;7;175;RD 201_ROND POINT P.BLAN;M;4924521.0;247551.0;600
27577;201500030601;15;5;20;1520;1;2;1;1;1;175;3, LAGRANGE (RUE LEO);M;4925221.0;246769.0;600
27578;201500030602;15;5;22;1455;1;1;1;1;5;175;RD 201;M;4924575.0;248507.0;600
27579;201500030603;15;6;15;1340;1;2;6;1;6;684;RD 200_NORD;M;4929141.0;250548.0;600
27580;201500030604;15;7;5;35;5;2;1;1;6;463;ALLEE DE TUILERIE;M;4928167.0;246214.0;600
27581;201500030605;15;7;16;1715;1;2;1;1;7;463;GENERAL DE GAULLE (RUE D;M;4927669.0;247002.0;600
27582;201500030607;15;7;26;1720;1;1;1;1;2;175;Pont de l'Oise;M;4925007.0;245786.0;600
27583;201500030608;15;7;19;25;5;2;1;8;6;175;NERVAL (RUE GERARD DE);M;4925062.0;246895.0;600
27584;201500030609;15;8;2;1905;1;2;1;1;6;414;RUE ROGER SALENGRO;M;4926062.0;243016.0;600
27585;201500030610;15;7;6;2020;2;1;1;1;6;175;BLD ALLENDE;M;4924966.0;247435.0;600
27586;201500030611;15;8;19;1612;1;2;1;1;6;463;RUE GENERAL DE GAULLE;M;4864806.0;153292.0;600
27587;201500030612;15;9;1;845;1;2;1;1;6;175;HAVEZ (BOULEVARD GABRIEL;M;4924845.0;247052.0;600
27588;201500030613;15;10;2;1515;1;2;1;1;1;684;NOTAIRE (RUE CHARLES);M;4929154.0;248782.0;600
27589;201500030615;15;9;21;835;1;1;1;1;5;175;RD 1016 PIERRE BLANCHE;M;4924455.0;247487.0;600
27590;201500030616;15;10;16;754;4;2;1;2;6;175;VAUX (ROUTE DE);M;4926236.0;248391.0;600
27591;201500030617;15;11;18;2120;3;1;1;1;6;684;RD 200_NORD;M;4929193.0;250686.0;600
27592;201500030618;15;11;27;1815;5;2;6;2;6;414;MOCQUET (AVENUE GUY);M;4925604.0;242818.0;600
27593;201500030619;15;11;24;1540;1;2;1;2;5;175;201_SORTIE 201_ACCES;M;4924581.0;246739.0;600
27594;201500030620;15;12;11;1457;1;2;1;1;6;463;EUROPE (AVENUE DE L');M;4927309.0;248117.0;600
27595;201500030621;15;12;17;1750;3;1;1;1;2;414;RD 200_SURPLOMB AVEN LIB;M;4925422.0;244605.0;600
27596;201500030622;15;3;15;2345;3;1;1;2;6;11;;M;4399090.0;511537.0;840
27597;201500030623;15;10;1;815;1;1;1;1;5;142;;M;0.0;0.0;840
27598;201500030624;15;10;16;900;1;1;1;1;1;43;;M;4402038.0;492541.0;840
27599;201500030625;15;4;10;1830;1;1;9;1;6;362;;M;0.0;0.0;201
27600;201500030627;15;2;15;315;3;1;1;3;6;214;;M;0.0;0.0;710
27601;201500030628;15;2;28;1615;1;1;1;1;6;79;RD 49;M;0.0;0.0;910
27602;201500030629;15;7;16;1315;1;1;1;1;6;186;;M;0.0;0.0;740
27603;201500030630;15;10;14;1630;1;1;1;8;2;233;;M;0.0;0.0;740
27604;201500030631;15;10;27;2115;3;1;1;2;1;120;;M;0.0;0.0;740
27605;201500030632;15;9;26;2330;5;2;2;1;6;1;1, ALBERT 1ER (RUE);M;4842877.0;8194.0;610
27606;201500030634;15;2;17;1215;1;2;2;1;5;1;KOUTIALA (AVENUE DE;M;4842786.0;7505.0;610
27607;201500030635;15;1;12;1810;5;1;1;1;6;1;121, P. ET M. CURIE;M;4843561.0;10557.0;610
27608;201500030636;15;3;4;1400;1;2;1;1;2;1;SAINT BLAISE (RUE);M;4843366.0;9318.0;610
27609;201500030637;15;3;12;1055;1;2;1;1;2;1;BASINGSTOKE (AVENUE DE);M;4844150.0;9856.0;610
27610;201500030638;15;4;9;1720;1;2;1;1;6;1;32, CLEMENCEAU (COURS);M;4843212.0;8764.0;610
27611;201500030639;15;4;18;1145;1;2;6;1;6;1;149, REPUBLIQUE (BOULEVA;M;4842334.0;8992.0;610
27612;201500030640;15;4;9;1900;1;2;3;1;7;117;13 rue jacques prévert;M;4843131.0;5169.0;610
27613;201500030641;15;5;3;15;5;2;3;2;3;1;114, BRETAGNE (RUE DE);M;4843200.0;7367.0;610
27614;201500030642;15;5;6;755;1;2;1;2;2;1;21, VILLENEUVE (RUE DE);M;4842783.0;7500.0;610
27615;201500030643;15;5;12;1155;1;1;1;1;2;1;87, COURTEILLE ( AVENUE;M;4843309.0;10521.0;610
27616;201500030644;15;5;12;745;1;2;2;1;3;397;KOUTIALA (BOULEVARD);M;4842310.0;8086.0;610
27617;201500030645;15;5;20;1135;1;2;1;1;6;1;1, GUYNEMER (RUE);M;4843888.0;10550.0;610
27618;201500030646;15;5;27;1725;1;2;3;1;3;1;REPUBLIQUE (BOULEVARD DE;M;4842728.0;9310.0;610
27619;201500030647;15;5;18;1115;1;2;7;1;6;1;JEUDI (RUE DU);M;4843084.0;8827.0;610
27620;201500030649;15;5;28;1920;1;1;1;1;6;497;RD 438;M;4845046.0;10013.0;610
27621;201500030650;15;6;5;1855;1;2;6;1;3;1;GENERAL DE GAULLE (PLACE;M;4843416.0;9347.0;610
27622;201500030651;15;6;6;1940;1;2;6;1;3;1;JEAN MANTELET (AVENUE);M;4841816.0;9756.0;610
27623;201500030652;15;6;9;915;1;2;1;1;4;77;FRANCIS CAGNARD (AV DE );M;4844526.0;11167.0;610
27624;201500030653;15;6;11;1555;1;2;3;1;7;1;FRERES NIVERT (RUE);M;4844245.0;8361.0;610
27625;201500030654;15;6;15;1420;1;2;3;1;2;77;FRANCIS CAGNAR (AV  DE );M;4844649.0;11264.0;610
27626;201500030655;15;6;6;600;2;2;1;1;7;1;20, DUCHAMP (BOULEVARD);M;4842925.0;7263.0;610
27627;201500030656;15;6;9;1650;1;2;1;1;6;143;MILIEU (CHEMIN DU );M;4844179.0;7618.0;610
27628;201500030657;15;6;24;1745;1;2;1;1;3;1;27, CLAUDE BERNARD (RUE;M;4843612.0;10163.0;610
27629;201500030658;15;6;28;2145;1;1;6;1;3;497;RN 12 (ROUTE NATIONALE);M;4845731.0;13938.0;610
27630;201500030659;15;7;21;1100;1;2;6;1;3;143;D'ECOUVES (ROUTE);M;4845421.0;8459.0;610
27631;201500030660;15;7;22;1805;1;2;6;1;3;1;GENERAL LECLERC (AVENUE;M;4842236.0;8945.0;610
27632;201500030661;15;7;29;1250;1;2;2;1;1;1;SAINT EXUPERY (RUE);M;4843829.0;10830.0;610
27633;201500030662;15;8;1;1105;1;2;1;1;3;1;27, PIERRE ET MARIE CURI;M;4843571.0;10586.0;610
27634;201500030663;15;8;14;1500;1;2;1;1;6;1;PIERRE ET MARIE CURIE (R;M;4843628.0;10433.0;610
27635;201500030664;15;8;17;1120;1;2;3;1;3;1;CERISE (RUE DE);M;4843545.0;10776.0;610
27636;201500030665;15;8;21;1950;1;1;1;1;1;117;LALEU (RUE DE);M;4842747.0;2558.0;610
27637;201500030666;15;8;25;1645;1;1;3;2;7;143;MONTFOULON (CHEMIN DE);M;4844539.0;5690.0;610
27638;201500030667;15;8;27;1250;1;2;2;3;3;1;MARTIN LUTHER KING ( RUE;M;4842567.0;6314.0;610
27639;201500030668;15;9;10;1455;1;2;1;1;3;1;21, JEAN MANTELET (AVENU;M;4841777.0;10103.0;610
27640;201500030669;15;9;18;1720;1;2;3;2;3;1;D'ARGENTAN (RUE);M;4844654.0;8729.0;610
27641;201500030670;15;9;28;1645;1;2;2;1;1;1;COLBERT (BOULEVARD);M;4843620.0;7743.0;610
27642;201500030671;15;10;3;1445;1;2;1;1;6;1;VILLENEUVE (RUE DE);M;4842862.0;6340.0;610
27643;201500030672;15;10;1;1210;1;2;2;1;6;1;12, PLENITRE (PLACE DU);M;4843006.0;9138.0;610
27644;201500030674;15;10;15;1115;1;2;6;1;7;497;RD 438;M;4845429.0;10033.0;610
27645;201500030675;15;10;16;1420;1;2;1;8;7;1;MARECHAL  DE LATTRE DE T;M;4843015.0;8458.0;610
27646;201500030676;15;10;31;2350;5;2;1;1;7;397;21, GENERAL LECLERC (RUE;M;4842253.0;6554.0;610
27647;201500030677;15;10;30;1835;3;2;1;1;3;117;MOULIN A VENT (RUE DU);M;4843605.0;5756.0;610
27648;201500030678;15;11;27;2240;5;2;2;2;3;1;CERISE (RUE DE);M;4843498.0;10635.0;610
27649;201500030679;15;12;3;1955;5;2;1;1;3;143;PONT DU FRESNE (RUE DU);M;4844337.0;6865.0;610
27650;201500030680;15;12;5;430;3;1;1;5;6;77;PONT DU LONDEAU (RUE DU);M;4845064.0;11839.0;610
27651;201500030681;15;12;13;1800;5;2;1;1;6;1;33, PIERRE ET MARIE CURI;M;4843513.0;10586.0;610
27652;201500030682;15;12;18;1850;5;2;1;1;2;117;17, D'ALENCON;M;4843590.0;4723.0;610
27653;201500030683;15;1;25;1820;5;2;3;1;1;397;ANDRE COUDER (RUE);M;4842363.0;5543.0;610
27654;201500030685;15;3;9;800;1;2;1;1;7;6;39, REPUBLIQUE (RUE DE L;M;4874482.0;-2365.0;610
27655;201500030686;15;4;8;1537;1;2;2;1;3;6;AUCUN, CORDAY (RUE CHARL;M;4873972.0;-1417.0;610
27656;201500030687;15;4;19;1910;1;2;1;1;6;6;5, HUGO (BOULEVARD);M;4873243.0;-2074.0;610
27657;201500030688;15;7;16;1615;1;2;3;1;6;6;1, UROU (ROUTE D') N° 26;M;4874465.0;-747.0;610
27658;201500030689;15;8;13;1930;1;2;1;1;6;6;2, PETITS FOSSES (RUE DE;M;4874912.0;-2444.0;610
27659;201500030690;15;8;22;1420;1;1;1;1;6;6;GOULET (ROUTE DE);M;4874488.0;-3864.0;610
27660;201500030691;15;8;24;1645;1;2;6;3;6;6;BEREGOVOY (RUE PIERRE) C;M;4874924.0;-1422.0;610
27661;201500030692;15;9;30;1035;1;2;7;7;6;6;LATTRE DE TASSIGNY (PLAC;M;4874262.0;-2371.0;610
27662;201500030693;15;11;10;1530;1;2;1;1;6;6;ALMENECHES (ROUTE D') CO;M;4874083.0;-973.0;610
27663;201500030694;15;11;13;740;2;2;6;2;3;6;AUCUN, EXPANSION (BOULEV;M;4873228.0;-3551.0;610
27664;201500030695;15;12;8;625;5;2;1;2;6;6;FORET NORMANDE (AVENUE D;M;4874099.0;-2187.0;610
27665;201500030696;15;12;22;1735;5;2;2;2;6;6;22, PASTEUR (RUE LOUIS);M;4874537.0;-1060.0;610
27666;201500030697;15;1;1;1110;1;2;3;1;3;6;CHAMPAGNExPETITS FOSSES;M;4874907.0;-2645.0;610
27667;201500030698;15;1;15;1815;5;2;1;2;3;6;10, SEES (ROUTE DE);M;4872309.0;-1195.0;610
27668;201500030699;15;2;6;1125;1;2;1;1;6;6;17, CARNOT (BOULEVARD);M;4874024.0;-2467.0;610
27669;201500030700;15;2;21;1445;1;2;3;1;3;391;203, HENRI VENIARD (RUE);M;4875392.0;-56647.0;610
27670;201500030701;15;4;10;1130;1;1;2;1;3;169;LANDES (LES);M;4871846.0;-53819.0;610
27671;201500030702;15;5;7;2324;5;2;6;1;6;169;DOMFRONT (ROUTE DE);M;4873011.0;-57912.0;610
27672;201500030703;15;5;18;1737;1;2;1;1;6;169;48, RICHARD LENOIR (RUE);M;4875086.0;-57363.0;610
27673;201500030704;15;6;23;1500;1;2;3;1;6;169;20, MESSEI (RUE DE);M;4874765.0;-56653.0;610
27674;201500030705;15;7;27;1630;1;2;3;1;1;169;60, FOURNIERE (RUE DE LA;M;4873550.0;-56731.0;610
27675;201500030706;15;12;5;2255;5;2;1;1;7;391;RAINETTE (RUE DE);M;4875852.0;-56988.0;610
27676;201500030707;15;12;15;815;5;2;6;2;6;169;93, BOULE (RUE DE LA);M;4875284.0;-57164.0;610
27677;201500030708;15;1;13;1330;1;2;1;2;6;169;33, BELFORT (RUE DE);M;4874538.0;-56640.0;610
27678;201500030709;15;1;27;1730;1;2;6;1;2;169;TROMPE SOURIS;M;4872997.0;-57906.0;610
27679;201500030710;15;10;3;1245;1;2;6;2;1;90;place René Chevalier;M;4559885.0;-5222.0;160
27680;201500030711;15;10;21;945;1;1;1;1;6;366;;M;4560573.0;-23423.0;160
27681;201500030712;15;11;1;200;3;1;1;1;6;13;Les Rompies;M;4562302.0;-7686.0;160
27682;201500030713;15;11;28;1130;1;1;1;1;6;202;Tambourinour;M;4565607.0;-17190.0;160
27683;201500030714;15;4;10;1600;1;1;2;1;3;373;;M;4597344.0;5576.0;160
27684;201500030715;15;8;3;1630;1;1;1;1;6;409;Fondoume;M;4599692.0;6786.0;160
27685;201500030716;15;9;30;1445;1;1;1;1;5;136;Veillemorte;M;4602700.0;17703.0;160
27686;201500030717;15;1;22;1615;1;1;1;1;7;702;;M;0.0;0.0;20
27687;201500030718;15;6;28;15;3;1;1;1;6;702;;M;0.0;0.0;20
27688;201500030719;15;7;23;1745;1;1;1;1;6;615;;M;0.0;0.0;20
27689;201500030720;15;10;16;1030;1;2;1;1;3;94;Av du Général de Gaulle;M;4608077.0;-108748.0;170
27690;201500030721;15;10;16;2000;3;1;1;1;6;413;;M;4607987.0;-104793.0;170
27691;201500030722;15;10;25;1645;1;2;3;1;3;194;rue du chemin vert;M;4612484.0;-100818.0;170
27692;201500030723;15;10;30;1700;1;2;6;1;3;10;AVENUE EDMONT GRASSET;M;4610753.0;-110516.0;170
27693;201500030724;15;12;2;830;1;2;1;1;3;94;bld georges clemenceau;M;4607089.0;-108159.0;170
27694;201500030726;15;12;19;2030;3;1;1;1;6;315;;M;4613507.0;-99649.0;170
27695;201500030727;15;2;4;1915;3;1;1;1;3;7;;M;4939337.0;238027.0;600
27696;201500030728;15;3;23;1330;1;1;1;1;1;234;;M;4940030.0;242013.0;600
27697;201500030729;15;4;30;1430;1;1;3;2;3;157;;M;4937608.0;241420.0;600
27698;201500030730;15;5;23;830;1;1;1;1;3;34;;M;4944572.0;243683.0;600
27699;201500030732;15;7;13;2030;1;2;1;7;1;454;Rue du général De Gaulle;M;4940592.0;232014.0;600
27700;201500030733;15;9;14;1030;1;2;1;3;1;157;avenue gambetta;M;4938228.0;240460.0;600
27701;201500030734;15;10;5;1700;1;2;1;2;2;157;avenue des déportés;M;4938484.0;241725.0;600
27702;201500030735;15;11;22;330;3;1;1;2;6;8;;M;4942378.0;242021.0;600
27703;201500030736;15;3;5;820;2;2;1;1;3;99;44, JAURES ( JEAN );M;5026340.0;278928.0;620
27704;201500030737;15;4;7;1235;1;2;1;1;6;41;17, TILLEULS ( DES );M;5027487.0;278696.0;620
27705;201500030738;15;4;3;1505;1;2;6;1;3;41;HIPPODROME ( AVENUE DE L;M;5029252.0;274117.0;620
27706;201500030739;15;4;7;815;1;1;1;5;2;764;RD 917;M;5031362.0;277546.0;620
27707;201500030740;15;4;25;1635;1;2;7;1;7;41;HEROS ( PLACE DES );M;5029099.0;277802.0;620
27708;201500030741;15;4;10;805;1;2;1;1;6;41;CHURCHILL ( AVENUE WINST;M;5029896.0;274445.0;620
27709;201500030742;15;4;29;1210;1;2;1;1;3;753;53, BARBOT ( DU GENERAL;M;5030057.0;279819.0;620
27710;201500030743;15;4;21;955;1;2;1;1;7;41;09, FRANCOIS ( RAOUL );M;5028135.0;279362.0;620
27711;201500030745;15;5;11;100;5;2;3;1;6;41;23, BAUDIMONT;M;5029344.0;276689.0;620
27712;201500030746;15;6;3;1800;1;2;7;1;6;41;0, VAUBAN ( BOULEVARD );M;5028639.0;276987.0;620
27713;201500030747;15;7;6;120;5;2;1;1;6;41;0, MEMORIAL DES FUSILLES;M;5028469.0;275602.0;620
27714;201500030748;15;7;3;325;3;2;1;1;6;753;31, PAULHAN;M;5030722.0;281114.0;620
27715;201500030749;15;6;27;1620;1;1;6;1;3;99;0, CURIE ( PIERRE );M;5025532.0;278937.0;620
27716;201500030750;15;7;18;1815;1;2;1;1;7;263;40, BROUSSAIS ( FRANCOIS;M;5028847.0;273831.0;620
27717;201500030751;15;7;12;1800;1;2;1;1;6;41;NOTRE DAME DE LORETTE (;M;5029855.0;276800.0;620
27718;201500030752;15;7;17;2310;3;1;1;1;7;263;RN 25;M;5026127.0;269634.0;620
27719;201500030754;15;7;23;2055;1;2;2;1;3;41;SCHUMAN ( ROBERT );M;5029711.0;277710.0;620
27720;201500030755;15;8;10;1905;1;1;1;1;2;115;RN 25;M;5025542.0;268513.0;620
27721;201500030756;15;9;9;2240;5;2;1;1;6;4;17, SALENGRO ( ROGER );M;5028076.0;276720.0;620
27722;201500030757;15;9;14;1830;1;2;3;1;3;41;COURBET ( PLACE );M;5029172.0;274759.0;620
27723;201500030758;15;9;21;2245;5;2;4;2;6;753;DROITS DE L'HOMME ( AVEN;M;5029610.0;278468.0;620
27724;201500030759;15;8;30;1151;1;2;3;1;7;41;0, TAILLERIE ( DE LA );M;5029144.0;277927.0;620
27725;201500030760;15;10;3;1330;1;2;3;1;2;263;19, ARRAS ( D' );M;5028227.0;272834.0;620
27726;201500030761;15;11;8;1815;5;2;1;1;3;41;62, LOBBEDEZ ( AVENUE FE;M;5028182.0;278030.0;620
27727;201500030763;15;11;21;1645;2;2;1;3;6;764;RD 950;M;5030866.0;279219.0;620
27728;201500030764;15;12;8;1725;5;2;3;8;3;753;0, IMMERCOURT ( AVENUE D;M;5029096.0;280686.0;620
27729;201500030765;15;12;7;745;1;2;1;1;6;41;0, SAINT EXUPERY ( ANTOI;M;5030042.0;274566.0;620
27730;201500030766;15;11;6;1750;2;2;1;8;6;753;0, GERS ( LAURENT );M;5029741.0;280338.0;620
27731;201500030767;15;12;21;1755;3;1;1;2;2;764;RD 917;M;5030583.0;278402.0;620
27732;201500030768;15;1;10;1435;1;1;1;2;3;263;RN 25;M;5027506.0;270783.0;620
27733;201500030769;15;1;14;1000;1;2;1;4;7;764;RD 950;M;5030697.0;279280.0;620
27734;201500030771;15;1;19;900;1;1;1;9;4;263;RN 25;M;5026640.0;270606.0;620
27735;201500030772;15;1;29;920;1;2;3;9;3;99;MITTERRAND FRANCOIS ( AV;M;5025668.0;280311.0;620
27736;201500030773;15;1;21;2010;5;2;1;1;5;41;27B, SCHUMAN ( ROBERT );M;5029731.0;277923.0;620
27737;201500030774;15;2;7;1740;1;2;1;1;7;4;BUCQUOY ( ROUTE DE );M;5027007.0;277432.0;620
27738;201500030775;15;2;12;710;5;2;1;1;7;41;06, CAMBRAI (DE);M;5028758.0;278462.0;620
27739;201500030776;15;6;10;1910;1;2;1;1;6;48;309, RAOUL BRIQUET (RUE);M;5051599.0;246124.0;620
27740;201500030778;15;8;16;2135;2;1;3;1;3;516;CD 943;M;5056879.0;248942.0;620
27741;201500030779;15;9;18;1930;1;1;1;2;3;516;C.D 916;M;5056362.0;246376.0;620
27742;201500030781;15;11;11;210;3;1;1;1;7;516;FERFAY - PLACE DE -;M;5056026.0;247841.0;620
27743;201500030782;15;11;19;915;1;2;1;3;7;48;ROUTE DEPARTEMENTALE 183;M;5051250.0;247492.0;620
27744;201500030783;15;12;24;645;5;2;1;2;1;48;PAIX (BOULEVARD DE LA);M;5050194.0;248025.0;620
27745;201500030784;15;1;3;1720;3;1;1;2;1;188;CD 916;M;5054166.0;245763.0;620
27746;201500030785;15;4;10;1410;1;1;1;1;5;65;RN 17;M;5040846.0;282320.0;620
27747;201500030786;15;4;13;10;5;2;2;1;6;570;16, FOSSE 3 (AVENUE DE L;M;5041844.0;288675.0;620
27748;201500030787;15;4;24;1420;1;2;7;1;6;65;FRANCE (BOULEVARD ANATOL;M;5040052.0;283514.0;620
27749;201500030788;15;5;3;940;1;2;1;2;7;724;1, BRIQUET;M;5040628.0;290775.0;620
27750;201500030789;15;5;9;915;1;2;1;1;3;570;FLOHA;M;5040612.0;286186.0;620
27751;201500030790;15;6;3;1705;1;2;3;1;3;65;MARTEL HENRI( BOULEVARD);M;5039713.0;280894.0;620
27752;201500030791;15;6;14;2345;5;2;2;1;3;570;EGLISE (DE L');M;5041745.0;287933.0;620
27753;201500030792;15;7;3;2345;5;2;2;1;3;724;JOFFRE (DU MARECHAL);M;5040265.0;291111.0;620
27754;201500030793;15;8;24;1945;1;2;2;1;1;65;THUMERELLE ACHILLE;M;5040938.0;281898.0;620
27755;201500030794;15;9;2;2205;5;2;1;2;3;724;6, PERI;M;5039889.0;290724.0;620
27756;201500030795;15;9;9;910;1;2;3;1;3;65;MARTEL HENRI( BOULEVARD);M;5040391.0;281197.0;620
27757;201500030796;15;10;26;1430;1;1;1;1;5;65;RD 917;M;5039650.0;282233.0;620
27758;201500030797;15;11;14;540;5;2;1;1;6;724;D 46;M;5040240.0;291386.0;620
27759;201500030798;15;12;23;1725;5;2;1;1;2;65;18, DEPRET EDOUARD;M;5040856.0;282519.0;620
27760;201500030799;15;12;29;1830;5;1;2;1;5;570;CD 40;M;5039460.0;286496.0;620
27761;201500030800;15;1;3;1015;1;2;3;3;3;65;39, SEMARD PIERRE;M;5041437.0;284286.0;620
27762;201500030801;15;1;9;750;2;2;1;1;7;65;CACHIN MARCEL;M;5040138.0;283440.0;620
27763;201500030802;15;1;14;1800;5;2;1;8;6;65;15, BOVE ALEXANDRE;M;5041378.0;283674.0;620
27764;201500030803;15;2;5;1555;1;1;1;1;1;724;CD 40;M;5039585.0;290718.0;620
27765;201500030804;15;1;27;915;1;2;1;1;7;570;03, MICHELET;M;5040120.0;286563.0;620
27766;201500030806;15;6;10;745;1;2;3;1;3;108;FRANCIS TATTEGRAIN;M;5040471.0;156250.0;620
27767;201500030807;15;12;1;1110;1;2;1;2;1;688;CD940;M;5042973.0;160511.0;620
27768;201500030808;15;12;6;1145;1;2;2;1;6;108;PARIS;M;5040319.0;159237.0;620
27769;201500030809;15;2;2;1830;5;2;1;1;6;108;76, IMPERATRICE;M;5040529.0;156853.0;620
27770;201500030810;15;3;25;1115;1;2;2;1;6;35;275, SAINT VENANT ( RUE;M;5054184.0;262408.0;620
27771;201500030811;15;2;20;1750;1;2;1;3;1;119;36, SAINT EXUPERY ( RUE;M;5053093.0;262914.0;620
27772;201500030812;15;12;2;2005;5;2;6;1;7;119;CD 943;M;5052686.0;262937.0;620
27773;201500030813;15;1;1;1800;5;2;1;1;7;276;150, LENS ( ROUTE DE );M;5051277.0;280690.0;620
27774;201500030814;15;3;11;1500;1;1;1;1;6;863;CD 167 E2;M;5052136.0;277139.0;620
27775;201500030815;15;12;11;1945;5;2;1;3;7;119;743, LILLE ( RUE DE );M;5052464.0;265230.0;620
27776;201500030816;15;4;2;1010;1;1;1;1;6;401;CD 39;M;5048579.0;278828.0;620
27777;201500030817;15;5;19;1655;1;2;1;1;6;119;85, BRUYERES ( RUE DES );M;5052390.0;265683.0;620
27778;201500030820;15;5;15;1915;1;1;6;1;2;836;D 86;M;5049741.0;260872.0;620
27779;201500030821;15;12;24;1745;5;2;1;1;6;119;583, MOULIN ( BOULEVARD;M;5052716.0;263420.0;620
27780;201500030822;15;5;16;1440;1;2;1;1;3;34;RD 941;M;5050924.0;272103.0;620
27781;201500030824;15;5;22;1030;1;2;6;1;6;119;JUIN ( RUE DU MARECHAL;M;5052642.0;263055.0;620
27782;201500030825;15;7;13;1005;1;2;1;1;6;846;153, NATIONALE ( ROUTE );M;5047558.0;274168.0;620
27783;201500030826;15;7;22;1030;1;2;5;1;2;846;REPUBLIQUE ( PLACE DE LA;M;5048759.0;274578.0;620
27784;201500030827;15;7;27;2300;3;1;6;1;6;836;D 86;M;5049745.0;260869.0;620
27785;201500030828;15;8;3;1100;1;2;3;1;3;119;CARLIER ( RUE );M;5053837.0;263598.0;620
27786;201500030829;15;9;14;1830;1;2;3;1;3;262;941 (CD);M;5051339.0;275225.0;620
27787;201500030830;15;9;26;1450;1;2;2;1;3;119;HUGO ( RUE VICTOR );M;5053084.0;264141.0;620
27788;201500030831;15;9;25;1630;1;2;1;1;6;119;HALAGE ( CHEMIN );M;5053801.0;264047.0;620
27789;201500030832;15;9;30;2220;5;2;9;1;7;119;BERTHELOT ( RUE MARCELLI;M;5053152.0;264523.0;620