;Num_Acc;an;mois;jour;hrmn;lum;agg;int;atm;col;com;adr;gps;lat;long;dep
27790;201500030833;15;10;22;1715;1;2;3;1;3;119;BRUAY ( AVENUE DE );M;5051885.0;262122.0;620
27791;201500030834;15;10;9;2315;4;2;6;1;7;276;LONDRES (AVENUE DE);M;5052163.0;281841.0;620
27792;201500030835;15;10;13;1750;1;2;3;8;3;132;ROME;M;5051135.0;285494.0;620
27793;201500030836;15;10;22;1710;1;2;4;1;6;846;38, BRIQUET RAOUL ( RUE;M;5049133.0;274519.0;620
27794;201500030837;15;10;26;1525;1;2;1;1;2;126;MORAT ( RUE JACQUES )PON;M;5053652.0;268775.0;620
27795;201500030838;15;10;26;1945;5;2;3;1;3;119;HUGO ( RUE VICTOR );M;5053224.0;264114.0;620
27796;201500030841;15;1;14;1440;1;1;1;7;3;278;1, CD 72;M;5049576.0;263135.0;620
27797;201500030842;15;1;21;1610;1;2;1;1;3;735;cd 941;M;5051270.0;270118.0;620
27798;201500030843;15;1;16;1100;1;1;6;1;3;126;CD 941;M;5051318.0;268190.0;620
27799;201500030844;15;1;14;830;2;2;1;3;6;119;AIRE ( RUE D' );M;5053900.0;262917.0;620
27800;201500030846;15;1;12;1310;1;1;1;1;6;758;157, DESVRES ( Rue de );M;5072315.0;164131.0;620
27801;201500030847;15;2;26;715;3;2;1;2;6;160;77, VIVIER (Rue du);M;5072660.0;160641.0;620
27802;201500030848;15;1;15;2130;3;2;1;3;6;894;RONVILLE ( Route de la );M;5078452.0;163387.0;620
27803;201500030849;15;3;7;1835;2;2;1;1;7;160;101, EURVIN (Bld);M;5072350.0;161598.0;620
27804;201500030850;15;1;19;1025;1;2;1;1;6;893;183, CARNOT ( Rue );M;5076175.0;160659.0;620
27805;201500030851;15;3;9;1735;1;2;2;8;3;667;33, LOUCHEUR (Rue );M;5071835.0;158761.0;620
27806;201500030853;15;5;4;1910;1;2;1;2;6;160;DAUNOU (Bld);M;5071935.0;160872.0;620
27807;201500030854;15;6;11;1400;1;2;1;1;6;160;85, BREQUERECQUE (Rue de;M;5071736.0;161456.0;620
27808;201500030855;15;6;11;1720;1;2;1;1;6;893;BASTON ( Rue du );M;5077815.0;161840.0;620
27809;201500030856;15;7;7;1330;1;2;1;1;6;160;BRUIX (Rue de l'Amiral);M;5072284.0;160377.0;620
27810;201500030857;15;7;25;1500;1;2;2;1;6;643;4, KENNEDY ( Rue du Prés;M;5070320.0;159450.0;620
27811;201500030858;15;7;17;1500;1;2;8;1;6;160;51, NATIONALE (Rue);M;5072201.0;160759.0;620
27812;201500030859;15;7;17;1910;1;2;1;1;1;160;49, NATIONALE (Rue);M;5072210.0;160710.0;620
27813;201500030860;15;9;11;1615;1;2;1;1;6;667;SAN MARTIN ( Rue du Géné;M;5070974.0;158312.0;620
27814;201500030861;15;9;13;2100;5;2;2;1;1;758;MARLBOROUGH ( Rue de );M;5073451.0;162660.0;620
27815;201500030862;15;10;9;1555;1;1;1;1;6;160;30, PILLONS (Rue du Chan;M;5071872.0;161605.0;620
27816;201500030863;15;10;25;5;5;2;6;2;7;893;1, C.D. 940;M;5076153.0;160654.0;620
27817;201500030864;15;11;14;2240;5;2;6;6;6;643;INDUSTRIEL ( Bld);M;5070309.0;160909.0;620
27818;201500030865;15;11;27;2335;5;2;2;2;3;160;FAIDHERBE (Rue);M;5072625.0;160748.0;620
27819;201500030866;15;11;29;2100;5;2;1;6;6;160;24, VICTOIRES (Rue des);M;5072587.0;160263.0;620
27820;201500030867;15;12;23;1050;1;1;1;1;3;270;LEGAY (RUE DU DOCTEUR CH;M;5047847.0;249022.0;620
27821;201500030868;15;2;20;1500;1;1;1;2;4;270;CD 301;M;5048047.0;248546.0;620
27822;201500030870;15;4;3;700;3;2;4;2;3;178;REPUBLIQUE ( DE LA );M;5048026.0;254378.0;620
27823;201500030871;15;5;15;1400;1;2;1;1;4;178;530, ANATOLE FRANCE;M;5048470.0;255725.0;620
27824;201500030872;15;5;1;1400;1;2;3;1;3;178;107, SALENGRO ( ROGER );M;5047400.0;254394.0;620
27825;201500030873;15;6;4;2330;4;2;3;1;3;270;107, REPUBLIQUE (RUE DE;M;5047925.0;247972.0;620
27826;201500030874;15;6;6;2110;1;2;1;1;2;178;1115, LIBERATION ( AVENU;M;5049403.0;257281.0;620
27827;201500030875;15;7;5;150;5;2;1;1;2;457;BRUAY (ROUTE DE);M;5046506.0;254168.0;620
27828;201500030876;15;7;10;1950;1;2;1;1;6;457;48, MITRY (RUE DU GENARA;M;5045828.0;255152.0;620
27829;201500030877;15;7;18;2345;5;2;1;2;3;178;747, DUSSART ( LOUIS );M;5047748.0;255902.0;620
27830;201500030878;15;8;21;1610;1;2;1;1;1;178;131, BLOT ( GASTON );M;5048210.0;252925.0;620
27831;201500030879;15;8;27;1905;1;2;6;1;3;178;DIVION ( DE );M;5047850.0;254214.0;620
27832;201500030880;15;9;4;1600;1;2;2;1;3;178;TERRE NEUVE;M;5046924.0;255016.0;620
27833;201500030881;15;9;9;1915;1;2;3;1;7;178;DUSSART ( LOUIS );M;5047608.0;255776.0;620
27834;201500030882;15;9;14;900;1;2;2;1;3;178;756, REPUBLIQUE ( DE LA;M;5047754.0;253508.0;620
27835;201500030883;15;10;16;1835;1;2;2;1;3;178;TERRE NEUVE;M;5046925.0;255015.0;620
27836;201500030884;15;11;1;1830;5;1;1;1;2;178;88, AMONT ( D');M;5048187.0;253722.0;620
27837;201500030886;15;11;4;1220;1;2;1;1;2;178;553, REPUBLIQUE ( DE LA;M;5047836.0;253783.0;620
27838;201500030887;15;11;2;1815;5;2;3;1;1;178;SALENGRO ( ROGER );M;5047252.0;254363.0;620
27839;201500030888;15;11;11;2255;5;2;3;1;6;178;CAVEE ( DE LA );M;5048666.0;254069.0;620
27840;201500030889;15;12;4;1830;5;2;3;1;3;400;1054 BIS, ZOLA ( EMILE );M;5046405.0;255954.0;620
27841;201500030890;15;12;2;1610;1;2;1;1;1;178;547, MARMOTTAN ( JULES );M;5048625.0;254279.0;620
27842;201500030892;15;12;16;2340;3;1;1;1;6;270;LEBACQ;M;5046817.0;251181.0;620
27843;201500030893;15;1;25;1640;1;2;1;1;1;178;642, DUSSART ( LOUIS );M;5047803.0;255794.0;620
27844;201500030894;15;2;6;2210;5;2;1;9;6;178;180, FESTEUX ( DES );M;5048795.0;254225.0;620
27845;201500030895;15;11;24;2146;3;1;1;1;6;193;A216;;;;620
27846;201500030896;15;11;5;2015;5;2;2;3;3;193;GERSCHEL (RUE A.);M;5095891.0;184805.0;620
27847;201500030897;15;6;30;1700;1;2;3;1;3;193;ROGER SALENGRO (AVENUE);M;5094517.0;182971.0;620
27848;201500030898;15;3;29;2100;3;1;1;3;6;193;SAINT OMER (ROUTE DE);M;5093533.0;188807.0;620
27849;201500030899;15;12;13;2155;3;1;9;1;6;193;A216;;;;620
27850;201500030900;15;12;12;135;3;2;1;1;6;244;HALAGE (CHEMIN DE);M;5091911.0;188864.0;620
27851;201500030902;15;5;7;2135;5;1;1;1;4;193;A216;M;5097085.0;188214.0;620
27852;201500030903;15;4;4;115;5;2;2;1;3;193;EGALITE (BOULEVARD DE L';M;5094591.0;187908.0;620
27853;201500030904;15;6;23;1040;1;2;1;1;2;774;Route Départementale 940;M;5095889.0;182661.0;620
27854;201500030905;15;12;2;745;5;2;1;1;6;193;COUBERTIN (AVENUE PIERRE;M;5095342.0;183882.0;620
27855;201500030907;15;8;11;1;5;2;1;1;6;193;PLINE;M;5095431.0;187336.0;620
27856;201500030908;15;12;16;1715;3;2;1;1;6;193;GARENNES (RUE DES);M;5096464.0;187929.0;620
27857;201500030909;15;5;22;1220;1;2;2;1;3;193;ST EXUPERY (AVENUE);M;5094642.0;189778.0;620
27858;201500030910;15;6;5;1850;1;2;2;1;3;193;VINGT NEUF JUILLET (RUE;M;5094307.0;184770.0;620
27859;201500030911;15;8;9;1105;1;2;3;1;3;193;Rue CHENIER;M;5093894.0;187314.0;620
27860;201500030912;15;7;23;1640;1;2;7;1;2;193;NORVEGE (PLACE DE);M;5095677.0;185687.0;620
27861;201500030913;15;8;8;1540;1;1;1;1;1;774;R.D.940;M;5093396.0;172464.0;620
27862;201500030914;15;10;27;37;5;1;1;1;6;244;SAINT-OMER (ROUTE DE);M;5091519.0;192001.0;620
27863;201500030915;15;10;8;2025;5;2;1;1;6;193;LILLE (RUE DE);M;5093783.0;185954.0;620
27864;201500030916;15;11;26;1415;1;2;1;1;2;193;TOUMANIANTZ (AVENUE);M;5095282.0;188478.0;620
27865;201500030917;15;10;13;745;1;2;1;3;1;193;BEAU MARAIS (rue du);M;5094492.0;191080.0;620
27866;201500030918;15;12;11;515;3;2;2;9;2;193;JACQUARD (BOULEVARD);M;5095169.0;185344.0;620
27867;201500030919;15;1;22;1233;1;2;2;1;3;193;BEAU MARAIS (rue du);M;5094415.0;189823.0;620
27868;201500030920;15;1;31;1700;1;1;1;1;6;193;A216;;;;620
27869;201500030921;15;2;2;840;1;2;1;1;6;548;avenue de Calais;M;5094745.0;193644.0;620
27870;201500030922;15;2;2;930;1;2;1;9;6;193;128, VICTOR HUGO (BOULEV;M;5094283.0;187240.0;620
27871;201500030923;15;2;23;1800;2;2;2;2;3;193;BEAU MARAIS (rue du);M;5094372.0;188768.0;620
27872;201500030924;15;1;2;1000;1;2;2;1;3;215;SANS, JAURES (PL. JEAN);M;5049351.0;295714.0;620
27873;201500030925;15;1;15;820;2;2;1;8;6;637;SANS, LAGRANGE (R LEO);M;5046694.0;299707.0;620
27874;201500030926;15;2;7;1530;1;2;2;1;3;215;SANS, REPUBLIQUE (AV. DE;M;5049234.0;296392.0;620
27875;201500030927;15;1;17;1000;1;2;1;1;6;33;SANS, MATTEI (R JOSEPH);M;5045968.0;288326.0;620
27876;201500030928;15;1;21;850;1;2;2;1;3;624;0, REPUBLIQUE (AVE DE LA;M;5041633.0;297704.0;620
27877;201500030929;15;2;9;2050;5;1;2;1;3;249;FERRY (R JULES);M;5040778.0;301117.0;620
27878;201500030930;15;2;8;2155;3;1;1;9;1;351;SANS, BEUGNET (R CASIMIR;M;5043627.0;292423.0;620
27879;201500030931;15;2;6;1115;1;2;6;1;3;351;0, OUSSEKINE (R MALIK);M;5042741.0;292054.0;620
27880;201500030932;15;12;5;1945;5;2;1;1;6;573;82, GUESDE (R JULES);M;5049738.0;288703.0;620
27881;201500030934;15;2;22;1940;2;2;1;1;3;186;., ALSACE (BD D');M;5044188.0;273293.0;620
27882;201500030935;15;11;1;1755;2;2;1;1;6;274;2, HOCHE (R );M;5043213.0;298994.0;620
27883;201500030936;15;12;20;1830;2;1;9;1;6;427;454, PERI (BD GABRIEL);M;5041960.0;293836.0;620
27884;201500030937;15;12;31;1755;5;2;1;1;6;427;SANS, SCHWEITZER ALBERT;M;5041641.0;297688.0;620
27885;201500030938;15;2;27;1355;1;2;1;1;1;274;COURRIERES (rte de);M;5043102.0;295435.0;620
27886;201500030939;15;10;9;1215;1;2;1;1;6;624;22, FERRY (R JULES);M;5042025.0;299705.0;620
27887;201500030940;15;2;27;1845;2;2;1;1;2;250;SANS, HENIN (RTE D');M;5044885.0;294397.0;620
27888;201500030941;15;12;23;1820;1;2;1;1;7;510;., HUGO (R VICTOR);M;5041666.0;276666.0;620
27889;201500030943;15;11;25;1715;1;2;1;1;7;186;sans, MARCHE (R FERNAND);M;5026000.0;242000.0;620
27890;201500030945;15;11;21;1700;1;2;1;3;7;186;58, BRASME (R FRANCOIS);M;5043333.0;271666.0;620
27891;201500030946;15;3;3;2146;5;2;1;1;5;510;., DELEBECQUE (R GERMAIN;M;5043446.0;277181.0;620
27892;201500030947;15;3;12;2140;5;2;1;1;3;523;122, SPAS (R);M;5045299.0;285056.0;620
27893;201500030949;15;4;12;2045;2;2;1;1;1;386;., LAMENDIN (R ARTHUR);M;5045596.0;274444.0;620
27894;201500030950;15;3;7;650;1;2;9;1;1;351;0, SALENGRO (R ROGER);M;5041982.0;289587.0;620
27895;201500030952;15;3;4;1615;1;2;1;1;6;413;1, FOSSE (AV. DE LA);M;5044481.0;288068.0;620
27896;201500030953;15;11;11;1530;1;2;1;1;1;510;., DELEBECQUE (R GERMAIN;M;5043286.0;277233.0;620
27897;201500030954;15;4;8;1515;1;2;3;1;3;215;SANS, ANNOEULLIN (ROUTE;M;5050672.0;294871.0;620
27898;201500030955;15;3;17;1650;1;2;1;1;6;249;10, PRESSENCE (R FRANCIS;M;5041718.0;301818.0;620
27899;201500030957;15;12;5;815;1;1;1;1;6;510;52, HUGO (R VICTOR);M;5041930.0;278061.0;620
27900;201500030958;15;3;22;300;5;2;1;8;6;427;COURRIERES (RTE DE;M;5043758.0;294831.0;620
27901;201500030959;15;10;11;1625;1;2;6;1;2;498;sans, ARRAS (RTE  D');M;5042036.0;282018.0;620
27902;201500030960;15;5;4;2020;1;2;2;2;3;628;SANS, CARVIN (R DE);M;5042862.0;287703.0;620
27903;201500030961;15;4;26;1345;1;2;1;1;3;427;114, PASTEUR (R );M;5041805.0;294696.0;620
27904;201500030963;15;4;3;2130;2;1;9;1;3;624;46, CENTRE COMMERCIAL AU;M;5041124.0;297886.0;620
27905;201500030964;15;5;17;1300;1;1;3;1;3;250;SANS, OIGNIES (RTE D');M;5046413.0;296633.0;620
27906;201500030965;15;4;30;1050;1;2;1;1;2;624;09, BRETON (R);M;5042589.0;299624.0;620
27907;201500030966;15;5;21;1315;1;2;1;1;3;510;0, LIBERTE (R DE LA);M;5043785.0;277497.0;620
27908;201500030967;15;5;2;1540;1;2;1;1;2;510;0, TASSIGNY (R DU MAL. D;M;5041554.0;276476.0;620
27909;201500030968;15;4;25;940;1;1;9;1;3;624;43, CENTRE COMMERCIAL AU;M;5041124.0;297889.0;620
27910;201500030969;15;4;24;1120;1;2;9;1;3;133;00, ROUVROY (R DE);M;5041109.0;291120.0;620
27911;201500030970;15;6;5;1155;1;2;1;1;2;624;00, REPUBLIQUE (AVE DE L;M;5041160.0;299608.0;620
27912;201500030971;15;3;12;1040;1;2;1;1;6;249;SANS, ZOLA (Rue EMILE);M;5042011.0;301530.0;620
27913;201500030972;15;5;13;1215;1;2;1;1;6;413;27, DRUON (R SAINT );M;5044888.0;291216.0;620
27914;201500030973;15;6;11;830;1;2;1;1;6;895;ROLLAND (R ROMAIN);M;5049647.0;286403.0;620
27915;201500030974;15;6;12;1610;1;2;1;1;3;510;., LECLERC (AV DU MARECH;M;5042302.0;276241.0;620
27916;201500030975;15;5;30;1100;1;2;1;1;7;186;1, RHIN ET DANUBE (R );M;5045559.0;271743.0;620
27917;201500030976;15;6;7;1850;1;1;1;1;4;19;RD 301;M;5043475.0;270744.0;620
27918;201500030978;15;5;29;1145;1;2;2;1;3;498;MICHEL (R LOUISE;M;5044984.0;281810.0;620
27919;201500030979;15;6;16;1400;1;2;1;1;6;498;11, ARTISANAT (R DE L');M;5044076.0;280563.0;620
27920;201500030980;15;6;13;1300;1;2;3;1;5;907;408, EPINOY (CITE DU BOI;M;5048623.0;299606.0;620
27921;201500030981;15;6;29;2140;1;2;2;1;1;498;sans, OEILLETS (R DES);M;5043782.0;280481.0;620
27922;201500030982;15;6;27;1925;1;1;1;1;5;215;8, LENS (RTE DE);M;5047561.0;292442.0;620
27923;201500030983;15;6;16;1045;1;2;4;1;6;215;871, COURRIERES (RTE DE);M;5047234.0;294073.0;620
27924;201500030984;15;4;9;1725;1;2;6;1;1;427;37, PRUVOST (R LEON);M;5042158.0;295588.0;620
27925;201500030985;15;6;22;945;1;2;1;1;1;427;SANS, LEGRAND (R OCTAVE;M;5042477.0;295432.0;620
27926;201500030986;15;6;28;2200;5;2;1;1;3;771;28, SEVERINE (R);M;5042207.0;285393.0;620
27927;201500030987;15;7;16;2000;1;2;2;1;3;498;sans, VOLTAIRE (R);M;5042753.0;283573.0;620
27928;201500030988;15;7;18;1145;1;2;6;1;3;427;SANS, PERI (BD GABRIEL);M;5041949.0;294453.0;620
27929;201500030989;15;7;9;935;1;2;1;1;2;133;sans, REPUBLIQUE (AV. DE;M;5041980.0;291396.0;620
27930;201500030991;15;7;23;1425;1;2;1;1;6;498;44, ARRAS (RTE  D');M;5042388.0;282024.0;620
27931;201500030992;15;6;13;1445;1;2;4;1;1;771;., FER (R DU CHEMIN DE);M;5041597.0;287648.0;620
27932;201500030993;15;6;26;2145;1;2;1;1;3;510;153, DEFERNEZ (R JEAN BA;M;5042137.0;277890.0;620
27933;201500030994;15;6;21;1945;1;2;1;1;6;895;148, LAMPIS (R RAYMOND);M;5048502.0;285174.0;620
27934;201500030995;15;5;20;2055;1;2;2;1;3;321;SANS, JAURES (R JEAN );M;5043240.0;304308.0;620
27935;201500030996;15;7;16;1155;1;2;3;1;6;133;10, FUSILLES (R );M;5041572.0;291247.0;620
27936;201500030997;15;8;1;540;2;1;1;1;1;528;., BETHUNE (RTE DE);M;5045874.0;277340.0;620
27937;201500030998;15;8;4;1130;1;2;1;1;7;510;0, DEFERNEZ (R JEAN BAPT;M;5042098.0;277778.0;620
27938;201500030999;15;7;14;20;3;1;1;1;6;351;PENETRANTE ROCADE;M;5043332.0;292189.0;620
27939;201500031000;15;6;23;1915;1;2;1;1;7;528;BLUM (R LEON);M;5044710.0;278855.0;620
27940;201500031001;15;8;18;1800;1;1;1;2;6;842;ZONE COMMERCIALE CORA LE;M;5046160.0;282505.0;620
27941;201500031002;15;8;9;1130;1;1;1;1;3;215;ENNECOURT (CH D');M;5049249.0;298615.0;620
27942;201500031004;15;8;15;1335;1;2;2;1;3;250;SANS, JAURES (R JEAN);M;5045756.0;294688.0;620
27943;201500031005;15;8;1;2120;1;2;1;1;7;523;sans, LILLE (RTE DE);M;5044554.0;286002.0;620
27944;201500031006;15;8;25;1135;1;2;3;1;3;771;VAILLANT (R EDOUARD);M;5041974.0;287262.0;620
27945;201500031008;15;6;30;1350;1;2;9;1;6;427;0, BRANDT(BD Willy);M;5042428.0;294908.0;620
27946;201500031009;15;7;4;410;5;2;1;1;6;427;DELORY (R GUSTAVE );M;5040397.0;294005.0;620
27947;201500031010;15;7;15;1535;1;2;9;1;6;133;129, REPUBLIQUE (AV. DE;M;5041989.0;291096.0;620
27948;201500031011;15;9;5;1455;1;1;9;1;4;427;0, THOMAS (BD EUGENE );M;5039559.0;297319.0;620
27949;201500031012;15;8;3;1950;1;2;1;1;7;510;., DESCARTES (R );M;5041415.0;276988.0;620
27950;201500031013;15;8;23;235;5;2;1;1;6;427;185, rue LAENNEC (Docteu;M;5043215.0;294594.0;620
27951;201500031014;15;6;30;1840;1;2;1;1;6;427;THOMAS (BD EUGENE );M;5039916.0;296818.0;620
27952;201500031015;15;8;18;1800;1;1;1;1;6;413;SANS, VERMELLES (CHE. DE;M;5044901.0;289551.0;620
27953;201500031016;15;7;23;2025;1;2;1;1;3;895;58, COUPIGNIES (R DE LA);M;5049443.0;284474.0;620
27954;201500031017;15;5;16;1700;1;2;1;1;2;498;178, BETHUNE (RTE DE);M;5043635.0;281559.0;620
27955;201500031019;15;10;2;1850;2;2;1;1;3;186;., SAGNOL (R MACEL);M;5044220.0;271196.0;620
27956;201500031020;15;7;18;1350;1;2;1;1;6;427;212, MONTPENCHER (R);M;5042224.0;294801.0;620
27957;201500031021;15;10;7;2140;5;2;4;1;1;427;NATIONS (BD. DES);M;5042862.0;294146.0;620
27958;201500031022;15;10;19;1350;1;1;9;1;3;587;0, CD 46;M;5043133.0;292205.0;620
27959;201500031023;15;9;26;1120;1;2;1;1;6;624;12, MUSSET (R);M;5042279.0;299929.0;620
27960;201500031024;15;8;20;1405;1;2;1;1;2;133;129, REPUBLIQUE (AV. DE;M;5041988.0;291114.0;620
27961;201500031025;15;10;5;1923;3;1;1;2;4;842;sans, RN 47;M;5046279.0;283096.0;620
27962;201500031026;15;9;11;1755;1;2;1;1;6;427;372, PERI (BD GABRIEL);M;5041957.0;293947.0;620
27963;201500031027;15;9;9;900;1;2;1;1;2;510;12, TASSIGNY (R DU MAL.;M;5041409.0;276251.0;620
27964;201500031028;15;9;13;1500;1;1;1;2;2;510;CD 58;M;5042167.0;276478.0;620
27965;201500031029;15;10;2;1730;1;2;2;1;6;413;FUSILLES (R DES);M;5044716.0;291120.0;620
27966;201500031030;15;9;29;945;1;2;1;1;6;498;sana, JAURES (PL. JEAN);M;5042926.0;283212.0;620
27967;201500031031;15;10;29;1720;2;2;2;1;1;498;MICHEL (R LOUISE);M;5044983.0;281808.0;620
27968;201500031032;15;10;2;2010;2;2;1;1;6;510;., COURTIN (R FRANCOIS);M;5042218.0;277810.0;620
27969;201500031033;15;10;22;1745;1;2;2;1;3;563;., RHONE (BD DU);M;5045915.0;272423.0;620
27970;201500031035;15;10;3;1945;2;2;1;1;6;427;909, BLUM (R LEON);M;5043013.0;294669.0;620
27971;201500031036;15;9;27;1715;1;2;1;1;1;464;21 bis, SALENGRO (R ROGE;M;5048859.0;280892.0;620
27972;201500031037;15;12;1;1000;1;2;2;1;3;215;COURRIERES (RTE DE);M;5047428.0;294028.0;620
27973;201500031038;15;12;4;1110;1;2;2;1;3;215;RN 17;M;5047297.0;291889.0;620
27974;201500031039;15;10;26;1525;1;2;1;1;7;510;LECLERC (bld DU MARECHAL;M;5042244.0;277589.0;620
27975;201500031040;15;10;8;1750;1;2;9;1;6;498;24, GARE (R DE LA);M;5042783.0;283205.0;620
27976;201500031041;15;11;16;1715;2;2;1;3;6;427;SANS, THOMAS (BD EUGENE;M;5039513.0;297284.0;620
27977;201500031042;15;12;3;1330;1;2;1;1;6;427;00, FALLIERES (BD);M;5042240.0;295995.0;620
27978;201500031043;15;11;7;1910;2;2;1;1;6;497;05, SALENGRO (PL. ROGER);M;5043808.0;306179.0;620
27979;201500031044;15;12;12;1320;1;2;2;2;3;215;SANS, OIGNIES (RTE D');M;5047890.0;296839.0;620
27980;201500031045;15;10;2;2130;5;2;1;1;3;510;., DELEBECQUE (R GERMAIN;M;5043333.0;276666.0;620
27981;201500031046;15;1;17;850;2;2;1;2;7;895;sans, RN 47;M;5048498.0;283635.0;620
27982;201500031048;15;1;11;1700;1;2;1;1;7;19;., ARRAS (RTE D');M;5042695.0;271039.0;620
27983;201500031049;15;1;28;1800;2;1;1;1;2;510;., CD58;M;5042656.0;275882.0;620
27984;201500031050;15;2;9;722;2;2;1;1;7;19;., ARRAS (RTE D');M;5042696.0;271039.0;620
27985;201500031051;15;2;3;2000;2;2;1;1;6;186;., BEUGNET (R CASIMIR);M;5044993.0;271972.0;620
27986;201500031052;15;2;11;2300;3;1;1;1;7;186;., SCHWEITZER ( R DU DOC;M;5044799.0;270343.0;620
27987;201500031053;15;1;29;1330;1;2;1;1;3;186;., BEUGNET (R CASIMIR);M;5044993.0;271971.0;620
27988;201500031054;15;4;6;817;1;2;1;1;6;555;38, PASTEUR ( RUE LOUIS;M;5050247.0;250739.0;620
27989;201500031055;15;5;1;1700;1;1;1;1;1;224;RD 943;M;5054337.0;254812.0;620
27990;201500031056;15;6;6;1930;1;2;1;1;6;224;273, LILLERS (RUE DE);M;5054061.0;256611.0;620
27991;201500031057;15;9;10;820;1;1;1;5;2;23;LILLERS (RUE DE);M;5053227.0;249581.0;620
27992;201500031058;15;12;4;1745;3;1;1;1;5;224;RD 943;M;5054315.0;254970.0;620
27993;201500031059;15;12;9;1210;1;1;1;1;1;197;;M;5047297.0;243909.0;620
27994;201500031060;15;1;15;820;2;2;1;3;6;555;GAMBETTA (RUE LEON );M;5049989.0;249139.0;620
27995;201500031061;15;2;6;2020;5;2;1;1;6;194;KATOWICE ( RUE DE );M;5048443.0;248704.0;620
27996;201500031062;15;3;9;1655;1;2;1;1;6;617;380, DROUVIN (RUE DE);M;5048293.0;265712.0;620
27997;201500031063;15;5;24;110;3;1;1;1;6;83;NOEUX (ROUTE DE) ou CD 1;M;5046336.0;262675.0;620
27998;201500031064;15;5;20;1855;1;2;3;1;3;737;1, MUSSET (RUE ALFRED);M;5044651.0;269370.0;620
27999;201500031065;15;6;28;2215;2;1;1;1;7;540;D 72;M;5044982.0;257175.0;620
28000;201500031066;15;8;7;745;1;2;1;1;6;617;132, BLUM (RUE LEON);M;5047876.0;267244.0;620
28001;201500031068;15;8;18;1720;1;2;1;2;2;617;136, ROUTE NATIONALE (CD;M;5048045.0;266298.0;620
28002;201500031069;15;12;7;1735;2;1;1;1;6;540;D 941;M;5046956.0;258382.0;620
28003;201500031070;15;12;9;1840;5;2;1;1;6;617;138 BIS, BLUM (RUE LEON);M;5047811.0;267536.0;620
28004;201500031071;15;11;11;440;3;1;6;1;3;727;D 941;M;5047381.0;259024.0;620
28005;201500031072;15;11;4;725;5;2;1;1;6;737;201, NATIONALE (ROUTE) C;M;5044992.0;268827.0;620
28006;201500031073;15;12;17;1310;1;1;1;1;1;83;NOEUX (ROUTE DE);M;5046712.0;263353.0;620
28007;201500031074;15;6;10;1410;1;2;1;1;6;902;21, MITTERAND (RUE FRANC;M;5071205.0;223210.0;620
28008;201500031075;15;8;27;1400;1;1;6;1;6;139;CD 77;M;5071493.0;229868.0;620
28009;201500031076;15;9;2;1710;1;2;9;1;6;765;7, ST SEPULCRE (RUE....;M;5075182.0;225446.0;620
28010;201500031077;15;11;17;740;2;1;1;1;6;525;REMBRANDT (RUE......)COT;M;5074291.0;227179.0;620
28011;201500031078;15;12;1;1740;3;1;1;1;4;40;D942;M;5071436.0;230783.0;620
28012;201500031079;15;12;7;1745;2;2;7;1;6;765;PERPIGNAN (PLACE.....);M;5074698.0;226203.0;620
28013;201500031080;15;12;11;1945;5;2;1;2;6;525;BLUM (AVE LEON....N°53);M;5074017.0;227628.0;620
28014;201500031081;15;1;6;1110;1;2;6;1;6;765;ONZE NOVEMBRE (PLACE DU.;M;5074387.0;226173.0;620
28015;201500031082;15;1;12;845;2;2;1;1;6;139;41, JAURES (RUE JEAN....;M;5071616.0;227832.0;620
28016;201500031083;15;2;8;1345;1;2;1;1;1;765;133, SAINT-OMER (ROUTE D;M;5076356.0;229314.0;620
28017;201500031084;15;4;10;1910;1;1;2;1;3;40;RD 942;M;5071827.0;232586.0;620
28018;201500031085;15;5;18;1540;1;2;1;1;3;40;104, DE GAULLE (AVE CHAR;M;5073061.0;230143.0;620
28019;201500031086;15;2;27;1645;1;2;1;1;6;826;37, ATLANTIQUE (AVENUE D;M;5051665.0;158474.0;620
28020;201500031087;15;5;3;1905;1;2;3;1;7;826;PAIX (AVENUE DE LA);M;5052027.0;159048.0;620
28021;201500031088;15;6;11;1715;1;2;2;1;3;826;JOSEPH DUBOC (RUE);M;5052495.0;158964.0;620
28022;201500031089;15;6;9;1540;1;2;1;1;3;826;105, DR JULES POUGET (BO;M;5052131.0;158037.0;620
28023;201500031091;15;6;26;1425;1;2;1;1;2;826;SAINT JEAN (AVENUE);M;5052222.0;159006.0;620
28024;201500031092;15;7;14;430;3;1;1;2;6;826;FRANCOIS GODIN (AVENUE);M;5049225.0;160095.0;620