;Num_Acc;an;mois;jour;hrmn;lum;agg;int;atm;col;com;adr;gps;lat;long;dep
28025;201500031093;15;8;14;1940;1;2;1;1;6;826;33, JEAN MONNET (RUE);M;5052043.0;158430.0;620
28026;201500031094;15;9;12;1550;1;2;2;1;3;826;1, ATLANTIQUE (AVENUE DE;M;5051716.0;158019.0;620
28027;201500031095;15;9;12;1420;1;2;1;1;7;826;1, ANGLAIS (AVENUE DES);M;5051137.0;159490.0;620
28028;201500031096;15;11;11;1105;1;2;6;1;3;826;ATLANTIQUE (AVENUE DE L';M;5051661.0;158498.0;620
28029;201500031097;15;1;17;420;5;2;1;9;6;318;1, PAQUERETTES (ALLEE DE;M;5052321.0;164749.0;620
28030;201500031098;15;3;16;1050;1;2;3;1;3;113;.1, LAFAYETTE (BD);M;4577357.0;309001.0;630
28031;201500031100;15;4;2;2344;5;2;1;1;7;113;65, TRUDAINE (BD);M;4577957.0;309072.0;630
28032;201500031101;15;3;18;1830;1;2;1;1;7;113;20, CHATEAU DES VERGNES;M;4581342.0;312911.0;630
28033;201500031102;15;4;7;1000;1;2;2;1;6;75;28, BERTHELOT (bd);M;4577843.0;307221.0;630
28034;201500031103;15;4;11;2259;5;2;1;1;6;70;61, MARROU (AVENUE JEAN-;M;4573948.0;305982.0;630
28035;201500031104;15;4;29;1425;1;2;1;1;6;75;13 BIS, ROYAT (AVENUE DE;M;4577604.0;307017.0;630
28036;201500031105;15;5;12;1010;1;1;1;1;2;113;80, ESTIENNE (RUE PIERRE;M;4577046.0;312904.0;630
28037;201500031106;15;5;17;1710;1;2;1;1;6;113;CUGNOT (RUE NICOLAS-JOSE;M;4578304.0;312286.0;630
28038;201500031107;15;5;10;1420;1;2;2;1;5;113;., CLEMENTEL (BD ETIENNE;M;4579990.0;311238.0;630
28039;201500031108;15;3;6;925;1;2;1;1;6;75;49, THERMES (AVENUE DES);M;4577147.0;306259.0;630
28040;201500031109;15;6;6;130;5;2;2;1;3;113;1, CHANDIOTS (RUE DES);M;4578930.0;311676.0;630
28041;201500031110;15;5;8;1055;1;2;1;2;3;113;01, MOULIN (BD JEAN);;;;630
28042;201500031111;15;5;27;1237;1;2;2;1;3;113;1, DOLET (RUE ETIENNE);M;4576841.0;308654.0;630
28043;201500031114;15;6;3;734;1;2;1;1;6;113;CRISTAL (AVENUE ERNEST);M;4575906.0;314419.0;630
28044;201500031115;15;6;23;745;1;1;1;1;3;113;PUY DE DOME (AVENUE DU);M;4578604.0;306421.0;630
28045;201500031116;15;7;6;2020;2;2;2;1;3;113;., COTE BLATIN (BD);M;4577316.0;309514.0;630
28046;201500031117;15;5;23;500;5;2;1;1;1;113;., CLAUDIUS (CHAUSSEE);M;4578450.0;309881.0;630
28047;201500031118;15;8;8;2208;5;2;2;8;3;113;., DUCLAUX (BD);M;4577633.0;307320.0;630
28048;201500031119;15;7;9;1443;1;2;1;1;6;113;DUMAS (BD J.BAPTISTE);;;;630
28049;201500031120;15;8;5;1535;1;2;1;1;3;113;REPUBLIQUE (AVENUE DE LA;M;4578740.0;310519.0;630
28050;201500031121;15;9;3;2035;5;2;3;1;3;113;., COTE BLATIN (BD);M;4576940.0;309094.0;630
28051;201500031122;15;9;9;842;1;1;2;1;3;113;BARBIER DAUBREE (AVENUE);M;4578788.0;309430.0;630
28052;201500031124;15;7;27;1110;1;2;1;1;6;113;1, ITALIE (AVENUE DE L');M;4578201.0;309544.0;630
28053;201500031125;15;8;16;1130;1;2;1;1;3;113;CLEMENTEL (BD ETIENNE);M;4580170.0;311100.0;630
28054;201500031126;15;9;19;2145;5;2;2;1;3;113;MOULIN (BD JEAN);M;4577295.0;312092.0;630
28055;201500031127;15;10;14;1510;1;2;2;1;6;14;GREVENMACHER (RUE DE);M;4575201.0;311808.0;630
28056;201500031128;15;10;1;1515;1;2;3;1;6;113;COTE BLATIN (BD);M;4577090.0;309270.0;630
28057;201500031129;15;10;10;2223;5;2;2;1;6;113;REPUBLIQUE (AVENUE DE LA;M;4578750.0;310570.0;630
28058;201500031130;15;11;3;1935;5;2;1;1;1;113;106, LAFAYETTE (BD);M;4577000.0;310180.0;630
28059;201500031131;15;10;18;2015;5;2;1;1;1;113;., CROUZET (CHEMIN DU);;;;630
28060;201500031132;15;11;18;1440;1;2;3;1;1;113;confiance /rouvier;M;4580650.0;311300.0;630
28061;201500031133;15;10;28;725;1;1;1;8;3;113;113, FONTGIEVE (RUE);M;4578200.0;307310.0;630
28062;201500031134;15;9;11;1648;1;2;1;1;3;75;CLAUSSAT (AVENUE JOSEPH);;;;630
28063;201500031136;15;11;6;1406;1;2;6;1;2;113;., RECLUS (AVENUE ELISEE;;;;630
28064;201500031137;15;9;14;1230;1;2;2;1;6;14;CURABET (RUE JEAN);M;4575180.0;311790.0;630
28065;201500031138;15;12;4;1630;1;2;3;1;6;113;6, BOUSQUET (RUE DR);M;4580179.0;311020.0;630
28066;201500031139;15;9;14;1420;1;2;1;1;6;113;ORADOU (RUE DE L');M;4576500.0;312320.0;630
28067;201500031140;15;11;20;1400;1;1;2;1;3;113;confiance/verlaine;M;4580350.0;311230.0;630
28068;201500031141;15;11;20;2310;5;2;3;1;3;113;., CLOS FOUR (RUE DU);M;4578800.0;310080.0;630
28069;201500031142;15;9;16;1524;1;2;1;1;2;113;., POURCHON (BD MAURICE);;;;630
28070;201500031143;15;12;16;2130;1;2;2;1;3;113;SABLON (COURS);M;4577356.0;309002.0;630
28071;201500031144;15;1;7;1755;2;2;1;1;6;113;9, JAURES (BD JEAN);M;4576798.0;308633.0;630
28072;201500031145;15;1;14;1820;5;2;1;8;6;14;39, NOELLET (AVENUE JEAN;M;4575565.0;310397.0;630
28073;201500031146;15;1;17;745;5;2;1;8;1;14;1, COURNON (AVENUE DE);;;;630
28074;201500031147;15;1;16;844;1;2;1;1;6;113;BESSET (RUE PIERRE);M;4578156.0;307646.0;630
28075;201500031148;15;1;23;1310;1;2;1;1;7;113;24, BLATIN (RUE);M;4577688.0;307912.0;630
28076;201500031150;15;2;9;1458;1;2;4;1;6;113;SAINT ROBERT (RUE);M;4579138.0;311632.0;630
28077;201500031151;15;2;12;1050;1;2;2;1;6;113;GUYNEMER (RUE);M;4578074.0;310921.0;630
28078;201500031152;15;2;22;1720;1;2;1;1;6;113;43, PLANCHETTES (RUE DES;M;4579910.0;310740.0;630
28079;201500031154;15;3;4;1525;1;2;3;1;6;113;PUY DE DOME (AVENUE DU);M;4576426.0;309816.0;630
28080;201500031155;15;3;10;2234;5;2;1;1;6;113;PUY DE DOME (AVENUE DU);M;4578732.0;306317.0;630
28081;201500031156;15;3;12;1700;1;1;1;1;3;14;PAPIN (RUE DENIS);M;4575181.0;313719.0;630
28082;201500031157;15;12;3;1645;1;1;1;1;2;124;CHEMIN DE BEAULIEU;M;4575570.0;315546.0;630
28083;201500031158;15;6;14;1550;1;2;1;8;3;69;1 A, HORTENSIAS (RUE DES;M;4572639.0;318939.0;630
28084;201500031159;15;12;22;1540;1;2;1;7;6;69;MERMOZ (RUE JEAN);M;4572826.0;318584.0;630
28085;201500031161;15;7;1;740;1;2;1;1;6;124;5, DOMES (AVENUE DES);M;4573150.0;319220.0;630
28086;201500031162;15;8;4;2035;1;1;1;1;6;272;REPUBLIQUE (AVENUE DE);M;4573844.0;314075.0;630
28087;201500031163;15;11;5;1830;5;2;2;1;3;124;PONT (AVENUE DU);M;4573533.0;320578.0;630
28088;201500031164;15;11;27;1735;2;2;1;1;2;193;3, TREILLE (RUE DE LA);M;;;630
28089;201500031165;15;2;1;1035;1;2;1;8;6;124;CLEMENCEAU (AV. GEORGES);M;4573187.0;319508.0;630
28090;201500031166;15;2;19;1430;1;2;1;1;3;124;LIBERATION (AV. DE LA);M;4572880.0;319024.0;630
28091;201500031167;15;4;17;1210;1;2;3;1;6;164;GUESDE (RUE JULES);M;4582252.0;314205.0;630
28092;201500031168;15;5;16;1130;1;2;1;1;6;164;SOUS LES ORS (RUE);M;4582917.0;315131.0;630
28093;201500031169;15;5;26;1730;1;2;1;1;3;164;CHARRIER (RUE FRANCOIS);M;4582640.0;314796.0;630
28094;201500031170;15;9;2;830;1;2;1;1;6;19;30, PASTEUR (RUE);M;4579443.0;316375.0;630
28095;201500031171;15;10;4;1110;1;2;9;1;3;164;Rond point de COURLANDE;M;4584190.0;315770.0;630
28096;201500031172;15;11;11;1745;1;2;1;1;2;63;30, MOULIN (BD JEAN);M;4583120.0;310520.0;630
28097;201500031173;15;11;14;1645;1;2;9;1;6;19;HLM LES CHAPELLES;M;4579840.0;316780.0;630
28098;201500031174;15;11;17;1640;1;2;3;1;3;164;7, MITTERRAND ( Avenue F;M;4583670.0;315830.0;630
28099;201500031175;15;11;19;1945;1;2;3;1;3;63;34, CHANAUD (RUE DE LA);M;4582220.0;310250.0;630
28100;201500031176;15;12;11;1715;2;2;1;1;6;63;34, BLANZAT (RUE DE);M;4583148.0;309181.0;630
28101;201500031178;15;3;27;1100;1;2;3;1;3;164;BONNET-TIXIER (RUE);M;4582519.0;314136.0;630
28102;201500031179;15;4;23;1025;1;1;1;1;1;300;;;;;630
28103;201500031180;15;5;14;310;5;1;6;1;6;300;rd-pt A71;;;;630
28104;201500031181;15;5;22;600;2;1;1;1;1;300;ROCADE RD 446;M;4590781.0;312069.0;630
28105;201500031182;15;6;13;1030;1;2;2;1;3;300;CHABRIER EMMANUEL (RUE);M;4588500.0;310440.0;630
28106;201500031183;15;7;16;1640;1;2;2;1;1;300;MARCONNET ANTONIN (RUE);M;4588377.0;309516.0;630
28107;201500031184;15;8;9;1945;1;2;2;1;3;300;STADE (AVENUE DU);M;4588600.0;312021.0;630
28108;201500031185;15;8;29;1820;1;1;2;7;3;103;RD 227;;;;630
28109;201500031186;15;10;2;1840;1;2;2;3;6;300;8, VIRLOGEUX (AVENUE);M;4589023.0;311817.0;630
28110;201500031187;15;10;7;1200;1;1;2;1;3;103;RD 227;M;4592699.0;307489.0;630
28111;201500031188;15;10;11;2055;3;2;1;1;6;212;RIOM (ROUTE DE);M;4588261.0;308963.0;630
28112;201500031189;15;10;21;1030;1;1;1;1;3;224;RD 2009;;;;630
28113;201500031190;15;11;2;1150;1;1;2;1;3;103;RD 227;M;4592700.0;307480.0;630
28114;201500031192;15;12;4;1730;5;2;3;1;3;300;CLERMONT (AVENUE DE);M;4588030.0;311650.0;630
28115;201500031193;15;12;9;745;2;2;2;1;3;300;CHATELGUYON-GUYON (AVENU;M;4589760.0;310670.0;630
28116;201500031194;15;12;17;2030;5;2;2;1;3;300;paris/joaquin;M;4590269.0;312016.0;630
28117;201500031195;15;1;19;755;1;2;9;1;6;103;RD 985 B;M;4591923.0;307303.0;630
28118;201500031196;15;3;4;2235;5;2;1;1;6;245;33, SARRAZIN (RUE);M;4589707.0;309690.0;630
28119;201500031197;15;4;3;1425;1;2;1;1;6;300;23, av libération;M;4588799.0;311399.0;630
28120;201500031198;15;1;1;1500;1;2;1;1;7;24;BOULEVARD DE PLAGES;M;4350718.0;-153351.0;640
28121;201500031199;15;3;16;1450;1;2;3;1;3;102;BOULEVARD JEAN D'AMOU;M;4349597.0;-146551.0;640
28122;201500031200;15;1;7;755;5;2;3;8;3;102;AVE DUVERGIER DE HAURANN;M;4348412.0;-146632.0;640
28123;201500031201;15;3;23;1140;1;2;1;1;2;102;AVENUE MARECHAL SOULT;M;4348710.0;-148574.0;640
28124;201500031202;15;1;8;1220;1;2;6;1;3;102;GIRATOIRE BEYRIS;M;4347852.0;-149269.0;640
28125;201500031203;15;3;25;1200;1;2;3;1;1;24;AVENUE DE BIARRITZ;M;4348110.0;-153343.0;640
28126;201500031204;15;1;12;735;5;2;1;1;2;24;11RUE DE DOUS BOS;M;4349013.0;-150477.0;640
28127;201500031205;15;3;28;2340;5;2;3;1;7;102;AV DOCTEUR DELVAILLE;M;4350194.0;-148092.0;640
28128;201500031206;15;1;14;1700;1;2;1;1;3;102;AVENUE MARECHAL SOULT;;;;640
28129;201500031207;15;4;2;2050;2;2;1;1;3;24;BUTTE AUX CAILLES;M;4349706.0;-150982.0;640
28130;201500031209;15;4;2;2255;5;2;1;1;6;102;AV DES ALLEES MARINES;M;4349812.0;-148672.0;640
28131;201500031210;15;1;17;1700;1;2;1;2;3;102;AVENUE HENRI GRENET;;;;640
28132;201500031211;15;4;8;2045;1;2;2;1;3;102;AVENUE DU ONZE NOVEMBRE;M;4349272.0;-147864.0;640
28133;201500031212;15;1;19;1613;1;2;1;8;6;102;AVENUE DU 11 NOVEMBRE;M;4349283.0;-147882.0;640
28134;201500031213;15;4;10;2135;5;2;1;1;7;24;RUE DE SALIS;M;4348576.0;-151587.0;640
28135;201500031214;15;2;4;2120;5;2;2;1;3;102;AVENUE LEON BONNAT;M;4349404.0;-147658.0;640
28136;201500031215;15;4;14;1351;1;2;3;1;3;24;RUE DU MOULIN BARBOT;M;4350103.0;-153029.0;640
28137;201500031216;15;2;7;555;5;2;1;1;7;24;GIRATOIRE DE JORLIS;;;;640
28138;201500031217;15;4;15;1630;1;2;1;1;6;102;PONT GRENET;M;4349746.0;-148278.0;640
28139;201500031218;15;2;12;1641;1;2;1;1;6;102;AV RAYMOND DE MARTRES;M;4348466.0;-148260.0;640
28140;201500031219;15;4;15;1905;1;2;3;1;3;102;AVENUE LEGION TCHEQUE;M;4349270.0;-148761.0;640
28141;201500031220;15;2;13;1850;5;2;3;8;3;102;AVENUECAMILLE DELVAILLE;M;4350836.0;-148645.0;640
28142;201500031221;15;4;20;1710;1;2;3;1;3;102;AVENUE  ALLEES PAULMY;M;4349134.0;-148157.0;640
28143;201500031222;15;4;21;1240;1;2;2;1;6;102;BD ALSACE LORRAINE;M;4349371.0;-146663.0;640
28144;201500031223;15;2;16;950;1;2;1;8;1;24;42 AVENUE GUYNEMER;M;4349910.0;-153967.0;640
28145;201500031224;15;4;25;1020;1;2;1;1;6;102;AVENUE DU 8 MAI 1945;M;4347636.0;-148409.0;640
28146;201500031225;15;2;23;1805;2;2;3;3;6;102;AV SOUS LIEUTENANT IRIBA;M;4349190.0;-148547.0;640
28147;201500031226;15;2;27;1810;2;2;6;1;3;24;R P  DE LABORDOTTE;;;;640
28148;201500031227;15;5;2;1120;1;2;1;1;3;24;RUE DU BOIS BELIN;M;4349273.0;-151918.0;640
28149;201500031228;15;3;4;1645;1;2;3;1;2;102;AVENUE DES ALLEE PAULMY;M;4349346.0;-147990.0;640
28150;201500031229;15;5;4;2145;5;2;1;1;7;102;DUVERGIER DE HAURANNE;M;4348666.0;-146665.0;640
28151;201500031230;15;3;6;1615;1;1;1;1;6;24;AVENUE EDITH CAVELL;M;4349173.0;-154604.0;640
28152;201500031231;15;5;7;1322;1;2;1;1;1;102;AVENUE MARECHAL FOCH;M;4349347.0;-148047.0;640
28153;201500031232;15;3;7;1425;1;2;1;1;2;24;12 BOULEVARD DE LA MER;M;4349593.0;-154011.0;640
28154;201500031233;15;5;7;1815;1;2;1;1;5;102;PONT GRENET;M;4349785.0;-148251.0;640
28155;201500031234;15;3;11;1605;1;2;1;8;7;140;10 RUE DU BARTHASSOT;M;4352722.0;-149090.0;640
28156;201500031235;15;5;10;1418;1;2;1;1;7;24;AVENUE GUYNEMER;M;4349907.0;-153972.0;640
28157;201500031236;15;3;15;1740;1;2;1;1;6;102;RUE SAINTE URSULE;M;4349644.0;-147248.0;640
28158;201500031238;15;5;14;1850;1;2;1;1;5;102;AVENUE DU 8 MAI 1945;M;4347554.0;-148439.0;640
28159;201500031239;15;5;17;2035;1;2;1;1;3;24;(BOULEVARD DU BAB;M;4349489.0;-151646.0;640
28160;201500031240;15;5;16;1039;1;1;1;1;6;24;ALLEE DE L INDUSTRIE;M;4349455.0;-149719.0;640
28161;201500031241;15;5;17;2209;5;2;3;1;3;24;AVENUE DES VAGUES;M;4349873.0;-154271.0;640
28162;201500031242;15;5;20;1425;1;2;1;1;3;102;COTE DU MOULIN;M;4351164.0;-146852.0;640
28163;201500031243;15;6;4;2205;5;2;1;1;7;102;18 AVENUE RESPLANDY;M;4348835.0;-146522.0;640
28164;201500031245;15;6;12;1114;1;2;1;1;3;24;03 AVENUE DE BAYONNE;M;4348070.0;-151392.0;640
28165;201500031246;15;6;12;1730;1;2;1;1;5;24;20 AVENUE DE BAYONNE;M;4348063.0;-151392.0;640
28166;201500031247;15;6;15;851;1;2;1;1;1;102;QUAI DE LA PIECE NOYEE;M;4350003.0;-148178.0;640
28167;201500031249;15;6;24;1205;1;2;1;1;2;102;AVENUE MARECHAL SOULT;M;4348760.0;-148354.0;640
28168;201500031250;15;6;25;730;1;2;1;1;7;24;(BOULEVARD DES PLAGES;M;4350014.0;-153938.0;640
28169;201500031252;15;7;14;901;1;2;1;1;7;24;AVENUE EUGENE BERNAIN;;;;640
28170;201500031253;15;7;14;1025;1;2;1;1;7;102;45 AVENU ALLEES MARINES;M;4349863.0;-148797.0;640
28171;201500031254;15;7;16;1650;1;2;1;1;3;102;BOULEVARD DU BAB;M;4349814.0;-149080.0;640
28172;201500031255;15;7;23;1755;1;2;1;1;4;24;RUE DE HAUSQUETTE;M;4350289.0;-150346.0;640
28173;201500031256;15;7;24;1015;1;2;1;1;2;102;AVENUE HENRI DE NAVARRE;M;4350173.0;-144598.0;640
28174;201500031257;15;7;24;1246;1;2;6;1;3;24;ROND POINT DU LAVOIR;M;4348412.0;-151986.0;640
28175;201500031258;15;7;25;625;5;2;1;1;3;24;AVENUE DE BAYONNE;M;4348136.0;-151092.0;640
28176;201500031259;15;7;25;800;1;2;6;8;7;24;ROND POINT DE BAHINOS;M;4349410.0;-151951.0;640
28177;201500031260;15;8;4;1230;1;2;3;2;3;102;ALLEES BOUFFLERS;M;4349188.0;-147006.0;640
28178;201500031261;15;8;5;1245;1;2;1;1;7;24;RUE GIROUETTE;M;4347050.0;-150477.0;640
28179;201500031262;15;8;10;1920;1;2;1;1;3;24;48 AVENUE D ESPAGNE;M;4347881.0;-152124.0;640
28180;201500031263;15;8;11;1015;1;2;1;1;7;102;AVENUE FERNAND FORGUES;M;4348662.0;-147978.0;640
28181;201500031264;15;8;18;1105;1;1;5;1;3;24;AVENUE DU GOLF;M;4348873.0;-153926.0;640
28182;201500031265;15;8;18;1840;1;1;1;1;2;24;BOULEVARD DU BAB;M;4349390.0;-152407.0;640
28183;201500031266;15;8;20;1350;1;2;6;1;5;102;RP DU GRAND BASQUE;M;4349127.0;-145412.0;640
28184;201500031267;15;8;21;950;1;2;6;1;3;102;GIRATOIRE BEYRIS;M;4347817.0;-149287.0;640
28185;201500031268;15;8;31;1805;1;2;1;3;7;102;27 AV MARECHAL FOCH;M;4349411.0;-148290.0;640
28186;201500031269;15;9;1;1015;1;2;1;8;6;24;61 RUE DU BOIS BELIN;M;4349316.0;-151625.0;640
28187;201500031270;15;9;7;1930;1;2;1;1;3;24;AVENUE JEAN LAPORTE;M;4348398.0;-150401.0;640
28188;201500031271;15;9;7;1815;1;2;1;1;3;102;28 AV MARECHAL SOULT;M;4348644.0;-148840.0;640
28189;201500031272;15;9;10;1350;1;2;2;1;7;24;BOULEVARD DES PLAGES;M;4351800.0;-152371.0;640
28190;201500031273;15;9;11;2225;5;2;1;1;3;102;AV CAPITAINE RESPLANDY;M;4348422.0;-145019.0;640
28191;201500031274;15;9;17;1845;1;2;1;1;6;102;16 AVENUE MARECH SOULT;M;4348682.0;-148671.0;640
28192;201500031275;15;9;26;1650;1;2;6;1;3;102;AVENUE DU 8 MAI 1945;M;4346060.0;-149616.0;640
28193;201500031276;15;10;2;1435;1;2;6;1;6;102;AVENUE HENRI GRENET;M;4350236.0;-147854.0;640
28194;201500031277;15;10;3;920;1;2;1;1;2;24;30 ROUTE DE SAINT PEE;M;4345696.0;-150566.0;640
28195;201500031278;15;10;3;1540;1;2;6;1;6;102;CHEMIN DE HARGOUS;M;4350355.0;-146374.0;640
28196;201500031279;15;10;10;1740;1;2;1;1;6;102;AV DU MARECHAL LECLERC;M;4349354.0;-147462.0;640
28197;201500031280;15;10;15;1030;1;2;6;1;3;102;GIRATOIRE LES PONTOTS;M;4348802.0;-149119.0;640
28198;201500031281;15;10;16;900;1;2;1;8;6;24;103 AVENUE DE MONTBRUN;M;4350330.0;-151127.0;640
28199;201500031282;15;10;21;1540;1;2;6;1;3;24;BOULEVARD DES PLAGES;M;4350315.0;-153639.0;640
28200;201500031283;15;10;23;1455;1;2;1;1;3;102;18 AVENUE DE MOUNEDE;M;4349924.0;-145819.0;640
28201;201500031284;15;10;30;1955;5;2;3;1;5;102;AV RAYMOND DE MARTRES;M;4348550.0;-148275.0;640
28202;201500031285;15;11;2;1405;1;2;6;1;3;102;RUE MAUBEC;M;4349999.0;-146674.0;640
28203;201500031286;15;11;9;1542;1;1;1;1;3;102;AVENUE DU 14 AVRIL;M;4350209.0;-146142.0;640
28204;201500031287;15;11;12;752;1;2;1;1;6;102;60 RUE BOURGNEUF;M;4349079.0;-147241.0;640
28205;201500031288;15;11;13;725;2;2;1;1;3;102;AVENUE PAUL PRAS;M;4348402.0;-147672.0;640
28206;201500031289;15;11;14;1110;1;1;1;1;7;140;Z.A. DU BAZE;M;4352434.0;-149328.0;640
28207;201500031290;15;12;1;1630;1;2;3;1;3;102;AV RAYMOND DE MARTRES;M;4348541.0;-148274.0;640
28208;201500031293;15;12;9;745;2;2;3;2;3;102;CAMILLE DELVAILLE;M;4350330.0;-148311.0;640
28209;201500031294;15;12;13;1550;1;2;1;1;7;140;Z.A. DU BAZE;M;4352420.0;-149311.0;640
28210;201500031295;15;12;13;1745;5;2;2;1;3;102;AVENUE LOUIS DE FOIX;M;4350632.0;-146720.0;640
28211;201500031296;15;12;16;850;1;2;1;1;3;102;(AVENUE DU 14 AVRIL;M;4350174.0;-146022.0;640
28212;201500031297;15;12;18;1115;1;2;1;8;6;24;66 AVENUE DE BAYONNE;M;4348264.0;-150487.0;640
28213;201500031298;15;12;21;1750;1;2;6;1;3;102;CHEMIN DE SABALCE;M;4349376.0;-149162.0;640
28214;201500031299;15;12;23;1835;5;2;1;1;6;102;AVENUE MARECHAL SOULT;M;4348575.0;-149102.0;640
28215;201500031300;15;1;13;1515;1;2;1;1;6;122;AVENU DE VERDUN;M;4348082.0;-154134.0;640
28216;201500031301;15;3;26;115;5;2;1;1;6;122;10 RUE SAINT EXUPERY;M;4347387.0;-153678.0;640
28217;201500031304;15;1;26;1650;1;2;1;1;3;122;96 BD MARCEL DASSAULT;;;;640
28218;201500031305;15;5;11;1030;1;2;1;1;6;122;2 PLACE BELLEVUE;M;4348273.0;-156096.0;640
28219;201500031306;15;2;5;745;1;2;1;1;3;122;15 AVENUE DE LA MARNE;M;4348435.0;-155531.0;640
28220;201500031307;15;5;25;1620;1;2;1;8;6;122;30 RUE DE MADRID;M;4347114.0;-156788.0;640
28221;201500031308;15;2;9;1740;1;2;1;1;3;122;AVENUE DE LA MARNE;M;4348204.0;-154347.0;640
28222;201500031309;15;5;28;830;1;2;1;1;2;125;RUE DE L ETAPE;M;4345097.0;-157451.0;640
28223;201500031310;15;2;22;1500;1;2;1;1;3;122;RUE DE  PITCHOT;M;4346495.0;-153585.0;640
28224;201500031311;15;6;15;815;1;2;1;3;3;122;ROUTE DE BIDART;M;4345833.0;-154784.0;640
28225;201500031312;15;3;9;1900;1;2;1;1;7;122;ESPLANANADE ELISABETH II;M;4349344.0;-155331.0;640
28226;201500031314;15;6;30;1215;1;2;1;1;2;125;4 AVENUE D' ESPAGNE;M;4342945.0;-160035.0;640
28227;201500031315;15;7;14;1350;1;2;1;1;6;122;17 AVENUE IMPERATRICE;M;4348913.0;-155307.0;640
28228;201500031316;15;7;17;1225;1;2;1;1;2;122;AV PRESIDENT KENNEDY;M;4346217.0;-155044.0;640
28229;201500031317;15;7;19;500;5;2;1;1;6;122;BD MARCEL DASSAULT;M;4346623.0;-154154.0;640
28230;201500031318;15;8;3;215;5;2;1;1;6;122;15 RUE LOUIS BARTHOU;M;4348335.0;-155787.0;640
28231;201500031320;15;8;5;2245;5;2;1;1;6;122;AVENUE REINE NATHALIE;M;4348444.0;-154811.0;640
28232;201500031321;15;8;10;1645;1;2;1;1;6;122;48 AVENUE DU PRE KENNEDY;;;;640
28233;201500031322;15;8;13;1530;1;2;1;1;6;122;AVENUE COULAOUN;M;4347604.0;-153752.0;640
28234;201500031323;15;8;15;600;5;2;1;8;6;122;ROND-P LICHTENBERGER;M;4347716.0;-156547.0;640
28235;201500031324;15;8;22;1735;1;2;1;1;1;122;13 AVENUE ALAN SEEGER;M;4345775.0;-154642.0;640
28236;201500031325;15;9;11;2138;5;2;1;1;3;122;AVENUE DELA REPUBLIQUE;M;4347841.0;-156143.0;640
28237;201500031326;15;9;13;250;5;2;1;1;6;122;BD MARECHAL LECLERC;M;4348314.0;-156681.0;640
28238;201500031327;15;9;15;1804;1;2;1;2;7;125;55 RUE UHABIA;M;4343245.0;-159652.0;640
28239;201500031328;15;9;18;1650;1;2;1;1;3;122;44 AV DU PRES  KENNEDY;M;4347170.0;-155541.0;640
28240;201500031329;15;11;3;1215;1;2;1;2;7;122;AVENUE DE LA MARNE;M;4348280.0;-154535.0;640
28241;201500031330;15;11;4;900;1;2;1;1;6;122;107 AVENUE DE LA MARNE;M;4348263.0;-154494.0;640
28242;201500031331;15;11;4;2120;5;2;1;1;6;122;59 RUE DE SALON;M;4346400.0;-155571.0;640
28243;201500031332;15;11;6;1800;1;2;1;1;6;122;AVENUE REINE NATHALIE;M;4348328.0;-154645.0;640
28244;201500031333;15;11;18;1050;1;2;1;1;3;122;RUE SAINT MARTIN;M;4347477.0;-155647.0;640
28245;201500031334;15;11;18;925;1;2;1;1;3;122;AV CHARLES FLOQUET;M;4347860.0;-155469.0;640
28246;201500031335;15;11;24;1520;1;2;1;2;3;122;AV DU JARDIN PUBLIC;M;4348007.0;-156007.0;640
28247;201500031336;15;12;5;1445;1;2;1;1;4;122;34 AVENUE D'ANGLET;M;4348681.0;-154261.0;640
28248;201500031337;15;12;18;220;5;2;1;1;6;122;56 RUE GAMBETTA;M;4348010.0;-156406.0;640
28249;201500031338;15;12;20;500;5;2;1;1;6;122;AV LAROCHEFOUCAULD;M;4348417.0;-154427.0;640
28250;201500031339;15;12;23;1450;1;2;1;1;6;122;AVENUE ALAN SEEGER;M;4345772.0;-154504.0;640
28251;201500031340;15;12;26;2035;5;2;1;1;6;125;AVENUE SOURCE ROYALE;M;4344156.0;-157726.0;640
28252;201500031341;15;12;30;259;5;2;6;1;7;122;CARREFOUR HELIANTHE;;;;640
28253;201500031342;15;1;2;2020;5;2;3;1;3;445;RUE BERLIOZ;M;4331182.0;-34590.0;640
28254;201500031343;15;3;14;805;1;2;1;1;2;445;GASTON PHOEBUS;M;4317523.0;23132.0;640
28255;201500031344;15;1;3;1350;1;2;1;1;6;284;AVENUE RAUSKI;;;;640
28256;201500031346;15;1;7;2140;5;2;1;1;3;445;RUE PALASSOU;M;4330221.0;-36776.0;640
28257;201500031348;15;1;12;812;2;2;2;1;6;445;AVENUE DES LILAS;M;4331644.0;-33957.0;640
28258;201500031350;15;1;12;2100;5;2;1;1;3;445;RUE DES FRERES CAMORS;M;4331189.0;-36879.0;640
28259;201500031351;15;3;18;745;2;2;2;1;3;445;AVENUE JEAN MERMOZ;M;4331185.0;-37724.0;640
28260;201500031352;15;1;13;930;1;1;1;1;7;335;AVENUE SANTOS-DUMONT;M;4332173.0;-42247.0;640
28261;201500031353;15;3;18;1013;1;2;1;1;6;445;10 RUE GAMBETTA;M;4329648.0;-36620.0;640