;Num_Acc;an;mois;jour;hrmn;lum;agg;int;atm;col;com;adr;gps;lat;long;dep
28262;201500031354;15;1;14;840;1;2;1;1;1;445;BD CHAMPETIER DE RIBES;;;;640
28263;201500031355;15;3;19;1955;2;2;1;1;6;445;45 BD ALSACE LORRAINE;M;4330396.0;-36619.0;640
28264;201500031356;15;1;14;1420;1;2;2;1;6;445;AVENUE DE LA RESISTANCE;M;4330251.0;-37564.0;640
28265;201500031357;15;3;22;1114;1;2;2;2;3;445;AVENUE DE SARAGOSSE;M;4330699.0;-35333.0;640
28266;201500031358;15;1;14;1623;1;2;2;1;3;445;0, VERDUN DE;M;4329873.0;-37539.0;640
28267;201500031359;15;3;23;1600;1;2;6;1;2;445;ROND POINT YITZHAK RABIN;M;4330671.0;-33317.0;640
28268;201500031361;15;3;22;1220;1;2;1;2;2;445;14 EDOUARD VII;M;4329760.0;-35842.0;640
28269;201500031362;15;1;16;1357;1;2;2;1;3;445;RUE DU BARON SEGUIER;M;4330785.0;-36969.0;640
28270;201500031363;15;3;25;1005;1;2;3;1;3;445;RUE DE BOYRIE;M;4330294.0;-37563.0;640
28271;201500031364;15;1;17;630;5;2;1;2;1;445;ALLEE ALFRED DE MUSSET;M;4329577.0;-36170.0;640
28272;201500031365;15;3;26;1345;1;2;1;1;6;445;RUE MONSEIGNEUR CAMPO;M;4332015.0;-34214.0;640
28273;201500031366;15;1;19;1200;1;2;6;2;6;445;ALLEE CONDORCET;M;4331181.0;-36293.0;640
28274;201500031367;15;3;28;1345;1;2;1;2;6;445;AVENUE DU LOUP;M;4330385.0;-35704.0;640
28275;201500031370;15;12;29;1355;1;2;6;1;3;373;RP GENERAL DE GAULLE;M;4328078.0;-35774.0;640
28276;201500031371;15;1;21;1418;1;2;2;2;3;445;RUE CASTETNAU;M;4330020.0;-36698.0;640
28277;201500031373;15;1;22;1406;1;2;2;1;3;445;ALLEES DU GRAND TOUR;M;4329986.0;-37948.0;640
28278;201500031374;15;3;31;1500;1;2;2;1;1;445;BEZIOU;M;4330433.0;-37993.0;640
28279;201500031375;15;1;23;1310;1;2;1;1;6;335;BOULEVARD DE L'EUROPE;M;4332420.0;-43678.0;640
28280;201500031376;15;3;31;1725;1;2;2;1;2;445;PLACE GRAMONT;M;4329641.0;-37428.0;640
28281;201500031377;15;1;24;645;5;2;2;1;3;445;RUE MATHIEU LALANNE;M;4329674.0;-36368.0;640
28282;201500031379;15;1;27;1410;1;2;1;1;2;348;16 CAMI SALIE;M;4333587.0;-38418.0;640
28283;201500031380;15;4;2;1800;1;2;1;1;2;445;AVENUE DIDIER DAURAT;M;4333141.0;-37967.0;640
28284;201500031381;15;1;30;747;1;2;2;3;6;445;RUE MARCA;M;4329591.0;-37643.0;640
28285;201500031382;15;4;3;1110;1;2;2;1;3;445;BD DES PYRENEES;M;4329340.0;-37061.0;640
28286;201500031384;15;4;5;1200;1;2;1;1;2;445;BD DU CAMI SALIE;M;4333332.0;-37045.0;640
28287;201500031386;15;4;8;1623;1;2;1;1;6;445;7, EDOUARD HERRIOT;;;;640
28288;201500031387;15;2;2;1400;1;2;2;1;3;445;15 RUE DE  BOYRIE;M;4330319.0;-37788.0;640
28289;201500031388;15;4;9;904;1;2;1;1;3;445;RD PT COMBATTANTS D'AFN;M;4333833.0;-37931.0;640
28290;201500031389;15;2;4;1455;1;2;1;4;2;284;AV CORPS FRANC POMMIES;M;4329267.0;-39742.0;640
28291;201500031390;15;4;9;1345;1;2;1;1;1;445;8 BD HAUTERIVE;M;4332385.0;-35156.0;640
28292;201500031391;15;2;5;814;2;2;1;1;6;445;RUE MICHELET;M;4330050.0;-37720.0;640
28293;201500031392;15;4;10;1727;1;2;1;1;2;445;CATHERINE DE BOURBON;M;4332413.0;-35781.0;640
28294;201500031393;15;2;5;1650;1;2;1;1;6;445;RU J J DE MONAIX;M;4330342.0;-35715.0;640
28295;201500031394;15;4;11;1245;1;2;1;1;3;284;AVENUE DES VALLEES;M;4329317.0;-38677.0;640
28296;201500031395;15;2;10;1750;1;2;1;1;6;129;AV DU CHATEAU D'ESTE;M;4330586.0;-39207.0;640
28297;201500031396;15;4;11;1655;1;2;1;1;4;445;BD TOURASSE;M;4331103.0;-35213.0;640
28298;201500031397;15;2;11;1218;1;2;1;1;2;445;AV DU PRESIDENT KENNEDY;M;4331005.0;-36601.0;640
28299;201500031398;15;4;13;1635;1;2;2;1;6;445;RUE RICHELIEU;M;4330338.0;-35698.0;640
28300;201500031399;15;2;11;1300;1;2;2;1;6;335;AVENUE DENIS TOUZANNE;M;4334184.0;-44671.0;640
28301;201500031400;15;4;14;750;1;2;1;1;5;335;RTE SAULT DE NAVAILLES;M;4334440.0;-42954.0;640
28302;201500031401;15;2;12;1817;2;2;1;1;3;269;D817;;;;640
28303;201500031402;15;4;16;1736;1;2;1;1;3;445;318 BOULEVARD DE LA PAIX;M;4332263.0;-36883.0;640
28304;201500031403;15;2;20;1357;1;1;1;1;2;445;AVENENUE DE L' EUROPE;M;4332684.0;-33016.0;640
28305;201500031404;15;4;18;2155;5;2;1;3;3;445;83 BD ALSACE LORRAINE;M;4330486.0;-37119.0;640
28306;201500031405;15;2;4;615;5;2;1;1;1;445;0, ALFRED DE MUSSET;M;4329486.0;-36294.0;640
28307;201500031406;15;2;21;1609;1;2;2;1;3;445;BD DU CAMI SALIE;M;4333546.0;-37968.0;640
28308;201500031407;15;4;19;920;1;1;1;1;1;445;OLOF PALME;M;4333186.0;-35842.0;640
28309;201500031408;15;2;26;2050;5;2;1;2;6;445;8 AVENUE DES ETATS UNIS;M;4330045.0;-36033.0;640
28310;201500031409;15;4;20;1305;1;2;1;1;1;445;RUE DU 8 MAI 1945;M;4330822.0;-36222.0;640
28311;201500031411;15;2;27;1515;1;2;2;1;3;445;PLACE DE VERDUN;M;4329876.0;-37670.0;640
28312;201500031412;15;4;23;1829;1;2;1;1;2;445;AVENUE D' ESPAGNE;M;4329453.0;-38691.0;640
28313;201500031413;15;3;2;1110;1;2;2;2;5;445;AV DIDIER DAURAT;;;;640
28314;201500031415;15;4;29;1245;1;2;1;1;6;129;16 ROUTE DE  BAYONNE;M;4330052.0;-39325.0;640
28315;201500031416;15;3;4;1640;1;2;1;2;2;445;68 AVENUE  PEBOUE;M;4331222.0;-32741.0;640
28316;201500031417;15;4;29;1425;1;2;6;1;3;445;RD POINT COMMUNE DE PARI;M;4331125.0;-36339.0;640
28317;201500031418;15;3;5;802;1;2;2;1;3;129;RTE DE BAYONNE;M;4330214.0;-39633.0;640
28318;201500031420;15;3;8;340;5;2;2;1;3;445;AVENUE DES LILAS;M;4330937.0;-34414.0;640
28319;201500031421;15;4;30;1350;1;2;2;1;3;335;AVENUE DE TARBES;M;4333252.0;-42536.0;640
28320;201500031422;15;3;8;1707;2;2;1;1;6;335;RD 817;;;;640
28321;201500031423;15;5;5;1940;1;2;2;1;3;335;BD DE L' AVIATION;M;4335748.0;-41759.0;640
28322;201500031425;15;5;6;1530;1;2;6;1;2;445;ROND PT F MITTERAND;M;4332997.0;-35522.0;640
28323;201500031426;15;3;9;1210;1;2;3;1;6;445;RUE HENRI FAISANS;M;4330056.0;-36034.0;640
28324;201500031427;15;5;11;1840;1;2;1;1;4;445;BOULEVARD HAUTERIVE;M;4332414.0;-35387.0;640
28325;201500031428;15;3;10;1930;3;2;1;1;3;335;170 AVENUE  DE L'EUROPE;M;4332397.0;-43652.0;640
28326;201500031429;15;5;14;940;1;2;1;2;1;445;PLACE DE LA MONNAIE;M;4329414.0;-37609.0;640
28327;201500031430;15;3;10;2155;5;2;1;1;3;445;RUE RENE CASSIN;M;4330019.0;-36699.0;640
28328;201500031431;15;5;16;1710;1;2;3;1;3;445;BD BARBANEGRE;M;4329666.0;-36372.0;640
28329;201500031432;15;5;22;800;1;2;1;1;2;445;39 BD ALSACE LORRAINE;M;4330350.0;-36449.0;640
28330;201500031433;15;5;28;1850;2;2;2;1;3;445;AVENUE DE MONTARDON;M;4331891.0;-37290.0;640
28331;201500031434;15;5;29;950;1;2;1;8;6;445;COURS LEON BERARD;M;4331577.0;-37318.0;640
28332;201500031435;15;5;29;1650;1;2;3;1;3;129;ROUTE DE BAYONNE;M;4330161.0;956182.0;640
28333;201500031436;15;5;30;1500;1;2;2;1;2;445;AVENUE DE BUROS;M;4332253.0;-34631.0;640
28334;201500031437;15;6;3;1705;1;2;2;1;3;445;PLACE PEYROULET;M;4330410.0;-35706.0;640
28335;201500031438;15;6;4;920;1;2;5;1;6;445;AV PRESIDENT PIERRE ANGO;M;4331920.0;-36752.0;640
28336;201500031439;15;6;5;1115;1;2;2;1;3;445;RUE DE LIVRON;M;4330195.0;-37936.0;640
28337;201500031440;15;6;8;1438;1;2;1;1;6;445;AV GASTON PHOEBUS;M;4330205.0;-37584.0;640
28338;201500031441;15;6;8;2145;5;2;2;8;3;445;COURS CAMOU;M;4329987.0;-37952.0;640
28339;201500031442;15;6;10;1020;1;2;1;2;4;335;78 BD DE L EUROPE;M;4333430.0;-45538.0;640
28340;201500031443;15;6;10;1805;2;2;6;2;3;445;RUE RONSARD;M;4331878.0;-35971.0;640
28341;201500031444;15;6;12;1130;1;2;2;1;3;445;BD CAMI SALIE;M;4333143.0;-36157.0;640
28342;201500031445;15;6;16;819;1;2;1;2;2;284;AVENUE DES VALLEES;M;4329163.0;-38565.0;640
28343;201500031446;15;6;16;1719;1;2;1;3;6;445;8 RUE DE LIEGE;M;4329737.0;-37457.0;640
28344;201500031447;15;6;17;850;1;2;1;1;1;445;AV GENERAL DE GAULLE;M;4330185.0;-35618.0;640
28345;201500031449;15;6;18;820;1;2;2;1;6;445;AVENUE DES LILAS;M;4331319.0;-34122.0;640
28346;201500031450;15;6;19;1547;1;2;2;1;3;445;COURS LYAUTEY;M;4330866.0;-36395.0;640
28347;201500031451;15;6;20;1445;1;2;1;1;6;445;RUE DU 14 JUILLET;M;4328999.0;-37940.0;640
28348;201500031452;15;6;20;2205;5;2;2;1;5;445;JEAN JACQUES DE MONAIX;M;4330345.0;-35704.0;640
28349;201500031453;15;6;22;1015;1;2;1;1;6;445;RUE DE LIEGE;M;4329760.0;-37443.0;640
28350;201500031454;15;6;23;755;1;2;6;1;3;445;YITZHAK RABIN;M;4330640.0;-33383.0;640
28351;201500031456;15;6;23;1545;1;2;1;1;2;348;60 AV CHARLES DE GAULLE;M;4331043.0;-41143.0;640
28352;201500031458;15;6;24;2025;1;2;1;1;2;269;49 RTE DE TARBES;M;4329841.0;-30376.0;640
28353;201500031459;15;6;24;2310;5;2;2;1;3;445;RUE RONSARD;M;4331731.0;-35268.0;640
28354;201500031462;15;6;25;1745;1;2;1;1;6;445;7 RUE MARCA;M;4329437.0;-37725.0;640
28355;201500031463;15;6;25;1920;1;2;6;1;6;348;AVENUE DU TONKIN;M;4331713.0;-39512.0;640
28356;201500031464;15;6;28;1044;1;2;2;1;3;445;20 RUE MARCA;M;4329637.0;-37633.0;640
28357;201500031465;15;6;29;715;1;2;2;1;2;284;AVENUE DES VALLEES;M;4329300.0;-38666.0;640
28358;201500031466;15;6;30;1339;1;2;2;1;3;129;ROUTE DE BAYONNE;M;4330218.0;-39633.0;640
28359;201500031467;15;7;1;1810;1;2;1;1;6;445;AVENUE DES LILAS;M;4330549.0;-35074.0;640
28360;201500031468;15;7;2;1420;1;2;6;1;3;129;ROUTE DE BAYONNE;M;4330505.0;-40121.0;640
28361;201500031469;15;7;2;1815;1;2;6;1;2;373;LOUIS BARTHOU;M;4328065.0;-35755.0;640
28362;201500031470;15;7;2;2235;5;2;2;1;3;445;RUE BERLIOZ;M;4331787.0;-34393.0;640
28363;201500031471;15;7;6;1227;1;2;1;1;3;335;AV ANDRE MARIE AMPERE;M;4331428.0;-42874.0;640
28364;201500031472;15;7;7;2005;2;2;2;1;3;445;SERGENT BERNES CAMBOT;M;4330487.0;-37056.0;640
28365;201500031473;15;7;8;1920;1;2;4;1;3;445;PLACE GRAMONT;M;4329642.0;-37422.0;640
28366;201500031474;15;7;9;1750;1;2;1;1;3;445;RUE JJ DE MONAIX;M;4330365.0;35629.0;640
28367;201500031475;15;7;9;1815;1;2;3;1;3;129;RUE DES ENTREPRENEURS;M;4330059.0;-40611.0;640
28368;201500031476;15;7;10;1210;1;2;1;1;1;445;BD OLOF PALME;M;4333416.0;-35858.0;640
28369;201500031478;15;7;13;1530;1;2;1;1;6;445;AVENUE GENERAL DE GAULLE;M;4330218.0;-35439.0;640
28370;201500031479;15;7;15;1910;1;2;2;1;3;445;RUE CHARLES MACE;M;4330606.0;-37280.0;640
28371;201500031480;15;7;16;1140;1;2;1;1;2;445;RAYMOND DE CARBONNIERE;M;4330395.0;-35221.0;640
28372;201500031481;15;7;20;2145;2;2;6;1;3;445;MARCA;M;4329626.0;-37630.0;640
28373;201500031482;15;7;22;1230;1;2;3;1;3;348;AV DIDIER DAURAT;M;4332940.0;-37964.0;640
28374;201500031483;15;7;22;1555;1;2;2;1;3;445;BD LUCIEN FAVRE;M;4331889.0;-36065.0;640
28375;201500031484;15;7;22;2305;5;2;3;1;6;445;RUE SERVIEZ;M;4329632.0;-36830.0;640
28376;201500031485;15;7;23;1220;1;2;2;1;3;445;AV DE LA RESISTANCE;M;4330153.0;-37534.0;640
28377;201500031486;15;7;23;1220;1;2;1;1;2;269;ROUTE DE TARBES;M;4330068.0;-31051.0;640
28378;201500031487;15;7;23;1855;1;2;1;1;4;445;403 BOULEVARD DE LA PAIX;M;4332450.0;-37900.0;640
28379;201500031488;15;7;29;825;1;2;6;1;3;348;AVENUE DE SANTONA;M;4332075.0;-39140.0;640
28380;201500031489;15;7;31;1735;1;2;1;2;2;129;23 RU JEANNE DE LASANSAA;M;4330231.0;-39294.0;640
28381;201500031490;15;8;5;1040;1;2;1;1;2;445;AVENUE DU LOUP;M;4330807.0;-35658.0;640
28382;201500031491;15;8;5;1210;1;2;1;1;5;348;MARCEL DASSAULT;M;4330191.0;-41348.0;640
28383;201500031492;15;8;5;1740;1;2;1;1;6;445;8 RUE  BERLIOZ;M;4331092.0;-34633.0;640
28384;201500031493;15;8;6;2015;2;2;2;1;3;445;BOURBAKI;M;4330264.0;-37453.0;640
28385;201500031495;15;8;12;1750;1;2;6;1;3;348;RD 834;M;4330093.0;-40941.0;640
28386;201500031496;15;8;16;2100;5;2;1;1;2;445;OLOF PALME;M;4333081.0;-357505.0;640
28387;201500031497;15;8;17;2230;5;2;3;1;3;445;BOULEVARD DES PYRENEES;M;4329336.0;-37068.0;640
28388;201500031499;15;8;20;715;1;2;1;1;1;445;OLOF PALME;M;4333982.0;-37693.0;640
28389;201500031500;15;8;20;845;1;2;6;1;3;445;ROND  DROITS DE L' HOMME;M;4331301.0;-36897.0;640
28390;201500031501;15;8;21;115;4;2;1;1;6;284;AVENUE DU18 JUIN 1940;M;4329533.0;-41431.0;640
28391;201500031502;15;8;21;2050;2;2;1;1;6;129;37 AVENUE DE  LONS;M;4331149.0;-38870.0;640
28392;201500031503;15;8;22;1935;2;2;1;1;3;445;18 AV LEON BLUM;M;4331619.0;-33155.0;640
28393;201500031504;15;8;22;2000;2;2;1;1;6;445;14 AVENUE TRIANON;M;4331030.0;-37862.0;640
28394;201500031505;15;8;24;1805;1;2;1;1;6;269;D938;M;4331065.0;-30557.0;640
28395;201500031506;15;8;26;1240;1;2;1;1;2;445;341 BD DU CAMI SALIE;M;4333129.0;-35946.0;640
28396;201500031507;15;8;31;1742;1;1;1;1;1;335;RD 817;M;4334464.0;-44259.0;640
28397;201500031508;15;9;3;1155;1;2;2;1;2;445;RUE AMBROISE BORDELONGUE;M;4329875.0;-37687.0;640
28398;201500031509;15;9;4;1315;1;2;1;8;2;445;39 AVENUE DU LOUP;M;4330736.0;-35654.0;640
28399;201500031510;15;9;4;2150;5;2;1;1;3;445;40 RUE EMILE GARET;M;4330018.0;-36230.0;640
28400;201500031511;15;9;7;1020;1;2;1;1;3;335;0, JEAN JAURES;M;4331714.0;-42963.0;640
28401;201500031512;15;9;8;200;3;2;2;1;3;284;PONT D'ESPAGNE;M;4329292.0;-37913.0;640
28402;201500031513;15;9;10;1739;1;2;2;1;3;445;BD ALSACE LORRAINE;M;4330489.0;-37055.0;640
28403;201500031514;15;9;11;822;1;2;3;1;3;445;16 RUE DE VINCENNES;M;4332928.0;-37826.0;640
28404;201500031515;15;9;14;1220;1;2;1;1;3;269;43 ROUTE DE TARBES;M;4329880.0;-30423.0;640
28405;201500031516;15;9;17;1612;1;2;1;1;6;445;7 RUE LESPY;M;4329961.0;-36384.0;640
28406;201500031517;15;9;18;1110;1;2;1;1;6;445;RUE LAVOISIER;M;4331072.0;-36440.0;640
28407;201500031518;15;9;18;1700;1;2;1;1;4;335;166 BD DE L'EUROPE;M;4332438.0;-43699.0;640
28408;201500031519;15;9;21;1630;1;2;1;1;6;445;RUE  DE CARBONNIER;M;4330390.0;-35228.0;640
28409;201500031521;15;9;24;1135;1;2;1;1;3;445;196 BOULEVARD DE LA PAIX;M;4332015.0;-35108.0;640
28410;201500031522;15;9;25;1505;1;2;1;1;4;445;OLOF PALME;M;4333131.0;-35826.0;640
28411;201500031524;15;9;27;1325;1;2;1;1;6;237;54 RUE LOUIS BARTHOU;M;4328312.0;-37217.0;640
28412;201500031526;15;9;29;1020;1;2;1;1;4;445;BOULEVARD OLOF PALME;M;4333659.0;36553.0;640
28413;201500031527;15;9;30;1745;1;2;1;1;2;445;74 AVENUE DU LOUP;M;4331461.0;-35462.0;640
28414;201500031529;15;10;1;1418;1;2;1;1;1;445;RUE BENGHOZI;M;4331918.0;-36752.0;640
28415;201500031530;15;10;2;1720;1;2;3;1;2;348;BD CHARLES DE GAULLE;M;4331604.0;-42177.0;640
28416;201500031531;15;10;3;1515;1;2;1;1;2;348;BOULEVARD DE L'EUROPE;M;4332110.0;-39160.0;640
28417;201500031532;15;10;4;1830;1;2;1;1;6;445;RUE DU MAQUIS DU BEARN;M;4330005.0;-37708.0;640
28418;201500031533;15;10;4;2026;5;2;2;1;3;445;AV GENERAL LECLERC;M;4330278.0;-35196.0;640
28419;201500031534;15;10;5;655;5;2;3;1;3;445;AVENUE DE SARAGOSSE;M;4330694.0;-35331.0;640
28420;201500031535;15;10;5;1355;1;2;1;1;4;284;115 AVENUE RAUSKI;M;4326448.0;-38992.0;640
28421;201500031537;15;10;8;1348;1;2;2;1;3;445;RUE EMILE GUICHENNE;M;4329877.0;-36818.0;640
28422;201500031538;15;10;8;1710;1;2;1;1;2;445;BOULEVARD DE LA PAIX;M;4332101.0;-35643.0;640
28423;201500031539;15;10;9;425;5;2;1;1;1;445;JEAN BIRAY;M;4329396.0;-37604.0;640
28424;201500031541;15;10;9;2045;1;2;2;1;3;445;RUE JEAN REVEIL;M;4330040.0;-36513.0;640
28425;201500031542;15;10;13;1302;1;2;2;1;3;445;48 RUE MONTPENSIER;M;4330209.0;-37397.0;640
28426;201500031543;15;10;13;1345;1;2;1;1;2;445;34 ALLEES DE MORLAAS;M;4330640.0;-34403.0;640
28427;201500031544;15;10;13;1924;2;2;2;1;3;445;PLACE DE VERDUN;M;4329950.0;-37704.0;640
28428;201500031545;15;10;13;2140;5;2;6;1;3;445;RUE MARCA;M;4329593.0;-37650.0;640
28429;201500031546;15;10;14;1410;1;2;2;1;3;445;RUE D' ORLEANS;M;4329909.0;-37189.0;640
28430;201500031547;15;10;15;1715;1;2;2;1;3;445;AV EGLISE ST JOSEPH;M;4330631.0;-37487.0;640
28431;201500031548;15;10;15;2205;5;2;6;1;3;445;12 RUE D'ETIGNY;M;4329624.0;-37656.0;640
28432;201500031549;15;10;16;735;5;2;2;1;3;445;AVENUE DE LA RESISTANCE;M;4330389.0;-37573.0;640
28433;201500031550;15;10;16;1605;1;2;2;1;3;445;RUE MONTPENSIER;M;4329929.0;-37129.0;640
28434;201500031551;15;10;16;1955;5;2;2;1;3;445;42 RUE BERLIOZ;M;4331504.0;-34486.0;640
28435;201500031552;15;10;17;2006;5;2;2;1;3;445;21, GENERAL DE GAULLE DU;M;4330151.0;-35737.0;640
28436;201500031553;15;10;18;1650;1;2;2;1;3;445;RUE SERGENT BERNES CAMBO;M;4330972.0;-36959.0;640
28437;201500031555;15;10;19;1733;1;2;1;1;3;445;RUE PIERRE MASSE;M;4331597.0;-35662.0;640
28438;201500031556;15;10;20;1125;1;2;1;1;2;335;BOULEVARD DE L'EUROPE;M;4332947.0;-44651.0;640
28439;201500031557;15;10;21;1400;1;2;2;1;3;445;BOULEVARD DE LA PAIX;M;4332223.0;-36686.0;640
28440;201500031558;15;10;24;1725;1;2;1;1;3;445;CHEMIN DE FORET BASTARD;M;4335267.0;-37781.0;640
28441;201500031559;15;10;25;1003;1;2;1;1;2;445;26 AVENUE JEAN MERMOZ;M;4330767.0;-37649.0;640
28442;201500031560;15;10;27;1800;1;2;1;2;3;445;302 BOULEVARD PAIX;M;4332223.0;-36665.0;640
28443;201500031561;15;10;28;1141;1;2;1;1;6;445;RUE EUGENE CARRERE;M;4330477.0;-36608.0;640
28444;201500031562;15;10;29;1710;1;2;1;1;1;445;11 AVENUE DES SAYETTES;M;4330834.0;-34390.0;640
28445;201500031564;15;10;31;2125;5;2;2;1;3;445;AVENUE TRESPOEY;M;4329884.0;-35191.0;640
28446;201500031566;15;11;2;1700;1;2;3;1;3;445;RUE BERNES CAMBOT;M;4330934.0;-36925.0;640
28447;201500031568;15;11;4;1920;1;2;1;1;1;132;RUE ALBERT 1ER;M;4328537.0;-34772.0;640
28448;201500031569;15;11;4;2055;5;2;1;1;2;445;AVENUE DE LA RESISTANCE;M;4330248.0;-37551.0;640
28449;201500031570;15;11;6;1436;1;2;1;1;1;348;BD CHARLES DE GAULLE;M;4330916.0;-40911.0;640
28450;201500031571;15;11;7;958;1;2;1;1;6;284;AVENUE DES VALLEES;M;4329162.0;-38563.0;640
28451;201500031572;15;11;7;1220;1;1;1;1;6;348;BD DE L' EUROPE;M;4331531.0;-39565.0;640
28452;201500031573;15;11;7;1931;1;2;1;1;4;445;42 AV JEAN MERMOZ;M;4330902.0;-37678.0;640
28453;201500031574;15;11;12;1027;1;2;1;1;4;445;22 BOULEVARD DE LA PAIX;M;4331244.0;-32706.0;640
28454;201500031575;15;11;12;1352;1;2;1;1;1;445;21 BOULEVARD DE LA PAIX;M;4331267.0;-32795.0;640
28455;201500031576;15;11;12;1550;1;2;1;1;4;284;44 AVENUE RAUSKI;M;4326525.0;-38987.0;640
28456;201500031577;15;11;12;2355;5;2;3;1;3;445;AVENUE COPERNIC;M;4332439.0;-33851.0;640
28457;201500031578;15;11;13;1900;5;2;2;1;3;445;CHEMIN DE L'AVIATION;M;4330685.0;-32767.0;640
28458;201500031579;15;11;14;1050;1;2;1;1;3;445;AVENUE LOUIS SALLENAVE;M;4331637.0;-36028.0;640
28459;201500031580;15;11;14;1830;2;2;7;1;3;445;RUE ALFRED NOBEL;M;4331131.0;-32346.0;640
28460;201500031581;15;11;14;2245;5;2;1;1;7;445;5 RUE JACQUES TERRIER;M;4328954.0;-38172.0;640
28461;201500031583;15;11;16;1755;2;2;1;1;2;445;35 AVENUE FOUCHET;M;4331394.0;-37484.0;640
28462;201500031584;15;11;18;855;1;2;1;1;3;445;AVENUE PIERRE MASSE;M;4331463.0;-35690.0;640
28463;201500031585;15;11;18;1852;5;2;2;1;3;335;RUE DENIS TOUZANNE;M;4333758.0;-43897.0;640
28464;201500031586;15;11;18;2115;5;2;6;1;6;348;AVENUE DE SANTONA;M;4332085.0;-39236.0;640
28465;201500031587;15;11;19;1301;1;2;2;1;2;445;ALLEE DU GRAND TOUR;M;4329980.0;-37949.0;640
28466;201500031588;15;11;19;1500;1;2;1;7;6;445;10 CORPS FRANC POMMIES;M;4329328.0;-38777.0;640
28467;201500031589;15;11;19;1555;1;2;3;1;3;445;RUE DES FRERES WRIGHT;M;4330611.0;-36689.0;640
28468;201500031590;15;11;20;855;1;2;6;1;3;445;COURS LEON BERARD;M;4331308.0;-36897.0;640
28469;201500031591;15;11;23;1225;1;2;2;1;3;445;AVENUE JEAN MERMOZ;M;4330812.0;-37657.0;640
28470;201500031592;15;11;24;945;1;2;2;1;6;445;RUE DE L'EDIT DE NANTES;M;4330153.0;-37235.0;640
28471;201500031593;15;11;25;1640;1;2;2;3;3;445;AV DU GENERAL POEYMIRAU;M;4329431.0;-35901.0;640
28472;201500031594;15;11;25;1927;5;2;1;3;4;269;22 ROUTE DE  TARBES;M;4329961.0;-30926.0;640
28473;201500031595;15;11;25;2155;5;2;1;3;6;445;AVENUE PIERRE MASSE;M;4331613.0;-35672.0;640
28474;201500031596;15;11;26;1310;1;2;2;3;3;129;RUE PILAR;M;4331535.0;-37797.0;640
28475;201500031597;15;11;27;1419;1;2;1;1;3;445;PLACE DE LA MONNAIE;M;4329418.0;-37713.0;640
28476;201500031598;15;11;30;930;1;2;1;1;6;445;ALLEE DU GRAND TOUR;M;4329691.0;-37899.0;640
28477;201500031599;15;11;30;1220;1;2;3;1;3;445;AVENUE ALFRED NOBEL;M;4330832.0;-32938.0;640
28478;201500031600;15;12;1;845;1;2;1;1;1;445;2 AV GASTON LACOSTE;M;4329334.0;-36130.0;640
28479;201500031601;15;12;2;1746;1;2;1;1;6;445;RUE D'ORLEANS;M;4329910.0;-37231.0;640
28480;201500031602;15;12;2;2125;5;2;1;1;2;348;BD DE L'EUROPE;M;4332029.0;-39245.0;640
28481;201500031603;15;12;3;700;4;2;1;1;6;129;125 AV JEAN MERMOZ;M;4331561.0;-37800.0;640
28482;201500031605;15;12;4;1710;1;2;1;1;6;445;5 RUE JEAN MONNET;M;4329794.0;-36645.0;640
28483;201500031607;15;12;5;1712;1;2;1;1;3;445;AVENUE LOUIS SALLENAVE;M;4331644.0;-36057.0;640
28484;201500031608;15;12;7;1406;1;2;1;1;3;445;46 COURS LYAUTEY;M;4330962.0;-36352.0;640
28485;201500031609;15;12;9;1135;1;2;1;1;4;284;PONT D'ESPAGNE;M;4329444.0;-38692.0;640
28486;201500031610;15;12;9;1700;1;2;2;1;6;445;RUE DU 14 JUILLET;M;4329267.0;-37809.0;640
28487;201500031611;15;12;10;745;5;2;3;1;2;445;AVENUE FOUCHET;M;4331300.0;-36989.0;640
28488;201500031612;15;12;10;1742;1;2;1;1;4;269;ROUTE DE TARBES;M;4330011.0;-31011.0;640
28489;201500031613;15;12;11;1342;1;2;1;1;3;445;76 ALLEES DE MORLAAS;M;4330259.0;-35325.0;640
28490;201500031614;15;12;11;1427;1;2;1;1;3;445;48 COURS LYAUTEY;M;4330966.0;-36345.0;640
28491;201500031615;15;12;12;340;5;2;1;1;6;284;AVENUE RAUSKI;M;4326446.0;-38992.0;640
28492;201500031616;15;12;12;2001;5;2;1;1;3;445;BD D'ALSACE LORRAINE;M;4330427.0;-36744.0;640
28493;201500031617;15;12;15;2016;5;2;1;1;3;445;108 BOULEVARD TOURASSE;M;4331119.0;-35974.0;640
28494;201500031618;15;12;16;1430;1;2;1;1;3;445;RUE ALPHONSE CADIER;M;4330583.0;-36108.0;640
28495;201500031619;15;12;17;1820;5;2;1;1;2;129;VOIE NORD SUD;M;4329991.0;-41073.0;640
28496;201500031620;15;12;18;1530;1;2;1;1;6;41;PLACE DE LA MAIRIE;M;4327831.0;-260916.0;640
28497;201500031621;15;12;21;1345;1;2;2;1;3;445;116 AV JEAN MERMOZ;M;4331374.0;-37761.0;640
28498;201500031622;15;12;21;1905;5;2;1;1;2;445;RUE RENE CASSAGNE;M;4330594.0;-35240.0;640
28499;201500031623;15;12;22;1645;1;2;1;1;5;445;38, ALLEES DE MORLAAS;M;4330610.0;-34452.0;640
28500;201500031624;15;12;22;1815;1;2;1;1;1;445;BD DE L'EUROPE;M;4332876.0;-34145.0;640