;Num_Acc;an;mois;jour;hrmn;lum;agg;int;atm;col;com;adr;gps;lat;long;dep
28501;201500031625;15;12;23;1145;1;2;1;1;6;445;54 RUE CARNOT;M;4330296.0;-36879.0;640
28502;201500031626;15;12;27;1359;1;2;2;1;3;445;2 RUE RIVARES;M;4329849.0;-36457.0;640
28503;201500031627;15;12;27;1435;1;2;1;1;2;445;CORPS FRANC POMMIES;M;4330540.0;-234953.0;640
28504;201500031628;15;1;7;900;1;1;1;1;2;483;AVENUE LAHANCHIPIA;M;4340158.0;-163358.0;640
28505;201500031630;15;1;8;1055;1;2;1;1;3;260;BD DE LA MER;;;;640
28506;201500031631;15;3;21;1715;1;2;1;2;3;483;ANDRE ITHURRALDE;M;4339279.0;-165233.0;640
28507;201500031632;15;1;11;1202;1;2;1;1;6;483;AVENUE DES PYRENEES;;;;640
28508;201500031633;15;3;25;900;1;2;1;2;4;260;ROUTE DE BEHOBIE;M;4335112.0;-178289.0;640
28509;201500031634;15;1;12;800;2;2;1;1;2;545;RD810;;;;640
28510;201500031635;15;3;27;1054;1;2;1;2;6;483;BOULEVARD VICTOR HUGO;M;4338800.0;-166021.0;640
28511;201500031636;15;1;12;1710;1;2;1;1;6;260;BD CHARLES DE GAULLE;;;;640
28512;201500031637;15;3;27;1640;1;2;1;2;6;260;BD CHARLES DE GAULLE;M;4335740.0;-177636.0;640
28513;201500031638;15;1;14;1730;1;2;1;1;3;260;BD DU GENERAL LECLERC;;;;640
28514;201500031639;15;4;5;1825;1;1;1;1;2;249;17 AVENUE GETARIA;M;4342553.0;-160413.0;640
28515;201500031640;15;1;21;1845;5;2;3;3;3;260;RUE HAPETENIA;M;4335034.0;-176995.0;640
28516;201500031641;15;4;10;1710;1;2;1;1;5;483;AVENUE ITHURRALDE;M;4340321.0;-163411.0;640
28517;201500031642;15;1;28;1920;4;2;1;2;6;249;AVENUE GENERAL DE GAULLE;;;;640
28518;201500031643;15;4;12;1735;1;1;1;1;2;249;AVENUE GETARIA;;;;640
28519;201500031644;15;2;2;700;5;2;1;2;3;483;AVENUE ANDRE ITHURRALDE;;;;640
28520;201500031645;15;4;24;1015;1;2;1;1;6;260;RUE CHARLES DE GAULLE;M;4335221.0;-178231.0;640
28521;201500031646;15;2;12;1650;1;2;6;1;3;260;2, GAULLE CHARLES (RUE D;;;;640
28522;201500031647;15;4;24;1755;1;2;1;1;3;260;9 RUE DU TUNNEL;M;4335648.0;-177149.0;640
28523;201500031648;15;2;14;1605;1;2;1;3;2;249;AVENUE GENERAL DE GAULLE;M;4342527.0;-160892.0;640
28524;201500031649;15;4;25;1820;1;2;1;1;3;483;VIEILLE ROUTE SAINT PEE;M;4339059.0;-162800.0;640
28525;201500031650;15;4;29;1710;1;2;1;1;4;249;AVENUE GETARIA;M;4342090.0;-160644.0;640
28526;201500031651;15;2;22;1435;1;1;3;1;3;483;RD810;M;4340147.0;-163699.0;640
28527;201500031652;15;4;30;1735;1;2;1;1;3;483;20 AV ITHURRALDE;;;;640
28528;201500031653;15;3;2;810;1;1;1;2;5;189;RD810;;;;640
28529;201500031654;15;5;2;1300;1;2;1;1;3;189;79 AVENUE JAURES JEAN;M;4337859.0;-167065.0;640
28530;201500031655;15;3;8;1305;1;1;1;1;7;545;ROUTE D'IBARDIN;M;4335500.0;-169069.0;640
28531;201500031656;15;5;3;1810;1;2;1;8;1;189;PONT GENERAL DE GAULLE;M;4338509.0;-166370.0;640
28532;201500031657;15;3;8;1825;1;1;1;1;6;483;VIEILLE ROUTE SAINT PEE;M;4339084.0;-162853.0;640
28533;201500031658;15;5;4;1835;1;2;3;1;1;483;14 RUE JOACHIM ABROUCHE;M;4338706.0;-166128.0;640
28534;201500031659;15;3;9;1655;1;1;1;1;2;545;RD810;M;4334966.0;-174379.0;640
28535;201500031660;15;5;8;1643;1;2;3;1;3;260;RUE DE BEHOBIE;M;4334987.0;-177938.0;640
28536;201500031661;15;3;10;1035;1;2;3;1;3;260;AVENUE DES MAGNOLIAS;M;4337115.0;-177584.0;640
28537;201500031662;15;5;9;1255;1;1;1;8;1;545;ROUTE DE LA CORNICHE;M;4339144.0;-169904.0;640
28538;201500031663;15;3;17;720;1;2;1;1;2;260;BOULEVARD DE L EMPEREUR;;;;640
28539;201500031664;15;5;11;1545;1;1;3;1;1;483;RD810;M;4341355.0;-161446.0;640
28540;201500031665;15;5;12;920;1;2;1;1;1;260;RUE D AIZPURDI;M;4335620.0;-177082.0;640
28541;201500031666;15;5;17;2340;5;2;1;1;1;260;63 BD DE L EMPEREUR;M;4336242.0;-176190.0;640
28542;201500031667;15;5;25;1710;1;2;1;1;1;260;CD 912;M;4337371.0;-177121.0;640
28543;201500031668;15;5;27;900;1;2;3;1;3;260;20 RUE D' IRANDATZ;M;4335355.0;-177258.0;640
28544;201500031669;15;5;27;1530;1;2;1;1;2;483;AVENUE DE CHANTACO;M;4337578.0;-163785.0;640
28545;201500031670;15;5;28;855;1;2;1;1;3;260;ROUTE DE BEHOBIE;M;4334701.0;-176617.0;640
28546;201500031671;15;5;28;1700;1;2;1;1;6;483;46, BERNOVILLE GAETAN;M;4340330.0;-164988.0;640
28547;201500031672;15;6;1;1800;1;1;1;1;3;545;BRETELLE DE SOCOA RD 913;M;4337756.0;-168713.0;640
28548;201500031673;15;6;2;2035;1;2;1;1;3;260;RUE DES ALLEES;M;4335709.0;-177438.0;640
28549;201500031674;15;6;3;1640;1;2;1;1;2;483;AVENUE DE JALDAY;M;4340578.0;-162488.0;640
28550;201500031676;15;6;5;1404;1;2;1;1;2;483;AVENUE DE CHANTACO;M;4337723.0;-163773.0;640
28551;201500031678;15;6;12;1800;1;1;1;1;4;545;(ROUTE DE LA CORNICHE;M;4338464.0;-172026.0;640
28552;201500031680;15;6;15;1030;1;2;1;1;3;545;RD810;M;4337800.0;-167164.0;640
28553;201500031681;15;6;15;1730;1;2;1;1;1;483;CHEMIN IRACHABAL;M;4339266.0;-162710.0;640
28554;201500031682;15;6;18;830;1;2;1;1;6;545;22, BERNARD DE CORAL (RU;M;4336273.0;-169667.0;640
28555;201500031683;15;6;20;1725;1;2;1;1;3;260;AVENUE BAIE DE CHINGUDY;M;4337013.0;-177864.0;640
28556;201500031684;15;6;22;805;1;1;1;1;1;545;ROUTE DE LA GLACIERE;M;4336048.0;-174427.0;640
28557;201500031685;15;6;24;1416;1;2;1;1;1;260;5 RUE DES RESERVOIRS;M;4335381.0;-177082.0;640
28558;201500031686;15;6;29;1159;1;2;1;1;3;483;VIEILLE ROUTE SAINT PEE;M;4338865.0;-164875.0;640
28559;201500031687;15;7;2;1335;1;2;6;1;2;260;BOULEVARD DE LEMPEREUR;M;4335339.0;-177125.0;640
28560;201500031688;15;7;2;1650;1;2;1;1;3;189;44 AVENUE JAURES JEAN;M;4338083.0;-166839.0;640
28561;201500031689;15;7;3;1402;1;2;1;1;6;483;BD JEAN MARTIN PASSICOT;M;4338619.0;-166035.0;640
28562;201500031690;15;7;5;1830;1;2;1;1;6;260;77 BOULEVARD LECLERC;M;4337192.0;-177333.0;640
28563;201500031691;15;7;7;1325;1;2;3;1;3;189;AV F MITTERRAND;M;4337998.0;-166208.0;640
28564;201500031693;15;7;8;545;5;2;6;1;1;189;20 AVENUE JEAN  JAURES;M;4338448.0;-166642.0;640
28565;201500031694;15;7;8;2000;1;2;6;1;1;483;PONT CHARLES DE GAULLE;M;4338521.0;-166343.0;640
28566;201500031695;15;7;9;1735;1;2;3;1;1;260;2 RUE DU TUNNEL;;;;640
28567;201500031696;15;7;9;1850;1;1;1;1;2;483;RD810;M;4340150.0;-163676.0;640
28568;201500031697;15;7;11;1515;1;2;6;1;6;189;CARREFOUR DES EVADES;M;4338466.0;-166631.0;640
28569;201500031698;15;7;12;1920;1;2;1;1;6;260;21 BOULEVARD DE LA MER;M;4337506.0;-176592.0;640
28570;201500031699;15;7;16;1105;1;1;3;1;3;483;CHEMIN DE SENIX;M;4341934.0;-162240.0;640
28571;201500031700;15;7;18;1805;1;1;3;1;1;545;2010 CHEMIN DES CRETES;M;4336970.0;-173384.0;640
28572;201500031701;15;7;20;1700;1;2;1;1;4;483;40 AV ANDRE ITHURRALDE;M;4339675.0;-164539.0;640
28573;201500031702;15;7;21;1710;1;1;1;1;2;483;VIEILLE ROUT SAINT PEE;;;;640
28574;201500031703;15;7;27;2305;5;2;1;1;1;483;RD810;M;4338385.0;-166620.0;640
28575;201500031704;15;7;26;1110;1;2;1;1;3;483;AVENUE DE CHANTACO;M;4322572.0;-138526.0;640
28576;201500031705;15;7;28;1050;1;1;1;1;6;260;23 AVENUE D'ESPAGNE;M;4335062.0;-178445.0;640
28577;201500031706;15;7;30;1605;1;2;1;1;6;260;20 RUE D'ORIO;M;4336177.0;-175648.0;640
28578;201500031707;15;7;30;1631;1;1;1;1;3;483;RD810;M;4340270.0;-163497.0;640
28579;201500031708;15;8;2;1320;1;1;1;1;3;483;ROUTE D'AHETZE;M;4340720.0;-160816.0;640
28580;201500031709;15;8;2;1415;1;2;1;1;6;260;AVENUE BAIE DE CHINGUDY;M;4336916.0;-177239.0;640
28581;201500031710;15;8;4;1740;1;2;1;1;3;483;AV ANDRE ITHURRALDE;M;4339121.0;-165616.0;640
28582;201500031711;15;8;5;1335;1;2;1;1;2;260;ROUTE DE LA CORNICHE;M;4337369.0;-175584.0;640
28583;201500031712;15;8;5;1620;1;2;1;1;3;483;RD 810;M;4340716.0;-162723.0;640
28584;201500031713;15;8;7;1045;1;1;1;1;3;483;1 RUE DE L'INDUSTRIE;M;4334755.0;-177032.0;640
28585;201500031714;15;8;10;1315;1;1;3;1;3;483;AVENUE DE JALDAY;M;4340627.0;-162434.0;640
28586;201500031715;15;8;10;1800;1;2;1;1;3;249;RD810;M;4342655.0;-160376.0;640
28587;201500031717;15;8;13;1755;1;2;1;1;3;189;BOULEVAR PIERRE BENOIT;M;4338777.0;-167059.0;640
28588;201500031719;15;8;18;1805;1;2;1;1;3;545;RD810;M;4337476.0;-167867.0;640
28589;201500031720;15;8;18;1936;1;2;1;1;2;483;AV ANDRE ITHURRALDE;M;4339526.0;-164805.0;640
28590;201500031721;15;8;24;2050;1;1;3;1;3;545;ROUTE DE LA CORNICHE;M;4338637.0;-171107.0;640
28591;201500031722;15;8;28;1156;1;2;1;1;3;260;BOULEVARD DE LA MER;M;4337527.0;-176432.0;640
28592;201500031723;15;8;28;2010;1;2;1;1;2;189;BOULEVARD PIERRE BENOIT;M;4338847.0;-167911.0;640
28593;201500031724;15;8;28;2125;5;2;1;1;3;260;RUE DE BEHOBIE;M;4334927.0;-177059.0;640
28594;201500031725;15;8;28;1555;1;2;1;1;4;545;RD 810;M;4337716.0;-167436.0;640
28595;201500031726;15;8;30;1700;1;2;1;1;2;545;RD810;M;4335222.0;-173843.0;640
28596;201500031727;15;9;3;1500;1;2;3;1;1;260;RUE NOUVELLE;M;4335362.0;-177424.0;640
28597;201500031728;15;9;4;1720;1;2;3;1;3;260;1 RUE DES ROSIERS;M;4336880.0;-177114.0;640
28598;201500031729;15;9;5;1420;1;2;3;1;3;483;BV COMMANDANT PASSICOT;M;4338615.0;-166105.0;640
28599;201500031730;15;9;25;935;1;2;1;1;2;260;ROUTE DE LA CORNICHE;M;4337371.0;-175585.0;640
28600;201500031731;15;10;3;2025;2;2;1;1;6;545;13 RUE CHARLES PUCHEU;M;4334570.0;-176218.0;640
28601;201500031732;15;10;8;1815;1;2;1;1;2;483;AV GREGORIO MARANON;M;4338496.0;-166119.0;640
28602;201500031733;15;10;8;1815;1;2;2;1;3;260;RUE ELISSACILIO;M;4337279.0;-176859.0;640
28603;201500031735;15;10;10;1155;1;2;1;1;3;483;ANDRE ITHURRALDE;M;4340992.0;-162220.0;640
28604;201500031736;15;10;10;1745;1;2;1;1;1;545;RD810;M;4336101.0;-170144.0;640
28605;201500031737;15;10;10;1820;1;2;1;1;7;545;RD810;M;4335018.0;-174752.0;640
28606;201500031738;15;10;15;1219;1;2;1;1;3;260;AV BAIE DE CHINGUDY;M;4336836.0;-177178.0;640
28607;201500031739;15;10;23;914;1;2;1;1;6;483;AVENUE DE VERDUN;M;4338651.0;-166302.0;640
28608;201500031740;15;10;24;1720;1;2;1;1;3;483;AV ANDRE ITHURRALDE;;;;640
28609;201500031741;15;10;25;125;3;2;1;1;6;189;1930 ROUTE D' ASCAIN;M;4336123.0;-164047.0;640
28610;201500031742;15;10;26;1935;5;2;1;1;3;189;RUE ARISTIDE BOUROUSSE;M;4338273.0;-166547.0;640
28611;201500031743;15;11;5;902;1;2;1;1;3;189;CARREFOUR DES EVADES;M;4338461.0;-166620.0;640
28612;201500031744;15;10;30;1830;5;2;1;1;1;545;RD810;M;4336176.0;-169618.0;640
28613;201500031745;15;11;6;930;1;1;1;1;3;189;AV FRANCOIS MITTERRAND;M;4338089.0;-166274.0;640
28614;201500031746;15;11;12;1720;1;1;1;1;1;483;VIEILLE ROUTE SAINT PEE;;;;640
28615;201500031747;15;11;13;805;1;2;1;1;1;545;6 ROUTE DE LA CORNICHE;M;4339053.0;-168594.0;640
28616;201500031748;15;11;13;1005;1;1;3;1;3;483;RD 810;M;4341349.0;-161450.0;640
28617;201500031749;15;10;16;1835;1;2;1;1;5;483;26 AVENUE DE CHANTACO;M;4338252.0;-164916.0;640
28618;201500031750;15;11;19;1850;1;2;3;1;3;249;RD810;M;4342431.0;-160466.0;640
28619;201500031751;15;11;20;1900;5;2;1;8;2;545;RD810;M;4337763.0;-167326.0;640
28620;201500031752;15;11;21;1940;3;2;1;3;2;545;RD810;M;4335692.0;-173548.0;640
28621;201500031753;15;11;24;1710;1;2;1;2;5;483;59 AV ANDRE ITHURRALDE;M;4339580.0;-164718.0;640
28622;201500031754;15;11;25;1500;1;2;1;3;2;260;BOULEVARD DE L'EMPEREUR;M;4335658.0;-176602.0;640
28623;201500031755;15;12;4;1010;1;2;1;1;6;483;AVENUE DE VERDUN;M;4338631.0;-165980.0;640
28624;201500031756;15;12;4;1300;1;2;1;1;2;483;RD810;M;4340194.0;-163636.0;640
28625;201500031757;15;12;9;855;1;2;1;8;2;189;RD810;M;4338168.0;-166765.0;640
28626;201500031759;15;12;19;1000;1;2;1;1;3;260;BOULEVARD DE L'EMPEREUR;M;4336031.0;-176289.0;640
28627;201500031760;15;12;21;1535;1;2;1;1;2;483;RD 810;M;4339097.0;-165421.0;640
28628;201500031761;15;2;19;1000;1;2;1;7;6;483;AV PIERRE LARRAMENDY;M;4338572.0;-166269.0;640
28629;201500031762;15;3;20;1830;2;2;1;3;6;286;1, SAINT-PIERRE (RUE);M;4309685.0;-4596.0;650
28630;201500031763;15;4;6;1750;1;1;1;1;4;286;2, PAU (ROUTE  DE);M;4310950.0;-7002.0;650
28631;201500031764;15;4;6;1830;1;2;1;1;2;286;3, ABADIE (Avenue Fran?o;M;4310820.0;-3914.0;650
28632;201500031765;15;4;10;835;1;2;1;1;6;286;4, ESPAGNE (BOULEVARD D';M;4308820.0;-4293.0;650
28633;201500031766;15;4;14;1655;1;2;1;1;6;286;1, CHAMP COMMUN (PLACE );M;4309425.0;-4733.0;650
28634;201500031767;15;4;18;1640;1;2;1;1;6;286;12, MARANSIN (CHAUSSEE);M;4309853.0;-4552.0;650
28635;201500031768;15;6;11;1415;1;2;2;1;3;286;1, LAPACCA (BOULEVARD DU;M;4309720.0;-3852.0;650
28636;201500031769;15;6;17;1140;1;2;1;1;3;286;42, PEYRAMALE (AVENUE);M;4309270.0;-5517.0;650
28637;201500031770;15;6;18;845;1;2;1;1;2;286;6, ESPAGNE (BOULEVARD D';M;4308710.0;-4316.0;650
28638;201500031771;15;6;22;850;1;1;1;1;2;286;1, Route Nationale 21;M;4311640.0;-3280.0;650
28639;201500031772;15;7;5;600;5;2;9;1;6;286;21, FOCH (AVENUE MARECHA;M;4308990.0;-4622.0;650
28640;201500031773;15;7;9;1900;1;2;3;1;1;286;1, LAGARDERE (AVENUE FRA;M;4308926.0;-4611.0;650
28641;201500031774;15;8;7;1750;1;2;1;1;2;286;VIZENS (AVENUE DE);M;4310570.0;-6471.0;650
28642;201500031775;15;8;26;1620;1;2;1;1;6;286;1, MICHELET (RUE EDMOND);M;4308940.0;-4677.0;650
28643;201500031777;15;9;3;1550;1;2;7;2;6;286;1, LAURENCE (PLACE MONSE;M;4309670.0;-5461.0;650
28644;201500031779;15;9;23;830;1;1;1;2;6;286;15/01/2016, RD921B-COTE;M;4307570.0;-4085.0;650
28645;201500031780;15;9;26;700;5;2;1;1;6;286;1, CHAMP COMMUN (PLACE);M;4309350.0;-4709.0;650
28646;201500031781;15;9;28;1755;1;2;1;1;3;286;25, LAPACCA (BOULEVARD D;M;4309670.0;-3809.0;650
28647;201500031782;15;10;9;1810;1;1;1;1;4;286;1, Route Nationale 21;M;4311620.0;-3296.0;650
28648;201500031783;15;10;17;1225;1;1;1;1;1;286;36, FOCH (AVENUE MARECHA;M;4309090.0;-4617.0;650
28649;201500031784;15;10;24;1040;1;2;6;1;3;286;1, ROND POINT DE L EUROP;M;4310740.0;-3976.0;650
28650;201500031785;15;12;2;1425;1;2;1;1;6;286;1, PYRENEES (PLACE DES);M;4309300.0;-4866.0;650
28651;201500031786;15;12;18;1355;1;1;1;1;1;286;RN21;M;4312510.0;-2697.0;650
28652;201500031787;15;1;11;1655;1;2;1;1;4;286;43, LAGARDERE (AVENUE FR;M;4308586.0;-4590.0;650
28653;201500031788;15;2;19;2025;5;2;1;1;1;286;45, JEAN PRAT(AVENUE);M;4310940.0;-7001.0;650
28654;201500031789;15;3;8;1845;2;2;1;1;1;286;58, PAU (RUE DE);M;4309958.0;-5161.0;650
28655;201500031790;15;1;2;1010;1;2;1;1;6;440;MARTINET (BOULEVARD DU);M;4323824.0;8250.0;650
28656;201500031791;15;3;17;1355;1;2;2;1;5;440;ALSACE LORRAINE (AVENUE);M;4324452.0;7341.0;650
28657;201500031792;15;1;6;840;1;2;6;1;3;417;GUINIER (RUE DU DOCTEUR);M;4322386.0;9426.0;650
28658;201500031793;15;3;17;1330;1;2;2;1;3;440;., DIDEROT (RUE);M;4324534.0;7438.0;650
28659;201500031794;15;1;8;1140;1;2;1;1;2;417;., ALSTHOM (PONT);M;4322338.0;9249.0;650
28660;201500031795;15;3;20;1620;1;2;1;8;4;440;JOFFRE (AVENUE DU MARECH;M;4323944.0;6553.0;650
28661;201500031796;15;1;20;845;1;1;2;1;3;100;BOURS (ROUTE DE);M;4326807.0;7649.0;650
28662;201500031797;15;3;23;830;1;2;2;2;6;47;82, JAURES (AVE JEAN);M;4324340.0;9565.0;650
28663;201500031799;15;3;25;1210;1;2;1;8;3;440;4, LIBERATION (AVENUE DE;M;4324320.0;6735.0;650
28664;201500031800;15;2;2;605;5;2;2;1;3;440;1, NELLY (RUE JOSEPH);M;4323993.0;7709.0;650
28665;201500031801;15;3;26;900;1;2;1;1;6;440;., ADOUR (QUAI DE L');M;4323128.0;8754.0;650
28666;201500031802;15;2;26;1450;1;2;3;2;6;440;1, PASTEUR (RUE);M;4323540.0;6666.0;650
28667;201500031803;15;3;29;115;3;1;1;1;6;226;., PAU (ROUTE DE);M;4324161.0;-2051.0;650
28668;201500031804;15;2;28;400;5;2;2;1;3;440;FOCH (RUE DU MARECHAL);M;4323220.0;7837.0;650
28669;201500031805;15;4;2;1820;1;2;3;1;2;100;., CASSIN (RUE RENE);M;4326699.0;6758.0;650
28670;201500031806;15;3;4;1615;1;2;1;1;6;100;5, CROIZAT (RUE A.);M;4325720.0;5181.0;650
28671;201500031807;15;4;3;2041;5;2;1;1;6;440;26, VERDUN (PLACE DE);M;4323360.0;7432.0;650
28672;201500031808;15;3;5;1020;1;2;2;1;6;440;1ter, BYE (RUE RENE);M;4323510.0;7166.0;650
28673;201500031809;15;4;8;2150;5;2;3;1;3;440;4, MARNE (AVENUE DE LA);M;4323171.0;8546.0;650
28674;201500031810;15;3;5;1205;1;2;1;1;2;433;23, FOURCADE (RUE ANDRE);M;4320670.0;9898.0;650
28675;201500031811;15;4;10;2135;5;2;1;1;1;440;2, MAI 1945 (BOULEVARD D;M;4321900.0;7152.0;650
28676;201500031812;15;3;11;825;1;2;3;1;3;440;., AMSTRONG (RUE NEIL);M;4321750.0;8610.0;650
28677;201500031813;15;4;26;120;5;2;1;1;1;440;., FORGES (AVENUE DES );M;4324080.0;8210.0;650
28678;201500031814;15;3;15;1935;4;2;3;1;3;440;29, SEPTEMBRE (RUE DU IV;M;4322890.0;8053.0;650
28679;201500031816;15;4;30;1245;1;1;2;1;3;417;., MITTERRAND (AVENUE FR;M;4322416.0;10167.0;650
28680;201500031817;15;4;30;1608;1;2;2;1;3;100;., SEMARD (RUE PIERRE);M;4325230.0;5401.0;650
28681;201500031818;15;5;6;1140;1;2;1;1;6;440;11, FOULON (RUE DU);M;4322990.0;8253.0;650
28682;201500031819;15;5;10;1010;1;2;6;1;3;440;SAINTE-CATHERINE (RUE);M;4323150.0;6155.0;650
28683;201500031820;15;5;17;30;5;2;2;1;3;440;., FOULON (RUE DU);M;4323040.0;8222.0;650
28684;201500031822;15;5;29;900;1;2;2;1;6;440;., SAINT-EXUPERY (AVENUE;M;4324450.0;7331.0;650
28685;201500031823;15;5;30;425;5;2;1;2;6;440;., DEBUSSY (BOULEVARD CL;M;4322120.0;6052.0;650
28686;201500031824;15;6;2;1743;1;1;1;1;3;417;145, MITTERRAND (AVENUE;M;4321340.0;11336.0;650
28687;201500031825;15;6;3;2040;1;2;2;1;6;440;SOLFERINO (RUE);M;4323810.0;6571.0;650
28688;201500031826;15;6;5;2255;5;2;2;1;3;440;., SAINT-EXUPERY (AVENUE;M;4324407.0;6645.0;650
28689;201500031827;15;6;9;1600;1;2;1;1;6;440;43, SAINT-EXUPERY (AVENU;M;4324430.0;7168.0;650
28690;201500031828;15;6;14;1;3;1;1;2;7;226;, BAGNERES (CHEMIN DU);M;4322460.0;2656.0;650
28691;201500031829;15;6;17;1045;1;1;2;1;3;100;., BOURS (ROUTE DE);M;4326830.0;7686.0;650
28692;201500031830;15;6;19;1220;1;2;2;1;3;440;FORGES (AVENUE DES);M;4324080.0;7737.0;650
28693;201500031831;15;6;22;1500;1;2;2;1;3;100;COMMANDEUR (AVENUE DU);M;4325840.0;3954.0;650
28694;201500031832;15;6;22;1845;1;2;1;1;6;251;5, ALLEE (RUE DE L');M;4321020.0;7486.0;650
28695;201500031833;15;6;26;1155;1;1;2;1;3;100;5, BOURS (ROUTE DE);M;4326830.0;7686.0;650
28696;201500031836;15;6;30;825;1;2;1;1;4;100;70, BORDEAUX (ROUTE DE);M;4326550.0;7128.0;650
28697;201500031837;15;7;18;2025;1;2;3;3;3;440;., FRATERNITE (RUE DE LA;M;4322190.0;8474.0;650
28698;201500031838;15;7;20;1815;1;2;1;1;6;440;18, GONNES (RUE DE);M;4322980.0;7533.0;650
28699;201500031839;15;7;24;1830;1;1;1;1;5;226;., PAU (ROUTE DE);M;4324223.0;55.0;650
28700;201500031840;15;7;25;1000;1;1;1;1;1;100;BORDEAUX (RTE DE) CD 902;M;4324750.0;3997.0;650
28701;201500031841;15;7;30;2040;1;2;2;1;1;440;., FORGES (AVENUE DES);M;4323920.0;8512.0;650
28702;201500031842;15;8;5;1530;1;2;2;1;3;226;, PAU (ROUTE DE);M;4324318.0;-889.0;650
28703;201500031844;15;8;17;1420;1;1;1;2;3;226;., GABIZOS (Rue du);M;4321970.0;3079.0;650
28704;201500031845;15;8;18;1035;1;2;1;1;3;440;39, CORPS FRANC POMMIES;M;4323590.0;6148.0;650
28705;201500031846;15;8;21;1550;1;2;5;1;3;440;, LATTRE DE TASSIGNY(BOU;M;4322800.0;5651.0;650
28706;201500031847;15;8;28;1910;1;2;1;1;6;440;3, JAURES (PLACE JEAN);M;4323230.0;7756.0;650
28707;201500031848;15;9;4;1245;1;2;3;1;5;440;ALSACE LORRAINE (AVENUE);M;4324960.0;7276.0;650
28708;201500031849;15;9;8;900;1;2;1;1;3;417;132, MITTERRAND (AVENUE;M;4321350.0;11334.0;650
28709;201500031850;15;9;8;1200;1;2;1;1;6;440;8, FOURCADE (RUE ANDRE);M;4323440.0;7781.0;650
28710;201500031851;15;9;9;1825;1;2;2;1;3;440;., GAUTIER (RUE THEOPHIL;M;4323360.0;7565.0;650
28711;201500031852;15;9;11;900;1;1;2;1;3;226;., DEPARTEMENTALE 64 (RO;M;4324670.0;4213.0;650
28712;201500031853;15;9;24;1145;1;2;1;1;5;417;., SAINT FRAI (PONT);M;4322920.0;9157.0;650
28713;201500031854;15;9;25;840;1;2;1;1;6;440;9, SEPTEMBRE (RUE DU IV);M;4322840.0;7685.0;650
28714;201500031855;15;9;25;1730;1;1;1;1;1;433;., PYRENEES (AVENUE DES;M;4319537.0;10055.0;650
28715;201500031856;15;9;28;1805;1;2;3;1;3;440;REGIMENT DE BIGORRE (AVE;M;4322840.0;7005.0;650
28716;201500031857;15;9;29;1150;1;1;1;1;2;100;., BORDEAUX (ROUTE DE) C;M;4326833.0;7113.0;650
28717;201500031858;15;10;1;905;1;2;2;1;3;440;., MARTINET (BOULEVARD D;M;4323293.0;8637.0;650
28718;201500031859;15;10;9;2015;1;1;1;1;3;47;., SPORTS (AVE DES);M;4323520.0;10411.0;650
28719;201500031860;15;10;14;755;2;2;1;1;5;433;23, FOURCADE (RUE ANDRE);M;4320670.0;9909.0;650
28720;201500031861;15;10;15;1430;1;2;2;1;1;440;MERMOZ (AVENUE JEAN);M;4324350.0;5893.0;650
28721;201500031862;15;10;15;1500;1;2;2;1;2;440;PEREIRE (RUE EMILE);M;4323880.0;7851.0;650
28722;201500031863;15;10;21;1020;1;2;1;1;6;440;56, MARTINET (BOULEVARD;M;4323750.0;8326.0;650
28723;201500031864;15;10;23;1145;1;1;1;1;3;331;78, LOURDES (AVENUE DE);M;4321030.0;4739.0;650
28724;201500031865;15;10;27;1340;1;2;1;1;6;440;63, CARNOT (RUE);M;4321910.0;7083.0;650
28725;201500031866;15;10;27;1955;2;2;2;1;3;440;., REGIMENT DE BIGORRE (;M;4322540.0;6943.0;650
28726;201500031867;15;10;29;1635;1;2;3;1;3;440;14, TORNE (RUE ABBE);M;4323370.0;7243.0;650
28727;201500031868;15;11;12;850;1;2;6;8;3;440;SAINT FRAI (ROND POINT);M;4322870.0;8820.0;650
28728;201500031869;15;11;15;1755;1;2;1;1;2;251;., ALLEE (RUE DE L');M;4321050.0;7733.0;650
28729;201500031870;15;11;19;1435;1;2;6;1;2;440;., FERRE (PLACE);M;4322840.0;7570.0;650
28730;201500031871;15;11;23;1700;1;2;1;1;6;440;42, DUPARC (RUE HENRI);M;4322510.0;5759.0;650
28731;201500031872;15;11;26;800;1;2;1;1;6;440;22, CRONSTADT (RUE DE);M;4322850.0;7492.0;650
28732;201500031873;15;11;26;810;1;2;1;1;6;440;., DREYT (RUE GASTON);M;4323090.0;6518.0;650
28733;201500031874;15;11;27;1145;1;2;2;1;3;440;., MARTINET (RUE DU);M;4323460.0;8409.0;650
28734;201500031875;15;11;28;1750;2;1;1;1;3;226;., OURSBELILLE (ROUTE D';M;4325110.0;1880.0;650
28735;201500031876;15;12;7;1725;1;2;1;1;3;440;., SEPTEMBRE (RUE DU IV);M;4322840.0;7605.0;650
28736;201500031877;15;12;11;1300;1;2;3;1;3;440;47, AZEREIX (AVENUE D');M;4322350.0;4885.0;650
28737;201500031878;15;12;14;755;5;2;1;1;3;440;13, JOFFRE (AVENUE DU MA;M;4323960.0;7255.0;650
28738;201500031879;15;12;19;333;5;2;1;1;2;440;148, REGIMENT DE BIGORRE;M;4322580.0;6683.0;650