;Num_Acc;an;mois;jour;hrmn;lum;agg;int;atm;col;com;adr;gps;lat;long;dep
28739;201500031880;15;12;25;1005;1;2;9;1;6;440;., PAUL (BOULEVARD JEAN;M;4322290.0;9098.0;650
28740;201500031881;15;12;26;950;1;2;1;1;3;440;121, CORPS FRANC POMMIES;M;4323660.0;5538.0;650
28741;201500031882;15;12;29;1125;1;2;3;1;3;47;., JAURES (AVE JEAN);M;4324340.0;9565.0;650
28742;201500031884;15;8;10;1615;1;1;1;1;6;181;;M;4306709.0;135544.0;90
28743;201500031886;15;1;6;1100;1;2;1;1;6;136;4, CLEMENCEAU BOULEVARD;M;4270109.0;289275.0;660
28744;201500031887;15;1;12;1445;1;2;1;1;6;136;JUGAN;M;4267413.0;290467.0;660
28745;201500031888;15;1;15;1109;1;2;1;1;6;136;FOCH MARECHAL;M;4269491.0;288919.0;660
28746;201500031889;15;1;16;1917;2;2;1;1;2;136;LANGUEDOC AVENUE DU;M;4273224.0;288943.0;660
28747;201500031891;15;1;20;837;1;1;1;1;3;136;GAUGUIN AVENUE PAUL;M;4271737.0;289087.0;660
28748;201500031892;15;1;21;835;1;2;1;1;6;136;MERCADER BOULEVARD FELI;M;4269258.0;289190.0;660
28749;201500031894;15;1;22;1130;1;2;1;1;6;136;SAINT-ASSISCLE BOULEVAR;M;4269612.0;287833.0;660
28750;201500031895;15;1;23;2200;5;1;1;6;6;136;R D 900;M;4269468.0;285055.0;660
28751;201500031897;15;1;23;1850;5;2;1;1;2;136;ARGELES SUR MER AVENU;M;4268158.0;291052.0;660
28752;201500031898;15;2;2;1715;2;1;1;1;2;136;ARCADES RD POINT;M;4267435.0;288798.0;660
28753;201500031899;15;2;4;30;5;2;1;1;6;136;8, VARIETES;M;4270221.0;289394.0;660
28754;201500031900;15;2;5;1840;5;2;1;1;6;136;KENNEDY BD JOHN-FITZGER;M;4269053.0;290168.0;660
28755;201500031901;15;2;6;805;1;1;1;1;4;136;R D 900;;;;660
28756;201500031902;15;2;6;1054;1;1;1;1;6;136;93, FOCH (MARECHAL);M;4269426.0;288842.0;660
28757;201500031903;15;2;12;1715;1;2;1;1;3;136;JULIEN PANCHOT (AVENUE);M;4269085.0;288115.0;660
28758;201500031904;15;2;13;1245;1;2;1;1;2;136;R D 900;;;;660
28759;201500031905;15;2;14;1106;1;2;1;1;6;136;11, PASSIO-VELLA (CHEMIN;M;4268660.0;289976.0;660
28760;201500031906;15;2;16;2322;5;2;1;1;6;136;66, DESNOYE (BOULEVARD D;M;4271390.0;288610.0;660
28761;201500031908;15;2;13;1955;3;1;1;1;3;136;6, BLANC AVENUE ROSETTE;M;4269898.0;290643.0;660
28762;201500031909;15;2;19;900;1;2;1;1;6;136;PERI (PLACE GABRIEL);M;4269867.0;289127.0;660
28763;201500031910;15;2;20;1115;1;2;1;1;2;136;60, MERCADER (BOULEVARD;M;4269239.0;289205.0;660
28764;201500031911;15;3;1;1950;2;2;1;1;3;136;";, PALAIS-DES-EXPO (AVEN";M;4270777.0;290241.0;660
28765;201500031912;15;3;1;925;1;1;1;1;3;136;R D 900;M;4267829.0;288058.0;660
28766;201500031913;15;3;3;820;1;1;2;1;3;136;MAS-PASSAMA (CHEMIN DU);M;4265862.0;287440.0;660
28767;201500031914;15;3;9;1957;5;2;1;1;6;136;ALDUY (Paul);M;4267862.0;290472.0;660
28768;201500031915;15;3;11;720;1;1;1;1;6;136;1935, ESPAGNE (ROUTE D');M;4267200.0;288645.0;660
28769;201500031916;15;3;12;1050;1;2;1;1;3;136;., COQUELICOTS (DES);M;4270444.0;290218.0;660
28770;201500031917;15;3;13;1000;1;2;1;1;7;136;CLEMENCEAU (BOULEVARD);M;4269934.0;288859.0;660
28771;201500031918;15;3;13;1000;1;2;1;1;6;136;., GILLES (AVENUE GENERA;M;4269682.0;292287.0;660
28772;201500031919;15;3;13;740;1;2;1;1;6;136;11, PAYRA (JEAN);M;4270179.0;289330.0;660
28773;201500031920;15;3;16;1345;1;2;1;2;6;136;10, FRANCE (BOULEVARD AN;M;4269730.0;290397.0;660
28774;201500031921;15;3;17;1430;1;2;1;1;3;136;PONT-TRENCAT (CAMI DEL);M;4267024.0;285928.0;660
28775;201500031922;15;3;22;1700;1;2;1;1;3;136;., PANCHOT (AVENUE JULIE;M;4268809.0;287364.0;660
28776;201500031923;15;3;23;740;1;2;2;2;3;136;VIGNES (DES);M;4270483.0;288644.0;660
28777;201500031924;15;3;25;1550;1;2;1;1;3;136;65, AERODROME AVENUE DE;M;4272452.0;288218.0;660
28778;201500031926;15;3;27;645;1;1;1;1;6;136;R D 900;;;;660
28779;201500031927;15;4;1;1220;1;2;1;6;6;136;., ALDUY (Paul);M;4267565.0;290506.0;660
28780;201500031928;15;4;5;1230;1;2;1;1;6;136;JOFFRE (AVENUE DU MARECH;M;4271762.0;288722.0;660
28781;201500031929;15;4;6;2045;3;2;1;1;3;136;BERGES ARISTIDE;M;4273026.0;289412.0;660
28782;201500031930;15;4;10;2342;5;2;1;1;6;136;";, JOFFRE (AVENUE DU MAR";M;4270656.0;289184.0;660
28783;201500031932;15;4;9;1110;1;2;2;1;3;136;JUIN (AVENUE DU MARECHAL;M;4268818.0;289709.0;660
28784;201500031933;15;4;13;1700;1;2;1;1;6;136;CASALS Pau (Av);M;4271765.0;288597.0;660
28785;201500031934;15;4;15;1041;1;2;1;1;6;136;3, POINCARE (BOULEVARD H;M;4269153.0;289356.0;660
28786;201500031935;15;4;23;1810;1;2;1;1;6;136;5, KENNEDY (BD JOHN-FITZ;M;4268978.0;290260.0;660
28787;201500031936;15;4;26;445;3;1;1;8;6;136;Départementale  617;;;;660
28788;201500031937;15;4;24;1654;1;2;1;1;6;136;., CLEMENCEAU (BOULEVARD;M;4269860.0;288740.0;660
28789;201500031938;15;5;4;1740;1;2;1;1;6;136;GAULLE (AVENUE GENERAL D;M;4269798.0;288658.0;660
28790;201500031939;15;5;6;1745;1;1;1;1;6;136;Départementale 914;;;;660
28791;201500031940;15;5;10;645;1;2;2;1;3;136;KENNEDY BD JOHN-FITZ;M;4269063.0;290132.0;660
28792;201500031941;15;5;10;1200;1;2;1;1;6;136;MERCADER BOULEVARD F;M;4269165.0;289300.0;660
28793;201500031942;15;5;9;1850;1;2;2;1;3;136;., BRUTUS AVENUE GILBERT;M;4269374.0;289125.0;660
28794;201500031943;15;5;8;1115;1;2;1;1;6;136;., GUYNEMER (AVENUE GEOR;M;4269523.0;290244.0;660
28795;201500031944;15;5;8;1740;1;2;1;1;6;136;31, BRIAND BOULEVARD ARI;M;4269531.0;290230.0;660
28796;201500031945;15;5;9;1040;1;1;1;1;2;136;Départementale 914;;;;660
28797;201500031946;15;5;13;1700;1;2;1;1;4;136;Départementale 914;;;;660
28798;201500031947;15;5;18;1215;1;2;2;1;3;136;SAINTE-BARBE CHEMIN;M;4267316.0;285813.0;660
28799;201500031948;15;5;25;1140;1;2;1;6;6;136;ZAMENHOP DOCTEUR LUD;M;4269701.0;289061.0;660
28800;201500031949;15;5;29;1010;1;2;2;1;1;136;CASSIN AVENUE RENE;M;4268123.0;289615.0;660
28801;201500031950;15;6;4;620;1;1;1;1;3;136;., ANCIEN CHEMIN DE BOMP;M;4270942.0;290554.0;660
28802;201500031951;15;6;5;2040;2;1;1;1;1;136;rd91;M;0.0;0.0;660
28803;201500031952;15;6;7;930;1;2;1;1;5;136;., ESCARGUEL (COURS LAZA;M;4269864.0;288728.0;660
28804;201500031953;15;6;9;1400;1;1;1;1;2;136;3170, PRADES AVENUE DE;M;0.0;0.0;660
28805;201500031954;15;6;9;1700;1;2;1;1;6;136;., FOMENT DE LA SARDANE;M;4272445.0;288041.0;660
28806;201500031955;15;6;10;1610;1;2;1;1;6;136;02, FERMAT (PIERRE DE);M;4270793.0;289307.0;660
28807;201500031956;15;11;26;1530;1;1;1;2;6;136;ROUTE NATIONALE 9;M;4269450.0;284932.0;660
28808;201500031957;15;6;17;740;1;1;1;1;6;136;., R D 900;M;0.0;0.0;660
28809;201500031958;15;6;15;1415;1;2;1;1;3;136;837, INDUSTRIE (AVENUE D;M;4273103.0;290080.0;660
28810;201500031960;15;6;19;1750;1;2;1;1;2;136;., DESNOYE (BOULEVARD DR;M;4270871.0;288593.0;660
28811;201500031961;15;7;2;1455;1;2;1;1;6;136;1152, LANGUEDOC (AVENUE;M;4273124.0;288918.0;660
28812;201500031962;15;7;3;1243;1;2;1;1;3;136;ALDUY (Paul);M;4267991.0;290354.0;660
28813;201500031963;15;7;5;420;5;2;6;1;3;136;FRANCE LIBRE (BOULEVARD;M;4270534.0;290188.0;660
28814;201500031964;15;7;8;815;1;2;1;1;2;136;VIELLEDENT (JEAN);M;4269611.0;289909.0;660
28815;201500031965;15;7;9;950;1;2;1;1;1;136;R D 900;M;4270230.0;288536.0;660
28816;201500031966;15;7;9;1600;1;1;1;1;3;136;R D 900;M;4267044.0;285706.0;660
28817;201500031968;15;7;9;1800;1;1;6;1;2;136;FRANCE LIBRE (BOULEVARD;M;4270763.0;290907.0;660
28818;201500031969;15;7;10;1125;1;2;1;1;3;136;NUNGESSER-ET-COLI (BOULE;M;4268180.0;289267.0;660
28819;201500031970;15;7;13;2010;2;2;2;1;3;136;AERODROME AVENUE DE L'(C;M;4272194.0;288509.0;660
28820;201500031972;15;7;16;1620;1;2;1;1;2;136;ROUDAYRE (AVENUE EMILE);M;4270911.0;289853.0;660
28821;201500031973;15;7;18;750;1;2;1;1;6;136;JUIN (AVENUE DU MARECHAL;M;4268729.0;290128.0;660
28822;201500031975;15;7;26;1915;1;2;1;1;6;136;CARSALADE-DU-PONT(AVENUE;M;4268819.0;290026.0;660
28823;201500031976;15;8;21;1801;1;1;1;1;4;136;Départementale 914;M;0.0;0.0;660
28824;201500031977;15;8;24;1500;1;1;1;1;4;136;R D 900;M;4267085.0;285627.0;660
28825;201500031978;15;8;25;1159;1;1;1;1;3;136;PONT-TRENCAT (CAMI DEL);M;4267085.0;285606.0;660
28826;201500031979;15;8;26;1730;1;1;1;1;3;136;43, POINCARE (BOULEVARD;M;4269137.0;289678.0;660
28827;201500031980;15;8;29;1415;1;2;1;1;6;136;33, LECLERC (AVENUE DU G;M;4270115.0;289028.0;660
28828;201500031981;15;8;30;1924;1;1;1;1;7;136;R D 900;M;4267831.0;288059.0;660
28829;201500031982;15;9;3;1028;1;1;1;2;7;136;D 616;M;0.0;0.0;660
28830;201500031983;15;9;4;810;1;2;4;1;3;136;17, PIA (TRAVERSE DE);M;4270732.0;289337.0;660
28831;201500031984;15;9;5;1430;1;1;1;1;2;136;R D 900;M;0.0;0.0;660
28832;201500031986;15;9;7;921;1;1;1;1;3;136;Départementale 914;M;0.0;0.0;660
28833;201500031987;15;9;7;1330;1;1;1;1;3;136;ANCIEN CHEMIN DE BOMPAS;M;4271331.0;290587.0;660
28834;201500031988;15;9;13;850;1;2;1;1;3;136;INDUSTRIE (AVENUE DE L');M;4272973.0;289814.0;660
28835;201500031990;15;9;11;2320;5;2;1;1;6;136;24, KENNEDY (BD JOHN-FIT;M;4268864.0;290407.0;660
28836;201500031991;15;9;14;1950;1;2;1;1;3;136;31, ALDUY (Paul);M;4267075.0;290501.0;660
28837;201500031992;15;9;17;1030;1;1;1;1;1;136;MAILLOLES (CHEMIN);M;4268009.0;286849.0;660
28838;201500031993;15;9;21;1030;1;2;1;1;3;136;., ALDUY (Paul);M;4268486.0;290188.0;660
28839;201500031994;15;9;20;1610;1;1;1;1;6;136;., GRANDE BRETAGNE (AVEN;M;4269804.0;288659.0;660
28840;201500031995;15;10;2;900;1;2;1;1;6;136;GAUGUIN (AVENUE PAUL);M;4271731.0;289084.0;660
28841;201500031996;15;10;6;1920;1;2;1;1;1;136;., PERRIN (JEAN);M;4273425.0;288733.0;660
28842;201500031997;15;10;6;2045;5;2;1;1;1;136;., DALBIEZ (AVENUE VICTO;M;4268554.0;288213.0;660
28843;201500031998;15;10;15;1720;1;1;1;1;6;136;., TORCATIS (AVENUE LOUI;M;4270300.0;288640.0;660
28844;201500031999;15;10;16;755;1;1;1;1;3;136;FAUCEILLE (CHEMIN DE LA);M;4266995.0;290496.0;660
28845;201500032000;15;10;16;1800;2;2;1;1;6;136;., ARGELES SUR MER AVENU;M;4268383.0;290926.0;660
28846;201500032001;15;10;17;1800;1;1;1;1;6;136;., ESPAGNE (ROUTE D');M;4267027.0;288275.0;660
28847;201500032003;15;10;18;2211;3;1;1;1;1;136;SAINT CHARLES (ROCADE);M;0.0;0.0;660
28848;201500032004;15;10;23;1530;1;2;1;1;3;136;Départementale  617;M;4269902.0;292932.0;660
28849;201500032005;15;10;24;932;1;2;1;1;6;136;MISTRAL (BOULEVARD FREDE;M;4269790.0;290549.0;660
28850;201500032006;15;10;27;1840;1;1;1;1;6;136;ROUDAYRE (AVENUE EMILE);M;4270703.0;290002.0;660
28851;201500032007;15;11;2;1000;1;2;1;1;6;136;MIRABEAU (VICTOR);M;4269921.0;289492.0;660
28852;201500032008;15;11;3;1326;1;1;1;1;3;136;ESPAGNE (ROUTE D');M;0.0;0.0;660
28853;201500032009;15;11;3;1100;1;1;1;1;2;136;., COPENHAGUE (ROND POIN;M;4269110.0;285200.0;660
28854;201500032010;15;11;4;1359;1;1;1;1;6;136;COURTY (PAUL);M;4269874.0;288901.0;660
28855;201500032011;15;11;4;1420;1;1;1;1;3;136;PRADES (AVENUE DE);M;4269301.0;284845.0;660
28856;201500032012;15;11;6;1610;1;1;1;1;3;136;CASSIN (AVENUE RENE);M;4268121.0;289442.0;660
28857;201500032013;15;11;11;900;1;2;1;1;3;136;SAINT-ASSISCLE (BOULEVAR;M;4269607.0;287833.0;660
28858;201500032014;15;11;11;1320;1;2;1;1;3;136;POINCARE (BOULEVARD HENR;M;4269127.0;289653.0;660
28859;201500032016;15;11;13;1430;1;2;1;1;6;136;PEGUY (CHARLES);M;4269358.0;290714.0;660
28860;201500032017;15;11;16;850;1;1;1;1;4;136;Départementale 914;M;0.0;0.0;660
28861;201500032018;15;11;16;815;1;2;1;1;6;136;., COQUELICOTS (DES);M;4270306.0;290341.0;660
28862;201500032019;15;11;19;900;1;2;1;1;6;136;., SANT-VICENS;M;4269297.0;291533.0;660
28863;201500032020;15;11;23;1740;2;2;1;1;4;136;., BLANC AVENUE ROSETTE;M;4269931.0;291639.0;660
28864;201500032021;15;12;1;800;1;2;1;1;3;136;BRIAND BOULEVARD ARISTID;M;4269407.0;290108.0;660
28865;201500032022;15;12;1;1811;2;2;1;1;6;136;SAINT-ASSISCLE (BOULEVAR;M;4269100.0;288111.0;660
28866;201500032023;15;12;3;1015;1;2;1;1;6;136;58, MERCADER (BOULEVARD;M;4269207.0;289279.0;660
28867;201500032024;15;12;6;1419;1;2;1;1;3;136;58, MERCADER (BOULEVARD;M;4269212.0;289262.0;660
28868;201500032028;15;12;15;915;1;2;2;1;3;136;VIVES (CHEMIN DEL);M;4270865.0;289641.0;660
28869;201500032029;15;12;14;735;2;2;1;1;6;136;JULIEN PANCHOT (AVENUE);M;4269118.0;288181.0;660
28870;201500032030;15;12;17;1125;1;2;1;1;6;136;CLEMENCEAU (BOULEVARD);M;4269935.0;288874.0;660
28871;201500032031;15;6;27;1345;1;1;1;1;6;22;CC La Pelle ou Rouge-Boi;M;4791646.0;491254.0;520
28872;201500032033;15;4;30;630;2;2;1;1;6;149;quai de la banquière;M;0.0;0.0;60
28873;201500032034;15;5;12;845;1;2;1;1;3;60;176 avenue de rimiez;M;0.0;0.0;60
28874;201500032035;15;6;16;1630;1;2;1;1;6;54;5 vallon des arnulfs;M;0.0;0.0;60
28875;201500032036;15;9;1;1245;1;2;6;1;2;149;Bd Général DE GAULLE;M;0.0;0.0;60
28876;201500032037;15;9;3;845;1;1;1;1;1;149;;M;0.0;0.0;60
28877;201500032038;15;9;22;1530;1;1;1;1;1;149;;M;0.0;0.0;60
28878;201500032039;15;10;3;715;1;1;1;1;6;149;;M;;;60
28879;201500032040;15;12;8;1015;1;2;1;1;1;149;bd général de gaule;M;0.0;0.0;60
28880;201500032043;15;2;27;1200;1;1;1;1;1;347;;M;0.0;0.0;670
28881;201500032044;15;6;17;1100;1;1;2;7;3;370;;M;0.0;0.0;670
28882;201500032045;15;10;1;1845;3;1;1;1;7;535;;M;0.0;0.0;670
28883;201500032046;15;1;29;700;3;1;1;3;3;126;;M;4646554.0;-84558.0;850
28884;201500032048;15;3;13;1130;1;2;1;1;2;223;RD 137 GDE RUE DU MAGNY;M;4654620.0;-106524.0;850
28885;201500032049;15;5;3;810;1;1;1;2;2;209;;M;4650244.0;-99360.0;850
28886;201500032050;15;7;3;1030;1;1;1;1;1;34;;M;4662200.0;-115300.0;850
28887;201500032051;15;7;19;1415;1;1;3;1;3;264;;M;4669683.0;-70830.0;850
28888;201500032052;15;9;7;1415;1;1;1;1;2;92;;M;4645100.0;-81400.0;850
28889;201500032053;15;9;17;830;1;1;9;1;1;91;;M;0.0;0.0;850
28890;201500032054;15;1;30;845;1;1;1;4;6;518;;M;0.0;0.0;800
28891;201500032055;15;1;31;1015;1;1;1;4;6;600;;M;0.0;0.0;800
28892;201500032056;15;4;23;1130;1;1;1;1;6;344;;M;0.0;0.0;800
28893;201500032057;15;5;5;1750;1;1;1;6;6;692;;M;0.0;0.0;800
28894;201500032058;15;8;3;200;3;1;9;1;2;149;;M;0.0;0.0;800
28895;201500032059;15;9;27;530;3;1;9;1;6;126;;M;0.0;0.0;800
28896;201500032060;15;12;15;745;2;1;1;2;4;635;;M;0.0;0.0;800
28897;201500032061;15;3;30;815;1;1;1;8;7;541;;M;4951144.0;98672.0;760
28898;201500032062;15;6;11;1500;1;1;1;1;1;555;;M;4953693.0;122926.0;760
28899;201500032063;15;7;17;1230;1;1;1;8;2;756;;M;4958343.0;127655.0;760
28900;201500032064;15;9;9;1715;1;1;1;1;5;7;;M;0.0;0.0;10
28901;201500032065;15;9;16;1830;1;2;1;1;3;4;rue Aristide Briand;M;0.0;0.0;10
28902;201500032066;15;12;30;1230;1;1;1;5;2;7;;M;0.0;0.0;10
28903;201500032067;15;2;5;1000;1;1;1;6;7;190;;M;0.0;0.0;660
28904;201500032069;15;8;18;845;1;1;1;1;1;136;;M;0.0;0.0;660
28905;201500032070;15;10;8;1430;1;1;1;1;4;136;;M;0.0;0.0;660
28906;201500032071;15;8;28;600;3;1;1;2;6;331;D384;M;4849045.0;477734.0;520
28907;201500032072;15;9;4;1900;1;1;1;1;6;182;;M;0.0;0.0;520
28908;201500032073;15;9;30;1900;1;1;1;1;1;294;;M;4855894.0;492510.0;520
28909;201500032074;15;11;13;1245;1;1;1;2;1;182;;M;4853989.0;482336.0;520
28910;201500032076;15;6;17;1800;1;2;1;1;6;205;R DE LA LIBERATION;M;4902240.0;237420.0;950
28911;201500032077;15;8;8;1015;1;1;1;1;3;229;AV JEAN ROSTAND;M;4903430.0;234190.0;950
28912;201500032079;15;8;20;2030;1;2;1;1;1;229;R PAUL FORT;M;4903280.0;235050.0;950
28913;201500032080;15;12;14;845;1;1;1;1;5;680;RD 10;M;4901790.0;241180.0;950
28914;201500032081;15;3;20;630;2;1;1;1;3;482;;M;0.0;0.0;250
28915;201500032082;15;4;16;1945;1;1;1;1;6;474;;M;0.0;0.0;250
28916;201500032083;15;8;29;645;2;1;1;1;2;212;;M;0.0;0.0;250
28917;201500032084;15;1;6;1115;1;2;6;1;3;180;SCHIRRHEIN (ROUTE DE);;;;670
28918;201500032085;15;3;14;1010;1;2;1;1;1;180;NOTRE DAME (RUE);;;;670
28919;201500032086;15;1;15;715;3;1;1;8;6;180;RD263;;;;670
28920;201500032087;15;3;19;1700;1;2;1;1;6;180;PREFET LEZAY-MARNEZIA (R;;;;670
28921;201500032088;15;1;20;1740;5;2;1;1;6;180;15, MAIRE ANDRE TRABAND;;;;670
28922;201500032090;15;1;27;1910;5;2;1;1;6;180;DESIRE BRUMBT (PLACE);;;;670
28923;201500032091;15;4;15;1450;1;1;1;1;2;180;RD 1063;;;;670
28924;201500032092;15;5;7;1715;1;1;1;1;1;180;RD 1063;;;;670
28925;201500032093;15;5;27;1847;1;2;1;1;6;180;14, ROBERT SCHUMAN (PLAC;;;;670
28926;201500032094;15;6;18;1700;1;2;1;8;6;180;49, CHEMIN LONG;M;4800000.0;700000.0;670
28927;201500032095;15;7;8;26;5;2;1;1;6;180;20, MARE AUX CANARDS (RU;;;;670
28928;201500032096;15;9;13;1130;1;2;1;2;3;180;79, BITCHE (ROUTE DE);;;;670
28929;201500032097;15;12;15;834;1;1;1;1;1;180;RD 1063;;;;670
28930;201500032098;15;12;18;2240;5;2;2;1;3;180;12, CHAPELLE DE LA CROIX;;;;670
28931;201500032099;15;7;10;2030;1;2;1;1;7;195;RD 910;M;0.0;0.0;860
28932;201500032100;15;7;18;30;3;1;1;1;6;186;La chapelle;M;4685000.0;62000.0;860
28933;201500032101;15;10;9;930;1;1;1;1;3;128;;M;0.0;0.0;860
28934;201500032102;15;10;15;800;2;1;1;2;7;128;;M;0.0;0.0;860
28935;201500032103;15;12;31;930;1;1;1;1;6;19;6 rue de la poussarderie;M;4674360.0;44649.0;860
28936;201500032105;15;9;5;830;1;1;1;1;7;82;;M;0.0;0.0;740
28937;201500032106;15;12;24;1945;5;1;1;1;2;201;;M;0.0;0.0;740
28938;201500032107;15;9;23;1815;1;2;1;1;3;19;RN7 Le Village;M;0.0;0.0;380
28939;201500032108;15;10;29;1800;5;2;1;1;5;336;633 RN7;M;0.0;0.0;380
28940;201500032109;15;11;13;2030;3;2;1;1;2;336;montée du grand pavé;M;0.0;0.0;380
28941;201500032110;15;11;20;2145;5;2;1;2;3;19;rue des essarts;M;0.0;0.0;380
28942;201500032112;15;12;5;2300;5;2;6;1;7;425;ROND POINT MAIRIE;M;0.0;0.0;380
28943;201500032113;15;12;8;1745;3;1;2;1;1;160;RTE VIANNAIS/MARINIERE;M;4549933.0;497423.0;380
28944;201500032114;15;4;19;1815;1;1;1;1;3;72;;M;0.0;0.0;830
28945;201500032115;15;7;7;715;1;1;1;1;1;72;;M;4348239.0;629009.0;830
28946;201500032116;15;7;25;1745;1;1;1;1;3;134;;M;4346121.0;640687.0;830
28947;201500032117;15;8;29;1030;1;1;1;1;7;3;;M;0.0;0.0;830
28948;201500032118;15;10;19;1945;3;1;1;1;3;72;;M;0.0;0.0;830
28949;201500032119;15;11;10;1300;1;1;1;1;1;72;;M;0.0;0.0;830
28950;201500032120;15;11;18;1600;1;1;1;1;3;136;;M;0.0;0.0;830
28951;201500032122;15;12;5;615;3;1;9;2;5;104;;M;0.0;0.0;130
28952;201500032123;15;12;17;700;2;1;1;1;6;14;;M;0.0;0.0;130
28953;201500032124;15;1;5;1400;1;2;2;7;6;462;1, MOULINS (PLACE DES);;;;670
28954;201500032125;15;4;21;1227;1;1;1;1;7;462;1, QUATRIEME ZOUAVES (RU;;;;670
28955;201500032126;15;5;18;755;1;1;1;1;3;462;RN 83 SUD;;;;670
28956;201500032127;15;5;29;1810;1;2;1;1;3;462;STRASBOURG (ROUTE DE);;;;670
28957;201500032128;15;6;2;1739;1;2;3;1;1;462;00, SCHWILGUE (RUE);M;4826370.0;745175.0;670
28958;201500032129;15;6;3;1732;1;2;1;1;1;462;7, THIERS (BOULEVARD);;;;670
28959;201500032130;15;6;10;940;1;1;9;1;2;462;RN 83 SUD;M;4824180.0;742844.0;670
28960;201500032131;15;8;10;2301;3;1;1;1;1;462;RD 424;;;;670
28961;201500032132;15;9;20;1120;1;2;2;1;3;462;STRASBOURG (ROUTE DE);M;4826512.0;745294.0;670
28962;201500032133;15;9;24;1745;1;2;1;1;6;462;MAIRE KNOLL (ALLEE DU);M;4826194.0;745128.0;670
28963;201500032134;15;10;13;751;1;2;2;1;3;462;LIBERTE (AVENUE DE LA);;;;670
28964;201500032135;15;10;17;2135;3;1;1;1;3;462;COLMAR (ROUTE DE);;;;670
28965;201500032137;15;12;31;242;3;1;1;2;6;462;MARCKOLSHEIM (ROUTE DE);;;;670
28966;201500032138;15;1;4;1757;5;2;1;1;3;482;0, JACQUES KABLE (RUE);;;;670
28967;201500032139;15;3;2;1515;1;2;1;1;3;482;0, RACINE (AVENUE);M;4859180.0;770444.0;670
28968;201500032140;15;1;5;1205;1;2;1;7;6;482;0, HOCHFELDEN (RUE DE);;;;670
28969;201500032141;15;3;4;1515;1;2;1;1;2;365;0, BOHRIE (ALLEE DU);M;4855086.0;771050.0;670
28970;201500032142;15;1;5;1300;1;2;1;1;3;218;0, COR DE CHASSE (RUE DU;;;;670
28971;201500032143;15;12;31;1810;5;2;1;1;1;482;7, DETTWILLER (RUE DE);M;4859529.0;772681.0;670
28972;201500032144;15;3;4;2155;5;2;1;1;3;43;0, GEORGES BURGER (RUE);M;4861525.0;772606.0;670
28973;201500032145;15;1;7;645;5;2;3;2;6;267;0, SCHUMAN (AVENUE);;;;670
28974;201500032147;15;1;7;1705;5;2;3;1;6;447;0, RONSARD (RUE);;;;670
28975;201500032148;15;3;8;2100;1;1;3;1;5;482;0, UNTERELSAU (RUE DE L;M;4856875.0;772703.0;670
28976;201500032149;15;1;9;1730;5;2;2;1;3;482;PERTOIS (RUE);;;;670
28977;201500032150;15;3;9;900;1;2;1;1;6;447;4-6, CONTADES (RUE DES);M;4860160.0;776272.0;670
28978;201500032152;15;3;9;1020;1;2;3;1;3;482;0, POLYGONE (ROUTE DU);M;4856458.0;776047.0;670
28979;201500032153;15;1;12;820;1;2;1;1;6;482;0, GANZAU (RUE DE LA);;;;670
28980;201500032154;15;3;9;1645;1;1;2;1;3;482;0, JEAN JAURES (AVENUE);M;4856966.0;776317.0;670
28981;201500032155;15;1;12;915;1;2;2;1;5;43;0, CHANTIERS (RUE DES);;;;670
28982;201500032156;15;3;11;14;5;2;1;2;2;447;0, BISCHWILLER (ROUTE DE;M;4860991.0;775056.0;670
28983;201500032157;15;1;13;1050;1;1;1;1;3;267;0, FOULONS (ALLEE DES);;;;670
28984;201500032158;15;3;12;1910;2;2;1;1;3;482;38, RACINE (AVENUE);M;4859138.0;770639.0;670
28985;201500032159;15;1;14;615;5;2;1;1;6;482;02, VOSGES (AVENUE DES);;;;670
28986;201500032160;15;3;15;940;1;2;1;1;2;267;64, MARECHAL FOCH (RUE D;M;4855830.0;768550.0;670
28987;201500032161;15;1;14;1445;1;2;3;1;6;482;0, HUMANN (RUE);;;;670
28988;201500032163;15;1;15;420;5;2;3;1;6;482;39, VOSGES (AVENUE DES);;;;670
28989;201500032164;15;3;17;1950;5;2;4;1;3;482;0, KAMPMANN (RUE);M;4853344.0;777142.0;670
28990;201500032165;15;1;15;1340;1;2;1;1;6;482;0, ALFRED KASTLER (RUE);;;;670
28991;201500032166;15;3;19;800;1;2;1;1;1;218;100, ESCHAU (ROUTE D );M;4849590.0;771725.0;670
28992;201500032167;15;1;16;2005;3;2;1;3;1;218;0, ALFRED KASTLER (ROUTE;;;;670
28993;201500032168;15;3;20;935;1;2;1;1;2;482;0, KOENIGSHOFFEN (RUE DE;M;4858077.0;770547.0;670
28994;201500032169;15;1;17;1633;2;2;1;1;6;482;273, COLMAR (AVENUE DE);;;;670
28995;201500032170;15;3;20;1215;1;1;1;1;6;482;114, COLMAR (AVENUE DE);M;4856670.0;775175.0;670
28996;201500032171;15;1;17;2120;5;2;3;8;2;482;0, GRAND PONT (RUE DU);;;;670
28997;201500032172;15;3;20;1600;1;2;1;1;3;482;77, FORET NOIRE (AVENUE;M;4858069.0;777686.0;670