;Num_Acc;an;mois;jour;hrmn;lum;agg;int;atm;col;com;adr;gps;lat;long;dep
28998;201500032174;15;3;23;1320;1;2;1;1;6;482;25, GENERAL DE GAULLE (A;M;4857816.0;776956.0;670
28999;201500032175;15;1;19;1720;5;2;2;2;3;218;0, FORT UHRICH (ROUTE DU;;;;670
29000;201500032176;15;3;27;2035;5;1;1;1;6;482;1, HOPITAL (PLACE DE L );M;4857738.0;774903.0;670
29001;201500032177;15;1;23;1730;5;2;1;1;3;482;0, HERRENSCHMIDT (AVENUE;;;;670
29002;201500032178;15;3;27;2245;5;2;3;1;3;482;, SCHIRMECK (ROUTE DE);M;4857336.0;771875.0;670
29003;201500032180;15;3;30;820;1;2;1;8;6;482;0, VITRY LE FRANCOIS (AV;;;;670
29004;201500032181;15;1;26;725;2;2;1;8;6;204;0, RIED (AVENUE DU);;;;670
29005;201500032182;15;3;30;855;1;2;2;1;3;482;0, ERNEST MUNCH (RUE);M;4858230.0;775717.0;670
29006;201500032183;15;1;26;2145;5;2;1;2;3;482;191, ROMAINS (ROUTE DES);;;;670
29007;201500032185;15;1;27;1230;1;2;3;1;6;218;0, CEINTURE (RUE DE LA);;;;670
29008;201500032186;15;3;30;1829;1;2;1;1;2;482;0, JULES VERNE (RUE);M;4859527.0;771808.0;670
29009;201500032187;15;1;27;1530;1;2;2;1;3;482;0, HOPITAL (ROUTE DE L );;;;670
29010;201500032188;15;4;1;1140;1;2;1;1;6;482;8, LIEPVRETTE (RUE DE LA;M;4861655.0;777422.0;670
29011;201500032189;15;1;29;1915;1;2;1;1;6;482;0, DUCS (RUE DES);;;;670
29012;201500032190;15;4;2;1020;1;2;1;2;3;43;4, ECOLE (RUE DE L );M;4861291.0;775556.0;670
29013;201500032191;15;1;30;530;5;2;6;1;3;482;0, PIERRE MENDES FRANCE;;;;670
29014;201500032192;15;4;6;1415;1;2;5;1;3;482;10, REITWILLER (RUE DE);M;4860102.0;770775.0;670
29015;201500032193;15;1;30;1840;5;2;1;2;6;447;0, GENERAL DE GAULLE (RO;;;;670
29016;201500032194;15;4;8;1005;1;2;1;1;6;482;1, GENERAL KOENIG (QUAI;M;4857536.0;775419.0;670
29017;201500032195;15;1;30;2145;5;2;2;2;6;482;0, HURTIGHEIM (RUE DE);;;;670
29018;201500032197;15;2;5;830;1;2;1;1;6;447;110, BISCHWILLER (ROUTE;;;;670
29019;201500032198;15;4;12;1700;1;1;2;1;3;482;0, FUSTEL DE COULANGES (;M;;;670
29020;201500032199;15;2;6;2310;5;2;1;1;6;43;0, SOUFFEL (CHEMIN DE LA;;;;670
29021;201500032200;15;4;14;755;1;2;3;1;3;267;127, MARECHAL FOCH (RUE;M;4855497.0;767822.0;670
29022;201500032201;15;2;11;1910;5;2;1;1;6;482;0, WISSEMBOURG (RUE DE);;;;670
29023;201500032202;15;4;14;1038;1;2;1;1;1;482;0, HAGUENAU (PLACE DE);M;4859150.0;774350.0;670
29024;201500032203;15;4;14;1205;1;2;2;1;3;43;CHARLES DE GAULLE (AVENU;M;4861336.0;773128.0;670
29025;201500032204;15;2;12;1210;1;2;1;8;6;482;0, SALLUSTE (RUE);;;;670
29026;201500032205;15;4;14;1724;1;2;1;1;3;482;0, WACKEN (RUE DU);M;4860033.0;775456.0;670
29027;201500032206;15;2;12;1500;1;2;1;1;7;482;0, CORDERIE (RUE DE LA);;;;670
29028;201500032207;15;4;15;1620;1;1;3;1;3;482;2, CHARLES PEGUY (RUE);;;;670
29029;201500032208;15;2;13;745;1;1;1;1;6;482;85, BOECKLIN (RUE);;;;670
29030;201500032209;15;4;15;1715;1;2;1;1;6;482;0, SCHIRMECK (ROUTE DE);M;4856160.0;769517.0;670
29031;201500032210;15;2;13;1045;1;2;3;1;3;482;0, BISCHWILLER (ROUTE DE;;;;670
29032;201500032211;15;4;17;345;5;2;1;1;6;482;114, POLYGONE (ROUTE DU);M;4856438.0;776050.0;670
29033;201500032212;15;2;14;1505;1;2;3;1;3;482;0, ENGELBREIT (RUE DE L;;;;670
29034;201500032213;15;4;17;942;1;1;1;1;6;482;327, COLMAR (AVENUE DE);M;4854911.0;774158.0;670
29035;201500032214;15;2;17;1730;5;2;3;1;3;482;6, TOUSSAINT (RUE DE LA);;;;670
29036;201500032216;15;2;19;840;1;2;3;1;3;447;0, SAINT CHARLES (RUE);;;;670
29037;201500032217;15;4;18;2010;2;1;5;1;6;482;0, VITRY LE FRANCOIS (AV;M;4857094.0;779556.0;670
29038;201500032218;15;2;20;1350;1;2;1;1;6;482;0, ILL (RUE DE L );;;;670
29039;201500032219;15;4;23;1735;1;2;1;1;6;482;77, FORET NOIRE (AVENUE;M;4858069.0;777686.0;670
29040;201500032220;15;2;21;15;5;2;1;1;6;482;14, MARSEILLAISE (AVENUE;;;;670
29041;201500032221;15;4;23;1830;1;2;1;1;6;482;0, CERVANTES (AVENUE);M;4859338.0;769872.0;670
29042;201500032223;15;4;24;1900;1;2;3;1;3;482;0, PAUL ELUARD (RUE);M;4858772.0;769783.0;670
29043;201500032224;15;2;27;1012;1;2;3;2;3;482;0, FREDERIC (RUE);;;;670
29044;201500032226;15;2;28;2155;4;2;1;1;3;482;0, HAGUENAU (RUE DE);;;;670
29045;201500032227;15;4;26;535;2;2;1;1;6;204;0, FONTAINE (RUE DE LA);M;4862452.0;774033.0;670
29046;201500032229;15;4;29;1420;1;2;1;1;6;482;0, COLMAR (AVENUE DE);M;4855858.0;774889.0;670
29047;201500032230;15;4;29;1500;1;2;1;1;2;482;0, LA ROCHELLE (RUE DE);;;;670
29048;201500032231;15;4;29;2105;5;2;2;1;1;482;PRESIDENT WILSON (BOULEV;M;4858747.0;773858.0;670
29049;201500032232;15;4;29;2155;5;2;1;1;3;482;0, UNTERELSAU (RUE DE L;M;4856197.0;773061.0;670
29050;201500032233;15;4;30;1940;1;2;1;1;4;482;9, GANZAU (RUE DE LA);M;4854369.0;776494.0;670
29051;201500032234;15;5;3;1430;1;2;5;2;1;482;0, SANTOS DUMONT (RUE);M;4855433.0;776949.0;670
29052;201500032235;15;5;4;745;1;2;1;1;6;482;0, ILE DE FRANCE (PLACE;;;;670
29053;201500032236;15;5;4;1710;1;2;1;1;3;482;67, ZURICH (RUE DE);M;4857880.0;775931.0;670
29054;201500032237;15;5;6;1730;1;2;1;1;4;482;0, Edmond MICHELET;M;4857364.0;776672.0;670
29055;201500032238;15;5;7;1017;1;2;1;1;6;482;132, SCHIRMECK (ROUTE DE;M;4857063.0;771137.0;670
29056;201500032239;15;5;7;1100;1;2;2;1;1;482;0, HERRENSCHMIDT (AVENUE;M;4859880.0;775281.0;670
29057;201500032240;15;5;7;1822;1;2;1;1;3;482;18, WASSELONNE (RUE DE);M;4857935.0;773270.0;670
29058;201500032241;15;5;8;1920;1;2;2;2;1;482;0, PAUL ELUARD (RUE);M;4858878.0;769707.0;670
29059;201500032242;15;5;10;900;1;2;3;1;3;482;0, PIERRE PFLIMLIN (BOUL;M;4859890.0;777344.0;670
29060;201500032243;15;5;11;1045;1;2;1;1;6;482;4, FRERES EBERTS (RUE DE;M;4855290.0;774381.0;670
29061;201500032244;15;5;14;1845;1;2;1;1;3;482;0, LAURENT BONNEVAY (RUE;M;4854918.0;775658.0;670
29062;201500032245;15;5;16;835;1;2;3;1;3;447;120, BISCHWILLER (ROUTE;M;4860642.0;774893.0;670
29063;201500032246;15;5;16;1532;1;2;1;1;6;482;26, PRESIDENT WILSON (BO;;;;670
29064;201500032247;15;5;16;1650;1;2;2;1;6;482;0, INGOLD (RUE);M;4854514.0;776959.0;670
29065;201500032248;15;5;21;837;1;2;1;1;2;482;4, FINKWILLER (QUAI);M;4857890.0;774342.0;670
29066;201500032249;15;5;22;1105;1;2;1;1;2;482;, PAIX (AVENUE DE LA);M;4858983.0;775572.0;670
29067;201500032250;15;5;22;1130;1;2;3;1;6;482;0, CURIE (RUE);M;4860150.0;771464.0;670
29068;201500032251;15;5;22;1745;1;2;1;1;3;43;56, BISCHWILLER (ROUTE D;M;4861498.0;775259.0;670
29069;201500032252;15;5;23;610;1;2;1;1;6;482;0, LA ROCHELLE (RUE DE);M;4851276.0;777340.0;670
29070;201500032253;15;5;23;2020;1;2;1;1;1;482;7, BERGERAC (RUE DE);M;4855327.0;776184.0;670
29071;201500032254;15;5;25;1020;1;2;2;1;3;218;0, ESCHAU (ROUTE D );M;4851110.0;771194.0;670
29072;201500032255;15;5;25;1623;1;2;1;1;6;482;0, RHIN TORTU (RUE DU);M;4855030.0;775800.0;670
29073;201500032256;15;5;26;1350;1;1;1;1;6;482;3, RENARDS (RUE DES);M;4859310.0;771869.0;670
29074;201500032257;15;5;27;1740;1;2;1;1;6;365;0, BOHRIE (ALLEE DU);M;4855146.0;770774.0;670
29075;201500032258;15;5;28;239;5;2;1;1;6;482;225, WANTZENAU (RTE DE L;M;4861772.0;778870.0;670
29076;201500032259;15;5;28;520;2;2;1;1;1;482;5, OBERHAUSBERGEN (ROUTE;M;4859890.0;770181.0;670
29077;201500032260;15;5;28;1020;1;2;1;1;3;482;44, FORET NOIRE (AVENUE;M;4858442.0;776970.0;670
29078;201500032261;15;5;28;1200;1;2;2;1;1;482;GENERAL ZIMMER (RUE DU);M;4858140.0;776278.0;670
29079;201500032262;15;5;30;1358;1;2;3;1;1;482;0, HIRONDELLES (RUE DES);M;4854019.0;776620.0;670
29080;201500032263;15;5;31;1810;1;2;1;1;6;482;0, JEAN GOEFFROY CONRATH;M;4858679.0;769451.0;670
29081;201500032264;15;6;1;1730;1;2;2;1;6;482;0, ALPES (QUAI DES);M;4857422.0;777119.0;670
29082;201500032265;15;6;3;1120;1;2;1;1;3;482;21, PIERRE PFLIMLIN (BOU;M;4859060.0;775597.0;670
29083;201500032266;15;6;2;1340;1;2;1;1;2;447;95, GENERAL DE GAULLE (R;M;4860640.0;773608.0;670
29084;201500032267;15;6;3;1800;1;2;1;1;3;482;75, SCHIRMECK (ROUTE DE);M;4857281.0;771638.0;670
29085;201500032268;15;6;3;1820;1;2;1;1;1;482;0, KEMPF (RUE);M;4860400.0;778750.0;670
29086;201500032269;15;6;4;2310;5;2;5;1;6;482;0, GOLBERY (PLACE);M;4858710.0;776647.0;670
29087;201500032270;15;6;5;1650;1;2;1;1;3;482;06/03/2016, BRUMATH (ROU;M;4859696.0;774166.0;670
29088;201500032272;15;6;6;1155;1;2;1;1;6;482;0, DRESDE (BOULEVARD DE);M;4859918.0;776297.0;670
29089;201500032274;15;6;10;1305;1;2;1;1;3;482;0, LAMPROIE (RUE DE LA);M;4859896.0;779090.0;670
29090;201500032275;15;6;11;1845;1;2;2;1;3;218;0, ALBERT SCHWEITZER (RU;M;4852108.0;772579.0;670
29091;201500032276;15;6;12;1008;1;2;1;1;6;482;0, FRANÇOIS MITTERRAND (;M;4858720.0;769714.0;670
29092;201500032277;15;6;12;1215;1;2;3;1;3;482;55, FAUBOURG DE PIERRE (;M;4858941.0;774520.0;670
29093;201500032278;15;6;12;1742;1;2;1;1;1;482;0, RACINE (AVENUE);M;4859140.0;770728.0;670
29094;201500032279;15;6;13;1003;1;2;1;1;2;482;MARECHAL JUIN (RUE DU);M;4857850.0;775998.0;670
29095;201500032280;15;6;13;2145;5;2;1;1;3;43;98, BISCHWILLER (ROUTE D;M;4861800.0;775461.0;670
29096;201500032281;15;6;14;10;5;2;1;1;6;482;0, RHIN (AVENUE DU);M;4857114.0;777432.0;670
29097;201500032282;15;6;16;2220;5;2;1;1;6;204;FONTAINE (RUE DE LA);M;4862430.0;774211.0;670
29098;201500032283;15;6;18;1220;1;2;1;3;4;218;0, STRASBOURG (AVENUE DE;M;4854373.0;773673.0;670
29099;201500032284;15;6;18;2020;1;2;2;1;3;482;0, BOECKLIN (RUE);M;4860030.0;778010.0;670
29100;201500032285;15;6;19;1410;1;2;1;1;3;482;0, VOSGES (AVENUE DES);M;4858831.0;775590.0;670
29101;201500032286;15;6;19;1740;1;2;1;1;6;482;6, MATHIAS GRUNEWALD (RU;M;4856758.0;772540.0;670
29102;201500032287;15;6;19;2100;1;2;1;1;3;482;15, ALSACE (AVENUE D );M;4858703.0;776019.0;670
29103;201500032288;15;6;20;1125;1;2;1;1;6;43;PERIGUEUX (AVENUE DE);M;4861407.0;775145.0;670
29104;201500032289;15;6;20;306;5;2;1;1;6;482;103, GRAND RUE;M;4858131.0;774476.0;670
29105;201500032290;15;6;25;940;1;2;1;1;6;482;0, ROYAL (PONT);M;4858426.0;775873.0;670
29106;201500032292;15;6;25;1850;1;2;1;1;3;482;14, OBERHAUSBERGEN (ROUT;M;4859215.0;771861.0;670
29107;201500032293;15;6;25;2000;1;2;3;1;3;218;196, LYON (RTE DE);M;4852133.0;770523.0;670
29108;201500032294;15;6;26;1615;1;2;1;1;6;447;93, GENERAL DE GAULLE (R;M;4860616.0;773605.0;670
29109;201500032295;15;6;28;1805;1;2;3;1;3;482;ARMANDE BEJART (RUE);M;4859260.0;771134.0;670
29110;201500032296;15;6;29;740;1;2;1;1;3;43;20, PERIGUEUX (AVENUE DE;M;4861420.0;774902.0;670
29111;201500032297;15;6;29;1923;1;2;1;1;6;482;36, PREMIERE ARMEE (RUE;M;4857577.0;775292.0;670
29112;201500032298;15;6;30;830;1;2;1;1;6;482;0, RHIN TORTU (RUE DU);M;4854833.0;775810.0;670
29113;201500032299;15;7;1;825;1;2;1;1;5;482;37, PLAINE DES BOUCHERS;M;4856932.0;773630.0;670
29114;201500032300;15;7;1;1510;1;2;2;1;3;482;AUSTERLITZ (PLACE D );M;4857756.0;775300.0;670
29115;201500032301;15;7;1;1625;1;2;3;1;3;482;0, BORDEAUX (PLACE DE);M;4859367.0;775805.0;670
29116;201500032302;15;7;2;2010;1;2;1;1;1;482;0, PAUL DOPF;M;4855504.0;776812.0;670
29117;201500032303;15;7;3;930;1;2;3;1;3;482;0, LORIENT (RUE DE);;;;670
29118;201500032304;15;7;3;2345;5;2;2;1;3;482;0, CORBEAU (PONT);M;4857940.0;775083.0;670
29119;201500032305;15;7;4;2330;5;2;1;1;6;204;0, TROIS MAIRES (RUE DES;M;4862590.0;777780.0;670
29120;201500032306;15;7;6;723;1;2;2;1;3;482;HOPITAL (ROUTE DE L );M;4857463.0;774980.0;670
29121;201500032307;15;7;6;945;1;2;1;1;1;482;0, MONTAGNE VERTE (RUE D;M;4856970.0;772862.0;670
29122;201500032308;15;7;6;1715;1;2;1;1;3;482;0, COLMAR (AVENUE DE);M;4854858.0;774094.0;670
29123;201500032309;15;7;7;1000;1;2;1;1;2;482;0, HEYRITZ (TUNNEL DU);M;4857173.0;774935.0;670
29124;201500032310;15;7;7;1850;1;2;2;1;3;482;0, BUCAREST (RUE DE);M;4856886.0;777707.0;670
29125;201500032311;15;7;7;2000;1;2;1;1;6;482;182, ROMAINS (ROUTE DES);M;4857879.0;770019.0;670
29126;201500032312;15;7;8;810;1;2;2;1;3;447;20, TRIBUNAL (RUE DU);M;4860327.0;775593.0;670
29127;201500032313;15;7;8;1540;1;2;1;1;6;482;0, KLEBER (QUAI);M;4858570.0;0.0;670
29128;201500032314;15;7;10;1020;1;2;1;1;1;482;0, RACINE (AVENUE);M;4859158.0;770588.0;670
29129;201500032315;15;7;10;1740;1;2;2;1;3;218;0, BURKEL (ROUTE);M;4852742.0;771831.0;670
29130;201500032316;15;7;11;300;5;2;1;1;6;482;0, MITTELHAUSBERGEN (ROU;M;4859121.0;772772.0;670
29131;201500032317;15;7;14;2040;1;2;1;1;6;482;0, NORMANDIE (AVENUE DE);M;4854910.0;775389.0;670
29132;201500032318;15;7;15;1040;1;2;1;1;2;482;35, VOSGES (AVENUE DES);M;4858925.0;775238.0;670
29133;201500032320;15;7;16;1346;1;2;3;1;3;43;BISCHWILLER (ROUTE DE);M;4861188.0;775113.0;670
29134;201500032321;15;7;17;2050;1;2;3;1;3;482;0, GALILEE (RUE);M;4860085.0;771583.0;670
29135;201500032322;15;7;20;930;1;2;1;1;6;482;83, SCHIRMECK (ROUTE DE);M;4857267.0;771615.0;670
29136;201500032323;15;7;20;2002;1;2;1;1;3;482;0, GEORGES WODLI (RUE);M;4858801.0;775880.0;670
29137;201500032324;15;7;24;1710;1;2;3;1;5;267;0, PIERRE PFIMLIN (ALLEE;M;4855329.0;769327.0;670
29138;201500032327;15;7;28;1515;1;2;1;1;3;482;0, HAVRE (RUE DU);M;4856960.0;778092.0;670
29139;201500032328;15;7;31;1325;1;2;2;1;3;482;0, COLMAR (AVENUE DE);M;4854903.0;774101.0;670
29140;201500032330;15;8;1;1750;1;2;2;1;3;482;MOLSHEIM (RUE DE);M;4857908.0;773489.0;670
29141;201500032331;15;8;2;1620;1;2;2;1;3;447;0, ZORN (RUE DE LA);M;4860963.0;776510.0;670
29142;201500032332;15;8;3;1500;1;2;1;1;4;482;D1004;M;4857230.0;779807.0;670
29143;201500032333;15;8;5;800;1;2;2;1;3;482;0, PAIX (AVENUE DE LA);M;4858860.0;775495.0;670
29144;201500032334;15;8;5;1705;1;2;1;1;6;482;0, VIENNE (ROUTE DE);M;4857284.0;775557.0;670
29145;201500032335;15;8;10;1640;1;2;2;1;6;482;0, COLMAR (AVENUE DE);M;4856135.0;775151.0;670
29146;201500032336;15;8;11;1420;1;2;1;1;6;482;0, OBERHAUSBERGEN (ROUTE;M;4859088.0;772512.0;670
29147;201500032337;15;8;18;900;1;2;1;1;3;482;COLMAR (AVENUE DE);;;;670
29148;201500032338;15;8;20;35;5;2;2;1;3;482;67, JACQUES KABLE (RUE);M;4859326.0;775260.0;670
29149;201500032339;15;8;23;2130;5;2;1;2;3;218;42, LYON (RTE DE);M;4853444.0;772354.0;670
29150;201500032340;15;8;25;1335;1;2;1;1;1;482;0, LOUIS PASTEUR (PONT);M;4857477.0;773657.0;670
29151;201500032341;15;8;25;2035;2;2;1;1;3;482;89, NEUHOF (ROUTE);;;;670
29152;201500032342;15;8;27;555;5;2;2;1;3;482;0, UNTERELSAU (RUE DE L;M;4856650.0;772785.0;670
29153;201500032343;15;8;28;1015;1;2;1;2;6;482;0, COLMAR (AVENUE DE);M;4856375.0;775294.0;670
29154;201500032344;15;8;28;2220;5;2;1;1;6;482;0, PRESIDENT WILSON (BOU;M;4858615.0;773708.0;670
29155;201500032345;15;8;29;1530;1;2;1;1;5;43;8, BRUMATH (ROUTE DE);M;4861536.0;773205.0;670
29156;201500032346;15;8;30;150;5;2;1;1;6;482;14, OBSERVATOIRE (RUE DE;M;4858229.0;776943.0;670
29157;201500032348;15;9;3;1500;1;2;1;1;1;482;0, RENAISSANCE (RUE DE L;M;4861368.0;179141.0;670
29158;201500032349;15;9;3;1534;1;2;1;1;6;218;93, STRASBOURG (AVENUE D;M;4853120.0;773266.0;670
29159;201500032350;15;9;3;1610;1;1;1;1;6;218;0, FORT UHRICH (ROUTE DU;M;4850915.0;773215.0;670
29160;201500032351;15;9;3;2000;5;2;1;1;3;482;0, BADEN POWELL (RUE);M;4859544.0;769185.0;670
29161;201500032352;15;9;3;2010;5;2;1;1;1;482;4, ALEXANDRE DUMAS (RUE);M;4858970.0;769840.0;670
29162;201500032354;15;9;6;301;5;2;1;1;6;218;15, ROSEAUX (RUE DES);M;4851881.0;771926.0;670
29163;201500032355;15;9;7;911;1;2;1;1;6;482;2bis, MASSENET (RUE);M;4858850.0;777116.0;670
29164;201500032356;15;9;7;1200;1;2;1;1;6;447;0, BISCHWILLER (ROUTE DE;M;4859729.0;774172.0;670
29165;201500032357;15;9;8;1630;1;2;1;1;6;482;0, ROBERTSAU (ALLEE DE L;M;4858781.0;776485.0;670
29166;201500032358;15;9;8;1740;1;2;1;1;2;482;0, KOENIGSHOFFEN (RUE DE;;;;670
29167;201500032360;15;9;10;745;1;1;1;1;6;482;0, HAGUENAU (PLACE DE);M;4859271.0;774367.0;670
29168;201500032361;15;9;10;1200;1;2;2;1;6;447;0, MARAIS (RUE DU);M;4860962.0;776515.0;670
29169;201500032362;15;9;12;1415;1;2;1;1;6;482;0, HELBLING (QUAI JEANNE;M;4857336.0;776426.0;670
29170;201500032363;15;9;14;1720;1;2;3;2;5;482;0, FAUBOURG DE PIERRE (P;M;4859422.0;775330.0;670
29171;201500032364;15;9;14;1720;1;2;2;1;3;204;0, FONTAINE (RUE DE LA);M;4862311.0;773064.0;670
29172;201500032365;15;9;14;1730;1;2;2;1;3;218;0, BURKEL (ROUTE);M;4852744.0;771825.0;670
29173;201500032366;15;9;15;1400;1;2;1;1;6;482;1, GEORGES WODLI (RUE);M;4873823.0;773823.0;670
29174;201500032367;15;9;15;1540;1;2;1;2;3;482;6, JACQUES PREISS (BOULE;M;4859189.0;776216.0;670
29175;201500032368;15;9;16;1522;1;2;1;1;3;482;223, COLMAR (AVENUE DE);;;;670
29176;201500032369;15;9;17;820;1;2;2;2;3;204;0, GENERAL DE GAULLE (AV;M;4861948.0;776463.0;670
29177;201500032370;15;9;17;1830;2;2;2;1;3;482;15, WASSELONNE (RUE DE);M;4857925.0;773338.0;670
29178;201500032371;15;9;18;930;1;2;1;1;3;482;0, RHIN (ROUTE DU);M;4857350.0;779796.0;670
29179;201500032372;15;9;18;1245;1;2;1;1;6;482;3, HALDENBOURG (PLACE DE;;;;670
29180;201500032373;15;9;18;1355;1;2;3;1;3;482;, GANZAU (RUE DE LA);;;;670
29181;201500032374;15;9;19;1730;1;2;2;1;3;482;0, DORDOGNE (BOULEVARD D;M;4858979.0;776716.0;670
29182;201500032375;15;9;19;2025;5;2;2;1;3;482;0, GARE AUX MARCHANDISES;M;4859204.0;773335.0;670
29183;201500032376;15;9;20;20;5;2;2;1;3;482;0, PAPETERIE (RUE DE LA);M;4861136.0;778120.0;670
29184;201500032377;15;9;21;1405;1;2;2;1;3;482;0, PRESIDENT POINCARE (B;M;4858989.0;774241.0;670
29185;201500032378;15;9;21;1520;1;2;1;1;2;482;0, PRESIDENT WILSON (BOU;M;4858707.0;773823.0;670
29186;201500032379;15;9;21;1605;1;2;2;1;6;482;0, LEBLOIS (BOULEVARD);M;4858122.0;777015.0;670
29187;201500032380;15;9;22;800;1;2;1;1;2;482;0, DOUBS (RUE DU);M;4855473.0;773355.0;670
29188;201500032382;15;9;23;1800;1;2;1;1;1;482;3, DANUBE (PONT DU);M;4860351.0;771224.0;670
29189;201500032383;15;9;23;2235;5;2;1;1;6;482;0, SCHIRMECK (ROUTE DE);M;4856267.0;769971.0;670
29190;201500032384;15;9;24;1350;1;2;3;1;6;482;161, ROMAINS (ROUTE DES);M;4857809.0;770080.0;670
29191;201500032385;15;9;24;2015;5;2;1;1;6;43;4, VERLAINE (RUE);M;4861279.0;773645.0;670
29192;201500032386;15;9;24;2035;5;2;2;1;3;482;0, WASSELONNE (RUE DE);M;4857951.0;773091.0;670
29193;201500032387;15;9;25;630;5;2;3;1;6;482;1, DOUBS (RUE DU);M;4856930.0;773539.0;670
29194;201500032388;15;9;25;1720;1;2;1;1;3;482;9A, CERF BERR (RUE);;;;670
29195;201500032389;15;10;1;815;1;2;1;1;3;482;6, ROMAINS (ROUTE DES);M;4858026.0;772041.0;670
29196;201500032390;15;10;1;1230;1;2;3;1;1;218;0, STRASBOURG (AVENUE DE;M;4854342.0;773634.0;670
29197;201500032391;15;10;1;1800;1;2;1;1;6;482;ROMAINS (ROUTE DES);M;4857838.0;770821.0;670
29198;201500032392;15;10;1;2130;5;2;1;1;6;365;127, GENERAL LECLERC (RU;M;4855240.0;771183.0;670
29199;201500032393;15;10;2;815;1;2;3;1;3;482;0, ERNEST MUNCH (RUE);M;4858230.0;775727.0;670
29200;201500032394;15;10;3;216;5;2;1;1;6;447;143, GENERAL DE GAULLE (;M;4861045.0;773389.0;670
29201;201500032396;15;10;5;2000;5;2;1;2;6;482;4, GENERAL OFFENSTEIN (R;M;4855765.0;774910.0;670
29202;201500032397;15;10;7;1100;1;2;1;1;6;482;3, FAUBOURG DE PIERRE (R;M;4858725.0;774631.0;670
29203;201500032398;15;10;7;1145;1;2;3;1;3;204;0, WANTZENAU (ROUTE DE L;M;4863757.0;777780.0;670
29204;201500032399;15;10;7;1715;1;1;2;1;1;482;0, DUCS (RUE DES);M;4859078.0;771593.0;670
29205;201500032401;15;10;8;1700;1;2;3;1;3;482;0, HOCHFELDEN (RUE DE);M;4859538.0;772790.0;670
29206;201500032402;15;10;10;1300;1;2;1;1;4;482;0, HERRENSCHMIDT (AVENUE;M;4859833.0;775381.0;670
29207;201500032403;15;10;12;1210;1;2;2;1;3;482;0, ANVERS (BOULEVARD D );M;4858542.0;777238.0;670
29208;201500032404;15;10;16;800;2;2;1;1;6;482;0, LANDSBERG (RUE DU);M;4856968.0;776329.0;670
29209;201500032406;15;10;19;1430;1;2;1;1;6;482;26, HERRADE (RUE);M;4858345.0;771519.0;670
29210;201500032407;15;10;19;1800;1;2;6;1;3;482;0, RENAISSANCE (RUE DE L;M;4861247.0;778781.0;670
29211;201500032408;15;10;24;2325;5;2;1;1;3;482;0, SEBASTIEN BRANT (PLAC;M;4858652.0;776222.0;670
29212;201500032409;15;10;26;1935;5;2;2;5;3;267;0, SCHUMANN (AVENUE);;;;670
29213;201500032410;15;10;30;2005;5;2;3;1;3;447;0, GENERAL DE GAULLE (RO;M;4860506.0;773758.0;670
29214;201500032411;15;10;30;1525;1;2;1;1;6;267;21, KOENIGSHOFFEN (RUE D;M;4855997.0;768161.0;670
29215;201500032412;15;11;2;1520;1;2;2;1;3;482;0, rue Edmond Michelet;M;4857451.0;776695.0;670
29216;201500032413;15;11;2;1925;3;1;1;5;5;482;0, LA ROCHELLE (RUE DE);M;4850410.0;776802.0;670
29217;201500032414;15;11;4;1545;1;2;1;1;4;482;0, VAUBAN (PONT);M;4858069.0;777258.0;670
29218;201500032415;15;11;4;1735;5;2;3;1;3;218;0, LYON (RTE DE);M;4853337.0;772187.0;670
29219;201500032416;15;11;7;350;5;2;2;8;6;482;0, LA ROCHELLE (RUE DE);M;4852498.0;777883.0;670
29220;201500032417;15;11;7;1115;1;2;2;1;2;482;FORET NOIRE (AVENUE DE L;M;4858307.0;777223.0;670
29221;201500032418;15;11;9;745;1;2;1;1;5;482;0, AUVERGNE (PONT D );M;4858550.0;776006.0;670
29222;201500032419;15;11;10;840;1;2;1;1;1;482;56, GRAND RUE;M;4858222.0;774143.0;670
29223;201500032420;15;11;10;1700;2;2;2;1;3;482;0, CARPE HAUTE (RUE DE L;M;4859574.0;778660.0;670
29224;201500032421;15;11;11;320;5;2;1;1;1;447;136, BISCHWILLER (ROUTE;M;4860761.0;774977.0;670
29225;201500032422;15;11;11;1720;5;2;1;1;2;482;35, BALDNER (RUE);M;4856860.0;776080.0;670
29226;201500032423;15;11;16;1430;1;2;1;1;3;482;0, ANVERS (BOULEVARD D );M;4858435.0;777340.0;670
29227;201500032424;15;11;18;1940;5;2;2;1;3;482;1, JEU DES ENFANTS (RUE;M;4858350.0;774180.0;670
29228;201500032426;15;11;20;1000;1;2;3;3;3;482;0, MITTELHAUSBERGEN (ROU;M;4859787.0;771450.0;670
29229;201500032427;15;11;21;1130;1;2;1;2;3;218;79, LYON (RTE DE);M;;;670
29230;201500032429;15;11;24;1730;5;2;2;1;3;482;0, PROVENCE (RUE DE);M;4854589.0;775822.0;670
29231;201500032430;15;11;25;1740;5;2;1;2;6;482;0, GANZAU (RUE DE LA);M;4854047.0;776157.0;670
29232;201500032431;15;11;25;1910;5;2;1;2;6;482;7, KOCH (QUAI);M;4858510.0;775873.0;670