;Num_Acc;an;mois;jour;hrmn;lum;agg;int;atm;col;com;adr;gps;lat;long;dep
29233;201500032432;15;11;27;2310;5;2;3;1;6;482;0, STOSSWIHR (RUE DE);M;4856808.0;777360.0;670
29234;201500032433;15;11;30;1040;1;2;2;1;3;482;0, WISSEMBOURG (RUE DE);M;4898927.0;774096.0;670
29235;201500032434;15;12;1;900;1;2;1;1;3;482;0, DANUBE (PONT DU);M;4857848.0;778283.0;670
29236;201500032435;15;12;1;1525;1;2;1;1;2;482;0, ALPES (QUAI DES);M;4857496.0;776360.0;670
29237;201500032436;15;12;2;1810;5;2;1;1;6;218;0, CEINTURE (RUE DE LA);M;4852340.0;772514.0;670
29238;201500032437;15;12;2;2020;5;2;2;1;3;482;0, MOLIERE (AVENUE);M;4859495.0;770737.0;670
29239;201500032438;15;12;3;730;2;2;1;1;1;482;0, RHIN (AVENUE DU);M;4857344.0;779835.0;670
29240;201500032439;15;12;3;1320;1;2;2;1;6;204;0, GENERAL DE GAULLE (AV;M;4861938.0;776456.0;670
29241;201500032440;15;12;5;2310;5;2;2;1;1;482;0, WASSELONNE (RUE DE);M;4857953.0;773073.0;670
29242;201500032441;15;12;6;700;2;2;2;1;3;482;0, ROMAINS (ROUTE DES);M;4858008.0;771899.0;670
29243;201500032442;15;12;11;950;1;2;1;1;6;482;106, ZIEGELAU (RUE DE LA;M;4856691.0;777226.0;670
29244;201500032444;15;12;14;1320;1;1;1;1;3;447;45, GENERAL DE GAULLE (R;M;4860132.0;773905.0;670
29245;201500032445;15;12;15;2200;5;2;2;1;3;482;34, HOPITAL (ROUTE DE L;M;4857312.0;775018.0;670
29246;201500032446;15;12;16;1820;5;2;1;1;2;482;ALPES (QUAI DES);;;;670
29247;201500032447;15;12;17;1715;2;2;1;1;3;482;9A, CERF BERR (RUE);M;4858718.0;769043.0;670
29248;201500032448;15;12;17;1730;5;2;6;1;6;218;1, PEAGE (PONT DU);M;4851906.0;770316.0;670
29249;201500032449;15;12;17;1715;5;2;3;1;6;482;0, NEUHOF (ROUTE);M;4854623.0;776551.0;670
29250;201500032450;15;12;18;2155;5;2;1;1;2;482;77, FORET NOIRE (AVENUE;M;4858070.0;777686.0;670
29251;201500032451;15;12;19;1415;1;2;1;1;3;482;0, PROVENCE (RUE DE);M;4854585.0;775803.0;670
29252;201500032452;15;12;20;1645;5;2;3;1;3;482;0, RHIN (ROUTE DU);M;4857045.0;778505.0;670
29253;201500032453;15;12;20;1730;5;2;2;1;3;482;JULES VEDRINES (RUE);M;4855451.0;776898.0;670
29254;201500032454;15;12;21;1345;1;2;1;1;3;482;0, BRUMATH (ROUTE DE);M;4859628.0;774211.0;670
29255;201500032455;15;12;21;1550;1;2;3;1;3;447;0, GENERAL DE GAULLE (RO;M;4861375.0;773296.0;670
29256;201500032456;15;12;23;1145;1;2;3;1;6;204;0, CHENE (RUE DU);M;4862741.0;775955.0;670
29257;201500032457;15;12;23;1520;1;2;1;1;3;447;0, LOUIS PASTEUR (RUE);M;4860097.0;775103.0;670
29258;201500032458;15;12;27;1520;1;2;1;1;6;482;0, RACINE (AVENUE);M;4859600.0;769852.0;670
29259;201500032461;15;8;29;1115;1;2;1;1;3;235;rue andré(c) malraux;M;0.0;0.0;910
29260;201500032463;15;10;14;115;5;2;1;1;1;235;rue Clément Ader;M;0.0;0.0;910
29261;201500032464;15;12;9;800;2;2;1;1;6;340;avenue du 08 mai 1945;M;0.0;0.0;910
29262;201500032465;15;9;6;2330;3;1;1;1;6;265;;M;5064747.0;220067.0;620
29263;201500032466;15;9;9;845;1;1;1;1;6;837;;M;5064446.0;201475.0;620
29264;201500032467;15;12;4;845;1;2;1;1;3;66;1, SELESTAT (ROUTE DE);M;4808169.0;736382.0;680
29265;201500032468;15;3;19;2115;5;2;3;1;3;66;68, NORD (RUE DU);M;4808108.0;735878.0;680
29266;201500032469;15;12;20;920;1;1;2;1;2;66;115, LADHOF DEVIEE (RUE;M;4810737.0;738496.0;680
29267;201500032470;15;3;25;450;5;2;2;1;3;66;52, NEUF BRISACH (ROUTE;M;4808002.0;736866.0;680
29268;201500032471;15;4;7;1003;1;2;1;1;6;66;LIBERTE (AVENUE) 39;M;4807714.0;733696.0;680
29269;201500032472;15;5;12;1830;1;2;1;1;6;66;1, SCHEURER KESTNER (PLA;M;4808165.0;735637.0;680
29270;201500032473;15;5;19;1638;1;2;1;1;6;66;12, 1ERE ARMEE FRANCAISE;M;4808439.0;735682.0;680
29271;201500032474;15;11;12;1810;2;2;1;1;6;66;13, STANISLAS (RUE);;;;680
29272;201500032475;15;5;9;1100;1;2;1;1;6;66;11, KIENER (RUE ANDRE);M;4810050.0;736917.0;680
29273;201500032476;15;6;24;1435;1;2;1;1;6;66;16, GRUNEWALD (RUE MATHI;M;4808148.0;736153.0;680
29274;201500032477;15;6;27;635;2;2;1;1;6;66;20, LIBERTE (AVENUE DE L;M;4807610.0;733983.0;680
29275;201500032478;15;7;12;1910;1;1;1;1;1;66;12, RD45;;;;680
29276;201500032479;15;7;23;740;1;2;3;1;6;66;18, POINCARE (AVENUE RAY;M;4807080.0;735138.0;680
29277;201500032480;15;8;26;745;1;1;1;1;2;66;16 RD45;M;0.0;0.0;680
29278;201500032481;15;9;2;2000;2;1;3;1;1;66;LADHOF DEVIEE (RUE DU);M;4810636.0;738924.0;680
29279;201500032482;15;9;15;1620;1;2;3;1;3;66;42, CLEMENCEAU (AVENUE G;M;4806940.0;735872.0;680
29280;201500032483;15;10;7;1225;1;1;1;1;6;66;42, HAUSENHARTH-WEG;M;4811710.0;735000.0;680
29281;201500032484;15;11;3;1203;1;2;2;1;3;66;7/10, SCHLUMBERGER (RUE;M;4807143.0;734988.0;680
29282;201500032485;15;11;9;1005;1;2;1;1;2;66;PREMIERE ARMEE FRANCAISE;M;4808636.0;735819.0;680
29283;201500032486;15;11;28;1255;1;1;1;1;6;66;16, RD45;M;4813494.0;745464.0;680
29284;201500032490;15;2;23;1450;1;1;1;1;6;66;14, RD45;M;4813917.0;745946.0;680
29285;201500032491;15;3;25;1745;1;2;1;2;6;66;STRASBOURG ROUTE 18;M;4809066.0;736022.0;680
29286;201500032492;15;9;1;1610;1;2;1;1;6;66;Nord RUE DU 32;M;4808029.0;736074.0;680
29287;201500032493;15;1;1;15;5;2;3;1;6;224;86, COLMAR (AVENUE DE);M;4775535.0;733660.0;680
29288;201500032494;15;3;5;1830;2;2;1;1;6;224;151, KINGERSHEIM (RUE DE;M;4777672.0;732872.0;680
29289;201500032495;15;1;7;2355;5;2;1;1;6;224;SIPHON (RUE DU);M;4774925.0;732891.0;680
29290;201500032497;15;1;11;1655;2;2;1;1;6;224;3, FOCH (PONT);M;4774346.0;734314.0;680
29291;201500032498;15;3;17;845;1;2;6;1;6;224;GAY-LUSSAC (RUE);M;4774230.0;733082.0;680
29292;201500032499;15;1;14;1900;5;2;2;1;3;224;230, BELFORT (RUE DE);M;4773865.0;729523.0;680
29293;201500032500;15;3;23;1638;1;2;1;1;6;224;33, MANEGE (RUE DU);M;4774089.0;733363.0;680
29294;201500032501;15;1;21;1417;1;2;3;1;1;224;15, MONTAGNE (RUE DE LA);M;4773619.0;734072.0;680
29295;201500032503;15;1;26;1430;1;2;1;2;6;224;24, NATIONS (BOULEVARD D;M;4773690.0;730192.0;680
29296;201500032504;15;4;1;1620;1;2;1;1;6;224;3, TROIS-ROIS (RUE DES);M;4774413.0;733374.0;680
29297;201500032505;15;1;30;1900;5;2;6;2;6;56;chemin des Cordiers;M;4772982.0;732146.0;680
29298;201500032506;15;4;6;1900;1;2;2;1;3;224;STRASBOURG (RUE DE);M;4719416.0;745082.0;680
29299;201500032507;15;2;15;550;5;2;1;9;6;224;1, EUROPE (BOULEVARD DE;M;4774946.0;734122.0;680
29300;201500032508;15;4;8;1525;1;1;1;1;4;224;VOIE RAPIDE NORD SUD;;;;680
29301;201500032509;15;4;9;1748;1;2;1;1;6;224;BOURGEOIS (RUE LEON);;;;680
29302;201500032510;15;4;14;1815;1;2;2;1;3;224;LOTI PIERRE RUE 9;M;4773539.0;729784.0;680
29303;201500032511;15;4;18;1500;1;2;1;1;6;224;22, THENARD (RUE);M;4775023.0;732578.0;680
29304;201500032512;15;4;19;1900;1;2;1;1;6;224;10, PORTE DU MIROIR;M;4774249.0;733667.0;680
29305;201500032513;15;4;21;1905;1;2;2;1;6;224;DIX-SEPT NOVEMBRE (RUE D;M;4774333.0;737169.0;680
29306;201500032515;15;4;24;1650;1;2;3;1;6;224;1, ZIMMERMANN;M;4777524.0;732019.0;680
29307;201500032516;15;4;29;900;1;1;1;1;4;224;AUTOROUTE A 36;M;4775120.0;728640.0;680
29308;201500032517;15;4;29;1053;1;2;1;1;6;224;3, LUCELLE (RUE DE);M;4774592.0;733489.0;680
29309;201500032518;15;4;29;1335;1;2;3;1;3;224;8, GASCOGNE (RUE DE);M;4772979.0;733946.0;680
29310;201500032519;15;5;9;1917;1;2;2;1;6;224;13, CERF (RUE DU);M;4774856.0;732735.0;680
29311;201500032520;15;5;10;1315;1;2;1;1;6;271;53, MODENHEIM (RUE DE);M;4775839.0;736638.0;680
29312;201500032521;15;5;15;505;5;2;2;2;2;224;53, MARTIN (RUE JEAN);M;4775527.0;731183.0;680
29313;201500032522;15;5;16;1205;1;1;1;1;6;224;110, KINGERSHEIM (RUE DE;;;;680
29314;201500032523;15;5;17;1810;1;2;3;1;1;224;53, BRIAND (AVENUE ARIST;M;4774854.0;732461.0;680
29315;201500032525;15;5;19;1843;1;2;1;1;1;224;11, BLUM (RUE LEON);;;;680
29316;201500032526;15;5;26;2200;5;2;2;1;3;224;32b, ROMAINS (RUE DES);M;4777463.0;731371.0;680
29317;201500032527;15;5;29;1350;1;2;1;1;1;224;45, STOESSEL (BOULEVARD;M;4773845.0;731961.0;680
29318;201500032528;15;5;30;1925;1;1;1;1;3;224;AUTOROUTE A 36;;;;680
29319;201500032529;15;5;30;940;1;2;3;1;3;224;20, SINNE (RUE DE LA);;;;680
29320;201500032530;15;6;2;1328;1;2;1;1;6;224;02, DESCARTES (RUE);M;4774900.0;732976.0;680
29321;201500032531;15;6;3;1710;1;2;1;1;6;224;45, GRUNEWALD (RUE MATHI;M;4773614.0;729626.0;680
29322;201500032532;15;6;4;1500;1;2;3;1;3;224;FORST (QUAI DU);M;4775311.0;732754.0;680
29323;201500032533;15;6;5;1800;1;2;1;1;6;224;91, LEFEBVRE (RUE);M;4776231.0;733854.0;680
29324;201500032534;15;6;6;1115;1;1;1;1;6;224;159, BALE (RUE DE);;;;680
29325;201500032536;15;6;19;1320;1;2;1;1;6;256;3, KINGERSHEIM (RUE DE);M;4777189.0;730645.0;680
29326;201500032537;15;6;19;2310;3;1;1;1;6;224;AUTOROUTE A 36;M;4775644.0;729954.0;680
29327;201500032538;15;6;24;1255;1;1;2;1;3;224;61, MEYER (RUE ROBERT);M;4777140.0;731361.0;680
29328;201500032540;15;6;26;915;1;2;2;1;3;224;126, BRIAND (AVENUE ARIS;M;4774717.0;732037.0;680
29329;201500032541;15;6;27;1310;1;2;1;1;6;224;08, EST (RUE DE L');M;4774571.0;734617.0;680
29330;201500032542;15;7;6;2215;5;2;1;1;2;224;MITTERRAND (AVENUE FRANC;M;4774280.0;730942.0;680
29331;201500032543;15;7;7;950;1;1;1;1;6;224;1, MITTERRAND (AVENUE FR;M;4773980.0;730311.0;680
29332;201500032544;15;7;17;945;1;2;1;1;3;56;6, ASHE (rue Arthur);M;4772873.0;732002.0;680
29333;201500032545;15;7;21;742;1;2;1;1;6;224;29, BRIAND (AVENUE ARIST;M;4774910.0;732602.0;680
29334;201500032546;15;7;23;1915;1;2;2;1;1;224;BALE (RUE DE);M;4775160.0;735747.0;680
29335;201500032547;15;7;24;2225;5;2;1;1;3;224;26, THANN (RUE DE);M;4775050.0;730511.0;680
29336;201500032548;15;7;26;1520;1;2;1;1;3;224;34, SCHOEN (RUE ANNA);M;4775640.0;732614.0;680
29337;201500032549;15;8;1;300;5;1;2;1;1;224;THANN (RUE DE);M;4775007.0;730567.0;680
29338;201500032551;15;8;3;2016;1;2;2;1;3;224;59, SCHOEN (RUE ANNA);M;4775729.0;732527.0;680
29339;201500032552;15;8;13;1500;1;2;3;1;3;224;GAZ (RUE DU);M;4775306.0;733520.0;680
29340;201500032553;15;8;16;1355;1;1;1;2;5;224;AUTOROUTE A 36;M;4776941.0;734029.0;680
29341;201500032554;15;8;28;840;1;1;1;1;4;224;AUTOROUTE A 36;M;4777126.0;734296.0;680
29342;201500032555;15;8;29;1405;1;2;2;1;1;224;HOFER (RUE JOSUE);;;;680
29343;201500032556;15;9;23;35;5;2;1;2;6;224;31, GUEBWILLER (RUE DE);M;4774438.0;732219.0;680
29344;201500032557;15;10;27;1010;1;2;6;1;7;224;02, SINNE (RUE DE LA);M;4774342.0;733431.0;680
29345;201500032558;15;11;12;1545;1;2;4;7;5;224;ROMAINS (RUE DES);M;4777122.0;733143.0;680
29346;201500032559;15;11;25;1945;5;2;1;3;3;224;5, SOULTZ (RUE DE);M;4776474.0;732232.0;680
29347;201500032560;15;12;2;1030;1;2;6;1;6;224;VOIE RAPIDE OUEST;;;;680
29348;201500032561;15;12;14;1006;1;2;1;1;6;224;ARSENAL (RUE DE L');M;4774679.0;733319.0;680
29349;201500032562;15;12;18;1140;1;2;1;1;6;271;MULHOUSE (RUE DE);M;4774727.0;736268.0;680
29350;201500032563;15;12;26;1105;1;2;2;1;3;224;QUATELBACH (ALLEE);M;4776252.0;735178.0;680
29351;201500032564;15;2;12;950;1;2;3;1;6;297;1, CHARITE ( RUE DE LA );M;4757715.0;754981.0;680
29352;201500032565;15;3;5;1805;1;2;3;1;1;297;DE GAULLE ( AVE DU GLE );M;4757850.0;754742.0;680
29353;201500032566;15;8;3;1830;1;2;3;7;3;297;AEROPORT ( RUE DE );M;4760690.0;752575.0;680
29354;201500032567;15;6;25;2215;2;2;3;1;3;297;17, BACHMANN ( RUE THEO;M;4758658.0;756086.0;680
29355;201500032568;15;9;14;1205;1;2;1;1;3;149;26, ST-LOUIS ( RUE DE );M;4759190.0;757575.0;680
29356;201500032569;15;11;14;1655;2;2;3;1;3;149;FRANCE (RUE DE) 1;M;4759200.0;758610.0;680
29357;201500032570;15;12;3;2038;5;2;1;1;6;297;78, MULHOUSE ( RUE DE)JU;M;4759160.0;755733.0;680
29358;201500032571;15;12;3;2125;5;2;3;1;6;297;19, PLATT ( RUE GUILLAUM;M;4758607.0;756035.0;680
29359;201500032572;15;2;18;1805;5;2;1;1;4;166;0, MULHOUSE (FAUBOURG DE;M;4778327.0;733104.0;680
29360;201500032573;15;12;31;1921;5;2;3;2;6;376;68, KINGERSHEIM (RUE DE);M;4780042.0;733691.0;680
29361;201500032574;15;6;11;1340;1;2;6;1;3;166;KALIGONE;M;4778995.0;731528.0;680
29362;201500032576;15;10;5;1635;1;2;2;1;5;376;16, SAINT CLOUD (RUE DU);M;4781388.0;733783.0;680
29363;201500032577;15;11;8;330;5;1;1;1;2;166;RD 430;M;4778156.0;732926.0;680
29364;201500032578;15;12;9;1805;5;2;1;1;6;376;18, KINGERSHEIM (RUE DE);M;4780816.0;733778.0;680
29365;201500032579;15;12;10;1600;1;2;6;1;3;166;GUEBWILLER (RUE DE);M;4778916.0;731555.0;680
29366;201500032580;15;1;1;2110;5;2;3;2;3;271;0, BOULEVARD DU RAQUIN;M;4574410.0;497300.0;690
29367;201500032581;15;1;8;1820;4;2;1;2;6;29;372, ROUTE DE GENAS;;;;690
29368;201500032582;15;1;10;2020;5;2;1;1;1;29;296, ROUTE DE GENAS;M;4574970.0;491221.0;690
29369;201500032583;15;1;19;1210;1;2;3;3;6;29;0, RUE LIONEL TERRAY;M;4572580.0;491316.0;690
29370;201500032584;15;1;31;1630;1;2;1;2;2;29;., BOULEVARD DE L UNIVER;M;4572390.0;491725.0;690
29371;201500032586;15;2;13;1945;5;2;1;1;6;34;16, RUE PASTEUR;;;;690
29372;201500032587;15;1;18;1305;1;2;1;1;4;34;74, MONTEE DES SOLDATS;M;4579770.0;485215.0;690
29373;201500032588;15;1;19;1800;5;2;1;2;6;34;51 TER, RUE FRANCOIS PEI;M;4579810.0;484549.0;690
29374;201500032589;15;1;27;1150;1;2;1;1;2;34;10B, MONTEE DES SOLDATS;M;4579320.0;485987.0;690
29375;201500032590;15;2;2;1905;5;2;3;2;3;34;RUE COSTE;;;;690
29376;201500032591;15;2;4;1400;1;2;1;1;3;34;43, RUE COSTE;;;;690
29377;201500032592;15;2;4;2114;5;2;1;1;7;34;QUAI CLEMENCEAU;;;;690
29378;201500032593;15;2;21;1040;1;2;1;2;6;34;AVENUE JEAN MONNET;;;;690
29379;201500032594;15;2;23;1630;1;2;1;1;6;34;56, RUE JEAN MOULIN;;;;690
29380;201500032595;15;3;4;1615;1;2;1;2;2;34;100, ROUTE DE STRASBOURG;;;;690
29381;201500032596;15;3;13;2330;5;2;1;2;6;34;56, RUE COSTE;;;;690
29382;201500032598;15;3;19;1815;1;2;1;1;6;91;ALLEE 16, PAIX (DE LA) (;M;4558490.0;475222.0;690
29383;201500032599;15;1;13;1150;1;1;1;1;1;91;PAIX (DE LA) ( R );M;4558650.0;475532.0;690
29384;201500032600;15;3;24;1830;1;2;9;1;1;91;CANAL (DU) (CH);M;4558880.0;476128.0;690
29385;201500032601;15;1;14;1925;5;2;1;1;3;91;X, PAIX (DE LA) ( R );M;4558680.0;475615.0;690
29386;201500032602;15;4;11;1755;1;2;7;1;3;91;11, HONORE PETETIN ( R );M;4559110.0;477261.0;690
29387;201500032603;15;1;17;1840;5;2;6;8;7;91;MONTROND (DE) ( R );M;4558690.0;476126.0;690
29388;201500032604;15;4;13;1450;1;2;1;1;2;96;24, BERTHELOT (MARCELIN);M;4559900.0;478456.0;690
29389;201500032605;15;1;22;420;5;2;1;2;6;91;29, HONORE PETETIN ( R );M;4559310.0;477303.0;690
29390;201500032607;15;1;24;1840;3;2;1;9;6;96;88, JEAN LIGONNET ( R );M;4559230.0;477032.0;690
29391;201500032609;15;2;24;1155;1;2;1;1;2;91;x, VIEILLE DU BOURG  ( R;;;;690
29392;201500032610;15;4;25;1145;1;2;1;1;4;91;x, PAIX (DE LA) ( R );M;4558410.0;474772.0;690
29393;201500032611;15;2;24;1745;1;2;2;2;3;91;JEAN LIGONNET ( R );;;;690
29394;201500032612;15;4;30;1550;1;2;3;1;6;91;9, GAGARINE (AV);M;4560010.0;476961.0;690
29395;201500032613;15;2;27;910;1;2;2;2;3;91;JEAN LIGONNET ( R );;;;690
29396;201500032614;15;3;6;1120;1;2;1;1;2;91;6, YVES FARGES ( R );;;;690
29397;201500032615;15;3;12;105;5;1;1;1;6;91;24, ANATOLE FRANCE (AV);;;;690
29398;201500032616;15;3;12;750;1;2;3;1;3;91;37, COTE A CAILLOUX (DE;;;;690
29399;201500032617;15;3;13;1200;1;2;1;1;7;91;PAIX (DE LA) ( R );;;;690
29400;201500032618;15;3;13;1625;1;2;1;1;6;91;x, BONNEBOUCHE (DE) (CH);;;;690
29401;201500032619;15;6;5;2030;1;2;1;1;2;91;18, CACHIN ( RUE);M;4559510.0;476558.0;690
29402;201500032620;15;6;7;1745;1;2;2;1;1;96;60, PASTEUR ( R );M;4560510.0;478025.0;690
29403;201500032621;15;6;7;1745;1;2;3;1;6;91;FRATERNITE (DE LA) ( R );M;4559320.0;477161.0;690
29404;201500032622;15;6;11;1252;1;2;1;1;1;91;PAIX (DE LA) ( R );M;4558600.0;475414.0;690
29405;201500032623;15;6;20;2117;1;2;1;1;1;96;66, BOUTEILLER ( R );M;4560670.0;478986.0;690
29406;201500032624;15;6;30;1545;1;2;1;1;6;91;48, JEAN LIGONNET ( R );M;4559420.0;476992.0;690
29407;201500032625;15;7;4;2045;1;2;9;1;3;91;HONORE PETETIN ( R );M;4559100.0;477300.0;690
29408;201500032626;15;7;8;1815;1;2;1;1;3;91;2, GEORGES LEVY (Q);M;4558570.0;477411.0;690
29409;201500032627;15;7;9;2130;2;2;3;1;3;91;X, ROBICHON MALGONTIER (;M;4558100.0;477833.0;690
29410;201500032628;15;7;10;1530;1;2;1;1;3;96;SEMARD (PIERRE) ( R );M;4562060.0;480161.0;690
29411;201500032629;15;7;17;2040;1;2;1;1;1;91;13, DOCTEUR ROUX (DU) (;M;4560130.0;476111.0;690
29412;201500032630;15;7;28;1735;1;2;3;1;6;96;89, SEMARD (PIERRE) ( R;M;4560910.0;479226.0;690
29413;201500032633;15;8;8;900;1;1;1;1;6;91;X, LA CLUZELLE (LIEU D);;;;690
29414;201500032634;15;8;11;815;1;2;1;1;6;91;4 TER, MARCEL CACHIN ( R;M;4535467.0;445592.0;690
29415;201500032635;15;8;19;2130;5;2;3;1;3;91;22, YVES FARGES ( R );M;4559332.0;476424.0;690
29416;201500032636;15;8;27;20;5;2;1;1;6;96;1, AMPERE ( R );M;4560982.0;478373.0;690
29417;201500032637;15;9;7;920;1;2;1;1;6;96;68, BERTHELOT (MARCELIN);;;;690
29418;201500032638;15;9;11;1345;1;2;3;1;6;91;1, SEMARD (PIERRE) ( R );;;;690
29419;201500032639;15;9;16;845;1;1;1;1;3;91;, GEORGES LEVY (Q);M;4558610.0;477307.0;690
29420;201500032640;15;9;17;1405;1;1;1;8;6;91;x, RIVE DE GIER (DE) (RT;M;4557570.0;471818.0;690
29421;201500032641;15;9;22;1345;1;2;3;1;3;96;MARS 1962 (AVENUE DU 19);;;;690
29422;201500032642;15;9;21;1410;1;2;1;1;6;96;1, RD 386 LE BOUTRAS;M;4560570.0;477189.0;690
29423;201500032643;15;9;28;800;1;2;1;1;3;91;6, ROSENBERG (Q);M;4557960.0;478128.0;690
29424;201500032644;15;10;14;1855;2;2;2;1;5;91;3, EDOUART IDOUX ( R );M;4559170.0;476183.0;690
29425;201500032645;15;11;7;300;3;1;1;1;6;91;x, RIVE DE GIER (DE) (RT;M;4557950.0;472467.0;690
29426;201500032646;15;11;18;730;1;2;1;1;2;91;45BIS, EDOUART IDOUX ( R;;;;690
29427;201500032647;15;12;2;1525;1;2;1;1;6;91;02, ANATOLE FRANCE (AV);M;4557340.0;479308.0;690
29428;201500032648;15;12;4;1405;1;2;1;1;4;96;MOULIN (JEAN) (AV);;;;690
29429;201500032649;15;12;8;1555;1;2;1;1;6;96;05, MAYER  (ANDRE) ( R );M;4560880.0;479201.0;690
29430;201500032650;15;12;20;1150;1;2;1;1;1;91;X, SEMARD (PIERRE) ( R );M;4558500.0;476449.0;690
29431;201500032651;15;12;25;1430;1;2;1;1;3;91;MARECHAL LECLERC  (AV);M;4558843.0;477133.0;690
29432;201500032652;15;12;26;1940;5;2;1;1;6;91;PAIX (DE LA) ( R );M;4558544.0;475197.0;690
29433;201500032653;15;1;16;1250;1;2;1;3;6;381;57, REPUBLIQUE (DE LA);M;4577360.0;483023.0;690
29434;201500032654;15;1;19;1950;5;2;1;2;6;202;38, VALIOUD;M;4578500.0;480502.0;690
29435;201500032655;15;2;8;1112;1;2;1;1;6;202;50, GRANDE RUE;;;;690
29436;201500032656;15;1;25;1700;1;2;1;2;3;202;CHATELAIN;M;4573090.0;479756.0;690
29437;201500032657;15;1;26;1345;1;2;1;1;1;202;111-113, COMMANDANT CHAR;M;4574870.0;479027.0;690
29438;201500032658;15;1;29;1930;2;2;1;3;2;202;AQUEDUC DE BEAUNANT (DE;;;;690
29439;201500032659;15;2;2;2010;5;2;3;1;3;149;CAMILLE (DE LA);;;;690
29440;201500032660;15;2;12;1610;1;1;1;1;6;152;AUTOROUTE A7;;;;690
29441;201500032661;15;2;18;1140;1;2;1;1;6;149;44, GRANDE RUE;;;;690
29442;201500032662;15;2;19;1300;1;2;1;1;6;149;74, CHARTON;;;;690
29443;201500032663;15;2;27;1520;1;2;1;8;6;202;ST LUC;;;;690
29444;201500032664;15;3;7;1825;2;2;1;1;6;202;37, COMMANDANT CHARCOT (;;;;690
29445;201500032666;15;1;30;2000;5;2;3;2;6;256;., ROGER SALENGRO;M;4575610.0;492971.0;690
29446;201500032667;15;2;24;1550;1;2;1;8;6;256;142, 8 MAI 1945 (DU);;;;690
29447;201500032668;15;3;5;1850;5;2;1;1;3;256;2, HO CHI MINH;;;;690
29448;201500032669;15;3;9;1140;1;2;8;1;3;256;41, POUDRETTE (DE LA);;;;690
29449;201500032670;15;3;11;1825;2;2;2;1;6;256;0, CANUTS (DES);;;;690
29450;201500032671;15;1;5;1800;3;2;1;1;2;123;RUE DE FOS SUR MER;M;4571300.0;483673.0;690
29451;201500032672;15;1;6;740;2;2;1;5;6;259;0, BOULEVARD MARCEL SEMB;;;;690
29452;201500032673;15;1;7;1030;1;2;1;1;6;259;0, AVENUE MARCEL PAUL;;;;690
29453;201500032674;15;1;9;1920;5;2;1;1;6;199;JEAN JAURES;M;4571420.0;485491.0;690
29454;201500032675;15;1;18;550;4;2;1;5;6;199;1, QUAI LOUIS AULAGNE;M;4568750.0;483925.0;690
29455;201500032676;15;1;18;250;5;2;3;1;6;259;0, ROUTE DE VIENNE;M;4569570.0;486076.0;690
29456;201500032677;15;1;20;1100;1;2;1;2;3;259;AVENUE PIERRE SEMARD;M;4570730.0;488194.0;690
29457;201500032678;15;1;20;730;5;2;1;2;6;259;RUE DES COMBATS DU 24 AO;M;4571510.0;488495.0;690
29458;201500032679;15;1;24;1615;1;2;1;2;1;276;0, ROUTE DE VIENNE;M;4568010.0;486128.0;690
29459;201500032680;15;1;23;1700;1;2;1;1;6;123;136, IRENE JOLIOT CURIE;M;4571750.0;487688.0;690
29460;201500032681;15;1;19;1120;1;2;1;1;2;259;0, AVENUE PIERRE SEMARD;M;4570720.0;487869.0;690
29461;201500032682;15;1;21;950;1;2;6;2;1;290;0, AVENUE JACQUES DUCLOS;M;4569670.0;489389.0;690
29462;201500032683;15;1;24;1900;5;2;1;2;6;259;0, BOULEVARD DE JODINO;M;4569150.0;488701.0;690
29463;201500032684;15;1;29;720;2;2;1;1;6;259;0, BOULEVARD MARCEL SEMB;M;4571390.0;488710.0;690
29464;201500032686;15;2;12;1730;2;2;2;1;3;259;364, ROUTE DE VIENNE;;;;690
29465;201500032687;15;2;18;715;5;2;1;2;6;199;2, AVENUE JEAN JAURES;;;;690
29466;201500032688;15;2;24;1915;5;2;3;2;3;199;0, AVENUE JEAN JAURES;;;;690
29467;201500032689;15;2;28;1800;1;2;1;1;1;199;BOULEVARD YVES FARGE;;;;690
29468;201500032690;15;4;7;2030;5;2;2;1;6;259;0, AVENUE DE LA REPUBLIQ;;;;690
29469;201500032691;15;3;5;715;1;2;1;1;1;276;26, RUE JEAN BOUIN;;;;690
29470;201500032692;15;3;11;1825;1;2;1;1;4;259;PONT BERLIET;;;;690
29471;201500032694;15;3;6;925;1;2;1;1;6;259;20, BOULEVARD MARCEL SEM;;;;690
29472;201500032695;15;3;6;900;1;2;1;1;3;199;RUE MATHIEU DUSSURGEY;;;;690
29473;201500032696;15;3;7;1000;1;2;1;1;6;259;19, RUE GEORGES LYVET;;;;690
29474;201500032697;15;3;9;1315;1;2;2;1;3;259;1, AVENUE MARCEL CACHIN;;;;690
29475;201500032698;15;3;15;1615;1;2;1;1;3;259;82, CHEMIN DU CHARBONNIE;;;;690
29476;201500032699;15;3;10;2200;5;2;1;1;6;259;RUE LEO LAGRANGE;;;;690
29477;201500032700;15;6;1;1930;1;2;1;1;6;259;., JODINO (DE);;;;690
29478;201500032701;15;6;3;2035;1;2;1;1;6;259;14, LEO LAGRANGE;;;;690
29479;201500032703;15;6;4;1425;1;2;1;1;4;259;136, IRENE JOLIOT CURIE;;;;690