;Num_Acc;an;mois;jour;hrmn;lum;agg;int;atm;col;com;adr;gps;lat;long;dep
29480;201500032704;15;6;4;2145;2;2;1;1;6;259;136, IRENE JOLIOT CURIE;;;;690
29481;201500032705;15;6;17;1425;1;2;1;1;2;259;., JODINO (DE);M;4568740.0;488569.0;690
29482;201500032706;15;6;15;1925;1;2;1;1;2;259;41, FRANCIS DE PRESSENSE;;;;690
29483;201500032707;15;6;18;1150;1;2;2;1;3;259;., NORBERT KUGLER;;;;690
29484;201500032708;15;6;19;2010;1;2;2;1;3;259;., MARCEL PAUL;;;;690
29485;201500032710;15;6;22;800;1;2;1;1;2;259;., JULES GUESDE;;;;690
29486;201500032711;15;6;22;1800;1;2;1;1;2;259;248, VIENNE (DE);;;;690
29487;201500032713;15;6;30;1655;1;2;1;1;3;259;341, VIENNE (DE);;;;690
29488;201500032714;15;1;29;1900;5;2;1;3;6;115;353, HERRIOT EDOUARD  AV;M;4597870.0;472072.0;690
29489;201500032715;15;4;3;800;1;2;1;8;1;115;560, ANSE (route d');M;4597590.0;471653.0;690
29490;201500032716;15;1;23;1435;1;2;1;1;6;115;PONOT (RUE PIERRE);M;4597020.0;470648.0;690
29491;201500032717;15;4;8;835;1;2;1;1;6;264;116, BERTHIER  PIERRE;;;;690
29492;201500032718;15;2;12;940;1;2;2;1;6;264;TARARE  RUE DE;;;;690
29493;201500032719;15;4;23;1530;1;1;1;1;6;264;1, BEAUREGARD DE ROUTE;M;4599890.0;473997.0;690
29494;201500032720;15;2;23;730;1;2;2;1;6;264;RONCEVAUX R;;;;690
29495;201500032721;15;4;17;1035;1;2;1;1;6;264;61, ANSE D'  (rue);M;4598510.0;471806.0;690
29496;201500032722;15;6;9;1415;1;2;1;1;3;264;499, LIBERATION  AV DE L;;;;690
29497;201500032723;15;7;18;1355;1;2;1;1;2;264;599, BERTHIER  PIERRE;M;4598550.0;472789.0;690
29498;201500032724;15;6;9;1245;1;2;1;7;6;264;BURDEAU   BD ( HORS GEAN;;;;690
29499;201500032725;15;9;20;1920;2;2;2;1;3;264;239, BERTHIER  PIERRE;;;;690
29500;201500032727;15;11;18;2350;5;1;1;1;7;13;LONGSARD (route de);M;4602760.0;469799.0;690
29501;201500032728;15;11;17;710;5;2;1;1;2;92;TARARE (route de);M;4598164.0;469504.0;690
29502;201500032729;15;12;3;1810;1;2;1;1;6;264;1520, FRANS ROUTE DE;M;4598399.0;474045.0;690
29503;201500032730;15;12;24;1920;3;1;4;1;1;92;150, SOTIZON (chemin du);M;4597980.0;469447.0;690
29504;201500032731;15;1;4;2055;5;2;1;1;6;256;185, AVENUE ROGER SALENG;M;4578540.0;488097.0;690
29505;201500032733;15;3;16;2245;5;2;2;1;1;266;LEON BLUM      (Rue);M;4576030.0;490081.0;690
29506;201500032734;15;1;6;1640;1;2;2;1;2;266;0, RUE PIERRE VOYANT;;;;690
29507;201500032735;15;3;17;1400;1;2;2;1;1;266;61, RACINE          (Rue;M;0.0;0.0;690
29508;201500032736;15;1;11;1030;1;2;6;1;7;266;0, PLACE ALBERT THOMAS;M;4576880.0;487756.0;690
29509;201500032737;15;3;18;1610;1;2;1;1;6;275;10, SULLY;M;4577170.0;497431.0;690
29510;201500032738;15;3;18;1850;2;1;1;1;6;282;303, VERDUN (DE);M;4578970.0;502867.0;690
29511;201500032739;15;1;17;1815;5;2;2;1;6;266;., AVENUE ROGER SALENGRO;M;4578100.0;488689.0;690
29512;201500032740;15;3;19;1720;1;2;1;1;3;282;65, POMMIER (DE);M;4577680.0;500286.0;690
29513;201500032741;15;3;24;810;1;2;1;8;6;266;157, TOLSTOI    (Cours);;;;690
29514;201500032742;15;3;24;840;1;2;4;2;1;275;VERDUN (DE);M;4576440.0;496722.0;690
29515;201500032743;15;1;31;1910;5;2;4;2;6;266;0, AVENUE ALBERT EINSTEI;M;4578280.0;488461.0;690
29516;201500032744;15;3;25;1625;1;2;1;2;3;266;1, LOUIS GALVANI       (;;;;690
29517;201500032746;15;3;27;600;2;2;2;8;3;256;68, BOLHEN   (DE);M;4576620.0;492850.0;690
29518;201500032747;15;3;27;1315;1;2;1;1;2;266;LAURENT BONNEVAY    (Bou;M;0.0;0.0;690
29519;201500032748;15;3;27;1735;1;2;9;1;6;266;166, FRANCIS DE PRESSENS;M;4576610.0;489920.0;690
29520;201500032749;15;2;19;1435;1;2;3;1;2;266;19, RUE JEAN JAURES;;;;690
29521;201500032750;15;3;28;1640;1;2;1;1;6;266;170, ROGER SALENGRO;M;4578135.0;488562.0;690
29522;201500032751;15;2;24;550;5;2;3;1;6;266;0, RUE ALFRED DE MUSSET;;;;690
29523;201500032752;15;3;18;750;1;2;1;1;2;271;DAUPHINE (DU);M;4573500.0;496443.0;690
29524;201500032753;15;3;4;1715;1;2;2;1;1;266;0, COURS EMILE ZOLA;;;;690
29525;201500032754;15;3;28;2310;5;2;3;1;3;29;0, GENAS (DE);;;;690
29526;201500032755;15;3;31;1440;1;2;2;1;6;282;., VERDUN (DE);M;4577830.0;499475.0;690
29527;201500032756;15;3;4;1955;5;2;3;1;3;266;10, RUE LEON BLUM;;;;690
29528;201500032757;15;3;5;1810;1;2;3;1;6;266;117, RUE ANATOLE FRANCE;;;;690
29529;201500032758;15;4;3;1845;1;2;2;1;3;256;0, CUZIN;M;4576920.0;492437.0;690
29530;201500032759;15;3;7;2140;5;2;1;1;2;266;169, RUE LEON BLUM;;;;690
29531;201500032760;15;4;5;1205;1;2;1;1;6;275;14, FRATERNITE (DE LA);M;4577140.0;495817.0;690
29532;201500032761;15;3;9;2005;5;2;1;1;3;266;22, COURS EMILE ZOLA;;;;690
29533;201500032762;15;4;6;1430;1;2;1;1;4;290;152, GRENOBLE (DE)  -  R;;;;690
29534;201500032763;15;3;10;1430;1;2;3;1;6;266;0, RUE VICTOR SUBIT;;;;690
29535;201500032765;15;4;8;830;1;2;3;1;3;290;JEAN JAURES;M;4569770.0;492867.0;690
29536;201500032766;15;4;8;2120;5;2;2;1;3;271;., PROGRES (DU);M;4572440.0;497386.0;690
29537;201500032767;15;4;9;327;5;2;6;1;6;266;.0, CANAL    (Rue du);M;4577130.0;490408.0;690
29538;201500032768;15;4;8;1120;1;2;3;1;3;266;0, EMILE ZOLA     (Cours;M;4576780.0;488872.0;690
29539;201500032770;15;4;10;1220;1;2;9;1;6;256;29, GENAS (DE);;;;690
29540;201500032771;15;4;11;1855;1;2;1;1;3;29;., PINEL;M;4572610.0;488711.0;690
29541;201500032772;15;4;6;1915;1;2;4;1;6;256;61-63, GENAS (DE);M;4574690.0;492442.0;690
29542;201500032773;15;4;13;1840;1;2;1;1;3;282;PETIT MONTOUT (DU);M;4576340.0;499206.0;690
29543;201500032774;15;4;13;1720;1;2;3;1;3;271;20, ARSONVAL (D');;;;690
29544;201500032775;15;4;15;715;1;2;2;1;3;282;., POMMIER (DE);M;4578150.0;502330.0;690
29545;201500032776;15;4;15;1440;1;2;9;1;6;275;, JEAN JAURES;;;;690
29546;201500032777;15;4;16;2110;5;2;1;1;3;256;GUY MOQUET;;;;690
29547;201500032779;15;3;28;2040;5;2;1;1;3;266;216, LEON BLUM      (Rue;;;;690
29548;201500032780;15;4;21;2030;2;2;2;1;3;256;., MARIUS GROSSO;;;;690
29549;201500032781;15;4;22;640;2;2;1;1;3;266;21, CHARMETTES    (Rue d;M;4577097.0;486705.0;690
29550;201500032782;15;4;22;725;2;2;6;1;3;271;0, RENE CASSIN;;;;690
29551;201500032783;15;4;23;945;1;2;9;1;4;256;88, POUDRETTE (DE LA);;;;690
29552;201500032784;15;4;25;1210;1;2;2;1;3;290;0, EDMOND ROSTAND;;;;690
29553;201500032785;15;5;5;1355;1;2;3;1;6;256;., GUY MOQUET;M;4578530.0;491064.0;690
29554;201500032786;15;5;6;820;1;2;4;1;3;29;0, FRANKLIN ROOSEVELT;M;4573550.0;490342.0;690
29555;201500032788;15;5;10;1700;1;2;1;1;3;29;20, PIERRE BROSSOLETTE;M;4574600.0;491825.0;690
29556;201500032789;15;5;10;1845;1;2;1;1;6;266;43, EUGENE REGUILLON;M;4576180.0;489769.0;690
29557;201500032790;15;5;12;2013;1;2;9;1;6;29;05, MANEGE (DU);M;4572010.0;491517.0;690
29558;201500032791;15;5;12;1925;1;2;1;1;3;266;14, ARTS      (Avenue de;;;;690
29559;201500032792;15;5;15;1600;1;2;1;2;6;282;42, GAMBETTA;M;4576290.0;499536.0;690
29560;201500032793;15;5;16;2050;1;1;1;1;6;266;LAFONTAINE     (rue);M;4575960.0;488192.0;690
29561;201500032794;15;5;17;2145;4;2;6;1;3;266;ANTOINE DE SAINT EXUPERY;M;4575800.0;488153.0;690
29562;201500032795;15;5;19;1630;1;2;1;1;3;266;19, ANTONIN PERRIN     (;;;;690
29563;201500032796;15;5;22;2100;5;2;1;1;3;266;135, ROGER SALENGRO;M;4578180.0;488647.0;690
29564;201500032797;15;5;23;1010;1;2;1;1;4;266;11, ALBERT EINSTEIN    (;M;4578420.0;488602.0;690
29565;201500032798;15;5;26;1955;1;2;1;1;6;266;97, EMILE ZOLA     (Cour;M;4577091.0;487178.0;690
29566;201500032799;15;5;27;2025;2;2;7;1;6;266;1, VALMY   (Place de);;;;690
29567;201500032800;15;5;27;2115;5;2;2;1;3;266;121, TOLSTOI    (Cours);M;4576130.0;488344.0;690
29568;201500032801;15;5;27;1750;1;2;1;1;3;266;4 AOUT 1789    (Rue du);M;4577046.0;490652.0;690
29569;201500032802;15;5;27;633;1;2;6;1;2;290;22, PROGRES (DU);M;4571820.0;495381.0;690
29570;201500032803;15;5;25;2210;5;2;2;1;3;275;., VAULX (DE);M;4577590.0;495308.0;690
29571;201500032804;15;5;31;1535;1;2;1;1;6;256;51, GABRIEL PERI;M;4577610.0;491503.0;690
29572;201500032805;15;5;30;1938;1;1;2;1;3;256;PAUL TESTE;M;4577430.0;491458.0;690
29573;201500032806;15;6;1;600;2;2;1;1;6;275;283, JEAN JAURES;M;4577120.0;496568.0;690
29574;201500032807;15;6;2;1630;1;2;1;1;6;275;0, FRANCISCO FERRER;M;4577480.0;497561.0;690
29575;201500032808;15;6;2;2025;1;2;1;1;1;266;11, CITE SAINT JEAN    (;M;4577657.0;490120.0;690
29576;201500032809;15;6;6;1915;1;2;2;1;3;266;22, ALLIES    (Rue des);;;;690
29577;201500032810;15;6;5;1700;1;2;1;1;6;282;GARE (DE LA);M;4576660.0;502217.0;690
29578;201500032813;15;6;10;2100;2;1;1;1;7;271;EPINE (DE L');M;4574340.0;498553.0;690
29579;201500032814;15;4;28;1700;1;2;1;1;2;266;., GUSTAVE CHAMBOEUF;M;4577020.0;489925.0;690
29580;201500032815;15;6;12;2050;1;2;2;2;3;256;GARIBALDI;M;4576650.0;493033.0;690
29581;201500032816;15;6;13;1850;1;2;2;1;3;256;ROGER SALENGRO;M;4575352.0;492801.0;690
29582;201500032819;15;6;17;2030;1;2;3;1;6;266;30, LEON BLUM      (Rue);;;;690
29583;201500032820;15;6;18;1320;1;2;2;1;6;256;2, EMILE ZOLA;M;4577820.0;491736.0;690
29584;201500032821;15;6;20;1510;1;2;1;1;1;256;27, EMILE ZOLA;M;4577750.0;491906.0;690
29585;201500032824;15;6;24;910;1;2;2;1;3;290;PORTE DES ALPES (DE LA);;;;690
29586;201500032825;15;6;25;2115;1;2;3;1;3;266;TOLSTOI    (Cours);M;4575990.0;488886.0;690
29587;201500032826;15;6;26;1100;1;2;3;1;3;290;, AVIATION (DE L');M;4571760.0;493477.0;690
29588;201500032827;15;6;24;820;1;1;1;1;6;290;ROSES (DES);M;4568751.0;494505.0;690
29589;201500032828;15;6;7;1925;1;2;2;1;3;275;, EMILE ZOLA;M;4576400.0;495639.0;690
29590;201500032829;15;6;23;1000;1;2;1;1;6;266;173, EMILE ZOLA     (Cou;M;4576950.0;487992.0;690
29591;201500032830;15;6;18;2110;1;2;1;1;3;271;USINGEN (D');M;4573440.0;496603.0;690
29592;201500032831;15;6;24;750;1;2;1;1;6;266;10, ANTONIN PERRIN     (;M;4576010.0;488478.0;690
29593;201500032832;15;7;1;1040;1;2;1;1;6;275;1, FRATERNITE (DE LA);;;;690
29594;201500032833;15;7;3;1450;1;2;1;1;4;290;EGALITE (DE L');M;4568670.0;495693.0;690
29595;201500032835;15;7;4;1550;1;2;1;1;3;266;96, JARDINS    (Rue des);M;4577390.0;490233.0;690
29596;201500032836;15;7;4;2100;2;2;2;1;3;266;DEDIEU     (Rue);M;4576970.0;487558.0;690
29597;201500032839;15;7;7;1440;1;2;1;1;6;266;69, 4 AOUT 1789    (Rue;M;4576479.0;488122.0;690
29598;201500032840;15;7;8;2125;1;2;3;1;3;275;41, JEAN JAURES;M;4576840.0;494028.0;690
29599;201500032841;15;7;9;815;1;2;7;1;6;266;., JEAN CHOREL    (Place;M;4577440.0;486511.0;690
29600;201500032842;15;7;9;744;1;2;1;1;6;290;191, GRENOBLE (DE)  -  R;M;4571420.0;496620.0;690
29601;201500032843;15;7;10;1900;1;2;2;1;2;290;CROIX ROUSSE (DE LA);M;4570450.0;495003.0;690
29602;201500032844;15;7;12;2030;1;2;1;1;6;266;19, SOIE     (Rue de la);M;4576220.0;491669.0;690
29603;201500032846;15;7;14;310;5;2;1;1;3;275;JEAN JAURES;M;4576840.0;493942.0;690
29604;201500032847;15;7;14;200;5;2;2;1;6;266;47, ANTONIN PERRIN     (;;;;690
29605;201500032848;15;7;14;1805;1;2;3;1;3;275;139, JEAN JAURES;M;4576970.0;495036.0;690
29606;201500032849;15;7;9;850;1;2;3;1;3;266;126, FRANCIS DE PRESSENS;M;4577100.0;489588.0;690
29607;201500032850;15;7;7;1530;1;2;1;1;1;266;193, ROGER SALENGRO;M;4578160.0;488675.0;690
29608;201500032851;15;7;16;1200;1;2;6;1;3;266;CHARPENNES    (Rond-P;M;4577700.0;487961.0;690
29609;201500032852;15;7;15;1930;1;1;1;1;1;256;LOUIS DUCLOS PROLONGEE;M;4579710.0;492567.0;690
29610;201500032853;15;7;18;1120;1;2;1;1;6;266;NIELS BOHR     (Boulevar;M;4578730.0;488222.0;690
29611;201500032854;15;7;21;1655;1;2;6;7;2;256;PAUL MARCELLIN;M;4577590.0;493169.0;690
29612;201500032855;15;7;21;2045;1;2;2;1;2;266;64, 11 NOVEMBRE 1918;;;;690
29613;201500032856;15;7;22;2040;1;2;1;2;6;29;0, DROITS DE L'HOMME (DE;M;4573270.0;493108.0;690
29614;201500032857;15;7;23;35;5;2;1;1;4;266;126, TOLSTOI    (Cours);;;;690
29615;201500032858;15;7;20;730;1;1;1;1;6;290;75, HEYRIEUX (D');M;4568550.0;494736.0;690
29616;201500032859;15;7;23;1200;1;2;1;1;3;256;8 MAI 1945 (DU);M;4578700.0;491822.0;690
29617;201500032861;15;7;25;1926;1;2;1;1;1;275;MACHET (DU);M;4578470.0;495953.0;690
29618;201500032862;15;7;26;1915;1;2;2;1;3;29;0, FRANKLIN ROOSEVELT;;;;690
29619;201500032863;15;7;6;1625;1;2;1;1;2;29;95, PINEL;M;4574060.0;489314.0;690
29620;201500032864;15;7;28;1235;1;2;1;1;3;266;37, LOUIS GUERIN     (Ru;M;4577565.0;486005.0;690
29621;201500032865;15;7;28;1930;1;2;3;1;3;282;VERDUN (DE);M;4578180.0;500414.0;690
29622;201500032866;15;7;29;1035;1;2;9;2;2;275;160, JEAN JAURES;M;4576990.0;495195.0;690
29623;201500032867;15;8;7;400;5;2;1;1;6;266;4, LOUIS BRAILLE     (Ru;;;;690
29624;201500032868;15;8;8;1350;1;2;3;1;3;290;26, CLAUDE FARRERE;;;;690
29625;201500032869;15;8;9;800;1;2;3;1;6;282;09, GRAVIER BLANC (DU);M;4578710.0;500265.0;690
29626;201500032871;15;8;10;1525;1;2;1;8;6;290;21, 8 MAI 1945 (DU);M;4569110.0;494850.0;690
29627;201500032872;15;8;11;2045;1;2;2;1;2;256;21, REPUBLIQUE (DE LA);M;4578663.0;492101.0;690
29628;201500032873;15;8;12;350;3;2;1;1;6;290;ANDRE BOULLOCHE;M;4572060.0;492894.0;690
29629;201500032874;15;8;19;1245;1;2;3;1;3;266;287, LEON BLUM  (Rue;M;4576350.0;491467.0;690
29630;201500032876;15;8;20;925;1;2;1;1;2;282;REPUBLIQUE (DE);M;4576920.0;498861.0;690
29631;201500032877;15;8;20;2300;5;2;3;1;3;266;287, 4 AOUT 1789    (Rue;M;4576260.0;490161.0;690
29632;201500032878;15;8;22;1550;1;2;9;1;6;266;STALINGRAD    (Boulevard;M;4577945.0;485951.0;690
29633;201500032879;15;8;24;1605;1;1;1;1;6;256;11, GARIBALDI;M;4576690.0;493119.0;690
29634;201500032880;15;8;29;1350;1;2;6;1;3;266;34, FRANCIS DE PRESSENSE;M;4577181.0;486974.0;690
29635;201500032881;15;8;28;1545;1;2;2;1;3;266;., 8 MAI 1945   (Rue du);M;4578220.0;489089.0;690
29636;201500032882;15;8;31;1752;1;2;1;1;2;266;15, MARC SANGNIER    (Av;M;4575900.0;487847.0;690
29637;201500032883;15;7;26;1710;1;1;1;1;3;266;1, CANAL    (Rue du);M;4578563.0;489383.0;690
29638;201500032884;15;9;1;1550;1;2;1;8;3;290;12, MIONS (DE);;;;690
29639;201500032885;15;9;3;1020;1;2;3;1;1;266;12, FLACHET    (Rue);;;;690
29640;201500032886;15;7;26;1540;1;2;9;1;6;266;26-28, TOLSTOI    (Cours;;;;690
29641;201500032887;15;9;12;50;5;1;6;1;6;256;8 MAI 1945 (DU);;;;690
29642;201500032888;15;9;12;1415;1;2;1;2;6;266;16, PAUL VERLAINE;M;4576797.0;488014.0;690
29643;201500032889;15;9;12;2030;5;2;1;2;6;275;274, JEAN JAURES;M;4577102.0;496369.0;690
29644;201500032890;15;9;12;2107;5;2;8;3;6;266;112, LIGNE DE L'EST;M;4575800.0;490786.0;690
29645;201500032891;15;9;14;1920;1;2;1;1;7;29;62, LIONEL TERRAY;M;4572530.0;490850.0;690
29646;201500032892;15;9;12;1215;1;2;2;1;3;282;REPUBLIQUE (DE);M;4576940.0;498769.0;690
29647;201500032893;15;9;12;500;5;2;1;1;6;275;REPUBLIQUE (DE LA);;;;690
29648;201500032894;15;9;11;715;2;2;3;1;3;256;60, 8 MAI 1945 (DU);M;4578970.0;491418.0;690
29649;201500032895;15;9;24;815;1;2;1;1;2;266;108, FRANCIS DE PRESSENS;M;4577171.0;487721.0;690
29650;201500032896;15;9;24;2000;2;2;2;1;1;266;135, TOLSTOI    (Cours);M;4576094.0;488492.0;690
29651;201500032897;15;9;23;1700;1;2;3;1;3;290;0, ST BONNET DE MURE (DE;M;4569192.0;496713.0;690
29652;201500032900;15;9;30;1830;1;1;1;1;6;290;83, JULES VERNE;M;4570790.0;497763.0;690
29653;201500032901;15;9;30;1725;1;2;1;1;6;266;158, ROGER SALENGRO;M;4578170.0;488664.0;690
29654;201500032902;15;10;2;1000;1;2;1;1;6;266;37, PAUL VERLAINE;M;4576350.0;488843.0;690
29655;201500032903;15;10;6;1620;1;2;1;1;6;275;JEAN JAURES;M;4577190.0;497756.0;690
29656;201500032904;15;9;25;114;5;2;1;1;6;29;PIERRE MENDES FRANCE;M;4572320.0;491503.0;690
29657;201500032905;15;10;9;1700;1;2;1;1;3;256;24, GEORGES DIMITROV;M;4577755.0;492470.0;690
29658;201500032906;15;10;8;930;1;2;1;7;3;275;FRATERNITE (DE LA);M;4577438.0;495452.0;690
29659;201500032907;15;10;13;2330;5;2;1;1;1;266;8, ROGER SALENGRO     (A;M;4577440.0;488711.0;690
29660;201500032908;15;10;15;1210;1;2;1;2;1;266;JEAN CAPELLE   (avenue);M;4578160.0;487389.0;690
29661;201500032909;15;10;17;1641;1;2;1;1;1;256;35, 8 MAI 1945 (DU);M;4578870.0;490833.0;690
29662;201500032910;15;10;22;1200;1;2;1;8;3;282;6, DOCTEUR SCHWEITZER (D;M;4576350.0;502717.0;690
29663;201500032911;15;10;27;1429;1;2;1;1;6;256;11, EUGENE HENAFF;M;4577490.0;492703.0;690
29664;201500032912;15;10;27;1544;1;2;2;1;1;275;0, FRANKLIN ROOSEVELT;M;4576360.0;493706.0;690
29665;201500032913;15;10;28;300;5;2;1;2;6;266;11 NOVEMBRE 1918    (Bou;;;;690
29666;201500032914;15;10;28;2105;5;2;3;1;3;256;EMILE ZOLA;M;4577733.0;491975.0;690
29667;201500032915;15;10;30;1400;1;2;1;1;6;266;90, LEON BLUM      (Rue);M;4576080.0;490421.0;690
29668;201500032917;15;10;31;2105;5;2;6;1;7;290;EDOUARD HERRIOT;M;4569410.0;493511.0;690
29669;201500032918;15;11;8;2200;5;2;1;1;5;266;4 AOUT 1789    (Rue du);;;;690
29670;201500032919;15;11;9;950;1;2;2;1;3;266;JEAN JAURES      (Rue);M;4575572.0;487616.0;690
29671;201500032920;15;11;9;1130;1;2;3;1;6;266;EMILE ZOLA     (Cours);;;;690
29672;201500032921;15;11;9;1855;5;2;1;1;6;266;82, TOLSTOI    (Cours);M;4576270.0;487810.0;690
29673;201500032922;15;11;10;610;5;2;3;1;7;266;NIELS BOHR     (Boulevar;M;4578440.0;486739.0;690
29674;201500032923;15;11;10;1415;1;1;2;1;3;266;0, 11 NOVEMBRE 1918    (;M;4577897.0;486516.0;690
29675;201500032924;15;11;10;2230;5;2;1;1;3;290;AVIATION (DE L');M;4572260.0;449300.0;690
29676;201500032926;15;10;14;730;1;2;2;1;6;29;9, JEAN JAURES;M;4573230.0;490153.0;690
29677;201500032928;15;11;13;940;1;2;2;1;3;271;GENAS (DE);M;4573660.0;497301.0;690
29678;201500032929;15;11;13;1330;1;2;2;1;1;256;CANUTS (DES);M;4576108.0;492313.0;690
29679;201500032930;15;11;13;1535;1;2;3;1;3;275;FRATERNITE (DE LA);M;4577320.0;495422.0;690
29680;201500032931;15;11;14;1535;1;2;1;1;6;266;74, JULES GRANDCLEMENT;M;4578640.0;488199.0;690
29681;201500032932;15;11;14;1815;5;2;1;1;6;275;364, JEAN JAURES;M;4577233.0;497444.0;690
29682;201500032933;15;11;16;1045;1;2;3;1;6;266;., MARGUERITE   (Rue);M;4577800.0;486994.0;690
29683;201500032934;15;11;17;1120;1;2;1;1;2;266;2, CYPRIAN   (Rue de);M;4576005.0;490104.0;690
29684;201500032937;15;11;19;1158;1;2;1;1;7;290;AUTOROUTE A43 (BRETELLE;M;4572230.0;493175.0;690
29685;201500032939;15;11;19;1715;2;2;1;1;2;29;6, FRANCOIS MITTERRAND;M;4573898.0;492626.0;690
29686;201500032940;15;11;21;1235;1;1;1;8;3;266;8 MAI 1945   (Rue du);M;4578195.0;498207.0;690
29687;201500032942;15;11;17;1730;1;2;3;1;3;290;LYONNAIS (DU);;;;690
29688;201500032943;15;11;22;440;5;2;1;8;6;282;37, GAMBETTA;M;4576930.0;499296.0;690
29689;201500032945;15;11;22;650;5;2;1;1;7;275;SALVADOR ALLENDE;;;;690
29690;201500032946;15;11;19;1225;1;2;2;1;3;275;25, JEAN MACE;M;4576672.0;495630.0;690
29691;201500032947;15;11;24;1225;1;2;1;1;5;290;LYON (DE) (D 518);;;;690
29692;201500032948;15;11;26;500;5;2;1;1;6;266;3, ALBERT EINSTEIN    (A;M;4578094.0;487591.0;690
29693;201500032949;15;11;26;2320;5;2;1;1;6;29;62, LIONEL TERRAY;M;4572626.0;490700.0;690
29694;201500032950;15;11;30;745;1;2;1;1;6;29;26, COLONNES (DES);;;;690
29695;201500032951;15;11;30;745;2;2;3;1;6;266;ANATOLE FRANCE     (Rue);M;4576879.0;488291.0;690
29696;201500032952;15;11;10;930;1;2;1;1;6;266;5, JEAN CLAUDE VIVANT;M;4577370.0;486463.0;690
29697;201500032953;15;12;1;1800;5;2;1;1;6;256;1, CERISIERS (DES);M;4578288.0;493036.0;690
29698;201500032954;15;12;1;1800;5;2;3;1;6;275;EGALITE (DE L');M;4576991.0;496747.0;690
29699;201500032955;15;12;3;2140;5;2;8;1;1;29;FRANKLIN ROOSEVELT;M;4573290.0;491036.0;690
29700;201500032956;15;12;4;1701;2;2;8;1;3;256;0, ROGER SALENGRO;M;4576283.0;492941.0;690
29701;201500032957;15;12;4;1705;1;1;1;1;1;256;130, GABRIEL PERI;;;;690
29702;201500032959;15;12;3;930;1;2;2;1;6;266;FRANCIS DE PRESSENSE;;;;690
29703;201500032960;15;12;7;2104;5;2;2;1;1;266;0, 1ER MARS 1943    (Rue;;;;690
29704;201500032961;15;12;8;2050;5;2;1;2;3;266;78, REPUBLIQUE   (Cours;;;;690
29705;201500032962;15;12;11;650;5;2;1;1;1;266;25, ANTONIN PERRIN     (;M;4575000.0;488497.0;690
29706;201500032963;15;12;11;1713;5;2;2;1;3;256;EMILE ZOLA;M;4577916.0;491741.0;690
29707;201500032964;15;12;14;750;1;2;1;1;3;275;7, JONAGE (DE);M;4577261.0;497719.0;690
29708;201500032965;15;12;14;2055;5;2;2;1;3;266;149, STALINGRAD  - ESPAC;;;;690
29709;201500032966;15;12;14;1920;5;2;2;1;3;275;AV JEAN JAURES;M;4577040.0;495603.0;690
29710;201500032967;15;12;16;1440;1;2;1;1;6;29;34, 8 MAI 1945 (DU);M;4572777.0;491572.0;690
29711;201500032968;15;12;18;2345;5;2;3;1;3;271;45BIS, REPUBLIQUE (DE LA;M;4574194.0;497134.0;690
29712;201500032969;15;12;19;1800;5;2;6;1;6;275;JEAN JAURES;M;4577160.0;496859.0;690
29713;201500032970;15;12;21;1815;5;2;1;1;2;256;27, REPUBLIQUE (DE LA);M;4578666.0;492191.0;690
29714;201500032971;15;12;14;1620;1;2;6;1;3;282;REPUBLIQUE (DE);M;4576866.0;499138.0;690
29715;201500032972;15;12;17;854;1;2;1;1;2;275;JONAGE (DE);;;;690
29716;201500032973;15;12;22;1520;1;2;2;1;3;29;0, MICHEL LACROIX;;;;690
29717;201500032974;15;12;22;1720;2;2;1;1;1;29;., UNIVERSITE  (DE L');;;;690
29718;201500032976;15;12;18;2019;5;2;3;1;6;256;., CUZIN;M;4577120.0;492517.0;690
29719;201500032977;15;12;26;140;5;2;1;1;6;29;03, PIERRE BROSSOLETTE;M;4573852.0;492225.0;690
29720;201500032979;15;12;27;1910;5;2;1;1;2;266;0, CROIX LUIZET  (Pont d;M;4578323.0;489394.0;690
29721;201500032980;15;2;16;1725;1;2;1;1;6;275;209, AVENUE JEAN JAURES;;;;690
29722;201500032981;15;2;18;130;5;2;2;1;6;275;., AVENUE FRANKLIN ROOSE;;;;690
29723;201500032982;15;2;25;1710;1;2;2;1;4;275;129, AVENUE JEAN JAURES;;;;690
29724;201500032984;15;1;8;1350;1;2;1;1;6;286;AVENUE DE L EUROPE;;;;690
29725;201500032985;15;1;16;800;2;2;1;2;2;256;92/94, ROUTE DE GENEVE;M;4580840.0;490246.0;690
29726;201500032987;15;1;30;1026;1;2;1;1;6;286;25, RUE MICHELET;;;;690
29727;201500032988;15;2;3;825;1;2;9;1;6;286;AVENUE DES COMBATTANTS E;;;;690
29728;201500032989;15;2;5;1022;1;2;3;1;2;286;AVENUE DE L AIN;;;;690