;Num_Acc;an;mois;jour;hrmn;lum;agg;int;atm;col;com;adr;gps;lat;long;dep
29729;201500032990;15;2;19;1650;1;2;1;1;2;286;AVENUE DE L AIN;;;;690
29730;201500032991;15;2;3;1340;1;2;1;8;6;286;62, AVENUE DE L EUROPE;;;;690
29731;201500032992;15;3;4;2000;5;2;1;4;2;286;12, AVENUE DES NATIONS;;;;690
29732;201500032993;15;3;5;1800;2;2;1;1;6;286;63, AVENUE DE L EUROPE;;;;690
29733;201500032995;15;1;7;1355;1;2;2;1;1;290;98, AVENUE JEAN JAURES;;;;690
29734;201500032996;15;1;10;19;5;2;1;1;6;290;243, ROUTE DE GRENOBLE;M;4571140.0;497434.0;690
29735;201500032997;15;1;13;1900;5;2;6;6;6;290;ROND-POINT DES DROITS;M;;;690
29736;201500032998;15;1;20;1050;1;2;2;2;3;290;0, BOULEVARD DE LA PORTE;M;4572010.0;492649.0;690
29737;201500032999;15;1;18;955;1;2;1;5;6;290;., RUE DU LYONNAIS;M;4570350.0;489889.0;690
29738;201500033000;15;1;20;1750;5;2;6;1;6;290;12, EGALITE (DE L');M;4570230.0;493450.0;690
29739;201500033002;15;2;5;550;5;1;1;6;6;290;18, ROUTE DE MIONS;;;;690
29740;201500033003;15;2;6;930;1;2;3;1;2;290;., LYON (DE) (D 518);;;;690
29741;201500033004;15;2;10;1130;1;2;1;1;6;290;31, RUE DU BEAUJOLAIS;;;;690
29742;201500033005;15;2;18;1050;1;2;3;1;6;290;., CHARLES OTTINA;;;;690
29743;201500033006;15;2;18;1650;1;2;1;8;3;290;0, BOULEVARD ANDRE BOULL;;;;690
29744;201500033007;15;3;13;530;5;2;3;1;3;290;0, AVENUE HENRI GERMAIN;;;;690
29745;201500033008;15;9;23;1745;1;2;3;8;6;285;1, NELSON MANDELA (RUE);M;4758120.0;676717.0;700
29746;201500033010;15;1;19;1800;5;2;1;2;6;550;36, GAULLE (BOULEVARD CH;;;;700
29747;201500033011;15;12;30;1825;5;2;1;1;6;550;16, GARE (AVENUE DE LA);M;4761805.0;615136.0;700
29748;201500033012;15;4;20;125;3;1;1;1;6;388;CHEMIN DE LA VOIE DU VEA;M;4760860.0;611417.0;700
29749;201500033013;15;3;19;825;1;2;2;1;3;550;ALLIES (BOULEVARD DES);M;4762170.0;616967.0;700
29750;201500033014;15;4;27;5;5;2;2;1;3;550;TANNEURS (RUE DES);M;4762060.0;615500.0;700
29751;201500033015;15;5;2;1400;1;2;3;1;3;388;ORY Noel (RUE);M;4761613.0;613883.0;700
29752;201500033016;15;5;21;1735;1;2;1;1;6;550;97, SAINT MARTIN (RUE);M;4762470.0;614431.0;700
29753;201500033017;15;7;1;1730;1;2;6;1;3;550;GROSJEAN (RUE);M;4761950.0;616097.0;700
29754;201500033019;15;7;27;1815;1;2;3;1;3;513;CORDELIERS (RUE DES);M;4763060.0;612117.0;700
29755;201500033020;15;9;20;1730;1;1;1;1;1;207;RD 457;M;4757704.0;613238.0;700
29756;201500033021;15;10;16;1030;1;1;1;1;6;550;2, HEYMES (AVENUE RENE);M;4763563.0;614172.0;700
29757;201500033022;15;10;28;2055;5;2;6;3;3;550;LIBERATION (ROND POINT D;M;4761323.0;615079.0;700
29758;201500033023;15;10;30;1225;1;2;9;1;6;550;GIRARDOT (RUE DU COMMAND;M;4761758.0;615389.0;700
29759;201500033024;15;11;3;450;5;2;1;1;3;388;ORY Noel (RUE);M;4761550.0;614250.0;700
29760;201500033025;15;11;18;1635;1;1;1;1;3;550;R.N. 19;M;4763505.0;615630.0;700
29761;201500033026;15;11;30;1715;2;1;1;2;1;261;RN19;M;4762771.0;617766.0;700
29762;201500033027;15;12;10;1325;1;2;6;1;3;378;VILLERSEXEL (RUE DE);M;4761387.0;616240.0;700
29763;201500033028;15;3;8;2010;3;1;1;1;1;118;D68;M;0.0;0.0;710
29764;201500033029;15;12;18;1820;5;2;1;1;6;76;1 avenue de verdun;M;4677677.0;485488.0;710
29765;201500033030;15;3;30;1740;1;2;1;1;3;475;40 route de  LYON;M;4676668.0;484286.0;710
29766;201500033031;15;12;28;1950;5;2;1;1;1;76;163 avenue BOUCICAUT;M;4679022.0;483219.0;710
29767;201500033032;15;3;31;1340;1;2;1;2;2;76;114 rue  BOIS DE MENUSE;M;4680832.0;485172.0;710
29768;201500033033;15;12;20;1815;5;2;1;1;3;76;avenue de PARIS;M;4679665.0;484795.0;710
29769;201500033034;15;4;1;830;1;2;1;2;6;76;rue ARNAL;M;4679271.0;485692.0;710
29770;201500033035;15;3;31;1420;1;2;3;1;6;76;33 avenue BOUCICAUT;M;4678454.0;484457.0;710
29771;201500033036;15;4;6;1415;1;2;2;1;1;76;rue ARNAL;M;4679252.0;485697.0;710
29772;201500033037;15;4;15;1250;1;2;1;1;3;76;102 RUE  BOIS  MENUSE;M;4680719.0;485233.0;710
29773;201500033038;15;4;21;1745;1;2;3;1;3;76;rue des POILUS D'ORIENT;M;4679386.0;483347.0;710
29774;201500033039;15;4;9;1830;1;2;1;1;2;76;174 avenue BOUCICAUT;M;4679161.0;482989.0;710
29775;201500033040;15;4;12;1615;1;1;1;1;7;445;ROND POINT DE BRESSE;M;4676141.0;487133.0;710
29776;201500033041;15;4;17;1655;1;2;1;1;6;475;face 66 route de LYON;M;4676369.0;484239.0;710
29777;201500033042;15;5;12;800;1;2;1;1;6;76;22 place THEVENIN;M;4677964.0;486238.0;710
29778;201500033043;15;4;18;1910;1;2;1;1;1;445;route d OSLON;;;;710
29779;201500033044;15;4;23;1330;1;2;1;1;2;76;avenue KENNEDY;M;4680216.0;486114.0;710
29780;201500033045;15;4;18;1230;1;2;9;1;6;76;11 rue COUBERTIN;M;4680877.0;485181.0;710
29781;201500033046;15;6;4;1630;1;2;1;1;1;76;AVENUE GENERAL DE GAULLE;M;0.0;0.0;710
29782;201500033047;15;6;24;1350;1;1;1;1;2;475;ROUTE NATIONALE 80;M;0.0;0.0;710
29783;201500033049;15;9;19;840;1;2;1;1;1;475;1ROUTE DE LYON;M;0.0;0.0;710
29784;201500033050;15;9;15;620;5;2;1;1;6;76;avenue HUIT MAI 1945;M;4678391.0;484621.0;710
29785;201500033051;15;9;7;740;1;2;9;1;6;445;27 route d'OSLON;M;4678306.0;491389.0;710
29786;201500033052;15;10;15;725;5;2;1;2;6;76;avenue BLUM;M;4678652.0;486364.0;710
29787;201500033053;15;9;25;1620;1;2;1;1;6;76;25 place de  BEAUNE;M;4678497.0;485464.0;710
29788;201500033054;15;10;7;1125;1;1;7;1;6;76;place de la GARE;M;4677877.0;484514.0;710
29789;201500033055;15;10;20;2015;5;2;9;1;1;76;rue de BELFORT;M;4678658.0;485762.0;710
29790;201500033056;15;11;19;1125;1;1;1;1;5;445;RD673;M;0.0;0.0;710
29791;201500033057;15;10;25;1525;1;2;1;1;6;445;30 rue de la  VARENNE;M;4678563.0;490039.0;710
29792;201500033058;15;1;14;1435;1;2;6;8;3;76;avenue pierre NUGUE;M;4678837.0;486586.0;710
29793;201500033060;15;2;11;1950;3;1;1;1;1;445;RD673;;;;710
29794;201500033061;15;2;26;2005;5;2;3;2;3;76;general DUHESME;M;4679271.0;484629.0;710
29795;201500033062;15;2;28;2205;5;2;1;1;6;76;avenue BLUM;M;4678467.0;486362.0;710
29796;201500033063;15;1;10;2045;5;2;1;3;6;153;avenue MITTERRAND;;;;710
29797;201500033064;15;1;24;320;5;2;1;1;6;540;LA BARRE;M;4676549.0;445877.0;710
29798;201500033065;15;2;26;1745;1;2;1;2;1;59;route de MARMAGNE;;;;710
29799;201500033066;15;3;8;1830;1;2;1;1;1;153;hauteur rue CHAPTAL;M;4681154.0;442484.0;710
29800;201500033067;15;4;16;1400;1;2;1;1;2;153;58, MARTYRS DE LA LIBERA;M;4680622.0;443850.0;710
29801;201500033068;15;5;15;1100;1;2;9;1;6;153;184 RUE MARECHAL FOCH;M;4680313.0;445103.0;710
29802;201500033069;15;5;27;830;1;2;1;1;2;153;;M;4682667.0;446965.0;710
29803;201500033071;15;7;3;2200;1;2;1;1;6;153;rue de CORTON;M;4679072.0;442193.0;710
29804;201500033072;15;10;19;1415;1;2;2;1;6;153;rue de la COURONNE;M;4680315.0;441309.0;710
29805;201500033073;15;11;14;445;3;2;1;5;6;540;le THIELLAY;M;4675845.0;446966.0;710
29806;201500033075;15;3;13;2300;3;1;1;1;5;497;BD GENERAL DE GAULLE;;;;710
29807;201500033076;15;3;24;1045;1;2;1;2;6;270;9 rue jean MOULIN;M;4632167.0;483833.0;710
29808;201500033077;15;4;17;2335;3;1;1;1;3;497;1 rue  BEAUSOLEIL;M;4633716.0;483707.0;710
29809;201500033078;15;5;17;5;3;1;1;1;1;105;route des ALLEMANDS;;;;710
29810;201500033079;15;5;21;2112;1;1;1;1;6;497;1 rue MONT RICHARD;M;4633781.0;481852.0;710
29811;201500033081;15;7;3;1805;1;1;1;1;6;497;1 rue  BEAUSOLEIL;M;4634742.0;482966.0;710
29812;201500033082;15;7;19;1828;1;2;1;1;3;270;1 quai des  MARANS;M;4630135.0;483237.0;710
29813;201500033083;15;7;26;30;5;1;1;1;6;270;855 rue  VREMONTOISE;;;;710
29814;201500033084;15;8;14;1800;1;1;1;1;1;105;1 chemin  BOIS MARECHAL;M;4630304.0;477336.0;710
29815;201500033085;15;9;6;1240;1;2;1;1;6;270;DE LATTRE DE TASSIGNY;M;4631560.0;483950.0;710
29816;201500033086;15;8;24;1855;1;1;1;1;6;105;1 rue du PERTHUIS;;;;710
29817;201500033087;15;9;6;2230;5;2;1;1;6;105;route de CLUNY;;;;710
29818;201500033088;15;9;16;824;2;2;1;3;6;270;Avenue de la GARE;M;4630319.0;482577.0;710
29819;201500033089;15;9;30;2055;5;2;1;1;1;270;1 bd ETATS-UNIS;M;4632367.0;482815.0;710
29820;201500033090;15;10;6;1510;1;2;1;2;6;270;ROUTE DEPARTEMENTALE 906;;;;710
29821;201500033091;15;11;24;743;2;2;1;1;6;497;1, Rue de la Madone;M;4633606.0;484464.0;710
29822;201500033092;15;11;28;1900;5;1;1;1;2;270;1 rue maréchal JUIN;M;4632478.0;483930.0;710
29823;201500033093;15;1;13;2325;5;2;1;1;6;270;1 rue  RAMBUTEAU;M;4630636.0;482892.0;710
29824;201500033094;15;2;1;15;5;2;6;2;3;270;Rond-Point des Lycees;M;4631545.0;482391.0;710
29825;201500033095;15;3;4;1350;1;1;1;8;1;486;RD 974;;;;710
29826;201500033098;15;6;29;2040;2;2;2;1;3;306;DE LATTRE DE TASSIGNY;M;4667689.0;437024.0;710
29827;201500033099;15;10;3;1530;1;2;1;2;3;306;avenue des  ALOUETTES;M;4668781.0;435810.0;710
29828;201500033100;15;11;7;705;2;2;1;1;6;306;rue de SAINT VALLIER;M;4666841.0;437069.0;710
29829;201500033102;15;11;26;1920;5;2;9;1;6;306;2 quai JULES CHAGOT;M;4667893.0;436552.0;710
29830;201500033103;15;12;11;1805;3;1;4;1;5;40;Bretelle accès RN 70;M;0.0;0.0;710
29831;201500033104;15;12;21;1440;1;2;2;7;3;306;avenue ROGER SALENGRO;M;4666126.0;435323.0;710
29832;201500033105;15;2;20;737;2;2;1;2;6;181;CUGNOT NICOLAS (BD);M;4798138.0;21783.0;720
29833;201500033106;15;2;25;1210;1;1;1;2;3;181;PREMIERE DIVISION FRANCA;M;4801337.0;13282.0;720
29834;201500033107;15;2;26;2145;5;2;2;1;3;181;CUGNOT NICOLAS (BD);M;4798605.0;22514.0;720
29835;201500033109;15;3;7;1540;1;1;3;1;3;181;CHAMPION HENRI (RUE) N;M;4798469.0;24017.0;720
29836;201500033110;15;3;13;1700;1;1;3;2;5;3;SUZE (RTE DE LA);;;;720
29837;201500033111;15;3;19;1410;1;2;3;1;1;181;BARTHOLDI FRED AUGUSTE (;M;0.0;0.0;720
29838;201500033112;15;5;2;1910;1;2;1;2;1;181;CLEMENCEAU GEORGES ( BD);M;4797850.0;21378.0;720
29839;201500033113;15;5;13;400;5;2;1;1;6;95;27, PAIX (RUE DE LA);M;4802416.0;20344.0;720
29840;201500033114;15;6;8;840;1;2;6;1;6;181;EDISON THOMAS (RUE);M;4802420.0;17667.0;720
29841;201500033115;15;6;15;1235;1;1;1;1;1;181;ITALIENS (BD DES);M;4794985.0;20688.0;720
29842;201500033116;15;6;30;845;1;2;1;1;6;181;303, GENESLAY FELIX (AV);M;4797254.0;20564.0;720
29843;201500033117;15;7;4;1145;1;2;4;1;3;181;JAURES JEAN (AV) N° IMP;M;4799480.0;20292.0;720
29844;201500033118;15;7;10;2345;5;2;1;1;1;181;BOEUFS PETIT FOUILLET (C;M;4794249.0;21386.0;720
29845;201500033119;15;8;1;930;1;1;9;1;6;3;SUZE (RTE DE LA);M;4797520.0;15598.0;720
29846;201500033120;15;8;6;1015;1;1;1;1;3;181;PATTON GENERAL RTE ST-AU;M;4802748.0;17151.0;720
29847;201500033121;15;8;19;1405;1;2;3;1;1;181;MOULIN JEAN (BD) N° PAIR;M;4797791.0;21161.0;720
29848;201500033122;15;8;19;1715;1;2;7;1;6;181;GRENTE CARDINAL (PL DU);M;4801012.0;19827.0;720
29849;201500033123;15;9;22;815;1;2;1;2;6;181;31, MUTUEL (BD);M;4800780.0;21750.0;720
29850;201500033124;15;10;13;750;1;2;1;1;3;181;PIFFAULT PIERRE (AV) ROC;M;4798330.0;18341.0;720
29851;201500033125;15;10;9;1710;1;1;3;1;3;181;GENESLAY FELIX (AV) N° I;M;4797821.0;20836.0;720
29852;201500033126;15;11;2;1921;5;2;2;1;3;181;MARIETTE (RUE DE LA) N°;M;4799874.0;21000.0;720
29853;201500033127;15;11;22;1600;1;1;1;1;3;3;SUZE (RTE DE LA);M;4795878.0;12914.0;720
29854;201500033128;15;11;12;820;1;2;3;5;6;181;145, JAURES JEAN (AV) N°;M;4798824.0;20801.0;720
29855;201500033129;15;12;3;1710;1;1;3;1;3;181;LEFAUCHEUX PIERRE (BD);M;4795459.0;17974.0;720
29856;201500033130;15;12;4;1755;3;2;3;1;3;181;49, JAURES JEAN (AV) Nø;M;4799150.0;20561.0;720
29857;201500033131;15;12;21;800;5;2;2;2;5;181;ARNAGE (RUE D') Nø IMP 1;M;4799043.0;19396.0;720
29858;201500033132;15;2;6;1730;1;2;1;1;6;181;130, RHIN ET DANUBE (AV);;;;720
29859;201500033133;15;2;9;2100;3;1;1;1;2;95;PREM DIV FRANCAISE LIBRE;;;;720
29860;201500033134;15;2;11;2340;5;2;1;1;7;181;ESTIENNE D'ORVES (BD D');;;;720
29861;201500033135;15;4;20;835;1;2;2;1;2;8;34, LATTRE DE TASSIGNY A;M;4569473.0;590318.0;730
29862;201500033136;15;4;22;910;1;2;1;1;6;8;327, WILSON BOULEVARD;M;4568891.0;590953.0;730
29863;201500033137;15;5;12;1335;1;2;6;1;3;8;35, ROOSEVELT FRANKLIN A;M;4570158.0;590916.0;730
29864;201500033138;15;5;18;2200;5;2;3;1;3;8;GAULLE GENERAL DE AVENUE;M;4568790.0;591257.0;730
29865;201500033139;15;8;12;740;1;2;1;1;6;8;7, MOULIN JEAN SQUARE;M;4568752.0;591407.0;730
29866;201500033140;15;10;23;750;1;2;2;1;3;8;FERRIE GENERAL RUE;M;4567637.0;590772.0;730
29867;201500033141;15;10;20;1620;1;2;3;1;3;8;GAULLE GENERAL DE AVENUE;M;4568792.0;591256.0;730
29868;201500033142;15;11;30;840;1;2;6;1;3;8;GRAND PORT (RONDEAU) AVE;M;4570430.0;589472.0;730
29869;201500033143;15;11;13;1740;5;2;4;1;3;8;Av eneral de Gaulle;M;4568790.0;591256.0;730
29870;201500033144;15;2;12;1545;1;2;1;7;6;8;3, CLEMENCEAU GEORGES PL;M;4569401.0;591010.0;730
29871;201500033145;15;1;23;1715;2;1;1;1;1;11;BEAUFORT (ROUTE DE);M;4567976.0;639695.0;730
29872;201500033146;15;2;15;1227;1;2;1;1;6;11;3, UGINE (ROUTE D');M;4568025.0;639442.0;730
29873;201500033147;15;4;17;405;5;1;1;3;6;11;2613, TOURS (ROUTE DE);M;4566511.0;642598.0;730
29874;201500033148;15;6;1;850;1;2;3;1;7;11;123, DUBOIS (RUE DU CDT);M;4567057.0;638529.0;730
29875;201500033149;15;2;22;1510;1;2;6;8;3;11;ALBERT (PLACE CHARLES);M;4567592.0;639537.0;730
29876;201500033150;15;7;7;1515;1;2;1;1;2;11;59, CASSINE (CH. DE LA);M;4566185.0;638120.0;730
29877;201500033151;15;8;25;1800;1;2;6;1;1;11;1, PIERRE DU ROY (CHEMIN;M;4568221.0;639544.0;730
29878;201500033152;15;5;21;1730;1;2;3;1;3;65;LYON (AVENUE DE);;;;730
29879;201500033153;15;7;22;2120;3;2;1;3;3;65;BOISSE (AVENUE DE LA);M;4557424.0;591697.0;730
29880;201500033154;15;6;13;2355;5;2;1;2;1;65;REPOS (AVENUE DU);M;4556957.0;590236.0;730
29881;201500033155;15;10;4;1530;1;2;1;1;1;65;GRAND CHAMP (RUE DU);M;4559754.0;592051.0;730
29882;201500033156;15;1;29;1755;5;2;1;2;6;65;LANDIERS (AVENUE DES);M;4559227.0;590251.0;730
29883;201500033157;15;2;2;1830;2;2;1;1;6;65;SAINTE ROSE (RUE);M;4556631.0;593584.0;730
29884;201500033158;15;4;12;1250;1;2;3;1;3;93;RUE DE LA PEROLLIERE;;;;740
29885;201500033159;15;5;28;1825;1;2;3;1;6;93;AV REPUBLIQUE/2 RUE PARC;M;;;740
29886;201500033160;15;5;17;950;1;2;6;1;3;10;BD DE LA ROCADE;;;;740
29887;201500033161;15;5;25;1545;1;2;3;1;3;10;AV DE GENEVE / BELLEVUE;;;;740
29888;201500033163;15;6;3;930;1;2;1;1;6;10;80, AVENUE DE LA PLAINE;;;;740
29889;201500033164;15;6;28;1815;1;1;1;1;3;10;BD DE LA CORNICHE;;;;740
29890;201500033165;15;7;15;1755;1;2;3;1;6;10;12 AVENUE DE GENEVE;;;;740
29891;201500033166;15;6;11;1620;1;2;1;1;6;10;AVENUE DE LA  PLAINE;;;;740
29892;201500033167;15;6;9;1020;1;2;3;1;6;10;RUE MARC LEROUX;;;;740
29893;201500033168;15;8;27;1210;1;2;2;1;3;10;80, AVENUE DE FRANCE;;;;740
29894;201500033169;15;10;30;820;1;2;1;1;3;10;36,AVENUE ALBIGNY;M;4590584.0;614490.0;740
29895;201500033171;15;10;26;745;2;2;6;1;3;10;AVENUE DE GENEVE;;;;740
29896;201500033172;15;11;10;1140;1;2;6;1;3;10;PLACE HENRI DUNANT;M;4590784.0;613630.0;740
29897;201500033173;15;11;12;1329;1;2;1;1;3;10;RUE DES MARQUISATS;;;;740
29898;201500033174;15;11;5;1500;1;2;1;1;6;10;CHEMIN DU MAQUIS;;;;740
29899;201500033176;15;12;15;1835;1;2;1;1;6;10;66, AVENUE DE LA PLAINE;M;4591591.0;612891.0;740
29900;201500033177;15;11;9;1900;5;2;1;1;6;10;BOULEVARD DU LYCEE;M;4590580.0;612692.0;740
29901;201500033178;15;12;24;1848;5;2;1;1;6;10;QUAI EUSTACHE CHAPPUIS;M;4589977.0;612827.0;740
29902;201500033179;15;1;7;1620;1;2;1;1;6;10;CHEMIN DU MAQUIS;;;;740
29903;201500033180;15;1;20;1800;5;2;1;4;6;10;25,FAUBOURG  BALMETTES;;;;740
29904;201500033181;15;2;19;1910;5;2;2;1;6;10;55, BOULEVARD DU  FIER;;;;740
29905;201500033182;15;3;27;430;5;2;1;2;6;10;84, AVENUE DE FRANCE;;;;740
29906;201500033183;15;11;9;1620;1;2;6;1;3;298;AVENUE DE L'EUROPE;M;4610372.0;624389.0;740
29907;201500033184;15;12;8;1900;5;1;9;1;1;133;RUE DE L'INDUSTRIE;M;4611021.0;621612.0;740
29908;201500033185;15;12;25;1725;5;2;1;1;6;12;AVENUE DE VERDUN;;;;740
29909;201500033186;15;6;3;2020;1;2;2;1;3;133;RUE D'ARVE / DES VIGNES;M;4618860.0;621567.0;740
29910;201500033188;15;6;17;700;1;2;1;1;1;8;RUE D'ARVE;M;4618810.0;621639.0;740
29911;201500033189;15;7;12;1910;1;2;1;1;6;12;11, RUE ADOLPHE MAGNIN;;;;740
29912;201500033190;15;7;9;1725;1;2;1;1;6;12;32, RUE DU BEULET;M;;;740
29913;201500033191;15;7;10;900;1;2;7;1;6;12;PLACE DE LA LIBERATION;M;4619320.0;623622.0;740
29914;201500033192;15;6;30;1635;1;1;1;1;5;298;ROUTE DE BONNEVILLE;M;4616800.0;627136.0;740
29915;201500033193;15;7;3;1425;1;2;3;1;6;12;58, RUE DE SOUS-CASSAN;M;4619336.0;625534.0;740
29916;201500033194;15;9;14;730;2;2;6;1;6;298;ROUTE DE LA COLLINE;M;4611249.0;625101.0;740
29917;201500033195;15;9;8;2030;5;2;3;1;6;12;AVENUE CHARLES DE GAULLE;;;;740
29918;201500033196;15;8;23;1330;1;2;1;1;3;133;09,RUE DES PEUPLIERS;M;4619000.0;621000.0;740
29919;201500033197;15;9;2;1330;1;2;3;1;3;133;RUE DE L'INDUSTRIE;M;4618530.0;621917.0;740
29920;201500033198;15;10;5;1925;2;2;1;2;3;12;51, RUE DE GENEVE;M;4619330.0;622694.0;740
29921;201500033199;15;10;9;1935;2;2;1;1;6;12;68, ROUTE DES VALLEES;M;4619280.0;625000.0;740
29922;201500033201;15;10;13;1200;1;2;1;1;3;12;04,AVENUE  BUCHILLONS;M;4619890.0;626628.0;740
29923;201500033202;15;10;6;2145;5;2;1;1;3;12;01,RUE DU DOCTEUR FAVRE;M;4619750.0;623833.0;740
29924;201500033203;15;10;21;1410;1;2;1;1;3;8;49, AVENUE DE GENEVE;;;;740
29925;201500033204;15;11;13;1640;1;2;3;1;3;12;RUE DE LA RESISTANCE;;;;740
29926;201500033205;15;11;24;2330;5;2;6;1;3;12;ROUTE DE THONON;;;;740
29927;201500033206;15;1;6;1535;1;2;3;1;1;298;ROUTE DE BONNEVILLE;;;;740
29928;201500033207;15;2;2;645;5;2;1;8;7;12;EUROPE (AVENUE DE L');;;;740
29929;201500033209;15;2;12;710;5;2;6;1;3;12;RUE GENEVE / BARON LOE;;;;740
29930;201500033210;15;3;9;2040;5;2;3;1;3;133;RUE DE GENEVE;;;;740
29931;201500033211;15;3;14;2245;5;2;6;1;3;305;RUE DE MONTREAL;;;;740
29932;201500033212;15;3;18;1720;1;2;1;1;6;118;ROUTE DES DEPORTES;;;;740
29933;201500033213;15;4;2;630;3;2;1;1;6;305;ROUTE DE JUVIGNY;;;;740
29934;201500033214;15;4;30;140;5;2;2;1;1;133;GENEVE /LIBERATION;;;;740
29935;201500033215;15;12;27;730;3;2;1;8;7;281;CONTOURNEMENT;;;;740
29936;201500033216;15;3;17;2105;5;2;1;1;3;218;1230, AVENUE DE LA RIVE;M;0.0;0.0;740
29937;201500033217;15;3;31;2230;5;1;2;2;1;119;60, AVENUE DE GAVOT;M;0.0;0.0;740
29938;201500033218;15;4;10;905;1;2;1;1;6;281;44 AVENUE D' EVIAN;M;0.0;0.0;740
29939;201500033219;15;4;16;1645;1;1;1;1;1;218;PONT DE LA BOTTE;;;;740
29940;201500033220;15;5;1;1730;1;2;1;3;6;281;CHEMIN DE RONDE;;;;740
29941;201500033221;15;4;30;1425;1;2;1;1;3;281;GENEVE (AVE DE);;;;740
29942;201500033222;15;5;16;510;5;2;1;1;6;119;33, AV ANNA DENOAILLES;M;4639860.0;657567.0;740
29943;201500033223;15;5;18;1210;1;2;1;1;5;281;12, AVENUE DE SENEVULAZ;;;;740
29944;201500033224;15;5;27;1720;1;2;1;1;1;119;AVENUE ANNA DE NOAILLES;M;4639740.0;656764.0;740
29945;201500033225;15;5;28;1920;1;2;1;1;3;119;4, ANNA DE NOAILLES;;;;740
29946;201500033226;15;5;28;2135;5;1;1;1;1;281;43, ROUTE DE TULLY;;;;740
29947;201500033227;15;6;19;1250;1;2;2;1;3;281;AVENUE DE LA DRANSE;;;;740
29948;201500033228;15;6;15;1210;1;2;3;1;3;218;350, VIEUX MOTTAY/PLAINE;;;;740
29949;201500033230;15;6;25;2105;2;2;3;1;1;281;AVENUE DE RIPAILLE;M;4623134.0;629071.0;740
29950;201500033231;15;6;26;225;3;2;4;1;1;281;AVENUE DE RIPAILLE;M;4623109.0;629009.0;740
29951;201500033232;15;7;6;2110;2;2;1;9;6;281;13 AV  FONTAINE COUVERTE;M;4636700.0;649678.0;740
29952;201500033233;15;7;11;1340;1;2;6;1;3;281;PLACE DES  ARTS;;;;740
29953;201500033235;15;7;25;1500;1;2;1;1;1;281;11,BD DES VALLEES;;;;740
29954;201500033236;15;8;7;2130;5;2;1;1;2;119;AVENUE DU GENERAL DUPAS;M;4640030.0;658306.0;740
29955;201500033237;15;8;6;1930;1;1;1;1;5;218;AVENUE DE THONON;M;4638600.0;651700.0;740
29956;201500033238;15;10;1;1730;1;2;1;1;6;281;50, AVENUE JULES FERRY;M;4637701.0;648962.0;740
29957;201500033241;15;10;12;1520;1;2;1;1;1;281;30, AVENUE DES ROMAINS;;;;740
29958;201500033242;15;10;13;1215;1;1;1;1;5;281;RD 1005;M;4636280.0;649389.0;740
29959;201500033243;15;10;26;2020;5;2;3;1;3;281;RUE DES PEUPLIERS;M;4636168.0;482159.0;740
29960;201500033244;15;10;21;1545;1;1;3;1;7;218;564, RIVES DU LEMAN;M;4639429.0;656437.0;740
29961;201500033245;15;11;2;1640;1;2;1;1;3;281;26, AVENUE DES ALLINGES;M;4636383.0;647842.0;740
29962;201500033246;15;11;9;935;1;2;1;1;3;281;6, AVENUE DE  GENEVRIERS;M;;;740
29963;201500033247;15;12;2;1525;1;2;2;1;6;281;28, AVENUE DES ALLINGES;M;4636341.0;647842.0;740
29964;201500033248;15;10;22;1910;5;2;8;1;3;281;AVENUE DU CLOS BANDERET;;;;740
29965;201500033250;15;1;8;1300;1;2;1;1;6;281;10, AVENUE DU PARC;;;;740
29966;201500033251;15;3;1;2120;5;2;1;2;6;119;46, AVENUE DE GAVOT;;;;740
29967;201500033252;15;2;26;805;1;2;1;1;3;281;RUE VALLON;;;;740
29968;201500033253;15;3;5;1922;5;1;1;1;3;218;AVENUE DE LA RIVE;;;;740
29969;201500033254;15;3;14;1335;1;2;3;1;2;281;20, BD JULES FERRY;;;;740
29970;201500033255;15;3;2;1900;5;2;1;1;3;329;R DE L'ABBAYE;M;4954871.0;49321.0;760
29971;201500033256;15;3;13;1900;3;1;1;1;5;384;;M;4952732.0;52645.0;760
29972;201500033257;15;3;27;1744;1;1;1;1;3;476;AV DU BOIS;M;4950240.0;56879.0;760
29973;201500033258;15;8;7;1850;1;1;3;1;3;382;D6015;M;4958441.0;52907.0;760
29974;201500033259;15;8;9;2129;1;1;1;1;6;329;RTE DE LILLEBONNE;M;4953803.0;50916.0;760
29975;201500033260;15;9;27;1810;1;1;1;1;1;476;RD 110;M;4949891.0;57196.0;760
29976;201500033261;15;10;23;1825;1;1;1;1;5;382;1123, HAMEAU DE LA MAISO;M;4957907.0;51469.0;760
29977;201500033262;15;11;19;1920;5;2;2;2;3;114;R CHARLES SOREUIL;M;4957602.0;47528.0;760
29978;201500033264;15;1;6;1240;1;1;6;1;2;545;RD 154E;M;4990705.0;110576.0;760
29979;201500033266;15;1;23;1545;1;1;3;1;4;565;;M;4987136.0;108048.0;760
29980;201500033267;15;3;17;1527;1;2;2;1;2;217;ROC DE JANVAL;M;4990896.0;107257.0;760
29981;201500033268;15;1;29;750;3;2;4;2;6;217;BD DE GAULLE;M;4992354.0;108133.0;760