;Num_Acc;an;mois;jour;hrmn;lum;agg;int;atm;col;com;adr;gps;lat;long;dep
29982;201500033269;15;3;19;1228;1;2;1;2;1;26;RD 23;M;4987927.0;112213.0;760
29983;201500033270;15;2;8;2025;5;2;1;8;2;217;ROC DE JANVAL;M;4990812.0;107143.0;760
29984;201500033272;15;2;14;954;1;2;4;1;6;26;R DE LA CHAUSSEE;M;4988059.0;113001.0;760
29985;201500033273;15;3;24;1745;1;2;2;2;6;217;ROC DE JANVAL;M;4990886.0;107243.0;760
29986;201500033274;15;3;28;2220;5;2;6;1;6;217;QU DUQUESNE;M;4992647.0;108004.0;760
29987;201500033275;15;4;10;1820;1;2;2;1;3;217;CRS DE DAKAR;M;4992193.0;108519.0;760
29988;201500033276;15;4;13;1730;1;2;3;1;6;217;COLBERT (PONT);M;4992729.0;108592.0;760
29989;201500033278;15;5;3;330;3;1;1;1;7;26;HAMEAU DE GRUCHET;M;4987393.0;111072.0;760
29990;201500033279;15;5;4;1530;1;2;2;1;2;217;BD GEORGES CLEMENCEAU;M;4992206.0;108181.0;760
29991;201500033280;15;5;12;1220;1;2;1;1;3;26;RTE DE SAINT NICOLAS;M;4988264.0;114506.0;760
29992;201500033281;15;5;12;1645;1;2;1;1;2;217;R DU COMMANDANT CASEAU;M;4991811.0;108638.0;760
29993;201500033282;15;6;10;1010;1;2;1;1;6;217;R JACQUES PREVERT;M;4991889.0;106135.0;760
29994;201500033283;15;6;12;1830;1;1;6;1;2;217;RD 485;M;4992274.0;111127.0;760
29995;201500033284;15;6;16;1115;1;2;6;1;3;217;;M;4992710.0;112147.0;760
29996;201500033285;15;6;22;1050;1;2;4;2;2;217;AV DES CANADIENS;M;4990199.0;107738.0;760
29997;201500033286;15;6;26;1250;1;2;1;1;6;217;BD MARECHAL FOCH;M;4993002.0;107875.0;760
29998;201500033287;15;6;26;1410;1;1;1;1;6;217;D 485;M;4992425.0;111295.0;760
29999;201500033289;15;7;9;2325;4;2;1;1;6;217;24, CRS DE DAKAR;M;4991714.0;109169.0;760
30000;201500033291;15;6;29;1832;1;2;3;1;1;414;D1;M;4990104.0;113986.0;760
30001;201500033292;15;7;31;1705;1;1;3;1;2;565;RD54E;M;4987080.0;107690.0;760
30002;201500033294;15;8;20;1325;1;1;3;1;2;565;RD 915;M;4988898.0;108397.0;760
30003;201500033295;15;8;22;2045;1;2;1;1;2;217;RD 925;M;4992544.0;108035.0;760
30004;201500033296;15;8;23;1130;1;2;1;2;7;26;34, RTE DE MARTIN EGLISE;M;4988654.0;113828.0;760
30005;201500033297;15;8;26;1845;1;1;6;1;2;545;RD 154E;M;4990664.0;110725.0;760
30006;201500033298;15;9;1;1230;1;2;1;1;2;217;AV DE BREAUTE;M;4991215.0;108882.0;760
30007;201500033299;15;9;15;950;1;2;1;1;3;217;38, BD DE VERDUN;M;4992893.0;107923.0;760
30008;201500033300;15;9;2;1125;1;1;1;1;7;26;;M;4988030.0;114756.0;760
30009;201500033301;15;9;7;835;1;2;2;1;6;349;R DU PARADIS;M;4990192.0;105157.0;760
30010;201500033302;15;9;15;1650;1;2;1;1;6;545;AV DE BREAUTE;M;4991475.0;109433.0;760
30011;201500033303;15;9;24;100;5;2;1;1;7;217;AV JEAN RIBLET;M;4992013.0;109601.0;760
30012;201500033305;15;9;28;425;2;1;1;1;6;349;RD 925;M;4989215.0;103845.0;760
30013;201500033306;15;9;28;2030;3;2;1;1;6;217;R ROGER EVRARD;M;4990783.0;106804.0;760
30014;201500033307;15;10;5;903;1;2;1;1;6;217;PONT JEHAN ANGO;M;4992644.0;108128.0;760
30015;201500033308;15;10;12;1800;1;1;1;1;7;707;RD 23;M;4985164.0;110080.0;760
30016;201500033309;15;10;27;1414;1;2;2;1;6;217;13, R THIERS;M;4992110.0;107693.0;760
30017;201500033310;15;11;3;1410;1;1;6;1;2;217;;M;4992305.0;111111.0;760
30018;201500033311;15;11;13;350;4;2;1;1;6;217;26, PL HENRI DUNANT;M;4992915.0;110249.0;760
30019;201500033312;15;11;18;2150;4;2;1;2;6;217;R DES CORMORANS;M;4993088.0;109832.0;760
30020;201500033313;15;11;18;1430;1;2;1;1;6;217;9,R SAINT-JEAN;M;4992634.0;107941.0;760
30021;201500033314;15;11;23;1800;2;1;1;1;1;324;RD 925;M;4993375.0;115443.0;760
30022;201500033315;15;12;10;1749;2;2;3;1;3;217;CH DU GOLF;M;4991812.0;105919.0;760
30023;201500033316;15;11;30;1250;1;2;1;1;1;217;12, R DU GENERAL DE GAUL;M;4992180.0;110244.0;760
30024;201500033317;15;12;8;1825;5;2;7;1;2;545;R DU CHAMP DE COURSES;M;4990438.0;109308.0;760
30025;201500033318;15;12;9;745;2;2;1;1;6;217;1-3, ARC DE LA BOURSE;M;4992680.0;107952.0;760
30026;201500033319;15;12;11;1620;2;1;1;2;3;565;R VAL GOSSET;M;4987234.0;109352.0;760
30027;201500033320;15;12;19;440;5;2;1;1;6;217;R LOUIS DE BURES;M;4991750.0;108695.0;760
30028;201500033321;15;12;19;530;5;2;1;1;6;217;24, AV NORMANDIE SUSSEX;M;4991662.0;108933.0;760
30029;201500033322;15;12;19;1455;1;1;3;1;2;565;;M;4988271.0;109027.0;760
30030;201500033324;15;12;23;1620;1;2;1;1;6;217;BD MARECHAL FOCH;M;4992984.0;107830.0;760
30031;201500033325;15;12;28;1900;5;2;6;1;3;217;ARC DE LA POISSONNERIE;M;4992652.0;107982.0;760
30032;201500033326;15;1;29;745;3;1;1;1;2;231;R BOURGTHEROULDE;M;4928714.0;98491.0;760
30033;201500033327;15;3;21;945;1;2;7;1;6;259;17, PL CHARLES DE GAULLE;M;4975713.0;37608.0;760
30034;201500033328;15;3;31;1150;1;2;1;1;6;259;5, R DE BARRY;M;4975691.0;37176.0;760
30035;201500033329;15;3;27;1410;1;2;3;1;6;259;CHS GAYANT;M;4976093.0;37385.0;760
30036;201500033330;15;5;2;120;5;2;1;1;6;259;266, CH DES MOULINS DE B;M;4975422.0;40500.0;760
30037;201500033331;15;5;15;950;1;2;1;1;6;259;750, RTE DU PHARE;M;4976484.0;37217.0;760
30038;201500033332;15;5;21;1750;1;2;2;1;6;259;91, RTE DE VALMONT;M;4975782.0;39240.0;760
30039;201500033333;15;5;26;1607;1;2;1;1;6;259;145, R GUSTAVE COUTURIER;M;4975239.0;39396.0;760
30040;201500033334;15;7;2;1130;1;2;6;2;3;259;MANDELA ( BOULEVARD NELS;M;4974400.0;38890.0;760
30041;201500033336;15;9;17;1215;1;1;1;1;1;259;BD NELSON MANDELA;M;4974638.0;39611.0;760
30042;201500033337;15;12;18;1650;1;1;1;1;1;600;RTE DU HAVRE;M;4973881.0;36965.0;760
30043;201500033338;15;1;26;1145;1;1;1;2;1;259;;M;4976482.0;40665.0;760
30044;201500033339;15;2;16;1615;1;2;3;2;6;351;2,R COMMANDANT CHEF D HO;M;4949696.0;12586.0;760
30045;201500033340;15;2;18;20;5;1;1;1;1;351;;M;4952454.0;18122.0;760
30046;201500033342;15;2;16;1300;1;2;3;1;7;351;170,AV DU HUIT MAI 1945;M;4951250.0;17450.0;760
30047;201500033343;15;1;2;1555;1;2;2;1;6;351;75, AV ROUGET DE LISLE;M;4950552.0;14283.0;760
30048;201500033344;15;2;18;1555;1;1;1;1;4;351;AV DU SEIZIEME PORT;M;4948556.0;17583.0;760
30049;201500033345;15;2;20;1130;1;2;2;3;2;447;25, R DE LA COMMUNE 1871;M;4954500.0;18864.0;760
30050;201500033346;15;2;20;850;1;1;1;2;5;351;R LOUIS BLERIOT;M;4953275.0;9620.0;760
30051;201500033347;15;2;19;1945;5;2;1;1;1;351;53, AV DU VAL AUX CORNEI;M;4950910.0;14573.0;760
30052;201500033348;15;1;3;1340;1;2;2;2;3;351;61,R LOUIS BRINDEAU;M;4949120.0;10352.0;760
30053;201500033349;15;2;21;1005;1;2;3;1;3;351;BD CLEMENCEAU;M;4948965.0;9772.0;760
30054;201500033350;15;2;22;2020;3;1;1;3;1;481;;M;4955720.0;11239.0;760
30055;201500033351;15;3;4;1415;1;2;3;1;7;351;76, AV RENE COTY;M;4949766.0;11410.0;760
30056;201500033352;15;2;21;1405;1;2;2;1;3;351;AV DU BOIS AU COQ;M;4951858.0;11675.0;760
30057;201500033353;15;3;7;630;5;2;7;1;4;351;PL JENNER;M;4950874.0;13592.0;760
30058;201500033354;15;3;10;1715;1;2;1;1;1;351;214, R LOUIS LUMIERE;M;4952316.0;12165.0;760
30059;201500033355;15;3;10;1740;1;2;1;1;6;351;80, R EUGENE MOPIN;M;4951986.0;15877.0;760
30060;201500033356;15;3;10;1340;1;2;1;1;7;351;CRS DE LA REPUBLIQUE;M;4950111.0;13083.0;760
30061;201500033358;15;3;14;50;5;2;6;1;6;351;R MAGASINS GENERAUX;M;4949153.0;13326.0;760
30062;201500033359;15;3;22;145;5;2;2;1;3;351;QU COLBERT;M;4948984.0;11945.0;760
30063;201500033360;15;3;21;2145;5;2;1;2;6;351;195, AV JEAN JAURES;M;4950014.0;16165.0;760
30064;201500033361;15;3;20;1700;1;1;2;1;3;305;RTE DE LA BREQUE;M;4948775.0;19613.0;760
30065;201500033362;15;3;23;1105;1;2;1;1;6;351;104, AV DU BOIS DE BLEVI;M;4952414.0;12898.0;760
30066;201500033364;15;3;31;1840;1;2;1;1;6;305;40, AV DES COTES BLANCHE;M;4949996.0;22583.0;760
30067;201500033366;15;3;30;2130;5;2;2;1;3;351;R JEAN JACQUES ROUSSEAU;M;4949734.0;13133.0;760
30068;201500033367;15;1;6;1250;1;2;3;1;2;351;2, QU LAMBLARDIE;M;4948979.0;11129.0;760
30069;201500033368;15;3;28;1245;1;2;3;1;7;351;141, CRS DE LA REPUBLIQ;M;4949884.0;12884.0;760
30070;201500033369;15;4;3;2200;5;2;1;2;6;351;PONT AUGUSTE BLANQUI;M;4949969.0;16246.0;760
30071;201500033370;15;4;7;1825;1;2;2;1;6;351;161, R DEMIDOFF;M;4949780.0;13896.0;760
30072;201500033371;15;4;8;2130;5;2;1;1;6;351;29, AV REAUMUR;M;4950968.0;17014.0;760
30073;201500033372;15;1;8;105;5;2;1;2;6;351;35, R CLEMENT MARICAL;M;4950174.0;9712.0;760
30074;201500033373;15;4;12;1820;1;2;1;1;1;351;CHS LAMANDE;M;4948731.0;11623.0;760
30075;201500033374;15;4;18;1250;1;2;1;1;2;447;110, AV MARECHAL FOCH;M;4953415.0;18846.0;760
30076;201500033375;15;4;16;1525;1;2;3;1;2;351;BD FRANCOIS 1ER;M;4949104.0;9994.0;760
30077;201500033376;15;4;18;1830;1;2;1;1;7;351;12, R DU FOYER HAVRAIS;M;4950592.0;13948.0;760
30078;201500033377;15;4;15;2050;2;2;3;1;3;351;104, R ANATOLE FRANCE;M;4949575.0;11837.0;760
30079;201500033378;15;4;19;1710;1;1;6;1;7;447;RD 489 A4;M;4953360.0;18546.0;760
30080;201500033379;15;4;21;755;1;2;1;1;6;351;68, AV FOCH;M;4949307.0;10432.0;760
30081;201500033380;15;4;21;1505;1;2;1;1;3;351;2, R DE PRESSENSE;M;4949584.0;14818.0;760
30082;201500033381;15;4;14;835;1;2;1;1;6;351;32, R DE LA VALLEE;M;4949317.0;15137.0;760
30083;201500033383;15;4;24;840;1;2;2;1;3;351;R SCRIBE;M;4950818.0;16965.0;760
30084;201500033385;15;4;24;1200;1;2;1;1;7;351;298, R ARISTIDE BRIAND;M;4950042.0;13791.0;760
30085;201500033386;15;4;24;1720;1;2;1;1;6;351;93, R GEORGES LAFAURIE;M;4950025.0;11077.0;760
30086;201500033387;15;4;28;1210;1;2;2;1;6;351;41, R ANATOLE FRANCE;M;4949525.0;11309.0;760
30087;201500033388;15;1;9;2330;5;2;1;1;4;447;25, AV DU MARECHAL FOCH;M;4954123.0;18804.0;760
30088;201500033389;15;4;27;1430;1;2;2;1;3;351;85, R DE CRONSTADT;M;4950543.0;11488.0;760
30089;201500033390;15;1;10;545;3;1;1;1;6;481;05, CH D EMFRAYETTE;M;4956131.0;14833.0;760
30090;201500033391;15;4;27;1220;1;2;3;1;6;351;420, AV DU BOIS AU COQ;M;4951795.0;11768.0;760
30091;201500033392;15;4;29;1710;1;2;1;2;3;305;17, AV MARCEL LE MIGNOT;M;4950246.0;21249.0;760
30092;201500033393;15;5;3;440;5;2;2;1;6;351;144, AV RENE COTY;M;4949854.0;11792.0;760
30093;201500033394;15;1;10;1840;3;1;1;1;6;305;CH DE LA FORGE;M;4951428.0;24295.0;760
30094;201500033395;15;5;8;1225;1;2;1;1;6;351;194, R ARISTIDE BRIAND;M;4950009.0;13190.0;760
30095;201500033396;15;5;6;2140;1;2;3;1;6;351;275, R ARISTIDE BRIAND;M;4950030.0;13595.0;760
30096;201500033397;15;5;11;1800;1;2;2;1;6;351;PARVIS SAINT MICHEL;M;4949666.0;10991.0;760
30097;201500033398;15;5;14;2015;1;2;2;1;3;351;113, R MASSILLON;M;4949898.0;14324.0;760
30098;201500033399;15;5;16;2235;5;2;2;1;3;351;PL DES MARTYRS;M;4951312.0;16327.0;760
30099;201500033400;15;5;14;1010;1;1;6;2;6;305;;M;4951519.0;23491.0;760
30100;201500033401;15;5;16;10;3;1;1;1;2;341;RD 489;M;4952164.0;18836.0;760
30101;201500033402;15;1;13;855;1;2;1;3;6;351;63, R GUSTAVE BRINDEAU;M;4949135.0;14060.0;760
30102;201500033403;15;5;8;500;2;2;2;1;3;351;39, R FRANCOIS MAZELINE;M;4949680.0;13754.0;760
30103;201500033404;15;5;20;1830;1;2;2;1;3;351;20,R D INGOUVILLE;M;4949749.0;10941.0;760
30104;201500033406;15;5;28;730;1;1;1;2;7;481;RTE DE SAINT BARTHELEMY;M;4955930.0;14217.0;760
30105;201500033407;15;5;30;1140;1;2;1;1;3;351;5, R FRANCOISE SAGAN;M;4951645.0;11867.0;760
30106;201500033408;15;5;23;1400;1;2;3;1;6;351;75, R BERTHELOT;M;4950024.0;13582.0;760
30107;201500033409;15;5;31;2230;5;2;1;1;6;351;R DE LA BIGNE A FOSSE;M;4952405.0;11211.0;760
30108;201500033410;15;6;3;2215;3;2;1;1;7;351;50, R ELSA TRIOLET;M;4950326.0;17839.0;760
30109;201500033412;15;6;3;1515;1;2;2;1;3;351;R LIEUTENANT CLERIVET;M;4950706.0;17501.0;760
30110;201500033413;15;6;5;1500;1;2;1;1;7;447;46, JEAN JAURES;M;4954430.0;20054.0;760
30111;201500033414;15;6;8;1250;1;2;2;1;7;481;;M;4953496.0;10457.0;760
30112;201500033415;15;1;14;1620;1;2;2;1;3;351;236, R LOUIS LUMIERE;M;4952414.0;12286.0;760
30113;201500033416;15;6;8;900;1;2;1;1;3;351;9, CHS JOHN KENNEDY;M;4948454.0;10452.0;760
30114;201500033417;15;6;9;1155;1;1;3;1;2;447;AV DE LA BELLE ETOILE;M;4954501.0;16919.0;760
30115;201500033418;15;6;10;1528;1;2;1;1;7;341;;M;4951327.0;19910.0;760
30116;201500033419;15;6;11;1500;1;2;1;1;7;351;117, AV JEAN JAURES;M;4949933.0;15588.0;760
30117;201500033420;15;6;11;2300;5;2;2;2;3;351;néant, LOUIS SIEFRIDT;M;4951064.0;10242.0;760
30118;201500033421;15;6;14;1402;1;2;1;1;7;351;R GENERAL ROUELLE;M;4950307.0;13080.0;760
30119;201500033422;15;6;12;1822;1;2;3;2;3;351;R JEROME BELLARMATO;M;4948965.0;11488.0;760
30120;201500033423;15;6;13;1745;1;2;3;1;3;351;133, R DE VERDUN;M;4950208.0;15767.0;760
30121;201500033424;15;6;11;1625;1;2;2;1;3;351;236, R LOUIS LUMIERE;M;4952416.0;12285.0;760
30122;201500033425;15;6;12;1136;1;1;1;1;2;305;PONT VII (BIS);M;4949814.0;19666.0;760
30123;201500033426;15;6;24;1440;1;2;1;1;5;351;24, PARVIS SAINT MICHEL;M;4949656.0;10952.0;760
30124;201500033427;15;6;23;2000;1;1;1;1;2;351;AV DU MONT GAILLARD;M;4952292.0;11061.0;760
30125;201500033428;15;6;25;830;1;1;1;1;3;447;25, R PABLO PICASSO;M;4955108.0;17035.0;760
30126;201500033429;15;1;16;745;5;2;3;1;6;270;22, AV JEAN JAURES;M;4953433.0;14636.0;760
30127;201500033430;15;6;25;1910;1;2;2;1;3;351;R DOCTEUR LAMAZE;M;4950127.0;17247.0;760
30128;201500033431;15;6;25;1950;1;2;1;1;6;351;63, R GUSTAVE BRINDEAU;M;4949130.0;14057.0;760
30129;201500033432;15;6;27;1920;1;2;2;1;3;351;137,R D ESTIENNE D ORVES;M;4951423.0;9632.0;760
30130;201500033433;15;6;27;545;2;2;1;1;6;351;13, R OTHON FRIESZ;M;4949501.0;10097.0;760
30131;201500033434;15;1;16;2240;5;2;1;3;6;351;TUNNEL JENNER;M;4950255.0;13171.0;760
30132;201500033435;15;6;29;1720;1;1;2;1;3;481;CH DE LA MER ET DU  CROQ;M;4955514.0;11144.0;760
30133;201500033436;15;6;26;1825;1;2;1;1;7;351;35, R DEMIDOFF;M;4949722.0;13019.0;760
30134;201500033438;15;7;5;5;5;2;1;1;7;351;QU COLBERT;M;4949235.0;12989.0;760
30135;201500033439;15;7;9;1335;1;2;3;1;2;341;108, R ROBERT ANCEL;M;4952056.0;21122.0;760
30136;201500033440;15;7;9;1310;1;1;1;1;7;341;RD 6382;M;4952102.0;18941.0;760
30137;201500033441;15;1;17;1050;1;2;1;1;6;351;R THEOPHILE GAUTIER;M;4951634.0;9234.0;760
30138;201500033442;15;7;12;2125;1;2;2;1;3;351;R  GENERAL MANGIN;M;4951842.0;9672.0;760
30139;201500033443;15;7;11;2130;1;2;4;1;1;351;R DE PRESSENSE;M;4949561.0;14728.0;760
30140;201500033445;15;7;17;1540;1;2;1;1;2;351;145, R DE VERDUN;M;4950218.0;15877.0;760
30141;201500033446;15;1;17;1920;5;2;3;1;1;351;13, R DE VERDUN;M;4950106.0;14627.0;760
30142;201500033447;15;7;21;900;1;1;1;2;6;351;RD 6015;M;4950267.0;19276.0;760
30143;201500033448;15;7;25;545;5;2;7;1;6;351;PL JENNER;M;4950841.0;13672.0;760
30144;201500033449;15;7;25;230;3;1;1;2;6;305;RTE INDUSTRIELLE;M;4948677.0;21115.0;760
30145;201500033450;15;7;27;900;1;2;1;2;7;351;3, R CASIMIR PERIER;M;4949355.0;11194.0;760
30146;201500033451;15;7;27;1700;1;2;2;1;6;351;CRS LAFAYETTE;M;4949195.0;12408.0;760
30147;201500033452;15;7;28;1335;1;2;1;1;7;351;105, AV JEAN JAURES;M;4949931.0;15452.0;760
30148;201500033453;15;7;28;1040;1;2;4;1;6;351;33, R JOSEPH MADEC;M;4950602.0;14244.0;760
30149;201500033454;15;7;29;1425;1;1;1;1;7;270;;M;4953046.0;12642.0;760
30150;201500033455;15;7;26;2105;1;1;1;2;7;351;RD 6015;M;4950245.0;19184.0;760
30151;201500033456;15;8;3;1630;1;2;1;1;7;447;49, AV PRESIDENT WILSON;M;4954229.0;18107.0;760
30152;201500033457;15;7;31;1730;1;2;1;1;3;351;300, BD JULES DURAND;M;4949434.0;17486.0;760
30153;201500033459;15;8;7;155;5;2;1;1;6;351;AV JEAN JAURES;M;4950059.0;16945.0;760
30154;201500033460;15;8;9;1740;1;2;2;1;3;351;R IRENE JOLIOT CURIE;M;4951058.0;10256.0;760
30155;201500033462;15;8;7;2030;1;2;3;1;3;351;BD AMIRAL MOUCHEZ;M;4948442.0;13215.0;760
30156;201500033463;15;8;11;1105;1;1;1;2;6;341;;M;4950279.0;19421.0;760
30157;201500033465;15;8;15;2230;3;2;1;1;7;351;R EDOUARD VAILLANT;M;4951322.0;17926.0;760
30158;201500033466;15;8;16;20;5;2;1;1;3;351;9, R FERRER;M;4948827.0;13867.0;760
30159;201500033468;15;8;20;1930;1;1;1;1;6;351;;M;4950186.0;18857.0;760
30160;201500033469;15;8;22;1415;1;2;2;1;3;351;174, R D ETRETAT;M;4949898.0;9461.0;760
30161;201500033470;15;8;22;1620;1;2;2;1;6;351;23, R LOUIS BRINDEAU;M;4949125.0;10166.0;760
30162;201500033471;15;8;13;1525;1;2;1;1;6;351;134, BD DE GRAVILLE;M;4948384.0;15227.0;760
30163;201500033472;15;8;27;1530;1;2;1;2;3;351;AV DU GRAND HAMEAU;M;4952110.0;11246.0;760
30164;201500033473;15;8;29;1830;1;2;1;1;6;351;64, R DE LA SOUS BRETONN;M;4951136.0;9331.0;760
30165;201500033474;15;8;27;1210;1;2;1;2;6;351;237, R IRENE JOLIOT CURI;M;4951617.0;10580.0;760
30166;201500033475;15;9;1;1840;1;2;3;1;1;351;R DE LA BOUTEILLERIE;M;4952075.0;17869.0;760
30167;201500033476;15;9;6;1130;1;2;1;1;3;351;AV D APLEMONT;M;4950407.0;17852.0;760
30168;201500033477;15;9;8;1225;1;1;1;1;6;341;;M;4952166.0;18833.0;760
30169;201500033478;15;9;8;1932;1;2;1;1;3;351;34, R CLEMENT MARICAL;M;4950067.0;9559.0;760
30170;201500033479;15;9;9;10;5;2;1;1;6;447;8, AV DE DIEPPE;M;4954568.0;19689.0;760
30171;201500033480;15;9;14;1935;1;2;3;1;1;351;255, AV JEAN JAURES;M;4950030.0;16661.0;760
30172;201500033481;15;9;14;2025;5;2;3;1;3;351;409, AV JEAN JAURES;M;4950084.0;17822.0;760
30173;201500033482;15;9;15;1645;1;2;1;1;6;351;505, R IRENE JOLIOT CURI;M;4952929.0;10327.0;760
30174;201500033483;15;1;24;1945;5;2;1;1;1;447;13, R DU FAUBOURG ASSIQU;M;4954735.0;19617.0;760
30175;201500033484;15;9;15;1020;1;2;2;1;3;351;63, AV PAUL VERLAINE;M;4950931.0;15884.0;760
30176;201500033485;15;9;18;1110;1;1;1;2;6;447;;M;4953460.0;19089.0;760
30177;201500033486;15;9;20;1025;1;2;1;1;6;305;25, AV MARCEL LE MIGNOT;M;4950155.0;21702.0;760
30178;201500033487;15;9;20;140;5;1;1;1;6;341;;M;4951141.0;19872.0;760
30179;201500033488;15;9;19;1110;1;2;1;1;1;351;116, R MARECHAL JOFFRE;M;4949993.0;12471.0;760
30180;201500033489;15;1;25;608;5;2;1;1;6;351;TUNNEL JENNER;M;4950279.0;13223.0;760
30181;201500033490;15;9;18;1805;1;2;1;3;7;351;TUNNEL JENNER;M;4950533.0;13424.0;760
30182;201500033491;15;1;25;1930;3;1;1;1;7;351;;M;4952437.0;16269.0;760
30183;201500033492;15;9;21;1655;1;2;1;2;1;351;114, R DESRAME;M;4952121.0;10331.0;760
30184;201500033493;15;1;25;1940;3;1;1;1;6;341;;M;4951654.0;20830.0;760
30185;201500033494;15;9;23;930;1;2;2;1;3;351;R EUGENE MOPIN;M;4951656.0;15593.0;760
30186;201500033495;15;9;25;1820;1;2;2;1;7;351;CHE RURAL 47;M;4952391.0;7974.0;760
30187;201500033496;15;9;27;1200;1;2;1;1;6;351;46, R SERGENT POMMIER;M;4951897.0;17281.0;760
30188;201500033497;15;9;24;1205;1;2;1;1;7;351;21, R DES GLAIEULS;M;4950592.0;15967.0;760
30189;201500033498;15;9;29;2005;5;2;1;1;1;351;12, R MICHEL DELAROCHE;M;4950065.0;10415.0;760
30190;201500033499;15;9;29;1850;1;2;3;1;6;351;42 bis, R DE LA VALLEE;M;4949339.0;15204.0;760
30191;201500033500;15;9;30;1305;1;2;3;1;6;351;294, R FELIX FAURE;M;4950124.0;11158.0;760
30192;201500033501;15;10;1;1600;1;2;3;1;2;351;77, QU DE SOUTHAMPTON;M;4948623.0;11038.0;760
30193;201500033502;15;10;4;45;5;2;2;1;3;351;R BERNARDIN DE SAINT PIE;M;4948995.0;10511.0;760
30194;201500033503;15;10;5;1410;1;1;1;2;7;351;PONT V;M;4948469.0;15190.0;760
30195;201500033504;15;10;9;435;5;2;1;1;7;351;TUNNEL JENNER;M;4950314.0;13231.0;760
30196;201500033505;15;10;11;1620;1;2;1;1;6;351;21, R DEMIDOFF;M;4949724.0;12946.0;760
30197;201500033506;15;1;28;1510;1;2;2;2;7;351;123, QU GEORGE V;M;4949077.0;11662.0;760
30198;201500033507;15;10;2;1620;1;2;5;1;3;351;1, R DE LA CROIX BLANCHE;M;4952012.0;10162.0;760
30199;201500033508;15;1;28;1655;1;1;4;2;6;305;RD 6382;M;4949851.0;19815.0;760
30200;201500033509;15;10;3;1523;1;1;1;1;2;341;;M;4950882.0;19747.0;760
30201;201500033511;15;10;9;750;1;2;3;1;6;351;R CAMELINAT;M;4951713.0;17356.0;760
30202;201500033512;15;10;2;840;1;2;3;1;3;351;184, R COMMANDANT ABADIE;M;4950138.0;17543.0;760
30203;201500033513;15;10;12;1600;1;2;3;1;2;351;53, CRS DE LA REPUBLIQUE;M;4949476.0;12563.0;760
30204;201500033514;15;1;29;1450;1;2;1;2;7;351;AV D APLEMONT;M;4950202.0;18539.0;760
30205;201500033515;15;10;17;2010;5;2;1;2;2;351;BD DE LENINGRAD;M;4950042.0;17823.0;760
30206;201500033516;15;1;29;1515;1;2;2;2;6;351;19, R JULES LECESNE;M;4949392.0;11173.0;760
30207;201500033517;15;10;15;1600;1;2;1;1;7;447;1, AV JEAN PREVOST;M;4954705.0;18100.0;760
30208;201500033518;15;10;19;810;1;1;1;2;3;305;RTE DU PONT VIII;M;4949442.0;21631.0;760
30209;201500033519;15;10;17;145;5;2;1;2;7;351;TUNNEL JENNER;M;4950533.0;13420.0;760
30210;201500033520;15;1;29;1920;5;1;1;2;6;305;RD 6382;M;4949856.0;19771.0;760
30211;201500033521;15;10;20;1400;1;2;1;2;1;351;83, BD JULES DURAND;M;4948988.0;15654.0;760
30212;201500033522;15;10;21;1220;1;2;2;1;3;351;AV DU GRAND HAMEAU;M;4952428.0;9687.0;760
30213;201500033523;15;10;24;120;5;1;3;1;3;305;RTE INDUSTRIELLE;M;4948504.0;22497.0;760
30214;201500033524;15;10;23;810;1;2;1;1;2;552;45, R GENERAL DE GAULLE;M;4950593.0;8663.0;760
30215;201500033525;15;10;24;2345;5;2;1;1;6;351;248, R ARISTIDE BRIAND;M;4950024.0;13480.0;760
30216;201500033526;15;10;27;1705;1;2;1;1;7;351;328, IRENE JOLIOT CURIE;M;4952160.0;10503.0;760
30217;201500033528;15;10;29;1615;1;2;1;1;6;447;4, R DES MEUNIERS;M;4954322.0;18637.0;760
30218;201500033529;15;10;31;2354;5;2;1;1;7;351;R IRENE JOLIOT CURIE;M;4952714.0;10382.0;760
30219;201500033530;15;10;30;2320;5;1;1;1;5;341;;M;4950808.0;19625.0;760
30220;201500033531;15;10;3;1400;1;1;1;1;3;305;;M;4951472.0;21032.0;760
30221;201500033532;15;9;23;1835;1;2;3;1;1;351;194, R IRENE JOLIOT CURI;M;4951485.0;10508.0;760
30222;201500033533;15;11;3;1705;1;2;1;1;6;351;46, R HENRI CAYEUX;M;4951648.0;11810.0;760
30223;201500033534;15;11;7;1255;1;2;3;1;3;351;156, R TROIS CENT VINGT;M;4950422.0;13111.0;760
30224;201500033535;15;11;6;1645;1;2;1;2;3;351;15, R GENERAL FAIDHERBE;M;4948768.0;11204.0;760
30225;201500033536;15;1;31;2235;5;2;2;1;3;351;112, R IRENE JOLIOT CURI;M;4951089.0;10284.0;760
30226;201500033537;15;11;8;1025;1;2;1;1;6;351;143, AV JEAN JAURES;M;4949970.0;15774.0;760