;Num_Acc;an;mois;jour;hrmn;lum;agg;int;atm;col;com;adr;gps;lat;long;dep
30227;201500033538;15;11;9;2230;5;2;1;1;7;341;6, RTE D OUDALLE;M;4950417.0;20149.0;760
30228;201500033539;15;11;4;1610;1;2;2;2;6;351;19, R JULES LECESNE;M;4949390.0;11164.0;760
30229;201500033540;15;11;5;1030;1;2;6;2;3;351;118, R MARCEAU;M;4949172.0;13275.0;760
30230;201500033542;15;11;20;1330;1;2;3;3;6;351;43 bis, R MARECHAL JOFFR;M;4949919.0;12091.0;760
30231;201500033545;15;11;22;20;5;2;1;1;1;351;43, R SALVADOR ALLENDE;M;4950458.0;13938.0;760
30232;201500033546;15;11;23;915;1;2;6;1;7;351;R MARCEAU;M;4949169.0;13285.0;760
30233;201500033547;15;11;24;1805;5;2;3;3;6;351;74, R ANDREI SAKHAROV;M;4950483.0;17171.0;760
30234;201500033548;15;2;4;750;3;1;1;1;3;481;RTE DE LA CHENAIE;M;4954178.0;10830.0;760
30235;201500033549;15;11;28;1308;1;2;2;1;3;351;R MARC BLOCH;M;4951982.0;11929.0;760
30236;201500033550;15;11;30;1600;1;2;1;2;6;351;CRS LAFAYETTE;M;4949172.0;12567.0;760
30237;201500033552;15;2;4;1920;5;2;2;1;3;351;AV REAUMUR;M;4951044.0;16953.0;760
30238;201500033555;15;2;5;455;5;2;1;1;6;305;3, CH DU VALLON;M;4950185.0;23347.0;760
30239;201500033556;15;12;5;1745;5;2;1;1;4;296;112, R DE LA LIBERATION;M;4951815.0;26027.0;760
30240;201500033558;15;12;10;135;5;2;1;1;7;552;12, BD PRESIDENT FELIX F;M;4950541.0;7880.0;760
30241;201500033559;15;12;8;1215;1;2;1;2;6;351;CRS LAFAYETTE;M;4949190.0;12497.0;760
30242;201500033560;15;12;8;1650;1;2;1;1;6;351;403, R DE VERDUN;M;4950234.0;17697.0;760
30243;201500033561;15;12;9;1515;1;2;6;1;6;351;4, R MARCONI;M;4952192.0;11898.0;760
30244;201500033562;15;12;8;1835;5;2;1;1;6;447;AV PIERRE MENDES FRANCE;M;4953180.0;18031.0;760
30245;201500033563;15;2;6;2030;5;2;1;1;1;351;58, R ROGER SALENGRO;M;4950746.0;11196.0;760
30246;201500033564;15;12;12;1756;5;2;3;1;3;351;AV DU HUIT MAI 1945;M;4951553.0;17256.0;760
30247;201500033566;15;12;14;820;1;2;1;1;6;351;48, R MARECHAL JOFFRE;M;4949915.0;12071.0;760
30248;201500033567;15;12;13;2220;5;2;1;1;6;351;AV D APLEMONT;M;4950393.0;17878.0;760
30249;201500033569;15;12;11;1920;5;1;1;1;1;305;RTE DES  MARAIS;M;4948616.0;20639.0;760
30250;201500033570;15;12;15;1900;5;2;2;3;6;351;CRS LAFAYETTE;M;4949203.0;12403.0;760
30251;201500033571;15;12;15;715;5;1;1;2;3;305;;M;4949887.0;21306.0;760
30252;201500033572;15;12;11;2220;5;1;6;2;3;481;;M;4953120.0;10800.0;760
30253;201500033573;15;12;13;430;5;2;2;1;3;351;110, R IRENE JOLIOT CURI;M;4951059.0;10255.0;760
30254;201500033574;15;2;8;1445;1;1;1;1;1;447;110, AV PIERRE MENDES FR;M;4953271.0;17991.0;760
30255;201500033575;15;12;17;1800;5;1;1;2;1;351;177, R FLORIMOND LAURENT;M;4952021.0;11995.0;760
30256;201500033576;15;12;19;1400;1;2;6;1;6;351;1, R JULES VERNE;M;4950723.0;12849.0;760
30257;201500033578;15;12;19;1310;1;1;1;1;1;351;;M;4949888.0;21154.0;760
30258;201500033579;15;12;19;1530;1;1;8;1;6;305;RTE INDUSTRIELLE;M;4948772.0;20115.0;760
30259;201500033580;15;12;19;1335;1;1;4;1;3;305;PONT VII (BIS);M;4949805.0;19666.0;760
30260;201500033581;15;12;15;750;5;2;2;2;6;351;R ARMAND BARBES;M;4950130.0;15001.0;760
30261;201500033582;15;11;27;655;2;2;1;1;3;351;13, R SALVADOR ALLENDE;M;4950441.0;13662.0;760
30262;201500033583;15;12;18;1845;5;2;2;1;3;341;R PAUL DOUMER;M;4951471.0;19636.0;760
30263;201500033584;15;12;26;45;5;2;2;1;3;351;316, R ARISTIDE BRIAND;M;4950054.0;13921.0;760
30264;201500033585;15;12;27;1500;1;2;1;1;6;351;177, AV JEAN JAURES;M;4950063.0;16100.0;760
30265;201500033586;15;2;10;956;1;2;3;1;3;351;71, R DE L ARTOIS;M;4951260.0;12464.0;760
30266;201500033587;15;12;29;1828;5;2;2;1;5;351;16, R LOUIS BLANC;M;4950727.0;12622.0;760
30267;201500033588;15;12;24;1815;5;2;2;1;3;351;109, R ROGER SALENGRO;M;4950614.0;11422.0;760
30268;201500033589;15;2;12;1440;1;1;1;1;1;305;;M;4949954.0;19796.0;760
30269;201500033591;15;2;13;1800;5;2;1;2;1;552;50, R DU GENERAL DE GAUL;M;4950524.0;8740.0;760
30270;201500033592;15;2;13;1850;5;2;3;1;3;351;87, AV RENE COTY;M;4949794.0;11539.0;760
30271;201500033593;15;2;14;1115;1;2;1;1;6;351;17, R DES CHANTIERS;M;4947891.0;15591.0;760
30272;201500033594;15;2;16;1510;1;2;2;1;7;322;AV LEON BLUM;M;4940575.0;105354.0;760
30273;201500033595;15;12;26;950;1;2;6;1;3;575;R DU DOCTEUR GALLOUEN;M;4939743.0;108096.0;760
30274;201500033596;15;2;22;1525;1;1;2;1;3;498;BD DU 11 NOVEMBRE;M;4942286.0;106724.0;760
30275;201500033597;15;12;25;145;5;2;1;1;1;681;28, R DE TRIANON;M;4941737.0;108102.0;760
30276;201500033598;15;3;6;1000;1;2;2;1;3;681;23, R DE L INDUSTRIE;M;4942295.0;108733.0;760
30277;201500033599;15;12;27;600;5;2;6;1;6;540;RTE DE DARNETAL;M;4943972.0;113190.0;760
30278;201500033600;15;2;21;1640;1;2;2;1;3;540;17, R JEANNE D'ARC;M;4944095.0;108990.0;760
30279;201500033601;15;10;28;1620;1;1;1;1;3;366;RTE DE SAINT JEAN;M;4951172.0;102750.0;760
30280;201500033602;15;2;26;1940;1;1;2;2;6;540;BD DE LA MARNE;M;4944699.0;109237.0;760
30281;201500033603;15;11;30;800;1;2;1;1;3;540;01, HAVRE. ROUTE DU;M;4945237.0;105670.0;760
30282;201500033604;15;2;28;2015;5;2;2;1;3;322;AV RENE COTY;M;4940547.0;105338.0;760
30283;201500033605;15;3;7;1515;1;2;1;1;6;575;6, R SIMONE SIGNORET;M;4939788.0;107018.0;760
30284;201500033606;15;2;16;1630;1;2;4;1;6;540;58, RTE DE BONSECOURS;M;4943292.0;110797.0;760
30285;201500033607;15;12;18;1400;1;2;1;1;3;231;43, CRS CARNOT;M;4928703.0;101309.0;760
30286;201500033609;15;3;16;1905;1;2;2;1;3;540;42, RTE DE NEUFCHATEL;M;4945105.0;109857.0;760
30287;201500033610;15;3;14;515;5;2;5;1;6;540;87, AV DE CAEN;M;4942828.0;107054.0;760
30288;201500033611;15;3;18;1545;1;1;1;1;6;451;AV DU BOIS DES DAMES;M;4947514.0;107803.0;760
30289;201500033612;15;3;20;705;1;2;1;1;6;540;92, R SAINT JULIEN;M;4942769.0;107939.0;760
30290;201500033613;15;3;22;1010;1;2;3;1;6;575;PERI SAINT JUST;M;4939365.0;107010.0;760
30291;201500033614;15;12;18;2000;1;1;1;1;6;231;PL DU CHAMP DE FOIRE;M;4929023.0;101284.0;760
30292;201500033615;15;2;27;1615;1;2;4;1;1;457;342, R DU LIEUTENANT JAC;M;4934236.0;96853.0;760
30293;201500033616;15;12;3;1940;5;2;2;1;3;540;AV DE LA PORTE DES CHAMP;M;4944307.0;110450.0;760
30294;201500033617;15;3;22;1900;1;2;3;1;1;216;12, R ROBERT SCHUMAN;M;4947053.0;104552.0;760
30295;201500033619;15;3;17;1205;1;2;3;1;6;451;R EDENBRIDGE;M;4945733.0;108104.0;760
30296;201500033621;15;3;23;750;1;1;1;1;3;575;;M;4936759.0;110172.0;760
30297;201500033622;15;3;28;1445;1;2;2;1;3;540;40, R LOUIS RICARD;M;4944615.0;110015.0;760
30298;201500033623;15;3;2;2345;5;2;1;8;6;681;457, R DE PARIS;M;4941261.0;109885.0;760
30299;201500033624;15;4;8;703;1;2;2;1;3;540;QU CAVELIER DE LA SALLE.;M;4943894.0;108022.0;760
30300;201500033625;15;4;8;1740;1;2;2;1;3;540;117, RTE DU HAVRE;M;4945278.0;105661.0;760
30301;201500033626;15;4;3;1240;1;1;1;1;4;540;PONT MATHILDE;M;4943169.0;110325.0;760
30302;201500033627;15;4;10;1810;1;2;2;1;6;497;1201, R ARISTIDE BRIAND;M;4938799.0;102278.0;760
30303;201500033628;15;4;13;1445;1;1;1;1;1;681;BD INDUSTRIEL;M;4941673.0;110775.0;760
30304;201500033629;15;4;2;1535;1;2;3;2;2;540;AV DE BRETAGNE;M;4943405.0;108584.0;760
30305;201500033630;15;4;12;1120;1;2;1;1;2;681;53, AV JEAN JAURES;M;4941255.0;108800.0;760
30306;201500033631;15;3;15;2130;3;1;4;9;6;157;RTE DE QUEVILLON;M;4943330.0;98838.0;760
30307;201500033632;15;3;25;1840;1;1;1;1;3;474;145, RTE DE DIEPPE;M;4949047.0;104917.0;760
30308;201500033633;15;4;19;330;5;2;6;1;2;540;61, BD DE L EUROPE;M;4942594.0;108711.0;760
30309;201500033634;15;4;17;1045;1;1;1;1;3;319;3, R HELENE BOUCHER;M;4934772.0;102157.0;760
30310;201500033635;15;4;18;1530;1;2;2;1;2;681;BD INDUSTRIEL;M;4941680.0;110783.0;760
30311;201500033636;15;4;24;1600;1;2;1;1;3;540;QU JEAN MOULIN;M;4943633.0;108886.0;760
30312;201500033637;15;4;18;1;5;2;2;1;1;540;R DE BAMMEVILLE;M;4943011.0;109066.0;760
30313;201500033639;15;4;19;720;1;2;2;1;3;681;AV JEAN JAURES;M;4940949.0;108372.0;760
30314;201500033640;15;4;18;540;1;1;1;1;7;391;;M;4934301.0;93636.0;760
30315;201500033641;15;4;24;1430;1;2;3;1;3;540;97, CRS CLEMENCEAU;M;4943475.0;108811.0;760
30316;201500033642;15;5;7;2155;5;2;4;1;6;212;26, R THIERS;M;4943805.0;114347.0;760
30317;201500033643;15;4;18;910;1;1;1;1;3;474;R DES LONGS VALLONS.;M;4949146.0;106350.0;760
30318;201500033644;15;4;29;755;1;1;1;1;3;319;166, AV JEAN LAGARRIGUE;M;4934178.0;101666.0;760
30319;201500033646;15;4;1;220;3;2;1;8;6;451;AV DU BOIS DES DAMES;M;4947391.0;107606.0;760
30320;201500033647;15;4;4;917;1;2;2;1;2;540;AV DU MONT RIBOUDET;M;4944833.0;106666.0;760
30321;201500033648;15;3;31;830;1;2;1;1;1;540;70, RTE DE NEUFCHATEL;M;4945294.0;109882.0;760
30322;201500033649;15;5;11;1500;1;2;1;1;4;540;QU DE PARIS;M;4943647.0;109897.0;760
30323;201500033650;15;5;19;1030;1;2;3;1;3;322;1, R EDWIN ALDRIN;M;4941438.0;105090.0;760
30324;201500033651;15;5;3;1400;1;1;1;1;2;575;33, AV DES CANADIENS;M;4939936.0;106336.0;760
30325;201500033652;15;5;15;1710;1;2;2;1;1;540;117, RTE DU HAVRE;M;4945277.0;105663.0;760
30326;201500033653;15;5;21;1105;1;1;6;1;3;484;RTE DES ESSARTS;M;4934569.0;107721.0;760
30327;201500033654;15;4;9;829;1;2;3;1;6;681;114, R PIERRE CORNEILLE;M;4942035.0;109372.0;760
30328;201500033655;15;4;22;1920;1;2;6;1;3;540;RPT DES HARKIS;M;4943047.0;107905.0;760
30329;201500033656;15;5;23;1020;1;2;1;1;6;540;7, R GUILLAUME LE CONQUE;M;4944311.0;109025.0;760
30330;201500033657;15;5;26;1700;1;2;1;1;6;319;R VICTOR HUGO;M;4935541.0;100797.0;760
30331;201500033658;15;4;13;1850;1;2;3;1;2;540;BD FERDINAND DE LESSEPS;M;4944486.0;106786.0;760
30332;201500033659;15;5;29;1100;1;1;3;1;2;575;BD LENINE;M;4939386.0;111166.0;760
30333;201500033660;15;5;19;1710;1;2;6;1;1;575;21, AV AMBROISE CROIZAT;M;4937544.0;110266.0;760
30334;201500033661;15;5;22;1730;1;1;1;1;2;157;A150;M;4946285.0;104048.0;760
30335;201500033662;15;5;17;1109;1;2;1;1;6;540;AV DU GRAND COURS;M;4942815.0;110246.0;760
30336;201500033663;15;5;21;1710;1;2;3;1;6;108;3980, RTE  DE NEUFCHATEL;M;4947496.0;112544.0;760
30337;201500033664;15;5;29;2346;5;2;2;2;3;498;AV JACQUES PREVERT;M;4942858.0;106259.0;760
30338;201500033665;15;6;2;1545;1;2;1;1;6;410;114, R DES MARTYRS;M;4948208.0;104526.0;760
30339;201500033666;15;6;8;1700;1;2;2;1;6;540;80, QU DU HAVRE;M;4944093.0;108268.0;760
30340;201500033667;15;6;9;2215;3;2;2;1;3;540;AV JEAN RONDEAUX.;M;4943469.0;107604.0;760
30341;201500033668;15;6;13;1840;1;2;3;1;3;498;57, BD STANISLAS GIRARDI;M;4941400.0;106465.0;760
30342;201500033669;15;6;16;1450;1;2;2;1;3;498;R MARTIAL SPINNEWEBER;M;4941941.0;106012.0;760
30343;201500033670;15;6;17;2020;1;2;1;1;3;575;6, BD LENINE;M;4939639.0;111172.0;760
30344;201500033671;15;6;20;2005;1;2;1;1;6;575;101, R DE L INDUSTRIE;M;4937572.0;111014.0;760
30345;201500033672;15;6;11;10;5;1;1;1;7;322;;M;4941452.0;104414.0;760
30346;201500033673;15;6;17;2350;5;2;1;1;2;681;477, R DE PARIS;M;4941070.0;109993.0;760
30347;201500033674;15;6;26;1455;1;1;3;1;3;429;RTE DE DARNETAL;M;4941669.0;114616.0;760
30348;201500033675;15;6;30;1205;1;2;2;1;6;540;47 bis, R JEAN LECANUET;M;4944460.0;109239.0;760
30349;201500033676;15;6;29;1815;1;2;1;1;1;575;;M;4938058.0;106177.0;760
30350;201500033677;15;6;27;100;3;1;3;1;5;131;COTE DE LA MAISON BRULEE;M;4934847.0;93449.0;760
30351;201500033678;15;7;4;1740;1;2;6;1;3;540;RPT DE MADAGASCAR;M;4943769.0;106675.0;760
30352;201500033679;15;6;30;2315;5;2;1;1;2;540;110, R DU MONT GARGAN;M;4943603.0;111333.0;760
30353;201500033680;15;6;24;1800;1;2;1;1;3;540;AV PASTEUR;M;4944302.0;107722.0;760
30354;201500033681;15;7;10;1845;1;2;1;1;3;540;PONT MATHILDE;M;4942996.0;110093.0;760
30355;201500033682;15;7;2;1630;1;1;1;1;6;319;CH DE L ETOILE;M;4933477.0;100411.0;760
30356;201500033683;15;7;13;2215;1;2;3;1;1;575;1, CANADIENS. AVENUE DES;M;4940517.0;106765.0;760
30357;201500033684;15;7;15;1535;1;2;2;1;3;681;317, R HYACINTHE MENAGE;M;4940840.0;109534.0;760
30358;201500033685;15;7;17;1700;1;1;1;1;6;410;;M;4947417.0;102547.0;760
30359;201500033686;15;7;17;656;1;2;2;1;3;540;46, R BOUVREUIL;M;4944562.0;109470.0;760
30360;201500033687;15;7;20;2040;1;2;1;1;6;484;7, RTE DES ESSARTS;M;4934362.0;108896.0;760
30361;201500033689;15;7;20;1220;1;2;1;1;3;157;COTE DE CANTELEU;M;4944158.0;103238.0;760
30362;201500033690;15;5;3;105;5;2;2;2;6;231;17, R POUSSIN;M;4928401.0;100701.0;760
30363;201500033691;15;5;17;1000;1;2;1;1;6;231;RTE DU NEUBOURG;M;4927711.0;99973.0;760
30364;201500033693;15;7;28;1610;1;1;1;1;4;575;33, BD LENINE;M;4937134.0;111551.0;760
30365;201500033694;15;7;10;100;5;2;1;1;7;540;3, R JACQUES VILLON;M;4944458.0;109528.0;760
30366;201500033695;15;7;18;858;1;2;2;1;3;540;R D AMIENS;M;4943941.0;110539.0;760
30367;201500033696;15;7;20;1535;1;2;1;1;6;497;CH DU PASSAGE D'EAU;M;4938482.0;101277.0;760
30368;201500033697;15;7;29;1900;1;1;6;1;6;95;AV DES HAUTS GRIGNEUX.;M;4946697.0;113466.0;760
30369;201500033699;15;7;23;1900;1;2;1;1;6;410;36, R DE LA REPUBLIQUE;M;4947862.0;104281.0;760
30370;201500033700;15;8;13;825;1;2;1;1;6;212;82, RTE DE GOURNAY;M;4944236.0;116147.0;760
30371;201500033701;15;8;3;1045;1;2;1;1;6;561;55, R DENFERT ROCHEREAU;M;4930044.0;101476.0;760
30372;201500033702;15;7;14;43;3;1;1;1;1;319;R DES ESSARTS;M;4934638.0;101427.0;760
30373;201500033703;15;8;4;2000;1;2;2;1;3;681;R PIERRE RENAUDEL;M;4941069.0;108758.0;760
30374;201500033705;15;7;16;1900;1;1;1;1;3;681;1, R GASTON CONTREMOULIN;M;4941924.0;109800.0;760
30375;201500033706;15;8;5;1740;1;2;1;1;6;575;51, AV AMBROISE CROIZAT;M;4937125.0;110425.0;760
30376;201500033707;15;8;17;1910;1;2;1;1;5;540;8, BD FERDINAND DE LESSE;M;4944481.0;106779.0;760
30377;201500033708;15;8;7;1010;1;2;1;1;3;474;109, RTE DE DIEPPE;M;4948906.0;104913.0;760
30378;201500033709;15;8;8;315;5;2;1;1;6;410;48, R DE LA REPUBLIQUE;M;4947667.0;104289.0;760
30379;201500033710;15;8;14;1015;1;2;1;1;6;540;34, R DU FARDEAU;M;4944010.0;109128.0;760
30380;201500033712;15;8;9;1330;1;2;1;1;2;212;98, RTE DE GOURNAY;M;4944293.0;116339.0;760
30381;201500033714;15;8;9;1500;1;2;1;1;6;540;64, RTE DE NEUFCHATEL;M;4945317.0;109832.0;760
30382;201500033716;15;8;11;1645;1;2;1;1;6;216;540, RTE DE DIEPPE;M;4947621.0;104799.0;760
30383;201500033719;15;8;24;1755;1;2;6;3;3;497;;M;4938925.0;105602.0;760
30384;201500033720;15;9;15;1640;1;2;1;1;6;95;R DE VERDUN;M;4945698.0;111810.0;760
30385;201500033721;15;9;1;1020;1;2;2;1;6;540;QU DU HAVRE;M;4943909.0;108854.0;760
30386;201500033722;15;7;29;1330;1;2;1;1;2;108;464, R DES CANADIENS;M;4947014.0;110674.0;760
30387;201500033723;15;7;10;1200;1;1;1;1;6;402;;M;4951411.0;100889.0;760
30388;201500033724;15;8;15;200;5;1;1;3;6;540;;M;4943732.0;111090.0;760
30389;201500033725;15;9;1;800;1;2;2;2;5;540;117, RTE DU HAVRE;M;4945276.0;105662.0;760
30390;201500033726;15;9;5;615;5;2;1;1;1;212;36, BD DE LA PAIX;M;4944470.0;115495.0;760
30391;201500033727;15;9;5;2045;1;2;1;1;7;322;28, R JEAN RACINE;M;4941007.0;105025.0;760
30392;201500033728;15;9;6;1800;1;2;3;1;3;540;QU DE BOISGUILBERT;M;4944247.0;107722.0;760
30393;201500033729;15;9;7;850;1;1;1;1;3;410;;M;4947112.0;103126.0;760
30394;201500033730;15;9;7;1346;1;1;1;1;3;484;;M;4934401.0;107627.0;760
30395;201500033731;15;9;9;1605;1;2;2;1;6;540;QU GASTON BOULET;M;4944325.0;107724.0;760
30396;201500033732;15;9;10;1530;1;1;1;1;2;157;A150;M;4945806.0;104719.0;760
30397;201500033733;15;9;10;1020;1;2;3;1;4;599;4, R SAINTE MARGUERITE;M;4943426.0;114909.0;760
30398;201500033734;15;9;14;2220;5;2;1;3;4;540;QU GASTON BOULET;M;4944111.0;108139.0;760
30399;201500033735;15;8;10;1535;1;1;1;1;6;705;AV GUSTAVE PICARD;M;4932903.0;109855.0;760
30400;201500033736;15;9;17;950;1;2;1;1;6;540;98 bis, R DE LA REPUBLIQ;M;4944202.0;109830.0;760
30401;201500033737;15;9;17;1615;1;2;1;1;6;540;39, R JEANNE D'ARC;M;4944265.0;109107.0;760
30402;201500033738;15;9;21;920;1;2;1;1;3;108;AV DU MARECHAL JUIN;M;4946345.0;111722.0;760
30403;201500033739;15;8;23;605;5;2;3;1;6;216;98, R DE LA REPUBLIQUE;M;4947377.0;104204.0;760
30404;201500033741;15;9;26;15;5;1;1;1;6;540;R DE LA MOTTE;M;4943449.0;107244.0;760
30405;201500033742;15;9;20;650;5;2;1;1;2;540;AV ARISTIDE BRIAND;M;4943525.0;110463.0;760
30406;201500033743;15;10;5;1930;5;2;2;1;6;540;17, BD DE LA MARNE;M;4944693.0;109237.0;760
30407;201500033744;15;9;26;205;5;2;1;1;6;540;3, QU JEAN MOULIN;M;4943499.0;109347.0;760
30408;201500033745;15;9;29;1840;1;2;1;1;4;540;AV ARISTIDE BRIAND;M;4943523.0;110461.0;760
30409;201500033746;15;10;5;2200;5;1;1;2;5;212;;M;4945798.0;114384.0;760
30410;201500033747;15;10;2;1910;1;1;3;1;6;322;AV DES CANADIENS;M;4939857.0;106263.0;760
30411;201500033749;15;8;3;1130;1;2;1;1;6;178;R DE TOURVILLE;M;4930847.0;103673.0;760
30412;201500033751;15;10;1;1815;1;2;2;1;1;640;89, R DE LOUVIERS;M;4927035.0;104304.0;760
30413;201500033752;15;10;16;715;5;2;2;1;6;231;R ANATOLE FRANCE;M;4929085.0;99999.0;760
30414;201500033753;15;10;10;1740;1;1;1;1;1;231;VOI DE LA DECLARATION UN;M;4929232.0;101798.0;760
30415;201500033754;15;9;14;1210;1;2;3;1;3;561;R DE VERDUN;M;4930417.0;101043.0;760
30416;201500033755;15;9;28;1730;1;2;2;1;3;231;55, R DE LA REPUBLIQUE;M;4929085.0;99999.0;760
30417;201500033756;15;10;15;2130;5;2;1;1;1;540;80, R GUILLAUME D ESTOUT;M;4945458.0;105989.0;760
30418;201500033757;15;10;9;1700;1;2;1;1;6;157;4, AV DU PRESIDENT ALLEN;M;4945044.0;103482.0;760
30419;201500033758;15;10;11;1505;1;2;6;1;4;497;;M;4938815.0;105589.0;760
30420;201500033759;15;10;15;1125;1;2;2;1;6;540;74, BD DES BELGES;M;4944428.0;108552.0;760
30421;201500033760;15;10;13;745;2;1;1;1;2;497;;M;4936598.0;103950.0;760
30422;201500033761;15;10;9;1805;1;2;1;1;3;451;77, CH DE CLERES;M;4946261.0;109615.0;760
30423;201500033762;15;10;26;1700;1;2;1;1;6;540;65, R D ELBEUF;M;4942614.0;108284.0;760
30424;201500033763;15;10;25;1830;1;1;1;1;2;322;;M;4940725.0;103700.0;760
30425;201500033764;15;10;29;1855;5;2;1;1;2;474;328, RTE DE DIEPPE;M;4949618.0;104859.0;760
30426;201500033765;15;10;29;2100;3;2;1;1;6;681;556, R DE PARIS;M;4940785.0;110161.0;760
30427;201500033767;15;11;4;945;1;2;2;2;6;108;1669, RTE DE NEUFCHATEL;M;4945800.0;110828.0;760
30428;201500033768;15;11;6;1500;1;2;1;1;6;540;155, BD DE L YSER;M;4944743.0;109742.0;760
30429;201500033769;15;11;1;1610;1;2;3;1;3;540;23, BD DE L EUROPE;M;4942728.0;109241.0;760
30430;201500033770;15;11;9;910;1;2;2;1;3;410;2, R PAUL PAINLEVE;M;4948239.0;104278.0;760
30431;201500033771;15;11;7;355;5;1;2;1;3;231;R POUSSIN;M;4928485.0;100547.0;760
30432;201500033772;15;9;17;1535;1;2;2;1;7;498;107, R JACQUARD;M;4942995.0;106172.0;760
30433;201500033773;15;11;2;1350;1;2;1;1;3;540;74, RTE DE BONSECOURS;M;4943364.0;110716.0;760
30434;201500033774;15;11;10;750;1;2;4;1;6;212;76, R SADI CARNOT;M;4944068.0;114567.0;760
30435;201500033775;15;11;10;900;1;2;1;1;3;540;43, RTE DE NEUFCHATEL;M;4945225.0;109791.0;760
30436;201500033776;15;11;10;1422;1;2;2;1;6;681;2, R LEDRU ROLLIN;M;4942596.0;109337.0;760
30437;201500033777;15;11;10;1310;1;1;2;1;2;681;BD INDUSTRIEL;M;4942162.0;110647.0;760
30438;201500033778;15;11;8;1125;1;2;4;1;3;540;18, BD GAMBETTA;M;4943786.0;110526.0;760
30439;201500033779;15;11;10;1120;1;2;6;1;6;681;AV DU 14 JUILLET;M;4941196.0;107342.0;760
30440;201500033780;15;11;16;1400;1;2;1;1;6;108;4243, RTE DE NEUFCHATEL;M;4947706.0;112742.0;760
30441;201500033781;15;11;8;1520;1;2;6;1;3;540;;M;4943459.0;107171.0;760
30442;201500033782;15;11;18;1805;5;2;1;1;3;216;558, RTE DE DIEPPE;M;4947712.0;104769.0;760
30443;201500033783;15;10;26;1150;1;2;1;1;3;540;R DE LA MOTTE;M;4943492.0;107400.0;760
30444;201500033784;15;11;19;955;1;2;3;1;3;497;R DES MARTYRS;M;4938384.0;102361.0;760
30445;201500033785;15;9;29;1840;1;1;1;1;2;212;;M;4945280.0;114513.0;760
30446;201500033786;15;11;26;810;2;2;6;2;6;216;R DOCTEUR EMILE BATAILLE;M;4946288.0;104887.0;760
30447;201500033787;15;11;30;1450;1;2;1;1;6;108;138, CH DE CLERES;M;4945770.0;109453.0;760
30448;201500033788;15;11;28;1445;1;2;1;1;3;575;65, AV OLIVIER GOUBERT;M;4938083.0;110327.0;760
30449;201500033789;15;12;2;1830;5;2;2;1;3;108;R DE LA REPUBLIQUE;M;4947025.0;111786.0;760
30450;201500033790;15;12;6;200;5;2;1;1;6;540;78, R DE LA REPUBLIQUE;M;4944080.0;109771.0;760
30451;201500033791;15;12;5;225;4;1;1;1;6;540;;M;4945931.0;114345.0;760
30452;201500033792;15;10;25;1125;1;2;1;1;6;540;QU DE PARIS;M;4943639.0;109981.0;760
30453;201500033794;15;12;9;1920;5;2;2;1;2;322;BD MAURICE RAVEL;M;4941184.0;104742.0;760
30454;201500033795;15;12;12;1410;1;2;1;1;6;157;20, AV PIERRE CORNEILLE;M;4944558.0;103034.0;760
30455;201500033796;15;12;6;1445;1;2;1;1;2;322;;M;4938938.0;105615.0;760
30456;201500033797;15;12;12;430;3;1;1;3;6;319;;M;4935156.0;102582.0;760
30457;201500033798;15;12;9;1050;1;2;1;1;2;322;11, R JEAN TITELOUZE;M;4940666.0;104746.0;760
30458;201500033799;15;12;15;1500;1;1;4;1;3;319;;M;4934508.0;101472.0;760
30459;201500033800;15;12;15;1510;1;2;1;3;6;575;AV DU BIC AUBERT;M;4938965.0;109933.0;760
30460;201500033801;15;12;14;2240;5;2;2;1;3;410;2, R PAUL PAINLEVE;M;4948234.0;104276.0;760
30461;201500033802;15;12;15;730;5;2;3;2;6;540;3, BD DE L YSER;M;4944570.0;110820.0;760
30462;201500033803;15;12;18;1020;1;1;1;1;2;212;;M;4945175.0;114521.0;760
30463;201500033804;15;12;16;1720;5;2;3;1;6;322;2, AV GEORGES BRAQUE;M;4940341.0;104202.0;760
30464;201500033805;15;12;18;1600;1;1;3;1;6;575;55, R DU DOCTEUR COTONI;M;4936963.0;110733.0;760
30465;201500033806;15;12;29;1225;1;2;2;1;3;540;102, RTE DU HAVRE;M;4945283.0;105658.0;760
30466;201500033808;15;1;5;1635;1;2;1;1;6;540;113, R LAFAYETTE;M;4943164.0;108776.0;760
30467;201500033809;15;1;4;2123;5;2;6;1;3;5;;M;4940902.0;112109.0;760
30468;201500033810;15;1;4;2000;5;2;2;1;3;474;217, RTE DE DIEPPE.;M;4948469.0;104837.0;760
30469;201500033811;15;1;8;1745;5;2;1;1;3;540;66, QU DE BOISGUILBERT;M;4944438.0;107095.0;760