;Num_Acc;an;mois;jour;hrmn;lum;agg;int;atm;col;com;adr;gps;lat;long;dep
30709;201500034083;15;7;28;1410;1;2;3;1;6;468;CHEVRE (RUE DE);M;4885598.0;265581.0;770
30710;201500034084;15;8;27;1920;1;2;3;2;6;337;01, SARTRE (JEAN-PAUL);M;4884370.0;261547.0;770
30711;201500034085;15;9;23;1125;1;2;1;1;6;146;12, PELLOUTIER (RUE);M;4882620.0;263553.0;770
30712;201500034087;15;9;29;1800;1;1;1;1;7;83;MARNE (BOULEVARD DE LA);M;4884870.0;258664.0;770
30713;201500034088;15;9;30;550;1;2;3;1;6;258;Bd DU MANDINET;M;4883924.0;262473.0;770
30714;201500034089;15;10;2;1735;1;2;9;1;3;169;25, BEAUBOURG (BOULEVARD;M;4881691.0;261694.0;770
30715;201500034090;15;10;10;1930;1;2;6;1;6;83;IRENE ET FREDERIC JOLIOT;M;4885331.0;258376.0;770
30716;201500034092;15;11;7;1505;1;2;1;1;6;83;2, PYRAMIDES (AVENUE DES;M;4885478.0;258339.0;770
30717;201500034093;15;11;9;1345;1;2;2;1;5;121;40, MELUN (RUE DE);M;4883560.0;267411.0;770
30718;201500034094;15;11;27;1810;5;2;3;2;1;83;BOULEVARD DE NESLE;M;4884890.0;258244.0;770
30719;201500034095;15;12;2;1500;1;2;6;1;7;258;AVENUE DE LA SOUBRIARDE;M;4883237.0;264266.0;770
30720;201500034096;15;12;12;705;5;2;2;1;2;468;GEORGES BRASSENS (AVENUE;M;4884428.0;264935.0;770
30721;201500034097;15;12;30;1915;3;1;1;1;5;468;MARNE (RUE DE LA);M;4884555.0;263986.0;770
30722;201500034098;15;1;14;1730;5;2;6;1;6;59;D128 X RUE LEON BLUM;M;4884062.0;265812.0;770
30723;201500034099;15;1;28;1525;1;2;1;1;6;83;13, PARIS (RUE DE);M;4885232.0;260158.0;770
30724;201500034101;15;2;12;1820;2;2;1;1;6;169;2, BD OLOF PALME;M;4880842.0;261855.0;770
30725;201500034102;15;2;22;750;1;2;2;1;6;337;Allee Jean Paul SARTRE;M;4884372.0;261540.0;770
30726;201500034103;15;2;23;1310;1;2;3;1;6;468;D128 X AV. S. ALLENDE;M;4884366.0;265474.0;770
30727;201500034104;15;12;31;2045;3;2;1;2;4;373;PARIS (RUE DE- RN 4 );;;;770
30728;201500034105;15;3;4;910;1;2;6;1;6;373;D361 X RUE DES TILLEULS;M;4880454.0;262132.0;770
30729;201500034106;15;3;1;634;5;2;1;2;6;373;D604  24, ROUTE DE PARIS;M;4877710.0;259508.0;770
30730;201500034107;15;1;13;1045;1;2;1;1;6;215;Route de Presles-ZI;M;4873326.0;273849.0;770
30731;201500034108;15;3;17;835;1;2;1;1;6;249;ARMAINVILLIERS (AVENUE D;M;4874520.0;259735.0;770
30732;201500034110;15;4;7;2100;5;2;9;1;6;373;PARIS (RUE DE D604 );;;;770
30733;201500034111;15;4;23;1350;1;1;1;1;7;350;RN4;M;4876480.0;265698.0;770
30734;201500034112;15;2;3;1910;5;2;1;1;6;373;88, PRES ST MARTIN (RUE;M;4879036.0;261361.0;770
30735;201500034113;15;4;24;1725;1;1;6;1;2;374;D471 X D21;M;4879596.0;271375.0;770
30736;201500034114;15;5;9;1900;1;2;1;1;1;390;D21 AV MARECHAL FOCH;M;4879027.0;267512.0;770
30737;201500034115;15;5;11;1720;1;1;1;1;3;215;LIBERTE  (AVENUE DE LA);M;4875472.0;271227.0;770
30738;201500034116;15;5;15;950;1;1;9;1;2;350;BRETELLE ACCES D350;M;4876526.0;265621.0;770
30739;201500034117;15;3;28;2000;5;2;3;2;3;350;D351 X R. VILLA TUILERIE;M;4876260.0;266490.0;770
30740;201500034119;15;6;10;520;2;2;6;1;6;373;D604 - PARIS (RUE DE );M;4877678.0;259546.0;770
30741;201500034120;15;6;9;720;1;2;1;1;3;373;96, PRES ST MARTIN (RUE;M;4878314.0;261601.0;770
30742;201500034121;15;7;4;1020;1;2;1;1;6;350;FERME DU PRESBYTERE (RUE;M;4876260.0;266365.0;770
30743;201500034122;15;7;11;1500;1;1;1;1;7;215;RN4 HORS AGGLOMERATION;M;4873360.0;272450.0;770
30744;201500034123;15;7;20;2300;3;1;1;1;3;350;CD 471;M;4875620.0;270504.0;770
30745;201500034124;15;7;27;2205;5;2;1;1;3;373;31, GENERAL DE GAULLE (A;M;4880398.0;261627.0;770
30746;201500034126;15;8;29;630;2;2;1;1;6;215;AVENUE DE LA LIBERTE;M;4874385.0;273202.0;770
30747;201500034127;15;9;15;1215;1;1;1;1;1;374;RD 471;M;4880187.0;270726.0;770
30748;201500034128;15;9;16;2000;4;2;2;1;3;390;11, JB MONET DE LAMARCK;M;4879963.0;264260.0;770
30749;201500034129;15;9;21;900;1;2;1;1;6;373;1, LIBERATION (RUE DE LA;M;4878050.0;259901.0;770
30750;201500034131;15;9;27;2145;5;1;1;1;6;373;55, Av de la REPUBLIQUE;M;4880058.0;260769.0;770
30751;201500034132;15;10;3;1220;1;1;1;1;3;350;CD 354;;;;770
30752;201500034133;15;10;22;1155;1;2;1;1;6;350;DESIDERIUS ERASME (AVENU;M;4875810.0;269463.0;770
30753;201500034134;15;10;23;1200;1;2;3;1;6;373;139, REPUBLIQUE (AV. DE;M;4879950.0;260657.0;770
30754;201500034135;15;10;29;1115;1;2;1;1;7;373;76, LUCIEN BRUNET (RUE);M;4878320.0;260122.0;770
30755;201500034136;15;11;2;825;1;1;1;5;2;215;RN4 HORS AGGLOMERATION;M;4873500.0;274027.0;770
30756;201500034137;15;11;2;1515;1;2;1;1;5;350;9, GENERAL LECLERC (AVEN;M;4876394.0;267241.0;770
30757;201500034138;15;11;3;920;1;1;1;1;4;373;RN4;;;;770
30758;201500034140;15;11;5;910;1;2;1;1;3;373;39, AV. CHARLES ROUXEL;M;4879600.0;260449.0;770
30759;201500034141;15;11;4;1150;1;2;1;8;3;215;RN4 HORS AGGLOMERATION;M;4873320.0;272275.0;770
30760;201500034142;15;11;8;1805;3;1;1;1;5;373;RN4;M;4877440.0;260951.0;770
30761;201500034143;15;11;10;545;3;1;1;1;2;215;RN4 HORS AGGLOMERATION;M;4873330.0;272247.0;770
30762;201500034146;15;11;7;1140;1;1;1;1;2;390;ROUTE DE PONTAULT CD 21;M;0.0;0.0;770
30763;201500034147;15;11;17;2215;3;2;1;1;1;390;ZONE INDUSTRIELLE CINQUA;;;;770
30764;201500034148;15;11;20;2235;5;2;2;1;3;350;GALLIENI (AVENUE);M;4877413.0;267986.0;770
30765;201500034149;15;11;20;1040;1;2;1;2;6;350;084, FRANCOIS DE TESSAN;M;4875790.0;269959.0;770
30766;201500034150;15;11;25;1030;1;2;1;2;3;373;5, FORT (RUE DU);M;4877902.0;260825.0;770
30767;201500034151;15;11;24;1720;5;2;1;2;6;373;72, AVENUE CH. ROUXEL;M;4879233.0;260418.0;770
30768;201500034152;15;12;1;515;3;1;1;1;3;374;CD 471;M;4880555.0;271083.0;770
30769;201500034153;15;12;1;1325;1;1;1;1;5;373;RN4 HORS AGGLOMERATION;;;;770
30770;201500034154;15;12;20;345;3;1;1;1;6;215;RN4 HORS AGGLOMERATION;;;;770
30771;201500034155;15;12;22;1730;5;2;1;1;3;350;37, PLUME VERT (RUE DU);M;4875984.0;267613.0;770
30772;201500034157;15;6;23;1555;1;1;3;1;3;403;D403 X D1A;M;4857371.0;331761.0;770
30773;201500034158;15;7;1;1035;1;2;1;1;6;379;05, CHAMPBENOIST (ROUTE;M;4855138.0;329587.0;770
30774;201500034159;15;7;3;655;1;1;1;1;7;459;Departementale 74;M;4855752.0;337371.0;770
30775;201500034160;15;7;6;1600;1;2;6;1;7;379;D1 X D1E;M;4855549.0;330374.0;770
30776;201500034161;15;7;10;415;3;1;1;1;6;459;Route Departementale 619;M;4852837.0;340395.0;770
30777;201500034162;15;9;22;1645;1;2;2;1;3;260;8, RUE MICHEL GENDRON;M;4851409.0;324701.0;770
30778;201500034163;15;9;30;1105;1;2;1;7;6;379;15, MARECHAL DE LATTRE D;M;4855932.0;330922.0;770
30779;201500034164;15;11;1;1650;1;2;1;1;1;459;18, Route Départementale;M;4830000.0;314000.0;770
30780;201500034165;15;11;4;1510;1;1;1;1;6;532;Route Départementale 619;M;4856070.0;323389.0;770
30781;201500034166;15;11;10;1650;1;1;1;1;6;379;71, SAINT THIBAULT (RUE);M;4856231.0;329048.0;770
30782;201500034167;15;12;15;1835;5;2;2;3;6;379;2, CHRISTOPHE OPOIX (RUE;M;4856090.0;329590.0;770
30783;201500034168;15;1;9;1900;5;1;3;2;3;459;D 619 X D74A;M;4855160.0;331950.0;770
30784;201500034169;15;2;21;1900;3;1;1;8;3;379;D204;M;4858093.0;330679.0;770
30785;201500034170;15;3;27;1905;1;2;1;1;6;294;ESTIENNE D'ORVES (RUE D';M;4898023.0;261256.0;770
30786;201500034171;15;4;6;1700;1;2;1;1;7;294;FERNAND FOREST (RUE);M;4897780.0;263090.0;770
30787;201500034172;15;4;8;2225;3;1;1;1;6;241;CD 404;M;4902474.0;270149.0;770
30788;201500034173;15;5;6;1955;1;2;1;1;6;118;MARECHAL JOFFRE (RUE DU);M;4894918.0;268834.0;770
30789;201500034174;15;5;20;2030;1;2;2;8;3;514;126, AV.ARISTIDE BRIAND;M;4895037.0;260505.0;770
30790;201500034175;15;5;21;1755;1;1;1;1;3;118;ROUTE NATIONALE 3;M;4894323.0;266119.0;770
30791;201500034176;15;5;30;720;1;1;1;1;1;294;D9;M;4898210.0;260475.0;770
30792;201500034177;15;6;20;1750;1;2;1;1;6;118;22, CHENES (ALLEE DES);M;4893988.0;263803.0;770
30793;201500034178;15;6;26;215;5;1;1;1;1;294;CD84;M;4897436.0;261321.0;770
30794;201500034179;15;7;9;1455;1;1;1;1;4;294;RN 2;M;4898890.0;261297.0;770
30795;201500034180;15;7;19;555;2;2;6;1;6;118;65, PASTEUR (AVENUE);M;4893970.0;267768.0;770
30796;201500034181;15;7;18;1310;1;1;1;1;6;462;ROUTE NATIONALE 2;M;4902290.0;266581.0;770
30797;201500034182;15;8;4;1130;1;2;3;1;3;294;PARIS (RUE DE);M;4896928.0;258195.0;770
30798;201500034183;15;9;10;1830;1;2;2;1;3;294;ROCHELLE (RUE DE LA);M;4895959.0;259001.0;770
30799;201500034184;15;8;17;2010;1;2;2;1;1;514;ROGER SALENGRO (AVENUE);M;4895280.0;260608.0;770
30800;201500034186;15;12;18;625;3;1;1;2;5;123;1, CD 212;M;4897664.0;266036.0;770
30801;201500034187;15;12;28;1550;1;1;1;1;7;123;FUTURE N104 (EX D212);;;;770
30802;201500034188;15;2;5;825;5;2;3;1;3;92;BOISSY D'ANGLAS (QUAI);;;;780
30803;201500034189;15;1;31;1720;2;2;1;2;6;92;14, TOURGUENIEF YVAN (RU;;;;780
30804;201500034190;15;11;19;1150;1;2;3;2;6;642;PASSEREAUX SENTE DES;M;4897759.0;196948.0;780
30805;201500034191;15;12;5;1820;2;2;3;1;6;498;1, SCHWEITZER RUE DU DOC;M;4892038.0;203872.0;780
30806;201500034192;15;3;21;2030;5;2;3;1;3;15;SCHWEISGUTH (RUE DU GENE;M;4800000.0;200000.0;780
30807;201500034193;15;3;1;1755;1;2;2;1;2;498;SAINT SEBASTIEN RUE;;;;780
30808;201500034194;15;12;12;1630;1;2;9;1;3;498;LOGES BD DES;;;;780
30809;201500034195;15;3;9;1135;1;2;1;1;6;498;MALADRERIE AV DE LA;M;4800000.0;200000.0;780
30810;201500034196;15;10;8;820;1;2;1;1;6;643;GIRARDIN RUE;;;;780
30811;201500034197;15;4;2;2110;5;2;2;1;6;498;20, DEVAUX BD;;;;780
30812;201500034198;15;11;19;1840;5;2;1;2;4;624;POISSY AVENUE DE;;;;780
30813;201500034199;15;3;13;1945;3;1;1;1;6;642;22, CHEMIN DE FER AVENUE;;;;780
30814;201500034200;15;12;20;2205;5;2;1;2;1;624;242, DOUMER RUE PAUL;M;4800000.0;200000.0;780
30815;201500034201;15;12;24;1800;2;2;1;1;1;172;88, CERGY;;;;780
30816;201500034202;15;4;12;1030;1;2;1;1;2;642;71, GRANDE RUE (CENTRE V;;;;780
30817;201500034204;15;5;2;1700;1;2;1;2;6;498;20, CEP AVENUE DU;M;4892928.0;204090.0;780
30818;201500034206;15;4;24;1355;1;1;6;1;2;624;POISSY AVENUE DE;;;;780
30819;201500034207;15;5;4;1540;1;2;9;1;6;498;BERTEAUX MAURICE AVENUE;M;4893241.0;204134.0;780
30820;201500034209;15;4;17;950;1;1;2;1;3;498;PONT ANCIEN RUE DU;;;;780
30821;201500034210;15;4;24;1435;1;2;1;1;4;643;GROSSE PIERRE RUE DE LA;;;;780
30822;201500034211;15;9;30;2150;3;1;1;1;6;138;GRANDE RUE (CHEMIN DE LA;;;;780
30823;201500034212;15;5;11;1110;1;2;3;1;6;498;111, VILLIERS RUE DE;M;4892127.0;202111.0;780
30824;201500034213;15;12;22;1745;3;2;1;1;3;172;CERGY (RUE DE);;;;780
30825;201500034214;15;5;15;750;1;1;1;1;3;643;LA VALLEE GOUJON (RUE DE;M;4895982.0;198255.0;780
30826;201500034215;15;5;26;815;1;2;2;1;3;498;2, PRECHEURS RUE DES;;;;780
30827;201500034216;15;5;6;1844;1;1;6;1;3;643;ORGEVAL ROUTE D';M;4895981.0;198259.0;780
30828;201500034217;15;5;12;1733;1;2;3;1;2;498;114, MALADRERIE AV DE LA;M;4891816.0;202653.0;780
30829;201500034219;15;5;7;833;1;2;1;1;3;624;POISSY AVENUE DE;M;4895896.0;201748.0;780
30830;201500034220;15;5;12;2310;5;2;1;1;6;498;10, PONT ANCIEN RUE DU;M;4893371.0;203993.0;780
30831;201500034221;15;6;15;1830;1;2;6;1;3;498;PLACE VERTE;M;4893292.0;204338.0;780
30832;201500034222;15;5;24;1800;1;1;1;1;1;642;RD59;M;4899544.0;195252.0;780
30833;201500034223;15;6;7;41;3;1;1;1;6;643;RD1;;;;780
30834;201500034224;15;6;16;1850;1;1;6;1;2;624;POISSY AVENUE DE;M;4896485.0;201329.0;780
30835;201500034225;15;6;17;1200;1;1;1;1;6;123;18, SENETTE RUE DE LA;M;4893756.0;203600.0;780
30836;201500034226;15;6;21;1036;1;2;2;1;6;498;27, GAMBETTA BD;M;4893213.0;204463.0;780
30837;201500034227;15;6;17;1155;1;2;1;1;6;624;398, DOUMER RUE PAUL;M;4899246.0;198887.0;780
30838;201500034228;15;6;21;1725;1;2;1;1;6;498;30, AIGREMONT RUE D';M;4891938.0;203419.0;780
30839;201500034229;15;7;9;1220;1;2;1;1;3;624;FRERES LEIRIS RUE DES;M;4900717.0;200735.0;780
30840;201500034230;15;8;26;55;3;2;1;1;6;643;25, TRIEL AVENUE DE;M;;;780
30841;201500034231;15;8;9;2100;1;2;3;1;3;123;GRANDE RUE;M;;;780
30842;201500034232;15;8;5;1040;1;2;1;1;6;498;13, HUGO BD VICTOR;M;;;780
30843;201500034233;15;7;13;815;1;1;1;1;3;624;00, DOUMER RUE PAUL;M;4897450.0;200674.0;780
30844;201500034235;15;8;29;515;5;2;1;1;6;624;RD1;M;;;780
30845;201500034236;15;7;20;805;1;2;1;1;7;123;22, CHAPELLE RUE E LA;M;4893700.0;201900.0;780
30846;201500034237;15;8;14;2340;5;2;3;1;3;123;GRANDE RUE;M;4895000.0;204100.0;780
30847;201500034238;15;9;1;1255;1;2;1;1;6;642;69, MALRAUX BD ANDRE;M;4898104.0;197200.0;780
30848;201500034239;15;9;4;2050;5;2;3;1;7;123;34, PARC RUE DU;M;4894158.0;203364.0;780
30849;201500034240;15;9;9;850;1;2;1;1;5;498;80, LEFEBVRE AV FERNAND;M;4892430.0;205273.0;780
30850;201500034241;15;9;30;1732;1;2;3;1;6;498;81, FOCH AV;M;4893023.0;205144.0;780
30851;201500034242;15;10;17;1250;1;2;2;1;6;498;BEZE AVENUE THEODORE DE;;;;780
30852;201500034243;15;10;7;1940;2;2;1;1;6;123;139, HAUTIL AV DE L';M;4894541.0;203600.0;780
30853;201500034244;15;10;20;1600;1;2;1;1;3;498;, EISENHOWER AV DU GENER;M;4800000.0;200000.0;780
30854;201500034245;15;10;3;1115;1;2;3;1;3;498;1, MALADRERIE AV DE LA;;;;780
30855;201500034247;15;11;7;1120;1;2;1;1;6;498;16, SAINT LOUIS RUE;M;;;780
30856;201500034248;15;11;6;2000;5;2;3;1;2;123;EUROPE (RN 190) AVENUE D;M;4894140.0;203222.0;780
30857;201500034249;15;9;7;100;5;2;2;1;3;172;22, DE GAULLE;;;;780
30858;201500034250;15;9;23;1940;1;2;1;1;1;138;25, POISSY (AVENUE DE);;;;780
30859;201500034251;15;12;22;1643;1;2;4;1;6;498;70, ROBESPIERRE BD;M;4893510.0;205900.0;780
30860;201500034252;15;12;27;2020;5;2;6;1;6;498;GAMBETTA BD;M;4893352.0;204307.0;780
30861;201500034253;15;3;1;1924;5;2;2;1;4;498;SAINT SEBASTIEN RUE;;;;780
30862;201500034254;15;3;11;1725;1;2;3;1;2;498;MALADRERIE AV DE LA;;;;780
30863;201500034255;15;3;4;1250;1;1;1;1;6;498;avenue du cep;;;;780
30864;201500034256;15;3;28;1630;1;2;1;1;4;498;44, GAMBETTA BD;;;;780
30865;201500034257;15;4;15;800;1;2;1;1;3;498;URSULINES AV DES;;;;780
30866;201500034258;15;12;19;1805;3;1;1;1;1;397;DEPARTEMENTALE 13 (ROUTE;;;;780
30867;201500034259;15;3;2;1100;1;1;1;1;2;383;SORTIE R.N 10 (BRETELLE);;;;780
30868;201500034260;15;11;17;1730;3;2;1;3;1;297;EGLISE (PLACE DE L');;;;780
30869;201500034261;15;3;8;130;5;2;6;1;3;383;VILLEDIEU (AVENUE DE LA);;;;780
30870;201500034262;15;11;19;1300;1;2;1;2;5;688;0, PORT ROYAL (RUE DE);;;;780
30871;201500034263;15;3;12;1300;1;2;1;1;3;208;43 TER, TRAPPES (ROUTE D;;;;780
30872;201500034264;15;10;16;2055;5;2;1;1;6;397;DEPARTEMENTALE 13 (ROUTE;;;;780
30873;201500034265;15;3;6;2150;5;2;1;1;3;297;LE CORBUSIER (RUE);;;;780
30874;201500034266;15;11;27;845;1;2;1;1;6;297;..., FERRE (RUE LEO);;;;780
30875;201500034267;15;4;2;1445;1;2;1;3;4;168;Route nationale 10;;;;780
30876;201500034268;15;3;10;2040;5;2;2;1;2;621;indet, MONMOUSSEAU (RUE;;;;780
30877;201500034269;15;3;8;1625;1;1;1;1;6;297;CD 91;;;;780
30878;201500034270;15;3;23;900;1;2;1;1;3;621;DELACROIX (RUE EUGENE);;;;780
30879;201500034271;15;4;16;1345;1;2;3;1;3;621;POLITZER (AVENUE GEORGES;;;;780
30880;201500034272;15;6;29;1930;2;2;1;1;7;621;INDET, LAGRANGE (RUE LEO;;;;780
30881;201500034273;15;4;26;430;5;2;1;1;2;168;Route nationale 10;;;;780
30882;201500034274;15;4;12;2000;2;2;1;1;3;397;HABERT DE MONTMORT (AVEN;;;;780
30883;201500034275;15;4;7;850;1;2;1;1;6;168;GARE (AVENUE DE LA);;;;780
30884;201500034276;15;7;2;840;1;2;9;1;3;168;Route nationale 10;;;;780
30885;201500034277;15;6;19;830;1;2;1;1;3;208;MESNIL (ROUTE DU) 274;;;;780
30886;201500034278;15;6;1;1610;1;2;2;1;3;621;HENNEQUIN (AVENUE ROGER);;;;780
30887;201500034280;15;8;7;920;1;2;6;1;3;621;CASTIGLIONE DEL LAGO (RU;;;;780
30888;201500034282;15;8;27;2005;2;2;1;3;6;383;IGNORE, LANGRES (AVENUE;;;;780
30889;201500034283;15;6;16;1850;1;2;1;1;6;297;ARMSTRONG (RUE NEIL);;;;780
30890;201500034284;15;7;21;1530;1;2;6;1;6;423;PROUST (RUE MARCEL);;;;780
30891;201500034285;15;9;30;1540;1;2;2;1;3;423;11, KESSEL (AVENUE JOSEP;;;;780
30892;201500034286;15;9;11;1400;1;2;1;1;7;208;IDET, HUIT MAI 1945 (AVE;;;;780
30893;201500034288;15;11;7;2320;5;2;1;1;6;621;59, POLITZER (AVENUE GEO;M;;;780
30894;201500034290;15;9;8;1250;1;2;1;1;6;297;CROIZAT (RUE AMBROISE);;;;780
30895;201500034291;15;3;14;15;5;2;1;1;2;621;NATIONALE 10 (ROUTE);;;;780
30896;201500034292;15;4;8;1520;1;1;1;1;7;383;NATIONALE 10 (ROUTE);;;;780
30897;201500034293;15;6;20;1945;1;2;1;1;3;208;DAMPIERRE (ROUTE DE);;;;780
30898;201500034294;15;1;23;1825;5;2;1;1;6;297;BEREGOVOY (PLACE PIERRE);;;;780
30899;201500034295;15;2;17;1730;1;2;1;1;7;297;AVENUE DES GARENN;;;;780
30900;201500034296;15;1;2;1510;1;2;2;1;6;311;45, BAPAUME (RUE DE);;;;780
30901;201500034297;15;1;30;1755;5;2;1;1;6;311;110, HENRI BARBUSSE (BOU;;;;780
30902;201500034298;15;3;13;1215;1;2;3;1;3;124;318, SAINT GERMAIN (ROUT;;;;780
30903;201500034299;15;5;4;1710;1;2;2;2;6;311;JEAN JAURES (BOULEVARD);;;;780
30904;201500034300;15;1;12;805;2;2;1;1;6;362;01, RUE JEAN JAOUEN;;;;780
30905;201500034301;15;3;3;1355;1;2;2;1;3;362;00, RUE DES DEUX GARES;M;4859448.0;142444.0;780
30906;201500034302;15;1;12;1555;1;2;1;1;6;362;AVENUE DU BREUIL;;;;780
30907;201500034303;15;3;4;1910;5;2;1;1;6;335;06, RUE LAFARGE;;;;780
30908;201500034304;15;2;21;1400;1;2;6;8;2;361;PLACE DU MAL DE LATT;;;;780
30909;201500034305;15;3;5;1500;1;2;1;1;6;354;51, RUE DES GRAVIERS;M;4897305.0;169267.0;780
30910;201500034306;15;2;25;1010;1;2;6;8;6;267;00, RUE GABRIEL PERI;;;;780
30911;201500034307;15;3;6;805;1;2;2;1;3;267;00, RUE DES PRES L ABBE;;;;780
30912;201500034308;15;3;21;1110;1;2;1;1;6;267;11, AVENUE DU COLONEL FA;;;;780
30913;201500034310;15;4;5;1430;1;2;1;1;7;335;R.D 146;M;4897925.0;175264.0;780
30914;201500034311;15;4;6;1615;1;2;1;1;6;361;BOULEVARD SULLY 3;M;4900744.0;169722.0;780
30915;201500034312;15;4;15;1940;1;2;2;1;3;361;00, AVENUE DU GENERAL DE;M;4899625.0;168358.0;780
30916;201500034313;15;4;21;1735;1;2;1;1;6;335;12, RUE DES HAUTS CELEST;M;4900438.0;173678.0;780
30917;201500034314;15;4;28;630;1;2;1;1;5;217;R.D 130;M;4897061.0;180956.0;780
30918;201500034315;15;5;24;1725;1;2;2;1;3;217;CD 113;M;4896110.0;180792.0;780
30919;201500034316;15;6;5;1755;1;2;3;1;6;361;00, AVENUE ALBERT CAMUS;M;4900090.0;169133.0;780
30920;201500034317;15;7;1;1355;1;2;1;1;6;361;BD SULLY / rue Ch. Gouno;M;4899840.0;167689.0;780
30921;201500034318;15;7;28;1520;1;2;1;1;6;362;47, RUE DES MEUNIERS;M;4898600.0;169597.0;780
30922;201500034319;15;7;10;2055;1;2;1;1;6;335;41, RUE ABEL PLISSON;M;4899030.0;174031.0;780
30923;201500034320;15;8;9;2020;1;1;1;1;7;327;00, RUE DE LA CHARTRE;M;4900438.0;184183.0;780
30924;201500034321;15;8;10;1730;1;1;1;1;1;361;113   RD;M;4899811.0;166127.0;780
30925;201500034322;15;8;26;825;1;2;3;1;6;354;00, AVENUE PIERRE BEREGO;M;4896250.0;167911.0;780
30926;201500034323;15;10;22;1120;1;2;1;1;6;267;57, AVENUE LUCIE DESNOS;M;4898791.0;181025.0;780
30927;201500034324;15;10;27;840;1;2;3;1;1;267;56 BIS, AVENUE DU COLONE;;;;780
30928;201500034325;15;11;27;1655;2;2;2;1;3;267;AVENUE DE PARIS;M;4898810.0;181022.0;780
30929;201500034326;15;1;7;1715;2;2;9;2;2;350;64, VERSAILLES (ROUTE DE;;;;780
30930;201500034327;15;1;22;1825;5;2;1;1;6;502;11, PARIS (RUE DE);;;;780
30931;201500034328;15;3;9;803;1;1;1;1;2;238;CD 14;;;;780
30932;201500034330;15;3;27;1655;1;2;1;1;6;440;EUROPE (AVENUE DE L');;;;780
30933;201500034331;15;4;8;1640;1;1;1;1;7;609;CD 28;;;;780
30934;201500034332;15;4;8;1905;1;2;1;1;7;440;PAUL RAOULT (AVENUE);;;;780
30935;201500034333;15;4;18;1940;1;2;1;1;2;401;RHIN ET DANUBE (PONT);;;;780
30936;201500034334;15;4;20;1508;1;2;1;1;6;401;RHIN ET DANUBE (PONT);;;;780
30937;201500034335;15;4;27;1020;1;1;1;1;1;238;CD 14;;;;780
30938;201500034336;15;5;9;1605;1;2;1;1;5;440;RHIN ET DANUBE (PONT);;;;780
30939;201500034337;15;5;22;815;1;2;1;1;1;401;8, THIERS (BOULEVARD);;;;780
30940;201500034339;15;5;27;1745;1;2;2;1;6;440;JEAN-JACQUES ROUSSEAU (R;;;;780
30941;201500034340;15;6;1;1315;1;2;1;1;4;440;MARECHAL FOCH (AVENUE DU;;;;780
30942;201500034341;15;5;16;2310;5;2;3;1;3;401;EVECQUEMONT (CHEMIN D');;;;780
30943;201500034342;15;6;4;1725;1;2;3;1;3;440;VERNEUIL (ROUTE DE);;;;780
30944;201500034343;15;6;6;1720;1;2;6;1;1;299;CHATEAU (RUEDU);;;;780
30945;201500034344;15;6;22;1210;1;2;1;1;6;440;20, JEAN DE LA FONTAINE;;;;780
30946;201500034345;15;6;27;1050;1;2;1;1;5;440;PAUL RAOULT (AVENUE);;;;780
30947;201500034346;15;6;30;1800;1;2;2;1;3;440;AMPERE (RUE);;;;780
30948;201500034347;15;7;5;1915;1;2;1;1;3;440;30, ARISTIDE BRIAND (RUE;;;;780
30949;201500034348;15;7;28;1815;1;2;1;2;6;401;AULNES (AVENUE DES);;;;780
30950;201500034349;15;8;26;1055;1;2;1;1;6;401;THIERS (BOULEVARD);;;;780
30951;201500034350;15;9;6;650;2;2;1;1;3;638;GENERAL DE GAULLE (RUE D;;;;780
30952;201500034351;15;9;10;2015;2;2;3;1;3;440;MARECHAL FOCH (AVENUE DU;;;;780
30953;201500034352;15;9;12;1510;1;1;1;3;3;261;MEULAN A CAUDEBEC (ROUTE;;;;780
30954;201500034353;15;10;7;2020;5;2;1;2;4;440;RHIN ET DANUBE (PONT);;;;780
30955;201500034354;15;10;12;730;2;2;1;1;5;440;RHIN ET DANUBE (PONT);;;;780
30956;201500034355;15;10;13;1300;1;2;1;1;7;29;30, PLATEAU (RUE DU);;;;780
30957;201500034356;15;10;3;5;3;1;1;1;6;638;D 922;;;;780
30958;201500034357;15;10;26;1530;1;2;3;1;6;299;21, MEZY (CHEMIN DE);;;;780
30959;201500034358;15;10;30;1852;1;1;1;1;6;440;92, PAUL RAOULT (AVENUE);;;;780
30960;201500034359;15;10;31;1135;1;2;6;1;6;440;PAUL RAOULT (AVENUE);;;;780
30961;201500034361;15;11;13;1615;1;2;1;1;6;29;1, PEUPLIERS (ALLEE DES;;;;780
30962;201500034362;15;12;4;1130;1;1;1;1;3;401;CD 28;;;;780
30963;201500034363;15;12;17;720;2;2;6;1;3;609;CD 28;;;;780
30964;201500034364;15;12;22;1759;5;2;2;1;7;440;24, PAUL RAOULT (AVENUE);;;;780
30965;201500034365;15;12;30;1515;1;2;5;1;6;440;RPUBLIQUE (RUE DE LA);;;;780
30966;201500034367;15;1;14;1140;1;1;1;4;2;609;CD 28;;;;780
30967;201500034368;15;1;28;1830;5;2;1;2;7;401;19, ANNONCIADES (RUE DES;;;;780