;Num_Acc;an;mois;jour;hrmn;lum;agg;int;atm;col;com;adr;gps;lat;long;dep
30968;201500034369;15;8;29;1535;1;1;3;1;3;238;C.C. CARREFOUR FLINS;;;;780
30969;201500034370;15;1;14;1345;1;2;2;1;6;401;;;;;780
30970;201500034371;15;1;21;830;1;2;9;1;3;638;PARIS (AVENUE DE);;;;780
30971;201500034373;15;2;27;1140;1;2;6;1;3;440;BECHEVILLE (RUE DE);;;;780
30972;201500034374;15;2;22;1045;1;2;1;1;2;401;ALBERT JOZON (RUE);;;;780
30973;201500034375;15;10;31;1815;2;2;2;1;6;490;SAINT GERMAIN (AVENUE DE;;;;780
30974;201500034376;15;6;4;2130;1;2;2;1;3;490;SAINT GERMAIN (AVENUE D;;;;780
30975;201500034377;15;12;29;1100;1;2;1;1;6;545;2, MANSART (RUE);;;;780
30976;201500034379;15;4;24;1700;1;2;1;1;2;490;RD 109;M;4883480.0;195940.0;780
30977;201500034380;15;7;21;1902;1;2;3;1;3;545;86, CURIE (AVENUE PIERRE;M;4879720.0;205769.0;780
30978;201500034381;15;11;22;1550;1;2;1;1;6;490;DEUX PLATEAUX (ROUTE DES;;;;780
30979;201500034382;15;6;19;1705;1;2;1;1;2;545;BARBUSSE (BOULEVARD HENR;;;;780
30980;201500034384;15;12;5;1710;2;1;1;1;1;490;DEUX PLATEAUX (ROUTE DES;;;;780
30981;201500034385;15;6;26;1930;1;2;3;1;3;545;115, CURIE (AVENUE PIERR;;;;780
30982;201500034386;15;12;8;1210;1;1;1;1;6;674;CD 161;;;;780
30983;201500034387;15;5;29;1600;1;2;1;1;6;674;7, TOURAINE (AVENUE DE);;;;780
30984;201500034388;15;8;25;1210;1;2;1;1;6;73;2 TER, ROBESPIERRE (RUE);;;;780
30985;201500034389;15;8;27;1630;1;2;1;1;2;490;SAINT GERMAIN (AVENUE DE;;;;780
30986;201500034390;15;9;17;1805;1;2;1;1;6;545;10, CURIE (AVENUE PIERRE;;;;780
30987;201500034391;15;9;28;1500;1;2;2;1;3;73;BARBUSSE  (RUE HENRI);;;;780
30988;201500034393;15;9;17;720;5;2;1;1;6;242;REPUBLIQUE (AVENUE DE LA;M;4880991.0;204240.0;780
30989;201500034394;15;11;30;1940;5;2;1;1;6;73;, JAURES (AVENUE JEAN);;;;780
30990;201500034395;15;8;10;1230;1;2;9;1;3;640;SADI LECOINTE (RUE);;;;780
30991;201500034396;15;12;4;1630;1;2;1;1;3;490;HUIT MAI 45;;;;780
30992;201500034397;15;1;30;1550;1;2;3;1;3;490;GEESTHACHT (AVENUE DE);;;;780
30993;201500034398;15;2;13;2025;3;1;1;2;2;674;1, CD 11;;;;780
30994;201500034399;15;1;3;2340;5;2;2;1;6;498;20, PONTOISE AV DE;;;;780
30995;201500034400;15;1;6;850;1;1;1;1;6;643;RD1;;;;780
30996;201500034401;15;1;9;1010;1;2;2;6;1;643;TRIEL AVENUE DE;;;;780
30997;201500034402;15;1;9;1725;5;2;1;1;6;498;1, URSULINES AV DES;;;;780
30998;201500034403;15;1;11;1850;5;2;2;1;3;498;ROBESPIERRE BD;;;;780
30999;201500034404;15;1;27;1625;1;2;2;1;6;498;PONTOISE /Robespierre;;;;780
31000;201500034405;15;1;30;525;5;2;1;6;6;498;GAMBETTA BD;;;;780
31001;201500034406;15;2;4;1830;5;2;2;1;3;642;MEULAN ROUTE DE CD154;;;;780
31002;201500034407;15;2;20;2205;1;2;2;1;3;498;DEVAUX BD;;;;780
31003;201500034408;15;2;22;45;5;2;2;1;3;123;;;;;780
31004;201500034409;15;2;23;1310;1;2;1;1;1;643;1, AMANDIER RUE DE L';;;;780
31005;201500034410;15;2;12;1820;5;2;1;1;6;498;80, CASTILLE AV BLANCHE;;;;780
31006;201500034411;15;2;13;1918;5;2;2;2;6;498;1, HUGO BD VICTOR;;;;780
31007;201500034412;15;4;4;2130;3;1;1;1;1;269;D 906;;;;780
31008;201500034413;15;4;7;2120;3;1;1;1;3;486;RN 10;;;;780
31009;201500034414;15;5;5;1920;1;2;2;1;3;517;CLOS BATANT (RUE DU);M;4864686.0;185558.0;780
31010;201500034415;15;6;8;1723;1;2;3;1;3;517;0, LOUVIERE (RUE DE LA);M;4864362.0;183841.0;780
31011;201500034416;15;6;25;1315;1;2;1;1;6;486;6, CHARTRES (RUE DE;;;;780
31012;201500034417;15;6;29;750;1;2;3;1;3;517;ETANG DE LA TOUR (RUE DE;M;4864532.0;185558.0;780
31013;201500034418;15;9;19;1605;1;1;1;1;6;517;RN 10;M;4864044.0;183976.0;780
31014;201500034419;15;10;27;1405;1;1;1;1;4;517;RN 10;M;;;780
31015;201500034420;15;10;30;1720;1;1;1;1;6;517;ETANG DE LA TOUR (RUE DE;M;;;780
31016;201500034421;15;12;4;815;1;1;1;1;6;220;RN 10;;;;780
31017;201500034423;15;1;18;330;3;1;1;1;7;517;D 936;;;;780
31018;201500034424;15;2;25;20;3;1;1;9;3;486;RN 10;;;;780
31019;201500034425;15;2;23;1353;1;2;4;1;3;545;121, PERI (RUE GABRIEL);;;;780
31020;201500034426;15;2;26;1010;1;2;1;2;2;545;MANSART (RUE);;;;780
31021;201500034427;15;2;13;837;1;2;3;1;3;481;01, BELLAVOINE;;;;780
31022;201500034428;15;7;26;1230;1;2;1;1;6;372;11, SAINT GERMAIN (AVENU;;;;780
31023;201500034429;15;11;17;1855;2;1;1;2;1;551;RN 184;M;4891955.0;207893.0;780
31024;201500034430;15;4;20;2200;5;2;1;1;3;146;134, MAISONS (ROUTE DE);;;;780
31025;201500034431;15;11;3;1705;1;2;1;1;3;146;29, GAMBETTA (AVENUE);;;;780
31026;201500034432;15;3;24;2125;3;2;1;2;3;551;CENTRALE (ROUTE);;;;780
31027;201500034433;15;11;6;1920;3;1;1;8;3;551;RN 184;;;;780
31028;201500034434;15;4;15;2115;2;2;4;1;3;551;PONTOISE (DE);M;;;780
31029;201500034436;15;4;21;1100;1;2;2;1;1;650;MONTESSON (ROUTE DE);;;;780
31030;201500034437;15;5;27;1730;1;1;1;1;4;551;RN 184;;;;780
31031;201500034438;15;5;23;1525;1;2;1;1;6;551;23, PONTOISE (DE);M;;;780
31032;201500034439;15;4;14;1530;1;2;1;1;3;350;VIGEE LEBRUN (RUE);M;4886140.0;212326.0;780
31033;201500034440;15;6;16;1200;1;1;1;1;6;251;1, CD 98 (CH.DEPARTEMENT;;;;780
31034;201500034442;15;4;11;1800;1;1;1;2;5;551;RN 184;;;;780
31035;201500034443;15;7;11;45;3;1;1;1;7;551;00, V.O.10   (VOIE OUVER;;;;780
31036;201500034444;15;7;24;1730;1;2;1;2;6;372;1, AMIRAL LEMONNIER (AVE;M;4887750.0;209766.0;780
31037;201500034445;15;3;29;2100;5;2;1;2;1;372;00, JOHN FITZGERALD KENN;M;4888715.0;209935.0;780
31038;201500034446;15;6;22;1910;1;1;1;1;1;551;RD 308;M;;;780
31039;201500034447;15;8;12;615;2;2;3;1;3;372;VERSAILLES (RTE DE);M;4887541.0;210297.0;780
31040;201500034448;15;9;9;1220;1;2;2;1;3;502;JEAN JAURES (RUE);;;;780
31041;201500034449;15;9;4;1600;1;2;1;1;6;481;76, SARTROUVILLE (ROUTE;;;;780
31042;201500034450;15;6;14;1154;1;1;1;1;3;551;CROIX DE NOAILLES;;;;780
31043;201500034451;15;9;14;755;2;2;1;2;3;502;SIMON VOUET (AVENUE);;;;780
31044;201500034452;15;7;18;542;5;2;3;1;3;350;CONTI (QUAI);;;;780
31045;201500034453;15;9;26;1155;1;1;1;1;5;551;RD 308;;;;780
31046;201500034454;15;8;24;1350;1;2;2;2;3;133;VIEUX CHEMIN DE MANTES;;;;780
31047;201500034455;15;10;28;1205;1;2;1;8;6;372;VERSAILLES (ROUTE DE);;;;780
31048;201500034456;15;8;10;1435;1;2;9;1;3;481;01, PRESIDENT J.F KENNED;;;;780
31049;201500034457;15;10;28;1720;1;2;1;1;6;502;9 BIS, SAINT GERMAIN (AV;M;4888127.0;210633.0;780
31050;201500034458;15;10;21;910;1;1;1;1;3;350;VERSAILLES (ROUTE DE);;;;780
31051;201500034459;15;9;22;1530;1;2;9;1;6;481;46, GENERAL LECLERC (AVE;;;;780
31052;201500034460;15;11;26;2315;3;1;1;1;1;224;CD 98;;;;780
31053;201500034461;15;9;28;1650;1;2;1;7;3;551;PRIOLET (ALBERT);;;;780
31054;201500034463;15;11;10;1900;3;1;3;1;3;372;1, SAINT CYR (ROUTE DE);;;;780
31055;201500034464;15;10;19;1555;1;1;2;1;3;551;RD 190;M;;;780
31056;201500034465;15;10;27;825;1;2;7;1;3;551;VAUBAN (PLACE);;;;780
31057;201500034466;15;9;6;1530;1;1;1;1;7;481;CHARLES DE GAULLE (AVENU;;;;780
31058;201500034467;15;1;13;755;5;2;1;1;6;367;PROFESSEUR ROUX (RUE DU);;;;780
31059;201500034468;15;2;6;1950;5;2;1;1;5;586;18, CORMEILLES;;;;780
31060;201500034470;15;12;7;755;5;2;2;1;5;586;25, BARIAN;M;;;780
31061;201500034471;15;3;7;2340;5;1;3;1;3;358;MONTESQUIEU (AVENUE);;;;780
31062;201500034472;15;3;2;1310;1;2;3;2;6;586;1, MOULINS;;;;780
31063;201500034476;15;3;19;1605;1;2;3;1;6;586;21, BEZONS;;;;780
31064;201500034477;15;11;25;1750;5;2;8;2;6;586;MERMOZ (JEAN);M;4894546.0;217344.0;780
31065;201500034478;15;4;24;2315;3;2;1;2;6;586;182, ROBERT SCHUMAN (AVE;M;4894832.0;210193.0;780
31066;201500034479;15;12;23;2110;5;2;3;1;3;586;16, TOBROUK;M;;;780
31067;201500034480;15;3;7;2135;5;2;3;1;3;586;, JAURES (AVENUE JEAN) N;;;;780
31068;201500034481;15;3;2;1730;1;2;3;1;3;358;MONTEBELLO/LAFAYETTE;;;;780
31069;201500034482;15;12;2;1245;1;2;1;1;3;586;06, JAURES (AVENUE JEAN);;;;780
31070;201500034483;15;3;22;1950;5;2;3;1;6;586;80, BERTEAUX (MAURICE) N;;;;780
31071;201500034484;15;5;18;1650;1;2;2;1;3;124;BEZONS (ROUTE DE);M;4891234.0;219885.0;780
31072;201500034485;15;12;26;1545;1;2;2;1;1;586;JOUHAUX (LEON);M;4894834.0;219418.0;780
31073;201500034486;15;6;1;1842;1;2;3;1;3;124;324, SAINT GERMAIN (ROUT;M;4891173.0;216703.0;780
31074;201500034487;15;4;4;2230;1;2;1;1;3;586;207, BERTEAUX (MAURICE);;;;780
31075;201500034488;15;6;5;900;1;2;1;1;3;124;JEAN JACQUES ROUSSEAU (A;M;4891608.0;217806.0;780
31076;201500034490;15;6;20;1035;1;2;6;7;3;586;0, SAINT-EXUPERY N°1 A 5;;;;780
31077;201500034491;15;12;9;1725;2;2;1;1;3;586;1, PAS DE LA MULE;M;4893415.0;217501.0;780
31078;201500034492;15;4;26;1253;1;2;4;1;6;586;DE GAULLE (GENERAL) N°41;;;;780
31079;201500034493;15;7;4;1245;1;2;1;1;6;586;TIMBAUD (JEAN-PIERRE);M;;;780
31080;201500034495;15;6;9;936;1;2;2;1;3;586;REPUBLIQUE (AVENUE) N° P;M;4893378.0;215114.0;780
31081;201500034496;15;8;12;233;5;2;6;1;6;396;MAURICE BERTEAUX (RUE);;;;780
31082;201500034497;15;7;6;1647;1;2;1;7;3;358;39, PARIS (RUE DE);;;;780
31083;201500034498;15;8;25;1735;1;2;1;2;6;311;14, GENERAL DE GAULLE (A;M;4892140.0;218587.0;780
31084;201500034499;15;8;8;1250;1;2;3;1;1;586;28, DE GAULLE (GENERAL);M;;;780
31085;201500034500;15;9;12;1249;1;2;2;3;6;311;CROIX LION (RUE DE LA);M;4893651.0;218341.0;780
31086;201500034501;15;9;4;913;1;2;4;1;3;311;118, HENRI BARBUSSE (BOU;M;4893399.0;217873.0;780
31087;201500034502;15;9;17;1645;1;2;2;1;3;311;PRESIDENT KENNEDY (RUE D;M;4892321.0;217924.0;780
31088;201500034503;15;10;13;903;1;2;1;1;6;311;HENRI BARBUSSE (BOULEVAR;;;;780
31089;201500034504;15;10;9;1455;1;2;1;1;6;311;1, HENRI BARBUSSE (BOULE;M;4892579.0;219433.0;780
31090;201500034505;15;10;24;1548;1;2;1;1;5;586;09, TOBROUK;;;;780
31091;201500034506;15;7;9;1845;1;2;1;1;3;586;102, BEZONS N°88 A 164;M;4894161.0;218429.0;780
31092;201500034507;15;5;7;815;1;2;3;1;6;586;62, CONSTITUANTE;;;;780
31093;201500034509;15;6;23;1800;1;2;1;1;6;586;6, MARCHE;;;;780
31094;201500034510;15;11;7;1245;1;2;5;1;1;124;JEAN JACQUES ROUSSEAU (A;M;4891597.0;217783.0;780
31095;201500034511;15;1;23;220;5;2;6;1;7;586;BERTEAUX (MAURICE);;;;780
31096;201500034512;15;4;6;1430;1;2;1;1;3;586;134, BERTEAUX (MAURICE);M;;;780
31097;201500034513;15;7;31;1850;1;2;3;1;6;311;50, EGALITE (RUE DE L');M;4893056.0;219618.0;780
31098;201500034514;15;1;19;1240;1;2;1;1;6;640;ROBERT WAGNER (AVENUE);;;;780
31099;201500034516;15;2;27;1530;1;1;1;1;5;640;GISY (CHEMIN DE);;;;780
31100;201500034517;15;3;5;2030;5;2;3;1;3;92;BOISSY D'ANGLAS (QUAI);;;;780
31101;201500034519;15;12;14;1545;1;2;2;1;2;158;ROUTE NAPOLEON III (RD18;M;4908568.0;112746.0;780
31102;201500034520;15;3;15;545;3;1;1;8;1;322;CHARLES DE GAULLE (RUE);M;4877600.0;215203.0;780
31103;201500034523;15;12;16;1305;1;2;1;1;6;646;31, MARECHAL FOCH (RUE D;M;4880750.0;213277.0;780
31104;201500034524;15;3;21;1750;1;2;2;1;3;686;202, GENERAL LECLERC (AV;M;4880140.0;216319.0;780
31105;201500034525;15;12;23;1515;1;2;1;1;6;646;17, POURVOIERIE (RUE DE;M;4880711.0;213277.0;780
31106;201500034526;15;4;13;1248;1;2;9;1;2;646;42, CHANTIERS (RUE DES);M;4879443.0;214024.0;780
31107;201500034527;15;12;30;1925;4;2;1;1;6;158;5, SAINT GERMAIN (ROUTE;;;;780
31108;201500034528;15;3;30;703;5;2;1;1;6;524;93, L'HORLOGE (RUE DE);M;4883687.0;211210.0;780
31109;201500034529;15;5;4;1725;1;2;2;1;3;646;16, CHANTIERS (RUE DES);M;4879629.0;213697.0;780
31110;201500034530;15;3;6;1835;5;2;3;1;6;686;39, GENERAL LECLERC (AVE;M;4880400.0;217694.0;780
31111;201500034531;15;5;19;1200;1;2;2;1;3;646;, SAINTE VICTOIRE (RUE);M;;;780
31112;201500034532;15;4;8;1540;1;2;1;1;4;646;93, CHANTIERS (RUE DES);M;4885661.0;235222.0;780
31113;201500034534;15;6;2;1805;1;2;1;1;3;646;SAINT CYR (ROUTE DE);;;;780
31114;201500034535;15;1;12;1800;5;2;1;9;6;646;LESSEPS (BOULEVARD DE);M;4880677.0;214669.0;780
31115;201500034536;15;1;15;1750;5;2;2;2;6;646;57, MARECHAL FOCH (RUE D;M;4881097.0;213450.0;780
31116;201500034537;15;5;18;1115;1;1;1;1;4;524;64, RN 186;;;;780
31117;201500034538;15;5;28;1752;1;2;1;1;6;646;EUROPE (AVENUE DE L');M;4880333.0;213036.0;780
31118;201500034539;15;6;7;915;1;2;1;1;2;640;LOUIS BREGUET (AVENUE);M;4878170.0;218139.0;780
31119;201500034540;15;5;8;1900;1;2;1;1;2;92;82, BOISSY D'ANGLAS (QUA;;;;780
31120;201500034541;15;5;30;1700;1;2;1;1;3;686;10, GENERAL LECLERC (AVE;M;4880493.0;218091.0;780
31121;201500034542;15;6;16;840;1;2;2;1;3;646;104, PARIS (AVENUE DE);M;4879719.0;201504.0;780
31122;201500034543;15;6;19;2050;1;2;3;1;3;646;INDEPENDANCE AMERICAINE;M;4880269.0;212148.0;780
31123;201500034544;15;6;23;745;1;2;1;7;6;646;47, BONNE AVENTURE (RUE;M;4880693.0;215104.0;780
31124;201500034545;15;4;22;1140;1;2;2;1;6;646;MARECHAL FOCH (RUE DU);;;;780
31125;201500034546;15;4;10;1540;1;2;2;1;3;126;AUGIER EMILE (AVENUE );M;4884440.0;214617.0;780
31126;201500034547;15;6;30;1855;1;2;1;1;3;646;9, ORANGERIE (RUE DE L');M;4887129.0;231732.0;780
31127;201500034548;15;7;7;655;1;2;1;1;5;158;100, VERSAILLES (RUE DE);M;4882380.0;212816.0;780
31128;201500034549;15;7;10;1055;1;2;2;1;6;646;CHANTIERS (RUE DES);M;4879683.0;214241.0;780
31129;201500034550;15;7;19;1945;1;2;1;1;2;158;CHARLES DE GAULLE (AVENU;M;4882800.0;212140.0;780
31130;201500034551;15;6;12;1805;1;2;3;1;3;126;DUCHESNE LUCIEN RENE (AV;;;;780
31131;201500034552;15;7;7;720;1;2;1;1;3;640;4, LORRAINE (RUE DE);M;4878403.0;217365.0;780
31132;201500034554;15;8;3;1855;1;2;4;1;3;524;L'HORLOGE (RUE DE);M;4879300.0;211076.0;780
31133;201500034555;15;8;16;1440;1;2;1;1;3;646;64, CHANTIERS (RUE DES);M;4879300.0;214371.0;780
31134;201500034556;15;7;21;1015;1;2;2;1;4;640;06, ARISTIDE BRIAND (RUE;M;4878573.0;218866.0;780
31135;201500034557;15;9;2;1820;1;2;1;1;3;646;64, CHANTIERS (RUE DES);M;4885661.0;235222.0;780
31136;201500034558;15;9;11;1410;1;2;1;1;2;646;64, CHANTIERS (RUE DES);;;;780
31137;201500034560;15;9;18;1805;1;2;6;2;6;158;LOUIS PELIN (RUE);M;4883509.0;211995.0;780
31138;201500034561;15;9;30;1655;1;2;2;1;3;646;16, CHANTIERS (RUE DES);M;4879629.0;213697.0;780
31139;201500034562;15;9;30;1905;1;2;1;1;6;640;33 bis, EUROPE (AVENUE D;M;4878268.0;221945.0;780
31140;201500034563;15;10;2;2140;5;2;1;1;3;646;110, PAROISSE (RUE DE LA;M;4880562.0;213513.0;780
31141;201500034564;15;10;8;2100;5;2;1;1;1;640;MARCEL SEMBAT (RUE);;;;780
31142;201500034565;15;10;15;1540;1;2;1;1;7;640;MORANE-SAULNIER (AVENUE);M;4877962.0;220429.0;780
31143;201500034566;15;9;19;1315;1;2;1;1;5;640;EUROPE (AVENUE DE L');M;4877918.0;220323.0;780
31144;201500034567;15;10;25;1840;5;2;2;1;3;646;120, PARIS (AVENUE DE);M;4879772.0;215302.0;780
31145;201500034568;15;10;2;1800;1;2;1;1;3;117;MINIERE (RUE DE LA);M;4885661.0;235222.0;780
31146;201500034569;15;11;3;1755;5;2;1;1;3;646;11, RESERVOIRS (RUE DES);M;4885661.0;235222.0;780
31147;201500034570;15;10;9;745;1;2;1;8;7;640;8, MARCEL DASSAULT (RUE);M;4878548.0;221199.0;780
31148;201500034571;15;10;27;1255;1;2;1;1;3;646;55, ETATS UNIS (AVENUE D;M;4880140.0;213012.0;780
31149;201500034572;15;11;11;1145;1;2;1;1;6;646;5/7, PORTE DE BUC (RUE D;M;4885661.0;235222.0;780
31150;201500034573;15;10;23;1640;1;2;1;1;3;92;DRIONNE (AVENUE DE LA);M;4851455.0;282135.0;780
31151;201500034574;15;11;20;845;1;2;1;2;5;646;41, VILLENEUVE L'ETANG (;M;4885661.0;235222.0;780
31152;201500034575;15;11;27;2215;5;2;1;2;6;646;SAINT MARTIN (RAMPE);M;4879487.0;213007.0;780
31153;201500034576;15;11;28;1525;1;2;1;1;3;158;CHARLES DE GAULLE (AVENU;M;4882777.0;212039.0;780
31154;201500034577;15;11;30;755;2;2;1;1;6;158;CHARLES DE GAULLE (AVENU;M;4882777.0;212039.0;780
31155;201500034578;15;11;28;200;5;2;2;2;3;646;PAROISSE (RUE DE LA);M;4880140.0;213012.0;780
31156;201500034579;15;9;11;1430;1;2;3;1;1;640;LOUIS BREGUET (AV);M;;;780
31157;201500034580;15;1;7;1255;1;2;1;1;3;646;5, ECOLE DES POSTES (RUE;;;;780
31158;201500034581;15;1;8;1700;5;2;6;2;7;117;GUYNEMER (AVENUE);;;;780
31159;201500034582;15;1;12;2100;5;2;1;1;1;646;10, MARECHAL JUIN (AVENU;;;;780
31160;201500034583;15;1;27;725;5;2;2;1;6;646;GENERAL DE GAULLE (AVENU;;;;780
31161;201500034584;15;1;31;1745;5;1;1;1;6;158;1, DUTARTRE (AVENUE);;;;780
31162;201500034585;15;2;13;1840;5;2;2;3;2;646;1, PARC DE CLAGNY (RUE D;;;;780
31163;201500034586;15;2;16;1415;1;2;1;1;6;646;2, HOCHE (PLACE);M;4880610.0;0.0;780
31164;201500034587;15;2;19;1920;5;2;4;9;6;646;79 ter, MARECHAL FOCH (R;;;;780
31165;201500034588;15;2;24;1005;1;2;6;1;3;158;79, VERSAILLES (RUE DE);;;;780
31166;201500034589;15;3;20;1000;1;2;2;1;2;191;262 ROUTE D'AIFFRES;M;4631125.0;-44645.0;790
31167;201500034590;15;3;22;1925;2;2;1;1;6;191;AVENUE DE LIMOGES;M;4631813.0;-39405.0;790
31168;201500034591;15;3;24;1715;1;2;6;2;6;191;24 RUE DU GRAL LARGEAU;M;4632235.0;-46684.0;790
31169;201500034592;15;3;30;925;1;2;6;1;6;191;2 RUE GAMBETTA;M;4632594.0;-46851.0;790
31170;201500034593;15;3;31;815;2;2;1;2;2;81;ROUTE DE PARIS;M;4634712.0;-35778.0;790
31171;201500034594;15;4;12;2210;5;2;1;1;6;191;45 RUE JEAN JAURES;M;4631638.0;-46394.0;790
31172;201500034595;15;4;1;1705;1;2;1;1;7;191;13 ROUTE D' AIFFRES;M;4631631.0;-45321.0;790
31173;201500034596;15;4;21;1750;1;2;3;1;3;81;132 RUE CHATEAU DRIGUET;M;4636599.0;-37704.0;790
31174;201500034597;15;4;23;1805;1;2;1;1;6;191;51 RUE DU MCHAL LECLERC;M;4633118.0;-45682.0;790
31175;201500034598;15;5;10;1845;1;2;1;1;1;191;37 RUE DE SOUCHE;M;4632732.0;-44379.0;790
31176;201500034599;15;6;7;430;5;2;1;1;7;191;21 RUE HENRI SELLIER;M;4631442.0;-48638.0;790
31177;201500034600;15;6;8;1955;1;2;2;1;3;191;66 ROUTE CHERVEUX;M;4634471.0;-43842.0;790
31178;201500034601;15;6;27;1610;1;2;1;1;6;191;193 RUE STRASBOURG;M;4632789.0;-44870.0;790
31179;201500034602;15;7;2;1510;1;2;1;1;1;191;107 RUE DU MOULIN D'ANE;M;4635568.0;-45633.0;790
31180;201500034603;15;8;7;1550;1;2;1;1;3;191;15 RUE DE LA MOUGANDERIE;M;4632040.0;-47930.0;790
31181;201500034604;15;8;11;1210;1;2;1;1;2;191;310B AVENUE DE PARIS;M;4633459.0;-42817.0;790
31182;201500034606;15;8;13;1025;1;2;6;1;6;191;AVENUE WELLINGBOROUGH;M;4631904.0;-49310.0;790
31183;201500034607;15;8;16;1000;1;2;1;1;3;191;256 ROUTE COULONGES;M;4635249.0;-47904.0;790
31184;201500034608;15;9;21;1710;1;2;1;1;3;191;43 RUE DE MAISONS ROUGES;M;4633749.0;-42335.0;790
31185;201500034609;15;9;26;2125;5;2;1;1;6;191;175 RUE DU MCHAL LECLERC;M;4633488.0;-45369.0;790
31186;201500034610;15;9;29;1530;1;2;2;1;3;191;62 RUE DU HUIT MAI 1945;M;4632730.0;-51509.0;790
31187;201500034611;15;10;3;1310;1;2;2;1;6;81;RUE DU NAURON;M;4635019.0;-37336.0;790
31188;201500034612;15;10;6;2005;5;2;3;2;2;191;168 AV ST JEAN D'ANGELY;M;4631483.0;-46573.0;790
31189;201500034613;15;10;12;1820;1;2;3;1;3;191;RUE DES ORS;M;4633099.0;-42056.0;790
31190;201500034614;15;10;7;2320;5;2;2;1;3;191;216 AV. DE LA ROCHELLE;M;4631212.0;-47878.0;790
31191;201500034615;15;10;20;1925;5;2;3;1;3;191;49 RUE ALSACE LORRAINE;M;4632711.0;-45810.0;790
31192;201500034616;15;12;2;2210;5;2;2;1;2;191;BD DE L'ATLANTIQUE;M;4632015.0;-48623.0;790
31193;201500034617;15;1;4;1105;1;2;1;1;7;191;222  AV. DE LA ROCHELLE;M;4631168.0;-47935.0;790
31194;201500034618;15;1;8;1345;1;2;2;2;3;191;BD DE L'ATLANTIQUE;M;4632651.0;-48578.0;790
31195;201500034619;15;1;31;1825;5;2;1;3;6;191;329 AVENUE DE LIMOGES;M;4631681.0;-43683.0;790
31196;201500034620;15;3;4;1555;1;2;1;1;3;191;236 AVENUE DE LIMOGES;M;4631697.0;-44420.0;790
31197;201500034621;15;1;22;815;2;2;1;1;7;191;171 AVENUE DE PARIS;M;4632731.0;-44894.0;790
31198;201500034622;15;1;27;1830;3;2;1;1;4;191;BD PIERRE MENDES FRANCE;M;4631067.0;-42692.0;790
31199;201500034623;15;12;11;1300;1;1;1;1;2;81;ROUTE DE PARIS;M;4634062.0;-39556.0;790
31200;201500034624;15;12;10;715;5;2;3;1;3;191;136 RUE DE RIBRAY;M;4632202.0;-47663.0;790
31201;201500034625;15;1;13;1355;1;2;2;1;3;259;ROUTE DE BRESSUIRE;M;4696185.0;-21174.0;790
31202;201500034626;15;3;27;1200;1;2;3;1;3;329;6 RUE CHARLES PEGUY;M;4698822.0;-20877.0;790
31203;201500034627;15;4;25;1645;1;2;2;1;3;329;15 BOULEVARD DU 8 MAI;M;4699244.0;-21700.0;790
31204;201500034628;15;1;27;1915;5;2;1;1;3;329;AV MARTYRS DE LA RESISTA;M;4696918.0;-21721.0;790
31205;201500034629;15;4;25;2156;3;2;1;1;6;258;4 RUE BAILLERGEAU;M;4696692.0;-22172.0;790
31206;201500034630;15;1;28;1740;5;2;1;2;2;329;12 RUE GASTON CHERAU;M;4698678.0;-22949.0;790
31207;201500034631;15;5;3;1610;1;2;1;1;1;329;BOULEVARD PORT GENTIL;M;4697764.0;-19810.0;790
31208;201500034632;15;2;14;450;5;2;1;2;6;329;1 BD JACQUES MENARD;M;4697659.0;-19560.0;790
31209;201500034633;15;2;20;855;1;1;6;8;7;329;RUE DU GRAND ROSE;M;4699918.0;-19430.0;790
31210;201500034634;15;5;15;1000;1;2;1;1;6;329;31 PLACE DU BOEL;M;4697811.0;-21226.0;790
31211;201500034635;15;3;5;1610;1;2;1;1;6;300;145 AVENUE EMILE ZOLA;M;4699746.0;-20793.0;790
31212;201500034636;15;5;22;1338;1;2;1;1;2;329;15 RUE BERNARD PALISSY;M;4697462.0;-21301.0;790
31213;201500034637;15;6;5;1005;1;2;1;1;6;329;19 BD DE LA REPUBLIQUE;M;4698011.0;-21360.0;790
31214;201500034638;15;8;11;1935;1;2;1;1;1;329;7 RUE PIERRE LOTI;;;;790
31215;201500034639;15;9;6;1215;1;2;4;1;3;329;10 RUE RONSARD;M;4697733.0;-20612.0;790
31216;201500034640;15;10;12;855;1;2;4;1;6;329;06 BD ERNEST RENAN;M;4697865.0;-21605.0;790
31217;201500034641;15;10;29;1800;2;1;1;1;2;329;RUE CAMILLE GUERIN;M;4696957.0;-18141.0;790
31218;201500034642;15;11;4;1855;5;1;1;1;2;329;57 RUE MAISON SECHE;M;4697430.0;17932.0;790
31219;201500034643;15;12;8;2030;5;2;1;1;6;329;5 BD PIERRE CURIE;M;4697967.0;-21644.0;790
31220;201500034644;15;12;15;915;1;1;2;1;5;259;ROUTE DE BRESSUIRE;M;4696185.0;-21177.0;790
31221;201500034645;15;12;12;1850;3;1;1;5;1;258;ECAILLERES (RUE DES);M;4696756.0;-22452.0;790
31222;201500034646;15;12;25;1800;5;2;6;1;3;329;BOULEVARD PORT GENTIL;M;4697633.0;-19825.0;790
31223;201500034647;15;3;28;200;5;2;1;8;6;1;100 RUE DE ST-GILLES;M;5009915.0;184069.0;800
31224;201500034648;15;4;8;1605;1;2;5;1;3;1;140 R DU CHATEAU D'EAU;M;5010978.0;186123.0;800