;Num_Acc;an;mois;jour;hrmn;lum;agg;int;atm;col;com;adr;gps;lat;long;dep
31225;201500034649;15;5;1;520;5;2;6;1;6;1;244, Bd de la REPUBLIQUE;M;5011404.0;182695.0;800
31226;201500034650;15;6;5;1635;1;2;1;7;6;1;35, AV du CHAMP DE FOIRE;M;5010402.0;184004.0;800
31227;201500034651;15;9;7;1025;1;2;1;1;6;1;Park. Clinique St-Isabel;M;5009852.0;186139.0;800
31228;201500034652;15;10;8;1450;1;2;1;1;6;1;111,Bd de la REPUBLIQUE;M;5011179.0;183484.0;800
31229;201500034653;15;11;11;1755;5;2;1;1;6;1;AV du GENERAL LECLERC;M;5010750.0;184125.0;800
31230;201500034654;15;11;21;1120;1;1;1;1;6;1;3, TROIS FILLETTES (des);M;5010332.0;183253.0;800
31231;201500034655;15;2;4;1410;1;2;1;1;4;1;51, MENCHECOURT (de);M;5011595.0;182290.0;800
31232;201500034656;15;2;5;1420;1;2;2;1;3;1;RUE VENTOSE;M;5010267.0;186462.0;800
31233;201500034657;15;2;8;1730;1;2;6;1;6;1;JEAN JAURES;M;5010403.0;182783.0;800
31234;201500034659;15;12;26;1740;2;2;1;1;2;261;112, AMIENS (ROUTE D');M;4986598.0;227806.0;800
31235;201500034660;15;2;19;1355;1;2;1;1;7;21;8, GEORGES GUYNEMER (RU;M;4990888.0;230049.0;800
31236;201500034661;15;12;26;945;1;2;2;1;7;21;RUE DE COTTENCHY;M;4988110.0;231306.0;800
31237;201500034662;15;2;20;1405;1;2;1;2;2;21;165, GENERAL FOY (AVENUE;M;4988929.0;228146.0;800
31238;201500034664;15;2;23;1525;1;2;1;1;4;21;30, ALEXANDRE DUMAS (RUE;M;4987095.0;230405.0;800
31239;201500034665;15;3;5;830;1;2;1;1;1;21;117, GENERAL FOY (AVENUE;M;4989017.0;228221.0;800
31240;201500034666;15;3;7;2045;5;2;1;1;1;21;95, VALENTIN HAUY (RUE);M;4990348.0;231251.0;800
31241;201500034667;15;3;8;2030;4;1;1;1;7;21;00, ALLONVILLE (ROUTE D';M;4992063.0;232704.0;800
31242;201500034668;15;3;12;2210;5;2;1;1;7;21;00, FAIDHERBE (BOULEVARD;M;4989476.0;228752.0;800
31243;201500034669;15;3;13;1012;1;2;1;1;5;21;76, SAINT FUSCIEN (RUE);M;4988326.0;230426.0;800
31244;201500034670;15;3;14;2300;5;2;3;2;3;21;RUE  DE LA 2eme DB;M;4989247.0;229238.0;800
31245;201500034672;15;3;16;1800;1;2;1;1;1;21;00, GEORGES GUYNEMER (RU;M;4990926.0;230051.0;800
31246;201500034673;15;3;23;1800;1;2;1;1;4;21;475, ROUEN (RUE DE);M;4988591.0;227338.0;800
31247;201500034674;15;3;27;2050;5;2;3;1;1;21;00, ADEODAT LEFEVRE ( RU;M;4989331.0;230437.0;800
31248;201500034675;15;4;2;1100;1;2;2;1;6;21;00, HENRI BARBUSSE (RUE);M;4989380.0;229417.0;800
31249;201500034676;15;4;10;850;1;2;1;1;3;21;00, FAIDHERBE (BOULEVARD;M;4989433.0;228662.0;800
31250;201500034677;15;4;11;1355;1;2;1;1;7;261;00, AMIENS (ROUTE D');M;4986261.0;227961.0;800
31251;201500034678;15;4;11;1945;1;2;1;1;7;21;00, BONNARDS (RUE DES);M;4990358.0;230715.0;800
31252;201500034679;15;4;23;1705;1;1;1;1;4;261;RD210;M;4986146.0;226716.0;800
31253;201500034681;15;5;5;1600;1;2;1;1;7;21;00, ALPHONSE FIQUET (PLA;M;4989080.0;230666.0;800
31254;201500034682;15;5;5;2150;5;2;3;1;1;21;00, PARMENTIER (PLACE);M;4989533.0;230615.0;800
31255;201500034683;15;5;6;1940;1;2;1;1;7;21;6, RUE DE DOULLENS;M;4990387.0;230714.0;800
31256;201500034684;15;5;7;1150;1;1;1;1;2;164;RN 25, Rocade Nord;M;4988472.0;237196.0;800
31257;201500034687;15;5;21;1930;1;2;1;1;5;21;JEAN MARC LAURENT;M;4987085.0;231111.0;800
31258;201500034688;15;5;24;2020;1;2;1;1;7;21;3, MAURICE RAVEL (RUE);M;4991363.0;230439.0;800
31259;201500034689;15;5;26;1205;1;2;2;1;1;21;00, PRES FORETS (RUE DES;M;4989973.0;228352.0;800
31260;201500034690;15;5;28;1515;1;2;1;1;3;21;RUE ANDRE DUROUCHEZ;M;4992705.0;228544.0;800
31261;201500034691;15;5;30;1545;1;2;2;1;1;21;00, JEAN RACINE (RUE);M;4986446.0;233838.0;800
31262;201500034692;15;6;7;1500;1;2;2;1;1;21;29, R DE LA REPUBLIQUE;M;4989155.0;229680.0;800
31263;201500034693;15;6;8;1845;1;2;1;1;2;21;93, Bd de SAINT QUENTIN;M;4987930.0;229707.0;800
31264;201500034694;15;6;11;1615;1;1;1;1;2;21;00, SAVEUSE (RUE DE);M;4990328.0;224624.0;800
31265;201500034695;15;6;11;2305;4;1;1;1;7;21;ROCADE NORD RN 1;M;4992368.0;228477.0;800
31266;201500034696;15;6;17;740;1;2;3;1;3;21;00, ROBERT LE COQ (RUE);M;4990064.0;226944.0;800
31267;201500034697;15;6;18;815;1;2;3;2;3;21;RUE DHAVERNAS;M;4988473.0;230035.0;800
31268;201500034698;15;7;11;1225;1;2;1;1;4;21;1, RUE MONTESQUIEU;M;4990240.0;229624.0;800
31269;201500034699;15;7;8;1830;1;2;1;1;6;21;RUE LEO LAGRANGE;M;4991062.0;231149.0;800
31270;201500034700;15;6;25;750;1;2;6;1;3;21;00, PIERRE MENDES FRANCE;M;4989871.0;229026.0;800
31271;201500034701;15;6;26;1515;1;2;1;1;1;131;4, Rue  ILE MYSTERIEUSE;M;4986634.0;236470.0;800
31272;201500034702;15;6;27;1745;2;2;2;1;3;21;Av 14 JUILLET 1789;M;4987535.0;228169.0;800
31273;201500034703;15;6;29;1710;1;2;1;1;2;21;44, CARNOT (BOULEVARD);M;4989247.0;228687.0;800
31274;201500034704;15;6;30;830;1;2;1;1;2;632;109, ROUEN (ROUTE DE);M;4987993.0;225609.0;800
31275;201500034705;15;7;1;950;1;2;3;1;7;21;2, LUCIEN LECOINTE (RUE);M;4990452.0;230694.0;800
31276;201500034706;15;7;1;1350;1;2;2;1;3;21;CHAUSSEE SAINT PIERRE;M;4990258.0;230271.0;800
31277;201500034708;15;7;3;1600;1;2;1;1;6;21;11, RUE LEO LAGRANGE;M;4991058.0;231021.0;800
31278;201500034709;15;7;6;1130;1;2;1;1;6;21;4, RUE VOLTAIRE;M;4990757.0;232072.0;800
31279;201500034710;15;7;8;2145;2;2;1;2;7;21;AVENUE DE L'EUROPE;M;4991759.0;230409.0;800
31280;201500034711;15;7;9;1050;1;2;1;1;7;21;66, SAINT PIERRE (CHAUSS;M;4990281.0;230398.0;800
31281;201500034712;15;7;9;1935;1;2;1;1;7;21;AVENUE PAUL CLAUDEL;M;4987462.0;227031.0;800
31282;201500034713;15;7;10;1630;1;2;1;1;7;21;8,RUE MAURICE RAVEL;M;4991361.0;230409.0;800
31283;201500034714;15;7;11;1025;1;2;6;1;3;21;AV DU 14 JUILLET 1789;M;4987548.0;228208.0;800
31284;201500034715;15;7;13;2355;5;2;1;1;7;21;RUE DE LA VALLEE;M;4989220.0;230794.0;800
31285;201500034717;15;7;25;100;5;2;1;1;1;21;RUE DOCTEUR LOUIS FAFET;M;4991392.0;231383.0;800
31286;201500034718;15;7;25;210;5;2;6;1;3;21;AV DU 14 JUILLET 1789;M;4987539.0;228169.0;800
31287;201500034719;15;7;27;1910;1;2;1;1;7;21;55, JULES BARNI (RUE);M;4988905.0;231085.0;800
31288;201500034720;15;7;28;1545;1;2;1;1;3;21;39, VOLTAIRE (RUE);M;4990863.0;232008.0;800
31289;201500034721;15;7;30;2300;5;2;6;1;1;21;00, MARECHAL FOCH (PLACE;M;4989348.0;228489.0;800
31290;201500034722;15;7;31;1240;1;2;1;1;3;725;AVENUE DU GOLF;M;4986204.0;225607.0;800
31291;201500034723;15;8;1;1815;1;2;6;1;1;21;00, ROUBAIX (BOULEVARD D;M;4991053.0;231615.0;800
31292;201500034724;15;8;2;1850;1;2;1;1;7;21;00, SAINT HONORE (RUE);M;4988644.0;228698.0;800
31293;201500034725;15;9;8;1410;1;2;2;1;7;21;BD DES FEDERES;M;4989550.0;228301.0;800
31294;201500034726;15;8;26;1645;1;2;1;1;7;21;222, COTTENCHY (RUE DE);M;4988288.0;231211.0;800
31295;201500034727;15;8;3;1800;1;2;1;1;1;160;66,RUE HENRI BARBUSSE;M;4985734.0;234933.0;800
31296;201500034728;15;8;9;220;5;2;1;1;3;21;14, RUE FRANCS MURIERS;M;4989705.0;229914.0;800
31297;201500034730;15;8;16;1715;1;2;1;1;1;21;RUE CHARLES DE FOUCAULD;M;4988968.0;230789.0;800
31298;201500034731;15;8;18;1425;1;2;1;2;3;21;11 BOULEVARD BARABAN;M;4989907.0;230498.0;800
31299;201500034732;15;8;19;1545;1;2;1;1;1;21;RUE ALFRED CATEL;M;4990313.0;228011.0;800
31300;201500034733;15;8;20;2230;5;2;1;1;1;21;AVENUE DE l'HIPPODROME;M;4989620.0;227353.0;800
31301;201500034735;15;8;28;1635;1;2;1;1;4;379;RD 1029 (ROUTE DE ST-Q);M;4986805.0;237695.0;800
31302;201500034736;15;9;2;245;5;2;1;1;7;21;RUE DE ROUEN;M;4988691.0;228231.0;800
31303;201500034737;15;9;10;850;1;2;6;1;3;489;AV DE LA VILLE IDEALE;M;4986577.0;237341.0;800
31304;201500034738;15;9;10;1305;1;2;1;1;7;379;17, AVENUE PHILEAS FOGG;M;4986461.0;237879.0;800
31305;201500034739;15;9;11;1715;1;2;1;1;2;21;251, CHS JULES FERRY;M;4988384.0;232387.0;800
31306;201500034740;15;9;13;1830;1;2;1;8;7;21;RUE VANMARCKE;M;4989637.0;230221.0;800
31307;201500034741;15;9;15;955;1;2;1;1;5;21;00, VALENTIN HAUY (RUE);M;4990391.0;230894.0;800
31308;201500034742;15;9;16;1140;1;2;1;2;7;21;RUE CAMILLE DESMOULINS;M;4988269.0;229401.0;800
31309;201500034743;15;9;16;1225;1;2;1;3;2;21;CHS JULES FERRY;M;4988345.0;232486.0;800
31310;201500034744;15;9;17;1850;1;2;6;1;3;489;AV VILLE IDEAL/J.DUCLOS;M;4986804.0;236903.0;800
31311;201500034745;15;9;18;840;1;2;2;1;1;21;RUE TERRAL;M;4990859.0;229157.0;800
31312;201500034746;15;9;18;1910;1;2;1;1;3;21;16 BIS, PORT D'AMONT;M;4989517.0;230707.0;800
31313;201500034747;15;9;21;750;1;2;1;1;3;725;37, ROUTE DE ROUEN;M;4987265.0;224587.0;800
31314;201500034748;15;9;23;2045;5;2;1;1;1;21;RUE ROBERT LE COQ;M;4990059.0;226939.0;800
31315;201500034749;15;9;24;1335;1;2;1;1;3;21;AV DU 14 JUILLET 1789;M;4987537.0;228167.0;800
31316;201500034750;15;9;25;1930;2;2;1;1;7;21;RUE LEO LAGRANGE;M;4991058.0;231148.0;800
31317;201500034751;15;9;27;1410;1;2;3;1;3;21;BOULEVARD DE DURY;M;4988075.0;228745.0;800
31318;201500034753;15;9;29;850;1;1;1;1;5;261;D210;M;4986154.0;226759.0;800
31319;201500034754;15;10;1;745;2;2;1;1;7;21;42, BD DES FEDERES;M;4989558.0;228334.0;800
31320;201500034755;15;10;1;2025;5;2;2;1;3;21;BD DE DURY;M;4988155.0;228510.0;800
31321;201500034756;15;10;2;1525;1;2;1;7;1;21;00, MARECHAL FOCH (PLACE;M;4989351.0;228505.0;800
31322;201500034757;15;10;3;1750;1;2;6;1;3;21;00, LIBERATION (CARREFOU;M;4988650.0;227856.0;800
31323;201500034758;15;10;4;1740;1;2;6;1;3;21;RUE D' ABBEVILLE;M;4990780.0;226506.0;800
31324;201500034759;15;10;5;855;1;2;1;1;3;21;MAIL ALBERT 1er;M;4988872.0;229673.0;800
31325;201500034760;15;10;6;2200;5;2;2;1;3;21;Bd de BEAUVILLE;M;4990320.0;231578.0;800
31326;201500034761;15;10;8;720;1;1;1;1;5;21;ROCADE NORD RN 1;M;4992841.0;226424.0;800
31327;201500034762;15;10;8;1220;1;2;2;1;3;21;RUE JEAN MOULIN;M;4987459.0;226605.0;800
31328;201500034763;15;10;9;1420;1;2;1;1;7;21;00, ALSACE LORRAINE (BOU;M;4989215.0;230761.0;800
31329;201500034764;15;8;10;1130;1;2;1;1;6;21;PLACE LONGUEVILLE;M;4988843.0;229467.0;800
31330;201500034765;15;8;30;2030;2;1;1;1;1;724;RD 210;M;4985489.0;225205.0;800
31331;201500034767;15;10;13;1310;1;2;1;1;7;21;RUE DE LA VALLEE;M;4989205.0;230850.0;800
31332;201500034768;15;10;13;1530;1;2;6;1;3;21;RUE DESCARTES;M;4987428.0;231788.0;800
31333;201500034769;15;10;13;1720;1;2;1;1;7;21;R DU MARCHE AUX CHEVAUX;M;4989748.0;228782.0;800
31334;201500034770;15;10;20;1335;1;1;1;2;3;674;RD929;M;4991570.0;235028.0;800
31335;201500034771;15;10;22;1500;1;1;2;2;3;724;RD210 / CH DE SALEUX;M;4985227.0;225041.0;800
31336;201500034772;15;10;23;745;2;2;1;1;7;21;RUE MARCHE LANSELLES;M;4989669.0;229783.0;800
31337;201500034773;15;10;23;2105;5;1;6;1;7;164;ROUTE CORBIE;M;4990116.0;234104.0;800
31338;201500034775;15;10;27;1940;5;2;2;1;7;21;AVENUE DE LONDRES;M;4988651.0;232673.0;800
31339;201500034776;15;10;29;1833;3;1;1;1;4;379;RD 1029 ROUTE DE ST;M;4986816.0;238257.0;800
31340;201500034777;15;10;30;1910;3;1;2;1;3;724;RD210 / CH DE DURY;M;4985205.0;225019.0;800
31341;201500034778;15;10;31;905;1;2;6;1;1;21;RUE D' ABBEVILLE;M;4990577.0;227135.0;800
31342;201500034779;15;11;2;920;1;2;3;5;7;21;RUE DES SERGENTS;M;4989496.0;229907.0;800
31343;201500034780;15;11;4;820;1;2;1;2;7;21;BOULEVARD DE ROUBAIX;M;4990788.0;231773.0;800
31344;201500034781;15;11;4;1810;5;2;1;2;3;21;599, RUE DE ROUEN;M;4988550.0;226939.0;800
31345;201500034782;15;11;5;1525;1;2;3;1;3;21;AV COMMUNE DE PARIS;M;4991438.0;225491.0;800
31346;201500034784;15;11;8;300;5;2;3;1;7;21;00, ABBE DE L'EPEE (RUE;M;4989968.0;231572.0;800
31347;201500034785;15;11;8;1930;5;2;2;1;3;21;RUE ANDRE CHENIER;M;4987762.0;228636.0;800
31348;201500034786;15;11;10;1615;1;2;2;1;3;21;RUE MARCHE LANSELLES;M;4989604.0;229773.0;800
31349;201500034787;15;11;10;800;2;2;1;1;2;21;41, RUE CROIX DE PIERRE;M;4994296.0;227297.0;800
31350;201500034788;15;11;11;930;1;2;2;1;1;21;AV DU 14 JUILLET 1789;M;4987542.0;228170.0;800
31351;201500034789;15;9;30;1754;1;2;1;1;7;632;RUE DU CHATEAU;M;4987874.0;224278.0;800
31352;201500034790;15;11;12;2245;3;1;1;1;7;21;RTE DE SAVEUSE;M;4990191.0;223912.0;800
31353;201500034791;15;11;13;440;5;2;2;1;1;21;AVENUE ROGER DUMOULIN;M;4993523.0;228413.0;800
31354;201500034792;15;11;16;1340;1;2;6;1;3;21;RUE ROBERT SCHUMAN;M;4990774.0;230377.0;800
31355;201500034794;15;11;20;1635;1;2;9;2;6;489;AVENUE VILLE IDEALE;M;4986768.0;236938.0;800
31356;201500034795;15;11;20;1010;1;2;1;2;7;21;BD DE ROUBAIX;M;4991177.0;231555.0;800
31357;201500034796;15;11;22;1555;1;2;1;1;7;489;RUE CLAUDE CHAPPE;M;4987021.0;236964.0;800
31358;201500034798;15;11;27;1130;1;2;1;1;7;21;BD DE ROUBAIX;M;4991184.0;231552.0;800
31359;201500034799;15;11;27;2310;3;1;6;2;7;131;RD116;M;4985582.0;235473.0;800
31360;201500034800;15;12;1;1745;5;2;1;1;2;21;9, RUE DE PARIS;M;4988861.0;228974.0;800
31361;201500034801;15;12;4;1900;5;2;2;1;3;21;RUE GENERAL LECLERC;M;4989666.0;229449.0;800
31362;201500034802;15;12;9;825;2;2;1;1;3;21;9, Bd MAIGNAN LARIVIERE;M;4988958.0;229341.0;800
31363;201500034803;15;12;11;1440;1;2;1;2;3;21;00, BEAUVILLE CENTRE (BO;M;4989436.0;230900.0;800
31364;201500034804;15;12;15;845;1;1;6;2;6;131;BD MICHEL STROGOFF;M;4986294.0;237701.0;800
31365;201500034805;15;12;15;1720;5;2;1;2;3;21;AV DE L'EUROPE;M;4991153.0;230264.0;800
31366;201500034806;15;12;15;1830;3;1;1;2;4;131;RD 934;M;4984810.0;241357.0;800
31367;201500034807;15;12;17;1645;2;1;1;1;2;164;RUE RENE GAMBIER;M;4988396.0;235151.0;800
31368;201500034808;15;12;19;1440;1;2;3;1;3;21;RUE DE L'ABBE DUMONT;M;4990794.0;231169.0;800
31369;201500034809;15;12;19;1205;1;2;1;1;7;21;RUE DE LA HOTOIE;M;4989655.0;229197.0;800
31370;201500034810;15;12;18;1700;5;2;3;1;3;21;D8, RUE JEAN MOULIN;M;4987877.0;227316.0;800
31371;201500034811;15;12;18;1740;2;2;2;1;3;21;RUE EDMOND ROSTAND;M;4987219.0;232207.0;800
31372;201500034812;15;12;21;1155;1;2;1;1;2;21;48, RUE DE VAUX;M;4993231.0;226616.0;800
31373;201500034813;15;12;21;1700;5;2;1;2;7;21;273, RUE DE ROUEN;M;4988674.0;228071.0;800
31374;201500034814;15;1;3;1420;1;1;1;2;3;131;RD935;M;4984013.0;240323.0;800
31375;201500034815;15;1;4;1950;5;2;2;1;3;21;VERDUN (RUE DE );M;4989454.0;230934.0;800
31376;201500034816;15;1;6;1640;2;2;1;1;7;21;BEL AIR (RUE DU);M;4987358.0;233636.0;800
31377;201500034818;15;1;7;1550;1;2;1;1;7;21;FENELON (RUE);M;4991394.0;232249.0;800
31378;201500034819;15;1;7;1740;5;2;1;8;1;21;218, LUCIEN LECOINTE (RU;M;4990862.0;231276.0;800
31379;201500034820;15;1;12;1620;1;2;2;1;3;21;190,LAURENDEAU (RUE);M;4988444.0;230129.0;800
31380;201500034821;15;1;13;2210;5;2;1;1;7;21;PARMENTIER (PLACE);M;4989565.0;230481.0;800
31381;201500034822;15;1;14;645;3;1;1;2;3;21;RAINNEVILLE  (ROUTE;M;4993122.0;232286.0;800
31382;201500034823;15;1;15;1745;5;2;2;1;3;21;SOMME (QUAI DE LA);M;4990347.0;228698.0;800
31383;201500034824;15;1;16;1213;1;2;1;1;7;21;20, PASTEUR (BOULEVARD);M;4988910.0;229249.0;800
31384;201500034825;15;1;17;1640;1;1;1;1;3;261;00, GRIMAUX (RUE);M;4984828.0;227579.0;800
31385;201500034826;15;1;17;1350;1;2;2;1;3;21;00, FEDERES (BOULEVARD D;M;4989414.0;228388.0;800
31386;201500034827;15;1;18;2000;5;2;6;3;7;21;00, ALEXANDRE DUMAS (RUE;M;4987177.0;229562.0;800
31387;201500034829;15;1;19;1630;1;2;1;1;3;21;525, ABBEVILLE (RUE D');M;4991158.0;224974.0;800
31388;201500034830;15;1;20;600;5;2;2;2;3;21;00, GRESSET (RUE);M;4989407.0;229307.0;800
31389;201500034831;15;1;22;1315;1;2;3;1;3;489;00, LOUIS PROT (RUE);M;4987052.0;235701.0;800
31390;201500034832;15;1;25;930;1;1;3;1;3;131;00, RD 934;M;4984594.0;241940.0;800
31391;201500034833;15;1;23;1835;5;2;1;1;7;164;00, EMILE DEBRIE;M;4988793.0;234297.0;800
31392;201500034834;15;1;27;1210;1;2;1;1;7;21;42, FEDERES (BOULEVARD D;M;4989558.0;228335.0;800
31393;201500034837;15;1;29;1725;5;2;1;2;2;724;00, CONTY (ROUTE DE);M;4986699.0;224888.0;800
31394;201500034839;15;2;2;835;1;2;1;1;6;21;112, LESCOUVE (RUE);M;4988995.0;227237.0;800
31395;201500034840;15;2;4;1550;1;2;3;2;3;21;21, BOVES (RUE DE);M;4988279.0;231572.0;800
31396;201500034841;15;2;5;1235;1;2;1;1;2;261;00, AUCHAN (ZONE COMMERC;M;4986173.0;227891.0;800
31397;201500034842;15;2;5;1710;1;2;1;1;3;21;00, DEJEAN (RUE);M;4989138.0;231430.0;800
31398;201500034844;15;2;6;1715;1;2;1;1;7;21;4,RUE DE LA RESISTANCE;M;4989823.0;229587.0;800
31399;201500034845;15;2;7;1630;1;2;1;1;7;21;00, LE GRECO (RUE);M;4992311.0;230241.0;800
31400;201500034846;15;2;10;915;1;2;1;1;3;21;45, JEAN CATELAS (RUE);M;4989596.0;228977.0;800
31401;201500034847;15;2;11;1530;1;2;1;1;6;21;1,  Av JULES VALLES;M;4991560.0;224684.0;800
31402;201500034848;15;2;11;1555;1;2;1;1;7;21;00, MONTESQUIEU (RUE);M;4990576.0;229284.0;800
31403;201500034849;15;2;12;1935;2;2;1;1;3;674;ROBERT PETIT (RUE);M;4989922.0;232080.0;800
31404;201500034850;15;2;15;2150;5;2;1;1;7;21;00, LEGRAND D' AUSSY (RU;M;4989241.0;231251.0;800
31405;201500034851;15;2;13;1640;1;2;1;1;7;21;32, RUE DU 31 AOUT 1944;M;4988074.0;232479.0;800
31406;201500034852;15;2;15;155;5;2;2;1;3;21;00, BONNARDS (RUE DES);M;4990203.0;230678.0;800
31407;201500034854;15;2;13;1740;5;2;1;2;7;21;00, CARNOT (BOULEVARD);M;4989187.0;228799.0;800
31408;201500034855;15;12;21;1850;5;2;1;1;6;4;VERDIER (FRANCOIS);;;;810
31409;201500034856;15;5;28;1300;1;2;1;1;1;4;RIVIERE (DE LA);M;4393054.0;214565.0;810
31410;201500034857;15;6;15;1630;1;2;1;1;5;4;STRASBOURG (BD DE);M;4393342.0;214642.0;810
31411;201500034858;15;6;23;1030;1;2;1;1;6;4;FOCH (AV ET PASS MARECHA;M;;;810
31412;201500034859;15;7;13;1115;1;2;1;1;1;18;BONAFE ( AVENUE M );M;4395432.0;220771.0;810
31413;201500034860;15;7;31;2040;2;2;1;1;6;4;52, JAURES (PL JEAN);M;;;810
31414;201500034861;15;8;5;1340;1;1;1;1;6;144;VALENCE ( ROUTE DE ) D 9;M;4396658.0;219691.0;810
31415;201500034863;15;11;11;1815;5;2;1;1;3;4;THOMAS (AV ALBERT);M;;;810
31416;201500034864;15;12;8;1750;5;1;1;2;6;144;94, HERMET ( AVENUE DE L;M;4395940.0;217594.0;810
31417;201500034865;15;2;27;2035;5;2;1;1;3;4;TEYSSIER (AV DU COLONEL);;;;810
31418;201500034866;15;3;20;1600;1;2;3;1;3;4;TEILLET (RTE DE);;;;810
31419;201500034867;15;5;28;1540;1;2;1;1;1;4;MILLAU (RTE DE) DU N° 32;;;;810
31420;201500034868;15;11;13;1200;1;2;2;1;3;60;0, JAURES ( PLACE JEAN );;;;810
31421;201500034869;15;3;26;750;1;2;1;1;1;33;RD 90;;;;810
31422;201500034870;15;12;18;1130;1;2;7;1;6;60;1, SAINTE MARIE ( PLACE;M;4405323.0;215453.0;810
31423;201500034871;15;2;8;630;2;1;1;1;7;65;81, ALQUIER  (AV. GEORGE;;;;810
31424;201500034873;15;4;9;2200;5;2;3;1;3;65;133, ALBERT 1° (AV);;;;810
31425;201500034874;15;4;13;1855;1;1;1;1;5;65;622 (ROUTE DEPARTEMENTAL;M;;;810
31426;201500034875;15;4;19;1050;1;1;4;3;7;65;., 622 (ROUTE DEPARTEMEN;;;;810
31427;201500034876;15;5;27;1715;1;2;1;1;2;65;41, SIDOBRE RD 622 (AV.;M;;;810
31428;201500034877;15;6;2;1845;1;2;3;1;3;65;DEPARTEMENTALE 89 (RD);M;;;810
31429;201500034878;15;6;10;1625;1;1;1;1;6;65;1012 (ROUTE DEPARTEMENTA;;;;810
31430;201500034879;15;6;27;2015;1;1;2;1;3;65;VOIE URBAINE SUD;M;;;810
31431;201500034880;15;7;9;750;1;2;1;1;7;65;25, ARIBAT  (BD. DOCTEUR;M;4360446.0;224483.0;810
31432;201500034881;15;9;10;2050;5;2;3;1;3;65;FABRE (PLACE PIERRE);M;4360896.0;223759.0;810
31433;201500034882;15;11;26;1730;2;2;1;1;7;65;., FOY (RUE SAINTE);M;4360587.0;224529.0;810
31434;201500034883;15;3;16;1330;1;2;1;1;6;163;JUIN (MARECHAL);M;4330041.0;227577.0;810
31435;201500034884;15;6;14;2155;2;2;1;1;3;163;XXX, JUIN (MARECHAL);M;4350710.0;237814.0;810
31436;201500034885;15;7;24;1555;1;2;1;1;6;21;5 BIS, TOULOUSE;M;4349870.0;236856.0;810
31437;201500034886;15;9;4;2330;5;2;1;1;3;163;2, FOCH;M;4349830.0;237606.0;810
31438;201500034887;15;9;11;1830;1;1;1;1;1;163;RD 118;M;4300000.0;221151.0;810
31439;201500034889;15;10;7;1750;1;2;1;1;3;163;24, VANNE;M;4348550.0;237325.0;810
31440;201500034890;15;11;13;1730;5;2;1;1;3;163;XXX, CHEVALIERE (AVENUE);;;;810
31441;201500034891;15;2;13;2100;5;2;1;1;3;163;1, REILLE (COURS RENE);;;;810
31442;201500034892;15;3;6;1405;1;2;1;1;3;163;03, REDONDAL;;;;810
31443;201500034893;15;2;5;1850;2;1;1;1;3;33;0, CAUSSADE BAS;;;;820
31444;201500034894;15;3;31;1235;1;2;3;1;3;33;0, DE LATTRE DE TASSIGNY;M;4404220.0;111146.0;820
31445;201500034895;15;12;9;930;1;1;1;1;2;33;3663, MONTAUBAN D 958 (R;M;4403430.0;118178.0;820
31446;201500034896;15;4;9;1125;1;2;9;1;2;33;0, LECLERC (du Maréchal);M;4405246.0;110106.0;820
31447;201500034897;15;5;18;2315;5;2;1;1;6;33;0, TOULOUSE (de);M;4403317.0;112178.0;820
31448;201500034898;15;6;2;2053;1;1;1;1;2;33;2812, Route Belleperche;;;;820
31449;201500034899;15;7;20;2200;3;1;1;1;3;33;TOULOUSE (de);M;4402612.0;114372.0;820
31450;201500034900;15;9;11;645;5;2;3;1;3;33;4, JUIN (du Maréchal);;;;820
31451;201500034901;15;10;4;615;3;1;1;1;6;33;CD 958 - 3348 route de M;M;4403400.0;117657.0;820
31452;201500034903;15;8;31;2000;3;1;1;6;7;33;0, LAFRANCAISE (de);;;;820
31453;201500034904;15;11;17;1830;1;2;1;1;2;121;14, VILLENOUVELLE (GRAND;M;4402161.0;135546.0;820
31454;201500034905;15;4;1;1035;1;1;1;1;6;121;34, 10EME DRAGONS (AVENU;M;4402304.0;134590.0;820
31455;201500034906;15;12;16;1645;1;2;1;1;6;121;360, BEAUSOLEIL (AVENUE;M;4400781.0;136512.0;820
31456;201500034907;15;3;16;1720;1;2;1;1;6;121;50, 11EME REGIMENT D'INF;M;4402470.0;135614.0;820
31457;201500034908;15;12;27;1345;1;1;2;1;3;121;NC, MIRABEL D 69 (ROUTE;M;4407075.0;136685.0;820
31458;201500034909;15;3;20;1415;1;2;3;1;5;121;NC, DELPOUYS(rue maurice;M;4402991.0;137436.0;820
31459;201500034910;15;3;27;1745;1;1;1;1;3;121;NC, MARGUE (CHEMIN DE LA;M;4404440.0;131092.0;820
31460;201500034911;15;3;30;1710;1;1;1;1;5;121;3100, CORBARIEU D 21 (RO;M;4396710.0;135811.0;820
31461;201500034912;15;4;1;1230;1;2;2;1;3;121;NC, FALGUIERE (AVENUE DE;M;4402589.0;135392.0;820
31462;201500034913;15;4;20;727;1;1;1;1;7;121;1231, FAU (ROUTE DU);M;4399256.0;137579.0;820
31463;201500034914;15;5;2;1119;1;2;1;1;6;121;205, NEGREPELISSE (AVENU;M;4403092.0;137375.0;820
31464;201500034916;15;5;11;1815;1;2;2;1;3;121;NC, LEOJAC (AVENUE DE);M;4401788.0;138599.0;820