;Num_Acc;an;mois;jour;hrmn;lum;agg;int;atm;col;com;adr;gps;lat;long;dep
31465;201500034917;15;5;16;1900;1;2;1;1;3;121;219, MOURETS (AVENUE DES;M;4401845.0;137153.0;820
31466;201500034918;15;5;26;1735;1;2;3;1;4;121;GASSERAS (AVENUE DE);M;4401729.0;133785.0;820
31467;201500034919;15;5;29;2100;1;2;3;1;3;121;ALSACE LORRAINE ( BOULEV;M;4401803.0;136556.0;820
31468;201500034920;15;6;16;1400;1;2;1;1;1;121;NC, SABATIE (RUE LOUIS);M;4401469.0;133981.0;820
31469;201500034921;15;6;11;1820;1;2;1;1;2;121;17, BRIAND (RUE ARISTIDE;M;4401692.0;134058.0;820
31470;201500034922;15;6;17;2255;3;1;1;1;6;121;2100, MOLIERES (ROUTE DE;M;4405744.0;136023.0;820
31471;201500034924;15;6;19;1050;1;2;2;1;3;121;nc, VOLTAIRE (RUE);M;4403457.0;137259.0;820
31472;201500034925;15;6;7;545;3;1;1;1;7;121;AUTOROUTE A 20;M;4398452.0;133564.0;820
31473;201500034926;15;6;28;1306;1;2;3;1;6;121;109, BRIAND (RUE ARISTID;M;4401660.0;134470.0;820
31474;201500034927;15;7;19;725;1;2;1;1;7;121;NC, VIGNARNAUD (ROUTE DE;M;4400215.0;135889.0;820
31475;201500034928;15;7;26;145;5;1;2;1;3;121;NC, AUCH (ROUTE D');M;4398918.0;130893.0;820
31476;201500034929;15;7;29;2145;5;2;2;2;3;121;NC, VOLTAIRE (RUE);M;4403736.0;136472.0;820
31477;201500034930;15;9;13;750;2;1;1;1;6;121;SAINT-MARTIAL D 8 (ROUTE;M;4398579.0;143069.0;820
31478;201500034931;15;7;24;1023;1;1;1;1;1;121;1970, DE SAINT PIERRE (C;M;;;820
31479;201500034932;15;8;14;955;1;1;1;3;1;121;OULES (CHEMIN DES);;;;820
31480;201500034933;15;8;20;1221;1;1;6;7;3;121;NC, rond point des osage;M;4399561.0;135061.0;820
31481;201500034934;15;8;21;1940;1;2;1;7;6;121;70, ALSACE LORRAINE ( BO;M;4401890.0;136044.0;820
31482;201500034935;15;8;30;1800;1;2;3;1;3;121;NC, BLANCOUS (CHEMIN DES;M;4402490.0;138232.0;820
31483;201500034936;15;8;22;840;1;1;1;1;6;121;NC, ALBEFEUILLE D 72 ( R;M;4403935.0;129793.0;820
31484;201500034937;15;8;20;1930;1;2;1;1;6;121;853, RAMIEROU (RUE DU);M;4401654.0;138319.0;820
31485;201500034938;15;9;3;1515;1;1;9;1;3;121;AUTOROUTE A 20;M;4397962.0;133444.0;820
31486;201500034939;15;11;3;2153;3;1;1;1;6;121;SAINT-NAUPHARY D 999 (RO;M;4397564.0;140794.0;820
31487;201500034940;15;9;4;2200;3;1;1;1;6;121;AUCH (ROUTE D');M;4398834.0;130715.0;820
31488;201500034941;15;9;8;1812;1;2;3;1;3;121;NC, CAMP D'AVIATION (CHE;M;4402490.0;138228.0;820
31489;201500034942;15;11;22;1400;1;1;1;1;1;121;1470, SAINT-NAUPHARY D 9;;;;820
31490;201500034944;15;9;24;720;5;2;3;1;1;121;38, VILLENOUVELLE (GRAND;M;4402070.0;135528.0;820
31491;201500034945;15;9;25;958;1;2;6;1;2;121;NC, AIGLE caroline (gira;M;4403898.0;138224.0;820
31492;201500034946;15;9;25;710;5;2;3;1;3;121;NC, VITARELLE (ROUTE DE;M;4404085.0;137512.0;820
31493;201500034947;15;9;30;1725;1;1;1;1;1;121;2650, SAINT-ETIENNE DE T;M;4403377.0;141928.0;820
31494;201500034948;15;1;5;1740;2;1;1;1;3;121;4553, NAUPHARY ( ROUTE D;;;;820
31495;201500034949;15;9;29;1220;1;2;2;1;3;121;ALIBERT ( RUE DU DOCTEUR;M;4402255.0;134827.0;820
31496;201500034951;15;10;5;1700;1;2;1;1;3;121;NC, PARIS (route de);M;4403479.0;137704.0;820
31497;201500034952;15;10;10;135;3;1;1;1;6;121;1300, ROUTE DE BORDEAUX;M;4402858.0;132096.0;820
31498;201500034953;15;10;11;710;3;1;1;1;6;121;1987, AUCH (ROUTE D');M;4399765.0;131858.0;820
31499;201500034954;15;10;23;1940;5;2;3;1;3;121;NC, RAMONETS (CHEMIN DES;M;4403698.0;135702.0;820
31500;201500034955;15;10;31;1815;3;1;3;1;3;121;NC, ROUTE DE BORDEAUX;M;4405349.0;129386.0;820
31501;201500034956;15;11;6;745;2;2;2;1;3;121;NC, LEOJAC (AVENUE DE);M;4401783.0;138603.0;820
31502;201500034958;15;1;22;1650;1;2;1;1;3;121;251, MOULIN N 20 (AVENUE;;;;820
31503;201500034959;15;1;23;1626;1;1;1;1;1;121;nc, EUROPE (AVENUE DE L';;;;820
31504;201500034961;15;1;31;2050;5;2;1;1;6;121;6, MOUSTIER (FAUBOURG DE;;;;820
31505;201500034962;15;2;3;1900;5;2;2;1;3;121;NC, VOLTAIRE (RUE);;;;820
31506;201500034963;15;2;23;735;5;2;1;1;6;121;HERRIOT (BOULEVARD EDOUA;;;;820
31507;201500034964;15;3;8;1910;5;1;1;1;6;121;NC, SAINT-MARTIAL D 8 (R;M;4399700.0;141528.0;820
31508;201500034965;15;3;12;755;1;2;4;1;3;121;NC, RAMIEROU (RUE DU);M;4401737.0;138574.0;820
31509;201500034966;15;2;7;2000;3;1;1;1;7;121;nc, ROUTE DE CASTELSARRA;;;;820
31510;201500034967;15;1;2;835;2;1;1;7;6;141;1, RD 1555 (DRAGUIGNAN/;;;;830
31511;201500034968;15;3;23;1740;1;2;6;1;6;50;MICHEL(PLACE LOUISE);M;4353229.0;646320.0;830
31512;201500034969;15;1;4;1050;1;2;6;1;3;50;VERDUN( AVENUE DE);M;4353156.0;647393.0;830
31513;201500034970;15;4;6;1705;1;1;3;1;3;50;1475, SAINT ESPRIT(CHEMI;M;4351226.0;643232.0;830
31514;201500034971;15;1;4;1210;1;1;1;1;2;50;90, VAUGINE(AVE DE LA);M;4353290.0;648683.0;830
31515;201500034972;15;1;14;1210;1;2;1;1;6;50;20, QUATRE SEPTEMBRE( AV;M;4353609.0;645936.0;830
31516;201500034973;15;4;18;900;1;2;1;1;3;50;10, CARNOT(AVENUE LAZARE;;;;830
31517;201500034974;15;1;15;1510;1;2;1;1;6;50;PAGNOL(BOULEVARD  MARCEL;M;4353295.0;648240.0;830
31518;201500034975;15;6;10;930;1;2;1;1;5;50;301, POMPIDOU(VOIE  GEOR;M;4352940.0;644928.0;830
31519;201500034976;15;1;16;2257;5;1;1;2;6;141;RD 1555 (DRAGUIGNAN/ LE;;;;830
31520;201500034977;15;6;22;1605;1;2;1;1;3;50;DE GAULLE(AVENUE CHARLES;;;;830
31521;201500034978;15;2;7;1915;3;1;1;1;3;141;ARCS(ROUTE DES);;;;830
31522;201500034979;15;6;22;945;1;2;1;1;6;141;RD 1555 (DRAGUIGNAN/ LE;;;;830
31523;201500034982;15;2;19;1435;1;2;1;1;6;50;CARNOT(AVENUE LAZARE);M;0.0;0.0;830
31524;201500034983;15;7;21;2300;3;1;9;1;1;50;400, COL DE L'ANGE(RACCO;M;4352826.0;644152.0;830
31525;201500034984;15;3;11;1025;1;2;1;1;6;50;CLEMENCEAU(BOULEVARD GEO;M;4353732.0;646267.0;830
31526;201500034985;15;7;26;100;3;2;1;1;5;50;1149, MANHES(AVENUE FRED;M;4355430.0;643339.0;830
31527;201500034986;15;8;26;855;1;2;3;1;3;50;KENNEDY(BOULEVARD JOHN);;;;830
31528;201500034988;15;9;7;1525;1;2;3;1;3;50;TUTTLINGEN(AVENUE DE);M;4352828.0;644148.0;830
31529;201500034989;15;9;14;935;1;2;5;1;1;50;GRANDE ARMEE(AVENUE DE L;;;;830
31530;201500034990;15;9;19;1440;1;2;1;1;7;50;BEAUSSARET(CHEMIN DU);M;4352792.0;644343.0;830
31531;201500034991;15;9;21;750;1;1;1;1;3;50;69, ALLENDE (avenue Salv;;;;830
31532;201500034994;15;9;29;1135;1;2;3;1;1;50;97, REMPARTS(BOULEVARD;M;4354054.0;646883.0;830
31533;201500034995;15;10;2;735;2;2;1;3;6;50;VERDUN( AVENUE DE);;;;830
31534;201500034996;15;10;19;1415;1;2;1;1;3;50;109, CAZELLES(AVENUE JUL;M;4353088.0;647287.0;830
31535;201500034997;15;11;5;1940;5;2;3;1;3;50;POMPIDOU(VOIE  GEORGES);M;4352646.0;644858.0;830
31536;201500034998;15;11;3;737;1;1;1;1;2;50;434, ALLENDE (avenue Sal;;;;830
31537;201500034999;15;12;2;1735;5;2;1;1;6;50;VERDUN( AVENUE DE);M;4353386.0;647788.0;830
31538;201500035001;15;12;17;710;2;2;9;1;3;50;1, PREMIERE ARMEE(AVENUE;M;4353153.0;647392.0;830
31539;201500035002;15;12;14;1220;1;2;1;1;6;50;DE TRANS (BD BERNARD);M;4353595.0;646736.0;830
31540;201500035003;15;12;16;735;2;2;6;1;3;50;CAZELLES(AVENUE JULIEN);M;4353148.0;647381.0;830
31541;201500035004;15;2;24;1605;1;1;1;1;6;118;BD DU CERCERON;M;4343696.0;678493.0;830
31542;201500035006;15;4;8;150;3;1;1;1;6;61;0, RN7;M;4343958.0;670780.0;830
31543;201500035007;15;3;23;1405;1;2;1;1;3;61;0, BOULEVARD S?VERIN DEC;M;4342866.0;673631.0;830
31544;201500035008;15;4;13;1740;1;1;1;1;2;61;RN98 ST AYGULF;;;;830
31545;201500035009;15;5;1;2220;5;2;1;1;6;118;ROUTE DE LA CORNICHE;;;;830
31546;201500035010;15;5;3;1815;1;2;1;1;3;118;667, BD GEN DE GAULLE;;;;830
31547;201500035011;15;5;6;1135;1;1;1;1;3;61;0, RUE DE LA VERNÈDE;M;4345360.0;671286.0;830
31548;201500035013;15;5;14;1620;1;1;1;1;1;118;ROUTE DE SAINT-BARTHÉLEM;;;;830
31549;201500035014;15;5;8;1933;1;2;2;1;3;61;0, AV DE LA CORNICHE;;;;830
31550;201500035015;15;5;1;1350;1;1;1;1;1;61;RN7;;;;830
31551;201500035016;15;5;10;1035;1;2;1;1;5;61;AVENUE DU HUIT MAI 1945;;;;830
31552;201500035017;15;5;26;1233;1;2;1;8;6;118;57, AVENUE DE VALESCURE;M;4342845.0;677237.0;830
31553;201500035018;15;5;21;1115;1;2;6;1;3;61;0, AVENUE DE PROVENCE;;;;830
31554;201500035019;15;4;30;1100;1;2;1;1;3;61;0, AVENUE DE LATTRE DE T;M;4343143.0;675287.0;830
31555;201500035021;15;6;18;900;1;2;1;1;6;118;9, BD G. CLEMENCEAU;M;4342429.0;677164.0;830
31556;201500035022;15;6;13;545;2;2;1;1;6;61;0, AVENUE DE PROVENCE;;;;830
31557;201500035023;15;7;10;2010;1;1;1;1;3;61;CD8;M;4342543.0;671448.0;830
31558;201500035024;15;7;15;1620;1;1;1;1;6;61;RDN7;M;4351067.0;683096.0;830
31559;201500035025;15;7;25;1415;1;2;1;1;6;61;., AVENUE VICTOR HUGO;M;4342626.0;675861.0;830
31560;201500035026;15;7;26;2000;1;2;2;1;3;118;., BOULEVARD MARÉCHAL JU;M;4341434.0;679042.0;830
31561;201500035027;15;6;21;1037;1;1;1;1;1;61;2700, RD4;;;;830
31562;201500035028;15;7;21;1615;1;2;1;1;3;61;RD559  ST AYGULF;M;4340326.0;672977.0;830
31563;201500035030;15;8;14;1530;1;2;1;1;2;61;RDN7;M;4343984.0;670735.0;830
31564;201500035031;15;8;21;1155;1;2;1;1;6;61;., RUE GEORGES BESSE;M;4343920.0;671837.0;830
31565;201500035032;15;9;16;1122;1;2;1;1;6;61;., AVENUE DE L'ARGENS;M;4342738.0;673553.0;830
31566;201500035033;15;9;8;1750;1;2;1;1;3;61;D37;M;4344692.0;675798.0;830
31567;201500035034;15;9;10;1745;1;2;1;1;6;61;37 AVENUE A. SAHKAROV;M;4343885.0;674201.0;830
31568;201500035035;15;9;29;1740;1;2;4;1;3;61;1163, AVENUE DU GÉNÉRAL;;;;830
31569;201500035039;15;11;12;1700;1;2;1;1;3;61;243, RUE DU CAPITAINE BL;M;4343150.0;673342.0;830
31570;201500035040;15;12;1;1350;1;2;1;1;6;61;RUE WILLIAM SHAKESPEARE;M;4342611.0;674846.0;830
31571;201500035041;15;12;9;1505;1;2;3;1;3;118;RUE JULES BARBIER;M;4342219.0;676860.0;830
31572;201500035042;15;12;10;1135;1;1;1;1;6;118;BOULEVARD DE L'ASP;M;4342969.0;679469.0;830
31573;201500035043;15;11;12;1020;1;2;1;1;6;118;BOULEVARD DE LA LIBRATI;M;4342389.0;675736.0;830
31574;201500035044;15;12;1;1210;1;2;6;1;6;61;RUE DE L'AVELAN;M;4343080.0;674926.0;830
31575;201500035045;15;2;8;825;1;2;1;1;6;61;382, AVE ANDRE LEOTARD;;;;830
31576;201500035046;15;2;1;1835;5;1;1;1;7;118;1371, AVE  DU GD DEFENDS;M;4342568.0;680783.0;830
31577;201500035047;15;2;26;1025;1;2;4;1;2;118;AVENUE DE VALESCURE;;;;830
31578;201500035048;15;3;4;1530;1;2;1;1;5;118;0, BD DU CERCERON;;;;830
31579;201500035049;15;1;6;655;5;1;9;1;3;61;RN98 ST AYGULF;;;;830
31580;201500035050;15;3;8;1410;1;1;1;1;3;61;RN98;M;4335286.0;671259.0;830
31581;201500035051;15;12;31;1035;1;2;1;1;6;69;3, DE LATTRE DE TASSIGNY;M;4312354.0;614586.0;830
31582;201500035054;15;4;6;1845;1;2;9;1;6;69;1, FERRARI (RUE SOLDAT);M;4312052.0;613269.0;830
31583;201500035056;15;4;15;1800;1;2;1;1;3;69;1, DECUGIS (AVENUE ALFRE;M;4311094.0;616761.0;830
31584;201500035057;15;4;23;2315;5;1;3;1;2;69;1, MARINE (BOULEVARD DE;M;4310000.0;617036.0;830
31585;201500035058;15;4;25;2135;3;1;1;1;7;69;786, MACRI (CHEMIN SOLDA;M;4311452.0;617822.0;830
31586;201500035059;15;5;3;245;5;2;1;1;3;69;TOULON RD 554 (AVENUE DE;M;0.0;0.0;830
31587;201500035060;15;5;9;2010;2;1;9;1;1;69;LOUBES (ROUTE DES);M;0.0;0.0;830
31588;201500035061;15;5;15;840;1;1;3;7;1;69;chemin de Pomponiana;M;0.0;0.0;830
31589;201500035062;15;5;25;1653;1;2;3;1;3;69;CAWELL (AVENUE EDITH);M;4311047.0;612583.0;830
31590;201500035064;15;6;7;425;5;2;3;1;7;69;BART (AVENUE JEAN);M;4307470.0;615315.0;830
31591;201500035065;15;7;5;55;5;2;1;1;1;69;AEROPORT (AVENUE DE L');M;4308636.0;614669.0;830
31592;201500035066;15;7;2;1140;1;1;1;1;6;69;THOMAS (AVENUE AMBROISE);M;4311547.0;613330.0;830
31593;201500035067;15;7;5;2119;2;1;1;1;5;69;ALMANARRE (ROUTE DE L');;;;830
31594;201500035068;15;7;5;1825;1;2;1;1;2;69;MARINE (BOULEVARD DE LA);M;4309811.0;616847.0;830
31595;201500035069;15;7;16;1240;1;2;1;1;6;34;11, GENERAL TOUZET DU VI;M;4309519.0;607722.0;830
31596;201500035070;15;7;25;140;5;2;1;1;7;69;21, CORPS (AVENUE DU XVE;M;4312214.0;614142.0;830
31597;201500035071;15;7;23;1920;1;1;1;1;6;69;1029, SALINS ( ROUTE DES;M;4311880.0;618620.0;830
31598;201500035072;15;8;10;2312;5;2;1;1;6;69;1, THOMAS (AVENUE AMBROI;M;4311850.0;613227.0;830
31599;201500035073;15;9;3;250;3;1;1;1;6;69;1, BORDS DU GAPEAU (CHEM;M;4312256.0;617560.0;830
31600;201500035074;15;9;12;1315;1;2;1;1;2;69;11, MISTRAL (BOULEVARD F;M;4312443.0;613653.0;830
31601;201500035075;15;9;14;1320;1;1;1;1;5;69;1, PIERREFEU (ROUTE DE);M;4315502.0;612883.0;830
31602;201500035076;15;9;15;2200;5;2;1;1;6;69;571, TOULON RD 554 (ROUT;M;4312622.0;610038.0;830
31603;201500035077;15;9;17;920;1;1;1;1;2;69;GIENS (ROUTE DE );M;4308025.0;614933.0;830
31604;201500035078;15;9;29;1740;1;2;1;1;6;69;JAURES (AVENUE JEAN);M;4311945.0;613198.0;830
31605;201500035080;15;10;15;850;1;2;1;1;6;69;CLOTIS (AVENUE JOSEPH);M;4312010.0;613047.0;830
31606;201500035081;15;10;30;935;1;1;1;1;3;69;1588, MARINE (BOULEVARD;M;4309314.0;616350.0;830
31607;201500035082;15;11;2;1520;1;1;2;1;3;69;NICE (ROUTE DE);M;4313072.0;616641.0;830
31608;201500035083;15;11;10;1703;1;2;1;1;1;69;565, ARBANAIS (AVENUE DE;;;;830
31609;201500035084;15;1;4;2050;5;1;6;1;3;34;RUE DES 3 PINS;;;;830
31610;201500035085;15;11;28;2115;3;2;1;1;1;69;PIERREFEU (ROUTE DE) RD;M;4319394.0;612994.0;830
31611;201500035086;15;12;10;20;3;1;1;1;1;69;640, CRAU (ROUTE DE LA );M;4312873.0;692161.0;830
31612;201500035088;15;12;18;1000;1;2;1;1;3;69;ARROMANCHES ( ROND POINT;M;4308285.0;614968.0;830
31613;201500035089;15;1;10;2240;3;1;1;1;6;69;FRONT DE MER (BOULEVARD);;;;830
31614;201500035090;15;1;15;1900;3;1;1;1;1;69;10924, PIERREFEU (ROUTE;;;;830
31615;201500035091;15;1;13;1055;1;1;1;1;6;34;RUE DES 3 PINS;;;;830
31616;201500035092;15;1;16;1100;1;2;1;1;6;69;35, CAWELL (AVENUE EDITH;M;4310996.0;612527.0;830
31617;201500035093;15;2;4;2155;5;2;6;2;7;69;ARROMANCHES ( ROND POINT;;;;830
31618;201500035094;15;2;20;910;1;2;1;1;6;69;1, THOMAS (AVENUE AMBROI;;;;830
31619;201500035095;15;3;14;235;3;1;1;1;6;69;1574, BORDS DU GAPEAU (C;M;4312109.0;617751.0;830
31620;201500035096;15;1;1;1845;5;2;1;1;6;129;426, LAENNEC (AVENUE DE);;;;830
31621;201500035098;15;1;30;1330;1;2;1;1;6;129;LERY (BOULEVARD DE);M;4311661.0;584869.0;830
31622;201500035099;15;3;27;2230;3;1;1;1;6;9;1874, BEAUSSET (ROUTE DU;M;4315352.0;576383.0;830
31623;201500035100;15;2;2;1145;1;2;1;1;6;129;10, ROC FONT DE FILLOL;;;;830
31624;201500035101;15;4;1;1900;1;2;1;6;3;129;60, KENNEDY (AVENUE J.)N;M;4310794.0;581472.0;830
31625;201500035104;15;4;28;2135;5;2;1;1;3;129;500, LERY (BOULEVARD DE);M;4311325.0;584894.0;830
31626;201500035105;15;2;17;1600;1;1;1;1;6;129;2195, KENNEDY (AVE JF.);;;;830
31627;201500035106;15;5;5;1740;1;2;1;1;3;123;2256, BANDOL (ROUTE)N° P;M;4313779.0;577501.0;830
31628;201500035107;15;2;26;1025;1;2;1;1;3;129;COUDOULIERE (LA);M;4309753.0;581205.0;830
31629;201500035108;15;5;15;1030;1;2;1;1;7;123;1700, TOULON (ANCIEN CHE;M;4312892.0;580361.0;830
31630;201500035109;15;3;3;1200;1;2;1;1;7;123;574, LANGE (CHEMIN);M;4312668.0;579716.0;830
31631;201500035110;15;5;19;955;1;2;1;1;6;9;11, TONNELIERS (RUE DES);M;4313629.0;575391.0;830
31632;201500035111;15;5;23;1555;1;2;1;1;3;129;MER (AVENUE DE LA) N° PA;M;4309727.0;582970.0;830
31633;201500035112;15;5;20;1140;1;2;1;1;6;129;550, MER (AVENUE DE LA);M;4309792.0;582867.0;830
31634;201500035114;15;6;3;1210;1;2;6;1;2;9;ARMEE D'AFRIQUE (ROND PO;M;4314900.0;576374.0;830
31635;201500035115;15;6;5;1505;1;2;1;1;2;129;267, SOLVIOU (CORNICHE D;M;4310450.0;581307.0;830
31636;201500035116;15;6;13;2225;5;2;1;8;6;129;1183, MER (AVENUE DE LA);M;4310201.0;582185.0;830
31637;201500035117;15;6;14;2105;2;2;1;1;3;129;1735, MER (AVENUE DE LA);M;4310505.0;581695.0;830
31638;201500035118;15;6;14;2015;1;2;1;1;6;123;18, MARIE ESMENARD (QUAI;M;4311700.0;580021.0;830
31639;201500035119;15;6;27;1115;1;2;1;1;3;129;1963, KENNEDY (AVENUE J.;M;4310812.0;583496.0;830
31640;201500035120;15;6;29;1040;1;2;9;1;3;129;MER (AVENUE DE LA) N° PA;M;4310240.0;582137.0;830
31641;201500035121;15;7;2;2330;5;2;6;1;2;129;255, JUIN MARECHAL (AV D;M;4309485.0;584714.0;830
31642;201500035123;15;6;11;2200;2;2;1;1;7;129;1327, LAENNEC (AVENUE DE;M;4308552.0;582386.0;830
31643;201500035124;15;7;8;845;1;2;9;1;6;129;125, LAENNEC (AVENUE DE);M;4309367.0;583280.0;830
31644;201500035125;15;7;7;1605;1;2;1;1;3;123;134, TOULON (ANCIEN CHEM;M;4312659.0;582129.0;830
31645;201500035127;15;7;9;1945;1;2;3;1;3;129;COUDOULIERE (LA);M;4309750.0;581718.0;830
31646;201500035128;15;7;8;1050;1;2;1;1;2;129;DE LATTRE DE TASSIGNY (A;M;4309371.0;583915.0;830
31647;201500035129;15;7;19;2130;2;2;1;1;6;123;2034, BANDOL (ROUTE)N° P;M;4315206.0;576417.0;830
31648;201500035130;15;7;15;1825;1;1;1;1;1;129;61, KENNEDY (AVENUE J.)N;M;4310825.0;581450.0;830
31649;201500035131;15;7;21;2100;1;2;1;1;3;129;596, DE LATTRE DE TASSIG;M;4309423.0;583690.0;830
31650;201500035132;15;7;26;430;5;2;1;1;6;9;PARE (RUE AMBROISE);M;4314080.0;574968.0;830
31651;201500035133;15;7;27;35;5;2;1;1;2;123;347, GARE (ROUTE);M;4312055.0;581454.0;830
31652;201500035134;15;7;29;1900;1;2;1;1;1;123;TOULON (ANCIEN CHEMIN DE;M;4312695.0;581988.0;830
31653;201500035135;15;7;30;1900;1;2;1;1;7;123;35, RESISTANCE (AVENUE);M;4311771.0;579738.0;830
31654;201500035136;15;7;29;810;1;1;1;1;6;9;73, BEAUSSET (ROUTE DU);M;4314942.0;576453.0;830
31655;201500035137;15;8;2;820;1;2;1;1;3;9;10, PIERRE PUGET (BD);M;4313956.0;575584.0;830
31656;201500035138;15;8;13;1110;1;2;1;1;6;129;2279, KENNEDY (AVENUE J.;M;4310810.0;583835.0;830
31657;201500035139;15;8;19;2050;2;2;1;1;7;9;50, ONZE NOVEMBRE 1918;M;4313645.0;575309.0;830
31658;201500035140;15;8;26;1117;1;2;1;1;6;123;186, SAINT ROCH (CHEMIN);M;4312294.0;580634.0;830
31659;201500035141;15;8;28;905;1;2;1;1;6;129;77, ROUVEAU (RUE DU);M;4311614.0;580877.0;830
31660;201500035142;15;9;1;1610;1;2;1;1;6;129;DE LATTRE DE TASSIGNY (A;M;4309430.0;583776.0;830
31661;201500035144;15;9;10;2100;4;2;3;1;3;123;405, BANDOL (ROUTE)N° IM;M;4312475.0;578911.0;830
31662;201500035145;15;9;25;1905;1;2;1;1;6;129;330, KENNEDY (AVENUE J.);M;4310749.0;581794.0;830
31663;201500035146;15;9;24;845;1;2;1;1;1;129;12, COUDOULIERE (LA);M;4308817.0;580997.0;830
31664;201500035147;15;10;4;315;5;2;9;2;6;123;326, SOLEIL (CORNICHE) N;M;4312240.0;580153.0;830
31665;201500035148;15;10;6;1110;1;2;1;1;6;129;165, MER (AVENUE DE LA);M;4309601.0;583124.0;830
31666;201500035149;15;10;10;55;5;2;1;1;6;129;466, PALMIERS (AVENUE DE;M;4307755.0;580980.0;830
31667;201500035150;15;10;11;1550;1;2;1;1;6;123;40, EUROPE UNIE (AVENUE);M;4311633.0;580629.0;830
31668;201500035151;15;10;11;1000;1;2;1;1;3;123;BAD SACKINGEN (ROND POIN;M;4312160.0;580524.0;830
31669;201500035152;15;10;17;2005;5;2;1;1;1;129;55, FONT DE FILLOL;M;4309781.0;582600.0;830
31670;201500035153;15;10;27;1705;2;2;1;2;6;123;546, GARE (ROUTE);M;4312083.0;58164.0;830
31671;201500035154;15;10;26;1903;2;2;6;1;3;123;513, RESISTANCE (AVENUE);M;4312165.0;579711.0;830
31672;201500035156;15;11;10;1030;1;2;1;1;6;9;ALBERT 1ER (AVENUE);M;4313531.0;574472.0;830
31673;201500035157;15;11;17;1855;2;2;1;1;6;123;2186, BANDOL (ROUTE);M;4313714.0;577618.0;830
31674;201500035158;15;11;19;1500;1;2;1;1;6;123;513, RESISTANCE (AV) N°;M;4313145.0;584449.0;830
31675;201500035160;15;11;20;1435;1;2;1;1;6;129;446, ECOLES (BD DES);M;4311204.0;581315.0;830
31676;201500035161;15;11;24;850;1;2;1;7;6;129;16, LYCEE DE LA COUDOULI;M;4309826.0;582082.0;830
31677;201500035162;15;12;7;1600;1;2;3;8;3;129;FONT DE FILLOL (RC ET T);M;4309461.0;582337.0;830
31678;201500035163;15;12;12;300;5;2;1;1;6;123;237, GARE (ROUTE);M;4311969.0;581295.0;830
31679;201500035164;15;12;13;145;5;2;1;1;6;123;559, BANDOL (ROUTE);M;4312600.0;578809.0;830
31680;201500035165;15;12;6;115;5;1;1;2;3;129;120, CHARMETTES (AV ET T;M;4307822.0;580818.0;830
31681;201500035166;15;12;14;2200;5;2;2;1;3;129;ECOLES (BD DES);M;4310825.0;581430.0;830
31682;201500035167;15;12;18;2045;5;2;1;1;6;129;183, MER (AVENUE DE LA);;;;830
31683;201500035168;15;1;6;745;2;2;6;1;6;126;Pablo Neruda;;;;830
31684;201500035170;15;1;12;1706;2;2;1;1;3;126;GAGARINE (AV YOURI);;;;830
31685;201500035171;15;4;6;1126;1;2;6;1;5;126;391, RENOIR (AV AUGUSTE);;;;830
31686;201500035172;15;1;28;1350;1;2;1;1;2;126;SANTIERI (CHEMIN DE);M;4310678.0;586992.0;830
31687;201500035174;15;2;14;1645;1;2;1;3;1;126;DE BUSSY (RUE CLAUDE);M;4308133.0;589175.0;830
31688;201500035175;15;4;15;750;1;2;1;8;6;126;1327, ANCIENS COMBATANTS;;;;830
31689;201500035176;15;2;26;1150;1;2;2;1;3;126;ZOLA (AV EMILE);;;;830
31690;201500035177;15;5;12;2105;5;2;1;1;7;126;Ytzhak Rabin - D18;;;;830
31691;201500035178;15;3;10;1120;1;2;3;1;3;126;PACHA (CORNICHE MICHEL);M;4308874.0;589894.0;830
31692;201500035179;15;5;18;2330;3;1;1;1;7;126;LA SEYNE A OLLIOULES (CH;M;4309083.0;586842.0;830
31693;201500035180;15;5;19;905;1;2;6;1;6;126;LACROIX (RUE PIERRE);M;4310103.0;588391.0;830
31694;201500035181;15;5;20;1250;1;2;1;1;6;126;1951, POMPIDOU (CORNICHE;M;4308322.0;589542.0;830
31695;201500035182;15;5;26;1135;1;2;1;1;3;126;154, LAMARQUE (AV JEAN A;M;4310897.0;586158.0;830
31696;201500035183;15;5;27;1745;1;2;3;1;3;126;, GUILLAUME (AV HENRI);M;4308905.0;589505.0;830
31697;201500035184;15;5;29;1935;1;2;2;1;3;126;50, ZOLA (AV EMILE);M;4310579.0;587789.0;830
31698;201500035185;15;6;2;1740;1;2;1;1;6;126;50, BARTOLINI (AV JEAN);M;4311460.0;586149.0;830
31699;201500035186;15;5;28;1030;1;2;1;1;3;126;30, EVESCAT AUX SABLETTE;M;4308836.0;589057.0;830
31700;201500035187;15;6;10;900;1;1;1;1;6;126;50, BARTOLINI (AV JEAN);M;4311460.0;586166.0;830
31701;201500035188;15;6;19;1430;1;2;1;1;5;126;510, JUIN (AV MARECHAL);M;4310708.0;587055.0;830
31702;201500035189;15;6;19;2040;1;2;1;1;6;126;, EUROPE (BD DE L');M;4311458.0;585591.0;830
31703;201500035190;15;6;14;1830;1;1;1;1;3;126;271, PAUL (AV MARCEL);;;;830
31704;201500035191;15;6;23;1030;1;2;1;1;6;126;105, GAMBETTA (AV);M;4310734.0;587751.0;830