;Num_Acc;an;mois;jour;hrmn;lum;agg;int;atm;col;com;adr;gps;lat;long;dep
31705;201500035193;15;7;14;2110;1;2;1;1;7;126;CURET (AV LOUIS);M;4310397.0;588019.0;830
31706;201500035194;15;7;14;950;1;2;1;1;6;126;16, CARMILLE ( AV DU GEN;M;4309682.0;588839.0;830
31707;201500035195;15;7;7;1615;1;2;3;1;3;126;POMPIDOU (CORNICHE GEORG;M;4308879.0;589899.0;830
31708;201500035196;15;7;16;1630;1;1;1;1;6;126;15, EUROPE (BD DE L');M;4311287.0;585843.0;830
31709;201500035197;15;8;2;1613;1;1;1;1;3;126;0, ECHANGEUR D'OLLIOULES;M;4312011.0;585309.0;830
31710;201500035199;15;8;5;1710;1;2;1;1;2;126;MATTEI (AV J.B.);M;4308117.0;589460.0;830
31711;201500035200;15;8;25;1705;1;2;1;1;6;126;780, ANCIENS COMBATANTS;M;4310506.0;585568.0;830
31712;201500035201;15;10;28;1525;1;2;5;1;1;126;, HUIT MAI 1945 ( CARREF;M;4310765.0;587709.0;830
31713;201500035202;15;11;3;1025;1;2;1;3;6;126;9, FABRE (QUAI SATURNIN);M;4310211.0;588133.0;830
31714;201500035203;15;11;6;1755;3;1;1;1;3;126;924, JUIN (AV MARECHAL);M;4310704.0;587480.0;830
31715;201500035204;15;11;14;835;1;2;1;1;2;126;81, STALINGRAD (BD);M;4310725.0;586466.0;830
31716;201500035205;15;11;23;1610;1;1;1;1;6;126;25, MARTINI (RUE J BAPTI;M;4310009.0;588073.0;830
31717;201500035206;15;12;17;1800;5;2;1;1;3;126;50, MENDES FRANCE (AV PI;M;4310909.0;587519.0;830
31718;201500035207;15;12;17;805;1;1;1;1;3;126;1, ECHANGEUR D'OLLIOULES;M;4311939.0;585341.0;830
31719;201500035208;15;12;23;1800;3;2;1;1;1;126;200, VAROISE (CORNICHE);M;4306158.0;586477.0;830
31720;201500035209;15;1;3;1730;1;2;1;1;7;137;LE BELLEGOU (AVE EDOUARD;M;4311667.0;594134.0;830
31721;201500035210;15;1;2;1515;1;2;1;1;1;137;0, RESISTANCE (AVE / IMP;;;;830
31722;201500035212;15;1;6;750;1;2;1;1;1;98;36, GIONO (RUE JEAN);M;4310940.0;601037.0;830
31723;201500035213;15;3;18;151;5;2;6;8;3;137;0, TOESCA (BD PIERRE);M;4312814.0;592913.0;830
31724;201500035214;15;1;10;20;5;2;1;1;2;62;91, LURCAT (AVENUE ANDRE;M;4313935.0;602037.0;830
31725;201500035215;15;3;17;1150;1;2;1;1;1;137;JAUJARD (RUE AMIRAL);M;4312472.0;593791.0;830
31726;201500035216;15;1;13;1735;5;2;9;1;2;137;BROSSET (BD GENERAL);;;;830
31727;201500035217;15;3;18;1735;1;2;1;1;2;137;49, PICOT (AVE DU COLON;M;4312486.0;593582.0;830
31728;201500035218;15;1;8;1200;1;2;1;1;6;103;RIPELLE (VIEUX CHEMIN;;;;830
31729;201500035219;15;3;19;850;1;2;9;1;2;137;2885, RESISTANCE (AVE /;M;4311016.0;597744.0;830
31730;201500035220;15;1;15;1655;1;2;2;1;6;137;DUPRAT (RUE HIPPOLYTE);M;4312469.0;593078.0;830
31731;201500035221;15;3;20;910;1;2;1;1;6;90;REPUBLIQUE (RUE DE LA);M;4312156.0;592959.0;830
31732;201500035222;15;1;15;1700;2;2;1;1;3;62;10, DRAGUIGNAN (AVENUE D;;;;830
31733;201500035223;15;3;20;2200;5;2;1;1;6;103;206, COLOMBIER (ROUTE DU;M;4317502.0;592630.0;830
31734;201500035224;15;1;15;1825;5;2;2;1;3;90;0, MONNET (AVE JEAN);;;;830
31735;201500035225;15;3;21;1000;1;2;1;8;6;62;22, ROBESPIERRE (BLD);M;4312575.0;594815.0;830
31736;201500035226;15;1;16;1740;3;2;1;8;6;137;5, MONTEBELLO (RUE DE);M;4312847.0;593081.0;830
31737;201500035227;15;3;21;1510;1;2;1;1;7;137;0, DARDANELLES (AVE DES);M;4312840.0;592434.0;830
31738;201500035228;15;1;21;2052;5;2;1;2;6;137;140, LECLERC (AVE GEN);;;;830
31739;201500035229;15;3;24;1720;1;2;6;2;6;90;LA GOUBRAN (ROND POINT);;;;830
31740;201500035230;15;1;26;1500;1;2;1;1;6;137;ARMARIS (BD DES);M;4312715.0;598154.0;830
31741;201500035231;15;3;24;1940;5;2;1;2;2;137;0, PICOT (AVE DU COLONEL;M;4313114.0;597308.0;830
31742;201500035232;15;1;23;1210;1;2;1;1;6;144;LECLERC (BD MARECHAL);M;4313608.0;598346.0;830
31743;201500035233;15;3;27;1945;2;1;1;1;7;90;0, NATIONALE 8 (ROUTE);;;;830
31744;201500035234;15;1;26;1445;1;2;1;1;3;137;0, LE BELLEGOU (AVE EDOU;M;4311571.0;594209.0;830
31745;201500035235;15;3;28;1250;1;2;3;1;3;137;0, PICOT (AV DU COLONEL);;;;830
31746;201500035236;15;1;27;1040;1;2;3;1;3;137;0, NOMY (RUE AMIRAL);M;4312186.0;595555.0;830
31747;201500035237;15;4;4;1115;1;1;1;1;6;90;0, GORGES (ROUTE DES);M;;;830
31748;201500035238;15;1;28;730;2;2;1;1;6;137;16, FRANCE (RUE ANATOLE);M;4312322.0;592975.0;830
31749;201500035240;15;1;28;745;1;2;1;1;3;62;322, DELAGE (RUE MARC);M;4312501.0;600511.0;830
31750;201500035241;15;4;9;810;1;2;1;1;6;137;99, CHENIER (RUE ANDRE);M;4312808.0;596155.0;830
31751;201500035242;15;1;31;700;5;2;1;1;6;137;4, PICOT (AVE DU COL);M;4312570.0;593139.0;830
31752;201500035243;15;4;10;820;1;2;1;1;6;137;0, CHARLEUX (AVE JULES);M;4311713.0;598142.0;830
31753;201500035244;15;1;30;940;1;2;3;1;3;98;BROSSET (AVE DU GEN);;;;830
31754;201500035246;15;1;12;1820;4;2;2;1;3;137;0, GASQUET (AVE JOSEPH D;;;;830
31755;201500035247;15;4;12;1528;1;2;1;1;6;137;CHURCHILL (AVE WINSTON);M;4312505.0;592636.0;830
31756;201500035248;15;1;22;845;1;2;1;1;3;137;0, MALON (AVE BENOIT);M;4312275.0;595535.0;830
31757;201500035249;15;4;14;735;1;2;6;1;3;137;BRIAND (AVE ARISTIDE PRO;;;;830
31758;201500035250;15;2;3;1125;1;2;1;1;3;137;MIRASOULEOU (AVE / ROND;M;4313349.0;598125.0;830
31759;201500035251;15;4;14;1300;1;2;4;1;2;137;1703, PICOT (AVE DU COLO;;;;830
31760;201500035252;15;2;7;150;5;2;1;2;7;137;CUZIN (AVE FRANCOIS);;;;830
31761;201500035253;15;4;11;1925;1;2;3;1;7;137;466, ABEL (BD J- BAPT);M;4311630.0;596104.0;830
31762;201500035254;15;2;5;1245;1;2;1;2;2;62;0, LURCAT (AVENUE ANDRE);M;4313853.0;602175.0;830
31763;201500035255;15;4;8;1225;1;2;1;1;6;62;SANDRO (AVENUE CHARLES);M;4312708.0;601097.0;830
31764;201500035256;15;2;7;1910;5;2;1;2;2;62;0, PREMIER (BAT.INF.DU P;;;;830
31765;201500035257;15;4;14;1915;1;2;3;1;6;137;15EME CORPS (AVE DU);M;4312839.0;590935.0;830
31766;201500035258;15;2;12;450;3;2;3;1;6;144;0, BLANC (BD DR EUGENE);M;4322569.0;595660.0;830
31767;201500035259;15;4;15;2217;5;2;1;1;5;137;PICOT (AVE DU COLONEL);;;;830
31768;201500035260;15;1;20;550;5;2;1;3;6;137;522, REPUBLIQUE (AVE DE;M;4311899.0;593470.0;830
31769;201500035261;15;4;15;2000;5;2;1;1;3;137;127, TESSE (BD DE);M;4312742.0;593099.0;830
31770;201500035262;15;2;8;349;5;1;9;1;3;144;0, BLANC (BD DR EUGENE);;;;830
31771;201500035263;15;4;16;1205;1;2;1;1;6;137;638, BRIAND (AVE ARISTID;M;4312627.0;589939.0;830
31772;201500035264;15;2;12;1930;5;2;1;1;6;62;620, DRAGUIGNAN (AVENUE;;;;830
31773;201500035265;15;4;18;1900;1;1;1;1;6;137;404, CUZIN (AVE FRANCOIS;;;;830
31774;201500035266;15;1;16;1930;5;2;1;2;1;137;0, LEYGUES (ALLEE / IMP;M;4312296.0;596399.0;830
31775;201500035267;15;4;19;1745;1;1;1;8;6;90;1624, MONNET (AVE JEAN);;;;830
31776;201500035268;15;2;20;1225;1;1;1;1;2;137;389, FAVIERES (CHEMIN DE;;;;830
31777;201500035269;15;4;21;800;1;2;1;1;3;137;199, VICTOIRE DU 8 MAI 1;M;4313088.0;592901.0;830
31778;201500035270;15;2;19;2235;5;2;1;1;6;137;860, PICON (BD LOUIS);M;4313666.0;591194.0;830
31779;201500035271;15;4;20;900;1;2;1;1;2;137;0, DEMOCRATIE (BD DE LA);M;4312599.0;593894.0;830
31780;201500035272;15;2;22;1050;1;2;3;1;3;137;0, TIRAILLEURS SENEGALAI;M;4311061.0;593224.0;830
31781;201500035273;15;4;24;1820;1;2;1;1;6;137;240, LECLERC (AVE GENERA;;;;830
31782;201500035274;15;2;24;1500;1;1;1;1;3;90;0, MERMOZ (AVE JEAN);M;4313749.0;585059.0;830
31783;201500035275;15;5;3;2025;2;2;3;1;1;137;420, 15EME CORPS (AVE DU;M;4312830.0;590916.0;830
31784;201500035276;15;2;25;1505;1;2;1;1;6;137;506, lUBAC (CHEMIN DE);M;4315579.0;592194.0;830
31785;201500035277;15;4;29;1135;1;2;1;1;6;137;0, PAUL (RUE DU CHEVALIE;M;4312225.0;593094.0;830
31786;201500035278;15;2;25;1145;1;2;2;7;1;137;954, RESISTANCE (AVE);;;;830
31787;201500035279;15;5;10;1000;1;2;2;1;3;137;0, RESISTANCE (AVE / IMP;M;4311830.0;594583.0;830
31788;201500035280;15;2;28;950;1;2;1;1;3;137;ROUTES (AVE DES);;;;830
31789;201500035282;15;2;26;1244;1;2;1;1;3;144;0, JEAN (AVE DU DOCTEUR);M;4313398.0;598917.0;830
31790;201500035283;15;5;12;1140;1;1;1;1;3;62;0, FABRI DE PEIRESC (AVE;M;4313847.0;602719.0;830
31791;201500035284;15;3;4;910;1;1;1;1;3;62;1811, ASTOURET (CHED');M;4311476.0;604711.0;830
31792;201500035285;15;5;13;1430;1;1;1;1;6;137;1, BONNETIERES (RUE DES);M;4312097.0;593267.0;830
31793;201500035286;15;2;22;1745;1;2;3;1;6;137;0, 15EME CORPS (AVE DU);;;;830
31794;201500035287;15;5;14;1415;1;2;1;1;6;137;0, DAUDET (RUE ALPHONSE);M;4312136.0;593883.0;830
31795;201500035288;15;2;27;1440;1;2;1;1;6;137;BOURGET (RUE DU);M;4312362.0;595265.0;830
31796;201500035289;15;5;14;1445;1;2;1;1;6;137;0, SAINT BERNARD (RUE /;M;4312270.0;593670.0;830
31797;201500035291;15;5;16;1806;1;2;1;1;6;137;53, DROUET (RUE / CITE);M;4314142.0;590141.0;830
31798;201500035292;15;3;4;940;1;2;1;1;3;62;BERTHELOT (RUE MARCELIN);M;4314852.0;604115.0;830
31799;201500035293;15;5;8;1830;1;1;1;1;2;90;1500, SANARY (ROUTE DE);;;;830
31800;201500035294;15;3;12;1130;1;2;1;1;3;144;59, LAVOISIER (AV / IMP);M;4313852.0;599868.0;830
31801;201500035295;15;5;16;1110;1;2;1;1;4;144;1, LIBERATION (AVE DE LA;M;4314308.0;598755.0;830
31802;201500035296;15;2;18;1730;1;2;6;1;6;137;0, ARTILLERIE DE MARINE;M;4311233.0;593370.0;830
31803;201500035297;15;5;17;1450;1;1;1;1;6;98;0, GAVARESSE (CHEMIN DE;M;4308698.0;603957.0;830
31804;201500035298;15;3;3;1830;2;2;1;1;1;137;0, POINCARE (RUE HENRI);M;4311965.0;594052.0;830
31805;201500035299;15;5;18;810;1;2;1;1;6;137;1, GUES (BD DE L'ENSEIGN;M;4311601.0;598096.0;830
31806;201500035301;15;3;1;1205;1;2;3;2;3;137;0, MALON (AVE BENOIT);M;4312189.0;595562.0;830
31807;201500035302;15;5;31;140;5;2;2;1;1;137;NICOLAS (BD COMMANDANT);M;4312626.0;593678.0;830
31808;201500035303;15;6;2;720;1;2;1;1;4;144;0, LUMIERE (AVE DES FRER;M;4313635.0;600017.0;830
31809;201500035305;15;6;2;1230;1;2;1;1;2;137;32, 21EME R.I.C. (AVE DU;M;4311345.0;594011.0;830
31810;201500035306;15;6;2;1625;1;1;1;1;3;90;762, FAVEYROLLES (CHE);M;4313574.0;587270.0;830
31811;201500035307;15;6;3;1700;1;1;1;1;1;62;151, LAVALLEE (AVENUE);M;4314990.0;603784.0;830
31812;201500035308;15;6;3;1200;1;2;1;1;7;137;0, LEGION ETRANGERE (ALL;M;4312155.0;593725.0;830
31813;201500035309;15;6;6;10;3;1;1;1;7;144;0, NATIONALE 97 (ROUTE);M;4314766.0;603011.0;830
31814;201500035310;15;6;6;145;5;2;1;1;3;137;0, BRIAND (AVE ARISTIDE;M;4312531.0;589827.0;830
31815;201500035311;15;6;6;2100;2;2;3;1;3;137;405, DEMON PARADIS (CHE);M;4313250.0;589485.0;830
31816;201500035312;15;6;8;2104;2;2;2;1;3;137;0, RESISTANCE (AVE / IMP;;;;830
31817;201500035314;15;6;13;1700;1;1;1;1;1;62;0, THOUAR MONTEE;M;4312800.0;601305.0;830
31818;201500035315;15;6;15;1530;1;2;1;1;6;137;0, LAVENNE (RUE PIERRE);M;4311718.0;593564.0;830
31819;201500035316;15;6;17;2000;1;2;1;1;6;137;0, CURIE (RUE);M;4313038.0;591325.0;830
31820;201500035317;15;6;18;930;1;2;1;1;3;98;117, DE LATTRE (BD DE TA;M;4310329.0;602369.0;830
31821;201500035318;15;6;18;930;1;2;1;1;2;62;0, EOLE (RUE);M;4313603.0;600152.0;830
31822;201500035319;15;6;21;422;5;2;1;1;7;137;549, DE GAULLE (CORNICHE;M;4310884.0;595927.0;830
31823;201500035320;15;6;24;1230;1;2;2;1;1;62;Route d'Hyères D98;M;4313750.0;602627.0;830
31824;201500035321;15;6;25;1140;1;2;1;1;3;144;0, CURIE (AVE / IMP PIER;M;4310275.0;587276.0;830
31825;201500035322;15;6;26;1220;1;2;3;1;3;144;0, LAVOISIER (AVE / IMP);M;4313869.0;599933.0;830
31826;201500035323;15;6;27;2135;2;1;1;1;6;62;LURCAT (AVENUE ANDRE);M;4313922.0;602067.0;830
31827;201500035324;15;6;29;1400;1;2;9;1;3;137;GASQUET (AVE JOSEPH DE 1;M;4311891.0;597911.0;830
31828;201500035325;15;6;29;2300;5;2;3;1;3;137;SAINT BERNARD (RUE / PAS;M;4312165.0;593672.0;830
31829;201500035326;15;6;30;1720;1;2;1;1;5;137;72, FOCH (AVE DU MARECHA;M;4307354.0;555278.0;830
31830;201500035327;15;7;1;1400;1;2;1;1;6;90;0, LEMOYNE (PLACE PAUL);M;4308158.0;550518.0;830
31831;201500035328;15;6;29;1745;1;2;6;1;2;144;UNIVERSITE (AVE DE L');;;;830
31832;201500035329;15;7;3;1500;1;2;1;1;2;62;104, GANCE (AVENUE ABEL);M;4312288.0;600370.0;830
31833;201500035330;15;7;3;1635;1;1;1;1;4;90;2128, MONNET (AVE JEAN);;;;830
31834;201500035331;15;7;5;2110;1;2;1;1;3;137;65, ROOSEVELT (AVE FRANK;M;4312064.0;594009.0;830
31835;201500035332;15;7;6;1850;1;2;1;1;3;144;MIRASOULEOU (AVE);M;4313380.0;598063.0;830
31836;201500035333;15;7;10;1600;1;2;1;1;3;137;131, STE CLAIRE DEVILLE;M;4312578.0;597559.0;830
31837;201500035334;15;7;13;2353;5;2;3;1;3;137;0, MALON (AVE BENOIT);M;4312204.0;595567.0;830
31838;201500035335;15;7;24;1515;1;2;1;1;2;137;0, BRIAND (AVE ARISTIDE;M;4307139.0;553201.0;830
31839;201500035336;15;7;24;1455;1;2;1;1;4;144;104, MIRASOULEOU (AVE);M;4313370.0;598097.0;830
31840;201500035337;15;7;24;1700;1;2;1;1;6;137;face au 3, PASTOUREAU (R;M;4312520.0;593089.0;830
31841;201500035338;15;7;26;2300;5;2;1;1;6;137;0, PERI  (PLACE GABRIEL);M;4312626.0;592571.0;830
31842;201500035339;15;7;28;845;1;2;3;1;3;137;0, GASQUET (AV JOSEPH D;M;4312203.0;597356.0;830
31843;201500035340;15;7;31;1740;1;2;1;1;6;62;0, PREMIER (BAT.INF.DU P;M;4313580.0;602277.0;830
31844;201500035341;15;8;1;2240;5;2;1;1;6;137;314, ARMARIS (BD DES);M;4312119.0;598093.0;830
31845;201500035342;15;8;2;910;1;2;1;1;3;137;0, PRUNEAU (AVE GENERAL);M;4312182.0;595560.0;830
31846;201500035343;15;8;3;840;1;2;3;1;6;137;BARNIER (BD DU DR CHARLE;M;4313057.0;592839.0;830
31847;201500035344;15;8;5;1830;1;2;3;1;3;62;FABRI DE PEIRESC (AVENUE;M;4314106.0;603006.0;830
31848;201500035345;15;8;6;1200;1;2;1;1;3;137;59, HERRIOT (AV EDOUARD);M;4312929.0;589945.0;830
31849;201500035346;15;8;13;1515;1;2;1;1;6;137;3, DUQUESNE (RUE);M;4310890.0;593745.0;830
31850;201500035348;15;8;17;715;1;1;1;1;3;137;497, LOTI (AVE PIERRE);M;4311355.0;594774.0;830
31851;201500035349;15;8;17;1510;1;2;1;1;3;137;0, 15EME CORPS (AVE DU);M;4312851.0;591502.0;830
31852;201500035350;15;8;19;2215;5;2;1;1;3;137;0, HERRIOT (AVE EDOUARD);M;4312923.0;589853.0;830
31853;201500035351;15;8;20;1350;1;2;1;1;2;137;0, DEVOUCOUX (AVE ROGER);M;4312133.0;594017.0;830
31854;201500035352;15;8;21;120;5;2;1;1;7;137;611, LE CHATELIER (AVE A;M;4313706.0;589737.0;830
31855;201500035353;15;8;24;1510;1;2;3;1;1;137;0, CUNEO (BD DOCTEUR);M;4310756.0;593307.0;830
31856;201500035354;15;8;27;1700;1;2;1;1;2;144;0, 11 NOVEMBRE 1918 (AVE;M;4314078.0;600032.0;830
31857;201500035355;15;8;27;1545;1;1;1;1;6;62;849, PLANTADES (CHEMIN D;M;4314260.0;602142.0;830
31858;201500035356;15;8;29;1725;1;2;1;1;1;137;0, LULLI (RUE);M;4311929.0;594313.0;830
31859;201500035358;15;9;1;2247;5;2;1;1;3;137;0, BROSSET (BD GENERAL);M;4312901.0;590224.0;830
31860;201500035359;15;9;2;1450;1;2;1;1;6;137;0, CARMI (SQUARE / ALLEE;M;4311622.0;593734.0;830
31861;201500035360;15;9;2;1530;1;2;1;1;6;137;COLBERT (AVE);M;4312580.0;593300.0;830
31862;201500035361;15;9;4;1715;1;2;1;1;5;90;0, GORGES (ROUTE DES);M;4314391.0;584694.0;830
31863;201500035362;15;9;9;825;1;2;1;1;6;137;108, DEMOCRATIE (BD DE L;M;4312643.0;594020.0;830
31864;201500035363;15;9;9;1545;1;2;1;1;2;98;0, GANZIN (AVENUE DE);M;0.0;0.0;830
31865;201500035364;15;9;11;2000;2;2;1;1;1;137;0, DESCARTES (RUE / AVE);M;4312686.0;589481.0;830
31866;201500035365;15;9;12;1920;1;1;1;1;7;137;1438, GASQUET (AVE JOSEP;M;4312346.0;597023.0;830
31867;201500035366;15;9;14;1030;1;1;1;1;6;98;0, GANZIN (AVENUE DE);M;4310793.0;603131.0;830
31868;201500035367;15;9;15;845;1;1;3;1;3;62;0, ST JUST (AVENUE LT AN;M;4314272.0;601241.0;830
31869;201500035368;15;9;22;655;1;2;1;1;1;137;0, CUZIN (AVE FRANCOIS);M;4312257.0;594511.0;830
31870;201500035369;15;9;22;1630;1;2;1;1;2;137;FONTAN (AVE DU DOCTEUR);M;4313122.0;591800.0;830
31871;201500035370;15;9;24;1240;1;2;1;1;4;137;484, JOFFRE (BLD);M;4312392.0;595367.0;830
31872;201500035371;15;9;24;1710;1;2;1;1;2;137;771, FLORENT (CHEMIN BAR;M;4315366.0;591683.0;830
31873;201500035372;15;9;25;1050;1;2;1;1;6;137;467, MICHELETC (BD JULES;M;4311294.0;594574.0;830
31874;201500035373;15;9;23;1140;1;2;3;1;3;137;0, SAINTE ANNE (BD / RUE;M;4313464.0;593208.0;830
31875;201500035374;15;10;1;940;1;2;3;1;3;137;0, VICTOIRE DU 8 MAI 194;M;4313109.0;593257.0;830
31876;201500035375;15;10;3;1710;1;2;2;1;3;137;, NOMY (RUE AMIRAL);M;4312000.0;594916.0;830
31877;201500035376;15;10;3;2200;3;1;1;2;1;98;706, FOUX (CHEMIN DE LA);M;4311428.0;603108.0;830
31878;201500035377;15;10;4;535;1;1;1;1;2;137;JOFFRE (BD MARECHAL);M;4311666.0;595000.0;830
31879;201500035379;15;10;6;1820;1;2;1;1;4;144;RN98;M;0.0;0.0;830
31880;201500035380;15;10;10;1715;1;2;1;1;3;137;385, PAGNOL (QUAI MARCEL;M;4311421.0;594040.0;830
31881;201500035381;15;10;9;2010;4;2;1;1;6;137;14, PASSY (AVE FREDERIC);M;4312169.0;594799.0;830
31882;201500035382;15;10;12;1630;1;2;1;1;6;137;0, DUNANT (HENRI);M;4312306.0;594639.0;830
31883;201500035384;15;10;18;700;2;2;1;1;3;137;0, COURBET (ALLEE AMIRAL;M;4312320.0;593594.0;830
31884;201500035385;15;10;21;1230;1;1;1;1;4;90;0, DEPARTEMENTALE 11 (RO;M;4312573.0;583131.0;830
31885;201500035386;15;10;23;1345;1;1;1;1;6;90;0, NATIONALE 8 (ROUTE);M;4313060.0;587350.0;830
31886;201500035387;15;10;26;810;1;2;4;1;7;137;ROUTES (AVE DES);M;4313734.0;591441.0;830
31887;201500035388;15;10;28;1000;1;2;1;2;1;137;242, RICHARD (TRAVERSE);M;4313787.0;589824.0;830
31888;201500035389;15;10;30;1700;1;1;3;1;3;90;0, SANARY (ROUTE DE);M;4312573.0;583131.0;830
31889;201500035390;15;11;3;105;5;2;1;1;6;137;HERRIOT (AVE EDOUARD);M;4312899.0;589545.0;830
31890;201500035391;15;11;4;1245;1;2;3;1;3;137;0, PICOT (AVE DU COLONEL;M;4312912.0;596778.0;830
31891;201500035392;15;11;8;620;5;2;1;1;7;62;JAURES (AVENUE JEAN);M;4311976.0;601089.0;830
31892;201500035394;15;11;9;1005;1;1;1;1;1;90;0, SANARY (ROUTE DE);M;4312570.0;583335.0;830
31893;201500035395;15;11;12;1545;1;1;1;1;6;137;2040, GASQUET (AVE JOSEP;M;4312028.0;597627.0;830
31894;201500035396;15;11;16;1400;1;2;6;1;3;62;90, DELAGE (RUE MARC);M;4312488.0;600810.0;830
31895;201500035397;15;11;17;815;1;2;1;1;6;137;192, PICOT (AVE DU COLON;;;;830
31896;201500035398;15;11;21;1720;2;2;5;6;3;137;0, MICHELETC (BD JULES);;;;830
31897;201500035399;15;11;22;1740;5;1;1;1;2;137;0, CUNEO (BD DOCTEUR);M;4310692.0;593520.0;830
31898;201500035400;15;11;28;1450;1;2;1;1;2;98;470, BROSSET (AVENUE DU;M;0.0;0.0;830
31899;201500035401;15;11;29;1205;1;1;1;1;6;137;0, BEAUSSIER (RUE);M;4310827.0;593741.0;830
31900;201500035404;15;12;1;730;1;2;1;1;2;62;DE LATTRE DE TASSIGNY (A;M;4311302.0;599669.0;830
31901;201500035405;15;12;2;1020;1;2;1;1;3;62;194, SANDRO (AVENUE CHAR;M;4312696.0;601072.0;830
31902;201500035406;15;11;27;1555;1;2;1;1;6;137;100, BAZEILLES (BD / RON;M;4311272.0;593909.0;830
31903;201500035407;15;12;7;1805;5;2;1;2;6;62;PREMIER (BAT.INF.DU PACI;M;4308044.0;601092.0;830
31904;201500035408;15;12;8;1910;5;2;1;1;6;137;0, JOFFRE (BD MARECHAL);M;4312411.0;596722.0;830
31905;201500035409;15;12;13;30;5;2;1;2;1;62;HOUOT (AVENUE CDT);;;;830
31906;201500035410;15;12;15;1220;1;2;2;1;6;62;0, GAMBETTA (RUE LEON);M;4312450.0;600921.0;830
31907;201500035411;15;12;18;700;2;2;1;1;5;137;0, DE LA GRAVIERE (PLACE;M;4312668.0;592084.0;830
31908;201500035412;15;12;19;1100;1;2;1;1;6;144;2, BRIAND (AVE ARISTIDE);M;4313791.0;598536.0;830
31909;201500035413;15;12;27;1830;4;2;1;1;6;137;BLONDEL (RUE ANDRE);M;4312517.0;597230.0;830
31910;201500035415;15;12;30;1840;4;2;1;1;1;137;0, RIGOUMEL (CHEMIN DE);M;4314383.0;590692.0;830
31911;201500035416;15;12;31;1710;1;2;1;1;3;90;0, SANARY (ROUTE DE);M;4312577.0;583032.0;830
31912;201500035417;15;2;7;715;5;1;1;1;6;7;CHARLES DE GAULLE;M;4392894.0;481226.0;840
31913;201500035418;15;4;17;1850;1;2;1;1;6;7;29, MONCLAR (Avenue);M;4393963.0;480588.0;840
31914;201500035419;15;12;31;2045;5;2;1;2;6;7;RHONE (Boulevard du );M;4395202.0;480394.0;840
31915;201500035420;15;3;26;1635;1;2;1;1;6;7;17, CHARLES DE GAULLE;M;4393150.0;482784.0;840
31916;201500035422;15;4;28;1456;1;2;1;1;6;7;RENE CASSIN (rue);M;4394633.0;484288.0;840
31917;201500035423;15;4;16;1315;1;2;4;1;3;7;PICASSO (rue Pablo);M;4394354.0;484343.0;840
31918;201500035424;15;5;5;1250;1;2;1;1;1;7;MONTFAVET (Route);M;4394095.0;482670.0;840
31919;201500035425;15;3;31;2030;5;1;1;1;3;7;MARSEILLE (Route de );M;4391060.0;488343.0;840
31920;201500035426;15;12;16;940;1;2;2;1;6;7;SAINT MICHEL (Boulevard);M;4394387.0;481503.0;840
31921;201500035427;15;5;15;1830;1;1;1;1;2;351;ARAMON ROUTE D';M;4393346.0;474556.0;300
31922;201500035428;15;12;16;2005;5;1;1;1;6;7;MARSEILLE (Route de );M;4392244.0;485724.0;840
31923;201500035429;15;4;30;2100;2;2;1;1;6;11;795, CARRIERES BOULEVARD;;;;300
31924;201500035430;15;6;17;1930;1;2;3;1;3;7;PIERRE SEMARD (avenue);M;4393936.0;482122.0;840
31925;201500035431;15;5;4;1255;1;2;1;1;6;7;188 av des VERTES RIVES;M;4393616.0;487418.0;840
31926;201500035432;15;6;10;1715;1;1;1;1;5;7;MARSEILLE (ROUTE DE );M;4392220.0;485819.0;840
31927;201500035433;15;3;28;2245;5;2;1;1;6;7;47-49, SIXTE ISNARD (Bou;M;4393783.0;481505.0;840
31928;201500035434;15;6;1;1956;2;2;1;1;6;7;220, MONCLAR (Avenue);M;4392809.0;479932.0;840
31929;201500035438;15;6;28;149;5;2;1;1;2;7;4725, C.De GAULLE (Rocad;M;4392869.0;481167.0;840
31930;201500035439;15;11;13;1119;1;2;1;1;6;351;61, PASTEUR AVENUE;M;4395936.0;477788.0;300
31931;201500035440;15;5;7;1945;1;2;1;1;6;7;OULLE (Allées de l');;;;840
31932;201500035441;15;11;24;940;1;1;1;1;1;7;Islon (Chemin de l');M;4397577.0;482066.0;840
31933;201500035442;15;4;4;1640;1;1;1;1;3;7;SAINT RUF (AVENUE);M;4393280.0;480982.0;840
31934;201500035443;15;10;15;1645;1;1;1;1;3;7;rue Ss Marin Casablanca;M;4392278.0;485938.0;840
31935;201500035445;15;12;2;1515;1;2;6;1;4;7;, MARSEILLE (Route de );;;;840
31936;201500035446;15;8;21;2324;5;2;1;1;1;7;pont de l'europe;M;4394379.0;479637.0;840
31937;201500035447;15;12;10;1200;1;2;9;1;6;7;Bd Limbert (ex RN570);;;;840
31938;201500035448;15;8;22;740;1;2;1;1;6;7;58, SAINT RUF (Avenue);M;4393770.0;481022.0;840
31939;201500035450;15;9;12;1518;1;1;1;1;6;11;NATIONALE 100  (ROUTE);M;4394920.0;478522.0;300