;Num_Acc;an;mois;jour;hrmn;lum;agg;int;atm;col;com;adr;gps;lat;long;dep
31940;201500035451;15;9;3;725;1;2;1;1;2;7;EX RN 100;M;4395325.0;481375.0;840
31941;201500035452;15;7;13;1130;1;2;1;1;7;7;SOUSPIROUS (Avenue des );;;;840
31942;201500035453;15;9;21;820;1;1;1;1;7;11;ARAMON ROUTE D';;;;300
31943;201500035454;15;7;29;1910;1;2;5;1;3;351;PONT DU ROYAUME;M;4395446.0;478153.0;300
31944;201500035455;15;9;21;1322;1;2;1;1;6;7;Avenue de la trillade;;;;840
31945;201500035456;15;10;23;1730;1;2;2;1;3;7;Route de MONTFAVET;M;4394388.0;481922.0;840
31946;201500035457;15;7;19;2020;2;2;1;1;1;7;PIERRE SEMARD (avenue);M;4393504.0;483017.0;840
31947;201500035458;15;10;30;1924;2;2;1;1;3;7;MORIERES (Route de );;;;840
31948;201500035459;15;11;5;640;4;2;1;1;2;7;Pierre Semard (avenue);;;;840
31949;201500035460;15;10;30;420;3;1;1;1;5;11;R.N. 100;M;4395649.0;475470.0;300
31950;201500035461;15;5;8;2025;2;2;5;1;3;7;C.De GAULLE (Rocade);M;4393419.0;483191.0;840
31951;201500035462;15;10;28;24;5;2;2;1;3;7;SAINT MICHEL (Boulevard);M;4394326.0;481240.0;840
31952;201500035464;15;10;27;1015;1;1;1;1;5;11;RD 6100;;;;300
31953;201500035465;15;6;2;1745;1;2;9;1;3;7;PIERRE SEMARD (avenue);M;4393936.0;482125.0;840
31954;201500035466;15;7;17;1035;1;2;1;1;6;7;5, RUE DES GROTTES;M;4395134.0;480513.0;840
31955;201500035467;15;11;28;846;1;2;2;1;3;7;, Midi (boulevard du);M;4393588.0;482317.0;840
31956;201500035469;15;10;31;1548;1;1;1;1;3;7;MARCOU DELANGLADE (AVENU;M;4392133.0;486822.0;840
31957;201500035470;15;8;2;630;2;2;1;1;6;7;23, SIXTE ISNARD (Boule;M;4393750.0;481244.0;840
31958;201500035471;15;12;15;1635;1;2;1;2;4;7;LYON (route de );M;4395041.0;482377.0;840
31959;201500035472;15;12;14;1850;5;2;1;1;6;7;4, PAMARD (Rue Paul);M;4392863.0;481311.0;840
31960;201500035473;15;1;13;1100;1;2;1;1;6;7;LIMBERT (Boulevard);M;4394451.0;481588.0;840
31961;201500035474;15;1;30;1358;1;2;7;1;6;7;138, TARASCON ( Avenue d;M;4392560.0;480938.0;840
31962;201500035475;15;10;6;1730;1;2;1;1;6;31;GARE BOULEVARD DE LA;M;4404888.0;504480.0;840
31963;201500035476;15;3;22;1320;1;1;1;1;7;80;SARRIANS ROUTE DE;M;4406388.0;497522.0;840
31964;201500035478;15;4;15;1320;1;1;1;1;7;31;CHEMIN DE SAINT GENS;M;4403176.0;505086.0;840
31965;201500035479;15;4;20;1200;1;2;9;1;1;31;61, PASSET BOULEVARD JEA;M;4405113.0;505040.0;840
31966;201500035480;15;5;16;1630;1;2;1;6;7;31;AV JEAN HENRI FABRE;M;4404768.0;503157.0;840
31967;201500035481;15;9;10;1700;1;2;1;1;2;31;FABRE AVENUE JEAN HENRI;M;4404666.0;503025.0;840
31968;201500035482;15;6;10;505;3;1;1;8;2;80;CD 942 DE CARPENTRAS A R;M;4404530.0;500583.0;840
31969;201500035483;15;5;24;1400;1;2;1;1;1;31;SAINT ROCH AVENUE;M;4407077.0;505519.0;840
31970;201500035484;15;8;17;2025;1;1;1;1;5;31;CD 942;M;4404657.0;502399.0;840
31971;201500035485;15;10;19;455;3;2;1;1;6;35;AVIGNON (AVENUE D');M;4385366.0;502407.0;840
31972;201500035486;15;4;15;920;1;2;6;1;3;35;SEBASTIANI (BOULEVARD);M;4382796.0;503371.0;840
31973;201500035487;15;11;25;1955;3;1;1;1;6;35;2900 chemin des Mulets;M;4387299.0;506938.0;840
31974;201500035488;15;3;29;1700;1;2;1;1;6;35;COTY (AVENUE RENE);M;4383848.0;504662.0;840
31975;201500035489;15;6;23;1734;1;2;2;1;3;35;FOLLEREAU (AVENUE RAOUL);M;4384057.0;504734.0;840
31976;201500035490;15;10;8;1545;1;2;1;1;6;35;BOURNISSAC (COURS);M;4383483.0;503764.0;840
31977;201500035491;15;5;13;1940;1;2;1;1;3;87;FACE  7, VERCORS (IMPASS;M;4414150.0;481271.0;840
31978;201500035492;15;5;22;1440;1;2;1;1;6;87;SAINT-CLEMENT;M;4413070.0;480346.0;840
31979;201500035493;15;5;23;2000;1;2;4;1;5;87;TASSIGNY (AVENUE DE LATT;M;4414550.0;480342.0;840
31980;201500035494;15;9;30;1815;1;1;1;1;3;87;RAMAS (CHEMIN);M;4413110.0;485006.0;840
31981;201500035495;15;10;21;1300;1;2;1;1;6;87;ROUTE DE LYON;M;4415237.0;480281.0;840
31982;201500035496;15;5;18;1110;1;2;1;1;6;87;07, MISTRAL (AVENUE FRED;M;4413760.0;481226.0;840
31983;201500035497;15;5;22;2140;5;2;1;1;6;87;E 3, DESCARTES (RUE RENE;M;4414984.0;480613.0;840
31984;201500035498;15;7;25;2155;1;2;1;1;3;87;1, MOULIN (RUE JEAN);M;4414890.0;480828.0;840
31985;201500035499;15;7;3;2020;1;2;1;1;3;87;327, DALADIER (BD EDOUAR;M;4413826.0;480983.0;840
31986;201500035500;15;8;8;1215;1;1;1;1;6;87;FAUBOURG (RUE DU);M;4414224.0;480819.0;840
31987;201500035501;15;8;10;805;1;2;3;1;2;87;SULLY (PARKING);M;4414224.0;480819.0;840
31988;201500035502;15;8;7;1545;1;2;1;1;3;87;TASSIGNY (AVENUE DE LATT;M;4415031.0;480292.0;840
31989;201500035504;15;10;13;815;1;2;3;1;6;87;PAINLEVE (RUE PAUL);M;4413190.0;481600.0;840
31990;201500035505;15;11;26;1920;5;2;3;1;3;87;TASSIGNY (AVENUE DE LATT;M;4415032.0;480296.0;840
31991;201500035507;15;1;28;1225;1;2;1;1;4;87;227, VERDUN (AVENUE DE);M;4412740.0;482208.0;840
31992;201500035508;15;1;29;2300;3;1;1;8;6;87;1358, CHATEAUNEUF DU PAP;M;4410930.0;482049.0;840
31993;201500035509;15;1;31;1735;3;1;1;1;6;87;1541, CHATEAUNEUF DU PAP;M;4410845.0;482055.0;840
31994;201500035510;15;1;30;1845;2;1;1;1;1;87;ROUTE DE CHATEAUNEUF;;;;840
31995;201500035511;15;2;14;1035;1;2;3;8;3;87;1, FRERES MOUNET (PLACE;M;4413624.0;480942.0;840
31996;201500035512;15;2;27;2150;5;2;3;1;3;87;FACE 739, DALADIER (BD E;M;4413536.0;481221.0;840
31997;201500035513;15;12;3;1225;1;1;1;1;1;191;42 route des Sables;M;4639477.0;-127260.0;850
31998;201500035514;15;2;16;1940;5;2;1;2;6;191;31 BD DU MAL LECLERC;M;4666983.0;-143674.0;850
31999;201500035515;15;2;1;1535;1;1;1;1;1;191;ROUTE DE NESMY;M;4663313.0;-140588.0;850
32000;201500035517;15;4;3;820;1;2;1;1;2;191;AVENUE RABIN YITZHAK;M;4669771.0;42966.0;850
32001;201500035518;15;4;10;1755;1;2;1;1;3;191;32RUE PIERRE BROSSOLETTE;M;4668309.0;-143776.0;850
32002;201500035519;15;4;16;10;5;2;6;1;3;191;PLACE OLIVIER DE SERRES;M;4668140.0;-143554.0;850
32003;201500035520;15;4;27;800;1;2;9;1;6;191;81 BOULEVARD DES BELGES;M;4667429.0;-142218.0;850
32004;201500035522;15;5;4;1024;1;2;9;1;6;191;RUE RAYMOND POINCARE;M;4666893.0;-143360.0;850
32005;201500035523;15;5;20;1740;1;2;2;1;3;191;FOCH RUE DU MARECHAL;M;4667375.0;-142830.0;850
32006;201500035524;15;5;28;1615;1;2;1;1;1;191;1, GABORY RUE EMILE;;;;850
32007;201500035526;15;6;24;1847;1;1;1;1;6;191;1  BOULEVARD DU S DURAND;M;4666370.0;-145462.0;850
32008;201500035528;15;8;9;2210;3;1;1;1;6;191;D160;M;4639421.0;-128294.0;850
32009;201500035529;15;9;23;830;1;2;1;1;6;191;81, SERPENTINE RUE;M;4639444.0;-126026.0;850
32010;201500035530;15;9;24;740;5;1;2;2;6;191;MAZURELLE RUE GEORGES;;;;850
32011;201500035531;15;10;9;1610;1;2;9;1;6;191;56, rue d'Aubigny;M;4639204.0;-125564.0;850
32012;201500035532;15;10;12;1625;1;2;3;1;3;191;149 bd d'ITALIE;M;4640129.0;-124513.0;850
32013;201500035533;15;10;13;810;1;1;2;1;1;191;Bd Gaston GUITTON;M;4639345.0;-126253.0;850
32014;201500035534;15;10;13;1355;1;2;1;1;6;191;Tournefou;M;4638463.0;-126052.0;850
32015;201500035535;15;11;17;1735;2;1;1;3;6;191;Bd Louis Blanc;;;;850
32016;201500035536;15;10;29;1845;5;2;6;1;1;191;1 giratoire du Cotteau;;;;850
32017;201500035537;15;12;17;1205;1;1;1;1;3;191;Route de Nesmy;;;;850
32018;201500035538;15;12;20;1840;5;2;1;1;6;191;Bd Arago;;;;850
32019;201500035539;15;12;25;2330;5;1;1;1;6;166;Bd Vendée Globe;M;4650365.0;175910.0;850
32020;201500035540;15;3;14;1135;1;2;1;1;3;194;59 AVENUE D'AQUITAINE;M;4649368.0;-176356.0;850
32021;201500035541;15;12;29;1330;1;2;2;1;3;166;Rue du Maréchal Joffre;M;4652913.0;-175543.0;850
32022;201500035542;15;3;25;830;1;1;1;1;1;166;RD 32;M;4653419.0;-175095.0;850
32023;201500035543;15;12;28;630;5;1;6;1;3;166;Giratoire de la Vannerie;M;4651541.0;-175845.0;850
32024;201500035544;15;3;21;1520;1;2;6;1;1;166;ROND-POINT MITTERRAND;M;4651341.0;-177667.0;850
32025;201500035545;15;4;25;1820;1;2;2;1;3;194;AVENUE DU Gnl GAULLE;M;4649852.0;-178130.0;850
32026;201500035546;15;4;28;1950;1;2;1;1;6;194;04 PLACE DE STRASBOURG;M;4649117.0;-177310.0;850
32027;201500035547;15;8;12;1300;1;1;1;1;6;60;HERRIOT (PROMENADE EDOUA;M;4647037.0;174251.0;850
32028;201500035548;15;6;7;1155;1;2;1;1;6;194;PLACE DE SCHWABACH;M;4648783.0;-176528.0;850
32029;201500035549;15;5;7;1020;1;2;1;1;6;60;RUE DES PLESSES;M;4649385.0;-174943.0;850
32030;201500035550;15;5;16;1420;1;1;1;1;2;166;BOULEVARD VENDEE GLOBE;M;4651475.0;-175818.0;850
32031;201500035551;15;5;25;2045;1;2;1;1;6;194;13, SEMARD (RUE PIERRE);M;4649692.0;-178235.0;850
32032;201500035552;15;5;14;2250;5;2;6;2;3;166;ROND-POINT VANNERIE;M;4651545.0;-175905.0;850
32033;201500035553;15;6;10;1115;1;2;6;1;3;194;R-P ESTIENNE D'ORVES;M;4650283.0;-179852.0;850
32034;201500035554;15;6;27;1020;1;2;1;1;6;194;37 PROMENADE KENNEDY;M;4648812.0;-176872.0;850
32035;201500035555;15;7;9;1645;1;2;2;1;6;194;DELVAUT (RUE ERNEST);M;4649807.0;178047.0;850
32036;201500035556;15;7;8;1525;1;1;1;1;7;166;09, MARAICHERS (ROUTE DE;M;4652208.0;-179315.0;850
32037;201500035557;15;7;14;1130;1;2;1;1;1;194;21, BRETAGNE (AVENUE DE);;;;850
32038;201500035558;15;7;19;445;5;2;1;1;6;60;165, CLEMENCEAU (RUE GEO;M;4649106.0;-174782.0;850
32039;201500035560;15;8;20;1750;1;1;1;1;5;60;LATTRE DE TASSIGNY (BOUL;M;4647836.0;-175991.0;850
32040;201500035561;15;8;22;540;5;2;3;1;7;194;LAFARGUE (PROMENADE DE L;M;4647836.0;175991.0;850
32041;201500035563;15;8;22;1740;1;2;3;1;6;194;NICOT (RUE JEAN);M;4649875.0;-178332.0;850
32042;201500035564;15;8;7;1645;1;2;6;1;3;166;VENDEE GLOBE (BOULEVARD;M;4651371.0;178210.0;850
32043;201500035565;15;8;10;935;1;2;1;1;7;194;19, GARNIER (QUAI EMMANU;M;4649588.0;179072.0;850
32044;201500035566;15;8;14;1650;1;2;1;1;6;194;4, COLLINEAU (PLACE DU G;M;4649760.0;-178171.0;850
32045;201500035567;15;8;24;2018;1;2;1;1;2;194;13, ROUSSEAU-MECHIN (QUA;M;4649849.0;179676.0;850
32046;201500035568;15;10;13;1500;1;2;3;1;3;166;22, MITTERAND (AVENUE FR;M;4650799.0;-177719.0;850
32047;201500035569;15;10;23;1945;1;1;1;1;7;166;26, CHARMELLERIE (RUE DE;M;4652117.0;-176070.0;850
32048;201500035570;15;11;5;1645;1;2;3;2;6;166;ADER (RUE CLEMENT);M;4651787.0;-178093.0;850
32049;201500035571;15;11;3;1940;5;2;1;2;6;166;LANSIER (RUE EMILE);M;4653757.0;-177068.0;850
32050;201500035572;15;9;29;1645;1;2;1;1;6;166;100, MITTERAND (AVENUE F;M;4651254.0;177656.0;850
32051;201500035573;15;10;24;1245;1;2;1;1;6;194;18, ROUSSEAU-MECHIN (QUA;M;4649867.0;-179672.0;850
32052;201500035574;15;12;13;1240;1;2;1;1;6;166;120 rue G Clemenceau;M;4651492.0;179048.0;850
32053;201500035575;15;1;10;1835;5;2;1;2;6;194;RUE DU DOCTEUR LAENNEC;M;4649821.0;-176653.0;850
32054;201500035576;15;1;17;745;5;2;1;1;6;166;302 AVENUE F. MITTERAND;M;4653150.0;-177405.0;850
32055;201500035577;15;1;23;1245;1;2;2;1;3;166;253 AVENUE F. MITTERAND;M;4652855.0;-177442.0;850
32056;201500035578;15;1;27;1035;1;2;1;1;3;60;13 RUE G. CLEMENCEAU;M;4650309.0;-174452.0;850
32057;201500035579;15;1;28;1455;1;2;1;1;7;194;46 BD CASTELNEAU;M;4649300.0;-177429.0;850
32058;201500035580;15;2;11;1615;1;2;6;1;3;194;ROUTE DU TOUR DE FRANCE;M;4648556.0;-175396.0;850
32059;201500035583;15;1;8;1345;1;2;1;1;6;66;ABELIN (AVENUE PIERRE);;;;860
32060;201500035584;15;3;29;1000;1;2;3;2;3;66;CHATEAU (QUAI DU);M;4681886.0;54163.0;860
32061;201500035585;15;1;17;1606;1;2;1;1;2;66;6, HERSE (RUE DE L');M;4682512.0;55929.0;860
32062;201500035586;15;4;13;1840;1;2;1;2;2;66;10, HERSE (RUE DE L');M;4682521.0;55920.0;860
32063;201500035587;15;1;20;2036;5;2;1;1;2;66;36, LENCLOITRE (ROUTE DE;M;4681958.0;51234.0;860
32064;201500035588;15;4;15;1140;1;1;1;7;6;66;20, NAPOLEON 1ER (QUAI);M;4681673.0;54093.0;860
32065;201500035589;15;1;26;1340;1;2;1;1;3;66;12, RIPAULT (AVENUE LOUI;M;4682602.0;54507.0;860
32066;201500035590;15;4;25;2235;5;2;1;1;6;66;5, GRAVELINES (RUE DE);M;4680532.0;53317.0;860
32067;201500035591;15;5;5;1015;1;2;1;1;6;66;27, ABELIN (AVENUE PIERR;M;4680820.0;54323.0;860
32068;201500035592;15;5;6;1235;1;2;1;1;3;66;135, PAGE (AVENUE CAMILL;M;4680546.0;52913.0;860
32069;201500035593;15;5;16;1450;1;1;1;1;7;66;21, PLESSARD (RUE CHARLE;M;4680137.0;53338.0;860
32070;201500035594;15;5;29;1010;1;2;1;1;3;66;51, ANGELARDE (RUE DE L';M;4681419.0;53971.0;860
32071;201500035595;15;6;8;1120;1;1;9;1;6;66;DANGEARD (RUE);M;4683635.0;54232.0;860
32072;201500035596;15;6;22;1510;1;2;3;1;3;66;FOCH (AVENUE DU MAREC;M;4682571.0;56144.0;860
32073;201500035597;15;6;30;1835;1;2;1;1;2;66;Av Pierre MENDES FRANCEI;M;4679235.0;57031.0;860
32074;201500035598;15;7;3;2015;1;1;1;1;2;66;18, ABELIN (AVENUE PIERR;;;;860
32075;201500035600;15;7;9;1830;1;2;1;1;3;66;76 GRENADIER FRANCAIS;M;4681973.0;57840.0;860
32076;201500035601;15;7;15;1140;1;2;1;1;6;66;16, ABELIN (AVENUE PIERR;M;4680717.0;54297.0;860
32077;201500035603;15;8;4;2345;5;2;1;1;7;66;LYAUTEY (PONT);M;4679973.0;53800.0;860
32078;201500035604;15;8;15;800;1;2;1;2;7;66;0, DUPLEIX (PLACE);;;;860
32079;201500035605;15;9;12;1100;1;2;1;2;6;66;20, NAPOLEON 1ER (QUAI);M;4681673.0;54093.0;860
32080;201500035606;15;9;16;1350;1;2;1;3;7;66;FOMBEURE (RUE MAURICE);M;0.0;0.0;860
32081;201500035607;15;9;18;700;5;2;3;1;3;66;34, BLOSSAC (BOULEVARD D;M;4681625.0;54570.0;860
32082;201500035608;15;9;23;830;1;2;1;1;7;66;31, ABELIN (AVENUE PIERR;M;4680878.0;54335.0;860
32083;201500035610;15;9;23;1732;1;2;1;1;2;66;42, ABELIN (AVENUE PIERR;M;4681045.0;54369.0;860
32084;201500035612;15;9;26;1606;1;2;1;1;6;66;42, ABELIN (AVENUE PIERR;M;4681054.0;54371.0;860
32085;201500035613;15;9;29;1325;1;1;6;1;7;66;CHARLET(rond point de);M;4681871.0;56661.0;860
32086;201500035614;15;10;7;1210;1;2;1;2;1;66;30, NOBEL (RUE ALFRED);M;4683361.0;53665.0;860
32087;201500035616;15;10;27;1706;1;1;1;2;7;66;PLEUMARTIN (ROUTE DE);M;4681315.0;56973.0;860
32088;201500035618;15;11;4;1613;1;1;2;1;3;66;***, STADES (AVENUE DES);M;4681129.0;52739.0;860
32089;201500035619;15;11;5;1020;1;2;1;1;6;66;59, RIPAULT (AVENUE LOUI;M;4682842.0;54542.0;860
32090;201500035620;15;11;13;1740;2;2;6;2;6;66;***, WILTZER (ROND POINT;M;4681472.0;54464.0;860
32091;201500035621;15;11;15;2020;3;2;1;1;1;66;79, GAILLARD (RUE ROBERT;M;4680604.0;51993.0;860
32092;201500035622;15;11;18;1211;1;2;1;1;6;66;83, PAGE (AVENUE CAMILLE;M;4680343.0;52864.0;860
32093;201500035623;15;11;20;1620;1;2;2;3;6;66;***, TROIS PIGEONS (RUE;M;4681300.0;54512.0;860
32094;201500035624;15;11;21;1020;1;1;6;1;1;66;LE PAUTRON (RD 749);M;4678604.0;54653.0;860
32095;201500035625;15;11;27;1730;2;2;1;1;1;66;GUERIN (AVENUE PROF;M;4680262.0;54530.0;860
32096;201500035626;15;12;2;1150;1;2;1;1;6;66;AVENUE PIERRE ABELIN;M;4680543.0;54264.0;860
32097;201500035627;15;12;9;1340;1;2;1;1;6;66;16, ABELIN (AVENUE PIERR;M;4680716.0;54306.0;860
32098;201500035628;15;12;12;430;5;2;1;1;6;66;111, BLOSSAC (BOULEVARD;M;4681861.0;54526.0;860
32099;201500035630;15;3;21;555;5;2;2;1;6;194;PAILLERIE (RUE DE LA);M;0.0;0.0;860
32100;201500035631;15;1;10;655;5;2;6;2;2;194;JACQUES COEUR (AVENUE);M;4655869.0;39003.0;860
32101;201500035632;15;3;20;1825;1;2;1;2;5;194;ANDRE MALRAUX (VOIE);M;4658460.0;34567.0;860
32102;201500035633;15;1;10;1850;5;2;1;2;6;194;., ANDRE MALRAUX (VOIE);;;;860
32103;201500035634;15;3;23;940;1;2;1;1;2;157;908, CHAUVIGNY (ROUTE DE;M;4656383.0;40561.0;860
32104;201500035635;15;1;11;1845;5;2;1;1;1;194;89, ANATOLE FRANCE (BOUL;M;4657658.0;34542.0;860
32105;201500035636;15;3;23;1650;1;2;1;1;6;41;VINCENDERIE (RUE DE LA);M;4659584.0;34026.0;860
32106;201500035637;15;1;12;1800;5;2;2;1;2;194;., JEAN RICHARD BLOCH (R;M;4656835.0;34376.0;860
32107;201500035638;15;3;25;2025;5;2;2;1;2;194;PONT JOUBERT (BOULEVARD);M;4658106.0;35285.0;860
32108;201500035639;15;1;14;735;3;2;1;3;3;158;RN.149;;;;860
32109;201500035640;15;3;26;1210;1;2;6;2;5;194;NOUAILLE (ROUTE DE);M;4656377.0;36525.0;860
32110;201500035641;15;1;14;1025;1;2;1;1;6;194;7, PIERRE LEVEE (RUE DE;M;4657565.0;35486.0;860
32111;201500035642;15;3;26;1620;1;1;1;1;6;214;GENCAY (ROUTE DE);M;0.0;0.0;860
32112;201500035643;15;1;14;1155;1;2;1;1;6;194;LAFAYETTE (AVENUE DE);M;4657596.0;37546.0;860
32113;201500035644;15;4;3;1320;1;2;1;1;2;194;7, MARAT (BOULEVARD);M;4658647.0;37872.0;860
32114;201500035645;15;1;14;1835;5;2;1;1;2;194;7, REMPARTS (RUE DES);M;4657627.0;32934.0;860
32115;201500035647;15;1;14;2200;3;2;3;1;3;157;RN 147;;;;860
32116;201500035649;15;1;17;1100;1;2;1;1;3;194;22, LIBERATION (AVENUE D;M;4657277.0;32760.0;860
32117;201500035650;15;4;8;1905;1;2;1;1;4;214;ROCADE SUD EST (RD 162);M;4655188.0;32058.0;860
32118;201500035651;15;1;18;315;5;2;1;1;6;194;71, GRAND CERF (BOULEVAR;;;;860
32119;201500035652;15;4;9;1155;1;2;2;1;1;194;KLEBER (RUE);M;4658752.0;37439.0;860
32120;201500035653;15;1;23;1810;5;2;2;1;3;194;ROCADE EST (RD 162);;;;860
32121;201500035654;15;4;12;2225;5;2;3;1;2;194;119, PLATEAU DES GLIERES;M;4660529.0;32192.0;860
32122;201500035655;15;1;23;1920;5;2;1;1;4;194;13, BOIS D'AMOUR (RUE DU;M;4655551.0;30958.0;860
32123;201500035656;15;4;15;1305;1;1;1;1;6;214;ROCADE SUD EST (RD 162);M;4633066.0;0.0;860
32124;201500035657;15;1;24;1510;1;2;1;1;2;194;., ROCADE OUEST (RD 910);;;;860
32125;201500035658;15;4;17;1725;1;2;4;1;2;194;ROCADE EST (RD 162);M;0.0;0.0;860
32126;201500035659;15;1;24;1545;1;1;1;1;3;194;ROCADE OUEST (RD 910);;;;860
32127;201500035660;15;4;21;1245;1;2;3;1;2;194;., IASSY (AVENUE DE);M;4657219.0;39160.0;860
32128;201500035661;15;1;25;250;5;2;1;9;6;194;11 NOVEMBRE (AVENUE DU);;;;860
32129;201500035662;15;4;22;857;1;2;3;1;3;194;PONT ACHARD (BOULEVARD);M;4657781.0;33123.0;860
32130;201500035663;15;1;26;600;4;1;1;1;6;194;ROCADE OUEST (RD 910);;;;860
32131;201500035664;15;4;26;1855;1;2;1;1;2;194;76, GEORGES GUYNEMER (RU;M;4657737.0;32627.0;860
32132;201500035665;15;1;29;830;1;1;1;2;3;194;RN 147;;;;860
32133;201500035666;15;4;23;1700;1;2;2;1;3;157;RD 951;;;;860
32134;201500035667;15;1;29;1310;1;2;3;3;3;194;., GENETS (RUE DES);M;4656870.0;37008.0;860
32135;201500035668;15;4;27;1030;1;2;1;1;3;194;ROCADE EST (RD 162);M;4656719.0;36592.0;860
32136;201500035669;15;2;4;2045;5;2;3;1;3;194;FAUBOURG PONT NEUF (RUE;;;;860
32137;201500035670;15;5;3;1130;1;1;1;2;6;194;., ANDRE MALRAUX (VOIE);M;0.0;0.0;860
32138;201500035671;15;2;5;850;1;1;1;1;7;194;ROCADE EST (RD 162);;;;860
32139;201500035672;15;5;5;1945;1;1;1;1;6;194;169, FAUBOURG PONT NEUF;M;4657275.0;35867.0;860
32140;201500035673;15;2;9;1335;1;2;2;1;3;194;., FAUBOURG PONT NEUF (R;;;;860
32141;201500035674;15;5;9;1700;1;1;1;1;4;41;RN 147 BUXEROLLES;M;0.0;0.0;860
32142;201500035675;15;2;10;1550;1;2;1;1;3;194;24, GARENNE (RUE DE LA);;;;860
32143;201500035676;15;5;7;1145;1;2;1;1;2;194;NANTES (AVENUE DE);;;;860
32144;201500035678;15;5;9;1650;1;1;1;1;2;194;JACQUES COEUR (AVENUE);;;;860
32145;201500035679;15;2;11;1330;1;2;1;1;6;194;2, FIEF DE GRIMOIRE (RUE;M;4657217.0;33835.0;860
32146;201500035680;15;5;11;840;1;2;1;1;3;194;46, CHASSEIGNE (BOULEVAR;M;4658948.0;34680.0;860
32147;201500035681;15;2;14;2315;5;2;3;8;3;194;ANATOLE FRANCE (BOULEVAR;M;4657659.0;34512.0;860
32148;201500035682;15;5;11;1550;1;2;1;1;6;194;04, SALVADOR ALLENDE (RU;M;4658190.0;36976.0;860
32149;201500035683;15;2;16;730;2;1;2;5;3;194;BONNEUIL MATOURS (ROUTE;;;;860
32150;201500035684;15;5;7;1800;1;2;3;1;3;194;., IASSY (AVENUE DE);M;4656919.0;38862.0;860
32151;201500035685;15;2;19;1550;1;2;1;1;3;158;3, Rue de Chardonchamps;;;;860
32152;201500035686;15;5;17;100;3;1;1;8;6;157;RN 147;M;4652640.0;44213.0;860
32153;201500035687;15;2;20;1330;1;1;3;2;6;194;., NIMEGUE (RUE DE);;;;860
32154;201500035688;15;4;30;1930;1;1;1;1;6;194;6, ANCIENNE COMEDIE (RUE;M;4658085.0;34262.0;860
32155;201500035689;15;2;20;1650;1;1;1;2;4;194;RN 147;;;;860
32156;201500035690;15;5;20;1310;1;2;1;6;6;214;OCADE SUD EST (RD 162);M;0.0;0.0;860
32157;201500035691;15;2;22;130;3;1;1;9;6;41;RN 147 BUXEROLLES;;;;860
32158;201500035692;15;5;25;1645;1;2;1;1;2;194;40, LIBERATION (AVENUE D;M;4657194.0;32633.0;860
32159;201500035693;15;2;22;550;5;2;3;1;6;194;ROCADE EST (RD 162);;;;860
32160;201500035694;15;5;23;1012;1;2;1;1;2;194;152, FAUBOURG PONT NEUF;M;4657295.0;35817.0;860
32161;201500035695;15;2;24;850;1;2;2;1;6;194;VICTOR HUGO (RUE);;;;860
32162;201500035696;15;5;22;1455;1;2;2;1;3;194;ROCADE EST (RD 162);M;4656730.0;36588.0;860
32163;201500035697;15;2;27;15;5;1;1;1;6;158;RN.147;;;;860
32164;201500035698;15;5;26;1845;1;1;1;1;6;41;FRERES LUMIERE (RUE DES);M;4660973.0;36703.0;860
32165;201500035699;15;2;28;2100;5;2;2;2;3;194;., ROCADE OUEST (RD 910);;;;860
32166;201500035701;15;3;2;900;1;2;1;1;2;194;ROCADE OUEST (RD 910);;;;860
32167;201500035703;15;3;2;1215;1;1;1;1;6;88;;;;;860
32168;201500035704;15;6;1;1815;1;2;2;1;2;157;CHAUVIGNY (ROUTE DE);M;4656345.0;40873.0;860
32169;201500035705;15;3;4;630;5;2;3;1;3;214;ROCADE SUD EST (RD 162);;;;860
32170;201500035707;15;3;5;1610;1;2;1;1;2;194;JOHN KENNEDY (AVENUE);;;;860
32171;201500035709;15;3;5;2235;5;2;1;1;6;41;., FRANCOIS MITTERAND (A;M;4659746.0;36934.0;860
32172;201500035710;15;6;4;1815;1;2;2;1;6;194;ROCADE EST (RD 162);;;;860
32173;201500035711;15;3;8;2200;3;2;1;1;6;158;PARTHENAY (Rte de) RD 30;;;;860
32174;201500035712;15;6;12;1800;1;1;1;1;3;194;BONNES (ROUTE DE);M;4658700.0;43152.0;860
32175;201500035713;15;3;11;1500;1;2;1;1;4;194;ANATOLE FRANCE (BOULEVAR;M;4657787.0;35021.0;860
32176;201500035714;15;6;12;1925;1;2;1;1;6;194;131, GRAND CERF (BOULEVA;M;4658239.0;33423.0;860
32177;201500035715;15;3;11;2220;4;2;1;1;6;194;., RENE CASSIN (BOULEVAR;M;4657387.0;37734.0;860
32178;201500035716;15;6;12;1720;1;1;1;1;6;41;RN 147 BUXEROLLES;M;0.0;0.0;860
32179;201500035717;15;3;12;2105;5;2;1;1;3;194;48, CHASSEIGNE (BOULEVAR;M;4658843.0;34786.0;860
32180;201500035718;15;6;12;1800;1;1;1;1;6;194;111, GEORGES GUYNEMER (R;M;4657800.0;32161.0;860
32181;201500035719;15;3;13;150;5;2;1;1;6;194;ANDRE MALRAUX (VOIE);M;4657600.0;38914.0;860