;Num_Acc;an;mois;jour;hrmn;lum;agg;int;atm;col;com;adr;gps;lat;long;dep
32182;201500035720;15;6;15;1125;1;1;1;1;6;194;67, CHASSEIGNE (BOULEVAR;M;4635253.0;44417.0;860
32183;201500035721;15;6;13;1650;1;2;1;3;6;194;2, SAINTE CROIX (PLACE);M;4657986.0;34978.0;860
32184;201500035722;15;6;14;35;3;2;2;1;3;41;., ROMAINE (VOIE);M;4659768.0;35631.0;860
32185;201500035723;15;6;19;115;5;2;1;1;6;194;27 BIS, SOUS BLOSSAC (BO;M;4657202.0;32918.0;860
32186;201500035724;15;6;17;1845;1;2;1;1;3;194;RUE D' OSMOY;M;4656450.0;35111.0;860
32187;201500035725;15;6;18;1245;1;2;3;1;6;194;JOHN KENNEDY (AVENUE);M;0.0;0.0;860
32188;201500035726;15;6;19;1520;1;2;3;1;3;194;133, GEORGES GUYNEMER (R;M;4657824.0;31982.0;860
32189;201500035727;15;6;23;1925;1;2;1;1;4;194;ROCADE OUEST (RD 910);;;;860
32190;201500035729;15;6;25;1845;1;2;1;7;3;194;29, GEORGES GUYNEMER (RU;M;4657745.0;32691.0;860
32191;201500035730;15;6;26;1030;1;2;2;1;4;194;MILETRIE (RUE DE LA);M;4656352.0;38187.0;860
32192;201500035731;15;6;27;2030;1;2;1;1;2;194;FAUBOURG PONT NEUF (RUE;M;4657581.0;35394.0;860
32193;201500035732;15;6;26;2000;1;2;1;1;6;194;JOHN KENNEDY (AVENUE);M;0.0;0.0;860
32194;201500035733;15;6;29;1550;1;1;1;1;2;158;RN.147;M;0.0;0.0;860
32195;201500035734;15;6;30;1840;1;2;1;1;3;194;28 BIS, CHAMPS BALAIS (R;M;4656724.0;37147.0;860
32196;201500035735;15;7;1;820;1;2;1;1;4;194;16, MAILLOCHON (RUE DE);M;4658438.0;33243.0;860
32197;201500035736;15;7;6;1715;1;2;2;1;4;194;11 NOVEMBRE (AVENUE DU);M;4656470.0;35575.0;860
32198;201500035737;15;7;7;845;1;2;1;1;3;194;40, PIERRE DE COUBERTIN;M;4658852.0;36538.0;860
32199;201500035738;15;7;6;2025;1;1;1;1;6;214;GENCAY (ROUTE DE);M;4654400.0;35411.0;860
32200;201500035739;15;7;2;1845;1;2;1;1;4;194;67, ANATOLE FRANCE (BOUL;M;4657675.0;34635.0;860
32201;201500035740;15;7;9;2130;1;2;3;1;6;214;11 NOVEMBRE (AVENUE DU);M;0.0;0.0;860
32202;201500035741;15;7;12;945;1;1;1;1;1;88;RN.10;M;0.0;0.0;860
32203;201500035743;15;7;16;920;1;2;2;1;6;194;11 NOVEMBRE (AVENUE DU);M;0.0;0.0;860
32204;201500035744;15;7;18;1310;1;2;2;1;3;194;11 NOVEMBRE (AVENUE DU);M;0.0;0.0;860
32205;201500035745;15;7;19;805;1;2;2;1;1;194;., RHIN ET DANUBE (AVENU;M;4656830.0;34377.0;860
32206;201500035746;15;7;20;800;1;2;1;1;2;194;RN 147;M;0.0;0.0;860
32207;201500035747;15;7;16;1349;1;2;1;1;4;194;47, CHASSEIGNE (BOULEVAR;M;4658890.0;34747.0;860
32208;201500035748;15;7;21;1810;1;2;1;1;6;194;COMMERCE (RUE DU);M;4656610.0;34942.0;860
32209;201500035749;15;7;22;1355;1;2;1;1;2;194;123, PLATEAU DES GLIERES;M;4660547.0;32172.0;860
32210;201500035750;15;7;21;1445;1;2;2;1;2;194;Route de Parthenay;;;;860
32211;201500035751;15;7;22;705;1;1;1;1;3;194;RN 147;M;0.0;0.0;860
32212;201500035752;15;7;23;1425;1;2;1;1;1;41;95, DEUX COMMUNES (RUE D;M;4659357.0;36496.0;860
32213;201500035753;15;7;27;1745;1;1;1;1;4;157;RN 147;;;;860
32214;201500035754;15;7;27;1830;1;2;1;1;6;158;1, LOUIS PASTEUR (RUE);M;4662076.0;31127.0;860
32215;201500035755;15;7;29;2240;3;1;1;1;7;158;VOUILLE (RUE DE);;;;860
32216;201500035756;15;7;31;535;5;2;3;1;6;41;16, CHARLETTERIE (RUE DE;M;4659029.0;36891.0;860
32217;201500035757;15;8;5;1615;1;2;2;1;2;194;JACQUES COEUR (AVENUE);M;4657085.0;37008.0;860
32218;201500035758;15;8;6;1330;1;2;1;1;3;194;46, CHASSEIGNE (BOULEVAR;M;4658912.0;34715.0;860
32219;201500035759;15;8;6;1410;1;2;1;1;3;194;237, PARIS (AVENUE DE);M;4661764.0;35119.0;860
32220;201500035760;15;8;8;530;3;1;1;1;6;194;GENCAY (ROUTE DE);M;4655504.0;34983.0;860
32221;201500035761;15;8;8;1510;1;2;2;1;3;214;ROCADE SUD EST (RD 162);M;4633116.0;18349.0;860
32222;201500035762;15;8;12;2050;1;2;1;1;6;194;141, PARIS (AVENUE DE);M;4660517.0;34466.0;860
32223;201500035763;15;8;13;730;2;2;3;1;6;194;IASSY (AVENUE DE);M;4657137.0;39262.0;860
32224;201500035764;15;8;15;1520;1;2;1;1;3;194;NORTHAMPTON (AVENUE DE);M;4658384.0;38186.0;860
32225;201500035765;15;8;15;1945;1;2;1;1;6;194;ROCADE OUEST (RD 910);M;4657130.0;31172.0;860
32226;201500035766;15;8;18;605;5;2;2;1;6;194;PLATEAU DES GLIERES;M;4660151.0;32428.0;860
32227;201500035767;15;8;18;2215;4;2;1;1;3;194;171, PARIS (AVENUE DE);M;4660787.0;34660.0;860
32228;201500035768;15;8;19;1530;1;1;1;1;2;194;BONNES (ROUTE DE);M;4658433.0;39370.0;860
32229;201500035770;15;8;27;1450;1;1;1;1;4;194;89, GRAND CERF (BOULEVAR;M;4658337.0;33518.0;860
32230;201500035771;15;8;28;905;1;2;2;1;1;194;JOHN KENNEDY (AVENUE);M;4650000.0;36000.0;860
32231;201500035772;15;8;30;600;3;1;1;1;7;158;RN.149;;;;860
32232;201500035773;15;8;30;140;5;2;1;1;1;194;30/40, COURONNERIES (RUE;M;4659128.0;35450.0;860
32233;201500035774;15;8;31;2350;5;2;3;1;6;194;COURS (PROMENADE DES);M;4657248.0;33833.0;860
32234;201500035775;15;9;2;1530;1;2;1;1;2;158;., POITIERS (RUE DE);M;4661000.0;31000.0;860
32235;201500035776;15;8;8;1650;1;2;2;1;6;194;Rue de la Marne;M;4658204.0;33818.0;860
32236;201500035777;15;9;3;1255;1;2;3;1;3;194;., RECTEUR PINEAU (AVENU;M;4657070.0;37600.0;860
32237;201500035778;15;6;25;445;3;1;1;1;1;133;RN.10;;;;860
32238;201500035779;15;9;6;1755;1;2;1;1;3;194;156, PARTHENAY (Rte de);M;0.0;0.0;860
32239;201500035780;15;9;5;650;5;1;1;1;6;194;RN 147;M;4661960.0;34122.0;860
32240;201500035781;15;9;8;1840;1;2;3;1;3;194;CONCORDE BOULEVARD;M;4656558.0;34831.0;860
32241;201500035782;15;9;9;1805;1;1;1;1;6;158;RN.149;M;4637000.0;14000.0;860
32242;201500035783;15;9;9;1315;1;1;2;1;2;194;ROCADE OUEST (RD 910);M;4659940.0;32122.0;860
32243;201500035785;15;9;11;1415;1;2;1;1;1;194;SAVARI (BOULEVARD);M;4657410.0;38461.0;860
32244;201500035786;15;9;7;1400;1;2;3;1;5;194;THEODORE LEFEBVRE (RUE);M;4656910.0;38864.0;860
32245;201500035787;15;9;16;740;2;1;1;3;6;194;ROCADE OUEST (RD 910);M;4657570.0;31394.0;860
32246;201500035788;15;9;16;1125;1;1;1;3;1;214;GENCAY (ROUTE DE);;;;860
32247;201500035790;15;9;17;849;1;2;1;1;3;194;79, LIBERATION (AVENUE D;M;4656890.0;32194.0;860
32248;201500035791;15;9;17;1210;1;2;3;1;3;194;NANTES (AVENUE DE);;;;860
32249;201500035792;15;9;17;2050;5;2;3;1;3;194;., PONT ACHARD (BOULEVAR;M;4634402.0;119522.0;860
32250;201500035793;15;9;17;1355;1;2;2;1;1;194;NANTES (AVENUE DE);M;4658501.0;33036.0;860
32251;201500035795;15;9;21;805;1;2;3;1;6;194;73, LIBERATION (AVENUE D;M;0.0;0.0;860
32252;201500035796;15;9;18;1405;1;2;1;1;2;194;8 MAI 1945 (AVENUE DU);M;4655420.0;30680.0;860
32253;201500035797;15;9;22;1330;1;2;1;1;2;194;CHARLES MARTEL (PLACE);M;4659060.0;33938.0;860
32254;201500035798;15;9;24;1425;1;1;1;1;6;158;RN.149;;;;860
32255;201500035799;15;9;25;1830;1;1;1;1;6;194;BONNEUIL MATOURS (ROUTE;;;;860
32256;201500035800;15;9;26;1535;1;2;2;1;3;194;JOHN KENNEDY (AVENUE);M;4658936.0;65977.0;860
32257;201500035801;15;9;26;1935;1;2;1;1;6;194;., LAFAYETTE (AVENUE DE);M;4657000.0;37331.0;860
32258;201500035802;15;9;28;830;1;2;2;1;2;194;JOHN KENNEDY (AVENUE);M;4658200.0;36760.0;860
32259;201500035803;15;9;29;1655;1;2;7;1;2;194;JEAN DE BERRY (PLACE);M;4659009.0;34077.0;860
32260;201500035804;15;10;3;2320;5;2;8;1;2;194;JOHN KENNEDY (AVENUE);M;0.0;0.0;860
32261;201500035805;15;10;5;715;2;2;2;2;3;194;PARTHENAY (Rte de) (RD 3;M;4659950.0;32155.0;860
32262;201500035806;15;10;6;715;2;2;1;1;3;194;2, PLATEAU DES GLIERES (;M;4659792.0;32669.0;860
32263;201500035807;15;10;6;1725;1;2;3;1;1;194;MONTBERNAGE (RUE DE);M;4658331.0;36204.0;860
32264;201500035808;15;10;14;1145;1;1;1;1;6;194;250, SAINT ELOI (RUE DE);M;4658989.0;37768.0;860
32265;201500035810;15;10;11;1420;1;2;7;1;2;194;11, SALVADOR ALLENDE (RU;M;4658162.0;37344.0;860
32266;201500035811;15;10;10;1745;1;2;1;1;6;194;2, REVOLUTION (AVENUE DE;M;4658647.0;38150.0;860
32267;201500035812;15;10;9;2150;5;2;3;1;4;194;348, NANTES (AVENUE DE);M;4659293.0;32871.0;860
32268;201500035813;15;10;12;1830;1;2;1;1;2;194;100, PLATEAU DES GLIERES;M;4660431.0;32255.0;860
32269;201500035814;15;10;14;2108;5;2;2;1;3;194;11 NOVEMBRE (AVENUE DU);M;0.0;0.0;860
32270;201500035815;15;10;14;1805;1;2;1;1;6;194;., JEAN DE BERRY (PLACE);M;4659036.0;34000.0;860
32271;201500035816;15;10;16;1850;2;2;1;1;6;194;235/237, NANTES (AVENUE;M;4658806.0;33011.0;860
32272;201500035817;15;10;17;1950;5;1;1;1;6;214;ROCADE SUD EST (RD 162);M;0.0;0.0;860
32273;201500035818;15;10;20;750;1;2;2;1;6;194;IASSY (AVENUE DE);M;4657049.0;39058.0;860
32274;201500035819;15;10;20;1030;1;1;1;1;4;194;RN 147;;;;860
32275;201500035820;15;10;20;1650;1;1;3;1;3;157;RN 147;M;0.0;0.0;860
32276;201500035821;15;10;20;1540;1;1;6;1;3;194;JACQUES COEUR (AVENUE);M;4655343.0;39928.0;860
32277;201500035822;15;10;20;1640;1;2;2;1;3;194;Route de Parthenay;M;0.0;0.0;860
32278;201500035823;15;10;21;2012;2;1;1;1;2;214;NOUAILLE (ROUTE DE);M;4653220.0;39841.0;860
32279;201500035825;15;10;23;1315;1;2;1;1;6;194;40, RECTEUR PINEAU (AVEN;M;4650000.0;38600.0;860
32280;201500035826;15;10;23;1619;1;2;2;1;3;194;., DOLMEN (RUE DU);M;4657433.0;36173.0;860
32281;201500035827;15;10;27;1025;1;2;2;1;3;194;., CARMES (RUE DES);M;4658172.0;35014.0;860
32282;201500035828;15;10;29;1740;1;1;3;1;3;157;., Rue des Entrepreneurs;M;4653000.0;40200.0;860
32283;201500035829;15;10;30;1740;2;2;1;1;6;194;33, PAUL VERLAINE (RUE);M;4656725.0;35951.0;860
32284;201500035830;15;10;30;358;5;2;1;1;6;194;169, PARIS (AVENUE DE);M;4660714.0;34610.0;860
32285;201500035831;15;10;30;1825;5;2;1;1;6;194;48, JEAN JAURES (RUE);M;4658081.0;34579.0;860
32286;201500035832;15;11;2;755;1;2;3;1;3;194;14, MARAT (BOULEVARD);M;4658687.0;37823.0;860
32287;201500035833;15;11;2;1900;5;2;1;1;4;194;77, LIBERATION (AVENUE D;M;4656980.0;32344.0;860
32288;201500035834;15;11;3;1220;1;2;1;1;6;194;9, TRAIT TABOULEAU (RUE;M;4659647.0;33535.0;860
32289;201500035835;15;10;30;1515;1;2;2;1;3;194;JACQUES COEUR (AVENUE);M;4656358.0;38200.0;860
32290;201500035837;15;11;1;1615;1;1;1;1;2;194;PARTHENAY (Rte de) (RD 3;;;;860
32291;201500035838;15;11;5;1545;1;2;1;1;3;194;2, MILETRIE (RUE DE LA);M;4656028.0;37722.0;860
32292;201500035839;15;11;6;1705;1;2;1;1;6;194;ROBERT SCHUMAN (AVENUE);M;4658950.0;35871.0;860
32293;201500035840;15;11;6;2300;5;2;1;2;6;194;4 bis, HENRI OUDIN (RUE);M;4658190.0;34211.0;860
32294;201500035841;15;11;7;1935;5;2;1;1;3;194;11 NOVEMBRE (AVENUE DU);M;4656730.0;36588.0;860
32295;201500035842;15;11;11;715;2;2;1;1;6;194;79, LIBERATION (AVENUE D;M;4534108.0;19238.0;860
32296;201500035843;15;11;15;2250;5;2;1;1;6;194;2, MILETRIE (RUE DE LA);M;4655620.0;38689.0;860
32297;201500035844;15;11;13;1800;1;1;1;1;6;194;JOHN KENNEDY (AVENUE);;;;860
32298;201500035845;15;11;13;1655;1;2;1;1;6;194;JOHN KENNEDY (AVENUE);;;;860
32299;201500035846;15;11;16;1355;1;2;1;1;2;194;47, CONDORCET (RUE);M;4659192.0;33478.0;860
32300;201500035848;15;11;18;920;1;1;3;1;4;157;NOUAILLE (ROUTE DE);M;4654532.0;38724.0;860
32301;201500035849;15;11;18;1715;2;2;1;2;6;194;., ANDRE MALRAUX (VOIE);M;4658692.0;35024.0;860
32302;201500035850;15;11;18;1915;5;2;2;2;6;194;11 NOVEMBRE (AVENUE DU);M;4656488.0;35688.0;860
32303;201500035851;15;11;19;840;1;1;1;1;3;41;RN 147 BUXEROLLES;M;4661730.0;36075.0;860
32304;201500035852;15;11;19;800;1;2;1;1;4;194;87, PONT JOUBERT (BOULEV;M;4657832.0;35108.0;860
32305;201500035853;15;11;23;525;5;2;1;2;6;41;PIC VERT (RUE DU);M;4659358.0;37410.0;860
32306;201500035854;15;11;20;2150;1;1;1;1;6;194;8, SABLONNIERES (RUE DES;M;4656727.0;33836.0;860
32307;201500035855;15;11;23;1340;1;2;1;1;1;194;79, NANTES (AVENUE DE);M;4658690.0;33584.0;860
32308;201500035856;15;11;24;2050;5;2;3;2;6;194;0, BEAULIEU (RUE DE);M;4657564.0;36804.0;860
32309;201500035857;15;11;25;1900;3;1;3;2;3;214;NOUAILLE (ROUTE DE);M;4654549.0;38698.0;860
32310;201500035859;15;11;26;1105;1;2;2;1;5;194;ROCADE EST (RD 162);;;;860
32311;201500035860;15;12;1;1727;2;2;1;1;7;27;ERMITAGE (RUE DE L');M;4657561.0;30165.0;860
32312;201500035861;15;12;1;2020;3;1;1;1;2;157;3229, LIMOGES (ROUTE DE);M;4653351.0;43089.0;860
32313;201500035862;15;12;3;1910;5;2;1;1;6;194;16, RECTEUR PINEAU (AVEN;M;4656824.0;38629.0;860
32314;201500035863;15;12;3;1330;1;2;1;1;3;194;28,BOUL  JEANNE D'ARC;M;4658791.0;33992.0;860
32315;201500035864;15;12;6;1700;1;1;1;1;2;157;141, LIMOGES (ROUTE DE);M;4654337.0;41477.0;860
32316;201500035865;15;12;7;810;1;2;1;1;1;194;., CHASSEIGNE (BOULEVARD;M;4658956.0;34653.0;860
32317;201500035866;15;12;7;1650;1;2;1;1;6;194;ROCADE EST (RD 162);M;4656933.0;36965.0;860
32318;201500035867;15;12;12;235;5;2;2;1;6;194;1, HOPITAL DES CHAMPS (R;M;4659249.0;34040.0;860
32319;201500035868;15;12;12;1415;1;2;3;1;1;194;., RENE CASSIN (BOULEVAR;M;4657540.0;37630.0;860
32320;201500035869;15;12;15;1705;5;2;2;2;3;194;ROBERT SCHUMAN (AVENUE);M;4658990.0;35547.0;860
32321;201500035870;15;12;15;1840;5;2;2;1;3;194;11 NOVEMBRE (AVENUE DU);M;4656720.0;36555.0;860
32322;201500035872;15;12;16;1540;1;2;3;1;3;194;8 MAI 1945 (AVENUE DU);M;4655611.0;30861.0;860
32323;201500035873;15;12;18;800;2;2;1;1;2;194;7, JEANNE D'ARC (BOULEVA;M;4658954.0;34032.0;860
32324;201500035874;15;12;18;830;1;2;1;1;4;194;194, PARIS (AVENUE DE);M;4661046.0;34827.0;860
32325;201500035875;15;12;22;1810;5;2;1;1;6;194;32, GRAND CERF (BOULEVAR;M;4658627.0;33827.0;860
32326;201500035876;15;12;31;1152;1;2;3;2;3;85;97, BRIAND (RUE ARISTIDE;;;;870
32327;201500035877;15;3;17;1712;1;2;2;1;3;50;0, BUXEROLLES (ROUTE DE);;;;870
32328;201500035878;15;3;19;834;1;2;1;1;6;85;40, FRANCE (RUE ANATOLE);;;;870
32329;201500035879;15;3;19;1629;1;2;3;1;3;85;48, THOMAS (AVENUE ALBER;;;;870
32330;201500035880;15;3;23;1847;2;2;1;1;2;65;0, LIBERATION (AVENUE DE;;;;870
32331;201500035881;15;3;20;1345;1;2;1;2;1;85;94, SAINT GENCE (RUE DE);;;;870
32332;201500035882;15;3;19;1250;1;2;1;1;6;85;VALOINE (BOULEVARD DE LA;;;;870
32333;201500035883;15;1;3;1245;1;2;1;2;1;85;RD 947;M;4585590.0;124767.0;870
32334;201500035884;15;3;18;2114;5;2;2;1;3;85;21, HUGO (BOULEVARD VICT;;;;870
32335;201500035885;15;3;20;1814;1;2;2;2;6;85;51, GAMBETTA (BOULEVARD);;;;870
32336;201500035886;15;1;3;2105;4;1;1;3;6;85;AUTOROUTE;M;4582780.0;128307.0;870
32337;201500035887;15;3;24;2243;5;2;1;2;6;50;134, LIMOGES (AVENUE DE);;;;870
32338;201500035888;15;3;26;1050;1;2;3;1;3;85;9, ISLY (RUE D');;;;870
32339;201500035889;15;3;31;1218;1;2;1;2;2;65;VALIN (AVENUE MARTIAL);M;4581800.0;130207.0;870
32340;201500035890;15;4;1;1217;1;2;3;1;3;85;20, BEAUBLANC (BOULEVARD;;;;870
32341;201500035891;15;4;1;1702;1;2;1;1;6;85;9, ISLY (RUE D');;;;870
32342;201500035892;15;4;6;2005;1;2;1;1;6;114;6, BETOULLE (AVENUE LEON;;;;870
32343;201500035893;15;4;5;1425;1;1;1;1;1;75;RN 21;M;4578520.0;118907.0;870
32344;201500035894;15;4;6;2353;5;2;2;1;3;85;24, MONTEGUT (RUE EMILE);;;;870
32345;201500035895;15;4;6;1917;1;2;1;1;5;85;107, BAUDIN ( AVENUE) (V;;;;870
32346;201500035896;15;4;3;503;5;1;1;1;6;85;AUTOROUTE A20;M;4583990.0;128089.0;870
32347;201500035898;15;4;8;1106;1;1;1;1;2;85;28, ESSARTS (RUE DES);M;4589520.0;129723.0;870
32348;201500035899;15;4;12;1232;1;2;1;1;6;85;53, DUMAS (AVENUE GEORGE;;;;870
32349;201500035900;15;4;13;1445;1;2;1;1;3;85;246, LECLERC (AVENUE DU;;;;870
32350;201500035902;15;4;5;1310;1;2;1;1;6;113;CARNOT (AVENUE SADI);M;4586720.0;132438.0;870
32351;201500035903;15;4;9;1721;1;2;1;1;6;85;23, BUISSON (RUE FERDINA;;;;870
32352;201500035904;15;4;11;833;1;2;2;1;3;85;BORIE (BOULEVARD DE LA);;;;870
32353;201500035905;15;4;12;1740;1;2;1;1;6;85;114, LECLERC (AVENUE DU;;;;870
32354;201500035906;15;4;13;1713;1;2;1;1;2;85;17, LABUSSIERE (AVENUE E;;;;870
32355;201500035907;15;4;13;1128;1;1;1;1;1;65;RD 979 LES CHABANNES;M;4580750.0;135569.0;870
32356;201500035908;15;4;15;1707;1;2;3;1;3;85;150, NEXON (RUE DE);M;4581210.0;125776.0;870
32357;201500035909;15;4;15;1554;1;2;1;1;3;85;18, JAURES (RUE JEAN);;;;870
32358;201500035910;15;11;18;1842;2;2;2;2;6;85;29, GARIBALDI (AVENUE);;;;870
32359;201500035911;15;4;18;306;5;2;1;1;6;85;116, LECLERC (AVENUE DU;;;;870
32360;201500035912;15;1;6;1800;5;2;1;2;2;85;31, FOUCAUD (AVENUE);;;;870
32361;201500035913;15;4;21;1442;1;2;1;1;6;114;03, BETOULLE (AVENUE LEO;;;;870
32362;201500035914;15;4;21;1313;1;2;1;1;3;85;23, MAUVENDIERE (RUE DE;;;;870
32363;201500035915;15;1;7;1240;1;1;1;1;2;85;0, GROSSEREIX (ROND POIN;;;;870
32364;201500035917;15;4;4;425;3;1;1;1;6;85;347, BAUDIN ( AVENUE) (V;M;4580750.0;123862.0;870
32365;201500035918;15;1;8;915;1;1;1;1;3;85;AUTOROUTE A20;M;4585040.0;127616.0;870
32366;201500035919;15;4;24;1720;1;1;1;1;4;85;AUTOROUTE A20;M;4587680.0;128780.0;870
32367;201500035920;15;4;26;2149;5;2;2;2;3;85;141, PERRIN (RUE FRANCOI;;;;870
32368;201500035921;15;4;27;914;1;2;1;2;6;85;12, TROMPILLON (RUE LEON;;;;870
32369;201500035922;15;4;30;1030;1;2;1;1;6;85;48, JAURES (RUE JEAN);;;;870
32370;201500035923;15;5;1;1825;1;1;1;2;6;85;ANGUERNAUD (RUE D');M;4588330.0;131828.0;870
32371;201500035924;15;5;3;1144;1;2;1;2;6;85;ALLENDE (QUAI SALVADOR);M;4582110.0;126283.0;870
32372;201500035925;15;5;2;1644;1;2;1;3;6;85;33, COMTE (RUE AUGUSTE);;;;870
32373;201500035926;15;5;2;1915;2;2;2;3;3;85;0, LEBON (RUE PHILIPPE);;;;870
32374;201500035927;15;5;5;1548;1;2;1;1;3;85;11, TARRADE (AVENUE ADRI;;;;870
32375;201500035928;15;1;9;750;2;2;1;2;6;114;75, BLUM (AVENUE LEON-);M;4583150.0;130173.0;870
32376;201500035929;15;5;6;226;5;2;1;1;6;85;18, LOCARNO (AVENUE);;;;870
32377;201500035931;15;5;7;718;1;2;1;1;2;85;0, EUROPE (CARREFOUR DE;;;;870
32378;201500035932;15;1;9;1814;5;2;2;1;3;85;32, HUGO (BOULEVARD VICT;;;;870
32379;201500035933;15;5;8;1544;1;2;2;1;3;85;8BIS, JAURES (RUE JEAN);;;;870
32380;201500035934;15;5;9;1215;1;2;1;1;6;85;89, BAC (RUE THEODORE);;;;870
32381;201500035935;15;5;18;740;1;1;1;1;2;50;D35;M;4588950.0;118411.0;870
32382;201500035936;15;5;19;2111;2;2;2;1;3;85;MAS-BOUYOL  (CITE ET BOU;;;;870
32383;201500035937;15;5;22;743;1;1;3;1;3;48;NEXON (ROUTE DE);M;4579830.0;125198.0;870
32384;201500035938;15;5;21;1940;1;2;1;1;6;85;11, VALADON (RUE SUZANNE;;;;870
32385;201500035941;15;5;28;946;1;2;1;1;3;85;57, BAUDIN ( AVENUE) (VC;;;;870
32386;201500035943;15;1;10;1931;5;1;1;2;6;85;AUTOROUTE A20;M;4582820.0;128273.0;870
32387;201500035945;15;1;10;2123;5;2;3;2;3;85;117, THUILLAT (RUE VICTO;;;;870
32388;201500035946;15;6;3;1730;1;2;1;1;2;85;0, BEAUBREUIL (AVENUE DE;;;;870
32389;201500035947;15;6;5;207;3;1;1;1;6;48;0, SOLIGNAC (RUE DE);;;;870
32390;201500035948;15;6;6;46;3;1;1;1;6;85;76, FRAUD (RUE DU);;;;870
32391;201500035949;15;1;11;1800;5;2;1;1;6;85;53, DUMAS (AVENUE GEORGE;;;;870
32392;201500035950;15;6;8;1633;1;2;1;1;6;85;22, VAUBAN (BOULEVARD);;;;870
32393;201500035951;15;6;11;153;5;2;1;1;6;85;220, DUTREIX (RUE ARMAND;;;;870
32394;201500035953;15;6;10;1329;1;2;1;1;6;85;94, SAINT GENCE (RUE DE);;;;870
32395;201500035954;15;6;11;1520;1;2;6;1;3;85;RD914;M;4589600.0;130203.0;870
32396;201500035955;15;6;5;705;2;2;3;1;3;85;137, LATTRE-DE-TASSIGNY;M;4582560.0;127882.0;870
32397;201500035956;15;6;9;424;5;1;1;1;2;85;AUTOROUTE A20;M;4583890.0;128180.0;870
32398;201500035958;15;6;10;1216;1;2;2;1;3;85;46, ISLE (RUE D');;;;870
32399;201500035959;15;6;13;1923;1;2;6;1;1;85;MONNET (RUE JEAN);M;4586000.0;128737.0;870
32400;201500035960;15;6;13;1429;1;2;3;1;3;85;0, LATTRE-DE-TASSIGNY (A;M;4582700.0;128335.0;870
32401;201500035961;15;1;12;1917;5;2;2;1;3;85;PONT NEUF;M;4582600.0;126802.0;870
32402;201500035963;15;6;16;745;1;2;3;1;3;85;49, MONTJOVIS (AVENUE);;;;870
32403;201500035964;15;6;10;1223;1;1;1;2;6;65;AUTOROUTE A20;M;4581970.0;129163.0;870
32404;201500035966;15;6;17;1712;1;2;1;1;6;85;7, GAGNANT (AVENUE JEAN);;;;870
32405;201500035967;15;6;18;2333;5;2;2;1;1;85;32, BAUDIN ( AVENUE) (VC;;;;870
32406;201500035968;15;6;22;1135;1;2;6;1;3;85;116, SABLARD (AVENUE DE);;;;870
32407;201500035969;15;6;19;1556;1;2;1;1;6;65;RD979;M;4581850.0;129969.0;870
32408;201500035970;15;6;22;2206;5;1;6;1;3;85;0, GROSSEREIX (ROND POIN;M;4589330.0;129139.0;870
32409;201500035971;15;6;23;1850;1;2;3;1;3;85;2, KING (AVENUE MARTIN L;;;;870
32410;201500035972;15;6;24;1840;1;2;1;1;2;114;3, WALLON (AVENUE HENRI-;;;;870
32411;201500035973;15;6;24;2015;1;2;1;1;2;85;9, FEYTIAT (RUE DE);M;4582510.0;127930.0;870
32412;201500035974;15;6;26;1632;1;2;6;1;6;65;FEYTIAT (RUE DE);M;4581800.0;129487.0;870
32413;201500035975;15;1;15;1339;1;2;1;1;6;85;06, JAURES (RUE JEAN);;;;870
32414;201500035976;15;6;26;1658;1;2;1;1;6;85;4, SAINTE CLAIRE (RUE);;;;870
32415;201500035978;15;1;15;1718;1;2;1;1;7;113;05, FERRY (RUE JULES);;;;870
32416;201500035979;15;6;30;1402;1;1;1;1;1;85;353, BAUDIN (AVENUE) ( R;M;4578230.0;119693.0;870
32417;201500035980;15;6;30;1528;1;2;1;1;6;85;21, LECLERC (AVENUE DU G;;;;870
32418;201500035982;15;7;3;1017;1;2;1;1;6;85;53, GAMBETTA (BOULEVARD);;;;870
32419;201500035983;15;7;3;1811;1;2;3;1;3;85;23, THOMAS (AVENUE ALBER;;;;870
32420;201500035984;15;7;4;949;1;2;1;1;1;85;86, MONTJOVIS (AVENUE);;;;870
32421;201500035985;15;7;8;1618;1;2;1;1;6;85;01, CORDERIE (BOULEVARD;;;;870
32422;201500035986;15;7;9;2109;2;1;3;1;3;65;65, THAVENOT (RUE GABRIE;;;;870
32423;201500035987;15;7;11;2011;1;2;6;1;3;85;25, VAUCANSON (RUE DE);;;;870
32424;201500035988;15;7;10;1821;1;2;1;1;6;85;01, MAS-BOUYOL  (CITE ET;;;;870
32425;201500035989;15;1;16;1107;1;2;1;2;6;113;74, JAURES (RUE JEAN);M;4586180.0;132257.0;870
32426;201500035990;15;7;15;1700;1;2;1;1;3;85;07, GODDET (RUE JACQUES);;;;870
32427;201500035991;15;1;16;1346;1;1;3;1;3;85;22, RD39;M;4590590.0;129117.0;870
32428;201500035992;15;7;13;2009;1;2;1;1;3;85;71, SABLARD (AVENUE DE);;;;870
32429;201500035993;15;7;17;1559;1;2;3;1;3;114;27, LAGRANGE (AVENUE LEO;;;;870
32430;201500035994;15;7;19;1748;1;2;1;1;2;85;BOURNEVILLE (RUE DE);;;;870
32431;201500035995;15;7;20;1118;1;1;1;1;6;85;45, CONQUE (RUE DE LA);;;;870
32432;201500035996;15;1;19;754;2;2;2;2;6;65;GUINGOUIN ( ROND POINT G;M;4581390.0;132110.0;870