;Num_Acc;an;mois;jour;hrmn;lum;agg;int;atm;col;com;adr;gps;lat;long;dep
32433;201500035997;15;7;21;1113;1;2;1;1;3;85;47BIS, MONTJOVIS (AVENUE;;;;870
32434;201500035998;15;7;18;1531;1;1;1;1;4;85;AUTOROUTE A20;M;4592390.0;130136.0;870
32435;201500035999;15;7;11;2146;2;2;1;1;6;85;06, DUSSOUBS (PLACE DENI;;;;870
32436;201500036000;15;7;23;1733;1;1;1;1;2;85;RD220;M;4589590.0;129430.0;870
32437;201500036001;15;7;24;1409;1;1;1;1;6;65;0, TAUBAYES (RUE DES);;;;870
32438;201500036002;15;7;26;1806;1;1;1;1;6;48;0, FERRY (RUE JULES);;;;870
32439;201500036003;15;7;24;100;5;2;3;1;3;85;142, PERRIN (RUE FRANCOI;;;;870
32440;201500036004;15;7;29;1025;1;2;1;2;6;50;0, LIMOGES (AVENUE DE);M;4585660.0;124516.0;870
32441;201500036005;15;7;30;1724;1;2;3;1;6;85;16, JAURES (RUE JEAN);;;;870
32442;201500036007;15;8;8;815;1;2;1;2;6;85;1, CROIX BUCHILIEN (RUE);M;4583440.0;124861.0;870
32443;201500036009;15;8;13;826;1;2;1;2;1;85;86, RUE ABBE PIERRE;M;4584080.0;119336.0;870
32444;201500036010;15;1;19;826;1;2;1;2;4;65;RD979;M;4581300.0;132496.0;870
32445;201500036012;15;1;19;2138;5;2;3;2;6;85;96, LABUSSIERE (AVENUE E;;;;870
32446;201500036015;15;8;8;425;5;2;1;2;6;85;55,  RUE BABYLONE;M;4582200.0;126997.0;870
32447;201500036016;15;8;21;1904;1;1;1;1;7;85;0, FRAUD (RUE DU);M;4585180.0;120122.0;870
32448;201500036017;15;8;21;1800;1;2;2;1;1;85;REVOLUTION (AVENUE DE LA;M;4582110.0;126286.0;870
32449;201500036018;15;1;21;1040;1;2;1;1;2;85;69, LECLERC (AVENUE DU G;;;;870
32450;201500036019;15;8;25;202;3;1;1;1;2;85;AUTOROUTE A20;M;4581900.0;129250.0;870
32451;201500036021;15;8;26;1839;1;1;1;1;2;85;0, BROGLIE (AVENUE LOUIS;M;4588280.0;128725.0;870
32452;201500036022;15;8;26;1543;1;1;1;1;1;85;RN520 - LANDOUGE;M;4588010.0;117561.0;870
32453;201500036023;15;8;27;832;1;2;1;1;5;114;AV. JOURDAN (MARECHAL);M;4583700.0;131467.0;870
32454;201500036024;15;1;22;1617;1;2;1;1;6;85;39, DUMAS (AVENUE GEORGE;;;;870
32455;201500036025;15;8;28;1922;1;2;1;1;5;85;152, BELLAC (RUE DE);M;4584890.0;125564.0;870
32456;201500036026;15;8;26;1117;1;1;1;1;1;65;0, BRUGES (ROUTE DES);M;4580420.0;133014.0;870
32457;201500036027;15;8;30;2127;5;1;1;1;6;85;18, BELLEGARDE (CHEMIN D;M;4586680.0;117853.0;870
32458;201500036028;15;8;31;1904;1;2;1;1;6;85;0, SARTRE (RUE JEAN-PAUL;M;4579890.0;126447.0;870
32459;201500036029;15;9;2;1620;1;2;1;1;6;85;29, PROVINCIALES (RUE LE;M;4586910.0;129164.0;870
32460;201500036030;15;9;2;2005;1;2;6;1;3;85;1, GALLIENI (RUE);M;4584240.0;124292.0;870
32461;201500036031;15;9;4;1530;1;2;1;1;6;85;363, PERRIN (RUE FRANCOI;M;4582310.0;122006.0;870
32462;201500036032;15;1;24;1211;1;2;1;1;7;85;32, AURIOL (AVENUE DU PR;;;;870
32463;201500036033;15;9;5;2101;5;1;1;1;4;85;AUTOROUTE A20;M;4584030.0;128053.0;870
32464;201500036034;15;9;3;1826;1;2;3;1;3;85;05, TARRADE (AVENUE ADRI;;;;870
32465;201500036035;15;1;24;2229;5;2;1;1;6;85;245, BRIAND (RUE ARISTID;;;;870
32466;201500036036;15;9;6;1606;1;2;2;1;3;85;MAS-BOUYOL  (CITE ET BOU;M;4583450.0;122653.0;870
32467;201500036037;15;8;15;2252;5;2;1;1;6;85;1, CLOUET (RUE);M;4582640.0;122686.0;870
32468;201500036038;15;9;8;1212;1;2;1;1;7;65;LIBERATION (AVENUE DE LA;M;4581270.0;132631.0;870
32469;201500036039;15;9;10;1300;1;2;1;1;2;85;179, LECLERC (AVENUE DU;M;4584990.0;126289.0;870
32470;201500036040;15;9;10;2032;5;2;1;1;6;85;170, BRIAND (RUE ARISTID;M;4584690.0;127958.0;870
32471;201500036041;15;9;12;802;1;2;3;3;3;85;89, RUBEN (AVENUE ERNEST;M;4582360.0;125114.0;870
32472;201500036042;15;9;10;1753;1;2;2;1;6;85;53, SAINTE CLAIRE (RUE);M;4582410.0;124539.0;870
32473;201500036043;15;9;13;1017;1;2;3;1;6;85;0, GAGNANT (AVENUE JEAN);M;4583420.0;127344.0;870
32474;201500036044;15;1;26;740;2;2;1;1;6;85;BLANC LOUIS (BOULEVARD);;;;870
32475;201500036045;15;9;12;904;1;2;1;3;6;85;273, DUTREIX (RUE ARMAND;M;4583440.0;122706.0;870
32476;201500036046;15;9;12;1142;1;1;1;1;2;85;RN520;M;4589320.0;129136.0;870
32477;201500036047;15;1;26;1737;1;1;1;2;2;85;AUTOROUTE A20;M;4585040.0;127616.0;870
32478;201500036048;15;9;19;1958;2;2;1;1;6;85;18, RUBEN (AVENUE ERNEST;M;4581960.0;125206.0;870
32479;201500036049;15;9;21;815;1;1;1;1;1;65;0, BOISSEUIL (RUE DE);M;4579500.0;130019.0;870
32480;201500036050;15;9;22;1811;1;2;1;3;1;85;0, LANDOUGE (AVENUE DE);M;4583830.0;121411.0;870
32481;201500036052;15;9;25;732;5;2;1;1;6;113;0, CHATENET (RUE DU);M;4587210.0;130594.0;870
32482;201500036053;15;9;23;1554;1;1;1;1;1;48;0, LOTISSEMENT LES JONCH;M;4578730.0;126194.0;870
32483;201500036054;15;9;26;1902;1;2;1;1;4;114;CARNOT (AVENUE PRESIDENT;M;4582690.0;129164.0;870
32484;201500036055;15;1;27;1744;2;1;1;1;2;85;AUTOROUTE A20;M;4589250.0;129268.0;870
32485;201500036056;15;9;25;1316;1;2;1;1;3;85;101, FEYTIAT (RUE DE);M;4581980.0;128547.0;870
32486;201500036058;15;9;28;823;1;1;1;1;6;85;PETIT-BELLEGARDE (DU);M;4587580.0;119269.0;870
32487;201500036060;15;9;29;1429;1;2;1;1;2;85;01BIS, FOCH (RUE DU MARE;M;4583770.0;125644.0;870
32488;201500036061;15;9;30;1150;1;2;3;1;6;85;38, VIGENAL (BOULEVARD D;M;4585240.0;125297.0;870
32489;201500036062;15;9;27;1731;1;1;1;1;5;85;AUTOROUTE A20;M;4586410.0;128742.0;870
32490;201500036063;15;10;1;747;1;2;1;1;2;85;246B, LECLERC (AVENUE DU;M;4585410.0;126614.0;870
32491;201500036064;15;10;1;1714;1;2;2;1;6;85;119, SAINTE CLAIRE (RUE);M;4582350.0;124044.0;870
32492;201500036065;15;10;2;1735;1;2;1;1;6;85;RD 142 FOUGERAS (RUE DE);M;4586030.0;128764.0;870
32493;201500036066;15;1;30;908;1;1;1;8;6;114;06, PEYRAZET - LIEU DIT;;;;870
32494;201500036067;15;10;3;1420;1;2;2;1;3;85;42, PERI (AVENUE GABRIEL;M;4582850.0;126264.0;870
32495;201500036068;15;1;30;1155;1;2;1;2;3;85;ALLENDE (QUAI SALVADOR);M;4582120.0;126299.0;870
32496;201500036069;15;10;9;741;3;1;4;1;1;50;0, CIDRERIE (RUE DE LA);M;4589360.0;121461.0;870
32497;201500036070;15;1;30;2034;5;2;1;1;3;85;04, CARNOT (PLACE SADI);;;;870
32498;201500036071;15;10;4;1909;1;2;1;2;6;85;8, MALRAUX (RUE ANDRE);M;4580120.0;126464.0;870
32499;201500036072;15;10;4;1740;1;2;1;1;6;48;20TER, AIXE (RUE D');M;4579530.0;122833.0;870
32500;201500036073;15;10;4;1820;1;2;1;1;6;48;20TER, AIXE (RUE D');M;4579530.0;122828.0;870
32501;201500036074;15;10;5;1153;1;2;2;1;3;85;1, CHASTAING (RUE JEAN B;M;4584390.0;125256.0;870
32502;201500036075;15;10;6;750;1;2;1;1;2;85;22BIS, BLANC LOUIS (BOUL;M;4582840.0;126158.0;870
32503;201500036076;15;2;1;707;2;1;1;2;6;85;SCHUMAN (BOULEVARD ROBER;;;;870
32504;201500036077;15;10;6;808;1;2;1;2;2;85;BEAUBLANC (BOULEVARD DE);M;4584560.0;124200.0;870
32505;201500036078;15;10;9;827;1;2;1;1;6;85;08, GAMBETTA (BOULEVARD);M;4582800.0;125747.0;870
32506;201500036079;15;10;7;854;1;2;1;1;2;85;59, GAMBETTA (BOULEVARD);M;4582890.0;125572.0;870
32507;201500036081;15;2;2;1251;1;2;3;1;3;85;81, BELLAC (RUE DE);;;;870
32508;201500036082;15;10;10;1427;1;1;1;1;6;65;PLAISANCE (RUE DE);M;4579570.0;129453.0;870
32509;201500036083;15;10;9;1730;1;2;2;1;2;85;13, JOURDAN (PLACE);M;4583210.0;126483.0;870
32510;201500036084;15;10;13;1838;2;1;1;1;2;65;0, BOISSEUIL (RUE DE);M;4579400.0;130231.0;870
32511;201500036085;15;10;15;810;2;2;1;2;6;85;22, GAGNANT (AVENUE JEAN;M;4583350.0;126975.0;870
32512;201500036086;15;10;16;1327;1;2;3;1;3;85;10, BELFORT (RUE DE);M;4584120.0;126186.0;870
32513;201500036087;15;10;16;2029;3;1;1;1;1;65;PLAISANCE (RUE DE);M;4579470.0;129511.0;870
32514;201500036088;15;10;18;2124;5;2;1;1;6;85;16, LOSTENDE (RUE DE);M;4584420.0;125892.0;870
32515;201500036089;15;10;20;1607;1;2;3;1;2;85;02, CHARENTES (PLACE DES;M;4583740.0;125208.0;870
32516;201500036090;15;2;5;729;5;2;2;1;4;85;120, VANTEAUX (BOULEVARD;;;;870
32517;201500036091;15;10;12;1051;1;2;1;1;6;85;13, AURIOL (AVENUE DU PR;M;4583790.0;123031.0;870
32518;201500036092;15;2;5;1001;1;2;3;1;3;85;BEAUBLANC (BOULEVARD DE);;;;870
32519;201500036093;15;10;22;1255;1;2;1;2;1;85;0, POMPIDOU (AVENUE GEOR;M;4581880.0;126550.0;870
32520;201500036094;15;10;27;658;3;1;1;1;6;85;RN520;M;4589040.0;127181.0;870
32521;201500036095;15;2;5;1214;1;2;3;1;6;85;133, DUTREIX (RUE ARMAND;;;;870
32522;201500036096;15;10;22;1416;1;1;1;2;1;50;LIMOGES (AVENUE DE);M;4585740.0;124417.0;870
32523;201500036097;15;10;29;1817;1;1;1;1;2;85;NEXON (RUE DE);M;4581020.0;125686.0;870
32524;201500036099;15;10;31;2353;5;2;1;1;6;85;45, PUY LAS RODAS (RUE D;M;4582780.0;125506.0;870
32525;201500036100;15;11;3;1516;1;2;2;1;6;85;15, LIBERATION (AVENUE D;;;;870
32526;201500036101;15;10;30;1527;1;2;3;1;3;85;120, RUBEN (AVENUE ERNES;M;4582410.0;125111.0;870
32527;201500036102;15;11;6;2341;5;2;3;1;3;85;0, SABLARD (AVENUE DE);M;4582700.0;128335.0;870
32528;201500036103;15;11;7;1119;1;2;1;1;6;85;31, TURGOT (RUE);;;;870
32529;201500036104;15;11;7;1159;1;2;2;1;3;85;0, ALLENDE (QUAI SALVADO;M;4581740.0;125244.0;870
32530;201500036105;15;11;8;2303;3;1;1;1;6;85;ESSARTS (RUE DES);M;4589510.0;129675.0;870
32531;201500036106;15;11;7;1428;1;2;1;1;6;85;26, AMPERE (RUE);;;;870
32532;201500036108;15;11;10;1946;5;2;1;1;3;85;252, LECLERC (AVENUE DU;;;;870
32533;201500036109;15;11;11;1207;1;2;2;1;6;85;39, MAS-LOUBIER (RUE DU);;;;870
32534;201500036110;15;11;12;1324;1;2;1;1;7;85;4, BLANC LOUIS (BOULEVAR;;;;870
32535;201500036111;15;11;13;1840;2;2;3;1;3;85;03, CHARENTES (PLACE DES;;;;870
32536;201500036112;15;2;9;836;1;1;1;1;6;75;RN 21;M;4579010.0;117172.0;870
32537;201500036113;15;11;14;535;5;2;3;1;6;85;25, CLAUDEL (RUE PAUL);;;;870
32538;201500036114;15;11;13;1730;1;2;1;1;4;85;151, NEXON (RUE DE);M;4581130.0;125742.0;870
32539;201500036115;15;11;15;1605;1;2;2;1;3;85;0, ARMAND (AVE Z.A.C;;;;870
32540;201500036116;15;10;23;300;5;1;1;2;6;114;CROIX-DE-LA-LIEUE (AVENU;M;4584340.0;133650.0;870
32541;201500036117;15;11;17;827;1;2;1;1;4;85;23, POMPIDOU (AVENUE GEO;;;;870
32542;201500036118;15;11;17;1837;3;1;1;2;2;50;RN520;M;4589110.0;126064.0;870
32543;201500036119;15;10;24;2028;5;2;1;1;3;85;49, CHENIEUX (RUE FRANCO;M;4583880.0;125692.0;870
32544;201500036120;15;2;10;1038;1;2;1;1;6;85;12, CONSULAT (RUE DU);;;;870
32545;201500036121;15;10;31;1520;1;2;3;1;3;85;242, LATTRE-DE-TASSIGNY;M;4582710.0;128350.0;870
32546;201500036122;15;11;18;1504;1;1;1;2;2;85;AUTOROUTE A20;M;4587530.0;128777.0;870
32547;201500036123;15;11;16;1846;2;2;2;1;4;85;0, SCHUMAN (BOULEVARD RO;;;;870
32548;201500036124;15;11;20;1425;1;2;2;3;3;85;27, THOMAS (AVENUE ALBER;;;;870
32549;201500036125;15;11;23;2250;5;2;1;1;6;85;01, COURAUD (RUE RAYMOND;;;;870
32550;201500036126;15;11;23;1729;1;1;1;1;6;85;AUTOROUTE A20;M;4589240.0;129256.0;870
32551;201500036127;15;11;25;746;3;1;1;2;6;85;15, PRE SAINT YRIEIX ( R;M;4579780.0;125463.0;870
32552;201500036130;15;2;11;1402;1;2;1;1;4;85;RD941 (OUEST);M;4583460.0;122473.0;870
32553;201500036131;15;11;25;1003;1;2;1;2;6;85;14, JAURES (RUE JEAN);;;;870
32554;201500036132;15;11;26;810;5;2;1;1;6;85;33, CHARPENTIER (RUE);;;;870
32555;201500036133;15;11;24;2137;5;2;1;2;6;85;01, BERTHELOT (AVENUE);;;;870
32556;201500036134;15;11;26;854;1;2;3;1;6;85;70, LABUSSIERE (AVENUE E;;;;870
32557;201500036135;15;11;27;811;1;2;1;1;6;85;50, MONTJOVIS (AVENUE);;;;870
32558;201500036136;15;11;26;1949;2;2;3;1;3;85;119, ISLE (RUE D');;;;870
32559;201500036137;15;11;29;1529;1;1;1;2;6;75;RN 21;M;4579500.0;122337.0;870
32560;201500036138;15;11;27;1316;1;2;3;1;3;85;24, SAINT ELOI (AVENUE);;;;870
32561;201500036139;15;11;20;1445;1;2;2;2;3;85;01, GALLIENI (RUE);;;;870
32562;201500036141;15;11;29;1926;2;2;1;2;5;85;74, BAUDIN ( AVENUE) (VC;;;;870
32563;201500036142;15;12;2;738;5;2;2;1;3;114;3, GUILLOT (AVENUE PIERR;;;;870
32564;201500036144;15;12;2;824;2;2;1;1;6;85;0, GENEVE (RUE DE);;;;870
32565;201500036145;15;12;4;1522;1;2;2;1;3;114;3, GUILLOT (AVENUE PIERR;;;;870
32566;201500036146;15;12;6;617;5;2;1;1;5;48;0, MONNET (ZA JEAN);;;;870
32567;201500036147;15;12;5;1020;1;2;1;1;3;85;51, CHENIEUX (RUE FRANCO;;;;870
32568;201500036148;15;12;4;1819;2;2;1;1;5;114;03, CARNOT (AVENUE PRESI;M;4583000.0;129816.0;870
32569;201500036149;15;12;9;1614;1;2;3;1;3;85;72, PALAIS (ROUTE DU);M;4585110.0;130035.0;870
32570;201500036150;15;12;11;1302;1;2;1;1;6;85;110, LECLERC (AVENUE DU;;;;870
32571;201500036152;15;12;9;1720;2;2;1;1;3;85;73, RANSON (RUE LOUIS CA;;;;870
32572;201500036153;15;12;12;1210;1;2;3;1;3;50;126, LIMOGES (AVENUE DE);M;4587250.0;123818.0;870
32573;201500036154;15;12;15;1514;1;2;3;1;3;85;11, BAC (RUE THEODORE);;;;870
32574;201500036155;15;12;17;1553;1;2;1;1;6;85;0, BUGEAUD (COURS);;;;870
32575;201500036156;15;12;11;1054;1;2;3;1;3;85;101, BRIAND (RUE ARISTID;;;;870
32576;201500036157;15;12;14;1314;1;2;2;1;3;85;24, SAINT ELOI (AVENUE);;;;870
32577;201500036158;15;2;16;1502;1;1;1;1;3;85;AUTOROUTE A20;M;4586290.0;128711.0;870
32578;201500036159;15;12;19;1111;1;1;1;1;6;21;RD 32;M;4576980.0;122413.0;870
32579;201500036161;15;12;20;1940;5;2;2;1;3;85;ALLENDE (QUAI SALVADOR);M;4582120.0;126297.0;870
32580;201500036163;15;12;21;1530;1;1;1;1;4;85;AUTOROUTE A20;M;4591910.0;129742.0;870
32581;201500036165;15;12;24;953;1;2;1;1;6;85;, BEAUBREUIL (AVENUE DE);;;;870
32582;201500036167;15;12;26;1616;1;1;1;1;6;50;39, BARRIERES LIEU DIT L;;;;870
32583;201500036168;15;12;26;1341;1;2;3;1;3;85;24, REFORME (RUE DE LA);;;;870
32584;201500036169;15;12;28;1020;1;1;1;1;7;85;28, DELIADE (RUE DE LA );;;;870
32585;201500036170;15;12;29;1205;1;2;1;1;6;85;79, GARIBALDI (AVENUE);;;;870
32586;201500036171;15;2;18;855;1;2;3;1;3;65;VALIN (AVENUE MARTIAL);M;4581580.0;131277.0;870
32587;201500036172;15;12;30;911;1;2;3;1;1;85;231, LANDOUGE (AVENUE DE;;;;870
32588;201500036174;15;2;18;1638;1;2;1;1;6;85;01, FOURNIER (PLACE);;;;870
32589;201500036175;15;2;20;2020;5;2;3;3;3;85;28, GARIBALDI (AVENUE);;;;870
32590;201500036176;15;2;21;1306;1;1;2;2;6;48;RD 11;M;4579830.0;125198.0;870
32591;201500036177;15;2;24;2125;5;2;1;2;6;85;01, BOSSUET (RUE);;;;870
32592;201500036178;15;2;26;1205;1;1;1;2;6;85;AUTOROUTE A20;M;0.0;0.0;870
32593;201500036179;15;2;28;908;1;2;1;1;6;85;08, TROMPILLON (RUE LEON;;;;870
32594;201500036180;15;2;28;2326;5;2;2;2;1;85;33, BLANC LOUIS (BOULEVA;;;;870
32595;201500036181;15;3;5;2119;5;1;2;9;6;85;01, ENZO FERRARI (RUE);;;;870
32596;201500036182;15;3;6;1226;1;2;1;1;6;85;0, LIAISON SUD ( VOIE DE;;;;870
32597;201500036183;15;3;6;1810;1;2;1;1;3;85;65, MIDI (AVENUE DU);;;;870
32598;201500036184;15;3;8;1757;1;2;1;1;6;85;0, BEAUBREUIL (AVENUE DE;;;;870
32599;201500036185;15;3;9;2027;5;2;2;1;3;85;5, GAMBETTA (BOULEVARD);;;;870
32600;201500036187;15;3;12;1142;1;2;1;1;6;85;83, VIGENAL (BOULEVARD D;;;;870
32601;201500036188;15;3;12;1848;1;2;1;1;6;85;3, MAUPAS (RUE DU);;;;870
32602;201500036189;15;3;12;1921;5;2;1;1;6;50;176, STADE (ALLEE DU);;;;870
32603;201500036190;15;3;14;845;1;2;1;2;6;85;40, CHENIEUX (RUE FRANCO;;;;870
32604;201500036191;15;3;15;2100;5;2;3;1;3;85;115, DUTREIX (RUE ARMAND;;;;870
32605;201500036192;15;4;14;650;1;2;1;1;7;209;0, JARDINIERS (RUE DES);M;4819339.0;644634.0;880
32606;201500036193;15;4;22;2055;5;1;1;1;3;209;17, MOSELLE (RUE DE LA);M;4819351.0;644211.0;880
32607;201500036195;15;12;23;1824;5;2;1;2;6;160;REMIREMONT (RUE DE);M;4816111.0;645071.0;880
32608;201500036196;15;12;18;1745;4;2;1;1;3;160;13, FONTENELLE (AV. DE L;M;4818991.0;644205.0;880
32609;201500036197;15;5;28;725;1;2;1;1;6;160;17, VITU (RUE ANDRE-);M;4817717.0;646751.0;880
32610;201500036198;15;6;7;2005;1;2;1;1;6;160;0, HAXO (RUE DU GAL-);M;4818834.0;643414.0;880
32611;201500036199;15;6;9;1605;1;1;1;1;1;160;12, QUATRE VENTS (RUE DE;M;4814012.0;644991.0;880
32612;201500036200;15;7;8;841;1;2;3;1;6;160;1, GILBERT (RUE);M;4817065.0;644842.0;880
32613;201500036201;15;7;20;1720;1;2;1;1;7;160;56, REMIREMONT (RUE DE);M;4816434.0;644925.0;880
32614;201500036202;15;7;20;1125;1;2;1;1;6;209;JEAN MERMOZ (RUE+IMP.);M;4819787.0;643559.0;880
32615;201500036203;15;8;4;1035;1;2;3;3;3;160;0, CHAR-D'ARGENT (RUE DU;M;4815023.0;645535.0;880
32616;201500036204;15;9;1;1110;1;2;2;1;6;160;0, LYAUTEY (RUE MARECHAL;M;4817674.0;644602.0;880
32617;201500036205;15;9;11;1515;1;2;2;1;3;160;0, BLUM (AV. LEON);M;4819058.0;645988.0;880
32618;201500036206;15;9;8;1100;1;2;2;1;1;209;0, JEAN-JACQUES ROUSSEAU;M;4818813.0;641948.0;880
32619;201500036207;15;9;17;810;1;2;2;2;1;209;7, PAUL DOUMER (RUE);M;4820236.0;643741.0;880
32620;201500036208;15;10;1;1627;1;2;2;1;6;160;1, BOULEAUX (ALL.DES);M;4818608.0;645359.0;880
32621;201500036209;15;9;30;1204;1;2;1;1;6;160;HUGO (AV. VICTOR-);M;4817344.0;644513.0;880
32622;201500036210;15;10;9;1750;1;1;1;1;4;160;JEUXEY (RTE DE);M;4819628.0;646781.0;880
32623;201500036211;15;10;20;2040;5;2;6;1;6;160;ZOLA (RUE EMILE-);M;4818393.0;646733.0;880
32624;201500036212;15;11;17;1515;1;2;2;2;6;160;2, LATTRE-DE-TASSIGNY (A;M;4817630.0;644555.0;880
32625;201500036213;15;11;14;1610;1;1;1;1;2;160;GERARDMER (route de);M;4816993.0;652325.0;880
32626;201500036214;15;11;16;1040;1;2;2;1;6;160;, GUILGOT (PL.);M;4817686.0;645019.0;880
32627;201500036216;15;12;19;853;1;2;1;2;6;160;Route de Gérardmer;M;4817196.0;651488.0;880
32628;201500036217;15;12;23;1200;1;2;1;2;6;160;59, REMIREMONT (RUE DE);M;4816111.0;645077.0;880
32629;201500036218;15;1;24;1250;1;2;2;4;3;209;0, FONTENELLE (AV. DE LA;M;4819240.0;643890.0;880
32630;201500036219;15;1;31;1830;5;2;1;2;6;160;8, ROUX (RUE DU PROFESSE;M;4817820.0;643379.0;880
32631;201500036220;15;2;5;1640;1;2;1;1;6;160;23, JEUXEY (RTE DE);M;4819396.0;645576.0;880
32632;201500036221;15;5;23;1650;1;2;1;1;3;383;38, faubourg d'alsace;M;4800896.0;660656.0;880
32633;201500036223;15;9;13;1045;1;2;4;2;3;429;faubourg de Remiremont;M;4802752.0;657940.0;880
32634;201500036224;15;11;1;1352;1;1;1;1;1;462;RD 417;M;4804093.0;668103.0;880
32635;201500036225;15;3;18;1940;5;2;1;1;1;413;26, Rue d' Epinal;M;4828069.0;692367.0;880
32636;201500036226;15;3;29;1410;1;2;2;2;3;424;Alsace ( Rue d ' );M;4826939.0;697616.0;880
32637;201500036227;15;3;24;1510;1;1;1;1;2;424;RD 415;M;4827229.0;696167.0;880
32638;201500036228;15;3;29;2215;5;2;1;3;6;413;7, Rue de LA GARE;M;4828214.0;694957.0;880
32639;201500036229;15;6;3;1610;1;2;1;1;3;424;225, Rue de La Gare;M;4826593.0;698116.0;880
32640;201500036230;15;6;2;1845;1;2;1;1;3;413;7, Rue des Jardins;M;4828767.0;695380.0;880
32641;201500036232;15;6;4;2330;3;2;1;1;7;519;124, Grand' Rue;M;4833296.0;690053.0;880
32642;201500036233;15;6;10;1830;1;2;1;1;6;424;330, AVENUE DU GENERAL D;M;4827205.0;697076.0;880
32643;201500036235;15;6;26;2100;1;2;1;1;7;413;21, Rue Marie Curie;M;4828394.0;697656.0;880
32644;201500036236;15;6;29;2119;2;1;1;1;7;463;RD 420;M;4834457.0;688339.0;880
32645;201500036237;15;6;30;1155;1;2;1;1;1;424;18, Rue de l'étang;M;4827844.0;696973.0;880
32646;201500036238;15;6;25;1810;1;2;1;1;1;413;chemin du bois basselin;M;4827472.0;686611.0;880
32647;201500036239;15;6;30;1720;1;1;1;1;3;519;RN 59;M;4829257.0;688938.0;880
32648;201500036240;15;7;8;1135;1;2;1;1;3;413;20, Rue d' Epinal;M;4828904.0;692644.0;880
32649;201500036241;15;7;28;855;1;2;1;1;6;413;17, THIERS (RUE);M;4828642.0;694941.0;880
32650;201500036242;15;8;24;2238;5;2;1;1;1;413;08, RUE ROVEL;M;4829239.0;694772.0;880
32651;201500036243;15;10;4;2150;3;1;1;1;6;463;RD 420;M;4827455.0;686385.0;880
32652;201500036244;15;9;30;815;1;2;2;1;5;413;11, Rue de la Ménantille;M;4828671.0;694147.0;880
32653;201500036245;15;10;7;1910;2;2;6;1;3;413;2, Rond point Georges SA;M;4828403.0;694892.0;880
32654;201500036246;15;10;28;649;5;2;1;1;6;413;23, Rue SAINT CHARLES;M;4828815.0;695244.0;880
32655;201500036247;15;11;4;720;1;2;2;1;3;424;Rue de COLMAR;M;4826830.0;696143.0;880
32656;201500036248;15;11;27;1435;1;1;1;1;6;463;Col du Haut Jacques;M;4827374.0;687789.0;880
32657;201500036249;15;1;14;1745;5;2;1;1;6;413;09, Rue STANISLAS;M;4828725.0;694833.0;880
32658;201500036250;15;1;18;400;3;1;1;5;6;413;RN 59;M;4826667.0;694167.0;880
32659;201500036251;15;3;25;1145;1;2;1;1;6;24;1, FRANCOIS GUILLIET (RU;M;4780517.0;358261.0;890
32660;201500036252;15;4;8;1905;1;1;1;1;2;24;TOUCY (ROUTE DE);M;4778843.0;353635.0;890
32661;201500036253;15;5;16;2245;5;2;2;1;1;24;REPUBLIQUE (QUAI DE LA);M;4779539.0;357776.0;890
32662;201500036254;15;6;15;1055;1;2;2;1;6;24;43, TOURNELLE (AVENUE DE;M;4779900.0;358272.0;890
32663;201500036255;15;6;25;1345;1;2;3;1;6;24;8, POTERNE (RUE DE LA);M;4779630.0;357521.0;890
32664;201500036256;15;6;25;845;1;1;1;1;1;24;0, VENOY (RUE DE);M;4782028.0;361599.0;890
32665;201500036257;15;7;20;920;1;2;1;1;6;24;GALLIENI (BOULEVARD) N°;M;4779802.0;355238.0;890
32666;201500036258;15;7;30;750;1;1;1;1;6;24;EGRISELLES (AVENUE D');M;4780492.0;360276.0;890
32667;201500036259;15;1;1;1830;3;1;3;5;3;24;VALLAN (ROUTE DE) N? PAI;M;4777952.0;356014.0;890
32668;201500036262;15;9;22;1700;1;2;1;1;6;24;MONTOIS (BOULEVARD DE);M;4780523.0;355509.0;890
32669;201500036263;15;10;1;1810;1;2;1;1;4;24;15, CHARLES DE GAULLE (A;M;4780393.0;356642.0;890
32670;201500036264;15;10;14;1310;1;1;1;1;2;24;R.N.6;M;4778911.0;360104.0;890
32671;201500036265;15;11;25;1735;2;2;3;1;3;24;00, CAILLOTTES (RUE DES);M;4782087.0;358289.0;890
32672;201500036266;15;12;26;2150;5;2;1;1;6;24;3, BOBILLOT (RUE);M;4779442.0;356364.0;890
32673;201500036267;15;1;13;755;2;2;6;1;6;24;60, HAUSSMANN (AVENUE);M;4781183.0;357243.0;890
32674;201500036268;15;2;3;735;5;2;1;1;3;24;34-36 av JEAN MERMOZ;M;4781799.0;358496.0;890
32675;201500036269;15;4;19;930;1;2;1;1;3;387;59-61, MAIL (BOULEVARD D;M;4819921.0;328989.0;890
32676;201500036270;15;5;22;1530;1;2;2;1;3;387;LORRACH (AVENUE DE);M;4819294.0;330521.0;890
32677;201500036271;15;5;27;1610;1;2;1;1;2;387;0, VERDUN (BOULEVARD DE);M;4820439.0;329082.0;890
32678;201500036272;15;5;30;1605;1;2;1;1;6;387;12, ECRIVAIN (RUE DE L');M;4819651.0;328027.0;890
32679;201500036273;15;6;4;1620;1;2;1;1;2;387;LORRACH (AVENUE DE);M;4819323.0;330393.0;890