;Num_Acc;an;mois;jour;hrmn;lum;agg;int;atm;col;com;adr;gps;lat;long;dep
32680;201500036274;15;6;17;1550;1;2;2;1;6;387;0, THENARD (RUE);M;4819870.0;328700.0;890
32681;201500036275;15;6;16;1830;1;2;1;1;6;287;31, MONT SAINT BERNARD (;M;4819128.0;326006.0;890
32682;201500036276;15;6;15;1030;1;2;2;1;3;387;JEAN MOULIN (QUAI);M;4819838.0;327707.0;890
32683;201500036277;15;7;10;1815;1;2;1;1;2;387;0, LORRACH (AVENUE DE);M;4819211.0;330757.0;890
32684;201500036278;15;7;21;1720;1;2;1;1;6;387;0, GARIBALDI (BOULEVARD;M;4819996.0;328248.0;890
32685;201500036279;15;7;23;1605;1;1;2;1;3;387;0, BD DES NOYERS POMPONS;M;4820522.0;332003.0;890
32686;201500036281;15;9;10;2030;5;2;2;1;3;387;0, VAUBAN (AVENUE);M;4819798.0;327101.0;890
32687;201500036282;15;9;22;1730;1;1;1;1;2;338;0, D606;M;4822552.0;328384.0;890
32688;201500036283;15;9;19;2040;5;1;1;2;6;287;RD660;M;4817400.0;322576.0;890
32689;201500036284;15;9;28;1332;1;2;2;1;3;387;0, EMILE ZOLA (RUE);M;4819732.0;327132.0;890
32690;201500036285;15;11;17;1140;1;2;2;1;1;387;0, PIERRE DE COUBERTIN (;M;4819671.0;330311.0;890
32691;201500036286;15;11;18;1110;1;1;1;1;1;387;0, D606;M;4817237.0;329496.0;890
32692;201500036287;15;12;22;1230;1;2;1;1;6;236;21, RUE DU CHATEAU;M;4817709.0;331134.0;890
32693;201500036288;15;12;22;1715;5;2;1;1;3;287;125, ARISTIDE BRIAND (RU;M;4818953.0;325483.0;890
32694;201500036289;15;1;27;1205;1;1;1;1;2;387;0, D606;M;4818158.0;330236.0;890
32695;201500036290;15;2;23;1645;1;1;1;1;3;338;REPUBLIQUE (RUE DE LA);M;4822574.0;329053.0;890
32696;201500036291;15;1;3;2115;5;2;3;2;3;10;66, JAURES (AVENUE JEAN);;;;900
32697;201500036292;15;1;5;851;1;2;1;7;2;39;14, DE GAULLE (RUE DU GE;;;;900
32698;201500036293;15;1;5;1150;1;2;1;7;6;99;30, CARNOT (RUE);;;;900
32699;201500036294;15;10;5;919;1;1;3;1;3;10;4, LACAILLE (RUE LOUIS);;;;900
32700;201500036295;15;3;20;1805;1;2;1;1;3;10;22, VOLTAIRE (RUE);M;4764630.0;685003.0;900
32701;201500036296;15;1;8;1101;1;2;1;1;6;10;2, PREMIERE ARMEE FRANCA;;;;900
32702;201500036297;15;1;11;1320;1;2;1;2;6;75;BRIAND (RUE ARISTIDE);;;;900
32703;201500036298;15;3;24;1650;1;2;3;1;3;10;2, BAVILLIERS (RUE DE);;;;900
32704;201500036300;15;3;27;1610;1;2;1;1;6;99;4, DE GAULLE (RUE DU GEN;M;0.0;0.0;900
32705;201500036301;15;1;16;1430;1;2;2;3;3;10;1, MENDES FRANCE (RUE);;;;900
32706;201500036302;15;3;28;1100;1;2;1;1;4;10;5, REISET (RUE);M;4763960.0;686067.0;900
32707;201500036303;15;1;16;2015;5;2;1;1;3;10;152, JAURES (AVENUE JEAN;;;;900
32708;201500036304;15;4;7;1620;1;1;2;1;3;10;2, CHOPIN (RUE);M;4762290.0;684861.0;900
32709;201500036305;15;1;18;625;5;2;3;8;3;10;CLEMENCEAU (BOULEVARD);;;;900
32710;201500036306;15;4;8;1417;1;2;9;1;6;10;5, ZAPOROJIE (RUE DE);M;0.0;0.0;900
32711;201500036307;15;1;20;1713;2;2;1;1;6;10;JAURES (AVENUE JEAN) A 1;;;;900
32712;201500036308;15;4;13;1120;1;2;3;1;3;10;10, BORDEAUX (RUE DE);;;;900
32713;201500036309;15;1;24;1845;3;2;1;2;2;8;1, ENGEL (RUE ALFRED);;;;900
32714;201500036310;15;4;13;1713;1;2;1;1;6;10;2, CASSIN (RUE);M;4764090.0;687825.0;900
32715;201500036311;15;1;24;2025;3;1;1;2;2;76;CD419;;;;900
32716;201500036312;15;4;13;1700;1;1;1;1;2;39;73, DE GAULLE (RUE DU GE;M;0.0;0.0;900
32717;201500036313;15;1;27;715;5;2;1;4;6;10;7, RIBEAUVILLE (RUE DE);;;;900
32718;201500036314;15;4;19;1755;1;2;1;1;3;99;CARNOT (RUE);M;4766250.0;684306.0;900
32719;201500036315;15;1;27;1901;5;2;2;4;5;32;CHARMEUSE (RUE DE LA);;;;900
32720;201500036316;15;1;29;1054;1;2;1;2;6;10;53, LECLERC (AVENUE);;;;900
32721;201500036317;15;4;30;1644;1;2;1;1;6;39;DE GAULLE (RUE DU GENERA;M;4763420.0;681744.0;900
32722;201500036318;15;1;31;2035;5;2;1;1;2;10;2, CLEMENCEAU (BOULEVARD;;;;900
32723;201500036319;15;5;2;1112;1;2;1;2;3;75;5, CERISIERS (RUE DES);M;0.0;0.0;900
32724;201500036320;15;2;4;1450;1;2;1;1;6;10;REPUBLIQUE (RUE DE LA);M;0.0;0.0;900
32725;201500036321;15;5;5;1615;1;2;3;2;3;10;13, BOHN (AVENUE CHARLES;M;0.0;0.0;900
32726;201500036322;15;2;6;900;1;1;1;1;7;76;MARONNIERS (RUE DES);;;;900
32727;201500036323;15;5;6;1426;1;2;1;1;2;10;10, RICHELIEU (PONT);M;4763060.0;686522.0;900
32728;201500036324;15;2;9;1715;1;2;1;1;7;10;1, STROLZ (RUE);M;0.0;0.0;900
32729;201500036325;15;5;22;753;1;1;1;1;3;32;15, Rue de BAVILLIERS;M;0.0;0.0;900
32730;201500036326;15;2;9;2000;5;2;1;1;2;10;5, JUIN (AVENUE DU MAREC;M;0.0;0.0;900
32731;201500036327;15;3;3;1510;1;2;1;1;4;10;8, AS DE CARREAU (RUE DE;M;0.0;0.0;900
32732;201500036328;15;6;4;2010;1;2;3;1;3;10;LONDRES (RUE DE);;;;900
32733;201500036329;15;3;9;2209;5;2;1;1;6;10;ZAPOROJIE (RUE DE);M;0.0;0.0;900
32734;201500036330;15;6;7;1121;1;2;1;1;3;10;33, BOHN (AVENUE CHARLES;M;4765070.0;684585.0;900
32735;201500036332;15;6;8;1020;1;2;3;1;3;10;WILSON (AVENUE);M;4763290.0;685455.0;900
32736;201500036333;15;6;18;1705;1;2;3;2;3;10;rue des sciences et des;M;4765220.0;683694.0;900
32737;201500036334;15;6;19;2020;1;2;1;1;3;32;ANCIEN COMBATTANT (RUE D;;;;900
32738;201500036335;15;6;20;1430;1;2;1;1;6;32;ZONE INDUSTRIELLE;;;;900
32739;201500036339;15;7;3;905;1;1;3;1;3;39;DE GAULLE (RUE DU GENERA;;;;900
32740;201500036341;15;7;11;359;5;2;2;1;6;10;CHATEAU D'EAU (AVENUE DU;;;;900
32741;201500036342;15;7;14;1830;1;2;1;1;3;99;48, TURENNE (RUE DE);;;;900
32742;201500036343;15;7;13;1930;1;2;1;1;4;10;MONTBELIARD (FAUBOURG DE;;;;900
32743;201500036344;15;7;18;2239;5;2;1;1;7;1;15, MONTBELIARD (ROUTE D;;;;900
32744;201500036345;15;7;24;942;1;2;1;1;6;10;, BRIAND (RUE ARISTIDE);;;;900
32745;201500036346;15;7;24;1846;1;2;3;1;3;10;1, STROLZ (RUE);;;;900
32746;201500036347;15;7;20;1640;1;2;2;1;5;10;6, PREMIERE ARMEE FRANCA;;;;900
32747;201500036348;15;6;3;1650;1;2;6;1;2;10;01, ROME (RUE DE);;;;900
32748;201500036349;15;8;1;1058;1;2;1;2;6;10;138, JAURES (AVENUE JEAN;M;4765140.0;685136.0;900
32749;201500036350;15;8;13;1729;1;2;1;1;1;10;23, ALTKIRCH (AVENUE);;;;900
32750;201500036351;15;8;17;1330;1;2;1;1;6;10;34, RUE DE VALDOIE;M;4765760.0;684833.0;900
32751;201500036352;15;8;23;2013;2;2;1;2;3;10;JAURES (AVENUE JEAN) A 1;M;4765340.0;684944.0;900
32752;201500036353;15;8;30;2104;2;2;1;1;2;10;11, ANCETRES (FAUBOURG D;;;;900
32753;201500036354;15;9;2;1600;1;2;1;1;4;1;12BIS, MONTBELIARD (ROUT;;;;900
32754;201500036355;15;9;3;1710;1;2;1;1;2;8;76, GRAND'RUE;M;4761778.0;683090.0;900
32755;201500036356;15;9;10;1800;1;2;1;1;1;39;48, DE GAULLE (RUE DU GE;M;4763418.0;681696.0;900
32756;201500036357;15;9;10;1900;2;2;1;1;1;10;21, AS DE CARREAU (RUE D;M;4738165.0;631158.0;900
32757;201500036358;15;9;15;1045;1;2;1;8;7;10;01, DE GAULLE (AVENUE DU;;;;900
32758;201500036359;15;9;16;1130;1;2;1;1;6;99;22, TURENNE (RUE DE);M;4766850.0;684189.0;900
32759;201500036360;15;9;24;1033;1;2;3;1;3;10;FRANCE (FAUBOURG DE);M;4763470.0;685364.0;900
32760;201500036361;15;9;24;1720;1;2;1;1;3;10;MARSEILLE (RUE DE);;;;900
32761;201500036362;15;9;11;1728;1;2;1;1;2;10;KENNEDY (BOULEVARD);;;;900
32762;201500036363;15;9;19;1234;1;2;6;1;3;39;DE GAULLE (RUE DU GENERA;;;;900
32763;201500036364;15;9;26;1800;1;2;1;1;2;10;ALTKIRCH (AVENUE);;;;900
32764;201500036365;15;9;29;1706;1;2;1;1;6;29;COMMANDOS D'AFRIQUE (RUE;;;;900
32765;201500036366;15;9;30;1145;1;1;1;1;1;10;MENDES FRANCE (RUE);M;4763720.0;687992.0;900
32766;201500036367;15;10;2;948;1;2;3;1;3;75;80, BRIAND (RUE ARISTIDE;;;;900
32767;201500036369;15;10;2;1620;1;2;1;1;6;10;DE GAULLE (AVENUE DU GEN;;;;900
32768;201500036371;15;10;8;1110;1;2;5;1;3;10;1, CLEMENCEAU CAR.;;;;900
32769;201500036372;15;10;9;1100;1;2;1;1;2;10;1, RENAUD DE BOURGOGNE (;;;;900
32770;201500036373;15;10;11;2003;5;2;1;1;6;10;1, SARRAIL (AVENUE);;;;900
32771;201500036375;15;10;10;1738;1;1;1;1;3;32;2, ALSACE ( RUE D');M;4761980.0;686386.0;900
32772;201500036377;15;10;21;1455;1;2;2;1;3;10;20, EST (RUE DE L');M;4764972.0;685416.0;900
32773;201500036378;15;10;15;2110;5;2;6;1;7;10;1, ALTKIRCH (AVENUE);;;;900
32774;201500036379;15;10;27;1912;2;2;2;1;3;10;1, KENNEDY (BOULEVARD);M;4762972.0;684288.0;900
32775;201500036380;15;11;1;1740;5;2;3;1;1;10;1, JAURES (AVENUE JEAN);;;;900
32776;201500036381;15;11;2;845;1;2;3;5;5;10;1, LA FONTAINE (RUE JEAN;;;;900
32777;201500036383;15;11;5;1654;1;2;2;1;1;10;1, LONG (RUE JAMES);;;;900
32778;201500036384;15;11;5;1727;1;2;1;1;2;10;17  bis, RICHELIEU (BOUL;;;;900
32779;201500036385;15;11;6;1034;1;2;1;1;1;10;1, MONTBELIARD (FAUBOURG;;;;900
32780;201500036386;15;10;25;905;1;2;1;1;3;75;1, BRIAND (RUE ARISTIDE);;;;900
32781;201500036388;15;11;6;1950;5;2;1;1;6;10;6 BIS, TOULOUSE (RUE DE);;;;900
32782;201500036389;15;11;8;345;5;2;3;1;6;75;53, BRIAND (RUE ARISTIDE;;;;900
32783;201500036390;15;11;9;1100;1;2;1;1;2;32;38, DE GAULLE (RUE DU GE;;;;900
32784;201500036391;15;11;10;1835;5;2;9;1;3;10;1, LECLERC (AVENUE);;;;900
32785;201500036392;15;11;13;1900;5;2;1;1;6;8;BELFORT (RUE DE);;;;900
32786;201500036393;15;6;29;1820;1;2;1;1;4;10;1, BESANCON (FAUBOURG DE;M;4762755.0;685783.0;900
32787;201500036394;15;11;11;1135;1;2;1;1;2;10;FRANCE BOULEVARD ANATOLE;M;4764025.0;684022.0;900
32788;201500036395;15;8;26;1445;1;2;1;1;3;1;1, MONTBELIARD (ROUTE DE;;;;900
32789;201500036396;15;9;3;2100;3;1;1;1;6;75;CERISIERS (RUE DES);M;0.0;0.0;900
32790;201500036397;15;11;15;2300;5;1;1;1;6;10;10, PARANT (RUE);;;;900
32791;201500036398;15;6;25;2110;1;2;2;1;7;10;1, KENNEDY (BOULEVARD);;;;900
32792;201500036399;15;6;15;2135;5;2;1;1;6;32;1, REPUBLIQUE (RUE DE LA;;;;900
32793;201500036400;15;9;29;1645;1;2;1;1;2;10;1, REISET (RUE);M;4763977.0;686069.0;900
32794;201500036401;15;11;20;1723;5;2;1;3;6;8;CHARMEUSE (RUE DE LA);M;4762211.0;684586.0;900
32795;201500036402;15;11;16;1145;1;2;1;1;6;10;1, CHAMPION (RUE);;;;900
32796;201500036403;15;11;28;1556;1;2;7;1;3;10;1, ANCETRES (FAUBOURG DE;;;;900
32797;201500036404;15;11;28;1512;1;2;1;1;6;10;1, GAMBETTA (RUE);;;;900
32798;201500036405;15;11;28;1739;5;1;1;1;7;10;1, LONDRES (RUE DE);;;;900
32799;201500036406;15;12;2;1441;1;2;1;1;1;10;1, FOUR A CHAUX (RUE DU);;;;900
32800;201500036407;15;12;4;1305;1;2;1;2;5;10;1, KENNEDY (BOULEVARD);;;;900
32801;201500036408;15;12;6;1744;5;2;1;1;3;10;JOFFRE (BOULEVARD MARECH;;;;900
32802;201500036409;15;12;9;735;5;2;1;2;2;10;17, ALTKIRCH (AVENUE);;;;900
32803;201500036410;15;12;9;700;5;2;6;2;1;8;3, ENGEL (RUE ALFRED);;;;900
32804;201500036411;15;12;9;1515;1;2;2;1;3;10;JOFFRE (BOULEVARD MARECH;M;4764133.0;685375.0;900
32805;201500036412;15;12;10;752;2;2;3;1;3;99;DE GAULLE (RUE DU GENERA;M;4766433.0;684663.0;900
32806;201500036413;15;12;16;1645;2;2;1;3;4;10;1, LAURENCIE (AVENUE CAP;;;;900
32807;201500036414;15;12;9;1825;4;2;1;1;7;10;02, USINES (AVENUE DES);;;;900
32808;201500036415;15;12;17;1735;3;2;2;1;3;10;1, WILSON (AVENUE);;;;900
32809;201500036416;15;12;18;805;2;2;1;8;6;8;53, GRAND'RUE;;;;900
32810;201500036417;15;12;23;1555;1;1;1;1;3;8;BUC (RUE DE);;;;900
32811;201500036420;15;12;30;2300;3;2;1;2;6;339;RN 20;M;4862894.0;226289.0;910
32812;201500036421;15;1;5;1305;1;2;1;1;1;425;TEMPLIERS (ROUTE DES);;;;910
32813;201500036422;15;3;6;1700;1;2;1;1;7;347;VERDUN (RUE DE);;;;910
32814;201500036423;15;1;10;255;3;2;1;2;6;457;CD 19;;;;910
32815;201500036424;15;3;11;245;5;2;1;1;2;425;RN 20;;;;910
32816;201500036425;15;1;19;840;1;2;1;2;5;21;32BIS, CHARCOT (R DU DOC;;;;910
32817;201500036426;15;3;20;1730;1;2;1;1;6;103;51, ALLENDE SALVADOR (RU;;;;910
32818;201500036427;15;1;20;1130;1;2;1;1;3;425;MARCOUSSIS (ROUTE DE);;;;910
32819;201500036428;15;3;21;1810;1;2;1;1;5;425;NATIONALE 20 (ROUTE);;;;910
32820;201500036429;15;1;20;1630;1;2;1;1;6;103;BROSSOLETTE PIERRE (RUE);;;;910
32821;201500036430;15;3;25;1150;1;2;1;1;2;425;NATIONALE 20 (ROUTE);;;;910
32822;201500036431;15;1;21;1205;1;2;1;1;3;103;ALLENDE SALVADOR (AV);;;;910
32823;201500036432;15;4;1;1815;1;1;1;1;2;425;99, NATIONALE 20 (ROUTE);;;;910
32824;201500036433;15;1;21;2140;3;2;1;1;6;339;42, RN 20;;;;910
32825;201500036434;15;4;1;1920;1;2;1;1;2;552;64, VIEUX PAVE DE BRUYER;;;;910
32826;201500036435;15;1;26;1200;1;2;6;2;3;552;RD PT DU 19 MARS 1962;;;;910
32827;201500036436;15;4;3;1645;1;2;1;2;6;552;CORBEIL (ROUTE DE);;;;910
32828;201500036437;15;1;26;1435;1;2;1;1;3;21;ABEL CORNATON (BOUL);;;;910
32829;201500036438;15;4;3;1805;1;2;1;2;3;103;25, COMMUNE DE PARIS (Av;;;;910
32830;201500036439;15;1;27;945;1;1;1;1;3;552;RN 20;;;;910
32831;201500036440;15;4;4;2300;5;2;1;1;2;425;NATIONALE 20 (ROUTE);;;;910
32832;201500036441;15;1;28;1800;2;2;1;1;2;103;5, BLUM LEON (RUE);;;;910
32833;201500036442;15;4;5;1830;1;2;1;1;6;552;NATIONALE 20 (ROUTE);;;;910
32834;201500036443;15;1;30;310;5;2;1;2;6;103;CHAMPCUEILS (CHEMIN DES);;;;910
32835;201500036444;15;4;8;1235;1;2;1;1;6;103;2, CIGOGNES (AVENUE DES);;;;910
32836;201500036445;15;1;30;840;1;2;1;2;7;103;LENORMAND LOUIS SEBASTIE;;;;910
32837;201500036446;15;4;11;1600;1;2;1;1;1;339;18, GUILLERVILLE (RUE DE;;;;910
32838;201500036447;15;1;30;1210;1;2;1;4;6;339;2, LEUVILLE (ROUTE DE);;;;910
32839;201500036448;15;4;14;700;1;2;1;1;6;457;ACACIAS  (RUE DES);;;;910
32840;201500036449;15;2;1;1215;1;2;6;2;3;21;VERDUN (AVENUE DE);;;;910
32841;201500036450;15;4;14;1345;1;2;1;1;2;103;DAUMONES (RUE DES);;;;910
32842;201500036452;15;4;17;150;3;2;1;1;2;339;10, RN 20;;;;910
32843;201500036453;15;2;4;1930;5;2;1;1;6;103;MERMOZ JEAN (AV);;;;910
32844;201500036454;15;4;18;1244;1;2;1;1;6;103;MAISON NEUVE (AVENUE DE;;;;910
32845;201500036455;15;2;5;1515;1;2;1;1;2;425;NATIONALE 20 (ROUTE);;;;910
32846;201500036456;15;4;21;1700;1;2;1;1;6;103;06, PINS (RUE DES);;;;910
32847;201500036458;15;4;21;1750;1;2;1;1;4;339;RN 20;;;;910
32848;201500036459;15;2;21;545;5;2;1;2;2;425;RN 20;;;;910
32849;201500036460;15;4;23;1545;1;2;1;1;3;103;35, COMMUNE DE PARIS (Av;;;;910
32850;201500036461;15;2;23;755;1;1;1;1;7;552;RN 20;;;;910
32851;201500036462;15;4;30;1735;1;2;2;2;3;21;JAURES JEAN (BOULEVARD);;;;910
32852;201500036463;15;2;23;1850;5;2;1;1;6;103;MORVAN (RUE DU);;;;910
32853;201500036465;15;2;26;1250;1;2;1;2;7;103;75, BLUM LEON (RUE);;;;910
32854;201500036466;15;5;4;2325;5;2;1;2;6;552;75, MESNIL (RUE DU);;;;910
32855;201500036467;15;2;27;15;3;2;1;2;7;552;BOIS DES FOSSES (CHEMIN;;;;910
32856;201500036468;15;5;5;1745;1;2;1;1;3;347;60, RN 20;;;;910
32857;201500036469;15;2;27;1435;1;2;1;1;3;552;DECLE RENE (RUE);;;;910
32858;201500036470;15;5;6;1805;1;2;1;1;2;339;RN 20;;;;910
32859;201500036471;15;2;27;1815;1;2;1;1;6;425;29, PLAINE (RUE DE LA);;;;910
32860;201500036472;15;5;9;1430;1;2;3;1;3;339;DIVISION LECLERC (RUE DE;;;;910
32861;201500036473;15;2;28;1105;1;2;1;1;6;425;TEMERAIRE (AV DU);;;;910
32862;201500036474;15;5;11;829;1;2;1;1;6;21;CASSIN RENE (RUE);;;;910
32863;201500036475;15;2;12;1545;1;2;1;1;6;103;LEBLANC ALFRED (RUE);;;;910
32864;201500036476;15;5;11;1145;1;1;2;1;3;103;SAUSSAIE (RUE DE LA);;;;910
32865;201500036477;15;5;12;840;1;1;1;1;1;425;47, NATIONALE 20 (ROUTE);;;;910
32866;201500036478;15;5;12;1925;1;2;1;1;5;552;3, DECLE RENE (RUE);;;;910
32867;201500036479;15;5;19;1537;1;2;1;1;4;457;FERTE ALAIS (ROUTE DE LA;;;;910
32868;201500036480;15;5;22;1050;1;2;3;1;3;103;BLUM LEON (RUE);;;;910
32869;201500036481;15;5;22;1430;1;2;1;1;7;552;LATERAL AU CHEMIN DE FER;;;;910
32870;201500036482;15;5;25;1620;1;2;6;1;3;21;VERDUN (AVENUE DE);;;;910
32871;201500036483;15;5;30;1515;1;2;1;1;1;425;TEMPLIERS (ROUTE DES);;;;910
32872;201500036484;15;5;31;45;5;2;1;1;6;339;36, TABOR (CHEMIN DE);;;;910
32873;201500036485;15;5;31;1110;1;2;1;1;1;347;LONGPONT (RUE DE);;;;910
32874;201500036486;15;6;2;825;1;2;1;1;6;347;PONT AUX PINS (RUE DU);;;;910
32875;201500036487;15;6;2;1835;1;2;1;1;3;103;BROSSOLETTE PIERRE (R;;;;910
32876;201500036488;15;6;4;705;1;2;1;1;4;425;NATIONALE 20 (ROUTE);;;;910
32877;201500036489;15;6;6;628;1;2;1;1;7;552;DECLE RENE (RUE);;;;910
32878;201500036490;15;6;6;1008;1;2;1;1;7;552;138, CORBEIL (ROUTE DE);;;;910
32879;201500036491;15;6;6;1500;1;2;1;1;6;339;DIVISION LECLERC (RUE DE;;;;910
32880;201500036492;15;6;8;1235;1;2;1;1;2;103;MAISON NEUVE (AVENUE DE;;;;910
32881;201500036493;15;6;12;1600;1;2;1;1;3;103;DE GAULLE (ROND POINT DU;;;;910
32882;201500036494;15;6;13;1250;1;2;1;1;3;552;42, DECLE RENE (RUE);;;;910
32883;201500036495;15;6;18;1420;1;2;1;1;5;457;FERTE ALAIS (ROUTE DE LA;;;;910
32884;201500036496;15;6;21;1515;1;2;1;1;6;552;134, CORBEIL (ROUTE DE);;;;910
32885;201500036497;15;6;22;2210;5;2;1;1;6;552;120, CORBEIL (ROUTE DE);;;;910
32886;201500036498;15;6;23;940;1;1;2;1;3;425;ARCHERS (RUE DES);;;;910
32887;201500036499;15;6;25;600;1;2;1;1;1;552;CORBEIL (ROUTE DE);;;;910
32888;201500036500;15;6;25;1920;1;2;1;1;7;552;CINQUANTE ARPENTS (CHEMI;;;;910
32889;201500036501;15;6;26;1100;1;2;1;1;3;425;NATIONALE 20 (ROUTE);;;;910
32890;201500036503;15;6;29;1210;1;2;1;1;2;425;ORLEANS (ROUTE D');;;;910
32891;201500036504;15;7;1;40;5;2;1;1;2;552;21 BIS, NATIONALE 20 (RO;;;;910
32892;201500036505;15;7;3;1610;1;2;1;1;2;425;NATIONALE 20 (ROUTE);;;;910
32893;201500036506;15;7;6;1330;1;2;1;1;2;425;NATIONALE 20 (ROUTE);;;;910
32894;201500036507;15;7;6;1635;1;2;1;1;4;552;67, NATIONALE 20 (ROUTE);;;;910
32895;201500036508;15;7;15;910;1;2;1;1;6;339;GRACE DE DIEU (CHEMIN DE;;;;910
32896;201500036509;15;7;17;2235;5;2;1;1;6;425;MARCOUSSIS (ROUTE DE);;;;910
32897;201500036510;15;7;20;1210;1;2;3;1;3;21;JAURES JEAN (BOULEVARD);;;;910
32898;201500036511;15;7;22;1640;1;2;1;1;2;552;25, NATIONALE 20 (ROUTE);;;;910
32899;201500036512;15;7;22;1910;1;2;1;1;2;552;NATIONALE 20 (ROUTE);;;;910
32900;201500036513;15;7;24;1815;1;2;1;1;1;425;ORLEANS (ROUTE D');;;;910
32901;201500036514;15;7;25;2305;5;2;1;1;3;457;FERTE ALAIS (ROUTE DE LA;;;;910
32902;201500036515;15;7;28;1630;1;2;1;2;1;103;MARRONNIERS  (AVENUE DES;;;;910
32903;201500036517;15;8;7;1145;1;2;1;1;6;103;12, POITOU (RUE DU);;;;910
32904;201500036518;15;8;8;30;5;2;1;1;6;425;TEMPLIERS (ROUTE DES);;;;910
32905;201500036519;15;8;15;745;1;2;1;2;6;21;DIVISION LECLERC (AVENUE;;;;910
32906;201500036520;15;8;16;2140;3;1;1;1;6;457;CD 19;;;;910
32907;201500036522;15;8;28;1550;1;1;1;1;2;347;RN 20;;;;910
32908;201500036523;15;8;29;1230;1;2;1;1;3;425;MOUCHY (BOULEVARD);;;;910
32909;201500036524;15;8;30;1810;1;1;1;1;2;552;RN 20;;;;910
32910;201500036525;15;9;2;1513;1;2;1;1;6;21;100, GRANDE (RUE);;;;910
32911;201500036526;15;9;2;2106;5;2;1;1;2;425;RN20;;;;910
32912;201500036527;15;9;6;1650;1;2;4;1;6;425;CROIX DU MESNIL (CHEMIN;;;;910
32913;201500036529;15;9;14;1400;1;1;1;2;3;339;RN 20;;;;910
32914;201500036530;15;9;14;1820;1;2;1;2;2;425;66-68,RN20 (R. ORLEANS);;;;910
32915;201500036531;15;9;16;1025;1;2;1;3;3;103;SAUSAIE (RUE DE LA);;;;910
32916;201500036532;15;9;24;450;5;2;6;1;1;103;COMMUNE DE PARIS (AV DE;;;;910
32917;201500036533;15;9;24;708;1;1;1;1;6;457;LOGES (ROUTE DES);;;;910
32918;201500036534;15;9;24;945;1;2;2;1;3;333;ROYAL (CHEMIN);;;;910
32919;201500036535;15;9;24;2255;3;1;1;2;6;457;RD 19;;;;910
32920;201500036536;15;9;25;1840;1;2;1;1;3;425;BOURGUIGNONS (RUE DES;;;;910
32921;201500036537;15;9;26;1400;1;1;1;1;6;457;CD 19;;;;910
32922;201500036538;15;10;2;1130;1;2;3;1;6;103;LUCIEN CLAUSE(AVENUE);;;;910
32923;201500036539;15;10;4;1650;1;2;1;1;1;347;PONT AUX PINS (RUE DU;;;;910
32924;201500036540;15;10;6;757;1;2;1;3;3;425;18, TEMPLIERS (ROUTE DES;;;;910
32925;201500036541;15;10;6;1045;1;2;1;1;2;21;SAINT DENIS (RUE);;;;910
32926;201500036542;15;10;7;2055;5;2;1;1;2;347;60, CROIX ROUGE FER (CHE;;;;910
32927;201500036543;15;10;11;2140;5;2;1;1;7;425;ORLEANS (ROUTE D');;;;910
32928;201500036544;15;10;12;1515;1;2;1;1;2;425;29, RN 20;;;;910
32929;201500036545;15;10;13;1130;1;2;1;1;6;103;BRANLY EDOUARD (AVENUE);;;;910
32930;201500036546;15;10;16;815;1;1;1;2;3;339;ROBERT BENOIST (AVENUE);;;;910
32931;201500036547;15;10;18;45;5;2;1;1;2;347;88, RN 20;;;;910
32932;201500036548;15;10;18;1400;1;2;1;1;3;425;PONT DES BELLES DAMES;;;;910
32933;201500036549;15;10;21;1922;5;2;1;3;3;425;RN 20;;;;910
32934;201500036550;15;10;22;1922;5;2;2;2;3;103;DANAUX EDOUARD (RUE);;;;910
32935;201500036551;15;10;25;2300;5;2;1;1;2;425;ORLEANS (ROUTE D');;;;910
32936;201500036552;15;10;26;750;1;2;1;1;5;347;76, DIVISION LECLERC (AV;;;;910
32937;201500036553;15;10;28;925;1;1;1;2;7;552;RN 20;;;;910
32938;201500036554;15;11;1;1400;1;1;1;1;2;425;RN 20 (ROUTE);;;;910
32939;201500036555;15;11;3;830;1;2;1;2;3;425;78, MARCOUSSIS (ROUTE DE;;;;910
32940;201500036556;15;11;5;845;1;2;7;1;6;425;MARCHE (PLACE DU);;;;910
32941;201500036557;15;11;7;1500;1;2;1;1;2;425;19, ORLEANS (ROUTE D');;;;910
32942;201500036558;15;11;17;1735;5;2;2;2;2;21;CORNATON ABEL (BLD);;;;910
32943;201500036559;15;11;19;1200;1;2;6;2;6;333;BRETIGNY (ROUTE DE);;;;910
32944;201500036560;15;11;20;510;5;2;1;3;1;339;2, JUBILE (ROUTE DU);;;;910
32945;201500036561;15;11;23;1430;1;2;1;1;3;103;BROSSOLETTE PIERRE (R;;;;910
32946;201500036562;15;11;25;725;2;2;1;1;7;103;CAMUS ALBERT (RUE);;;;910
32947;201500036563;15;11;26;1000;1;2;1;1;3;347;ORMOY (RUE DE L');;;;910
32948;201500036564;15;11;28;140;5;2;1;2;6;425;TEMPLIERS (ROUTE DES);;;;910
32949;201500036565;15;12;2;2015;3;1;1;1;6;457;RD 19;M;4857676.0;228181.0;910
32950;201500036566;15;12;4;730;1;1;1;2;3;425;RN20;;;;910
32951;201500036567;15;12;4;1310;1;2;1;1;7;425;TEMPLIERS (ROUTE DES);;;;910
32952;201500036568;15;12;10;815;1;2;1;1;6;339;77, VIEUX PAVE DE BRUYER;;;;910
32953;201500036569;15;12;13;35;3;1;1;5;6;103;RD 19;;;;910
32954;201500036571;15;12;16;820;5;2;4;1;6;333;Chemin Royal;M;4861886.0;226062.0;910
32955;201500036572;15;12;16;1820;5;2;1;3;4;347;MONTLHERY (ROUTE DE);M;4863486.0;228820.0;910
32956;201500036573;15;12;19;2200;5;2;4;1;3;347;TEMPLIERS (ROUTE DES);M;4864431.0;228204.0;910
32957;201500036574;15;12;23;110;3;1;1;1;6;552;RN20;;;;910
32958;201500036575;15;1;10;1900;5;2;1;2;3;27;VALLES (AVENUE JULES);;;;910