;Num_Acc;an;mois;jour;hrmn;lum;agg;int;atm;col;com;adr;gps;lat;long;dep
32959;201500036576;15;12;21;1920;5;2;1;1;1;27;INDUSTRIE (QUAI DE L');M;4841000.0;223000.0;910
32960;201500036578;15;2;13;1630;1;2;3;1;3;27;6, VALLES (AVENUE JULES);;;;910
32961;201500036579;15;12;26;930;1;2;4;1;3;27;SEMBAT (AVENUE MARCEL);M;4870777.0;237899.0;910
32962;201500036580;15;5;20;1805;1;2;1;1;3;27;BRIAND (AVENUE ARISTIDE);M;4870595.0;238898.0;910
32963;201500036581;15;2;17;1245;1;2;2;8;3;27;MITTERAND (AVENUE FRA;;;;910
32964;201500036582;15;5;29;1730;1;1;1;1;3;479;FONTAINEBLEAU (BOULEVARD;;;;910
32965;201500036583;15;3;3;1745;1;1;1;1;5;479;FONTAINEBLEAU (BOULEVARD;;;;910
32966;201500036584;15;6;12;1510;1;2;3;1;6;27;VALLES (AVENUE JULES);;;;910
32967;201500036586;15;6;18;600;1;2;1;1;2;27;MITTERAND (AVENUE FRANCO;;;;910
32968;201500036587;15;8;5;340;5;2;1;1;2;479;FONTAINEBLEAU (BOULEV;;;;910
32969;201500036588;15;7;8;1105;1;2;1;1;3;27;MITTERAND (AVENUE FRANCO;;;;910
32970;201500036589;15;9;4;1120;1;2;1;1;6;479;VERDUN (AVENUE DE);;;;910
32971;201500036590;15;9;10;1935;1;2;2;1;5;479;VAILLANT-COUTURIER (AVEN;;;;910
32972;201500036591;15;1;6;1830;5;2;6;1;2;114;WITTLICH (ROND POINT);;;;910
32973;201500036592;15;3;10;1720;1;2;1;1;6;114;9, MONTGERON (RUE DE);;;;910
32974;201500036593;15;12;20;2155;5;2;1;1;3;114;ROUTE NATIONALE 6;M;4868136.0;249258.0;910
32975;201500036594;15;1;8;1810;3;2;1;1;2;114;4, GENERAL DE GAULLE (BO;;;;910
32976;201500036596;15;1;22;1340;1;2;6;1;3;114;WITTLICH (ROND POINT);;;;910
32977;201500036597;15;3;17;1800;1;1;1;1;1;514;CD 33;M;4867322.0;252478.0;910
32978;201500036598;15;1;26;1950;3;2;9;3;6;97;Centre commercial Val d';;;;910
32979;201500036600;15;1;30;2025;3;1;1;1;3;514;RD 33;;;;910
32980;201500036601;15;3;19;1550;1;2;6;1;2;514;BOUSSY ST ANTOINE (RO;M;4868072.0;253808.0;910
32981;201500036602;15;1;31;1220;1;2;1;1;2;114;ROUTE NATIONALE 6;;;;910
32982;201500036603;15;4;10;1815;1;2;1;1;6;114;23, BELVEDERE (AVENUE DU;;;;910
32983;201500036604;15;2;11;1740;1;2;1;1;2;114;ROUTE NATIONALE 6;;;;910
32984;201500036605;15;5;12;2000;1;2;1;1;2;114;LILAS (AVENUE DU);M;4868094.0;249322.0;910
32985;201500036606;15;2;12;500;5;2;1;1;6;97;MOULIN NEUF (RUE DU);;;;910
32986;201500036607;15;5;17;1215;1;2;1;1;6;97;JEAN MOULIN (AVENUE);M;4867840.0;252703.0;910
32987;201500036608;15;2;20;2025;5;2;1;3;6;114;3, TALMA (RUE);;;;910
32988;201500036610;15;5;21;1810;1;1;1;1;3;114;ROUTE NATIONALE 6;M;4868570.0;248714.0;910
32989;201500036611;15;2;26;1025;1;2;6;2;3;97;FRICHES (CARREFOUR DES);;;;910
32990;201500036612;15;5;28;1700;1;2;1;1;3;97;103, ROCHOPT (RUE);M;4869560.0;254861.0;910
32991;201500036613;15;3;5;2030;5;2;1;1;6;97;CORA ET SON PARKING;;;;910
32992;201500036614;15;5;30;1945;1;2;3;1;6;114;VILLECRESNES (RUE);M;4870710.0;250367.0;910
32993;201500036615;15;12;7;820;1;2;1;1;5;514;RD 33;M;4866771.0;253054.0;910
32994;201500036616;15;3;7;1030;1;2;1;1;2;114;PIERRE PROST (AVENUE);;;;910
32995;201500036617;15;6;8;925;1;2;1;1;2;114;TALMA (RUE);M;4869340.0;250192.0;910
32996;201500036618;15;6;11;1820;1;1;1;1;2;514;ROUTE NATIONALE 6;;;;910
32997;201500036619;15;6;13;1405;1;1;1;1;6;215;JACQUES TATI (ALLEE);M;4870010.0;252858.0;910
32998;201500036620;15;6;17;1320;1;2;1;1;4;114;ROUTE NATIONALE 6;M;4868160.0;249236.0;910
32999;201500036621;15;6;26;1750;1;2;1;1;3;514;BOISSY (RUE DE);M;4867270.0;253708.0;910
33000;201500036622;15;6;29;1305;1;1;1;1;4;114;BRIE (ROUTE DE);M;4870410.0;251258.0;910
33001;201500036623;15;7;1;1930;1;2;1;1;4;114;PIERRE PROST (AVENUE);M;4869840.0;249514.0;910
33002;201500036624;15;7;4;1605;1;2;1;1;1;514;5, COMBS LA VILLE (RUE D;M;4867120.0;254042.0;910
33003;201500036625;15;7;18;2035;1;2;1;1;2;114;ROUTE NATIONALE 6;M;4867810.0;249661.0;910
33004;201500036626;15;8;20;2250;5;2;1;1;1;114;35 bis, VILLECRESNES (RU;M;4870730.0;250614.0;910
33005;201500036627;15;9;4;910;1;2;1;1;6;114;POSTE (RUE DE LA);M;4869670.0;250447.0;910
33006;201500036628;15;8;27;1450;1;2;6;1;3;114;PYRAMIDE (PLACE DE LA);M;4868320.0;249017.0;910
33007;201500036629;15;9;21;955;1;2;1;1;2;215;HUIT MAI QUARANTE CINQ (;M;4869680.0;252442.0;910
33008;201500036631;15;9;22;1645;1;2;1;2;4;114;PIERRE PROST (AVENUE);;;;910
33009;201500036633;15;9;28;805;1;2;2;1;3;114;FORET (AVENUE DE LA);M;4868470.0;249283.0;910
33010;201500036634;15;9;28;1435;1;2;1;1;2;97;13, C. DE GAULLE (AVENUE;M;4868540.0;252950.0;910
33011;201500036635;15;10;4;1130;1;2;3;1;1;97;MOULIN NEUF (RUE DU);M;4868870.0;253286.0;910
33012;201500036636;15;10;11;1450;1;1;1;1;1;514;RD 33;M;4866300.0;252245.0;910
33013;201500036637;15;10;8;1730;1;2;1;1;4;514;RD 33;M;4866358.0;252361.0;910
33014;201500036638;15;10;16;650;5;2;1;1;6;215;8 MAI 1945 (AVENUE;M;4869690.0;252411.0;910
33015;201500036639;15;11;5;1745;2;1;1;1;4;514;ROUTE NATIONALE 6;M;4866250.0;251560.0;910
33016;201500036640;15;11;4;1440;1;2;1;1;1;114;GENERAL LECLERC (AVENUE;M;4841131.0;934400.0;910
33017;201500036642;15;11;17;810;2;2;1;8;4;114;QUINCY (RUE DE);M;4868810.0;250497.0;910
33018;201500036643;15;11;25;1825;3;1;1;2;3;514;RD 33;M;4866410.0;252444.0;910
33019;201500036644;15;11;26;1755;5;1;1;1;6;514;93, FRANKLIN ROOSEVELT (;M;4810013.0;231524.0;910
33020;201500036645;15;11;27;2045;5;2;1;2;2;114;ROUTE NATIONALE 6;M;4840180.0;229391.0;910
33021;201500036647;15;12;15;1740;5;2;6;2;2;97;CHARLES DE GAULLE(EPINAY;M;4869088.0;252533.0;910
33022;201500036648;15;12;15;1900;5;2;1;2;1;114;VILLECRESNES (RUE);M;4870769.0;251013.0;910
33023;201500036649;15;11;7;1840;1;2;1;1;6;174;160, RUE GEORGES LEDU;M;4859113.0;247438.0;910
33024;201500036650;15;5;18;1545;1;1;1;1;6;174;FERAY ( rue );M;4860817.0;247474.0;910
33025;201500036651;15;2;8;1935;5;2;1;1;6;174;PERE LEGRIS(RUE DU);;;;910
33026;201500036652;15;11;21;1515;1;2;1;3;6;174;Emile ZOLA (rue);M;4861538.0;246983.0;910
33027;201500036653;15;5;9;2230;5;2;2;1;3;174;1, PARIS (RUE);M;4860260.0;246919.0;910
33028;201500036654;15;5;19;1230;1;2;1;1;6;174;4, FERAY ( rue );M;4861190.0;248092.0;910
33029;201500036655;15;7;2;1030;1;2;3;1;3;174;56, JEAN JAURES (BOULEVA;M;4860900.0;246372.0;910
33030;201500036656;15;7;15;1520;1;1;1;1;6;174;24, PARIS (RUE);M;4860390.0;246800.0;910
33031;201500036657;15;7;17;700;2;2;3;1;3;174;01, CHEVALIER SAINT JEAN;M;4860650.0;247647.0;910
33032;201500036658;15;7;17;1855;1;2;1;1;6;174;01, rue gustave courbet;;;;910
33033;201500036659;15;10;9;2018;5;2;3;1;3;174;31, BRIAND(ALLEE ARISTID;M;4860984.0;247519.0;910
33034;201500036660;15;1;11;1410;1;2;1;1;6;174;7, PARIS (RUE);;;;910
33035;201500036661;15;8;20;1045;1;2;1;1;6;174;JEAN COCTEAU (RUE);M;4860910.0;244894.0;910
33036;201500036662;15;1;20;950;1;2;1;5;6;174;Emile ZOLA (rue);;;;910
33037;201500036663;15;10;25;1208;1;2;3;1;3;174;AVENIR (RUE DE L');M;4858075.0;247633.0;910
33038;201500036665;15;10;5;1400;1;2;3;3;3;174;JACQUES BOURGOIN(QUAI);M;4860577.0;248983.0;910
33039;201500036666;15;1;9;1745;5;2;1;1;3;174;46, 08 MAI 1945 (AVENUE);;;;910
33040;201500036667;15;9;10;1140;1;2;1;1;6;174;7, RUE HELOISE;;;;910
33041;201500036668;15;2;28;1600;1;2;1;1;3;174;37, ST LAZARE(RUE DE);;;;910
33042;201500036669;15;2;28;1925;5;2;1;1;2;174;1, PATTON (PONT);;;;910
33043;201500036670;15;3;4;800;1;2;1;1;6;657;FREDERIC JOLIOT CURIE (A;;;;910
33044;201500036671;15;3;8;1655;1;2;1;1;6;201;52, GENERAL DE GAULLE(BO;;;;910
33045;201500036672;15;3;16;2000;5;2;2;1;6;657;CONCORDE (AVENUE);;;;910
33046;201500036673;15;3;24;858;1;2;2;1;2;201;HENRI BARBUSSE(AV);;;;910
33047;201500036675;15;3;27;1130;1;2;4;1;6;201;HENRI BARBUSSE(BOULEVARD;M;4866469.0;241958.0;910
33048;201500036676;15;3;29;255;5;2;2;1;3;201;HENRI BARBUSSE(AV);;;;910
33049;201500036677;15;3;30;1345;1;2;1;1;6;201;99, FERDINAND BUISSON(RU;;;;910
33050;201500036678;15;3;30;1930;1;2;1;1;6;657;CEDRES (RUE DES);;;;910
33051;201500036679;15;3;31;1915;1;2;3;1;3;657;TOURELLE (AVENUE DE LA );M;0.0;0.0;910
33052;201500036680;15;4;1;1420;1;2;1;1;6;201;Rue FERDINAND BUISSON;M;4867891.0;240353.0;910
33053;201500036681;15;4;2;1635;1;2;2;1;6;657;2, CONCORDE (AVENUE);;;;910
33054;201500036682;15;4;10;1730;1;1;1;1;6;201;PORT AUX CERISES (RUE DU;;;;910
33055;201500036683;15;4;14;1230;1;2;1;1;3;657;54, HENRI BARBUSSE (AVEN;M;4842007.0;251130.0;910
33056;201500036684;15;4;14;1025;1;2;1;1;4;201;196, HENRI BARBUSSE(Av;;;;910
33057;201500036685;15;4;18;1850;1;2;6;1;3;657;TOURELLE (AVENUE DE LA;M;4868911.0;243639.0;910
33058;201500036686;15;4;22;715;1;2;1;1;1;201;WALDECK ROUSSEAU (RUE);;;;910
33059;201500036687;15;4;27;2150;5;2;3;1;3;201;EUROPE(AVENUE DE L');;;;910
33060;201500036688;15;4;28;1730;1;2;1;1;2;201;Av Eugène Delacroix;;;;910
33061;201500036689;15;4;29;1530;1;2;7;1;6;657;PETIT NOISY (CHEMIN);;;;910
33062;201500036690;15;4;29;1840;1;2;3;1;3;657;HENRI BARBUSSE (AVENUE);;;;910
33063;201500036691;15;5;1;805;1;1;1;3;1;201;15, HENRI BARBUSSE(BOULE;;;;910
33064;201500036692;15;5;4;1820;1;2;1;2;1;657;MARCEL CACHIN (RUE);;;;910
33065;201500036693;15;5;5;1405;1;2;1;1;6;201;18, GENERAL DE GAULLE(BO;;;;910
33066;201500036694;15;5;8;1430;1;2;2;1;2;657;JULES VERNE (RUE);;;;910
33067;201500036695;15;5;17;1440;1;2;1;1;3;201;GENERAL DE GAULLE(BOULEV;M;4868724.0;239882.0;910
33068;201500036696;15;5;29;1005;1;2;4;2;3;201;EUGENE DELACROIX(AVENUE);M;0.0;0.0;910
33069;201500036697;15;6;3;1750;1;2;2;1;5;201;124, GENERAL DE GAULLE(B;M;0.0;0.0;910
33070;201500036698;15;6;15;1200;1;1;1;1;3;201;50, HENRI BARBUSSE(BOULE;M;4867379.0;241221.0;910
33071;201500036699;15;6;18;1948;1;2;1;1;2;657;14, CONCORDE (AVENUE);M;4870733.0;241652.0;910
33072;201500036701;15;6;19;1130;1;2;1;1;6;201;HENRI BARBUSSE(BOULEVARD;;;;910
33073;201500036702;15;6;23;1750;1;2;1;1;3;657;HENRI BARBUSSE (AVENUE);M;4870034.0;243156.0;910
33074;201500036703;15;6;24;2105;1;2;1;1;3;201;6 bis, HENRI BARBUSSE(BO;;;;910
33075;201500036704;15;6;28;1455;1;2;5;1;1;201;PIERRE BROSSOLETTE (RUE);M;4868392.0;241513.0;910
33076;201500036705;15;6;30;1120;1;2;2;1;2;657;LONGUERAIE (RUE DE LA );M;4871685.0;243736.0;910
33077;201500036706;15;6;29;2020;1;1;1;1;1;657;83, JULES VERNE (RUE);M;4869800.0;243967.0;910
33078;201500036707;15;7;1;1940;1;2;1;1;3;657;54, HENRI BARBUSSE (AVEN;M;4870023.0;242025.0;910
33079;201500036708;15;7;2;845;1;2;2;1;3;201;JEAN JAURES(AVENUE);M;4868970.0;241331.0;910
33080;201500036710;15;7;15;2135;1;2;1;1;6;657;2 bis, HENRI CHARON (AVE;M;4870655.0;242192.0;910
33081;201500036711;15;7;16;1020;1;2;2;1;6;201;02, MAINVILLE(RUE DE);M;4868580.0;241139.0;910
33082;201500036712;15;7;17;1145;1;2;1;1;1;201;EUROPE(AVENUE DE L');M;4868360.0;243219.0;910
33083;201500036713;15;7;20;1625;1;2;2;1;1;657;ROGER SALENGRO (RUE);M;4870300.0;243620.0;910
33084;201500036714;15;8;1;1445;1;2;2;1;3;657;HENRI CHARON (AVENUE);M;4870475.0;242709.0;910
33085;201500036716;15;8;4;1600;1;2;2;1;3;201;HENRI BARBUSSE(BOULEVARD;M;4867410.0;241203.0;910
33086;201500036717;15;8;8;1525;1;2;1;1;6;657;26, PIERRE MARIN (RUE);M;4870226.0;241439.0;910
33087;201500036718;15;8;14;1230;1;2;1;1;6;657;CHARLES DE GAULLE (PLACE;;;;910
33088;201500036719;15;8;31;1955;1;2;1;1;3;201;32, REPUBLIQUE (PLACE DE;;;;910
33089;201500036720;15;9;2;1135;1;2;1;1;2;657;FREDERIC JOLIOT CURIE (R;M;4870444.0;242098.0;910
33090;201500036721;15;9;4;1500;1;2;1;1;6;657;15, PAUL LANGEVIN (RUE);M;0.0;0.0;910
33091;201500036722;15;9;16;2200;5;2;5;1;3;657;TOURELLE (AVENUE DE LA );M;0.0;0.0;910
33092;201500036723;15;9;20;2225;5;2;7;1;6;201;REPUBLIQUE (PLACE DE LA);M;0.0;0.0;910
33093;201500036724;15;1;4;632;5;2;1;1;6;657;PIERRE MARIN (RUE);;;;910
33094;201500036725;15;9;22;2130;5;2;1;2;4;201;5, RIS (RUE DE);M;4380000.0;250000.0;910
33095;201500036726;15;9;24;1125;1;2;1;1;1;657;2A, HENRI CHARON (AVENUE;M;0.0;0.0;910
33096;201500036727;15;9;29;1930;1;2;1;1;3;201;HENRI BARBUSSE(AV;M;4869020.0;241111.0;910
33097;201500036729;15;10;14;1737;1;2;2;8;3;201;EUGENE DELACROIX(AVENUE);M;4867790.0;242314.0;910
33098;201500036730;15;10;17;1440;1;2;3;1;6;657;127, PIERRE BROSSOLETTE;M;4870123.0;243840.0;910
33099;201500036731;15;10;17;1140;1;2;1;1;2;657;80, HENRI BARBUSSE (AVEN;M;4870150.0;242414.0;910
33100;201500036732;15;10;26;1845;1;2;1;1;4;201;149, HENRI BARBUSSE(BOUL;M;4869451.0;241382.0;910
33101;201500036733;15;10;28;705;2;2;3;2;3;657;TOURELLE (AVENUE DE LA );M;4869256.0;244501.0;910
33102;201500036734;15;11;2;2115;5;2;1;1;1;657;114, HENRI BARBUSSE (AVE;M;0.0;0.0;910
33103;201500036735;15;11;3;2130;5;2;6;1;6;657;LONGUERAIE (RUE DE LA );M;4871383.0;243296.0;910
33104;201500036736;15;11;6;1520;1;2;2;3;3;657;17, CHENES (RUE DES );M;4869419.0;243636.0;910
33105;201500036737;15;11;6;2215;5;2;1;2;7;201;39, HENRI BARBUSSE(AV;;;;910
33106;201500036738;15;11;12;1500;1;2;3;1;3;657;HENRI BARBUSSE (AVENUE);M;4870059.0;242107.0;910
33107;201500036739;15;11;14;1720;5;2;1;1;3;201;65, HENRI BARBUSSE(AV;M;4867470.0;241177.0;910
33108;201500036741;15;11;22;1450;1;2;1;1;3;657;72, HENRI BARBUSSE (AVEN;M;4870090.0;242219.0;910
33109;201500036742;15;11;25;2125;5;2;6;2;7;201;GENERAL DE GAULLE(BOULEV;M;4868827.0;239070.0;910
33110;201500036743;15;11;26;1200;1;2;3;1;6;201;GRANGER (AVENUE);M;4868382.0;240848.0;910
33111;201500036744;15;11;27;710;5;2;1;5;7;201;GENERAL DE GAULLE(BOULEV;M;4868822.0;239196.0;910
33112;201500036745;15;11;26;1905;5;2;1;1;4;201;EUROPE(AVENUE DE L');M;4868644.0;243350.0;910
33113;201500036746;15;12;5;1920;5;2;1;1;3;657;HENRI BARBUSSE (AVENUE);M;0.0;0.0;910
33114;201500036747;15;12;5;2010;5;2;1;1;3;657;2 BIS, HENRI CHARON (AVE;M;4870672.0;242116.0;910
33115;201500036749;15;12;12;2340;5;2;1;1;2;201;80-82, HENRI BARBUSSE(AV;M;4867777.0;241060.0;910
33116;201500036750;15;12;17;1055;1;2;1;1;6;201;44, FERDINAND BUISSON(RU;M;4867452.0;240806.0;910
33117;201500036751;15;12;18;1340;1;2;1;1;6;657;2, CONCORDE (AVENUE);M;4870805.0;241605.0;910
33118;201500036752;15;12;18;2155;5;2;1;8;3;657;PIERRE MARIN (RUE);M;4870334.0;241357.0;910
33119;201500036753;15;12;20;1845;2;2;3;1;3;201;EUGENE DELACROIX(AVENUE);M;4867547.0;241603.0;910
33120;201500036755;15;12;28;1435;1;2;1;1;4;201;149 bis, HENRI BARBUSSE(;M;4869461.0;241397.0;910
33121;201500036756;15;12;30;1800;5;2;1;1;6;201;PORT AUX DAMES(QUAI+RUE;M;4868051.0;239774.0;910
33122;201500036757;15;1;11;1645;1;2;2;1;6;201;HENRI BARBUSSE(AV);;;;910
33123;201500036759;15;2;19;1830;1;2;2;1;1;657;MARECHAL FOCH (RUE);;;;910
33124;201500036760;15;1;24;1145;1;2;2;9;3;657;JULES VERNE (RUE);;;;910
33125;201500036761;15;1;25;1530;1;2;9;9;4;201;GENERAL DE GAULLE(BOULEV;;;;910
33126;201500036762;15;1;28;2005;4;2;2;9;3;201;MAINVILLE(RUE DE);;;;910
33127;201500036763;15;2;7;1815;5;2;2;1;1;657;PAUL VAILLANT COUTURIER;;;;910
33128;201500036764;15;1;7;1545;1;2;1;1;7;223;32, MOULIN A TAN (RUE DU;;;;910
33129;201500036765;15;3;7;1600;1;2;1;1;1;223;08 MAI 1945 (AVENUE);;;;910
33130;201500036767;15;3;10;1230;1;1;1;1;7;223;RN20;;;;910
33131;201500036768;15;1;20;930;1;1;1;1;7;223;RD63;;;;910
33132;201500036769;15;3;11;1600;1;2;1;1;2;433;G. DE GAULLE (av);;;;910
33133;201500036771;15;3;23;1725;1;2;1;1;6;223;6, SAINT ANTOINE (RUE);;;;910
33134;201500036773;15;3;28;2340;5;2;3;1;1;223;SAINT MARTIN (RUE;;;;910
33135;201500036774;15;1;30;1510;1;1;1;1;7;433;RUE GRANGE DES NOYERS;;;;910
33136;201500036775;15;4;3;1820;1;1;1;1;4;223;RN20;;;;910
33137;201500036777;15;4;6;1630;1;1;1;1;7;433;3, AUVERS (RUE D');;;;910
33138;201500036778;15;2;11;1135;1;2;1;1;6;223;BERCHERE (BOULEVARD);;;;910
33139;201500036779;15;4;8;1200;1;1;1;1;1;223;RN20;;;;910
33140;201500036780;15;2;14;1830;2;1;1;1;7;223;RD PT  AV C. DE GAULLE;;;;910
33141;201500036781;15;4;9;25;3;2;3;1;6;223;SAINT MICHEL (Bld);;;;910
33142;201500036782;15;2;15;1150;1;1;1;1;6;223;RN20;;;;910
33143;201500036783;15;4;10;1550;1;2;1;1;7;223;39, CORDELIERS (RUE DES);;;;910
33144;201500036784;15;2;18;1050;1;2;1;1;6;223;RD 191;;;;910
33145;201500036785;15;4;13;1400;1;2;1;1;2;223;01, SAINT MICHEL (BOULEV;;;;910
33146;201500036786;15;2;19;1055;1;2;7;1;6;223;HOTEL DE VILLE (PLCE);;;;910
33147;201500036787;15;4;14;1530;1;2;1;1;7;109;LARIS (CHEMIN DU);;;;910
33148;201500036788;15;4;17;2240;3;2;1;1;6;469;GRANDES NEIGES (chemin);;;;910
33149;201500036789;15;2;21;345;5;1;9;1;7;433;RD63;;;;910
33150;201500036791;15;2;24;740;2;1;1;1;7;433;CD 63;;;;910
33151;201500036792;15;2;25;1430;1;2;3;2;3;223;MOREAU (RUE LOUIS;;;;910
33152;201500036793;15;4;28;1248;1;1;1;1;6;223;1, DE GAULLE (AVENUE CHA;;;;910
33153;201500036794;15;4;29;1730;1;2;3;1;3;223;1, BERCHERE (BOULEVARD);;;;910
33154;201500036795;15;2;27;1920;5;2;1;1;2;223;1, MAI 1945 (AVENUE DU 8;;;;910
33155;201500036796;15;2;27;1945;5;2;1;1;1;223;MONTFAUCON (BOULE;;;;910
33156;201500036798;15;5;18;1255;1;2;1;1;2;223;40, REPUBLIQUE (RUE DE L;M;4843455.0;216462.0;910
33157;201500036799;15;5;21;255;3;1;6;1;6;433;RN20;M;4846684.0;218279.0;910
33158;201500036800;15;5;28;1830;1;2;1;1;6;223;4, REVERSELEUX (RUE);M;4842308.0;214660.0;910
33159;201500036801;15;6;2;1300;1;2;1;1;6;223;Av. GEOFFROY ST HILAIRE;;;;910
33160;201500036802;15;6;6;1125;1;2;1;1;6;223;MOREAU (RUE LOUIS);;;;910
33161;201500036803;15;6;6;2015;1;1;1;1;1;433;RD 191;;;;910
33162;201500036804;15;6;12;1120;1;1;1;1;6;433;10, RUE DE LA LIBERATION;;;;910
33163;201500036805;15;6;14;1640;1;2;1;1;2;223;COQUERIVE (AVENUE;;;;910
33164;201500036807;15;6;21;1540;1;2;1;1;3;223;8, RUE JEAN MERMOZ;;;;910
33165;201500036808;15;6;24;1843;1;1;3;1;3;433;RD63;;;;910
33166;201500036809;15;7;6;45;5;1;1;1;7;223;R.N.20;;;;910
33167;201500036810;15;7;11;1800;1;1;1;1;7;223;RN20;;;;910
33168;201500036811;15;7;13;1650;1;2;6;1;3;223;BONNEVAUX (AVENUE;;;;910
33169;201500036813;15;7;21;1215;1;1;1;1;5;223;RN20;;;;910
33170;201500036814;15;7;23;45;3;2;1;1;6;223;SAINT ANTOINE (RUE);;;;910
33171;201500036815;15;7;26;1440;1;1;1;2;6;223;RN20;;;;910
33172;201500036816;15;7;26;1525;1;2;1;2;6;223;164, SAINT JACQUES (RUE);;;;910
33173;201500036817;15;8;3;1515;1;2;1;1;2;433;PONTS (RUE DES);;;;910
33174;201500036818;15;8;12;1210;1;2;7;1;2;223;PLCE GENERAL ROMANET;;;;910
33175;201500036820;15;8;19;1900;1;1;1;1;3;223;RN20;;;;910
33176;201500036821;15;8;21;1755;1;1;2;1;1;223;RD 721;;;;910
33177;201500036822;15;8;27;2140;5;2;1;3;1;223;1, COQUERIVE (AVENUE DE);;;;910
33178;201500036823;15;8;28;1820;1;2;1;1;6;223;37, REVERSELEUX (RUE);;;;910
33179;201500036824;15;8;31;1730;1;2;1;1;7;223;135, PARIS (AVENUE DE);;;;910
33180;201500036825;15;9;12;840;1;1;1;1;7;223;RN20;;;;910
33181;201500036826;15;9;13;430;5;2;1;2;7;223;8 MAI 1945 (AVENUE;;;;910
33182;201500036827;15;9;16;2000;5;2;1;1;6;433;TILLEULS (RUE DES;;;;910
33183;201500036828;15;9;18;1425;1;2;3;1;2;223;PERRAY (RUE DU);;;;910
33184;201500036829;15;9;18;1800;1;2;3;1;3;223;162, SAINT JACQUES (RUE);;;;910
33185;201500036830;15;9;20;2010;1;2;3;1;3;223;NEUVE ST-GILLES (RUE);;;;910
33186;201500036831;15;9;25;1725;1;1;6;1;5;433;RN20;;;;910
33187;201500036832;15;9;29;1020;1;2;1;1;2;223;LYS (RUE DES);;;;910
33188;201500036833;15;9;30;1440;1;1;1;1;7;433;RD 191;;;;910
33189;201500036834;15;10;1;1825;1;2;1;1;6;223;3, HENRI IV (BOULEVARD);;;;910
33190;201500036835;15;10;6;705;2;2;1;2;6;223;9, SAINT JACQUES (RUE);;;;910
33191;201500036836;15;10;6;1100;1;1;1;2;7;223;RD721;;;;910
33192;201500036837;15;10;6;2030;5;2;1;1;6;223;8 MAI 1945 (AVENUE;;;;910
33193;201500036838;15;10;9;955;1;2;1;1;6;223;AVENUE DE LA LIBERATION;;;;910
33194;201500036839;15;10;12;1400;1;1;1;1;6;469;CARNAUX (RUE DES);;;;910
33195;201500036840;15;10;13;1730;1;2;3;1;3;223;Av. GEOFFROY ST HILAIRE;;;;910
33196;201500036841;15;10;16;1420;1;1;2;1;1;223;RD721;;;;910
33197;201500036842;15;10;18;1455;1;2;1;1;7;223;LYS (RUE DES);;;;910
33198;201500036843;15;10;20;1715;1;2;3;1;2;223;FILOIR (RUE DU);;;;910
33199;201500036844;15;10;27;1900;1;2;1;2;4;223;8 MAI 1945 (AVENUE;;;;910
33200;201500036846;15;11;1;1120;1;2;1;1;6;223;ST JACQUES DE BEZEGOND;;;;910
33201;201500036847;15;11;5;1750;2;2;1;2;6;223;03, CHARPENTIER (AVENUE;;;;910
33202;201500036848;15;11;9;1700;1;1;1;1;2;433;RN20;;;;910
33203;201500036849;15;11;14;1750;2;2;1;1;6;223;PONT SAINT JEAN (RUE);;;;910
33204;201500036850;15;11;17;1000;1;1;1;2;7;223;RN20;;;;910
33205;201500036851;15;11;17;1830;5;2;1;2;6;223;BERCHERE (BOULEVARD;;;;910
33206;201500036852;15;11;17;2235;3;1;3;1;3;469;D721;;;;910
33207;201500036853;15;11;22;1220;1;1;1;1;1;469;D721;;;;910
33208;201500036854;15;11;27;740;2;1;1;1;6;433;RN20;;;;910
33209;201500036855;15;11;27;2030;3;1;1;1;7;223;RN20;;;;910
33210;201500036857;15;12;4;655;3;1;1;1;4;223;RN20;;;;910
33211;201500036858;15;12;8;805;3;1;1;1;4;223;RN20;;;;910
33212;201500036859;15;12;13;1930;3;1;3;1;5;223;RN20;;;;910
33213;201500036860;15;12;15;1730;1;1;1;1;6;223;FARMAN (AVENUE HENRI);;;;910
33214;201500036861;15;12;16;1245;1;2;1;1;6;223;BONNEVAUX (AVENUE;M;4842988.0;215792.0;910
33215;201500036863;15;12;19;1740;2;1;1;1;7;223;RN20;M;4839855.0;211890.0;910
33216;201500036864;15;12;20;1510;1;2;1;1;6;223;100, SAINT JACQUES (RUE);M;4843372.0;215602.0;910
33217;201500036865;15;12;21;830;1;1;1;1;6;433;RD 191;M;4844479.0;222265.0;910
33218;201500036866;15;12;23;1715;2;1;1;1;3;433;RN20;M;4846839.0;218391.0;910
33219;201500036867;15;12;23;1920;5;2;1;1;4;223;8 MAI 1945 (AVENUE;M;4844022.0;215548.0;910
33220;201500036868;15;12;27;205;5;2;6;1;6;223;72, SAINT MICHEL (BOULEV;M;4844500.0;217060.0;910
33221;201500036869;15;12;29;1645;1;2;3;1;1;223;NEANT, SAINT JACQUES (RU;M;4843326.0;215529.0;910
33222;201500036870;15;12;30;1720;2;1;1;1;7;223;RN20;M;4842414.0;214157.0;910
33223;201500036871;15;8;30;2030;1;2;1;1;6;228;1, MARECHAL DE LATTRE DE;;;;910
33224;201500036872;15;7;7;1330;1;1;1;1;6;228;1, BARRE DE NANTEUIL (R.;;;;910