;Num_Acc;an;mois;jour;hrmn;lum;agg;int;atm;col;com;adr;gps;lat;long;dep
33225;201500036873;15;7;17;35;5;2;2;1;6;228;MITTERAND (BD FRANCOIS);;;;910
33226;201500036875;15;11;12;2030;5;2;1;1;6;521;1, BROSSOLETTE (RUE PIER;M;4864559.0;240612.0;910
33227;201500036876;15;11;21;1130;1;2;3;1;1;182;BEREGOVOY (AVENUE PIERRE;M;4861899.0;241039.0;910
33228;201500036877;15;10;30;1912;1;2;2;1;3;228;1, DEBUSSY (RUE CLAUDE);M;4862816.0;244811.0;910
33229;201500036879;15;5;28;2050;5;2;2;1;1;434;PINS (AVENUE DES);M;4864698.0;235859.0;910
33230;201500036880;15;3;31;1045;1;2;1;1;6;687;MARMONT (AVENUE);M;4866313.0;237497.0;910
33231;201500036881;15;4;3;2200;5;1;1;1;6;286;CORBEIL (ROUTE DE);M;4865432.0;238952.0;910
33232;201500036882;15;9;28;2050;5;2;2;1;5;434;PINS (AVENUE DES);M;4864700.0;235861.0;910
33233;201500036883;15;5;19;1630;1;2;1;1;1;687;VICTOR SCHOELCHER (AVENU;M;4865416.0;237097.0;910
33234;201500036884;15;12;31;500;1;1;1;1;7;326;7, COUR DE FRANCE (AVENU;M;4868847.0;237122.0;910
33235;201500036885;15;4;8;1600;1;2;1;1;6;326;RASPAIL (Av);;;;910
33236;201500036886;15;12;28;815;1;2;1;1;1;286;17, CORBEIL (ROUTE DE);M;4865658.0;238397.0;910
33237;201500036887;15;4;4;1610;1;2;3;1;3;687;PRESIDENT KENNEDY (AVENU;;;;910
33238;201500036888;15;3;17;1505;1;2;1;1;7;326;HOCHE (RUE);M;4868677.0;238041.0;910
33239;201500036889;15;5;31;1300;1;2;3;3;5;326;MONTTESSUY (RUE DE);M;4868446.0;238282.0;910
33240;201500036890;15;5;30;1610;1;2;2;1;3;687;GENERAL DE GAULLE (AVENU;M;4867590.0;238533.0;910
33241;201500036891;15;12;29;1150;1;2;1;1;1;687;VICTOR BASCH (RUE);M;4868298.0;238115.0;910
33242;201500036892;15;6;8;1500;1;2;3;1;3;434;COMMANDANT BARRE (AVENUE;M;4866250.0;236006.0;910
33243;201500036893;15;1;12;1430;1;2;7;1;3;434;AIMEE ET MARIE GEOFFREY;M;4864601.0;235354.0;910
33244;201500036894;15;6;16;1510;1;2;1;1;1;286;RN7;M;4866894.0;239338.0;910
33245;201500036895;15;11;23;720;2;2;3;2;3;687;BOULEAUX (AVENUE DES);M;4865452.0;236409.0;910
33246;201500036896;15;7;11;1830;1;2;2;1;3;326;ALEXANDRE PIVER (RUE);;;;910
33247;201500036897;15;6;8;1800;1;2;1;1;2;687;2, DE CHATILLON (QUAI);M;4868200.0;228500.0;910
33248;201500036899;15;9;2;455;5;2;2;1;6;286;1, CORBEIL (ROUTE DE);M;4865690.0;238958.0;910
33249;201500036900;15;1;9;1550;1;2;1;2;2;687;CHATILLON (RUE DE);;;;910
33250;201500036901;15;1;21;830;2;2;1;1;2;286;PREMIERE ARMEE (AVENUE);;;;910
33251;201500036903;15;2;14;735;1;2;1;1;6;687;PRESIDENT KENNEDY (AVENU;;;;910
33252;201500036904;15;2;27;1710;1;2;1;1;6;326;MONTTESSUY (RUE DE);;;;910
33253;201500036906;15;1;14;750;2;2;1;8;6;345;159, PRESIDENT FRANCOIS;;;;910
33254;201500036907;15;2;12;1650;1;2;1;1;6;161;38, Rue P. MENDES FRANCE;;;;910
33255;201500036908;15;3;2;1930;4;2;1;1;3;161;MAZARIN (AVENUE);;;;910
33256;201500036909;15;2;13;1315;1;1;6;1;5;161;JEAN MOULIN (ROND POINT;;;;910
33257;201500036910;15;3;8;1200;1;2;2;1;3;345;rue de l'Yvette;;;;910
33258;201500036911;15;2;17;530;3;2;3;1;3;345;84, PRESIDENT FRANCOIS M;;;;910
33259;201500036912;15;3;13;835;1;2;1;1;6;161;3, PIERRE BROSSOLETTE (A;;;;910
33260;201500036913;15;2;25;1150;1;2;1;2;6;161;87, GRAVIGNY (RUE DE);;;;910
33261;201500036914;15;4;2;1233;1;2;1;2;3;161;GRAVIGNY (RUE DE);M;0.0;0.0;910
33262;201500036916;15;4;9;1920;1;2;1;1;5;161;36, PIERRE BROSSOLETTE (;M;0.0;0.0;910
33263;201500036917;15;4;28;815;1;2;1;1;3;161;9, LONGJUMEAU (route de);M;0.0;0.0;910
33264;201500036918;15;4;30;1940;1;2;1;2;2;161;PIERRE BROSSOLETTE (AVEN;M;0.0;0.0;910
33265;201500036920;15;5;20;845;1;2;1;1;3;161;CD 120;M;0.0;0.0;910
33266;201500036921;15;5;16;2135;2;2;1;1;6;345;CORBEIL (ROUTE DE);M;0.0;0.0;910
33267;201500036922;15;5;27;1900;1;2;2;1;1;161;PIERRE BROSSOLETTE (AVEN;M;0.0;0.0;910
33268;201500036923;15;6;5;1600;1;2;9;1;3;161;32, PIERRE BROSSOLETTE (;M;0.0;0.0;910
33269;201500036926;15;6;25;1854;1;2;9;1;3;161;18, PASSERELLE (RUE DE L;M;;;910
33270;201500036927;15;6;26;1453;1;2;3;1;2;345;GENERAL DE GAULLE (AVENU;M;0.0;0.0;910
33271;201500036928;15;4;23;2005;1;2;1;1;6;345;RUE RENE CASSIN;M;0.0;0.0;910
33272;201500036929;15;6;29;1700;1;2;1;1;3;345;CORBEIL (ROUTE DE);;;;910
33273;201500036930;15;5;30;600;2;2;1;1;6;161;MAZARIN (AVENUE);M;4870575.0;231404.0;910
33274;201500036931;15;7;3;1705;1;2;2;1;6;345;1, Yvette rue de l';M;4869500.0;229417.0;910
33275;201500036932;15;7;8;1745;1;2;6;1;3;161;JEAN MOULIN (ROND POINT;M;0.0;0.0;910
33276;201500036933;15;7;20;600;1;2;2;1;3;161;MAZARIN (AVENUE);;;;910
33277;201500036934;15;9;11;1835;1;2;1;1;4;161;MAZARIN (AVENUE);;;;910
33278;201500036935;15;9;15;1300;1;2;2;1;6;345;LIEVAIN (BOULEVARD);;;;910
33279;201500036936;15;9;18;730;1;2;2;1;6;161;MITTERRAND PDT FRANCOIS;;;;910
33280;201500036937;15;9;23;1150;1;1;1;1;6;161;WISSOUS (ROUTE DE);;;;910
33281;201500036938;15;9;27;1125;1;2;1;1;6;161;PIERRE BROSSOLETTE (AVEN;;;;910
33282;201500036939;15;9;29;900;1;2;3;1;3;161;38, LONGJUMEAU (route de;;;;910
33283;201500036940;15;10;16;630;5;2;1;2;3;161;28, LONGJUMEAU (route de;;;;910
33284;201500036942;15;10;31;1615;1;2;6;1;6;161;DIEMA (CARREFOUR DE);;;;910
33285;201500036943;15;11;5;800;1;1;1;1;4;345;rue Maurice;;;;910
33286;201500036944;15;11;26;2140;5;2;1;1;6;345;4, CATHELIN DR (BOULEVAR;M;4868714.0;229006.0;910
33287;201500036945;15;12;14;1920;5;2;2;1;6;161;PASSERELLE (RUE DE LA);M;4870028.0;231800.0;910
33288;201500036946;15;12;15;900;1;1;6;2;3;161;JEAN MOULIN (ROND POINT;M;4871184.0;231019.0;910
33289;201500036947;15;12;16;1810;5;2;1;2;6;161;11, PIERRE BROSSOLETTE (;M;4870126.0;231927.0;910
33290;201500036948;15;12;19;1000;1;2;2;1;6;345;6, PRESIDENT FRANCOIS MI;M;4869974.0;229615.0;910
33291;201500036949;15;12;18;1540;1;1;3;2;3;345;157, CORBEIL (ROUTE DE);M;4868095.0;231366.0;910
33292;201500036950;15;12;29;1750;3;1;3;1;1;161;4, HELENE BOUCHER (RUE);M;4871517.0;230370.0;910
33293;201500036951;15;2;12;1530;1;2;1;1;6;377;AMPERE (RUE);;;;910
33294;201500036952;15;10;21;1620;1;1;1;1;1;689;FRESNES (CHEMIN);M;4874352.0;232979.0;910
33295;201500036953;15;3;18;750;1;2;1;1;6;377;BASCH (RUE VICTOR);;;;910
33296;201500036955;15;3;28;955;1;2;6;1;2;377;ALLENDE (ROND POINT SALV;;;;910
33297;201500036957;15;4;6;35;5;2;1;1;2;377;SERGENT (RUE LUCIEN);;;;910
33298;201500036958;15;11;5;1845;2;1;2;1;3;377;CHAMPARTS (RUE DES);M;4871666.0;228333.0;910
33299;201500036959;15;4;8;1350;1;2;1;1;2;377;NATIONALE (AVENUE);;;;910
33300;201500036960;15;4;8;1350;1;2;1;1;2;377;AULNAY DRACOURT (IMPASSE;;;;910
33301;201500036962;15;4;15;1225;1;2;1;1;1;377;KENNEDY (AVENUE DU PRESI;;;;910
33302;201500036963;15;8;6;1300;1;2;1;1;1;689;06, EUROPE (BOULEVARD DE;M;4873636.0;233653.0;910
33303;201500036964;15;4;17;1645;1;2;1;1;6;377;7, ROME (RUE DE);;;;910
33304;201500036965;15;4;29;1945;2;2;1;1;3;689;5-6, ANTONY (ROUTE D');;;;910
33305;201500036966;15;5;9;45;5;2;1;1;2;377;KENNEDY (AVENUE DU PRESI;;;;910
33306;201500036967;15;5;29;1120;1;2;1;1;6;377;CARNOT (AVENUE);M;0.0;0.0;910
33307;201500036968;15;5;23;1630;1;2;2;1;3;377;MONTPELLIER (RUE DE);;;;910
33308;201500036970;15;6;9;1805;1;2;1;1;6;377;SAINT-MARC (AVENUE);M;4871670.0;228333.0;910
33309;201500036972;15;6;12;1720;1;2;1;1;3;689;10, ARAGO (BOULEVARD);M;4843000.0;219000.0;910
33310;201500036973;15;1;13;1820;5;2;1;1;3;377;84, PARIS (RUE DE);;;;910
33311;201500036974;15;6;19;948;1;2;2;1;1;377;KENNEDY (AVENUE DU PRESI;M;4873333.0;228333.0;910
33312;201500036975;15;1;14;835;5;2;1;2;3;377;1, EFFORT-MUTUEL (RUE DE;;;;910
33313;201500036976;15;1;17;2035;5;2;1;1;3;377;LECLERC (AVENUE DU;;;;910
33314;201500036977;15;7;17;1820;1;2;1;1;6;377;DE LATTRE DE TASSIGNY (A;;;;910
33315;201500036978;15;1;21;2110;1;2;1;1;3;377;KENNEDY (AVENUE DU PRESI;;;;910
33316;201500036979;15;7;26;1935;1;2;3;2;3;377;DE LATTRE DE TASSIGNY (A;M;4840000.0;216000.0;910
33317;201500036980;15;1;26;1420;1;2;1;1;4;377;EUROPE (AVENUE DE L');;;;910
33318;201500036981;15;1;28;1225;1;2;1;1;6;377;2, FRANCE (AVENUE DE);;;;910
33319;201500036982;15;7;30;1225;1;2;1;1;2;377;PALAISEAU (ROUTE DE);;;;910
33320;201500036983;15;3;7;1055;1;2;1;1;3;689;EUROPE (BOULEVARD DE L');;;;910
33321;201500036984;15;9;1;1930;1;2;1;1;3;377;EUROPE (AVENUE DE L');M;4872675.0;227805.0;910
33322;201500036985;15;3;9;1750;1;2;1;1;3;377;CARNOT (AVENUE);;;;910
33323;201500036987;15;3;13;2025;2;2;1;1;6;377;EUROPE (AVENUE DE L');;;;910
33324;201500036988;15;9;9;1820;1;2;1;1;3;377;BAUDOT (RUE EMILE);M;4843000.0;215000.0;910
33325;201500036990;15;8;14;1730;1;2;1;3;6;377;BASCH (RUE VICTOR);;;;910
33326;201500036992;15;10;14;1545;1;2;1;1;6;377;CANADIENS (RUE DES);;;;910
33327;201500036993;15;10;26;1905;2;2;2;1;3;377;MIGNEAUX (RUE DES);;;;910
33328;201500036994;15;11;3;750;1;2;1;2;3;377;35, PALAISEAU (ROUTE DE);M;4843000.0;214000.0;910
33329;201500036995;15;11;16;1608;1;2;1;2;6;377;ALLENDE (AVENUE DU PRESI;M;4873100.0;225642.0;910
33330;201500036996;15;12;2;1730;5;2;1;1;6;377;REPUBLIQUE (AVENUE DE LA;M;4873471.0;229551.0;910
33331;201500036997;15;12;9;1600;1;1;1;7;1;689;2, EUROPE (BOULEVARD DE;;;;910
33332;201500036998;15;12;15;1840;5;2;1;3;6;377;EUROPE (AVENUE DE L');M;4872683.0;227802.0;910
33333;201500036999;15;12;18;1950;5;2;3;1;7;377;KENNEDY (AVENUE DU PRESI;M;4873972.0;230081.0;910
33334;201500037000;15;10;16;1220;1;2;1;2;1;691;MARCEAU BAILLIOT (RUE);M;4870863.0;249473.0;910
33335;201500037002;15;12;31;1740;1;2;1;1;2;421;CORBEIL (ROUTE DE);M;4871813.0;244319.0;910
33336;201500037003;15;6;6;1850;1;2;2;1;3;691;GABRIEL PERI(RUE) DU N°4;M;4870655.0;248808.0;910
33337;201500037004;15;1;7;1740;1;2;1;1;6;421;BOIS (RUE DES);;;;910
33338;201500037005;15;6;20;1055;1;2;1;1;6;421;CHARLES DE GAULLE (AVENU;M;4869632.0;245640.0;910
33339;201500037006;15;6;30;45;3;1;1;1;2;421;RN 6 (GLACIERE);M;4869458.0;244717.0;910
33340;201500037007;15;1;13;820;1;2;1;1;4;421;REPUBLIQUE (AVENUE DE LA;;;;910
33341;201500037008;15;7;3;1710;1;2;1;1;1;691;14, ABBAYE(RUE);M;4871077.0;249816.0;910
33342;201500037009;15;1;14;1950;5;2;1;1;6;691;181, GABRIEL PERI(RUE);;;;910
33343;201500037010;15;11;26;1400;1;2;1;1;6;691;RENE COTY(RUE);;;;910
33344;201500037011;15;7;10;1725;1;1;1;1;2;421;NATIONALE 6 (CES POMPIDO;;;;910
33345;201500037012;15;1;16;1935;5;2;3;1;3;691;RAYMOND POINCARE(RUE);;;;910
33346;201500037013;15;6;12;1905;1;2;1;1;2;691;4, GABRIEL PERI(RUE) DU;M;4871199.0;248800.0;910
33347;201500037014;15;1;31;1805;2;1;1;1;7;421;NATIONALE 6 (CES POMPIDO;;;;910
33348;201500037016;15;2;2;1730;2;2;1;1;3;421;REPUBLIQUE (AVENUE DE LA;;;;910
33349;201500037017;15;8;7;1715;1;1;1;3;4;421;NATIONALE 6 (PARTIE FORE;M;4868218.0;249105.0;910
33350;201500037018;15;2;12;855;1;2;1;1;6;421;01, CHARLES DE GAULLE (A;;;;910
33351;201500037019;15;6;16;1725;1;1;1;1;4;421;NATIONALE 6 ( FORET);M;4868619.0;248665.0;910
33352;201500037020;15;2;16;130;4;1;1;1;2;421;NATIONALE 6 (GLACIERE);;;;910
33353;201500037021;15;12;16;1220;1;2;1;2;3;691;MARCEAU BALLIOT (RUE);M;4870768.0;249551.0;910
33354;201500037022;15;8;21;1825;1;2;2;1;3;421;PIERRE CURIE (RUE);M;4870731.0;243860.0;910
33355;201500037023;15;2;28;2110;5;2;1;1;2;691;GABRIEL PERI(RUE);;;;910
33356;201500037024;15;9;9;1025;1;1;1;1;2;421;CHARLES DE GAULLE (AV;;;;910
33357;201500037025;15;3;7;1510;1;1;1;1;2;421;RN 6 (REVEIL MATIN);;;;910
33358;201500037026;15;12;17;2045;1;2;1;1;2;421;JEAN JAURES (AVENUE);M;4871560.0;244706.0;910
33359;201500037027;15;9;10;1635;1;1;1;1;1;691;33, CORNEILLE(RUE);M;4869648.0;248035.0;910
33360;201500037028;15;3;7;1720;1;2;1;1;4;421;CHARLES DE GAULLE (AVENU;;;;910
33361;201500037029;15;9;11;815;1;2;3;1;2;691;GRANGE(AVENUE);M;4872259.0;249849.0;910
33362;201500037030;15;2;23;910;1;1;1;2;3;691;RD 94;;;;910
33363;201500037031;15;9;17;1530;1;2;4;1;1;691;06, RENE COTY(RUE);M;4871850.0;248833.0;910
33364;201500037032;15;3;8;2230;4;1;1;1;4;421;RN 6 (CES POMPIDOU);;;;910
33365;201500037035;15;9;22;1730;1;1;1;1;1;421;SAULES (CHEMIN DES);M;4869360.0;244747.0;910
33366;201500037036;15;3;25;1830;2;2;1;2;6;691;1, MARECHAL FOCH;;;;910
33367;201500037037;15;9;30;820;1;1;1;1;2;421;RN 6 (REVEIL MATIN);M;4871841.0;244304.0;910
33368;201500037038;15;1;12;855;1;2;3;1;3;191;., LEON JOUHAUX (AVENUE);;;;910
33369;201500037039;15;10;1;1950;1;2;1;1;2;421;RAYMOND PAUMIER (RUE);M;4870420.0;244639.0;910
33370;201500037040;15;3;30;1730;1;2;3;1;1;691;RESISTANCE(AVENUE);;;;910
33371;201500037041;15;10;3;710;5;2;1;1;1;691;MARCEAU BAILLIOT (RUE);M;4870920.0;249361.0;910
33372;201500037042;15;3;14;1300;1;2;1;1;2;691;GOURGAUD(AVENUE);;;;910
33373;201500037043;15;9;19;2105;3;2;1;1;6;691;MARCEAU BAILLOT (RUE);M;4870800.0;249525.0;910
33374;201500037044;15;4;2;1630;1;2;3;1;3;691;;;;;910
33375;201500037045;15;10;13;2025;5;2;1;1;6;421;130, REPUBLIQUE (AVENUE;M;4870320.0;246217.0;910
33376;201500037046;15;4;5;1900;1;2;2;1;3;691;GUILLAUME BUDE(RUE);;;;910
33377;201500037047;15;7;5;120;5;1;1;1;6;421;NATIONALE 6 (PARTIE FORE;M;4869082.0;245419.0;910
33378;201500037049;15;10;14;2015;4;2;1;1;1;421;SENART (AVENUE DE);M;4870050.0;247603.0;910
33379;201500037050;15;4;12;2135;2;2;1;1;3;691;06, PASTEUR (RUE);;;;910
33380;201500037051;15;4;18;925;1;2;1;1;6;421;CHARLES DE GAULLE (AVENU;;;;910
33381;201500037052;15;10;30;1550;1;1;1;1;4;421;RN 6 (PARTIE FORET);M;4872130.0;244300.0;910
33382;201500037053;15;10;30;2035;5;2;1;1;6;421;DOCTEUR BESSON (RUE DU);M;4869915.0;245525.0;910
33383;201500037054;15;4;21;1825;1;2;1;1;4;691;RAYMOND POINCARE(RUE);;;;910
33384;201500037055;15;4;24;1400;1;2;1;1;2;421;CORBEIL (ROUTE DE);;;;910
33385;201500037056;15;11;17;1030;1;2;3;2;5;691;CHARLE DE GAULLE(RUE);M;4871604.0;249070.0;910
33386;201500037057;15;4;26;1900;1;2;1;1;6;691;MARC SANGNIER(RUE);;;;910
33387;201500037059;15;2;19;700;5;2;2;1;3;421;95, JEAN JAURES (AVENUE);;;;910
33388;201500037060;15;11;6;1800;5;2;1;1;4;421;JEAN JAURES (AVENUE);M;4871440.0;244806.0;910
33389;201500037061;15;5;3;500;3;2;1;1;2;421;REVEIL MATIN (RUE DU);;;;910
33390;201500037062;15;11;8;1505;1;2;1;1;6;691;10, JULIEN(RUE);M;4869760.0;247519.0;910
33391;201500037063;15;11;8;1535;1;2;3;1;3;421;CHARLES DE GAULLE (AVENU;M;4869680.0;245786.0;910
33392;201500037064;15;5;17;745;1;2;1;1;2;691;200, RAYMOND POINCARE(RU;;;;910
33393;201500037065;15;5;1;1820;1;1;1;1;3;421;NATIONALE 6 (PARTIE FORE;;;;910
33394;201500037066;15;11;10;810;2;2;1;1;2;421;BOIS (RUE DES);M;4870630.0;245411.0;910
33395;201500037067;15;12;1;1535;1;2;1;1;6;691;4, MARC SANGNIER(RUE);M;4871388.0;248918.0;910
33396;201500037068;15;5;24;1615;1;1;1;1;2;421;NATIONALE 6 ( FORET);;;;910
33397;201500037070;15;10;16;1150;1;2;1;1;1;691;5, RENE COTY(RUE);M;4871788.0;249655.0;910
33398;201500037071;15;5;26;1635;1;2;1;1;6;421;VIGNES (IMPASSE DES);;;;910
33399;201500037072;15;10;16;1620;1;2;1;1;1;691;GRANGE(AVENUE);M;0.0;0.0;910
33400;201500037073;15;12;21;1810;1;1;1;1;5;421;NATIONALE 6 (PARTIE FORE;M;4869049.0;245745.0;910
33401;201500037074;15;12;23;1615;1;2;1;1;3;421;CORBEIL (ROUTE DE);M;4870570.0;243930.0;910
33402;201500037076;15;1;1;335;3;2;1;8;6;692;TROPIQUES (AVENUE DES);;;;910
33403;201500037077;15;12;26;1711;1;1;6;1;3;692;RD35;M;4867533.0;219276.0;910
33404;201500037078;15;4;1;1325;1;2;2;1;2;477;STALINGRAD (AVENUE DE);;;;910
33405;201500037079;15;1;23;750;2;2;3;1;1;477;PALAISEAU (BOULEVARD;;;;910
33406;201500037080;15;4;3;630;3;1;1;2;3;692;CD35;;;;910
33407;201500037081;15;1;22;750;2;2;1;1;6;477;31, GENERAL LECLERC (AVE;;;;910
33408;201500037082;15;4;3;1045;1;1;1;1;3;692;OCEANIE (AVENUE DE L');;;;910
33409;201500037083;15;1;26;1910;5;2;1;2;6;645;CHATENAY (VOIE DE);;;;910
33410;201500037084;15;4;7;1530;1;1;1;1;6;645;12, allée des meuniers;;;;910
33411;201500037085;15;1;31;1220;1;2;6;2;2;477;2, GUTENBERG (RUE);;;;910
33412;201500037086;15;4;10;820;1;2;1;1;1;645;38, MARECHAL FOCH (BOULE;;;;910
33413;201500037087;15;12;30;1600;1;2;1;1;3;477;07, PREMIER MAI (AVENUE;M;4871224.0;225696.0;910
33414;201500037088;15;1;27;1810;5;2;1;1;6;692;DORDOGNE (AVENUE DE);;;;910
33415;201500037090;15;2;8;1345;1;2;1;1;3;312;DOCTEUR ROUX (RUE DU);;;;910
33416;201500037091;15;11;6;1640;1;1;1;1;1;122;16 BIS, GUYONNERIE (rue;M;4870376.0;216158.0;910
33417;201500037092;15;5;12;1030;1;2;1;1;2;645;103, ESTIENNES D ORVES (;;;;910
33418;201500037093;15;12;16;1340;1;2;3;1;6;122;4, FOCH (AVENUE DU MAREC;M;4869347.0;215606.0;910
33419;201500037094;15;2;25;855;1;2;1;2;4;122;132, CHARTRES (ROUTE DE);;;;910
33420;201500037095;15;5;27;2245;5;2;2;1;5;692;05, CEVENNES (RUE DES);M;4867850.0;217486.0;910
33421;201500037096;15;2;15;2000;5;2;1;1;2;645;GEORGES POMPIDOU (AVE;;;;910
33422;201500037097;15;5;30;2052;1;1;1;1;3;692;OCEANIE (AVENUE DE L';M;4867876.0;219961.0;910
33423;201500037098;15;2;15;2030;5;2;1;1;6;477;Bld GRANDE CEINTURE;;;;910
33424;201500037099;15;4;21;1430;1;1;1;1;6;692;Bat F, CHARENTES (RUE DE;;;;910
33425;201500037100;15;3;3;1940;5;2;3;9;3;312;FERRY (RUE JULES);;;;910
33426;201500037101;15;6;5;1300;1;2;1;1;2;477;7 bis, STALINGRAD (AVENU;;;;910
33427;201500037102;15;2;19;1930;5;2;1;1;2;645;FOCH (BOULEVARD DU MAREC;;;;910
33428;201500037103;15;6;7;1235;1;2;1;1;6;477;37, HOCHE (RUE LAZARE);;;;910
33429;201500037104;15;7;1;2130;1;2;4;1;3;471;52, VERSAILLES (RUE DE);M;0.0;0.0;910
33430;201500037105;15;7;1;2340;5;2;2;1;1;471;CHARTRES (ROUTE DE);M;4841430.0;841430.0;910
33431;201500037106;15;3;16;735;1;2;1;1;6;122;DUBREUIL (BOULEVARD);;;;910
33432;201500037107;15;7;3;1400;1;2;1;1;1;471;40, TERRASSE (BOULEVARD;;;;910
33433;201500037108;15;7;3;1350;1;2;6;7;2;692;OCEANIE (AVENUE DE L';;;;910
33434;201500037109;15;5;29;1935;1;2;1;1;2;692;TROPIQUES (AVENUE DES);;;;910
33435;201500037110;15;7;26;418;3;1;1;1;6;692;RD35;M;0.0;0.0;910
33436;201500037112;15;3;18;1930;5;2;1;1;6;692;15, BOURGOGNE (AVENUE DE;;;;910
33437;201500037113;15;8;9;335;5;2;3;1;6;645;20, JEAN JAURES (RUE);M;4874888.0;226324.0;910
33438;201500037114;15;3;16;1235;1;2;1;1;5;477;8, HUIT MAI 1945 (AVENUE;;;;910
33439;201500037116;15;3;20;1630;1;2;4;1;1;312;66, PERI (RUE GABRIEL);;;;910
33440;201500037118;15;3;27;1030;1;2;1;1;2;312;58, JEAN JAURES (AVENUE);;;;910
33441;201500037119;15;9;2;825;1;2;2;1;6;471;BELLEVUE (RUE);;;;910
33442;201500037120;15;1;30;815;1;2;1;1;6;645;MARECHAL FOCH (BO;;;;910
33443;201500037121;15;9;5;1840;1;2;1;1;1;471;LACS (AVENUE DES);;;;910
33444;201500037122;15;9;8;1545;1;1;1;1;1;477;RD 128;;;;910
33445;201500037123;15;1;12;840;2;2;1;1;6;477;PEGUY (RUE CHARLES);;;;910
33446;201500037124;15;2;21;1350;1;2;3;1;6;692;BELFORT (RUE DE);;;;910
33447;201500037125;15;6;5;2215;1;2;7;1;6;471;GARE RER ORSAY VILLE;M;5070000.0;470000.0;910
33448;201500037126;15;3;31;920;1;2;1;1;6;471;2, LOUIS SCOCARD (RUE);;;;910
33449;201500037127;15;6;6;30;5;2;1;1;2;645;BLIN (RUE);M;0.0;0.0;910
33450;201500037128;15;3;24;945;1;2;1;1;6;471;2, GUICHET (RUE DU);;;;910
33451;201500037129;15;9;2;1445;1;2;2;1;3;692;RD 446;M;4867000.0;219560.0;910
33452;201500037130;15;9;27;1243;1;2;1;1;6;477;29, NICOLAS SAMSON (BOUL;;;;910
33453;201500037131;15;9;10;855;1;2;1;1;3;477;29, HUIT MAI 1945 (AVENU;;;;910
33454;201500037132;15;9;28;1615;1;2;1;1;6;692;1, CEVENNES (AV DES);;;;910
33455;201500037133;15;9;27;1005;1;1;9;1;3;692;POMPIERS (LE GRAND VIVIE;M;4867630.0;219419.0;910
33456;201500037134;15;10;5;1655;1;2;1;3;2;477;56, GENERAL LECLERC (AVE;;;;910
33457;201500037135;15;10;9;1550;1;2;1;1;3;645;70, GABRIEL PERI (Av);;;;910
33458;201500037136;15;10;27;1835;2;2;1;2;5;692;AUBRAC (AVENUE DE L');M;4867776.0;217104.0;910
33459;201500037137;15;11;1;15;5;2;3;1;3;477;GEORGE SAND (RUE);M;4870953.0;224615.0;910
33460;201500037138;15;11;3;1850;1;2;1;1;6;471;GUICHET (RUE DU);;;;910
33461;201500037140;15;11;16;830;1;2;1;1;6;471;13, FLORIAN (RUE);;;;910
33462;201500037141;15;11;17;750;2;1;1;8;1;64;VERSAILLES (ROUTE DE);;;;910
33463;201500037142;15;11;20;900;1;2;5;2;3;312;PLAINE (RUE DE LA);;;;910
33464;201500037143;15;11;1;1345;1;2;1;1;6;477;22, LECLERC (AVENUE DU G;;;;910
33465;201500037144;15;11;24;2130;3;1;1;2;2;64;JOUY (ROUTE DE);M;4875224.0;220547.0;910
33466;201500037145;15;11;26;1310;1;2;1;1;3;312;71, QUATRE SEPTEMBRE (RU;;;;910
33467;201500037146;15;11;27;2310;5;2;2;2;3;471;53, MONDETOUR (BOULEVARD;M;4868246.0;218302.0;910
33468;201500037147;15;12;2;1610;1;1;1;1;6;64;VERSAILLES (ROUTE DE);M;4876672.0;219449.0;910
33469;201500037148;15;12;2;1630;1;2;7;1;6;477;1, CARDON (VOIE DE LA);M;4870725.0;225711.0;910
33470;201500037149;15;12;9;1730;2;2;1;1;6;122;FONTAINE SAINT MATHIE;;;;910
33471;201500037150;15;12;7;1945;5;2;6;1;1;471;FERME (RUE DE LA);;;;910
33472;201500037151;15;12;14;1700;2;1;1;1;1;64;VERSAILLES (ROUTE DE);;;;910
33473;201500037152;15;12;19;1915;5;2;1;1;6;477;9, ALLIES (AVENUE DES);M;4872127.0;224833.0;910
33474;201500037153;15;12;23;220;3;1;1;1;6;692;RD35;M;4867508.0;218594.0;910
33475;201500037154;15;1;27;1900;5;2;1;1;6;549;13, GABRIEL PERI (AVENUE;;;;910
33476;201500037155;15;2;8;1745;1;2;1;1;6;549;61, PAUL VAILLANT-COUTUR;;;;910
33477;201500037156;15;4;10;710;1;1;1;1;3;570;ROSIERES (RUE);;;;910
33478;201500037157;15;4;12;705;2;2;6;1;1;549;1, ABBE BOURSIER (PLACE;;;;910
33479;201500037158;15;3;7;1655;1;2;2;1;3;549;JACQUES DUCLOS (AVENUE);;;;910
33480;201500037159;15;4;29;1920;1;2;2;1;3;549;1, CORBEIL (ROUTE DE);;;;910
33481;201500037160;15;3;10;1210;1;1;1;1;1;570;1, ROSIERES (RUE);;;;910
33482;201500037161;15;3;10;1400;1;2;1;1;6;549;LIBERTE (AVENUE DE LA);;;;910
33483;201500037162;15;5;6;900;1;2;1;1;2;216;CHARAINTRU (RUE DE);M;4867904.0;233385.0;910
33484;201500037164;15;6;3;2300;5;2;1;1;6;549;173, GABRIEL PERI (AVENU;M;4864727.0;232726.0;910
33485;201500037165;15;6;10;1205;1;2;2;1;6;549;201, GABRIEL PERI (AVENU;M;4864656.0;232973.0;910