;Num_Acc;an;mois;jour;hrmn;lum;agg;int;atm;col;com;adr;gps;lat;long;dep
33486;201500037166;15;6;25;810;1;2;2;1;1;549;1, EPERON (AVENUE DE L');M;4864035.0;233567.0;910
33487;201500037167;15;6;28;2005;1;2;2;1;3;549;1, CORBEIL (ROUTE DE);M;4864311.0;233406.0;910
33488;201500037168;15;7;4;1840;1;2;1;1;6;570;14, SAINT SAENS (RUE);M;4863653.0;231696.0;910
33489;201500037169;15;7;10;2008;1;2;1;1;6;570;26, ENFER (RUE);;;;910
33490;201500037171;15;8;7;1750;1;2;1;1;2;570;LIERS (RUE);M;4863489.0;231164.0;910
33491;201500037173;15;9;3;1345;1;2;1;1;6;549;26, SEQUIGNY (RUE DE);;;;910
33492;201500037174;15;9;5;200;5;2;6;1;3;549;HOTEL DE VILLE (PLACE;M;4864705.0;232589.0;910
33493;201500037175;15;9;16;1925;2;2;3;1;3;549;163, LONGPONT (ROUTE DE);M;4864724.0;230214.0;910
33494;201500037176;15;9;21;1900;2;2;1;1;3;570;3, GAMBETTA (RUE + PTT);;;;910
33495;201500037177;15;9;24;1850;2;2;1;1;6;549;LONGPONT (ROUTE DE);;;;910
33496;201500037178;15;9;25;930;1;1;1;1;6;549;139, CORBEIL (ROUTE DE);M;4863878.0;233283.0;910
33497;201500037179;15;9;28;1630;1;2;1;1;6;549;5, JEAN COCTEAU (RUE);M;4864197.0;234280.0;910
33498;201500037180;15;10;2;1800;1;2;1;1;6;549;REPUBLIQUE (AVENUE DE LA;M;4864488.0;233447.0;910
33499;201500037182;15;11;25;1740;5;2;1;2;2;570;6, CONDORCET (AVENUE);M;4864288.0;232723.0;910
33500;201500037184;15;4;3;1850;1;2;1;3;1;589;CHATEAUBRIAND (RUE);;;;910
33501;201500037185;15;4;15;820;1;2;1;1;2;432;10, GENERAL WARABIOT (AV;;;;910
33502;201500037186;15;1;19;740;2;2;7;1;6;589;DAVOUT (PLACE);;;;910
33503;201500037188;15;3;25;850;1;1;1;2;3;432;D 118;;;;910
33504;201500037189;15;1;20;1615;1;2;3;1;6;589;56, BRIAND (BOULEVARD AR;;;;910
33505;201500037190;15;10;5;2255;5;2;1;1;6;589;RD 25;M;4867655.0;233695.0;910
33506;201500037191;15;3;25;1735;1;2;1;1;6;432;SAVIGNY (RUE DE);;;;910
33507;201500037192;15;1;28;840;1;1;2;1;3;589;BRIAND (BOULEVARD ARISTI;;;;910
33508;201500037195;15;2;3;900;2;2;1;8;6;589;LEBON (RUE RAOUL);;;;910
33509;201500037196;15;10;30;1555;1;2;1;1;6;589;20, BRIAND (BOULEVARD AR;M;4868290.0;234425.0;910
33510;201500037197;15;4;2;1829;1;2;1;1;6;589;01, OUZILLEAU (AV HENRI;;;;910
33511;201500037198;15;11;4;1710;2;2;2;1;3;589;PERI (AVENUE GABRIEL);M;4868874.0;235581.0;910
33512;201500037200;15;4;3;2010;2;2;1;1;3;432;01, FRAMBOISIERS (AVENUE;;;;910
33513;201500037201;15;11;20;825;5;2;3;2;2;589;BRIAND (BOULEVARD ARISTI;M;4868943.0;235987.0;910
33514;201500037202;15;4;7;2125;2;1;1;1;6;589;CD 25;M;4867749.0;233891.0;910
33515;201500037204;15;12;4;1245;1;2;1;1;3;589;23, DE GAULLE  (AVENUE C;M;4867742.0;234881.0;910
33516;201500037205;15;4;7;2255;5;2;2;1;3;589;34, DUNANT (RUE HENRI);;;;910
33517;201500037206;15;12;8;1000;1;2;1;1;6;589;VAN GOGH (RUE);M;4867642.0;233777.0;910
33518;201500037208;15;12;9;1740;5;2;1;1;6;589;18, ECOLES (AVENUE DES);M;4868771.0;235095.0;910
33519;201500037209;15;4;21;1111;1;2;3;1;1;432;GENERAL WARABIOT (AVENUE;;;;910
33520;201500037210;15;12;9;1845;5;2;4;1;3;589;86, BRIAND (BOULEVARD AR;M;4868728.0;235453.0;910
33521;201500037211;15;5;25;2130;1;2;2;1;3;589;DUNANT (RUE HENRI);;;;910
33522;201500037212;15;4;28;2150;2;2;1;1;7;589;CHAMPAGNE (RUE DE);;;;910
33523;201500037213;15;4;28;1935;1;2;2;1;6;589;126, BRIAND (BOULEVARD A;;;;910
33524;201500037214;15;4;28;2325;5;2;6;1;6;589;ALLEMANE (AV JEAN);;;;910
33525;201500037215;15;4;19;1010;1;2;2;1;5;589;BRIAND (BOULEVARD ARISTI;;;;910
33526;201500037216;15;5;5;1015;1;2;3;1;3;589;65, DE GAULLE (AVENUE CH;M;4867991.0;234412.0;910
33527;201500037217;15;5;11;1900;1;2;1;1;6;589;Av Robert LEUTHREAU;M;4869179.0;234443.0;910
33528;201500037218;15;5;17;2150;1;2;6;1;2;432;100, DE GAULLE  (AVENUE;;;;910
33529;201500037220;15;6;3;1132;1;2;2;1;3;432;LAVOISIER (RUE);M;4800000.0;200000.0;910
33530;201500037222;15;6;11;1615;1;2;1;1;3;589;55, BRIAND (BOULEVARD AR;M;4868000.0;235000.0;910
33531;201500037223;15;6;22;1515;1;1;1;1;3;589;06, ROSSIGNOL (RUE CHARL;M;4867528.0;235430.0;910
33532;201500037224;15;7;7;2030;1;1;3;2;3;589;RD 25 / A6;M;4840000.0;220000.0;910
33533;201500037225;15;7;8;1305;1;2;3;1;3;432;85, DE GAULLE  (AVENUE C;M;4870000.0;233333.0;910
33534;201500037226;15;7;4;515;2;1;1;1;7;432;D 118;M;4870000.0;235000.0;910
33535;201500037227;15;9;25;2100;5;2;1;1;6;589;15, BELLEVUE (RUE DE);M;4868413.0;235754.0;910
33536;201500037228;15;9;30;1200;1;2;6;1;2;589;50, MARRONNIERS (AVENUE;M;0.0;0.0;910
33537;201500037230;15;7;1;2115;1;1;2;1;3;432;BOILEAU (PLACE LUCIEN);M;4870526.0;233555.0;910
33538;201500037231;15;10;2;1900;1;2;2;1;3;589;89, PERI (AVENUE GABRIEL;M;4869112.0;235022.0;910
33539;201500037232;15;7;11;500;5;2;1;1;6;432;DE GAULLE  (AVENUE CHARL;M;4870000.0;234000.0;910
33540;201500037233;15;7;7;5;5;2;1;1;6;589;210, ARMEE LECLERC (AVEN;M;4869000.0;234000.0;910
33541;201500037234;15;7;4;1940;1;2;1;1;3;589;CAILLES (RUE DES);M;4869000.0;236000.0;910
33542;201500037235;15;7;4;1400;1;1;1;1;6;589;DUNANT (RUE HENRI);M;4867000.0;233000.0;910
33543;201500037236;15;8;20;855;1;2;1;3;6;589;ROSSIGNOL (RUE CHARLES);M;0.0;0.0;910
33544;201500037237;15;8;7;1800;1;1;1;1;7;432;RD 118;M;4870000.0;235000.0;910
33545;201500037238;15;8;31;1805;1;2;1;1;3;589;MARECHAL FOCH (AVENUE DU;M;4868330.0;235000.0;910
33546;201500037239;15;9;3;905;1;2;6;1;3;589;1, GALLOIS (AVENUE EVARI;M;4868330.0;233333.0;910
33547;201500037241;15;10;12;2050;5;2;6;1;2;589;Avenue evariste gallois;M;4869040.0;233928.0;910
33548;201500037242;15;7;21;1630;1;2;1;1;6;432;55 bis, DE GAULLE  (AVEN;M;0.0;0.0;910
33549;201500037244;15;7;24;1520;1;2;4;1;3;589;PENSEES (RUE DES);M;4868001.0;233448.0;910
33550;201500037245;15;10;7;1248;1;2;3;1;3;589;63, JUVISY COTTAGES (AV;M;4869334.0;236026.0;910
33551;201500037246;15;10;8;750;1;2;1;1;1;589;163, BRIAND (BOULEVARD A;M;4868712.0;235402.0;910
33552;201500037247;15;10;27;945;1;2;1;1;6;589;44, DE GAULLE (AVENUE CH;M;4867893.0;234609.0;910
33553;201500037249;15;11;25;800;1;2;1;1;6;589;305, BRIAND (BOULEVARD A;M;4869282.0;236468.0;910
33554;201500037250;15;11;21;945;1;2;6;1;3;432;DE LESSEPS (AVENUE FERDI;M;4870019.0;233863.0;910
33555;201500037251;15;11;26;1735;5;2;1;8;1;589;41, ROSSIGNOL (RUE CHARL;M;4867631.0;235608.0;910
33556;201500037252;15;12;4;1430;1;2;1;1;6;589;GARE (PLACE DE LA);M;4867610.0;235140.0;910
33557;201500037253;15;12;8;905;1;2;1;1;6;589;ALLEMANE (RUE JEAN);M;4869023.0;233942.0;910
33558;201500037254;15;12;8;1815;5;2;1;2;3;589;2 bis, CHATEAUBRIAND (RU;M;4867738.0;235627.0;910
33559;201500037255;15;12;8;1955;5;2;1;1;6;589;02, DAVOUT (PLACE);M;4867599.0;235232.0;910
33560;201500037256;15;12;11;1900;5;2;6;1;3;589;146, ARMEE LECLERC (AVEN;M;4869047.0;233927.0;910
33561;201500037257;15;12;14;1810;5;2;2;1;5;589;DE GAULLE  (AVENUE CHARL;M;4870531.0;233973.0;910
33562;201500037258;15;9;4;1235;1;1;2;1;3;589;BARBUSSE (RUE HENRI);M;4840000.0;220000.0;910
33563;201500037259;15;9;18;800;1;2;4;1;6;589;BELLES FONTAINES (AVENUE;M;4840000.0;221000.0;910
33564;201500037260;15;9;18;2210;5;2;1;1;4;589;6, DUNANT (RUE HENRI);M;4840000.0;220000.0;910
33565;201500037261;15;9;19;2020;2;2;1;1;1;589;83, DE GAULLE  (AVENUE C;M;4842000.0;220000.0;910
33566;201500037262;15;9;20;325;5;2;1;1;6;589;15, BRANLY (RUE EDOUARD);M;4868330.0;233333.0;910
33567;201500037263;15;12;23;1840;5;2;1;1;3;432;35, SAVIGNY (RUE DE);M;4870298.0;233513.0;910
33568;201500037264;15;12;24;1325;1;2;1;2;3;589;89, SALENGRO (AVENUE ROG;M;4868110.0;234190.0;910
33569;201500037265;15;1;13;1954;5;2;1;2;3;2;., ARMAND GUILLEBAUD (AV;;;;920
33570;201500037266;15;1;26;2030;5;2;1;1;3;14;69, BIEVRE (RUE DE LA);;;;920
33571;201500037267;15;1;27;1225;1;2;3;1;6;2;ADOLPHE PAJEAUD (RUE);;;;920
33572;201500037268;15;1;29;1110;1;2;2;2;3;14;GENERAL LECLERC (AV.) (1;;;;920
33573;201500037270;15;2;4;745;1;2;2;1;6;14;55, GENERAL LECLERC (AV.;;;;920
33574;201500037271;15;2;12;1310;1;2;1;1;7;2;3, JEAN MONNET (AVENUE);;;;920
33575;201500037272;15;2;23;1710;1;2;1;8;6;2;12, ARISTIDE BRIAND (AVE;;;;920
33576;201500037273;15;3;6;1705;1;2;6;1;3;2;6, FRANCOIS SOMMER (AVEN;;;;920
33577;201500037275;15;3;17;1515;1;2;1;1;6;2;7, EINSTEIN (RUE);;;;920
33578;201500037277;15;4;2;945;1;2;1;2;1;2;EGLISE (RUE DE L');;;;920
33579;201500037278;15;4;9;1810;1;2;1;1;6;14;157, GENERAL LECLERC (AV;;;;920
33580;201500037279;15;4;14;1815;1;2;1;1;6;2;2, BLANCHE DE CASTILLE (;;;;920
33581;201500037280;15;4;14;1810;1;2;3;1;6;2;VELPEAU (RUE);;;;920
33582;201500037281;15;4;30;940;1;2;2;2;6;14;HUIT MAI 1945 (RUE DU);;;;920
33583;201500037282;15;4;30;1430;1;2;3;3;6;14;GENERAL LECLERC (AV.) (5;;;;920
33584;201500037283;15;5;22;810;1;2;1;1;5;2;191, DIVISION LECLERC (5;;;;920
33585;201500037284;15;6;13;1750;1;2;2;1;2;2;83, ARISTIDE BRIAND (AVE;;;;920
33586;201500037285;15;6;21;930;1;2;2;1;3;14;GENERAL LECLERC (AV.) (1;;;;920
33587;201500037286;15;7;12;1155;1;2;1;1;2;2;ARMAND GUILLEBAUD (AVENU;;;;920
33588;201500037287;15;8;28;1530;1;2;3;1;6;14;GENERAL LECLERC (AV.) (1;;;;920
33589;201500037288;15;9;5;105;5;2;3;1;6;2;5, CROIX BRISEE (CHEMIN;;;;920
33590;201500037289;15;9;5;1345;1;2;3;1;3;2;58, DIVISION LECLERC (31;;;;920
33591;201500037290;15;9;8;1830;1;2;6;1;6;2;55, LEON JOUHAUX (AVENUE;;;;920
33592;201500037291;15;9;22;635;3;2;3;1;6;14;HUIT MAI 1945 (RUE DU);;;;920
33593;201500037292;15;9;22;1245;1;2;6;2;3;14;LIBERATION (PLACE DE LA);;;;920
33594;201500037293;15;9;28;845;1;2;1;1;6;14;29, LEON BLOY (RUE);;;;920
33595;201500037295;15;10;10;2005;5;2;6;1;3;2;BOIS DE VERRIERES (AVENU;;;;920
33596;201500037296;15;10;12;1350;1;2;3;1;3;2;., RABELAIS (AVENUE);;;;920
33597;201500037297;15;10;18;1855;5;2;1;1;1;2;JULES FERRY (AVENUE);;;;920
33598;201500037298;15;10;23;1633;1;2;6;1;3;2;DIVISION LECLERC (53 A 2;;;;920
33599;201500037299;15;11;3;1345;1;2;6;1;3;14;134, GENERAL LECLERC (AV;;;;920
33600;201500037300;15;11;17;1935;1;2;3;2;3;2;112, ARISTIDE BRIAND (AV;;;;920
33601;201500037302;15;12;8;2310;5;1;2;1;3;2;DIVISION LECLERC (53 A 2;;;;920
33602;201500037303;15;12;15;1040;1;2;3;2;6;14;HUIT MAI 1945 (RUE DU);;;;920
33603;201500037304;15;12;16;1215;1;2;2;1;6;14;HUIT MAI 1945 (RUE DU);;;;920
33604;201500037305;15;12;27;1650;1;2;1;1;6;2;46, ADOLPHE PAJEAUD (RUE;;;;920
33605;201500037306;15;1;2;1130;1;2;1;8;7;4;50, ARGENTEUIL AV D';;;;920
33606;201500037307;15;1;7;2010;5;2;2;1;3;4;20, CHATEAU ( RUE DU );;;;920
33607;201500037308;15;1;7;1430;1;2;1;1;3;4;25, AULAGNIER ( QUAI );;;;920
33608;201500037309;15;1;12;1800;5;2;3;1;3;4;9, FAIDHERBE ( AVENUE );;;;920
33609;201500037310;15;1;14;1350;1;2;2;1;3;4;ns, REDOUTE ( AVENUE DE;;;;920
33610;201500037311;15;1;22;1910;5;2;2;1;6;4;76, MARNE   ( AVENUE DE;;;;920
33611;201500037312;15;1;26;1725;4;2;1;2;3;4;71, AULAGNIER ( QUAI );;;;920
33612;201500037313;15;1;30;930;1;2;1;2;2;4;65, DOCTEUR DERVAUX  ( Q;;;;920
33613;201500037314;15;2;9;700;1;2;1;1;7;4;NS, PONT DE GENNEVILLIER;;;;920
33614;201500037315;15;2;9;855;1;2;1;1;3;4;04, GAMBETTA (RUE);;;;920
33615;201500037316;15;2;9;2050;5;2;1;1;6;4;121, BAS ( RUE DES );;;;920
33616;201500037317;15;2;9;1340;1;2;2;1;3;4;190, GRESILLONS ( AVENUE;;;;920
33617;201500037320;15;2;18;1625;1;2;7;1;6;4;30, LOUIS VION;;;;920
33618;201500037321;15;2;19;1505;1;2;1;1;6;4;354, ARGENTEUIL N? 176 A;;;;920
33619;201500037322;15;2;19;2355;5;2;6;1;3;4;NS, EMILE ZOLA ( RUE );;;;920
33620;201500037323;15;2;23;1220;1;2;1;1;2;4;, DOCTEUR DERVAUX  ( QUA;;;;920
33621;201500037324;15;2;23;2110;5;2;2;1;3;4;NS, QUATRE ROUTES ( CARR;;;;920
33622;201500037325;15;2;25;1920;5;2;1;2;6;4;NS, CHANZY ( RUE DE );;;;920
33623;201500037326;15;2;27;1645;1;2;1;1;6;4;177, ARGENTEUIL N? 176 A;;;;920
33624;201500037327;15;3;2;2255;5;2;1;1;7;4;ns, PONT DE CLICHY;;;;920
33625;201500037328;15;3;6;1615;1;2;1;1;6;4;119, COLOMBES ( RUE DE 3;;;;920
33626;201500037329;15;3;7;1835;2;2;1;1;2;4;NS, PONT DE CLICHY;;;;920
33627;201500037330;15;3;9;2045;1;2;3;1;3;4;44, FAIDHERBE ( AVENUE );;;;920
33628;201500037332;15;3;12;1800;1;2;2;1;6;4;NS, PIERRE BROSSOLETTE;;;;920
33629;201500037333;15;3;16;1240;1;2;2;1;3;9;NS, EUROPE (AVENUE);;;;920
33630;201500037334;15;3;16;1910;5;2;1;1;6;9;315, ARGENTEUIL ( AVENUE;;;;920
33631;201500037335;15;3;23;820;1;2;1;1;6;4;10, VOLTAIRE  ( BD 01 A;;;;920
33632;201500037336;15;3;23;1735;1;2;1;1;6;4;80, ARGENTEUIL AV D';;;;920
33633;201500037337;15;3;27;1940;2;2;1;1;6;4;48, HENRI POINCARE;;;;920
33634;201500037338;15;3;27;2011;5;2;1;1;6;4;32, MARNE   ( AVENUE DE;;;;920
33635;201500037339;15;3;29;1445;1;2;2;2;6;4;174, VOLTAIRE ( BD );;;;920
33636;201500037340;15;3;30;1810;1;2;3;1;3;9;41, GENERAL LECLERC ( RU;;;;920
33637;201500037341;15;4;2;1820;1;2;1;2;6;9;NS, BOIS COLOMBES ( RUE;;;;920
33638;201500037342;15;4;3;1655;1;2;1;1;6;4;56, EMILE ZOLA ( RUE );;;;920
33639;201500037343;15;4;4;1350;1;2;1;1;6;9;02, EUROPE (AVENUE);;;;920
33640;201500037344;15;4;4;1540;1;2;1;1;6;4;34, MAX DE NANSOUTY;;;;920
33641;201500037345;15;4;4;1830;1;2;2;1;3;4;91, ARGENTEUIL AV D';;;;920
33642;201500037346;15;4;4;1950;3;2;3;1;3;4;90, GRESILLONS ( AVENUE;;;;920
33643;201500037347;15;4;8;1000;1;2;1;1;6;4;29, GRANDE RUE CHARLES D;;;;920
33644;201500037348;15;4;9;1730;3;2;3;1;3;4;31, PAUL DEROULEDE;;;;920
33645;201500037349;15;4;10;1300;1;2;1;1;2;4;150, MENIL;;;;920
33646;201500037350;15;4;11;850;1;2;9;1;2;4;257 BIS, ARGENTEUIL N? 1;;;;920
33647;201500037351;15;4;11;1125;1;2;1;1;6;4;19, GRANDE RUE CHARLES D;;;;920
33648;201500037352;15;4;14;1805;1;2;1;1;6;9;1, HISPANO SUIZA;;;;920
33649;201500037353;15;4;15;810;1;2;1;1;3;4;NS, PONT DE CLICHY;;;;920
33650;201500037354;15;4;16;1130;1;2;1;1;6;4;NS, PIERRE DURAND;;;;920
33651;201500037355;15;4;17;910;1;2;3;1;6;4;364, ARGENTEUIL N° 176 A;;;;920
33652;201500037356;15;4;20;1600;1;2;1;1;3;9;2, MARCEL BINET ( RUE );;;;920
33653;201500037358;15;4;22;810;1;2;1;1;2;4;NS, DOCTEUR DERVAUX  ( Q;;;;920
33654;201500037359;15;4;26;1435;1;2;2;2;3;4;NS, PIERRE DE COUBERTIN;;;;920
33655;201500037360;15;4;27;2240;5;2;1;1;6;4;23, ROBERT DUPONT;;;;920
33656;201500037361;15;4;29;1205;1;2;2;1;6;4;NS, PIERRE BROSSOLETTE;;;;920
33657;201500037363;15;4;30;1940;1;2;1;2;6;4;NS, GRANDE RUE CHARLES D;;;;920
33658;201500037364;15;5;1;1220;1;2;2;3;6;4;1, ARGENTEUIL AV D';;;;920
33659;201500037365;15;5;3;1730;1;2;2;1;3;24;NS, RUE CASTERES;;;;920
33660;201500037366;15;5;7;1310;1;2;2;1;3;4;NS, ARGENTEUIL AV D';;;;920
33661;201500037367;15;5;13;1910;1;2;1;1;6;4;36, ABBE LEMIRE DE L';;;;920
33662;201500037368;15;5;14;1530;1;2;3;2;3;4;NS, JEAN JAURES;;;;920
33663;201500037369;15;5;20;1530;1;2;1;1;6;4;16, PIERRE BROSSOLETTE;;;;920
33664;201500037370;15;5;20;1650;1;2;1;1;6;4;02, HOTEL DE VILLE   ( P;;;;920
33665;201500037371;15;5;21;820;1;2;1;1;2;4;NS, DOCTEUR DERVAUX  ( Q;;;;920
33666;201500037372;15;5;21;1607;1;2;2;1;3;36;NS, boulevard galliéni;;;;920
33667;201500037373;15;5;23;920;1;2;1;1;6;4;04, MAURICE BOKANOWSKI;;;;920
33668;201500037374;15;5;25;2000;1;2;3;1;3;4;NS, VOLTAIRE ( BD );;;;920
33669;201500037375;15;5;26;2340;1;2;2;1;3;4;364, ARGENTEUIL N° 176 A;;;;920
33670;201500037376;15;5;27;1425;1;2;6;1;6;4;26, VOLTAIRE ( BD );;;;920
33671;201500037377;15;6;1;1855;1;2;1;1;6;4;NS, AULAGNIER ( QUAI );;;;920
33672;201500037378;15;6;1;2130;1;2;1;1;7;4;84, ARGENTEUIL AV D';;;;920
33673;201500037379;15;6;1;1615;1;2;1;1;6;4;107, DOCTEUR DERVAUX  (;;;;920
33674;201500037381;15;6;4;1605;1;2;1;1;2;4;186, ARGENTEUIL N° 176 A;;;;920
33675;201500037382;15;6;5;1400;1;2;3;1;3;4;103, ARGENTEUIL AV D';;;;920
33676;201500037384;15;6;12;1430;1;2;1;1;3;4;252, GRESILLONS ( AVENUE;;;;920
33677;201500037385;15;6;14;1415;1;2;2;1;3;4;NS, PONT D'ASNIERES;;;;920
33678;201500037386;15;6;15;1605;1;2;2;1;2;9;ns, HOCHE ( RUE );;;;920
33679;201500037387;15;6;16;1725;1;2;1;1;2;4;15, GRANDE RUE CHARLES D;;;;920
33680;201500037388;15;6;17;900;1;2;3;1;2;4;NS, GRANDE RUE CHARLES D;;;;920
33681;201500037389;15;6;19;1355;1;2;2;1;3;4;ns, EMILE ZOLA ( RUE );;;;920
33682;201500037390;15;6;19;2040;1;2;1;1;2;4;125, AULAGNIER ( QUAI );;;;920
33683;201500037391;15;6;22;843;1;2;3;1;3;4;NS, ARGENTEUIL AV D';;;;920
33684;201500037392;15;6;22;1920;1;2;1;3;3;4;24, GRANDE RUE CHARLES D;;;;920
33685;201500037393;15;6;23;1401;1;2;3;1;3;9;131, PIERRE JOIGNEAU ( R;;;;920
33686;201500037394;15;6;19;2245;1;2;3;1;3;9;NS, BOURGUIGNONS ( RUE 3;;;;920
33687;201500037395;15;7;1;1420;1;2;2;1;3;4;122, VOLTAIRE ( BD );;;;920
33688;201500037396;15;7;3;1445;1;2;1;1;3;4;PONT DE CLICHY;;;;920
33689;201500037397;15;7;6;10;5;2;1;1;2;4;NS, AULAGNIER ( QUAI );;;;920
33690;201500037398;15;7;10;920;1;2;2;1;3;4;NS, LAURENT-CELY  ( AVEN;;;;920
33691;201500037399;15;7;11;900;1;2;1;1;2;4;54, BOURGUIGNONS (RUE 2;;;;920
33692;201500037400;15;7;13;2305;5;2;2;1;3;4;NS, EMILE ZOLA ( RUE );;;;920
33693;201500037401;15;7;15;1930;1;2;2;1;3;4;NS, DIX HUIT JUIN 40 ( R;;;;920
33694;201500037403;15;7;24;1035;1;2;1;1;6;9;83, BOURGUIGNONS ( RUE 3;;;;920
33695;201500037405;15;7;26;1340;1;2;1;1;6;4;40, REDOUTE ( AVENUE DE;;;;920
33696;201500037406;15;7;27;740;1;2;4;2;7;4;NS, AULAGNIER ( QUAI );;;;920
33697;201500037407;15;7;27;904;1;2;1;1;3;4;NS, PONT D'ASNIERES;;;;920
33698;201500037408;15;7;30;1605;1;2;6;1;3;4;NS, VOLTAIRE  ( PLACE );;;;920
33699;201500037409;15;7;31;1250;1;2;1;1;3;4;46bis, ROBERT DUPONT;;;;920
33700;201500037410;15;7;31;1430;1;2;2;1;3;4;NS, MARNE   ( AVENUE DE;;;;920
33701;201500037413;15;8;24;745;1;2;2;2;6;9;NS, MINIMES ( RUE DES );;;;920
33702;201500037414;15;8;24;1005;1;2;1;2;7;4;59, DOCTEUR DERVAUX  ( Q;;;;920
33703;201500037415;15;8;22;2200;5;2;1;1;7;9;02, VERDUN ( AVENUE DE );;;;920
33704;201500037416;15;8;30;815;1;2;1;1;6;4;27, STEFEN;;;;920
33705;201500037418;15;9;1;1350;1;2;3;1;6;9;102, CHARLES CHEFSON ( R;;;;920
33706;201500037419;15;9;4;1250;1;2;2;1;3;4;NS, GRESILLONS ( AVENUE;;;;920
33707;201500037420;15;9;5;1425;1;2;3;1;4;4;NS, GABRIEL PERI (AVE );;;;920
33708;201500037421;15;9;10;150;5;2;1;1;6;4;NS, DOCTEUR DERVAUX  ( Q;;;;920
33709;201500037422;15;9;11;1316;1;2;3;1;6;9;NS, R. P.CORENTIN-CLOARE;;;;920
33710;201500037423;15;9;14;1545;1;2;3;1;7;4;NS, PIERRE DE COUBERTIN;;;;920
33711;201500037424;15;9;15;120;5;2;2;1;3;4;NS, PONT D'ASNIERES;;;;920
33712;201500037425;15;9;17;1510;1;2;1;1;6;4;32, ARGENTEUIL AV D';;;;920
33713;201500037426;15;9;23;920;1;2;1;1;3;4;49, COMETE  ( RUE DE LA;;;;920
33714;201500037427;15;9;29;1340;1;2;1;1;3;4;NS, PONT DE CLICHY;;;;920
33715;201500037428;15;10;2;930;1;2;2;1;6;4;41, ROBERT DUPONT;;;;920
33716;201500037429;15;10;6;1420;1;2;2;1;3;4;NS, DOCTEUR DERVAUX  ( Q;;;;920
33717;201500037430;15;10;9;1740;1;2;1;1;6;4;18, DIX HUIT JUIN 40 ( R;;;;920
33718;201500037431;15;10;10;750;1;2;1;1;6;4;52, BOURGUIGNONS (RUE 2;;;;920
33719;201500037432;15;10;15;838;1;2;2;1;6;9;NS, PASTEUR  ( RUE );;;;920
33720;201500037433;15;10;16;910;1;2;1;2;6;4;104, ARGENTEUIL AV D';;;;920
33721;201500037434;15;10;16;1500;1;2;1;1;3;4;90, MENIL;;;;920
33722;201500037435;15;10;16;1515;1;2;1;1;6;4;45, PIERRE BROSSOLETTE;;;;920
33723;201500037436;15;10;17;2150;5;2;3;1;3;4;ns, FAIDHERBE ( AVENUE );;;;920
33724;201500037437;15;10;20;1220;1;2;4;1;6;4;NS, AULAGNIER ( QUAI );;;;920
33725;201500037438;15;10;20;1730;1;2;2;2;6;4;03, REDOUTE ( AVENUE DE;;;;920
33726;201500037439;15;10;23;1635;1;2;2;1;7;4;NS, LAURENT-CELY  ( AVEN;;;;920
33727;201500037440;15;10;22;2235;5;2;1;1;1;4;5, MARNE   ( AVENUE DE L;;;;920
33728;201500037442;15;10;30;1045;1;2;4;1;6;4;68, SABLIERE;;;;920
33729;201500037443;15;11;2;1215;1;2;1;1;6;4;24, VOLTAIRE ( BD );;;;920
33730;201500037444;15;11;3;1710;5;2;1;1;2;4;91, GABRIEL PERI (AVE );;;;920
33731;201500037445;15;11;5;845;1;1;1;1;2;36;A86 EXT;;;;920
33732;201500037446;15;11;11;1730;2;2;1;1;2;9;NS, BOURGUIGNONS ( RUE 0;;;;920
33733;201500037447;15;11;14;2220;3;2;1;1;6;4;219, AULAGNIER ( QUAI );;;;920
33734;201500037448;15;11;16;1415;1;2;2;1;3;4;NS, PONT DE CLICHY;;;;920
33735;201500037449;15;11;19;840;1;2;2;1;6;4;NS, COMETE  ( RUE DE LA;;;;920
33736;201500037450;15;11;19;1230;1;2;1;1;6;4;338, ARGENTEUIL N° 176 A;;;;920
33737;201500037451;15;11;19;1700;2;2;1;1;6;4;NS, GALLIENI ( RUE );;;;920
33738;201500037453;15;11;27;845;1;2;2;1;3;4;NS, GALLIENI ( RUE );;;;920
33739;201500037454;15;12;3;1430;1;2;4;1;6;4;107, DOCTEUR DERVAUX  (;;;;920
33740;201500037455;15;12;4;2355;5;2;2;1;3;4;NS, ARGENTEUIL AV D';;;;920
33741;201500037456;15;12;6;1655;5;2;1;1;6;9;40, PASTEUR  ( RUE );;;;920
33742;201500037457;15;12;7;1450;1;2;2;1;1;4;24, HENRI POINCARE;;;;920
33743;201500037458;15;12;8;1515;1;2;3;2;5;4;178, VOLTAIRE ( BD );;;;920
33744;201500037459;15;12;8;1800;2;2;2;2;6;4;NS, ARGENTEUIL AV D';;;;920
33745;201500037460;15;12;9;910;1;2;1;1;3;4;47, DOCTEUR DERVAUX  ( Q;;;;920
33746;201500037461;15;12;13;1500;1;2;1;1;7;4;77, PIERRE BOUDOU;;;;920
33747;201500037462;15;12;14;1210;1;2;5;1;3;9;NS, PEUPLIERS  ( RUE DES;;;;920
33748;201500037463;15;12;15;2045;1;2;1;2;6;4;189, ARGENTEUIL AV D';;;;920
33749;201500037464;15;12;15;2140;5;2;2;2;3;9;NEANT, CHARLES-DE-GAULLE;;;;920
33750;201500037465;15;12;17;1730;2;2;1;1;2;4;02, REDOUTE ( AVENUE DE;;;;920
33751;201500037466;15;12;19;1300;1;2;3;1;3;9;54, CHEVREUL ( AVENUE );;;;920
33752;201500037467;15;12;21;1700;1;2;1;2;3;4;24, MOURINOUX ( RUE DES;;;;920
33753;201500037468;15;12;27;1200;1;2;1;1;2;4;32, AULAGNIER ( QUAI );;;;920
33754;201500037469;15;12;27;1415;1;2;1;1;6;4;01, REDOUTE ( AVENUE DE;;;;920
33755;201500037470;15;12;29;1220;1;2;1;1;6;4;18, VOLTAIRE ( BD );;;;920
33756;201500037471;15;1;9;1500;1;2;1;1;6;7;32, BARBUSSE (AVENUE HEN;;;;920
33757;201500037472;15;1;10;2010;3;2;1;1;6;7;208, BRIAND (AVENUE ARIS;;;;920
33758;201500037473;15;1;13;1910;5;2;3;2;3;7;BRIAND (AVENUE ARISTIDE);;;;920
33759;201500037475;15;2;11;1520;1;2;9;1;6;7;4, FORTIN (AVENUE JEAN-B;;;;920