;Num_Acc;an;mois;jour;hrmn;lum;agg;int;atm;col;com;adr;gps;lat;long;dep
33760;201500037477;15;2;15;855;1;2;1;2;2;7;54 ter, PETIT (AVENUE AL;;;;920
33761;201500037478;15;2;20;1500;1;2;1;2;6;7;122, RAVERA (AVENUE HENR;;;;920
33762;201500037479;15;2;16;1500;1;2;1;2;6;7;122, RAVERA (AVENUE HENR;;;;920
33763;201500037480;15;3;6;1235;1;2;1;1;2;7;18, BRIAND (AVENUE ARIST;;;;920
33764;201500037482;15;3;17;1730;1;2;2;1;7;7;BRIAND (AVENUE ARISTIDE);;;;920
33765;201500037483;15;3;31;2230;5;2;1;3;2;7;14, PASTEUR (AVENUE LOUI;;;;920
33766;201500037484;15;4;9;2050;5;2;3;1;3;7;BRIAND (AVENUE ARISTIDE);;;;920
33767;201500037485;15;4;15;1335;1;2;6;1;3;7;CHARTRES (RUE DE);;;;920
33768;201500037486;15;4;24;1820;1;2;1;1;2;7;2, RAVERA (AVENUE HENRI);;;;920
33769;201500037487;15;5;29;800;1;2;1;1;2;7;75, BOURG-LA-REINE (AVEN;;;;920
33770;201500037488;15;6;24;1050;1;2;2;1;6;7;FORTIN (AVENUE JEAN-BAPT;;;;920
33771;201500037489;15;6;29;1900;1;2;2;1;3;7;BRIAND (AVENUE ARISTIDE);;;;920
33772;201500037490;15;7;25;1445;1;2;4;1;3;7;HUGO (AVENUE VICTOR);;;;920
33773;201500037491;15;8;1;1615;1;2;3;1;3;7;2, BARBUSSE (AVENUE HENR;;;;920
33774;201500037492;15;8;4;850;1;2;9;1;3;7;10, MEUNIERS (RUE DES);;;;920
33775;201500037493;15;8;4;1815;1;1;9;1;3;7;BRIAND (AVENUE ARISTIDE);;;;920
33776;201500037494;15;8;24;1300;1;2;9;1;3;7;DORMOY (AVENUE MARX);;;;920
33777;201500037495;15;8;24;1930;1;2;9;2;5;7;150, BRIAND (AVENUE ARIS;;;;920
33778;201500037496;15;9;7;1600;1;2;1;1;6;7;170, BRIAND (AVENUE ARIS;;;;920
33779;201500037497;15;9;11;1630;1;2;1;1;2;7;102, BRIAND (AVENUE ARIS;;;;920
33780;201500037498;15;9;14;1650;1;2;1;1;6;7;2, REPUBLIQUE (RUE DE LA;;;;920
33781;201500037499;15;9;15;1950;5;2;6;1;3;7;45, DORMOY (AVENUE MARX);;;;920
33782;201500037500;15;9;29;1720;1;2;1;1;7;7;96 bis AV BOURG LA REINE;;;;920
33783;201500037501;15;9;30;1415;1;2;2;1;6;7;1, ALLENDE (RUE SALVATOR;;;;920
33784;201500037503;15;10;1;1420;1;2;1;7;3;7;61, PASTEUR (AVENUE LOUI;;;;920
33785;201500037504;15;10;3;1245;1;2;2;7;6;7;13, ALLENDE (RUE SALVATO;;;;920
33786;201500037505;15;10;9;1125;1;2;1;1;3;7;13, PORT GALAND (RUE DU);;;;920
33787;201500037506;15;11;12;1730;5;2;3;1;3;7;DE GAULLE (AVENUE CHARLE;;;;920
33788;201500037507;15;11;16;1650;1;2;2;2;3;7;142, BRIAND (AVENUE ARIS;;;;920
33789;201500037508;15;11;14;2000;3;2;3;1;3;7;BRIAND (AVENUE ARISTIDE);;;;920
33790;201500037509;15;11;12;801;1;2;3;5;6;7;ALLENDE (RUE SALVATOR);;;;920
33791;201500037510;15;11;27;1630;1;2;2;1;3;7;MARIN-NAUDIN (RUE JEAN);;;;920
33792;201500037511;15;11;28;1635;1;2;9;1;6;7;PASTEUR (AVENUE LOUIS) N;;;;920
33793;201500037512;15;11;20;1837;5;2;1;1;6;7;26, AV LOUIS PASTEUR;;;;920
33794;201500037513;15;12;21;1240;1;2;1;1;2;7;1, DE GAULLE (AVENUE CHA;;;;920
33795;201500037514;15;12;21;1740;4;2;1;1;6;7;21, BRANLY (RUE EDOUARD);;;;920
33796;201500037515;15;12;23;2110;5;2;9;1;3;7;254, BRIAND (AVENUE ARIS;;;;920
33797;201500037516;15;11;28;2355;5;2;9;1;3;7;RAVERA (AVENUE HENRI) N°;;;;920
33798;201500037517;15;12;3;1025;1;2;1;1;6;7;5, MARTYRS DE CHATEAUBRI;;;;920
33799;201500037518;15;12;16;2230;5;1;9;1;3;7;CROIZAT (ROND-POINT AMBR;;;;920
33800;201500037519;15;1;2;1745;5;2;1;1;3;12;46, ALPHONSE LE GALLO (Q;;;;920
33801;201500037520;15;1;4;1735;5;2;1;8;6;12;PONT DE SEVRES (METRO);;;;920
33802;201500037521;15;1;6;2030;5;2;1;1;6;12;95, PIERRE GRENIER (AVEN;;;;920
33803;201500037522;15;1;6;2100;5;2;1;1;6;12;15, PIERRE GRENIER (AVEN;;;;920
33804;201500037523;15;1;7;815;1;2;2;1;3;12;CHARLES DE GAULLE (AVENU;;;;920
33805;201500037524;15;1;7;830;1;2;1;1;6;12;REINE (ROUTE DE LA) 82/F;;;;920
33806;201500037525;15;1;9;1510;1;2;1;2;6;12;PONT DE SEVRES (ROND POI;;;;920
33807;201500037526;15;1;10;30;5;2;1;1;6;12;QUATRE SEPTEMBRE (QUAI D;;;;920
33808;201500037527;15;1;11;1720;5;2;1;1;2;12;/, MARECHAL DE LATTRE DE;;;;920
33809;201500037529;15;1;14;1250;1;2;1;2;6;12;176, JEAN JAURES (BOULEV;;;;920
33810;201500037530;15;1;16;823;1;2;1;2;7;12;27, GENERAL LECLERC (AVE;;;;920
33811;201500037531;15;1;18;1905;5;2;1;2;3;12;100, VICTOR HUGO (AVENUE;;;;920
33812;201500037534;15;1;23;1255;1;2;2;1;3;12;REINE (ROUTE DE LA) 82/F;;;;920
33813;201500037535;15;1;23;1425;1;2;1;1;6;12;44, ESCUDIER (RUE) 49/FI;;;;920
33814;201500037536;15;1;24;1515;1;2;3;1;3;12;QUATRE SEPTEMBRE (QUAI D;;;;920
33815;201500037537;15;1;26;1215;1;2;1;2;3;12;69, BONTEMPS (rue Marcel;;;;920
33816;201500037538;15;1;30;2255;5;2;1;1;2;12;3, ANDRE MORIZET (AVENUE;;;;920
33817;201500037539;15;2;5;800;1;2;1;1;7;12;5, ANATOLE FRANCE (BOULE;;;;920
33818;201500037540;15;2;6;946;1;2;1;1;6;12;1818, YVES KERMEN (RUE);;;;920
33819;201500037541;15;2;11;1430;1;2;1;1;2;12;21, GENERAL LECLERC (AVE;;;;920
33820;201500037542;15;2;11;1300;1;2;1;1;6;12;36, REINE (ROUTE DE LA);;;;920
33821;201500037544;15;2;16;1815;2;2;1;1;2;12;28, ANDRE MORIZET (AVENU;;;;920
33822;201500037545;15;2;19;2115;5;2;1;1;6;12;60, REPUBLIQUE (BOULEVAR;;;;920
33823;201500037546;15;2;20;1115;1;2;2;3;7;12;BELLEVUE (RUE DE) 1/71BI;;;;920
33824;201500037547;15;2;21;1340;1;2;3;1;2;12;7, REINE (ROUTE DE LA) 1;;;;920
33825;201500037548;15;2;23;650;4;2;1;2;6;12;130, VICTOR HUGO (AVENUE;;;;920
33826;201500037549;15;2;23;1625;1;2;6;2;3;12;ANCIENS COMBATTANT (ROND;;;;920
33827;201500037550;15;2;26;2305;1;2;3;1;3;12;ALPHONSE LE GALLO (QUAI);;;;920
33828;201500037551;15;3;2;1845;2;2;3;1;3;12;39, PIERRE GRENIER (AVEN;;;;920
33829;201500037552;15;3;7;810;1;2;2;1;3;12;98, REINE (ROUTE DE LA);;;;920
33830;201500037554;15;3;10;1630;1;2;3;1;2;12;27, QUATRE SEPTEMBRE (QU;;;;920
33831;201500037555;15;3;13;1850;4;2;1;1;2;12;55, POINT DU JOUR (QUAI;;;;920
33832;201500037556;15;3;14;2050;5;2;2;1;2;12;34, ANDRE MORIZET (AVENU;;;;920
33833;201500037557;15;3;15;1045;1;2;1;1;6;12;159, VIEUX PONT DE SEVRE;;;;920
33834;201500037558;15;3;15;1920;5;2;1;1;1;12;ANGLE, JEAN JAURES (BOUL;;;;920
33835;201500037559;15;3;16;1730;1;2;1;1;6;12;39, JEAN BAPTISTE CLEMEN;;;;920
33836;201500037560;15;3;17;1325;1;2;6;1;7;12;PONT DE BILLANCOURT (PLA;;;;920
33837;201500037561;15;3;17;1800;1;2;1;1;3;12;66, REPUBLIQUE (BOULEVAR;;;;920
33838;201500037562;15;3;24;2230;5;2;2;2;6;12;ESCUDIER (RUE) 1/47 - 2/;;;;920
33839;201500037563;15;3;27;1955;5;2;1;1;7;12;84, GENERAL LECLERC (AVE;;;;920
33840;201500037564;15;3;28;1510;1;2;1;1;3;12;GEORGES GORSE (QUAI);;;;920
33841;201500037565;15;4;3;1550;1;2;2;3;3;12;ESCUDIER (RUE) 1/47 - 2/;;;;920
33842;201500037566;15;4;15;810;1;2;1;1;2;12;16, ALPHONSE LE GALLO (Q;;;;920
33843;201500037567;15;4;18;1550;1;2;1;1;2;12;33, EDOUARD VAILLANT (AV;;;;920
33844;201500037568;15;4;23;2034;1;2;1;1;6;12;54, MEUDON (RUE DE) - CO;;;;920
33845;201500037569;15;4;24;1005;1;2;3;1;3;12;PIERRE GRENIER (AVENUE);;;;920
33846;201500037570;15;4;24;1058;1;2;1;1;6;12;86, REPUBLIQUE (BOULEVAR;;;;920
33847;201500037571;15;4;24;1135;1;2;1;1;3;12;49, GEORGES GORSE (QUAI);;;;920
33848;201500037572;15;4;27;1215;1;2;2;1;3;12;791, GENERAL LECLERC (AV;;;;920
33849;201500037573;15;4;30;1730;1;2;1;2;6;12;98, GENERAL LECLERC (AVE;;;;920
33850;201500037575;15;5;1;1755;1;2;1;1;3;12;71, BELLEVUE (RUE DE) 1/;;;;920
33851;201500037576;15;5;3;1330;1;2;1;2;5;12;33, EDOUARD VAILLANT (AV;;;;920
33852;201500037577;15;5;4;845;1;2;1;1;3;12;17, QUATRE SEPTEMBRE (QU;;;;920
33853;201500037578;15;5;4;1730;1;2;2;3;3;12;24, ANDRE MORIZET (AVENU;;;;920
33854;201500037579;15;5;5;1120;1;2;1;2;6;12;140, AGUESSEAU (RUE D');;;;920
33855;201500037580;15;5;5;1900;1;2;1;1;3;12;38, REPUBLIQUE (BOULEVAR;;;;920
33856;201500037581;15;5;5;1930;1;2;1;1;6;12;2, TILLEULS (RUE DES) 1/;;;;920
33857;201500037582;15;5;6;1645;1;2;1;8;6;12;39, GENERAL LECLERC (AVE;;;;920
33858;201500037583;15;5;6;2025;1;2;1;5;6;12;55, GEORGES GORSE (QUAI);;;;920
33859;201500037584;15;5;7;1800;1;2;1;1;6;12;65, JEAN BAPTISTE CLEMEN;;;;920
33860;201500037585;15;5;9;1445;1;2;3;1;5;12;85, EDOUARD VAILLANT (AV;;;;920
33861;201500037586;15;5;11;2020;1;2;1;1;3;12;100, YVES KERMEN (RUE) 5;;;;920
33862;201500037588;15;5;19;1515;1;2;1;1;6;12;231, JEAN JAURES (BOULEV;;;;920
33863;201500037589;15;5;22;810;1;2;1;1;6;12;44, JEAN BAPTISTE CLEMEN;;;;920
33864;201500037590;15;5;24;920;1;2;2;1;7;12;VICTOR HUGO (AVENUE) 49/;;;;920
33865;201500037591;15;5;27;1830;1;2;1;1;6;12;ANATOLE FRANCE (BOULEVAR;;;;920
33866;201500037592;15;5;27;2140;1;2;2;1;3;12;745, GENERAL LECLERC (AV;;;;920
33867;201500037593;15;5;29;1900;1;2;2;1;4;12;ALPHONSE LE GALLO (QUAI);;;;920
33868;201500037594;15;5;30;2035;1;2;1;1;3;12;860, STALINGRAD (QUAI DE;;;;920
33869;201500037595;15;6;1;1600;1;2;1;1;6;12;34, PIERRE GRENIER (AVEN;;;;920
33870;201500037596;15;6;2;1020;1;2;2;1;3;12;EDOUARD VAILLANT (AVENUE;;;;920
33871;201500037597;15;6;5;1110;1;2;2;1;3;12;DENFERT ROCHEREAU (RUE);;;;920
33872;201500037598;15;6;7;2005;1;2;1;1;7;12;15, ANATOLE FRANCE (BOUL;;;;920
33873;201500037599;15;6;8;1700;1;2;1;1;3;12;122, GENERAL LECLERC (AV;;;;920
33874;201500037600;15;6;9;1245;1;2;1;1;2;64;1, RUE GOUNOT;;;;920
33875;201500037601;15;6;11;1630;2;2;1;1;2;12;25, SILLY (RUE DE) 1/87;;;;920
33876;201500037602;15;6;12;1500;1;2;1;1;2;12;85, EDOUARD VAILLANT (AV;;;;920
33877;201500037603;15;6;16;1920;1;2;1;1;6;12;POINT DU JOUR (QUAI DU);;;;920
33878;201500037604;15;6;16;1935;1;2;1;1;6;12;14, SILLY (RUE DE) 1/87;;;;920
33879;201500037606;15;6;19;1800;1;2;1;1;3;12;60, VICTOR HUGO (AVENUE);;;;920
33880;201500037607;15;6;22;1425;1;2;1;1;6;12;18, PEUPLIERS (RUE DES);;;;920
33881;201500037608;15;6;22;1930;1;2;1;2;6;12;145, JEAN JAURES (BOULEV;;;;920
33882;201500037609;15;6;24;1340;1;2;1;1;3;12;61, PIERRE GRENIER (AVEN;;;;920
33883;201500037610;15;6;26;45;5;2;1;1;3;12;80, REINE (ROUTE DE LA);;;;920
33884;201500037611;15;6;26;1055;1;2;1;1;4;12;14, PIERRE GRENIER (AVEN;;;;920
33885;201500037612;15;6;26;1500;1;2;1;1;2;12;59, REINE (ROUTE DE LA);;;;920
33886;201500037613;15;6;27;2050;1;2;2;1;3;12;GENERAL LECLERC (AVENUE;;;;920
33887;201500037614;15;6;28;2030;1;2;1;1;2;12;64, REPUBLIQUE (BOULEVAR;;;;920
33888;201500037615;15;6;30;220;5;2;1;1;6;12;1562, VIEUX PONT DE SEVR;;;;920
33889;201500037616;15;7;1;1810;1;2;1;1;6;12;257, JEAN JAURES (BOULEV;;;;920
33890;201500037618;15;7;2;1700;1;2;1;1;6;12;62, PIERRE GRENIER (AVEN;;;;920
33891;201500037619;15;7;3;610;1;2;1;1;3;12;56, GEORGES GORSE (QUAI);;;;920
33892;201500037620;15;7;3;2125;2;2;1;1;5;12;54 bis, EDOUARD VAILLANT;;;;920
33893;201500037621;15;7;6;650;1;2;1;1;2;12;4, POINT DU JOUR (QUAI D;;;;920
33894;201500037622;15;7;7;1120;1;2;1;1;3;12;2, REPUBLIQUE (BOULEVARD;;;;920
33895;201500037623;15;7;10;144;5;2;1;1;2;12;24, REINE (ROUTE DE LA);;;;920
33896;201500037624;15;7;10;1420;1;2;1;1;3;12;8, ANDRE MORIZET (AVENUE;;;;920
33897;201500037625;15;7;21;1740;1;2;1;1;2;12;26, ANDRE MORIZET (AVENU;;;;920
33898;201500037626;15;7;21;2130;1;2;1;1;3;12;27, QUATRE SEPTEMBRE (QU;;;;920
33899;201500037627;15;7;22;2015;1;2;1;1;3;12;36, PIERRE GRENIER (AVEN;;;;920
33900;201500037628;15;7;23;840;1;2;1;1;7;12;109, VICTOR HUGO (AVENUE;;;;920
33901;201500037629;15;7;25;1935;1;2;1;1;4;12;49, ALPHONSE LE GALLO (Q;;;;920
33902;201500037630;15;7;27;930;1;2;1;1;6;12;48, ALPHONSE LE GALLO (Q;;;;920
33903;201500037631;15;7;26;1925;1;2;2;1;3;12;GALLIENI (RUE) 1/53 - 2/;;;;920
33904;201500037632;15;7;29;2140;1;2;1;1;6;12;37, GENERAL LECLERC (AVE;;;;920
33905;201500037633;15;7;31;2035;1;2;1;1;6;12;79, JEAN BAPTISTE CLEMEN;;;;920
33906;201500037634;15;8;11;1705;1;2;1;1;7;12;45, ALPHONSE LE GALLO (Q;;;;920
33907;201500037635;15;8;13;805;1;2;3;1;3;12;QUATRE SEPTEMBRE (QUAI D;;;;920
33908;201500037637;15;8;18;1350;1;2;1;1;2;12;27, GENERAL LECLERC (AVE;;;;920
33909;201500037638;15;8;18;1815;1;2;1;1;4;12;79, EDOUARD VAILLANT (AV;;;;920
33910;201500037639;15;8;19;1429;1;2;1;1;2;12;33ter, EDOUARD VAILLANT;;;;920
33911;201500037640;15;8;20;50;5;2;6;2;2;12;RHIN ET DANUBE (ROND POI;;;;920
33912;201500037641;15;8;21;20;5;2;1;1;6;12;GENERAL LECLERC (AVENUE;;;;920
33913;201500037642;15;8;21;1600;1;2;1;1;6;12;93, REPUBLIQUE (BOULEVAR;;;;920
33914;201500037643;15;8;23;745;1;2;1;1;6;12;29, GEORGES GORSE (QUAI);;;;920
33915;201500037644;15;8;24;940;1;2;1;2;7;12;PONT DE SEVRES (ROND POI;;;;920
33916;201500037645;15;8;24;1110;1;2;3;1;3;12;QUATRE SEPTEMBRE (QUAI D;;;;920
33917;201500037646;15;8;28;1620;1;2;1;1;3;12;52, REINE (ROUTE DE LA);;;;920
33918;201500037647;15;8;28;1850;1;2;1;1;3;12;114-116, JEAN BAPTISTE C;;;;920
33919;201500037648;15;9;1;1143;1;2;2;1;3;12;AGUESSEAU (RUE D') 1/89;;;;920
33920;201500037649;15;9;1;2045;2;2;1;1;6;12;1, DIAZ (RUE);;;;920
33921;201500037651;15;9;4;1615;1;2;1;1;2;12;7, ALPHONSE LE GALLO (QU;;;;920
33922;201500037652;15;9;5;1955;1;2;1;1;2;12;5, MARECHAL DE LATTRE DE;;;;920
33923;201500037653;15;9;9;830;1;2;1;1;6;12;EMILE ZOLA (RUE);;;;920
33924;201500037654;15;9;12;1847;1;2;1;2;7;12;115, REINE (ROUTE DE LA);;;;920
33925;201500037655;15;9;14;1015;1;2;3;2;3;12;VAUTHIER (RUE);;;;920
33926;201500037656;15;9;15;5;3;2;1;1;4;12;125, REINE (ROUTE DE LA);;;;920
33927;201500037657;15;9;16;915;1;2;1;5;6;12;96, GENERAL LECLERC (AVE;;;;920
33928;201500037658;15;9;17;1020;1;2;1;1;7;12;1, BILLANCOURT (RUE DE);;;;920
33929;201500037660;15;9;22;1700;1;2;1;2;3;12;REPUBLIQUE (BOULEVARD DE;;;;920
33930;201500037661;15;9;24;1730;1;2;1;1;6;12;240, JEAN JAURES (BOULEV;;;;920
33931;201500037662;15;9;25;1755;1;2;1;1;3;12;1, PONT DE BILLANCOURT (;;;;920
33932;201500037664;15;9;28;1410;1;2;1;1;6;12;85, SILLY (RUE DE) 1/87;;;;920
33933;201500037665;15;9;28;2100;5;2;1;1;6;12;8, CHARLES DE GAULLE (AV;;;;920
33934;201500037666;15;9;30;1120;1;2;1;1;7;12;56, EDOUARD VAILLANT (AV;;;;920
33935;201500037668;15;10;1;720;1;2;2;1;3;12;1, ANDRE MALRAUX (ROND P;;;;920
33936;201500037669;15;10;2;1335;1;2;1;1;6;12;8, PARCHAMP (RUE DU) 9BI;;;;920
33937;201500037670;15;10;5;2200;5;2;2;2;6;12;36, SILLY (RUE DE) 1/87;;;;920
33938;201500037671;15;10;6;1430;1;2;1;1;6;12;24, SILLY (RUE DE) 1/87;;;;920
33939;201500037672;15;10;6;1010;1;2;1;2;1;12;23, QUATRE SEPTEMBRE (QU;;;;920
33940;201500037673;15;10;6;1855;5;2;1;1;5;12;32, EDOUARD VAILLANT (AV;;;;920
33941;201500037677;15;10;9;1200;1;2;1;1;2;12;40 bis, TILLEULS (RUE DE;;;;920
33942;201500037678;15;10;9;1440;1;2;1;1;2;12;12, GENERAL LECLERC (AVE;;;;920
33943;201500037679;15;10;11;1025;1;2;1;1;1;12;38, GEORGES GORSE (QUAI);;;;920
33944;201500037680;15;10;11;1130;1;2;1;1;2;12;21, STALINGRAD (QUAI DE);;;;920
33945;201500037681;15;10;14;2210;5;2;1;1;7;12;1, ALFRED LAURANT (RUE);;;;920
33946;201500037682;15;10;16;1230;1;2;1;2;2;12;1, EDOUARD VAILLANT (AVE;;;;920
33947;201500037683;15;10;16;1510;1;2;2;2;3;12;ANGLE, LE CORBUSIER (RUE;;;;920
33948;201500037685;15;10;16;1610;1;2;2;1;3;12;LE JOUR SE LEVE (AVENUE);;;;920
33949;201500037686;15;10;16;1940;5;2;1;1;3;12;9-13, REPUBLIQUE (BOULEV;;;;920
33950;201500037688;15;10;19;1230;1;2;1;1;6;12;90, REINE (ROUTE DE LA);;;;920
33951;201500037689;15;10;19;1137;1;2;1;1;3;12;160, PARIS (RUE DE) 97BI;;;;920
33952;201500037690;15;10;22;605;5;2;2;2;3;12;VICTOR HUGO (AVENUE) 49/;;;;920
33953;201500037691;15;10;22;1300;1;2;1;2;3;12;219, GALLIENI (RUE) 1/53;;;;920
33954;201500037692;15;10;25;217;5;2;1;1;6;12;26, MARECHAL DE LATTRE D;;;;920
33955;201500037693;15;10;27;1300;1;2;1;1;6;12;67, GENERAL LECLERC (AVE;;;;920
33956;201500037694;15;10;28;645;2;2;2;2;3;12;CHATEAU (RUE DU) 1/125 -;;;;920
33957;201500037695;15;10;31;800;2;2;1;1;6;12;45, ALPHONSE LE GALLO (Q;;;;920
33958;201500037696;15;10;30;1930;5;2;1;1;3;12;3, REINE (ROUTE DE LA) 1;;;;920
33959;201500037697;15;11;9;1920;5;2;1;1;3;12;17, SILLY (RUE DE) 1/87;;;;920
33960;201500037698;15;11;2;2115;5;2;1;1;3;12;247 BIS, JEAN JAURES (BO;;;;920
33961;201500037699;15;11;3;150;5;2;1;1;6;12;JEAN BAPTISTE CLEMENT (A;;;;920
33962;201500037700;15;11;5;1900;5;2;1;2;6;12;1, PONT DE SEVRES (ROND;;;;920
33963;201500037702;15;11;8;140;5;2;3;1;2;12;ALPHONSE LE GALLO (QUAI);;;;920
33964;201500037703;15;11;9;1005;1;2;1;1;3;12;3, YVES KERMEN (RUE) 3/4;;;;920
33965;201500037704;15;11;12;345;5;2;1;1;6;12;35, ALPHONSE LE GALLO (Q;;;;920
33966;201500037705;15;11;14;1425;1;2;1;1;6;12;118, POINT DU JOUR (RUE;;;;920
33967;201500037706;15;11;16;2021;5;2;1;2;6;12;178, JEAN JAURES (BOULEV;;;;920
33968;201500037707;15;11;17;950;1;1;1;2;3;12;72, JEAN BAPTISTE CLEMEN;;;;920
33969;201500037708;15;11;17;1800;5;2;1;2;1;12;9, JEAN BAPTISTE CLEMENT;;;;920
33970;201500037709;15;11;18;1830;5;2;1;1;3;12;65, PIERRE GRENIER (AVEN;;;;920
33971;201500037710;15;11;20;954;1;2;1;2;3;12;87, PIERRE GRENIER (AVEN;;;;920
33972;201500037711;15;11;24;1030;1;2;1;2;3;12;37, YVES KERMEN (RUE) 3/;;;;920
33973;201500037712;15;11;24;1055;1;2;1;2;6;12;52, JEAN BAPTISTE CLEMEN;;;;920
33974;201500037713;15;11;25;1255;1;2;1;8;7;12;1, GEORGES GORSE (QUAI);;;;920
33975;201500037714;15;11;25;1255;1;2;1;8;6;12;1, PARIS (RUE DE) 1/97 -;;;;920
33976;201500037715;15;11;25;2151;5;2;1;2;6;12;52, POINT DU JOUR (QUAI;;;;920
33977;201500037716;15;11;27;1030;1;2;1;1;2;12;27, GENERAL LECLERC (AVE;;;;920
33978;201500037718;15;11;28;2120;5;2;2;1;3;12;CHARLES DE GAULLE (AVENU;;;;920
33979;201500037719;15;11;30;1750;2;2;1;1;6;12;18, DANJOU (RUE) 1/15 -;;;;920
33980;201500037721;15;12;1;1430;1;2;1;1;4;12;27, QUATRE SEPTEMBRE (QU;;;;920
33981;201500037722;15;12;2;1550;1;2;1;1;3;12;127, AGUESSEAU (RUE D');;;;920
33982;201500037724;15;12;16;2335;5;2;1;1;6;12;132, GALLIENI (RUE) 55/1;;;;920
33983;201500037725;15;12;17;1820;5;2;1;1;5;12;1, QUATRE SEPTEMBRE (QUA;;;;920
33984;201500037726;15;12;18;1030;1;2;1;1;2;12;38, GEORGES GORSE (QUAI);;;;920
33985;201500037727;15;12;29;810;1;2;1;1;7;12;11, JEAN JAURES (BOULEVA;;;;920
33986;201500037728;15;1;4;1615;1;2;1;1;6;32;DORMOY MAX (AVENUE);;;;920
33987;201500037729;15;1;25;1420;1;2;1;1;2;19;72, SALENGRO ROGER (RUE);;;;920
33988;201500037730;15;1;30;1200;1;2;1;1;3;71;13 bis, GENERAL DE GAULL;;;;920
33989;201500037731;15;2;12;1615;1;2;1;1;6;19;17, LONGUET CHARLES (RUE;;;;920
33990;201500037732;15;2;14;910;1;2;1;2;6;19;BOIS (AVENUE DU);;;;920
33991;201500037734;15;3;9;2030;5;2;1;8;3;19;112, LECLERC DIVISION (A;;;;920
33992;201500037735;15;4;8;1940;1;2;2;1;6;32;DOLIVET J ET M (AVENUE);;;;920
33993;201500037736;15;4;9;1030;1;2;1;1;4;19;340, DIVISION LECLERC (A;;;;920
33994;201500037737;15;4;12;1655;1;2;1;1;6;19;1, SELLIER HENRI (PLACE);;;;920
33995;201500037738;15;4;14;1130;1;2;1;1;3;19;129, JAURES JEAN (RUE);;;;920
33996;201500037739;15;4;15;1510;1;2;1;1;6;71;138, GENERAL LECLERC (AV;;;;920
33997;201500037742;15;5;20;1440;1;2;1;1;3;71;138, HOUDAN (RUE);;;;920
33998;201500037743;15;5;24;1815;1;2;1;1;3;19;418, LECLERC DIVISION (A;;;;920
33999;201500037744;15;5;29;1600;1;2;1;1;6;19;1, DE VINCI LEONARD (AVE;;;;920
34000;201500037745;15;6;2;905;1;2;1;1;3;32;19 bis, LANGEVIN PAUL (A;;;;920
34001;201500037746;15;6;5;655;1;2;1;1;2;19;143, SALENGRO ROGER (RUE;;;;920
34002;201500037747;15;6;9;1845;1;2;3;1;3;71;QUATRES CHEMINS (AVENUE;;;;920
34003;201500037748;15;6;22;1730;1;2;3;3;6;32;DORMOY MAX (AVENUE);;;;920
34004;201500037749;15;6;26;834;1;1;3;1;3;32;LOMBARD (AVENUE);;;;920
34005;201500037750;15;7;11;1920;1;2;1;1;6;71;47, ROUX DOCTEUR (RUE DU;;;;920
34006;201500037751;15;8;1;1915;1;2;1;1;6;19;153, DIVISION LECLERC (A;;;;920
34007;201500037752;15;8;10;1530;1;2;1;1;7;32;135, BOUCICAUT (RUE);;;;920
34008;201500037753;15;8;27;2105;5;2;3;3;3;71;VOLTAIRE (RUE);;;;920
34009;201500037754;15;9;6;1145;1;2;1;1;2;71;1, GENERAL LECLERC (AVEN;;;;920
34010;201500037755;15;9;10;1235;1;2;1;1;6;19;SALENGRO ROGER (RUE);;;;920
34011;201500037756;15;9;27;1920;1;1;1;1;7;19;171, LECLERC DIVISION (A;;;;920
34012;201500037757;15;10;1;1845;1;2;6;1;3;19;ALLENDE SALVATOR (CARREF;;;;920
34013;201500037758;15;10;2;815;1;2;1;1;6;32;66, PLATEAU (RUE DU);;;;920
34014;201500037759;15;10;2;1710;1;2;1;1;4;19;140, LECLERC DIVISION (A;;;;920
34015;201500037761;15;11;19;1750;1;2;1;1;6;32;23, LANGEVIN PAUL (AVENU;;;;920
34016;201500037762;15;12;2;2335;5;2;1;1;6;19;317, LECLERC DIVISION (A;;;;920
34017;201500037763;15;12;4;1755;4;2;1;1;6;19;VIGNES (GRANDE VOIE DES);;;;920
34018;201500037764;15;12;9;1325;1;2;6;1;2;19;LOUP PENDU CHEMIN);;;;920
34019;201500037766;15;1;8;1945;5;2;3;2;3;23;., NOUVELLE POSTE (ALLEE;;;;920
34020;201500037768;15;1;16;1845;5;2;2;3;3;23;233, GENERAL DE GAULLE (;;;;920
34021;201500037769;15;1;24;1225;1;2;1;1;3;23;157, PORTE DE TRIVAUX (R;;;;920
34022;201500037770;15;1;28;1750;5;2;3;3;6;23;., PORTE DE TRIVAUX (RUE;;;;920
34023;201500037771;15;1;22;810;1;2;3;1;6;23;., HENRI BARBUSSE (AVENU;;;;920
34024;201500037772;15;1;30;945;1;2;2;1;7;60;PAUL LANGEVIN (AVENUE) (;;;;920
34025;201500037773;15;2;2;830;1;2;1;4;7;23;15, JEAN BAPTISTE CLEMEN;;;;920
34026;201500037774;15;2;5;1930;5;2;1;1;6;23;., ROUTE DE VERSAILLES;;;;920
34027;201500037775;15;2;9;1215;1;2;1;1;4;23;329, GENERAL DE GAULLE (;;;;920
34028;201500037777;15;2;12;1025;1;2;2;1;6;23;1, VICTOR HUGO (AVENUE);;;;920
34029;201500037778;15;2;13;840;1;2;1;1;3;23;1 ter, CHATILLON (RUE DE;;;;920
34030;201500037779;15;2;13;1440;1;2;1;1;6;23;17, PIERRE LOUVRIER (RUE;;;;920
34031;201500037780;15;2;17;1650;1;2;1;1;6;23;138, GENERAL DE GAULLE (;;;;920
34032;201500037781;15;2;19;1505;1;2;1;1;2;23;., CLAUDE TREBIGNAUD (AV;;;;920
34033;201500037782;15;2;27;1005;1;2;1;1;3;23;461, GENERAL DE GAULLE (;;;;920
34034;201500037783;15;3;3;1510;1;2;1;1;2;23;GENERAL DE GAULLE (AV DU;;;;920
34035;201500037784;15;3;9;1800;1;2;1;1;2;60;17, PAUL LANGEVIN (AVENU;;;;920
34036;201500037785;15;3;11;1940;1;2;1;1;6;23;92, JEAN JAURES (AVENUE);;;;920
34037;201500037786;15;3;12;1745;1;2;1;1;2;23;38, MEUDON (RUE DE);;;;920