;Num_Acc;an;mois;jour;hrmn;lum;agg;int;atm;col;com;adr;gps;lat;long;dep
34038;201500037788;15;3;17;1630;1;1;1;1;6;23;MARQUIS (PLACE) SANS N?;;;;920
34039;201500037789;15;3;27;1051;1;2;1;2;2;23;157, PORTE DE TRIVAUX (R;;;;920
34040;201500037790;15;3;27;745;1;2;1;1;2;23;80, PORTE DE TRIVAUX (RU;;;;920
34041;201500037791;15;3;26;1835;1;2;1;2;5;23;PAVE BLANC (ROUTE DU) N?;;;;920
34042;201500037793;15;3;31;2037;5;2;1;1;2;60;03, VICTOR VERNADAT (RUE;;;;920
34043;201500037794;15;4;1;1000;1;2;1;1;7;23;123, HENRI BARBUSSE (AVE;;;;920
34044;201500037795;15;4;4;1720;1;2;1;1;6;23;VICTOR HUGO (AVENUE);;;;920
34045;201500037796;15;4;7;1325;1;2;1;1;3;60;NEWTON (AVENUE);;;;920
34046;201500037797;15;4;8;1555;1;2;1;1;2;23;HENRI BARBUSSE (AVENUE);;;;920
34047;201500037798;15;4;9;1605;1;2;1;1;6;23;27, PAUL VAILLANT COUTUR;;;;920
34048;201500037799;15;4;10;1825;1;2;1;1;3;23;1, FOSSE BAZIN (CHEMIN D;;;;920
34049;201500037800;15;4;15;1905;1;2;1;1;3;23;, HENRI BARBUSSE (AVENUE;;;;920
34050;201500037801;15;4;17;1220;1;2;1;1;2;60;11, PAUL LANGEVIN (AVENU;;;;920
34051;201500037802;15;4;20;800;1;1;1;1;2;23;01, CHAMPAGNE (RUE);;;;920
34052;201500037803;15;4;21;1922;1;2;1;1;6;23;229, GENERAL DE GAULLE (;;;;920
34053;201500037806;15;4;23;1004;1;2;1;1;6;23;01, GARE (PLACE DE LA);;;;920
34054;201500037807;15;5;2;900;1;2;1;1;7;23;PLAINE (RUE DE LA);;;;920
34055;201500037808;15;5;6;1920;1;2;1;1;7;23;, GARDE (PLACE DU) S101;;;;920
34056;201500037809;15;5;13;1915;1;2;1;1;7;23;01, CLAUDE TREBIGNAUD (A;;;;920
34057;201500037810;15;5;29;1340;1;2;1;1;3;23;05, PAUL VAILLANT COUTUR;;;;920
34058;201500037812;15;6;10;1740;1;2;1;1;6;23;01, ILE DE FRANCE (RUE D;;;;920
34059;201500037813;15;6;11;905;1;2;1;1;3;23;115, GENERAL DE GAULLE (;;;;920
34060;201500037814;15;6;17;1551;1;2;1;1;6;23;07, PAUL VAILLANT COUTUR;;;;920
34061;201500037815;15;6;17;1825;1;2;1;1;3;23;367, GENERAL DE GAULLE (;;;;920
34062;201500037816;15;6;19;1514;1;2;1;1;6;23;PORTE DE TRIVAUX (RUE DE;;;;920
34063;201500037817;15;6;19;1840;1;2;1;1;3;23;173, HENRI BARBUSSE (AVE;;;;920
34064;201500037818;15;6;23;1515;1;2;1;1;6;60;06, GRANDE RUE;;;;920
34065;201500037819;15;6;23;1830;1;2;1;1;3;23;05, BRETAGNE (RUE DE);;;;920
34066;201500037820;15;6;24;1110;1;2;1;1;3;23;01, SYGRIE (AVENUE DE LA;;;;920
34067;201500037821;15;6;26;1345;1;2;1;1;2;23;81, HENRI BARBUSSE (AVEN;;;;920
34068;201500037822;15;6;30;920;1;2;1;1;7;23;01, GENERAL EISENHOWER (;;;;920
34069;201500037823;15;6;26;1609;1;2;1;1;6;23;191, VICTOR HUGO (AVENUE;;;;920
34070;201500037825;15;7;7;2040;1;2;1;1;7;60;22, LIBERATION (AVENUE D;;;;920
34071;201500037827;15;7;15;1550;1;2;1;1;6;60;08TER, LEON BLUM (AVENUE;;;;920
34072;201500037828;15;7;18;1350;1;2;1;1;6;23;197, PORTE DE TRIVAUX (R;;;;920
34073;201500037829;15;7;20;705;2;2;1;8;6;60;0, GRANDE RUE;;;;920
34074;201500037830;15;7;21;1805;1;2;2;1;3;23;0, SYGRIE (AVENUE DE LA);;;;920
34075;201500037831;15;7;27;2130;2;2;1;1;6;23;1, HENRI BARBUSSE (AVENU;;;;920
34076;201500037832;15;7;29;841;1;2;1;1;6;23;33, JEAN BAPTISTE CLEMEN;;;;920
34077;201500037833;15;7;25;1240;1;2;1;1;6;23;PAUL VAILLANT COUTURIER;;;;920
34078;201500037834;15;8;20;830;1;2;1;2;7;23;104, HENRI BARBUSSE (AVE;;;;920
34079;201500037835;15;8;9;2230;5;2;1;1;6;23;57, JEAN JAURES (AVENUE);;;;920
34080;201500037836;15;8;24;1835;1;2;1;2;3;23;157, PORTE DE TRIVAUX (R;;;;920
34081;201500037837;15;8;24;1720;1;2;1;2;3;23;78, GENERAL EISENHOWER (;;;;920
34082;201500037838;15;8;29;1230;1;2;1;1;3;23;341, GENERAL DE GAULLE (;;;;920
34083;201500037839;15;8;31;1800;1;2;2;1;3;23;0, HENRI BARBUSSE (AVENU;;;;920
34084;201500037840;15;9;5;1610;1;2;1;1;1;23;01, REPUBLIQUE (AVENUE D;;;;920
34085;201500037841;15;9;10;1340;1;2;2;1;3;23;HENRI BARBUSSE (AVENUE);;;;920
34086;201500037842;15;9;10;1820;1;2;1;1;3;23;233, GENERAL DE GAULLE (;;;;920
34087;201500037843;15;9;11;1632;1;2;1;1;3;60;HUIT MAI 1945 (PLACE DU);;;;920
34088;201500037844;15;9;15;645;3;2;2;2;3;23;0, GENERAL DE GAULLE (AV;;;;920
34089;201500037845;15;9;16;2350;4;2;1;1;6;23;141, RODIN (BOULEVARD);;;;920
34090;201500037846;15;9;17;900;1;2;4;1;3;23;154, AV V HUGO/ALL HUGO;;;;920
34091;201500037848;15;9;26;1430;1;2;1;1;2;60;01, GALILEE (AVENUE);;;;920
34092;201500037849;15;9;26;1910;1;2;1;1;3;23;340, GENERAL DE GAULLE (;;;;920
34093;201500037850;15;9;25;1420;1;2;1;1;6;23;215, GENERAL DE GAULLE (;;;;920
34094;201500037851;15;9;26;1920;1;2;1;1;6;23;11, ALBERT NEVEU (RUE);;;;920
34095;201500037852;15;9;27;1555;1;2;1;1;6;23;01, RENE SAMUEL (AVENUE);;;;920
34096;201500037853;15;9;27;2230;5;2;1;1;2;60;115, EDOUARD HERRIOT (AV;;;;920
34097;201500037854;15;9;29;915;1;2;1;1;1;23;381, GENERAL DE GAULLE (;;;;920
34098;201500037855;15;9;30;1610;1;2;2;1;3;60;HERRIOT/LANGEVIN;;;;920
34099;201500037856;15;9;30;930;1;2;1;1;7;23;, MOULIN DE LA TOUR (BOU;;;;920
34100;201500037857;15;10;1;1330;1;2;1;1;6;23;162, GENERAL DE GAULLE (;;;;920
34101;201500037858;15;10;4;1450;1;2;1;1;6;23;329, GENERAL DE GAULLE (;;;;920
34102;201500037860;15;11;18;1730;5;2;2;1;3;23;1, GENERAL DE GAULLE (AV;;;;920
34103;201500037861;15;10;27;2055;5;2;2;2;6;23;75, HENRI BARBUSSE (AVEN;;;;920
34104;201500037862;15;10;29;2045;5;2;7;1;6;23;138, PORTE DE TRIVAUX (R;;;;920
34105;201500037863;15;11;3;1115;1;2;1;1;6;23;0, ILE DE FRANCE (RUE DE;;;;920
34106;201500037864;15;11;5;1500;1;2;1;1;3;60;0, PAUL LANGEVIN (AVENUE;;;;920
34107;201500037865;15;11;6;1500;1;2;1;1;6;23;0, PICARDIE (RUE DE);;;;920
34108;201500037866;15;11;7;1345;1;2;1;1;2;23;01, ANDREAS BECK (RUE);;;;920
34109;201500037867;15;11;10;1735;2;2;1;1;3;23;01, MOULIN DE LA TOUR (B;;;;920
34110;201500037868;15;11;11;2000;5;2;1;1;2;60;01, PAUL LANGEVIN (AVENU;;;;920
34111;201500037869;15;11;11;1545;1;2;1;1;6;23;233, GENERAL DE GAULLE (;;;;920
34112;201500037870;15;11;10;745;2;2;1;1;6;60;01, PAUL LANGEVIN (AVENU;;;;920
34113;201500037871;15;11;12;1640;1;1;1;1;3;23;87, HENRI BARBUSSE (AVEN;;;;920
34114;201500037872;15;11;13;830;1;2;1;1;7;23;220, JEAN JAURES (AVENUE;;;;920
34115;201500037873;15;11;17;900;1;2;6;1;2;60;0, PAUL LANGEVIN (AVENUE;;;;920
34116;201500037874;15;11;24;740;5;2;1;1;6;23;462, GENERAL DE GAULLE (;;;;920
34117;201500037875;15;12;4;1800;5;2;1;1;6;60;01, EDOUARD HERRIOT (AVE;;;;920
34118;201500037876;15;12;7;1830;5;2;3;1;6;23;GENERAL DE GAULLE (AV DU;;;;920
34119;201500037877;15;12;8;1930;5;2;6;1;3;60;01, CHARLES DE GAULLE (P;;;;920
34120;201500037878;15;12;4;1727;5;2;1;1;7;23;01, CLAUDE TREBIGNAUD (A;;;;920
34121;201500037879;15;11;26;630;5;2;1;2;7;23;1, HEBERT (RUE);;;;920
34122;201500037880;15;11;26;1842;5;2;1;1;6;23;FLEURY (CARREFOUR DE) BO;;;;920
34123;201500037881;15;12;11;1145;1;2;1;1;1;23;15, HENRI BARBUSSE (AVEN;;;;920
34124;201500037882;15;12;17;1015;1;2;1;1;6;60;75, CHARLES DE GAULLE (A;;;;920
34125;201500037883;15;12;17;1050;1;2;1;1;6;23;5/9, CARNETS (RUE DES);;;;920
34126;201500037884;15;12;17;1220;1;2;1;1;6;23;HENRI BARBUSSE (AVENUE);;;;920
34127;201500037885;15;12;23;1745;5;2;1;1;6;23;0, VILLACOUBLAY (AVENUE;;;;920
34128;201500037886;15;12;23;1900;5;2;1;1;5;23;12, PAUL VAILLANT COUTUR;;;;920
34129;201500037887;15;7;25;1430;1;2;2;1;6;24;24, JEAN JAURES (BD) DE;;;;920
34130;201500037888;15;1;8;730;5;2;1;1;3;24;72, JEAN JAURES (BD) DE;;;;920
34131;201500037889;15;1;16;920;1;2;3;1;2;24;30, MOREL (RUE);;;;920
34132;201500037890;15;1;21;1830;1;2;1;1;6;24;99, JEAN JAURES (BD) DE;;;;920
34133;201500037891;15;1;23;1830;5;2;6;1;6;24;1, REPUBLIQUE (PLACE DE;;;;920
34134;201500037892;15;1;30;1440;1;2;1;1;6;24;80, JEAN JAURES (BD) DE;;;;920
34135;201500037893;15;2;2;955;1;2;2;1;6;24;8, GEORGES BOISSEAU (RUE;;;;920
34136;201500037894;15;2;2;1245;1;2;2;1;3;24;47, GENERAL LECLERC (BD;;;;920
34137;201500037895;15;2;4;1500;1;2;1;1;6;24;90, GENERAL ROGUET (RUE;;;;920
34138;201500037896;15;2;8;830;1;2;2;1;1;24;50, GENERAL LECLERC (BD;;;;920
34139;201500037897;15;2;13;2030;5;2;3;1;3;24;128, VICTOR HUGO (BD);;;;920
34140;201500037898;15;2;24;925;1;2;2;2;3;24;24, MARTRE DE (4 A 54);;;;920
34141;201500037899;15;3;7;305;5;2;6;1;6;24;114, CLICHY (QUAI DE) DE;;;;920
34142;201500037900;15;3;9;2115;5;2;1;1;3;24;99, MARTRE DE (4 A 54);;;;920
34143;201500037902;15;3;11;2005;5;2;3;1;3;24;54-56, VICTOR HUGO (BD);;;;920
34144;201500037903;15;3;12;1605;1;2;2;1;3;24;1, RUE DU 08 MAI 1945;;;;920
34145;201500037904;15;3;14;2210;5;2;3;1;7;24;1, DOCTEUR EMILE ROUX (R;;;;920
34146;201500037905;15;3;15;1901;5;2;2;1;6;24;42, GENERAL LECLERC (BD;;;;920
34147;201500037906;15;3;17;110;5;2;3;1;6;24;83, HENRI BARBUSSE (RUE);;;;920
34148;201500037907;15;3;18;1340;1;2;2;1;3;24;86, MARTRE (RUE) DE (59;;;;920
34149;201500037908;15;3;30;1805;1;2;2;1;6;24;5, CLAUDE DEBUSSY (AVENU;;;;920
34150;201500037909;15;3;31;1810;1;2;1;1;6;24;94, GENERAL LECLERC (RUE;;;;920
34151;201500037910;15;4;1;1730;1;2;2;1;2;24;85, JEAN JAURES (BD) DE;;;;920
34152;201500037911;15;4;2;1850;1;2;2;1;3;24;87, HENRI BARBUSSE (RUE);;;;920
34153;201500037912;15;4;3;1000;1;2;2;1;6;24;46, GENERAL LECLERC (BD;;;;920
34154;201500037913;15;4;7;1955;5;2;2;1;2;24;46, GENERAL ROGUET (RUE;;;;920
34155;201500037914;15;4;10;1000;1;2;6;1;3;24;119, GENERAL LECLERC (RU;;;;920
34156;201500037915;15;4;20;2040;5;2;2;1;2;24;36, GENERAL LECLERC (BD;;;;920
34157;201500037916;15;4;29;1716;1;2;1;1;2;24;110, CLICHY (QUAI DE) DE;;;;920
34158;201500037917;15;4;30;1413;1;2;1;1;6;24;59, JEAN JAURES (BD) DE;;;;920
34159;201500037918;15;5;4;1900;1;2;1;3;6;24;63, MADAME DE SANZILLON;;;;920
34160;201500037919;15;5;6;1700;1;2;1;1;6;24;12, CHANCE MILLY (RUE);;;;920
34161;201500037920;15;5;7;1110;1;2;1;1;3;24;1, ASNIERES (PONT D');;;;920
34162;201500037921;15;5;15;910;1;2;1;1;6;24;59, VILLENEUVE (RUE) DE;;;;920
34163;201500037922;15;5;17;1115;1;2;2;1;6;24;106, MARTRE (RUE) DE (59;;;;920
34164;201500037923;15;5;13;1045;1;2;1;1;6;24;21, JEAN JAURES (BD) DE;;;;920
34165;201500037924;15;5;19;1200;1;2;6;1;2;24;97, GENERAL ROGUET (RUE;;;;920
34166;201500037925;15;5;26;1810;1;2;2;1;3;24;64, MARTRE (RUE) DE (59;;;;920
34167;201500037926;15;5;26;2040;1;2;1;1;6;24;119, HENRI BARBUSSE (RUE;;;;920
34168;201500037927;15;5;29;115;5;2;4;1;6;24;1, ASNIERES (ROUTE D');;;;920
34169;201500037928;15;5;31;1330;1;2;3;1;6;24;1, JEAN JAURES (BD) DE (;;;;920
34170;201500037929;15;6;2;845;1;2;1;1;1;24;28, FERNAND PELLOUTIER (;;;;920
34171;201500037930;15;6;2;1755;1;2;1;1;3;24;119, MARTRE (RUE) DE (11;;;;920
34172;201500037931;15;5;4;1930;1;2;3;2;3;24;1, ASNIERES (ROUTE D');;;;920
34173;201500037932;15;6;6;1000;1;2;1;1;3;24;54, CLICHY (QUAI DE) DE;;;;920
34174;201500037933;15;6;8;1830;1;2;1;1;3;24;04, MADAME DE SANZILLON;;;;920
34175;201500037934;15;7;9;2015;5;2;1;1;2;24;140, MARTRE (RUE) DE (11;;;;920
34176;201500037935;15;5;15;930;1;2;1;1;3;24;47, GEORGES BOISSEAU (RU;;;;920
34177;201500037936;15;6;16;1830;5;2;1;1;7;24;04, CLICHY (QUAI DE) DE;;;;920
34178;201500037937;15;6;9;1025;1;2;3;1;3;24;124, VICTOR HUGO (BD);;;;920
34179;201500037938;15;6;11;1125;1;2;3;1;7;24;73, GENERAL LECLERC (RUE;;;;920
34180;201500037939;15;6;28;840;1;2;2;1;6;24;24, LEON GAMBETTA (ALLEE;;;;920
34181;201500037941;15;6;30;1600;1;2;2;1;5;24;1, PIERRE DREYFUS (RUE);;;;920
34182;201500037942;15;7;1;925;1;2;2;1;5;24;54, MARTRE DE (4 A 54);;;;920
34183;201500037943;15;7;6;1600;1;2;2;1;3;24;9, PAUL SIGNAC (ALLEE);;;;920
34184;201500037944;15;7;17;110;5;2;2;1;3;24;22, LANDY (RUE DU) DE (2;;;;920
34185;201500037945;15;7;6;1430;1;2;3;1;7;24;142, MARTRE (RUE) DE (11;;;;920
34186;201500037946;15;7;19;1930;1;2;2;1;7;24;8, GEORGES BOISSEAU (RUE;;;;920
34187;201500037947;15;8;6;2040;2;2;2;1;3;24;7, ALSACE (RUE D') DE (1;;;;920
34188;201500037948;15;8;10;1940;1;2;2;1;1;24;110, MARTRE (RUE) DE (59;;;;920
34189;201500037949;15;8;17;720;1;2;2;1;3;24;62, VILLEVEUVE (RUE) DE;;;;920
34190;201500037950;15;8;20;1310;1;2;1;2;7;24;2, GENERAL ROGUET (RUE D;;;;920
34191;201500037951;15;8;25;2025;5;2;2;2;3;24;23, GENERAL LECLERC (BD;;;;920
34192;201500037952;15;8;28;1030;1;2;1;1;6;24;1, LEON BLUM (RUE);;;;920
34193;201500037953;15;8;3;2100;2;2;3;1;4;24;1, CLICHY (PONT DE);;;;920
34194;201500037954;15;8;24;825;1;2;1;3;3;24;69, GENERAL LECLERC (RUE;;;;920
34195;201500037955;15;9;9;950;1;2;2;1;6;24;86, MARTRE (RUE) DE (59;;;;920
34196;201500037956;15;9;3;2150;5;2;3;1;2;24;60, MARTRE (RUE) DE (59;;;;920
34197;201500037957;15;9;11;840;1;2;1;1;6;24;11, CASTERES (RUE);;;;920
34198;201500037958;15;9;17;1626;1;2;2;1;3;24;34, HENRI BARBUSSE (RUE);;;;920
34199;201500037959;15;9;18;835;1;2;1;1;3;24;52, PIERRE BEREGOVOY (RU;;;;920
34200;201500037960;15;9;18;1045;1;2;3;1;3;24;200, CLICHY (QUAI DE) DE;;;;920
34201;201500037961;15;9;21;1045;1;2;3;1;1;24;1, ASNIERES (ROUTE D');;;;920
34202;201500037962;15;9;23;2250;5;2;6;1;3;24;114, CLICHY (QUAI DE) DE;;;;920
34203;201500037963;15;9;24;1430;1;2;1;1;6;24;97, MARTRE (RUE) DE (59;;;;920
34204;201500037965;15;9;8;1840;1;2;1;1;7;24;57, VICTOR HUGO (BD);;;;920
34205;201500037966;15;10;10;1500;1;2;3;1;7;24;141-143, VICTOR HUGO (BD;;;;920
34206;201500037967;15;10;16;1625;1;2;2;1;3;24;78, VICTOR HUGO (BD);;;;920
34207;201500037968;15;10;21;2110;5;2;2;2;3;24;8, MARTISSOT (RUE);;;;920
34208;201500037969;15;10;24;1730;1;2;1;1;4;24;124, JEAN JAURES (BD) DE;;;;920
34209;201500037970;15;10;31;1430;1;2;1;1;2;24;1, CLICHY (PONT DE);;;;920
34210;201500037971;15;10;14;1010;1;2;2;1;2;24;102, JEAN JAURES (BD) DE;;;;920
34211;201500037972;15;11;3;1625;1;2;2;1;6;24;68, HENRI BARBUSSE (RUE);;;;920
34212;201500037973;15;11;6;1930;5;2;1;2;6;24;83, JEAN JAURES (BD) DE;;;;920
34213;201500037974;15;11;8;615;5;2;2;1;3;24;69, MARTRE (RUE) DE (59;;;;920
34214;201500037975;15;11;17;845;2;2;1;2;4;24;1, CLICHY (PONT DE);;;;920
34215;201500037976;15;11;17;1650;1;2;1;1;6;24;30, GEORGES BOISSEAU (RU;;;;920
34216;201500037977;15;11;17;1845;5;2;1;2;5;24;108, MARTRE (RUE) DE (59;;;;920
34217;201500037978;15;11;18;1700;2;2;1;1;6;24;14, SIMONNEAU (RUE);;;;920
34218;201500037979;15;12;4;945;1;1;3;1;6;24;72, VICTOR HUGO (BD);;;;920
34219;201500037980;15;11;16;1300;1;2;3;1;6;24;65, VICTOR HUGO (BD);;;;920
34220;201500037981;15;12;8;1410;1;2;1;3;3;24;101, MARTRE (RUE) DE (59;;;;920
34221;201500037982;15;12;16;1750;1;2;2;1;6;24;45, JEAN JAURES (BD) DE;;;;920
34222;201500037983;15;12;5;1220;1;2;1;1;6;24;20, CHARLES ET RENE AUFF;;;;920
34223;201500037984;15;12;21;1745;5;2;1;3;6;24;10, REPUBLIQUE (PLACE DE;;;;920
34224;201500037985;15;12;24;1110;1;2;3;1;3;24;112, VICTOR HUGO (BD);;;;920
34225;201500037986;15;12;20;1215;1;2;1;1;7;24;159, JEAN JAURES (BD) DE;;;;920
34226;201500037987;15;1;9;1326;1;2;1;1;6;25;0, PAUL BERT (RUE);;;;920
34227;201500037988;15;1;11;35;5;2;2;1;3;25;0, G.GRES<> 150 A 190 &;;;;920
34228;201500037989;15;1;12;1300;1;2;2;1;6;25;DE GAULLE/GRES;;;;920
34229;201500037990;15;1;13;940;1;2;1;1;6;25;0, PRESIDENT SALVADOR AL;;;;920
34230;201500037991;15;1;12;1415;1;2;9;1;3;25;20, EUROPE (AV DE L');;;;920
34231;201500037992;15;1;20;935;1;2;2;1;6;25;BOURNARD (RUE DU);;;;920
34232;201500037993;15;1;23;2245;5;2;2;1;7;25;65, PAUL BERT (RUE);;;;920
34233;201500037994;15;1;27;900;1;2;1;1;2;25;21, GABRIEL PERI (RUE);;;;920
34234;201500037996;15;2;3;915;1;2;1;1;6;25;117, CHAMPARONS & (PETIT;;;;920
34235;201500037998;15;2;5;1005;1;2;2;1;6;25;2, GAMBETTA (BD);;;;920
34236;201500037999;15;2;5;1105;1;2;1;1;7;25;555, GABRIEL PERI (RUE);;;;920
34237;201500038000;15;2;5;2010;1;2;2;1;2;25;0, CHARLES DE GAULLE (BD;;;;920
34238;201500038001;15;2;6;1250;1;2;2;1;6;25;155, HENRI BARBUSSE (AV);;;;920
34239;201500038002;15;1;28;1525;1;2;1;2;3;25;96, HENRI BARBUSSE (AV);;;;920
34240;201500038004;15;2;9;645;5;2;2;1;3;25;0, PAUL BERT (RUE);;;;920
34241;201500038006;15;2;11;1415;1;2;1;1;7;25;35, EUROPE (AV DE L');;;;920
34242;201500038007;15;2;14;1915;1;2;1;1;6;25;55, GABRIEL PERI (RUE);;;;920
34243;201500038008;15;2;7;1910;5;2;1;1;6;25;0, CHARLES DE GAULLE (BD;;;;920
34244;201500038009;15;2;19;1440;1;2;1;1;2;25;0, EUROPE (AV DE L');;;;920
34245;201500038010;15;2;21;1920;5;2;2;1;3;25;0, KLEBER (AV);;;;920
34246;201500038011;15;2;20;1455;1;2;1;2;6;25;12, VALMY (BD DE);;;;920
34247;201500038012;15;2;25;1245;1;2;1;2;7;25;220, ESTIENNE D'ORVES (R;;;;920
34248;201500038013;15;2;26;855;1;2;1;2;7;25;17, HENRI LITTOLFF N? PA;;;;920
34249;201500038014;15;3;4;1930;5;2;1;1;6;25;22, GABRIEL PERI (RUE);;;;920
34250;201500038015;15;3;4;1145;1;2;1;1;6;25;28, EGALITE (RUE DE L');;;;920
34251;201500038016;15;3;13;1250;1;2;1;1;3;25;308, PRESIDENT SALVADOR;;;;920
34252;201500038017;15;3;9;1525;1;2;3;1;3;25;0, METZ (RUE DE);;;;920
34253;201500038020;15;3;17;830;1;2;2;1;3;25;20, VALMY (BD DE);;;;920
34254;201500038021;15;3;23;850;1;2;2;1;6;25;0, PAUL BERT (RUE);;;;920
34255;201500038022;15;3;23;915;1;2;1;1;3;25;0, BOURNARD (RUE DU);;;;920
34256;201500038023;15;3;24;2200;5;2;3;2;6;25;0, G.GRES<>2 A 148 & 1 A;;;;920
34257;201500038024;15;3;28;1345;1;2;5;1;6;25;94, MARCEAU (BD);;;;920
34258;201500038025;15;3;31;1935;1;2;2;1;3;25;0, BOURNARD (RUE DU);;;;920
34259;201500038026;15;4;5;1655;1;2;1;1;3;25;27, STALINGRAD (AV DE);;;;920
34260;201500038027;15;4;6;1940;1;2;1;1;1;25;146, VOIES DU BOIS (RUE;;;;920
34261;201500038028;15;4;6;2005;1;2;1;1;6;25;51, VICTOR HUGO (AV.VILL;;;;920
34262;201500038031;15;4;10;930;1;2;3;1;1;25;76, HENRI BARBUSSE (AV);;;;920
34263;201500038032;15;4;10;1215;1;2;1;1;7;25;0, ROUTE DU PORT DE PARI;;;;920
34264;201500038033;15;4;11;1100;1;2;1;1;3;25;73, PAUL BERT (RUE);;;;920
34265;201500038034;15;4;11;1720;1;2;2;2;2;25;49, EUROPE (AV DE L');;;;920
34266;201500038035;15;4;14;2040;1;2;2;1;3;25;0, VALMY (BD DE);;;;920
34267;201500038036;15;2;21;2025;5;2;1;1;7;25;0, EGALITE (RUE DE L');;;;920
34268;201500038038;15;4;2;1215;1;2;3;2;7;25;49, PROGRES (RUE DU);;;;920
34269;201500038039;15;5;5;1030;1;2;2;2;3;25;77, PAUL BERT (RUE);;;;920
34270;201500038040;15;5;12;1540;1;2;2;1;3;25;0, LABOURET (RUE);;;;920
34271;201500038041;15;5;19;1235;1;2;2;1;3;25;0, GAMBETTA (BD);;;;920
34272;201500038042;15;5;29;905;1;2;1;1;6;25;151, PRESIDENT SALVADOR;;;;920
34273;201500038043;15;5;29;1720;1;2;1;1;6;25;357/359, ESTIENNE D'ORVE;;;;920
34274;201500038044;15;6;1;1050;1;2;1;1;6;25;0, BUFFON (RUE);;;;920
34275;201500038045;15;6;1;1920;1;2;1;1;3;25;34, JEAN JACQUES ROUSSEA;;;;920
34276;201500038046;15;6;4;710;1;2;1;1;3;25;555, GABRIEL PERI (RUE);;;;920
34277;201500038047;15;6;8;1745;1;2;1;1;6;25;137, STALINGRAD (AV DE);;;;920
34278;201500038048;15;6;8;2030;1;2;3;1;6;25;105, VALMY (BD DE);;;;920
34279;201500038049;15;6;10;1930;1;2;1;1;1;25;50, STALINGRAD (AV DE);;;;920
34280;201500038050;15;6;12;1550;1;2;1;1;6;25;1, EUROPE (AV DE L');;;;920
34281;201500038051;15;6;19;10;5;2;2;1;3;25;0, MOSLARD (RUE);;;;920
34282;201500038052;15;6;22;1155;1;2;1;1;6;25;0, BOURNARD (RUE DU);;;;920
34283;201500038053;15;6;26;1650;1;2;1;1;1;25;175, STALINGRAD (AV DE);;;;920
34284;201500038054;15;6;27;1645;1;2;1;1;3;25;115, STALINGRAD (AV DE);;;;920
34285;201500038055;15;6;28;1755;1;2;2;1;3;25;, GABRIEL PERI (RUE);;;;920
34286;201500038056;15;7;7;1205;1;2;1;1;3;25;312, GABRIEL PERI (RUE);;;;920
34287;201500038057;15;7;6;1855;1;1;1;1;3;25;PAUL BERT (RUE);;;;920
34288;201500038058;15;7;9;1032;1;2;1;1;2;25;0, VERDUN (RUE DE);;;;920
34289;201500038059;15;7;13;2115;2;2;1;1;7;25;125, MARECHAL JOFFRE (RU;;;;920
34290;201500038060;15;7;17;1140;1;1;1;1;6;25;GABRIEL PERI (RUE);;;;920
34291;201500038061;15;7;18;1153;1;2;1;1;6;25;VIS A VIS, CHARLES DE GA;;;;920
34292;201500038062;15;7;27;1630;1;2;1;1;3;25;PAUL BERT (RUE);;;;920
34293;201500038064;15;8;8;1300;1;2;1;1;6;25;0, CHARLES DE GAULLE (BD;;;;920
34294;201500038065;15;8;14;23;5;2;3;2;3;25;0, CHARLES DE GAULLE (BD;;;;920
34295;201500038066;15;7;30;1310;1;2;1;1;2;25;0, GABRIEL PERI (RUE);;;;920
34296;201500038067;15;8;20;1035;1;1;2;2;6;25;0, CHARLES DE GAULLE (BD;;;;920
34297;201500038068;15;9;3;1745;1;2;1;1;3;25;0, FRATERNITE (RUE DE LA;;;;920
34298;201500038070;15;9;4;1530;1;2;2;1;3;25;0, PAUL BERT (RUE);;;;920
34299;201500038072;15;9;11;2142;5;2;2;1;3;25;0, PAUL BERT (RUE);;;;920
34300;201500038073;15;7;5;2030;1;2;1;1;6;25;PBERT  ST YVES DU MANOIR;;;;920
34301;201500038074;15;9;19;1510;1;1;1;1;3;25;36, EDGARD QUINET (BD);;;;920
34302;201500038075;15;9;19;1910;1;2;1;1;3;25;1, CHARLES DE GAULLE (BD;;;;920
34303;201500038076;15;9;23;1635;1;2;1;1;6;25;87, VARSOVIE (RUE DE);;;;920
34304;201500038077;15;9;24;1610;1;2;1;1;6;25;, CHARLES DE GAULLE (BD);;;;920
34305;201500038078;15;9;25;1630;1;2;1;1;6;25;0, COMMERCE (RUE DU);;;;920
34306;201500038079;15;9;27;2155;5;2;1;1;3;25;24, VALMY (BD DE);;;;920
34307;201500038080;15;9;29;1000;1;2;2;1;3;25;0, GABRIEL PERI (RUE);;;;920
34308;201500038081;15;9;29;800;1;2;1;1;2;25;178, RENOUILLERS  (RUE D;;;;920
34309;201500038083;15;9;30;1445;1;2;1;1;2;25;0, PONT DE BEZONS;;;;920
34310;201500038084;15;10;5;1740;1;2;1;2;6;25;130, CHARLES DE GAULLE (;;;;920
34311;201500038085;15;10;8;20;3;2;1;1;3;25;0, CHARLES DE GAULLE (BD;;;;920
34312;201500038086;15;10;8;1640;1;2;1;1;3;25;5, GABRIEL PERI (RUE);;;;920
34313;201500038087;15;10;9;1110;1;2;2;1;3;25;0, GENERAL LECLERC (PLAC;;;;920
34314;201500038088;15;10;10;2315;5;2;1;1;1;25;57, COLBERT <> 55 A 113;;;;920
34315;201500038090;15;10;10;1510;1;1;2;1;3;25;0, A86;;;;920
34316;201500038091;15;10;12;1615;1;1;1;1;3;25;0, CHARLES DE GAULLE (BD;;;;920
34317;201500038092;15;10;12;1920;2;2;1;1;2;25;0, PIERRE BADUEL (RUE);;;;920
34318;201500038093;15;10;13;850;1;2;1;1;6;25;86, SOLFERINO (RUE & AV);;;;920
34319;201500038094;15;10;18;1800;1;2;1;8;6;25;88, HOCHE (RUE);;;;920
34320;201500038095;15;10;13;1940;1;2;1;1;3;25;153, HENRI BARBUSSE (AV);;;;920