;Num_Acc;an;mois;jour;hrmn;lum;agg;int;atm;col;com;adr;gps;lat;long;dep
34321;201500038096;15;10;9;1850;5;2;2;1;3;25;0, MARCELIN BERTHELOT (R;;;;920
34322;201500038097;15;10;14;1500;1;2;9;1;6;25;0, BOURNARD (RUE DU);;;;920
34323;201500038098;15;10;28;1830;1;2;1;1;2;25;81, AGENT SARRE (AV DE L;;;;920
34324;201500038099;15;10;16;755;2;2;1;3;6;25;155, HENRI BARBUSSE (AV);;;;920
34325;201500038100;15;10;22;2225;5;2;1;1;2;25;130, C.DE G.> 130 & 1103;;;;920
34326;201500038101;15;10;14;2230;5;2;2;1;5;25;0, CHARLES DE GAULLE (BD;;;;920
34327;201500038102;15;10;24;1835;1;2;2;1;6;25;0, CHARLES DE GAULLE (BD;;;;920
34328;201500038103;15;11;2;2250;5;2;3;1;3;25;0, STALINGRAD (AV DE);;;;920
34329;201500038104;15;11;5;1050;1;2;1;1;6;25;74, BOURNARD (RUE DU);;;;920
34330;201500038105;15;11;6;1515;1;2;1;1;6;25;05, GABRIEL PERI (RUE);;;;920
34331;201500038106;15;11;6;1830;5;2;2;1;6;25;0, AUDRA (AV);;;;920
34332;201500038107;15;11;6;2230;5;2;1;1;7;25;41, DENIS PAPIN (RUE);;;;920
34333;201500038108;15;11;8;2105;4;2;1;1;6;25;109, ESTIENNE D'ORVES (R;;;;920
34334;201500038109;15;11;10;2156;5;2;2;1;1;25;0, HENRI LITTOLFF N° PAI;;;;920
34335;201500038110;15;11;12;900;1;2;1;1;6;25;59, E.D'ORVES <>2A198 &;;;;920
34336;201500038111;15;11;19;1540;1;2;1;1;6;25;20, EUROPE (AV DE L');;;;920
34337;201500038112;15;11;20;716;5;2;1;2;1;25;123, VALMY (BD DE);;;;920
34338;201500038113;15;11;20;1800;4;2;1;2;7;25;33, E.D'ORVES <>2A198 &;;;;920
34339;201500038114;15;11;20;1435;1;2;1;1;6;25;0, COTES D'AUTY (RUE DES;;;;920
34340;201500038115;15;11;23;1750;5;1;1;1;6;25;238, E.D'ORVES <>200A328;;;;920
34341;201500038116;15;10;9;2315;5;2;3;1;1;25;0, CUGNET (RUE);;;;920
34342;201500038117;15;11;18;850;1;2;1;1;6;25;28, STALINGRAD (AV DE);;;;920
34343;201500038118;15;12;2;1300;1;2;1;1;6;25;137, STALINGRAD (AV DE);;;;920
34344;201500038119;15;12;2;1835;5;2;1;1;3;25;254, RENOUILLERS  (RUE D;;;;920
34345;201500038120;15;12;3;800;2;2;2;1;3;25;, GABRIEL PERI (RUE);;;;920
34346;201500038121;15;12;3;2105;5;1;2;1;6;25;0, STALINGRAD (AV DE);;;;920
34347;201500038122;15;12;6;1730;1;2;1;1;6;25;0, PARC DEPARTEMENTAL;;;;920
34348;201500038123;15;12;8;300;5;2;1;1;7;25;185, PDT S.ALLENDE> 278;;;;920
34349;201500038124;15;12;8;1425;1;2;2;3;3;25;0, AGRICULTURE (RUE DE L;;;;920
34350;201500038125;15;12;8;1410;1;2;1;2;3;25;1, CHARLES DE GAULLE (BD;;;;920
34351;201500038126;15;12;8;1844;2;2;1;1;6;25;0, STALINGRAD (AV DE);;;;920
34352;201500038127;15;12;9;1910;5;2;3;1;3;25;0, STALINGRAD (AV DE);;;;920
34353;201500038128;15;12;15;1850;5;2;3;2;6;25;0, TAILLADE (RUE);;;;920
34354;201500038129;15;12;16;1130;1;2;1;1;6;25;38, FELIX FAURE (RUE);;;;920
34355;201500038130;15;12;17;2230;5;2;3;1;3;25;0, HOCHE (RUE);;;;920
34356;201500038131;15;12;18;1355;1;2;1;1;6;25;9, VALMY (BD DE);;;;920
34357;201500038132;15;12;24;1430;1;2;1;1;3;2;;;;;920
34358;201500038133;15;12;22;1300;1;2;1;1;7;25;15, CHARLES DE GAULLE (B;;;;920
34359;201500038134;15;12;23;1350;1;2;2;1;6;25;0, CHARLES DE GAULLE (BD;;;;920
34360;201500038135;15;12;24;2150;5;2;1;1;6;25;STALINGRAD (AV DE);;;;920
34361;201500038136;15;12;26;1500;1;2;1;1;3;25;0, KLEBER (AV);;;;920
34362;201500038137;15;1;2;1755;5;2;1;1;3;26;34 BIS, MARCEAU;;;;920
34363;201500038139;15;1;11;1235;1;2;6;1;7;26;VICTOR HUGO (PLACE;;;;920
34364;201500038142;15;1;16;1750;2;2;5;1;6;26;VERDUN (DE 01 A 61);;;;920
34365;201500038143;15;1;21;730;2;2;2;1;3;26;MARCEAU;;;;920
34366;201500038144;15;1;22;1530;1;2;6;1;7;26;BELGIQUE ( PLACE DE );;;;920
34367;201500038145;15;1;24;2110;5;2;1;1;2;26;26, PAIX;;;;920
34368;201500038146;15;1;27;1210;1;2;1;1;1;26;20, PRESIDENT KRUGER;;;;920
34369;201500038147;15;2;4;820;5;2;3;1;3;26;MARCEAU;;;;920
34370;201500038148;15;2;6;2010;5;2;1;1;4;26;103, MARECHAL JOFFRE (QU;;;;920
34371;201500038149;15;2;6;1245;1;2;1;1;6;26;14, LOUVAIN;;;;920
34372;201500038150;15;2;13;1705;1;2;1;2;6;26;72, VERDUN (DE 62 A FIN);;;;920
34373;201500038151;15;2;14;1600;1;2;1;1;6;26;08, BAUDIN;;;;920
34374;201500038153;15;2;19;930;1;2;1;1;6;26;10, LOUIS BLANC ( RUE );;;;920
34375;201500038154;15;2;20;1752;5;2;1;2;6;26;02, H?TEL DE VILLE (RUE);;;;920
34376;201500038155;15;2;20;1440;1;2;1;1;6;2;14 BD DE LA MISSION MARC;;;;920
34377;201500038156;15;2;23;1240;1;2;1;9;2;26;76, GAMBETTA;;;;920
34378;201500038157;15;2;25;855;1;2;1;1;6;26;58, COLOMBES;;;;920
34379;201500038158;15;3;3;2020;5;2;1;1;2;26;82-84, MARECHAL JOFFRE (;;;;920
34380;201500038159;15;3;9;1820;1;2;1;1;3;26;02, GAMBETTA;;;;920
34381;201500038160;15;3;9;750;1;2;1;1;7;26;01, COLOMBES;;;;920
34382;201500038161;15;3;10;825;1;2;2;1;3;26;SABLI?RE;;;;920
34383;201500038162;15;3;13;220;5;2;1;1;7;26;89, VICTOR HUGO (DE 47 A;;;;920
34384;201500038163;15;3;13;2150;5;2;6;1;3;26;BELGIQUE ( PLACE DE );;;;920
34385;201500038164;15;3;17;830;1;2;1;1;6;26;19, MARCEAU;;;;920
34386;201500038165;15;3;22;1700;1;2;2;1;2;26;VERDUN (DE 01 A 61);;;;920
34387;201500038166;15;3;27;2020;5;2;1;1;7;26;47, MISSION MARCHAND (CO;;;;920
34388;201500038167;15;3;25;1010;1;2;1;1;6;26;51, VICTOR HUGO (DE 47 A;;;;920
34389;201500038168;15;4;2;1045;1;2;1;2;7;26;27, GEORGES CLEMENCEAU;;;;920
34390;201500038169;15;4;7;930;1;2;1;1;7;26;6-8, GEORGES CLEMENCEAU;;;;920
34391;201500038170;15;4;8;1130;1;2;3;1;6;26;----------, VICTOR HUGO;;;;920
34392;201500038171;15;4;12;1230;1;2;1;1;7;26;25, BAUDIN;;;;920
34393;201500038172;15;4;13;400;5;2;3;1;7;26;21, COLOMBES;;;;920
34394;201500038173;15;4;13;945;1;2;1;1;3;26;17, VERDUN (DE 01 A 61);;;;920
34395;201500038174;15;4;25;2115;2;2;1;1;7;26;4, 11 NOVEMBRE ( AVENUE;;;;920
34396;201500038175;15;4;15;750;1;2;1;1;3;26;199, SAINT DENIS BD (120;;;;920
34397;201500038177;15;5;11;1700;1;2;1;1;6;26;MARECHAL JOFFRE (QUAI DU;;;;920
34398;201500038178;15;5;12;1240;1;2;1;1;6;26;61, VERDUN (DE 01 A 61);;;;920
34399;201500038179;15;5;14;1700;1;2;2;1;7;26;BEZONS (DE 23 A FIN);;;;920
34400;201500038180;15;5;17;615;2;2;1;1;6;26;88, GAMBETTA;;;;920
34401;201500038183;15;5;27;1420;1;2;3;1;6;26;1, INDUSTRIE (RUE DE L');;;;920
34402;201500038184;15;6;1;1600;1;2;2;1;4;26;112, VERDUN (DE 62 A FIN;;;;920
34403;201500038185;15;6;3;820;1;2;2;1;6;26;ALMA;;;;920
34404;201500038186;15;6;2;950;1;2;2;1;3;26;BAUDIN;;;;920
34405;201500038187;15;6;2;1720;1;2;1;1;4;26;11, BEZONS  (DE 01 A 22);;;;920
34406;201500038188;15;6;3;1635;1;2;2;1;3;26;MARCEAU;;;;920
34407;201500038189;15;6;3;1730;1;2;4;1;3;26;97, MARCEAU;;;;920
34408;201500038190;15;6;4;1305;1;2;2;1;3;26;BAUDIN;;;;920
34409;201500038191;15;6;8;950;1;2;1;1;6;26;36, VERDUN (DE 01 A 61);;;;920
34410;201500038193;15;6;10;2110;1;2;1;1;2;26;42, MISSION MARCHAND (CO;;;;920
34411;201500038194;15;6;11;850;1;2;1;1;6;26;233, SAINT DENIS BD (120;;;;920
34412;201500038195;15;6;13;1420;1;2;2;1;3;26;MARCEAU;;;;920
34413;201500038196;15;6;14;1730;1;2;1;1;1;26;53, MARCEAU;;;;920
34414;201500038197;15;6;14;530;1;2;1;1;6;26;MISSION MARCHAND (COTE I;;;;920
34415;201500038199;15;6;19;1330;1;2;1;1;7;26;272, SAINT DENIS BD (120;;;;920
34416;201500038200;15;6;19;1245;1;2;2;1;3;26;VERDUN (DE 62 A FIN);;;;920
34417;201500038201;15;6;19;1350;1;2;1;1;2;26;19, PRÉSIDENT PAUL DOUME;;;;920
34418;201500038202;15;6;19;1730;1;2;1;1;7;26;VICTOR HUGO (DE 47 A FIN;;;;920
34419;201500038203;15;6;25;305;5;2;1;1;7;26;242, SAINT DENIS BD (120;;;;920
34420;201500038204;15;6;29;2140;5;2;1;1;6;26;37, VERDUN (DE 01 A 61);;;;920
34421;201500038205;15;6;30;1830;1;2;1;1;3;26;----------, PRÉSIDENT PA;;;;920
34422;201500038206;15;7;7;1200;1;2;1;1;4;26;107, VERDUN (DE 62 A FIN;;;;920
34423;201500038207;15;7;15;1740;1;2;1;1;4;26;PAUL DOUMER;;;;920
34424;201500038209;15;7;25;1634;1;2;1;1;6;26;MARCEAU;;;;920
34425;201500038210;15;7;27;2150;5;2;1;1;2;26;133, VERDUN (DE 62 A FIN;;;;920
34426;201500038211;15;7;28;1350;1;2;1;8;5;26;121, VERDUN (DE 62 A FIN;;;;920
34427;201500038212;15;8;13;1415;1;2;3;1;7;26;PUVIS DE CHAVANNES;;;;920
34428;201500038214;15;8;31;1120;1;2;1;1;6;26;77 BIS, BEZONS (DE 23 A;;;;920
34429;201500038215;15;9;3;1045;1;2;1;1;6;26;25, PRÉSIDENT PAUL DOUME;;;;920
34430;201500038216;15;9;7;1950;5;2;2;1;3;26;HÔTEL DE VILLE (RUE);;;;920
34431;201500038217;15;9;21;1715;1;2;1;1;3;26;VERDUN (DE 62 A FIN);;;;920
34432;201500038218;15;9;22;820;1;2;1;1;6;26;56, PAIX;;;;920
34433;201500038219;15;9;29;900;1;2;3;1;6;26;22 SEPTEMBRE ( RUE DU );;;;920
34434;201500038220;15;10;21;1845;2;2;3;1;3;26;68, MISSION MARCHAND (CO;;;;920
34435;201500038221;15;10;23;2240;5;2;1;1;3;26;20, DUBONNET;;;;920
34436;201500038222;15;10;16;1300;1;2;1;1;2;26;82-84, MARECHAL JOFFRE (;;;;920
34437;201500038223;15;10;16;1135;1;2;1;1;6;26;28, BEZONS (DE 23 A FIN);;;;920
34438;201500038225;15;10;29;1725;1;2;3;1;2;26;PRÉSIDENT PAUL DOUMER (Q;;;;920
34439;201500038226;15;10;30;1500;1;2;3;1;7;26;VERDUN (DE 01 A 61);;;;920
34440;201500038228;15;11;6;1530;1;2;1;2;7;26;25, BEZONS (DE 23 A FIN);;;;920
34441;201500038229;15;11;6;1730;1;2;1;2;3;26;31, ALMA;;;;920
34442;201500038230;15;11;13;1610;1;2;2;1;3;26;VERDUN (DE 62 A FIN);;;;920
34443;201500038231;15;11;14;2130;5;2;1;2;3;26;143, SAINT DENIS BD (120;;;;920
34444;201500038232;15;11;19;1930;5;2;2;2;3;26;VERDUN (DE 62 A FIN);;;;920
34445;201500038233;15;11;24;1800;1;2;1;2;6;26;65, GAMBETTA;;;;920
34446;201500038235;15;11;25;1500;1;2;3;2;3;26;GEORGES CLEMENCEAU;;;;920
34447;201500038236;15;11;27;2150;5;2;1;1;2;26;89, VERDUN (DE 62 A FIN);;;;920
34448;201500038237;15;11;28;1955;5;2;2;1;3;26;----------, VERDUN (DE 6;;;;920
34449;201500038238;15;12;1;1855;5;2;1;1;3;26;PRÉSIDENT PAUL DOUMER (Q;;;;920
34450;201500038239;15;12;1;1252;1;2;2;8;3;26;----------, VERDUN (DE 6;;;;920
34451;201500038240;15;11;30;1830;5;2;1;1;6;26;238, SAINT DENIS BD (120;;;;920
34452;201500038241;15;12;1;1915;5;2;1;1;3;26;89, VERDUN (DE 62 A FIN);;;;920
34453;201500038242;15;12;4;1705;5;2;1;1;6;26;28, PRÉSIDENT PAUL DOUME;;;;920
34454;201500038243;15;12;8;750;5;2;1;1;6;26;67, GAMBETTA;;;;920
34455;201500038244;15;12;17;2215;5;2;2;1;3;26;VERDUN (DE 62 A FIN);;;;920
34456;201500038246;15;1;9;1740;1;2;1;1;6;35;9, National ( boulevard;;;;920
34457;201500038247;15;1;10;1820;5;2;3;2;6;35;., Foch ( avenue );;;;920
34458;201500038250;15;1;15;1150;1;2;1;6;6;35;102, R?publique ( boulev;;;;920
34459;201500038252;15;1;21;1515;1;2;1;1;6;35;35, Aigle ( rue de l' );;;;920
34460;201500038253;15;1;24;1310;1;2;4;2;2;35;102, G?n?ral de Gaulle;;;;920
34461;201500038254;15;1;31;1220;1;2;3;2;3;35;44, National ( boulevard;;;;920
34462;201500038255;15;1;31;1425;1;2;1;1;7;35;27, R?publique ( bouleva;;;;920
34463;201500038256;15;3;12;1900;1;2;3;1;6;35;4, 11 Novembre 1918 ( ru;;;;920
34464;201500038257;15;3;7;1120;1;2;2;1;3;35;13, Verdun 1916 ( avenue;;;;920
34465;201500038258;15;3;3;2000;5;2;1;1;7;35;90 bis, R?publique ( bou;;;;920
34466;201500038260;15;3;14;2056;5;2;1;1;3;35;18, G?n?ral de Gaulle  (;;;;920
34467;201500038261;15;4;3;1650;1;2;2;2;6;35;2, A et M.L Roure (rue);;;;920
34468;201500038262;15;4;7;1500;1;2;2;1;1;35;47, Foch ( avenue );;;;920
34469;201500038263;15;4;19;1730;1;2;5;1;1;35;39, G?n?ral de Gaulle  (;;;;920
34470;201500038264;15;5;24;2000;1;2;1;1;4;35;87, National ( boulevard;;;;920
34471;201500038265;15;5;21;1750;1;2;6;1;6;35;République ( boulevard d;;;;920
34472;201500038266;15;5;3;1255;1;2;1;2;4;35;78, Général de Gaulle  (;;;;920
34473;201500038267;15;6;15;1730;1;2;2;1;3;35;Jean Bonal ( rue );;;;920
34474;201500038268;15;6;18;1825;1;2;1;1;7;35;22, Verdun 1916 ( avenue;;;;920
34475;201500038269;15;6;22;1800;1;2;3;2;3;35;Europe ( avenue de l' );;;;920
34476;201500038271;15;6;28;2000;1;2;3;1;2;35;Alsace Lorraine (rue d';;;;920
34477;201500038272;15;7;7;1030;1;2;1;1;7;35;26, Général de Gaulle  (;;;;920
34478;201500038274;15;7;20;750;1;2;2;1;3;35;Verdun 1916 ( avenue de;;;;920
34479;201500038275;15;7;23;950;1;2;1;1;3;35;12, République ( bouleva;;;;920
34480;201500038276;15;8;6;650;1;2;1;1;3;50;156, avenue de la républ;;;;920
34481;201500038277;15;8;8;16;5;2;7;1;3;35;National ( boulevard );;;;920
34482;201500038279;15;9;12;1820;1;2;1;2;3;35;49, République ( bouleva;;;;920
34483;201500038280;15;9;14;1750;1;2;1;8;3;35;77, République ( bouleva;;;;920
34484;201500038281;15;9;21;1230;1;2;2;1;2;35;National ( boulevard );;;;920
34485;201500038282;15;10;7;1440;1;2;2;1;3;35;National ( boulevard );;;;920
34486;201500038283;15;10;16;1345;1;2;1;2;3;35;75, République ( bouleva;;;;920
34487;201500038284;15;10;20;2230;5;2;2;1;3;35;National ( boulevard );;;;920
34488;201500038285;15;11;1;2115;5;2;5;1;3;35;République ( boulevard d;;;;920
34489;201500038286;15;11;4;1020;1;2;3;2;6;35;103, Général de Gaulle;;;;920
34490;201500038288;15;11;13;2245;5;2;6;1;3;35;Belgique ( Place de );;;;920
34491;201500038290;15;11;22;1350;1;2;3;1;3;35;National ( boulevard );;;;920
34492;201500038291;15;12;11;1500;1;2;1;1;2;35;50, République ( bouleva;;;;920
34493;201500038292;15;12;29;1440;1;2;1;1;3;35;14, République ( bouleva;;;;920
34494;201500038293;15;1;7;1055;1;2;2;1;6;36;0, GABRIEL PERI (AVENUE);;;;920
34495;201500038294;15;1;7;2140;5;2;3;1;6;36;52, GABRIEL PERI (AVENUE;;;;920
34496;201500038295;15;1;7;1905;5;2;3;1;6;36;0, PRINCIPALE DU PORT (R;;;;920
34497;201500038296;15;1;22;1300;1;2;2;1;3;36;0, LAURENT CELY (AVENUE);;;;920
34498;201500038297;15;1;22;1955;5;2;6;1;6;36;0, CHAMPS FOURGONS (RUE;;;;920
34499;201500038298;15;1;28;1410;1;2;6;2;7;36;0, PRINCIPALE DU PORT (R;;;;920
34500;201500038299;15;2;2;1720;1;2;3;1;3;36;0, GRESILLONS (AVENUE DE;;;;920
34501;201500038300;15;2;13;1400;1;1;2;1;6;36;0, sortie A86;;;;920
34502;201500038301;15;2;18;2012;5;2;1;1;7;36;0, VIEUX CHEMIN DE SAINT;;;;920
34503;201500038302;15;2;19;1405;1;2;1;1;6;36;12, GENERAL DE GAULLE (A;;;;920
34504;201500038303;15;2;20;1310;1;2;3;2;7;36;0, PIERRE DE COUBERTIN (;;;;920
34505;201500038304;15;2;24;1715;1;2;1;1;6;36;161, GRESILLONS (AVENUE;;;;920
34506;201500038305;15;2;27;2150;5;2;3;1;3;36;0, LUTH (AVENUE DU) (1);;;;920
34507;201500038306;15;3;4;900;1;2;2;1;2;36;0, LUCIEN LANTERNIER (AV;;;;920
34508;201500038307;15;3;5;1630;1;1;1;1;6;36;113, LAURENT CELY (AVENU;;;;920
34509;201500038308;15;3;7;1330;1;2;3;1;6;36;0, bretelle de sortie A8;;;;920
34510;201500038309;15;3;10;1130;1;2;2;1;1;36;0, LOUIS ROCHE (AVENUE);;;;920
34511;201500038310;15;3;12;1815;1;2;1;1;6;36;23, GRESILLONS (AVENUE D;;;;920
34512;201500038311;15;3;13;545;5;2;3;1;6;36;0, LAURENT CELY (AVENUE);;;;920
34513;201500038312;15;3;13;1220;1;2;2;1;6;36;0, CHANDON (AVENUE) (1/6;;;;920
34514;201500038313;15;3;16;1405;1;2;2;1;6;36;0, LOUIS ROCHE (AVENUE);;;;920
34515;201500038314;15;3;16;1700;1;2;1;1;6;36;MARCEL PAUL (AVENUE) (52;;;;920
34516;201500038315;15;3;23;1655;1;2;3;1;6;36;0, GABRIEL PERI (AVENUE);;;;920
34517;201500038316;15;3;31;905;1;2;3;2;7;36;0, LOUIS ROCHE (AVENUE);;;;920
34518;201500038317;15;4;1;2055;5;2;2;1;3;36;0, MOULIN DE CAGE (RUE D;;;;920
34519;201500038318;15;4;3;955;1;2;3;1;4;36;0, LOUIS ROCHE (AVENUE);;;;920
34520;201500038319;15;4;8;2010;1;2;1;1;6;36;177, GABRIEL PERI (AVENU;;;;920
34521;201500038320;15;4;9;245;5;2;2;1;3;36;0, GRESILLONS (AVENUE DE;;;;920
34522;201500038322;15;4;12;1220;1;2;6;1;6;36;0, PIERRE TIMBAUD (ROND;;;;920
34523;201500038323;15;4;15;1320;1;2;1;1;2;36;0, BONGARDE (RUE DE LA);;;;920
34524;201500038324;15;4;15;2325;5;2;3;1;1;36;0, JEAN JAURES (RUE) (2);;;;920
34525;201500038325;15;4;24;2230;5;2;3;1;6;36;0, CLAUDE DEBUSSY (AVENU;;;;920
34526;201500038326;15;4;26;1435;1;2;1;1;6;36;0, GENEAL DE GAULLE (AVE;;;;920
34527;201500038327;15;5;4;1350;1;2;3;1;6;36;BD INTERCOMMUNAL/A86;;;;920
34528;201500038328;15;5;5;1425;1;2;3;1;3;36;0, LOUISE MICHEL (PAIRS);;;;920
34529;201500038329;15;5;15;1520;1;2;1;1;5;36;0, MARCEL PAUL (AVENUE);;;;920
34530;201500038330;15;5;17;1700;1;2;1;1;6;36;128-130, GABRIEL PERI (A;;;;920
34531;201500038331;15;5;17;1845;1;2;3;1;2;36;0, LOUIS CALMEL (RUE) (1;;;;920
34532;201500038332;15;5;20;1235;1;2;3;1;2;36;0, Ormeteau;;;;920
34533;201500038333;15;5;30;2015;1;2;1;1;4;36;0, LOUIS ROCHE (AVENUE);;;;920
34534;201500038334;15;5;30;1510;1;2;1;1;7;36;14, PIERRE TIMBAUD (RUE);;;;920
34535;201500038335;15;6;8;1110;1;2;1;1;7;36;46, GENERAL DE GAULLE (A;;;;920
34536;201500038336;15;6;10;1200;1;2;1;1;1;36;84, GABRIEL PERI (AVENUE;;;;920
34537;201500038337;15;6;17;2010;1;2;6;1;4;36;0, GENEAL DE GAULLE (AVE;;;;920
34538;201500038338;15;6;25;2210;5;2;1;1;6;36;, MARCEL PAUL (AVENUE) (;;;;920
34539;201500038339;15;6;27;40;3;2;1;1;6;36;CAMELINAT (BOULEVARD) (2;;;;920
34540;201500038340;15;6;13;2330;5;2;3;1;7;36;sortie A86;;;;920
34541;201500038342;15;7;2;1815;1;2;2;1;3;36;0, BASSIN N°6 (ROUTE DU);;;;920
34542;201500038343;15;7;4;2119;1;2;9;1;7;36;157, GABRIEL PERI (AVENU;;;;920
34543;201500038344;15;7;5;1447;1;2;6;2;6;36;0, LOUIS CALMEL (RUE) (1;;;;920
34544;201500038346;15;7;13;2015;1;2;1;1;2;36;0, GRESILLONS (AVENUE DE;;;;920
34545;201500038347;15;7;25;1305;1;2;3;1;6;36;0, JAFFEUX (RUE);;;;920
34546;201500038348;15;7;25;1555;1;2;1;1;1;36;80, HENRI BARBUSSE (RUE);;;;920
34547;201500038349;15;7;27;1900;1;2;6;1;3;36;0, BAS (RUE DES) (64 AU;;;;920
34548;201500038350;15;8;2;2020;1;2;1;1;7;36;0, CAMELINAT (BOULEVARD);;;;920
34549;201500038351;15;8;7;1325;1;1;1;1;7;36;0, DEQUEVAUVILLIERS (BOU;;;;920
34550;201500038352;15;8;9;1135;1;2;9;1;6;36;10, GENERAL DE GAULLE (A;;;;920
34551;201500038353;15;8;18;1740;1;2;2;1;3;36;0, PRINCIPALE DU PORT (R;;;;920
34552;201500038354;15;8;21;2045;5;2;1;1;6;36;136, HENRI BARBUSSE (RUE;;;;920
34553;201500038355;15;8;25;1725;1;2;3;1;6;36;0, LIBERATION (AVENUE DE;;;;920
34554;201500038356;15;8;25;2100;1;2;2;1;3;36;0, BOULEVARD INTERCOMMUN;;;;920
34555;201500038358;15;9;2;625;1;2;6;1;6;36;0, LAURENT CELY (AVENUE);;;;920
34556;201500038359;15;8;19;2230;5;2;3;1;3;36;0, PIERRE TIMBAUD (RUE);;;;920
34557;201500038360;15;9;10;1640;1;2;1;1;6;36;10, GENERAL DE GAULLE (A;;;;920
34558;201500038361;15;9;22;1600;1;2;1;1;6;36;5, BEAUMARCHAIS (BOULEVA;;;;920
34559;201500038362;15;9;23;1800;1;2;1;1;6;36;7, PRINCIPALE DU PORT (R;;;;920
34560;201500038363;15;9;25;1055;1;2;1;1;7;36;0, PIERRE TIMBAUD (RUE);;;;920
34561;201500038364;15;10;1;2105;5;2;3;1;6;36;0, LAURENT CELY (AVENUE);;;;920
34562;201500038365;15;10;8;2105;5;2;3;1;6;36;0, LAURENT CELY (AVENUE);;;;920
34563;201500038366;15;10;14;1530;1;2;3;1;5;36;27, LOUISE MICHEL (IMPAI;;;;920
34564;201500038368;15;10;30;1300;1;2;1;1;6;36;10, GENERAL DE GAULLE (A;;;;920
34565;201500038369;15;11;3;1635;1;2;9;1;6;36;112, GENERAL DE GAULLE (;;;;920
34566;201500038370;15;11;4;1915;5;2;3;1;6;36;0, JEAN JAURES (RUE) (2);;;;920
34567;201500038372;15;11;6;2045;1;2;3;1;3;36;0, LOUIS CALMEL (RUE) (1;;;;920
34568;201500038373;15;11;11;1545;1;2;1;1;6;36;08, BRENU (RUE);;;;920
34569;201500038375;15;11;17;1855;5;2;9;3;6;36;0, MARCEL PAUL (AVENUE);;;;920
34570;201500038376;15;11;19;1540;1;2;3;2;7;36;0, JULES LAROSE (RUE);;;;920
34571;201500038377;15;11;20;1710;2;2;2;2;3;36;0, PIERRE DE COUBERTIN (;;;;920
34572;201500038378;15;11;21;2219;5;2;3;1;3;36;0, GABRIEL PERI (AVENUE);;;;920
34573;201500038379;15;11;23;1740;5;2;6;1;6;36;0, PIERRE TIMBAUD (ROND;;;;920
34574;201500038380;15;11;26;1230;1;2;1;1;6;36;118, MOULIN DE CAGE (RUE;;;;920
34575;201500038381;15;11;26;2220;5;2;2;1;7;36;0, BOULEVARD INTERCOMMUN;;;;920
34576;201500038382;15;12;1;725;2;2;1;1;6;36;0, sortie A86;;;;920
34577;201500038383;15;12;5;1307;1;2;2;1;6;36;0, LUCIEN LANTERNIER (AV;;;;920
34578;201500038384;15;12;6;145;5;2;6;1;7;36;0, PIERRE TIMBAUD (ROND;;;;920
34579;201500038385;15;12;8;1800;5;2;6;1;6;36;0, PIERRE DE COUBERTIN (;;;;920
34580;201500038386;15;12;9;1930;5;2;1;1;6;36;112, GENERAL DE GAULLE (;;;;920
34581;201500038387;15;12;10;2030;5;2;6;1;6;36;0, PIERRE TIMBAUD (ROND;;;;920
34582;201500038388;15;12;13;1015;1;2;3;1;2;36;114, GRESILLONS (AVENUE;;;;920
34583;201500038389;15;12;16;1515;1;2;1;1;6;36;21, DESLANES (RUE) (1);;;;920
34584;201500038390;15;12;18;1750;1;2;1;1;6;36;0, Pont des sévines (A11;;;;920
34585;201500038391;15;12;20;1145;1;2;6;1;6;36;0, HENRI BARBUSSE (RUE);;;;920
34586;201500038393;15;12;21;1120;1;2;1;1;7;36;0, PIERRE TIMBAUD (RUE);;;;920
34587;201500038394;15;12;29;1530;1;2;1;1;6;36;10, LOTS COMMUNAUX (AVEN;;;;920
34588;201500038395;15;10;26;1900;5;2;2;1;3;40;xx, PAIX (AVENUE DE LA);;;;920
34589;201500038396;15;10;30;330;5;2;1;1;6;40;70, RODIN (BOULEVARD);;;;920
34590;201500038397;15;11;2;130;5;2;1;1;3;40;47-103, PDT ROOSEVELT (Q;;;;920
34591;201500038398;15;11;17;2350;5;2;3;2;3;40;13, GENERAL LECLERC;;;;920
34592;201500038400;15;11;24;1750;5;2;2;2;7;40;XX, EGALITE ( DE L');;;;920
34593;201500038401;15;11;6;1200;1;2;2;1;2;40;57BIS, GALLIENI (BOULEVA;;;;920
34594;201500038402;15;11;25;1940;5;2;2;2;3;40;XX, ERNEST RENAN;;;;920
34595;201500038403;15;11;19;645;2;2;3;1;3;40;VERDUN (AVENUE DE) DU 11;;;;920
34596;201500038404;15;11;24;1500;1;2;1;2;7;40;132, VERDUN (AVENUE DE);;;;920
34597;201500038405;15;11;27;1200;1;2;1;1;7;40;6, RODIN (BOULEVARD);;;;920
34598;201500038407;15;12;16;1206;1;2;1;8;2;40;XX, STALINGRAD (QUAI DE);;;;920
34599;201500038408;15;12;9;1940;3;2;1;1;3;40;245, STALINGRAD (QUAI DE;;;;920
34600;201500038409;15;12;19;1440;1;2;1;1;6;40;4, ARISTIDE BRIAND;;;;920
34601;201500038410;15;12;21;1610;1;2;1;1;7;40;XX, GALLIENI (BOULEVARD);;;;920
34602;201500038411;15;12;22;1110;1;2;1;1;6;40;76-80, RODIN (BOULEVARD);;;;920
34603;201500038412;15;12;10;1715;2;2;1;1;3;40;155, JEAN JACQUES ROUSSE;;;;920
34604;201500038413;15;2;26;830;1;2;3;2;6;40;43, GOUVERNEUR GAL EBOUE;;;;920
34605;201500038414;15;3;3;855;1;2;1;1;5;40;PONT D ISSY;;;;920
34606;201500038415;15;3;18;1850;1;2;1;1;7;40;251, STALINGRAD (QUAI DE;;;;920