;Num_Acc;an;mois;jour;hrmn;lum;agg;int;atm;col;com;adr;gps;lat;long;dep
34607;201500038416;15;1;3;2025;5;2;2;2;3;40;-, ERNEST RENAN;;;;920
34608;201500038417;15;1;8;2010;5;2;1;2;3;40;178, STALINGRAD (QUAI DE;;;;920
34609;201500038418;15;3;20;2330;5;2;2;1;3;40;PAIX (AVENUE DE LA);;;;920
34610;201500038419;15;1;8;945;1;2;1;1;3;40;105, VERDUN (AVENUE DE);;;;920
34611;201500038420;15;1;9;1600;1;2;3;1;2;40;FRERES VOISIN (BOULEVARD;;;;920
34612;201500038421;15;1;11;1745;1;2;1;8;3;40;92, RODIN (BOULEVARD);;;;920
34613;201500038422;15;1;12;1500;1;2;3;1;6;40;HORACE VERNET;;;;920
34614;201500038424;15;1;15;1040;1;2;6;1;3;40;VICTOR HUGO (ROND-POINT);;;;920
34615;201500038425;15;1;22;1345;1;2;3;1;3;40;33, GENERAL LECLERC;;;;920
34616;201500038426;15;1;24;1510;1;2;3;8;3;40;MEUDON (DE);;;;920
34617;201500038428;15;4;3;250;5;2;2;1;7;40;STALINGRAD (QUAI DE);;;;920
34618;201500038429;15;4;12;2300;5;2;3;1;3;40;BAS MEUDON (AVENUE DU);;;;920
34619;201500038431;15;2;10;1140;1;2;1;1;3;40;35, GAMBETTA (BOULEVARD);;;;920
34620;201500038433;15;4;22;245;5;2;1;1;7;40;STALINGRAD (QUAI DE);;;;920
34621;201500038434;15;3;2;930;1;2;1;1;2;40;6, DOCTEUR LOMBARD (DU);;;;920
34622;201500038435;15;3;10;940;1;2;2;1;3;40;HORACE VERNET;;;;920
34623;201500038436;15;3;11;930;1;2;2;1;3;40;ROUGET DE L'ISLE;;;;920
34624;201500038437;15;3;11;1000;1;2;1;1;3;40;76, GALLIENI (BOULEVARD);;;;920
34625;201500038438;15;3;17;840;1;2;2;1;6;40;1, LASSERRE;;;;920
34626;201500038440;15;3;20;1330;1;2;1;1;6;40;GUSTAVE EIFFEL (ALLEE);;;;920
34627;201500038441;15;3;23;2130;5;2;2;1;3;40;GENERAL DE GAULLE (AVE D;;;;920
34628;201500038442;15;3;26;1030;1;2;3;1;3;40;6, BOURGAIN (AVENE);;;;920
34629;201500038443;15;4;14;1900;1;2;1;1;3;40;JEAN JACQUES ROUSSEAU;;;;920
34630;201500038444;15;5;21;1400;1;2;2;1;3;40;1, CAMILLE DESMOULINS;;;;920
34631;201500038445;15;5;20;1725;1;2;1;9;2;40;16, AUGUSTE GERVAIS;;;;920
34632;201500038446;15;5;28;2140;5;2;5;1;6;40;xx, RESISTANCE (PLACE DE;;;;920
34633;201500038447;15;5;30;30;5;2;1;1;6;40;XX, STALINGRAD (QUAI DE);;;;920
34634;201500038448;15;6;8;1020;1;2;3;1;2;40;XX, GALLIENI (BOULEVARD);;;;920
34635;201500038450;15;6;9;930;1;2;3;1;3;40;20, ROUGET DE L'ISLE;;;;920
34636;201500038451;15;4;14;1825;1;2;2;1;3;40;xx, LEON BLUM (PLACE);;;;920
34637;201500038452;15;5;17;1930;1;2;1;1;2;40;10, PASTEUR (AVENUE);;;;920
34638;201500038453;15;4;29;1900;1;2;2;1;6;40;GALLIENI (BOULEVARD);;;;920
34639;201500038454;15;4;29;1820;1;2;3;1;6;40;ARISTIDE BRIAND;;;;920
34640;201500038455;15;6;21;755;1;2;1;1;6;40;15, AUGUSTE GERVAIS;;;;920
34641;201500038456;15;6;23;1600;1;2;1;1;6;40;34, GAMBETTA (BOULEVARD);;;;920
34642;201500038457;15;6;29;1345;1;2;1;1;6;40;115, RODIN (BOULEVARD);;;;920
34643;201500038458;15;7;2;1250;1;2;1;1;7;40;XX, ACCES A LA GARE (CHE;;;;920
34644;201500038459;15;5;20;1110;1;2;1;1;7;40;15, AUGUSTE GERVAIS;;;;920
34645;201500038460;15;5;22;1520;1;2;1;1;7;40;GALLIENI (BOULEVARD);;;;920
34646;201500038461;15;6;17;915;1;2;1;1;6;40;04, VAUGIRARD (DE);;;;920
34647;201500038462;15;7;9;1830;1;2;1;1;6;40;52, GALLIENI (BOULEVARD);;;;920
34648;201500038464;15;7;4;2010;2;2;1;1;3;40;59, VICTOR CRESSON (AVEN;;;;920
34649;201500038465;15;7;17;1430;1;2;2;1;6;40;PEUPLIERS/ACACIAS;;;;920
34650;201500038466;15;6;28;2315;5;2;2;1;2;40;22, ERNEST RENAN;;;;920
34651;201500038467;15;7;26;1800;1;2;1;1;3;40;139BIS, RODIN (BOULEVARD;;;;920
34652;201500038468;15;7;30;200;3;2;3;1;3;40;GENERAL DE GAULLE (AVE D;;;;920
34653;201500038469;15;7;29;1745;1;2;2;1;3;40;xx, GALLIENI (BOULEVARD);;;;920
34654;201500038470;15;6;25;1115;1;2;2;1;3;40;MARCEAU;;;;920
34655;201500038471;15;7;30;515;5;2;1;1;6;40;KLEBER;;;;920
34656;201500038472;15;8;2;1230;1;2;1;1;3;40;150, VERDUN (AVENUE DE);;;;920
34657;201500038473;15;8;1;1503;1;2;1;1;6;40;62, GENERAL LECLERC (DU);;;;920
34658;201500038474;15;8;14;2115;5;2;1;2;7;40;38, GARIBALDI (BOULEVARD;;;;920
34659;201500038475;15;8;15;2340;5;2;1;1;6;40;13, ROUGET DE L'ISLE;;;;920
34660;201500038476;15;8;20;1830;1;2;1;1;2;40;16 R GUYNEMER;;;;920
34661;201500038477;15;7;4;1920;1;2;1;1;3;40;67, GALLIENI (BOULEVARD);;;;920
34662;201500038478;15;8;30;535;5;2;1;1;6;40;PDT ROOSEVELT (QUAI DU);;;;920
34663;201500038479;15;8;28;10;5;2;1;8;6;40;27, GAMBETTA (BOULEVARD);;;;920
34664;201500038480;15;9;4;1250;1;2;5;1;2;40;xx, GALLIENI (BOULEVARD);;;;920
34665;201500038482;15;9;10;1100;1;2;1;1;3;40;68 AV DE LA PAIX;;;;920
34666;201500038483;15;9;21;2015;5;2;1;1;6;40;34, GUYNEMER;;;;920
34667;201500038484;15;9;24;1330;1;2;2;1;3;40;VAUDETARD;;;;920
34668;201500038485;15;8;31;915;1;2;1;1;3;40;70, GALLIENI (BOULEVARD);;;;920
34669;201500038486;15;9;25;1450;1;2;3;1;3;40;143, VERDUN (AVENUE DE);;;;920
34670;201500038487;15;9;22;637;5;2;5;1;7;40;XX, AUGUSTE GERVAIS;;;;920
34671;201500038488;15;9;15;910;1;2;1;1;7;40;127, RODIN (BOULEVARD);;;;920
34672;201500038489;15;10;14;1315;1;2;1;1;6;40;47, STALINGRAD (QUAI DE);;;;920
34673;201500038490;15;10;26;1010;1;2;2;1;3;40;GALLIENI (BOULEVARD);;;;920
34674;201500038491;15;9;11;840;1;2;1;1;2;40;22/24, RUE DU PASSEUR DE;;;;920
34675;201500038492;15;9;29;1900;1;2;3;1;6;40;100, GALLIENI (BOULEVARD;;;;920
34676;201500038493;15;11;9;1350;1;2;1;1;6;40;xx, GENERAL LECLERC;;;;920
34677;201500038495;15;10;14;1145;1;2;2;1;6;40;GOUVERNEUR GAL EBOUE DU;;;;920
34678;201500038496;15;11;24;1500;1;2;1;2;5;40;14, PASTEUR (AVENUE);;;;920
34679;201500038497;15;11;28;1215;1;2;1;1;6;40;XX, ABBE GREGOIRE (DE L';;;;920
34680;201500038499;15;10;27;755;1;2;2;1;3;40;73, GENERAL DE GAULLE (A;;;;920
34681;201500038500;15;12;15;1515;1;2;1;1;3;40;32, GENERAL LECLERC (DU);;;;920
34682;201500038501;15;12;15;1900;5;2;1;2;6;40;11, GALLIENI (BOULEVARD);;;;920
34683;201500038502;15;12;16;2050;5;2;2;8;3;40;PAIX (AVENUE DE LA);;;;920
34684;201500038503;15;12;29;1045;1;2;1;1;7;40;15, AUGUSTE GERVAIS;;;;920
34685;201500038504;15;12;30;1350;1;2;1;1;7;40;16, AUGUSTE GERVAIS;;;;920
34686;201500038505;15;11;19;1330;1;2;2;3;2;44;53, MICHELET (QUAI) 32 A;;;;920
34687;201500038506;15;1;13;1850;2;2;2;1;3;44;103, ARISTIDE BRIAND(RUE;;;;920
34688;201500038507;15;1;17;315;5;2;1;1;6;44;32, MICHELET (QUAI) 32 A;;;;920
34689;201500038508;15;1;22;1755;1;2;2;1;6;44;63, LOUIS ROUQUIER(RUE)4;;;;920
34690;201500038509;15;1;23;1135;1;2;2;1;6;44;36, GABRIEL PERI(RUE) 1A;;;;920
34691;201500038510;15;1;27;1915;5;2;1;1;3;44;19, GEO.POMPIDOU(AVE) 1A;;;;920
34692;201500038512;15;1;30;1220;1;2;2;1;6;44;58, P.V.COUTURIER(RUE)65;;;;920
34693;201500038513;15;2;6;1550;1;2;2;1;6;44;17, J. GUESDES(RUE)103A1;;;;920
34694;201500038514;15;2;7;1000;1;2;2;1;3;44;80, BAUDIN (RUE) 27A83 E;;;;920
34695;201500038515;15;2;9;1250;1;2;1;1;3;44;54, RASPAIL(RUE) 41A65 E;;;;920
34696;201500038516;15;2;12;1005;1;2;1;1;6;44;78, J. GUESDE(RUE)59A69;;;;920
34697;201500038517;15;2;28;240;5;2;2;1;7;44;23, PDT WILSON(RUE)23A49;;;;920
34698;201500038518;15;2;23;1820;5;2;1;1;7;44;51, PDT WILSON(RUE)51A75;;;;920
34699;201500038519;15;3;16;1735;1;2;1;1;3;44;166, VIC. HUGO(RUE)115A1;;;;920
34700;201500038520;15;3;18;1605;1;2;2;1;6;44;46, BAUDIN (RUE) 27A83 E;;;;920
34701;201500038521;15;3;21;1455;1;2;2;1;6;44;24, DEGUINGAND(RUE);;;;920
34702;201500038522;15;3;23;1655;1;2;2;1;3;44;48, LOUIS ROUQUIER(RUE);;;;920
34703;201500038523;15;3;26;2120;1;2;1;1;3;44;32, MICHELET (QUAI) 32 A;;;;920
34704;201500038524;15;3;27;1015;1;2;1;1;6;44;141, ANA.FRANCE(RUE) 141;;;;920
34705;201500038525;15;3;31;1720;1;2;2;1;6;44;2, PDT WILSON(RUE) 2A24;;;;920
34706;201500038526;15;4;1;1020;1;2;3;1;7;44;41, RIVAY(RUE)41A71 ET38;;;;920
34707;201500038527;15;4;1;2130;2;2;2;1;3;44;62, PDT WILSON(RUE)51A75;;;;920
34708;201500038528;15;4;11;855;1;2;2;1;3;44;30, BAUDIN (RUE) 27A83 E;;;;920
34709;201500038529;15;4;14;1820;1;2;3;1;5;44;42, JACQUES IBERT(RUE)26;;;;920
34710;201500038531;15;4;18;1000;1;2;1;1;3;44;77, ANA.FRANCE(RUE)77A13;;;;920
34711;201500038533;15;4;22;1920;2;2;2;1;6;44;62, BAUDIN (RUE) 27A83 E;;;;920
34712;201500038534;15;4;28;2345;5;2;2;1;3;44;51, GABRIEL PERI(RUE) 51;;;;920
34713;201500038535;15;5;13;920;1;2;2;1;2;44;23, PDT WILSON(RUE) 2A24;;;;920
34714;201500038536;15;4;6;2040;1;2;2;1;7;44;146, VIC. HUGO(RUE)115A1;;;;920
34715;201500038537;15;5;19;910;1;2;1;1;7;44;1, RIVAY(RUE)1A23 ET 2A2;;;;920
34716;201500038538;15;5;20;950;1;2;2;1;6;44;19, ANTONIN RAYNAUD(RUE);;;;920
34717;201500038539;15;5;21;1445;1;2;2;1;6;44;141, J. GUESDERUE)141A15;;;;920
34718;201500038540;15;6;2;1400;1;2;2;1;6;44;71, J. GUESDE(RUE)59A69;;;;920
34719;201500038541;15;6;2;1630;1;2;2;1;3;44;57, JEAN JAURES(RUE) 57A;;;;920
34720;201500038542;15;6;3;1200;1;2;2;1;6;44;22, RIVAY(RUE)1A23 ET 2A;;;;920
34721;201500038543;15;6;3;1400;1;2;2;1;2;44;51, VILLIERS(RUE DE)  2A;;;;920
34722;201500038544;15;6;4;1720;1;2;1;1;6;44;49, MICHELET (QUAI) 32 A;;;;920
34723;201500038545;15;6;8;1205;1;1;2;1;3;44;48, RIVAY(RUE)41A71 ET38;;;;920
34724;201500038546;15;6;9;1545;1;2;3;1;3;44;47, LOUIS ROUQUIER(RUE)4;;;;920
34725;201500038547;15;6;12;1140;1;2;2;1;6;44;38, BAUDIN (RUE) 27A83 E;;;;920
34726;201500038548;15;6;13;2300;5;2;1;1;7;44;31, ALSACE (RUE) N°19 +;;;;920
34727;201500038549;15;6;16;1900;1;2;1;1;3;44;58, MICHELET (QUAI) 58 A;;;;920
34728;201500038550;15;6;17;950;1;2;1;1;2;44;114, VIC. HUGO(RUE)091A1;;;;920
34729;201500038551;15;6;17;2100;1;2;2;1;3;44;143, VIC. HUGO(RUE)091A1;;;;920
34730;201500038552;15;5;5;1200;1;2;1;1;2;44;VIC. HUGO(RUE)115A149 ET;;;;920
34731;201500038553;15;6;25;1520;1;2;2;1;6;44;62, LOUISE MICHEL(RUE) 4;;;;920
34732;201500038555;15;6;29;1350;1;2;2;1;6;44;113, P.V.COUTURIER(RUE)8;;;;920
34733;201500038556;15;7;7;1335;1;2;1;1;6;44;54, VOLTAIRE(RUE)53A81 E;;;;920
34734;201500038557;15;7;14;38;5;2;2;1;6;44;21, MICHELET(QUAI) 2 A 3;;;;920
34735;201500038558;15;7;17;1120;1;2;2;1;6;44;164, VIC. HUGO(RUE)115A1;;;;920
34736;201500038559;15;7;29;915;1;2;2;1;3;44;66, CHAPTAL(RUE) 81+ ET;;;;920
34737;201500038560;15;7;20;1335;1;2;1;1;6;44;113, VIC. HUGO(RUE)091A1;;;;920
34738;201500038561;15;7;30;2355;5;2;1;1;7;44;60, BAUDIN (RUE) 27A83 E;;;;920
34739;201500038562;15;8;10;945;1;2;1;1;6;44;45, VIC. HUGO(RUE)001A06;;;;920
34740;201500038563;15;9;5;2200;1;2;2;1;3;44;35, GABRIEL PERI(RUE) 1A;;;;920
34741;201500038564;15;9;11;1830;1;2;2;2;3;44;40, VOLTAIRE(RUE)1A51 ET;;;;920
34742;201500038565;15;8;10;810;1;2;1;1;6;44;90, MICHELET (QUAI) 58 A;;;;920
34743;201500038567;15;9;21;900;1;2;2;1;3;44;75, DANTON(RUE)75A123 ET;;;;920
34744;201500038568;15;9;26;1920;2;2;1;1;6;44;105, VIC. HUGO(RUE)091A1;;;;920
34745;201500038570;15;9;29;1114;1;2;2;1;6;44;108, PDT WILSON(RUE)107A;;;;920
34746;201500038571;15;9;30;2244;5;2;1;1;6;44;38, PDT WILSON(RUE)23A49;;;;920
34747;201500038572;15;10;12;1400;1;2;1;1;6;44;52, LOUIS ROUQUIER(RUE)4;;;;920
34748;201500038573;15;10;14;40;5;2;1;1;7;44;134, LOUIS ROUQUIER (RUE;;;;920
34749;201500038574;15;10;15;1500;1;2;2;1;3;44;60, P.V.COUTURIER(RUE)81;;;;920
34750;201500038575;15;10;20;1915;5;2;1;1;6;44;77, MICHELET (QUAI) 58 A;;;;920
34751;201500038576;15;10;27;2330;5;2;1;1;6;44;46, GABRIEL PERI(RUE) 25;;;;920
34752;201500038577;15;10;30;1620;1;2;2;2;3;44;52, ARISTIDE BRIAND(RUE);;;;920
34753;201500038578;15;9;8;854;1;2;4;1;1;44;58, P.V.COUTURIER(RUE)65;;;;920
34754;201500038579;15;11;3;800;2;2;2;1;6;44;42, DANTON(RUE) 1A73 ET;;;;920
34755;201500038580;15;11;3;930;1;2;1;1;6;44;HUIT MAI 1945 (PLACE DU);;;;920
34756;201500038582;15;11;5;1820;2;2;1;1;6;44;15, GABRIEL PERI(RUE) 1A;;;;920
34757;201500038583;15;11;6;1200;1;2;2;1;6;44;21, PDT WILSON(RUE) 2A24;;;;920
34758;201500038584;15;11;7;1134;1;2;1;1;6;44;42, PDT WILSON(RUE)23A49;;;;920
34759;201500038585;15;11;22;200;5;2;2;1;6;44;02, ANA. FRANCE(RUE)1A75;;;;920
34760;201500038586;15;11;23;2030;5;2;2;1;3;44;148, VIC. HUGO(RUE)115A1;;;;920
34761;201500038587;15;11;24;1430;1;2;1;1;2;44;120, VILLIERS(RUE DE)  8;;;;920
34762;201500038588;15;11;25;1925;2;2;2;2;3;44;111, RIVAY(RUE)97A107 ET;;;;920
34763;201500038589;15;11;27;1555;1;2;1;1;3;44;106, VIC. HUGO(RUE)077A0;;;;920
34764;201500038590;15;11;27;2050;5;2;1;2;1;44;5, THIERRY LE LURON(RUE);;;;920
34765;201500038591;15;12;4;150;5;2;2;1;6;44;50, LOUIS ROUQUIER(RUE)4;;;;920
34766;201500038592;15;12;23;845;1;2;1;2;7;44;58, MICHELET (QUAI) 58 A;;;;920
34767;201500038593;15;12;16;1020;1;2;2;1;6;44;23, GEO.POMPIDOU(AVE) 21;;;;920
34768;201500038595;15;12;19;600;5;2;2;1;1;44;58, MARJOLIN (RUE)47A59;;;;920
34769;201500038596;15;12;22;1015;1;2;1;1;6;44;4, KLEBER (RUE);;;;920
34770;201500038597;15;12;10;1935;5;2;2;1;6;44;40, VOLTAIRE(RUE)1A51 ET;;;;920
34771;201500038598;15;4;5;920;1;2;7;1;6;48;02, PARIS (RUE DE) N? 2;;;;920
34772;201500038599;15;9;21;815;1;2;3;1;6;48;., MAL DE LATTRE DE TASS;;;;920
34773;201500038600;15;9;24;45;5;2;1;1;6;48;08, TRIVAUX (AVENUE DE);;;;920
34774;201500038601;15;11;10;1945;5;2;3;1;3;48;., GENERAL DE GAULLE (AV;;;;920
34775;201500038602;15;1;25;2200;5;2;2;1;3;48;PEPINIERE/PEPINIERE;;;;920
34776;201500038603;15;11;17;1250;1;2;3;1;7;48;3, VILLACOUBLAY (AVENUE;;;;920
34777;201500038604;15;3;30;1830;5;2;1;2;3;48;24, NATIONS UNIES (BOULE;;;;920
34778;201500038605;15;3;11;2320;5;2;2;1;6;48;04, LOUVOIS (AVENUE);;;;920
34779;201500038606;15;3;10;1400;1;2;6;1;3;48;., GENERAL DE GAULLE (AV;;;;920
34780;201500038607;15;3;17;855;1;2;1;1;6;48;;;;;920
34781;201500038608;15;3;31;2050;5;1;6;1;3;48;TRIVAUX (AVENUE DE) N? 9;;;;920
34782;201500038610;15;4;15;1755;1;2;1;1;3;48;01, VERTUGADINS (RUE DES;;;;920
34783;201500038611;15;4;3;1400;1;2;2;2;3;48;., MARECHAL JUIN (AVENUE;;;;920
34784;201500038612;15;5;4;1150;1;2;2;1;6;48;., RABELAIS (RUE);;;;920
34785;201500038614;15;6;10;935;1;2;2;1;1;48;., GENERAL GALLIENI (AVE;;;;920
34786;201500038615;15;6;16;1655;1;2;2;1;3;48;., COLONEL MORAINE (ROUT;;;;920
34787;201500038616;15;6;18;1635;1;2;1;1;6;48;55, GARDES (ROUTE DES) N;;;;920
34788;201500038617;15;6;18;1635;1;2;1;1;6;48;02, ROBERT SCHUMAN (AVEN;;;;920
34789;201500038618;15;6;22;1645;1;2;1;1;3;48;13, MAL DE LATTRE DE TAS;;;;920
34790;201500038619;15;6;30;710;1;2;3;1;1;48;03, GENERAL DE GAULLE (A;;;;920
34791;201500038620;15;7;12;1510;1;2;1;1;1;48;32, MAL DE LATTRE DE TAS;;;;920
34792;201500038621;15;7;16;734;2;2;7;1;6;48;., CHATEAU (AVENUE DU) N;;;;920
34793;201500038622;15;7;17;1540;1;2;3;1;6;48;51, GENERAL DE GAULLE (A;;;;920
34794;201500038623;15;8;21;1400;1;2;3;1;6;48;., GENERAL DE GAULLE (AV;;;;920
34795;201500038624;15;7;17;1900;1;2;3;1;2;48;., TRONCHET (CARREFOUR D;;;;920
34796;201500038625;15;9;15;1838;1;2;3;1;3;48;151, VERDUN (AVENUE DE);;;;920
34797;201500038626;15;9;22;1249;1;2;3;2;6;48;., GALONS (RUE DES);;;;920
34798;201500038627;15;9;30;1630;1;2;7;1;2;48;., NATIONS UNIES (BOULEV;;;;920
34799;201500038628;15;9;30;1520;1;2;1;1;6;48;., CAPUCINS (RUE DES) N°;;;;920
34800;201500038629;15;10;6;1155;1;2;1;1;6;48;20, ABEL VACHER (RUE);;;;920
34801;201500038630;15;10;6;1015;1;2;2;1;6;48;., GARDES (ROUTE DES) N°;;;;920
34802;201500038631;15;10;9;1015;1;2;2;1;6;48;., TERRE NEUVE (RUE);;;;920
34803;201500038632;15;10;15;1610;1;2;1;1;6;48;29, ALEMBERT (RUE D');;;;920
34804;201500038633;15;10;17;1515;1;2;1;1;6;48;51, GARDES (ROUTE DES) N;;;;920
34805;201500038634;15;10;21;2110;5;2;1;1;6;48;15, HENRI SAVIGNAC (RUE);;;;920
34806;201500038635;15;9;25;1510;1;2;2;1;7;48;01 bis, REPUBLIQUE (RUE;;;;920
34807;201500038636;15;10;22;2040;5;2;3;2;6;48;15, PAUL DEMANGE (RUE);;;;920
34808;201500038637;15;10;20;850;1;2;3;1;7;48;71, ANDRE SCHOCK;;;;920
34809;201500038638;15;10;27;1120;1;2;1;1;2;48;45bis, GARDES (ROUTE DES;;;;920
34810;201500038639;15;11;4;1225;1;2;3;1;6;48;02, ALBERT DE MUN (RUE);;;;920
34811;201500038640;15;11;5;1800;5;2;3;1;6;48;37, GENERAL GALLIENI (AV;;;;920
34812;201500038641;15;11;10;1100;1;2;3;2;3;48;., GENERAL DE GAULLE (AV;;;;920
34813;201500038642;15;11;23;1610;1;2;2;1;3;48;., PORTO RICHE (RUE);;;;920
34814;201500038643;15;11;25;2027;5;2;2;1;7;48;., REPUBLIQUE (RUE DE LA;;;;920
34815;201500038644;15;11;27;1800;1;2;1;1;6;48;24, BANES (RUE) N° 2 A 1;;;;920
34816;201500038645;15;12;2;1710;5;2;3;1;6;48;18, MAIL (ALLEE DU);;;;920
34817;201500038646;15;12;22;2100;5;2;2;1;3;48;., BANES (RUE) N° 2 A 10;;;;920
34818;201500038647;15;12;28;1805;5;2;1;1;7;48;., TRIVAUX (AVENUE DE) N;;;;920
34819;201500038648;15;1;2;1600;1;2;1;1;2;49;128, ARNOUX AVENUE MAURI;;;;920
34820;201500038649;15;1;12;745;2;2;1;1;1;20;121, VERDUN AVENUE DE AU;;;;920
34821;201500038651;15;1;23;1435;1;2;2;1;3;20;144, PARIS AVENUE DE N?8;;;;920
34822;201500038652;15;1;29;1030;1;2;1;2;7;20;200, PARIS AVENUE DE N?8;;;;920
34823;201500038653;15;2;2;1820;5;2;1;8;3;49;106, DORMOY AVENUE MARX;;;;920
34824;201500038655;15;2;12;1030;1;2;1;1;7;20;, BROSSOLETTE RUE PIERRE;;;;920
34825;201500038656;15;2;14;1830;2;2;1;1;6;20;98, PARIS AVENUE DE N?84;;;;920
34826;201500038657;15;2;15;1519;1;2;5;1;3;49;;;;;920
34827;201500038659;15;2;20;1445;1;2;1;1;2;20;8 MAI 45 CARREFOUR DU;;;;920
34828;201500038660;15;2;24;120;5;2;3;1;3;20;PARIS AVENUE DE N? IMPAI;;;;920
34829;201500038661;15;2;25;1230;1;2;3;2;6;20;FAURE BLD FELIX N?1 A 35;;;;920
34830;201500038662;15;2;28;1210;1;2;3;1;7;49;PERIER RUE N?1 A 33 ET 2;;;;920
34831;201500038663;15;3;2;1050;1;2;1;1;6;49;172, DORMOY AVENUE MARX;;;;920
34832;201500038664;15;3;6;2230;5;2;2;1;6;20;PARIS AVENUE DE N? IMPAI;;;;920
34833;201500038665;15;2;15;105;5;2;1;9;7;49;70, BRIAND AVENUE ARISTI;;;;920
34834;201500038666;15;3;10;1750;1;2;1;1;6;20;77, VERDUN AVENUE DE AUT;;;;920
34835;201500038667;15;3;12;900;1;2;1;1;7;20;71, VERDUN AVENUE DE AUT;;;;920
34836;201500038669;15;3;19;1355;1;2;3;1;3;49;42, VERDIER AVENUE AUTRE;;;;920
34837;201500038670;15;3;31;1715;1;2;2;6;3;49;13, MARNE AVENUE DE LA;;;;920
34838;201500038671;15;4;1;945;1;2;1;1;6;49;43, REPUBLIQUE AVENUE DE;;;;920
34839;201500038672;15;4;1;1910;1;2;3;1;2;20;VERDUN AVENUE DE AUTRES;;;;920
34840;201500038673;15;4;3;850;1;2;1;2;6;49;PERI RUE GABRIEL AUTRES;;;;920
34841;201500038674;15;4;3;915;1;2;2;2;3;20;PARIS AVENUE DE N? IMPAI;;;;920
34842;201500038676;15;4;9;1430;1;2;1;1;6;20;1, PARIS AVENUE DE N? IM;;;;920
34843;201500038677;15;4;10;905;1;2;1;1;6;20;43, BROSSOLETTE RUE PIER;;;;920
34844;201500038678;15;4;11;650;2;2;1;1;6;49;153, BROSSOLETTE AVENUE;;;;920
34845;201500038679;15;4;11;2000;1;2;1;1;6;49;11, BARBES RUE;;;;920
34846;201500038680;15;4;13;1420;1;2;3;1;5;20;15, PARIS AVENUE DE N? I;;;;920
34847;201500038683;15;4;17;210;5;2;3;1;6;20;BROSSOLETTE RUE PIERRE A;;;;920
34848;201500038684;15;4;19;1350;1;2;2;1;3;20;VERDUN AVENUE DE AUTRES;;;;920
34849;201500038685;15;4;20;1845;1;2;4;1;6;49;BROSSOLETTE AVENUE PIERR;;;;920
34850;201500038686;15;4;23;1810;1;2;1;1;6;20;188, PARIS AVENUE DE N°8;;;;920
34851;201500038687;15;4;30;2150;2;2;4;2;3;20;PARIS AVENUE DE N° IMPAI;;;;920
34852;201500038688;15;5;10;1905;1;2;2;1;3;20;LASSEGUE RUE N° IMPAIRS;;;;920
34853;201500038689;15;5;7;1230;1;2;2;1;3;49;DORMOY AVENUE MARX N°2 A;;;;920
34854;201500038690;15;5;20;1900;1;2;1;1;6;49;56, PERI RUE GABRIEL N°3;;;;920
34855;201500038691;15;5;26;1832;1;2;1;1;7;49;23, REPUBLIQUE AVENUE DE;;;;920
34856;201500038692;15;5;30;1920;1;2;2;1;6;49;11 bis, VERDIER AVENUE N;;;;920
34857;201500038693;15;6;2;850;1;2;3;1;3;49;BROSSOLETTE AVENUE PIERR;;;;920
34858;201500038694;15;6;4;2230;5;2;2;1;3;49;PERI RUE GABRIEL N°38 A;;;;920
34859;201500038695;15;6;6;20;5;2;2;1;3;49;BARBES RUE;;;;920
34860;201500038696;15;6;10;1300;1;2;3;1;1;20;13, PARIS AVENUE DE N° I;;;;920
34861;201500038697;15;6;10;1805;1;2;1;1;7;20;PERROTIN RUE;;;;920
34862;201500038698;15;6;14;220;5;2;1;1;3;49;32, ARNOUX AVENUE MAURIC;;;;920
34863;201500038699;15;6;19;1820;1;2;1;1;2;20;95, REPUBLIQUE AV. AUTRE;;;;920
34864;201500038700;15;6;19;2205;2;2;1;1;3;20;99, PARIS AVENUE DE N°84;;;;920
34865;201500038701;15;6;28;1207;1;2;2;1;5;20;LIBERTE BOULEVARD DE LA;;;;920
34866;201500038702;15;6;30;805;1;2;3;1;6;49;PERI RUE GABRIEL AUTRES;;;;920
34867;201500038703;15;7;3;10;5;2;3;1;3;49;43, REPUBLIQUE AVENUE DE;;;;920
34868;201500038704;15;7;7;1810;1;2;1;1;6;20;69, PARIS AVENUE DE N°2;;;;920
34869;201500038705;15;7;9;905;1;2;1;1;3;49;112, REPUBLIQUE AVENUE D;;;;920
34870;201500038706;15;7;9;830;1;2;3;1;3;49;BROSSOLETTE AVENUE PIERR;;;;920
34871;201500038707;15;7;9;1900;1;2;2;1;2;49;BARBES RUE;;;;920
34872;201500038708;15;7;9;1905;1;2;3;1;7;49;BROSSOLETTE AVENUE PIERR;;;;920
34873;201500038709;15;7;10;1003;1;2;3;1;2;20;VERDUN AVENUE DE AUTRES;;;;920
34874;201500038710;15;7;13;1835;1;2;1;1;6;49;200, DORMOY AVENUE MARX;;;;920
34875;201500038711;15;7;16;2340;5;2;3;1;3;49;BARBES RUE;;;;920
34876;201500038712;15;7;22;944;1;2;1;1;7;20;29, DIVISION LECLERC AVE;;;;920
34877;201500038713;15;7;28;1930;1;2;1;1;6;20;74, PARIS AVENUE DE N°2;;;;920
34878;201500038714;15;8;3;1350;1;2;2;1;3;49;PERI RUE GABRIEL AUTRES;;;;920
34879;201500038715;15;8;4;1055;1;2;2;1;6;49;REPUBLIQUE AVENUE DE LA;;;;920
34880;201500038716;15;8;7;1750;1;2;1;1;6;20;44, PARIS AVENUE DE N°2;;;;920
34881;201500038717;15;8;13;2205;5;2;1;2;3;20;21, REPUBLIQUE AV. N°1 A;;;;920
34882;201500038718;15;8;14;1535;1;2;3;1;3;49;BROSSOLETTE AVENUE PIERR;;;;920
34883;201500038719;15;8;16;1740;1;2;1;1;6;49;132, BRIAND AVENUE ARIST;;;;920
34884;201500038720;15;8;17;1540;1;2;3;8;2;20;PARIS AVENUE DE N° IMPAI;;;;920
34885;201500038721;15;8;20;1232;1;2;3;2;3;49;BRIAND AVENUE ARISTIDE A;;;;920
34886;201500038722;15;8;21;1145;1;2;1;1;3;49;17, HUGO RUE VICTOR N°1;;;;920
34887;201500038723;15;8;24;1350;1;2;1;3;6;20;03, ESTIENNE D'ORVES RUE;;;;920
34888;201500038724;15;8;26;1144;1;2;3;1;2;20;89, BROSSOLETTE RUE PIER;;;;920
34889;201500038725;15;9;3;1300;1;2;1;1;2;20;76, BERTHELOT AVENUE MAR;;;;920