;Num_Acc;an;mois;jour;hrmn;lum;agg;int;atm;col;com;adr;gps;lat;long;dep
34890;201500038726;15;9;10;1715;1;2;3;1;3;49;DORMOY AVENUE MARX N°2 A;;;;920
34891;201500038728;15;9;11;800;1;2;3;1;3;49;DORMOY AVENUE MARX N°2 A;;;;920
34892;201500038729;15;9;11;2330;5;2;1;1;1;20;VERDUN AVENUE DE AUTRES;;;;920
34893;201500038731;15;9;13;1400;1;2;2;2;3;20;SAMPAIX RUE LUCIEN;;;;920
34894;201500038735;15;9;26;1235;1;2;1;1;6;20;11, PARIS AVENUE DE N° I;;;;920
34895;201500038736;15;9;30;1415;1;2;1;1;6;20;11, PARIS AVENUE DE N° I;;;;920
34896;201500038737;15;10;5;1350;1;2;3;3;6;49;85, BROSSOLETTE AVENUE P;;;;920
34897;201500038738;15;10;5;1430;1;2;1;3;6;49;10, BARTHELEMY RUE RENE;;;;920
34898;201500038739;15;10;8;840;1;2;1;1;7;20;VERDUN AVENUE DE AUTRES;;;;920
34899;201500038740;15;10;9;145;5;2;2;1;3;49;ARNOUX AVENUE MAURICE AU;;;;920
34900;201500038741;15;10;10;10;5;2;3;1;3;20;VERDUN AVENUE DE AUTRES;;;;920
34901;201500038742;15;10;11;1810;1;2;1;1;6;49;3, PERI RUE GABRIEL N°1;;;;920
34902;201500038744;15;10;19;1230;1;2;3;1;6;20;FAURE BLD FELIX N°1 A 35;;;;920
34903;201500038746;15;10;25;1145;1;2;3;1;6;49;48, REPUBLIQUE AVENUE DE;;;;920
34904;201500038747;15;10;27;850;1;2;2;1;6;49;51, BRIAND AVENUE ARISTI;;;;920
34905;201500038748;15;10;30;2350;5;2;3;1;2;49;38, BRIAND AVENUE ARISTI;;;;920
34906;201500038749;15;11;2;1230;1;2;3;1;3;20;PARIS AVENUE DE N° IMPAI;;;;920
34907;201500038750;15;11;3;1815;5;2;6;1;3;49;02, JAURES PLACE JEAN;;;;920
34908;201500038751;15;11;5;1545;1;2;1;1;6;20;40, FAURE BLD FELIX N°40;;;;920
34909;201500038752;15;11;11;1600;1;2;1;1;6;20;122, VERDUN AVENUE DE AU;;;;920
34910;201500038753;15;11;18;1301;1;2;2;1;3;49;94, PERI RUE GABRIEL AUT;;;;920
34911;201500038754;15;11;19;1125;1;2;2;2;3;49;BROSSOLETTE AVENUE PIERR;;;;920
34912;201500038755;15;11;19;1200;1;2;2;2;6;49;VERDIER AVENUE AUTRES N°;;;;920
34913;201500038756;15;11;19;1650;2;2;3;2;7;20;6, MERMOZ RUE JEAN;;;;920
34914;201500038757;15;11;20;1845;2;2;1;2;6;49;47, VERDIER AVENUE N°25;;;;920
34915;201500038759;15;11;29;610;2;2;1;1;6;49;74, ARNOUX AVENUE MAURIC;;;;920
34916;201500038760;15;12;1;845;1;2;1;1;7;20;13, KLEBER TUE;;;;920
34917;201500038761;15;12;2;845;1;2;1;1;7;20;03, STALINGRAD BOULEVARD;;;;920
34918;201500038762;15;12;2;1230;1;2;1;1;6;49;40, PERI RUE GABRIEL N°3;;;;920
34919;201500038763;15;12;3;1808;5;2;2;1;3;20;ESTIENNE D'ORVES RUE D';;;;920
34920;201500038764;15;12;5;315;5;2;1;1;6;20;35, BERTHELOT AVENUE MAR;;;;920
34921;201500038765;15;12;9;900;1;2;1;1;3;49;93, REPUBLIQUE AVENUE DE;;;;920
34922;201500038766;15;12;10;1220;1;2;2;8;2;49;FORT AVENUE DU;;;;920
34923;201500038767;15;12;17;2150;5;2;1;1;6;49;57, BROSSOLETTE AVENUE P;;;;920
34924;201500038768;15;12;18;2010;5;2;3;1;5;20;VERDUN AVENUE DE AUTRES;;;;920
34925;201500038769;15;12;21;1805;5;2;1;1;3;49;95, PERI RUE GABRIEL N°3;;;;920
34926;201500038770;15;12;26;1920;5;2;2;1;2;49;PERI RUE GABRIEL AUTRES;;;;920
34927;201500038771;15;12;28;1840;5;2;1;1;6;49;JAURES AVENUE JEAN N°53;;;;920
34928;201500038772;15;12;29;1900;5;2;1;1;3;20;35, BROSSOLETTE RUE PIER;;;;920
34929;201500038773;15;12;30;1710;2;2;7;1;6;49;32, JAURES AV. JEAN N°1;;;;920
34930;201500038774;15;12;31;950;1;2;1;1;7;49;133, ARNOUX AVENUE MAURI;;;;920
34931;201500038775;15;12;31;2355;5;2;2;1;3;20;PERI RUE GABRIEL;;;;920
34932;201500038776;15;1;6;1540;1;1;1;1;3;50;BOULE PLACE DE LA;;;;920
34933;201500038777;15;1;7;715;5;2;1;5;7;50;VAILLANT COUTURIER PAUL;;;;920
34934;201500038778;15;1;8;730;5;2;1;2;6;50;PREMIER MAI RUE DU;;;;920
34935;201500038779;15;1;8;1255;1;2;1;9;3;50;PEUPLIERS RUE DES;;;;920
34936;201500038780;15;1;10;1050;1;2;1;9;6;50;LENINE VLADIMIR ILITCH A;;;;920
34937;201500038781;15;1;11;1235;1;2;1;1;3;50;VAILLANT COUTURIER PAUL;;;;920
34938;201500038783;15;1;19;1005;1;2;1;2;6;50;167, JOILIOT CURIE F. ET;;;;920
34939;201500038784;15;1;23;900;1;2;1;1;3;50;PICASSO PABLO AVENUE;;;;920
34940;201500038785;15;1;7;840;1;2;1;5;6;50;NEANT, DEQUEANT ALFRED R;;;;920
34941;201500038786;15;1;28;2005;5;2;1;2;6;50;LENS RUE DE;;;;920
34942;201500038787;15;1;29;2055;5;2;1;9;3;50;GUILLERAIES AVENUE DES;;;;920
34943;201500038788;15;1;8;1205;1;2;1;2;3;50;403, REPUBLIQUE AVENUE D;;;;920
34944;201500038790;15;2;6;1450;1;2;3;8;3;50;DEFENSE BOULEVARD DE LA;;;;920
34945;201500038791;15;2;20;1445;1;2;1;2;6;50;MARGUERITES AVENUE DES;;;;920
34946;201500038792;15;2;19;1625;1;2;1;9;2;50;132, FONTANOT RUE DES TR;;;;920
34947;201500038793;15;2;24;1715;1;2;2;1;1;50;VAILLANT COUTURIER PAUL;;;;920
34948;201500038794;15;3;4;1920;5;2;1;9;3;50;86, SURESNES RUE DE;;;;920
34949;201500038795;15;3;4;2100;5;2;1;1;6;50;VAILLANT COUTURIER PAUL;;;;920
34950;201500038796;15;3;9;1740;1;2;1;1;3;50;GUILLERAIES AVENUE DES;;;;920
34951;201500038797;15;3;13;500;5;2;1;9;3;50;CLEMENCEAU GEORGES AVENU;;;;920
34952;201500038798;15;3;15;1420;1;2;1;8;7;50;0000000000, FRACHON BENO;;;;920
34953;201500038799;15;3;25;830;1;2;1;2;3;50;108, CLEMENCEAU GEORGES;;;;920
34954;201500038800;15;3;30;2055;2;2;1;1;6;50;NEANT, THOREZ MAURICE RU;;;;920
34955;201500038801;15;4;2;1620;1;2;1;2;7;50;5, GAMBETTA RUE;;;;920
34956;201500038802;15;3;29;1940;5;2;1;2;4;50;HAVRE BOULEVARD DU;;;;920
34957;201500038803;15;4;5;1925;1;1;2;1;3;50;DIDEROT RUE;;;;920
34958;201500038804;15;4;8;825;1;2;2;1;6;50;ARAGO FRANCOIS AVENUE;;;;920
34959;201500038805;15;4;3;2100;5;2;2;2;1;50;HAVRE BOULEVARD DU;;;;920
34960;201500038806;15;4;14;2125;2;2;3;1;6;50;DEFENSE BOULEVARD DE LA;;;;920
34961;201500038807;15;4;13;1425;1;2;1;1;1;50;LECLERC GENERAL AVENUE D;;;;920
34962;201500038808;15;4;14;910;1;2;1;1;2;50;100, LENINE VLADIMIR ILI;;;;920
34963;201500038809;15;4;15;1900;1;2;1;1;3;50;136, GARCHES RUE DE;;;;920
34964;201500038810;15;4;13;1840;1;2;1;9;6;50;115, PICASSO PABLO AVENU;;;;920
34965;201500038812;15;4;16;845;1;2;1;1;3;50;JOLIOT CURIE F. ET IRENE;;;;920
34966;201500038814;15;4;21;945;1;2;1;1;6;50;RD 914;;;;920
34967;201500038815;15;4;23;1245;1;2;1;7;3;50;CLEMENCEAU GEORGES AVENU;;;;920
34968;201500038818;15;4;29;745;1;2;1;7;3;50;HAVRE BOULEVARD DU;;;;920
34969;201500038820;15;4;30;1125;1;2;1;2;2;50;72, CLEMENCEAU GEORGES A;;;;920
34970;201500038821;15;4;30;2145;3;1;1;2;1;50;3, BARBUSSE HENRI RUE;;;;920
34971;201500038822;15;5;13;1445;1;2;2;1;2;50;REPUBLIQUE AVENUE DE LA;;;;920
34972;201500038823;15;5;18;1705;1;2;3;9;3;50;neant, PONS NOEL RUE;;;;920
34973;201500038824;15;5;21;1250;1;2;1;9;6;50;37, LIBERTE AVENUE DE LA;;;;920
34974;201500038825;15;5;26;705;1;2;1;9;6;50;PLACE NELSON MANDELA;;;;920
34975;201500038826;15;5;22;1240;1;2;1;7;2;50;néant, ARAGO FRANCOIS AV;;;;920
34976;201500038827;15;5;25;1650;1;1;1;1;6;50;NEANT, REPUBLIQUE AVENUE;;;;920
34977;201500038828;15;5;29;1145;1;2;1;9;7;50;neant, RD 914;;;;920
34978;201500038829;15;5;29;1940;1;2;1;8;6;50;NEANT, CHATOU ROUTE DE;;;;920
34979;201500038831;15;6;2;1045;1;2;1;1;6;50;178, CLEMENCEAU GEORGES;;;;920
34980;201500038832;15;6;3;1210;1;2;6;8;6;50;SOUFFLOT J-GERMAIN BOULE;;;;920
34981;201500038834;15;6;8;1520;1;2;1;9;2;50;PEUPLIERS RUE DES;;;;920
34982;201500038835;15;6;9;1700;1;2;1;1;6;50;JOFFRE MARECHAL AVENUE D;;;;920
34983;201500038837;15;6;10;1550;1;2;1;1;2;50;neant, VAILLANT COUTURIE;;;;920
34984;201500038838;15;6;16;2130;1;2;1;1;7;50;354, CLEMENCEAU GEORGES;;;;920
34985;201500038839;15;6;20;2140;1;2;1;1;7;50;58, CLEMENCEAU GEORGES A;;;;920
34986;201500038840;15;6;19;1825;1;2;1;9;3;50;neant, MANDELA NELSON MA;;;;920
34987;201500038841;15;6;21;100;5;2;1;9;2;50;JOILIOT CURIE F. ET IREN;;;;920
34988;201500038842;15;6;22;1440;1;2;1;9;7;50;DEFENSE BOULEVARD DE LA;;;;920
34989;201500038843;15;6;22;1840;1;2;1;2;2;50;JOILIOT CURIE F. ET IREN;;;;920
34990;201500038844;15;6;23;1335;1;2;1;1;6;50;neant, POLITZER GEORGES;;;;920
34991;201500038846;15;6;29;930;1;2;1;7;7;50;CLEMENCEAU GEORGES AVENU;;;;920
34992;201500038847;15;6;24;1915;1;2;2;9;3;50;VAILLANT COUTURIER PAUL;;;;920
34993;201500038848;15;6;30;830;1;2;1;1;7;50;VAILLANT COUTURIER PAUL;;;;920
34994;201500038849;15;7;1;1935;1;2;3;9;3;50;VAILLANT COUTURIER PAUL;;;;920
34995;201500038851;15;7;3;730;1;2;1;1;6;50;15, ZOLA EMILE BOULEVARD;;;;920
34996;201500038852;15;7;6;1520;1;2;1;1;3;50;64, CLEMENCEAU GEORGES A;;;;920
34997;201500038853;15;7;10;2000;1;2;2;1;2;50;REPUBLIQUE AVENUE DE LA;;;;920
34998;201500038854;15;7;15;1550;1;2;3;7;1;50;ONZE NOVEMBRE RUE DU;;;;920
34999;201500038855;15;7;22;1420;1;2;1;1;6;50;1, JOFFRE MARECHAL AVENU;;;;920
35000;201500038856;15;7;18;2240;5;2;1;3;7;50;177, JOILIOT CURIE F. ET;;;;920
35001;201500038857;15;7;16;2320;5;2;1;1;1;50;124, PICASSO PABLO AVENU;;;;920
35002;201500038858;15;7;24;1110;1;2;1;1;2;50;01, VAILLANT COUTURIER P;;;;920
35003;201500038859;15;7;23;1815;1;2;1;9;2;50;neant, FUSILLES DE LA RE;;;;920
35004;201500038860;15;7;25;1040;1;2;1;1;6;50;LIBERTE AVENUE DE LA;;;;920
35005;201500038861;15;8;2;1315;1;2;1;1;6;50;néant, DEQUEANT ALFRED R;;;;920
35006;201500038862;15;8;3;900;1;2;1;1;3;50;néant, PONS NOEL RUE;;;;920
35007;201500038864;15;8;6;1930;1;2;2;1;3;50;GALLIENI GENERAL AVENUE;;;;920
35008;201500038865;15;8;14;1830;1;2;1;2;4;50;RD 914;;;;920
35009;201500038866;15;8;27;750;2;2;1;1;7;50;67, SADI CARNOT RUE;;;;920
35010;201500038867;15;8;29;1550;1;2;1;1;6;50;NEANT, MARTIN HENRI AVEN;;;;920
35011;201500038868;15;8;16;1300;1;2;1;1;3;50;29, JOFFRE MARECHAL AVEN;;;;920
35012;201500038869;15;9;4;1510;1;2;1;1;6;50;MARTIN HENRI AVENUE;;;;920
35013;201500038870;15;9;8;1615;1;1;1;1;2;50;NEANT, RD 914;;;;920
35014;201500038871;15;9;8;1635;1;2;1;1;6;50;135, PICASSO PABLO AVENU;;;;920
35015;201500038872;15;9;10;1000;1;1;1;1;2;50;TUNNEL DE LA DÉFENSE;;;;920
35016;201500038873;15;9;11;805;1;2;1;1;2;50;JOLIOT CURIE F. ET IRENE;;;;920
35017;201500038874;15;9;15;820;1;2;1;1;1;50;PONS NOEL RUE;;;;920
35018;201500038875;15;9;16;315;5;2;3;3;6;50;RD 914;;;;920
35019;201500038876;15;9;14;1530;1;2;1;2;6;2;46 AV DE LA LIBERTE;;;;920
35020;201500038877;15;9;3;820;1;1;1;1;2;50;72, CLEMENCEAU GEORGES A;;;;920
35021;201500038878;15;9;14;1430;1;2;2;1;3;50;QUENTIN JULES AVENUE;;;;920
35022;201500038879;15;9;15;1320;1;2;1;1;1;50;BOULEVARD AIMÉ CÉSAIRE;;;;920
35023;201500038880;15;9;17;830;1;2;1;2;2;50;NEANT, CLEMENCEAU GEORGE;;;;920
35024;201500038881;15;9;18;900;1;2;1;1;6;50;UNION RUE DE L';;;;920
35025;201500038882;15;9;18;930;1;2;1;1;2;50;PONS NOEL RUE;;;;920
35026;201500038883;15;9;23;220;5;2;1;2;3;50;257, CLEMENCEAU GEORGES;;;;920
35027;201500038884;15;9;27;900;1;2;1;1;3;50;86 R P V COUTURIER;;;;920
35028;201500038885;15;9;27;620;5;2;3;1;6;50;REPUBLIQUE AVENUE DE LA;;;;920
35029;201500038886;15;9;29;2000;5;2;1;9;3;50;HAVRE BOULEVARD DU;;;;920
35030;201500038887;15;9;30;30;5;2;1;9;3;50;CLEMENCEAU GEORGES AVENU;;;;920
35031;201500038888;15;10;2;1245;1;2;1;1;2;50;VAILLANT COUTURIER PAUL;;;;920
35032;201500038890;15;10;2;1820;1;2;1;1;7;50;71, TILLON Germaine;;;;920
35033;201500038891;15;10;2;1800;5;2;1;1;3;50;CLEMENCEAU GEORGES AVENU;;;;920
35034;201500038892;15;10;3;1600;1;2;1;1;2;50;34, VAILLANT COUTURIER P;;;;920
35035;201500038893;15;10;7;915;1;2;3;1;3;50;1, PONS NOEL RUE;;;;920
35036;201500038894;15;10;9;1245;1;2;1;8;7;50;NEANT, DEFENSE BOULEVARD;;;;920
35037;201500038895;15;10;9;1900;1;2;1;1;7;50;NEANT, REPUBLIQUE AVENUE;;;;920
35038;201500038896;15;10;10;920;1;2;1;1;7;50;186, CLEMENCEAU GEORGES;;;;920
35039;201500038897;15;10;9;1605;1;2;1;7;7;50;136, JOLIOT CURIE F. ET;;;;920
35040;201500038898;15;10;15;1830;1;2;1;2;3;50;RD 914;;;;920
35041;201500038899;15;10;15;1445;1;2;1;9;1;50;SADI CARNOT RUE;;;;920
35042;201500038900;15;10;16;2344;5;2;1;2;3;50;60, CLEMENCEAU GEORGES A;;;;920
35043;201500038902;15;10;28;925;1;2;1;1;6;50;FRACHON BENOIT AVENUE;;;;920
35044;201500038903;15;10;29;1950;5;2;1;9;6;50;69, CLEMENCEAU GEORGES A;;;;920
35045;201500038904;15;10;30;1515;1;2;3;7;3;50;VAILLANT COUTURIER PAUL;;;;920
35046;201500038905;15;10;31;1330;1;2;1;1;3;50;neant, DROITS DE L'HOMME;;;;920
35047;201500038906;15;11;6;740;1;2;1;1;7;50;NEANT, PESARO BOULEVARD;;;;920
35048;201500038908;15;11;9;1425;1;2;3;7;6;50;VAILLANT COUTURIER PAUL;;;;920
35049;201500038909;15;11;19;2130;5;2;1;2;2;50;neant, DOUCET ANDRE RUE;;;;920
35050;201500038910;15;11;18;1945;5;2;1;1;6;50;14, ARAGO FRANCOIS AVENU;;;;920
35051;201500038911;15;11;19;1415;1;2;2;8;7;50;FONTENELLES RUE DES;;;;920
35052;201500038912;15;11;21;2110;5;2;1;9;2;50;DEFENSE BOULEVARD DE LA;;;;920
35053;201500038913;15;11;23;1105;1;2;1;9;7;50;SOUFFLOT J-GERMAIN BOULE;;;;920
35054;201500038914;15;11;26;930;1;2;2;1;4;50;SAULES/SARTROUVILLE;;;;920
35055;201500038915;15;11;24;1900;5;2;1;3;7;50;125, CLEMENCEAU GEORGES;;;;920
35056;201500038917;15;11;24;940;1;2;1;1;7;50;VERNET HORACE RUE;;;;920
35057;201500038918;15;12;6;300;5;2;1;9;6;50;125, SAINT CLOUD RUE DE;;;;920
35058;201500038920;15;12;5;1810;5;2;1;9;1;50;neant, ONZE NOVEMBRE RUE;;;;920
35059;201500038921;15;12;7;1430;1;2;2;7;3;50;DEFENSE BOULEVARD DE LA;;;;920
35060;201500038922;15;12;9;1625;1;2;1;7;7;50;91, JOILIOT CURIE F. ET;;;;920
35061;201500038923;15;12;14;815;1;2;1;1;2;50;115, ONZE NOVEMBRE RUE D;;;;920
35062;201500038924;15;12;11;1810;5;2;1;9;6;50;CHAMPS PIERREUX AVENUE D;;;;920
35063;201500038925;15;12;14;1650;5;2;1;8;6;50;CLEMENCEAU GEORGES AVENU;;;;920
35064;201500038926;15;12;17;1757;5;2;1;1;7;50;neant, HEBERT CELESTIN R;;;;920
35065;201500038927;15;12;18;1240;1;2;1;1;7;50;256, CLEMENCEAU GEORGES;;;;920
35066;201500038929;15;12;27;1540;1;2;1;9;7;50;133, COMMUNE DE PARIS AV;;;;920
35067;201500038930;15;12;24;1810;5;2;2;8;6;50;NEANT, JOLIOT CURIE F. E;;;;920
35068;201500038931;15;12;23;1040;1;2;2;9;7;50;VAILLANT COUTURIER PAUL;;;;920
35069;201500038932;15;12;17;1950;5;2;1;1;6;51;83, CHARLES DE GAULLE (A;;;;920
35070;201500038934;15;1;13;1600;1;2;3;1;6;51;128, CHARLES DE GAULLE (;;;;920
35071;201500038935;15;1;15;1550;1;2;1;2;6;51;116, CHARLES DE GAULLE (;;;;920
35072;201500038936;15;1;10;1930;5;2;1;2;2;51;82, BOURDON (BOULEVARD);;;;920
35073;201500038937;15;1;16;1900;2;2;3;3;6;51;101, ROULE (AVENUE DU, N;;;;920
35074;201500038938;15;1;19;1300;1;2;1;1;6;51;109, CHARLES DE GAULLE (;;;;920
35075;201500038939;15;1;16;1025;1;2;1;1;3;51;31, CHATEAU (BOULEVARD D;;;;920
35076;201500038941;15;1;28;940;1;2;1;1;3;51;106, CHARLES DE GAULLE (;;;;920
35077;201500038943;15;2;5;1850;5;2;3;1;6;51;1, THEOPHILE-GAUTHIER (R;;;;920
35078;201500038944;15;2;6;825;1;2;1;1;6;51;168, CHARLES DE GAULLE (;;;;920
35079;201500038945;15;2;12;1535;1;2;3;1;6;51;1, BAILLY (RUE);;;;920
35080;201500038946;15;2;14;15;5;2;1;2;3;51;71, CHARLES DE GAULLE (A;;;;920
35081;201500038948;15;2;22;1110;1;2;1;1;6;51;61, ROULE (AVENUE DU, N?;;;;920
35082;201500038949;15;3;1;650;5;2;1;1;6;51;22 ter, CHATEAU (BOULEVA;;;;920
35083;201500038950;15;3;1;1000;1;2;3;1;3;51;140, ACHILLE PERETTI (AV;;;;920
35084;201500038951;15;2;22;1720;1;2;2;1;6;51;31, CHATEAU (BOULEVARD D;;;;920
35085;201500038952;15;3;6;1730;1;2;1;1;6;51;221, CHARLES DE GAULLE (;;;;920
35086;201500038953;15;3;5;1555;1;2;2;1;3;51;131, BINEAU (BOULEVARD,;;;;920
35087;201500038954;15;3;10;2050;5;2;1;1;6;51;51, GENERAL KOENIG (BOUL;;;;920
35088;201500038955;15;3;13;1225;1;2;1;1;6;51;44, CHATEAU (BOULEVARD D;;;;920
35089;201500038956;15;3;19;1900;5;2;1;1;6;51;141, GENERAL KOENIG (BOU;;;;920
35090;201500038957;15;3;2;830;1;2;1;1;6;51;25, INKERMANN (BOULEVARD;;;;920
35091;201500038958;15;3;31;1715;1;2;1;1;6;51;29, VICTOR HUGO (BOULEVA;;;;920
35092;201500038960;15;4;10;1800;1;2;1;1;3;51;66/68, BINEAU (BOULEVARD;;;;920
35093;201500038961;15;4;15;855;1;2;2;1;3;51;182, BINEAU (BOULEVARD,;;;;920
35094;201500038962;15;4;7;1825;1;2;1;1;3;51;150, CHARLES DE GAULLE (;;;;920
35095;201500038964;15;4;21;1235;1;2;1;1;6;51;37, CHEZY (RUE DE, N° 21;;;;920
35096;201500038965;15;4;17;915;1;2;2;1;3;51;200, BINEAU (BOULEVARD,;;;;920
35097;201500038966;15;4;14;1625;1;2;1;1;6;51;5, GENERAL LECLERC (BOUL;;;;920
35098;201500038967;15;4;16;1050;1;2;2;1;3;51;65, CHATEAU (BOULEVARD D;;;;920
35099;201500038968;15;5;7;700;1;2;1;1;2;51;116, CHARLES DE GAULLE (;;;;920
35100;201500038969;15;5;10;1;5;2;3;1;6;51;116, CHARLES DE GAULLE (;;;;920
35101;201500038971;15;5;11;1905;1;2;3;1;2;51;117, GENERAL KOENIG (BOU;;;;920
35102;201500038972;15;5;12;2010;1;2;2;1;3;51;191, ROULE (AVENUE DU, N;;;;920
35103;201500038973;15;5;30;45;5;2;1;2;3;51;65, BINEAU (BOULEVARD, N;;;;920
35104;201500038974;15;4;14;1300;1;2;1;1;6;51;65, CHARLES DE GAULLE (A;;;;920
35105;201500038975;15;5;26;1055;1;2;1;1;6;51;03, MIDI (RUE DU);;;;920
35106;201500038976;15;5;12;1840;1;2;2;1;6;51;14, MADRID (AVENUE DE);;;;920
35107;201500038978;15;5;27;2345;5;2;6;1;3;51;168, CHARLES DE GAULLE (;;;;920
35108;201500038979;15;5;29;1333;1;2;1;1;6;51;19, SAINTE FOY (AVENUE);;;;920
35109;201500038981;15;6;4;1515;1;2;1;1;6;51;43, CHARTRES (RUE DE );;;;920
35110;201500038982;15;6;14;645;2;2;1;1;6;51;18, CHARLES DE GAULLE (A;;;;920
35111;201500038983;15;6;18;920;1;2;1;1;2;51;135, BINEAU (BOULEVARD,;;;;920
35112;201500038984;15;6;19;1130;1;2;1;1;6;51;105, CHARLES DE GAULLE (;;;;920
35113;201500038985;15;6;17;2150;2;2;1;1;6;51;141, GENERAL KOENIG (BOU;;;;920
35114;201500038986;15;7;11;1625;1;2;1;1;2;51;24, ARGENSON (BOULEVARD,;;;;920
35115;201500038987;15;6;2;943;1;2;1;1;3;51;50, CHEZY (RUE DE , N°14;;;;920
35116;201500038988;15;6;19;2008;1;2;1;1;2;51;113, CHARLES DE GAULLE (;;;;920
35117;201500038989;15;7;29;1045;1;2;1;1;4;51;197, CHARLES DE GAULLE (;;;;920
35118;201500038990;15;7;17;2015;1;2;1;7;5;51;102, CHARLES DE GAULLE (;;;;920
35119;201500038991;15;7;2;2050;1;2;1;1;3;51;163, CHARLES DE GAULLE (;;;;920
35120;201500038992;15;7;22;1120;1;2;1;1;6;51;107, BINEAU (BOULEVARD,;;;;920
35121;201500038993;15;7;31;1010;1;2;2;1;2;51;MARECHAL JUIN (PONT DU);;;;920
35122;201500038994;15;8;3;1025;1;2;1;1;6;51;107, CHARLES DE GAULLE (;;;;920
35123;201500038995;15;8;15;2030;1;2;1;1;2;51;104, CHARLES DE GAULLE (;;;;920
35124;201500038996;15;9;2;1840;1;2;1;1;6;51;54, BINEAU (BOULEVARD, N;;;;920
35125;201500038997;15;9;3;1030;1;2;3;1;6;51;PAULINE BORGHESE (RUE);;;;920
35126;201500038998;15;9;4;1000;1;2;3;1;3;51;21, RICHARD WALLACE (BOU;;;;920
35127;201500038999;15;9;10;1405;1;2;1;1;6;51;82, PERRONET (RUE, N°1 A;;;;920
35128;201500039001;15;10;6;1100;1;2;1;1;6;51;110, PERRONET (RUE, N° 9;;;;920
35129;201500039002;15;10;9;2000;5;2;1;1;6;51;55, BINEAU (BOULEVARD, N;;;;920
35130;201500039003;15;9;8;1630;1;2;1;1;4;51;131, CHARLES DE GAULLE (;;;;920
35131;201500039004;15;9;13;50;5;2;3;1;6;51;103, ACHILLE PERETTI (AV;;;;920
35132;201500039006;15;10;18;245;5;2;2;1;3;51;93, CHARLES DE GAULLE (A;;;;920
35133;201500039007;15;10;1;750;1;2;1;1;6;51;100, MAURICE BARRES (BOU;;;;920
35134;201500039008;15;10;12;1200;1;2;1;1;6;51;42, MADELEINE MICHELIS (;;;;920
35135;201500039009;15;10;1;1240;1;2;3;1;3;51;62, VICTOR HUGO (BOULEVA;;;;920
35136;201500039010;15;10;9;2030;5;2;1;1;6;51;42-44, CHARLES DE GAULLE;;;;920
35137;201500039011;15;10;10;2020;5;2;3;1;3;51;77, ROULE (AVENUE DU, N°;;;;920
35138;201500039013;15;10;6;736;2;2;1;3;6;51;CHARLES DE GAULLE (AVENU;;;;920
35139;201500039014;15;11;4;2015;5;2;1;1;6;51;47, PERRONET (RUE, N°1 A;;;;920
35140;201500039015;15;11;5;1845;5;2;3;2;3;51;73, COMMANDANT CHARCOT (;;;;920
35141;201500039017;15;11;15;355;5;2;2;1;3;51;15, CHEZY (RUE DE,  N° 1;;;;920
35142;201500039018;15;11;11;1910;5;2;2;1;3;51;199, CHARLES DE GAULLE (;;;;920
35143;201500039019;15;11;10;750;2;2;1;1;5;51;133 BD BINEAU;;;;920
35144;201500039020;15;10;8;840;1;2;1;8;6;51;25, RICHARD WALLACE (BOU;;;;920
35145;201500039021;15;11;22;1925;5;2;2;1;3;51;92, BINEAU (BOULEVARD, N;;;;920
35146;201500039022;15;11;24;935;1;2;3;2;2;51;21, WALLACE/BAGATELLE;;;;920
35147;201500039023;15;11;4;945;1;2;3;2;6;51;06, GENERAL LECLERC (BOU;;;;920
35148;201500039024;15;11;24;1935;5;2;3;2;6;51;12, BERTEAUX-DUMAS (RUE);;;;920
35149;201500039025;15;11;28;55;5;2;2;2;3;51;130, BINEAU (BOULEVARD,;;;;920
35150;201500039026;15;11;30;945;1;2;1;1;6;51;79, CHARLES LAFFITTE (RU;;;;920
35151;201500039027;15;12;6;10;4;2;2;1;6;51;HUGO/PARMENTIER;;;;920
35152;201500039028;15;12;6;820;5;2;4;1;6;51;DE GAULLE/DULUD;;;;920
35153;201500039029;15;12;2;1215;1;2;1;1;6;51;10, R YBRY;;;;920
35154;201500039030;15;12;4;1030;1;2;2;1;3;51;MADRID/PIERRET;;;;920
35155;201500039031;15;11;19;1410;1;2;1;1;2;51;131, CHARLES DE GAULLE (;;;;920
35156;201500039032;15;11;27;1200;1;2;1;1;3;51;110, BINEAU (BOULEVARD,;;;;920
35157;201500039034;15;11;22;1520;1;2;1;1;6;51;02, BOIS DE BOULOGNE (RU;;;;920
35158;201500039035;15;12;27;345;5;2;1;1;6;51;143, CHARLES DE GAULLE (;;;;920
35159;201500039036;15;1;2;1005;1;2;3;8;6;62;2, BERTHELOT (RUE MARCEL;;;;920
35160;201500039037;15;1;5;1330;1;2;3;8;6;62;11, FRANCE (RUE ANATOLE);;;;920
35161;201500039038;15;1;9;1310;1;2;3;8;3;62;DE DION BOUTON (QUAI) DU;;;;920
35162;201500039039;15;1;20;1705;5;2;1;1;6;62;1, LECLERC (RUE GENERAL);;;;920
35163;201500039040;15;1;23;1930;5;2;1;8;6;62;16, BERTHELOT (RUE MARCE;;;;920
35164;201500039041;15;1;26;945;1;2;3;2;3;62;14, WALLACE (BD RICHARD);;;;920
35165;201500039042;15;2;4;1830;5;2;3;1;3;62;6, DE DION BOUTON (QUAI);;;;920
35166;201500039043;15;2;20;700;5;2;1;8;6;62;8, DE DION BOUTON (QUAI);;;;920
35167;201500039044;15;2;22;1500;1;2;1;8;3;62;8, PALISSY (RUE BERNARD);;;;920
35168;201500039046;15;3;7;1440;1;2;1;1;5;62;6/8, DE DION BOUTON (QUA;;;;920
35169;201500039047;15;3;11;1440;1;2;2;1;6;62;REPUBLIQUE/FRANCE;;;;920
35170;201500039048;15;3;10;1930;5;2;3;1;6;62;CARTAULT (RUE);;;;920
35171;201500039049;15;3;23;1330;1;2;1;1;3;62;GENERAL DE GAULLE (AV) D;;;;920