;Num_Acc;an;mois;jour;hrmn;lum;agg;int;atm;col;com;adr;gps;lat;long;dep
35172;201500039050;15;3;16;1850;2;2;3;1;2;62;3, DE DION BOUTON (QUAI);;;;920
35173;201500039051;15;4;1;855;2;2;3;1;6;62;69, GENERAL DE GAULLE (A;;;;920
35174;201500039052;15;4;8;2000;5;2;3;1;3;62;123, REPUBLIQUE (RUE DE;;;;920
35175;201500039053;15;4;17;1540;1;2;2;1;6;62;FRANCE (RUE  ANATOLE) N°;;;;920
35176;201500039054;15;4;18;130;5;2;3;1;3;62;108, BERGERES RD-PT DES);;;;920
35177;201500039055;15;4;30;1730;1;2;3;3;3;62;GENERAL DE GAULLE (AV) D;;;;920
35178;201500039056;15;5;12;1905;1;2;1;1;3;62;1, PUTEAUX (PONT DE);;;;920
35179;201500039057;15;5;27;1713;1;2;3;1;3;62;HASSOUX (VOIE GEORGES) I;;;;920
35180;201500039058;15;5;28;1740;1;2;1;1;6;62;34/36, DE DION BOUTON (Q;;;;920
35181;201500039059;15;6;4;1445;1;2;1;1;6;62;58, DE DION BOUTON (QUAI;;;;920
35182;201500039060;15;6;16;1850;1;2;1;1;1;62;172, REPUBLIQUE (RUE DE;;;;920
35183;201500039061;15;6;19;1115;1;2;1;1;3;62;140, VERDUN (RUE DE) N°;;;;920
35184;201500039062;15;6;20;1324;1;2;1;1;2;62;17, DE DION BOUTON (QUAI;;;;920
35185;201500039064;15;7;2;825;1;2;1;1;6;62;74, REPUBLIQUE (RUE DE L;;;;920
35186;201500039065;15;7;3;800;1;2;3;1;6;62;62/64, JAURES (RUE JEAN);;;;920
35187;201500039066;15;7;3;940;1;2;6;1;3;62;ROND POINT DE LA LIBERTE;;;;920
35188;201500039069;15;7;29;1345;1;2;3;1;3;62;106, GENERAL DE GAULLE (;;;;920
35189;201500039071;15;8;20;1622;1;2;1;1;2;62;19, WALLACE (BD RICHARD);;;;920
35190;201500039072;15;8;18;1900;1;2;1;1;3;62;BELLINI (RUE);;;;920
35191;201500039073;15;8;26;820;1;2;1;1;2;62;GENERAL DE GAULLE (AV) D;;;;920
35192;201500039074;15;9;22;1640;1;2;1;1;2;62;DE DION BOUTON (QUAI) DU;;;;920
35193;201500039075;15;9;8;1840;1;2;1;1;5;62;1, FRANCE (RUE  ANATOLE);;;;920
35194;201500039076;15;9;28;1830;1;2;1;1;7;62;81, GENERAL DE GAULLE (A;;;;920
35195;201500039077;15;10;2;45;5;2;3;1;1;62;165, JAURES (RUE JEAN) D;;;;920
35196;201500039078;15;9;11;1310;1;2;1;1;6;62;53/55, WALLACE (BD RICHA;;;;920
35197;201500039079;15;9;22;1335;1;2;1;1;2;62;DE DION BOUTON (QUAI) DU;;;;920
35198;201500039080;15;10;2;930;1;2;1;1;6;62;16, BERTHELOT (RUE MARCE;;;;920
35199;201500039081;15;10;23;1230;1;2;1;1;3;62;52, DE DION BOUTON (QUAI;;;;920
35200;201500039082;15;11;1;405;5;2;3;1;3;62;REPUBLIQUE (RUE DE LA );;;;920
35201;201500039083;15;11;3;750;5;2;3;2;6;62;WALLACE (BD RICHARD) DU;;;;920
35202;201500039084;15;11;1;2100;5;2;3;1;5;62;DE DION BOUTON (QUAI) DU;;;;920
35203;201500039086;15;11;9;945;1;2;1;1;1;62;106, REPUBLIQUE (RUE DE;;;;920
35204;201500039087;15;11;23;1800;5;2;1;1;3;62;6, DE DION BOUTON (QUAI);;;;920
35205;201500039089;15;11;27;1023;1;2;3;1;6;62;VOILIN (RUE LUCIEN);;;;920
35206;201500039091;15;12;1;2145;5;2;3;1;3;62;REPUBLIQUE (RUE DE LA );;;;920
35207;201500039092;15;12;21;730;1;2;1;1;2;62;30, CARTAULT (RUE);;;;920
35208;201500039093;15;1;5;800;5;2;1;1;6;63;183, DIX-HUIT JUIN 1940;;;;920
35209;201500039094;15;1;7;900;1;2;1;5;3;63;64, DIDEROT (RUE);;;;920
35210;201500039095;15;1;6;1155;1;2;3;1;3;63;DANTON (RUE);;;;920
35211;201500039096;15;1;12;1655;2;2;1;1;2;63;178, DOUMER (AVENUE PAUL;;;;920
35212;201500039097;15;1;20;1605;1;2;1;1;6;63;144, DOUMER (AVENUE PAUL;;;;920
35213;201500039098;15;1;21;1040;1;2;1;1;2;63;N?ant, CHATOU (PONT DE);;;;920
35214;201500039099;15;1;21;1300;1;2;1;1;6;63;COLMAR (AVENUE DE);;;;920
35215;201500039100;15;1;24;1845;5;2;3;1;6;63;48, HUGO (AVENUE VICTOR);;;;920
35216;201500039101;15;1;29;1430;1;2;1;1;6;63;05, DE GAULLE (BOULEVARD;;;;920
35217;201500039102;15;2;6;740;2;2;1;1;2;63;N?ant, CHATOU (PONT DE);;;;920
35218;201500039103;15;2;5;1500;1;2;1;1;3;63;28, BELLE RIVE (BOULEVAR;;;;920
35219;201500039104;15;2;13;1850;2;2;1;3;6;63;177, DIX-HUIT JUIN 1940;;;;920
35220;201500039106;15;2;19;1550;1;2;3;1;3;63;****, BONAPARTE (AVENUE;;;;920
35221;201500039107;15;2;21;1730;1;2;1;1;3;63;N?ant, CHATOU (PONT DE);;;;920
35222;201500039108;15;2;21;2315;5;2;1;1;3;63;344, BONAPARTE (AVENUE N;;;;920
35223;201500039109;15;3;3;1006;1;2;1;1;6;63;9, CHATAIGNERAIE (AVENUE;;;;920
35224;201500039110;15;3;11;1925;2;2;1;1;7;63;30, VAUSSOURDS (RUE DES);;;;920
35225;201500039111;15;3;16;2205;5;2;1;1;6;63;1/3, BUZENVAL (AVENUE DE;;;;920
35226;201500039112;15;3;21;1930;5;2;1;1;6;63;****, FOUILLEUSE (AVENUE;;;;920
35227;201500039114;15;3;31;810;1;2;4;1;3;63;17, COLMAR (AVENUE DE);;;;920
35228;201500039115;15;3;31;1645;1;2;1;1;6;63;89, DOUMER (AVENUE PAUL);;;;920
35229;201500039116;15;4;9;840;1;2;1;1;3;63;41, DUNANT (RUE HENRI);;;;920
35230;201500039118;15;4;16;1720;1;2;1;1;3;63;64, DIX-HUIT JUIN 1940 (;;;;920
35231;201500039119;15;4;19;150;5;2;6;1;3;63;****, LECLERC DE HAUTECL;;;;920
35232;201500039120;15;4;18;1900;1;2;1;1;2;63;107, DOUMER (AVENUE PAUL;;;;920
35233;201500039121;15;4;22;1200;1;2;3;1;3;63;78, HABY SOMMER (RUE);;;;920
35234;201500039122;15;4;30;1855;1;2;1;2;3;63;21, RICHELIEU (BOULEVARD;;;;920
35235;201500039123;15;5;15;650;1;2;3;1;3;63;COLMAR (AVENUE DE);;;;920
35236;201500039124;15;5;20;1950;1;2;2;1;3;63;DIX-HUIT JUIN 1940 (AVEN;;;;920
35237;201500039126;15;5;29;1630;1;2;6;1;7;63;****, RENAULT (PLACE);;;;920
35238;201500039127;15;6;5;1615;1;2;6;1;6;63;81, CARREY DE BELLEMARE;;;;920
35239;201500039128;15;6;5;2105;1;2;1;2;7;63;****, ESTIENNE D'ORVES (;;;;920
35240;201500039129;15;6;6;1745;1;2;1;1;2;63;Néant, POMPIDOU (AVENUE;;;;920
35241;201500039130;15;6;8;835;1;2;3;1;3;63;100, MIRIBEL (RUE DU GEN;;;;920
35242;201500039131;15;6;9;2111;2;2;1;1;2;63;29, GALLIENI (RUE);;;;920
35243;201500039132;15;6;12;1245;1;2;3;1;4;63;****, DIX-HUIT JUIN 1940;;;;920
35244;201500039133;15;6;12;1340;1;2;1;1;3;63;2, REUNION (RUE DE LA);;;;920
35245;201500039134;15;6;12;1955;1;2;1;1;4;63;153, DIX-HUIT JUIN 1940;;;;920
35246;201500039135;15;6;19;2220;5;2;1;1;3;63;215, BONAPARTE (AVENUE N;;;;920
35247;201500039136;15;6;22;2130;2;2;1;2;7;63;23, DUNANT (RUE HENRI);;;;920
35248;201500039137;15;6;23;1340;1;2;1;1;1;63;37, MONTBRISON (RUE DU L;;;;920
35249;201500039138;15;6;29;820;1;2;2;1;3;63;25, ACACIAS (AVENUE DES);;;;920
35250;201500039139;15;6;29;1910;1;2;1;1;2;63;COLMAR (AVENUE DE);;;;920
35251;201500039140;15;6;30;2130;1;2;1;1;6;63;Néant, SOLFERINO (BOULEV;;;;920
35252;201500039141;15;7;1;1250;1;2;1;1;1;63;****, TUCK STELL (AVENUE;;;;920
35253;201500039142;15;7;10;2050;1;2;3;1;3;63;****, HOUTRAITS (RUE DES;;;;920
35254;201500039143;15;7;17;1620;1;2;3;1;3;63;****, HOPITAL STELL (BOU;;;;920
35255;201500039145;15;7;28;1430;1;2;1;1;3;63;70, POMPIDOU (AVENUE DU;;;;920
35256;201500039146;15;7;28;2155;5;2;2;1;6;63;****, BONAPARTE (AVENUE;;;;920
35257;201500039148;15;8;10;718;1;2;1;1;6;63;21, GALLIENI (RUE);;;;920
35258;201500039149;15;8;18;1640;1;2;1;1;2;63;192, DOUMER (AVENUE PAUL;;;;920
35259;201500039150;15;8;25;1850;1;2;1;2;7;63;****, TUCK STELL (AVENUE;;;;920
35260;201500039151;15;9;5;2045;2;2;3;2;3;63;GODARDES (RUE DES);;;;920
35261;201500039152;15;9;6;1415;1;1;3;1;3;63;****, COLMAR (AVENUE DE);;;;920
35262;201500039153;15;9;8;1645;1;2;1;1;6;63;86, VOLTAIRE (RUE);;;;920
35263;201500039154;15;9;9;1745;1;2;1;1;6;63;38, GALLIENI (RUE);;;;920
35264;201500039155;15;9;9;2330;5;2;1;1;6;63;85, DIX-HUIT JUIN 1940 (;;;;920
35265;201500039156;15;9;21;1020;1;2;1;1;6;63;91, NATIONAL (BOULEVARD);;;;920
35266;201500039157;15;9;22;605;5;2;2;2;3;63;COLMAR (AVENUE DE);;;;920
35267;201500039158;15;9;22;2050;5;2;3;1;3;63;****, DIX-HUIT ARPENTS (;;;;920
35268;201500039159;15;9;23;810;1;2;1;1;3;63;91, DIX-HUIT JUIN 1940 (;;;;920
35269;201500039160;15;9;25;1355;1;2;3;1;2;63;****, HOPITAL STELL (BOU;;;;920
35270;201500039161;15;9;25;1700;1;2;1;1;6;63;03, RICHELIEU (PLACE);;;;920
35271;201500039162;15;9;29;1730;1;2;1;1;6;63;04, RACINE (RUE);;;;920
35272;201500039164;15;10;5;1930;5;2;3;3;6;63;****, DIX-HUIT JUIN 1940;;;;920
35273;201500039165;15;10;14;1700;1;2;3;1;3;63;****, FOUILLEUSE (AVENUE;;;;920
35274;201500039166;15;10;16;1220;1;2;3;2;7;63;****, FOUILLEUSE (AVENUE;;;;920
35275;201500039167;15;11;4;820;2;2;1;2;1;63;****, RICHELIEU (PLACE);;;;920
35276;201500039168;15;11;5;1630;2;2;2;1;6;63;196, MONTBRISON (RUE DU;;;;920
35277;201500039169;15;11;5;1810;5;2;1;1;6;63;44, SOLFERINO (BOULEVARD;;;;920
35278;201500039170;15;11;6;905;1;2;1;1;3;63;43, ALBERT 1ER (AVENUE);;;;920
35279;201500039171;15;11;12;900;1;2;1;1;6;63;48, DOUMER (AVENUE PAUL);;;;920
35280;201500039172;15;11;16;1355;1;2;3;1;7;63;****, FLOQUET (RUE CHARL;;;;920
35281;201500039173;15;11;19;1800;5;2;2;1;6;63;****, COLMAR (AVENUE DE);;;;920
35282;201500039174;15;11;22;1355;1;2;1;1;4;63;382, BONAPARTE (AVENUE N;;;;920
35283;201500039175;15;11;22;1505;1;2;6;1;3;63;02, RENAULT (PLACE);;;;920
35284;201500039176;15;11;24;1910;5;2;2;3;3;63;****, COLMAR (AVENUE DE);;;;920
35285;201500039177;15;11;24;2135;5;2;1;2;6;63;144, DOUMER (AVENUE PAUL;;;;920
35286;201500039178;15;11;28;710;5;2;1;1;5;63;230, DOUMER (AVENUE PAUL;;;;920
35287;201500039179;15;12;1;1955;5;2;3;1;3;63;****, DOUMER (AVENUE PAU;;;;920
35288;201500039180;15;12;7;1220;1;2;3;1;3;63;28, POMPIDOU (AVENUE DU;;;;920
35289;201500039181;15;12;8;1120;1;2;2;1;3;63;****, COLMAR (AVENUE DE);;;;920
35290;201500039182;15;12;8;1945;5;2;1;2;3;63;42 bis, DIX-HUIT JUIN 19;;;;920
35291;201500039183;15;12;9;820;5;2;1;1;6;63;27, BONS RAISINS (RUE DE;;;;920
35292;201500039184;15;12;12;1345;1;2;1;1;4;63;10, DIX-HUIT JUIN 1940 (;;;;920
35293;201500039186;15;12;17;1000;1;2;2;1;6;63;****, DAGUERRE (RUE JACQ;;;;920
35294;201500039187;15;1;5;805;2;2;3;8;6;33;PORTE JAUNE;;;;920
35295;201500039188;15;1;5;950;1;2;1;1;6;64;09, REPUBLIQUE;;;;920
35296;201500039189;15;1;8;920;1;2;1;1;5;64;1756, MARCEL DASSAULT;;;;920
35297;201500039190;15;1;12;1450;1;2;1;1;2;47;JARDY;;;;920
35298;201500039191;15;1;12;1955;5;2;1;1;6;64;25 BIS, MONT VALERIEN;;;;920
35299;201500039193;15;1;23;955;1;2;1;1;6;33;6, ATHIME RUE;;;;920
35300;201500039194;15;1;26;930;1;2;1;2;3;64;67, MARCEL DASSAULT;;;;920
35301;201500039195;15;1;28;1925;5;2;1;1;6;64;1, pont de saint-cloud;;;;920
35302;201500039196;15;1;30;2015;5;2;1;2;7;33;GRANDE RUE;;;;920
35303;201500039198;15;2;4;1500;1;2;1;1;6;33;11, CIVIALE;;;;920
35304;201500039200;15;2;15;730;2;2;1;1;6;64;103 AV DU MARECHAL FOCH;;;;920
35305;201500039201;15;2;17;1450;1;2;1;1;3;64;DAILLY;;;;920
35306;201500039202;15;2;17;2115;5;2;2;1;3;76;PUITS;;;;920
35307;201500039203;15;2;19;945;1;2;9;1;3;64;DAILLY;;;;920
35308;201500039204;15;3;2;920;1;2;3;1;3;64;06 BIS, GOUNOD;;;;920
35309;201500039205;15;3;3;750;1;2;9;1;3;64;1, MAGENTA PLACE;;;;920
35310;201500039206;15;3;4;735;1;2;3;1;3;64;MARCEL DASSAULT;;;;920
35311;201500039207;15;3;10;1645;1;2;1;2;3;64;16, PASTEUR;;;;920
35312;201500039208;15;3;11;940;1;2;1;1;3;64;106, REPUBLIQUE;;;;920
35313;201500039209;15;3;13;900;1;2;3;1;3;33;LYAUTEY;;;;920
35314;201500039210;15;3;16;2100;5;2;1;1;6;33;66, RAYMOND POINCARE;;;;920
35315;201500039211;15;3;20;1855;1;2;1;1;2;64;35, DAILLY;;;;920
35316;201500039212;15;3;26;812;1;2;1;1;3;64;26, DAILLY;;;;920
35317;201500039214;15;4;1;1200;1;2;1;1;3;64;FRANCIS CHAVETON;;;;920
35318;201500039215;15;4;3;1900;1;2;1;3;2;64;LOUIS LOUCHEUR;;;;920
35319;201500039216;15;4;11;1320;1;2;9;1;3;33;177, BUZENVAL;;;;920
35320;201500039217;15;4;12;1515;1;2;2;1;3;76;JARDY;;;;920
35321;201500039218;15;4;13;635;2;2;9;1;2;76;CAZES;;;;920
35322;201500039219;15;4;13;1940;1;2;3;1;6;64;HENRI REGNAULT;;;;920
35323;201500039220;15;4;15;1230;1;2;3;1;7;64;MARECHAL FOCH;;;;920
35324;201500039221;15;4;20;1700;1;2;3;1;6;64;75, REPUBLIQUE;;;;920
35325;201500039222;15;5;4;1910;1;2;1;2;7;64;14, SILLY;;;;920
35326;201500039223;15;5;5;1240;1;2;2;1;3;64;148, REPUBLIQUE;;;;920
35327;201500039224;15;5;7;1010;1;2;1;1;6;64;96, MARECHAL FOCH;;;;920
35328;201500039225;15;5;8;1540;1;2;1;1;3;64;GENERAL LECLERC;;;;920
35329;201500039226;15;5;10;1500;1;2;1;1;6;64;89, MARECHAL FOCH;;;;920
35330;201500039227;15;5;11;1550;1;2;9;1;3;33;13bis, PORTE JAUNE;;;;920
35331;201500039228;15;5;11;1945;1;2;9;1;7;64;PARC SAINT CLOUD;;;;920
35332;201500039229;15;5;16;1310;1;2;1;8;6;64;56, GOUNOD;;;;920
35333;201500039230;15;5;20;1210;1;2;2;2;3;33;DIX NEUF JANVIER;;;;920
35334;201500039232;15;5;30;155;3;2;1;2;7;64;MARECHAL JUIN;;;;920
35335;201500039233;15;5;31;1845;1;2;1;2;6;64;64, REPUBLIQUE;;;;920
35336;201500039234;15;6;5;1615;1;1;1;1;1;64;PARC SAINT CLOUD;;;;920
35337;201500039235;15;6;11;915;1;2;1;1;3;64;03, D'ORLEANS;;;;920
35338;201500039236;15;6;11;1340;1;2;1;1;6;64;11, DAILLY;;;;920
35339;201500039237;15;6;15;2258;5;2;1;1;1;64;, MARECHAL JUIN;;;;920
35340;201500039238;15;6;17;1630;1;2;1;1;5;76;6, GARCHES;;;;920
35341;201500039239;15;6;19;550;2;2;1;1;6;64;LOUIS LOUCHEUR;;;;920
35342;201500039240;15;6;23;2100;1;2;1;1;3;33;104, RAYMOND POINCARE;;;;920
35343;201500039242;15;6;25;1130;1;2;1;1;6;64;10, ALEXANDRE COUTUREAU;;;;920
35344;201500039243;15;6;27;1240;1;2;1;1;6;64;17, DAILLY;;;;920
35345;201500039244;15;7;2;100;5;2;1;1;6;64;26, FRANCIS CHAVETON;;;;920
35346;201500039245;15;7;2;2150;5;1;1;1;2;64;, ROUTE DE PARIS A VERSA;;;;920
35347;201500039248;15;7;9;1020;1;1;1;1;3;47;JARDY;;;;920
35348;201500039249;15;7;29;1120;1;2;1;1;6;64;140, REPUBLIQUE;;;;920
35349;201500039250;15;8;1;1905;1;2;1;1;3;33;117, BUZENVAL;;;;920
35350;201500039251;15;8;5;1806;1;2;1;1;4;64;31, CARNOT;;;;920
35351;201500039252;15;8;10;1350;1;2;1;1;3;33;153, BUZENVAL;;;;920
35352;201500039254;15;8;15;715;1;2;1;1;6;64;84, SENARD;;;;920
35353;201500039255;15;8;21;1210;1;2;9;1;3;64;30, PASTEUR;;;;920
35354;201500039256;15;8;22;1740;1;2;1;1;7;64;28, ANDRE CHEVRILLON;;;;920
35355;201500039257;15;8;31;1530;1;2;1;1;6;64;31, CALVAIRE;;;;920
35356;201500039258;15;8;31;2100;5;2;1;1;7;33;80, RAYMOND POINCARE;;;;920
35357;201500039259;15;9;1;1830;1;1;1;1;3;47;35, JARDY;;;;920
35358;201500039260;15;9;3;1410;1;2;1;1;2;64;7210, MARECHAL JUIN;;;;920
35359;201500039261;15;9;8;1640;1;2;1;1;3;64;66, MARCEL DASSAULT;;;;920
35360;201500039262;15;9;10;1030;1;2;1;1;6;64;54, REPUBLIQUE;;;;920
35361;201500039263;15;9;12;1410;1;2;1;2;2;64;41, PASTEUR;;;;920
35362;201500039265;15;9;30;955;1;2;1;1;6;64;61, MARCEL DASSAULT;;;;920
35363;201500039267;15;10;2;1545;1;2;2;1;2;76;59, PUITS;;;;920
35364;201500039268;15;10;2;1630;1;2;1;1;6;64;84, REPUBLIQUE;;;;920
35365;201500039269;15;10;2;1815;1;2;1;1;6;76;59, REPUBLIQUE;;;;920
35366;201500039270;15;10;5;2015;5;2;1;2;2;64;2355, MARCEL DASSAULT;;;;920
35367;201500039272;15;10;7;1600;1;2;1;1;6;64;33, CARNOT;;;;920
35368;201500039273;15;10;9;1530;1;2;1;1;7;64;1, MARECHAL JUIN;;;;920
35369;201500039274;15;10;11;1750;2;2;2;1;3;64;1bis, GENERAL LECLERC;;;;920
35370;201500039275;15;10;16;855;1;2;3;2;3;64;1, MONTRETOUT;;;;920
35371;201500039276;15;10;21;2015;5;2;1;2;7;33;168, GENERAL DE GAULLE;;;;920
35372;201500039277;15;10;22;2200;5;2;1;2;3;76;JARDY;;;;920
35373;201500039278;15;10;27;1830;2;2;1;1;6;64;101, BUZENVAL;;;;920
35374;201500039280;15;10;29;1930;5;2;1;1;4;76;JARDY;;;;920
35375;201500039282;15;11;4;1850;5;2;1;1;6;64;16, MONT VALERIEN;;;;920
35376;201500039283;15;11;8;1705;5;2;1;1;5;64;1521, MARCEL DASSAULT;;;;920
35377;201500039284;15;11;10;950;1;2;1;1;1;64;29, MONT VALERIEN;;;;920
35378;201500039285;15;11;10;1430;1;2;1;1;6;64;1655, MARCEL DASSAULT;;;;920
35379;201500039286;15;11;10;1800;5;2;1;1;2;76;1, NAPOLEON III;;;;920
35380;201500039287;15;11;15;1015;1;2;1;1;6;64;15, GATE - CEPS;;;;920
35381;201500039288;15;11;16;1340;1;1;1;1;3;64;GENERAL LECLERC;;;;920
35382;201500039289;15;11;18;830;1;2;1;1;3;33;, DIX NEUF JANVIER;;;;920
35383;201500039290;15;11;19;1505;1;2;1;1;3;33;78, COLONEL DE ROCHEBRUN;;;;920
35384;201500039291;15;11;22;1140;1;2;1;1;6;33;02, SUISSES;;;;920
35385;201500039292;15;11;23;735;5;2;1;1;6;64;06, DAILLY;;;;920
35386;201500039293;15;11;23;1825;5;2;3;1;6;33;04, DOCTEUR DEBAT;;;;920
35387;201500039294;15;11;26;745;1;2;1;1;6;33;129, BUZENVAL;;;;920
35388;201500039295;15;11;28;905;1;2;3;1;5;76;PUITS;;;;920
35389;201500039296;15;12;4;755;1;2;3;1;3;47;JARDY;;;;920
35390;201500039297;15;12;4;1505;1;2;1;1;6;33;20, GAUDONNES;;;;920
35391;201500039298;15;12;8;1840;5;2;2;3;5;64;VAL D' OR;;;;920
35392;201500039299;15;12;8;2030;5;2;2;2;3;64;REPUBLIQUE;;;;920
35393;201500039300;15;12;14;825;1;2;3;1;2;64;0, CARNOT;;;;920
35394;201500039302;15;12;15;1635;1;2;1;1;7;64;83, GARCHES;;;;920
35395;201500039303;15;12;16;1325;1;2;1;1;3;76;55, PUITS;;;;920
35396;201500039304;15;12;20;1510;1;2;1;1;3;64;178, PORTE JAUNE;;;;920
35397;201500039305;15;12;20;2250;5;2;1;2;7;76;03, BOIS DES DAMES;;;;920
35398;201500039306;15;12;23;640;2;2;1;2;7;76;REPUBLIQUE;;;;920
35399;201500039307;15;12;25;1750;5;2;1;1;5;64;78, MARCEL DASSAULT;;;;920
35400;201500039309;15;12;30;1620;1;2;1;1;2;22;144, SALENGRO (AVENUE RO;;;;920
35401;201500039310;15;12;31;2;5;2;1;2;2;72;56, MONESSE (RUE DE LA);;;;920
35402;201500039311;15;1;3;1330;1;2;1;2;6;72;., SEVRES (PONT DE);;;;920
35403;201500039312;15;1;10;1655;1;2;1;2;3;22;826, SALENGRO (AVENUE RO;;;;920
35404;201500039313;15;1;15;720;2;2;2;1;6;22;., RESISTANCE (AVENUE DE;;;;920
35405;201500039315;15;1;22;1245;1;2;1;1;6;72;82, GRANDE RUE;;;;920
35406;201500039316;15;1;26;1900;5;2;1;2;6;77;22, VERSAILLES (RUE DE);;;;920
35407;201500039318;15;2;4;1130;1;2;1;1;3;72;34, TROYON (RUE);;;;920
35408;201500039319;15;2;9;850;1;2;2;1;6;22;., PERE-KOMITAS (RUE);;;;920
35409;201500039320;15;2;14;1835;2;2;1;2;6;72;SEVRES (PONT DE);;;;920
35410;201500039321;15;3;2;800;2;2;1;1;7;77;DESVALLIERES (CHEMIN);;;;920
35411;201500039322;15;3;2;1350;1;2;1;1;2;72;28, PAVE DES GARDES (ROU;;;;920
35412;201500039323;15;3;11;1230;1;2;1;1;6;72;., CHEVIRON (RUE DU PARC;;;;920
35413;201500039324;15;3;14;10;5;2;1;1;6;77;ST CLOUD (RUE DE);;;;920
35414;201500039325;15;3;22;415;5;2;1;8;7;22;., PAVE DES GARDES (ROUT;;;;920
35415;201500039326;15;3;24;2045;5;2;2;2;6;77;., VERSAILLES (RUE DE);;;;920
35416;201500039327;15;4;14;1740;1;2;2;1;3;22;., SALENGRO (AVENUE ROGE;;;;920
35417;201500039328;15;4;16;1245;1;2;3;1;3;72;., EUROPE (AVENUE DE L');;;;920
35418;201500039329;15;4;18;2155;1;2;1;1;6;72;01, GRANDE RUE;;;;920
35419;201500039331;15;4;23;1150;1;2;1;1;6;22;04, PAVE DES GARDES (ROU;;;;920
35420;201500039332;15;5;4;1810;1;2;1;2;6;72;01, GRANDE RUE;;;;920
35421;201500039333;15;5;10;1030;1;2;3;1;3;22;., PAVE DES GARDES (ROUT;;;;920
35422;201500039335;15;5;7;833;1;2;1;1;6;72;17, FREVILLE LE VINGT (R;;;;920
35423;201500039336;15;5;13;835;1;2;1;1;7;72;WOLFENBUTTEL (RUE DE);;;;920
35424;201500039337;15;5;13;1320;1;2;1;1;6;77;123-125, VERSAILLES (RUE;;;;920
35425;201500039338;15;5;12;1600;1;2;1;1;6;77;., ST CLOUD (RUE DE);;;;920
35426;201500039339;15;5;15;1300;1;2;1;1;6;72;05 TER, LEDERMANN (RUE D;;;;920
35427;201500039341;15;6;7;1220;1;2;1;1;6;77;61, SEVRES (RUE DE);;;;920
35428;201500039342;15;6;20;2230;5;2;1;1;7;72;., SAINT CLOUD (RUE DE);;;;920
35429;201500039343;15;6;25;1620;1;2;1;1;6;72;131, GRANDE RUE;;;;920
35430;201500039344;15;7;14;645;5;2;1;1;7;72;., MANUFACTURE NATIONALE;;;;920
35431;201500039345;15;7;28;2100;1;2;1;2;7;72;19, GARENNE (RUE DE LA);;;;920
35432;201500039346;15;8;26;900;1;2;1;1;3;22;484, SALENGRO (AVENUE RO;;;;920
35433;201500039347;15;8;28;1850;1;2;1;1;6;72;82, GRANDE RUE;;;;920
35434;201500039348;15;8;31;2040;5;2;1;1;6;22;., AUDONNET (PLACE GASTO;;;;920
35435;201500039349;15;9;4;1640;1;2;1;1;6;72;20, LEDERMANN (RUE DU DO;;;;920
35436;201500039351;15;9;21;2115;5;2;1;2;1;72;168, GRANDE RUE;;;;920
35437;201500039352;15;9;24;1910;5;2;1;1;3;77;., LAROCHE (PLACE CHARLE;;;;920
35438;201500039353;15;10;1;1640;1;2;1;1;6;22;06 Bis, FRANCE (RUE ANAT;;;;920
35439;201500039354;15;10;7;615;5;2;1;2;6;72;., SEVRES (PONT DE);;;;920
35440;201500039355;15;10;21;1600;1;2;3;1;3;72;., LECLERC (AVENUE DE LA;;;;920
35441;201500039356;15;11;1;1800;5;2;2;1;6;77;LAROCHE (PLACE CHARLES);;;;920
35442;201500039357;15;11;4;1130;1;2;1;2;6;72;., SEVRES (PONT DE);;;;920
35443;201500039358;15;11;9;2020;5;2;2;1;3;77;09, HALPHEN (AVENUE);;;;920
35444;201500039359;15;11;13;1700;1;2;1;1;6;72;52, PAVE DES GARDES (ROU;;;;920
35445;201500039360;15;11;24;1702;5;2;1;2;6;77;02, MARNES (RUE DE);;;;920
35446;201500039361;15;11;24;1910;5;2;1;2;3;22;31, COTEAU (RUE DU);;;;920
35447;201500039362;15;12;8;1730;5;2;1;2;6;72;176, GRANDE RUE;;;;920
35448;201500039363;15;12;12;2050;5;2;2;1;3;72;., GRANDE RUE;;;;920
35449;201500039364;15;12;17;10;5;2;2;1;3;72;., GRANDE RUE;;;;920
35450;201500039365;15;12;23;740;5;2;1;2;3;72;., SAINT CLOUD (RUE DE);;;;920
35451;201500039366;15;1;18;2000;5;2;6;1;3;73;24, CROIX-DU-ROY (CARREF;;;;920
35452;201500039367;15;1;19;1220;1;2;4;1;6;73;14, TUILERIE (RUE DE LA);;;;920
35453;201500039368;15;1;24;1800;5;2;1;1;3;73;183, JAURES (AVENUE JEAN;;;;920
35454;201500039369;15;1;26;1820;5;2;2;2;7;73;70, JAURES (AVENUE JEAN);;;;920
35455;201500039370;15;1;27;815;2;2;1;1;3;73;93, FUSILLES DE LA RESIS;;;;920
35456;201500039371;15;1;27;850;1;2;3;1;7;73;01, NIEUPORT (RUE EDOUAR;;;;920
35457;201500039372;15;1;27;1500;1;2;6;1;3;73;1, HENRI IV (PLACE);;;;920
35458;201500039373;15;2;6;1635;1;2;1;1;7;73;8, FIZEAU (RUE);;;;920
35459;201500039374;15;2;9;950;1;2;3;1;6;73;, SELLIER (BOULEVARD HEN;;;;920
35460;201500039375;15;2;13;1830;5;2;1;2;7;73;15, BAC (RUE DU);;;;920
35461;201500039376;15;2;20;545;5;2;3;2;3;73;174, SELLIER (BOULEVARD;;;;920
35462;201500039377;15;3;3;1705;1;2;3;2;3;73;45, JAURES (AVENUE JEAN);;;;920
35463;201500039379;15;3;12;1930;5;2;2;1;3;73;12, MONGE (RUE MARCEL);;;;920
35464;201500039381;15;3;27;1924;2;2;3;1;3;73;119, WASHINGTON (BOULEVA;;;;920
35465;201500039382;15;3;29;1555;1;2;1;2;7;73;131, SELLIER (BOULEVARD;;;;920
35466;201500039383;15;4;8;1540;1;2;1;1;6;73;7, COURTIEUX (ESPLANADE;;;;920