;Num_Acc;an;mois;jour;hrmn;lum;agg;int;atm;col;com;adr;gps;lat;long;dep
35467;201500039385;15;4;10;1540;1;2;1;1;7;73;41, JAURES (AVENUE JEAN);;;;920
35468;201500039386;15;4;17;1524;1;2;3;1;3;73;31, GALLIENI (QUAI);;;;920
35469;201500039387;15;4;18;850;1;2;3;1;2;73;24, GALLIENI (QUAI);;;;920
35470;201500039388;15;4;20;1940;1;2;1;1;3;73;2, SAINT CLOUD (RUE DE);;;;920
35471;201500039390;15;4;24;955;1;2;1;1;6;73;5/7, CHEVREUL (RUE);;;;920
35472;201500039391;15;5;7;1410;1;2;3;1;3;73;27, DE GAULLE (AVENUE GE;;;;920
35473;201500039392;15;5;11;1435;1;2;1;1;3;73;1, PONT DE SURESNES;;;;920
35474;201500039393;15;5;18;1445;1;2;3;1;1;73;61, BAS ROGERS (RUE DES);;;;920
35475;201500039394;15;5;19;1435;1;2;1;1;3;73;1, BERNARD (AVENUE DU PR;;;;920
35476;201500039395;15;6;1;1930;1;2;3;1;3;73;14, BLUM (QUAI LEON);;;;920
35477;201500039396;15;6;4;2010;1;2;3;1;3;73;47, DE LATTRE DE TASSIGN;;;;920
35478;201500039398;15;6;5;1550;1;2;3;1;6;73;12, CARNOT (RUE);;;;920
35479;201500039400;15;6;8;1800;1;2;1;1;4;73;21, GALLIENI (QUAI);;;;920
35480;201500039401;15;6;9;825;1;2;3;1;1;73;82, DE LATTRE DE TASSIGN;;;;920
35481;201500039404;15;6;17;1800;1;2;3;1;3;73;21, RIVIERE (RUE DU COMM;;;;920
35482;201500039405;15;6;23;902;1;2;3;1;3;73;15, GALLIENI (QUAI);;;;920
35483;201500039406;15;6;23;1740;1;2;1;1;5;73;166, SELLIER (BOULEVARD;;;;920
35484;201500039407;15;6;29;1700;1;2;1;1;3;73;194, WASHINGTON (BOULEVA;;;;920
35485;201500039408;15;6;30;1930;1;2;6;1;2;73;24, CROIX-DU-ROY (CARREF;;;;920
35486;201500039410;15;7;3;2042;1;2;1;1;3;73;7, DASSAULT (QUAI MARCEL;;;;920
35487;201500039411;15;7;5;2130;2;2;3;1;7;73;, DE GAULLE (AVENUE GENE;;;;920
35488;201500039412;15;7;6;1027;1;2;1;1;4;73;140, SELLIER (BOULEVARD;;;;920
35489;201500039414;15;7;15;1635;1;2;1;1;6;73;120, SELLIER (BOULEVARD;;;;920
35490;201500039415;15;8;13;1930;1;2;3;2;6;73;, BERNARD (AVENUE DU PRO;;;;920
35491;201500039417;15;8;24;1545;1;2;1;1;3;73;90, BAS ROGERS (RUE DES);;;;920
35492;201500039418;15;9;5;120;5;2;3;1;4;73;1, DASSAULT (QUAI MARCEL;;;;920
35493;201500039419;15;9;5;1645;1;2;3;1;6;73;1, BERNARD (AVENUE DU PR;;;;920
35494;201500039420;15;9;16;1805;1;2;3;2;6;73;5, PAYRET DORTAIL (RUE M;;;;920
35495;201500039422;15;10;2;1840;1;2;3;1;6;73;4, POMPIDOU (AVENUE GEOR;;;;920
35496;201500039423;15;10;6;1340;1;2;1;2;2;73;148, LATTRE DE TASSIGNY;;;;920
35497;201500039424;15;10;8;1000;1;2;1;1;6;73;57, SELLIER (BOULEVARD H;;;;920
35498;201500039425;15;10;16;910;1;2;1;3;7;73;29, SELLIER (BOULEVARD H;;;;920
35499;201500039426;15;10;18;1937;2;2;1;1;2;73;1, GALLIENI (QUAI);;;;920
35500;201500039427;15;10;20;1625;1;2;1;1;3;73;159, SELLIER (BOULEVARD;;;;920
35501;201500039428;15;10;21;845;1;2;3;1;6;73;02, TOURNEROCHES (RUE DE;;;;920
35502;201500039429;15;10;22;1145;1;2;3;2;2;73;57, ROOSVELT (AVENUE FRA;;;;920
35503;201500039430;15;10;26;1710;2;2;3;1;6;73;2, JUIN (RUE DU MARECHAL;;;;920
35504;201500039431;15;10;29;1215;1;2;3;1;3;73;27, DE GAULLE (AVENUE GE;;;;920
35505;201500039432;15;10;30;1855;3;2;3;1;6;73;1, LONGCHAMP (ALLEE DE);;;;920
35506;201500039433;15;11;11;1055;1;2;3;1;6;73;10, BRIAND (BOULEVARD AR;;;;920
35507;201500039434;15;11;21;1055;1;2;2;1;3;73;SELLIER (BOULEVARD HENRI;;;;920
35508;201500039435;15;11;25;1510;1;2;3;3;5;73;7, DASSAULT (QUAI MARCEL;;;;920
35509;201500039436;15;11;27;1940;5;2;2;2;3;73;26, NOUVELLES (RUE DES);;;;920
35510;201500039437;15;12;1;1210;1;2;1;1;5;73;1, BLUM (QUAI LEON);;;;920
35511;201500039438;15;12;3;1730;2;2;2;1;3;73;1, CROIX-DU-ROY (CARREFO;;;;920
35512;201500039439;15;12;9;1320;1;2;1;1;3;73;116, SELLIER (BOULEVARD;;;;920
35513;201500039440;15;12;10;1015;1;2;2;8;7;73;66, JAURES (AVENUE JEAN);;;;920
35514;201500039441;15;12;10;1900;5;2;1;1;3;73;5, DASSAULT (QUAI MARCEL;;;;920
35515;201500039442;15;12;15;1400;1;2;2;2;3;73;2, SELLIER (BOULEVARD HE;;;;920
35516;201500039443;15;12;28;1300;1;2;3;1;3;73;167, JAURES (AVENUE JEAN;;;;920
35517;201500039444;15;1;8;1900;5;2;1;2;7;75;13 bis, LARMEROUX (RUE);;;;920
35518;201500039445;15;1;17;1150;1;2;7;1;3;46;., CLOS MONTHOLON (PLACE;;;;920
35519;201500039446;15;1;26;1535;1;2;2;1;7;75;., MARCEL MARTINIE (AVEN;;;;920
35520;201500039447;15;1;29;1755;5;2;3;2;6;46;., RAYMOND DAVID;;;;920
35521;201500039448;15;2;3;815;1;2;1;1;2;75;., ALBERT LEGRIS (CARREF;;;;920
35522;201500039449;15;1;27;730;2;2;2;1;7;46;134, PIERRE BROSSOLETTE;;;;920
35523;201500039450;15;2;8;1130;1;2;1;1;6;46;52, GABRIEL PERI;;;;920
35524;201500039451;15;2;11;1825;5;1;3;1;3;46;., Charles de gaulle;;;;920
35525;201500039452;15;2;13;2000;5;2;1;2;3;46;FACE 126, CAMELINAT;;;;920
35526;201500039453;15;2;25;1150;1;2;1;1;3;75;51-53, JEAN BLEUZEN;;;;920
35527;201500039454;15;2;28;1350;1;2;4;1;2;75;., JULLIEN (RUE);;;;920
35528;201500039455;15;3;4;845;1;2;1;1;3;46;210, PIERRE BROSSOLETTE;;;;920
35529;201500039456;15;3;4;1335;1;2;1;1;7;46;10, Jules Ferry;;;;920
35530;201500039457;15;3;6;2200;5;2;1;1;6;75;1, JACQUES JEZEQUEL (AVE;;;;920
35531;201500039458;15;3;11;1730;1;2;3;1;6;75;33, RAYMOND MARCHERON (R;;;;920
35532;201500039459;15;3;16;2150;5;2;1;1;3;75;44, RAYMOND MARCHERON (R;;;;920
35533;201500039461;15;3;31;1700;1;2;1;1;6;75;1, place du g?n?ral LECL;;;;920
35534;201500039462;15;4;1;1500;1;2;1;1;7;75;24, JEAN BLEUZEN;;;;920
35535;201500039463;15;4;1;1655;1;2;6;1;3;75;., CARREFOUR DE L'INSURR;;;;920
35536;201500039464;15;3;31;1900;1;2;3;1;3;46;., GABRIEL PERI;;;;920
35537;201500039465;15;4;3;1530;1;2;5;3;6;75;., REPUBLIQUE (RUE DE LA;;;;920
35538;201500039466;15;4;2;2310;5;2;1;2;6;46;2/4, PIERRE BROSSOLETTE;;;;920
35539;201500039467;15;4;13;830;1;2;1;1;2;75;., ERNEST LAVAL (RUE);;;;920
35540;201500039468;15;4;15;1830;1;2;1;1;2;75;47, LYCEE (BOULEVARD DU);;;;920
35541;201500039469;15;4;23;1040;1;2;4;1;7;46;1, CAMELINAT;;;;920
35542;201500039470;15;4;23;1830;2;2;3;1;2;46;1, RAYMOND DAVID;;;;920
35543;201500039472;15;5;5;720;2;2;6;2;7;75;., DE L'INSURRECTION CAR;;;;920
35544;201500039473;15;5;21;818;1;2;1;1;7;46;35, DE STALINGRAD;;;;920
35545;201500039474;15;5;26;850;1;2;7;1;3;75;1, CARREFOUR DE L'INSURR;;;;920
35546;201500039476;15;6;1;840;1;2;3;1;7;75;12, PAIX (AVENUE DE LA);;;;920
35547;201500039477;15;6;7;1655;1;2;2;1;7;46;1, CAMELINAT;;;;920
35548;201500039479;15;6;9;1920;1;1;3;1;3;75;5, JULLIEN (RUE);;;;920
35549;201500039480;15;6;14;2155;2;2;1;1;7;46;55, Charles de gaulle;;;;920
35550;201500039481;15;6;16;1930;1;2;6;1;7;46;., DE STALINGRAD;;;;920
35551;201500039482;15;6;23;1840;1;2;1;2;6;75;5, FRERES CHAPELLE (RUE;;;;920
35552;201500039483;15;6;29;100;5;2;1;1;6;75;35, PAIX (AVENUE DE LA);;;;920
35553;201500039484;15;6;30;1610;1;2;2;1;2;46;63, GABRIEL PERI;;;;920
35554;201500039485;15;7;6;1840;1;2;3;1;7;46;75, PIERRE LAROUSSE (AVE;;;;920
35555;201500039487;15;7;8;330;5;2;2;1;3;46;1, GABRIEL PERI;;;;920
35556;201500039488;15;7;11;1950;1;2;3;1;7;46;1, VOLTAIRE (RUE);;;;920
35557;201500039489;15;7;17;2030;1;2;3;1;7;75;., VICTOR HUGO (AVENUE);;;;920
35558;201500039490;15;7;18;1215;1;2;2;1;7;46;RAYMOND FASSIN (RUE);;;;920
35559;201500039491;15;8;10;1620;1;2;3;1;7;46;2, ETIENNE DOLET (RUE);;;;920
35560;201500039493;15;9;13;1420;1;2;1;1;3;46;177, PIERRE BROSSOLETTE;;;;920
35561;201500039494;15;9;16;835;1;2;1;1;7;46;124, GABRIEL PERI;;;;920
35562;201500039495;15;9;20;1925;1;2;3;1;3;46;1, DE STALINGRAD;;;;920
35563;201500039496;15;9;21;1555;1;2;3;1;3;46;1, PIERRE BROSSOLETTE;;;;920
35564;201500039498;15;9;25;1245;1;2;6;1;7;75;71, JEAN JAURES (AVENUE);;;;920
35565;201500039499;15;9;29;1730;1;2;3;1;3;75;., JEAN BLEUZEN;;;;920
35566;201500039500;15;10;2;1030;1;2;2;1;3;46;., NICOMEDES PASCUAL (RU;;;;920
35567;201500039501;15;10;2;2120;5;2;1;1;7;75;40, LYCEE (BOULEVARD DU);;;;920
35568;201500039502;15;10;9;2110;5;2;1;1;7;46;33, DE STALINGRAD;;;;920
35569;201500039503;15;10;10;1130;1;2;3;1;3;46;1, GABRIEL PERI;;;;920
35570;201500039504;15;10;14;1830;1;2;4;1;3;75;3, LYCEE (BOULEVARD DU);;;;920
35571;201500039505;15;10;16;1300;1;2;1;1;7;46;32, DE STALINGRAD;;;;920
35572;201500039506;15;10;16;1140;1;2;1;1;7;75;13, LARMEROUX (RUE);;;;920
35573;201500039507;15;10;21;1850;2;2;3;1;3;75;13, LYCEE (BOULEVARD DU);;;;920
35574;201500039508;15;10;25;2035;5;2;2;1;3;46;GABRIEL PERI;;;;920
35575;201500039509;15;10;28;1405;1;1;1;1;7;75;20, MARCEL YOL (RUE);;;;920
35576;201500039510;15;10;28;1945;5;2;3;1;3;46;1, Avenue Pierre Larouss;;;;920
35577;201500039511;15;10;31;2115;5;2;1;1;3;75;12, LARMEROUX (RUE);;;;920
35578;201500039512;15;11;2;1450;1;2;3;1;3;46;1, Charles de gaulle;;;;920
35579;201500039514;15;11;6;310;5;2;2;1;7;46;1, FRERES VIGOUROUX (RUE;;;;920
35580;201500039515;15;11;18;805;1;2;1;1;2;75;18, DE GAULLE (AVENUE DU;;;;920
35581;201500039516;15;11;24;1400;1;2;6;1;2;75;CARREFOUR DE L'INSURRECT;;;;920
35582;201500039517;15;11;25;1830;5;2;4;2;7;46;153, GABRIEL PERI;;;;920
35583;201500039518;15;11;26;1155;1;2;2;1;1;46;1, AVAULEE (RUE);;;;920
35584;201500039519;15;12;1;1350;1;2;1;1;7;75;24, LARMEROUX (RUE);;;;920
35585;201500039520;15;12;2;1550;1;2;1;1;6;75;92, SADI CARNOT (RUE);;;;920
35586;201500039521;15;12;10;1905;5;2;1;1;2;46;., CAMELINAT;;;;920
35587;201500039523;15;12;18;1510;1;2;1;1;7;46;1, DE STALINGRAD;;;;920
35588;201500039524;15;1;2;1640;1;2;1;1;2;78;0, LONGUE BERTRANE (RUE);;;;920
35589;201500039525;15;1;4;1340;1;2;1;1;7;78;20, HAUT DE LA NOUE (RUE;;;;920
35590;201500039526;15;1;9;940;1;2;1;8;3;78;36, MARC SANGNIER (AVENU;;;;920
35591;201500039527;15;1;15;755;2;2;2;1;3;78;VERDUN (AVENUE) (IMPAIRS;;;;920
35592;201500039528;15;1;22;2005;5;2;1;1;6;78;0, ASNIERES (QUAI);;;;920
35593;201500039529;15;2;2;1130;2;2;2;1;3;78;1, VERDUN (AVENUE) (IMPA;;;;920
35594;201500039530;15;3;28;2330;5;2;1;1;6;78;4, GALLIENI (BD) (1 A 79;;;;920
35595;201500039531;15;4;14;1130;1;2;1;1;6;78;35, JEAN MOULIN (AVENUE);;;;920
35596;201500039532;15;4;14;1645;1;2;1;1;6;78;28, VERDUN (AVENUE) (IMP;;;;920
35597;201500039533;15;4;26;2025;2;2;1;9;3;78;0, VERDUN (AVENUE) (IMPA;;;;920
35598;201500039534;15;5;6;1435;1;2;2;1;3;78;0, VERDUN (AVENUE) (N° P;;;;920
35599;201500039535;15;5;14;1140;1;2;1;1;4;78;60, CHARLES DE GAULLE (B;;;;920
35600;201500039536;15;5;13;1215;1;2;1;1;6;78;4, GALLIENI (BD) (1 A 79;;;;920
35601;201500039537;15;6;1;1515;1;2;2;1;3;78;1, VIEUX CHEMIN DE ST DE;;;;920
35602;201500039538;15;6;10;1735;1;2;1;1;6;78;10, HAUT DE LA NOUE (RUE;;;;920
35603;201500039539;15;7;8;1315;1;2;1;2;4;78;1, MOULIN CAGE (QUAI);;;;920
35604;201500039540;15;7;9;1135;1;2;1;1;7;78;VERDUN (AVENUE) (PAIRS 2;;;;920
35605;201500039541;15;7;9;1535;1;2;1;1;7;78;287, CHARLES DE GAULLE (;;;;920
35606;201500039542;15;7;13;1740;1;2;1;1;4;78;0, MOULIN CAGE (QUAI);;;;920
35607;201500039543;15;7;18;230;5;2;1;1;3;78;2, GEORGES POMPIDOU (AVE;;;;920
35608;201500039544;15;7;18;1840;1;2;3;1;3;78;VIEUX CHEMIN DE ST DENIS;;;;920
35609;201500039545;15;7;23;1005;1;2;1;1;3;78;28, VERDUN (AVENUE) (PAI;;;;920
35610;201500039546;15;8;15;1200;1;2;1;1;3;78;2, VIEUX CHEMIN DE ST DE;;;;920
35611;201500039547;15;9;21;1840;1;2;1;1;3;78;42, VERDUN (AVENUE) (N°;;;;920
35612;201500039548;15;10;2;1015;1;2;1;1;3;78;28, VERDUN (AVENUE) (PAI;;;;920
35613;201500039549;15;10;19;1431;1;2;6;1;3;78;0, RENIERS (AVENUE CHEMI;;;;920
35614;201500039550;15;10;31;1045;1;2;1;1;3;78;27, LONGUE BERTRANE (RUE;;;;920
35615;201500039551;15;11;3;1525;1;2;1;1;6;78;4, GALLIENI (BD) (1 A 79;;;;920
35616;201500039552;15;12;8;1345;1;2;3;2;1;78;0, VERDUN (AVENUE) (PAIR;;;;920
35617;201500039553;15;11;7;1940;3;2;1;1;2;78;5, MOULIN CAGE (QUAI);;;;920
35618;201500039554;15;12;16;1220;1;2;1;1;7;78;38, VERDUN (AVENUE) (N°;;;;920
35619;201500039555;15;12;21;2310;5;2;3;2;1;78;0, FOND DE LA NOUE (RUE);;;;920
35620;201500039556;15;12;27;1705;5;2;1;1;7;78;1, GALLIENI (BD) (154 ET;;;;920
35621;201500039558;15;1;21;2055;5;2;1;1;6;62;*****, DEFENSE (ROND POI;;;;920
35622;201500039560;15;2;19;1240;1;2;2;1;7;26;BOULEVARD CIRCULAIRE;;;;920
35623;201500039562;15;4;7;1630;1;2;3;1;2;62;RCE CHERBOURG/CIRCULAIRE;;;;920
35624;201500039563;15;4;22;1500;1;2;1;1;7;62;01, MICHELET (RUE);;;;920
35625;201500039564;15;4;24;130;5;2;2;1;3;26;BOULEVARD CIRCULAIRE;;;;920
35626;201500039565;15;5;20;1230;1;2;1;1;3;26;BOULEVARD CIRCULAIRE;;;;920
35627;201500039566;15;5;27;300;5;2;1;1;7;26;BOULEVARD CIRCULAIRE;;;;920
35628;201500039569;15;7;15;2110;1;1;1;1;2;62;BOULEVARD CIRCULAIRE;;;;920
35629;201500039570;15;7;17;1935;1;2;1;1;3;26;BOULEVARD CIRCULAIRE;;;;920
35630;201500039571;15;8;5;2030;2;2;1;1;7;62;Paul LAFARGUE;;;;920
35631;201500039572;15;8;29;130;5;2;3;1;3;26;9, ANDRE PROTHIN (AVENUE;;;;920
35632;201500039573;15;9;18;1800;1;2;1;1;7;26;MEDIANE;;;;920
35633;201500039574;15;9;24;2020;2;2;1;1;6;62;GENERAL DE GAULLE (AVENU;;;;920
35634;201500039576;15;10;13;1835;1;2;1;1;7;62;BLD KUPKA;;;;920
35635;201500039577;15;11;10;955;1;2;1;1;2;26;ALBERT GLEIZES (AVENUE);;;;920
35636;201500039578;15;11;10;1530;1;2;1;1;7;62;1, GENERAL DE GAULLE (AV;;;;920
35637;201500039580;15;12;29;1900;5;2;1;1;3;62;VOIE PERONNET NORD;;;;920
35638;201500039581;15;11;30;1900;2;2;1;1;3;62;PERRONET NORD ET SUD;;;;920
35639;201500039582;15;12;5;1100;1;2;1;1;4;26;06, DIVISION LECLERC (AV;;;;920
35640;201500039583;15;12;15;1940;2;2;1;3;3;26;BOULEVARD CIRCULAIRE;;;;920
35641;201500039584;15;12;29;655;2;2;1;2;6;26;DIVISION LECLERC (AVENUE;;;;920
35642;201500039585;15;1;14;1505;1;2;1;1;2;1;10, ADRIEN AGNES (QUAI);;;;930
35643;201500039586;15;1;16;845;2;2;1;1;2;1;110, DANIELLE CASANOVA (;;;;930
35644;201500039587;15;1;19;2050;5;2;2;1;6;1;JEAN JAURES (AVE)  => 53;;;;930
35645;201500039588;15;1;14;210;5;2;3;2;6;1;JEAN JAURES  (AVE)  157;;;;930
35646;201500039589;15;1;22;1200;1;2;1;1;6;1;118, HELENE COCHENNEC (R;;;;930
35647;201500039590;15;1;24;1930;5;2;3;1;6;1;LOPEZ ET JULES MARTIN (R;;;;930
35648;201500039591;15;1;25;1643;1;2;1;1;6;1;8, MOUTIER (RUE DU)  =>;;;;930
35649;201500039592;15;1;26;1430;1;2;1;2;2;1;121, VICTOR HUGO (AVE);;;;930
35650;201500039593;15;1;30;1320;1;2;2;2;2;1;ACHILLE DOMART (RUE);;;;930
35651;201500039594;15;2;4;1420;1;2;1;1;6;1;2, EDOUARD POISSON  (RUE;;;;930
35652;201500039595;15;2;7;1605;1;2;1;1;6;1;120, VICTOR HUGO (AVE);;;;930
35653;201500039596;15;2;9;1648;1;2;1;1;2;1;52, PRESIDENT ROOSEVELT;;;;930
35654;201500039597;15;2;10;1435;1;2;1;1;6;1;21-23, ANATOLE FRANCE  (;;;;930
35655;201500039598;15;2;11;1010;1;2;1;1;3;1;21/23, LUCIEN LEFRANC (Q;;;;930
35656;201500039600;15;2;14;120;5;2;3;2;3;1;FELIX FAURE (BLD) => 121;;;;930
35657;201500039601;15;2;18;1120;1;2;1;1;6;1;14, FILLETTES (RUE DES);;;;930
35658;201500039602;15;2;19;2040;5;2;1;1;3;1;51 JEAN JAURES (AVE)  =;;;;930
35659;201500039603;15;2;20;1020;1;2;1;2;6;1;10 BIS, COURNEUVE (RUE D;;;;930
35660;201500039605;15;2;25;1115;1;2;1;1;2;1;75, FELIX FAURE (BLD) =>;;;;930
35661;201500039606;15;3;1;1545;1;2;1;1;6;1;145, DANIELLE CASANOVA (;;;;930
35662;201500039607;15;3;2;1500;1;2;3;7;2;1;FELIX FAURE (BLD)  => 11;;;;930
35663;201500039608;15;2;25;1220;1;2;1;1;2;1;44, ANATOLE FRANCE (BLD);;;;930
35664;201500039609;15;3;4;1250;1;2;1;1;6;1;127, JEAN JAURES (AVE) 5;;;;930
35665;201500039610;15;3;10;945;1;2;1;1;2;1;221, FELIX FAURE (BLD) =;;;;930
35666;201500039611;15;3;13;1645;1;2;3;1;3;1;JEAN JAURES  (AVE)  157;;;;930
35667;201500039612;15;3;15;5;5;2;3;2;3;1;DANIELLE CASANOVA (RUE);;;;930
35668;201500039613;15;3;16;1120;1;2;1;1;6;1;148, VICTOR HUGO (AVE);;;;930
35669;201500039614;15;3;18;1120;1;2;1;1;6;1;50, PONT BLANC.CHARLES T;;;;930
35670;201500039615;15;3;22;1635;1;2;1;1;2;1;217, JEAN JAURES (AVE) 5;;;;930
35671;201500039616;15;3;23;815;1;2;1;1;3;1;172, JEAN JAURES (AVE);;;;930
35672;201500039618;15;4;3;1430;1;2;1;2;2;1;23, JEAN JAURES (AVE)  =;;;;930
35673;201500039619;15;4;3;1900;2;2;1;2;5;1;52, SAINT-DENIS (RUE DE);;;;930
35674;201500039620;15;4;7;1825;1;2;1;1;6;1;130, HENRI BARBUSSE (RUE;;;;930
35675;201500039621;15;4;8;1745;1;2;1;1;6;1;39, ALFRED JARRY (RUE);;;;930
35676;201500039622;15;4;17;1800;1;1;9;1;6;1;07, PAUL ELUARD (ALLEE);;;;930
35677;201500039624;15;4;21;1500;1;2;1;1;6;1;100, REPUBLIQUE (AVE DE;;;;930
35678;201500039625;15;4;22;1700;1;2;1;1;6;1;HAIE COQ (RUE DE LA ) 93;;;;930
35679;201500039626;15;4;26;1910;1;2;3;2;3;1;10, REPUBLIQUE (AVE DE L;;;;930
35680;201500039627;15;4;28;1150;1;2;2;1;6;1;45 bis, PRESIDENT ROOSEV;;;;930
35681;201500039628;15;4;29;1150;1;2;1;1;2;1;213, JEAN JAURES  (AVE);;;;930
35682;201500039629;15;4;30;1350;1;2;1;3;3;1;36, LANDY (RUE DU) 34/29;;;;930
35683;201500039630;15;5;2;1115;1;2;3;2;3;1;10, REPUBLIQUE (AVE DE L;;;;930
35684;201500039631;15;5;9;920;1;2;1;1;6;1;165, JEAN JAURES (AVE) 5;;;;930
35685;201500039632;15;5;18;1045;1;2;1;1;6;1;27, FIRMIN GEMIER (RUE);;;;930
35686;201500039633;15;5;21;1715;1;2;1;1;6;1;30 BIS, POSTES (RUE DES);;;;930
35687;201500039634;15;6;5;1709;1;2;9;1;6;1;243, JEAN JAURES (AVE);;;;930
35688;201500039635;15;6;8;1830;1;2;1;1;5;1;63, JEAN JAURES  (AVE);;;;930
35689;201500039636;15;6;10;1800;1;2;1;1;6;1;6, WALDECK ROCHET (RUE);;;;930
35690;201500039637;15;6;12;1645;1;2;1;1;6;1;156, DANIELLE CASANOVA (;;;;930
35691;201500039639;15;6;12;1900;1;2;1;1;3;1;, LEOPOLD RECHOSSIERE (R;;;;930
35692;201500039640;15;6;13;2030;1;2;3;1;6;1;JEAN JAURES  (AVE)  157;;;;930
35693;201500039641;15;6;16;1840;1;2;1;1;6;1;SAINT-DENIS (RUE DE);;;;930
35694;201500039642;15;6;17;800;1;2;1;1;3;1;51, PRESLES (RUE DE);;;;930
35695;201500039643;15;6;17;1807;1;2;1;1;3;1;139, VICTOR HUGO (AVE);;;;930
35696;201500039644;15;6;20;2100;2;2;3;1;6;1;213, JEAN JAURES  (AVE);;;;930
35697;201500039645;15;6;21;930;1;2;2;1;3;1;DANIELLE CASANOVA (RUE);;;;930
35698;201500039646;15;6;23;1100;1;2;1;1;6;1;9, DOCTEUR PESQUE (RUE D;;;;930
35699;201500039647;15;6;23;1945;1;2;3;1;3;1;64, ANATOLE FRANCE (BLD);;;;930
35700;201500039649;15;6;29;1545;1;2;1;1;3;1;54, PRESIDENT ROOSEVELT;;;;930
35701;201500039650;15;6;29;2050;1;2;1;1;3;1;158, VICTOR HUGO (AVE);;;;930
35702;201500039651;15;7;1;1220;1;2;1;1;6;1;156, DANIELLE CASANOVA (;;;;930
35703;201500039652;15;7;8;34;5;2;1;1;6;1;JEAN JAURES (AVE)  215 =;;;;930
35704;201500039653;15;7;9;1028;1;2;1;1;4;1;187, JEAN JAURES  (AVE);;;;930
35705;201500039654;15;7;9;1525;1;2;1;1;2;1;25, PONT BLANC.CHARLES T;;;;930
35706;201500039655;15;7;9;1915;1;2;1;1;2;1;21, PONT BLANC.CHARLES T;;;;930
35707;201500039656;15;7;11;955;1;2;1;1;6;1;101, JEAN JAURES (AVE) 5;;;;930
35708;201500039657;15;7;11;1650;1;2;1;1;2;1;185, JEAN JAURES  (AVE);;;;930
35709;201500039658;15;7;12;335;5;2;2;1;2;1;131, JEAN JAURES (AVE) 5;;;;930
35710;201500039659;15;7;23;1730;1;2;3;1;3;1;114, PONT BLANC.CHARLES;;;;930
35711;201500039660;15;7;29;105;5;2;1;1;6;1;185, JEAN JAURES  (AVE);;;;930
35712;201500039661;15;7;29;2330;5;2;1;1;2;1;21, PONT BLANC.CHARLES T;;;;930
35713;201500039662;15;8;4;135;5;2;1;1;3;1;PRESLES (RUE DE);;;;930
35714;201500039663;15;8;7;1055;1;2;1;1;6;1;84 BIS, REPUBLIQUE (AVE;;;;930
35715;201500039664;15;8;10;1810;1;2;1;1;3;1;55, VICTOR HUGO (AVE)  =;;;;930
35716;201500039665;15;8;12;1340;1;2;1;1;2;1;66, SCHAEFFER (RUE);;;;930
35717;201500039667;15;8;15;1310;1;2;1;1;3;1;127, JEAN JAURES (AVE) 5;;;;930
35718;201500039668;15;8;19;235;5;2;2;1;3;1;93, HEURTAULT (RUE);;;;930
35719;201500039669;15;8;20;1655;1;2;2;8;3;1;18, CREVECOEUR  (RUE) =>;;;;930
35720;201500039670;15;8;21;1400;1;2;2;1;3;1;178, JEAN JAURES (AVE);;;;930
35721;201500039671;15;8;22;2015;2;2;1;1;5;1;39, REPUBLIQUE (AVE DE L;;;;930
35722;201500039672;15;8;24;1400;1;2;1;2;1;1;27, VICTOR HUGO (AVE)  N;;;;930
35723;201500039673;15;8;25;1000;1;2;6;1;6;1;, LUCIEN LEFRANC (QUAI);;;;930
35724;201500039674;15;8;26;930;1;2;2;1;6;1;WALDECK ROCHET (RUE);;;;930
35725;201500039675;15;8;26;2100;5;2;3;2;3;1;ECOLES (RUE DES)  => 23/;;;;930
35726;201500039676;15;8;28;1950;1;2;1;1;3;1;10, LATERAL-NORD (CHEMIN;;;;930
35727;201500039677;15;9;10;910;1;2;1;1;2;1;JEAN JAURES (AVE)  => 53;;;;930
35728;201500039678;15;9;12;1845;1;2;1;2;6;1;95, JEAN JAURES (AVE) 55;;;;930
35729;201500039679;15;9;13;1650;1;2;2;1;6;1;213, JEAN JAURES  (AVE);;;;930
35730;201500039680;15;9;13;1835;1;2;1;1;6;1;20, ANATOLE FRANCE (BLD);;;;930
35731;201500039681;15;9;14;1250;1;2;1;1;6;1;157, ANDRE KARMAN (RUE);;;;930
35732;201500039682;15;9;17;1035;1;2;1;1;6;1;39, REPUBLIQUE (AVE DE L;;;;930
35733;201500039685;15;10;1;2015;5;2;1;1;6;1;66, HENRI BARBUSSE (RUE);;;;930
35734;201500039686;15;10;2;1720;1;2;1;1;6;1;156, DANIELLE CASANOVA (;;;;930
35735;201500039687;15;10;7;920;1;2;1;1;3;1;84, SAINT-DENIS (RUE DE);;;;930
35736;201500039688;15;10;8;1155;1;2;1;1;3;1;142, FELIX FAURE (BLD);;;;930
35737;201500039689;15;10;9;1530;1;2;1;1;6;1;21-23, LUCIEN LEFRANC (Q;;;;930
35738;201500039690;15;10;11;1140;1;2;1;1;3;1;113/115, FELIX FAURE (BL;;;;930
35739;201500039691;15;10;13;1950;2;2;1;1;3;1;218, FELIX FAURE (BLD) =;;;;930
35740;201500039692;15;10;19;1800;2;2;5;1;6;1;90, VICTOR HUGO (AVE)  =;;;;930
35741;201500039693;15;10;20;1745;1;2;1;1;6;1;65, CITES (RUE DES)  =>;;;;930
35742;201500039694;15;10;22;1030;1;2;1;8;2;1;70, FELIX FAURE (BLD) =>;;;;930
35743;201500039695;15;10;23;1340;1;1;1;1;2;1;, WALDECK ROCHET (RUE);;;;930
35744;201500039696;15;10;24;1305;1;2;9;1;6;1;1, REPUBLIQUE (AVE DE LA;;;;930
35745;201500039697;15;10;24;1325;1;2;1;1;6;1;55, JEAN JAURES (AVE) 55;;;;930
35746;201500039698;15;10;27;1130;1;2;1;1;6;1;80, REPUBLIQUE (AVE DE L;;;;930
35747;201500039699;15;10;30;1615;1;2;2;1;6;1;19, VICTOR HUGO (AVE)  N;;;;930
35748;201500039700;15;10;31;1340;1;2;1;1;6;1;193, VICTOR HUGO (AVE);;;;930
35749;201500039701;15;11;7;1250;1;2;1;1;6;1;02, REPUBLIQUE (AVE DE L;;;;930
35750;201500039703;15;11;8;1815;3;2;1;1;6;1;5, JEAN JAURES (AVE)  =>;;;;930