;Num_Acc;an;mois;jour;hrmn;lum;agg;int;atm;col;com;adr;gps;lat;long;dep
35751;201500039704;15;11;11;1850;5;2;1;1;6;1;106, REPUBLIQUE (AVE DE;;;;930
35752;201500039705;15;11;20;815;1;2;1;3;6;1;136, REPUBLIQUE (AVE DE;;;;930
35753;201500039706;15;11;22;1355;1;2;2;1;3;1;22, ANATOLE FRANCE (BLD);;;;930
35754;201500039707;15;11;22;2325;5;2;1;1;3;1;183, JEAN JAURES  (AVE);;;;930
35755;201500039708;15;11;26;1510;1;2;1;1;6;1;80, REPUBLIQUE (AVE DE L;;;;930
35756;201500039709;15;11;26;1805;5;2;2;1;6;1;149, LEOPOLD RECHOSSIERE;;;;930
35757;201500039711;15;12;3;1420;1;2;1;1;3;1;27, FILLETTES (RUE DES);;;;930
35758;201500039712;15;12;5;2250;5;2;1;1;6;1;HELENE COCHENNEC (RUE);;;;930
35759;201500039713;15;12;9;1330;1;2;2;1;6;1;VICTOR HUGO (AVE)  => 12;;;;930
35760;201500039714;15;12;10;520;5;2;2;1;3;1;48, HENRI BARBUSSE (RUE);;;;930
35761;201500039715;15;12;13;1220;1;2;1;1;6;1;171, CITES (RUE DES)  =>;;;;930
35762;201500039716;15;12;13;2010;5;2;1;1;6;1;39, REPUBLIQUE (AVE DE L;;;;930
35763;201500039717;15;12;17;1145;1;2;3;1;3;1;67 VICTOR HUGO (AVE)  =;;;;930
35764;201500039718;15;12;18;1130;1;2;1;1;2;1;23, MADELEINE VIONNET(RU;;;;930
35765;201500039719;15;12;28;1245;1;2;6;1;3;1;HENRI-ROL TANGUY (PLACE);;;;930
35766;201500039720;15;1;9;1800;3;1;1;8;4;5;RAOUL DUFY (AVENUE);;;;930
35767;201500039721;15;1;13;1415;1;2;1;2;1;5;6, AUGUSTE BLANQUI (RUE);;;;930
35768;201500039722;15;1;20;1239;1;2;1;1;6;5;MITRY [CD115] (ROUTE DE);;;;930
35769;201500039723;15;1;20;1900;5;2;8;1;6;5;PREFET CHALEIL (CD44) (R;;;;930
35770;201500039724;15;2;4;840;1;1;1;4;7;5;ROBERT BREMOND (RUE);;;;930
35771;201500039725;15;2;5;1430;1;2;1;1;6;5;FERNAND HERBAUD (RUE);;;;930
35772;201500039726;15;2;6;1515;1;2;1;1;3;5;COttAGE (AVENUE du;;;;930
35773;201500039727;15;2;6;1715;1;2;1;1;2;5;ANDRE CITROEN (BOULEVARD;;;;930
35774;201500039728;15;2;9;1310;1;2;1;1;1;5;LEFEVRE (BOULEVARD);;;;930
35775;201500039729;15;2;11;2225;5;2;3;1;1;5;108, MITRY [CD115] (RUE;;;;930
35776;201500039730;15;2;13;915;1;2;1;1;3;5;GEORGES BRAQUE (BOULEVAR;;;;930
35777;201500039731;15;2;20;850;1;2;1;2;6;5;JACQUES DUCLOS [CD44] (R;;;;930
35778;201500039732;15;2;21;2145;5;2;1;1;3;5;JACQUES DUCLOS [CD44] (R;;;;930
35779;201500039733;15;2;24;750;1;2;1;1;6;5;PREFET CHALEIL (CD44) (R;;;;930
35780;201500039734;15;2;24;2030;5;2;2;1;2;5;MOULIN A VENT (RUE DU);;;;930
35781;201500039735;15;2;24;2030;5;2;1;1;6;5;MITRY [CD115] (ROUTE DE);;;;930
35782;201500039736;15;2;27;115;3;2;9;2;6;5;RAOUL DUFY (AVENUE);;;;930
35783;201500039737;15;3;4;1530;1;2;1;1;1;5;29, LEFEVRE (BOULEVARD);;;;930
35784;201500039738;15;3;12;1110;1;2;3;1;6;5;RAOUL DUFY (AVENUE);;;;930
35785;201500039739;15;3;16;1620;1;2;2;1;6;5;SALVADOR ALLENDE (COURS);;;;930
35786;201500039740;15;3;22;1235;1;2;1;1;4;5;GEORGES BRAQUE (BOULEVAR;;;;930
35787;201500039741;15;3;23;30;5;2;1;1;3;5;JEAN CHARCOT [CD115] (RU;;;;930
35788;201500039743;15;3;23;1910;2;2;9;1;6;5;EDGAR DEGAS (RUE);;;;930
35789;201500039744;15;3;24;2200;2;2;1;2;1;5;JACQUES DUCLOS [CD44] (R;;;;930
35790;201500039745;15;3;26;1150;1;2;1;2;6;5;25, ARTHUR CHEVALIER (RU;;;;930
35791;201500039746;15;3;27;620;1;2;1;1;6;5;PAUL CEZANNE (RUE);;;;930
35792;201500039747;15;3;27;1620;1;2;1;1;2;5;RAOUL DUFY (AVENUE);;;;930
35793;201500039748;15;3;28;1430;1;2;1;1;6;5;19, MOULIN DE LA VILLE (;;;;930
35794;201500039749;15;3;29;1920;2;1;1;2;2;5;, EUROPE (CARREFOUR DE L;;;;930
35795;201500039750;15;3;30;1625;1;2;1;1;6;5;46, MOULIN DE LA VILLE (;;;;930
35796;201500039752;15;4;11;917;1;2;1;1;6;5;JACQUES DUCLOS [CD44] (R;;;;930
35797;201500039753;15;4;13;1500;1;2;1;1;5;5;MARC CHAGALL (BOULEVARD);;;;930
35798;201500039754;15;4;14;2045;2;2;1;1;6;5;GEORGES BRAQUE (BOULEVAR;;;;930
35799;201500039755;15;4;15;900;1;2;3;1;3;5;PREFET CHALEIL (CD44) (R;;;;930
35800;201500039756;15;4;27;1540;1;2;1;1;6;5;EDGAR DEGAS (RUE);;;;930
35801;201500039757;15;4;28;1940;1;2;1;1;2;5;PAUL CEZANNE (RUE);;;;930
35802;201500039759;15;7;28;1710;1;2;1;1;6;71;0 DUMONT D'URVILLE (AVE;;;;930
35803;201500039760;15;4;30;1000;1;2;2;2;3;5;43, PIERRE JOUHET (AVENU;;;;930
35804;201500039761;15;5;2;1730;1;2;1;2;3;5;SALVADOR ALLENDE (COURS);;;;930
35805;201500039762;15;5;4;850;1;2;1;1;6;5;LEON (RUE);;;;930
35806;201500039763;15;5;4;1400;1;2;1;1;3;5;JEAN MONET (CARREFOUR);;;;930
35807;201500039765;15;5;8;1030;1;2;9;1;5;5;EUROPE (CARREFOUR DE L');;;;930
35808;201500039766;15;5;9;1200;1;2;9;1;1;5;JULES PRINCET [CD115] (R;;;;930
35809;201500039767;15;5;13;10;5;2;2;1;6;5;105, JACQUES DUCLOS [CD4;;;;930
35810;201500039768;15;5;13;2345;5;2;1;2;6;5;CLOS D'ARCON (RUE DU);;;;930
35811;201500039769;15;5;14;2300;5;2;1;2;6;5;PREFET CHALEIL (CD44) (R;;;;930
35812;201500039770;15;5;16;950;1;2;1;1;2;5;JACQUES DUCLOS [CD44] (R;;;;930
35813;201500039771;15;5;17;150;5;2;1;1;5;5;SUZANNE LENGLEN (AVENUE);;;;930
35814;201500039772;15;5;17;2135;5;2;1;1;3;5;59, PAUL CEZANNE (RUE);;;;930
35815;201500039773;15;5;24;1543;1;2;3;1;6;5;101, MITRY [CD115] (ROUT;;;;930
35816;201500039774;15;5;25;2140;5;2;3;1;3;5;EDGAR DEGAS (RUE);;;;930
35817;201500039775;15;5;26;1158;1;2;1;1;2;5;ROBERT SCHUMAN (CARREFOU;;;;930
35818;201500039776;15;5;30;1725;1;2;1;1;6;5;neant, REMBRANDT (RUE);;;;930
35819;201500039777;15;5;31;1610;1;2;3;2;6;5;89, MAXIMILIEN ROBESPIER;;;;930
35820;201500039778;15;12;4;1709;2;2;2;1;3;71;0 EDISON (RUE);;;;930
35821;201500039779;15;6;1;1149;1;2;1;1;6;5;20, SEVERINE (RUE);;;;930
35822;201500039780;15;6;2;1320;1;2;1;1;3;5;JACQUES DUCLOS [CD44] (R;;;;930
35823;201500039781;15;6;9;1715;1;1;1;1;6;5;JEAN MONET (CARREFOUR);;;;930
35824;201500039782;15;6;9;1905;1;2;1;1;6;5;PARINOR;;;;930
35825;201500039783;15;6;13;2000;1;2;1;1;6;5;GENERAL DE GAULLE (PLACE;;;;930
35826;201500039784;15;12;15;940;1;2;1;1;2;71;0 GABRIEL PERI (RUE);;;;930
35827;201500039785;15;6;15;1135;1;2;1;1;3;5;MARC CHAGALL (BOULEVARD);;;;930
35828;201500039786;15;6;15;1701;1;2;1;1;6;5;DIVISION LECLERC (RUE DE;;;;930
35829;201500039787;15;6;17;1430;1;1;1;1;6;5;PAUL CEZANNE (RUE);;;;930
35830;201500039788;15;6;18;1510;1;2;1;1;3;5;JEAN CHARCOT [CD115] (RU;;;;930
35831;201500039789;15;6;19;1700;1;2;1;1;6;5;EDGAR DEGAS (RUE);;;;930
35832;201500039790;15;6;26;2006;1;2;1;1;6;5;MAXIMILIEN ROBESPIERRE (;;;;930
35833;201500039791;15;6;28;1520;1;2;1;1;6;5;MITRY [CD115] (RUE DE);;;;930
35834;201500039792;15;6;30;200;3;1;1;1;7;5;MARC CHAGALL (BOULEVARD);;;;930
35835;201500039793;15;6;30;1600;1;2;1;1;2;5;MITRY [CD115] (ROUTE DE);;;;930
35836;201500039794;15;7;1;830;1;2;1;1;6;5;JULES PRINCET [CD115] (R;;;;930
35837;201500039795;15;7;1;1630;1;2;2;1;3;5;CHARLES FLOQUET (BOULEVA;;;;930
35838;201500039798;15;7;12;1900;1;2;1;1;6;5;JACQUES DUCLOS [CD44] (R;;;;930
35839;201500039799;15;7;13;1420;1;2;2;1;3;5;GAMBETTA (AVENUE);;;;930
35840;201500039801;15;7;17;2000;1;2;1;1;5;5;ROSIERS (AVENUE DES);;;;930
35841;201500039802;15;7;23;2220;5;2;2;1;3;5;, STRASBOURG (BOULEVARD;;;;930
35842;201500039803;15;7;25;2125;2;2;2;1;3;5;HENRI BARBUSSE (RUE);;;;930
35843;201500039804;15;7;26;240;5;2;9;1;3;5;CHARLES DE GAULLE [CD115;;;;930
35844;201500039805;15;7;27;1900;1;2;1;1;2;5;LOUISE MICHEL (RUE);;;;930
35845;201500039806;15;7;29;1700;1;2;2;1;3;5;HONORE SOHIER (RUE);;;;930
35846;201500039808;15;7;30;2045;1;2;1;1;3;5;MITRY [CD115] (ROUTE DE);;;;930
35847;201500039810;15;8;18;1755;1;2;1;1;2;5;JACQUES DUCLOS [CD44] (R;;;;930
35848;201500039811;15;8;20;1155;1;2;6;2;3;5;, WALDECK ROUSSEAU (RUE);;;;930
35849;201500039812;15;8;22;735;1;2;1;1;6;5;GEORGES BRAQUE (BOULEVAR;;;;930
35850;201500039813;15;8;24;835;1;2;1;2;6;5;ANATOLE FRANCE (AVENUE);;;;930
35851;201500039814;15;8;27;1200;1;2;1;2;3;5;SUZANNE LENGLEN (AVENUE);;;;930
35852;201500039815;15;8;28;1520;1;2;1;1;6;5;40, QUATORZE JUILLET (AV;;;;930
35853;201500039816;15;8;28;1630;1;2;1;1;2;5;MITRY [CD115] (ROUTE DE);;;;930
35854;201500039818;15;9;8;1950;1;2;1;1;6;5;74, ALIX (RUE);;;;930
35855;201500039819;15;9;9;2235;5;2;3;1;3;5;60, AUGUSTE RENOIR (RUE);;;;930
35856;201500039820;15;9;10;1520;1;1;6;1;3;5;ANDRE CITROEN (BOULEVARD;;;;930
35857;201500039821;15;9;12;1950;5;2;1;2;3;5;CHARLES DE GAULLE [CD115;;;;930
35858;201500039822;15;9;13;1345;1;2;1;3;4;5;RAOUL DUFY (AVENUE);;;;930
35859;201500039823;15;9;18;2050;5;2;1;2;2;5;RAOUL DUFY (AVENUE);;;;930
35860;201500039824;15;9;18;1955;5;2;1;2;1;5;JULES VALLES (RUE);;;;930
35861;201500039825;15;9;23;520;5;2;6;2;7;5;ANDRE CITROEN (BOULEVARD;;;;930
35862;201500039826;15;9;23;1000;1;2;1;1;3;5;SEVRAN (CD44) (RUE DE);;;;930
35863;201500039827;15;9;25;820;1;2;1;1;3;5;ANATOLE FRANCE (AVENUE);;;;930
35864;201500039828;15;9;27;1820;1;1;1;1;4;5;JEAN MONET (CARREFOUR);;;;930
35865;201500039829;15;9;29;1615;1;2;3;1;3;5;JULES VALLES (RUE);;;;930
35866;201500039830;15;9;30;1205;1;2;1;1;2;5;SEVRAN (CD44) (RUE DE);;;;930
35867;201500039831;15;10;1;1800;1;2;3;1;7;5;INDUSTRIE (RUE DE L');;;;930
35868;201500039832;15;10;2;1425;1;2;1;1;6;5;PARINOR;;;;930
35869;201500039833;15;10;4;800;1;2;3;1;3;5;MAXIMILIEN ROBESPIERRE (;;;;930
35870;201500039834;15;10;2;940;1;1;1;1;2;5;JEAN MONET (CARREFOUR);;;;930
35871;201500039835;15;10;5;1800;2;2;1;3;6;5;MITRY [CD115] (ROUTE DE);;;;930
35872;201500039836;15;10;6;750;2;2;1;3;2;5;KENNEDY [RN370] (BOULEVA;;;;930
35873;201500039837;15;10;7;1800;1;2;1;1;2;5;MITRY [CD115] (ROUTE DE);;;;930
35874;201500039838;15;10;7;1932;5;2;2;2;3;5;MARC CHAGALL (BOULEVARD);;;;930
35875;201500039839;15;10;10;950;1;2;2;1;3;5;NONNEVILLE (AVENUE DE);;;;930
35876;201500039840;15;10;12;1615;1;2;1;1;6;5;MARECHAL JUIN (AVENUE DU;;;;930
35877;201500039841;15;10;13;1810;1;2;1;1;6;5;54, SAVIGNY (AVENUE DE);;;;930
35878;201500039842;15;10;14;945;1;2;1;1;6;5;LEON (RUE);;;;930
35879;201500039843;15;10;14;1300;1;2;1;1;1;5;JULES PRINCET [CD115] (R;;;;930
35880;201500039844;15;10;15;1500;1;2;1;1;3;5;JEAN CHARCOT [CD115] (RU;;;;930
35881;201500039846;15;10;22;1050;1;2;1;2;1;5;30, ALSACE (RUE D');;;;930
35882;201500039847;15;10;25;1716;1;2;1;1;6;5;22, AUGUSTE RENOIR (RUE);;;;930
35883;201500039848;15;10;26;2040;5;2;2;1;3;5;JACQUES DUCLOS [CD44] (R;;;;930
35884;201500039849;15;10;27;1230;1;2;1;1;3;5;55, JULES PRINCET [CD115;;;;930
35885;201500039850;15;10;28;1720;2;2;1;1;6;5;AMBOURGET (RUE);;;;930
35886;201500039851;15;10;28;2230;5;2;1;1;6;5;ONZE NOVEMBRE (RUE DU);;;;930
35887;201500039852;15;10;31;1155;1;2;2;1;3;5;LELIEVRE (AVENUE);;;;930
35888;201500039853;15;11;2;1810;5;2;1;1;1;5;89, CAMILLE PELLETAN (RU;;;;930
35889;201500039854;15;11;5;2125;5;2;1;2;2;5;80, ANATOLE FRANCE (AVEN;;;;930
35890;201500039855;15;11;11;1800;5;1;1;1;6;5;PARINOR;;;;930
35891;201500039856;15;11;12;1815;5;2;1;1;6;5;, MAXIMILIEN ROBESPIERRE;;;;930
35892;201500039857;15;11;15;1515;1;2;1;1;7;5;18, PLANT D'ARGENT (RUE;;;;930
35893;201500039858;15;11;16;1558;1;2;1;1;6;5;MARECHAL JUIN (AVENUE DU;;;;930
35894;201500039859;15;11;25;900;1;2;1;2;3;5;, JULES PRINCET [CD115];;;;930
35895;201500039861;15;12;4;1110;1;2;1;1;1;5;LOUISE MICHEL (RUE);;;;930
35896;201500039862;15;12;4;1455;1;2;1;1;7;5;39bis, ANATOLE FRANCE (A;;;;930
35897;201500039863;15;12;4;1930;5;2;1;1;3;5;63, JACQUES DUCLOS [CD44;;;;930
35898;201500039864;15;12;5;2000;5;2;1;1;3;5;BONDY (ROUTE DE);;;;930
35899;201500039865;15;12;6;1110;1;2;1;1;6;5;GEORGES BRAQUE (BOULEVAR;;;;930
35900;201500039866;15;12;6;1937;5;2;1;1;2;5;ANDRE CITROEN (BOULEVARD;;;;930
35901;201500039867;15;12;7;1830;5;2;2;1;3;5;NEANT, STRASBOURG (BOULE;;;;930
35902;201500039869;15;12;8;1510;1;2;1;2;6;5;MARECHAL JUIN (AVENUE DU;;;;930
35903;201500039870;15;12;17;1700;2;2;1;1;3;5;ANDRE CITROEN-(BOULEVARD;;;;930
35904;201500039871;15;12;31;2000;5;2;1;1;6;5;12, JACQUES DUCLOS [CD44;;;;930
35905;201500039872;15;1;10;1753;5;2;1;2;6;7;PROFESSEUR FLEMING (AVEN;;;;930
35906;201500039874;15;1;30;1915;5;2;1;1;3;7;CHARLES FLOQUET (AVENUE);;;;930
35907;201500039875;15;1;31;700;5;2;1;1;7;7;"""DESCARTES (AVENUE """"DU";;;;930
35908;201500039876;15;1;23;2055;5;2;1;3;6;7;PABLO NERUDA (AVENUE);;;;930
35909;201500039877;15;2;5;850;1;2;1;1;6;7;"""PAUL VAILLANT COUTURIER";;;;930
35910;201500039879;15;2;6;1655;1;2;3;1;3;7;CHARLES GOUNOD (RUE);;;;930
35911;201500039881;15;2;9;2110;5;2;1;1;6;7;"""HENRI BARBUSSE (AVENUE";;;;930
35912;201500039882;15;2;11;1210;1;2;2;1;6;7;DOCTEUR CALMETTE (RUE DU;;;;930
35913;201500039883;15;2;11;1450;1;2;1;1;7;7;35, COSMONAUTES (AVENUE;;;;930
35914;201500039884;15;2;15;1700;1;2;1;1;3;7;"""HENRI BARBUSSE (AVENUE";;;;930
35915;201500039885;15;2;27;1425;1;2;1;1;2;7;PABLO NERUDA (AVENUE);;;;930
35916;201500039886;15;3;3;1330;1;2;3;1;3;7;"""DESCARTES (AVENUE """"DU";;;;930
35917;201500039887;15;3;3;1755;2;2;1;2;6;7;"72, ""HENRI BARBUSSE (AVE";;;;930
35918;201500039888;15;3;2;1720;1;2;1;1;3;7;"88, ""DESCARTES (AVENUE """;;;;930
35919;201500039889;15;3;10;800;1;2;1;1;6;7;39 PIERRE MONTAUFIER (A;;;;930
35920;201500039891;15;3;18;1000;1;2;3;1;3;7;"""JEAN BART (AVENUE """"COT";;;;930
35921;201500039892;15;3;23;2100;3;2;1;1;3;7;8 MAI 45 (AVENUE DU 184;;;;930
35922;201500039893;15;3;29;1836;1;2;3;2;3;7;ARISTIDE BRIAND (AVENUE;;;;930
35923;201500039894;15;4;10;810;1;2;1;1;6;7;"""pIERRE SEMARD (RUE """"CO";;;;930
35924;201500039895;15;4;10;1930;1;2;1;1;3;7;8 MAI 45 (AVENUE DU 184;;;;930
35925;201500039896;15;4;12;140;5;2;1;1;6;7;43 CHARLES FLOQUET (AVE;;;;930
35926;201500039897;15;4;13;1450;1;2;6;1;3;7;PABLO NERUDA (ROND-POINT;;;;930
35927;201500039898;15;4;15;1350;1;2;2;1;3;7;RICHARD WAGNER (RUE);;;;930
35928;201500039900;15;4;22;1847;1;2;6;1;1;7;ABBE NIORT (RUE DE L');;;;930
35929;201500039901;15;4;27;1010;1;2;1;1;6;7;ARISTIDE BRIAND (AVENUE;;;;930
35930;201500039902;15;5;2;1920;1;2;1;2;6;7;118, 8 MAI 45 (AVENUE DU;;;;930
35931;201500039903;15;5;6;1600;1;2;1;1;6;7;1, GEORGES SAND (ALLEE);;;;930
35932;201500039905;15;5;21;1645;1;2;1;1;6;7;66, CASANOVA (AVENUE);;;;930
35933;201500039906;15;5;22;1608;1;2;1;1;6;7;4, MARCEL CACHIN (AVENUE;;;;930
35934;201500039907;15;5;26;830;1;2;3;1;3;7;"""DESCARTES (AVENUE """"DU";;;;930
35935;201500039908;15;5;27;20;5;2;1;1;3;7;8 MAI 45 (AVENUE DU 1 AU;;;;930
35936;201500039909;15;6;2;1545;1;2;1;1;2;7;ABBE NIORT (RUE DE L');;;;930
35937;201500039911;15;6;6;1600;1;2;1;1;2;7;92, 8 MAI 45 (AVENUE DU;;;;930
35938;201500039912;15;6;8;745;1;2;3;1;6;7;"""DESCARTES (AVENUE """"DU";;;;930
35939;201500039914;15;6;9;2240;5;2;1;1;3;7;21, ALBERT EINSTEIN (AVE;;;;930
35940;201500039915;15;6;10;1900;1;2;1;1;2;7;35, COLONEL FABIEN (RUE;;;;930
35941;201500039916;15;6;14;950;1;2;3;1;3;7;PEGOUD (RUE);;;;930
35942;201500039917;15;6;16;1120;1;2;1;1;2;7;145, ARISTIDE BRIAND (AV;;;;930
35943;201500039918;15;6;20;2350;5;2;3;1;3;7;"""PAUL VAILLANT COUTURIER";;;;930
35944;201500039919;15;6;21;2230;5;2;1;1;3;7;DE LA REPUBLIQUE (AVENUE;;;;930
35945;201500039920;15;6;21;2308;5;2;1;1;6;7;"""DESCARTES (AVENUE """"DU";;;;930
35946;201500039922;15;6;25;200;5;2;1;1;1;7;BLES D'OR (RUE DES);;;;930
35947;201500039923;15;6;28;1800;1;2;1;1;6;7;10, PETRODVORETZ (RUE);;;;930
35948;201500039924;15;7;3;1640;1;2;1;1;7;7;"""JEAN JAURES (AVENUE """"D";;;;930
35949;201500039925;15;7;9;2330;5;2;6;1;1;7;DANIEL CASANOVA (CITE);;;;930
35950;201500039926;15;7;10;1100;1;2;1;1;6;7;9 ALTRINCHAM (RUE);;;;930
35951;201500039927;15;7;25;1;5;2;2;1;3;7;, 8 MAI 45 (AVENUE DU 18;;;;930
35952;201500039928;15;7;24;2005;1;2;1;1;2;7;DIVISION LECLERC (AVENUE;;;;930
35953;201500039929;15;8;2;1730;1;2;1;1;4;7;"""DESCARTES (AVENUE """"DU";;;;930
35954;201500039930;15;8;2;2040;1;2;4;1;7;7;"""PIERRE SEMARD (RUE """"CO";;;;930
35955;201500039931;15;8;5;1045;1;2;1;1;6;7;45, HENRI BARBUSSE (AVEN;;;;930
35956;201500039932;15;8;6;1930;1;2;2;1;3;7;MATHILDE EMILIE (AVENUE);;;;930
35957;201500039933;15;8;24;1710;1;2;1;8;6;7;"00, ""PIERRE SEMARD (RUE";;;;930
35958;201500039934;15;8;28;1300;1;2;9;1;6;7;CHARLES FLOQUET (AVENUE);;;;930
35959;201500039935;15;9;7;1440;1;2;1;1;6;7;"""PAUL VAILLANT COUTURIER";;;;930
35960;201500039936;15;9;8;525;5;2;1;1;6;7;62, 8 MAI 45 (AVENUE DU;;;;930
35961;201500039937;15;9;10;2240;5;2;1;1;6;7;76, ARISTIDE BRIAND (AVE;;;;930
35962;201500039938;15;9;18;1720;1;2;1;1;7;7;, MARCEL CACHIN (AVENUE);;;;930
35963;201500039940;15;9;21;1030;1;2;1;1;4;7;8, 8 MAI 45 (AVENUE DU 1;;;;930
35964;201500039941;15;9;21;1420;1;2;3;1;1;7;149 PASTEUR (AVENUE);;;;930
35965;201500039942;15;9;22;615;5;2;6;2;3;7;"""PAUL VAILLANT-COUTURIER";;;;930
35966;201500039943;15;9;23;855;1;2;1;1;6;7;PASTEUR (AVENUE);;;;930
35967;201500039944;15;9;24;915;1;2;2;1;1;7;JULIEN GRIMAU (RUE);;;;930
35968;201500039945;15;10;5;1530;1;2;1;3;3;7;05, FRERES LUMIERE (RUE);;;;930
35969;201500039946;15;10;14;2000;5;2;2;2;6;7;1, CHARLES FLOQUET (AVEN;;;;930
35970;201500039947;15;10;15;2105;5;2;2;2;3;7;DIDEROT;;;;930
35971;201500039948;15;10;18;2135;4;1;1;1;4;7;PABLO NERUDA (AVENUE);;;;930
35972;201500039949;15;10;20;2110;5;2;1;1;6;7;32-34, PIERRE ET MARIE C;;;;930
35973;201500039950;15;10;25;1915;5;2;1;1;6;7;"""PIERRE SEMARD (PLACE """"";;;;930
35974;201500039951;15;10;26;1720;1;2;1;1;2;7;"""PAUL VAILLANT COUTURIER";;;;930
35975;201500039952;15;11;6;800;1;2;1;1;6;7;PABLO NERUDA (ROND-POINT;;;;930
35976;201500039953;15;11;6;1720;2;2;6;2;3;7;"""PIERRE SEMARD (ROND-POI";;;;930
35977;201500039954;15;11;22;1545;1;2;2;1;3;7;GENERAL GIRAUD (RUE);;;;930
35978;201500039955;15;12;12;1800;5;2;2;2;6;7;DANIEL CASANOVA (CITE);;;;930
35979;201500039956;15;12;19;1050;1;2;1;1;6;7;2, 8 MAI 45 (AVENUE DU 1;;;;930
35980;201500039957;15;12;19;2340;5;2;1;1;3;7;SURCOUF (AVENUE);;;;930
35981;201500039958;15;12;22;1210;1;2;3;1;2;7;"""DESCARTES (AVENUE """"DU";;;;930
35982;201500039959;15;12;27;1820;4;2;1;1;6;7;"37, ""PIERRE SEMARD (PLAC";;;;930
35983;201500039960;15;12;28;2345;5;2;3;1;3;7;8 MAI 45 (AVENUE DU 184;;;;930
35984;201500039961;15;1;3;515;5;2;1;5;6;8;MENDES DES CARMES (RUE);;;;930
35985;201500039963;15;1;7;955;1;2;1;5;6;8;JAURES (AVENUE JEAN);;;;930
35986;201500039964;15;1;10;1810;3;1;2;2;2;8;VAILLANT COUTURIER (AVEN;;;;930
35987;201500039965;15;1;12;855;1;2;9;1;6;8;PICASSO (RUE PABLO);;;;930
35988;201500039966;15;1;17;2130;5;2;1;1;4;8;VAILLANT COUTURIER (AVEN;;;;930
35989;201500039967;15;1;26;645;5;2;6;2;6;8;VAILLANT COUTURIER (AVEN;;;;930
35990;201500039969;15;2;4;1345;1;2;1;1;2;8;VAILLANT COUTURIER (AVEN;;;;930
35991;201500039970;15;2;8;240;5;2;1;2;4;8;2-24, BARBUSSE (AVENUE H;;;;930
35992;201500039971;15;2;8;2000;4;1;1;1;6;8;VAILLANT COUTURIER (AVEN;;;;930
35993;201500039972;15;2;9;630;5;2;1;1;6;8;, DIVISION LECLERC (AVEN;;;;930
35994;201500039973;15;2;9;845;1;2;1;1;6;8;SEMARD (RUE PIERRE);;;;930
35995;201500039974;15;2;12;1050;1;2;1;1;2;8;0, SEMARD (AVENUE PIERRE;;;;930
35996;201500039975;15;2;15;2305;5;2;3;1;2;8;66, BARBUSSE (AVENUE HEN;;;;930
35997;201500039976;15;2;16;725;2;2;3;1;3;8;SEMARD (RUE PIERRE);;;;930
35998;201500039977;15;2;20;1505;1;2;3;2;3;8;SAINT-ANDRE (RUE);;;;930
35999;201500039978;15;2;21;2324;5;2;1;1;6;8;VAILLANT (AVENUE EDOUARD;;;;930
36000;201500039979;15;2;22;1000;1;2;9;1;3;8;SEMARD (RUE PIERRE);;;;930
36001;201500039980;15;3;2;1752;1;2;2;1;1;8;DEVIATION (RUE DE LA);;;;930
36002;201500039982;15;3;14;2240;5;2;2;1;3;8;CALLAS (RUE MARIA);;;;930
36003;201500039984;15;3;20;1350;1;2;3;1;3;8;SEMARD (RUE PIERRE);;;;930
36004;201500039985;15;3;27;416;5;2;1;1;1;8;48, GROSLAY (CHEMIN DE);;;;930
36005;201500039986;15;3;29;755;1;2;1;2;6;8;VAILLANT COUTURIER (AVEN;;;;930
36006;201500039987;15;4;1;1927;1;2;1;8;6;8;0, CONVENTION (AVENUE DE;;;;930
36007;201500039988;15;4;4;1526;1;2;1;1;6;8;00, VALLES (RUE JULES);;;;930
36008;201500039989;15;4;15;1320;1;2;9;1;6;8;0000, VAILLANT COUTURIER;;;;930
36009;201500039991;15;5;10;2008;1;2;2;1;3;8;4, CALLAS (RUE MARIA);;;;930
36010;201500039992;15;5;10;2340;5;2;1;1;6;8;VAILLANT COUTURIER (AVEN;;;;930
36011;201500039993;15;5;11;1350;1;2;1;1;1;8;86, SEMARD (AVENUE PIERR;;;;930
36012;201500039996;15;5;31;1430;1;2;2;2;3;8;125, VAILLANT (AVENUE ED;;;;930
36013;201500039997;15;6;2;1045;1;2;1;1;5;8;0, VAILLANT COUTURIER (A;;;;930
36014;201500039998;15;6;10;1303;1;2;1;1;6;8;25, LENINE (BOULEVARD);;;;930
36015;201500039999;15;6;14;1030;1;2;1;1;5;8;362, VAILLANT COUTURIER;;;;930
36016;201500040000;15;6;14;1440;1;2;1;1;6;8;STALINGRAD (RUE DE) A10;;;;930
36017;201500040001;15;6;19;740;1;2;2;1;3;8;00, REPUBLIQUE (RUE DE L;;;;930
36018;201500040002;15;6;22;530;1;2;1;1;6;8;000, BARBUSSE (AVENUE HE;;;;930
36019;201500040003;15;6;30;1935;1;2;1;1;3;8;000, HUATS (CHEMIN DES);;;;930
36020;201500040004;15;7;1;1805;1;2;1;1;6;8;19, LENINE (BOULEVARD);;;;930
36021;201500040005;15;7;3;615;1;2;1;1;6;8;324, VAILLANT COUTURIER;;;;930
36022;201500040006;15;7;9;1650;1;2;1;1;6;8;3, BERNARD (RUE);;;;930
36023;201500040008;15;7;10;845;1;2;1;1;6;8;PARIS (RUE DE);;;;930
36024;201500040009;15;7;15;1308;1;2;1;1;3;8;00, PICASSO (RUE PABLO);;;;930
36025;201500040010;15;7;16;10;5;2;1;9;4;8;00, PLACE SAINT JUSTE;;;;930
36026;201500040011;15;8;3;1425;1;2;1;1;6;8;23, LENINE (BOULEVARD);;;;930
36027;201500040012;15;8;3;2015;1;2;1;1;6;8;16 VAILLANT (AVENUE EDO;;;;930
36028;201500040013;15;8;3;2100;2;2;3;1;3;8;BUREAU (RUE MAURICE);;;;930
36029;201500040014;15;12;4;1750;5;2;1;1;2;8;00 DEVIATION (RUE DE LA;;;;930
36030;201500040015;15;12;6;200;2;2;2;1;6;8;68, BARBUSSE (AVENUE HEN;;;;930
36031;201500040017;15;12;14;1440;1;2;1;1;6;8;125, STALINGRAD (RUE DE);;;;930
36032;201500040018;15;12;14;1820;3;2;1;1;2;8;163, BARBUSSE (AVENUE HE;;;;930
36033;201500040019;15;12;18;1705;5;2;1;1;6;8;0 GAGARINE (AVENUE YOUR;;;;930
36034;201500040020;15;7;19;1730;1;2;1;1;3;8;45, ARAGON (AVENUE LOUIS;;;;930
36035;201500040021;15;12;19;1230;1;1;1;1;2;8;00, PARIS (RUE DE);;;;930