;Num_Acc;an;mois;jour;hrmn;lum;agg;int;atm;col;com;adr;gps;lat;long;dep
36036;201500040022;15;12;21;1820;5;2;8;2;6;8;0 VAILLANT COUTURIER (A;;;;930
36037;201500040023;15;12;28;2045;5;2;9;1;6;8;0 RENARD (RUE EDOUARD);;;;930
36038;201500040024;15;8;6;2110;1;2;1;1;6;8;VAILLANT COUTURIER (AVEN;;;;930
36039;201500040025;15;12;29;1055;1;2;2;2;3;8;0 REPUBLIQUE (RUE DE LA;;;;930
36040;201500040026;15;8;9;2300;5;2;9;1;6;8;187, BARBUSSE (AVENUE HE;;;;930
36041;201500040027;15;12;29;1450;1;2;1;1;3;8;4 UNION (RUE DE L');;;;930
36042;201500040028;15;8;10;1816;1;2;1;1;3;8;00 BARBUSSE (AVENUE HEN;;;;930
36043;201500040029;15;8;13;215;5;2;1;1;6;8;0 VAILLANT COUTURIER (A;;;;930
36044;201500040030;15;8;16;140;5;1;1;1;2;8;A86 en tunnel avt sortie;;;;930
36045;201500040031;15;8;16;40;3;2;1;1;6;8;ILLUSTRATION (AVENUE DE;;;;930
36046;201500040032;15;8;24;1210;1;2;1;3;5;8;442, VAILLANT COUTURIER;;;;930
36047;201500040033;15;8;24;1210;1;2;1;3;4;8;450, VAILLANT COUTURIER;;;;930
36048;201500040034;15;8;26;1125;1;2;1;1;3;8;247, VAILLANT COUTURIER;;;;930
36049;201500040035;15;8;27;1700;1;2;1;2;2;8;DIVISION LECLERC (AVENUE;;;;930
36050;201500040036;15;9;2;920;1;2;1;1;3;8;VAILLANT (AVENUE EDOUARD;;;;930
36051;201500040037;15;9;2;1725;1;2;9;1;6;8;000, SATIE (RUE ERIK);;;;930
36052;201500040038;15;9;8;700;1;2;3;1;6;8;000, STADE AUGUSTE DELAU;;;;930
36053;201500040039;15;9;12;1510;1;2;6;3;2;8;000, GAGARINE (AVENUE YO;;;;930
36054;201500040040;15;9;14;1405;1;2;1;1;2;8;147, VAILLANT COUTURIER;;;;930
36055;201500040042;15;9;20;530;3;2;1;1;6;8;302, VAILLANT COUTURIER;;;;930
36056;201500040043;15;9;21;1835;1;2;1;1;7;8;195, JAURES (AVENUE JEAN;;;;930
36057;201500040044;15;10;3;1330;1;2;1;1;6;8;00, VAILLANT COUTURIER (;;;;930
36058;201500040045;15;10;6;2107;5;2;1;1;3;8;0, VAILLANT COUTURIER (A;;;;930
36059;201500040047;15;10;14;2030;5;2;3;2;2;8;149, VAILLANT COUTURIER;;;;930
36060;201500040048;15;10;22;425;5;2;1;2;7;8;000, VAILLANT COUTURIER;;;;930
36061;201500040050;15;10;24;2315;5;2;1;1;6;8;73, UNION (RUE DE L');;;;930
36062;201500040051;15;10;27;2320;5;2;1;2;6;8;00, VAILLANT COUTURIER (;;;;930
36063;201500040052;15;11;3;1140;1;2;1;2;6;8;0, VAILLANT COUTURIER (A;;;;930
36064;201500040054;15;11;3;1845;3;2;1;1;6;8;00, VAILLANT COUTURIER (;;;;930
36065;201500040055;15;11;6;845;1;2;1;1;6;8;0, MADELEINE (CHEMIN DE;;;;930
36066;201500040056;15;11;7;1210;1;1;1;1;3;8;0, VAILLANT COUTURIER (A;;;;930
36067;201500040057;15;11;30;1400;1;2;1;1;3;8;42 BELWO (RUE PAUL);;;;930
36068;201500040058;15;10;26;1830;5;2;1;1;3;8;STALINGRAD (RUE DE) A10;;;;930
36069;201500040059;15;11;12;2330;4;2;1;1;6;8;10, RENARD (RUE EDOUARD);;;;930
36070;201500040060;15;11;13;1230;1;2;9;1;3;8;0, GRANDE DENISE (RUE DE;;;;930
36071;201500040061;15;11;21;810;1;2;1;3;6;8;0, VAILLANT COUTURIER (A;;;;930
36072;201500040062;15;11;21;1020;1;2;1;2;3;8;0, GRAND AIR (RUE DU);;;;930
36073;201500040063;15;3;12;847;1;2;2;1;6;57;10, LOUIS XIV (AL.);;;;930
36074;201500040064;15;1;4;210;5;2;1;9;4;10;113, GALLIENI (AV.) DE 1;;;;930
36075;201500040065;15;1;10;1340;1;2;1;1;3;10;AULNAY (ROUTE) DE 47 A 1;;;;930
36076;201500040066;15;1;15;1120;1;2;1;2;3;10;GATINE (RUE);;;;930
36077;201500040067;15;1;22;950;1;2;1;1;6;10;BARBUSSE (AV. HENRI) DE;;;;930
36078;201500040068;15;1;22;1755;5;2;1;1;6;57;47, BRIAND ( AV. ARISTID;;;;930
36079;201500040069;15;2;2;1740;5;2;1;1;6;10;ignor?, STAINS (RTE DE);;;;930
36080;201500040070;15;2;2;2015;5;2;1;1;4;57;12, MESANGES (AL. DES);;;;930
36081;201500040071;15;2;4;1730;1;2;1;1;2;57;76, BRIAND (AV. ARISTIDE;;;;930
36082;201500040072;15;2;8;900;1;2;1;8;2;57;0000000000, BRIAND (AV.;;;;930
36083;201500040073;15;2;11;1645;1;2;3;1;6;10;inc, PASTEUR (AV.);;;;930
36084;201500040074;15;2;12;840;1;2;1;1;2;57;46, MONTYON (AL.) 1 A 74;;;;930
36085;201500040075;15;2;18;1220;1;2;1;8;6;10;GUESDES (RUE JULES);;;;930
36086;201500040076;15;2;22;2135;5;2;2;4;6;10;0000000000, GUESDES (rUE;;;;930
36087;201500040077;15;2;25;2220;5;2;2;8;2;10;VARAGNAT (AVENUE HENRI);;;;930
36088;201500040078;15;2;26;1215;1;2;1;2;4;57;JAURES (AV. JEAN) 125 A;;;;930
36089;201500040079;15;2;26;1950;5;2;1;3;6;10;0000000000, POTAGER (RUE;;;;930
36090;201500040080;15;3;11;1040;1;2;1;1;6;10;GALLIENI (AV.) DE 111 A;;;;930
36091;201500040081;15;3;13;1630;1;2;1;1;6;57;105, WILSON (AV. DU PRES;;;;930
36092;201500040083;15;3;18;1725;1;2;3;1;6;10;BLUM (AV. LEON);;;;930
36093;201500040084;15;3;25;2030;5;2;6;1;6;10;BLUM (AV. LEON);;;;930
36094;201500040085;15;3;26;2216;5;2;2;1;6;57;64, BRIAND (AV. ARISTIDE;;;;930
36095;201500040086;15;3;29;945;1;2;1;2;3;10;28, DOLET (RUE ETIENNE);;;;930
36096;201500040087;15;4;3;1500;1;2;4;2;6;57;AUFFRET (AL.JULES) 1 A 6;;;;930
36097;201500040088;15;4;3;2045;5;2;1;3;2;57;59 BRIAND ( AV. ARISTID;;;;930
36098;201500040089;15;4;13;1725;1;2;1;1;6;10;FRANCE (AV. ANATOLE) D;;;;930
36099;201500040091;15;3;11;1320;1;2;6;1;3;10;000000000, BLUM (AV. LEO;;;;930
36100;201500040092;15;4;14;1720;1;2;1;1;3;10;0000000000 FRANCE (AV.;;;;930
36101;201500040093;15;4;21;1020;1;2;1;1;3;10;VERDUN (AV. DE) 1 A 33;;;;930
36102;201500040096;15;5;7;1710;1;2;1;1;6;10;07, LEBAS (AV. JEAN);;;;930
36103;201500040097;15;5;14;1410;1;2;9;8;3;10;13, GATINE (RUE);;;;930
36104;201500040098;15;5;7;740;1;2;1;1;3;10;BONDY (PONT);;;;930
36105;201500040099;15;5;19;1515;1;2;1;1;3;57;140 BRIAND ( AV. ARISTI;;;;930
36106;201500040100;15;5;13;1640;1;2;1;1;6;10;BUISSON (AV. SUZANNE);;;;930
36107;201500040101;15;5;19;1835;1;2;3;1;3;57;BRIAND ( AV. ARISTIDE) 1;;;;930
36108;201500040102;15;5;21;1710;1;2;1;1;6;10;LYSSANDRE (PL. GEORGES);;;;930
36109;201500040103;15;5;22;1940;1;2;1;1;2;10;QUATORZE-JUILLET (AV. DU;;;;930
36110;201500040104;15;5;31;1400;1;2;1;2;2;10;15, GALLIENI (AV.) DE 1;;;;930
36111;201500040105;15;6;4;1110;1;2;1;1;6;10;BARBUSSE (AV. HENRI) DE;;;;930
36112;201500040106;15;6;3;1755;1;2;1;1;6;10;181, GALLIENI (AV.) DE 2;;;;930
36113;201500040107;15;6;5;705;1;2;5;7;7;57;BRIAND ( AV. ARISTIDE) 2;;;;930
36114;201500040109;15;6;9;1805;1;2;1;1;2;57;126, BRIAND (AV. ARISTID;;;;930
36115;201500040110;15;6;10;1240;1;2;1;1;4;57;137, JAURES (AV. JEAN) 1;;;;930
36116;201500040111;15;6;11;1417;1;2;9;1;1;10;VERDUN (AV. DE) 12 A FIN;;;;930
36117;201500040112;15;6;12;2345;5;2;2;1;3;10;9 VAILLANT (RUE EDOUARD;;;;930
36118;201500040113;15;6;15;1255;1;2;9;8;3;10;BARBUSSE (AV. HENRI) DE;;;;930
36119;201500040114;15;6;15;1000;1;2;3;1;6;57;FABIEN (AL. DU COLONEL);;;;930
36120;201500040115;15;6;18;1820;1;2;3;1;3;10;98, FRANCE (AV. ANATOLE);;;;930
36121;201500040116;15;6;20;1905;1;2;1;1;1;10;22, GUEUGNON (AV.);;;;930
36122;201500040117;15;6;22;1300;1;2;3;1;3;57;68, JAURES (AV. JEAN) 1;;;;930
36123;201500040118;15;6;27;1752;1;2;1;7;6;57;MARAIS (AL. FRANCOIS);;;;930
36124;201500040119;15;6;29;1100;1;2;6;1;3;10;GROSLAY (CHEM. DE);;;;930
36125;201500040120;15;6;29;1441;1;2;1;1;3;57;262, BRIAND ( AV. ARISTI;;;;930
36126;201500040123;15;7;8;940;1;2;1;1;3;57;JAURES (AV. JEAN) 118 A;;;;930
36127;201500040124;15;7;10;2350;5;2;1;1;7;10;GALLIENI (AV.) CONFORAMA;;;;930
36128;201500040125;15;7;13;1545;1;2;1;1;3;10;108, GALLIENI (AV.) DE 1;;;;930
36129;201500040126;15;7;22;910;1;2;2;1;3;10;GALLIENI (AV.) DE 177 A;;;;930
36130;201500040127;15;7;24;125;5;2;1;1;7;10;FORET (PONT DE LA);;;;930
36131;201500040128;15;7;26;505;5;2;1;1;3;57;230, BRIAND (AV. ARISTID;;;;930
36132;201500040129;15;7;26;1240;1;2;2;2;3;57;MONTYON (AL.) 1 A 74;;;;930
36133;201500040130;15;7;27;2020;1;2;1;1;6;10;53, GALLIENI (AV.) CONFO;;;;930
36134;201500040131;15;7;31;815;1;2;1;1;3;10;47, BLANQUI (R. LOUIS-AU;;;;930
36135;201500040132;15;7;31;1500;1;2;1;1;2;10;GALLIENI (AV.) DE 1 A 10;;;;930
36136;201500040133;15;7;31;1550;1;2;1;1;3;10;0000000000, GALLIENI (AV;;;;930
36137;201500040135;15;8;11;1335;1;2;3;1;2;57;278, BRIAND ( AV.  ARIST;;;;930
36138;201500040136;15;8;22;1545;1;2;1;1;1;10;20, VARAGNAT (AVENUE HEN;;;;930
36139;201500040137;15;6;18;1810;1;2;1;1;6;10;36, GUESDES (RUE JULES);;;;930
36140;201500040138;15;8;25;2150;5;2;1;2;3;10;0, GALLIENI (AV.) DE 177;;;;930
36141;201500040139;15;8;30;2230;5;2;1;1;2;57;262, BRIAND (AV. ARISTID;;;;930
36142;201500040140;15;9;9;1450;1;2;2;1;1;10;ROSNY (AV. DE);;;;930
36143;201500040141;15;9;10;900;1;2;1;1;6;57;2, CALMANOVIC (AL. LOUIS;;;;930
36144;201500040142;15;9;18;1809;1;2;1;2;2;10;130, GALLIENI (AV.) DE 9;;;;930
36145;201500040143;15;9;25;915;1;2;4;1;3;10;GALLIENI (AV.) DE 1 A 10;;;;930
36146;201500040144;15;9;28;820;1;2;1;1;6;57;BRIAND ( AV. ARISTIDE) 2;;;;930
36147;201500040145;15;10;2;1158;1;1;1;1;2;10;GALLIENI (AV.) CONFORAMA;;;;930
36148;201500040147;15;10;9;1315;1;2;1;1;3;57;119, JAURES (AV. JEAN) 1;;;;930
36149;201500040149;15;10;13;1700;1;2;1;1;3;10;52, GALLIENI (AV.) DE 2;;;;930
36150;201500040150;15;10;16;2120;5;2;2;8;3;57;ESTIENNE (AL. ROBERT);;;;930
36151;201500040151;15;10;21;900;1;2;2;1;3;10;VERDUN (AV. DE) 1 A 33;;;;930
36152;201500040152;15;10;27;945;1;2;3;1;2;57;JAURES (AV. JEAN) 1 A 12;;;;930
36153;201500040153;15;11;2;910;1;2;1;1;3;57;BRIAND ( AV.  ARISTIDE);;;;930
36154;201500040154;15;11;4;1955;5;2;1;1;2;10;196, GALLIENI (AV.) DE 1;;;;930
36155;201500040155;15;11;9;2350;5;2;1;1;2;10;60, GALLIENI (AV.) DE 17;;;;930
36156;201500040156;15;11;12;1020;1;2;1;8;3;57;BRIAND (AV. ARISTIDE) 2;;;;930
36157;201500040158;15;11;19;1835;5;2;1;2;2;57;68, JAURES (AV. JEAN) 11;;;;930
36158;201500040159;15;11;22;1845;2;2;1;1;6;10;GATINE (RUE);;;;930
36159;201500040160;15;11;25;1630;2;2;3;2;3;57;, BOUVINES ( AL. DE);;;;930
36160;201500040161;15;11;27;1345;1;2;2;8;3;10;ROSNY (AV. DE);;;;930
36161;201500040162;15;11;30;1615;1;2;1;1;6;10;PASTEUR (AV.);;;;930
36162;201500040163;15;11;30;1950;5;2;1;1;3;10;AULNAY (ROUTE) COTE PAIR;;;;930
36163;201500040164;15;12;1;1355;1;2;2;1;6;57;JAURES (AV. JEAN) 1 A 12;;;;930
36164;201500040165;15;12;4;750;2;2;2;2;3;10;GALLIENI (AV.) DE 2 A 96;;;;930
36165;201500040166;15;12;8;900;1;2;1;1;2;10;01, GUESDES (RUE JULES);;;;930
36166;201500040167;15;12;12;1350;1;2;1;2;6;10;5, BLUM (AV. LEON);;;;930
36167;201500040168;15;12;3;1725;5;2;1;1;6;10;10, BENHAMOU (R. MAURICE;;;;930
36168;201500040169;15;12;15;1920;3;2;8;2;6;10;03, LIBERTE (RUE DE LA);;;;930
36169;201500040170;15;12;17;1150;1;2;3;1;6;10;1, VAILLANT (RUE EDOUARD;;;;930
36170;201500040171;15;12;17;1840;5;2;1;1;6;10;GALLIENI (AV.) DE 1 A 10;;;;930
36171;201500040173;15;12;21;1335;1;2;1;1;2;57;JAURES (AV. JEAN) 125 A;;;;930
36172;201500040174;15;12;22;1200;1;2;1;1;4;10;GALLIENI (AV.) DE 1 A 10;;;;930
36173;201500040175;15;12;24;705;5;2;2;1;3;57;JAURES (AV. JEAN) 118 A;;;;930
36174;201500040176;15;12;24;1310;1;2;1;1;6;10;8, VARAGNAT (AVENUE HENR;;;;930
36175;201500040177;15;12;25;1920;5;2;1;8;3;10;MOULIN (AV. JEAN) COTE P;;;;930
36176;201500040178;15;12;27;550;5;2;1;1;6;57;BRIAND ( AV. ARISTIDE) 1;;;;930
36177;201500040179;15;12;28;1400;1;2;1;1;6;10;GALLIENI (AV.) DE 177 A;;;;930
36178;201500040180;15;5;15;915;1;2;1;1;2;57;183, PASTEUR (BD) 141 A;;;;930
36179;201500040181;15;3;31;855;1;2;1;1;6;14;112, POSTES (CHEMIN DES);;;;930
36180;201500040182;15;12;22;1415;1;2;1;1;3;47;JEAN MOULIN  (RUE);;;;930
36181;201500040183;15;1;11;1425;1;2;5;1;3;14;MONTFERMEIL (ALLEE DE);;;;930
36182;201500040184;15;1;14;2242;5;2;1;1;7;14;3, CHAPELLE (ALLEE DE LA;;;;930
36183;201500040185;15;1;30;2150;3;2;1;2;1;14;STRATEGIQUE (ROUTE);;;;930
36184;201500040186;15;2;1;1910;5;2;1;2;6;47;27, MESANGES  (AVENUE DE;;;;930
36185;201500040187;15;2;6;1920;3;2;1;1;7;14;MAURICE AUDIN (ALLEE);;;;930
36186;201500040188;15;2;6;2005;5;2;1;1;7;14;SEVIGNE (AVENUE DE);;;;930
36187;201500040189;15;2;9;1628;1;2;1;1;6;47;61, HARDY  (BOULEVARD);;;;930
36188;201500040190;15;2;17;1545;1;2;1;2;6;14;FREDERIC LADRETTE (ALLEE;;;;930
36189;201500040192;15;3;15;1350;1;2;2;1;3;47;GABRIEL PERI  (AVENUE);;;;930
36190;201500040193;15;3;17;1310;1;2;3;1;3;14;PIERRE SIMON (ALLEE);;;;930
36191;201500040194;15;3;18;1615;1;2;3;1;3;14;COCHIN (ALLEE);;;;930
36192;201500040195;15;3;21;1830;1;2;1;1;2;47;EUROPE (BOULEVARD DE L');;;;930
36193;201500040196;15;3;27;2025;5;2;2;1;3;47;97, ARTS  (AVENUE DES);;;;930
36194;201500040197;15;4;1;1930;1;2;3;1;3;47;GENERAL LECLERC  (RUE DU;;;;930
36195;201500040199;15;4;6;2145;5;2;1;1;6;14;JEAN MOULIN (AVENUE);;;;930
36196;201500040200;15;4;9;1300;1;2;2;1;3;47;JEAN JAURES (AVENUE);;;;930
36197;201500040201;15;4;12;1615;1;2;1;1;6;14;GAGNY (ALLEE DE);;;;930
36198;201500040202;15;4;15;1300;1;2;1;1;6;47;135, COUBRON (RUE DE );;;;930
36199;201500040204;15;4;19;1135;1;2;1;1;2;47;JEAN JAURES (AVENUE);;;;930
36200;201500040205;15;4;20;600;1;2;1;1;7;47;HARDY  (BOULEVARD);;;;930
36201;201500040206;15;4;20;1815;1;2;1;1;7;14;16, SEVIGNE (RESIDENCE );;;;930
36202;201500040207;15;4;20;2025;2;2;2;1;1;14;TOURELLE (CHEMIN DE LA);;;;930
36203;201500040208;15;4;23;1645;1;2;1;1;6;47;GENERAL LECLERC  (RUE DU;;;;930
36204;201500040209;15;4;27;1445;1;2;2;1;3;47;CHARMILLES (AVENUE DES);;;;930
36205;201500040210;15;5;19;850;1;2;1;1;6;47;101, HARDY  (BOULEVARD);;;;930
36206;201500040211;15;6;1;1820;1;2;1;1;7;47;BARGUE  (BOULEVARD);;;;930
36207;201500040212;15;6;5;2100;2;2;1;1;7;14;SEVIGNE (AVENUE DE);;;;930
36208;201500040213;15;6;7;1340;1;2;1;1;2;47;JEAN JAURES (AVENUE);;;;930
36209;201500040214;15;6;8;1710;1;2;1;1;6;14;GAGNY (ALLEE DE);;;;930
36210;201500040216;15;6;29;5;5;2;3;1;6;47;JEAN JAURES-(AVENUE);;;;930
36211;201500040218;15;6;29;2330;5;2;1;1;6;14;EMILE ZOLA (BOULEVARD);;;;930
36212;201500040219;15;7;4;1820;1;2;1;9;6;14;SEVIGNE (AVENUE DE);;;;930
36213;201500040220;15;7;18;2205;5;2;3;1;6;14;67, BELLEVUE (ALLEE DE);;;;930
36214;201500040221;15;7;20;1845;1;2;1;1;6;47;JEAN JAURES (AVENUE);;;;930
36215;201500040223;15;7;26;1835;1;2;2;8;3;47;PAUL BERT  (RUE);;;;930
36216;201500040224;15;7;31;1730;1;2;1;1;6;14;10, WILLIAM GUTSCHMIDT (;;;;930
36217;201500040225;15;8;1;1300;1;2;3;1;2;47;EUROPE (BOULEVARD DE L');;;;930
36218;201500040226;15;8;27;1315;1;2;5;2;3;47;CHEVREFEUILLES  (AVENUE;;;;930
36219;201500040228;15;9;4;1330;1;2;1;1;2;14;18, GAGNY (ALLEE DE);;;;930
36220;201500040229;15;9;9;1735;1;2;1;1;6;14;0, ALBERT CAMUS (ALLEE);;;;930
36221;201500040230;15;9;11;740;1;2;3;1;1;47;0, CALMETTE (RUE DU DR);;;;930
36222;201500040231;15;9;24;1540;1;2;1;1;3;14;221, MONTFERMEIL (ALLEE;;;;930
36223;201500040232;15;9;27;1330;1;2;1;1;6;47;18, BARGUE  (BOULEVARD);;;;930
36224;201500040233;15;12;6;2015;5;2;1;1;3;47;SCIENCES   (AVENUE DES);;;;930
36225;201500040234;15;8;11;1310;1;2;1;1;3;14;171, MONTFERMEIL (ALLEE;;;;930
36226;201500040235;15;9;22;1130;1;2;1;2;6;14;TOURELLE (CHEMIN DE LA);;;;930
36227;201500040237;15;10;6;900;1;2;1;3;3;14;00, AUGUSTE GENEVIEVE (A;;;;930
36228;201500040238;15;10;9;1840;1;2;1;7;6;14;4, EMILE ZOLA (BOULEVARD;;;;930
36229;201500040239;15;10;10;1315;1;2;9;1;3;14;MONTFERMEIL (ALLEE DE);;;;930
36230;201500040240;15;10;11;1515;1;2;2;1;6;14;SEVIGNE (AVENUE DE);;;;930
36231;201500040241;15;10;20;1450;1;2;1;1;2;14;COUBRON (ALLEE DE);;;;930
36232;201500040242;15;10;25;1815;5;2;2;1;1;14;EMILE ZOLA (BOULEVARD);;;;930
36233;201500040243;15;10;28;1045;1;2;2;2;3;47;GABRIEL PERI  (AVENUE);;;;930
36234;201500040244;15;10;30;1920;5;2;1;1;6;14;ANATOLE FRANCE-(ALLEE);;;;930
36235;201500040245;15;11;3;1850;5;2;4;1;5;47;191, JEAN JAURES (AVENUE;;;;930
36236;201500040246;15;11;5;1720;5;2;5;1;6;14;GAGARINE (BOULEVARD);;;;930
36237;201500040247;15;11;6;800;1;2;3;1;2;47;COUBRON  (VIEUX CHEMIN D;;;;930
36238;201500040248;15;11;6;1710;1;2;2;2;3;14;GAGNY (ALLEE DE);;;;930
36239;201500040249;15;11;12;1830;5;2;1;1;6;14;CHENE POINTU (ALLEE DU);;;;930
36240;201500040250;15;11;13;1620;1;2;9;1;6;14;JEAN JAURES (ALLEE);;;;930
36241;201500040251;15;11;26;1640;1;2;1;1;3;14;MONTFERMEIL (ALLEE DE);;;;930
36242;201500040252;15;12;5;630;5;2;7;1;6;47;AMPERE  (PLACE);;;;930
36243;201500040253;15;12;5;1210;1;2;1;1;2;47;66, COUBRON (RUE DE );;;;930
36244;201500040255;15;12;9;1300;1;2;1;1;3;47;GENERAL DE GAULLE (RUE D;;;;930
36245;201500040256;15;12;10;2135;5;2;1;1;6;47;46, ROSSIGNOLS  (AVENUE;;;;930
36246;201500040257;15;1;1;405;5;2;2;1;2;27;RASPAIL (RUE);;;;930
36247;201500040258;15;1;3;1;5;2;1;8;6;13;139, LECLERC (AVENU DE L;;;;930
36248;201500040259;15;1;11;1515;1;2;1;1;2;27;29, QUINET (RUE EDGAR);;;;930
36249;201500040261;15;1;22;1210;1;2;3;1;3;13;CAVILLON (RUE ANIZAN);;;;930
36250;201500040263;15;1;27;1700;1;2;1;1;6;13;32, JAURES (AVENUE JEAN);;;;930
36251;201500040265;15;1;28;1340;1;2;1;1;6;27;101, MERMOZ (AVENUE JEAN;;;;930
36252;201500040267;15;3;2;820;1;2;6;1;2;30;SEIZE-AOUT-1943 (PLACE D;;;;930
36253;201500040268;15;3;5;1320;1;2;1;1;3;27;SAINT-DENIS (RUE DE);;;;930
36254;201500040269;15;3;6;1840;2;2;1;1;4;27;100, VAILLANT-COUTURIER;;;;930
36255;201500040270;15;3;13;1615;1;2;3;1;6;27;, LECLERC (AVENUE DU GEN;;;;930
36256;201500040271;15;3;14;755;1;2;2;1;6;27;PALMERS (PONT);;;;930
36257;201500040272;15;3;16;930;1;2;2;1;6;13;JAURES (AVENUE JEAN) DE;;;;930
36258;201500040273;15;3;16;1700;1;2;6;1;3;27;LECLERC (AVENUE DU GENER;;;;930
36259;201500040274;15;3;25;1420;1;2;2;1;3;13;KENNEDY (AVENUE JOHN FIT;;;;930
36260;201500040275;15;3;26;1615;1;2;2;2;3;27;ROCHET (RUE WALDECK);;;;930
36261;201500040276;15;3;30;940;1;2;1;1;3;13;JAURES (AVENUE JEAN) DE;;;;930
36262;201500040277;15;3;31;1930;1;2;3;1;3;27;JAURES (AVENUE JEAN);;;;930
36263;201500040278;15;4;1;840;1;2;1;6;3;13;47, ROLLAND (RUE DU CDT);;;;930
36264;201500040279;15;4;1;655;2;2;1;6;6;27;SALENGRO (AVENUE ROGER);;;;930
36265;201500040280;15;4;7;2142;5;2;3;1;6;13;10, VAILLANT (RUE EDOUAR;;;;930
36266;201500040281;15;4;13;845;1;2;2;1;4;27;PASTEUR (BOULEVARD) DE 4;;;;930
36267;201500040282;15;4;14;1410;1;2;1;1;6;27;59, CONVENTION (RUE DE L;;;;930
36268;201500040283;15;4;16;1815;1;2;1;8;6;13;LINDBERGH (CARREFOUR);;;;930
36269;201500040284;15;4;16;1840;1;2;1;1;3;27;114, RATEAU (RUE);;;;930
36270;201500040285;15;4;18;721;2;2;1;1;7;27;2, CACHIN (AVENUE MARCEL;;;;930
36271;201500040286;15;5;7;1930;1;2;1;1;7;27;5, TREFILERIE (RUE DE LA;;;;930
36272;201500040287;15;5;7;2215;5;2;2;1;5;30;LECLERC DE HAUTECLOQUE (;;;;930
36273;201500040288;15;5;12;630;1;2;1;1;2;27;62/64, CAVILLON (RUE ANI;;;;930
36274;201500040289;15;5;15;100;5;2;1;2;4;13;LINDBERGH (CARREFOUR);;;;930
36275;201500040290;15;5;19;740;1;2;1;1;5;13;ROLLAND (RUE DU CDT);;;;930
36276;201500040291;15;5;19;1840;1;2;1;1;6;13;29, LECLERC (AVENU DE LA;;;;930
36277;201500040292;15;5;26;1650;1;2;1;1;3;13;LINDBERGH (CARREFOUR);;;;930
36278;201500040293;15;5;30;105;5;2;2;2;5;27;133, VAILLANT-COUTURIER;;;;930
36279;201500040294;15;5;31;2100;2;2;1;2;2;13;63, LECLERC (AVENU DE LA;;;;930
36280;201500040295;15;5;22;1735;1;2;2;1;3;27;FERRY (RUE JULES);;;;930
36281;201500040296;15;6;2;2333;5;2;6;1;3;27;HUIT-MAI-1945 (PLACE DU);;;;930
36282;201500040297;15;6;4;1050;1;2;1;1;1;27;JAURES (AVENUE JEAN);;;;930
36283;201500040298;15;6;10;1415;1;2;2;1;1;27;VAILLANT-COUTURIER (AVEN;;;;930
36284;201500040299;15;6;18;815;1;2;3;1;2;27;18, LENINE (AVENUE);;;;930
36285;201500040300;15;6;18;1740;1;2;1;1;6;13;JAURES (AVENUE JEAN) DE;;;;930
36286;201500040301;15;6;19;1250;1;2;2;1;2;13;JAURES (AVENUE JEAN) DE;;;;930
36287;201500040302;15;6;24;1620;1;2;1;1;6;27;CACHIN (AVENUE MARCEL);;;;930
36288;201500040303;15;6;25;1750;1;2;1;1;3;30;26, GUYNEMERS (RUE GEORG;;;;930
36289;201500040304;15;7;1;2015;1;2;1;1;6;27;32, ROCHET (RUE WALDECK);;;;930
36290;201500040305;15;7;6;2209;3;2;1;1;7;27;07, BALZAC (RUE HONORE D;;;;930
36291;201500040306;15;7;6;1750;1;2;3;1;3;13;18, JAURES (AVENUE JEAN);;;;930
36292;201500040307;15;7;7;2245;5;2;1;1;6;13;58, JAURES (AVENUE JEAN);;;;930
36293;201500040308;15;7;8;2010;1;2;1;1;3;27;LECLERC (PLACE DU GENERA;;;;930
36294;201500040310;15;7;13;2030;1;2;1;1;6;27;76, CONVENTION (RUE DE L;;;;930
36295;201500040311;15;7;16;2120;2;1;6;1;6;13;LINDBERGH (CARREFOUR);;;;930
36296;201500040312;15;7;20;2210;5;2;1;1;6;27;BARBUSSE (AVENUE HENRI);;;;930
36297;201500040313;15;7;27;1715;1;2;1;1;4;27;46, QUINET (RUE EDGAR);;;;930
36298;201500040314;15;8;2;1255;1;2;1;1;7;13;JAURES (AVENUE JEAN) DE;;;;930
36299;201500040315;15;8;6;730;1;2;6;1;3;27;PASTEUR (BOULEVARD) DE 1;;;;930
36300;201500040316;15;8;6;1000;1;2;1;1;6;27;VAILLANT-COUTURIER (AVEN;;;;930
36301;201500040317;15;8;8;1950;1;2;1;1;7;27;CONVENTION (RUE DE LA);;;;930
36302;201500040318;15;8;11;2015;1;2;3;1;2;27;Av Jean JAURES-SortieA86;;;;930
36303;201500040319;15;8;19;2030;5;2;1;1;6;27;LENINE (AVENUE);;;;930
36304;201500040321;15;9;4;1410;1;2;3;1;3;27;néant, PRESOV (AVENUE DE;;;;930
36305;201500040322;15;9;6;940;1;2;2;1;3;27;X, PASTEUR (BOULEVARD) D;;;;930
36306;201500040323;15;9;7;1830;1;2;1;1;6;13;25, JAURES (AVENUE JEAN);;;;930
36307;201500040324;15;9;12;1730;1;2;7;3;4;27;LECLERC (PLACE DU GENERA;;;;930
36308;201500040325;15;9;14;1920;2;2;1;8;2;27;SALENGRO (AVENUE ROGER);;;;930
36309;201500040326;15;9;23;1805;1;2;1;1;2;13;22, LECLERC (AVENU DE LA;;;;930
36310;201500040327;15;9;23;2135;5;2;1;1;5;27;127, VAILLANT-COUTURIER;;;;930
36311;201500040328;15;9;28;1335;1;2;1;1;5;27;57, MERMOZ (AVENUE JEAN);;;;930
36312;201500040329;15;10;2;910;1;1;6;1;6;13;LINDBERGH (CARREFOUR);;;;930
36313;201500040330;15;10;9;1555;1;2;1;1;2;30;, SEIZE-AOUT-1943 (PLACE;;;;930
36314;201500040331;15;10;11;1650;1;2;1;1;3;27;68, LECLERC (AVENUE DU G;;;;930
36315;201500040332;15;10;13;1945;5;2;1;1;3;27;44, QUINET (RUE EDGAR);;;;930
36316;201500040335;15;10;21;1400;1;2;1;1;3;27;PRESOV (AVENUE DE);;;;930
36317;201500040336;15;10;23;1155;1;2;1;1;3;27;VAILLANT-COUTURIER (AVEN;;;;930
36318;201500040337;15;10;24;1635;1;2;1;1;3;27;LECLERC (PLACE DU GENERA;;;;930
36319;201500040338;15;10;28;1650;1;2;3;1;3;27;RATEAU (RUE);;;;930