;Num_Acc;an;mois;jour;hrmn;lum;agg;int;atm;col;com;adr;gps;lat;long;dep
36320;201500040339;15;11;5;1312;1;2;1;1;3;27;89, PASTEUR (BOULEVARD);;;;930
36321;201500040340;15;11;8;1128;1;2;1;1;6;27;100, VAILLANT-COUTURIER;;;;930
36322;201500040341;15;11;9;2151;5;2;1;1;3;27;LECLERC (AVENUE DU GENER;;;;930
36323;201500040342;15;11;12;335;5;2;1;1;7;13;89, LECLERC (AVENU DE LA;;;;930
36324;201500040343;15;11;13;5;5;2;3;1;1;27;85, PASTEUR (BOULEVARD);;;;930
36325;201500040344;15;11;20;1930;5;2;1;2;2;30;, HUIT-MAI-1945 (AVENUE;;;;930
36326;201500040345;15;11;21;2005;5;2;1;2;2;30;CROIZAT (AVENUE AMBROISE;;;;930
36327;201500040346;15;12;1;840;1;2;1;1;3;13;43 bis, ROLLAND (RUE DU;;;;930
36328;201500040347;15;11;21;920;1;2;1;2;6;27;80 A 98, REPUBLIQUE (AVE;;;;930
36329;201500040348;15;11;27;2020;5;2;1;2;6;13;LECLERC (AVENU DE LA DIV;;;;930
36330;201500040349;15;12;2;830;1;2;1;1;2;30;HUIT-MAI-1945 (AVENUE DU;;;;930
36331;201500040350;15;12;2;1618;1;2;1;1;6;13;10, ELISE DEROCHE (Avenu;;;;930
36332;201500040351;15;12;2;1810;2;2;4;1;6;13;60, JAURES (AVENUE JEAN);;;;930
36333;201500040352;15;12;5;1540;1;2;6;8;4;27;LECLERC (AVENUE DU GENER;;;;930
36334;201500040353;15;12;8;1410;1;2;1;2;2;27;CONVENTION (RUE DE LA);;;;930
36335;201500040354;15;12;11;1420;1;2;1;8;7;27;PREVOTE (RUE DE LA);;;;930
36336;201500040355;15;12;24;1905;5;2;2;1;3;30;FALLIERES (RUE FELIX);;;;930
36337;201500040356;15;12;18;1550;1;2;1;1;6;27;85, REPUBLIQUE (AVENUE D;;;;930
36338;201500040357;15;12;9;510;5;2;1;1;7;13;LINDBERGH (CARREFOUR);;;;930
36339;201500040358;15;12;10;1236;1;2;9;1;2;27;VAILLANT-COUTURIER (AVEN;;;;930
36340;201500040359;15;1;6;1950;5;2;1;1;7;29;STATION (DE LA);;;;930
36341;201500040360;15;1;14;1945;3;2;1;1;1;29;84, REPUBLIQUE (DE LA) N;;;;930
36342;201500040361;15;1;22;2010;5;2;1;1;2;29;89, MARCEAU (AVENUE) N?;;;;930
36343;201500040362;15;1;26;1400;1;2;6;2;2;29;STALINGRAD (DE);;;;930
36344;201500040363;15;1;28;2100;3;2;3;1;3;29;HENRI BARBUSSE (AVE) N?2;;;;930
36345;201500040364;15;2;4;1718;1;2;3;1;3;29;124, FAIDHERBE;;;;930
36346;201500040365;15;2;4;2024;5;2;1;1;3;29;, CHARLES GIDE;;;;930
36347;201500040366;15;2;5;1405;1;2;1;1;6;29;02, MARCELIN BERTHELOT;;;;930
36348;201500040368;15;3;3;1130;1;2;8;1;6;29;197, ANATOLE FRANCE;;;;930
36349;201500040369;15;3;5;1255;1;2;1;1;1;29;30, HENRI BARBUSSE (AVE);;;;930
36350;201500040370;15;3;7;1520;1;2;3;1;3;29;PAUL VAILLANT COUTURIER;;;;930
36351;201500040371;15;3;7;130;5;2;2;1;3;29;28, EDMOND GILLETTE;;;;930
36352;201500040372;15;3;8;1358;1;2;2;1;6;29;JEAN JAURES (AVENUE);;;;930
36353;201500040373;15;3;9;1850;5;2;1;1;6;29;24, PAUL VAILLANT COUTUR;;;;930
36354;201500040374;15;3;9;1930;5;2;3;1;6;29;MARCEAU (AVENUE) N° 1-27;;;;930
36355;201500040375;15;3;20;1353;1;2;1;1;6;29;81, MARCEAU (AVENUE) N°;;;;930
36356;201500040376;15;3;21;1845;1;2;1;1;6;29;115, CHARLES GIDE;;;;930
36357;201500040377;15;3;21;2145;5;2;1;1;2;29;244, HENRI BARBUSSE (AVE;;;;930
36358;201500040378;15;3;29;2100;5;2;3;2;3;29;120, HENRI BARBUSSE (AVE;;;;930
36359;201500040379;15;4;14;1830;1;2;1;1;7;29;86, SAINT-STENAY;;;;930
36360;201500040380;15;4;17;425;5;2;1;1;6;29;60, ALSACE LORRAINE;;;;930
36361;201500040381;15;4;21;1830;1;2;1;1;1;29;55, ANATOLE FRANCE;;;;930
36362;201500040382;15;4;22;1025;1;2;1;7;6;29;118, HENRI BARBUSSE (AVE;;;;930
36363;201500040384;15;5;11;805;1;2;9;1;2;29;133, SADI CARNOT;;;;930
36364;201500040385;15;5;11;1717;1;2;3;1;6;29;48, ROGER SALENGRO N° 02;;;;930
36365;201500040386;15;5;13;930;1;2;1;1;6;29;169, ANATOLE FRANCE;;;;930
36366;201500040387;15;5;16;210;5;2;1;1;6;29;21, LIBERTE (DE LA);;;;930
36367;201500040388;15;5;16;2238;5;2;2;1;3;29;167, HENRI BARBUSSE (AVE;;;;930
36368;201500040390;15;5;31;335;4;2;1;8;6;29;STALINGRAD (DE);;;;930
36369;201500040391;15;6;1;830;1;2;1;1;2;29;12, STALINGRAD (DE);;;;930
36370;201500040392;15;6;15;700;1;2;2;1;3;29;2, SADI CARNOT;;;;930
36371;201500040393;15;6;17;1615;1;2;2;1;6;29;118, HENRI BARBUSSE (AVE;;;;930
36372;201500040394;15;6;21;1110;1;2;9;1;6;29;38, HENRI BARBUSSE (AVE);;;;930
36373;201500040395;15;6;26;1600;1;2;1;1;6;29;4, DIVISION LECLERC (AV.;;;;930
36374;201500040397;15;7;3;2215;5;2;7;1;3;29;179, HENRI BARBUSSE (AVE;;;;930
36375;201500040398;15;7;5;1;5;2;1;1;6;29;44 CONCORDE (AVENUE DE;;;;930
36376;201500040399;15;7;9;1045;1;2;2;1;1;29;10, EMILE DESPREZ;;;;930
36377;201500040400;15;7;28;1530;1;2;9;1;6;29;115, HENRI BARBUSSE (AVE;;;;930
36378;201500040401;15;7;31;1940;1;2;1;1;6;29;76, JEAN JAURES (AVENUE);;;;930
36379;201500040402;15;8;21;1710;1;2;9;1;6;29;15, BOIS DE GROSLAY (DES;;;;930
36380;201500040403;15;8;31;815;1;2;1;1;6;29;7, GRAND AIR (DU);;;;930
36381;201500040404;15;8;31;1815;1;2;1;1;6;29;160, JEAN JAURES (AVENUE;;;;930
36382;201500040405;15;9;6;1410;1;2;3;1;3;29;66, DIVISION LECLERC (AV;;;;930
36383;201500040406;15;9;9;1900;1;2;1;1;6;29;103 HENRI BARBUSSE (AVE;;;;930
36384;201500040407;15;9;14;1840;1;2;1;2;6;29;234, ANATOLE FRANCE;;;;930
36385;201500040410;15;10;1;1815;2;2;1;1;2;29;1, GATEAU LAMBLIN;;;;930
36386;201500040411;15;10;3;1620;1;2;1;1;6;29;37, AMBROISE CROIZAT;;;;930
36387;201500040412;15;10;12;1315;1;2;2;1;6;29;71, HENRI LANGLOIS;;;;930
36388;201500040413;15;10;12;1340;1;2;1;1;6;29;142, ROGER SALENGRO N° 9;;;;930
36389;201500040414;15;10;13;1710;1;2;3;1;3;29;87, SADI CARNOT;;;;930
36390;201500040416;15;10;19;1900;5;2;1;1;6;29;ROGER PETIEU;;;;930
36391;201500040417;15;10;19;1930;5;2;2;1;3;29;1, MARCEAU (AVENUE) N° 1;;;;930
36392;201500040418;15;10;22;1315;1;2;1;2;6;29;79, SADI CARNOT;;;;930
36393;201500040419;15;10;22;1915;5;2;3;2;6;29;85, HENRI BARBUSSE (AVE);;;;930
36394;201500040420;15;10;24;205;3;2;1;1;6;29;42, ALSACE LORRAINE;;;;930
36395;201500040421;15;10;29;2250;5;2;2;1;3;29;139, HENRI BARBUSSE (AVE;;;;930
36396;201500040423;15;11;5;2100;5;2;1;2;4;29;150, STALINGRAD (DE);;;;930
36397;201500040424;15;11;10;1326;1;2;3;1;3;29;REPUBLIQUE (DE LA) N° 1-;;;;930
36398;201500040425;15;11;22;1730;5;2;9;1;3;29;294, JEAN JAURES (AVENUE;;;;930
36399;201500040426;15;12;6;2115;5;2;0;1;2;29;80, STALINGRAD (DE);M;0.0;0.0;930
36400;201500040427;15;12;19;925;1;2;3;1;3;29;BOIS D'AMOUR (AVENUE DU);;;;930
36401;201500040429;15;12;27;25;5;2;2;1;3;29;LOUIS GREUZARD;;;;930
36402;201500040430;15;1;5;625;5;2;2;1;6;31;0, JEAN JAURES (AVENUE);;;;930
36403;201500040431;15;1;13;1530;1;2;3;3;3;79;62, SAINT LEU (ROUTE);;;;930
36404;201500040432;15;1;15;1740;5;2;1;2;2;31;209, SAINT LEU (ROUTE DE;;;;930
36405;201500040433;15;1;26;1700;2;2;2;2;6;31;00, DIX HUIT JUIN 1940 (;;;;930
36406;201500040434;15;1;30;1940;5;2;1;1;6;31;134, JOFFRE (AVENUE);;;;930
36407;201500040436;15;2;5;800;1;2;1;1;6;31;85, JEAN JAURES (AVENUE);;;;930
36408;201500040437;15;2;16;1230;1;2;1;1;6;79;00, SAINT LEU (ROUTE);;;;930
36409;201500040438;15;2;16;1610;1;2;1;8;6;31;16, REPUBLIQUE (AVENUE);;;;930
36410;201500040439;15;2;16;2345;4;2;1;1;6;31;118, PARIS (RUE DE);;;;930
36411;201500040442;15;2;22;125;5;2;2;1;1;31;00, REPUBLIQUE (AVENUE);;;;930
36412;201500040444;15;3;2;1815;1;2;1;1;3;31;88, DE LATTRE DE TASSIGN;;;;930
36413;201500040445;15;3;5;900;1;2;1;1;6;31;14, FOCH (BOULEVARD);;;;930
36414;201500040447;15;3;7;2340;5;2;1;1;2;31;00, REPUBLIQUE (AVENUE);;;;930
36415;201500040448;15;3;13;2000;5;2;2;1;2;31;00, PARIS (RUE DE);;;;930
36416;201500040449;15;3;23;1535;1;2;2;1;3;31;00, REPUBLIQUE (AVENUE);;;;930
36417;201500040450;15;3;26;1710;1;2;3;1;6;31;22, ORMESSON (RUE D');;;;930
36418;201500040451;15;3;27;1815;1;2;3;1;6;31;22, PARIS (RUE DE);;;;930
36419;201500040453;15;4;6;1755;1;2;1;1;6;31;67, ENGHIEN (AV D');;;;930
36420;201500040454;15;4;10;2345;5;2;3;1;3;31;187, SAINT LEU (ROUTE DE;;;;930
36421;201500040455;15;4;15;825;1;2;3;1;6;31;, PRESLES (RUE DES);;;;930
36422;201500040456;15;4;15;1625;1;2;2;1;1;31;0, ALLENDE (AVENUE SALVA;;;;930
36423;201500040457;15;4;25;1100;1;2;1;1;3;79;00, JEAN ALLEMANE;;;;930
36424;201500040458;15;4;24;2150;5;2;1;1;6;79;00, NOUVELLE;;;;930
36425;201500040459;15;4;25;1555;1;2;2;1;3;31;1, REPUBLIQUE (AVENUE);;;;930
36426;201500040460;15;5;2;1300;1;2;3;1;3;31;00, REPUBLIQUE (AVENUE);;;;930
36427;201500040461;15;5;4;1400;1;2;9;1;1;79;00, SAINT LEU (ROUTE);;;;930
36428;201500040462;15;5;5;1430;1;2;1;1;6;31;81, MARNE (AVENUE DE LA);;;;930
36429;201500040463;15;5;8;1645;1;2;2;1;1;79;98, SAINT LEU (ROUTE);;;;930
36430;201500040464;15;5;13;730;1;2;1;1;1;31;112, REPUBLIQUE (AVENUE);;;;930
36431;201500040465;15;5;13;1800;1;2;2;1;2;31;00, ESPACE LUMIERE-DELAT;;;;930
36432;201500040466;15;5;15;835;1;2;1;1;6;31;32, MARNE (AVENUE DE LA);;;;930
36433;201500040467;15;6;1;1315;1;2;1;1;6;79;47, ROGER SALENGRO;;;;930
36434;201500040468;15;6;2;800;1;2;3;8;4;31;00, NANCY (RUE DE);;;;930
36435;201500040469;15;6;8;2100;2;2;1;1;5;79;187, SAINT LEU (ROUTE);;;;930
36436;201500040471;15;6;17;955;1;2;1;1;3;31;197, ESPACE LUMIERE-DELA;;;;930
36437;201500040472;15;6;19;1610;1;2;1;1;3;79;133, DIVISION LECLERC (A;;;;930
36438;201500040473;15;6;26;1540;1;2;2;1;1;79;00, SAINT LEU (ROUTE);;;;930
36439;201500040474;15;6;29;2100;1;2;1;1;6;31;00, SAINT LEU (ROUTE DE);;;;930
36440;201500040475;15;7;6;1730;1;2;1;1;6;31;102, REPUBLIQUE (AVENUE);;;;930
36441;201500040476;15;7;6;1950;1;2;1;1;3;31;00, REPUBLIQUE (AVENUE);;;;930
36442;201500040477;15;7;6;1400;1;2;1;1;6;31;24, REPUBLIQUE (AVENUE);;;;930
36443;201500040478;15;7;9;1900;1;2;1;1;3;31;53, FOCH (BOULEVARD);;;;930
36444;201500040479;15;7;11;1950;1;2;1;1;6;31;24, MARSEILLE (RUE DE);;;;930
36445;201500040481;15;7;11;1830;1;2;3;1;6;31;160, REPUBLIQUE (AVENUE);;;;930
36446;201500040482;15;7;16;1105;1;2;9;1;6;31;0, DE LATTRE DE TASSIGNY;;;;930
36447;201500040483;15;7;21;520;2;2;1;1;2;31;160, REPUBLIQUE (AVENUE);;;;930
36448;201500040484;15;7;22;2150;2;2;1;1;1;79;00, MARCEL SEMBAT;;;;930
36449;201500040485;15;7;27;5;5;2;2;2;1;31;00, JEAN JAURES (AVENUE);;;;930
36450;201500040486;15;7;27;1255;1;2;1;8;6;31;00, FELIX MERLIN;;;;930
36451;201500040487;15;7;30;2200;5;2;1;1;3;31;160, REPUBLIQUE (AVENUE);;;;930
36452;201500040488;15;8;8;1440;1;2;1;1;6;31;20, FELIX MERLIN;;;;930
36453;201500040489;15;8;8;1730;1;2;1;1;6;31;81, GALLIENI (AVENUE);;;;930
36454;201500040490;15;8;11;1305;1;2;1;1;5;31;61, GALLIENI (AVENUE);;;;930
36455;201500040491;15;8;15;1730;1;2;2;1;3;31;REPUBLIQUE (AVENUE);;;;930
36456;201500040493;15;8;21;2220;5;2;9;1;1;31;EGLISE (RUE DE L');;;;930
36457;201500040494;15;8;27;2004;5;2;1;3;6;79;112, MAURICE GRANDCOING;;;;930
36458;201500040495;15;9;2;1018;1;2;3;1;2;31;19, DE LATTRE DE TASSIGN;;;;930
36459;201500040496;15;9;2;1140;1;2;3;1;3;31;129, JEAN JAURES (AVENUE;;;;930
36460;201500040497;15;9;3;1330;1;2;4;1;3;31;160, REPUBLIQUE (AVENUE);;;;930
36461;201500040498;15;9;6;1200;1;2;1;1;6;31;FELIX MERLIN;;;;930
36462;201500040499;15;9;7;850;1;2;1;1;6;31;DE LATTRE DE TASSIGNY (1;;;;930
36463;201500040500;15;9;8;1310;1;2;1;1;3;31;REPUBLIQUE (AVENUE);;;;930
36464;201500040501;15;9;10;2000;1;2;1;1;3;31;84, REPUBLIQUE (AVENUE);;;;930
36465;201500040502;15;9;12;1345;1;2;3;3;3;31;DIX HUIT JUIN 1940 (AVEN;;;;930
36466;201500040503;15;9;12;1735;1;2;9;3;7;31;, JOFFRE (AVENUE);;;;930
36467;201500040504;15;9;14;1900;1;2;1;2;6;79;JEAN ALLEMANE;;;;930
36468;201500040505;15;9;16;2225;5;2;2;1;3;31;REPUBLIQUE (AVENUE);;;;930
36469;201500040506;15;9;19;1120;1;2;1;1;6;31;23, GALLIENI (AVENUE);;;;930
36470;201500040507;15;9;20;650;5;2;4;1;6;31;FOCH (BOULEVARD);;;;930
36471;201500040508;15;9;21;1030;1;2;1;1;6;79;JEAN BAPTISTE CLEMENT;;;;930
36472;201500040509;15;9;22;1150;1;1;1;2;3;79;JEAN BAPTISTE CLEMENT;;;;930
36473;201500040510;15;9;26;120;5;2;4;1;1;31;JOFFRE (AVENUE);;;;930
36474;201500040511;15;9;28;1850;1;2;1;1;6;79;162, DIVISION LECLERC (A;;;;930
36475;201500040512;15;10;2;1255;1;2;1;1;6;31;34, DE LATTRE DE TASSIGN;;;;930
36476;201500040513;15;10;3;1350;1;2;2;1;3;31;160, REPUBLIQUE (AVENUE);;;;930
36477;201500040514;15;10;5;1820;1;2;1;3;3;79;99, JEAN BAPTISTE CLEMEN;;;;930
36478;201500040515;15;10;6;2015;5;2;1;1;3;31;1/3, SAINT LEU (ROUTE DE;;;;930
36479;201500040516;15;10;9;2220;5;2;1;1;2;31;22, CDT LOUIS BOUCHET (A;;;;930
36480;201500040517;15;10;12;1750;1;2;1;1;6;79;8, ROGER SALENGRO;;;;930
36481;201500040518;15;10;31;1305;1;2;2;1;3;31;PARIS (RUE DE);;;;930
36482;201500040519;15;11;3;730;2;2;5;8;6;31;0, REPUBLIQUE (AVENUE);;;;930
36483;201500040520;15;11;5;1650;2;2;1;1;6;79;1, JEAN BAPTISTE CLEMENT;;;;930
36484;201500040521;15;11;7;2325;5;2;1;1;6;31;29, MARSEILLE (RUE DE);;;;930
36485;201500040522;15;11;9;1800;5;2;4;1;1;31;REPUBLIQUE (AVENUE);;;;930
36486;201500040524;15;11;21;700;2;2;9;2;3;31;153, REPUBLIQUE (AVENUE);;;;930
36487;201500040525;15;11;26;1250;1;2;1;1;6;31;161, REPUBLIQUE (AVENUE);;;;930
36488;201500040526;15;12;4;1215;1;2;1;1;3;31;0, SAINT LEU (ROUTE DE);;;;930
36489;201500040527;15;12;10;1915;5;2;2;1;3;31;MARNE (AVENUE DE LA);;;;930
36490;201500040528;15;12;15;1800;3;2;1;2;6;79;114, SAINT LEU (ROUTE);;;;930
36491;201500040529;15;12;20;2245;5;2;1;2;3;79;52, SAINT LEU (ROUTE);;;;930
36492;201500040530;15;12;29;1110;1;2;3;1;6;31;FELIX MERLIN;;;;930
36493;201500040531;15;12;30;1405;1;2;1;1;1;79;SAINT LEU (ROUTE);;;;930
36494;201500040532;15;1;5;1610;1;2;3;1;3;32;HIPPOLYTE  PINA  (RUE);;;;930
36495;201500040533;15;1;28;745;1;2;2;1;3;32;CENTRALE   (AVENUE);;;;930
36496;201500040534;15;2;2;1610;1;2;1;1;6;32;38, JEAN JAURES (AVENUE);;;;930
36497;201500040535;15;2;11;1710;1;2;1;1;3;32;86, ARISTIDE BRIAND (RUE;;;;930
36498;201500040536;15;3;2;1610;1;2;1;1;4;32;115, PAUL VAILLANT COUTU;;;;930
36499;201500040537;15;3;14;400;5;2;3;1;3;32;96, CHEMIN DE FER   (RUE;;;;930
36500;201500040538;15;3;19;20;5;2;1;1;6;32;55, MAISON ROUGE  (RUE D;;;;930
36501;201500040539;15;3;30;810;1;2;3;2;6;32;TOULOUSE  (AVENUE DE);;;;930
36502;201500040540;15;4;4;1600;1;2;1;8;1;32;55, JEAN JAURES (AVENUE);;;;930
36503;201500040541;15;4;9;1740;1;2;3;1;3;32;81, ARISTIDE BRIAND (RUE;;;;930
36504;201500040542;15;4;13;2005;1;2;1;1;6;32;38 b, JEAN JAURES (AVENU;;;;930
36505;201500040543;15;4;15;1415;1;2;7;1;6;32;38, JEAN JAURES (AVENUE);;;;930
36506;201500040544;15;5;15;1820;1;2;1;1;6;32;86, DIX NEUF MARS   (RUE;;;;930
36507;201500040545;15;5;24;1905;1;2;1;1;6;32;DHUYS   (ALLEE DE LA);;;;930
36508;201500040546;15;6;2;2040;1;2;2;7;2;32;PAUL VAILLANT COUTURIER;;;;930
36509;201500040547;15;6;5;1920;1;2;1;1;2;32;50, HENRI BARBUSSE   (AV;;;;930
36510;201500040548;15;6;9;2155;2;2;3;1;3;32;CHENES (ALLEE DES);;;;930
36511;201500040549;15;6;14;123;5;2;1;1;3;32;JEAN JAURES (AVENUE);;;;930
36512;201500040550;15;6;17;1550;1;2;2;1;3;32;05, PARMENTIER   (RUE);;;;930
36513;201500040551;15;6;24;750;1;2;1;1;3;32;PAUL VAILLANT COUTURIER;;;;930
36514;201500040552;15;7;7;850;1;2;2;1;3;32;HAUTE CARRIERE   (RUE DE;;;;930
36515;201500040553;15;7;15;1130;1;2;1;7;6;32;149, VERSAILLES (AVENUE;;;;930
36516;201500040554;15;7;17;45;5;2;1;1;6;32;26bis, JEAN JAURES (AVEN;;;;930
36517;201500040556;15;8;5;1120;1;2;1;1;3;32;ABBESSES  (CHEMIN D'ACCE;;;;930
36518;201500040557;15;8;9;2015;1;2;1;1;3;32;ARISTIDE BRIAND (RUE);;;;930
36519;201500040558;15;8;8;1900;1;2;3;1;3;32;11, LOUIS BOUCHET   (RUE;;;;930
36520;201500040559;15;8;26;1115;1;2;2;1;3;32;GAITE   (AVENUE DE LA);;;;930
36521;201500040560;15;8;30;134;5;2;1;1;6;32;43, CHENES (ALLEE DES);;;;930
36522;201500040561;15;9;5;115;5;2;1;1;3;32;53, JEAN JAURES (AVENUE);;;;930
36523;201500040562;15;9;10;2100;5;2;1;1;6;32;HENRI BARBUSSE   (AVENUE;;;;930
36524;201500040563;15;9;17;1405;1;2;3;8;1;32;DIX NEUF MARS   (RUE DU);;;;930
36525;201500040564;15;9;17;1810;1;2;6;1;6;32;47, CONTANT   (RUE);;;;930
36526;201500040565;15;9;19;1240;1;2;1;1;3;32;20, PARIS  (RUE DE);;;;930
36527;201500040566;15;9;20;210;5;2;1;1;2;32;JEAN JAURES (AVENUE);;;;930
36528;201500040567;15;9;29;1225;1;2;1;1;6;32;26, RENE BASCHET   (RUE);;;;930
36529;201500040569;15;10;6;815;1;2;1;3;6;32;MAISON ROUGE  (RUE DE LA;;;;930
36530;201500040570;15;10;31;2010;5;2;3;1;3;32;JEAN PIERRE GARDEBLED (R;;;;930
36531;201500040571;15;11;2;1710;3;2;1;1;2;32;136, JULES GUESDES  (RUE;;;;930
36532;201500040572;15;11;20;1830;5;2;9;2;6;32;30, SAINT DIZIER   (BOUL;;;;930
36533;201500040573;15;11;20;2220;5;2;1;8;3;32;182, MONTFERMEIL   (ALLE;;;;930
36534;201500040574;15;11;22;1120;1;2;2;1;6;32;162, MONTFERMEIL   (ALLE;;;;930
36535;201500040575;15;11;28;1500;1;2;2;1;3;32;30, MADELEINE    (ALLEE);;;;930
36536;201500040576;15;12;4;1455;1;2;1;1;6;32;DIX NEUF MARS   (RUE DU);;;;930
36537;201500040577;15;12;15;1040;1;2;3;2;3;32;VICTOR AUBRY  (RUE);;;;930
36538;201500040578;15;12;16;1930;5;2;3;2;6;32;JEAN JAURES (AVENUE);;;;930
36539;201500040579;15;12;20;2117;5;2;3;2;3;32;CHATEAU   (AVENUE DU);;;;930
36540;201500040580;15;12;25;2000;5;2;3;1;3;32;HENRI BARBUSSE   (AVENUE;;;;930
36541;201500040581;15;12;29;1725;5;2;1;1;6;32;06, DRAGON   (AVENUE DU);;;;930
36542;201500040582;15;1;1;1950;5;2;1;1;1;45;34, LIBERTE BD DE LA;;;;930
36543;201500040583;15;1;6;900;1;2;1;1;3;63;16, BENFLEET RUE DE;;;;930
36544;201500040584;15;1;6;1815;5;2;1;1;3;63;57, KERAUTRET AVENUE PIE;;;;930
36545;201500040585;15;1;7;100;5;2;1;5;6;63;BERLIOZ AVENUE;;;;930
36546;201500040586;15;1;14;1315;1;2;1;1;2;6;FERRY JULES RUE;;;;930
36547;201500040587;15;1;16;2118;5;2;1;2;3;45;LECLERC BOULEVARD DU GEN;;;;930
36548;201500040588;15;1;19;1745;5;2;2;1;6;6;19/21, DELESCLUSE CHARLE;;;;930
36549;201500040589;15;1;22;1250;1;2;1;1;6;63;, METZ AVENUE DE;;;;930
36550;201500040590;15;1;28;345;5;2;1;8;6;45;12, JAURES BD JEAN;;;;930
36551;201500040591;15;1;29;1635;1;2;1;2;6;6;GAL DE GAULLE AV. DU;;;;930
36552;201500040593;15;2;4;1230;1;2;1;1;5;61;11, PERI GABRIEL RUE;;;;930
36553;201500040597;15;3;3;1330;1;2;3;1;3;63;KERAUTRET AVENUE PIERRE;;;;930
36554;201500040599;15;3;7;2140;5;1;1;1;6;45;1, CALMETTE ALLEE DU DOC;;;;930
36555;201500040600;15;3;14;2305;5;2;3;1;3;63;LENINE AVENUE;;;;930
36556;201500040601;15;3;20;1030;1;2;1;1;6;45;RENAULT LEON RUE;;;;930
36557;201500040602;15;3;24;1525;1;2;1;2;6;6;26, GAL DE GAULLE AV. DU;;;;930
36558;201500040603;15;3;29;1750;1;2;1;2;6;45;LIBERTE BD DE LA;;;;930
36559;201500040604;15;3;29;1420;1;2;2;8;3;63;REPUBLIQUE RUE DE LA;;;;930
36560;201500040605;15;4;7;1000;1;2;1;1;6;45;BRUYERES RUE DES;;;;930
36561;201500040606;15;4;12;1200;1;2;1;1;6;45;BRUYERES RUE DES;;;;930
36562;201500040607;15;4;15;900;1;2;1;1;3;45;10, BRUYERES RUE DES;;;;930
36563;201500040608;15;4;23;2345;5;2;1;1;7;61;34, ESTIENNE D'ORVES RUE;;;;930
36564;201500040609;15;5;15;1350;1;2;2;1;3;45;LECLERC BOULEVARD DU GEN;;;;930
36565;201500040610;15;6;11;815;1;2;1;1;6;63;12, BARBUSSE HENRI BOULE;;;;930
36566;201500040611;15;6;12;1403;1;2;1;1;6;63;5, VAILLANT-COUTURIER RU;;;;930
36567;201500040612;15;6;14;1900;1;2;2;1;5;6;ROBESPIERRE RUE;;;;930
36568;201500040613;15;6;22;2020;1;2;1;1;6;6;GAL DE GAULLE AV. DU;;;;930
36569;201500040614;15;7;2;900;1;2;1;1;6;6;01, REPUBLIQUE AVENUE DE;;;;930
36570;201500040615;15;7;3;1015;1;2;2;7;2;6;0, CAPSULERIE RUE DE LA;;;;930
36571;201500040616;15;7;6;630;1;2;2;1;6;6;MICHEL LOUISE RUE;;;;930
36572;201500040617;15;8;5;657;2;2;1;1;6;45;131, PARIS RUE DE;;;;930
36573;201500040618;15;8;7;1150;1;2;2;1;3;6;103, STALINGRAD AV.;;;;930
36574;201500040621;15;8;19;1300;1;2;1;1;2;63;BARBUSSE HENRI-BOULEVARD;;;;930
36575;201500040622;15;8;20;815;2;1;9;2;6;6;1, FIORENTINO RUE DE SES;;;;930
36576;201500040623;15;8;20;1150;1;2;2;2;3;63;BENFLEET RUE DE;;;;930
36577;201500040624;15;8;22;1330;1;2;2;1;3;6;STALINGRAD AV.;;;;930
36578;201500040625;15;8;29;255;5;2;2;1;6;63;NOISY ROUTE DE;;;;930
36579;201500040626;15;8;30;1410;1;2;1;1;6;63;8, KERAUTRET AVENUE PIER;;;;930
36580;201500040627;15;9;11;1335;1;2;1;1;6;63;BARBUSSE HENRI BOULEVARD;;;;930
36581;201500040628;15;9;24;1200;1;2;2;1;3;6;RASPAIL AVENUE;;;;930
36582;201500040630;15;9;28;1730;1;2;1;1;6;61;PERI GABRIEL RUE;;;;930
36583;201500040631;15;9;30;1545;1;2;2;1;3;6;GAMBETTA AV.;;;;930
36584;201500040632;15;9;30;2120;5;2;9;1;3;6;7, GAMBETTA AV.;;;;930
36585;201500040633;15;10;1;910;1;2;2;1;3;45;BARBUSSE HENRI RUE;;;;930
36586;201500040634;15;10;2;1010;1;2;1;1;2;6;1, REPUBLIQUE AVENUE DE;;;;930
36587;201500040635;15;10;8;1235;1;2;1;1;6;45;PASTEUR AV.;;;;930
36588;201500040636;15;10;9;1615;1;2;1;1;3;6;36, GAL DE GAULLE AV. DU;;;;930
36589;201500040637;15;10;10;1839;1;2;1;1;6;63;1, KERAUTRET AVENUE PIER;;;;930
36590;201500040638;15;10;14;1410;1;2;1;1;6;45;PARIS RUE DE;;;;930
36591;201500040639;15;10;19;1620;1;2;1;1;6;63;11, VAILLANT-COUTURIER A;;;;930
36592;201500040640;15;10;26;900;1;2;1;1;3;45;10, SCHUMAN RUE DU PDT R;;;;930
36593;201500040641;15;10;30;1620;1;2;1;1;3;63;METZ AVENUE DE;;;;930
36594;201500040642;15;11;1;2200;5;2;1;1;2;6;148 GALLIENI  AV;;;;930
36595;201500040643;15;11;6;1440;1;2;1;2;6;45;1, LIBERTE BD DE LA;;;;930
36596;201500040646;15;11;13;2020;5;2;1;1;6;6;50, ROBESPIERRE RUE;;;;930
36597;201500040647;15;11;16;2100;5;2;3;2;3;6;0, REPUBLIQUE AVENUE DE;;;;930
36598;201500040648;15;11;19;1640;2;2;1;2;6;63;85, BARBUSSE HENRI BOULE;;;;930
36599;201500040649;15;11;19;1720;5;2;1;2;6;63;00, METZ AVENUE DE;;;;930
36600;201500040650;15;6;16;1820;1;1;1;1;6;61;25, JAURES AVENUE JEAN;;;;930
36601;201500040651;15;11;29;2300;5;2;2;1;1;63;BRANLY BD EDOUARD;;;;930
36602;201500040652;15;12;4;1800;5;2;1;1;3;6;REPUBLIQUE AVENUE DE LA;;;;930
36603;201500040653;15;12;8;1745;5;2;2;2;6;6;49, PANTIN RUE DE;;;;930
36604;201500040655;15;12;9;845;1;2;1;1;6;45;63, PARIS RUE DE;;;;930
36605;201500040656;15;12;11;1140;1;2;1;8;3;63;79, NOISY ROUTE DE;;;;930
36606;201500040657;15;12;12;1630;2;2;1;1;6;63;01, FABIEN AVENUE DU COL;;;;930