;Num_Acc;an;mois;jour;hrmn;lum;agg;int;atm;col;com;adr;gps;lat;long;dep
36607;201500040658;15;12;17;2110;5;2;1;1;6;63;1, MONTREUIL ROUTE DE;;;;930
36608;201500040659;15;12;21;1900;5;2;1;2;2;63;1, METZ AVENUE DE;;;;930
36609;201500040660;15;12;28;1230;1;2;1;1;1;63;01, METZ AVENUE DE;;;;930
36610;201500040661;15;8;10;2245;5;2;3;1;2;63;76, BRETAGNES AVENUE DES;;;;930
36611;201500040662;15;5;10;1130;1;2;2;1;3;6;FERRY JULES RUE;;;;930
36612;201500040663;15;5;16;1130;1;2;1;1;7;45;88, PARIS RUE DE;;;;930
36613;201500040664;15;5;26;905;1;2;1;1;3;45;21, BRUYERES RUE DES;;;;930
36614;201500040665;15;6;1;1830;1;2;1;1;4;6;REPUBLIQUE AVENUE DE LA;;;;930
36615;201500040666;15;6;5;1420;1;2;2;1;3;6;77, GAMBETTA AV.;;;;930
36616;201500040667;15;6;6;1400;1;2;1;1;6;45;COMBATTANTS EN AF. DU NO;;;;930
36617;201500040669;15;6;12;1000;1;2;1;1;6;6;120, PASTEUR AV.;;;;930
36618;201500040670;15;1;2;910;1;2;2;8;3;46;JEAN JAURES BOULEVARD;;;;930
36619;201500040671;15;1;6;2235;5;2;1;1;6;46;26, QUESNAY AVENUE;;;;930
36620;201500040672;15;1;7;800;1;2;1;8;6;46;, EUROPE BOULEVARD DE L';;;;930
36621;201500040673;15;1;13;830;1;2;1;1;6;46;1, FERRER AVENUE;;;;930
36622;201500040675;15;1;23;2055;5;2;2;9;3;46;LUCIE AUBRAC ALLEE;;;;930
36623;201500040676;15;1;24;2150;5;2;2;1;3;46;ORLEANS AVENUE;;;;930
36624;201500040677;15;1;30;2220;5;2;9;1;3;46;REPUBLIQUE AVENUE DE LA;;;;930
36625;201500040678;15;2;1;2050;5;2;1;2;6;46;51, ARISTIDE BRIAND AVEN;;;;930
36626;201500040679;15;2;5;1640;1;2;1;1;2;46;34, JULES GUESDES AVENUE;;;;930
36627;201500040680;15;2;6;1019;1;2;1;1;6;46;21, MARX DORMOY BOULEVAR;;;;930
36628;201500040681;15;2;7;2030;5;2;2;1;1;46;LUCIE AUBRAC ALLEE;;;;930
36629;201500040682;15;2;8;2040;5;2;2;1;1;46;CONSUL GENERAL NORDLING;;;;930
36630;201500040683;15;2;21;1730;1;2;1;1;6;46;74, REPUBLIQUE AVENUE DE;;;;930
36631;201500040684;15;2;27;1700;1;2;1;1;7;46;EUROPE BOULEVARD DE L';;;;930
36632;201500040685;15;3;6;1940;5;2;2;1;3;46;130, GAMBETTA AVENUE;;;;930
36633;201500040686;15;3;11;1900;5;2;1;1;3;74;81, MEAUX RUE DE;;;;930
36634;201500040689;15;3;17;855;1;2;2;1;1;74;144, MEAUX RUE DE;;;;930
36635;201500040690;15;3;17;1650;1;2;1;1;6;46;COLONEL FABIEN AVENUE DU;;;;930
36636;201500040691;15;3;17;1730;1;2;1;1;3;46;20, VOLTAIRE AVENUE;;;;930
36637;201500040692;15;3;20;1315;1;2;5;1;1;46;BENOIT MALON AVENUE;;;;930
36638;201500040693;15;3;22;2210;5;2;1;1;2;46;23, CHARLES DE GAULLE AV;;;;930
36639;201500040695;15;4;2;1155;1;2;1;2;4;46;167, ARISTIDE BRIAND AVE;;;;930
36640;201500040697;15;4;5;640;2;2;2;1;2;46;17, ARISTIDE BRIAND AVEN;;;;930
36641;201500040698;15;3;26;1530;1;2;1;2;6;46;52, ARISTIDE BRIAND AVEN;;;;930
36642;201500040699;15;4;11;1945;1;2;3;1;6;46;52, CONSUL GENERAL NORDL;;;;930
36643;201500040700;15;4;18;1610;1;2;1;1;6;46;13, CHEVALIER DE LA BARR;;;;930
36644;201500040701;15;4;18;2130;5;2;2;1;3;46;WINSTON CHURCHILL AVENUE;;;;930
36645;201500040702;15;4;24;815;1;2;1;1;3;74;40, MEAUX RUE DE;;;;930
36646;201500040703;15;4;25;445;5;2;2;2;2;46;82, CONSUL GENERAL NORDL;;;;930
36647;201500040704;15;5;1;120;5;2;2;2;3;46;ARISTIDE BRIAND AVENUE;;;;930
36648;201500040705;15;5;2;2130;5;2;3;2;6;46;88/90, ARISTIDE BRIAND A;;;;930
36649;201500040706;15;5;4;750;1;2;1;1;3;15;PASTEUR AVENUE;;;;930
36650;201500040708;15;5;19;740;1;2;2;7;1;15;JAURES RUE JEAN;;;;930
36651;201500040709;15;5;20;820;1;2;2;1;3;46;, GAMBETTA AVENUE;;;;930
36652;201500040710;15;5;20;1656;1;2;1;8;6;46;FRANCOIS VILLON RUE;;;;930
36653;201500040711;15;5;27;1920;1;2;2;1;6;46;CONSUL GENERAL NORDLING;;;;930
36654;201500040712;15;5;30;1720;1;2;1;1;2;46;77, ROSNY ALLEE DE;;;;930
36655;201500040713;15;5;31;1100;1;1;1;3;2;74;Route Nationale 3;;;;930
36656;201500040714;15;6;7;2020;1;2;2;1;3;46;FAIDHERBE ALLEE;;;;930
36657;201500040715;15;6;11;1910;1;2;1;1;2;74;59, AMYOT BOULEVARD JACQ;;;;930
36658;201500040716;15;6;15;1450;1;2;3;1;6;46;22, JEAN JACQUES ROUSSEA;;;;930
36659;201500040717;15;6;17;1010;1;2;1;1;2;46;45, ARISTIDE BRIAND AVEN;;;;930
36660;201500040718;15;6;17;1938;1;2;2;7;1;46;MARECHAL LECLERC AVENUE;;;;930
36661;201500040719;15;6;18;1405;1;2;2;8;3;46;CONSUL GENERAL NORDLING;;;;930
36662;201500040720;15;6;19;1325;1;2;2;1;3;46;MONTESQUIEU AVENUE;;;;930
36663;201500040721;15;6;25;1900;1;2;5;1;1;46;00, JEAN JAURES BOULEVAR;;;;930
36664;201500040722;15;6;26;2041;1;2;2;1;3;46;ROCHER ALLEE DU;;;;930
36665;201500040723;15;7;2;1830;1;2;1;1;6;46;17, ARISTIDE BRIAND AVEN;;;;930
36666;201500040724;15;7;2;1935;1;2;2;1;3;46;SCHACHER ALLEE;;;;930
36667;201500040725;15;7;5;2050;2;1;1;1;6;46;EUROPE BOULEVARD DE L';;;;930
36668;201500040726;15;7;5;2340;5;2;1;1;4;46;59 Bis, ARISTIDE BRIAND;;;;930
36669;201500040727;15;7;6;905;1;2;1;1;2;46;115, ARISTIDE BRIAND AVE;;;;930
36670;201500040730;15;7;10;810;1;2;2;1;3;74;140, MEAUX RUE DE;;;;930
36671;201500040731;15;7;15;1422;1;1;1;1;7;74;Route Nationale 3;;;;930
36672;201500040732;15;7;16;2215;5;2;1;1;3;46;20, BERTHE ALLEE;;;;930
36673;201500040733;15;7;18;320;3;1;1;1;7;74;Route Nationale 3;;;;930
36674;201500040734;15;7;19;2225;5;2;1;1;3;46;175, ARISTIDE BRIAND AVE;;;;930
36675;201500040735;15;7;21;1530;1;2;3;1;2;46;00, ARISTIDE BRIAND AVEN;;;;930
36676;201500040736;15;8;5;1925;1;2;2;1;5;46;MARX DORMOY BOULEVARD;;;;930
36677;201500040737;15;8;10;1725;1;2;1;1;6;74;245, MEAUX RUE DE;;;;930
36678;201500040738;15;8;13;1501;1;2;1;1;6;74;DE GAULLE AVENUE DU GENE;;;;930
36679;201500040739;15;7;27;1045;1;2;2;8;3;46;JEANNE D'ARC ALLEE;;;;930
36680;201500040740;15;8;13;1725;1;2;2;1;1;46;REPUBLIQUE AVENUE DE LA;;;;930
36681;201500040741;15;8;18;1650;1;2;2;1;3;46;KENNEDY AVENUE DU PRESID;;;;930
36682;201500040742;15;8;22;1830;1;2;1;1;6;46;49, ROSNY ALLEE DE;;;;930
36683;201500040743;15;9;3;1410;1;2;2;1;3;46;JEAN MOULIN BOULEVARD;;;;930
36684;201500040745;15;9;9;2130;5;2;2;1;1;46;MARX DORMOY BOULEVARD;;;;930
36685;201500040746;15;9;12;2015;5;2;2;2;3;46;CAMILLE DESMOULINS AVENU;;;;930
36686;201500040747;15;9;15;2350;5;2;1;2;5;46;2, ARISTIDE BRIAND AVENU;;;;930
36687;201500040748;15;9;19;655;1;2;1;1;6;46;83, ARISTIDE BRIAND AVEN;;;;930
36688;201500040749;15;9;26;105;5;2;2;1;4;46;1, CAMILLE DESMOULINS AV;;;;930
36689;201500040750;15;9;27;1840;1;2;2;1;3;46;LUCIE AUBRAC ALLEE;;;;930
36690;201500040752;15;9;27;2110;5;2;1;1;1;74;MEAUX RUE DE;;;;930
36691;201500040753;15;9;29;1705;1;1;1;1;2;46;STRATEGIQUE ROUTE;;;;930
36692;201500040754;15;9;30;930;1;2;3;1;6;46;LA FONTAINE ALLEE;;;;930
36693;201500040755;15;10;2;1050;1;2;1;1;6;46;21, MARC SANGNIER RUE;;;;930
36694;201500040756;15;10;7;1110;1;2;2;1;3;15;60, JAURES RUE JEAN;;;;930
36695;201500040757;15;10;13;645;5;2;1;1;2;46;9, CHARLES DE GAULLE AVE;;;;930
36696;201500040758;15;10;15;830;1;2;1;1;6;46;28, CONSUL GENERAL NORDL;;;;930
36697;201500040759;15;10;22;2155;3;1;1;2;2;74;Route Nationale 3;;;;930
36698;201500040760;15;10;23;1640;1;2;1;1;2;46;02, FURSTENFELDBRUCK RUE;;;;930
36699;201500040761;15;10;28;1825;5;2;2;1;6;46;FRANCOIS VILLON RUE;;;;930
36700;201500040762;15;10;18;1820;1;2;1;1;3;46;WINSTON CHURCHILL AVENUE;;;;930
36701;201500040763;15;11;7;1155;1;2;1;1;3;46;CONSUL GENERAL NORDLING;;;;930
36702;201500040764;15;11;11;615;5;2;2;5;6;15;LARCHE RUE RAOUL;;;;930
36703;201500040765;15;11;23;835;1;2;1;1;1;46;SULLY AVENUE;;;;930
36704;201500040766;15;11;20;1610;2;2;1;2;1;74;MEAUX RUE DE;;;;930
36705;201500040768;15;11;30;2035;5;2;5;1;3;46;112, JEAN JAURES BOULEVA;;;;930
36706;201500040770;15;12;11;1745;5;2;1;2;6;46;176, EDOUARD VAILLANT BO;;;;930
36707;201500040771;15;12;12;855;1;2;9;1;2;46;MARECHAL LECLERC AVENUE;;;;930
36708;201500040772;15;12;17;855;1;2;6;1;3;74;LATTRE DE TASSIGNY AVENU;;;;930
36709;201500040773;15;12;21;1802;5;2;1;2;6;46;EUROPE BOULEVARD DE L';;;;930
36710;201500040775;15;12;25;1855;5;2;1;2;6;46;79, ROGER SALENGRO BOULE;;;;930
36711;201500040776;15;12;30;2130;5;2;2;1;4;46;LIBERATION PLACE DE LA;;;;930
36712;201500040777;15;9;5;2125;5;2;2;1;6;46;ARISTIDE BRIAND AVENUE;;;;930
36713;201500040778;15;9;8;1830;1;2;1;1;3;46;MARX DORMOY BOULEVARD;;;;930
36714;201500040779;15;1;4;2210;5;2;2;1;3;48;., SAINT DENIS (RUE);;;;930
36715;201500040780;15;1;5;1850;5;2;1;1;6;48;., RESISTANCE (AVENUE DE;;;;930
36716;201500040781;15;1;12;1440;1;2;3;1;3;48;PIERRE DE MONTREUIL (RUE;;;;930
36717;201500040782;15;1;14;1710;1;2;1;1;3;48;., RESISTANCE (AVENUE DE;;;;930
36718;201500040783;15;1;16;1245;1;2;2;1;3;48;ROBESPIERRE (RUE);;;;930
36719;201500040784;15;1;21;1940;3;2;2;1;6;48;., MAURICE BOUCHOR (RUE);;;;930
36720;201500040785;15;1;26;1620;1;2;4;2;6;48;., CONDORCET (RUE);;;;930
36721;201500040786;15;1;28;1630;1;2;3;2;6;48;., MEUNIERS (RUE DES);;;;930
36722;201500040787;15;1;28;2045;3;2;1;2;3;48;14, MARE A L'ANE (RUE DE;;;;930
36723;201500040788;15;1;29;1145;1;2;1;1;3;48;BOISSIERE (BOULEVARD DE;;;;930
36724;201500040789;15;1;30;1550;1;2;1;9;3;48;208, THEOPHILE SUEUR (BO;;;;930
36725;201500040790;15;2;4;1815;5;2;1;1;6;48;10, PARMENTIER (RUE);;;;930
36726;201500040791;15;2;11;1340;1;2;1;1;2;48;12, PAUL VAILLANT COUTUR;;;;930
36727;201500040792;15;2;11;2050;5;2;2;1;3;48;48, MARCEAU (RUE);;;;930
36728;201500040794;15;2;16;1730;1;2;1;1;6;48;0, EDOUARD BRANLY (RUE);;;;930
36729;201500040795;15;2;25;1430;1;1;1;2;1;48;0 NOUVELLE FRANCE (RUE;;;;930
36730;201500040796;15;3;11;850;1;2;1;1;6;48;28, ARISTIDE BRIAND (BOU;;;;930
36731;201500040797;15;3;12;1700;1;2;1;1;6;48;76, PARIS (RUE DE);;;;930
36732;201500040798;15;3;22;2330;5;2;1;1;6;48;158, PARIS (RUE DE);;;;930
36733;201500040799;15;3;27;1200;1;2;1;1;6;48;CHANZY (BOULEVARD);;;;930
36734;201500040800;15;3;30;2335;5;2;1;1;6;48;130 CHANZY (BOULEVARD);;;;930
36735;201500040801;15;4;2;1540;1;2;3;3;3;48;CARNOT (RUE);;;;930
36736;201500040802;15;4;2;1700;1;2;1;2;2;48;262, ARISTIDE BRIAND S2;;;;930
36737;201500040803;15;4;13;1105;1;2;1;1;6;48;21, EMILE ZOLA (RUE);;;;930
36738;201500040804;15;4;14;1855;1;2;1;1;6;48;PAUL VAILLANT COUTURIER;;;;930
36739;201500040805;15;4;15;745;1;2;1;1;6;48;., PIERRE BROSSOLETTE (A;;;;930
36740;201500040806;15;4;15;1755;1;2;1;1;6;48;60, MESSIERS (RUE DES);;;;930
36741;201500040807;15;4;20;830;1;2;3;1;2;48;97, PIERRE DE MONTREUIL;;;;930
36742;201500040809;15;4;25;5;3;2;1;2;3;48;28, RESISTANCE (AVENUE D;;;;930
36743;201500040810;15;5;7;730;1;2;1;7;1;48;32, PIERRE DE MONTREUIL;;;;930
36744;201500040811;15;5;18;2035;1;1;2;8;6;48;ARISTIDE BRIAND (BOULEVA;;;;930
36745;201500040813;15;5;22;1215;1;2;3;1;3;48;., VICTOR HUGO (AVENUE);;;;930
36746;201500040815;15;5;22;2000;1;2;2;1;6;48;57, PARIS (RUE DE);;;;930
36747;201500040817;15;6;2;1750;1;2;1;1;2;48;50 bis, ROBESPIERRE (RUE;;;;930
36748;201500040818;15;6;4;1900;1;2;1;1;2;48;., MOLIERE (RUE);;;;930
36749;201500040819;15;6;7;1127;1;2;2;1;3;48;33, SAINT DENIS (RUE);;;;930
36750;201500040820;15;6;8;1520;1;2;3;1;7;48;., AUGUSTE BLANQUI (RUE);;;;930
36751;201500040821;15;6;15;1850;1;2;9;1;6;48;., ARISTIDE BRIAND (BOUL;;;;930
36752;201500040822;15;6;18;1315;1;2;1;1;6;48;16, PAUL VAILLANT COUTUR;;;;930
36753;201500040823;15;6;19;805;1;2;2;1;3;48;., LE NAIN DE TILLEMONT;;;;930
36754;201500040824;15;6;25;2305;5;2;1;1;3;48;64, JEAN LOLIVE (RUE);;;;930
36755;201500040826;15;7;10;1700;1;2;2;1;6;48;52, PAUL VAILLANT COUTUR;;;;930
36756;201500040827;15;7;13;1530;1;2;1;1;6;48;., PARIS (RUE DE);;;;930
36757;201500040828;15;7;21;1830;1;2;2;1;6;48;., ARMAND CARREL (RUE);;;;930
36758;201500040829;15;8;3;2345;5;2;2;1;3;48;HENRI BARBUSSE (BOULEVAR;;;;930
36759;201500040830;15;8;5;1945;1;2;1;1;3;48;GABRIEL PERI (AVENUE);;;;930
36760;201500040831;15;8;8;120;5;2;2;1;3;48;77, PARIS (RUE DE);;;;930
36761;201500040832;15;8;15;1030;1;1;4;2;6;64;0 GENERAL DE GAULE (PLA;;;;930
36762;201500040833;15;8;21;1310;1;2;3;1;7;48;52, VINCENNES (RUE DE);;;;930
36763;201500040834;15;9;1;755;2;2;1;2;3;48;290, ETIENNE MARCEL (RUE;;;;930
36764;201500040835;15;9;6;2140;5;2;4;1;3;48;., COLONEL FABIEN (AVENU;;;;930
36765;201500040836;15;9;8;1215;1;2;1;1;3;48;14, JEAN-JACQUES ROUSSEA;;;;930
36766;201500040837;15;9;10;2230;5;2;3;1;3;48;SERGENT BOBILLOT-(RUE DU;;;;930
36767;201500040838;15;9;11;1045;1;2;1;1;6;48;20 RESISTANCE (AVENUE D;;;;930
36768;201500040840;15;9;13;1245;1;2;2;3;3;48;VALMY (RUE DE);;;;930
36769;201500040841;15;9;20;2000;5;2;1;1;3;48;75, COLONEL FABIEN (AVEN;;;;930
36770;201500040842;15;9;27;1220;1;2;1;1;3;48;0 PIERRE DE MONTREUIL (;;;;930
36771;201500040843;15;9;28;920;1;2;1;1;6;48;0, CHANZY (BOULEVARD);;;;930
36772;201500040844;15;9;26;1027;1;2;2;1;6;48;0, COLONEL RAYNAL (RUE D;;;;930
36773;201500040845;15;9;29;1535;1;2;1;1;3;48;16, ARISTIDE BRIAND (BOU;;;;930
36774;201500040846;15;9;30;1950;5;2;3;1;6;48;0, PROGRES (RUE DU);;;;930
36775;201500040847;15;10;2;1645;1;2;1;1;3;48;68, PARIS (RUE DE);;;;930
36776;201500040848;15;10;5;1837;5;2;1;3;6;48;55, ROSNY (RUE DE);;;;930
36777;201500040849;15;10;10;1315;1;2;1;1;6;48;15, STALINGRAD (RUE DE);;;;930
36778;201500040850;15;10;12;850;1;2;9;8;6;48;06 EDOUARD VAILLANT (RU;;;;930
36779;201500040851;15;10;12;920;1;2;2;8;3;48;GABRIEL PERI (AVENUE);;;;930
36780;201500040852;15;10;15;730;2;2;1;2;1;48;0, FERDINAND (AVENUE);;;;930
36781;201500040853;15;10;15;1200;1;2;2;1;3;48;0, PAUL VAILLANT COUTURI;;;;930
36782;201500040854;15;10;15;1335;1;2;1;1;6;48;RUFFINS (RUE DES);;;;930
36783;201500040856;15;10;27;1930;5;2;1;2;3;48;157, CHANZY (BOULEVARD);;;;930
36784;201500040857;15;10;30;1345;1;2;1;1;3;48;CHANZY (BOULEVARD);;;;930
36785;201500040859;15;11;1;1605;1;2;1;1;3;48;3, RAMENAS (RUE DES);;;;930
36786;201500040860;15;11;1;2330;5;2;1;1;1;48;PAUL VAILLANT COUTURIER;;;;930
36787;201500040861;15;11;3;2225;5;2;2;2;3;48;CHANZY S3 (BOULEVARD);;;;930
36788;201500040862;15;11;5;800;1;2;2;1;6;48;49, JEAN MOULIN (AVENUE);;;;930
36789;201500040863;15;11;6;235;5;2;1;2;6;48;21, JEAN MOULIN (AVENUE);;;;930
36790;201500040864;15;11;9;910;1;2;3;1;3;48;PARIS (RUE DE);;;;930
36791;201500040865;15;11;11;1730;5;2;1;1;3;48;117, PRESIDENT WILSON (A;;;;930
36792;201500040866;15;11;12;1430;1;2;1;1;3;48;69, ROCHES (RUE DES);;;;930
36793;201500040867;15;11;17;1950;5;2;3;2;6;48;THEOPHILE SUEUR (BOULEVA;;;;930
36794;201500040868;15;11;18;1720;5;2;2;1;3;48;230, BOISSIERE (BOULEVAR;;;;930
36795;201500040869;15;11;23;940;1;2;1;1;3;48;01, SAIGNE (RUE);;;;930
36796;201500040870;15;11;23;1220;1;2;2;1;3;48;0, JEAN LOLIVE (RUE);;;;930
36797;201500040871;15;11;23;1955;5;2;1;1;6;48;0, GENERAL DE GAULE (PLA;;;;930
36798;201500040872;15;11;26;1745;5;2;3;1;3;48;34, GAMBETTA (RUE);;;;930
36799;201500040873;15;11;28;1600;1;2;1;1;3;48;31, ERNEST RENAN (AVENUE;;;;930
36800;201500040874;15;11;29;1905;3;2;2;1;3;48;EDOUARD VAILLANT (RUE);;;;930
36801;201500040875;15;12;1;810;2;2;2;1;6;48;MARCEAU (RUE);;;;930
36802;201500040876;15;12;1;1415;1;2;1;1;3;48;40, RESISTANCE (AVENUE D;;;;930
36803;201500040877;15;12;4;750;1;2;3;8;6;48;BELAIR (RUE DU);;;;930
36804;201500040878;15;12;4;1730;2;2;1;1;6;48;28, RAPATEL (RUE);;;;930
36805;201500040879;15;12;8;1045;1;2;3;1;3;48;EMILE ZOLA (RUE);;;;930
36806;201500040880;15;12;9;1830;5;2;1;3;6;48;ERNEST SAVART (AVENUE);;;;930
36807;201500040881;15;12;9;1555;1;2;1;1;6;48;14, RAPATEL (RUE);;;;930
36808;201500040882;15;12;16;730;1;2;1;2;2;48;41, HENRI BARBUSSE (BOUL;;;;930
36809;201500040884;15;12;17;910;1;2;1;1;6;48;117, PARIS (RUE DE);;;;930
36810;201500040885;15;1;5;730;5;2;3;1;3;49;0, HUIT MAI 1945 (RUE);;;;930
36811;201500040886;15;1;9;1450;1;2;1;9;3;49;MEAUX (CHEMIN);;;;930
36812;201500040887;15;1;14;1625;1;2;4;8;6;50;ROBERT SCHUMANN (AVENUE);;;;930
36813;201500040888;15;1;15;1400;1;2;1;2;6;49;6, VINCENT VAN GOGH (RUE;;;;930
36814;201500040889;15;1;24;30;5;2;1;1;2;50;JEAN JAURES (AVENUE) COT;;;;930
36815;201500040890;15;1;23;1655;1;2;1;8;6;50;72, GASTON NAVAILLE (RUE;;;;930
36816;201500040891;15;1;22;1345;1;2;1;1;6;50;LOUIS ARMAND (RUE);;;;930
36817;201500040892;15;1;28;2100;4;2;2;1;3;49;OUEST (AVENUE);;;;930
36818;201500040893;15;2;12;910;1;2;1;1;2;50;4, GASTON NAVAILLE (RUE);;;;930
36819;201500040894;15;2;12;1345;1;2;3;1;3;50;51, GASTON NAVAILLE (RUE;;;;930
36820;201500040895;15;2;16;1915;5;2;1;1;6;49;GALLIENI (BOULEVARD);;;;930
36821;201500040896;15;2;28;2120;5;2;1;1;6;50;LOUIS VANNINI (RUE);;;;930
36822;201500040897;15;3;2;920;1;2;3;1;2;50;PAUL VAILLANT COUTURIER;;;;930
36823;201500040899;15;3;13;855;1;2;3;1;3;50;VILLE BOIS MAREUIL (RUE);;;;930
36824;201500040900;15;3;30;2130;5;2;1;1;6;50;MARECHAL LECLERCQ (AVENU;;;;930
36825;201500040901;15;4;8;1730;1;2;3;1;6;49;EDGAR QUINET (RUE) FAIDH;;;;930
36826;201500040903;15;4;10;1940;2;2;3;1;3;50;LOUIS ARMAND (RUE);;;;930
36827;201500040904;15;4;23;650;1;2;2;1;3;49;GALLIENI (BOULEVARD);;;;930
36828;201500040905;15;4;24;740;1;2;2;1;3;49;PELOUSE (RUE);;;;930
36829;201500040906;15;5;4;1630;1;2;1;3;6;50;MARX DORMOY (RUE);;;;930
36830;201500040907;15;5;6;1700;1;2;2;1;6;50;LEON BLUM (AVENUE);;;;930
36831;201500040908;15;5;7;1545;1;2;3;1;3;50;05, LEON BLUM (AVENUE);;;;930
36832;201500040909;15;5;10;1045;1;2;1;1;2;50;3, JEAN JAURES (AVENUE);;;;930
36833;201500040910;15;5;16;1020;1;2;2;1;6;49;CARNOT (AVENUE) DU 1-2 A;;;;930
36834;201500040911;15;5;17;2005;1;2;1;1;6;50;157, MARECHAL LECLERCQ (;;;;930
36835;201500040912;15;5;20;1200;1;2;1;3;6;49;0, EDGAR QUINET (RUE) FA;;;;930
36836;201500040913;15;5;24;1745;1;2;1;1;6;49;RENOUILLIERES (RUE);;;;930
36837;201500040914;15;5;26;730;1;2;1;7;4;50;PAUL ET CAMILLE THOMOUX;;;;930
36838;201500040915;15;5;27;1540;1;2;1;1;3;50;1-9, MARECHAL FOCH (AVEN;;;;930
36839;201500040916;15;5;29;1400;1;2;3;1;1;49;BAC (RUE);;;;930
36840;201500040917;15;6;2;145;5;2;2;1;3;50;163, MARECHAL LECLERCQ (;;;;930
36841;201500040918;15;6;12;2030;5;2;1;1;6;49;9, GALLIENI (BOULEVARD);;;;930
36842;201500040919;15;6;14;2355;5;2;1;1;6;50;48, GENERAL DE GAULLE (A;;;;930
36843;201500040921;15;6;22;1138;1;2;1;1;2;50;PAUL ET CAMILLE THOMOUX;;;;930
36844;201500040922;15;6;26;1025;1;2;1;1;6;50;17, FRANCOIS MAURIAC (AV;;;;930
36845;201500040923;15;6;30;2140;1;2;1;1;6;50;111, GENERAL DE GAULLE (;;;;930
36846;201500040924;15;7;1;800;1;2;2;1;3;50;PAUL ET CAMILLE THOMOUX;;;;930
36847;201500040925;15;7;9;1130;1;1;3;1;3;50;16, PAUL ET CAMILLE THOM;;;;930
36848;201500040926;15;7;8;1640;1;2;1;1;4;50;175, MARECHAL LECLERCQ (;;;;930
36849;201500040927;15;7;10;730;1;2;1;1;4;50;118, MARECHAL LECLERCQ (;;;;930
36850;201500040928;15;8;11;1615;1;2;1;1;7;50;ALFERD KASTLER (RUE);;;;930
36851;201500040929;15;8;22;1110;1;2;1;1;2;49;21 BIS, MARECHAL FOCH (A;;;;930
36852;201500040930;15;8;22;2130;5;2;3;1;3;50;HUIT MAI 1945;;;;930
36853;201500040931;15;8;5;1150;1;2;3;1;3;49;MARECHAL FOCH (AVENUE) P;;;;930
36854;201500040932;15;8;23;1730;1;2;1;1;6;50;ECLUSE (CHEMIN);;;;930
36855;201500040933;15;8;25;2125;5;2;2;2;3;50;PAUL ET CAMILLE THOMOUX;;;;930
36856;201500040934;15;8;30;1345;1;2;1;1;6;50;109 BIS, PAUL ET CAMILLE;;;;930
36857;201500040935;15;9;9;1559;1;2;1;1;6;50;23, ROBERT SCHUMANN (AVE;;;;930
36858;201500040936;15;9;10;1205;1;2;1;1;6;49;24, PAUL VAILLANT COUTUR;;;;930
36859;201500040938;15;9;13;1500;1;2;1;1;2;50;34, MARECHAL FOCH (AVENU;;;;930
36860;201500040939;15;9;14;800;1;2;2;3;6;50;115, LAVOISIER (AVENUE);;;;930
36861;201500040940;15;9;16;1140;1;2;1;3;3;50;1-9, MARECHAL FOCH (AVEN;;;;930
36862;201500040941;15;9;17;1545;1;2;3;1;3;50;DUGUAY TROUIN (RUE);;;;930
36863;201500040942;15;9;19;1420;1;2;4;1;3;50;43, PAUL ET CAMILLE THOM;;;;930
36864;201500040943;15;9;28;1550;1;2;1;1;4;50;108, PAUL ET CAMILLE THO;;;;930
36865;201500040944;15;9;28;1115;1;2;2;1;3;49;15BIS, COMMANDANT RAYNAL;;;;930
36866;201500040945;15;10;3;1700;1;2;1;1;6;50;462, HUIT MAI 1945;;;;930
36867;201500040946;15;10;8;1445;1;2;1;1;6;50;JEAN JAURES (AVENUE) COT;;;;930
36868;201500040948;15;10;4;1800;1;2;1;1;6;49;4ter, GALLIENI (BOULEVAR;;;;930
36869;201500040949;15;10;12;805;1;2;1;1;2;50;125, MARECHAL FOCH (AVEN;;;;930
36870;201500040950;15;10;29;1845;5;2;1;1;6;50;35, MARECHAL FOCH (AVENU;;;;930
36871;201500040951;15;11;6;2130;5;2;1;2;6;50;47, PAUL ET CAMILLE THOM;;;;930
36872;201500040952;15;10;29;1800;2;2;1;1;3;49;JEAN MERMOZ (PLACE);;;;930
36873;201500040953;15;11;4;1335;1;2;2;1;3;49;51, MARECHAL JOFFRE (AVE;;;;930
36874;201500040955;15;11;19;915;1;2;1;8;3;50;33, MARECHAL FOCH (AVENU;;;;930
36875;201500040957;15;12;10;1155;1;2;3;1;3;49;MEAUX (CHEMIN);;;;930
36876;201500040958;15;12;4;920;1;2;2;1;3;49;MARECHAL JOFFRE (AVENUE);;;;930
36877;201500040959;15;12;9;1710;5;2;1;1;1;50;10, WINSTON CHURCHILL (A;;;;930
36878;201500040960;15;1;12;1330;1;2;2;1;3;51;49, CHAPELLE;;;;930
36879;201500040961;15;1;13;2345;3;2;9;2;3;51;MEDERIC (AVENUE);;;;930
36880;201500040962;15;1;17;1850;5;2;3;1;3;51;5, VILLIERS (ROUTE);;;;930
36881;201500040963;15;1;28;1830;5;2;1;2;3;51;MONT D'EST (BD);;;;930
36882;201500040965;15;2;3;1750;5;2;1;1;6;51;MONT D'EST (BD);;;;930
36883;201500040966;15;2;4;1635;1;2;1;1;2;51;PAVE NEUF (AVENUE);;;;930
36884;201500040967;15;2;9;850;1;2;1;1;6;51;FORT (AVE);;;;930
36885;201500040968;15;2;13;845;1;2;1;1;6;51;144, PIERRE BROSSOLETTE;;;;930
36886;201500040969;15;2;14;1935;5;2;1;2;6;51;HAUTS CHATEAUX;;;;930
36887;201500040970;15;2;22;1350;1;2;1;1;3;51;NEUILLY (ROUTE);;;;930
36888;201500040971;15;2;26;1600;1;2;3;2;3;33;BRAS SAINT ARNOULT;;;;930
36889;201500040972;15;3;2;1135;1;2;2;1;6;51;64, EMILE COSSONNEAU (AV;;;;930
36890;201500040973;15;3;4;440;3;2;1;1;1;51;NEUILLY (ROUTE);;;;930
36891;201500040974;15;3;9;1655;1;2;2;1;3;51;GRAHAM BELL;;;;930
36892;201500040975;15;3;20;2356;5;2;1;1;7;51;17, VAUBAN;;;;930
36893;201500040976;15;3;24;850;1;2;2;2;3;51;BAS HEURTS;;;;930
36894;201500040977;15;3;30;730;2;2;3;8;3;51;UNIVERSITE;;;;930
36895;201500040978;15;4;1;840;1;2;3;1;3;51;ARTISANS;;;;930