;Num_Acc;an;mois;jour;hrmn;lum;agg;int;atm;col;com;adr;gps;lat;long;dep
36896;201500040979;15;4;2;1120;1;2;2;1;3;51;MEDERIC (AVENUE);;;;930
36897;201500040980;15;4;9;1430;1;2;1;1;6;51;ROGER SALENGRO;;;;930
36898;201500040981;15;4;29;2120;5;2;1;1;6;51;49, MEDERIC (AVENUE);;;;930
36899;201500040982;15;4;30;1918;1;2;1;2;6;51;VILLIERS (ROUTE);;;;930
36900;201500040983;15;5;7;1215;1;2;2;1;6;51;MEDERIC (AVENUE);;;;930
36901;201500040984;15;5;29;1615;1;2;1;1;6;51;BATAILLON HILDEVERT (ALL;;;;930
36902;201500040985;15;6;2;2235;3;2;9;1;3;51;PIERRE BROSSOLETTE;;;;930
36903;201500040986;15;6;3;1140;1;2;1;1;6;51;LUCIEN SALLES (AVENUE);;;;930
36904;201500040987;15;6;6;1630;1;2;3;1;3;51;REPUBLIQUE;;;;930
36905;201500040988;15;6;7;1230;1;2;1;1;6;51;AUGUSTE RODIN (ALLEE);;;;930
36906;201500040991;15;7;1;1250;1;2;1;1;6;51;50, PAVE NEUF (AVENUE);;;;930
36907;201500040993;15;7;4;2040;1;2;1;1;2;51;MONT D'EST (BD);;;;930
36908;201500040994;15;7;7;1230;1;2;2;1;5;51;1, MALNOUE (NR 1 A 93);;;;930
36909;201500040995;15;7;16;1600;1;2;9;1;4;51;AUGUSTE RODIN (ALLEE);;;;930
36910;201500040996;15;8;3;1455;1;2;3;1;3;51;MALNOUE (NR 1 A 93);;;;930
36911;201500040998;15;8;15;2115;2;2;3;1;6;51;LIBERATION (PLACE);;;;930
36912;201500040999;15;8;18;1505;1;2;1;1;2;51;CHAMPY RICHARDETS (BOULE;;;;930
36913;201500041000;15;9;2;1830;1;2;1;1;6;51;10, CENTRE;;;;930
36914;201500041001;15;9;3;1807;1;2;3;1;3;51;MEDERIC (AVENUE);;;;930
36915;201500041002;15;9;3;1900;1;2;1;1;2;33;JEAN JAURES;;;;930
36916;201500041004;15;9;6;1325;1;2;1;1;7;51;11, MARNOIS (NR 21 A FIN;;;;930
36917;201500041005;15;9;10;115;5;2;1;1;6;51;NEUILLY (ROUTE);;;;930
36918;201500041006;15;9;12;1445;1;2;3;3;3;51;VICTOR BASCH (AVENUE);;;;930
36919;201500041007;15;9;15;930;1;2;6;1;3;51;PAVE NEUF (AVENUE);;;;930
36920;201500041008;15;9;18;1615;1;2;1;3;6;51;PAVE NEUF (AVENUE);;;;930
36921;201500041010;15;9;28;835;1;2;1;1;6;51;6, FRERES NOGER;;;;930
36922;201500041012;15;10;4;100;5;2;1;1;3;33;ARISTIDE BRIAND;;;;930
36923;201500041013;15;10;7;1525;1;2;1;2;6;51;JULES FERRY (NR PAIRS );;;;930
36924;201500041014;15;10;11;1625;1;2;1;1;6;51;132, MARECHAL FOCH (BOUL;;;;930
36925;201500041015;15;10;13;2040;5;2;1;1;2;33;8, PAUL DOUMER (AVENUE);;;;930
36926;201500041016;15;10;13;2000;5;2;2;1;3;51;MALNOUE (NR 1 A 93);;;;930
36927;201500041017;15;10;14;1330;1;2;1;1;6;51;GRAVIERS;;;;930
36928;201500041020;15;10;15;2000;5;2;1;2;6;51;20, GLACIS (ALLEE);;;;930
36929;201500041021;15;10;19;1935;5;2;1;1;6;51;11, PAVE NEUF (AVENUE);;;;930
36930;201500041022;15;10;21;1620;1;2;1;2;1;33;MARECHAL JOFFRE (AVENUE);;;;930
36931;201500041023;15;10;25;1820;1;2;1;1;3;51;28, BALLON;;;;930
36932;201500041024;15;11;17;1330;1;2;4;2;3;51;NEUILLY (ROUTE);;;;930
36933;201500041025;15;11;17;1250;1;2;1;2;3;51;MONT D'EST (BD);;;;930
36934;201500041026;15;11;17;1450;1;2;3;8;3;51;NEUILLY-(ROUTE);;;;930
36935;201500041027;15;11;19;2255;5;2;2;2;2;51;NEUILLY (ROUTE);;;;930
36936;201500041028;15;11;25;1150;1;2;9;2;6;51;RU DE NESLE (BOULEVARD);;;;930
36937;201500041029;15;11;27;910;1;2;6;5;6;51;VICTOR BASCH (AVENUE);;;;930
36938;201500041030;15;11;27;1445;1;2;1;1;6;51;36, REPUBLIQUE;;;;930
36939;201500041031;15;12;8;1820;5;2;1;2;6;51;12, PAVE NEUF (AVENUE);;;;930
36940;201500041032;15;12;12;1645;2;2;3;8;3;51;MICHEL GOUTIER (NR PAIRS;;;;930
36941;201500041033;15;12;18;1840;5;2;1;2;6;51;ARMAND GUNDHARDT;;;;930
36942;201500041034;15;12;20;1950;5;2;1;2;7;51;0, BLAISE PASCAL (BD);;;;930
36943;201500041035;15;12;26;2055;5;2;2;1;5;51;NEUILLY (ROUTE);;;;930
36944;201500041036;15;1;18;1450;1;2;3;1;3;53;BREMENT (RUE DE) 1 A 83;;;;930
36945;201500041037;15;1;24;1725;5;2;1;1;5;53;141, PARIS (RUE DE);;;;930
36946;201500041038;15;1;25;1610;1;2;2;1;3;53;PARIS (RUE DE);;;;930
36947;201500041039;15;2;11;1045;1;2;1;1;7;53;87, JEAN JAURES (RUE);;;;930
36948;201500041041;15;2;23;1130;1;2;1;2;6;53;BREMENT (RUE DE) 109 A 2;;;;930
36949;201500041042;15;3;3;1115;1;2;2;1;3;53;PARIS (RUE DE);;;;930
36950;201500041043;15;3;5;1550;1;2;1;1;3;53;102, ROSNY (AVENUE DE) N;;;;930
36951;201500041044;15;3;6;1955;5;2;2;1;3;53;PARC (RUE DU);;;;930
36952;201500041045;15;3;10;930;1;2;1;2;6;53;2, PARIS (RUE DE);;;;930
36953;201500041046;15;3;12;1550;1;2;3;1;3;53;PARIS (RUE DE);;;;930
36954;201500041047;15;3;24;1237;1;2;1;1;1;53;01, JULES FERRY (RUE);;;;930
36955;201500041048;15;4;2;1600;1;2;2;2;6;53;JEAN JAURES (RUE);;;;930
36956;201500041050;15;5;20;1735;1;2;1;1;2;53;BREMENT (RUE DE) 109 A 2;;;;930
36957;201500041051;15;5;13;1305;1;2;1;1;6;53;32, ROSNY (AVENUE DE) N°;;;;930
36958;201500041052;15;4;13;1630;1;2;1;1;3;53;164/168, PARIS (RUE DE);;;;930
36959;201500041053;15;4;21;1330;1;2;3;1;3;53;VAILLANT COUTURIER (RUE);;;;930
36960;201500041054;15;5;9;1455;1;2;4;1;3;53;PARIS (RUE DE);;;;930
36961;201500041055;15;5;11;1655;1;2;1;1;6;53;16, PIERRE BROSSELETTE (;;;;930
36962;201500041056;15;5;22;920;1;2;1;1;3;53;ANATOLE FRANCE (RUE);;;;930
36963;201500041057;15;5;22;1500;1;2;1;1;3;53;1, BREMENT (RUE DE) 1 A;;;;930
36964;201500041058;15;5;30;1610;1;2;1;1;6;53;219, BREMENT (RUE DE) 10;;;;930
36965;201500041059;15;6;5;1425;1;2;1;1;3;53;51, VAILLANT COUTURIER (;;;;930
36966;201500041060;15;6;9;1740;1;2;1;1;6;53;15, NEUILLY (RUE DE) N°;;;;930
36967;201500041061;15;6;13;1445;1;2;3;1;3;53;PROGRES (RUE DU) N° 33 A;;;;930
36968;201500041062;15;6;20;1850;1;2;1;1;2;53;121, PARC (RUE DU);;;;930
36969;201500041063;15;6;22;1015;1;2;1;8;6;53;189 Bis BREMENT (RUE DE;;;;930
36970;201500041066;15;7;19;2240;5;2;1;1;3;53;63, JEAN JAURES (RUE);;;;930
36971;201500041067;15;7;22;1330;1;2;1;1;6;53;20, JEAN JAURES (RUE);;;;930
36972;201500041068;15;7;23;815;1;2;1;1;2;53;ANATOLE FRANCE (RUE);;;;930
36973;201500041070;15;7;26;740;1;2;1;1;2;53;3, GAGNY (AVENUE DE);;;;930
36974;201500041071;15;7;29;950;1;2;1;1;3;53;ROSNY (AVENUE DE) N° 53;;;;930
36975;201500041072;15;8;8;800;1;2;1;1;3;53;10 ROGER SALENGRO (BLD);;;;930
36976;201500041073;15;9;3;1630;1;2;1;1;2;53;18, PARC (RUE DU);;;;930
36977;201500041074;15;9;10;1910;1;2;1;1;4;53;58, PARIS (RUE DE);;;;930
36978;201500041075;15;9;14;600;5;2;2;1;3;53;., BREMENT (RUE DE) 109;;;;930
36979;201500041076;15;9;18;1731;1;2;2;8;3;53;PROGRES (RUE DU) N° 33 A;;;;930
36980;201500041077;15;9;20;235;5;2;1;1;7;53;104, VAILLANT COUTURIER;;;;930
36981;201500041078;15;9;23;1142;1;2;2;1;3;53;1, VAILLANT COUTURIER (R;;;;930
36982;201500041079;15;9;26;1615;1;2;1;1;6;53;15, FREPILLON (RUE);;;;930
36983;201500041080;15;9;30;920;1;2;1;1;2;53;., JEAN COQUELIN (PLACE);;;;930
36984;201500041081;15;10;7;1615;1;2;1;1;6;53;45, VAILLANT COUTURIER (;;;;930
36985;201500041082;15;10;11;1730;1;2;1;1;3;53;127, ANATOLE FRANCE (RUE;;;;930
36986;201500041083;15;10;14;950;1;2;1;1;5;53;04, VERDUN (AVENUE DE);;;;930
36987;201500041084;15;10;21;1700;1;2;1;1;6;53;11, NEUILLY (RUE DE) N°;;;;930
36988;201500041085;15;10;23;1825;1;2;3;1;2;53;., ROSNY (AVENUE DE) N°;;;;930
36989;201500041086;15;10;29;2130;5;2;3;1;3;53;., FONTAINE (RUE DE LA);;;;930
36990;201500041087;15;10;31;30;5;2;3;1;2;53;ROSNY (AVENUE DE) N° 53;;;;930
36991;201500041088;15;11;3;1920;5;2;9;1;3;53;106BIS, BREMENT (RUE DE);;;;930
36992;201500041089;15;11;21;1440;1;2;1;2;2;53;17, REPUBLIQUE (BLD DE L;;;;930
36993;201500041090;15;12;4;740;2;2;2;2;3;53;PARIS (RUE DE);;;;930
36994;201500041092;15;12;4;2140;5;2;1;9;1;53;01, ROGER SALENGRO (BLD);;;;930
36995;201500041094;15;12;9;1835;1;2;1;1;6;53;68 JEAN JAURES (RUE);;;;930
36996;201500041096;15;12;18;1005;1;2;1;2;2;53;9, BREMENT (RUE DE) 1 A;;;;930
36997;201500041097;15;12;20;1830;5;2;1;1;4;53;108 MICHELET (bld) N  8;;;;930
36998;201500041098;15;1;23;1800;5;2;1;1;6;55;25, EDOUARD VAILLANT DU;;;;930
36999;201500041100;15;1;31;2330;5;2;1;1;3;55;109, JEAN JAURES (AVENUE;;;;930
37000;201500041101;15;2;9;1015;1;2;1;1;1;55;71, CARTIER BRESSON DU 4;;;;930
37001;201500041102;15;2;10;1830;5;2;1;8;6;55;1, FORMAGNE;;;;930
37002;201500041103;15;2;16;2020;5;2;4;1;6;55;39, EDOUARD VAILLANT DU;;;;930
37003;201500041104;15;2;24;2010;5;2;1;1;6;55;134, JEAN LOLIVE (AVENUE;;;;930
37004;201500041109;15;3;11;1820;1;2;1;1;3;55;14, SCANDICCI;;;;930
37005;201500041110;15;3;13;1815;1;2;1;1;6;55;6, VICTOR HUGO (1/63 . 2;;;;930
37006;201500041111;15;4;13;1200;1;2;9;1;6;55;42, DIVISION LECLERC (AV;;;;930
37007;201500041112;15;4;18;855;1;2;1;1;2;55;100, GENERAL LECLERC(AVE;;;;930
37008;201500041113;15;5;1;1345;1;2;1;2;2;55;124, GENERAL LECLERC(AVE;;;;930
37009;201500041114;15;5;14;1140;1;2;2;1;2;55;111, JEAN LOLIVE (AVENUE;;;;930
37010;201500041115;15;5;29;1700;1;2;1;1;2;55;16, VIGNES (CHEMIN DES);;;;930
37011;201500041116;15;6;1;840;1;2;1;1;4;55;231, JEAN LOLIVE (AVENUE;;;;930
37012;201500041118;15;6;19;930;1;2;1;1;3;55;171, JEAN LOLIVE (AVENUE;;;;930
37013;201500041119;15;6;22;1805;1;2;1;3;3;55;192, JEAN LOLIVE (AVENUE;;;;930
37014;201500041120;15;6;25;1650;1;2;1;1;1;55;77, FAIDHERBE (AVENUE);;;;930
37015;201500041122;15;7;6;1;5;2;1;1;6;55;162, GENERAL LECLERC(AVE;;;;930
37016;201500041123;15;7;7;30;5;2;1;1;2;55;171, JEAN LOLIVE (AVENUE;;;;930
37017;201500041124;15;7;15;1915;1;2;2;1;3;55;67, VICTOR HUGO (65/FIN;;;;930
37018;201500041125;15;7;16;1719;1;2;1;1;7;55;72, VICTOR HUGO (65/FIN;;;;930
37019;201500041126;15;8;2;1215;1;2;1;1;6;55;51, GENERAL LECLERC(AVE;;;;930
37020;201500041127;15;8;8;840;1;2;1;1;6;55;105, JEAN LOLIVE (AVENUE;;;;930
37021;201500041128;15;8;11;1015;1;2;1;1;3;55;67, GENERAL LECLERC(AVE;;;;930
37022;201500041129;15;8;17;1640;1;2;1;1;3;55;4, DIVISION LECLERC (AVE;;;;930
37023;201500041130;15;8;19;815;1;2;9;1;6;55;GENERAL LECLERC(AVE DU)(;;;;930
37024;201500041131;15;8;24;1850;1;2;1;2;2;55;103, GENERAL LECLERC(AVE;;;;930
37025;201500041132;15;9;2;2125;5;2;1;1;6;55;86, JEAN LOLIVE (AVENUE);;;;930
37026;201500041133;15;9;12;1120;1;2;1;3;3;55;48, DIVISION LECLERC (AV;;;;930
37027;201500041135;15;9;14;1530;1;2;1;1;6;55;34, JEAN JAURES (AVENUE);;;;930
37028;201500041136;15;9;15;1910;1;2;3;2;3;55;CHARLES AURAY DU 55/FIN.;;;;930
37029;201500041137;15;9;23;740;1;2;1;1;3;55;18bis, DELIZY (DU 15 AU;;;;930
37030;201500041138;15;9;28;1120;1;2;1;1;3;55;1, ANATOLE FRANCE (AVENU;;;;930
37031;201500041139;15;10;12;715;5;2;2;1;6;55;95, EDOUARD VAILLANT DU;;;;930
37032;201500041140;15;10;14;1310;1;2;1;1;3;55;158, JEAN LOLIVE (AVENUE;;;;930
37033;201500041141;15;10;16;1115;1;2;1;2;6;55;32, JEAN JAURES (AVENUE);;;;930
37034;201500041142;15;10;19;2030;5;2;1;1;2;55;COURTILLIERES(AVENUE DES;;;;930
37035;201500041143;15;10;27;825;1;2;2;1;6;55;JEAN JAURES (AVENUE) (2/;;;;930
37036;201500041144;15;11;8;530;5;2;3;1;3;55;0, GENERAL LECLERC(AVE D;;;;930
37037;201500041146;15;11;30;820;1;2;3;1;3;55;0, DIVISION LECLERC (AVE;;;;930
37038;201500041147;15;12;2;1820;5;2;2;1;3;55;GENERAL LECLERC (AVENUE);M;0.0;0.0;930
37039;201500041148;15;12;9;815;1;2;2;1;1;55;76, JEAN JAURES (AVENUE);;;;930
37040;201500041149;15;1;3;1405;1;2;1;3;3;77;41, ROSNY (AVENUE DE);;;;930
37041;201500041152;15;1;15;1225;1;2;1;2;2;77;01, GALLIENI (AVENUE DU;;;;930
37042;201500041153;15;1;20;724;2;2;1;1;6;77;21, AULNAY (BOULEVARD D';;;;930
37043;201500041154;15;1;26;1345;1;2;2;2;3;77;55, FRANKLIN (AVENUE) 1-;;;;930
37044;201500041155;15;2;7;1420;1;2;5;1;3;77;55, GALLIENI (AVENUE DU;;;;930
37045;201500041156;15;2;20;2245;5;2;1;3;7;77;98, GRANDE RUE;;;;930
37046;201500041157;15;2;27;2040;5;2;3;1;4;62;43, LIVRY (AVENUE DE);;;;930
37047;201500041158;15;3;8;100;5;2;1;1;3;77;1BIS, OUTREBON (AVENUE);;;;930
37048;201500041159;15;3;14;1130;1;2;1;1;6;77;156, GRANDE RUE;;;;930
37049;201500041160;15;3;18;1705;1;2;2;1;3;77;60, LIMITES (AVENUE DES);;;;930
37050;201500041161;15;4;2;1240;1;2;1;2;2;62;55, THIERS (AVENUE);;;;930
37051;201500041162;15;4;10;805;1;2;1;1;6;77;63, ROSNY (AVENUE DE);;;;930
37052;201500041163;15;4;11;1615;1;2;2;1;3;77;xxxx, GRANDE RUE;;;;930
37053;201500041164;15;4;11;1735;1;2;1;2;2;77;124 T, GRANDE RUE;;;;930
37054;201500041165;15;4;17;1810;1;2;1;1;6;77;1, GUITLEVITCH (RUE SIMO;;;;930
37055;201500041166;15;4;28;1235;1;2;1;1;3;62;85, OUEST (BOULEVARD DE;;;;930
37056;201500041167;15;4;29;930;1;2;1;1;3;77;45, PLATEAU (RUE DU);;;;930
37057;201500041168;15;5;8;2030;1;2;2;1;3;77;xx, GIRARDOT (AVENUE DE);;;;930
37058;201500041169;15;5;11;1530;1;2;1;1;3;77;xx, LIMITES (AVENUE DES);;;;930
37059;201500041170;15;5;12;855;1;2;1;1;5;77;20 bis, GALLIENI (AVENUE;;;;930
37060;201500041171;15;5;19;2136;2;2;2;2;7;77;39, ROSES (AVENUE DES);;;;930
37061;201500041172;15;5;23;800;1;2;7;1;3;62;xx, GENERAL DE GAULLE (P;;;;930
37062;201500041173;15;5;23;1625;1;2;1;1;3;62;11, GAGNY (ALLEE DE);;;;930
37063;201500041177;15;6;4;1210;1;2;1;1;6;62;THIERS (AVENUE);;;;930
37064;201500041178;15;6;7;137;5;2;6;1;6;62;xx, MONTFERMEIL (ROND PO;;;;930
37065;201500041179;15;6;8;2100;2;2;2;1;3;62;47, MIDI (BOULEVARD DU);;;;930
37066;201500041180;15;6;10;1220;1;2;1;1;3;62;22 BIS, THIERS (AVENUE);;;;930
37067;201500041181;15;6;19;1825;1;2;1;1;6;77;BENONI (RUE EUSTACHE);;;;930
37068;201500041182;15;6;30;1017;1;2;2;1;3;77;14, MONTAGNE SAVART (RUE;;;;930
37069;201500041183;15;6;30;1725;1;2;1;1;6;77;90, GRANDE RUE;;;;930
37070;201500041184;15;6;30;1825;1;2;1;1;6;62;45 bis, JARDIN ANGLAIS E;;;;930
37071;201500041185;15;7;3;1630;1;2;1;1;6;77;24, GRANDE RUE;;;;930
37072;201500041186;15;7;9;715;1;2;2;1;5;77;29, GRANDE RUE;M;4888384.0;345699.0;930
37073;201500041187;15;7;10;2125;2;2;2;1;3;77;90, ROSNY (AVENUE DE);M;4888398.0;345699.0;930
37074;201500041188;15;7;11;650;1;2;1;1;7;62;108, THIERS (AVENUE);;;;930
37075;201500041189;15;7;15;1856;1;2;1;1;7;62;50, PLATEAU (ALLEE DU);;;;930
37076;201500041190;15;7;16;1949;1;2;6;1;3;62;74, RESISTANCE (AVENUE D;;;;930
37077;201500041191;15;7;23;647;1;2;1;8;7;77;7, RAINCY (AVENUE DU);;;;930
37078;201500041192;15;7;23;1700;1;2;2;1;3;77;47, AULNAY (BOULEVARD D';;;;930
37079;201500041193;15;7;24;1945;1;2;2;1;3;77;TOUR (ALLEE DE LA);;;;930
37080;201500041194;15;7;29;550;1;2;2;1;3;77;26, RAINCY (AVENUE DU);;;;930
37081;201500041195;15;7;29;1405;1;2;1;1;6;62;06, MONTFERMEIL (ROND PO;;;;930
37082;201500041196;15;8;4;2000;1;2;2;1;3;62;96, MONTFERMEIL (ALLEE D;;;;930
37083;201500041197;15;8;7;1955;1;2;2;1;3;77;xx, NOISY (ROUTE DE) JUS;;;;930
37084;201500041199;15;8;24;1425;1;2;4;2;3;77;xx, GUITLEVITCH (RUE SIM;;;;930
37085;201500041200;15;8;31;925;1;2;1;1;6;62;62, THIERS (AVENUE);;;;930
37086;201500041201;15;9;2;1845;1;2;1;1;6;77;24, GRANDE RUE;;;;930
37087;201500041202;15;9;4;1805;1;2;1;1;6;62;90, RESISTANCE (AVENUE D;;;;930
37088;201500041203;15;9;7;1200;1;2;1;1;3;62;18, LIVRY (AVENUE DE);;;;930
37089;201500041204;15;9;15;725;1;2;1;2;6;77;1, PARC (RUE DU);;;;930
37090;201500041205;15;9;16;1530;1;2;1;2;2;62;119, RESISTANCE (AVENUE;;;;930
37091;201500041206;15;9;22;1250;1;1;1;3;6;77;, AVRON (RUE D');;;;930
37092;201500041207;15;9;22;1905;1;2;2;2;3;77;21, ADELE (RUE);;;;930
37093;201500041208;15;9;28;625;5;2;2;1;3;77;25, REGLEY (RUE);;;;930
37094;201500041209;15;9;28;1124;1;2;2;1;6;77;124ter, GRANDE RUE;;;;930
37095;201500041210;15;10;1;1245;1;2;2;1;3;77;20, FALLAY (RUE JEAN);;;;930
37096;201500041211;15;10;8;920;1;2;2;1;3;77;123, BONDY (AVENUE DE) J;;;;930
37097;201500041213;15;10;11;1350;1;1;3;1;3;77;GRANDE RUE;;;;930
37098;201500041214;15;10;15;1313;1;2;2;1;3;77;CHARTON (RUE RENE ET PIE;;;;930
37099;201500041215;15;10;16;1230;1;2;1;1;3;77;11, GALLIENI (AVENUE DU;;;;930
37100;201500041216;15;11;16;1424;1;2;3;1;2;77;77, ROSNY (AVENUE DE);;;;930
37101;201500041217;15;11;16;1815;5;2;1;1;3;62;10, EST (BOULEVARD DE L';;;;930
37102;201500041218;15;11;17;1725;5;2;4;2;6;77;00, GALLIENI (AVENUE DU;;;;930
37103;201500041219;15;11;18;1815;5;2;2;1;3;77;15, LONGPERRIER (AVENUE;;;;930
37104;201500041220;15;11;20;2200;5;2;2;2;3;62;98, RESISTANCE (AVENUE D;;;;930
37105;201500041221;15;11;24;1942;5;2;3;2;3;77;45, GALLIENI (AVENUE DU;;;;930
37106;201500041222;15;11;27;210;5;2;2;1;3;77;34, NOISY (ROUTE DE) JUS;;;;930
37107;201500041223;15;11;30;1017;1;2;2;1;3;62;16 bis, EGLISE (ALLEE DE;;;;930
37108;201500041224;15;1;7;1230;1;2;1;1;6;64;DE GAULLE (AV DU GENERAL;;;;930
37109;201500041225;15;1;23;1850;5;2;1;1;6;64;46, BERTHAUDS (RUE DES);;;;930
37110;201500041226;15;1;24;1530;1;2;1;1;6;64;2, REPUBLIQUE (AVENUE DE;;;;930
37111;201500041227;15;1;29;915;1;2;1;1;6;64;96, DE GAULLE (AV DU GEN;;;;930
37112;201500041228;15;2;12;1520;1;2;1;1;6;64;43, QUATRIEME ZOUAVES (R;;;;930
37113;201500041229;15;2;12;1730;1;2;1;1;6;64;00, FERRY (RUE JULES);;;;930
37114;201500041231;15;2;14;2050;5;2;2;3;6;64;1, ROCHEBRUNE (RUE);;;;930
37115;201500041233;15;5;2;1600;1;2;2;2;6;64;0, BLUM (RUE LEON);;;;930
37116;201500041234;15;5;6;1035;1;2;1;1;6;64;15, GALLIENI (RUE DU GEN;;;;930
37117;201500041235;15;5;12;1455;1;2;1;1;6;64;00, ALSACE-LORRAINE (BOU;;;;930
37118;201500041236;15;5;28;1915;1;2;1;1;3;64;ALSACE-LORRAINE (BOULEVA;;;;930
37119;201500041237;15;5;30;2130;1;2;1;1;3;64;00, DE GAULLE (AV DU GEN;;;;930
37120;201500041238;15;7;6;1025;1;2;1;1;6;64;00, PERI (BOULEVARD GABR;;;;930
37121;201500041239;15;7;26;2210;5;2;1;8;6;64;55 REPUBLIQUE (AVENUE D;;;;930
37122;201500041240;15;7;28;1205;1;2;1;1;6;64;20, WALESA (AVENUE LECH);;;;930
37123;201500041242;15;8;3;1625;1;2;9;1;6;64;00, PERI (BOULEVARD GABR;;;;930
37124;201500041244;15;8;24;1755;1;2;1;3;6;64;00, MONTGOLFIER (RUE J E;;;;930
37125;201500041245;15;9;21;1455;1;2;3;1;3;64;6, WALESA (AVENUE LECH);;;;930
37126;201500041246;15;9;22;1425;1;2;3;1;6;64;00, MICHEL (RUE LOUISE);;;;930
37127;201500041248;15;9;30;1805;1;2;1;1;6;64;101, KENNEDY (AVENUE DU;;;;930
37128;201500041249;15;10;3;1600;1;2;1;1;6;64;2, HOFFMANN (RUE PHILIBE;;;;930
37129;201500041250;15;11;13;1050;1;2;1;2;6;64;08, BOISSIERE (RUELLE DE;;;;930
37130;201500041251;15;11;26;1800;5;2;2;1;6;64;00, ALSACE-LORRAINE (BOU;;;;930
37131;201500041252;15;11;26;1920;5;2;1;1;6;64;2, REPUBLIQUE (AVENUE DE;;;;930
37132;201500041253;15;12;21;1230;1;2;3;1;6;64;FERRY (RUE JULES);;;;930
37133;201500041254;15;12;31;1500;1;2;4;1;3;64;1, PERI (BOULEVARD GABRI;;;;930
37134;201500041255;15;12;18;215;5;2;2;2;3;64;00, ALSACE-LORRAINE (BOU;;;;930
37135;201500041256;15;12;21;2150;5;2;1;2;6;64;BLUM (RUE LEON);;;;930
37136;201500041257;15;1;3;2349;5;2;1;2;6;66;QUARTIER FORT DE LA BRIC;;;;930
37137;201500041258;15;1;5;730;5;2;1;1;2;66;67, FRANCE ANATOLE (BOUL;;;;930
37138;201500041259;15;1;9;1835;5;2;1;1;6;66;BERNE;;;;930
37139;201500041260;15;1;11;2000;5;2;1;1;6;66;WILSON (AVENUE DU PRESID;;;;930
37140;201500041261;15;1;12;1815;5;2;1;1;6;66;1, REPUBLIQUE;;;;930
37141;201500041262;15;1;13;1900;5;2;3;2;3;39;PAUL MARCEL (BOULEVARD);;;;930
37142;201500041263;15;1;13;2000;5;2;2;8;3;66;LENINE (AVENUE) NR 28 A;;;;930
37143;201500041264;15;1;15;720;2;2;2;1;6;66;PRESSENCE FRANCIS (AVENU;;;;930
37144;201500041265;15;1;12;1500;1;2;1;1;6;66;SAUSSAIE;;;;930
37145;201500041266;15;1;23;1620;1;2;1;1;6;66;LENINE (AVENUE) NR 2 A 2;;;;930
37146;201500041267;15;1;27;725;5;2;1;1;3;66;56 BIS, CROISAT AMBROISE;;;;930
37147;201500041268;15;1;27;1150;1;2;1;1;3;66;DELAUNAY JULES;;;;930
37148;201500041269;15;1;28;630;5;2;3;2;6;66;31, COLONEL FABIEN (AVEN;;;;930
37149;201500041270;15;1;28;1320;1;2;2;8;3;66;MITERRAND FRANCOIS (AVEN;;;;930
37150;201500041271;15;1;29;1700;2;2;1;2;6;66;GORKI MAXIME;;;;930
37151;201500041272;15;2;4;735;1;2;3;1;6;66;CASANOVA DANIELLE NR 2 A;;;;930
37152;201500041273;15;2;5;1900;5;2;1;1;4;66;CROIZAT AMBROISE RD 29 B;;;;930
37153;201500041274;15;2;8;2100;5;2;1;1;6;66;COMMUNE DE PARIS;;;;930
37154;201500041275;15;2;9;850;1;2;2;1;4;66;17, CASANOVA DANIELLE NR;;;;930
37155;201500041276;15;2;10;645;5;2;3;1;6;66;2, SAINT JUST (ALLEE);;;;930
37156;201500041277;15;2;10;1730;1;2;1;1;6;66;DELAUNAY JULES;;;;930
37157;201500041278;15;2;11;1300;1;2;1;1;6;66;110, CROISAT AMBROISE RD;;;;930
37158;201500041279;15;2;11;1330;1;2;1;1;6;66;4, DOURDIN GASTON (PLACE;;;;930
37159;201500041280;15;2;12;745;2;2;1;1;6;66;GUYNEMER;;;;930
37160;201500041281;15;2;12;1320;1;2;4;1;6;66;"2, ""GUESDE JULES (BD), N";;;;930
37161;201500041282;15;2;14;1940;5;2;3;2;6;66;GORKI MAXIME;;;;930
37162;201500041283;15;2;17;1900;4;2;3;1;3;66;39, LENINE (AVENUE) NR 2;;;;930
37163;201500041284;15;2;19;1300;1;2;3;1;3;66;"76, ""LANDY RD 20, NR PAI";;;;930
37164;201500041285;15;2;24;1300;1;2;1;2;6;66;BOULOGNE;;;;930
37165;201500041286;15;2;25;2145;5;1;1;1;6;66;GORKI MAXIME;;;;930
37166;201500041287;15;3;4;1237;1;2;3;3;3;66;275, WILSON (AVENUE DU P;;;;930
37167;201500041288;15;3;5;1200;1;2;6;1;6;66;2, MOULIN JEAN (AVENUE);;;;930
37168;201500041289;15;3;6;1530;1;2;1;1;4;66;COURNEUVE (ROUTE);;;;930
37169;201500041290;15;3;13;1655;1;2;1;1;6;66;COMMUNE DE PARIS;;;;930
37170;201500041291;15;3;16;2225;5;2;1;1;6;66;227, WILSON (AVENUE DU P;;;;930
37171;201500041292;15;3;17;1135;1;2;1;1;3;39;60, MARINE (QUAI DE LA );;;;930
37172;201500041293;15;3;17;1600;1;2;1;1;6;66;1, VANHOLLEBEKE FERNAND;;;;930
37173;201500041294;15;3;18;1310;1;2;2;1;3;66;"""LANDY RD 20, NR IMPAIRS";;;;930
37174;201500041295;15;3;20;825;1;2;1;1;6;66;"37, ""BARBUSSE HENRI, NR";;;;930
37175;201500041297;15;3;20;1610;1;2;4;1;4;66;LENINE (AVENUE) NR 2 A 2;;;;930
37176;201500041298;15;3;22;1920;5;2;1;1;6;66;SAULNIER JULES;;;;930
37177;201500041299;15;3;25;1415;1;2;1;1;6;66;2, MOULIN BASSET (CHEMIN;;;;930
37178;201500041300;15;3;26;1330;1;2;1;2;6;66;81, WILSON (AVENUE DU PR;;;;930
37179;201500041301;15;3;26;2025;5;2;1;1;6;66;GENERAL DE GAULLE;;;;930
37180;201500041303;15;3;31;850;1;2;1;2;6;66;COLONEL FABIEN (AVENUE);;;;930
37181;201500041304;15;4;4;345;5;2;1;1;3;66;WILSON (AVENUE DU PRESID;;;;930
37182;201500041305;15;4;7;1700;1;2;1;1;6;66;"149, ""PERI GABRIEL, NR 1";;;;930