;Num_Acc;an;mois;jour;hrmn;lum;agg;int;atm;col;com;adr;gps;lat;long;dep
37183;201500041306;15;4;8;1545;1;2;1;1;6;66;43, GARCIA CHRISTINO;;;;930
37184;201500041307;15;4;9;2155;5;2;1;1;3;66;CROIZAT AMBROISE RD 29 B;;;;930
37185;201500041308;15;4;10;1945;1;2;1;1;6;66;"""STALINGRAND (AV), NR 2-";;;;930
37186;201500041309;15;4;12;1610;1;2;1;1;6;66;CITE ROMAIN ROLLAND;;;;930
37187;201500041310;15;4;12;2300;5;2;1;1;6;66;"136, ""LANDY RD 20, NR IM";;;;930
37188;201500041311;15;4;13;1630;1;2;1;1;3;66;41, FRANCE ANATOLE (BOUL;;;;930
37189;201500041312;15;4;14;1320;1;2;1;1;6;66;15, VAILLANT EDOUARD;;;;930
37190;201500041313;15;4;20;1555;1;2;1;1;6;66;ECOUEN;;;;930
37191;201500041314;15;5;2;1540;1;2;1;2;1;66;MONDIAL 98;;;;930
37192;201500041315;15;5;3;1320;1;2;1;2;2;66;COURNEUVE (ROUTE);;;;930
37193;201500041316;15;5;5;1900;1;2;1;1;6;66;220, WILSON (AVENUE DU P;;;;930
37194;201500041317;15;5;6;1645;1;2;2;1;3;66;CROISAT AMBROISE RD 29 B;;;;930
37195;201500041318;15;5;7;1305;1;2;1;1;6;39;SEINE (QUAI DE );;;;930
37196;201500041319;15;5;8;2255;5;2;1;1;6;66;STADE DE FRANCE (AVENUE;;;;930
37197;201500041320;15;5;9;1840;1;2;1;1;6;66;"132, ""PERI GABRIEL, NR 2";;;;930
37198;201500041322;15;5;11;1340;1;2;1;1;2;66;138, CROISAT AMBROISE RD;;;;930
37199;201500041324;15;5;14;1820;1;2;1;1;3;66;GENERAL DE GAULLE;;;;930
37200;201500041325;15;5;14;2015;1;2;2;1;3;66;METALLURGIE (AVENUE);;;;930
37201;201500041326;15;5;18;1515;1;2;1;1;7;66;380, WILSON (AVENUE DU P;;;;930
37202;201500041327;15;5;18;2310;5;2;1;2;6;66;STADE DE FRANCE (AVENUE;;;;930
37203;201500041328;15;5;19;2000;1;2;1;2;3;66;41, FRANCE ANATOLE (BOUL;;;;930
37204;201500041329;15;5;21;2010;1;2;1;1;6;66;COMMUNE DE PARIS (BOULEV;;;;930
37205;201500041330;15;5;29;1045;1;2;2;1;3;66;1, LAMAZE DOCTEUR;;;;930
37206;201500041331;15;5;29;1540;1;2;1;1;6;66;LIBERATION RD14 (BOULEVA;;;;930
37207;201500041332;15;5;30;720;1;2;1;1;6;66;BAILLY;;;;930
37208;201500041333;15;5;30;2155;5;2;1;1;3;66;FRANCE ANATOLE (BOULEVAR;;;;930
37209;201500041334;15;5;31;2240;5;2;2;3;3;66;PARIS (PORTE);;;;930
37210;201500041336;15;6;15;1825;1;2;1;1;6;66;STADE DE FRANCE-(AVENUE;;;;930
37211;201500041338;15;6;17;1140;1;2;4;1;6;66;MOULIN BASSET (CHEMIN);;;;930
37212;201500041339;15;6;17;1815;1;2;6;1;6;66;PRESSENCE FRANCIS (AVENU;;;;930
37213;201500041341;15;6;19;30;5;2;1;1;3;66;120, WILSON (AVENUE DU P;;;;930
37214;201500041342;15;6;19;1340;1;2;1;1;6;66;FRANC MOISIN (AVENUE);;;;930
37215;201500041343;15;6;21;1430;1;2;1;1;3;66;14, ORNANO (BOULEVARD);;;;930
37216;201500041344;15;6;22;140;5;2;1;1;3;66;CARNOT (BOULEVARD);;;;930
37217;201500041345;15;6;22;1445;1;2;1;2;6;66;"68, ""PERI GABRIEL, NR 2";;;;930
37218;201500041346;15;6;22;1440;1;2;1;8;6;66;BRICHE NR 2 A 38;;;;930
37219;201500041348;15;6;22;2145;2;2;1;2;5;66;FRANCE ANATOLE (BOULEVAR;;;;930
37220;201500041349;15;6;23;1130;1;2;6;1;3;66;CACHIN MARCEL (AVENUE);;;;930
37221;201500041350;15;6;23;1525;1;2;1;1;3;66;FRANCE ANATOLE ENTREE A1;;;;930
37222;201500041351;15;6;23;1200;1;2;1;1;3;66;GENERAL DE GAULLE;;;;930
37223;201500041353;15;6;29;1520;1;2;1;1;3;66;MITERRAND FRANCOIS (AVEN;;;;930
37224;201500041354;15;7;1;1320;1;2;2;1;6;66;200, WILSON (AVENUE DU P;;;;930
37225;201500041355;15;7;1;2025;1;2;3;1;5;66;ELUARD PAUL - AUTRES;;;;930
37226;201500041356;15;7;2;1945;1;1;1;1;3;66;CROISAT AMBROISE RD 29 B;;;;930
37227;201500041357;15;7;3;1030;1;2;3;1;3;66;MOULIN JEAN (AVE)-NR 10;;;;930
37228;201500041358;15;7;3;1715;1;2;1;1;3;66;72 CROIZAT AMBROISE RD;;;;930
37229;201500041359;15;7;3;2035;1;2;1;1;2;66;"""BARBUSSE HENRI, NR 2 A";;;;930
37230;201500041360;15;7;4;2050;2;2;1;1;6;66;CROIZAT AMBROISE RD 29 B;;;;930
37231;201500041361;15;7;4;2300;5;2;1;1;3;66;FRANCE ANATOLE ENTREE A1;;;;930
37232;201500041362;15;7;11;1930;1;2;1;1;3;66;COURNEUVE (ROUTE);;;;930
37233;201500041364;15;7;14;1520;1;2;1;1;6;66;JACOB MAX;;;;930
37234;201500041365;15;7;16;1515;1;2;1;1;6;66;JAURES JEAN;;;;930
37235;201500041366;15;7;17;1430;1;2;3;1;6;66;BEC A LOUE;;;;930
37236;201500041368;15;7;25;1900;1;2;1;1;3;66;SAINT OUEN (QUAI DE );;;;930
37237;201500041369;15;7;29;1911;1;2;2;1;3;66;130, CASANOVA DANIELLE N;;;;930
37238;201500041370;15;7;30;2100;2;2;1;1;1;66;4, PRESSENCE FRANCIS (AV;;;;930
37239;201500041372;15;8;1;1500;1;2;4;1;2;66;LIBERATION RD14 (BOULEVA;;;;930
37240;201500041373;15;8;5;100;5;1;1;1;2;66;"""LANDY RD 20, NR IMPAIRS";;;;930
37241;201500041374;15;8;6;1915;1;2;1;1;3;66;OWENS JESSE;;;;930
37242;201500041375;15;8;7;1400;1;2;1;1;6;66;LAMAZE DOCTEUR;;;;930
37243;201500041376;15;8;7;1730;1;2;2;1;3;66;"""PERI GABRIEL, NR 2  A 1";;;;930
37244;201500041377;15;8;7;2155;5;2;1;1;1;66;CASANOVA DANIELLE NR 52-;;;;930
37245;201500041378;15;8;8;1505;1;2;1;1;4;66;LIBERATION RD14 (BOULEVA;;;;930
37246;201500041379;15;8;14;250;5;2;1;1;4;66;211, GORKI MAXIME;;;;930
37247;201500041380;15;8;20;1725;1;2;1;1;3;66;MITERRAND FRANCOIS (AVEN;;;;930
37248;201500041381;15;8;22;1450;1;2;1;1;6;66;"""STRASBOURG, NR 1 A 71 E";;;;930
37249;201500041382;15;8;22;2110;3;2;1;1;3;66;COURNEUVE (ROUTE);;;;930
37250;201500041383;15;8;24;430;5;2;9;1;6;66;COURNEUVE (ROUTE);;;;930
37251;201500041384;15;8;25;1000;1;2;1;1;2;66;MOULIN JEAN (AVE) NR 10;;;;930
37252;201500041385;15;8;27;15;5;2;2;2;3;66;WILSON (AVENUE DU PRESID;;;;930
37253;201500041386;15;8;30;1515;1;2;1;1;6;66;01, COMMUNE DE PARIS (BO;;;;930
37254;201500041388;15;9;7;1215;1;2;2;1;3;66;MITERRAND FRANCOIS (AVEN;;;;930
37255;201500041389;15;9;11;1740;1;2;1;1;3;66;17, LIBERATION RD14 (BOU;;;;930
37256;201500041390;15;9;12;745;1;2;1;1;2;66;FRANCE ANATOLE ENTREE A8;;;;930
37257;201500041391;15;9;11;1440;1;2;1;1;1;66;111, PRESSENCE FRANCIS (;;;;930
37258;201500041392;15;9;18;150;5;2;2;1;2;66;GORKI MAXIME;;;;930
37259;201500041393;15;9;18;1715;1;2;3;2;3;66;VAILLANT COUTURIER PAUL;;;;930
37260;201500041394;15;9;18;2145;5;2;3;1;3;66;MOULIN JEAN (AVENUE) NR;;;;930
37261;201500041395;15;9;24;2115;5;2;1;2;3;66;RU DE MONTFORT (CHEMIN);;;;930
37262;201500041396;15;9;28;1845;1;2;1;1;6;66;CASANOVA DANIELLE NR 2 A;;;;930
37263;201500041397;15;9;29;1520;1;2;1;1;6;66;CROIZAT AMBROISE RD 29 B;;;;930
37264;201500041398;15;9;30;830;1;2;1;1;3;66;2, SAINT OUEN (QUAI DE );;;;930
37265;201500041399;15;10;2;1700;1;2;1;1;3;66;64, WILSON (AVENUE DU PR;;;;930
37266;201500041402;15;10;10;2335;5;2;1;1;6;66;379, WILSON (AVENUE DU P;;;;930
37267;201500041403;15;10;12;1810;1;2;1;1;6;66;3, HENAFF EUGENE;;;;930
37268;201500041404;15;10;13;1815;1;2;1;1;3;66;STADE DE FRANCE (AVENUE;;;;930
37269;201500041405;15;10;13;1820;1;2;1;1;6;66;56bis CROISAT AMBROISE;;;;930
37270;201500041406;15;10;13;2115;5;2;1;1;3;66;36, COLONEL FABIEN (AVEN;;;;930
37271;201500041407;15;10;14;215;5;2;3;1;6;66;12, SEMAT ROGER;;;;930
37272;201500041408;15;10;16;1615;1;2;1;2;6;66;34, COLONEL FABIEN (AVEN;;;;930
37273;201500041409;15;10;17;1830;1;2;1;1;6;66;"19, ""PERI GABRIEL, NR 2";;;;930
37274;201500041410;15;10;18;50;5;2;1;1;6;66;6, CACHIN MARCEL (AVENUE;;;;930
37275;201500041411;15;10;17;540;5;2;1;1;6;66;LAMAZE DOCTEUR;;;;930
37276;201500041412;15;10;20;2140;4;2;2;2;1;66;CASANOVA DANIELLE NR 52-;;;;930
37277;201500041413;15;10;22;1935;3;2;1;2;3;66;FRANCE ANATOLE (BOULEVAR;;;;930
37278;201500041414;15;10;24;2100;5;2;4;1;2;66;"""STALINGRAD (AVENUE), NR";;;;930
37279;201500041415;15;10;26;1750;1;2;1;1;6;66;"55, ""GUESDE JULES (BOULE";;;;930
37280;201500041416;15;10;27;1135;1;2;1;1;3;66;14, SAULNIER JULES;;;;930
37281;201500041417;15;10;28;2340;5;2;1;1;2;66;COURNEUVE (ROUTE);;;;930
37282;201500041418;15;10;29;1700;1;2;1;1;3;39;CHATELIER (QUAI DU );;;;930
37283;201500041419;15;11;1;430;5;2;1;1;6;66;FRANCE ANATOLE (BOULEVAR;;;;930
37284;201500041420;15;11;3;1130;1;2;3;1;2;66;CASANOVA DANIELLE NR 2 A;;;;930
37285;201500041421;15;11;1;1100;1;2;1;1;5;66;ELUARD PAUL - AUTRES;;;;930
37286;201500041422;15;11;3;1955;5;2;1;1;6;66;COMMUNE DE PARIS (BOULEV;;;;930
37287;201500041423;15;11;5;1215;1;2;1;1;7;66;142, CASANOVA DANIELLE N;;;;930
37288;201500041424;15;11;2;2050;5;2;1;1;3;66;FORT DE LA BRICHE;;;;930
37289;201500041425;15;11;5;1940;5;2;9;2;3;66;11, MITERRAND FRANCOIS (;;;;930
37290;201500041426;15;11;7;1230;1;2;6;1;3;66;LIBERATION RD14 (BOULEVA;;;;930
37291;201500041427;15;11;8;200;5;2;1;1;3;66;"""STALINGRAND (AV), NR 2-";;;;930
37292;201500041428;15;11;9;1325;1;2;1;1;6;66;"""STALINGRAND (AV), NR 2-";;;;930
37293;201500041429;15;11;10;900;1;2;1;1;1;66;RIMET JULES;;;;930
37294;201500041430;15;11;10;1225;1;2;1;1;3;39;PONT DE SAINT OUEN;;;;930
37295;201500041431;15;11;11;921;1;2;8;1;6;66;10, GORKI MAXIME;;;;930
37296;201500041432;15;11;13;120;5;2;2;1;3;66;"""LANDY RD 20, NR IMPAIRS";;;;930
37297;201500041433;15;11;13;1450;1;2;1;1;6;39;7, SAULE FLEURI (QUAI DU;;;;930
37298;201500041434;15;11;13;1720;5;2;1;1;2;66;58, LENINE (AVENUE) NR 2;;;;930
37299;201500041435;15;11;16;830;1;2;1;1;3;66;FRANCE ANATOLE ENTREE A1;;;;930
37300;201500041436;15;11;17;1150;1;2;3;1;3;66;PRESSENCE FRANCIS (AVENU;;;;930
37301;201500041437;15;11;18;1730;5;2;2;1;6;39;THOREZ MAURICE;;;;930
37302;201500041438;15;11;19;844;1;2;1;2;3;66;67, FRANCE ANATOLE (BOUL;;;;930
37303;201500041441;15;11;27;2050;5;2;1;2;2;66;"72, ""BARBUSSE HENRI, NR";;;;930
37304;201500041442;15;11;28;145;3;2;6;2;6;66;COKERIE;;;;930
37305;201500041443;15;12;1;2125;5;2;1;1;7;66;STADE DE FRANCE (AVENUE;;;;930
37306;201500041444;15;12;5;1550;1;2;1;1;4;39;MECHIN;;;;930
37307;201500041446;15;12;7;1340;1;2;1;1;6;66;16, COMMUNE DE PARIS (BO;;;;930
37308;201500041447;15;12;7;1810;5;2;1;1;3;66;5 bis, PRESSENCE FRANCIS;;;;930
37309;201500041448;15;12;7;2015;3;2;1;1;1;66;PORT (QUAI DU);;;;930
37310;201500041449;15;12;8;1200;1;2;1;2;1;66;05, LIBERTE;;;;930
37311;201500041450;15;12;13;1325;1;2;3;1;3;66;CARNOT (BOULEVARD);;;;930
37312;201500041451;15;12;15;2115;3;2;3;3;3;66;PLOUICH;;;;930
37313;201500041452;15;12;17;1650;2;2;1;1;2;66;38, BRICHE NR 2 A 38;;;;930
37314;201500041453;15;12;17;2250;5;2;3;1;3;66;LIBERATION RD14 (BOULEVA;;;;930
37315;201500041454;15;12;23;1830;5;2;1;1;6;66;COMMUNE DE PARIS (BOULEV;;;;930
37316;201500041455;15;12;23;2245;5;2;3;1;7;66;VAILLANT COUTURIER PAUL;;;;930
37317;201500041456;15;12;25;1900;5;2;1;1;3;66;GUYNEMER;;;;930
37318;201500041457;15;12;26;1045;1;2;1;1;2;66;"39, ""GUESDE JULES (BD),";;;;930
37319;201500041458;15;12;27;825;1;2;1;1;1;66;CROIZAT AMBROISE RD 29 B;;;;930
37320;201500041459;15;12;29;520;5;2;1;2;7;39;MARINE (QUAI DE LA );;;;930
37321;201500041460;15;12;29;1850;5;2;1;1;3;66;"""STALINGRAND (AV), NR 2-";;;;930
37322;201500041461;15;12;30;1000;1;2;2;1;6;66;3, METALLURGIE (AVENUE);;;;930
37323;201500041462;15;6;11;137;5;2;3;1;3;66;PDT WILSON / METALLURGIE;;;;930
37324;201500041463;15;1;4;550;5;2;2;2;6;70;33-35, PAUL-BERT(RUE);;;;930
37325;201500041464;15;1;7;105;5;2;1;1;6;70;156 bis, ROSIERS(DES) :;;;;930
37326;201500041465;15;1;10;1825;5;2;1;2;3;70;122, VICTOR-HUGO (BD);;;;930
37327;201500041466;15;1;14;1530;1;2;3;1;3;70;DOCTEUR BAUER(RUE DU) :N;;;;930
37328;201500041467;15;1;27;1800;5;2;1;2;6;70;142, GABRIEL-PERI (AV);;;;930
37329;201500041468;15;2;2;935;1;2;1;2;3;70;50, ARDOIN(RUE);;;;930
37330;201500041469;15;2;3;1500;1;2;1;1;6;70;49, GABRIEL-PERI (AV);;;;930
37331;201500041470;15;2;3;2105;5;2;1;8;3;70;56, MICHELET(AV):N?1AU 1;;;;930
37332;201500041471;15;2;6;1150;1;2;1;1;3;70;56, GABRIEL-PERI (AV);;;;930
37333;201500041472;15;2;6;1820;2;2;1;1;3;70;ARDOIN(RUE);;;;930
37334;201500041473;15;2;9;1930;3;2;3;1;3;70;GABRIEL-PERI (AV);;;;930
37335;201500041474;15;2;11;1028;1;2;1;1;3;70;MICHELET(AV):N?1AU 103;;;;930
37336;201500041475;15;2;13;2135;5;2;1;2;6;70;52, MICHELET (AVE) : DU;;;;930
37337;201500041476;15;2;15;1645;1;2;1;1;3;70;05, GABRIEL-PERI (AV);;;;930
37338;201500041477;15;2;19;940;1;2;2;1;6;70;132, GABRIEL-PERI (AV);;;;930
37339;201500041480;15;3;13;1410;1;2;1;1;6;70;01, ALBERT-DHALENNE (RUE;;;;930
37340;201500041481;15;3;13;1440;1;2;1;1;6;70;15, GABRIEL-PERI (AV);;;;930
37341;201500041482;15;3;20;525;2;2;6;1;3;70;SEINE (QUAI DE);;;;930
37342;201500041483;15;3;30;955;1;2;1;1;6;70;MICHELET (AVE) : DU 1 AU;;;;930
37343;201500041484;15;3;31;1225;1;2;1;1;6;70;50, GABRIEL-PERI (AV);;;;930
37344;201500041485;15;4;4;1240;1;2;1;1;6;70;PIERRE-CURIE(RUE);;;;930
37345;201500041486;15;4;6;1400;1;2;1;1;2;70;SEINE (QUAI DE);;;;930
37346;201500041487;15;4;13;1500;1;2;3;1;6;70;MICHELET (AVE) : DU 1 AU;;;;930
37347;201500041488;15;4;17;1125;1;2;1;1;6;70;MICHELET (AVE) : DU 1 AU;;;;930
37348;201500041489;15;4;17;1205;1;2;1;1;3;70;GABRIEL-PERI (AV);;;;930
37349;201500041490;15;4;29;755;1;2;1;1;3;70;122, MICHELET(AV):N?1AU;;;;930
37350;201500041492;15;5;13;1935;1;2;1;1;2;70;VICTOR-HUGO (BD);;;;930
37351;201500041493;15;5;16;1000;1;2;1;1;6;70;110, ROSIERS(DES) : APRE;;;;930
37352;201500041494;15;5;20;715;1;2;1;2;1;70;VICTOR-HUGO (BD);;;;930
37353;201500041495;15;5;20;1730;1;2;3;1;3;70;132, VICTOR-HUGO (BD);;;;930
37354;201500041497;15;5;22;1715;1;2;2;1;6;70;MICHELET (AVE) : DU 1 AU;;;;930
37355;201500041498;15;5;22;2108;3;2;7;1;6;70;GABRIEL-PERI (AV);;;;930
37356;201500041499;15;6;5;730;1;2;2;1;3;70;CAPITAINE-GLARNER (AV);;;;930
37357;201500041500;15;6;10;840;1;2;2;1;3;70;SEINE (QUAI DE);;;;930
37358;201500041501;15;6;10;830;1;2;9;1;6;70;MICHELET (AVE) : DU 1 AU;;;;930
37359;201500041502;15;6;11;1130;1;2;5;1;6;70;ADRIEN-LESESNE (RUE);;;;930
37360;201500041504;15;6;15;2120;1;2;1;1;3;70;CACHIN (RUE MARCEL);;;;930
37361;201500041505;15;6;17;1940;1;2;1;1;3;70;7, CLICHY (RUE DE);;;;930
37362;201500041506;15;6;23;1220;1;2;1;1;2;70;139, MICHELET (AVE) : DU;;;;930
37363;201500041507;15;6;29;1040;1;2;1;1;6;70;DOCTEUR BAUER(RUE DU):AP;;;;930
37364;201500041508;15;6;30;950;1;2;1;1;6;70;19, MICHELET(AV):N°1AU 1;;;;930
37365;201500041509;15;1;16;910;1;2;1;1;2;70;, SEINE (QUAI DE);;;;930
37366;201500041510;15;7;2;1500;1;2;1;1;1;70;73/78, SAINT-DENIS(RUE);;;;930
37367;201500041511;15;7;10;1930;1;2;1;1;2;70;9, DULCIE SEPTEMBER (RUE;;;;930
37368;201500041512;15;7;14;1250;1;2;2;1;3;70;MICHELET (AVE) : DU 1 AU;;;;930
37369;201500041513;15;7;21;1855;1;2;3;1;2;70;35, CHARLES SCHMIDT(RUE);;;;930
37370;201500041515;15;7;27;1915;1;2;1;1;7;70;DORA MAAR (RUE);;;;930
37371;201500041516;15;8;12;1810;1;2;2;1;3;70;GABRIEL-PERI (AV);;;;930
37372;201500041517;15;8;27;1725;1;2;1;3;2;70;NICOLAU(RUE);;;;930
37373;201500041518;15;9;13;625;1;2;1;1;4;70;GABRIEL-PERI (AV);;;;930
37374;201500041519;15;9;20;1530;1;2;1;1;6;70;34, CHARLES SCHMIDT(RUE);;;;930
37375;201500041521;15;10;12;745;2;2;1;1;3;70;VICTOR-HUGO (BD);;;;930
37376;201500041522;15;10;19;1005;1;2;1;1;6;70;28, ALBERT-DHALENNE (RUE;;;;930
37377;201500041523;15;10;22;2100;5;1;1;1;6;70;DOCKS (RUE DES);;;;930
37378;201500041524;15;10;29;710;2;2;1;1;6;70;VICTOR-HUGO (BD);;;;930
37379;201500041526;15;11;5;920;1;2;1;1;3;70;MICHELET(AV):N°1AU 103;;;;930
37380;201500041527;15;11;6;1615;1;2;1;2;2;70;45, MICHELET (AVE) : DU;;;;930
37381;201500041528;15;11;6;1800;5;2;1;2;7;70;ETIENNE-DOLET (BD);;;;930
37382;201500041529;15;11;9;1020;1;2;3;1;6;70;CHARLES SCHMIDT(RUE) : D;;;;930
37383;201500041531;15;11;10;1520;1;2;1;1;6;70;54, CHARLES SCHMIDT(RUE);;;;930
37384;201500041532;15;11;13;1815;5;2;1;2;6;70;NEUVE-PIERRE-CURIE(RUE);;;;930
37385;201500041533;15;11;17;855;1;2;9;2;3;70;19, MICHELET (AVE) : DU;;;;930
37386;201500041534;15;11;18;1610;1;2;1;1;2;70;1, ALBERT-DHALENNE (RUE);;;;930
37387;201500041535;15;11;20;1410;1;2;1;2;6;70;JEAN-JAURES (BD);;;;930
37388;201500041536;15;11;26;825;1;2;1;2;6;70;SEINE (QUAI DE);;;;930
37389;201500041537;15;11;30;2020;5;2;3;1;1;70;ARDOIN(RUE);;;;930
37390;201500041538;15;12;4;1740;5;2;2;1;3;70;VICTOR-HUGO (BD);;;;930
37391;201500041539;15;12;15;1530;1;2;1;1;3;70;41, ALBERT-DHALENNE (RUE;;;;930
37392;201500041540;15;12;17;1050;1;2;3;1;3;70;ROSIERS(DES) :N° 1 AU 59;;;;930
37393;201500041541;15;12;18;1230;1;2;1;1;3;70;72, MICHELET (AVE) : DU;;;;930
37394;201500041543;15;12;29;1440;1;2;1;1;3;70;117, MICHELET (AVE) : DU;;;;930
37395;201500041544;15;1;4;2250;5;2;2;1;3;71;0, JOHN F. KENNEDY (AVEN;;;;930
37396;201500041545;15;1;23;840;1;2;1;1;6;71;0, LEON JOUHAUX (AVENUE);;;;930
37397;201500041546;15;3;1;1800;1;2;3;1;3;71;0, RONSARD (IMPASSE);;;;930
37398;201500041547;15;3;2;1015;1;2;3;1;6;71;0, MARCHE (AVENUE DU);;;;930
37399;201500041548;15;2;6;1630;1;2;1;1;2;5;EUROPE-(CARREFOUR DE L');;;;930
37400;201500041549;15;3;6;1400;1;2;1;1;6;71;0, VICTOR HUGO (AVENUE);;;;930
37401;201500041550;15;3;11;1050;1;2;1;1;6;71;0, VICTOR HUGO (AVENUE);;;;930
37402;201500041551;15;3;19;2005;5;2;1;1;6;71;0, HOCHE (AVENUE);;;;930
37403;201500041552;15;3;20;2215;5;2;2;1;6;71;0, WESTINGHOUSE (BOULEVA;;;;930
37404;201500041553;15;3;27;1700;1;2;3;1;6;71;0, COMMANDANT CHARCOT (A;;;;930
37405;201500041554;15;3;28;1907;1;2;3;1;3;71;0, JOHN F. KENNEDY (AVEN;;;;930
37406;201500041555;15;4;7;2245;5;2;1;1;6;71;0, AULNAY (RUE D');;;;930
37407;201500041556;15;4;12;2220;5;2;3;1;3;71;0, PIERRE BROSSOLETTE (R;;;;930
37408;201500041557;15;4;14;1420;1;2;2;1;1;71;0, JEAN MOULIN (AVENUE);;;;930
37409;201500041559;15;4;20;1755;1;2;1;1;2;71;0, BALLANGER ROBERT (AVE;;;;930
37410;201500041560;15;4;30;1715;1;2;3;2;1;71;0, COMMANDANT CHARCOT (A;;;;930
37411;201500041561;15;5;1;2105;5;2;2;8;3;71;0, AULNAY (RUE D');;;;930
37412;201500041562;15;5;6;1715;1;2;3;1;2;71;0, BALLANGER ROBERT (AVE;;;;930
37413;201500041564;15;5;12;1737;1;2;1;1;6;71;0, GENERAL LECLERC (AVEN;;;;930
37414;201500041565;15;5;16;1245;1;2;1;1;3;71;0, LIVRY (AVENUE DE);;;;930
37415;201500041566;15;5;22;1745;1;2;3;1;4;71;37, HENRI DUNANT (AVENUE;;;;930
37416;201500041567;15;6;3;1130;1;2;1;1;7;71;0, BERLIOZ HECTOR (AVENU;;;;930
37417;201500041569;15;6;18;1600;1;2;1;1;6;71;10, AMPERE (AVENUE);;;;930
37418;201500041570;15;6;19;2200;5;2;3;1;3;71;0, AULNAY (RUE D');;;;930
37419;201500041572;15;7;3;1205;1;2;1;1;6;71;0, RAOUL DAUTRY (AVENUE);;;;930
37420;201500041573;15;7;8;1615;1;2;2;1;3;71;0, JEAN MOULIN (AVENUE);;;;930
37421;201500041574;15;7;10;1715;1;2;1;1;2;71;0, DE LATTRE DE TASSIGNY;;;;930
37422;201500041575;15;7;13;1030;1;2;1;1;6;71;70, AULNAY (RUE D');;;;930
37423;201500041577;15;7;17;910;1;2;1;1;2;71;0, HENRI BARBUSSE (AVENU;;;;930
37424;201500041578;15;7;18;1940;1;2;3;1;3;71;0, LUCIEN GELOT (BOULEVA;;;;930
37425;201500041579;15;7;22;1540;1;2;1;1;2;71;57, LIVRY (AVENUE DE);;;;930
37426;201500041581;15;7;31;15;5;2;2;1;2;71;0, WESTINGHOUSE (BOULEVA;;;;930
37427;201500041582;15;8;5;2030;2;2;2;1;3;71;0, HENRI BARBUSSE (AVENU;;;;930
37428;201500041583;15;8;10;2310;5;2;1;1;6;71;0, STALINGRAD (BOULEVARD;;;;930
37429;201500041584;15;8;20;2010;1;2;1;2;2;71;0, JOHN F. KENNEDY (AVEN;;;;930
37430;201500041585;15;8;22;1110;1;2;3;1;3;71;0, WESTINGHOUSE (BOULEVA;;;;930
37431;201500041587;15;8;27;2105;5;2;2;3;2;71;0, AULNAY (RUE D');;;;930
37432;201500041588;15;9;5;225;5;2;1;1;1;71;0, PEUPLIERS (ALLEE DES);;;;930
37433;201500041589;15;9;7;1915;1;2;2;1;3;71;0, ANDRE BRETON (ALLEE);;;;930
37434;201500041592;15;9;16;1257;1;2;2;3;5;71;0, AULNAY (RUE D');;;;930
37435;201500041593;15;10;3;1640;1;2;1;1;1;71;0, JOHN F. KENNEDY (AVEN;;;;930
37436;201500041594;15;10;15;1939;5;2;3;2;3;71;0, SAVIGNY (CHEMIN DE);;;;930
37437;201500041595;15;10;22;915;1;2;2;2;5;71;0, VILLENAUT (ALLEE DE);;;;930
37438;201500041597;15;11;21;1915;5;2;2;2;6;71;0, BALLANGER ROBERT (AVE;;;;930
37439;201500041598;15;11;26;735;2;2;1;1;6;71;0, LIEGEARD (AVENUE);;;;930
37440;201500041599;15;11;26;2330;5;2;1;1;3;71;0, AULNAY (RUE D');;;;930
37441;201500041600;15;12;4;2150;5;2;1;1;6;71;54, GALLIENI (RUE);;;;930
37442;201500041601;15;12;5;1315;1;2;1;1;7;71;0, MARCHE (AVENUE DU);;;;930
37443;201500041602;15;12;9;850;1;2;1;1;2;71;0, JOHN F. KENNEDY (AVEN;;;;930
37444;201500041603;15;12;10;1232;1;2;3;1;6;71;0, GASTON BUSSIERE (PLAC;;;;930
37445;201500041604;15;12;15;1950;5;2;2;2;6;71;0, JEAN MOULIN (AVENUE);;;;930
37446;201500041605;15;1;16;1545;1;2;1;1;6;72;0, NELSON MANDELA (AVENU;;;;930
37447;201500041606;15;2;10;1215;1;2;1;1;6;72;00, JEAN DURAND (RUE) CO;;;;930
37448;201500041607;15;2;24;928;1;2;2;1;3;72;AMIENS (RUE D') COTE DES;;;;930
37449;201500041608;15;3;16;1655;1;2;1;1;1;59;0, MARECHAL FOCH (AVENUE;;;;930
37450;201500041609;15;3;25;555;5;2;3;2;3;72;STALINGRAD (AVENUE DE) D;;;;930
37451;201500041611;15;3;31;1445;1;2;1;1;1;59;7, GABRIEL PERI (AVENUE);;;;930
37452;201500041612;15;4;2;1905;1;2;2;1;6;59;7, JULES CHATENAY (RUE);;;;930
37453;201500041613;15;4;9;1900;1;2;1;1;6;72;33, LOUIS BORDES (RUE);;;;930
37454;201500041614;15;4;9;1915;1;2;1;1;6;72;80, MAXIME GORKI (BOULEV;;;;930
37455;201500041615;15;4;22;1300;1;2;1;1;6;59;15, GENERAL GALLIENI (AV;;;;930
37456;201500041616;15;4;27;1755;1;2;1;1;4;59;59, GABRIEL PERI (AVENUE;;;;930
37457;201500041617;15;5;9;2320;5;2;2;1;6;59;CHARLES DE GAULLE (BOULE;;;;930
37458;201500041619;15;5;26;420;5;2;3;1;3;59;0, CHARLES DE GAULLE (BO;;;;930
37459;201500041620;15;6;10;1955;1;2;2;1;6;72;0, AMIENS (RUE D') N° IM;;;;930
37460;201500041621;15;6;14;110;5;2;2;1;7;72;0, PIERRE DE GEYTER (RUE;;;;930
37461;201500041622;15;6;15;1610;1;2;3;1;2;72;0, MAXIME GORKI (BOULEVA;;;;930
37462;201500041623;15;6;29;1240;1;2;1;1;2;72;148, STALINGRAD (AVENUE;;;;930
37463;201500041624;15;7;21;945;1;2;3;1;6;59;00, CHARLES DE GAULLE (B;;;;930
37464;201500041625;15;7;21;1600;1;2;2;1;2;72;86, MAXIME GORKI (BOULEV;;;;930
37465;201500041626;15;7;27;1710;1;2;1;1;6;72;21, STALINGRAD (AVENUE D;;;;930
37466;201500041627;15;7;31;2330;5;2;1;1;3;72;6 bis, MAXIME GORKI (BOU;;;;930
37467;201500041629;15;8;20;1030;2;2;1;3;7;72;0, FLEURS (RUE DES) JEAN;;;;930