;Num_Acc;an;mois;jour;hrmn;lum;agg;int;atm;col;com;adr;gps;lat;long;dep
37468;201500041631;15;9;9;1200;1;2;1;1;3;59;32, JEAN MERMOZ (BOULEVA;;;;930
37469;201500041632;15;9;10;625;5;2;3;1;6;59;00, EMILE ZOLA (AVENUE);;;;930
37470;201500041633;15;9;11;730;1;2;1;1;3;72;0, MAXIME GORKI (BOULEVA;;;;930
37471;201500041635;15;9;14;1752;1;2;1;2;6;72;20, BEL AIR (RUE DU);;;;930
37472;201500041636;15;9;15;1630;1;2;1;1;2;59;0, LAENNEC (AVENUE);;;;930
37473;201500041637;15;9;15;1820;1;2;1;1;6;72;86, JULES GUESDE (AVENUE;;;;930
37474;201500041638;15;9;17;950;1;2;2;1;6;72;0, MAXIME GORKI (BOULEVA;;;;930
37475;201500041639;15;9;28;1740;1;2;7;1;6;72;25, MAXIME GORKI (BOULEV;;;;930
37476;201500041640;15;10;1;830;1;2;1;1;6;59;1, GABRIEL PERI (AVENUE);;;;930
37477;201500041642;15;10;8;905;1;2;3;1;6;72;0, NELSON MANDELA (AVENU;;;;930
37478;201500041643;15;10;16;740;5;2;1;2;6;72;0, STALINGRAD (AVENUE DE;;;;930
37479;201500041644;15;10;18;1910;5;2;1;1;2;59;GENERAL GALLIENI (AVENUE;;;;930
37480;201500041645;15;11;2;1213;1;2;1;1;1;72;35/39, ARISTIDE BRIAND (;;;;930
37481;201500041646;15;11;2;2330;5;2;3;1;3;72;0, MAXIME GORKI (BOULEVA;;;;930
37482;201500041647;15;11;10;1805;5;2;1;1;5;59;0, LENINE (AVENUE) N°36;;;;930
37483;201500041648;15;11;11;1505;1;2;1;1;6;59;149, ELYSEE RECLUS (AVEN;;;;930
37484;201500041649;15;11;12;2150;5;2;3;1;1;72;0, MARCEL CACHIN (AVENUE;;;;930
37485;201500041650;15;11;15;1745;3;2;1;1;1;72;0, AMIENS (RUE D') COTE;;;;930
37486;201500041651;15;11;28;1136;1;2;1;1;6;59;0, JEAN MERMOZ (BOULEVAR;;;;930
37487;201500041652;15;12;5;1705;1;2;3;1;3;72;0, PAROUZETS (RUE DES);;;;930
37488;201500041653;15;12;20;2025;3;2;3;2;3;72;0, STALINGRAD (AVENUE DE;;;;930
37489;201500041655;15;5;23;1230;1;2;2;1;3;59;0, AMIENS (RUE D') N° 02;;;;930
37490;201500041656;15;7;17;2200;5;2;3;1;3;59;, AMIENS (RUE D') N° 130;;;;930
37491;201500041657;15;1;7;2300;5;2;1;9;6;78;DELATTRE DE TASSIGNY (AV;;;;930
37492;201500041658;15;1;9;1625;1;2;1;1;2;78;PLAINE DE FRANCE (AVENUE;;;;930
37493;201500041659;15;1;23;1600;1;2;1;1;2;78;23, VAILLANT (AVENUE CHA;;;;930
37494;201500041660;15;1;29;1815;3;1;1;2;6;78;VAUBAN (AVENUE);;;;930
37495;201500041661;15;1;31;855;1;2;1;1;6;78;SAUSSET (AVENUE DU);;;;930
37496;201500041663;15;2;1;334;5;2;1;3;6;78;1/3, CLEMENCEAU (AVENUE;;;;930
37497;201500041664;15;2;12;2205;5;2;1;1;1;78;BALLANGER (BD ROBERT);;;;930
37498;201500041665;15;2;17;2000;5;2;1;1;3;73;BROSSOLETTE (RUE PIERRE);;;;930
37499;201500041666;15;2;20;1500;1;2;3;3;3;78;LEDOUX (RUE CLAUDE NICOL;;;;930
37500;201500041667;15;3;1;150;5;2;1;2;7;73;, RESISTANCE (RUE DE LA);;;;930
37501;201500041668;15;3;8;2006;5;2;1;1;6;78;CLEMENCEAU (AVENUE GEORG;;;;930
37502;201500041669;15;3;10;1540;1;2;2;1;1;78;LAFARGUE (RUE PAUL);;;;930
37503;201500041670;15;3;11;1145;1;2;1;1;3;73;DEQUET (RUE LOUIS);;;;930
37504;201500041671;15;3;12;1610;1;2;1;1;3;78;176, BALLANGER (BD ROBER;;;;930
37505;201500041672;15;3;12;1745;1;2;1;1;6;78;DAMBEL (AVENUE EMILE);;;;930
37506;201500041674;15;3;25;615;1;2;1;2;3;73;PETITS PONTS (ROUTE DES);;;;930
37507;201500041675;15;3;29;1900;1;2;2;2;3;73;125, COLONGO (RUE PIERRE;;;;930
37508;201500041676;15;4;12;1815;1;2;1;1;2;78;BALLANGER (BD ROBERT);;;;930
37509;201500041677;15;4;27;1320;1;2;2;1;3;73;SARRAULT (AVENUE ALBERT);;;;930
37510;201500041679;15;4;30;1040;1;2;6;2;6;78;CLEMENCEAU (AVENUE GEORG;;;;930
37511;201500041680;15;5;7;1010;1;2;1;1;3;78;100, COUTURIER (AVENUE P;;;;930
37512;201500041682;15;5;7;1210;1;2;1;1;4;78;178, BALLANGER (BD ROBER;;;;930
37513;201500041683;15;5;18;1640;1;2;1;1;6;73;VACHES (CHEMIN DES);;;;930
37514;201500041684;15;5;18;1945;1;2;2;1;3;78;BARBES (AVENUE);;;;930
37515;201500041685;15;5;20;1730;1;2;1;1;6;73;NATIONS (AVENUE DES);;;;930
37516;201500041687;15;5;26;620;1;2;1;1;3;78;BALLANGER (BD ROBERT);;;;930
37517;201500041688;15;6;3;1740;1;2;1;1;3;73;RAPERIE (RUE DE LA);;;;930
37518;201500041689;15;6;5;1430;1;2;9;1;4;73;RESISTANCE (RUE DE LA);;;;930
37519;201500041690;15;6;6;1645;1;2;1;1;6;73;53, VERDUN (RUE DE);;;;930
37520;201500041691;15;6;10;930;1;2;1;1;2;73;00, PETITS PONTS (ROUTE;;;;930
37521;201500041692;15;6;12;1615;1;2;2;1;3;78;BALLANGER (BD ROBERT);;;;930
37522;201500041693;15;6;13;1658;1;2;1;1;3;73;DE GAULLE (RUE CHARLES);;;;930
37523;201500041694;15;6;14;2030;1;2;1;1;6;78;BALLANGER (BD ROBERT);;;;930
37524;201500041695;15;6;15;1640;1;2;1;1;2;78;CLEMENCEAU (AVENUE GEORG;;;;930
37525;201500041696;15;6;23;2345;1;2;1;1;6;78;10, GARE (AVENUE DE LA);;;;930
37526;201500041697;15;6;23;1300;1;2;1;1;2;78;BALLANGER (BD ROBERT);;;;930
37527;201500041698;15;7;2;1700;1;2;9;1;2;78;32 BALLANGER (BD ROBERT;;;;930
37528;201500041699;15;7;10;1230;1;2;1;1;2;78;CHEMIN DEPARTEMENTAL;;;;930
37529;201500041700;15;7;11;820;1;2;1;1;6;78;SAUSSET (AVENUE DU);;;;930
37530;201500041701;15;7;17;2200;5;2;1;1;3;78;BALLANGER (BD ROBERT);;;;930
37531;201500041702;15;7;21;1730;1;2;1;1;4;78;54, BALLANGER (BD ROBERT;;;;930
37532;201500041703;15;7;21;2000;1;2;2;1;3;78;CLEMENCEAU (AVENUE GEORG;;;;930
37533;201500041704;15;7;22;1410;1;2;1;1;3;78;CLEMENCEAU (AVENUE GEORG;;;;930
37534;201500041705;15;7;24;300;5;2;3;1;3;78;KENNEDY (BOULEVARD DU PR;;;;930
37535;201500041706;15;7;26;1550;1;1;1;2;2;78;SAUSSET (AVENUE DU);;;;930
37536;201500041707;15;7;27;1045;1;2;2;2;3;78;REPUBLIQUE (AVENUE DE LA;;;;930
37537;201500041708;15;7;30;1455;1;2;1;1;3;73;BARBUSSE (RUE HENRI);;;;930
37538;201500041709;15;8;10;800;1;2;1;1;6;78;SAUSSET (AVENUE DU);;;;930
37539;201500041710;15;8;10;950;1;2;2;1;3;73;BERRY (RUE DE);;;;930
37540;201500041711;15;8;11;2004;1;2;2;1;3;78;CLEMENCEAU (AVENUE GEORG;;;;930
37541;201500041712;15;8;23;930;1;2;4;1;6;78;LEDOUX (RUE CLAUDE NICOL;;;;930
37542;201500041713;15;8;29;2220;5;2;1;1;3;78;BALLANGER (BD ROBERT);;;;930
37543;201500041714;15;8;30;1050;1;2;3;1;6;78;DAMBEL (AVENUE EMILE);;;;930
37544;201500041715;15;9;3;1330;1;2;2;1;6;78;20, ROUX (RUE DU DOCTEUR;;;;930
37545;201500041716;15;9;5;1100;1;2;1;1;3;78;BALLANGER (BD ROBERT);;;;930
37546;201500041717;15;9;23;1030;1;2;2;1;5;78;PLAINE (AVENUE DE LA);;;;930
37547;201500041718;15;9;24;1845;1;2;1;8;7;73;133, BERGER (RUE GILBERT;;;;930
37548;201500041719;15;10;2;1600;1;2;1;1;5;73;PETITS PONTS (ROUTE DES);;;;930
37549;201500041720;15;10;2;2050;5;2;3;1;3;73;RESISTANCE (RUE DE LA);;;;930
37550;201500041721;15;10;3;1300;1;2;1;1;6;73;ROISSY (ROUTE DE);;;;930
37551;201500041722;15;10;6;855;1;2;5;2;3;78;BALLANGER (BD ROBERT);;;;930
37552;201500041723;15;10;7;1644;1;2;1;1;3;78;111, BALLANGER (BD ROBER;;;;930
37553;201500041724;15;10;7;2050;5;2;1;1;2;73;PETITS PONTS (ROUTE DES);;;;930
37554;201500041725;15;10;9;1340;1;2;2;1;3;73;DIX NEUF MARS 62 (AVENUE;;;;930
37555;201500041726;15;10;19;1720;1;2;1;1;4;78;CLEMENCEAU (AVENUE GEORG;;;;930
37556;201500041728;15;10;25;1200;1;2;2;1;6;73;PARC (AVENUE DU);;;;930
37557;201500041729;15;11;6;740;1;2;1;1;3;73;DE GAULLE (RUE CHARLES);;;;930
37558;201500041730;15;11;11;2045;5;2;1;2;6;73;DEBUSSY (RUE CLAUDE);;;;930
37559;201500041731;15;11;16;2051;5;2;1;2;6;78;77, BALLANGER (BD ROBERT;;;;930
37560;201500041732;15;11;30;1830;5;2;1;1;3;78;156, BALLANGER (BD ROBER;;;;930
37561;201500041734;15;12;4;823;1;2;2;1;6;78;BALLANGER (BD ROBERT);;;;930
37562;201500041735;15;12;4;1615;1;2;1;1;2;73;BOIS DE LA PIE (AVENUE D;;;;930
37563;201500041736;15;12;9;1140;1;2;1;1;3;73;, BERGER (RUE GILBERT);;;;930
37564;201500041737;15;12;19;100;5;2;1;8;6;73;PETITS PONTS (ROUTE DES);;;;930
37565;201500041739;15;12;31;1120;1;2;2;1;3;78;CLEMENCEAU (AVENUE GEORG;;;;930
37566;201500041740;15;1;11;1250;1;2;1;1;6;2;REVOLUTION (QU DE LA);;;;940
37567;201500041741;15;1;9;1650;2;2;1;1;6;2;17, R DES LILAS;;;;940
37568;201500041742;15;2;2;1755;5;2;3;1;6;2;163 B, VAILLANT COUTURIE;;;;940
37569;201500041743;15;2;14;2015;5;2;2;2;3;2;CAMELIAS (R DES);;;;940
37570;201500041744;15;3;13;1830;1;2;1;1;6;2;03, DIJON (R DE);;;;940
37571;201500041745;15;3;21;1100;1;2;3;8;3;2;VERDUN (R DE);;;;940
37572;201500041746;15;3;24;2155;5;2;3;2;3;2;146, VAILLANT COUTURIER;;;;940
37573;201500041747;15;3;25;1125;1;2;3;1;2;2;REVOLUTION (QU DE LA);;;;940
37574;201500041748;15;4;13;1515;1;2;1;7;6;2;40, BLANQUI (QU);;;;940
37575;201500041749;15;4;14;1810;1;2;1;1;6;2;28, GRENOBLE (R DE);;;;940
37576;201500041750;15;4;17;1840;1;2;9;1;6;2;GENERAL CHARLES DE GAULL;;;;940
37577;201500041751;15;4;18;1825;1;2;1;1;6;2;46, LOUIS BLANC (R);;;;940
37578;201500041752;15;4;18;2025;1;2;2;1;3;2;LOUIS BLANC (R);;;;940
37579;201500041753;15;4;24;1215;1;2;4;1;6;2;ROME (R DE);;;;940
37580;201500041754;15;5;6;910;1;2;2;1;1;2;EMILE ZOLA (R);;;;940
37581;201500041755;15;5;19;2235;5;2;2;8;7;2;VAILLANT COUTURIER (R);;;;940
37582;201500041756;15;5;24;1150;1;2;1;1;6;2;JULES CUILLERIER (R);;;;940
37583;201500041757;15;5;25;500;5;2;3;2;3;2;101,QU BLANQUI/LILAS;;;;940
37584;201500041758;15;5;28;1930;1;2;1;1;6;2;1, GENEVE (R DE);;;;940
37585;201500041759;15;6;1;1830;1;2;1;1;6;2;ETIENNE DOLET (R);;;;940
37586;201500041760;15;6;18;840;1;2;1;1;6;2;94, ETIENNE DOLET (R);;;;940
37587;201500041761;15;6;22;1350;1;2;1;1;6;2;3, GENEVE (R DE);;;;940
37588;201500041762;15;6;25;2030;1;2;3;1;6;2;REVOLUTION (QU DE LA);;;;940
37589;201500041763;15;7;1;1035;1;2;1;1;2;2;11, PASTEUR (R);;;;940
37590;201500041764;15;7;6;1815;1;2;2;1;2;2;EMILE ZOLA (R);;;;940
37591;201500041765;15;7;6;1855;1;2;2;1;3;2;5, VAILLANT COUTURIER (R;;;;940
37592;201500041766;15;7;8;135;5;2;1;1;7;2;VICTOR HUGO (R);;;;940
37593;201500041767;15;7;13;1645;1;2;3;1;3;2;BLANQUI (QU);;;;940
37594;201500041768;15;7;17;1440;1;2;2;7;3;2;37, CAMELIAS (R DES);;;;940
37595;201500041769;15;7;24;1530;1;2;1;1;6;2;SEINE (R DE);;;;940
37596;201500041770;15;7;30;2220;5;2;1;1;2;2;70, BLANQUI (QU);;;;940
37597;201500041771;15;8;2;740;1;2;1;1;6;2;9, VAILLANT COUTURIER (R;;;;940
37598;201500041772;15;8;7;830;1;2;2;7;3;2;VAILLANT COUTURIER (R);;;;940
37599;201500041773;15;8;11;2230;5;2;2;1;3;2;CAMELIAS (R DES);;;;940
37600;201500041774;15;8;24;2240;5;2;1;2;6;2;40, BLANQUI (QU);;;;940
37601;201500041775;15;8;28;1230;1;2;1;1;6;2;Face au 28, VERON (R);;;;940
37602;201500041776;15;8;30;1550;1;2;2;1;3;2;VAILLANT COUTURIER (R);;;;940
37603;201500041777;15;8;30;2130;5;2;2;1;3;2;CARNOT (BD);;;;940
37604;201500041778;15;9;3;1300;1;2;2;1;3;2;BLANQUI (QU);;;;940
37605;201500041779;15;9;17;930;1;2;2;1;6;2;89, VAILLANT COUTURIER (;;;;940
37606;201500041780;15;9;21;1800;1;2;1;1;6;2;43, EMILE ZOLA (R);;;;940
37607;201500041781;15;9;29;930;1;2;3;1;6;2;27, VICTOR HUGO (R);;;;940
37608;201500041782;15;9;30;1640;1;2;1;1;3;2;07, REVOLUTION (QU DE LA;;;;940
37609;201500041783;15;10;2;1345;1;2;1;1;3;2;7, REVOLUTION (QU DE LA);;;;940
37610;201500041786;15;10;8;1725;1;2;7;1;6;2;ETIENNE DOLET (R);;;;940
37611;201500041787;15;10;15;700;5;2;1;2;2;2;GENERAL CHARLES DE GAULL;;;;940
37612;201500041788;15;10;22;1030;1;2;3;2;3;2;JEAN BAPTISTE CLEMENT (Q;;;;940
37613;201500041789;15;10;24;1045;1;2;2;1;5;2;EMILE ZOLA (R);;;;940
37614;201500041790;15;11;3;740;1;2;2;1;3;2;EMILE ZOLA (R);;;;940
37615;201500041791;15;11;12;620;2;2;1;8;2;2;BLANQUI (QU);;;;940
37616;201500041793;15;11;19;1500;1;2;1;2;2;2;177, VAILLANT COUTURIER;;;;940
37617;201500041794;15;11;25;420;5;2;2;3;3;2;EMILE ZOLA (R);;;;940
37618;201500041795;15;11;26;825;1;2;1;1;6;2;10, CARNOT (BD);;;;940
37619;201500041796;15;12;11;2345;5;2;3;1;3;2;VAILLANT COUTURIER (R);;;;940
37620;201500041797;15;12;17;1910;5;2;1;1;3;2;GENERAL CHARLES DE GAULL;;;;940
37621;201500041798;15;12;30;650;5;2;1;1;1;2;REVOLUTION (QU DE LA);;;;940
37622;201500041800;15;10;2;1650;1;2;2;1;6;47;1, FRANCOIS COPPEE (R);;;;940
37623;201500041801;15;10;4;1020;1;2;1;1;6;4;., EGLISE (R DE L);;;;940
37624;201500041802;15;10;6;700;5;2;2;3;1;44;VERDUN (AV DE);;;;940
37625;201500041803;15;10;6;1545;1;2;3;1;6;71;03, PONT DE CHENNEVIERES;;;;940
37626;201500041805;15;10;9;1530;1;2;1;1;6;71;7 TER, GEORGES POMPIDOU;;;;940
37627;201500041806;15;10;12;1625;1;2;2;1;3;4;PARKING CCR BOISSY 2;M;4875300.0;250229.0;940
37628;201500041808;15;10;23;2110;5;2;4;1;3;4;LECLERC/CHIROL;M;4875160.0;250682.0;940
37629;201500041809;15;10;29;2115;5;2;3;1;1;75;TASSIGNY/FOREAU;M;4872740.0;253584.0;940
37630;201500041810;15;1;11;1200;1;2;2;1;6;71;QUEUE EN BRIE (RTE DE LA;;;;940
37631;201500041811;15;11;1;207;5;2;1;1;6;48;33, BRUYERES (AV DES);;;;940
37632;201500041812;15;11;2;1130;1;2;1;1;6;4;PL DE LA GARE;M;4875280.0;250538.0;940
37633;201500041814;15;11;4;725;1;2;9;1;2;71;10, VILLENEUVE (R DE);;;;940
37634;201500041815;15;1;5;1250;1;2;6;8;6;44;VERDUN (AV DE);;;;940
37635;201500041816;15;1;7;855;1;2;6;5;7;71;WINSTON CHURCHILL (R);;;;940
37636;201500041817;15;11;6;2240;5;2;3;1;3;71;., GARE (PL DE LA);;;;940
37637;201500041818;15;11;9;910;1;2;1;1;3;71;98, GENERAL LECLERC (R D;;;;940
37638;201500041819;15;11;9;835;1;2;1;1;3;71;62, GRAND VAL (R DU);;;;940
37639;201500041821;15;1;16;1930;5;2;2;2;3;71;3 ter, BREVANNES (R DE);;;;940
37640;201500041822;15;11;20;1250;1;2;1;3;6;75;91, LATTRE DE TASSIGNY;M;4873310.0;252151.0;940
37641;201500041823;15;1;20;2045;3;1;1;4;6;4;AV DU GENERAL LECLERC;M;4875550.0;250504.0;940
37642;201500041824;15;11;21;2145;5;2;3;1;6;71;00, VILLENEUVE (R DE);;;;940
37643;201500041826;15;11;23;1830;5;2;3;1;3;44;EUGENE VARLIN (R);;;;940
37644;201500041827;15;11;24;1835;5;2;1;3;6;71;22, VILLENEUVE (R DE);;;;940
37645;201500041828;15;11;26;645;3;1;2;1;3;4;LECLERC/REVILLON;M;4874480.0;251175.0;940
37646;201500041829;15;11;27;650;5;2;4;1;3;71;GENERAL LECLERC (R DU);;;;940
37647;201500041830;15;1;29;740;2;2;6;8;6;4;BREVANNES/DE GAULLE;;;;940
37648;201500041831;15;1;29;850;1;2;1;2;3;71;3, PONT DE CHENNEVIERES;;;;940
37649;201500041832;15;1;29;1910;3;1;2;2;6;48;RN19/GROSBOIS;M;4872750.0;253934.0;940
37650;201500041833;15;11;30;740;1;2;3;1;2;75;TASSIGNY/FOREAU;M;4872740.0;253584.0;940
37651;201500041834;15;12;2;1030;1;2;1;1;6;71;PIERRE SEMARD (R);;;;940
37652;201500041835;15;12;3;2045;5;2;1;1;2;4;AV DU GENERAL LECLERC;M;4876080.0;249724.0;940
37653;201500041836;15;12;4;1940;5;2;1;1;6;4;7, CHARLES DE GAULLE (AV;;;;940
37654;201500041837;15;12;5;1145;1;2;1;1;2;44;FACE 16, GABRIEL PERI (A;;;;940
37655;201500041838;15;5;22;1809;1;2;1;1;7;71;19, VLAMINCK (ALL);;;;940
37656;201500041839;15;6;22;1820;1;1;1;3;6;4;AV DU GENERAL LECLERC;M;4875610.0;250472.0;940
37657;201500041840;15;12;8;2025;5;2;1;1;3;75;16, MANDRES (R DE);;;;940
37658;201500041842;15;1;21;1745;5;2;1;1;6;44;22, VERDUN (AV DE);;;;940
37659;201500041843;15;2;12;930;1;2;6;1;6;4;00, TILLEULS (PL DES);;;;940
37660;201500041844;15;2;12;1825;2;2;1;1;6;4;PL DE LA GARE;M;4875290.0;250542.0;940
37661;201500041845;15;2;14;1517;1;2;1;2;3;44;38, ALBERT GARRY (R);;;;940
37662;201500041847;15;2;15;2010;5;2;1;1;2;75;1, TOURNELLE (R DE LA);;;;940
37663;201500041848;15;12;15;2130;5;2;2;2;3;4;2, STANISLAS REVILLON (R;;;;940
37664;201500041849;15;12;16;1225;1;2;1;8;6;71;20, MAURICE BERTEAUX (R);;;;940
37665;201500041850;15;12;19;2210;5;2;3;1;6;44;DESCARTES (AV);;;;940
37666;201500041851;15;12;16;1710;5;2;1;1;7;71;39, PARIS (R DE);;;;940
37667;201500041852;15;2;19;800;1;2;3;9;7;4;LECLERC/FFI;M;4875440.0;250600.0;940
37668;201500041854;15;1;3;1820;2;2;3;2;3;4;LECLERC/FFI;M;4875440.0;250600.0;940
37669;201500041855;15;3;3;1345;1;2;3;1;3;71;BOISSY (R DE);;;;940
37670;201500041856;15;3;3;1840;5;2;2;8;2;4;LECLERC/POMPIDOU;M;4874480.0;251175.0;940
37671;201500041857;15;3;6;855;1;2;1;1;2;4;0, FFI (ALL DES);;;;940
37672;201500041858;15;3;7;1425;1;2;1;1;2;44;VALENTON (AV DE);;;;940
37673;201500041859;15;8;13;1345;1;2;1;8;6;4;AV DU GENERAL LECLERC;M;4875320.0;250657.0;940
37674;201500041860;15;10;3;2050;5;2;1;1;2;75;79,DE LATTRE DE TASSIGNY;M;4873010.0;252596.0;940
37675;201500041862;15;3;14;1025;1;2;2;1;6;44;JEAN MONNET (R);;;;940
37676;201500041863;15;3;16;850;1;2;9;1;6;4;6, LEON REVILLON (BD);;;;940
37677;201500041864;15;3;16;1635;1;2;1;1;6;44;GABRIEL PERI (AV);;;;940
37678;201500041865;15;3;21;630;5;2;3;1;3;71;00, BONNEUIL (AV DE);;;;940
37679;201500041866;15;3;23;1430;1;2;3;1;1;4;LECLERC/FFI;M;4875440.0;250600.0;940
37680;201500041867;15;3;24;1940;5;2;1;2;6;44;1, GABRIEL PERI (AV);;;;940
37681;201500041868;15;3;25;2020;5;2;1;8;3;44;36, GABRIEL PERI (AV);;;;940
37682;201500041869;15;3;27;1050;1;2;4;1;3;71;0, GABRIEL PERI (AV);;;;940
37683;201500041870;15;3;29;425;5;2;1;1;6;71;31, NOISEAU (R DE);;;;940
37684;201500041871;15;4;1;1440;1;2;1;1;3;4;03, CHARLES DE GAULLE (A;;;;940
37685;201500041872;15;2;24;1420;1;2;1;1;6;47;10, PAUL DOUMER (R);;;;940
37686;201500041873;15;4;3;35;3;1;1;1;6;48;BRUYERES (AV DES);;;;940
37687;201500041874;15;4;3;1805;1;2;3;2;3;75;35, STATION (R DE LA);;;;940
37688;201500041876;15;4;10;1815;1;2;1;1;3;44;0, DESCARTES (AV);;;;940
37689;201500041878;15;4;12;840;1;2;1;5;6;4;39, LOUIS WALLE (AV);;;;940
37690;201500041879;15;4;13;1245;1;2;3;1;3;4;GEORGES BRASSENS (AV);;;;940
37691;201500041880;15;4;14;440;5;2;3;1;1;75;TASSIGNY/DAGORNO;M;4872750.0;253101.0;940
37692;201500041881;15;4;18;1630;1;2;6;1;6;71;CHARLES DE GAULLE (R);;;;940
37693;201500041882;15;4;20;1010;1;2;1;1;3;71;39, PARIS (R DE);;;;940
37694;201500041883;15;4;26;1746;1;1;1;8;3;71;ALBERT SARRAULT (AV);;;;940
37695;201500041884;15;4;26;2100;1;1;1;2;6;4;FFI (ALL DES);;;;940
37696;201500041885;15;4;26;425;5;2;1;1;6;71;84, BOISSY (R DE);;;;940
37697;201500041886;15;4;30;1550;1;2;9;3;7;47;PAUL DOUMER (R);;;;940
37698;201500041887;15;5;3;1420;1;2;4;2;2;75;GRANGE (RTE DE LA);;;;940
37699;201500041888;15;5;5;1730;1;2;8;1;6;75;27, CERCAY (R DE);;;;940
37700;201500041889;15;5;10;227;5;2;4;1;7;75;67bis, ETOILE (R DE L);;;;940
37701;201500041890;15;11;25;820;1;1;1;8;2;4;AV DU GENERAL LECLERC;M;4875250.0;250659.0;940
37702;201500041891;15;5;12;850;1;2;3;1;2;71;MAROLLES (R DE);;;;940
37703;201500041892;15;5;12;1905;1;2;1;1;6;71;15, LUDOVIC HALEVY (R);;;;940
37704;201500041893;15;5;17;1640;1;2;3;1;7;75;TASSIGNY/;M;4872750.0;253101.0;940
37705;201500041894;15;5;19;825;1;2;1;1;6;47;FRANCOIS COPPEE (R);;;;940
37706;201500041895;15;5;19;2140;2;2;3;2;1;71;19, GENERAL LECLERC (R D;;;;940
37707;201500041896;15;5;24;2158;5;2;1;1;3;56;R DE BRIE;;;;940
37708;201500041897;15;5;27;900;1;1;2;1;3;4;LECLERC/REVILLON;M;4874480.0;251175.0;940
37709;201500041898;15;5;28;1310;1;2;1;1;1;4;4bis, PARIS (R DE);;;;940
37710;201500041899;15;5;29;1730;1;2;3;1;6;75;64, LIEUTENANT DAGORNO (;;;;940
37711;201500041900;15;5;31;1710;1;2;1;2;7;4;27, HENRI LEGROS (R);;;;940
37712;201500041901;15;6;1;1436;1;2;1;1;2;75;9, DE LATTRE DE TASSIGNY;M;4872740.0;253524.0;940
37713;201500041902;15;2;6;1800;5;2;1;1;6;75;2, JUBENNES (R DES);;;;940
37714;201500041903;15;6;4;915;1;2;1;1;6;4;FFI (ALL DES);;;;940
37715;201500041904;15;6;4;1820;1;2;1;1;1;75;5, JEAN MOULIN (R);;;;940
37716;201500041905;15;6;5;830;1;2;1;1;3;44;13, GABRIEL PERI (AV);;;;940
37717;201500041906;15;6;8;1336;1;2;1;1;3;44;DIVISION LECLERC (AV DE;;;;940
37718;201500041907;15;9;26;1505;1;2;3;1;3;75;TASSIGNY/TASSIGNY;M;4872750.0;253101.0;940
37719;201500041908;15;10;16;820;1;2;3;2;3;75;., YERRES (R D);;;;940
37720;201500041909;15;6;10;1610;1;2;3;1;3;4;LECLERC/CHIROL;M;4875160.0;250682.0;940
37721;201500041910;15;11;25;1245;1;2;1;8;6;44;18, LOUISE CHENU (R);;;;940
37722;201500041911;15;6;21;1350;1;2;1;1;6;4;14, CHARLES DE GAULLE (A;;;;940
37723;201500041912;15;6;16;1935;1;2;1;9;3;44;DESCARTES (AV);;;;940
37724;201500041913;15;6;17;1125;1;2;1;1;6;56;BRIE COMTE ROBERT (RTE D;;;;940
37725;201500041914;15;6;23;1920;1;2;1;1;6;44;JEAN MONNET (R);;;;940
37726;201500041915;15;6;25;1910;1;2;1;7;6;44;16, ROGER SALENGRO (R);;;;940
37727;201500041916;15;6;28;215;4;2;1;1;6;48;UZELLES (AV DES);;;;940
37728;201500041917;15;3;7;1020;1;2;1;1;6;71;PARIS (R DE);;;;940
37729;201500041918;15;5;27;1615;1;2;1;1;6;44;VALENTON (AV DE);;;;940
37730;201500041919;15;7;7;1345;1;2;1;8;5;44;AV DU GENERAL LECLERC;M;4874590.0;251086.0;940
37731;201500041920;15;3;10;1725;1;2;6;1;7;44;VALENTON (AV DE);;;;940
37732;201500041921;15;7;10;720;1;2;3;8;2;4;VALENTON/PROCESSION;;;;940
37733;201500041923;15;7;16;1219;1;2;3;7;3;71;103, BOISSY (R DE);;;;940
37734;201500041925;15;7;20;845;1;2;3;8;4;75;., GRANGE (RTE DE LA);;;;940
37735;201500041926;15;7;21;2015;1;2;6;1;1;71;00, LESIGNY (RTE DE);;;;940
37736;201500041927;15;7;24;2110;2;2;1;1;2;47;117, VERDUN (R DE);;;;940
37737;201500041928;15;8;2;1515;1;2;3;1;3;71;BOISSY (R DE);;;;940
37738;201500041929;15;8;3;1540;1;2;1;7;3;71;78bis, GENERAL LECLERC (;;;;940
37739;201500041930;15;8;7;1235;1;2;6;1;1;4;SUCY (R DE);;;;940
37740;201500041931;15;8;7;1800;1;2;1;8;5;4;AV DU GENERAL LECLERC;M;4875030.0;250770.0;940
37741;201500041932;15;8;28;1100;1;2;1;1;6;71;02, BONNEUIL (AV DE);;;;940
37742;201500041933;15;8;11;1630;1;2;1;1;6;71;5, GARE (PL DE LA);;;;940
37743;201500041934;15;8;12;630;1;2;1;1;4;44;EUGENE VARLIN (R);;;;940
37744;201500041935;15;8;13;1915;1;1;1;2;6;4;FFI (ALL DES);;;;940
37745;201500041936;15;8;26;1805;1;2;3;8;2;71;MARAIS (CHE DES);;;;940
37746;201500041937;15;8;26;1950;1;2;3;8;3;71;MAURICE BERTEAUX (R);;;;940
37747;201500041939;15;12;17;1100;1;2;1;1;6;4;24, AV DU GENERAL LECLER;M;4875050.0;250761.0;940
37748;201500041940;15;1;19;1530;1;2;1;1;6;4;PL DES TILLEULS;;;;940
37749;201500041942;15;9;2;850;1;2;1;1;5;71;VERT (CHE);;;;940
37750;201500041943;15;9;10;1500;1;2;1;1;2;4;AV DU GENERAL LECLERC;M;4875800.0;250366.0;940
37751;201500041944;15;9;12;2025;5;2;1;2;6;75;12, MANDRES (R DE);;;;940
37752;201500041945;15;12;9;1540;1;2;1;1;5;75;GENERAL LECLERC (R DU);;;;940
37753;201500041946;15;9;16;1245;1;2;3;3;2;75;TASSIGNY/GRANGE;M;4873440.0;252044.0;940