;Num_Acc;an;mois;jour;hrmn;lum;agg;int;atm;col;com;adr;gps;lat;long;dep
37754;201500041947;15;9;17;1453;1;2;3;1;3;4;LECLERC/DE GAULLE;M;4875510.0;250528.0;940
37755;201500041948;15;9;18;1630;1;2;1;3;6;71;., GRAND VAL (R DU);;;;940
37756;201500041949;15;9;19;1600;1;2;2;1;3;71;ROOSEVELT/LIBERTE;;;;940
37757;201500041950;15;9;22;948;1;2;2;2;3;75;., GARENNE (R DE LA);;;;940
37758;201500041951;15;9;22;1810;1;2;1;8;6;4;AV DU GENERAL LECLERC;M;4875310.0;250657.0;940
37759;201500041952;15;9;26;1050;1;2;1;1;6;44;63, VALENTON (AV DE);;;;940
37760;201500041953;15;9;27;1420;1;2;3;1;3;4;00, 8 MAI 1945 (AV DU);;;;940
37761;201500041954;15;9;28;1605;1;2;1;1;3;44;8 bis, VERDUN (AV DE);;;;940
37762;201500041955;15;9;30;45;5;2;1;1;6;47;109, VERDUN (R DE);;;;940
37763;201500041956;15;9;30;1210;1;2;3;1;2;75;TASSIGNY/GRANGE;M;4873440.0;252044.0;940
37764;201500041957;15;1;2;1920;4;2;2;1;3;17;PLESSIS TREVISE (R DU);;;;940
37765;201500041958;15;1;9;855;1;2;3;2;1;17;BUISSON (CHE DU);;;;940
37766;201500041959;15;1;9;1715;1;2;1;1;1;17;ALEXANDRE FOURNY (R);;;;940
37767;201500041960;15;1;11;1520;1;2;1;1;1;17;PAUL LAFARGUE (AV);;;;940
37768;201500041962;15;1;14;1325;1;2;1;2;1;17;52-54, MUSSELBURGH (R DE;;;;940
37769;201500041963;15;1;17;1150;1;2;2;1;7;17;GENERAL DE GAULLE (AV DU;;;;940
37770;201500041964;15;1;20;1400;1;2;1;1;2;17;104, REPUBLIQUE (AV DE L;;;;940
37771;201500041965;15;1;21;2245;5;2;1;1;3;17;11, GENERAL DE GAULLE (A;;;;940
37772;201500041966;15;1;22;715;2;2;2;1;3;17;MAURICE THOREZ (AV);;;;940
37773;201500041967;15;1;26;1400;1;2;3;1;1;17;236, MAURICE THOREZ (AV);;;;940
37774;201500041968;15;1;27;915;1;2;1;1;6;17;LOUIS TALAMONI (R);;;;940
37775;201500041969;15;1;29;935;1;2;1;1;6;17;12, ALBERT THOMAS - PONT;;;;940
37776;201500041970;15;1;31;930;1;2;1;1;6;17;STALINGRAD (BD DE);;;;940
37777;201500041971;15;2;1;1545;1;2;2;1;3;17;1, ROGER SALENGRO (AV);;;;940
37778;201500041972;15;2;2;750;5;2;2;4;6;17;ALEXANDRE FOURNY (R);;;;940
37779;201500041973;15;2;2;813;2;2;1;1;6;17;BOILEAU (AV);;;;940
37780;201500041974;15;2;2;1225;1;2;1;1;3;17;010, JULIETTE DE WILLS (;;;;940
37781;201500041975;15;2;3;820;1;2;3;1;6;17;MARX DORMOY (AV);;;;940
37782;201500041976;15;2;4;750;1;2;6;1;2;17;HENRI-MARIE LE BOURSICAU;;;;940
37783;201500041978;15;2;15;120;5;2;1;1;1;17;HENRI-MARIE LE BOURSICAU;;;;940
37784;201500041979;15;2;17;125;5;2;1;1;6;17;BOILEAU (AV);;;;940
37785;201500041980;15;2;24;730;1;2;1;1;3;17;139, GENERAL LECLERC (AV;;;;940
37786;201500041981;15;2;27;2050;5;2;1;1;6;17;20, REPUBLIQUE (AV DE LA;;;;940
37787;201500041982;15;3;5;820;1;2;1;1;6;17;SALVADOR ALLENDE (AV);;;;940
37788;201500041983;15;3;5;915;1;2;3;1;3;17;GENERAL DE GAULLE (AV DU;;;;940
37789;201500041985;15;3;6;1700;1;2;1;1;2;17;297, GENERAL DE GAULLE (;;;;940
37790;201500041987;15;3;8;845;1;2;1;1;6;17;161, STALINGRAD (BD DE);;;;940
37791;201500041988;15;3;8;1150;1;2;1;1;2;17;BERNAU (R DE);;;;940
37792;201500041989;15;3;11;1555;1;2;1;1;2;17;157, GENERAL DE GAULLE (;;;;940
37793;201500041990;15;3;12;1850;1;2;1;1;6;17;BERNAU (R DE);;;;940
37794;201500041991;15;3;18;1140;1;2;2;1;3;17;EDMOND (AV);;;;940
37795;201500041992;15;3;23;830;1;2;1;1;2;17;32, ALEXANDRE FOURNY (R);;;;940
37796;201500041993;15;3;24;2020;5;2;1;2;6;17;10, STALINGRAD (BD DE);;;;940
37797;201500041994;15;3;26;1130;1;2;5;2;3;17;GENERAL DE GAULLE (AV DU;;;;940
37798;201500041995;15;4;3;1030;1;2;2;1;1;17;12, ILE D AMOUR (AV DE L;;;;940
37799;201500041996;15;4;4;1230;1;2;1;1;6;17;45, JEAN JAURES (R);;;;940
37800;201500041997;15;4;11;1500;1;2;2;1;1;17;, AVENIR (R DE L);;;;940
37801;201500041998;15;4;13;1455;1;2;1;1;6;17;ROGER SALENGRO (AV);;;;940
37802;201500041999;15;4;16;1000;1;2;1;1;6;17;20, ALBERT THOMAS (R);;;;940
37803;201500042000;15;4;22;1045;1;2;2;1;6;17;MAURICE THOREZ (AV);;;;940
37804;201500042001;15;4;27;1650;1;2;2;1;3;17;MARX DORMOY (AV);;;;940
37805;201500042003;15;4;27;2215;5;2;2;1;3;17;ALBERT THOMAS (R);;;;940
37806;201500042004;15;4;30;1145;1;2;6;3;3;17;1, BOIS L ABBE (R DU);;;;940
37807;201500042005;15;5;1;1300;1;2;3;1;6;17;MAURICE THOREZ (AV);;;;940
37808;201500042006;15;5;1;1645;1;2;1;2;2;17;ALFRED GREVIN (R);;;;940
37809;201500042007;15;5;1;1920;1;2;1;2;6;17;235/237, CHARLES DE GAUL;;;;940
37810;201500042009;15;5;2;2255;5;2;1;2;6;17;104, REPUBLIQUE (AV DE L;;;;940
37811;201500042010;15;5;4;1230;1;2;1;1;2;17;2, ALEXANDRE FOURNY (R);;;;940
37812;201500042011;15;5;6;1525;1;2;1;1;6;17;CHARLES DE GAULLE (VLA);;;;940
37813;201500042013;15;5;9;1800;1;2;1;1;6;17;12, JACQUES COPEAU (AV);;;;940
37814;201500042014;15;5;11;855;1;2;2;1;6;17;1, PARC (AV DU);;;;940
37815;201500042015;15;5;18;655;2;2;1;1;6;17;102, GENERAL DE GAULLE (;;;;940
37816;201500042016;15;5;22;1555;1;2;1;1;4;17;156, ALEXANDRE FOURNY (R;;;;940
37817;201500042017;15;5;26;2250;5;2;1;1;3;17;71, ROGER SALENGRO (AV);;;;940
37818;201500042018;15;5;27;1350;1;2;2;1;3;17;FELIX FAURE (R);;;;940
37819;201500042019;15;5;29;1245;1;2;1;1;6;17;35, LOUIS TALAMONI (R);;;;940
37820;201500042020;15;6;3;1730;1;2;2;1;4;17;PLESSIS TREVISE (R DU);;;;940
37821;201500042021;15;6;5;1010;1;2;1;1;6;17;1, STALINGRAD (BD DE);;;;940
37822;201500042024;15;6;13;1400;1;2;1;1;6;17;18, AV DE COEUILLY;;;;940
37823;201500042026;15;6;13;2300;5;2;1;1;6;17;382, HENRI BARBUSSE (R);;;;940
37824;201500042027;15;6;16;1945;1;2;1;1;6;17;12, JACQUES COPEAU (AV);;;;940
37825;201500042028;15;6;18;730;1;2;1;1;1;17;145, GALLIENI (QU);;;;940
37826;201500042029;15;6;15;850;1;2;1;1;2;17;150, STALINGRAD (BD DE);;;;940
37827;201500042030;15;6;27;1800;1;2;1;1;3;17;97, GENERAL DE GAULLE (A;;;;940
37828;201500042031;15;6;28;1800;1;2;1;1;6;17;ONZE NOVEMBRE 1918 (AV D;;;;940
37829;201500042033;15;7;6;630;1;2;2;1;3;17;01, GENERAL DE GAULLE (A;;;;940
37830;201500042034;15;7;9;1200;1;2;2;1;3;17;LIEUTENANT ANDRE OHRESSE;;;;940
37831;201500042035;15;7;10;1245;1;2;2;1;6;17;DUPERTUIS (R);;;;940
37832;201500042036;15;7;15;1750;1;2;2;1;3;17;MARCHE (R DU);;;;940
37833;201500042037;15;7;16;1810;1;2;9;1;2;17;100, JACK GOUREVITCH (AV;;;;940
37834;201500042038;15;7;21;1840;1;2;1;1;3;17;PIERRE BROSSOLETTE (AV);;;;940
37835;201500042039;15;7;23;2000;1;2;1;1;5;17;247, GENERAL DE GAULLE (;;;;940
37836;201500042040;15;7;24;950;1;2;1;1;6;17;80, ROGER SALENGRO (AV);;;;940
37837;201500042041;15;7;25;1410;1;2;1;1;2;17;52, JEAN JAURES (R);;;;940
37838;201500042042;15;7;25;1925;2;2;2;1;3;17;ALEXANDRE FOURNY (R);;;;940
37839;201500042043;15;7;30;710;1;2;2;1;3;17;01, ROGER SALENGRO (AV);;;;940
37840;201500042044;15;8;1;2040;1;2;2;1;3;17;PIERRE MARIE DERRIEN (R);;;;940
37841;201500042045;15;8;3;850;1;2;6;1;6;17;231, ROGER SALENGRO (AV);;;;940
37842;201500042047;15;8;14;1300;1;2;1;1;3;17;50, ROGER SALENGRO (AV);;;;940
37843;201500042048;15;8;22;1420;1;2;1;1;1;17;176, GENERAL DE GAULLE (;;;;940
37844;201500042049;15;8;22;1815;1;2;2;1;3;17;01, GENERAL DE GAULLE (A;;;;940
37845;201500042050;15;9;7;1600;1;2;1;1;6;17;90, ROGER SALENGRO (AV);;;;940
37846;201500042051;15;9;16;855;1;2;1;1;1;17;, EUGENE VARLIN (R);;;;940
37847;201500042052;15;9;17;1255;1;2;1;1;6;17;120, STALINGRAD (BD DE);;;;940
37848;201500042053;15;9;18;2040;1;2;1;2;3;17;1, STALINGRAD (BD DE);;;;940
37849;201500042054;15;9;22;1315;1;2;1;3;6;17;DIDEROT (R);;;;940
37850;201500042055;15;9;25;1240;1;2;1;1;3;17;COEUILLY (AV DE);;;;940
37851;201500042056;15;9;29;1745;1;2;1;1;6;17;32, LOUIS TALAMONI (R);;;;940
37852;201500042057;15;9;29;2010;5;2;1;1;4;17;STALINGRAD (BD DE);;;;940
37853;201500042058;15;10;1;1815;2;2;1;1;3;17;PIPEE (R DE LA);;;;940
37854;201500042059;15;10;2;1855;5;2;1;1;6;17;139, ALEXANDRE FOURNY (R;;;;940
37855;201500042060;15;10;6;825;1;2;1;2;3;17;45, LOUIS TALAMONI (R);;;;940
37856;201500042061;15;10;7;1340;1;2;1;1;3;17;39, STALINGRAD (BD DE);;;;940
37857;201500042062;15;10;12;2005;5;2;6;1;2;17;01, MAURICE THOREZ (AV);;;;940
37858;201500042063;15;10;14;1830;2;2;1;1;2;17;François Mittérrand (ave;;;;940
37859;201500042064;15;10;28;1415;1;2;2;1;6;17;89, JEAN JAURES (R);;;;940
37860;201500042065;15;10;31;1;5;2;1;1;3;17;148, MAURICE THOREZ (AV);;;;940
37861;201500042069;15;11;10;1810;5;2;1;1;6;17;42, REPUBLIQUE (AV DE LA;;;;940
37862;201500042072;15;11;17;1320;1;2;1;1;2;17;100, MONUMENT (R DU);;;;940
37863;201500042073;15;11;17;1720;5;2;1;2;6;17;26, PERROQUETS (R DES);;;;940
37864;201500042074;15;11;18;2255;5;2;1;1;3;17;180, GENERAL DE GAULLE (;;;;940
37865;201500042075;15;11;18;1115;1;2;1;1;6;17;124, STALINGRAD (BD DE);;;;940
37866;201500042076;15;11;27;2238;5;2;1;8;1;17;01, EUGENE VARLIN (R);;;;940
37867;201500042078;15;11;29;1200;1;2;1;1;6;17;80, ALBERT THOMAS (R);;;;940
37868;201500042079;15;11;29;1215;1;2;6;1;6;17;01, SONIA DE LAUNAY (VOI;;;;940
37869;201500042080;15;11;30;1615;1;2;1;1;3;17;DOCTEUR ROUX (R DU);;;;940
37870;201500042081;15;12;7;1655;1;2;1;1;6;17;2, PAUL BERT (R);;;;940
37871;201500042082;15;12;8;1205;1;2;2;1;3;17;01, CHARLES BAUDIN (AV);;;;940
37872;201500042083;15;12;9;915;1;2;1;1;3;17;4, STALINGRAD (BD DE);;;;940
37873;201500042084;15;12;12;1955;5;2;1;1;3;17;ARTHUR ADAMOV (R);;;;940
37874;201500042085;15;12;18;920;1;2;1;1;3;17;01, ALLIES (BD DES);;;;940
37875;201500042087;15;9;22;1025;1;2;1;2;3;18;15, SAINT PIERRE (R);;;;940
37876;201500042089;15;1;11;2240;5;2;1;1;3;18;GRAVELLE (AV DE);;;;940
37877;201500042090;15;1;23;2325;5;2;1;1;6;18;45, GRAVELLE (AV DE);;;;940
37878;201500042091;15;1;29;1940;5;2;3;1;3;18;96, PARIS (R DE);;;;940
37879;201500042092;15;1;30;750;2;2;2;2;3;69;GRAVELLE (AV DE);;;;940
37880;201500042093;15;2;6;1440;1;2;1;1;6;18;1, REPUBLIQUE (R DE LA);;;;940
37881;201500042094;15;2;23;1500;1;2;1;8;6;18;37, MARECHAL DE LATTRE D;;;;940
37882;201500042095;15;2;25;2015;5;2;1;2;1;18;BERCY (QU DE);;;;940
37883;201500042096;15;3;2;945;1;2;1;1;6;18;., CARRIERES (QU DES);;;;940
37884;201500042097;15;3;10;1220;1;2;1;1;6;18;2/4, PONT (R DU);;;;940
37885;201500042098;15;3;12;1630;1;2;1;1;3;69;16, CANADIENS (AV DES);;;;940
37886;201500042099;15;3;13;1650;1;2;2;1;6;18;36, VICTOR HUGO (R);;;;940
37887;201500042100;15;3;20;1900;5;2;3;1;3;69;107, GRAVELLE (AV DE);;;;940
37888;201500042103;15;4;20;1200;1;2;1;1;6;18;PRESIDENT KENNEDY (R DU);;;;940
37889;201500042104;15;5;2;2015;5;1;1;2;2;69;AV DES CANADIENS;;;;940
37890;201500042105;15;5;4;1940;1;2;1;2;2;18;40, GRAVELLE (AV DE);;;;940
37891;201500042107;15;4;25;1045;1;2;1;1;6;18;12, ARTHUR CROQUETTE (R);;;;940
37892;201500042108;15;5;21;1945;1;2;1;1;1;18;CARRIERES (QU DES);;;;940
37893;201500042109;15;6;11;1330;1;2;1;1;3;18;89, PARIS (R DE);;;;940
37894;201500042110;15;6;11;2025;1;2;3;1;3;18;BERCY (QU DE);;;;940
37895;201500042111;15;6;12;1850;1;2;9;1;6;18;7, REPUBLIQUE (R DE LA);;;;940
37896;201500042112;15;6;15;1815;1;1;1;1;6;69;BIR HAKEIM (QU DE);;;;940
37897;201500042113;15;6;16;1345;1;2;2;1;6;18;PAUL ELUARD/BORDEAUX;;;;940
37898;201500042114;15;6;18;830;1;2;1;2;6;69;113, GRAVELLE (AV DE);;;;940
37899;201500042115;15;6;28;205;3;2;1;1;7;18;ARTHUR CROQUETTE (R);;;;940
37900;201500042117;15;8;22;2230;5;2;8;1;7;18;26, CARRIERES (QU DES);;;;940
37901;201500042118;15;8;23;2345;5;2;1;1;6;18;21, GRAVELLE (AV DE);;;;940
37902;201500042119;15;9;12;1330;1;2;1;3;6;18;ARTHUR CROQUETTE (R);;;;940
37903;201500042120;15;9;18;1310;1;2;1;1;2;18;40, CARRIERES (QU DES);;;;940
37904;201500042121;15;9;23;940;1;2;1;1;2;69;34 bis, MARECHAL LECLERC;;;;940
37905;201500042122;15;9;27;1635;1;2;1;1;6;18;72/76, CARRIERES (QU DES;;;;940
37906;201500042123;15;10;8;2033;5;2;1;1;3;69;162bis, MARECHAL LECLERC;;;;940
37907;201500042124;15;10;13;1405;1;2;3;1;5;18;LIBERTE (AV DE LA);;;;940
37908;201500042125;15;10;15;855;1;2;1;2;3;69;REPUBLIQUE (QU DE LA);;;;940
37909;201500042126;15;10;19;925;1;2;1;1;2;18;7, BERCY (QU DE);;;;940
37910;201500042127;15;10;25;1755;5;2;1;1;3;18;116, PARIS (R DE);;;;940
37911;201500042128;15;10;26;1630;1;2;1;1;6;18;ALFRED SAVOURE (R);;;;940
37912;201500042129;15;10;27;1000;1;2;9;1;3;18;7, BERCY (QU DE);;;;940
37913;201500042130;15;10;28;1915;5;2;1;9;6;69;57, MARECHAL LECLERC (R;;;;940
37914;201500042131;15;11;5;825;1;2;3;1;3;18;BERCY - PTE DE BERCY (QU;;;;940
37915;201500042132;15;11;9;1110;1;2;3;1;3;18;VICTOR HUGO (R);;;;940
37916;201500042133;15;11;12;1820;5;2;1;1;6;18;2-4, GENERAL DE GAULLE (;;;;940
37917;201500042134;15;11;15;1245;1;2;1;1;6;18;18, RESERVOIRS (R DES);;;;940
37918;201500042135;15;11;20;1830;5;2;1;8;7;18;ARTHUR CROQUETTE (R);;;;940
37919;201500042136;15;11;20;2050;5;2;3;8;3;18;CARRIERES (QU DES);;;;940
37920;201500042137;15;11;26;1415;1;2;1;1;6;69;1, PAUL VERLAINE (R);;;;940
37921;201500042139;15;12;8;1720;2;2;3;2;6;18;WINSTON CHURCHILL (AV);;;;940
37922;201500042140;15;1;10;1840;5;2;2;2;6;19;PLESSIS (RTE DU);;;;940
37923;201500042142;15;1;27;810;2;2;4;1;6;55;61, PINCE VENT/;M;4879090.0;255247.0;940
37924;201500042145;15;2;6;2300;5;2;1;1;6;19;45, PONT (R DU);;;;940
37925;201500042146;15;2;9;2000;5;2;1;8;1;59;100, Andre Rouy (AV);;;;940
37926;201500042147;15;2;11;800;1;2;2;1;6;59;GENERAL DE GAULLE (AV DU;;;;940
37927;201500042148;15;2;19;940;1;2;1;1;2;59;GONZALVE (AV);;;;940
37928;201500042149;15;2;22;1350;1;2;3;1;1;19;ARISTIDE BRIAND (R);;;;940
37929;201500042150;15;2;25;1945;4;2;6;1;6;59;Andre Rouy (AV);;;;940
37930;201500042151;15;3;16;1300;1;2;6;1;6;79;JEAN MONNET (BD);;;;940
37931;201500042152;15;3;22;610;2;2;2;1;2;19;LIBERATION (RTE DE LA);;;;940
37932;201500042153;15;3;24;955;1;2;2;1;3;19;LIBERATION (RTE DE LA);;;;940
37933;201500042155;15;3;28;1130;1;2;3;2;6;79;GENERAL DE GAULLE (R DU);;;;940
37934;201500042156;15;3;31;1720;1;2;1;1;7;79;JEAN MONNET (BD);;;;940
37935;201500042158;15;4;12;130;5;2;1;8;3;19;PINCE VENT (AV DE);;;;940
37936;201500042159;15;4;15;1255;1;2;1;1;6;79;10, CHENNEVIERES (R DE);;;;940
37937;201500042160;15;4;19;630;1;2;1;1;6;60;GENERAL DE GAULLE (R DU);;;;940
37938;201500042162;15;4;22;700;1;2;1;1;3;55;39, PROVINS (RTE DE);;;;940
37939;201500042163;15;5;16;1435;1;2;1;1;1;79;BISHOP S STORDFORD (BD D;;;;940
37940;201500042164;15;5;14;2130;5;2;2;3;2;79;FRIEDBERG (BD DE);;;;940
37941;201500042165;15;5;17;1930;1;2;1;1;3;19;14 bis, PONT (R DU);;;;940
37942;201500042166;15;5;17;220;2;2;1;1;6;79;10, COEUILLY (R DE);;;;940
37943;201500042167;15;5;15;1620;1;2;1;1;1;55;PINCE VENT - CAR DE PINC;;;;940
37944;201500042168;15;5;17;1235;1;2;1;1;6;19;RABELAIS (R);;;;940
37945;201500042169;15;5;20;1540;1;2;1;1;2;60;face 32, GENERAL DE GAUL;;;;940
37946;201500042170;15;5;21;1215;1;2;6;1;6;79;STRASBOURG (BD DE);;;;940
37947;201500042171;15;5;22;255;5;2;1;1;6;19;PONT (R DU);;;;940
37948;201500042172;15;5;24;2015;1;2;2;1;6;79;BISHOP'S STORDFORD (BD D;;;;940
37949;201500042174;15;5;29;1720;1;2;1;1;6;60;MARRONNIERS (ALL DES);;;;940
37950;201500042175;15;5;30;1435;1;2;1;1;2;59;MAURICE BERTEAUX (AV);;;;940
37951;201500042176;15;6;1;1430;1;2;4;1;6;79;FOSSES (R DES);;;;940
37952;201500042177;15;6;5;1310;1;2;2;7;3;79;CHAMPIGNY (RTE DE);;;;940
37953;201500042178;15;6;8;1850;1;2;1;7;6;79;MAXIMILIEN (R);;;;940
37954;201500042179;15;6;10;755;1;2;6;1;3;59;JEAN KIFFER (AV);;;;940
37955;201500042180;15;6;11;1920;1;2;2;1;6;60;BORDES (AV DES);;;;940
37956;201500042182;15;6;12;1930;1;2;6;7;6;79;02, STRASBOURG (BD DE);;;;940
37957;201500042183;15;6;15;1056;1;2;1;1;6;19;CHENNEVIERES (RTE DE);;;;940
37958;201500042185;15;7;1;1430;1;2;1;1;6;79;TROIS MUSICIENS (ALL DES;;;;940
37959;201500042186;15;7;3;850;1;2;2;1;3;55;CENTRE (R DU);;;;940
37960;201500042187;15;7;4;1935;1;2;3;1;1;79;TROIS MUSICIENS (ALL DES;;;;940
37961;201500042189;15;7;5;1820;1;2;1;1;2;79;GENERAL LECLERC (R DU);;;;940
37962;201500042190;15;7;9;1935;1;2;3;1;3;59;DAME BLANCHE (AV DE LA);;;;940
37963;201500042191;15;7;12;2235;5;2;2;1;3;59;DAME BLANCHE (AV DE LA);;;;940
37964;201500042192;15;7;19;240;5;2;2;1;2;59;GENERAL LECLERC (AV DU);;;;940
37965;201500042193;15;7;21;1930;1;2;6;1;6;79;JEAN MONNET (BD);;;;940
37966;201500042194;15;7;22;1630;1;2;1;1;2;55;220, OLIVIER D ORMESSON;;;;940
37967;201500042195;15;7;23;1710;1;2;3;1;6;79;ANDREA PALLADIO (ALL);;;;940
37968;201500042196;15;7;29;1620;1;2;1;1;3;55;17, WLADIMIR D ORMESSON;;;;940
37969;201500042197;15;8;4;620;2;2;1;2;2;55;OLIVIER D ORMESSON (AV);;;;940
37970;201500042198;15;8;21;1750;1;2;3;1;3;79;COMBAULT (RTE DE);;;;940
37971;201500042199;15;8;21;1955;1;2;1;1;6;79;NAIADES (ALL DES);;;;940
37972;201500042200;15;8;21;2350;5;2;3;1;3;53;CONDORCET (R);;;;940
37973;201500042201;15;8;25;910;1;2;3;1;2;55;DANIELLE CASANOVA (R);;;;940
37974;201500042202;15;8;27;1935;5;2;1;2;2;59;MARECHALE (AV DE LA);;;;940
37975;201500042203;15;9;3;900;1;2;1;7;6;79;71, GENERAL DE GAULLE (R;;;;940
37976;201500042204;15;9;6;1930;2;2;1;1;3;59;15, THERESE (AV);;;;940
37977;201500042205;15;9;7;2155;5;2;3;1;3;79;FRIEDBERG (BD DE);;;;940
37978;201500042207;15;9;9;1800;1;2;1;1;3;53;84 BIS, GRANDE RUE PIERR;;;;940
37979;201500042208;15;9;19;1245;1;2;2;1;2;55;51, OLIVIER D ORMESSON (;;;;940
37980;201500042209;15;9;20;30;5;2;3;1;3;55;OLIVIER D ORMESSON (AV);;;;940
37981;201500042210;15;9;24;1910;1;2;2;1;6;55;105, AMBOILE (R D);;;;940
37982;201500042211;15;9;26;1450;1;2;2;1;2;79;COMBAULT (RTE DE);;;;940
37983;201500042212;15;9;29;1935;2;2;9;1;1;55;MOQUE BOUTEILLE (CHE DU);;;;940
37984;201500042213;15;9;29;2010;5;2;1;1;6;79;3, GENERAL LECLERC (R DU;;;;940
37985;201500042215;15;10;6;900;1;2;1;2;6;60;COMBAULT (RTE DE);;;;940
37986;201500042216;15;10;6;1210;1;2;1;1;2;19;L'HIPPODROME (AV DE);;;;940
37987;201500042217;15;10;6;1730;1;2;6;2;3;79;JEAN MONNET (BD);;;;940
37988;201500042218;15;10;12;13;5;2;1;1;6;19;14 BIS, R DU PONT;M;4879280.0;252656.0;940
37989;201500042219;15;10;13;1500;1;1;1;1;6;79;29, NOISY (R DE);;;;940
37990;201500042220;15;10;13;1718;1;2;1;1;6;79;STRASBOURG (BD DE);;;;940
37991;201500042222;15;10;22;1250;1;2;2;2;3;79;JEAN MONNET (BD);;;;940
37992;201500042223;15;10;27;1235;1;2;1;1;3;55;51, PROVINS (RTE DE);;;;940
37993;201500042224;15;10;30;1755;5;2;1;1;6;55;GENERAL DE GAULLE (AV DU;;;;940
37994;201500042225;15;10;31;1720;1;2;4;1;3;55;WLADIMIR D ORMESSON (AV);;;;940
37995;201500042226;15;11;2;1950;5;2;2;1;3;79;CHAPELLES (R DES);;;;940
37996;201500042227;15;11;5;1830;5;2;3;2;6;79;57 à 63, ANDRE ROUY (R);;;;940
37997;201500042228;15;11;9;1440;1;2;6;1;3;55;PINCE VENT - CAR DE PINC;;;;940
37998;201500042229;15;11;10;1827;5;2;1;1;6;79;1/3, AUGUSTE RODIN (AV);;;;940
37999;201500042230;15;11;25;1030;1;2;1;2;2;19;102, LIBERATION (RTE DE;;;;940
38000;201500042231;15;11;17;735;1;2;1;9;2;79;JEAN MONNET (BD);;;;940
38001;201500042232;15;11;29;625;5;2;7;1;6;19;LIBERATION (RTE DE LA);;;;940
38002;201500042233;15;11;30;1700;5;2;3;2;3;79;CHAMPIGNY (RTE DE);;;;940
38003;201500042234;15;11;30;1925;5;2;6;1;2;59;EUROPE (AV DE L);;;;940
38004;201500042235;15;12;11;1015;1;2;1;1;6;60;47, MARECHAL HORTIER (AV;;;;940
38005;201500042236;15;12;15;1915;5;2;7;3;6;59;GAMBETTA (PL);;;;940
38006;201500042237;15;12;17;1800;5;2;2;1;1;55;OLIVIER D ORMESSON (AV);;;;940
38007;201500042238;15;12;18;750;5;2;1;8;2;19;LIBERATION (RTE DE LA);;;;940
38008;201500042239;15;12;21;710;5;2;2;1;6;53;PIERRE BROSSOLETTE - PL;;;;940
38009;201500042240;15;12;28;1120;1;2;1;9;3;59;192, MARECHALE (AV DE LA;;;;940
38010;201500042241;15;12;30;1555;1;2;1;1;5;79;JEAN MONNET (BD);;;;940
38011;201500042242;15;12;30;2125;5;2;1;1;3;79;GENERAL DE GAULLE (R DU);;;;940
38012;201500042243;15;9;4;810;1;2;1;1;6;22;HUIT MAI 1945 (AV DU);;;;940
38013;201500042244;15;1;2;920;1;2;3;2;3;54;REPUBLIQUE (AV DE LA);;;;940
38014;201500042245;15;9;5;1320;1;2;1;1;3;22;HUIT MAI 1945 (AV DU);;;;940
38015;201500042246;15;5;1;145;5;2;3;2;2;22;STALINGRAD/STALINGRAD;;;;940
38016;201500042247;15;12;31;1525;1;2;2;1;6;22;PABLO PICASSO (AV);;;;940
38017;201500042248;15;5;3;645;2;2;3;8;3;54;VICTOIRE (AV DE LA);;;;940
38018;201500042249;15;6;3;1915;1;1;1;1;6;22;A86;M;4877370.0;240566.0;940
38019;201500042250;15;2;7;2200;5;2;1;9;1;54;BAS MARIN (R DU);;;;940
38020;201500042251;15;1;13;912;1;2;1;1;1;54;CHARLES TILLON (route);;;;940
38021;201500042252;15;5;4;1520;1;2;1;1;3;22;ANATOLE FRANCE (AV);;;;940
38022;201500042253;15;1;6;910;1;2;1;1;6;22;2, GAMBETTA (AV);;;;940
38023;201500042254;15;1;6;2000;3;1;1;2;2;81;BRETELLE A86;M;4877340.0;240225.0;940
38024;201500042255;15;2;19;1345;1;2;1;1;7;22;58, VICTOR HUGO (AV);;;;940
38025;201500042256;15;1;8;820;2;2;1;9;2;22;9, LEON GOURDAULT (AV);;;;940
38026;201500042257;15;9;12;1940;2;2;4;3;6;54;BAS MARIN (R DU);;;;940
38027;201500042258;15;3;22;1645;1;2;3;1;3;54;MARTYRS DE CHATEAUBRIANT;;;;940
38028;201500042260;15;5;13;800;1;2;3;1;3;54;BAS MARIN (R DU);;;;940
38029;201500042261;15;9;18;1930;4;2;1;2;6;22;LUCIE (R);;;;940
38030;201500042262;15;9;19;1710;1;2;2;1;3;22;GAMBETTA (AV);;;;940
38031;201500042263;15;6;2;1600;1;2;1;1;6;22;GAMBETTA (AV);;;;940
38032;201500042264;15;6;7;1335;1;2;1;1;2;22;APPEL DU DIX HUIT JUIN 1;;;;940
38033;201500042265;15;6;9;1100;1;2;1;1;6;54;18, KEFIR (R DU);;;;940
38034;201500042266;15;6;14;115;5;2;3;1;2;22;01, MARECHAL DE LATTRE D;;;;940
38035;201500042268;15;6;16;810;1;2;1;1;2;22;16, JEAN JAURES (R);;;;940
38036;201500042269;15;6;17;1610;1;2;1;1;2;22;26, REPUBLIQUE (AV DE LA;;;;940
38037;201500042270;15;6;22;1920;1;2;1;2;4;22;JEAN JAURES (R);;;;940
38038;201500042271;15;6;23;1520;1;2;1;1;6;22;HUIT MAI 1945 (AV DU);;;;940
38039;201500042272;15;6;30;910;1;2;2;7;3;22;ALLIES (BD DES);;;;940
38040;201500042273;15;5;23;825;1;2;1;1;6;54;73, ADRIEN RAYNAL (AV);;;;940
38041;201500042274;15;9;27;1715;1;1;2;1;2;22;A86 BRETELLE/LUGO;M;4877340.0;240927.0;940
38042;201500042275;15;5;23;1625;1;2;1;1;6;22;99, VILLENEUVE ST GEORGE;;;;940
38043;201500042276;15;8;26;430;5;2;1;8;2;22;58, STALINGRAD (BD DE);;;;940