;Num_Acc;an;mois;jour;hrmn;lum;agg;int;atm;col;com;adr;gps;lat;long;dep
38044;201500042277;15;1;25;705;5;2;1;1;5;22;4, JEAN JAURES (R);;;;940
38045;201500042278;15;5;26;2010;1;2;1;1;6;22;11-13, POMPADOUR (R);;;;940
38046;201500042279;15;10;1;940;1;2;3;1;3;54;DOCTEUR LECENE (R DU);;;;940
38047;201500042280;15;5;28;1620;1;2;1;1;2;22;111, ALFORTVILLE (AV D);;;;940
38048;201500042282;15;10;3;1500;1;2;1;1;6;22;112, VICTOR HUGO (AV);;;;940
38049;201500042283;15;11;5;1845;5;2;1;9;6;22;34-36, ALLIES (BD DES);;;;940
38050;201500042284;15;10;6;1735;1;2;1;1;6;22;33, VICTOR HUGO (AV);;;;940
38051;201500042285;15;11;21;1845;5;2;1;2;7;22;GAMBETTA (AV);;;;940
38052;201500042287;15;2;3;1140;1;2;3;1;6;54;BAS MARIN (R DU);;;;940
38053;201500042288;15;2;4;1915;5;2;1;1;3;22;VICTOR HUGO (AV);;;;940
38054;201500042289;15;2;6;720;2;2;2;1;6;22;NEWBURN/FOUR;M;4875490.0;241155.0;940
38055;201500042290;15;4;10;1715;1;2;1;1;6;54;9, SAULES (VOI DES);;;;940
38056;201500042291;15;10;17;1345;1;2;3;8;3;54;VICTOIRE (AV DE LA);;;;940
38057;201500042292;15;10;18;730;5;2;2;1;3;22;31, ALLIES (GAL DES);;;;940
38058;201500042293;15;2;14;2020;5;2;1;2;3;22;124, STALINGRAD (BD DE);;;;940
38059;201500042294;15;10;20;115;5;2;2;1;3;22;STALINGRAD (BD DE);;;;940
38060;201500042295;15;2;16;2120;5;2;1;1;3;22;79, VICTOR HUGO (AV);;;;940
38061;201500042296;15;2;19;1200;1;2;1;1;6;22;ALLIES (BD DES);;;;940
38062;201500042297;15;10;24;2150;5;2;2;1;3;54;VICTOIRE (AV DE LA);;;;940
38063;201500042298;15;7;14;2000;1;2;1;1;3;54;CHARLES TILLON (route);;;;940
38064;201500042299;15;10;28;950;1;2;9;2;6;54;8, FER A CHEVAL (R DU);;;;940
38065;201500042300;15;10;30;303;5;2;1;1;1;54;CHARLES TILLON (route);;;;940
38066;201500042302;15;3;1;1535;1;2;7;1;6;22;EGLISE (R DE L);;;;940
38067;201500042303;15;3;2;1949;5;2;1;1;2;54;CHARLES TILLON (route);;;;940
38068;201500042304;15;11;5;1215;1;2;1;8;2;22;24, ALFORTVILLE (AV D);;;;940
38069;201500042305;15;3;8;1320;1;2;1;1;6;22;JEAN JAURES (R);;;;940
38070;201500042307;15;7;7;1755;1;2;2;1;6;22;AUGUSTE BLANQUI (R);;;;940
38071;201500042308;15;7;8;2019;1;2;1;1;6;54;58, ADRIEN RAYNAL (AV);;;;940
38072;201500042309;15;3;11;1010;1;2;3;1;3;54;ADRIEN RAYNAL (AV);;;;940
38073;201500042310;15;3;13;1745;1;2;1;1;6;22;28, VICTOR HUGO (AV);;;;940
38074;201500042311;15;11;14;1720;2;1;1;1;2;22;NON DENOMMEE (VOI);;;;940
38075;201500042312;15;3;14;1100;1;2;1;1;6;22;58, VICTOR HUGO (AV);;;;940
38076;201500042313;15;3;16;1645;1;2;1;1;3;22;JEAN JAURES (R);;;;940
38077;201500042314;15;7;18;1850;1;2;3;1;3;22;LEON GOURDAULT (AV);;;;940
38078;201500042315;15;3;20;1750;1;2;1;1;6;22;19, VICTOR HUGO (AV);;;;940
38079;201500042316;15;11;22;1450;1;2;3;7;6;22;GAMBETTA (AV);;;;940
38080;201500042317;15;5;4;1800;1;2;1;1;6;22;VICTOR HUGO (AV);;;;940
38081;201500042318;15;3;25;1025;1;2;2;1;6;22;HUIT MAI 1945 (AV DU);;;;940
38082;201500042319;15;11;24;2332;5;2;4;2;7;22;3, JEAN JAURES (R);;;;940
38083;201500042320;15;7;29;1615;1;2;1;1;1;54;R DU FER A CHEVAL;;;;940
38084;201500042321;15;9;29;630;2;1;3;1;7;54;DIX-NEUF MARS 1962 (R DU;;;;940
38085;201500042322;15;12;4;1800;5;2;1;1;6;22;05, VILLENEUVE ST GEORGE;;;;940
38086;201500042323;15;4;6;2050;5;2;2;1;3;22;GENERAL LECLERC (AV);;;;940
38087;201500042325;15;8;7;1500;1;2;1;1;3;22;126, STALINGRAD (BD DE);;;;940
38088;201500042326;15;8;7;2220;5;2;2;1;1;22;48, DOCTEUR ROUX (R DU);;;;940
38089;201500042327;15;12;8;1713;5;2;1;3;3;22;8, LEON GOURDAULT (AV);;;;940
38090;201500042328;15;4;11;1100;1;1;1;1;3;54;CHAUDRONNIERS (CHE DES);;;;940
38091;201500042329;15;4;11;1940;1;2;1;1;6;54;9, PIERRE SEMARD (R);;;;940
38092;201500042330;15;12;11;1845;5;2;1;1;7;54;, AMUNDSEN (R);;;;940
38093;201500042331;15;4;14;1450;1;2;3;1;3;22;ANATOLE FRANCE (AV);;;;940
38094;201500042332;15;12;14;740;2;2;2;8;3;22;36, STALINGRAD (BD DE);;;;940
38095;201500042333;15;4;16;1410;1;2;6;1;2;54;MARCEL CACHIN (AV);;;;940
38096;201500042335;15;4;17;1600;1;2;1;1;3;22;ALFORTVILLE (AV D);;;;940
38097;201500042336;15;12;15;1930;5;2;1;3;6;22;LUGO (AV DE);;;;940
38098;201500042337;15;8;21;750;1;2;1;1;4;54;CHARLES TILLON (route);;;;940
38099;201500042338;15;12;16;1040;1;1;1;1;6;54;2, ANTOINE DE SAINT EXUP;;;;940
38100;201500042340;15;12;17;755;1;2;9;8;3;54;MARCEL CACHIN (AV);;;;940
38101;201500042341;15;12;17;800;1;2;1;1;6;22;76, VICTOR HUGO (AV);;;;940
38102;201500042342;15;12;17;1339;1;2;1;1;6;54;20? R PIERRE CORNEILLE;M;4874860.0;240238.0;940
38103;201500042343;15;12;19;255;5;2;1;1;3;22;59, STALINGRAD (BD DE);;;;940
38104;201500042344;15;8;31;1855;1;2;1;1;3;54;MARCEL CACHIN (AV);;;;940
38105;201500042345;15;1;1;2140;5;2;6;1;2;28;FOCH/MECHES;M;4878450.0;243667.0;940
38106;201500042346;15;1;8;800;1;2;1;1;1;11;0, CHOISY.(AVENUE DE);;;;940
38107;201500042347;15;1;14;1215;1;2;1;1;3;28;0, COMPAGNONS DE LA LIBE;;;;940
38108;201500042348;15;1;16;1730;1;2;1;1;3;28;0, VERDUN.(AVENUE DE);;;;940
38109;201500042349;15;1;14;1440;1;2;1;1;6;28;NC, MESLY.(RUE DE);;;;940
38110;201500042350;15;1;21;1420;1;1;6;1;4;28;A86/CARREFOUR POMPADOUR;M;4877430.0;243879.0;940
38111;201500042351;15;1;26;1940;5;2;1;2;6;11;NC, BOISSY.(AVENUE DE);;;;940
38112;201500042352;15;1;27;2300;3;2;1;1;7;11;0, BOISSY.(AVENUE DE);;;;940
38113;201500042353;15;1;29;1545;1;2;1;1;6;28;nc, POMPADOUR(ROUTE DE L;;;;940
38114;201500042354;15;1;29;2050;5;2;1;2;1;28;51, TASSIGNY(AVE DU MARE;;;;940
38115;201500042355;15;1;29;1340;1;2;1;2;1;11;nc, ROSTAND.(RUE JEAN);;;;940
38116;201500042356;15;1;31;1845;5;2;1;1;3;11;0, CATALAS.(RUE JEAN);;;;940
38117;201500042357;15;2;3;1930;5;2;1;1;2;28;0, ARCOS.(RUE RENE);;;;940
38118;201500042358;15;2;10;830;1;2;1;1;2;11;23, ROSTAND.(RUE JEAN);;;;940
38119;201500042359;15;2;9;1915;5;2;1;1;6;28;0, GAULLE(AVENUE DU GENE;;;;940
38120;201500042360;15;2;11;1340;1;2;1;1;2;28;0, GOUNOD.(RUE CHARLES);;;;940
38121;201500042361;15;2;13;150;5;2;1;1;6;11;0, ROSTAND.(RUE JEAN);;;;940
38122;201500042362;15;2;16;2115;5;2;1;1;3;28;0, BROSSOLETTE(AVENUE PI;;;;940
38123;201500042363;15;2;14;2320;5;2;1;1;3;28;0, SAVAR.(RUE JULIETTE);;;;940
38124;201500042364;15;2;18;730;2;2;3;1;6;28;MITTERRAND/COTEAUX;;;;940
38125;201500042365;15;2;17;1350;1;2;1;1;5;28;NC, PASTEUR VALERY RADOT;;;;940
38126;201500042366;15;2;18;1243;1;2;1;1;1;28;0, DUHAMEL(RUE GEORGES);;;;940
38127;201500042367;15;2;21;5;3;2;6;3;3;28;CHOISY/FOCH;M;4877460.0;243934.0;940
38128;201500042369;15;2;24;700;2;2;1;1;6;28;0, Duvauchelle (rue Domi;;;;940
38129;201500042370;15;2;27;1455;1;2;1;1;2;28;0, LECLERC.(RUE DU GENER;;;;940
38130;201500042371;15;3;3;900;1;2;1;1;3;11;0, SEMARD(RUE PIERRE);;;;940
38131;201500042372;15;3;3;1500;1;2;1;1;3;28;0, BOBILLOT.(RUE DU SERG;;;;940
38132;201500042373;15;3;4;920;1;2;1;1;2;11;0, SEMARD(RUE PIERRE);;;;940
38133;201500042374;15;3;6;1300;1;2;1;1;1;11;NC, VERDUN.(AVENUE DE);;;;940
38134;201500042375;15;3;11;1300;1;2;1;1;6;11;0, RHIN ET DANUBE(RUE DU;;;;940
38135;201500042376;15;3;18;1600;1;2;1;1;2;11;00, SEMARD(RUE PIERRE);;;;940
38136;201500042377;15;3;21;1325;1;2;1;1;6;28;0, CHOISY(ROUTE DE);;;;940
38137;201500042378;15;3;23;1535;1;2;1;1;6;28;MITTERAND (Rue Fran?ois);;;;940
38138;201500042379;15;3;24;1610;1;2;1;1;3;28;NC, HALPERN.(AVENUE BERN;;;;940
38139;201500042380;15;3;25;1510;1;2;1;1;6;11;18, DELAUNE(RUE AUGUSTE);;;;940
38140;201500042381;15;3;25;1120;1;2;1;1;2;28;217, LECLERC.(RUE DU GEN;;;;940
38141;201500042382;15;3;27;2010;3;2;1;1;2;11;0, BOISSY.(AVENUE DE);;;;940
38142;201500042384;15;3;30;1840;1;2;1;3;2;28;0, CHOISY(ROUTE DE);;;;940
38143;201500042385;15;4;1;1230;1;2;1;1;3;28;, FALKIRK(RUE);;;;940
38144;201500042386;15;4;2;2340;5;2;6;2;3;28;CHOISY/FOCH;M;4877460.0;243934.0;940
38145;201500042387;15;3;29;800;1;2;6;1;6;28;FOCH/CHOISY;M;4877460.0;243934.0;940
38146;201500042388;15;4;9;415;5;1;1;1;1;28;0, POMPADOUR(ROUTE DE LA;;;;940
38147;201500042389;15;4;13;1730;1;2;1;1;4;11;NC, RHIN ET DANUBE(RUE D;;;;940
38148;201500042390;15;4;18;1115;1;2;1;1;3;28;NC, COMPAGNONS DE LA LIB;;;;940
38149;201500042391;15;4;16;1400;1;2;6;1;6;11;0, SEMARD(RUE PIERRE);;;;940
38150;201500042393;15;4;23;1630;1;2;2;1;2;28;79 FOCH/FO ST CHRISTOPHE;M;4878020.0;243777.0;940
38151;201500042394;15;4;26;1945;2;2;1;2;6;4;AV DU GENERAL LECLERC;M;4875670.0;250399.0;940
38152;201500042395;15;4;27;1635;1;2;1;1;6;28;0, FRANCE LIBRE(AVENUE D;;;;940
38153;201500042396;15;4;30;1230;1;2;1;2;4;28;0, CHOISY(ROUTE DE);;;;940
38154;201500042397;15;5;5;1400;1;2;1;1;3;11;00, STAINS(ROUTE DE);;;;940
38155;201500042398;15;5;10;1815;1;2;1;1;6;28;0, PICABIA(RUE FRANCIS);;;;940
38156;201500042399;15;5;8;2050;1;2;1;1;3;28;0, BRIE(RUE DE);;;;940
38157;201500042401;15;5;7;1410;1;2;2;1;3;28;0, EGLISE.(PLACE DE L');;;;940
38158;201500042402;15;5;11;1830;1;2;1;1;6;28;NC, SALENGRO.(RUE ROGER);;;;940
38159;201500042403;15;5;11;1610;1;2;1;1;6;28;0, FRANCE LIBRE(AVENUE D;;;;940
38160;201500042404;15;5;14;1500;1;2;1;2;7;11;LYS.(AVENUE DES);;;;940
38161;201500042406;15;5;15;1530;1;2;1;1;6;28;49, CASALIS.(AVE DU DR P;;;;940
38162;201500042407;15;5;20;815;1;2;1;1;6;28;00, MECHES.(RUE DES);;;;940
38163;201500042408;15;5;18;1539;1;2;1;1;6;28;65, SAINT SIMON (rue);;;;940
38164;201500042409;15;5;18;1515;1;2;3;1;6;28;0, GAULLE(AVENUE DU GENE;;;;940
38165;201500042411;15;5;20;2130;2;2;1;1;4;28;102, MECHES.(RUE DES);;;;940
38166;201500042412;15;5;29;215;5;1;1;1;6;28;0, ECHAT(RUE DE L');;;;940
38167;201500042413;15;6;1;1135;1;2;1;1;2;28;0, CHOISY(ROUTE DE);;;;940
38168;201500042414;15;6;2;1620;1;2;3;1;3;28;NC, POMME(RUE DE LA);;;;940
38169;201500042415;15;6;3;1715;1;2;2;1;4;28;FOCH/MALFOURCHES;M;4878020.0;243770.0;940
38170;201500042416;15;6;4;1130;1;2;3;1;2;28;POMPADOUR/BOEUFS;;;;940
38171;201500042417;15;6;4;1237;1;2;1;1;6;11;GILLET(RUE ALFRED);;;;940
38172;201500042418;15;6;4;2115;2;2;1;1;7;28;0, BRIE(RUE DE);;;;940
38173;201500042419;15;6;6;2030;1;2;2;1;3;11;SEMARD/SEMARD;;;;940
38174;201500042420;15;6;8;905;1;2;1;1;2;28;0, MATISSE(RUE HENRI);;;;940
38175;201500042421;15;6;8;1420;1;2;3;1;3;28;00, VERDUN.(AVENUE DE);;;;940
38176;201500042422;15;6;9;725;1;2;2;1;3;28;0, GAULLE(AVENUE DU GENE;;;;940
38177;201500042423;15;6;15;1010;1;2;1;1;3;11;0, MONNET(RUE JEAN);;;;940
38178;201500042424;15;6;17;2135;1;1;1;1;2;28;0, HALPERN.(AVENUE BERNA;;;;940
38179;201500042425;15;6;17;1320;1;2;1;1;6;28;00, MECHES.(RUE DES);;;;940
38180;201500042426;15;6;18;1300;1;2;1;1;6;28;00, MECHES.(RUE DES);;;;940
38181;201500042427;15;6;19;1010;1;2;1;1;3;28;0, SAVAR.(RUE JULIETTE);;;;940
38182;201500042429;15;6;23;830;1;2;1;1;3;11;0, GAULLE(CARREFOUR CHAR;;;;940
38183;201500042430;15;6;24;1310;1;2;1;1;2;28;0, CHOISY(ROUTE DE);;;;940
38184;201500042431;15;6;28;720;1;1;1;1;6;28;0, ECHAT(RUE DE L');;;;940
38185;201500042432;15;6;27;1045;1;2;1;1;2;11;0, BOISSY.(AVENUE DE);;;;940
38186;201500042433;15;7;1;1750;1;2;3;1;6;28;0, KENNEDY.(BOULEVARD JO;;;;940
38187;201500042434;15;7;3;2110;1;2;1;1;6;28;0, CHOISY(ROUTE DE);;;;940
38188;201500042435;15;7;4;2335;5;2;1;1;3;28;nc, COURTOIS(AVENUE);;;;940
38189;201500042436;15;7;3;2020;1;1;1;1;7;28;54, LECLERC.(RUE DU GENE;;;;940
38190;201500042438;15;7;9;1600;1;2;1;1;3;28;0, CHOISY(ROUTE DE);;;;940
38191;201500042440;15;7;11;1810;1;2;1;1;3;28;0, MOULIN BERSON.(IMPASS;;;;940
38192;201500042442;15;7;13;2040;1;1;1;1;3;28;0, CHOISY(ROUTE DE);;;;940
38193;201500042443;15;7;13;1555;1;2;1;1;6;28;0, MESLY(AVENUE DU CHEMI;;;;940
38194;201500042444;15;7;18;2050;1;2;1;1;6;28;0, GABIN.(RUE JEAN);;;;940
38195;201500042445;15;7;17;2030;1;2;1;1;6;28;0, CASCADES.(IMPASSE DES;;;;940
38196;201500042446;15;7;19;50;5;2;1;1;6;28;23, CASALIS.(AVE DU DR P;;;;940
38197;201500042447;15;7;21;1505;1;2;1;1;6;11;00, PARIS(AVENUE DE);;;;940
38198;201500042448;15;7;22;1825;1;2;3;1;3;28;00, VERDUN.(AVENUE DE);;;;940
38199;201500042449;15;7;23;1750;1;2;1;1;2;28;90, TASSIGNY(AVE DU MARE;;;;940
38200;201500042450;15;7;29;1200;1;2;1;1;3;28;00, BILLOTTE.(AVE DU GAL;;;;940
38201;201500042451;15;7;30;1845;1;2;1;1;6;28;face B BIS, KOCK.(RUE HE;;;;940
38202;201500042452;15;8;5;1345;1;2;1;1;6;28;0, FRANCE LIBRE(AVENUE D;;;;940
38203;201500042453;15;8;8;1510;1;2;1;1;2;11;0, ROSTAND.(RUE JEAN);;;;940
38204;201500042454;15;8;13;1030;1;2;1;1;5;11;39, BOISSY.(AVENUE DE);;;;940
38205;201500042455;15;8;18;850;1;2;1;1;5;11;0, PARIS(AVENUE DE);;;;940
38206;201500042456;15;8;17;1820;1;2;1;1;6;28;0, FALKIRK(RUE);;;;940
38207;201500042457;15;8;19;1900;1;2;1;1;6;28;8, COTONOU.(RUE DE);;;;940
38208;201500042458;15;8;22;805;1;2;1;1;6;28;0, TASSIGNY(AVE DU MAREC;;;;940
38209;201500042459;15;8;26;930;1;2;1;1;3;28;0, MECHES.(RUE DES);;;;940
38210;201500042460;15;8;26;110;5;2;1;1;6;11;0, PARIS(AVENUE DE);;;;940
38211;201500042461;15;8;29;1840;1;2;1;1;6;28;0, BORDIERES(RUE DES);;;;940
38212;201500042462;15;9;3;1530;1;2;1;1;2;28;00, MECHES.(RUE DES);;;;940
38213;201500042463;15;9;4;1305;1;1;3;1;2;28;FOCH/BRETELLE A886;M;4877780.0;243837.0;940
38214;201500042464;15;9;5;1730;1;2;1;1;1;11;NC, BOUGLIONE(RUE);;;;940
38215;201500042465;15;9;4;1950;2;2;1;1;1;28;NC, RAMON.(RUE DU DOCTEU;;;;940
38216;201500042466;15;9;8;1630;1;2;1;1;6;28;0, BRAQUE.(ALLEE GEORGES;;;;940
38217;201500042468;15;9;13;2240;5;2;1;1;1;28;R DE L'ECHAT;M;4879930.0;245139.0;940
38218;201500042469;15;9;12;740;1;2;1;1;1;28;40, VERDUN.(AVENUE DE);;;;940
38219;201500042470;15;9;10;850;1;2;1;1;4;11;0, PARIS(AVENUE DE);;;;940
38220;201500042471;15;9;14;2230;5;2;3;1;6;28;61, GAULLE(AVENUE DU GEN;;;;940
38221;201500042472;15;9;20;1515;1;2;1;1;3;11;5, OUEST(ROUTE DE L');;;;940
38222;201500042473;15;9;19;1945;1;2;2;1;3;28;01, GAULLE(AVENUE DU GEN;;;;940
38223;201500042475;15;9;22;1345;1;2;1;1;6;28;35, PARIS.(RUE DE);;;;940
38224;201500042476;15;9;21;1000;1;2;1;1;6;28;0, BOULLE.(RUE ANDRE);;;;940
38225;201500042477;15;9;22;1900;1;2;1;1;6;28;0, FRANCE LIBRE(AVENUE D;;;;940
38226;201500042478;15;9;23;120;3;1;1;2;7;28;0, HALPERN.(AVENUE BERNA;;;;940
38227;201500042479;15;9;23;2240;5;2;9;1;6;11;nc, GAULLE(CARREFOUR CHA;;;;940
38228;201500042480;15;9;24;1050;1;2;1;1;2;28;0, TASSIGNY(AVE DU MAREC;;;;940
38229;201500042481;15;9;26;940;1;2;1;1;6;28;0, HALPERN.(AVENUE BERNA;;;;940
38230;201500042482;15;9;29;1240;1;2;1;1;1;28;NC, FRANCE LIBRE(AVENUE;;;;940
38231;201500042483;15;9;29;1500;1;2;6;1;3;28;CHOISY/FOCH;M;4877460.0;243934.0;940
38232;201500042484;15;10;1;1800;1;2;1;1;6;28;00, KENNEDY.(BOULEVARD J;;;;940
38233;201500042486;15;10;1;1032;1;2;1;1;5;28;nc, HALPERN.(AVENUE BERN;;;;940
38234;201500042487;15;10;10;1715;1;2;1;1;2;28;33-35, BROSSOLETTE(AVENU;;;;940
38235;201500042489;15;10;14;1700;1;2;1;1;6;28;NC, Duvauchelle (rue Dom;;;;940
38236;201500042490;15;10;15;815;1;2;1;1;6;28;00, MECHES.(RUE DES);;;;940
38237;201500042491;15;10;15;1020;1;2;6;1;3;28;CHOISY/FOCH;M;4877460.0;243934.0;940
38238;201500042492;15;10;18;1830;1;2;1;1;6;28;0, CHARPY.(RUE);;;;940
38239;201500042493;15;10;19;1730;1;1;1;1;6;28;0, BOEUFS(CHEMIN DES);;;;940
38240;201500042494;15;10;23;1000;1;2;1;1;2;11;nc, LECLERC.(AVENUE DU M;;;;940
38241;201500042495;15;11;2;1215;1;2;6;1;3;28;CAR POMPADOUR/FOCH;M;4877400.0;243915.0;940
38242;201500042496;15;11;2;1100;1;2;1;1;6;28;0, VALENTON(RUE DE);;;;940
38243;201500042497;15;11;4;2325;5;2;6;1;3;11;00, BOISSY.(AVENUE DE);;;;940
38244;201500042499;15;11;6;935;1;2;1;1;6;28;40, VERDUN.(AVENUE DE);;;;940
38245;201500042502;15;11;9;1020;1;2;3;1;3;11;0, REPUBLIQUE(AVENUE DE;;;;940
38246;201500042503;15;11;12;1555;1;2;1;1;6;28;nc, OUDRY.(BOULVARD JEAN;;;;940
38247;201500042504;15;11;13;1840;5;2;1;1;6;28;0, GAULLE(AVENUE DU GENE;;;;940
38248;201500042505;15;11;17;1310;1;2;1;1;6;11;GAULLE(CARREFOUR CHARLES;;;;940
38249;201500042506;15;11;20;710;2;2;3;1;3;11;00, REPUBLIQUE(AVENUE DE;;;;940
38250;201500042507;15;11;22;1720;1;2;1;1;7;11;0, MARGUERITRES(AVENUE D;;;;940
38251;201500042508;15;11;22;800;1;2;1;1;1;11;nc, BOISSY.(AVENUE DE);;;;940
38252;201500042509;15;11;22;300;3;2;2;1;2;28;23, TASSIGNY/THOMEREAU;;;;940
38253;201500042510;15;11;24;1115;1;2;6;2;3;28;CAR POMPADOUR/POMPADOUR;M;4877420.0;243882.0;940
38254;201500042511;15;12;1;1745;5;2;2;1;3;28;0, GAULLE(AVENUE DU GENE;;;;940
38255;201500042512;15;12;2;1315;1;2;1;1;3;11;00, BOUGLIONE(RUE);;;;940
38256;201500042513;15;12;3;1200;1;2;1;1;3;28;17, DUHAMEL(RUE GEORGES);;;;940
38257;201500042514;15;12;4;618;2;2;1;1;2;11;BOISSY.(AVENUE DE);;;;940
38258;201500042515;15;12;4;1400;1;2;1;1;2;28;0, CHOISY(ROUTE DE);;;;940
38259;201500042516;15;12;8;1750;5;2;1;2;6;28;5, REPUBLIQUE(AVENUE DE;;;;940
38260;201500042517;15;12;9;815;1;2;1;1;3;11;nc, BOISSY.(AVENUE DE);;;;940
38261;201500042518;15;12;9;720;1;1;1;1;6;28;5, POMPADOUR(ROUTE DE LA;;;;940
38262;201500042519;15;12;10;2225;5;2;1;1;3;11;10, STAINS(ROUTE DE);;;;940
38263;201500042520;15;12;11;1800;5;2;1;1;4;28;nc, HALPERN.(AVENUE BERN;;;;940
38264;201500042522;15;12;15;900;1;2;3;2;3;28;0, BRIE(RUE DE);;;;940
38265;201500042523;15;12;15;1900;3;2;1;3;6;28;0, MECHES.(RUE DES);;;;940
38266;201500042524;15;12;15;1900;5;2;1;3;2;28;0, HALPERN.(AVENUE BERNA;;;;940
38267;201500042525;15;12;16;1840;3;2;1;1;6;28;0, CHOISY(ROUTE DE);;;;940
38268;201500042527;15;12;16;1953;5;2;1;1;6;28;nc, CHOISY(ROUTE DE);;;;940
38269;201500042528;15;12;17;1750;2;2;1;1;6;11;00, HOTTINGER (Rue Rodol;;;;940
38270;201500042529;15;12;21;1630;1;2;1;2;6;28;00, GAULLE(AVENUE DU GEN;;;;940
38271;201500042530;15;1;2;1200;1;2;9;2;3;33;STALINGRAD (AV DE);;;;940
38272;201500042531;15;1;12;745;1;2;1;1;5;33;29, PARMENTIER (AV);;;;940
38273;201500042532;15;1;1;510;5;2;1;1;3;33;05, RENARDIERE (R DE LA);;;;940
38274;201500042533;15;1;6;945;1;2;3;1;6;33;DALAYRAC (R);;;;940
38275;201500042534;15;1;15;1620;2;2;1;2;6;33;12, MOREAU DAVID (PL);;;;940
38276;201500042535;15;1;17;135;5;2;6;2;6;33;25 AOUT 1944 (BD DU);;;;940
38277;201500042536;15;1;23;900;1;2;1;1;6;33;09, CHARMES (AV DES);;;;940
38278;201500042537;15;1;28;800;1;2;1;2;2;33;85, REPUBLIQUE (AV DE LA;;;;940
38279;201500042538;15;1;28;1855;5;2;3;8;6;33;ROGER SALENGRO (R);;;;940
38280;201500042539;15;1;30;1310;1;2;1;5;6;33;PAUL LANGEVIN (R);;;;940
38281;201500042540;15;2;2;1020;1;2;1;1;6;33;GABRIEL LACASSAGNE (R);;;;940
38282;201500042541;15;2;8;600;5;2;1;1;6;33;09, CHARMES (AV DES);;;;940
38283;201500042542;15;2;11;1445;1;2;1;1;6;33;13, 25 AOUT 1944 (BD DU);;;;940
38284;201500042543;15;3;4;1750;1;2;9;1;6;33;2, REPUBLIQUE (AV DE LA);;;;940
38285;201500042544;15;3;14;2015;5;2;1;1;2;33;133, REPUBLIQUE (AV DE L;;;;940
38286;201500042545;15;3;17;1955;5;2;1;1;3;33;FOCH (AV);;;;940
38287;201500042546;15;3;28;1320;1;2;6;1;2;33;GENERAL DE GAULLE (PL DU;;;;940
38288;201500042547;15;4;2;1355;1;2;1;2;6;33;LESAGE (R);;;;940
38289;201500042548;15;4;8;1345;1;2;1;1;2;33;143, GALLIENI (BD);;;;940
38290;201500042549;15;4;14;935;1;2;3;1;3;33;LA FONTAINE (R);;;;940
38291;201500042550;15;4;18;2020;1;2;9;1;6;33;15, JEAN PIERRE TIMBAUD;;;;940
38292;201500042551;15;4;19;1920;1;1;1;1;6;33;MARECHAL DE LATTRE DE TA;;;;940
38293;201500042553;15;4;23;855;1;2;2;7;6;33;DALAYRAC (R);;;;940
38294;201500042554;15;4;28;500;5;2;2;1;3;33;71, STALINGRAD (AV DE);;;;940
38295;201500042555;15;5;6;1505;1;2;1;1;2;33;02, JULES FERRY (R);;;;940
38296;201500042556;15;6;19;1900;1;2;1;1;1;33;CHARLES GARCIA (AV);;;;940
38297;201500042557;15;6;26;1924;1;2;1;1;3;33;13, PRESIDENT ROOSEVELT;;;;940
38298;201500042558;15;6;27;2120;2;2;1;1;6;33;OLYMPIADES (AV DES);;;;940
38299;201500042559;15;7;10;2030;1;2;1;1;6;33;105, PARMENTIER (AV);;;;940
38300;201500042560;15;7;26;1545;1;2;1;3;1;33;PARMENTIER (AV);;;;940
38301;201500042562;15;8;8;1530;1;2;1;1;6;33;27, ROSNY (R DE);;;;940
38302;201500042564;15;9;1;930;1;2;1;2;3;33;13, PRESIDENT ROOSEVELT;;;;940
38303;201500042565;15;9;3;1800;1;2;1;1;2;33;186, GALLIENI (BD);;;;940
38304;201500042566;15;9;9;2105;3;2;1;1;3;33;MARECHAL JOFFRE (AV DU);;;;940
38305;201500042567;15;9;20;1620;1;2;1;1;7;33;98, PARMENTIER (AV);;;;940
38306;201500042568;15;9;28;1030;1;2;1;1;6;33;LOUISON BOBET (AV);;;;940
38307;201500042570;15;10;7;1850;1;2;1;1;3;33;CLOS D ORLEANS (R DU);;;;940
38308;201500042571;15;10;13;1850;1;2;2;1;3;33;PARMENTIER (AV);;;;940
38309;201500042572;15;10;20;2245;5;2;4;1;3;33;PARMENTIER (AV);;;;940
38310;201500042573;15;10;23;1805;1;2;1;1;6;33;LOUISON BOBET (AV);;;;940
38311;201500042574;15;10;30;1330;1;2;1;1;6;33;GENERAL DE GAULLE (PL DU;;;;940
38312;201500042575;15;11;2;1310;1;2;2;1;3;33;GALLIENI (BD);;;;940
38313;201500042576;15;11;1;700;5;2;1;1;6;33;MARAIS (R DES);;;;940
38314;201500042577;15;11;5;1250;1;2;1;1;6;33;1, PASTEUR MARTIN LUTHER;;;;940
38315;201500042578;15;11;6;1350;1;2;1;1;2;33;205, LA FONTAINE (R);;;;940
38316;201500042579;15;11;6;1730;5;2;3;2;3;33;REPUBLIQUE (AV DE LA);;;;940
38317;201500042580;15;11;11;1940;5;2;1;1;7;33;50, LOUIS AUROUX (R);;;;940
38318;201500042581;15;11;20;1400;1;2;2;2;3;33;DALAYRAC (R);;;;940
38319;201500042582;15;12;2;830;1;2;3;1;3;33;PARMENTIER (AV);;;;940
38320;201500042583;15;12;2;1935;5;2;1;1;2;33;34, VERDUN (BD DE);;;;940
38321;201500042584;15;12;4;1350;1;2;3;1;6;33;CLOS D ORLEANS (R DU);;;;940
38322;201500042587;15;1;3;1530;1;2;4;2;6;16;DUMOTEL (AV);;;;940
38323;201500042588;15;1;4;520;5;2;1;1;6;76;25, R MARCEL GROSMENIL;M;4879850.0;235503.0;940
38324;201500042589;15;1;9;725;5;2;1;3;7;43;24-26, CHASTENET DE GERY;;;;940
38325;201500042590;15;1;9;1715;2;2;1;1;6;43;94, FONTAINEBLEAU (AV DE;;;;940
38326;201500042591;15;1;11;1525;1;2;2;1;6;76;127, REPUBLIQUE (AV DE L;;;;940
38327;201500042592;15;1;14;30;5;2;1;2;3;76;105, MAXIME GORKI (BD);;;;940
38328;201500042593;15;1;15;1040;1;2;6;8;3;43;91, FONTAINEBLEAU (AV DE;;;;940