;Num_Acc;an;mois;jour;hrmn;lum;agg;int;atm;col;com;adr;gps;lat;long;dep
38329;201500042594;15;1;15;1615;1;2;1;1;2;76;142, MAXIME GORKI (BD);;;;940
38330;201500042595;15;1;16;550;5;2;3;1;3;76;56, REPUBLIQUE (AV DE LA;;;;940
38331;201500042596;15;1;16;1000;1;2;1;1;7;76;32, MAXIME GORKI (R);;;;940
38332;201500042597;15;1;16;2200;5;1;1;2;3;43;18, GENERAL LECLERC (R D;;;;940
38333;201500042598;15;1;19;800;4;2;3;2;7;76;1, MAXIME GORKI (BD);;;;940
38334;201500042599;15;1;20;2015;5;2;1;1;7;3;63, ARISTIDE BRIAND (AV);;;;940
38335;201500042600;15;1;21;1853;2;2;1;1;3;43;42, GABRIEL PERI (R);;;;940
38336;201500042601;15;1;23;1900;5;2;1;1;2;76;8, LOUIS ARAGON (AV);;;;940
38337;201500042602;15;1;24;900;1;2;1;2;6;3;PRESIDENT SALVADOR ALLEN;;;;940
38338;201500042603;15;1;28;1905;5;2;2;8;6;43;1, CHARLES GIDE (AV);;;;940
38339;201500042604;15;1;29;2030;5;2;1;2;7;76;14, STALINGRAD (AV DE);;;;940
38340;201500042605;15;1;29;2245;5;2;6;2;1;43;4, PORTE D ITALIE - PTE;;;;940
38341;201500042606;15;2;7;745;2;2;1;1;6;3;127, ARISTIDE BRIAND (AV;;;;940
38342;201500042607;15;2;8;200;5;2;5;1;3;76;163, MAXIME GORKI (R);;;;940
38343;201500042608;15;2;9;815;1;2;1;1;7;3;1, PAUL VAILLANT COUTURI;;;;940
38344;201500042609;15;2;11;210;5;2;1;1;7;37;GALLIENI (AV);;;;940
38345;201500042610;15;2;11;750;2;2;3;1;3;16;23, CARNOT (AV);;;;940
38346;201500042611;15;2;12;1318;1;2;5;7;7;76;9, PAUL VAILLANT COUTURI;;;;940
38347;201500042612;15;2;13;1935;4;2;2;2;6;43;106, EDMONT MICHELET (R);;;;940
38348;201500042613;15;2;14;1215;1;2;1;2;7;43;129, FONTAINEBLEAU (AV D;;;;940
38349;201500042614;15;2;14;1550;1;2;2;1;1;76;92, MARCEL GROSMESNIL (R;;;;940
38350;201500042615;15;2;17;700;5;2;2;1;3;76;163, MAXIME GORKI (BD);;;;940
38351;201500042616;15;2;23;700;5;2;2;3;7;76;64, LOUIS ARAGON (AV);;;;940
38352;201500042617;15;2;24;1140;1;2;1;1;3;43;32, FONTAINEBLEAU (AV DE;;;;940
38353;201500042618;15;2;24;1655;1;1;1;1;6;3;69, DOCTEUR DURAND (AV D;;;;940
38354;201500042620;15;3;1;2145;5;2;1;2;7;3;17, PAUL VAILLANT COUTUR;;;;940
38355;201500042621;15;3;2;2025;4;2;1;1;6;76;4, MOULIN DE SAQUET (R D;;;;940
38356;201500042622;15;3;3;1355;1;2;1;1;6;3;11, VACHE NOIRE (LA);;;;940
38357;201500042625;15;3;14;630;2;2;2;1;3;16;11, MARX DORMOY (R);;;;940
38358;201500042626;15;3;16;1935;5;2;1;1;3;16;22, SAUSSAIES (R DES);;;;940
38359;201500042627;15;3;17;1115;1;2;1;1;3;76;1, CHASTENET DE GERY (BD;;;;940
38360;201500042629;15;3;19;130;3;2;1;1;6;37;80, RASPAIL (AV);;;;940
38361;201500042630;15;3;19;1430;1;1;1;1;3;3;23, PAUL DOUMER (AV);;;;940
38362;201500042631;15;3;20;1343;1;2;1;1;3;43;15, EDMONT MICHELET (R);;;;940
38363;201500042632;15;3;21;315;5;2;1;1;6;43;85, FONTAINEBLEAU (AV DE;;;;940
38364;201500042633;15;3;25;1620;1;2;2;1;6;76;147, CHEVILLY (R DE);;;;940
38365;201500042634;15;3;31;705;5;2;1;2;6;3;22, MARX DORMOY (AV);;;;940
38366;201500042635;15;4;1;1545;1;2;1;1;2;37;17, ARCUEIL (R D);;;;940
38367;201500042636;15;4;2;1200;1;2;1;2;7;16;44, MARECHAL DE LATTRE D;;;;940
38368;201500042637;15;4;3;2025;5;2;1;3;3;37;1, PAUL VAILLANT COUTURI;;;;940
38369;201500042639;15;4;9;900;1;1;2;1;6;76;GRIFFUELHES/COUTURIER;;;;940
38370;201500042640;15;4;9;1400;1;2;1;1;3;43;22, VOLTAIRE (R);;;;940
38371;201500042641;15;4;9;1925;1;2;1;1;3;43;FONTAINEBLEAU (AV DE);;;;940
38372;201500042642;15;4;12;1550;1;2;1;1;1;43;44, FONTAINEBLEAU (AV DE;;;;940
38373;201500042643;15;4;17;430;5;2;3;1;3;76;1, CHASTENET DE GERY (BD;;;;940
38374;201500042644;15;4;18;2235;5;2;2;1;2;3;GABRIEL PERI (AV);;;;940
38375;201500042645;15;4;19;1200;1;1;1;1;6;3;37, GENERAL MALLERET JOI;;;;940
38376;201500042646;15;4;21;1420;1;2;1;1;6;3;53, JEAN JAURES (AV);;;;940
38377;201500042647;15;4;23;820;1;2;1;1;2;3;57, ARISTIDE BRIAND (AV);;;;940
38378;201500042648;15;5;1;2030;1;2;1;2;2;43;63, GABRIEL PERI (R);;;;940
38379;201500042649;15;5;11;1804;1;2;3;1;3;76;23, HENRI BARBUSSE (R);;;;940
38380;201500042651;15;5;12;1940;1;2;1;1;6;76;50, STALINGRAD (AV DE);;;;940
38381;201500042652;15;5;13;55;5;2;1;1;3;43;41, FONTAINEBLEAU (AV DE;;;;940
38382;201500042653;15;5;13;1335;1;2;1;1;3;76;163, MAXIME GORKI (BD);;;;940
38383;201500042654;15;5;16;1140;1;2;1;1;7;76;2, LOUIS ARAGON (AV);;;;940
38384;201500042656;15;5;18;1045;1;2;3;1;6;37;35, PAUL VAILLANT COUTUR;;;;940
38385;201500042657;15;5;21;1815;1;2;3;1;3;43;1, CHARLES GIDE (AV);;;;940
38386;201500042658;15;5;21;2210;5;2;1;1;5;76;43, REPUBLIQUE (AV DE LA;;;;940
38387;201500042659;15;5;22;820;1;2;3;1;2;16;1, EMILE ZOLA (R);;;;940
38388;201500042660;15;5;24;1850;1;2;1;1;2;16;1, LEON BLUM (AV);;;;940
38389;201500042661;15;5;25;1425;1;2;2;1;1;76;1, FRANCOIS BILLOUX (R);;;;940
38390;201500042662;15;5;27;2220;5;2;2;1;3;16;DUMOTEL/;;;;940
38391;201500042663;15;5;27;1835;1;1;3;1;1;76;1, MAXIME GORKI (R);;;;940
38392;201500042664;15;5;27;2235;5;2;2;1;3;43;50, FONTAINEBLEAU (AV DE;;;;940
38393;201500042666;15;5;30;2320;5;2;1;1;2;43;94, CHARLES GIDE (AV);;;;940
38394;201500042667;15;5;31;910;1;2;1;1;7;16;33, ARISTIDE BRIAND (AV);;;;940
38395;201500042668;15;6;2;1800;1;2;2;1;1;76;6/8, LOUIS ARAGON (AV);;;;940
38396;201500042669;15;6;5;1725;1;2;1;1;3;76;49, MAXIME GORKI (BD);;;;940
38397;201500042670;15;6;6;1530;1;2;1;1;3;43;79, FONTAINEBLEAU (AV DE;;;;940
38398;201500042672;15;6;9;930;1;1;1;1;3;16;13, ARISTIDE BRIAND (AV);;;;940
38399;201500042673;15;6;10;1230;1;2;1;1;3;76;92, MARCEL GROSMESNIL (R;;;;940
38400;201500042674;15;6;10;1728;1;2;1;1;6;76;11-17, EPI D OR (AV DE L;;;;940
38401;201500042675;15;6;11;1055;1;2;1;1;2;76;21, JEAN JAURES (R);;;;940
38402;201500042676;15;6;12;1435;1;2;1;1;2;76;40, MAXIME GORKI (BD);;;;940
38403;201500042677;15;6;15;2200;5;2;1;1;3;76;148, MAXIME GORKI (BD);;;;940
38404;201500042678;15;6;16;2030;1;2;3;1;3;16;1, COUSIN DE MERICOURT (;;;;940
38405;201500042680;15;6;18;1140;1;2;1;2;2;3;ARISTIDE BRIAND (AV);;;;940
38406;201500042681;15;6;18;1645;1;2;2;1;6;76;PARIS (AV DE);;;;940
38407;201500042682;15;6;18;1730;1;2;1;1;3;3;127, ARISTIDE BRIAND (AV;;;;940
38408;201500042683;15;6;19;900;1;2;1;1;6;76;12, PAUL VAILLANT COUTUR;;;;940
38409;201500042685;15;6;21;1715;1;2;1;1;6;76;26, REPUBLIQUE (AV DE LA;;;;940
38410;201500042686;15;6;21;1900;1;2;1;1;3;76;22, KARL LIEBNECHT (SEN);;;;940
38411;201500042687;15;6;22;1500;1;2;1;1;1;37;AVENUE (PREMIERE);;;;940
38412;201500042688;15;6;23;1830;1;2;1;1;6;37;17, PAUL VAILLANT COUTUR;;;;940
38413;201500042689;15;7;2;1525;1;2;1;1;2;43;44, GABRIEL PERI (R);;;;940
38414;201500042690;15;7;3;1000;1;2;1;1;5;3;6, PRESIDENT SALVADOR AL;;;;940
38415;201500042691;15;7;3;2235;5;2;1;1;7;43;74, FONTAINEBLEAU (AV DE;;;;940
38416;201500042692;15;7;4;1605;1;2;2;1;3;76;163, MAXIME GORKI (BD);;;;940
38417;201500042693;15;7;7;1120;1;2;1;1;5;76;118, MAXIME GORKI (R);;;;940
38418;201500042695;15;7;18;1850;1;2;1;1;2;76;55, LOUIS ARAGON (AV);;;;940
38419;201500042696;15;7;18;2040;1;2;1;1;7;37;18, RAYMOND LEFEBVRE (R);;;;940
38420;201500042697;15;7;22;1340;1;1;2;1;5;43;EUGENE THOMAS (AV);;;;940
38421;201500042698;15;7;10;2050;1;2;3;1;3;76;24, REPUBLIQUE (AV DE LA;;;;940
38422;201500042699;15;7;25;1425;1;2;2;1;3;16;79, LEON BLUM (AV);;;;940
38423;201500042700;15;7;28;1752;1;2;1;8;1;76;11/13, CHASTENET DE GERY;;;;940
38424;201500042701;15;7;29;1720;1;2;1;1;6;16;43, CARNOT (AV);;;;940
38425;201500042702;15;8;1;820;1;2;3;1;3;76;50, REPUBLIQUE (AV DE LA;;;;940
38426;201500042703;15;8;1;2000;1;2;1;1;6;16;02, VIGNES (R DES);;;;940
38427;201500042704;15;8;5;1337;1;2;3;1;3;76;70, CHEVILLY (R DE);;;;940
38428;201500042705;15;8;7;2250;5;2;1;1;3;76;2, JEAN BAPTISTE BAUDIN;;;;940
38429;201500042706;15;8;11;1735;1;2;1;1;2;43;40, CHARLES GIDE (AV);;;;940
38430;201500042707;15;8;12;345;5;2;1;1;7;16;2, CARNOT (AV);;;;940
38431;201500042708;15;8;12;1600;1;2;1;1;4;76;70, PARIS (AV DE);;;;940
38432;201500042709;15;8;18;1845;1;2;1;1;7;3;104, JEAN JAURES (AV);;;;940
38433;201500042710;15;8;20;1230;1;2;2;2;6;43;56, CONVENTION (R DE LA);;;;940
38434;201500042711;15;8;24;630;5;2;1;4;3;43;167, GABRIEL PERI (R);;;;940
38435;201500042712;15;8;24;1430;1;2;1;1;7;76;23, PAUL VAILLANT COUTUR;;;;940
38436;201500042713;15;8;26;1035;1;2;2;2;2;76;1, DANIEL FERY (R);;;;940
38437;201500042714;15;8;30;1430;1;2;1;1;6;76;76, CONDORCET (R);;;;940
38438;201500042715;15;8;31;145;5;2;2;1;3;3;1, ASPASIE JULES CARON (;;;;940
38439;201500042716;15;8;31;1924;1;2;1;1;7;43;40, CHARLES GIDE (AV);;;;940
38440;201500042717;15;9;5;1750;1;2;1;1;7;43;36, CONVENTION (R DE LA);;;;940
38441;201500042718;15;9;8;1210;1;1;2;1;3;76;42, JEAN LURCAT (R);;;;940
38442;201500042721;15;9;10;900;1;2;1;1;2;16;78, PRESIDENT WILSON (AV;;;;940
38443;201500042722;15;9;10;1530;1;2;1;1;4;76;111, CHEVILLY (R DE);;;;940
38444;201500042723;15;9;10;1930;1;2;3;1;7;76;4, AUGUSTE RENOIR (R);;;;940
38445;201500042724;15;9;11;1155;1;2;1;1;7;76;61, VEROLLOT (R);;;;940
38446;201500042725;15;9;12;1210;1;2;3;3;3;3;67, VLADIMIR ILLITCH LEN;;;;940
38447;201500042726;15;9;12;1725;1;2;1;3;2;43;63, FONTAINEBLEAU (AV DE;;;;940
38448;201500042727;15;9;14;25;5;2;1;1;2;76;185, MAXIME GORKI (BD);;;;940
38449;201500042728;15;9;17;819;1;2;1;1;1;16;6, MARECHAL DE LATTRE DE;;;;940
38450;201500042729;15;9;20;1600;1;2;1;1;3;76;19BIS, PARIS (AV DE);;;;940
38451;201500042730;15;9;24;1114;1;1;3;1;3;76;126, STALINGRAD (AV DE);;;;940
38452;201500042731;15;9;25;1910;1;2;3;1;7;37;141, PAUL VAILLANT COUTU;;;;940
38453;201500042732;15;9;26;1615;1;2;1;1;6;43;19, FONTAINEBLEAU (AV DE;;;;940
38454;201500042733;15;9;27;1900;2;2;3;1;7;76;18, DIVISION DU GENERAL;;;;940
38455;201500042734;15;9;28;715;2;2;1;1;2;43;13, FONTAINEBLEAU (AV DE;;;;940
38456;201500042735;15;9;29;1600;1;1;2;7;3;76;13, LOUIS ARAGON (AV);;;;940
38457;201500042736;15;9;29;1540;1;2;9;1;7;76;141, PARIS (AV DE);;;;940
38458;201500042737;15;10;5;2150;5;2;3;2;3;16;149, ARISTIDE BRIAND (AV;;;;940
38459;201500042738;15;10;6;825;2;2;1;3;3;43;16, CHASTENET DE GERY (B;;;;940
38460;201500042739;15;10;7;1016;1;2;9;1;7;76;17, PAUL VAILLANT COUTUR;;;;940
38461;201500042740;15;10;7;1315;1;2;1;1;7;3;108, JEAN JAURES (AV);;;;940
38462;201500042741;15;10;7;1245;1;2;1;1;7;3;10, PAUL DOUMER (ALL);;;;940
38463;201500042742;15;10;8;1910;5;1;3;1;1;16;49, PAUL VAILLANT COUTUR;;;;940
38464;201500042743;15;10;8;2050;4;2;3;1;6;43;1, VERDUN (R DE);;;;940
38465;201500042744;15;10;9;1200;1;2;1;1;7;43;29, FONTAINEBLEAU (AV DE;;;;940
38466;201500042745;15;10;12;1620;1;2;1;1;6;16;31, PRESIDENT WILSON (AV;;;;940
38467;201500042746;15;10;13;1756;1;1;1;1;6;16;4, EUROPE (AV DE L);;;;940
38468;201500042747;15;10;15;830;1;1;1;2;3;76;15, PARIS (AV DE);;;;940
38469;201500042748;15;10;18;200;5;2;2;2;3;76;163, MAXIME GORKI (BD);;;;940
38470;201500042749;15;10;18;1335;1;2;1;1;3;76;65, LOUIS ARAGON (AV);;;;940
38471;201500042750;15;10;22;1415;1;2;1;2;6;76;50, PRESIDENT ALLENDE (A;;;;940
38472;201500042751;15;10;23;1845;2;2;3;1;5;3;8, PAUL VAILLANT COUTURI;;;;940
38473;201500042752;15;10;24;240;5;2;1;1;6;37;2, CHARLES FREROT (R);;;;940
38474;201500042754;15;10;26;1330;1;2;1;8;3;3;53, GABRIEL PERI (AV);;;;940
38475;201500042755;15;10;27;1800;5;2;3;1;1;16;29, ARISTIDE BRIAND (AV);;;;940
38476;201500042757;15;11;3;1615;1;2;1;1;3;76;116, MAXIME GORKI (R);;;;940
38477;201500042758;15;11;5;1145;1;2;2;1;3;43;19, CONVENTION (R DE LA);;;;940
38478;201500042759;15;11;5;2025;5;2;1;1;3;76;159, PARIS (AV DE);;;;940
38479;201500042760;15;11;8;610;2;2;2;1;3;76;49, REPUBLIQUE (AV DE LA;;;;940
38480;201500042762;15;11;16;1400;1;2;2;1;2;3;COUTURIER/DELAUNE;;;;940
38481;201500042763;15;11;19;1015;1;2;1;1;3;43;167, GABRIEL PERI (R);;;;940
38482;201500042764;15;11;20;1930;5;2;1;2;3;76;60, STALINGRAD (AV DE);;;;940
38483;201500042766;15;11;24;1;5;2;1;1;6;3;36, LAPLACE (AV);;;;940
38484;201500042767;15;11;25;1330;1;2;3;8;3;37;161, PAUL VAILLANT COUTU;;;;940
38485;201500042768;15;11;27;1620;1;2;3;8;1;37;12, LAFOUGE (R);;;;940
38486;201500042769;15;11;27;2130;3;2;1;2;3;76;1, REPUBLIQUE (AV DE LA);;;;940
38487;201500042770;15;11;28;940;1;2;1;1;6;76;175, KARL MARX (AV);;;;940
38488;201500042771;15;11;29;50;5;2;1;2;7;37;95, PAUL VAILLANT COUTUR;;;;940
38489;201500042772;15;11;30;1140;1;2;1;2;6;76;1, JULES JOFFRIN (R);;;;940
38490;201500042773;15;12;1;820;1;2;3;1;7;76;24, VERDUN (R DE);;;;940
38491;201500042774;15;12;3;1825;5;2;3;1;7;16;1, CAMILLE DESMOULINS (R;;;;940
38492;201500042775;15;12;4;1232;1;2;1;1;6;76;101, PAUL VAILLANT COUTU;;;;940
38493;201500042776;15;12;4;1520;1;2;1;1;4;3;9, LAPLACE (AV);;;;940
38494;201500042777;15;12;7;520;5;1;1;1;2;76;172, MAXIME GORKI (BD);;;;940
38495;201500042778;15;12;7;1630;1;2;2;1;3;37;61, BENOIT MALON (R);;;;940
38496;201500042779;15;12;7;1650;5;2;1;1;3;16;33, LEON BLUM (AV);;;;940
38497;201500042780;15;12;8;2140;5;2;1;2;3;3;136, VACHE NOIRE (LA);;;;940
38498;201500042781;15;12;9;1330;1;2;1;7;7;76;88, JEAN JAURES (R);;;;940
38499;201500042782;15;12;10;1720;4;2;2;1;3;37;PAUL VAILLANT COUTURIER;;;;940
38500;201500042783;15;12;10;1715;2;2;1;1;7;43;5, VERDUN (R DE);;;;940
38501;201500042784;15;12;13;1400;1;2;1;1;3;76;20, VERDUN (R DE);;;;940
38502;201500042785;15;12;15;730;5;2;1;1;6;3;85, PAUL VAILLANT COUTUR;;;;940
38503;201500042786;15;12;17;1825;5;2;3;1;3;37;9, CHARLES FREROT (R);;;;940
38504;201500042787;15;12;19;1215;1;1;1;1;3;43;123, FONTAINEBLEAU (AV D;;;;940
38505;201500042788;15;12;23;1000;1;2;1;1;7;3;03, MARX DORMOY (AV);;;;940
38506;201500042789;15;12;24;255;5;2;1;1;6;76;41, PARIS (AV DE);;;;940
38507;201500042790;15;2;2;1655;1;2;3;1;6;76;3, FONTAINE (PAS DE LA);;;;940
38508;201500042792;15;4;30;1010;1;2;1;2;2;43;25 BIS, EUGENE THOMAS (A;;;;940
38509;201500042793;15;12;23;1855;5;1;1;1;7;76;1, DIVISION DU GENERAL L;;;;940
38510;201500042794;15;1;2;1350;1;2;1;1;2;73;AV DE VERSAILLES;M;4875620.0;238709.0;940
38511;201500042795;15;1;2;1610;1;2;1;8;6;38;., ALBERT WATEL (R);;;;940
38512;201500042796;15;1;5;1055;1;2;5;1;3;65;TROIS MARCHES (Av des);;;;940
38513;201500042797;15;1;5;1635;1;2;3;8;6;38;31, SAUSSAIES (VOI DES);;;;940
38514;201500042798;15;1;6;750;2;2;1;2;3;21;., MONTPELLIERS (RUE DE);;;;940
38515;201500042799;15;1;8;1100;1;2;2;8;1;38;LARROUMES (AV);;;;940
38516;201500042801;15;1;8;1930;5;2;1;1;3;73;LUXEMBOURG (AV DU);;;;940
38517;201500042802;15;1;9;915;1;2;1;2;6;21;., STALINGRAD (AV DE);;;;940
38518;201500042803;15;1;13;1300;1;2;1;2;6;73;38, HELENE MULLER (R);;;;940
38519;201500042804;15;1;13;1455;1;2;3;2;7;38;LARROUMES (AV);;;;940
38520;201500042805;15;1;14;645;5;2;2;2;3;73;., BAS MARIN (R DU);;;;940
38521;201500042806;15;1;14;1250;1;1;1;3;6;38;., PAUL VAILLANT COUTURI;;;;940
38522;201500042808;15;1;16;1230;1;2;1;1;3;38;124, PAUL VAILLANT COUTU;;;;940
38523;201500042810;15;1;21;1145;1;2;2;1;3;38;BICETRE (R DE);;;;940
38524;201500042811;15;1;24;1648;1;2;2;1;1;73;rond point d'Espagne;;;;940
38525;201500042813;15;1;29;1830;4;2;4;2;6;34;ROGER SALENGRO (R);;;;940
38526;201500042814;15;1;30;1800;3;2;1;8;2;65;RN 186;M;4875390.0;236543.0;940
38527;201500042815;15;1;31;2130;5;1;1;2;6;73;RN 186;M;4875370.0;237607.0;940
38528;201500042816;15;2;6;645;5;1;1;1;3;65;., CHARLES LINDBERGH (AV;;;;940
38529;201500042818;15;2;6;1800;5;2;1;1;6;38;35, CHEVILLY (R DE);;;;940
38530;201500042819;15;2;10;1115;1;2;2;1;2;73;12, BAS MARIN (R DU);;;;940
38531;201500042820;15;2;10;1920;3;1;1;1;4;65;RN 186;M;4875380.0;235842.0;940
38532;201500042821;15;2;12;800;1;2;1;1;7;21;., STALINGRAD (AV DE);;;;940
38533;201500042822;15;2;12;1600;1;2;3;1;3;21;., RUE PAUL HOCHART;;;;940
38534;201500042824;15;2;13;1030;1;1;1;1;2;65;., RUE DE NORMANDIE;;;;940
38535;201500042825;15;2;14;1120;1;2;1;2;1;38;122, HENRI BARBUSSE (AV);;;;940
38536;201500042826;15;2;20;840;1;1;2;2;3;73;., LEON MARCHAND (AV);;;;940
38537;201500042827;15;2;25;410;5;2;2;1;1;65;., TROIS MARCHES (AV) /;;;;940
38538;201500042829;15;2;28;510;5;1;1;1;6;65;., PONT DES HALLES (R DU;;;;940
38539;201500042830;15;3;3;820;1;2;1;1;7;38;., CHEVILLY (R DE);;;;940
38540;201500042831;15;3;4;1100;1;2;1;1;6;38;DISPAN (R);;;;940
38541;201500042832;15;3;4;1715;1;2;1;1;7;65;., BOULEVARD CIRCULAIRE;;;;940
38542;201500042833;15;3;5;525;5;2;1;1;3;73;RN 186;M;4875400.0;237937.0;940
38543;201500042834;15;3;7;1300;1;2;1;1;4;38;., FLOUQUET (AV);;;;940
38544;201500042835;15;3;13;1930;5;2;1;1;6;65;., RUE DU VIADUC;;;;940
38545;201500042836;15;3;14;1535;1;2;2;1;3;38;., PAUL VAILLANT COUTURI;;;;940
38546;201500042838;15;3;19;900;1;2;1;1;7;38;., HENRI BARBUSSE (AV);;;;940
38547;201500042839;15;3;21;1820;2;2;1;1;6;65;., CHARLES LINDBERGH (AV;;;;940
38548;201500042840;15;3;23;25;5;2;1;1;6;38;., LARROUMES (AV);;;;940
38549;201500042841;15;3;24;2115;5;1;1;3;6;73;RN 186;M;4875370.0;237595.0;940
38550;201500042843;15;3;26;1530;1;2;6;2;2;34;., STALINGRAD (AV DE);;;;940
38551;201500042844;15;3;27;815;1;2;1;1;6;38;3, SAINTE COLOMBE (R);;;;940
38552;201500042845;15;3;27;1405;1;2;1;1;2;73;FONTAINEBLEAU (AV DE);;;;940
38553;201500042846;15;3;28;800;1;2;6;2;3;38;1, BELVEDERE (R DU);;;;940
38554;201500042847;15;3;29;2100;5;2;1;2;4;38;CHEVILLY (R DE);;;;940
38555;201500042848;15;3;30;1115;1;2;9;1;3;38;40, BICETRE (R DE);;;;940
38556;201500042849;15;3;30;1130;1;2;1;1;6;21;, EDITH PIAF (R);;;;940
38557;201500042850;15;4;5;1100;1;2;1;1;1;73;02, HELENE MULLER (R);;;;940
38558;201500042851;15;4;6;1355;1;2;1;1;7;73;., ALOUETTES (R DES);;;;940
38559;201500042852;15;4;10;1130;1;2;1;1;6;65;CHATEAU (R DU);;;;940
38560;201500042853;15;4;11;1630;1;1;1;1;6;73;boulevard de l'europe;;;;940
38561;201500042855;15;4;20;730;1;2;2;1;3;21;., DES MARAICHERS (AVENU;;;;940
38562;201500042858;15;4;25;2020;2;2;1;2;6;21;09, PICARDIE (R DE);;;;940
38563;201500042859;15;4;26;750;1;2;6;9;6;73;., GENERAL DE GAULLE (AV;;;;940
38564;201500042860;15;4;28;800;1;2;9;7;3;34;., PAIX (AV DE LA);;;;940
38565;201500042861;15;5;3;1415;1;2;1;2;6;73;VERSAILLES (AV DE);;;;940
38566;201500042862;15;5;5;1750;1;2;1;1;6;34;37, REPUBLIQUE (AV DE LA;;;;940
38567;201500042863;15;5;12;2310;5;2;1;1;2;73;GABRIEL PERI (R);;;;940
38568;201500042864;15;5;13;1700;1;2;1;1;3;65;CHARLES LINDBERGH (AV);;;;940
38569;201500042865;15;5;15;2005;2;2;2;1;3;73;LEON MARCHAND (AV);;;;940
38570;201500042866;15;5;19;450;5;2;3;1;7;65;., CHARENTES (AVENUE DES;;;;940
38571;201500042868;15;5;22;1814;1;1;8;1;6;38;., PAUL HOCHART (R);;;;940
38572;201500042869;15;5;25;1730;1;2;1;1;7;73;., FONTAINEBLEAU (AV DE);;;;940
38573;201500042870;15;5;27;1755;1;2;1;1;6;73;., GENERAL DE GAULLE (AV;;;;940
38574;201500042871;15;5;29;1755;1;2;3;1;3;73;., HENRI DUNANT (R);;;;940
38575;201500042872;15;5;29;2000;1;2;1;1;2;73;., VERSAILLES (AV DE);;;;940
38576;201500042873;15;5;30;1857;1;2;2;1;2;38;2, HENRI BARBUSSE (AV);;;;940
38577;201500042874;15;6;1;2230;3;2;3;1;6;38;FLOUQUET (AV);;;;940
38578;201500042875;15;6;1;2345;5;2;2;1;2;65;angle, CHARLES LINDBERGH;;;;940
38579;201500042877;15;6;5;1600;1;2;1;1;2;34;STALINGRAD (AV DE);;;;940
38580;201500042878;15;6;5;1610;1;2;1;1;3;73;LUXEMBOURG (AV DU);;;;940
38581;201500042879;15;6;11;1555;1;2;9;1;3;21;45, FRANKLIN ROOSEVELT (;;;;940
38582;201500042880;15;6;11;2120;2;2;9;1;3;73;LUXEMBOURG (AV DU);;;;940
38583;201500042881;15;6;12;825;1;2;1;1;3;21;PETIT LEROY (R DU);;;;940
38584;201500042882;15;6;12;1600;1;2;4;1;2;21;PERE MAZURIE (R DU);;;;940
38585;201500042883;15;6;12;1815;1;2;1;1;3;21;125, JEAN MERMOZ (BD);;;;940
38586;201500042884;15;6;15;2220;5;2;2;1;3;38;PAUL VAILLANT COUTURIER;;;;940
38587;201500042885;15;6;15;2255;5;2;9;1;2;21;CITE (AV DE LA);;;;940
38588;201500042886;15;6;16;800;1;2;6;1;3;65;HALLIERS/LINDBERGH;M;4875310.0;234984.0;940
38589;201500042887;15;6;18;1140;1;2;1;8;3;65;., CHARLES LINDBERGH (AV;;;;940
38590;201500042888;15;6;1;1135;1;2;1;1;6;73;193, STALINGRAD (BD DE);;;;940
38591;201500042890;15;6;25;830;1;2;1;1;4;21;FRANKLIN ROOSEVELT (AV);;;;940
38592;201500042891;15;6;25;1750;1;2;1;1;4;73;7, ALOUETTES (R DES);;;;940
38593;201500042892;15;6;26;800;1;2;1;1;4;34;02, PIERRE CURIE (PL);;;;940
38594;201500042893;15;6;26;915;1;2;1;1;3;21;., 11 novembre 1918 (Rue;;;;940
38595;201500042894;15;6;26;1805;1;1;1;1;5;65;RN 186;M;4875380.0;236165.0;940
38596;201500042895;15;6;27;2230;5;2;2;1;7;21;BEARN (R DU);;;;940
38597;201500042896;15;6;28;545;2;2;9;1;6;73;FONTAINEBLEAU (AV DE);;;;940
38598;201500042898;15;7;5;1100;1;2;1;1;4;65;., CIRCULAIRE (boulevard;;;;940
38599;201500042899;15;7;10;1805;1;2;1;1;6;73;22, FREDERIC MISTRAL PRO;;;;940
38600;201500042900;15;7;15;830;1;2;4;1;6;38;4, SAINTE COLOMBE (R);;;;940
38601;201500042902;15;7;19;2010;1;2;1;1;6;21;., BEARN (R DU);;;;940
38602;201500042903;15;7;20;1100;1;2;2;1;3;73;PARKING CCR BELLE EPINE;;;;940
38603;201500042904;15;7;23;1445;1;2;9;1;3;21;5 ter, GENERAL DE GAULLE;;;;940
38604;201500042905;15;7;23;2130;2;2;1;1;6;38;112, HENRI BARBUSSE (AV);;;;940
38605;201500042906;15;7;24;935;1;2;1;1;4;65;AV CHARLES LINDBERGH;;;;940
38606;201500042907;15;7;26;1750;1;2;1;2;7;38;., PAUL VAILLANT COUTURI;;;;940
38607;201500042908;15;7;31;1240;1;2;1;1;3;38;107, PAUL VAILLANT COUTU;;;;940
38608;201500042909;15;7;31;1700;1;2;2;1;3;38;HENRI THIRARD (R);;;;940
38609;201500042910;15;8;2;5;5;1;1;1;2;73;., FONTAINEBLEAU - CAR B;;;;940
38610;201500042912;15;8;17;1130;1;2;3;1;3;21;., GEORGES GUYNEMER (AV);;;;940
38611;201500042913;15;8;19;2155;2;2;2;1;3;38;PAUL VAILLANT COUTURIER;;;;940
38612;201500042914;15;8;21;1040;1;2;9;1;2;38;., LARROUMES (AV);;;;940
38613;201500042915;15;8;21;2125;5;1;1;1;6;65;5, LONGJUMEAU (R DE);;;;940
38614;201500042916;15;8;23;1755;1;1;4;1;3;73;., Boulevard du Nord;;;;940
38615;201500042917;15;8;23;1830;1;1;1;1;6;34;., ABREUVOIR (R DE L);;;;940
38616;201500042918;15;8;26;755;1;2;2;1;3;73;., FONTAINEBLEAU (AV DE);;;;940