;Num_Acc;an;mois;jour;hrmn;lum;agg;int;atm;col;com;adr;gps;lat;long;dep
39192;201500043561;15;11;5;2150;5;2;1;1;6;1;11 bis R MARECHAL FOCH;;;;940
39193;201500043562;15;11;6;1510;1;2;1;2;6;74;08, COLONEL FABIEN (R);;;;940
39194;201500043563;15;11;6;625;2;2;4;1;6;78;SEMARD/SEMARD;M;4872970.0;244687.0;940
39195;201500043564;15;11;8;1640;1;2;1;1;3;77;22, HONORE OURSEL (R);;;;940
39196;201500043565;15;10;17;1230;1;2;1;1;3;77;., PONT (R DU);;;;940
39197;201500043566;15;11;15;1940;5;2;4;1;1;78;PARIS/'APPEL DU 18 JUIN;M;4875520.0;244426.0;940
39198;201500043567;15;11;17;730;1;2;1;2;3;1;., VILLENEUVE (route de;;;;940
39199;201500043568;15;11;17;800;1;2;3;2;2;77;., SEINE (VOI DE);;;;940
39200;201500043569;15;6;1;1700;1;2;1;1;6;78;., PRESIDENT JOHN FITZGE;;;;940
39201;201500043571;15;12;1;1310;1;2;4;1;3;78;PL P SEMARD/PL P SEMARD;M;4872970.0;244687.0;940
39202;201500043572;15;12;6;1650;2;2;1;1;2;74;84, AV HENRI BARBUSSE;M;4876740.0;244102.0;940
39203;201500043573;15;12;7;1815;2;2;1;1;4;74;4, AV HENRI BARBUSSE;M;4876200.0;244239.0;940
39204;201500043574;15;12;14;1830;5;2;1;1;6;74;., RU DE GIRONDE (AV DU);;;;940
39205;201500043575;15;12;15;1820;5;2;1;3;6;78;2, HENRI JANIN (R);;;;940
39206;201500043576;15;12;21;1530;1;2;1;1;6;77;04, MARECHAL LYAUTEY (R;;;;940
39207;201500043577;15;1;8;845;1;2;3;1;2;80;., FAYS LIM COM (R);;;;940
39208;201500043578;15;1;15;1955;5;2;1;1;7;80;16, PARIS (AV DE);;;;940
39209;201500043579;15;1;21;1540;1;2;2;1;3;80;., REPUBLIQUE (AV DE LA);;;;940
39210;201500043580;15;1;21;1615;1;2;1;1;3;80;155, FONTENAY (R DE);;;;940
39211;201500043583;15;2;11;1425;1;2;1;1;3;80;STRASBOURG (R DE);;;;940
39212;201500043584;15;2;14;1900;5;2;2;1;2;80;98, PARIS (AV DE);;;;940
39213;201500043585;15;3;18;1905;3;2;1;1;2;67;0, PARIS (av. de);;;;940
39214;201500043586;15;3;19;1730;1;2;1;1;6;67;67BIS, PARIS (av. de);;;;940
39215;201500043587;15;4;7;925;1;2;1;1;3;80;., LAGNY (R DE);;;;940
39216;201500043588;15;4;13;1500;1;2;1;1;3;80;106, FONTENAY (R DE);;;;940
39217;201500043589;15;4;9;1020;1;2;2;1;3;80;DIDEROT (R);;;;940
39218;201500043590;15;5;6;1335;1;2;1;1;6;80;29, PREVOYANCE (R DE LA);;;;940
39219;201500043591;15;5;11;1920;1;2;1;1;2;80;., NOGENT (AV DE);;;;940
39220;201500043592;15;5;13;1600;1;2;2;1;6;67;DE GAULLE/LIEGE;M;4884360.0;241761.0;940
39221;201500043593;15;5;15;110;5;2;2;1;3;80;PARIS (AV DE);;;;940
39222;201500043595;15;5;31;1130;1;2;2;1;3;80;LIBERATION (BD DE LA);;;;940
39223;201500043596;15;6;9;1815;1;2;1;1;2;80;81, FRANCE (R DE);;;;940
39224;201500043598;15;6;17;1525;1;2;1;1;1;67;13, ALOUETTE (R DE L);;;;940
39225;201500043599;15;6;19;1700;1;2;1;1;2;80;21, VICTOR BASCH (R);;;;940
39226;201500043600;15;6;25;1735;1;2;3;1;6;80;56, FONTENAY (R DE);;;;940
39227;201500043601;15;7;5;2230;5;2;3;1;1;80;., PARIS (AV DE);;;;940
39228;201500043602;15;7;6;835;1;2;1;1;6;80;33, LIBERATION (BD DE LA;;;;940
39229;201500043603;15;7;9;1915;1;2;1;1;2;80;., MARIGNY (COUR);;;;940
39230;201500043604;15;6;28;1220;1;2;3;1;3;80;., MEUNIERS (R DES);;;;940
39231;201500043605;15;7;28;1720;1;2;3;2;2;80;., PASTEUR (R);;;;940
39232;201500043606;15;7;31;1940;1;2;2;1;1;80;204, FONTENAY (R DE);;;;940
39233;201500043607;15;8;27;2200;5;2;2;3;3;67;100, GENERAL DE GAULLE (;;;;940
39234;201500043608;15;8;28;1210;1;2;1;1;6;80;30, CHATEAU (AV DU);;;;940
39235;201500043609;15;9;1;1630;1;2;1;1;6;80;8, RAYMOND DU TEMPLE (R);;;;940
39236;201500043610;15;9;1;1835;1;2;1;1;6;80;MIDI (R DU);;;;940
39237;201500043611;15;9;11;1805;1;2;1;1;3;80;31BIS, FELIX FAURE (R);;;;940
39238;201500043612;15;9;14;1700;1;2;2;1;1;80;BERAULT (PL);;;;940
39239;201500043615;15;9;21;1905;2;2;5;2;6;80;PAIX (R DE LA);;;;940
39240;201500043616;15;9;27;1610;1;2;2;1;6;80;MINIMES (AV DES);;;;940
39241;201500043617;15;10;1;1850;1;2;1;1;6;80;60, MONTREUIL (R DE);;;;940
39242;201500043618;15;10;2;1330;1;2;2;1;3;67;GENERAL DE GAULLE (AV DU;;;;940
39243;201500043619;15;10;6;1130;1;2;1;8;7;80;30, PARIS (AV DE);;;;940
39244;201500043620;15;10;9;715;3;2;7;1;3;80;., MINIMES (AV DES);;;;940
39245;201500043621;15;10;10;1655;1;2;1;1;2;67;5, DAUMESNIL (AV);;;;940
39246;201500043623;15;10;15;850;1;2;3;2;6;67;10, JOFFRE (AV);;;;940
39247;201500043624;15;10;15;2200;5;2;2;2;2;67;DAUMESNIL (AV);;;;940
39248;201500043625;15;10;22;845;1;2;2;2;3;80;135, FRANCE (R DE);;;;940
39249;201500043626;15;10;27;2210;5;2;2;1;3;67;CHARLES DIGEON (PL);;;;940
39250;201500043627;15;11;5;1700;1;2;1;8;7;67;35, JOFFRE (AV);;;;940
39251;201500043628;15;11;6;1000;1;2;1;1;3;67;94, GENERAL DE GAULLE (A;;;;940
39252;201500043629;15;11;19;1850;5;2;3;2;6;80;59, MASSUE (R);;;;940
39253;201500043630;15;11;25;1110;1;2;2;2;3;80;26, PARIS (AV DE);;;;940
39254;201500043631;15;11;29;1455;1;2;1;1;1;67;39, DAUMESNIL (AV);;;;940
39255;201500043632;15;12;1;1755;5;2;4;1;2;67;GENERAL DE GAULLE (AV DU;;;;940
39256;201500043633;15;12;2;1045;1;2;1;1;6;67;09, GENERAL DE GAULLE (A;;;;940
39257;201500043634;15;12;9;1140;1;2;1;1;2;67;4, VICTOR HUGO (AV);;;;940
39258;201500043635;15;12;10;855;1;2;1;1;3;67;108, GENERAL DE GAULLE (;;;;940
39259;201500043636;15;12;10;1940;5;2;1;1;6;80;39 BIS, MONTREUIL (R DE);;;;940
39260;201500043637;15;12;12;2010;5;2;3;1;1;67;LAGNY (R DE);;;;940
39261;201500043638;15;12;15;1300;1;2;2;2;2;67;GENERAL DE GAULLE (AV DU;;;;940
39262;201500043639;15;12;15;2025;5;2;2;2;3;80;., PAUL DEROULEDE (AV);;;;940
39263;201500043640;15;12;18;915;1;2;1;1;3;80;199, FONTENAY (R DE);;;;940
39264;201500043641;15;12;18;1150;1;2;2;1;7;80;., JULES MASSENET (R);;;;940
39265;201500043642;15;12;29;1015;1;2;3;1;3;80;DE GAULLE/MINIMES;;;;940
39266;201500043643;15;12;31;2345;5;2;9;1;6;67;168, PARIS (av. de);;;;940
39267;201500043645;15;1;4;2240;5;2;3;1;6;81;angle, FONTAINEBLEAU (RT;;;;940
39268;201500043646;15;1;7;1910;3;2;3;8;6;81;angle, PETITE SAUSSAIE (;;;;940
39269;201500043647;15;1;10;1620;1;2;3;1;3;81;angle, MOULIN DE SAQUET;;;;940
39270;201500043648;15;1;16;620;4;2;1;1;6;81;162, ROUGET DE L ISLE (A;;;;940
39271;201500043649;15;1;23;2115;5;2;1;1;6;81;QU JULES GUESDE;M;4878110.0;241618.0;940
39272;201500043650;15;1;26;1215;1;2;3;1;3;81;angle, ODESSA (R D);;;;940
39273;201500043651;15;1;26;2000;4;2;1;2;6;81;Quai, JULES GUESDE (QU);;;;940
39274;201500043652;15;1;28;805;3;2;3;1;3;81;A, PRES (R DES);;;;940
39275;201500043653;15;1;28;1320;1;2;1;1;7;81;a, ABBE ROGER DERRY (AV;;;;940
39276;201500043655;15;1;30;1905;5;2;2;1;2;81;1, ABBE ROGER DERRY (AV;;;;940
39277;201500043656;15;1;31;1450;1;2;3;1;3;81;60, PAUL VAILLANT COUTUR;;;;940
39278;201500043657;15;2;2;500;3;1;1;2;2;81;A86, BRETELLE A86;M;4877450.0;240455.0;940
39279;201500043658;15;2;5;1205;1;2;1;1;6;81;85 BIS, LOUISE AGLAE CRE;;;;940
39280;201500043659;15;2;6;1755;5;2;1;1;6;81;JULIAN GRIMAU (R);;;;940
39281;201500043660;15;2;9;1000;1;2;6;8;3;81;17, ERNEST HAVET (AV);;;;940
39282;201500043661;15;2;15;2100;5;2;3;1;3;81;52, FORT (R DU);;;;940
39283;201500043662;15;2;17;1750;5;2;1;8;6;81;1, JULES FERRY (R);;;;940
39284;201500043663;15;2;23;1400;1;2;3;1;3;81;39, MOULIN DE SAQUET (AV;;;;940
39285;201500043664;15;2;26;1905;5;2;2;2;6;81;angle, MAXIMILIEN ROBESP;;;;940
39286;201500043665;15;2;27;1220;1;2;2;1;6;81;., LUCIEN FRANCAIS (AV);;;;940
39287;201500043666;15;3;3;1310;1;2;2;1;3;81;., LEON GEFFROY (R);;;;940
39288;201500043667;15;3;4;725;1;2;1;1;7;81;., GENERAL MALLERET JOIN;;;;940
39289;201500043668;15;3;4;1745;1;2;2;1;6;81;., YOURI GAGARINE (AV);;;;940
39290;201500043669;15;3;7;1950;5;2;1;1;3;81;60, LESUEUR (R);;;;940
39291;201500043670;15;3;11;2050;5;2;1;1;6;81;113, CAMILLE GROULT (R);;;;940
39292;201500043672;15;3;23;1315;1;1;1;1;6;81;146, LEON GEFFROY (R);;;;940
39293;201500043673;15;3;24;1840;1;2;1;2;2;81;30, EDITH CAVELL (R);;;;940
39294;201500043674;15;3;24;1140;1;2;1;2;2;81;13, ABBE ROGER DERRY (AV;;;;940
39295;201500043675;15;3;26;1145;1;2;1;2;6;81;13, ABBE ROGER DERRY (AV;;;;940
39296;201500043676;15;3;28;1005;1;2;1;2;6;81;117, ANSELME RONDENAY (R;;;;940
39297;201500043677;15;3;28;1450;1;2;2;1;3;81;., PAUL VAILLANT COUTURI;;;;940
39298;201500043678;15;4;10;1200;1;2;1;1;6;81;GENERAL MALLERET JOINVIL;;;;940
39299;201500043679;15;4;10;2130;5;2;1;1;6;81;14, ABBE ROGER DERRY (AV;;;;940
39300;201500043681;15;4;11;1005;1;2;3;1;6;81;Angle, PRESIDENT SALVADO;;;;940
39301;201500043682;15;4;13;915;1;2;3;1;6;81;Angle, GABRIEL PERI (R);;;;940
39302;201500043684;15;4;14;700;1;2;3;1;6;81;Angle, WATTEAU (VOI);;;;940
39303;201500043685;15;4;18;1800;1;2;1;1;6;81;35, AMPERE (R);;;;940
39304;201500043686;15;4;20;1400;1;2;3;1;6;81;Angle, MARGUERITES (R DE;;;;940
39305;201500043687;15;4;24;1625;1;2;1;1;6;81;27, MAXIMILIEN ROBESPIER;;;;940
39306;201500043689;15;5;2;1640;1;1;1;1;2;22;BRETELLE A86;M;4877340.0;240911.0;940
39307;201500043690;15;5;4;730;1;2;3;1;6;81;20, ABBE ROGER DERRY (AV;;;;940
39308;201500043691;15;5;9;915;1;2;1;1;6;81;., STALINGRAD (BD DE);;;;940
39309;201500043692;15;5;9;2250;5;2;1;1;6;81;58, JEAN JAURES (AV);;;;940
39310;201500043693;15;5;12;1840;1;2;3;1;6;81;Angle, AUBER (R);;;;940
39311;201500043694;15;5;13;1935;1;2;1;1;6;81;26, BOIELDIEU (R);;;;940
39312;201500043695;15;5;13;2250;5;2;1;1;6;81;20, ABBE ROGER DERRY (AV;;;;940
39313;201500043696;15;5;21;1810;1;2;1;1;6;81;niveau 27, LUCIEN FRANCA;;;;940
39314;201500043697;15;5;19;1245;1;2;1;1;6;81;face 99, ROUGET DE L ISL;;;;940
39315;201500043698;15;5;21;845;1;2;1;1;6;81;., PROFESSEUR CALMETTE (;;;;940
39316;201500043699;15;5;21;1810;1;1;1;1;6;81;BRETELLE A86;M;4877410.0;240232.0;940
39317;201500043702;15;5;24;2350;5;1;6;1;6;81;Angle, JULES GUESDE (QU);;;;940
39318;201500043704;15;5;27;1550;1;2;1;1;6;81;131, ROUGET DE L ISLE (A;;;;940
39319;201500043705;15;5;31;1920;1;2;1;1;6;81;26, ARDOINES (R DES);;;;940
39320;201500043706;15;6;4;25;5;2;3;1;3;81;., MOULIN DE SAQUET (AV;;;;940
39321;201500043707;15;6;4;730;1;2;1;1;6;81;1, LEMERLE VETTER (AV);;;;940
39322;201500043708;15;6;6;1830;1;2;2;1;6;81;79, STALINGRAD (BD DE);;;;940
39323;201500043709;15;6;7;1720;1;2;1;1;6;81;17, ABBE ROGER DERRY (AV;;;;940
39324;201500043710;15;6;8;1720;1;2;1;1;6;81;Angle, ABBE ROGER DERRY;;;;940
39325;201500043711;15;6;8;1919;1;2;1;1;6;81;17, EUGENE HENAFF (R);;;;940
39326;201500043712;15;6;9;1525;1;2;1;1;2;81;2, PAUL VAILLANT COUTURI;;;;940
39327;201500043713;15;6;10;1710;1;2;1;1;6;81;14, MAXIMILIEN ROBESPIER;;;;940
39328;201500043714;15;6;13;130;3;1;1;1;6;81;A86;M;4877430.0;240291.0;940
39329;201500043715;15;6;15;1805;1;2;1;1;1;81;., KLADNO (R DE);;;;940
39330;201500043716;15;6;17;1830;1;2;1;1;6;81;., ABBE ROGER DERRY (AV;;;;940
39331;201500043717;15;6;19;1145;1;2;3;1;6;81;110 AV A FRANCE/BAIGNADE;;;;940
39332;201500043719;15;6;22;1;5;2;1;1;3;81;33, COLONEL FABIEN (AV D;;;;940
39333;201500043720;15;7;3;2240;5;2;6;1;7;81;JULES GUESDE (QU);;;;940
39334;201500043721;15;7;6;720;1;2;1;1;3;81;24, PRESIDENT SALVADOR A;;;;940
39335;201500043722;15;7;7;815;1;2;2;1;6;81;53, JEAN JAURES (AV);;;;940
39336;201500043723;15;7;9;700;1;2;9;1;7;81;40, CHARLES HELLER (R);;;;940
39337;201500043724;15;7;9;1845;1;2;1;1;6;81;1, PAUL VAILLANT COUTURI;;;;940
39338;201500043725;15;7;11;1435;1;2;1;1;6;81;2, PRESIDENT SALVADOR AL;;;;940
39339;201500043726;15;7;11;2155;3;1;1;1;2;81;BRETELLE A86;M;4877340.0;240285.0;940
39340;201500043727;15;7;12;2110;2;2;1;1;6;81;68, MOULIN DE SAQUET (AV;;;;940
39341;201500043728;15;7;14;1235;1;2;3;1;6;81;Angle, PRESIDENT SALVADO;;;;940
39342;201500043729;15;7;14;2045;2;2;1;1;6;81;71, JULES GUESDE (QU);;;;940
39343;201500043730;15;7;15;1235;1;2;1;1;2;81;141, ROUGET DE L ISLE (A;;;;940
39344;201500043731;15;7;15;1900;1;1;1;1;6;81;1, MOULIN DE SAQUET (AV;;;;940
39345;201500043732;15;7;20;125;5;2;2;1;3;81;1, STALINGRAD (BD DE);;;;940
39346;201500043733;15;7;31;2015;2;2;1;1;6;81;5, ANDRE MAGINOT (AV);;;;940
39347;201500043734;15;8;1;455;3;1;1;1;2;81;BRETELLE A86;M;4877360.0;240410.0;940
39348;201500043736;15;8;4;1045;1;1;1;1;2;81;A86, BRETELLE A86;M;4877340.0;240312.0;940
39349;201500043737;15;8;7;2240;5;2;1;1;2;81;98, COLONEL FABIEN (PAS;;;;940
39350;201500043738;15;8;11;1340;1;2;2;1;3;81;Angle, EDITH CAVELL (R);;;;940
39351;201500043739;15;8;21;1310;1;2;3;1;1;81;Angle, JULES GUESDE (QU);;;;940
39352;201500043740;15;8;27;1245;1;1;1;3;2;81;A86, BRETELLE A86;M;4877360.0;240417.0;940
39353;201500043741;15;8;29;930;1;2;3;1;3;81;Angle, JULES GUESDE (QU);;;;940
39354;201500043742;15;9;1;1530;1;2;4;1;6;81;Angle, ABBE ROGER DERRY;;;;940
39355;201500043743;15;9;9;1115;1;2;2;1;7;81;Angle, JEAN JAURES (AV);;;;940
39356;201500043746;15;9;18;810;1;2;2;1;3;81;Angle, COLONEL FABIEN (A;;;;940
39357;201500043747;15;9;30;1025;1;2;1;1;6;81;120, STALINGRAD (BD DE);;;;940
39358;201500043748;15;10;2;830;1;2;2;1;6;81;1, EDOUARD TREMBLAY (R);;;;940
39359;201500043749;15;10;3;1030;1;2;1;1;6;81;12, GROUPE MANOUCHIAN (A;;;;940
39360;201500043750;15;10;6;1530;1;1;1;1;2;81;A86, BRETELLE A86;M;4877360.0;240428.0;940
39361;201500043751;15;10;8;1455;1;2;1;1;2;81;82-84, GENERAL MALLERET;;;;940
39362;201500043752;15;10;15;1955;5;2;1;2;3;81;Angle, CHANZY (AV);;;;940
39363;201500043753;15;10;18;620;5;2;1;1;3;81;27, MAXIMILIEN ROBESPIER;;;;940
39364;201500043754;15;10;23;1900;3;2;1;1;3;81;131, PAUL VAILLANT COUTU;;;;940
39365;201500043755;15;10;26;1415;1;2;2;1;1;81;2, YOURI GAGARINE (AV);;;;940
39366;201500043756;15;10;28;920;1;2;3;2;2;81;40, JULES GUESDE (QU);;;;940
39367;201500043757;15;10;30;840;1;1;1;1;3;81;A86, BRETELLE A86;M;4877350.0;240371.0;940
39368;201500043758;15;10;30;1710;1;2;1;1;6;81;28, PAUL VAILLANT COUTUR;;;;940
39369;201500043759;15;10;31;1610;1;2;3;1;3;81;Angle, NORIETS (R DES);;;;940
39370;201500043760;15;11;2;755;1;2;1;1;6;81;PAUL ARMANGOT (R);;;;940
39371;201500043761;15;11;2;1625;1;2;1;1;6;81;13, VOLTAIRE (R);;;;940
39372;201500043762;15;11;3;750;2;2;1;2;6;81;25-27, MAXIMILIEN ROBESP;;;;940
39373;201500043763;15;11;10;950;1;2;5;1;6;81;Angle, GABRIEL PERI (R);;;;940
39374;201500043764;15;11;16;1345;1;2;4;1;6;81;261, GABRIEL PERI (R);;;;940
39375;201500043765;15;11;16;1645;1;2;1;1;7;81;FRATERNITE (R DE LA);;;;940
39376;201500043766;15;11;17;525;5;2;1;2;7;81;139, PAUL VAILLANT COUTU;;;;940
39377;201500043767;15;11;23;1745;5;2;1;1;3;81;128, MOULIN DE SAQUET (A;;;;940
39378;201500043768;15;11;25;1715;5;2;1;2;7;81;24, PRESIDENT SALVADOR A;;;;940
39379;201500043769;15;11;30;910;1;2;1;1;6;81;27, MAXIMILIEN ROBESPIER;;;;940
39380;201500043770;15;12;1;1830;5;2;1;1;6;81;ANATOLE FRANCE (AV);;;;940
39381;201500043771;15;12;2;1755;5;2;1;1;3;81;32, PIERRE SEMARD (R);;;;940
39382;201500043773;15;12;7;1820;5;2;3;1;3;81;GUESDE/PORT A L'ANGLAIS;;;;940
39383;201500043774;15;12;17;1300;1;2;1;1;6;81;135, STALINGRAD (BD DE);;;;940
39384;201500043775;15;12;19;1010;1;2;1;1;6;81;02, EUGENE HENAFF (R);;;;940
39385;201500043777;15;12;22;1725;5;2;2;1;3;81;Angle, PETITE SAUSSAIE (;;;;940
39386;201500043778;15;12;23;1725;5;2;5;1;3;81;Angle, TALMA (R);;;;940
39387;201500043779;15;12;23;1755;5;2;1;1;6;81;., EDOUARD TIL (R);;;;940
39388;201500043780;15;12;26;1445;1;2;2;1;6;81;27, MARIO CAPRA (R);;;;940
39389;201500043781;15;12;29;1945;5;1;1;8;2;81;BRETELLE A86;M;4877440.0;240522.0;940
39390;201500043782;15;1;2;1240;1;2;2;1;3;18;BD DU GENERAL LECLERC;M;4894680.0;223810.0;950
39391;201500043783;15;3;1;1200;1;2;1;1;6;18;AV MAURICE UTRILLO;M;4894070.0;223450.0;950
39392;201500043784;15;1;14;1446;1;2;1;1;6;18;R DES ALLOBROGES;M;4895530.0;222110.0;950
39393;201500043785;15;3;5;1830;2;2;2;1;6;18;AV GABRIEL PERI;M;4894420.0;225090.0;950
39394;201500043786;15;1;15;1555;1;2;5;1;6;18;R VOLTAIRE;M;4894740.0;223280.0;950
39395;201500043787;15;3;13;800;1;2;3;1;6;18;BD  HELOISE;M;4893790.0;224610.0;950
39396;201500043788;15;1;15;910;1;1;1;1;4;18;QUAI DE BEZONS;M;4893010.0;223350.0;950
39397;201500043789;15;3;16;1130;1;2;3;1;3;18;R HENRI BARBUSSE;M;4893250.0;223160.0;950
39398;201500043790;15;1;20;1855;5;1;3;1;3;18;BD MARCEAU GUILLOT;M;4895590.0;225060.0;950
39399;201500043791;15;3;10;800;2;2;2;1;3;18;BD HELOISE;M;4893980.0;224870.0;950
39400;201500043792;15;12;23;744;3;2;3;1;6;18;R LOUIS LHERAULT;M;4894930.0;222870.0;950
39401;201500043793;15;1;22;1500;1;2;1;1;6;176;R SAINT-GERMAIN;M;4896160.0;219030.0;950
39402;201500043795;15;1;24;120;5;2;3;1;6;18;AV DE STALINGRAD;M;4895050.0;226320.0;950
39403;201500043797;15;1;27;935;1;2;1;1;6;176;BD JOFFRE;M;4896290.0;220130.0;950
39404;201500043798;15;3;26;1;5;2;3;1;3;18;BD MARCEAU GUILLOT;M;4895620.0;224870.0;950
39405;201500043800;15;3;12;1545;1;2;3;1;6;18;R DE RETHONDES;M;4894640.0;222990.0;950
39406;201500043801;15;1;29;2040;3;1;1;3;2;18;QU DE BEZONS;M;4893180.0;223740.0;950
39407;201500043802;15;4;4;10;4;2;1;2;4;18;PONT DE COLOMBES;M;4893370.0;224040.0;950
39408;201500043803;15;1;31;825;1;2;1;9;6;18;R JEAN LURCAT;M;4895130.0;222940.0;950
39409;201500043804;15;4;8;2138;5;2;2;1;3;18;R ALFRED LABRIERE;M;4894630.0;225420.0;950
39410;201500043805;15;2;2;1600;1;2;3;1;6;18;R PIERRE JOLY;M;4894630.0;225020.0;950
39411;201500043806;15;4;9;1350;1;2;3;1;2;18;R HENRI DUNANT;M;4894630.0;225010.0;950
39412;201500043807;15;2;13;1920;5;2;1;2;6;18;R DES AULNETTES;M;4893670.0;222310.0;950
39413;201500043808;15;6;10;1810;1;2;2;1;6;18;BD LEON FEIX;M;4894820.0;225190.0;950
39414;201500043809;15;2;10;1120;1;2;2;1;6;18;AV MAURICE UTRILLO;M;4894490.0;223380.0;950
39415;201500043810;15;4;27;1650;1;2;1;1;6;176;R SAINT MARTIN;M;4897850.0;220450.0;950
39416;201500043811;15;2;7;1450;1;2;4;1;3;18;BD GENERAL LECLERC;M;4893590.0;222640.0;950
39417;201500043812;15;4;26;1840;1;2;3;1;3;18;R BARATIER;M;4893710.0;223220.0;950
39418;201500043813;15;2;13;1845;5;2;1;2;3;18;RTE DE PONTOISE;M;4895350.0;220560.0;950
39419;201500043814;15;4;13;1320;1;2;2;1;3;176;R JEAN BART;M;4895870.0;219720.0;950
39420;201500043815;15;2;18;1630;1;2;5;1;6;18;AV JEAN JAURES;M;4894140.0;220740.0;950
39421;201500043816;15;4;18;1850;1;2;3;1;6;18;R GASTON DAGUENET;M;4895190.0;226690.0;950
39422;201500043818;15;5;6;1400;1;2;2;1;6;176;R DE SAINT-GERMAIN;M;4896690.0;219370.0;950
39423;201500043819;15;2;25;1350;1;2;2;1;3;18;R DU LCL PRUDHON;M;4894310.0;224250.0;950
39424;201500043820;15;5;14;2230;5;2;6;1;6;18;BD GENERAL DELAMBRE;M;4893390.0;222560.0;950
39425;201500043821;15;5;8;1340;1;2;1;1;6;18;AV MAURICE UTRILLO;M;4894620.0;223320.0;950
39426;201500043822;15;5;14;2000;1;2;1;1;1;18;R HENRI BARBUSSE;M;4893260.0;223180.0;950
39427;201500043823;15;5;9;1730;1;2;1;1;3;582;BD GABRIEL PERI;M;4896240.0;226090.0;950
39428;201500043824;15;5;5;2010;2;2;3;1;6;18;BD JEANNE D'ARC;M;4894520.0;224660.0;950
39429;201500043825;15;5;12;645;1;2;2;1;3;18;AV DE VERDUN;M;4895250.0;224350.0;950
39430;201500043826;15;5;13;835;1;2;2;1;3;18;AV GENERAL DE GAULLE;M;4894270.0;224310.0;950
39431;201500043827;15;5;18;1400;1;2;6;1;3;18;R DIX NEUF MARS 1962;M;4894680.0;223820.0;950
39432;201500043828;15;5;21;1730;1;2;1;1;3;18;AV JEAN JAURES;M;4894130.0;221190.0;950
39433;201500043829;15;7;1;1755;1;2;1;1;6;176;R DU MONT DE VILLIERS;M;4896550.0;220680.0;950
39434;201500043830;15;5;27;1651;1;2;1;1;3;18;R DES  DESERTS;M;4895160.0;227940.0;950
39435;201500043831;15;5;29;1309;1;1;1;1;6;18;QU DE BEZONS;M;4894220.0;225630.0;950
39436;201500043832;15;5;28;1845;1;2;2;1;5;18;R HENRI BARBUSSE;M;4893240.0;223160.0;950
39437;201500043833;15;6;3;1500;1;2;3;1;3;18;BD MARCEAU GUILLOT;M;4895590.0;225060.0;950
39438;201500043834;15;6;4;2135;1;2;1;1;6;18;AV JEAN JAURES;M;4894130.0;221310.0;950
39439;201500043835;15;5;17;1938;1;2;3;1;3;18;AV MARECHAL JOFFRE;M;4895790.0;223960.0;950
39440;201500043836;15;6;1;800;1;2;1;1;3;18;QUAI DE BEZONS;M;4894290.0;225730.0;950
39441;201500043837;15;6;2;838;1;2;1;1;3;18;R HENRI BARBUSSE;M;4893790.0;224170.0;950
39442;201500043839;15;6;8;815;1;2;3;1;3;176;BD CLEMENCEAU;M;4897390.0;218860.0;950
39443;201500043840;15;6;5;910;1;2;1;1;6;18;R DE LA NONNAISE;M;4895380.0;223920.0;950
39444;201500043841;15;6;20;2324;4;2;1;1;3;18;RTE DE CORMEILLES;M;4895830.0;222840.0;950
39445;201500043842;15;6;13;1445;1;2;3;1;6;18;R DEFRESNE BAST;M;4894660.0;225370.0;950
39446;201500043844;15;6;18;910;1;2;1;1;3;18;R HENRI BARBUSSE;M;4893330.0;223310.0;950
39447;201500043845;15;6;29;2104;1;2;1;1;7;18;ALL PAUL ELUARD;M;4895410.0;222660.0;950
39448;201500043846;15;7;1;1520;1;2;1;1;6;18;AV DU MARECHAL JOFFRE;M;4895880.0;223910.0;950
39449;201500043847;15;7;2;8;5;2;2;1;1;18;BD DU GENERAL DELAMBRE;M;4893040.0;222780.0;950
39450;201500043849;15;6;26;1620;1;2;3;1;3;176;BD JOFFRE;M;4896050.0;220290.0;950
39451;201500043850;15;6;29;825;1;2;3;1;2;18;R JEAN POULMARCH;M;4895510.0;221180.0;950
39452;201500043852;15;7;7;347;5;2;3;1;6;18;BD PIERRE CURIE;M;4895280.0;224510.0;950
39453;201500043853;15;7;9;2120;1;2;1;1;7;18;BD HELOISE;M;4894050.0;224980.0;950
39454;201500043854;15;7;10;1355;1;2;2;1;3;18;R DES BLEUETS;M;4894370.0;221830.0;950
39455;201500043855;15;7;18;1400;1;2;1;1;3;18;R MICHEL CARRE;M;4893360.0;223550.0;950
39456;201500043856;15;7;11;1900;1;2;1;1;6;18;R POIRIER FOURRIER;M;4894790.0;222830.0;950
39457;201500043857;15;7;30;245;5;2;1;1;7;18;AV JEAN  JAURES;M;4894140.0;221080.0;950
39458;201500043858;15;7;22;1800;1;2;1;1;3;18;RTE D'ENGHIEN;M;4895580.0;227820.0;950
39459;201500043859;15;7;10;1855;1;2;3;1;3;18;R DE JOLIVAL;M;4896190.0;227150.0;950
39460;201500043860;15;7;29;1809;1;2;3;1;3;18;R ARY SCHEFFER;M;4893540.0;224180.0;950
39461;201500043861;15;7;29;155;5;2;3;1;2;18;AV DE STALINGRAD;M;4895290.0;226930.0;950
39462;201500043862;15;7;31;1400;1;2;2;1;2;176;RTE D'ARGENTEUIL;M;4896970.0;220110.0;950
39463;201500043863;15;8;7;2310;5;2;2;1;3;18;R MICHEL CARRE;M;4893650.0;224010.0;950
39464;201500043864;15;8;16;145;5;2;1;1;3;18;RTE D' ENGHIEN;M;4895690.0;228520.0;950