;Num_Acc;an;mois;jour;hrmn;lum;agg;int;atm;col;com;adr;gps;lat;long;dep
39465;201500043865;15;8;9;1412;1;2;4;1;3;18;R ANTONIN GEORGES BELIN;M;4894720.0;224660.0;950
39466;201500043866;15;8;23;1415;1;2;1;1;6;18;BD JEAN  ALLEMANE;M;4896190.0;225940.0;950
39467;201500043867;15;8;21;1120;1;2;1;1;6;18;AV STALINGRAD;M;4895430.0;227250.0;950
39468;201500043868;15;9;2;815;1;2;3;1;2;18;R DE LA NONAISE;M;4895380.0;223910.0;950
39469;201500043869;15;8;27;425;4;2;2;2;3;18;R DE LA NONAISE;M;4895330.0;223710.0;950
39470;201500043870;15;9;14;1245;1;2;1;1;3;18;R DANIELE CASANOVA;M;4893030.0;222760.0;950
39471;201500043871;15;9;9;1845;1;2;1;1;2;18;AV MAURICE UTRILLO;M;4894660.0;223290.0;950
39472;201500043872;15;10;10;1620;1;2;1;1;3;18;R DU MOULIN SARRAZIN;M;4894060.0;223260.0;950
39473;201500043873;15;9;4;1835;1;2;1;1;3;63;R EDOUARD VAILLANT;M;4892520.0;221050.0;950
39474;201500043875;15;9;18;2130;4;2;1;1;6;582;R DE LA REPUBLIQUE;M;4897290.0;226230.0;950
39475;201500043876;15;9;21;1850;1;2;1;1;1;63;R EDOUARD VAILLANT;M;4892460.0;220920.0;950
39476;201500043877;15;9;11;1715;1;1;1;1;5;18;RD 311;M;4895510.0;227650.0;950
39477;201500043878;15;9;21;810;1;2;3;1;3;18;AV DE VERDUN;M;4895390.0;224280.0;950
39478;201500043880;15;9;28;840;1;2;1;1;6;63;RUE EMILE ZOLA;M;4892280.0;221490.0;950
39479;201500043881;15;9;22;1920;2;2;1;3;7;63;R SALVADOR ALLENDE;M;4891460.0;220410.0;950
39480;201500043882;15;9;30;1810;1;2;2;1;6;18;R JEAN BORDEREL;M;4894310.0;225270.0;950
39481;201500043883;15;10;1;1050;1;2;1;1;4;18;AV DE VERDUN;M;4895310.0;224330.0;950
39482;201500043884;15;10;1;1340;1;2;4;1;6;18;AV DU MARECHAL JOFFRE;M;4895940.0;223870.0;950
39483;201500043885;15;10;1;1931;2;2;2;1;3;18;BD GENERAL DELAMBRE;M;4893050.0;222780.0;950
39484;201500043886;15;10;5;1425;1;2;4;1;6;18;BD JEAN ALLEMANE;M;4895670.0;225620.0;950
39485;201500043888;15;10;4;1130;1;2;7;1;3;63;PL LENINE;M;4892260.0;221780.0;950
39486;201500043889;15;9;27;1735;1;2;1;1;6;18;AV JEAN JAURES;M;4894080.0;221730.0;950
39487;201500043890;15;10;12;1235;1;2;2;1;3;582;R LTNT GEORGES KEISER;M;4897710.0;225610.0;950
39488;201500043891;15;9;29;1350;1;2;1;1;6;18;R CHARLES LECOQ;M;4893960.0;222660.0;950
39489;201500043892;15;9;28;1100;1;2;1;1;5;18;QU DE BEZONS;M;4894250.0;225660.0;950
39490;201500043894;15;10;21;43;5;2;4;2;6;18;AV DU MARECHAL JOFFRE;M;4896660.0;223210.0;950
39491;201500043895;15;10;16;935;1;2;1;2;7;176;BD CLEMENCEAU;M;4897120.0;219240.0;950
39492;201500043896;15;10;16;700;2;2;1;2;2;18;RTE DE PONTOISE;M;4894470.0;220640.0;950
39493;201500043897;15;10;22;45;5;2;1;2;6;18;R HENRI  BARBUSSE;M;4893210.0;223090.0;950
39494;201500043898;15;10;20;1530;1;2;4;1;3;18;RD 15E;M;4893420.0;223990.0;950
39495;201500043900;15;10;25;1550;1;2;2;1;6;18;R DU NORD;M;4896090.0;225540.0;950
39496;201500043901;15;10;27;1405;1;2;1;1;6;18;BD GALLIENI;M;4894250.0;224270.0;950
39497;201500043902;15;10;30;1700;1;2;1;1;7;18;R DU LT COL PRUDHON;M;4894510.0;223960.0;950
39498;201500043903;15;11;2;820;2;2;1;1;3;18;AV GABRIEL  PERI;M;4894270.0;225250.0;950
39499;201500043904;15;11;3;1020;1;2;1;2;7;582;R PIERRE EMILE LESACQ;M;4897080.0;226860.0;950
39500;201500043905;15;10;21;550;5;2;1;1;3;18;RD 311;M;4893020.0;223390.0;950
39501;201500043907;15;11;17;315;5;1;3;2;7;18;RD 311;M;4893080.0;223540.0;950
39502;201500043908;15;11;13;1940;2;1;1;1;6;18;RTE DE CORMEILLES;M;4895870.0;222790.0;950
39503;201500043909;15;11;20;1715;5;2;1;1;6;18;RTE DE CORMEILLES;M;4895080.0;223650.0;950
39504;201500043910;15;11;24;1910;4;2;2;2;2;63;PL LENINE;M;4892250.0;221780.0;950
39505;201500043911;15;11;27;900;1;2;2;1;6;18;R  RECHSTEINER;M;4894980.0;224250.0;950
39506;201500043913;15;11;3;1851;5;2;1;1;6;18;R D'EPINAY;M;4895470.0;228480.0;950
39507;201500043914;15;12;13;2127;3;1;1;1;2;18;RTE DE CORMEILLES;M;4896350.0;221420.0;950
39508;201500043915;15;12;17;915;1;2;3;1;3;176;BD CLEMENCEAU;M;4897460.0;218750.0;950
39509;201500043917;15;12;10;1815;5;2;1;1;6;176;R DE SAINT-GERMAIN;M;4896736.0;219466.0;950
39510;201500043918;15;12;11;2009;5;2;3;1;3;18;RTE DE PONTOISE;M;4894810.0;220610.0;950
39511;201500043919;15;12;13;1;5;2;1;1;6;18;R PAULVAILLANT COUTURIER;M;4894510.0;225240.0;950
39512;201500043920;15;12;27;1545;1;2;1;1;2;18;AV MAURICE UTRILLO;M;4894770.0;223210.0;950
39513;201500043922;15;4;7;1225;1;2;1;1;6;63;R DE SARTROUVILLE;M;4893440.0;220360.0;950
39514;201500043923;15;5;12;2125;2;2;2;1;3;63;R DE SARTROUVILLE;M;4893360.0;220440.0;950
39515;201500043924;15;5;20;515;5;2;1;1;6;63;R EMILE ZOLA;M;4892380.0;220630.0;950
39516;201500043925;15;3;17;1700;1;2;3;1;3;63;R EDOUARD VAILLANT;M;4892510.0;221010.0;950
39517;201500043926;15;5;21;835;1;2;2;1;3;63;AV GABRIEL PERI;M;4893150.0;221170.0;950
39518;201500043927;15;6;10;2150;2;2;1;1;6;63;R ADRIEN DECOBECQ;M;4893750.0;220390.0;950
39519;201500043928;15;8;3;1855;1;2;1;1;6;63;R FRANCIS DE PRESSENSE;M;4892940.0;222060.0;950
39520;201500043929;15;7;1;1545;1;2;2;1;3;63;R LUCIEN SAMPAIX;M;4893740.0;220710.0;950
39521;201500043931;15;2;6;1535;1;2;1;1;6;63;R EMILE ZOLA;M;4892260.0;221710.0;950
39522;201500043932;15;2;4;740;2;2;1;1;3;63;R SALVADOR ALLENDE;M;4891840.0;221310.0;950
39523;201500043934;15;3;5;830;1;2;3;8;6;127;BD DE L'HAUTIL;M;4903040.0;207060.0;950
39524;201500043935;15;1;17;2327;3;1;1;1;2;500;BD DE LA VIOSNE;M;4904770.0;208090.0;950
39525;201500043937;15;1;8;715;3;2;1;1;6;500;AV GAL GABRIEL DELARUE;M;4904490.0;208840.0;950
39526;201500043938;15;3;20;950;1;2;1;8;6;572;R DU GENERAL LECLERC;M;4904560.0;210670.0;950
39527;201500043939;15;1;23;1606;1;2;1;1;6;500;R DE GISORS;M;4905180.0;209660.0;950
39528;201500043940;15;3;27;540;3;2;1;1;2;572;AV DU FOND DE VAUX;M;4904940.0;214710.0;950
39529;201500043941;15;1;28;2035;5;2;2;2;6;127;AV DU NORD;M;4903630.0;206870.0;950
39530;201500043942;15;4;4;1021;1;1;1;1;2;127;RN 14;M;4904990.0;206849.0;950
39531;201500043944;15;4;7;930;1;1;1;1;1;218;BD JACQUES DUCLOS;M;4901970.0;209840.0;950
39532;201500043945;15;2;19;1930;5;2;3;9;3;127;AV DU BONTEMPS;M;4905290.0;201779.0;950
39533;201500043946;15;4;10;1838;1;2;1;1;6;127;BD DE L'EVASION;M;4904950.0;201319.0;950
39534;201500043947;15;1;30;945;1;2;2;4;3;127;BD MOULIN A VENT;M;4904950.0;202340.0;950
39535;201500043948;15;4;15;1130;1;2;1;1;3;500;QU DU POTHUIS;M;4904910.0;210240.0;950
39536;201500043949;15;4;24;1550;1;2;1;1;6;218;AV ROGER GUICHARD;M;4902370.0;209640.0;950
39537;201500043950;15;2;26;1625;1;2;6;3;3;183;RD POINT DU MIROIR;M;4904440.0;200610.0;950
39538;201500043951;15;4;25;1426;1;2;3;1;3;500;CH JULES CESAR;M;4904670.0;208250.0;950
39539;201500043952;15;2;27;1600;1;1;1;1;1;74;RD 922;M;4902100.0;199230.0;950
39540;201500043953;15;4;29;2230;5;2;6;2;3;572;AV DE PARIS;M;4903520.0;212280.0;950
39541;201500043954;15;5;2;1734;1;2;3;2;3;572;R D'EPLUCHES;M;4905360.0;211850.0;950
39542;201500043955;15;5;13;1750;1;2;1;1;3;218;BD JACQUES DUCLOS;M;4902030.0;209940.0;950
39543;201500043956;15;6;6;715;1;2;1;1;7;476;R HENRI DUNANT;M;4906070.0;205810.0;950
39544;201500043957;15;6;5;2100;1;2;1;1;2;500;BD DE L'OISE;M;4903090.0;208990.0;950
39545;201500043958;15;6;12;1930;1;2;2;1;2;637;MAIL GEORGES BRASSENS;M;4902310.0;202740.0;950
39546;201500043959;15;6;16;835;1;2;1;1;6;323;BD D'ECANCOURT;M;4901070.0;204429.0;950
39547;201500043960;15;6;17;20;5;2;1;1;6;488;AV DE LA LIBERATION;M;4900330.0;218770.0;950
39548;201500043961;15;6;13;1225;1;1;1;1;3;450;R DE CONFLANS;M;4901210.0;207460.0;950
39549;201500043962;15;6;27;2300;3;2;3;1;3;488;AV GENERAL LECLERC;M;4901960.0;214830.0;950
39550;201500043963;15;7;20;2100;1;2;1;1;2;127;BD DU MOULIN A VENT;M;4905190.0;202409.0;950
39551;201500043964;15;7;25;1410;1;1;1;1;3;388;R DES EPINETTES;M;4902450.0;197450.0;950
39552;201500043965;15;8;1;1630;1;2;1;1;2;500;RUE EMILE ZOLA;M;4905610.0;208330.0;950
39553;201500043966;15;8;7;2140;5;1;1;1;7;218;BD JACQUES DUCLOS;M;4903080.0;210470.0;950
39554;201500043967;15;8;17;1015;1;1;1;1;2;476;RTE D'ENNERY;M;4907290.0;208579.0;950
39555;201500043968;15;8;31;515;5;2;1;1;6;572;AV DES BETHUNES;M;4904150.0;214070.0;950
39556;201500043969;15;8;31;2135;3;1;1;1;6;488;BD DU HAVRE;M;4900750.0;216940.0;950
39557;201500043970;15;9;2;1235;1;2;1;1;3;637;AV BORIS VIAN;M;4903240.0;201569.0;950
39558;201500043971;15;9;11;20;5;2;1;1;6;127;BD DU PORT;M;4903170.0;206260.0;950
39559;201500043972;15;9;19;1630;1;1;1;1;5;127;RN 14;M;4905540.0;205070.0;950
39560;201500043973;15;9;19;1810;1;2;4;1;6;572;AV GENERAL DE GAULLE;M;4904330.0;210790.0;950
39561;201500043974;15;10;3;1335;1;2;1;1;3;127;AV DES GENOTTES;M;4904970.0;203710.0;950
39562;201500043975;15;10;17;1520;1;2;6;1;3;127;RD POINT DU CHENE;M;4904710.0;202220.0;950
39563;201500043976;15;10;13;1830;1;2;1;1;2;127;BD DE L'OISE;M;4903910.0;207680.0;950
39564;201500043977;15;10;27;1827;5;2;1;2;1;323;AV DES SAULES BRULES;M;4901170.0;205660.0;950
39565;201500043978;15;11;9;1900;5;2;6;1;3;127;BD DE L'HAUTIL;M;4903470.0;208280.0;950
39566;201500043979;15;11;25;745;1;2;1;2;3;127;BD DE LA PAIX;M;4905370.0;202840.0;950
39567;201500043980;15;11;26;825;1;2;1;8;6;127;AV DU BONTEMPS;M;4905280.0;201929.0;950
39568;201500043981;15;11;27;1800;5;2;1;2;6;127;BD DE L' EVASION;M;4904830.0;201460.0;950
39569;201500043983;15;12;18;130;3;1;1;1;6;500;BD DE LA VIOSNE;M;4904480.0;207649.0;950
39570;201500043984;15;12;14;1745;5;2;2;1;3;127;BD DE L'HAUTIL;M;4903290.0;207890.0;950
39571;201500043986;15;12;25;1400;1;1;1;2;6;488;RTE D'ERAGNY BESSANCOURT;M;4902270.0;213530.0;950
39572;201500043987;15;12;27;510;5;1;1;1;3;271;R DE LA CROIX;M;4909110.0;207209.0;950
39573;201500043988;15;3;7;725;3;2;2;1;3;288;RTE DE CALAIS;M;4898490.0;236170.0;950
39574;201500043989;15;3;20;1300;1;2;1;1;6;427;R DU 11 NOVEMBRE 1918;M;4897480.0;234490.0;950
39575;201500043990;15;3;19;940;1;2;1;1;3;427;R GUYNEMER;M;4897490.0;233690.0;950
39576;201500043991;15;3;23;1755;1;2;3;1;6;197;AV DIVISION LECLERC;M;4896940.0;231390.0;950
39577;201500043992;15;3;29;2105;5;2;2;3;3;197;R NAPOLEON FAUVEAU;M;4897330.0;232470.0;950
39578;201500043993;15;4;3;850;1;2;1;1;1;427;AV DE LA  GARE;M;4897510.0;233730.0;950
39579;201500043994;15;4;4;1700;1;2;1;1;3;288;RTE DE CALAIS;M;4898270.0;236250.0;950
39580;201500043995;15;4;8;1620;1;2;3;1;3;427;AV MAURICE BERTEAUX;M;4897820.0;234980.0;950
39581;201500043996;15;4;1;640;3;2;1;1;6;427;RTE DE SAINT LEU;M;4895940.0;232850.0;950
39582;201500043997;15;4;14;1105;1;2;3;1;3;197;AV DIVISION LECLERC;M;4897140.0;231110.0;950
39583;201500043998;15;4;14;1908;1;2;1;1;6;197;R DU CHATEAU;M;4896860.0;231980.0;950
39584;201500043999;15;3;12;859;1;2;1;1;6;197;R DE LA CONCORDE;M;4896610.0;231720.0;950
39585;201500044000;15;3;13;1830;2;2;3;1;3;288;R DE LA CHASSE EPEE;M;4898490.0;233840.0;950
39586;201500044001;15;4;28;1820;1;2;1;1;6;427;R DES LEVRIERS;M;4897420.0;233850.0;950
39587;201500044002;15;5;11;1340;1;2;1;1;6;427;ALL DES ERABLES;M;4897790.0;235130.0;950
39588;201500044003;15;4;3;1830;2;2;1;1;6;197;R DU CHATEAU;M;4896760.0;231850.0;950
39589;201500044004;15;6;2;1250;1;2;2;1;3;197;RUE HAUTE;M;4897720.0;232740.0;950
39590;201500044005;15;6;15;815;1;2;3;1;6;427;R D' EPINAY;M;4896180.0;233260.0;950
39591;201500044007;15;6;24;715;1;2;1;1;5;288;RTE DE CALAIS;M;4898520.0;236140.0;950
39592;201500044009;15;7;1;1019;1;2;1;1;3;288;RTE DE CALAIS;M;4897780.0;236460.0;950
39593;201500044010;15;7;15;815;1;2;1;1;6;197;R CHARLES DE GAULLE;M;4897530.0;232510.0;950
39594;201500044011;15;8;7;5;3;2;1;1;6;427;RTE DE CALAIS;M;4897670.0;236480.0;950
39595;201500044012;15;8;19;1945;1;2;1;1;3;427;AV DE LA GARE;M;4897490.0;234290.0;950
39596;201500044013;15;8;27;730;1;2;2;2;6;197;R D'EPINAY;M;4895960.0;232840.0;950
39597;201500044014;15;9;7;2215;5;2;3;1;3;427;AV MAURICE UTRILLO;M;4897590.0;235180.0;950
39598;201500044015;15;9;24;1730;1;2;3;1;3;197;R DE BALZAC;M;4896220.0;232220.0;950
39599;201500044016;15;10;5;2035;5;2;1;1;2;427;R DE VILLETANEUSE;M;4897080.0;234720.0;950
39600;201500044017;15;10;23;2030;5;2;3;1;6;288;R CHARLES BONNETTE;M;4898610.0;235360.0;950
39601;201500044018;15;10;27;1750;1;2;1;1;2;288;BD  MAURICE UTRILLO;M;4897810.0;236150.0;950
39602;201500044019;15;12;4;1005;1;2;4;1;3;288;R DU DOCTEUR GOLDSTEIN;M;4898940.0;235690.0;950
39603;201500044020;15;1;7;1845;1;2;1;1;6;427;R D'EPINAY;M;4896870.0;234010.0;950
39604;201500044021;15;1;22;1520;1;2;1;1;3;427;R CARNOT;M;4896950.0;234080.0;950
39605;201500044022;15;1;23;824;1;2;1;1;6;197;R JEAN BOUIN;M;4896920.0;232030.0;950
39606;201500044023;15;2;18;1737;1;2;1;1;6;427;RTE DE SAINT LEU;M;4895740.0;233070.0;950
39607;201500044024;15;2;10;900;2;2;1;1;3;427;R D'EPINAY;M;4896670.0;233830.0;950
39608;201500044025;15;5;19;1045;1;2;1;1;6;427;R DU 11 NOVEMBRE 1918;M;4897480.0;234530.0;950
39609;201500044026;15;11;14;1410;1;2;1;1;6;197;RTE DE  SAINT DENIS;M;4896560.0;231920.0;950
39610;201500044027;15;3;4;1740;1;2;1;1;6;210;AV  LA DIVISIONLECLERC;M;4897330.0;230970.0;950
39611;201500044028;15;3;13;2030;5;2;1;1;4;598;AV  KELLERMANN;M;4898470.0;229510.0;950
39612;201500044029;15;4;1;945;1;2;1;1;2;598;AV KELLERMANN;M;4898410.0;229460.0;950
39613;201500044030;15;4;7;1602;1;1;2;1;3;14;RTE DE LA CROIX BLANCHE;M;4901170.0;230490.0;950
39614;201500044031;15;4;26;1750;1;2;1;2;1;598;R DE MONTMORENCY;M;4898830.0;230380.0;950
39615;201500044032;15;5;1;1745;1;2;1;1;6;555;R D'ORGEMONT;M;4896470.0;228150.0;950
39616;201500044033;15;5;9;1245;1;2;1;1;3;598;AV DE  PARIS;M;4898980.0;229150.0;950
39617;201500044034;15;5;21;1735;1;2;1;1;2;428;AV CHARLES DE GAULLE;M;4898380.0;232730.0;950
39618;201500044035;15;5;22;830;1;2;1;1;6;369;R D'EAUBONNE;M;4899890.0;228610.0;950
39619;201500044036;15;5;24;1520;1;2;1;1;6;598;AV KELLERMANN;M;4898490.0;229530.0;950
39620;201500044037;15;6;2;1350;1;2;1;1;2;598;AV DE PARIS;M;4898960.0;229180.0;950
39621;201500044038;15;6;3;720;1;2;2;1;3;598;AV DE PARIS;M;4898910.0;229240.0;950
39622;201500044039;15;6;10;940;1;2;3;1;6;428;AV REPOS DE DIANE;M;4899640.0;232890.0;950
39623;201500044040;15;6;11;1709;1;2;1;1;2;598;R DE MONTMORENCY;M;4898920.0;230550.0;950
39624;201500044041;15;6;12;730;1;2;1;1;3;555;RTE DE SAINT GRATIEN;M;4896010.0;227990.0;950
39625;201500044042;15;6;12;830;1;2;1;1;2;555;R BERTHIE ALBRECHT;M;4896850.0;228520.0;950
39626;201500044043;15;6;15;835;1;2;1;1;6;555;R BERTHIE ALBRECHT;M;4896740.0;228450.0;950
39627;201500044044;15;6;16;1857;1;2;1;1;1;428;R DE VERDUN;M;4899540.0;232610.0;950
39628;201500044045;15;6;17;2330;5;2;1;1;3;598;AV DE PARIS;M;4898980.0;229130.0;950
39629;201500044046;15;6;19;810;1;2;1;1;3;598;AV DU GENERAL LECLERC;M;4897960.0;220390.0;950
39630;201500044047;15;6;30;815;1;2;1;1;3;428;R DES CARRIERES;M;4898640.0;230970.0;950
39631;201500044048;15;7;10;1242;1;2;3;1;3;428;AV GEORGES CLEMENCEAU;M;4899340.0;232170.0;950
39632;201500044049;15;7;15;1818;1;2;1;1;2;428;R DE MARGENCY;M;4899280.0;231620.0;950
39633;201500044050;15;7;24;1110;1;2;1;1;3;210;R DU GENERAL DE GAULLE;M;4897210.0;230890.0;950
39634;201500044051;15;8;5;805;1;2;1;7;6;598;R DU DOCTEUR SCHWEITZER;M;4899550.0;230190.0;950
39635;201500044052;15;8;7;705;1;2;1;1;3;14;R ARISTIDE  BRIAND;M;4900590.0;230210.0;950
39636;201500044053;15;9;8;1400;1;2;1;1;3;428;R DU CLOS NOTRE DAME;M;4898630.0;232460.0;950
39637;201500044054;15;9;23;1620;1;1;1;1;6;210;R DU GENERAL DE GAULLE;M;4896990.0;230610.0;950
39638;201500044055;15;9;24;830;1;2;3;1;3;598;R DES FANAUDES;M;4898370.0;230310.0;950
39639;201500044056;15;9;29;840;1;2;3;1;3;598;AV GENERAL LECLERC;M;4897940.0;230410.0;950
39640;201500044057;15;10;2;1840;1;2;1;1;2;598;BLD D'ANDILLY;M;4900190.0;231240.0;950
39641;201500044058;15;10;13;820;1;2;1;1;2;598;R DU DOCTEUR SCHWEITZER;M;4899520.0;230270.0;950
39642;201500044059;15;10;16;2040;5;2;2;2;3;555;BD MARECHAL FOCH;M;4896410.0;228860.0;950
39643;201500044060;15;10;17;1530;1;2;2;8;3;210;R DU GENERAL DE GAULLE;M;4897190.0;230870.0;950
39644;201500044061;15;10;21;930;1;2;1;1;2;14;AV DE DOMONT;M;4900930.0;231270.0;950
39645;201500044063;15;11;5;1620;1;2;1;1;6;598;AV KELLERMANN;M;4898160.0;229270.0;950
39646;201500044064;15;11;5;1620;1;2;1;1;3;428;AV  CHARLES DE GAULLE;M;4898160.0;232130.0;950
39647;201500044065;15;11;8;1618;1;2;1;1;3;598;AV  KELLERMANN;M;4898230.0;229320.0;950
39648;201500044066;15;11;9;1800;1;2;2;1;1;598;AV GENERAL LECLERC;M;4897860.0;230520.0;950
39649;201500044067;15;11;12;805;5;2;1;1;3;428;R PERQUEL;M;4897560.0;231420.0;950
39650;201500044068;15;12;3;925;1;2;2;1;3;428;RUELLE DES MARTINETS;M;4898290.0;232830.0;950
39651;201500044069;15;12;3;1345;1;2;1;1;2;598;AV DE PARIS;M;4898940.0;229210.0;950
39652;201500044071;15;12;11;2140;5;2;1;1;1;210;R DU DEPART;M;4897390.0;230580.0;950
39653;201500044072;15;12;27;1517;1;2;3;1;3;555;AV DANIELLE CASANOVA;M;4897050.0;228750.0;950
39654;201500044073;15;1;2;2045;5;2;3;1;6;219;R DU GENERAL DE GAULLE;M;4898160.0;227090.0;950
39655;201500044074;15;3;3;1615;1;2;1;2;4;574;RTE DE MONTMORENCY;M;4900970.0;226430.0;950
39656;201500044075;15;1;14;1740;3;2;1;1;6;426;BD ARMAND HAYEM;M;4900640.0;228160.0;950
39657;201500044078;15;3;14;1950;5;2;1;1;3;491;R GABRIEL PERI;M;4899840.0;224590.0;950
39658;201500044079;15;1;19;2120;5;2;2;1;2;252;BD RHIN ET DANUBE;M;4898850.0;223030.0;950
39659;201500044082;15;3;24;1220;1;2;2;1;3;252;CHE DE LA MARE EPINEUSE;M;4899130.0;220640.0;950
39660;201500044083;15;1;31;1615;1;2;1;3;6;219;AV GEORGES POMPIDOU;M;4898220.0;224630.0;950
39661;201500044084;15;3;24;1320;1;2;1;1;6;219;R D'AQUILON;M;4898030.0;226140.0;950
39662;201500044085;15;3;25;715;1;2;6;2;3;203;CARR CHARLES DE GAULLE;M;4899490.0;227570.0;950
39663;201500044086;15;2;2;1840;5;2;6;1;3;219;R JEAN JAURES;M;4898020.0;226210.0;950
39664;201500044087;15;3;27;1415;1;2;2;1;3;252;AV DES MARAIS;M;4899910.0;221910.0;950
39665;201500044088;15;2;3;915;1;2;3;1;3;219;R NOEL SEYSEN;M;4898010.0;225740.0;950
39666;201500044089;15;4;12;205;5;2;1;1;7;219;R DU GENERAL LECLERC;M;4898120.0;227050.0;950
39667;201500044090;15;2;5;1900;5;2;1;1;3;252;AV DES MARAIS;M;4899530.0;222080.0;950
39668;201500044091;15;4;21;1000;1;2;1;1;6;252;R GENERAL LECLERC;M;4898410.0;222690.0;950
39669;201500044092;15;5;6;820;1;2;1;1;3;219;R DE LA REPUBLIQUE;M;4898860.0;226050.0;950
39670;201500044093;15;5;14;1445;1;2;1;3;6;582;AV DE  SABERNAUDE;M;4899830.0;220450.0;950
39671;201500044094;15;2;24;1545;1;2;4;2;4;203;R DU GENERAL LECLERC;M;4898880.0;227420.0;950
39672;201500044095;15;5;19;820;1;2;1;1;3;426;R DE LA  TOUR;M;4900690.0;227960.0;950
39673;201500044096;15;5;19;758;1;2;1;1;6;203;RTE DE MONTLIGNON;M;4900330.0;228110.0;950
39674;201500044097;15;2;26;2000;5;2;1;3;6;219;R JEAN RICHEPIN;M;4898930.0;224920.0;950
39675;201500044098;15;5;22;620;1;2;1;1;7;252;CHAUSSEE JULES CESAR;M;4900160.0;222060.0;950
39676;201500044099;15;5;26;2255;5;2;1;1;6;491;R CHARLES DE GAULLE;M;4900360.0;223930.0;950
39677;201500044100;15;5;27;1120;1;2;1;1;2;219;R DU 18 JUIN;M;4898930.0;225820.0;950
39678;201500044101;15;6;6;1600;1;2;1;1;2;252;BD DU BEL-AIR;M;4898830.0;223090.0;950
39679;201500044102;15;6;7;1830;1;2;1;1;6;203;RTE DE SAINT LEU;M;4899590.0;227310.0;950
39680;201500044104;15;6;12;2040;1;2;1;1;6;219;R DU STAND;M;4899480.0;225590.0;950
39681;201500044106;15;6;22;1605;1;2;1;2;6;203;R JEAN THOMAS;M;4899220.0;228590.0;950
39682;201500044107;15;6;22;1900;1;2;1;3;6;252;BD DU BEL-AIR;M;4898750.0;223290.0;950
39683;201500044108;15;6;26;1750;1;2;1;1;6;582;R LOUIS GILLET;M;4898060.0;224510.0;950
39684;201500044109;15;6;29;1620;1;2;1;1;6;426;R DES ECOLES;M;4900920.0;228340.0;950
39685;201500044110;15;7;2;900;1;1;1;1;7;252;CHE DES COTILLONS;M;4897970.0;222350.0;950
39686;201500044111;15;7;2;1350;1;2;2;1;3;491;AV  VIVIANI;M;4900090.0;224210.0;950
39687;201500044112;15;6;5;1400;1;2;1;1;6;574;AV GENERAL LECLERC;M;4900179.0;226321.0;950
39688;201500044113;15;7;13;2100;1;2;1;1;6;203;AV PREMIERE ARMEE;M;4899340.0;226560.0;950
39689;201500044114;15;7;18;2015;1;2;1;1;2;203;CH JULES CESAR;M;4898220.0;227940.0;950
39690;201500044115;15;7;19;150;5;2;1;2;6;219;RTE DE SAINT LEU;M;4899860.0;225310.0;950
39691;201500044116;15;7;31;1500;1;2;1;1;6;252;R DU GENERAL LECLERC;M;4898540.0;222430.0;950
39692;201500044118;15;8;5;915;1;2;1;1;6;219;R DE LA REPUBLIQUE;M;4898870.0;226010.0;950
39693;201500044119;15;8;5;1740;1;2;1;1;6;252;R DE PARIS;M;4898150.0;223270.0;950
39694;201500044121;15;8;24;1950;1;2;4;3;1;252;BD DU BEL-AIR;M;4898740.0;223330.0;950
39695;201500044122;15;8;30;1705;1;2;1;1;4;426;RTE DE PARIS;M;4900490.0;228230.0;950
39696;201500044123;15;9;3;930;1;2;1;7;6;203;BD DE LA  REPUBLIQUE;M;4899120.0;227520.0;950
39697;201500044124;15;9;3;2235;5;2;1;1;7;252;R DU GENERAL LECLERC;M;4898670.0;221870.0;950
39698;201500044125;15;9;6;2015;1;2;1;1;1;219;RTE DE SAINT LEU;M;4899660.0;225470.0;950
39699;201500044126;15;9;7;1155;1;2;1;1;3;203;RTE DE SAINT LEU;M;4899570.0;227350.0;950
39700;201500044127;15;9;15;1225;1;2;1;1;2;252;BD DU BEL-AIR;M;4898570.0;223750.0;950
39701;201500044128;15;9;15;1750;1;2;1;1;6;491;CHE MAISON NEUVE;M;4900490.0;223360.0;950
39702;201500044129;15;9;16;1355;1;2;1;2;3;252;BD DU BEL-AIR;M;4898570.0;223770.0;950
39703;201500044130;15;9;22;1720;1;2;1;2;3;252;BD MAURICE BERTEAUX;M;4898490.0;222750.0;950
39704;201500044131;15;10;1;1550;1;2;1;1;3;203;AV KELLERMANN;M;4897690.0;229160.0;950
39705;201500044133;15;10;11;1330;1;2;2;1;4;219;AV 1ERE ARMEE FRANCAISE;M;4899330.0;226510.0;950
39706;201500044134;15;10;15;1410;1;2;1;8;3;252;R DE LA STATION;M;4899410.0;223690.0;950
39707;201500044135;15;10;16;1415;1;2;3;2;3;203;RTE DE MONTMORENCY;M;4900420.0;227940.0;950