;Num_Acc;an;mois;jour;hrmn;lum;agg;int;atm;col;com;adr;gps;lat;long;dep
39708;201500044136;15;10;16;1610;1;2;1;8;3;491;R GABRIEL PERI;M;4899870.0;224510.0;950
39709;201500044137;15;10;18;1800;1;2;6;1;3;203;RTE DE SAINT LEU;M;4899490.0;227540.0;950
39710;201500044138;15;9;21;1615;1;2;1;1;2;426;R DE PARIS;M;4901310.0;228620.0;950
39711;201500044139;15;10;29;1140;1;2;1;1;2;219;R JEAN JAURES;M;4898240.0;226110.0;950
39712;201500044140;15;11;5;1010;1;2;1;1;3;203;RTE DE  MONTLIGNON;M;4899560.0;227610.0;950
39713;201500044142;15;11;6;1640;1;2;3;2;3;203;R TARBE DES SABLONS;M;4899390.0;227360.0;950
39714;201500044143;15;11;8;1815;5;2;1;1;2;203;AV DE PARIS;M;4899270.0;228370.0;950
39715;201500044144;15;11;9;1555;1;2;1;1;6;582;AV DE SABERNAUDE;M;4898010.0;224510.0;950
39716;201500044145;15;11;12;2030;5;2;1;1;2;219;R DU STAND;M;4899590.0;225350.0;950
39717;201500044146;15;11;14;1;5;2;3;1;1;491;CH JULES CESAR;M;4899810.0;223110.0;950
39718;201500044147;15;11;14;1910;5;2;2;2;3;491;CH JULES CESAR;M;4899590.0;223840.0;950
39719;201500044149;15;11;20;1230;1;2;1;1;2;252;BD RHIN ET DANUBE;M;4899150.0;222470.0;950
39720;201500044150;15;11;23;850;1;2;1;1;6;252;AV DES MARAIS;M;4899880.0;221880.0;950
39721;201500044151;15;11;26;750;2;2;1;1;6;219;AV DE LA MAIRIE;M;4899019.0;225648.0;950
39722;201500044153;15;11;28;2155;5;2;1;1;3;252;BD DU BEL-AIR;M;4898440.0;224080.0;950
39723;201500044156;15;12;9;1005;1;2;1;1;6;219;R LOUIS SAVOIE;M;4898980.0;225940.0;950
39724;201500044157;15;12;10;938;1;2;2;1;6;574;AV GENERAL LECLERC;M;4900610.0;225860.0;950
39725;201500044159;15;12;11;1110;1;2;1;2;2;203;AV VOLTAIRE;M;4899470.0;227730.0;950
39726;201500044160;15;12;15;1820;5;2;1;3;6;219;AV PRESIDENT G.POMPIDOU;M;4898320.0;224660.0;950
39727;201500044161;15;12;15;1845;5;2;1;3;6;582;BD CHARLES DE GAULLE;M;4897360.0;225320.0;950
39728;201500044162;15;12;16;1550;1;2;1;1;6;426;RTE DE PARIS;M;4900740.0;228450.0;950
39729;201500044163;15;12;19;2010;5;2;6;1;5;582;BD MAURICE BERTEAUX;M;4896720.0;227310.0;950
39730;201500044164;15;12;28;1025;1;2;6;7;6;219;R DU GRAND GRIL;M;4897980.0;227030.0;950
39731;201500044165;15;12;30;2015;5;2;6;1;6;203;RTE DE SAINT LEU;M;4899490.0;227560.0;950
39732;201500044167;15;2;13;725;2;2;1;1;6;252;R CHARLES BURGER;M;4899480.0;223170.0;950
39733;201500044168;15;2;12;1820;5;2;1;1;3;252;R DU GENERAL LECLERC;M;4898520.0;222460.0;950
39734;201500044169;15;2;25;1715;1;2;1;2;3;252;BD DU BEL AIR;M;4898440.0;224060.0;950
39735;201500044170;15;3;7;245;3;2;1;1;6;252;SENTIER DES MONTFRAIS;M;4897440.0;223560.0;950
39736;201500044171;15;10;25;2157;5;2;2;1;1;491;CH JULES CESAR;M;4899990.0;222610.0;950
39737;201500044172;15;9;16;2015;5;1;1;1;6;252;Sente bois des montfrais;M;4897540.0;223510.0;950
39738;201500044174;15;2;2;1645;1;2;1;1;6;268;R H . TOULOUSE LAUTREC;M;4897850.0;239420.0;950
39739;201500044175;15;2;17;1710;1;2;1;1;6;268;R H.TOULOUSE LAUTREC;M;4897910.0;239480.0;950
39740;201500044176;15;3;4;1545;1;2;1;1;1;268;R CHARLES GARNIER;M;4897080.0;239640.0;950
39741;201500044177;15;3;5;1500;1;2;1;1;6;268;R J-FRANCOIS CHALGRIN;M;4897090.0;240150.0;950
39742;201500044178;15;5;6;1300;1;2;1;2;6;277;R DU THILLAY;M;4898960.0;245190.0;950
39743;201500044180;15;5;19;810;1;2;1;7;6;280;AV ALBERT SARRAUT;M;4903230.0;245880.0;950
39744;201500044181;15;5;19;1500;1;2;1;1;6;19;R JEAN LAUGERE;M;4899460.0;241620.0;950
39745;201500044182;15;5;30;1910;1;2;3;1;6;280;AV DES MARRONIERS;M;4903510.0;244980.0;950
39746;201500044183;15;6;1;1630;1;2;1;1;3;280;BD ROGER SALENGRO;M;4903220.0;247390.0;950
39747;201500044184;15;6;1;900;1;2;4;1;3;280;BD GENERAL DE GAULLE;M;4901980.0;247010.0;950
39748;201500044185;15;6;3;1715;1;2;1;1;7;277;AV LEON BLUM;M;4900390.0;242460.0;950
39749;201500044186;15;6;7;825;1;1;1;1;2;277;RTE DE L'EUROPE;M;4898870.0;248340.0;950
39750;201500044187;15;1;2;1615;1;2;1;1;6;19;AV DE LA CONCORDE;M;4899760.0;241810.0;950
39751;201500044188;15;6;10;910;1;2;1;7;2;280;RTE DE ROISSY;M;4901140.0;247880.0;950
39752;201500044189;15;6;15;1244;1;2;2;1;3;280;AV DES TILLEULS;M;4903390.0;246480.0;950
39753;201500044190;15;6;23;1830;1;2;1;1;3;280;R COGNAC JAY;M;4903590.0;246630.0;950
39754;201500044191;15;6;28;2030;1;2;1;1;2;280;AV DE LA GARE;M;4901840.0;246680.0;950
39755;201500044193;15;8;6;2250;5;2;1;1;6;277;AV ROBERT SCHUMAN;M;4898770.0;243650.0;950
39756;201500044194;15;8;17;2215;5;2;3;1;3;280;R DE  BIR HAKEIM;M;4903240.0;247190.0;950
39757;201500044195;15;9;12;2125;3;2;6;2;3;19;AV PIERRE CURIE;M;4898560.0;242390.0;950
39758;201500044196;15;9;16;1250;1;2;1;2;6;280;R JOSEPH CUGNOT;M;4901980.0;246620.0;950
39759;201500044197;15;10;22;820;2;2;1;2;6;277;R BERTHELOT;M;4898060.0;245410.0;950
39760;201500044198;15;11;26;745;2;2;1;1;6;280;AV ALBERT SARRAUT;M;4902590.0;246280.0;950
39761;201500044199;15;12;10;143;3;1;1;1;6;277;RTE DE L'EUROPE;M;4896810.0;245560.0;950
39762;201500044200;15;12;10;1715;5;2;1;1;6;277;AV ROBERT SCHUMAN;M;4898560.0;243850.0;950
39763;201500044201;15;2;3;2129;3;2;1;1;2;277;RTE PARIS A SENLIS;M;4899120.0;247640.0;950
39764;201500044202;15;1;2;2025;5;2;1;1;6;280;BD FRERES MONTGOLFIER;M;4903880.0;245760.0;950
39765;201500044203;15;1;6;1035;1;2;1;1;6;280;BD ROGER SALENGRO;M;4903220.0;247390.0;950
39766;201500044204;15;1;20;1935;3;2;1;1;6;277;AV GEORGES POMPIDOU;M;4899050.0;243030.0;950
39767;201500044206;15;3;17;1920;2;2;1;1;3;280;R JEAN GOUJON;M;4904020.0;247490.0;950
39768;201500044207;15;3;24;2042;3;1;1;2;1;277;RTE DE L'EUROPE;M;4896720.0;245490.0;950
39769;201500044208;15;2;2;1530;1;2;1;1;3;280;AV DES TILLEULS;M;4903480.0;246750.0;950
39770;201500044209;15;3;31;1720;1;2;2;1;6;19;AV CHARLES VAILLANT;M;4898610.0;241530.0;950
39771;201500044211;15;2;13;1614;1;1;1;8;2;277;RD 370;M;4897750.0;245320.0;950
39772;201500044212;15;2;26;2030;5;2;1;2;1;280;BD ROGER SALENGRO;M;4903390.0;247220.0;950
39773;201500044213;15;3;17;900;1;1;6;1;3;277;R NUNGESSER ET COLI;M;4897910.0;245210.0;950
39774;201500044214;15;3;21;2334;5;1;1;2;2;277;CARR DES TULIPES;M;4896880.0;246450.0;950
39775;201500044215;15;3;23;1600;1;2;1;1;4;19;R HOCHE;M;4898290.0;242250.0;950
39776;201500044216;15;4;8;2045;3;1;2;1;3;277;CARR DES TULIPES;M;4896850.0;246510.0;950
39777;201500044217;15;4;9;1620;1;2;1;1;2;19;AV CHARLES VAILLANT;M;4898550.0;240830.0;950
39778;201500044218;15;4;13;1740;1;2;1;1;4;280;R AMBROISE CROIZAT;M;4902050.0;245440.0;950
39779;201500044219;15;4;19;615;5;1;1;1;6;277;R NUNGESSER ET COLI;M;4897610.0;245850.0;950
39780;201500044220;15;1;16;852;1;2;1;1;6;306;PL DE LA LIBERATION;M;4899090.0;216710.0;950
39781;201500044221;15;3;4;840;1;2;1;1;4;257;QU DE SEINE;M;4896910.0;218120.0;950
39782;201500044222;15;1;29;739;1;2;2;2;6;424;BD DE PONTOISE;M;4898070.0;218240.0;950
39783;201500044224;15;2;1;1200;1;2;1;1;6;424;BD VICTOR BORDIER;M;4899330.0;219670.0;950
39784;201500044225;15;4;17;1505;1;2;1;1;6;424;AV DES FRANCES;M;4899460.0;220050.0;950
39785;201500044226;15;2;8;1755;2;2;1;1;3;424;BD VICTOR BORDIER;M;4899510.0;219260.0;950
39786;201500044227;15;4;18;840;1;2;1;1;3;306;CHE DE  MONTIGNY;M;4899130.0;217790.0;950
39787;201500044228;15;2;12;1830;2;2;1;1;3;257;AV DES LILAS;M;4896180.0;218160.0;950
39788;201500044229;15;4;22;1745;1;2;1;1;6;306;R DE LA LOGE;M;4899560.0;216940.0;950
39789;201500044230;15;2;13;1602;1;2;3;1;3;424;AV DES FRANCES;M;4899840.0;220440.0;950
39790;201500044231;15;4;27;1715;1;2;1;1;6;306;MAIL DES COPISTES;M;4899890.0;218850.0;950
39791;201500044232;15;2;14;950;1;2;1;1;3;424;BD DE PONTOISE;M;4899110.0;218190.0;950
39792;201500044233;15;5;16;1730;1;2;3;1;3;424;AV DES FRANCES;M;4899830.0;220450.0;950
39793;201500044234;15;2;22;1015;1;2;1;1;3;257;BD DE PONTOISE;M;4898410.0;218170.0;950
39794;201500044235;15;5;23;200;5;2;1;1;6;306;BD DU HAVRE;M;4900640.0;217140.0;950
39795;201500044237;15;5;25;140;5;2;4;1;3;424;AV DE LA LIBERATION;M;4900670.0;219540.0;950
39796;201500044239;15;6;2;1730;1;2;1;1;4;306;RTE DE CONFLANS;M;4900420.0;212960.0;950
39797;201500044240;15;6;16;1755;1;2;1;1;3;257;BD DE  PONTOISE;M;4897740.0;218460.0;950
39798;201500044241;15;6;28;1150;1;2;1;1;6;424;RUE ARISTIDE BRIAND;M;4900440.0;220170.0;950
39799;201500044242;15;6;29;1925;1;2;1;1;3;306;AV DE LA LIBERATION;M;4900210.0;218510.0;950
39800;201500044243;15;7;30;1205;1;2;1;1;6;306;R DE PONTOISE;M;4899270.0;216760.0;950
39801;201500044244;15;8;22;1235;1;2;1;1;6;424;MAGASIN CARREFOUR;M;4899420.0;219950.0;950
39802;201500044245;15;9;14;925;1;2;1;1;3;424;BD DE PONTOISE;M;4898920.0;218190.0;950
39803;201500044246;15;9;29;1825;1;2;1;1;6;424;CHE DE LA MARE EPINEUSE;M;4899130.0;220630.0;950
39804;201500044247;15;10;6;832;1;2;1;1;2;306;RTE DE CONFLANS;M;4900050.0;214440.0;950
39805;201500044248;15;10;13;1625;1;2;1;1;6;424;AV ARISTIDE MAILLOL;M;4899450.0;220190.0;950
39806;201500044249;15;11;25;740;5;2;2;1;2;306;CHE DES BOEUFS;M;4901220.0;213190.0;950
39807;201500044250;15;11;27;850;1;2;2;1;3;257;R DU ONZE NOVEMBRE;M;4897810.0;217820.0;950
39808;201500044251;15;12;1;745;2;1;1;1;5;306;RTE DE PIERRELAYE;M;4900370.0;215670.0;950
39809;201500044252;15;12;17;500;5;2;1;1;6;306;R DES SABLONS;M;4899030.0;215890.0;950
39810;201500044253;15;12;18;1700;1;2;1;1;6;424;R  PIERRE CURIE;M;4898760.0;218240.0;950
39811;201500044254;15;3;4;1820;1;1;4;1;6;527;LINEAIRE 2B;M;4900610.0;254650.0;950
39812;201500044255;15;1;17;1135;1;1;1;1;6;73;Sortie Viaduc entre T2A;;;;930
39813;201500044257;15;5;4;1445;1;1;1;1;4;527;Circuit 2.0;M;4900950.0;253910.0;950
39814;201500044258;15;2;7;650;5;1;1;1;6;527;RTE DES BADAUDS;M;4900870.0;253820.0;950
39815;201500044260;15;4;13;600;5;2;1;1;4;527;Circuit 1.0;M;4900560.0;253590.0;950
39816;201500044261;15;3;16;1813;1;1;1;1;2;527;Voie  face T2;M;4901040.0;254920.0;950
39817;201500044262;15;7;3;1715;1;1;1;1;2;527;PERIPHERIQUE;M;4902870.0;255990.0;950
39818;201500044263;15;2;6;1550;1;1;1;1;2;527;R DES ANNIVERSAIRES;M;4901590.0;253330.0;950
39819;201500044264;15;7;9;2040;2;1;1;1;6;527;Circuit 2.0;M;4900950.0;253910.0;950
39820;201500044266;15;5;25;1126;1;1;1;9;6;73;CROIX AU PLATRE (ROUTE D;;;;930
39821;201500044267;15;8;28;510;5;1;1;2;6;527;Circuit 2.0;M;4900950.0;253910.0;950
39822;201500044268;15;12;31;1620;1;1;1;1;6;527;R DE NEW-YORK;M;4901020.0;255320.0;950
39823;201500044269;15;6;10;1420;1;1;1;1;3;212;Peripherique;M;4902910.0;256310.0;950
39824;201500044270;15;10;6;820;2;1;3;3;3;527;R DES BADAUDS;M;4900810.0;253130.0;950
39825;201500044271;15;8;24;2255;5;1;1;1;6;527;Circuit 2.0;M;4900940.0;253910.0;950
39826;201500044272;15;7;12;1845;2;1;1;1;7;527;R DU BERCEAU;M;4900680.0;253410.0;950
39827;201500044273;15;12;17;1700;5;1;1;1;2;527;R DES DEUX CEDRES;M;4899910.0;252580.0;950
39828;201500044274;15;12;9;730;2;1;1;1;2;527;Circuit 1.0;M;4900560.0;253590.0;950
39829;201500044275;15;12;10;449;5;1;1;1;6;527;RTE DU NOYER DU CHAT;M;4900460.0;254790.0;950
39830;201500044276;15;10;21;740;5;2;1;1;2;527;Circuit 2.0;M;4900940.0;253910.0;950
39831;201500044278;15;12;15;2020;5;1;1;3;6;527;Circuit 2.0;M;4900950.0;253910.0;950
39832;201500044279;15;4;16;755;1;1;1;1;4;527;Circuit 1.0;M;4900560.0;253590.0;950
39833;201500044280;15;5;28;750;1;1;1;1;7;527;RD 317;M;4901720.0;249420.0;950
39834;201500044281;15;2;11;540;5;1;1;1;6;527;RUE DES POSTES;M;4900770.0;254310.0;950
39835;201500044282;15;3;13;1010;1;1;1;1;6;294;PERIPHERIQUE SUD/RD 84 A;;;;770
39836;201500044283;15;4;3;700;2;1;1;5;1;212;RTE DES ARPENTEURS;M;4902770.0;254970.0;950
39837;201500044285;15;4;4;1315;1;1;1;8;6;527;Circuit 1.0;M;4900560.0;253590.0;950
39838;201500044286;15;4;21;1340;1;2;1;1;2;527;RTE DES PEUPLIERS;M;4900940.0;255090.0;950
39839;201500044287;15;5;3;635;2;1;1;2;6;527;VOIE RAPIDE T2-T3;M;4900610.0;254650.0;950
39840;201500044288;15;5;6;925;1;1;1;1;1;294;PERIPHERIQUE SUD/RD 84 A;;;;770
39841;201500044289;15;5;13;1300;1;2;1;1;2;13;6, ESPLANADE DE L'AIR ET;;;;930
39842;201500044290;15;5;15;1924;2;1;1;7;2;73;CROIX AU PLATRE (ROUTE D;;;;930
39843;201500044291;15;6;9;1520;1;2;1;1;2;527;VOIE RAPIDE T2-T3;M;4900610.0;254650.0;950
39844;201500044292;15;9;9;1;3;2;1;1;1;527;RN 104;M;4902690.0;251170.0;950
39845;201500044293;15;10;1;2108;5;2;1;1;4;527;Circuit 2.0;M;4900940.0;253910.0;950
39846;201500044294;15;10;4;2230;5;1;1;1;6;527;Circuit 2.0;M;4900940.0;253910.0;950
39847;201500044296;15;11;10;136;3;1;1;1;6;294;PERIPHERIQUE SUD/RD 84;;;;770
39848;201500044297;15;12;8;1135;1;1;1;8;2;527;Circuit 1.0;M;4900560.0;253590.0;950
39849;201500044298;15;1;29;1310;1;2;1;3;4;585;RTE DE GARGES;M;4898810.0;237850.0;950
39850;201500044300;15;3;31;1240;1;2;1;1;6;585;AV PAUL VALERY;M;4898020.0;237360.0;950
39851;201500044301;15;3;31;1225;1;2;1;1;6;585;AV AUGUSTE PERRET;M;4897620.0;238030.0;950
39852;201500044302;15;3;9;2345;5;2;1;1;6;585;BD ALBERT CAMUS;M;4897820.0;237130.0;950
39853;201500044303;15;12;16;800;1;2;1;1;1;585;R DES BAUVES;M;4899350.0;238260.0;950
39854;201500044304;15;4;9;1250;1;1;1;1;2;680;RD 316;M;4900960.0;238390.0;950
39855;201500044305;15;3;18;1945;2;2;1;1;6;585;AV PAUL VALERY;M;4897920.0;237990.0;950
39856;201500044306;15;3;26;900;1;2;1;1;6;585;BD ALBERT CAMUS;M;4897630.0;237060.0;950
39857;201500044307;15;4;18;1830;1;2;1;1;6;585;AV DIVISION LECLERC;M;4898750.0;237240.0;950
39858;201500044308;15;4;12;1900;1;2;1;1;2;585;AV PAUL VALERY;M;4897920.0;238120.0;950
39859;201500044309;15;3;12;1845;1;2;1;1;3;680;AV HENRI SELLIER;M;4900880.0;239860.0;950
39860;201500044310;15;5;18;740;1;2;1;1;6;539;AV DIVISION LECLERC;M;4899360.0;233620.0;950
39861;201500044311;15;2;27;1920;5;2;3;1;6;539;R DE PARIS;M;4899730.0;235660.0;950
39862;201500044312;15;5;22;1755;1;2;1;1;7;539;AV DIVISION LECLERC;M;4899560.0;234410.0;950
39863;201500044313;15;3;14;220;5;2;1;1;6;585;R DU FER A CHEVAL;M;4899360.0;239150.0;950
39864;201500044314;15;5;26;1640;1;2;1;1;3;585;BD MAURICE RAVEL;M;4897450.0;238240.0;950
39865;201500044315;15;6;9;1910;1;1;1;1;4;585;AV DIVISION LECLERC;M;4898030.0;236910.0;950
39866;201500044316;15;6;6;1920;1;2;1;1;7;585;R TAILLEPIED;M;4899380.0;237580.0;950
39867;201500044317;15;6;19;2020;1;2;1;1;6;585;ALL CHARLES BAUDELAIRE;M;4897590.0;238650.0;950
39868;201500044318;15;5;27;1420;1;2;1;1;6;680;AV PIERRE SEMARD;M;4900140.0;240690.0;950
39869;201500044319;15;6;18;930;1;2;3;2;5;585;RTE DES REFUZNICKS;M;4898420.0;238720.0;950
39870;201500044320;15;6;23;1945;1;2;1;1;1;585;BD MAURICE RAVEL;M;4897450.0;238240.0;950
39871;201500044321;15;7;1;1600;1;1;2;1;3;539;RD 301;M;4899160.0;236030.0;950
39872;201500044322;15;7;2;1820;1;2;1;1;6;585;AV PAUL VALERY;M;4897910.0;238160.0;950
39873;201500044323;15;7;10;2000;1;2;1;1;6;585;AV PAUL VALERY;M;4897870.0;238310.0;950
39874;201500044324;15;7;31;1600;1;2;6;1;1;585;PL DU SOUVENIR FRANCAIS;M;4899890.0;238010.0;950
39875;201500044325;15;8;16;2305;5;2;1;1;6;585;BD JACQUES COPEAU;M;4897580.0;236960.0;950
39876;201500044326;15;8;25;2210;5;2;1;2;6;680;AV PIERRE SEMARD;M;4899950.0;241250.0;950
39877;201500044327;15;9;10;750;1;2;1;1;6;680;AV DE LA CONCORDE;M;4899850.0;241570.0;950
39878;201500044328;15;9;4;1830;1;2;3;1;3;585;AV ANNA DE NOAILLES;M;4897580.0;237290.0;950
39879;201500044329;15;9;14;1915;1;2;1;2;2;539;R DE MARAINVAL;M;4900610.0;235720.0;950
39880;201500044330;15;9;1;2005;1;2;7;1;6;585;R JEAN LURCAT;M;4898260.0;238970.0;950
39881;201500044331;15;7;17;1210;1;2;1;1;6;585;ALL PAUL DUKAS;M;4897440.0;237290.0;950
39882;201500044332;15;9;20;1400;1;2;2;1;6;268;AV DU GENERAL DE GAULLE;M;4897660.0;239190.0;950
39883;201500044333;15;9;22;1140;1;2;1;2;6;268;AV DE STALINGRAD;M;4896910.0;241220.0;950
39884;201500044334;15;9;21;1535;1;2;3;1;5;585;AV PAUL VALERY;M;4898010.0;237470.0;950
39885;201500044335;15;9;22;1200;1;2;1;2;6;268;AV DE STALINGRAD;M;4897090.0;241430.0;950
39886;201500044336;15;9;27;1530;1;1;1;1;6;680;CHE DU COUDRAY;M;4901320.0;240030.0;950
39887;201500044338;15;10;8;1300;1;2;1;1;2;680;AV PIERRE SEMARD;M;4900080.0;240860.0;950
39888;201500044339;15;9;26;2040;5;2;1;1;6;585;BD SALVADOR ALLENDE;M;4897870.0;239290.0;950
39889;201500044340;15;10;9;1030;1;2;2;1;6;268;AV ANATOLE FRANCE;M;4897330.0;238960.0;950
39890;201500044341;15;10;12;2015;5;2;1;1;6;268;R LE NOTRE;M;4897160.0;239870.0;950
39891;201500044342;15;10;11;2250;3;1;1;1;2;539;RD 301;M;4900020.0;235970.0;950
39892;201500044343;15;10;16;510;5;2;2;2;3;268;AV AMBROISE CROIZAT;M;4896640.0;240930.0;950
39893;201500044344;15;10;13;630;5;2;1;1;6;585;AV CHARLES PEGUY;M;4898110.0;237570.0;950
39894;201500044345;15;10;27;2030;2;2;1;1;6;680;R DE LA REPUBLIQUE;M;4900680.0;238790.0;950
39895;201500044346;15;7;20;2025;1;2;1;1;6;268;R EDGAR DEGAS;M;4897750.0;239410.0;950
39896;201500044347;15;6;28;1400;1;2;1;1;2;268;AV DU GENERAL DE GAULLE;M;4897210.0;240110.0;950
39897;201500044349;15;11;4;1240;1;1;1;1;2;539;RD 301;M;4900020.0;235970.0;950
39898;201500044350;15;11;12;1800;5;2;1;1;2;680;AV PIERRE SEMARD;M;4900190.0;240450.0;950
39899;201500044351;15;11;19;1755;5;2;3;1;6;585;AV AUGUSTE PERRET;M;4897530.0;238570.0;950
39900;201500044352;15;11;20;2145;5;2;2;1;3;680;AV PIERRE SEMARD;M;4900250.0;240260.0;950
39901;201500044353;15;11;4;1325;1;2;1;1;6;585;R DES BAUVES;M;4899270.0;238380.0;950
39902;201500044354;15;10;16;1930;1;2;1;1;6;585;BD FRANCOIS MITTERAND;M;4898950.0;237550.0;950
39903;201500044355;15;9;29;900;1;2;1;1;6;268;R DU TIERS POT;M;4896810.0;239910.0;950
39904;201500044357;15;11;20;830;2;2;1;3;6;268;AV DU GENERAL DE GAULLE;M;4897670.0;239150.0;950
39905;201500044358;15;12;7;1930;5;2;1;1;4;585;BD ALBERT CAMUS;M;4897680.0;237080.0;950
39906;201500044359;15;12;19;1830;5;2;1;1;4;268;AV DU GENERAL DE GAULLE;M;4897310.0;240020.0;950
39907;201500044361;15;12;23;1730;5;2;1;1;6;268;R PAUL LANGEVIN;M;4897710.0;240910.0;950
39908;201500044362;15;12;23;900;1;2;1;1;6;680;R DE PARIS;M;4900990.0;238380.0;950
39909;201500044364;15;1;17;1600;1;2;3;1;6;585;AV ANNA DE NOAILLES;M;4897570.0;237290.0;950
39910;201500044365;15;1;21;2025;5;2;1;2;2;585;AV DU HUIT MAI 1945;M;4897740.0;237290.0;950
39911;201500044366;15;2;21;415;3;1;1;2;2;539;RD 301;M;4899190.0;236030.0;950
39912;201500044367;15;3;23;1005;1;2;1;1;2;607;AV DE DIVISION-LECLERC;M;4900850.0;221220.0;950
39913;201500044368;15;4;14;2005;1;2;1;1;6;607;BD TEMPS DES CERISES;M;4901710.0;222760.0;950
39914;201500044369;15;6;5;1315;1;2;2;1;3;563;R DE PARIS;M;4901620.0;224840.0;950
39915;201500044370;15;5;7;1030;1;2;1;1;6;51;CHAUSSEE JULES CESAR;M;4900850.0;219980.0;950
39916;201500044371;15;6;30;1020;1;2;4;1;3;60;AV DE LA REPUBLIQUE;M;4904240.0;220740.0;950
39917;201500044372;15;8;29;1920;1;2;6;1;3;51;AV PIERRE LOTI;M;4901820.0;220340.0;950
39918;201500044373;15;9;17;745;1;2;2;2;3;60;AV DE LA REPUBLIQUE;M;4904240.0;220740.0;950
39919;201500044374;15;9;23;910;1;2;3;1;6;607;PLACE DE LA GARE;M;4902540.0;222190.0;950
39920;201500044375;15;10;25;2155;5;2;3;1;3;51;CHAUSSEE JULES CESAR;M;4901230.0;218790.0;950
39921;201500044376;15;12;4;2100;5;2;1;1;3;607;R D'HERBLAY;M;4901570.0;220880.0;950
39922;201500044377;15;12;3;1810;5;2;1;1;6;607;R PASTEUR;M;4902590.0;222110.0;950
39923;201500044378;15;12;7;800;2;2;1;8;6;607;BD TEMPS DES CERISES;M;4902130.0;221990.0;950
39924;201500044379;15;1;29;2240;5;2;2;4;3;607;BD TEMPS DES CERISES;M;4902280.0;221750.0;950
39925;201500044380;15;1;31;2035;5;2;2;2;3;51;AV PIERRE CURIE;M;4901090.0;219650.0;950
39926;201500044381;15;2;8;1620;1;2;1;1;2;51;CHAUSSEE JULES CESAR;M;4901190.0;218940.0;950
39927;201500044382;15;2;11;1240;1;2;1;1;6;607;AV SALVADOR ALLENDE;M;4902010.0;222310.0;950
39928;201500044383;15;3;16;1020;1;2;1;1;3;563;BD ANDRE BREMONT;M;4900150.0;225160.0;950
39929;201500044384;15;5;24;1200;1;2;2;1;3;607;R DE BEAUCHAMP;M;4902540.0;221370.0;950
39930;201500044385;15;4;17;1855;1;2;1;1;3;607;BD TEMPS DES CERISES;M;4901910.0;222360.0;950
39931;201500044386;15;1;2;1415;1;2;1;1;2;4;MEZZAVIA ROUTE DE;M;0.0;0.0;201
39932;201500044387;15;3;31;920;1;2;1;1;3;4;SEBASTIANU COSTA BD;M;4193958.0;874309.0;201
39933;201500044389;15;1;4;345;5;2;3;1;3;4;NAPOLEON COURS APRES BEV;M;0.0;0.0;201
39934;201500044390;15;4;1;2110;5;1;3;1;3;4;GRANDVAL COURS IMPAIR;M;4191754.0;873013.0;201
39935;201500044391;15;1;8;2240;5;2;3;1;3;4;NAPOLEON III AVENUE PAIR;M;4192596.0;873447.0;201
39936;201500044392;15;4;6;2330;5;1;1;1;7;4;Rte CAMPO DELL ORO;M;4192036.0;879240.0;201
39937;201500044393;15;1;10;2100;5;2;3;1;3;4;Av de  PARIS;M;4191819.0;873447.0;201
39938;201500044395;15;1;11;1610;1;1;1;1;6;4;ILES SANGUINAIRES ROUTE;M;4190086.0;861654.0;201
39939;201500044397;15;4;3;1805;1;1;1;1;3;4;CAMPI LOUIS BD;M;4194241.0;875099.0;201
39940;201500044398;15;2;6;758;1;2;1;1;3;4;27, NAPOLEON COURS AVANT;M;4192193.0;873733.0;201
39941;201500044399;15;4;14;1305;1;2;1;1;2;4;19, NAPOLEON COURS AVANT;M;0.0;0.0;201
39942;201500044400;15;2;10;1240;1;2;3;1;3;4;cours lucien BONAPARTE;M;4191071.0;872180.0;201
39943;201500044402;15;5;23;500;5;2;1;1;6;4;14, ROSSINI PASCAL BD;M;0.0;0.0;201
39944;201500044403;15;4;8;1150;1;2;1;1;6;4;05, DAVIN IMPASSE;M;4191277.0;872800.0;201
39945;201500044404;15;2;22;2130;3;1;1;1;6;4;NATIONALE 196;M;4192610.0;880905.0;201
39946;201500044405;15;3;12;2115;5;2;1;1;2;4;CAMPI LOUIS BD;M;4194401.0;875511.0;201
39947;201500044406;15;5;30;345;5;1;1;1;6;4;ILES SANGUINAIRES ROUTE;M;0.0;0.0;201
39948;201500044407;15;6;11;1800;1;1;1;1;3;4;SARTENE ANCIENNE ROUTE;M;4192801.0;879562.0;201
39949;201500044408;15;6;16;2005;1;1;1;1;5;4;MARECHAL JUIN AVENUE;M;4194072.0;875034.0;201
39950;201500044409;15;6;25;2215;5;2;7;1;6;4;09, NAPOLEON COURS AVANT;M;4192029.0;873709.0;201
39951;201500044410;15;6;28;400;5;2;1;1;7;4;EUGENIE IMPERATRICE AVEN;M;4191987.0;873396.0;201
39952;201500044412;15;6;28;2350;5;2;1;1;7;4;REPUBLIQUE QUAI DE LA;M;4191953.0;873948.0;201