;Num_Acc;an;mois;jour;hrmn;lum;agg;int;atm;col;com;adr;gps;lat;long;dep
39953;201500044413;15;7;7;1823;1;2;2;1;3;4;GEORGES POMPIDOU AVENUE;M;0.0;0.0;201
39954;201500044414;15;7;12;113;5;2;1;1;3;4;Bld LANTIVY;M;4191710.0;873591.0;201
39955;201500044415;15;7;12;955;1;1;1;1;5;4;NATIONALE 193;M;4193925.0;880452.0;201
39956;201500044416;15;7;16;1530;1;2;6;1;3;4;NATIONALE 193;M;4192986.0;875739.0;201
39957;201500044417;15;7;18;1315;1;1;1;1;2;4;RD11;M;4193212.0;869178.0;201
39958;201500044418;15;7;25;1140;1;2;1;1;6;4;1ER CONSUL RCE RUE CANDI;M;4193505.0;874554.0;201
39959;201500044419;15;8;4;1612;1;2;3;1;6;4;PRINCE IMPERIAL COURS;M;4193418.0;874755.0;201
39960;201500044420;15;8;10;1417;1;2;3;1;6;4;NAPOLEON COURS APRES BEV;M;4192816.0;873859.0;201
39961;201500044421;15;8;1;1550;1;2;1;1;3;4;SANS, AEROPORT NAPOLEON;M;4192059.0;879386.0;201
39962;201500044422;15;8;21;2240;5;2;3;1;1;4;CAMPI RUE GENERAL;M;4191896.0;873569.0;201
39963;201500044423;15;8;21;1358;1;2;1;1;6;4;NAPOLEON COURS APRES BEV;M;4193203.0;893203.0;201
39964;201500044424;15;8;26;2210;5;1;1;1;6;4;ILES SANGUINAIRES ROUTE;M;0.0;0.0;201
39965;201500044425;15;9;8;2245;5;2;9;1;3;4;NATIONALE 193;M;4193407.0;875073.0;201
39966;201500044426;15;9;10;1005;1;2;1;1;6;4;ROSSINI PASCAL BD;M;0.0;0.0;201
39967;201500044427;15;9;18;925;1;2;1;1;6;4;SEBASTIANU COSTA BD;M;4194120.0;874637.0;201
39968;201500044428;15;9;26;1710;1;1;1;2;1;4;ALATA ROUTE;M;4193896.0;873824.0;201
39969;201500044429;15;9;29;1040;1;2;1;1;6;4;ASPRETTO ROUTE;M;4193208.0;875644.0;201
39970;201500044431;15;10;21;1339;1;2;1;1;6;4;., REPUBLIQUE QUAI DE LA;M;4192258.0;873946.0;201
39971;201500044432;15;11;7;934;1;2;1;1;3;4;RECCO ABBE BOULEVARD;M;4193741.0;873803.0;201
39972;201500044433;15;11;9;1745;2;2;1;1;6;4;., SEBASTIANU COSTA BD;M;4193968.0;874336.0;201
39973;201500044434;15;11;11;950;1;2;1;1;6;4;., BIANCAMARIA COLONEL E;M;4193299.0;873740.0;201
39974;201500044435;15;11;12;1500;1;2;1;1;6;4;NAPOLEON COURS AVANT BEV;M;4192474.0;873795.0;201
39975;201500044436;15;11;18;2245;5;2;3;1;3;4;Rte de MEZZAVIA;M;4194949.0;876864.0;201
39976;201500044437;15;12;15;920;1;2;1;1;6;4;PERALDI NICOLAS AVENUE;M;4193542.0;873662.0;201
39977;201500044438;15;12;18;1613;1;1;1;1;3;4;NATIONALE 193;M;4194045.0;880596.0;201
39978;201500044439;15;12;19;2330;5;1;1;1;6;4;SARTENE ANCIENNE ROUTE;M;4193024.0;878758.0;201
39979;201500044440;15;1;13;1340;1;2;1;1;6;381;1, COMEDIE (DE LA);M;4577360.0;483023.0;690
39980;201500044441;15;1;17;1720;5;2;1;1;6;381;8, JOSEPH SERLIN;M;4577500.0;483717.0;690
39981;201500044442;15;2;3;830;1;2;1;8;6;381;9, RUE PIERRE BLANC;;;;690
39982;201500044443;15;2;6;849;1;2;1;1;6;381;FERNAND REY;;;;690
39983;201500044444;15;2;17;2120;5;2;1;1;6;381;12, JEAN MOULIN;;;;690
39984;201500044445;15;1;3;1220;1;1;1;1;6;44;RN406.W;M;4875880.0;247013.0;940
39985;201500044446;15;1;4;215;4;1;1;3;6;73;A86 EXT;M;4876730.0;237872.0;940
39986;201500044447;15;1;4;345;5;1;1;8;2;112;A4;;;;750
39987;201500044448;15;1;4;1650;1;1;1;1;6;74;RN406.W;M;4876270.0;246659.0;940
39988;201500044450;15;1;8;835;1;1;1;1;2;28;A86 EXT;M;4879570.0;244294.0;940
39989;201500044451;15;1;8;1124;1;1;1;3;7;294;A104;M;4897042.0;257048.0;770
39990;201500044452;15;1;8;1610;1;1;1;1;7;18;A4;M;4881750.0;241528.0;940
39991;201500044453;15;1;9;2100;3;1;1;9;6;121;D471;M;4882929.0;266688.0;770
39992;201500044454;15;1;10;1745;1;1;1;1;4;42;A4;M;4882760.0;247042.0;940
39993;201500044456;15;1;11;835;1;1;1;1;2;373;RN104;M;4877540.0;261251.0;770
39994;201500044457;15;1;11;1236;1;1;1;1;2;52;A86 INT;M;4884520.0;249202.0;940
39995;201500044458;15;1;11;2125;4;1;1;1;6;169;RN104;;;;770
39996;201500044459;15;1;13;115;5;1;1;1;6;46;A86 INT;M;4881080.0;244889.0;940
39997;201500044460;15;1;13;945;1;1;1;1;3;73;A86 EXT;M;4877120.0;239090.0;940
39998;201500044461;15;1;14;940;1;1;1;1;2;514;A104;;;;770
39999;201500044462;15;1;14;1400;1;1;1;6;2;122;RN104;;;;770
40000;201500044464;15;1;15;610;3;1;1;8;5;15;A4;M;4883180.0;253201.0;940
40001;201500044465;15;1;15;650;3;1;1;1;2;79;A4;M;4883490.0;253757.0;940
40002;201500044466;15;1;16;616;3;1;1;8;6;69;A86 INT;M;4881640.0;244560.0;940
40003;201500044467;15;1;16;900;1;1;1;2;5;83;A4.W  (Province-Paris);;;;770
40004;201500044468;15;1;17;1250;1;1;1;1;5;28;A86 EXT;M;4877600.0;242860.0;940
40005;201500044469;15;1;17;1350;1;1;1;1;6;44;RN406.Y;M;4875720.0;247281.0;940
40006;201500044470;15;1;19;945;1;1;1;2;4;438;A104;;;;770
40007;201500044471;15;1;19;845;1;1;1;4;1;438;A104;;;;770
40008;201500044472;15;1;19;1945;4;1;1;1;4;18;A4;M;4881750.0;241808.0;940
40009;201500044473;15;1;20;745;3;1;1;1;7;294;A104;;;;770
40010;201500044474;15;1;20;840;4;1;1;1;6;79;A4;M;4883580.0;253939.0;940
40011;201500044475;15;1;21;820;2;1;1;2;6;28;A86 EXT;M;4878440.0;244056.0;940
40012;201500044476;15;1;23;920;1;1;1;1;5;112;A4;;;;750
40013;201500044477;15;1;23;2210;3;1;1;1;3;175;A5b (A105);;;;770
40014;201500044478;15;1;24;1210;1;1;1;1;2;438;A104;;;;770
40015;201500044479;15;1;24;1300;1;1;1;1;4;52;A86 INT;M;4884430.0;249236.0;940
40016;201500044480;15;1;24;2045;3;1;1;1;1;175;RN104;;;;770
40017;201500044481;15;1;24;2130;4;1;1;1;5;28;A86 EXT;M;4878440.0;244056.0;940
40018;201500044482;15;1;24;2300;4;1;1;1;4;17;A4;M;4883030.0;249236.0;940
40019;201500044483;15;1;26;550;5;1;1;1;6;52;A86 INT;M;4884270.0;249262.0;940
40020;201500044484;15;1;26;1425;1;1;1;2;3;46;A86 INT;M;4880540.0;244854.0;940
40021;201500044486;15;1;27;950;1;1;1;8;4;294;A104;;;;770
40022;201500044487;15;1;28;850;1;1;1;2;2;42;A4;M;4882860.0;247641.0;940
40023;201500044488;15;1;29;1745;2;1;1;2;6;18;A4;M;4881750.0;241873.0;940
40024;201500044489;15;1;30;1645;1;1;1;1;5;373;RN104;;;;770
40025;201500044490;15;1;31;1130;1;1;1;1;6;258;A4 (Paris-Province);;;;770
40026;201500044491;15;2;1;1140;1;1;1;1;6;2;A86 EXT;M;4877630.0;242293.0;940
40027;201500044492;15;2;1;1246;1;1;1;1;4;52;A86 INT;M;4884450.0;249229.0;940
40028;201500044493;15;2;1;1720;2;1;1;8;7;44;RN406.Y;M;4875790.0;247046.0;940
40029;201500044494;15;2;1;2340;3;1;1;1;2;53;N104;;;;770
40030;201500044495;15;2;3;930;1;1;1;1;3;294;A104;M;4897416.0;257813.0;770
40031;201500044496;15;2;4;400;5;1;1;1;5;112;A4;;;;750
40032;201500044497;15;2;4;1800;1;1;1;1;5;18;A4;M;4882490.0;239322.0;940
40033;201500044498;15;2;4;2110;3;1;1;1;5;372;A104;;;;770
40034;201500044499;15;2;5;816;1;1;1;1;3;46;A86 EXT;M;4879940.0;244587.0;940
40035;201500044500;15;2;5;2205;3;1;1;8;1;450;RN104;;;;770
40036;201500044502;15;2;6;845;1;1;1;1;7;258;A4.(Paris-Province);;;;770
40037;201500044503;15;2;6;1440;1;1;1;1;4;112;A4;;;;750
40038;201500044504;15;2;7;1140;1;1;1;1;3;450;RN104;;;;770
40039;201500044505;15;2;7;1600;1;1;1;1;2;373;RN104;;;;770
40040;201500044506;15;2;7;1915;3;1;1;1;2;258;A4 (Province-Paris);;;;770
40041;201500044507;15;2;8;1445;1;1;1;1;6;372;A104;;;;770
40042;201500044508;15;2;8;1900;3;1;1;1;7;373;RN104;;;;770
40043;201500044509;15;2;8;2055;4;1;1;1;6;44;RN406.W;M;4875800.0;247080.0;940
40044;201500044510;15;2;9;900;1;1;1;1;2;17;A4;M;4882710.0;250967.0;940
40045;201500044511;15;2;9;945;1;1;1;1;2;17;A4;M;4882940.0;248138.0;940
40046;201500044512;15;2;9;1755;2;1;1;1;3;373;RN104;;;;770
40047;201500044513;15;2;10;718;1;1;1;1;2;69;A4;M;4881750.0;242225.0;940
40048;201500044514;15;2;11;1040;1;1;1;1;2;294;A104;;;;770
40049;201500044515;15;2;11;1050;1;1;1;1;2;17;A4;M;4882940.0;249922.0;940
40050;201500044516;15;2;11;2000;3;1;1;1;4;237;A4;;;;770
40051;201500044517;15;2;12;30;4;1;1;1;4;112;A4;;;;750
40052;201500044518;15;2;12;800;1;1;1;1;7;28;RN406.W;M;4878150.0;244124.0;940
40053;201500044519;15;2;12;850;1;1;1;1;6;175;RN104;;;;770
40054;201500044520;15;2;12;1930;5;1;1;1;4;51;A4;;;;930
40055;201500044521;15;2;12;2000;5;1;1;1;5;46;A86 INT;M;4880720.0;244874.0;940
40056;201500044522;15;2;13;540;3;1;1;1;2;22;A86 EXT;M;4877640.0;242159.0;940
40057;201500044523;15;2;14;930;1;1;1;2;5;373;RN104;;;;770
40058;201500044524;15;2;14;1730;1;1;1;1;6;44;RN406.W;M;4875720.0;247187.0;940
40059;201500044525;15;2;14;1735;1;1;1;2;6;51;A4;;;;930
40060;201500044526;15;2;15;810;1;1;1;8;7;337;RN104;;;;770
40061;201500044527;15;2;19;650;3;1;1;1;5;46;A86 INT;M;4881250.0;244880.0;940
40062;201500044528;15;2;18;1615;1;1;1;1;3;51;A4;M;4883540.0;256843.0;930
40063;201500044529;15;2;20;1350;1;1;1;2;7;112;A4;;;;750
40064;201500044530;15;2;20;1750;2;1;1;2;7;17;A4;M;4882650.0;251831.0;940
40065;201500044531;15;2;20;2105;3;1;1;1;6;438;A104;;;;770
40066;201500044532;15;2;21;1505;1;1;1;8;6;112;A4;;;;750
40067;201500044533;15;2;21;1730;1;1;1;2;7;258;A4. (Paris-Province);;;;770
40068;201500044534;15;2;21;1930;3;1;1;1;2;51;A4;;;;930
40069;201500044537;15;2;25;1030;1;1;1;1;6;44;RN406.W;M;4875800.0;247079.0;940
40070;201500044538;15;2;25;1600;1;1;1;2;4;52;A86 INT;M;4884360.0;249257.0;940
40071;201500044539;15;2;25;2000;3;1;1;1;6;438;A104;;;;770
40072;201500044540;15;2;27;830;1;1;1;1;5;514;A104;;;;770
40073;201500044541;15;3;1;511;5;1;1;1;6;73;A86 EXT;M;4876750.0;237870.0;940
40074;201500044543;15;3;3;730;2;1;1;1;2;28;RN406.W;M;4876990.0;244912.0;940
40075;201500044544;15;3;3;1415;1;1;1;1;6;363;A104;;;;770
40076;201500044545;15;3;3;1800;1;1;1;2;6;44;RN406.W;M;4875880.0;247013.0;940
40077;201500044547;15;3;7;1750;1;1;1;1;3;65;A86 EXT;M;4875450.0;234840.0;940
40078;201500044548;15;3;8;1200;1;1;1;1;6;52;A86.INT;M;4884490.0;249216.0;940
40079;201500044549;15;3;9;1650;1;1;1;1;3;65;A86 INT;M;4875370.0;235766.0;940
40080;201500044550;15;3;10;1735;1;1;1;2;6;169;RN104;;;;770
40081;201500044551;15;3;11;630;1;1;1;1;3;17;A4;M;4883050.0;249250.0;940
40082;201500044552;15;3;11;915;1;1;1;1;5;18;A4;M;4882510.0;239295.0;940
40083;201500044553;15;3;12;845;1;1;1;1;4;294;A104;;;;770
40084;201500044554;15;3;12;910;1;1;1;1;4;294;A104;;;;770
40085;201500044555;15;3;12;1740;1;1;1;1;4;17;A4;M;4883040.0;248962.0;940
40086;201500044557;15;3;13;910;1;1;1;1;7;181;A4;;;;770
40087;201500044558;15;3;13;918;1;1;1;1;4;294;A104;;;;770
40088;201500044562;15;3;14;1920;3;1;1;1;5;258;A4 (Province-Paris);;;;770
40089;201500044563;15;3;17;940;1;1;1;1;1;514;A104;;;;770
40090;201500044564;15;3;17;1435;1;1;1;1;3;17;A4;M;4882640.0;251810.0;940
40091;201500044565;15;3;18;830;1;1;1;1;3;73;A86 EXT;M;4877040.0;238433.0;940
40092;201500044567;15;3;18;1740;1;1;1;1;2;28;A86 EXT;M;4879790.0;244457.0;940
40093;201500044568;15;3;19;1415;1;1;1;1;4;52;A86 INT;M;4883560.0;249370.0;940
40094;201500044569;15;3;19;1735;1;1;1;1;2;73;A86 INT;M;4877020.0;238227.0;940
40095;201500044572;15;3;25;120;3;1;1;2;6;79;A4;M;4883580.0;253972.0;940
40096;201500044573;15;3;25;645;1;1;1;2;5;112;A4;;;;750
40097;201500044574;15;3;25;900;1;1;1;1;3;65;A86 EXT;M;4875370.0;236575.0;940
40098;201500044575;15;3;26;1730;1;1;1;2;6;44;RN406.W;M;4875800.0;247079.0;940
40099;201500044576;15;3;26;1950;3;1;1;2;5;28;A86 EXT;M;4878350.0;244074.0;940
40100;201500044577;15;3;26;2015;3;1;1;2;7;69;A86 INT;M;4881670.0;245234.0;940
40101;201500044578;15;3;27;600;3;1;1;1;3;69;A86 INT;M;4881700.0;245317.0;940
40102;201500044579;15;3;28;1615;1;1;1;1;6;65;A86 INT;M;4875390.0;235366.0;940
40103;201500044580;15;3;28;2034;5;1;1;1;4;112;A4;;;;750
40104;201500044581;15;3;29;1330;1;1;1;1;7;258;A4.(Paris-Province);;;;770
40105;201500044582;15;3;29;1543;1;1;1;1;3;44;RN406.Y;M;4875720.0;247186.0;940
40106;201500044583;15;3;30;830;1;1;1;1;5;28;A86 EXT;M;4879720.0;244411.0;940
40107;201500044584;15;3;31;1305;1;1;1;1;2;73;A86 EXT;M;4875400.0;238041.0;940
40108;201500044587;15;4;3;2035;2;1;1;3;1;294;A104;;;;770
40109;201500044588;15;4;3;2115;4;1;1;3;2;69;A4;M;4881760.0;241944.0;940
40110;201500044589;15;4;4;625;3;1;1;8;6;181;A4;;;;770
40111;201500044590;15;4;4;838;1;1;1;2;1;373;RN104;;;;770
40112;201500044591;15;4;4;1300;1;1;1;2;6;258;A4.Y (Paris-Province);;;;770
40113;201500044592;15;4;6;210;3;1;1;1;2;449;A4;;;;770
40114;201500044593;15;4;6;1530;1;1;1;1;6;51;A4;M;4883470.0;258310.0;930
40115;201500044594;15;4;7;945;1;1;1;1;5;258;A4.W (Province-Paris);;;;770
40116;201500044595;15;4;7;2150;5;1;1;1;2;449;A4;;;;770
40117;201500044596;15;4;8;1600;1;1;1;1;3;46;A86 EXT;M;4880810.0;244896.0;940
40118;201500044598;15;4;9;440;5;1;1;1;6;17;A4;M;4882980.0;248410.0;940
40119;201500044599;15;4;9;520;3;1;1;1;4;122;RN104;;;;770
40120;201500044600;15;4;9;1700;1;1;1;1;3;169;A4.Y (Paris-Province);;;;770
40121;201500044601;15;4;9;1930;1;1;1;1;3;169;RN104;;;;770
40122;201500044602;15;4;10;600;3;1;1;1;3;28;A86 EXT;M;4878440.0;244056.0;940
40123;201500044603;15;4;10;900;1;1;1;1;4;438;A104;;;;770
40124;201500044604;15;4;10;845;1;1;1;1;4;73;A86 EXT;M;4875380.0;236912.0;940
40125;201500044605;15;4;11;1900;1;1;1;1;4;514;A104;;;;770
40126;201500044606;15;4;11;1945;1;1;1;1;3;17;A4;M;4882790.0;250423.0;940
40127;201500044607;15;4;12;2015;1;1;1;1;2;51;A4;M;4883610.0;255784.0;930
40128;201500044608;15;4;12;2320;5;1;1;1;2;28;RN406.W;M;4877620.0;244339.0;940
40129;201500044609;15;4;13;1605;1;1;1;1;3;65;A86 EXT;M;4875510.0;234583.0;940
40130;201500044610;15;4;14;950;1;1;1;1;5;495;A5b;;;;770
40131;201500044611;15;4;14;1335;1;1;1;1;4;28;A86 INT;M;4879990.0;244595.0;940
40132;201500044612;15;4;15;1455;1;1;1;1;5;81;A86 INT;M;4877380.0;240205.0;940
40133;201500044613;15;4;17;915;1;1;1;1;5;18;A4;M;4882490.0;239322.0;940
40134;201500044614;15;4;18;302;5;1;1;1;6;28;A86 EXT;M;4877790.0;244048.0;940
40135;201500044615;15;4;18;1315;1;1;1;1;3;65;A86 INT;M;4875440.0;234971.0;940
40136;201500044616;15;4;18;2200;3;1;1;1;5;51;A4;M;4883620.0;255652.0;930
40137;201500044617;15;4;19;1810;1;1;1;1;3;337;A4;;;;770
40138;201500044618;15;4;19;1830;1;1;1;1;4;175;RN104;;;;770
40139;201500044619;15;4;22;900;1;1;1;1;3;28;A86 EXT;M;4879570.0;244294.0;940
40140;201500044620;15;4;22;1030;1;1;1;1;2;517;A104.EXT;;;;770
40141;201500044621;15;4;24;830;1;1;1;1;3;17;A4;M;4882980.0;248410.0;940
40142;201500044622;15;4;24;1940;1;1;1;1;2;79;A4;M;4883400.0;253557.0;940
40143;201500044624;15;4;26;2000;1;1;1;2;5;17;A4;M;4882680.0;251413.0;940
40144;201500044625;15;4;29;630;1;1;1;1;6;112;A4;;;;750
40145;201500044626;15;4;30;730;1;1;1;2;6;11;RN406.W;M;4875870.0;248241.0;940
40146;201500044627;15;4;30;745;1;1;1;2;6;169;A4.Y (PARIS-PROVINCE);;;;770
40147;201500044628;15;5;1;420;3;1;1;2;6;11;RN406.W;M;4876340.0;249560.0;940
40148;201500044629;15;5;1;440;5;1;1;2;6;52;A4;M;4882640.0;246625.0;940
40149;201500044631;15;5;1;1820;1;1;1;2;6;44;RN406.W;M;4875820.0;247054.0;940
40150;201500044632;15;5;1;2010;1;1;1;1;6;337;A4;M;4883000.0;261529.0;770
40151;201500044633;15;5;1;2350;5;1;1;2;3;73;A86 INT;M;4876770.0;237857.0;940
40152;201500044634;15;5;2;40;4;1;1;2;6;112;A4;;;;750
40153;201500044635;15;5;2;930;1;1;1;2;5;373;RN104;;;;770
40154;201500044636;15;5;2;1130;1;1;1;1;2;169;RN104;M;4882080.0;261557.0;770
40155;201500044637;15;5;2;1312;1;1;1;1;3;28;A86 EXT;M;4880000.0;244641.0;940
40156;201500044639;15;5;2;1750;1;1;1;1;2;112;A4;;;;750
40157;201500044640;15;5;2;2030;2;1;1;2;5;28;A86 INT;M;4878700.0;244006.0;940
40158;201500044641;15;5;3;640;1;1;1;1;6;73;A86 INT;M;4876810.0;237869.0;940
40159;201500044642;15;5;3;730;1;1;1;2;6;69;A4;M;4881710.0;245502.0;940
40160;201500044643;15;5;3;915;1;1;1;2;3;73;A86 EXT;M;4876770.0;237874.0;940
40161;201500044644;15;5;3;2040;1;1;1;1;6;53;RN104;;;;770
40162;201500044645;15;5;4;1000;1;1;1;1;7;121;A4;;;;770
40163;201500044646;15;5;4;2130;3;1;1;8;6;294;A104 INT (A104D);M;4897534.0;258355.0;770
40164;201500044647;15;5;5;535;2;1;1;8;3;46;A86 EXT;M;4879820.0;244483.0;940
40165;201500044649;15;5;6;1128;1;1;1;1;4;52;A86 INT;M;4883820.0;249369.0;940
40166;201500044650;15;5;9;30;3;1;1;1;2;384;A5b;;;;770
40167;201500044652;15;5;11;935;1;1;1;1;2;33;A86.EXT;M;4886000.0;248564.0;940
40168;201500044653;15;5;12;920;1;1;1;1;2;495;A5b;;;;770
40169;201500044654;15;5;13;535;2;1;1;1;4;181;A4;;;;770
40170;201500044655;15;5;13;702;2;1;1;1;3;373;RN104;;;;770
40171;201500044656;15;5;15;650;1;1;1;1;7;33;A86.EXT;M;4885170.0;249044.0;940
40172;201500044657;15;5;15;1845;1;1;1;1;2;52;A86 INT;M;4884090.0;249283.0;940
40173;201500044658;15;5;16;415;3;1;1;1;6;373;RN104;;;;770
40174;201500044659;15;5;16;2245;3;1;1;1;2;22;A86 INT;M;4877660.0;241621.0;940
40175;201500044660;15;5;17;1715;1;1;1;1;6;65;A86 INT;M;4875420.0;235111.0;940
40176;201500044661;15;5;19;930;1;1;1;1;1;51;A4;M;4883520.0;257376.0;930
40177;201500044662;15;5;20;30;4;1;1;1;3;28;A86 INT;M;4880110.0;244698.0;940
40178;201500044663;15;5;20;840;1;1;1;1;2;28;A86 EXT;M;4879140.0;244102.0;940
40179;201500044664;15;5;21;800;1;1;1;1;2;2;A86 EXT;M;4877620.0;242427.0;940
40180;201500044665;15;5;22;1115;1;1;1;1;3;17;A4;M;4882650.0;251832.0;940
40181;201500044666;15;5;23;320;3;1;1;1;2;58;A4;M;4882980.0;274823.0;770
40182;201500044667;15;5;23;330;3;1;1;1;6;237;A4;;;;770
40183;201500044668;15;5;23;830;1;1;1;2;2;121;A4;;;;770
40184;201500044669;15;5;23;1610;1;1;1;1;4;17;A4;M;4882790.0;250451.0;940
40185;201500044670;15;5;23;1655;1;1;1;1;5;15;A4;M;4883060.0;252981.0;940
40186;201500044671;15;5;24;735;1;1;1;1;2;69;A4;M;4881740.0;243208.0;940
40187;201500044672;15;5;24;1211;1;1;1;1;3;17;A4;M;4882760.0;250725.0;940
40188;201500044673;15;5;25;1120;1;1;1;1;6;122;RN104;;;;770
40189;201500044674;15;5;26;845;1;1;1;1;2;69;A4;M;4881740.0;242226.0;940
40190;201500044675;15;5;26;1730;1;1;1;1;2;74;RN406.W;M;4876920.0;245007.0;940
40191;201500044676;15;5;26;1835;1;1;1;1;5;514;A104;;;;770
40192;201500044677;15;5;26;1920;1;1;1;1;4;69;A4;M;4881730.0;244044.0;940
40193;201500044679;15;5;29;950;1;1;1;1;3;73;A86 INT;M;4876410.0;238031.0;940
40194;201500044681;15;5;30;620;2;1;1;1;3;69;A86 INT;M;4881640.0;245173.0;940
40195;201500044682;15;5;30;1330;1;1;1;1;1;438;A104;;;;770
40196;201500044683;15;5;31;1455;1;1;1;2;1;373;RN104;;;;770
40197;201500044684;15;5;31;1745;1;1;1;2;2;251;RN104;;;;770
40198;201500044685;15;6;1;1530;1;1;1;1;6;69;A4;M;4881740.0;242227.0;940
40199;201500044687;15;6;2;830;2;1;1;1;3;337;A4;;;;770
40200;201500044688;15;6;3;820;1;1;1;1;4;363;A104;;;;770
40201;201500044689;15;6;3;1900;1;1;1;1;6;112;A4;;;;750
40202;201500044690;15;6;4;900;1;1;1;1;5;42;A4;M;4882660.0;246633.0;940
40203;201500044691;15;6;4;1740;1;1;1;1;1;51;A4;M;4883470.0;258042.0;930
40204;201500044692;15;6;4;1840;1;1;1;1;1;83;A4.W (PROVINCE-PARIS);;;;770
40205;201500044693;15;6;5;45;3;1;1;1;2;495;A5b;;;;770
40206;201500044694;15;6;5;725;1;1;1;1;3;46;A86 EXT;M;4880400.0;244863.0;940
40207;201500044695;15;6;5;1710;1;1;1;1;2;363;A104;;;;770
40208;201500044696;15;6;6;1910;1;1;1;1;2;69;A86 EXT;M;4881690.0;245441.0;940
40209;201500044697;15;6;8;130;3;1;1;1;6;28;RN406.W;M;4877830.0;244106.0;940
40210;201500044698;15;6;5;1139;1;1;1;1;3;73;A86 EXT;M;4877000.0;238169.0;940
40211;201500044699;15;6;9;1630;1;1;1;1;7;337;RN104;M;4882931.0;261873.0;770
40212;201500044700;15;6;9;1920;1;1;1;1;5;28;A86 EXT;M;4877600.0;242829.0;940
40213;201500044701;15;6;10;720;1;1;1;1;3;373;RN104;;;;770
40214;201500044702;15;6;10;745;1;1;1;1;1;83;A4.W (PROVINCE-PARIS);;;;770
40215;201500044703;15;6;10;2040;2;1;1;1;2;22;A86 EXT;M;4877650.0;241617.0;940
40216;201500044704;15;6;11;840;1;1;1;1;1;51;A4;M;4883550.0;256846.0;930
40217;201500044705;15;6;11;1645;1;1;1;1;4;69;A4;M;4881740.0;243625.0;940
40218;201500044706;15;6;11;1729;1;1;1;1;2;121;A4;;;;770
40219;201500044707;15;6;11;2130;1;1;1;1;7;258;RN104;;;;770
40220;201500044708;15;6;12;850;1;1;1;1;6;51;A4;M;4883470.0;258182.0;930
40221;201500044709;15;6;12;1730;1;1;1;1;2;69;A4;M;4881730.0;242929.0;940
40222;201500044710;15;6;13;30;5;1;1;1;6;73;A86 EXT;M;4876750.0;237870.0;940
40223;201500044711;15;6;14;1612;1;1;1;1;6;373;RN104;;;;770
40224;201500044712;15;6;14;1910;1;1;1;1;2;181;A4;;;;770
40225;201500044713;15;6;16;1730;1;1;1;1;4;18;A4;M;4881750.0;241528.0;940
40226;201500044714;15;6;18;2145;2;1;1;1;6;52;A86 INT;M;4883140.0;249087.0;940
40227;201500044715;15;6;19;829;1;1;1;1;2;51;A4;M;4883580.0;256042.0;930
40228;201500044716;15;6;19;1215;1;1;1;1;2;53;RN104;;;;770
40229;201500044717;15;6;21;715;1;1;1;1;6;11;RN406.W;M;4875880.0;248210.0;940
40230;201500044719;15;6;10;830;1;1;1;1;3;51;A4;;;;930
40231;201500044720;15;6;23;1838;1;1;1;1;2;52;A86 INT;M;4883700.0;249398.0;940
40232;201500044721;15;6;24;845;1;1;1;1;5;17;A4;M;4882790.0;250451.0;940
40233;201500044722;15;6;25;800;1;1;1;1;1;384;A5B;;;;770
40234;201500044723;15;6;27;1145;1;1;1;1;3;79;A4;M;4882830.0;252705.0;940
40235;201500044724;15;6;28;840;1;1;1;1;6;51;A4;M;4883540.0;256709.0;930
40236;201500044725;15;6;28;2024;1;1;1;1;4;514;A104;;;;770
40237;201500044726;15;6;29;815;1;1;1;1;2;53;RN104;;;;770
40238;201500044727;15;6;29;900;1;1;1;1;4;514;A104;;;;770
40239;201500044728;15;6;29;1144;1;1;1;1;3;17;A4;M;4882790.0;250451.0;940
40240;201500044729;15;6;29;1259;1;1;1;1;6;169;A4.Y PARIS-PROVINCE;;;;770
40241;201500044730;15;6;29;1950;1;1;1;1;5;42;A4;M;4882830.0;247448.0;940
40242;201500044731;15;6;30;650;1;1;1;1;4;337;A4;;;;770
40243;201500044732;15;6;30;940;1;1;1;1;2;73;A86 EXT;M;4877000.0;238179.0;940
40244;201500044733;15;6;30;1430;1;1;1;1;3;28;A86 INT;M;4877610.0;243095.0;940
40245;201500044735;15;6;30;1730;1;1;1;1;6;181;A4;;;;770
40246;201500044736;15;7;1;745;1;1;1;1;3;373;RN104;;;;770
40247;201500044737;15;7;1;910;1;1;1;1;2;46;A86 EXT;M;4880460.0;244874.0;940
40248;201500044738;15;7;1;1657;1;1;1;1;5;17;A4;M;4882790.0;250451.0;940
40249;201500044739;15;7;2;715;1;1;1;1;6;58;A86.EXT;M;4884450.0;249301.0;940
40250;201500044740;15;7;2;900;1;1;1;1;2;81;A86 EXT;M;4877400.0;240745.0;940
40251;201500044741;15;7;2;1645;1;1;1;1;5;28;A86 EXT;M;4877600.0;242828.0;940
40252;201500044742;15;7;3;750;1;1;1;1;4;373;RN104;;;;770
40253;201500044743;15;7;3;1335;1;1;1;1;4;438;A104;;;;770