;Num_Acc;an;mois;jour;hrmn;lum;agg;int;atm;col;com;adr;gps;lat;long;dep
40254;201500044744;15;7;3;1955;1;1;1;1;3;294;A104;;;;770
40255;201500044746;15;7;7;840;1;1;1;1;7;495;A5b;;;;770
40256;201500044747;15;7;9;340;3;1;1;1;7;28;A86 EXT;M;4878710.0;244033.0;940
40257;201500044748;15;7;9;630;1;1;1;1;6;337;A4;;;;770
40258;201500044749;15;7;9;1635;1;1;1;1;3;33;A86.EXT;M;4884980.0;249039.0;940
40259;201500044750;15;7;10;845;1;1;1;1;3;146;RN104.EXT (N104G);;;;770
40260;201500044751;15;7;10;1850;1;1;1;1;5;169;RN104;;;;770
40261;201500044752;15;7;11;1245;1;1;1;1;1;51;A4;M;4883450.0;258446.0;930
40262;201500044753;15;7;13;1945;1;1;1;1;2;52;A86 INT;M;4884090.0;249283.0;940
40263;201500044755;15;7;15;1520;1;1;1;1;2;73;A86 EXT;M;4875830.0;238397.0;940
40264;201500044756;15;7;16;900;1;1;1;1;7;52;A86 INT;M;4884170.0;249270.0;940
40265;201500044757;15;7;17;500;2;1;1;1;6;372;A104;;;;770
40266;201500044758;15;7;17;750;1;1;1;1;7;17;A86.EXT;M;4883090.0;249097.0;940
40267;201500044759;15;7;17;1230;1;1;1;1;4;17;A4;M;4882650.0;252131.0;940
40268;201500044760;15;7;18;2056;2;1;1;1;7;17;A86.EXT;M;4883130.0;249150.0;940
40269;201500044761;15;7;19;400;5;1;1;2;7;17;A86.EXT;M;4883140.0;249163.0;940
40270;201500044762;15;7;19;855;1;1;1;1;7;450;RN104;;;;770
40271;201500044763;15;7;19;2050;1;1;1;1;2;17;A4;M;4882680.0;251242.0;940
40272;201500044765;15;7;20;1805;1;1;1;1;4;22;A86 EXT;M;4877550.0;241300.0;940
40273;201500044766;15;7;22;917;1;1;1;1;3;69;A4;M;4881730.0;242642.0;940
40274;201500044768;15;7;24;1700;1;1;1;1;5;28;A86 EXT;M;4878880.0;244048.0;940
40275;201500044769;15;7;25;20;4;1;1;1;6;169;A4.Y;;;;770
40276;201500044770;15;7;25;100;3;1;1;1;2;169;A4.Y;;;;770
40277;201500044773;15;7;29;915;1;1;1;1;5;53;RN104;;;;770
40278;201500044774;15;7;30;830;1;1;1;1;2;69;A86 INT;M;4881680.0;245250.0;940
40279;201500044775;15;7;31;1525;1;1;1;1;2;17;A4;M;4882780.0;250589.0;940
40280;201500044776;15;7;31;1535;1;1;1;1;6;337;RN104;;;;770
40281;201500044777;15;8;1;215;5;1;1;1;6;42;A4;M;4882760.0;247042.0;940
40282;201500044778;15;8;1;1330;1;1;1;1;3;73;A86 INT;M;4877230.0;239636.0;940
40283;201500044779;15;8;2;622;1;1;1;1;2;17;A86.EXT;M;4883070.0;249073.0;940
40284;201500044780;15;8;3;1825;1;1;1;1;2;18;A4;M;4882280.0;239595.0;940
40285;201500044781;15;8;4;420;4;1;1;1;2;46;A86 INT;M;4879810.0;244451.0;940
40286;201500044782;15;8;5;820;1;1;1;1;3;514;A104;;;;770
40287;201500044783;15;8;5;2310;3;1;1;1;2;438;A104;;;;770
40288;201500044784;15;8;7;515;3;1;1;1;5;438;A104;;;;770
40289;201500044785;15;8;7;950;1;1;1;1;7;17;A4;M;4882980.0;248412.0;940
40290;201500044786;15;8;9;1020;1;1;1;8;6;18;A4;;;;770
40291;201500044787;15;8;10;550;2;1;1;1;2;73;A86 EXT;M;4876700.0;237874.0;940
40292;201500044788;15;8;11;1310;1;1;1;1;6;18;A4;M;4881750.0;241528.0;940
40293;201500044789;15;8;11;1715;1;1;1;1;2;18;A4;;;;770
40294;201500044790;15;8;11;1845;1;1;1;1;2;169;A4.Y;;;;770
40295;201500044791;15;8;11;2330;4;1;1;1;6;169;A4.Y;;;;770
40296;201500044792;15;8;12;1710;1;1;1;1;2;46;A86 INT;M;4881320.0;244848.0;940
40297;201500044793;15;8;15;445;5;1;1;3;2;17;A86.EXT;M;4883020.0;248980.0;940
40298;201500044794;15;8;15;754;2;1;1;5;6;514;A104;;;;770
40299;201500044795;15;8;16;2200;3;1;1;1;2;122;RN104;;;;770
40300;201500044797;15;8;21;755;1;1;1;1;7;52;A86.EXT;M;4883220.0;249217.0;940
40301;201500044798;15;8;22;300;5;1;1;1;6;17;A4;M;4882700.0;251136.0;940
40302;201500044799;15;8;22;2315;3;1;1;1;7;438;A104;;;;770
40303;201500044802;15;8;27;745;1;1;1;3;5;373;RN104;;;;770
40304;201500044803;15;8;27;1635;1;1;1;3;2;52;A86 INT;M;4883470.0;249327.0;940
40305;201500044804;15;8;28;630;1;1;1;1;2;73;A86 INT;M;4875360.0;237368.0;940
40306;201500044805;15;8;28;1445;1;1;1;1;2;33;A86.EXT;M;4885380.0;248973.0;940
40307;201500044806;15;8;28;1645;1;1;1;1;4;294;A104;;;;770
40308;201500044807;15;8;28;1805;1;1;1;1;2;69;A4;M;4881710.0;244323.0;940
40309;201500044808;15;8;29;1145;1;1;1;1;2;33;A86.INT;M;4885530.0;248840.0;940
40310;201500044809;15;8;29;1340;1;1;1;1;2;69;A86 EXT;M;4881600.0;245176.0;940
40311;201500044810;15;8;30;1415;1;1;1;1;4;52;A4;M;4882640.0;246628.0;940
40312;201500044812;15;8;31;1740;1;1;1;1;3;514;A104;;;;770
40313;201500044813;15;9;2;910;1;1;1;1;1;294;A104;;;;770
40314;201500044814;15;9;2;1115;1;1;1;1;2;81;A86 EXT;M;4877400.0;240505.0;940
40315;201500044815;15;9;2;1610;1;1;1;1;2;69;A4;M;4881730.0;242929.0;940
40316;201500044816;15;9;3;750;1;1;1;1;1;363;A104;;;;770
40317;201500044817;15;9;3;1650;1;1;1;1;4;258;A4.W;;;;770
40318;201500044818;15;9;3;1750;1;1;1;1;4;121;A4;;;;770
40319;201500044819;15;9;3;1745;1;1;1;1;2;42;A4;M;4882780.0;247176.0;940
40320;201500044821;15;9;6;235;5;1;1;1;2;69;A86 EXT;M;4881610.0;245203.0;940
40321;201500044822;15;9;7;1200;1;1;1;1;3;17;A4;M;4883030.0;248822.0;940
40322;201500044823;15;9;7;1330;1;1;1;1;2;46;A86 EXT;M;4880990.0;244903.0;940
40323;201500044824;15;9;7;1325;1;1;1;1;2;22;A86 EXT;M;4877580.0;241380.0;940
40324;201500044825;15;9;7;1555;1;1;1;1;1;373;RN104;;;;770
40325;201500044826;15;9;8;905;1;1;1;1;4;46;A86 EXT;M;4880630.0;244887.0;940
40326;201500044827;15;9;8;1800;1;1;1;1;7;18;A4;M;4882410.0;239394.0;940
40327;201500044828;15;9;9;730;1;1;1;1;6;337;RN104;;;;770
40328;201500044829;15;9;10;1000;1;1;1;1;2;79;A4;M;4883580.0;253972.0;940
40329;201500044830;15;9;10;1730;1;1;1;1;3;169;RN104;;;;770
40330;201500044831;15;9;10;1800;1;1;1;1;4;69;A4;M;4881740.0;243487.0;940
40331;201500044832;15;9;11;905;1;1;1;1;2;69;A4;M;4881750.0;243210.0;940
40332;201500044833;15;9;12;425;3;1;1;1;2;15;A4;M;4883060.0;252982.0;940
40333;201500044834;15;9;12;1535;1;1;1;3;2;373;RN104;;;;770
40334;201500044835;15;9;12;1845;1;1;1;3;2;22;A86 EXT;M;4877660.0;241750.0;940
40335;201500044836;15;9;12;1925;1;1;1;1;6;468;A104;;;;770
40336;201500044837;15;9;12;2012;2;1;1;2;6;28;A86 EXT;M;4877690.0;244055.0;940
40337;201500044838;15;9;13;330;3;1;1;2;6;83;A4.W;;;;770
40338;201500044839;15;9;13;820;2;1;1;2;2;169;RN104;M;4882230.0;261489.0;770
40339;201500044840;15;9;13;930;1;1;9;2;6;337;RN104;;;;770
40340;201500044841;15;9;13;935;1;1;1;2;2;258;A4.Y;;;;770
40341;201500044842;15;9;13;1230;1;1;3;2;3;337;VPO.INT;;;;770
40342;201500044843;15;9;13;1430;1;1;1;3;3;258;A4.Y;;;;770
40343;201500044845;15;9;14;1900;1;1;1;1;4;51;A4;;;;930
40344;201500044846;15;9;14;2120;5;1;1;1;2;69;A4;M;4881760.0;242466.0;940
40345;201500044847;15;9;15;700;1;1;1;1;3;22;A86 INT;M;4877650.0;242023.0;940
40346;201500044848;15;9;15;945;1;1;1;1;1;181;A4;;;;770
40347;201500044849;15;9;15;950;1;1;1;3;4;181;A4;;;;770
40348;201500044850;15;9;15;1920;1;1;1;1;2;58;A86.EXT;M;4884320.0;249300.0;940
40349;201500044851;15;9;16;835;1;1;1;3;7;18;A4;M;4882290.0;239617.0;940
40350;201500044852;15;9;16;930;1;1;1;3;3;18;A4;M;4882130.0;239954.0;940
40351;201500044853;15;9;16;1350;1;1;1;1;5;514;A104;;;;770
40352;201500044854;15;9;16;1800;1;1;1;2;2;73;A86 EXT;M;4877140.0;239220.0;940
40353;201500044855;15;9;17;710;1;1;1;1;3;28;A86 INT;M;4878440.0;244056.0;940
40354;201500044856;15;9;17;1200;1;1;1;1;3;237;A4;;;;770
40355;201500044857;15;9;18;1515;1;1;1;1;7;33;A86.EXT;M;4884890.0;249072.0;940
40356;201500044858;15;9;18;2155;5;1;1;1;6;112;A4;;;;750
40357;201500044859;15;9;19;1930;2;1;1;1;2;514;A104;;;;770
40358;201500044860;15;9;20;531;5;1;1;1;5;17;A86.EXT;M;4883080.0;249091.0;940
40359;201500044861;15;9;20;945;1;1;1;1;4;237;A4;;;;770
40360;201500044862;15;9;20;2220;4;1;1;1;2;69;A4;M;4881750.0;242469.0;940
40361;201500044863;15;10;6;1120;1;1;1;1;2;363;A104;;;;770
40362;201500044864;15;9;21;1500;1;1;1;1;2;517;A104;;;;770
40363;201500044865;15;9;24;815;1;1;1;1;3;52;A86.EXT;M;4884230.0;249300.0;940
40364;201500044866;15;9;24;2016;3;1;9;3;4;294;A104;;;;770
40365;201500044867;15;9;25;732;1;1;1;5;4;468;A104;;;;770
40366;201500044869;15;9;26;1545;1;1;1;1;6;237;A4;;;;770
40367;201500044870;15;9;26;1540;1;1;1;1;6;372;A104;;;;770
40368;201500044872;15;9;28;820;1;1;1;1;6;169;A4.Y;;;;770
40369;201500044873;15;9;28;845;1;1;1;1;5;181;A4;;;;770
40370;201500044874;15;9;28;1330;1;1;1;1;3;17;A4;M;4882700.0;251036.0;940
40371;201500044875;15;9;28;1400;1;1;1;1;4;112;A4;;;;750
40372;201500044876;15;9;29;845;1;1;1;1;5;258;A4.W;;;;770
40373;201500044877;15;9;29;1658;1;1;1;1;7;52;A86.EXT;M;4883220.0;249216.0;940
40374;201500044879;15;9;30;720;1;1;1;1;2;51;A4;M;4883620.0;255652.0;930
40375;201500044880;15;9;30;825;1;1;1;1;2;51;A4;;;;930
40376;201500044881;15;9;30;1205;1;1;1;1;7;249;RN104;;;;770
40377;201500044882;15;10;1;840;1;1;1;1;3;28;RN406.W;M;4877970.0;244157.0;940
40378;201500044883;15;10;1;2030;5;1;1;1;5;69;A4;M;4881740.0;242929.0;940
40379;201500044884;15;10;2;1615;1;1;1;1;3;169;RN104;;;;770
40380;201500044885;15;10;3;1300;1;1;1;1;4;52;A86 INT;M;4884170.0;249305.0;940
40381;201500044886;15;10;5;2000;3;1;1;2;5;373;RN104;;;;770
40382;201500044887;15;10;6;930;1;1;1;2;2;79;A4;M;4883580.0;253971.0;940
40383;201500044888;15;10;6;1745;1;1;1;1;3;28;A86 INT;M;4877750.0;243961.0;940
40384;201500044889;15;10;6;1955;1;1;1;1;3;17;A4;M;4882980.0;248411.0;940
40385;201500044890;15;10;7;810;2;1;1;2;1;51;A4;;;;930
40386;201500044891;15;10;7;2020;3;1;1;1;1;83;A4.W;;;;770
40387;201500044892;15;10;8;1150;1;1;1;1;2;294;A104;;;;770
40388;201500044893;15;10;9;717;2;1;1;1;2;22;A86 INT;M;4877620.0;242689.0;940
40389;201500044894;15;10;9;1500;1;1;1;1;4;514;A104;;;;770
40390;201500044895;15;10;10;1800;1;1;1;1;6;18;A4;M;4881730.0;241694.0;940
40391;201500044896;15;10;10;2045;3;1;1;1;2;81;A86 EXT;M;4877400.0;240738.0;940
40392;201500044899;15;10;12;800;1;1;1;1;2;18;A4;M;4881890.0;240856.0;940
40393;201500044900;15;10;12;2200;5;1;1;1;4;69;A4;M;4881730.0;242643.0;940
40394;201500044901;15;10;12;2350;5;1;1;1;4;17;A4;M;4883060.0;249363.0;940
40395;201500044902;15;10;14;725;5;1;1;1;3;51;A4;;;;930
40396;201500044903;15;10;15;725;2;1;1;1;2;53;RN104;;;;770
40397;201500044904;15;10;15;1030;1;1;1;1;6;373;RN104;;;;770
40398;201500044905;15;10;15;1130;1;1;1;2;6;337;A4;;;;770
40399;201500044906;15;10;16;900;1;1;1;1;3;33;A86.INT;M;4884880.0;249150.0;940
40400;201500044907;15;10;16;1800;1;1;1;1;3;51;A4;;;;930
40401;201500044908;15;10;17;140;4;1;1;1;6;18;A4;;;;770
40402;201500044909;15;10;17;2020;3;1;1;1;6;181;A4;;;;770
40403;201500044910;15;10;17;2140;3;1;1;1;6;146;A4.Y;;;;770
40404;201500044911;15;10;19;920;1;1;1;1;3;18;A4;M;4882490.0;239322.0;940
40405;201500044912;15;10;20;847;1;1;1;1;3;28;A86 EXT;M;4878170.0;244103.0;940
40406;201500044913;15;10;22;840;1;1;1;1;4;175;RN104;;;;770
40407;201500044914;15;10;22;845;1;1;1;2;2;65;A86 EXT;M;4875360.0;235505.0;940
40408;201500044915;15;10;22;940;1;1;1;1;6;169;RN104;M;4882150.0;261510.0;770
40409;201500044916;15;10;22;940;1;1;1;1;2;69;A4;M;4881750.0;243210.0;940
40410;201500044917;15;10;22;1740;1;1;1;1;2;373;RN104;;;;770
40411;201500044918;15;10;23;1520;1;1;1;1;4;514;A104;;;;770
40412;201500044919;15;10;23;1640;1;1;1;1;2;18;A4;M;4882350.0;239513.0;940
40413;201500044920;15;10;24;930;1;1;1;1;3;46;A86 EXT;M;4879820.0;244483.0;940
40414;201500044921;15;10;25;1550;1;1;1;1;5;28;A86 EXT;M;4879780.0;244450.0;940
40415;201500044923;15;10;26;915;1;1;1;1;3;65;A86 INT;M;4875370.0;235632.0;940
40416;201500044924;15;10;26;1005;1;1;1;1;7;258;A4.Y;;;;770
40417;201500044925;15;10;26;1900;3;1;1;1;2;373;RN104;;;;770
40418;201500044926;15;10;26;1922;5;1;1;1;7;52;A86.EXT;M;4883160.0;249174.0;940
40419;201500044927;15;10;27;930;1;1;1;1;2;65;A86 INT;M;4875470.0;234842.0;940
40420;201500044929;15;10;28;1105;1;1;1;2;2;17;A4;M;4882970.0;249791.0;940
40421;201500044930;15;10;29;639;3;1;1;1;2;15;A4;M;4883190.0;253180.0;940
40422;201500044931;15;10;30;1145;1;1;1;1;2;28;A86 EXT;M;4879570.0;244293.0;940
40423;201500044932;15;10;30;2000;1;1;1;1;1;122;RN104;;;;770
40424;201500044934;15;10;31;920;1;1;1;1;2;81;A86 EXT;M;4877340.0;240303.0;940
40425;201500044935;15;10;31;1530;1;1;1;1;4;15;A4;M;4883250.0;253273.0;940
40426;201500044936;15;11;1;640;2;1;1;5;6;363;A104;;;;770
40427;201500044937;15;11;1;1439;1;1;1;1;2;28;A86 EXT;M;4877640.0;243696.0;940
40428;201500044940;15;11;2;15;5;1;1;1;7;17;A86.EXT;M;4883090.0;249096.0;940
40429;201500044941;15;11;2;1815;2;1;1;1;5;51;A4;;;;930
40430;201500044942;15;11;2;1840;3;1;1;1;2;438;A104;;;;770
40431;201500044944;15;11;3;845;1;1;1;2;3;69;A4;M;4881710.0;244473.0;940
40432;201500044945;15;11;3;1810;3;1;1;1;3;79;A4;M;4883580.0;253994.0;940
40433;201500044946;15;11;4;1215;1;1;1;1;3;22;A86 INT;M;4877640.0;242287.0;940
40434;201500044947;15;11;5;115;3;1;1;8;2;514;A104;;;;770
40435;201500044948;15;11;5;830;1;1;1;1;6;112;A86 EXT;;;;750
40436;201500044949;15;11;5;830;1;1;1;1;6;438;A104;;;;770
40437;201500044950;15;11;5;1315;1;1;1;1;3;17;A4;M;4882690.0;251275.0;940
40438;201500044951;15;11;5;1545;1;1;1;1;1;112;A4;;;;750
40439;201500044952;15;11;6;1740;1;1;1;2;7;69;A4;M;4881730.0;242784.0;940
40440;201500044953;15;11;7;1830;3;1;1;1;3;33;A86.INT;M;4884940.0;249053.0;940
40441;201500044954;15;11;7;1830;3;1;1;1;3;337;A4;;;;770
40442;201500044955;15;11;8;1940;1;1;1;1;4;28;A86 EXT;M;4878350.0;244074.0;940
40443;201500044956;15;11;10;850;1;1;1;1;7;17;A86.EXT;M;4883090.0;249101.0;940
40444;201500044957;15;11;10;1925;3;1;1;1;2;46;A86 EXT;M;4880510.0;244881.0;940
40445;201500044958;15;11;10;2015;3;1;1;1;4;146;A4.Y;;;;770
40446;201500044959;15;11;11;1600;1;1;1;1;7;73;A86 INT;M;4876810.0;237870.0;940
40447;201500044960;15;11;13;645;3;1;1;1;2;83;A4.W;;;;770
40448;201500044962;15;11;13;1750;3;1;1;1;3;438;A104;;;;770
40449;201500044963;15;11;13;1900;5;1;1;1;3;169;A4.Y;;;;770
40450;201500044964;15;11;14;615;1;1;1;1;6;169;A4.Y;;;;770
40451;201500044965;15;11;15;240;5;1;1;1;6;42;A4;M;4882840.0;247585.0;940
40452;201500044966;15;11;16;1750;3;1;1;1;3;294;A104;;;;770
40453;201500044967;15;11;17;1130;1;1;1;1;6;11;RN406.W;M;4876320.0;249563.0;940
40454;201500044968;15;11;18;810;1;1;1;1;5;46;A86 EXT;M;4879870.0;244528.0;940
40455;201500044970;15;11;19;745;1;1;1;1;3;438;A104;;;;770
40456;201500044971;15;11;19;1300;1;1;1;2;1;258;A4.Y;;;;770
40457;201500044972;15;11;19;1600;1;1;1;2;4;69;A4;M;4881730.0;242929.0;940
40458;201500044975;15;11;20;1000;1;1;1;1;3;73;A86 INT;M;4877230.0;239612.0;940
40459;201500044976;15;11;20;1700;1;1;1;1;6;373;RN104;;;;770
40460;201500044977;15;11;20;1820;2;1;1;2;5;73;A86 EXT;M;4877170.0;239356.0;940
40461;201500044978;15;11;21;2020;3;1;1;1;4;495;A5b;;;;770
40462;201500044980;15;11;22;1800;3;1;1;1;3;258;A4.W;;;;770
40463;201500044981;15;11;23;1505;1;1;1;1;4;28;A86 EXT;M;4878880.0;244048.0;940
40464;201500044982;15;11;23;2130;5;1;1;1;3;33;A86.INT;M;4885960.0;248583.0;940
40465;201500044983;15;11;24;1500;1;1;1;2;6;22;A86 EXT;M;4877410.0;240801.0;940
40466;201500044985;15;11;25;900;1;1;1;1;6;337;A4;;;;770
40467;201500044986;15;11;25;945;1;1;1;1;5;18;A4;M;4881920.0;240725.0;940
40468;201500044987;15;11;25;1720;3;1;1;2;5;51;A4;;;;930
40469;201500044988;15;11;25;1800;3;1;1;2;2;15;A4;M;4883060.0;252982.0;940
40470;201500044989;15;11;27;610;3;1;1;5;3;337;A4;;;;770
40471;201500044990;15;11;27;645;5;1;1;1;3;17;A4;M;4882650.0;251832.0;940
40472;201500044991;15;11;27;1630;1;1;1;1;3;28;A86 EXT;M;4879230.0;244128.0;940
40473;201500044992;15;11;27;1950;5;1;1;2;3;69;A4;M;4881720.0;244183.0;940
40474;201500044993;15;11;28;1450;1;1;1;1;2;28;A86 EXT;M;4878490.0;244049.0;940
40475;201500044994;15;11;29;2340;4;1;1;1;1;51;A4;;;;930
40476;201500044995;15;12;1;843;1;1;1;1;2;372;A104;;;;770
40477;201500044997;15;12;1;1620;1;1;1;1;4;69;A4;M;4881730.0;242929.0;940
40478;201500044998;15;12;1;1653;2;1;1;1;5;17;A4;M;4882830.0;250306.0;940
40479;201500045000;15;12;2;830;1;1;1;1;5;449;A4;;;;770
40480;201500045001;15;12;3;930;1;1;1;1;3;18;A4;M;4882230.0;239722.0;940
40481;201500045002;15;12;4;305;3;1;1;2;6;46;A86 EXT;M;4881070.0;244907.0;940
40482;201500045003;15;12;4;1100;1;1;1;1;5;363;A104;;;;770
40483;201500045004;15;12;4;2045;4;1;1;1;2;58;A4;;;;770
40484;201500045005;15;12;5;150;3;1;1;1;6;373;RN104;;;;770
40485;201500045006;15;12;6;2250;5;1;1;1;5;73;A86 EXT;M;4875330.0;237658.0;940
40486;201500045007;15;12;7;1720;1;1;1;1;6;59;A104;;;;770
40487;201500045008;15;12;8;1030;1;1;1;1;1;363;A104;;;;770
40488;201500045010;15;12;9;930;1;1;1;1;2;112;A4;;;;750
40489;201500045011;15;12;9;1840;4;1;1;5;6;169;A4.Y;;;;770
40490;201500045012;15;12;10;220;3;1;1;5;7;372;A104;;;;770
40491;201500045013;15;12;10;1810;5;1;1;1;2;73;A86 INT;M;4875570.0;238301.0;940
40492;201500045014;15;12;11;233;5;1;1;1;2;73;A86 EXT;M;4877040.0;238432.0;940
40493;201500045015;15;12;11;1405;1;1;1;1;1;337;A4;;;;770
40494;201500045016;15;12;11;1645;2;1;1;1;6;28;RN406.Y;M;4877980.0;244064.0;940
40495;201500045017;15;12;11;1815;3;1;1;1;4;69;A4;M;4881720.0;244183.0;940
40496;201500045018;15;12;13;635;3;1;1;1;2;121;A4;;;;770
40497;201500045019;15;12;13;645;3;1;1;1;2;22;A86 EXT;M;4877580.0;241375.0;940
40498;201500045020;15;12;14;1545;1;1;1;1;5;22;A86 EXT;M;4877650.0;241892.0;940
40499;201500045021;15;12;15;845;2;1;1;2;5;22;A86 EXT;M;4877540.0;241257.0;940
40500;201500045022;15;12;15;1830;3;1;1;3;2;449;A4;;;;770
40501;201500045023;15;12;15;1830;2;1;1;3;2;17;A4;M;4882850.0;250164.0;940
40502;201500045025;15;12;16;845;1;1;1;1;3;28;A86 EXT;M;4877610.0;243095.0;940
40503;201500045026;15;12;17;510;3;1;1;1;2;514;A104;;;;770
40504;201500045028;15;12;17;1805;1;1;1;1;4;28;A86 EXT;M;4878440.0;244024.0;940
40505;201500045029;15;12;17;1810;3;1;9;1;5;450;RN104;;;;770
40506;201500045031;15;12;18;835;1;1;1;1;3;69;A4;M;4881750.0;244048.0;940
40507;201500045032;15;12;18;1040;1;1;1;1;3;81;A86 INT;M;4877390.0;240282.0;940
40508;201500045033;15;12;18;1120;1;1;1;1;3;294;A104;;;;770
40509;201500045034;15;12;19;1645;2;1;1;1;4;73;A86 EXT;M;4877140.0;239221.0;940
40510;201500045035;15;12;20;953;1;1;1;1;2;18;A4;;;;770
40511;201500045036;15;12;21;740;5;1;1;1;6;121;A104;;;;770
40512;201500045038;15;12;22;1315;1;1;1;1;3;294;A104;;;;770
40513;201500045039;15;12;22;1840;3;1;1;1;3;18;A4;M;4882040.0;240181.0;940
40514;201500045040;15;12;23;950;1;1;1;1;7;51;A4;;;;930
40515;201500045041;15;12;23;1830;1;1;1;1;1;59;A104;;;;770
40516;201500045042;15;12;27;1600;1;1;1;1;5;51;A4;;;;930
40517;201500045043;15;12;28;1100;1;1;1;1;3;33;A86.EXT;M;4885940.0;248641.0;940
40518;201500045044;15;12;28;1100;1;1;1;1;2;33;A86.EXT;M;4885930.0;248656.0;940
40519;201500045045;15;12;28;1955;5;1;1;1;4;17;A86.INT;M;4883090.0;248997.0;940
40520;201500045046;15;12;29;1045;1;1;1;1;6;337;RN104;;;;770
40521;201500045048;15;12;30;1500;1;1;1;1;4;17;A4;M;4882650.0;251832.0;940
40522;201500045049;15;1;2;2315;3;1;1;1;2;36;AUTOROUTE A86;;;;920
40523;201500045052;15;1;3;940;1;1;1;2;7;582;AUTOROUTE A15;;;;950
40524;201500045053;15;1;3;1540;1;1;1;2;7;64;AUTOROUTE A3;M;4888390.0;246681.0;930
40525;201500045054;15;1;3;1745;1;1;1;2;3;63;AUTOROUTE A3;M;4887790.0;244592.0;930
40526;201500045055;15;1;3;1930;1;1;1;2;7;8;AUTOROUTE A86;M;4889860.0;246958.0;930
40527;201500045056;15;1;3;2005;3;1;1;2;2;582;AUTOROUTE A15;;;;950
40528;201500045057;15;12;23;1210;1;1;1;1;2;154;AUTOROUTE A1;;;;950
40529;201500045058;15;1;3;2140;3;1;1;2;7;36;AUTOROUTE A15;;;;920
40530;201500045059;15;1;4;215;3;1;1;2;7;64;AUTOROUTE A86;M;4888360.0;247155.0;930
40531;201500045060;15;1;4;500;3;1;1;2;6;78;AUTOROUTE A104;M;4896130.0;254373.0;930
40532;201500045062;15;1;5;840;1;1;1;1;2;582;AUTOROUTE A15;;;;950
40533;201500045065;15;1;6;1620;1;1;1;1;7;277;AUTOROUTE A1;;;;950
40534;201500045066;15;1;7;30;3;1;1;2;2;527;AUTOROUTE A1;;;;950
40535;201500045067;15;1;7;1600;1;1;1;1;7;78;AUTOROUTE A104;M;4896110.0;254339.0;930
40536;201500045068;15;1;7;2130;3;1;1;2;5;682;RN 104;;;;950
40537;201500045069;15;1;8;445;3;1;1;2;2;494;AUTOROUTE A1;M;4913196.0;256071.0;600
40538;201500045070;15;1;8;645;3;1;1;2;6;78;AUTOROUTE A86;;;;920
40539;201500045071;15;1;8;1315;1;1;1;2;7;27;AUTOROUTE A86;M;4892360.0;238346.0;930
40540;201500045072;15;1;8;1730;1;1;1;2;3;678;ROUTE NATIONALE 184;;;;950
40541;201500045073;15;1;9;810;1;1;1;2;6;572;ROUTE NATIONALE 184;;;;950
40542;201500045074;15;1;9;1130;1;1;1;2;2;631;AUTOROUTE A1;M;4915252.0;258593.0;600
40543;201500045078;15;1;10;1930;2;1;1;2;6;277;AUTOROUTE A104;M;4897330.0;249010.0;950
40544;201500045079;15;1;10;2040;3;1;1;2;4;78;AUTOROUTE A104;M;4896660.0;251337.0;930
40545;201500045080;15;1;10;2145;3;1;1;2;6;365;RN 104;;;;950
40546;201500045081;15;1;10;2342;3;1;1;2;7;5;AUTOROUTE A3;M;4895160.0;247401.0;930
40547;201500045082;15;1;11;1400;1;1;1;1;7;582;AUTOROUTE A15;;;;950
40548;201500045083;15;1;12;650;3;1;1;1;5;78;AUTOROUTE A104;M;4896700.0;251215.0;930
40549;201500045084;15;1;12;1820;1;1;1;1;7;5;AUTOROUTE A3;M;4892390.0;248068.0;930
40550;201500045085;15;1;12;1920;2;1;1;1;5;8;AUTOROUTE A86;M;4889890.0;246927.0;930
40551;201500045086;15;1;14;800;1;1;1;2;2;582;AUTOROUTE A15;;;;950
40552;201500045087;15;1;14;1300;1;1;1;2;6;277;AUTOROUTE A104;M;4897280.0;248720.0;950
40553;201500045088;15;1;14;1430;1;1;1;2;3;66;AUTOROUTE A86;M;4892170.0;236558.0;930
40554;201500045089;15;1;14;1900;2;1;1;1;2;6;AUTOROUTE A3;M;4887010.0;243030.0;930
40555;201500045090;15;1;15;755;1;1;1;1;2;42;RN 104;;;;950
40556;201500045091;15;1;15;1630;1;1;1;2;4;36;AUTOROUTE A86;;;;920
40557;201500045092;15;1;15;1700;3;1;1;2;3;78;AUTOROUTE A104;M;4897120.0;249814.0;930
40558;201500045093;15;1;15;2020;3;1;1;2;2;18;AUTOROUTE A15;;;;950
40559;201500045094;15;1;16;1235;1;1;1;1;6;28;RN 104;;;;950
40560;201500045095;15;1;16;1320;1;1;1;1;2;48;AUTOROUTE A3;M;4887000.0;243048.0;930
40561;201500045096;15;12;25;1120;1;1;1;2;6;277;AUTOROUTE A1;;;;950
40562;201500045097;15;1;16;1745;5;1;1;1;1;66;AUTOROUTE A1;M;4891480.0;235775.0;930
40563;201500045098;15;1;17;1700;1;1;1;1;6;572;ROUTE NATIONALE 184;;;;950