;Num_Acc;an;mois;jour;hrmn;lum;agg;int;atm;col;com;adr;gps;lat;long;dep
40564;201500045099;15;1;18;350;3;1;1;1;2;580;AUTOROUTE A1;;;;950
40565;201500045100;15;1;18;810;1;1;1;1;6;395;RN 104;;;;950
40566;201500045101;15;1;17;2000;3;1;1;1;6;678;RN 104;;;;950
40567;201500045102;15;1;17;2130;3;1;1;1;6;8;AUTOROUTE A86;M;4889890.0;246927.0;930
40568;201500045103;15;1;19;2100;3;1;1;1;2;27;AUTOROUTE A1;M;4893780.0;241322.0;930
40569;201500045104;15;1;21;755;1;1;1;1;2;42;RN 104;;;;950
40570;201500045105;15;1;19;1950;2;1;9;1;2;66;AUTOROUTE A1;M;4890650.0;235851.0;930
40571;201500045106;15;1;22;915;1;1;1;1;6;527;AUTOROUTE A1;;;;950
40572;201500045107;15;1;20;1815;2;1;1;1;4;18;AUTOROUTE A15;;;;950
40573;201500045108;15;1;19;900;1;1;1;1;6;678;RN 104;;;;950
40574;201500045110;15;1;24;100;3;1;1;1;3;8;AUTOROUTE A86;;;;930
40575;201500045111;15;1;24;230;3;1;1;1;6;582;AUTOROUTE A115;;;;950
40576;201500045112;15;1;24;425;3;1;1;1;3;500;AUTOROUTE A15;;;;950
40577;201500045113;15;1;24;920;1;1;1;2;6;572;AUTOROUTE A15;;;;950
40578;201500045114;15;1;24;1310;1;1;1;1;6;5;AUTOROUTE A3;M;4895160.0;247401.0;930
40579;201500045115;15;1;24;1900;1;1;1;1;1;53;AUTOROUTE A86;M;4888930.0;247362.0;930
40580;201500045117;15;1;25;1445;1;1;1;1;3;28;RN 104;;;;950
40581;201500045118;15;1;26;10;3;1;1;1;6;572;ROUTE NATIONALE 184;;;;950
40582;201500045119;15;1;25;2230;3;1;1;1;6;60;AUTOROUTE A115;;;;950
40583;201500045120;15;1;25;1020;1;1;1;1;6;488;AUTOROUTE A15;;;;950
40584;201500045121;15;1;26;950;1;1;1;2;6;5;AUTOROUTE A3;M;4895910.0;247329.0;930
40585;201500045122;15;1;26;1700;1;1;1;2;6;394;AUTOROUTE A115;;;;950
40586;201500045123;15;1;27;1945;3;1;1;1;5;10;AUTOROUTE A3;M;4889390.0;247216.0;930
40587;201500045125;15;1;25;300;3;1;1;1;7;36;ROUTE NATIONALE 315;;;;920
40588;201500045126;15;1;27;2200;3;1;1;1;6;203;RD 170;;;;950
40589;201500045127;15;1;28;655;3;1;1;1;6;494;AUTOROUTE A1;M;4912127.0;255646.0;600
40590;201500045128;15;1;26;2000;3;1;1;1;7;64;AUTOROUTE A103;M;4888700.0;247664.0;930
40591;201500045129;15;1;28;1615;1;1;1;2;3;8;AUTOROUTE A86;M;4889470.0;247114.0;930
40592;201500045130;15;1;28;1700;1;1;1;2;7;64;AUTOROUTE A86;M;4887240.0;248069.0;930
40593;201500045131;15;1;28;1920;4;1;1;1;2;604;AUTOROUTE A1;;;;950
40594;201500045132;15;1;28;2050;3;1;1;2;2;18;AUTOROUTE A15;;;;950
40595;201500045133;15;1;29;1400;1;1;1;2;2;252;AUTOROUTE A15;;;;950
40596;201500045134;15;1;29;1700;1;1;1;1;7;36;AUTOROUTE A86;;;;920
40597;201500045135;15;1;30;830;2;1;1;1;3;66;AUTOROUTE A1;M;4891740.0;235752.0;930
40598;201500045136;15;1;30;815;1;1;1;1;6;78;AUTOROUTE A104;M;4896410.0;252043.0;930
40599;201500045137;15;1;30;1045;1;1;1;2;6;18;AUTOROUTE A15;;;;950
40600;201500045138;15;1;30;1640;1;1;1;1;6;394;AUTOROUTE A115;;;;950
40601;201500045139;15;1;30;1500;1;1;1;2;2;7;AUTOROUTE A3;M;4893220.0;248099.0;930
40602;201500045140;15;1;30;1500;1;1;1;2;6;7;AUTOROUTE A3;;;;930
40603;201500045141;15;1;30;1407;1;1;1;1;7;78;AUTOROUTE A104;M;4896110.0;252518.0;930
40604;201500045142;15;1;30;1524;1;1;1;1;2;5;AUTOROUTE A3;M;4894750.0;247586.0;930
40605;201500045146;15;2;1;330;5;1;1;1;6;66;AUTOROUTE A1;M;4891190.0;235792.0;930
40606;201500045147;15;2;1;500;3;1;1;2;5;78;AUTOROUTE A104;M;4896710.0;251243.0;930
40607;201500045148;15;2;1;1030;1;1;1;1;7;66;AUTOROUTE A1;M;4893000.0;236410.0;930
40608;201500045149;15;2;1;945;1;1;1;1;6;572;AUTOROUTE A15;;;;950
40609;201500045150;15;2;1;1745;3;1;1;2;7;36;AUTOROUTE A86;;;;920
40610;201500045151;15;2;1;1500;1;1;1;2;6;36;AUTOROUTE A15;;;;920
40611;201500045152;15;2;1;1605;1;1;1;2;6;527;AUTOROUTE A1;;;;950
40612;201500045153;15;2;1;2200;4;1;1;2;6;394;AUTOROUTE A115;;;;950
40613;201500045154;15;2;2;650;3;1;1;2;4;78;AUTOROUTE A104;M;4895820.0;253141.0;930
40614;201500045155;15;2;2;830;1;1;1;2;3;18;AUTOROUTE A15;;;;950
40615;201500045156;15;2;2;1230;1;1;1;1;4;36;AUTOROUTE A15;;;;920
40616;201500045157;15;2;2;1355;1;1;1;1;2;42;RN 104;;;;950
40617;201500045158;15;2;3;905;1;1;1;1;1;7;AUTOROUTE A1;M;4894840.0;244515.0;930
40618;201500045159;15;2;3;1845;3;1;1;1;3;27;AUTOROUTE A1;M;4893390.0;238666.0;930
40619;201500045160;15;2;5;1500;1;1;1;1;2;5;AUTOROUTE A1;M;4896060.0;246797.0;930
40620;201500045161;15;2;6;515;3;1;1;1;6;7;AUTOROUTE A3;M;4892930.0;248119.0;930
40621;201500045162;15;2;6;915;1;1;1;1;3;5;AUTOROUTE A3;M;4892320.0;248060.0;930
40622;201500045163;15;2;7;245;3;1;1;1;1;27;AUTOROUTE A1;M;4893840.0;241496.0;930
40623;201500045164;15;2;7;600;3;1;1;1;2;64;AUTOROUTE A86;M;4888660.0;247381.0;930
40624;201500045165;15;2;7;845;1;1;1;1;7;66;AUTOROUTE A86;M;4892200.0;236417.0;930
40625;201500045166;15;2;7;1700;1;1;1;1;5;252;AUTOROUTE A15;;;;950
40626;201500045167;15;2;8;240;3;1;1;1;7;6;AUTOROUTE A3;M;4886460.0;241233.0;930
40627;201500045168;15;2;8;1355;1;1;1;1;2;5;AUTOROUTE A1;M;4896820.0;247951.0;930
40628;201500045169;15;2;9;45;3;1;1;1;6;203;RD 170;M;4897810.0;229050.0;950
40629;201500045170;15;2;9;130;4;1;1;1;6;277;AUTOROUTE A104;M;4897420.0;248910.0;950
40630;201500045173;15;2;9;2100;3;1;1;1;3;154;AUTOROUTE A1;;;;950
40631;201500045174;15;2;10;1000;1;1;1;1;7;252;AUTOROUTE A115;;;;950
40632;201500045175;15;2;11;515;3;1;1;1;5;36;AUTOROUTE A15;;;;920
40633;201500045176;15;2;10;1830;5;1;1;1;6;8;AUTOROUTE A86;M;4889890.0;246927.0;930
40634;201500045177;15;2;11;1820;3;1;1;1;7;10;AUTOROUTE A3;M;4886640.0;242400.0;930
40635;201500045178;15;1;25;500;3;1;1;1;6;28;RN 104;;;;950
40636;201500045179;15;2;12;2305;3;1;1;1;5;78;AUTOROUTE A104;M;4895820.0;253220.0;930
40637;201500045180;15;2;12;1030;1;1;1;1;7;256;AUTOROUTE A115;;;;950
40638;201500045181;15;2;12;1145;1;1;1;5;2;394;ROUTE NATIONALE 184;;;;950
40639;201500045182;15;2;12;610;3;1;1;9;6;27;AUTOROUTE A86;M;4892560.0;239692.0;930
40640;201500045183;15;2;14;210;5;1;1;2;7;8;AUTOROUTE A86;;;;930
40641;201500045186;15;2;14;1330;1;1;1;2;6;18;A 9015 2;;;;950
40642;201500045187;15;2;14;1420;1;1;1;1;4;78;AUTOROUTE A86;;;;920
40643;201500045188;15;2;14;1520;1;1;1;2;5;53;AUTOROUTE A86;M;4888750.0;247427.0;930
40644;201500045189;15;2;14;2050;3;1;1;1;2;66;AUTOROUTE A1;M;4893320.0;237646.0;930
40645;201500045191;15;2;15;1730;2;1;1;1;4;252;AUTOROUTE A15;;;;950
40646;201500045192;15;2;16;1602;1;1;1;1;7;27;AUTOROUTE A86;M;4892660.0;240337.0;930
40647;201500045193;15;2;17;1400;1;1;1;1;1;66;AUTOROUTE A86;M;4892170.0;236558.0;930
40648;201500045194;15;2;17;1450;1;1;1;1;3;582;BD INTERCOMMUNAL PARISIS;;;;950
40649;201500045195;15;2;15;320;3;1;1;1;6;27;AUTOROUTE A86;M;4892230.0;237911.0;930
40650;201500045196;15;12;27;1130;1;1;1;2;7;28;RN 104;;;;950
40651;201500045197;15;2;18;1430;1;1;1;1;2;527;AUTOROUTE A1;;;;950
40652;201500045198;15;2;15;345;4;1;1;1;6;27;AUTOROUTE A86;M;4892780.0;241018.0;930
40653;201500045199;15;2;19;2130;3;1;1;1;3;527;AUTOROUTE A1;;;;950
40654;201500045200;15;2;20;625;3;1;1;2;7;27;AUTOROUTE A86;M;4892790.0;240993.0;930
40655;201500045201;15;2;20;1145;1;1;1;2;4;48;AUTOROUTE A3;M;4887200.0;243323.0;930
40656;201500045202;15;2;20;1250;1;1;1;2;6;64;AUTOROUTE A86;M;4887090.0;248220.0;930
40657;201500045203;15;2;20;1630;1;1;1;1;4;365;RN 104;;;;950
40658;201500045206;15;2;20;2030;3;1;1;1;2;63;AUTOROUTE A3;M;4888040.0;245136.0;930
40659;201500045207;15;2;20;1945;3;1;1;2;4;154;AUTOROUTE A1;;;;950
40660;201500045208;15;2;21;645;3;1;1;1;6;48;AUTOROUTE A86;;;;930
40661;201500045209;15;2;21;630;4;1;1;1;7;631;AUTOROUTE A1;M;4915252.0;258593.0;600
40662;201500045210;15;2;21;1345;1;1;1;1;2;78;AUTOROUTE A104;M;4896460.0;251938.0;930
40663;201500045211;15;2;21;1720;1;1;1;2;6;607;AUTOROUTE A115;;;;950
40664;201500045212;15;2;21;1855;2;1;1;1;6;394;AUTOROUTE A115;;;;950
40665;201500045213;15;2;21;426;3;1;1;9;2;64;AUTOROUTE A86;;;;930
40666;201500045214;15;2;21;355;3;1;1;1;7;66;AUTOROUTE A1;M;4890190.0;235890.0;930
40667;201500045215;15;2;20;2145;1;1;1;1;6;5;AUTOROUTE A3;M;4894720.0;247579.0;930
40668;201500045216;15;2;20;2345;3;1;1;1;6;365;RN 104;;;;950
40669;201500045217;15;2;21;1600;1;1;1;2;1;27;AUTOROUTE A86;;;;930
40670;201500045218;15;2;22;705;3;1;1;1;6;256;ROUTE NATIONALE 184;;;;950
40671;201500045219;15;2;21;1730;1;1;1;1;6;678;ROUTE NATIONALE 184;;;;950
40672;201500045220;15;2;22;700;3;1;1;1;5;78;AUTOROUTE A104;M;4897170.0;249737.0;930
40673;201500045221;15;2;23;615;1;1;1;1;3;8;AUTOROUTE A86;M;4890580.0;246302.0;930
40674;201500045222;15;2;23;730;2;1;1;2;3;29;AUTOROUTE A86;M;4892650.0;242120.0;930
40675;201500045223;15;2;23;700;5;1;1;1;6;8;AUTOROUTE A86;M;4891580.0;242996.0;930
40676;201500045224;15;2;23;1000;1;1;1;1;2;18;AUTOROUTE A15;;;;950
40677;201500045225;15;2;23;1115;1;1;1;1;4;675;AUTOROUTE A1;;;;950
40678;201500045226;15;2;23;2010;3;1;1;1;2;18;AUTOROUTE A15;;;;950
40679;201500045227;15;2;24;1730;1;1;1;2;2;36;AUTOROUTE A15;;;;920
40680;201500045228;15;2;24;2050;3;1;1;1;2;78;AUTOROUTE A104;M;4895900.0;253602.0;930
40681;201500045229;15;2;24;1130;1;1;1;1;4;527;AUTOROUTE A1;;;;950
40682;201500045232;15;2;18;735;2;1;1;1;6;66;AUTOROUTE A1;M;4893360.0;237965.0;930
40683;201500045233;15;2;24;1230;1;1;1;8;6;277;AUTOROUTE A1;;;;950
40684;201500045234;15;2;18;900;1;1;1;1;5;78;AUTOROUTE A104;M;4896830.0;250791.0;930
40685;201500045235;15;2;25;2055;3;1;1;2;5;13;AUTOROUTE A1;M;4893880.0;241706.0;930
40686;201500045236;15;2;26;1100;1;1;1;2;6;154;AUTOROUTE A1;;;;950
40687;201500045237;15;2;26;2200;3;1;1;2;6;527;AUTOROUTE A1;;;;950
40688;201500045238;15;2;27;30;3;1;1;2;7;36;AUTOROUTE A86;;;;920
40689;201500045240;15;2;27;850;1;1;1;1;2;78;AUTOROUTE A104;M;4897170.0;249737.0;930
40690;201500045241;15;2;27;1825;2;1;1;1;7;306;AUTOROUTE A15;;;;950
40691;201500045242;15;2;27;1700;1;1;1;1;4;78;AUTOROUTE A104;M;4896130.0;254373.0;930
40692;201500045243;15;2;27;1915;1;1;1;1;2;277;AUTOROUTE A104;M;4897320.0;248970.0;950
40693;201500045244;15;2;27;2205;3;1;1;1;5;66;AUTOROUTE A1;M;4893260.0;237440.0;930
40694;201500045245;15;2;28;15;4;1;1;1;6;218;AUTOROUTE A15;;;;950
40695;201500045246;15;2;28;25;5;1;1;1;2;8;AUTOROUTE A86;M;4890750.0;245389.0;930
40696;201500045247;15;2;25;940;1;1;1;2;2;582;AUTOROUTE A15;;;;950
40697;201500045249;15;3;1;15;3;1;1;2;6;394;AUTOROUTE A115;;;;950
40698;201500045250;15;2;28;1933;3;1;1;1;4;10;AUTOROUTE A3;M;4888950.0;247391.0;930
40699;201500045251;15;1;31;520;3;1;1;2;2;64;AUTOROUTE A86;M;4888920.0;247413.0;930
40700;201500045252;15;3;2;1845;5;1;1;1;5;66;AUTOROUTE A1;M;4891570.0;235765.0;930
40701;201500045253;15;3;2;650;3;1;1;1;3;582;AUTOROUTE A115;;;;950
40702;201500045254;15;3;3;605;3;1;1;1;4;277;AUTOROUTE A1;;;;950
40703;201500045256;15;3;5;1945;3;1;1;1;7;5;AUTOROUTE A3;M;4894630.0;247621.0;930
40704;201500045257;15;3;6;820;1;1;1;1;4;66;AUTOROUTE A86;M;4888850.0;247433.0;930
40705;201500045258;15;3;6;900;1;1;1;1;4;572;AUTOROUTE A15;;;;950
40706;201500045259;15;3;6;1150;1;1;1;1;2;527;AUTOROUTE A1;;;;950
40707;201500045260;15;3;6;1730;1;1;1;1;3;18;AUTOROUTE A15;;;;950
40708;201500045261;15;3;6;1500;1;1;1;1;4;27;AUTOROUTE A86;M;4892560.0;239692.0;930
40709;201500045262;15;3;6;1630;1;1;1;1;6;53;AUTOROUTE A3;M;4889300.0;247265.0;930
40710;201500045263;15;3;5;930;1;1;1;1;3;252;AUTOROUTE A115;;;;950
40711;201500045264;15;2;13;1950;2;1;1;2;2;42;RN 104;;;;950
40712;201500045265;15;3;5;930;1;1;1;1;4;29;AUTOROUTE A86;;;;930
40713;201500045266;15;3;4;1228;1;1;1;4;2;53;AUTOROUTE A3;M;4888350.0;245873.0;930
40714;201500045267;15;3;8;1640;1;1;1;1;2;582;AUTOROUTE A15;;;;950
40715;201500045268;15;3;5;1100;1;1;1;1;2;36;AUTOROUTE A15;;;;920
40716;201500045269;15;3;8;500;3;1;1;1;2;13;AUTOROUTE A1;M;4893880.0;241706.0;930
40717;201500045271;15;3;9;1500;1;1;1;1;5;6;AUTOROUTE A3;M;4886690.0;242545.0;930
40718;201500045272;15;3;10;825;1;1;1;2;6;42;RN 104;;;;950
40719;201500045273;15;3;10;1800;2;1;1;1;1;36;AUTOROUTE A86;;;;920
40720;201500045274;15;3;10;1730;1;1;1;1;2;66;AUTOROUTE A1;M;4893340.0;237778.0;930
40721;201500045275;15;3;10;1945;4;1;1;1;3;63;AUTOROUTE A3;M;4887850.0;244717.0;930
40722;201500045276;15;3;11;915;1;1;1;1;5;66;AUTOROUTE A1;M;4892560.0;235703.0;930
40723;201500045277;15;3;11;1630;1;1;1;1;7;8;AUTOROUTE A86;M;4889390.0;247179.0;930
40724;201500045279;15;3;12;2215;3;1;1;1;3;63;AUTOROUTE A3;M;4887420.0;243816.0;930
40725;201500045281;15;3;13;845;1;1;1;1;5;582;AUTOROUTE A15;;;;950
40726;201500045282;15;3;13;1615;1;1;1;1;3;64;AUTOROUTE A86;;;;930
40727;201500045283;15;3;13;1815;1;1;1;1;2;10;AUTOROUTE A3;M;4890690.0;247255.0;930
40728;201500045284;15;3;15;600;2;1;1;1;2;8;AUTOROUTE A86;;;;930
40729;201500045285;15;3;15;530;3;1;1;1;4;5;AUTOROUTE A3;M;4892390.0;248068.0;930
40730;201500045286;15;3;16;825;1;1;1;1;3;582;AUTOROUTE A15;;;;950
40731;201500045287;15;3;16;900;1;1;1;1;4;53;AUTOROUTE A103;M;4890790.0;235844.0;930
40732;201500045288;15;3;16;1410;1;1;1;1;7;36;AUTOROUTE A86;;;;920
40733;201500045289;15;3;16;2305;3;1;1;1;7;27;AUTOROUTE A86;;;;930
40734;201500045290;15;3;17;645;4;1;1;1;3;78;AUTOROUTE A104;M;4897100.0;249979.0;930
40735;201500045291;15;3;18;910;1;1;1;1;2;6;AUTOROUTE A3;M;4886580.0;241719.0;930
40736;201500045294;15;3;19;2230;3;1;1;1;2;64;AUTOROUTE A86;;;;930
40737;201500045295;15;3;3;1237;1;1;1;1;6;218;AUTOROUTE A15;;;;950
40738;201500045297;15;3;18;1430;1;1;1;1;3;7;AUTOROUTE A3;M;4892920.0;248120.0;930
40739;201500045298;15;3;20;1420;1;1;1;1;4;5;AUTOROUTE A3;M;4895370.0;247364.0;930
40740;201500045299;15;3;20;1150;1;1;1;1;3;66;AUTOROUTE A1;M;4893320.0;237699.0;930
40741;201500045300;15;3;21;1045;1;1;1;1;5;13;AUTOROUTE A1;M;4893870.0;241625.0;930
40742;201500045302;15;3;20;1445;1;1;1;1;3;256;ROUTE NATIONALE 184;;;;950
40743;201500045303;15;3;21;2000;4;1;1;1;6;48;AUTOROUTE A3;M;4887310.0;243592.0;930
40744;201500045304;15;3;22;650;1;1;1;1;2;28;RN 104;;;;950
40745;201500045305;15;3;23;1915;1;1;1;1;2;6;AUTOROUTE A3;M;4886680.0;242545.0;930
40746;201500045306;15;3;24;2250;3;1;1;2;6;66;AUTOROUTE A86;M;4889720.0;246951.0;930
40747;201500045307;15;3;25;905;1;1;1;1;6;394;AUTOROUTE A115;;;;950
40748;201500045308;15;3;24;1457;1;1;1;1;6;5;AUTOROUTE A3;M;4891790.0;247850.0;930
40749;201500045309;15;3;24;1820;1;1;1;1;4;8;AUTOROUTE A86;;;;930
40750;201500045310;15;3;26;1640;1;1;1;2;2;18;AUTOROUTE A15;;;;950
40751;201500045311;15;3;27;1345;1;1;1;1;1;29;AUTOROUTE A86;;;;930
40752;201500045312;15;3;26;2045;3;1;1;1;7;60;AUTOROUTE A115;;;;950
40753;201500045313;15;3;27;2030;5;1;1;1;2;607;AUTOROUTE A115;;;;950
40754;201500045314;15;3;27;1345;1;1;1;1;4;66;AUTOROUTE A1;M;4891830.0;235745.0;930
40755;201500045315;15;3;27;1530;1;1;1;1;2;66;AUTOROUTE A1;M;4890960.0;235810.0;930
40756;201500045316;15;3;28;1000;1;1;1;2;6;277;AUTOROUTE A104;M;4897350.0;248590.0;950
40757;201500045317;15;3;28;1100;1;1;1;2;6;78;AUTOROUTE A86;;;;920
40758;201500045318;15;3;28;1130;1;1;1;2;6;27;AUTOROUTE A86;;;;930
40759;201500045319;15;3;28;2340;5;1;1;1;3;66;AUTOROUTE A1;M;4891390.0;235799.0;930
40760;201500045320;15;3;29;1340;1;1;1;1;3;78;AUTOROUTE A86;;;;920
40761;201500045321;15;3;29;1400;1;1;1;1;6;682;RN 104;;;;950
40762;201500045322;15;3;29;1715;1;1;1;2;6;394;AUTOROUTE A115;;;;950
40763;201500045323;15;3;29;1310;1;1;1;2;3;582;AUTOROUTE A15;;;;950
40764;201500045324;15;3;29;2148;3;1;1;3;6;572;ROUTE NATIONALE 184;;;;950
40765;201500045325;15;3;29;2025;5;1;1;2;6;78;AUTOROUTE A86;;;;920
40766;201500045327;15;3;30;500;3;1;1;2;6;36;AUTOROUTE A86;;;;920
40767;201500045328;15;3;30;1000;1;1;1;1;3;176;AUTOROUTE A15;;;;950
40768;201500045329;15;3;30;1545;1;1;1;1;6;53;AUTOROUTE A103;M;4890250.0;235886.0;930
40769;201500045330;15;3;30;2040;3;1;1;1;6;18;AUTOROUTE A15;;;;950
40770;201500045331;15;3;31;1840;1;1;1;1;2;8;AUTOROUTE A86;M;4892680.0;233663.0;930
40771;201500045332;15;2;25;1315;1;1;1;1;6;28;RN 104;;;;950
40772;201500045333;15;4;1;1920;2;1;1;1;5;66;AUTOROUTE A1;M;4891480.0;235775.0;930
40773;201500045334;15;4;1;1715;1;1;1;1;3;10;AUTOROUTE A3;M;4890570.0;247211.0;930
40774;201500045335;15;4;2;1340;1;1;1;1;6;27;AUTOROUTE A1;M;4893810.0;241367.0;930
40775;201500045337;15;4;2;1630;1;1;1;2;6;27;AUTOROUTE A86;M;4892570.0;239669.0;930
40776;201500045338;15;4;3;720;2;1;1;2;6;151;RN 104;;;;950
40777;201500045340;15;4;3;1520;1;1;1;2;3;64;AUTOROUTE A86;;;;930
40778;201500045341;15;4;3;1810;1;1;1;3;2;28;RN 104;;;;950
40779;201500045343;15;4;3;1750;1;1;1;2;4;8;AUTOROUTE A86;M;4890050.0;246998.0;930
40780;201500045344;15;4;3;1830;1;1;1;3;2;53;AUTOROUTE A3;M;4889220.0;247299.0;930
40781;201500045345;15;4;3;1700;1;1;1;2;6;66;AUTOROUTE A1;M;4893380.0;238236.0;930
40782;201500045346;15;4;3;2300;3;1;1;2;6;277;AUTOROUTE A104;;;;950
40783;201500045347;15;4;4;530;3;1;1;2;7;212;RN 104;;;;950
40784;201500045349;15;4;6;45;3;1;1;1;2;53;AUTOROUTE A3;M;4888150.0;245406.0;930
40785;201500045350;15;4;6;50;5;1;1;1;5;66;AUTOROUTE A1;M;4891030.0;235806.0;930
40786;201500045351;15;4;7;945;1;1;1;1;2;78;AUTOROUTE A104;M;4895820.0;253141.0;930
40787;201500045352;15;4;7;900;1;1;1;1;3;63;AUTOROUTE A3;M;4887850.0;244671.0;930
40788;201500045353;15;4;7;1720;1;1;1;1;2;64;AUTOROUTE A86;;;;930
40789;201500045354;15;4;7;1815;1;1;1;1;3;5;AUTOROUTE A3;M;4896130.0;247372.0;930
40790;201500045355;15;4;8;1550;1;1;1;1;6;582;BD INTERCOMMUNAL PARISIS;M;4896230.0;226360.0;950
40791;201500045356;15;4;8;1300;1;1;1;1;3;256;ROUTE NATIONALE 184;;;;950
40792;201500045357;15;4;8;1520;1;1;1;1;4;678;ROUTE NATIONALE 184;;;;950
40793;201500045358;15;4;9;630;2;1;1;1;2;641;AUTOROUTE A1;;;;950
40794;201500045360;15;4;9;1510;1;1;1;1;4;36;AUTOROUTE A15;;;;920
40795;201500045361;15;4;10;1540;1;1;1;1;2;1;AUTOROUTE A86;M;4892170.0;237721.0;930
40796;201500045362;15;4;10;1630;1;1;1;1;6;5;AUTOROUTE A3;M;4896130.0;247372.0;930
40797;201500045363;15;4;10;1720;1;1;1;1;3;64;AUTOROUTE A3;M;4888450.0;247090.0;930
40798;201500045364;15;4;11;600;3;1;1;2;6;277;AUTOROUTE A1;;;;950
40799;201500045365;15;4;13;110;3;1;1;1;6;365;RN 104;;;;950
40800;201500045366;15;4;12;1700;1;1;1;1;6;18;AUTOROUTE A15;;;;950
40801;201500045367;15;4;12;1900;1;1;1;1;5;10;AUTOROUTE A3;M;4890690.0;247255.0;930
40802;201500045368;15;4;14;1830;1;1;1;1;2;66;AUTOROUTE A1;M;4891480.0;235792.0;930
40803;201500045369;15;4;15;1815;1;1;1;1;4;27;AUTOROUTE A86;M;4887880.0;247652.0;930
40804;201500045371;15;4;14;1830;1;1;1;1;2;572;AUTOROUTE A15;;;;950
40805;201500045372;15;4;16;1730;1;1;1;1;3;8;AUTOROUTE A86;M;4891260.0;243728.0;930
40806;201500045373;15;4;16;830;1;1;1;1;4;10;AUTOROUTE A3;M;4889780.0;246962.0;930
40807;201500045375;15;4;14;1220;1;1;1;1;2;66;AUTOROUTE A1;M;4891930.0;235757.0;930
40808;201500045376;15;4;17;1400;1;1;1;1;6;678;ROUTE NATIONALE 184;;;;950
40809;201500045377;15;4;18;250;3;1;1;1;2;13;AUTOROUTE A1;M;4893880.0;241706.0;930
40810;201500045378;15;4;18;1228;1;1;1;1;2;36;AUTOROUTE A15;;;;920
40811;201500045379;15;4;18;1400;1;1;1;1;2;48;AUTOROUTE A3;M;4887130.0;243223.0;930
40812;201500045380;15;4;14;1030;1;1;1;1;2;66;AUTOROUTE A1;M;4891030.0;235824.0;930
40813;201500045381;15;4;18;2210;3;1;1;1;7;394;AUTOROUTE A115;;;;950
40814;201500045382;15;4;19;340;3;1;1;1;7;252;AUTOROUTE A15;;;;950
40815;201500045383;15;4;18;1545;1;1;1;1;6;563;AUTOROUTE A115;;;;950
40816;201500045384;15;4;19;1245;1;1;1;1;4;66;AUTOROUTE A1;M;4891930.0;235757.0;930
40817;201500045385;15;4;19;1930;1;1;1;1;7;241;RN 104;;;;950
40818;201500045386;15;4;19;1630;1;1;1;1;3;491;AUTOROUTE A115;;;;950
40819;201500045388;15;4;18;800;1;1;1;1;4;675;AUTOROUTE A1;;;;950
40820;201500045390;15;4;22;1740;1;1;1;1;6;13;AUTOROUTE A1;M;4893870.0;241625.0;930
40821;201500045391;15;4;22;2345;3;1;1;1;2;63;AUTOROUTE A3;M;4887850.0;244717.0;930
40822;201500045392;15;4;20;1305;1;1;1;1;6;631;AUTOROUTE A1;M;4915252.0;258593.0;600
40823;201500045393;15;4;24;1125;1;1;1;1;6;29;AUTOROUTE A86;;;;930
40824;201500045394;15;4;24;1800;1;1;1;1;3;64;AUTOROUTE A86;M;4887070.0;248247.0;930
40825;201500045395;15;4;24;1855;1;1;1;1;2;154;AUTOROUTE A1;;;;950
40826;201500045396;15;4;24;2018;1;1;1;1;2;7;AUTOROUTE A1;;;;930
40827;201500045397;15;4;25;1845;1;1;1;1;6;256;ROUTE NATIONALE 184;;;;950
40828;201500045398;15;4;25;1515;1;1;1;1;6;572;ROUTE NATIONALE 184;;;;950
40829;201500045399;15;4;26;1910;1;1;1;2;6;277;AUTOROUTE A104;M;4897350.0;248590.0;950
40830;201500045401;15;4;26;1930;1;1;1;2;6;256;ROUTE NATIONALE 184;;;;950
40831;201500045402;15;4;26;2100;5;1;1;2;6;277;RD 170B6;M;4897380.0;248520.0;950
40832;201500045403;15;4;26;1915;1;1;1;2;6;527;AUTOROUTE A1;;;;950
40833;201500045404;15;4;27;1520;1;1;1;1;3;138;AUTOROUTE A1;M;4921927.0;263400.0;600
40834;201500045405;15;4;27;1515;1;1;1;1;3;5;AUTOROUTE A104;M;4897170.0;249629.0;930
40835;201500045406;15;4;28;900;1;1;1;1;2;66;AUTOROUTE A1;M;4893170.0;237003.0;930
40836;201500045407;15;4;28;815;1;1;1;1;3;66;AUTOROUTE A1;M;4890610.0;235836.0;930
40837;201500045408;15;4;28;1740;1;1;1;1;2;29;AUTOROUTE A86;M;4891800.0;242893.0;930
40838;201500045409;15;4;28;1740;1;1;1;1;4;572;AUTOROUTE A15;;;;950
40839;201500045411;15;4;29;840;1;1;1;1;2;8;AUTOROUTE A86;M;4889370.0;247243.0;930
40840;201500045412;15;4;29;1020;1;1;1;1;3;66;AUTOROUTE A86;M;4889550.0;247053.0;930
40841;201500045413;15;4;30;940;1;1;1;2;7;36;AUTOROUTE A86;;;;920
40842;201500045414;15;4;30;1730;1;1;1;3;6;277;AUTOROUTE A104;;;;950
40843;201500045416;15;5;1;30;3;1;1;2;7;28;RN 104;;;;950
40844;201500045418;15;4;30;2000;1;1;1;3;6;527;AUTOROUTE A1;;;;950
40845;201500045419;15;5;1;640;1;1;1;2;6;527;AUTOROUTE A3;;;;950
40846;201500045420;15;5;1;1055;1;1;1;3;6;277;AUTOROUTE A104;;;;950
40847;201500045423;15;5;1;1300;1;1;1;2;7;64;AUTOROUTE A103;;;;930
40848;201500045424;15;5;1;1215;1;1;1;2;6;27;AUTOROUTE A86;M;4887070.0;248247.0;930
40849;201500045425;15;5;1;1051;1;1;1;2;6;365;RN 104;;;;950
40850;201500045426;15;5;1;1300;1;1;1;2;6;5;AUTOROUTE A1;M;4896070.0;246789.0;930