;Num_Acc;an;mois;jour;hrmn;lum;agg;int;atm;col;com;adr;gps;lat;long;dep
40851;201500045427;15;5;1;2030;1;1;1;1;2;36;AUTOROUTE A15;;;;920
40852;201500045428;15;5;2;2330;3;1;1;2;2;252;AUTOROUTE A15;;;;950
40853;201500045429;15;5;3;10;4;1;1;2;7;64;AUTOROUTE A86;;;;930
40854;201500045430;15;5;3;350;3;1;1;2;7;8;AUTOROUTE A86;;;;930
40855;201500045431;15;5;2;2015;1;1;1;3;6;277;AUTOROUTE A1;;;;950
40856;201500045432;15;5;3;630;2;1;1;3;6;527;AUTOROUTE A1;;;;950
40857;201500045433;15;5;2;1945;1;1;1;1;6;256;ROUTE NATIONALE 184;;;;950
40858;201500045434;15;5;3;730;1;1;1;2;6;66;AUTOROUTE A1;M;4892380.0;235723.0;930
40859;201500045435;15;5;3;600;3;1;1;2;7;36;AUTOROUTE A15;;;;920
40860;201500045436;15;5;2;2030;1;1;1;2;6;18;AUTOROUTE A15;;;;950
40861;201500045437;15;5;1;1410;1;1;1;2;2;394;AUTOROUTE A115;;;;950
40862;201500045438;15;5;3;1415;1;1;1;2;6;27;AUTOROUTE A86;M;4887880.0;247652.0;930
40863;201500045439;15;5;3;1530;1;1;1;2;6;394;AUTOROUTE A115;;;;950
40864;201500045440;15;9;20;700;2;1;1;1;7;5;AUTOROUTE A3;;;;930
40865;201500045441;15;5;3;1430;1;1;1;2;2;78;AUTOROUTE A104;M;4896510.0;251829.0;930
40866;201500045442;15;5;3;1530;1;1;1;2;7;53;AUTOROUTE A3;M;4888300.0;245754.0;930
40867;201500045443;15;5;3;1700;1;1;1;1;2;64;AUTOROUTE A86;;;;930
40868;201500045444;15;5;3;1825;1;1;1;1;6;1;AUTOROUTE A86;M;4888320.0;247013.0;930
40869;201500045445;15;5;4;425;3;1;1;1;2;241;RN 104;;;;950
40870;201500045446;15;5;2;1830;1;1;1;2;5;582;AUTOROUTE A15;;;;950
40871;201500045447;15;5;2;2025;2;1;1;2;6;53;AUTOROUTE A103;M;4890610.0;235855.0;930
40872;201500045448;15;5;3;1230;1;1;1;2;6;8;AUTOROUTE A86;M;4889390.0;247179.0;930
40873;201500045449;15;5;3;1145;1;1;1;2;6;78;AUTOROUTE A104;M;4896280.0;252229.0;930
40874;201500045450;15;5;4;1005;1;1;1;1;2;5;AUTOROUTE A3;M;4893850.0;247990.0;930
40875;201500045451;15;5;4;2000;1;1;1;2;7;27;AUTOROUTE A86;;;;930
40876;201500045452;15;5;5;205;3;1;1;1;6;64;AUTOROUTE A86;;;;930
40877;201500045453;15;5;5;700;2;1;1;1;7;53;AUTOROUTE A103;M;4890880.0;235836.0;930
40878;201500045454;15;5;5;605;3;1;1;2;7;42;RN 104;;;;950
40879;201500045455;15;5;5;1230;1;1;1;1;4;36;AUTOROUTE A86;;;;920
40880;201500045456;15;5;3;315;3;1;1;1;6;27;AUTOROUTE A86;M;4887890.0;247622.0;930
40881;201500045457;15;5;5;1630;1;1;1;1;4;66;AUTOROUTE A1;M;4892810.0;235794.0;930
40882;201500045458;15;5;6;2220;3;1;1;1;2;10;AUTOROUTE A3;M;4888950.0;247391.0;930
40883;201500045459;15;5;6;1915;1;1;1;1;6;66;AUTOROUTE A86;M;4892230.0;235873.0;930
40884;201500045460;15;5;7;1035;1;1;1;1;2;66;AUTOROUTE A86;M;4888600.0;247273.0;930
40885;201500045461;15;5;7;1400;1;1;1;1;4;53;AUTOROUTE A86;M;4888930.0;247362.0;930
40886;201500045462;15;5;8;120;3;1;1;1;6;18;AUTOROUTE A15;;;;950
40887;201500045463;15;5;10;645;1;1;1;1;6;612;AUTOROUTE A1;M;4919349.0;260348.0;600
40888;201500045464;15;5;10;600;5;1;1;1;6;66;AUTOROUTE A1;M;4891570.0;235783.0;930
40889;201500045468;15;5;11;645;1;1;1;1;3;78;AUTOROUTE A104;M;4896990.0;250339.0;930
40890;201500045469;15;5;9;1830;1;1;1;1;6;8;AUTOROUTE A86;;;;930
40891;201500045470;15;5;11;1105;1;1;1;1;6;277;AUTOROUTE A104;M;4897310.0;248530.0;950
40892;201500045471;15;5;5;1550;1;1;1;1;2;306;AUTOROUTE A15;;;;950
40893;201500045472;15;5;12;830;1;1;1;1;3;27;AUTOROUTE A1;M;4893450.0;239693.0;930
40894;201500045475;15;5;13;1530;1;1;1;1;7;36;AUTOROUTE A86;;;;920
40895;201500045476;15;5;14;2005;1;1;1;1;7;6;AUTOROUTE A3;M;4886430.0;241359.0;930
40896;201500045477;15;5;15;1730;1;1;1;1;6;631;AUTOROUTE A1;M;4915252.0;258593.0;600
40897;201500045478;15;5;15;2135;3;1;1;1;5;10;AUTOROUTE A3;M;4888950.0;247391.0;930
40898;201500045479;15;5;16;1535;1;1;1;1;6;365;RN 104;;;;950
40899;201500045480;15;5;16;1540;1;1;1;1;7;306;AUTOROUTE A15;;;;950
40900;201500045481;15;5;16;1645;1;1;1;1;5;36;AUTOROUTE A15;;;;920
40901;201500045482;15;5;16;1715;1;1;1;1;2;212;AUTOROUTE A1;;;;950
40902;201500045483;15;5;16;1815;1;1;1;1;2;212;AUTOROUTE A1;;;;950
40903;201500045484;15;5;15;1;3;1;1;2;3;78;AUTOROUTE A104;M;4896220.0;252323.0;930
40904;201500045485;15;5;17;1705;1;1;1;1;2;66;AUTOROUTE A1;M;4893390.0;238340.0;930
40905;201500045486;15;5;18;1035;1;1;1;1;3;10;AUTOROUTE A3;M;4889690.0;246977.0;930
40906;201500045487;15;5;18;1300;1;1;1;1;5;10;AUTOROUTE A3;M;4888970.0;247384.0;930
40907;201500045488;15;5;19;845;1;1;1;1;4;53;AUTOROUTE A3;M;4889130.0;247329.0;930
40908;201500045489;15;5;20;950;1;1;1;1;1;66;AUTOROUTE A86;M;4892190.0;236552.0;930
40909;201500045490;15;5;20;1335;1;1;1;2;5;53;AUTOROUTE A3;M;4888350.0;245873.0;930
40910;201500045491;15;5;21;1930;1;1;1;1;3;53;AUTOROUTE A3;M;4888390.0;246640.0;930
40911;201500045492;15;5;22;1345;1;1;1;1;3;78;AUTOROUTE A86;;;;920
40912;201500045493;15;5;22;1800;1;1;1;1;4;66;AUTOROUTE A86;M;4888670.0;247349.0;930
40913;201500045494;15;5;21;2330;3;1;1;1;3;7;AUTOROUTE A1;M;4895380.0;245521.0;930
40914;201500045495;15;5;23;1055;1;1;1;1;2;5;AUTOROUTE A3;M;4894750.0;247586.0;930
40915;201500045496;15;5;23;2035;1;1;1;1;2;36;AUTOROUTE A15;;;;920
40916;201500045497;15;5;26;800;1;1;1;1;2;7;AUTOROUTE A1;M;4895090.0;245012.0;930
40917;201500045498;15;5;26;800;1;1;1;1;3;66;AUTOROUTE A1;M;4891900.0;235742.0;930
40918;201500045499;15;5;26;1500;1;1;1;1;4;66;AUTOROUTE A1;M;4891930.0;235757.0;930
40919;201500045500;15;5;28;700;1;1;1;1;4;66;AUTOROUTE A1;M;4893380.0;238044.0;930
40920;201500045501;15;5;28;1555;1;1;1;1;2;5;AUTOROUTE A3;M;4892860.0;248147.0;930
40921;201500045502;15;5;28;1715;1;1;1;1;5;48;AUTOROUTE A1086;;;;930
40922;201500045503;15;5;28;2030;1;1;1;1;6;78;AUTOROUTE A86;;;;920
40923;201500045504;15;5;29;130;3;1;1;1;7;5;AUTOROUTE A3;M;4895190.0;247409.0;930
40924;201500045505;15;5;29;2245;5;1;1;1;2;66;AUTOROUTE A1;M;4891030.0;235824.0;930
40925;201500045506;15;5;30;730;1;1;1;1;7;5;AUTOROUTE A3;M;4894750.0;247586.0;930
40926;201500045507;15;5;29;1645;1;1;1;1;4;252;AUTOROUTE A15;;;;950
40927;201500045508;15;5;29;1940;1;1;1;1;2;631;AUTOROUTE A1;M;4914397.0;257556.0;600
40928;201500045509;15;5;30;1825;1;1;1;1;2;8;AUTOROUTE A86;;;;930
40929;201500045510;15;5;30;1940;1;1;1;1;4;78;AUTOROUTE A86;;;;920
40930;201500045511;15;5;31;1425;1;1;1;2;6;394;AUTOROUTE A115;;;;950
40931;201500045512;15;5;31;1900;1;1;1;2;6;394;ROUTE NATIONALE 184;;;;950
40932;201500045513;15;6;1;30;3;1;1;2;6;277;AUTOROUTE A104;M;4897350.0;248590.0;950
40933;201500045514;15;4;25;900;1;1;1;2;7;36;AUTOROUTE A15;;;;920
40934;201500045515;15;5;31;1830;1;1;1;8;2;572;AUTOROUTE A15;;;;950
40935;201500045516;15;6;1;800;1;1;1;1;4;27;AUTOROUTe A1;M;4893600.0;240476.0;930
40936;201500045517;15;6;1;830;1;1;1;1;4;10;AUTOROUTE A3;M;4888930.0;247381.0;930
40937;201500045518;15;6;1;1450;1;1;1;1;2;6;AUTOROUTE A3;M;4886620.0;242256.0;930
40938;201500045519;15;6;1;1520;1;1;1;1;2;7;AUTOROUTE A1;M;4894360.0;243600.0;930
40939;201500045520;15;6;2;730;1;1;1;1;4;256;ROUTE NATIONALE 184;;;;950
40940;201500045521;15;6;3;25;3;1;1;1;6;641;AUTOROUTE A1;;;;950
40941;201500045522;15;6;3;630;1;1;1;1;2;277;AUTOROUTE A3;;;;950
40942;201500045523;15;6;3;910;1;1;1;1;6;36;AUTOROUTE A15;;;;920
40943;201500045524;15;6;3;1544;1;1;1;1;2;18;AUTOROUTE A15;;;;950
40944;201500045526;15;6;4;1000;1;1;1;1;3;18;AUTOROUTE A15;;;;950
40945;201500045527;15;6;4;820;1;1;1;1;2;572;ROUTE NATIONALE 184;;;;950
40946;201500045528;15;6;4;930;1;1;1;1;2;5;AUTOROUTE A3;M;4894290.0;247791.0;930
40947;201500045529;15;6;5;545;1;1;1;1;2;10;AUTOROUTE A86;M;4889890.0;246927.0;930
40948;201500045530;15;6;5;930;1;1;1;1;6;612;AUTOROUTE A1;M;4920929.0;261530.0;600
40949;201500045531;15;6;4;1810;1;1;1;1;3;13;AUTOROUTE A1;M;4893870.0;241625.0;930
40950;201500045532;15;6;5;1340;1;1;1;1;5;10;AUTOROUTE A3;M;4888930.0;247381.0;930
40951;201500045533;15;6;6;215;3;1;1;1;6;572;AUTOROUTE A15;;;;950
40952;201500045534;15;6;5;1625;1;1;1;1;6;18;AUTOROUTE A15;;;;950
40953;201500045535;15;6;5;1840;1;1;1;1;4;5;AUTOROUTE A3;M;4894720.0;247579.0;930
40954;201500045536;15;6;5;1820;1;1;1;1;3;27;AUTOROUTE A86;M;4887880.0;247652.0;930
40955;201500045537;15;6;6;1815;1;1;1;1;2;36;AUTOROUTE A86;;;;920
40956;201500045538;15;6;6;1930;1;1;1;1;6;6;AUTOROUTE A3;M;4886570.0;241854.0;930
40957;201500045539;15;6;7;730;1;1;1;1;6;277;RD 170;M;4897620.0;248040.0;950
40958;201500045540;15;6;7;505;2;1;1;1;7;66;AUTOROUTE A1;M;4891930.0;235757.0;930
40959;201500045541;15;6;8;10;5;1;1;1;2;29;AUTOROUTE A86;M;4891880.0;242869.0;930
40960;201500045542;15;6;7;125;3;1;1;1;3;48;AUTOROUTE A3;M;4887310.0;243592.0;930
40961;201500045543;15;6;8;735;1;1;1;1;2;29;AUTOROUTE A86;;;;930
40962;201500045544;15;6;8;1500;1;1;1;1;2;64;AUTOROUTE A86;;;;930
40963;201500045545;15;6;8;1815;1;1;1;1;5;494;AUTOROUTE A1;M;4912475.0;255721.0;600
40964;201500045546;15;6;8;1730;1;1;1;1;6;18;AUTOROUTE A15;;;;950
40965;201500045548;15;6;9;5;1;1;1;1;6;63;AUTOROUTE A3;M;4888040.0;245136.0;930
40966;201500045549;15;6;9;1010;1;1;1;1;2;66;AUTOROUTE A1;M;4893340.0;237778.0;930
40967;201500045550;15;2;23;105;4;1;1;1;6;53;AUTOROUTE A3;;;;930
40968;201500045551;15;6;9;1000;1;1;1;1;4;30;AUTOROUTE A1;M;4893930.0;241882.0;930
40969;201500045552;15;6;9;1230;1;1;1;1;2;36;AUTOROUTE A15;;;;920
40970;201500045553;15;6;9;1415;1;1;1;1;7;29;AUTOROUTE A86;;;;930
40971;201500045554;15;6;9;1405;1;1;1;1;2;29;AUTOROUTE A86;M;4892440.0;242610.0;930
40972;201500045556;15;6;9;1825;1;1;1;1;2;491;AUTOROUTE A115;;;;950
40973;201500045557;15;6;8;1700;1;1;1;1;6;5;AUTOROUTE A3;M;4892840.0;248129.0;930
40974;201500045558;15;6;10;730;1;1;1;1;3;424;AUTOROUTE A15;;;;950
40975;201500045560;15;6;11;910;1;1;1;1;2;678;ROUTE NATIONALE 184;;;;950
40976;201500045561;15;6;5;1500;1;1;1;1;4;64;AUTOROUTE A86;;;;930
40977;201500045562;15;6;11;1830;1;1;1;1;3;10;AUTOROUTE A3;M;4891420.0;247718.0;930
40978;201500045563;15;6;12;2325;3;1;1;1;3;64;AUTOROUTE A86;;;;930
40979;201500045564;15;6;12;2210;2;1;1;1;7;78;AUTOROUTE A104;M;4895820.0;253141.0;930
40980;201500045565;15;6;12;1217;1;1;1;1;3;138;AUTOROUTE A1;M;4922048.0;263708.0;600
40981;201500045566;15;6;14;1645;1;1;1;1;4;13;AUTOROUTE A1;M;4893870.0;241625.0;930
40982;201500045567;15;6;14;1838;1;1;1;1;2;48;AUTOROUTE A3;M;4887200.0;243323.0;930
40983;201500045568;15;6;14;1700;1;1;1;1;6;241;RN 104;;;;950
40984;201500045569;15;6;14;1915;1;1;1;1;3;5;AUTOROUTE A1;M;4895770.0;246287.0;930
40985;201500045570;15;6;13;1445;1;1;1;1;4;582;AUTOROUTE A15;;;;950
40986;201500045571;15;6;13;1800;1;1;1;1;2;48;AUTOROUTE A3;M;4887050.0;243128.0;930
40987;201500045572;15;6;15;530;1;1;1;1;2;64;AUTOROUTE A86;;;;930
40988;201500045573;15;6;15;615;2;1;1;1;1;66;AUTOROUTE A1;M;4891480.0;235792.0;930
40989;201500045574;15;6;15;1400;1;1;1;1;2;66;AUTOROUTE A1;M;4893080.0;236663.0;930
40990;201500045575;15;6;15;1700;1;1;1;8;2;53;AUTOROUTE A3;M;4889010.0;247351.0;930
40991;201500045576;15;6;15;1730;1;1;1;1;5;277;AUTOROUTE A104;M;4897390.0;248770.0;950
40992;201500045577;15;6;16;2350;3;1;1;1;2;78;AUTOROUTE A86;;;;920
40993;201500045578;15;6;17;710;1;1;1;1;3;27;AUTOROUTE A86;M;4892580.0;239827.0;930
40994;201500045579;15;6;17;1040;1;1;1;1;7;60;AUTOROUTE A115;;;;950
40995;201500045580;15;6;16;1410;1;1;1;1;2;27;AUTOROUTE A1;M;4893450.0;239758.0;930
40996;201500045581;15;6;17;2155;2;1;1;1;5;64;AUTOROUTE A103;M;4888670.0;247983.0;930
40997;201500045583;15;6;18;900;1;1;1;1;2;36;AUTOROUTE A86;;;;920
40998;201500045584;15;6;18;730;1;1;1;1;4;27;AUTOROUTE A1;M;4893720.0;241063.0;930
40999;201500045585;15;6;18;2000;1;1;1;1;4;582;AUTOROUTE A15;;;;950
41000;201500045586;15;6;19;820;1;1;1;1;2;5;AUTOROUTE A3;M;4894320.0;247795.0;930
41001;201500045587;15;6;15;900;1;1;1;1;2;18;AUTOROUTE A15;;;;950
41002;201500045588;15;6;18;2025;1;1;1;1;4;29;AUTOROUTE A86;;;;930
41003;201500045589;15;6;15;1000;1;1;1;1;2;28;RN 104;;;;950
41004;201500045590;15;6;19;1840;1;1;1;1;2;64;AUTOROUTE A86;;;;930
41005;201500045592;15;6;20;2000;1;1;1;1;3;18;AUTOROUTE A15;;;;950
41006;201500045593;15;6;21;315;3;1;1;1;2;527;AUTOROUTE A1;;;;950
41007;201500045594;15;6;21;1600;1;1;1;1;7;612;AUTOROUTE A1;M;4920615.0;261209.0;600
41008;201500045595;15;6;21;2040;1;1;1;1;6;66;AUTOROUTE A1;M;4890460.0;235847.0;930
41009;201500045596;15;6;21;445;3;1;1;1;2;580;AUTOROUTE A1;;;;950
41010;201500045597;15;6;21;2140;3;1;1;1;2;631;AUTOROUTE A1;M;4915261.0;258633.0;600
41011;201500045598;15;6;21;1730;1;1;1;1;1;48;AUTOROUTE A3;M;4887230.0;243434.0;930
41012;201500045600;15;6;22;950;1;1;1;1;3;60;AUTOROUTE A115;;;;950
41013;201500045601;15;6;19;750;1;1;1;1;2;27;AUTOROUTE A86;M;4887240.0;248069.0;930
41014;201500045602;15;6;22;1440;1;1;1;2;5;5;AUTOROUTE A3;;;;930
41015;201500045603;15;6;22;2235;3;1;1;3;6;582;BD INTERCOMMUNAL PARISIS;M;4896330.0;226560.0;950
41016;201500045604;15;6;23;705;1;1;1;1;2;27;AUTOROUTE A86;M;4886460.0;248229.0;930
41017;201500045605;15;6;23;800;1;1;1;1;2;78;AUTOROUTE A104;M;4896750.0;251124.0;930
41018;201500045606;15;6;23;730;1;1;1;1;3;252;AUTOROUTE A15;;;;950
41019;201500045607;15;6;22;2010;1;1;1;1;2;494;AUTOROUTE A1;M;4912475.0;255721.0;600
41020;201500045608;15;6;22;1645;1;1;1;3;6;42;RN 104;;;;950
41021;201500045609;15;6;23;2220;1;1;1;1;2;66;AUTOROUTE A1;M;4890520.0;235845.0;930
41022;201500045610;15;6;23;1635;1;1;1;1;4;66;AUTOROUTE A1;M;4891930.0;235757.0;930
41023;201500045611;15;6;24;1830;1;1;1;1;2;78;AUTOROUTE A104;M;4896340.0;255060.0;930
41024;201500045612;15;6;25;815;1;1;1;1;5;36;AUTOROUTE A86;;;;920
41025;201500045613;15;6;25;1730;1;1;1;1;2;277;BD INTERCOMMUNAL PARISIS;M;4897580.0;248220.0;950
41026;201500045614;15;6;25;1900;1;1;1;1;2;78;AUTOROUTE A104;M;4896340.0;252130.0;930
41027;201500045615;15;6;26;1010;1;1;1;1;2;241;RN 104;;;;950
41028;201500045616;15;6;26;1445;1;1;1;1;3;5;AUTOROUTE A3;M;4894750.0;247586.0;930
41029;201500045617;15;6;26;1700;1;1;1;1;6;5;AUTOROUTE A1;M;4895830.0;246392.0;930
41030;201500045618;15;6;26;1700;1;1;1;1;2;66;AUTOROUTE A1;M;4890340.0;235875.0;930
41031;201500045619;15;6;26;1915;1;1;1;1;2;572;ROUTE NATIONALE 184;;;;950
41032;201500045620;15;6;27;900;1;1;1;1;6;64;AUTOROUTE A86;;;;930
41033;201500045621;15;6;27;1300;1;1;1;1;5;212;AUTOROUTE A1;;;;950
41034;201500045622;15;6;28;720;1;1;1;1;2;306;AUTOROUTE A15;;;;950
41035;201500045623;15;6;29;835;1;1;1;1;3;64;AUTOROUTE A103;M;4888520.0;248909.0;930
41036;201500045624;15;6;29;934;1;1;1;1;6;66;AUTOROUTE A86;M;4888950.0;247356.0;930
41037;201500045625;15;6;29;1732;1;1;1;1;7;365;RN 104;;;;950
41038;201500045626;15;6;29;2220;1;1;1;1;6;582;AUTOROUTE A15;;;;950
41039;201500045627;15;6;29;1606;1;1;1;1;3;6;AUTOROUTE A3;M;4886800.0;242761.0;930
41040;201500045628;15;6;30;1210;1;1;1;1;6;5;AUTOROUTE A3;M;4895550.0;247335.0;930
41041;201500045629;15;6;30;1007;1;1;1;1;2;394;ROUTE NATIONALE 184;;;;950
41042;201500045630;15;7;1;1930;1;1;1;1;3;27;AUTOROUTE A86;M;4887890.0;247622.0;930
41043;201500045631;15;7;2;1700;1;1;1;1;2;277;AUTOROUTE A104;M;4897280.0;248720.0;950
41044;201500045632;15;7;2;1730;1;1;1;1;6;64;AUTOROUTE A3;M;4888390.0;246681.0;930
41045;201500045633;15;7;2;1900;1;1;1;1;2;6;AUTOROUTE A3;M;4886840.0;242864.0;930
41046;201500045635;15;7;2;1210;1;1;1;1;5;78;AUTOROUTE A86;;;;920
41047;201500045636;15;7;3;730;1;1;1;1;6;500;AUTOROUTE A15;;;;950
41048;201500045637;15;7;3;2055;1;1;1;1;2;527;AUTOROUTE A1;;;;950
41049;201500045638;15;7;1;1010;1;1;1;1;2;18;AUTOROUTE A15;;;;950
41050;201500045639;15;7;5;615;1;1;1;1;6;582;AUTOROUTE A15;;;;950
41051;201500045640;15;7;4;1230;1;1;1;1;2;580;AUTOROUTE A1;;;;950
41052;201500045641;15;7;5;535;1;1;1;1;2;256;ROUTE NATIONALE 184;;;;950
41053;201500045642;15;7;4;1800;1;1;1;1;5;66;AUTOROUTE A1;M;4893390.0;238390.0;930
41054;201500045643;15;7;4;2000;1;1;1;1;4;5;AUTOROUTE A3;M;4894580.0;247665.0;930
41055;201500045644;15;6;30;907;1;1;1;1;4;500;AUTOROUTE A15;;;;950
41056;201500045645;15;7;6;830;1;1;1;1;2;66;AUTOROUTE A1;M;4890610.0;235855.0;930
41057;201500045646;15;7;5;1845;1;1;1;1;3;582;AUTOROUTE A15;;;;950
41058;201500045647;15;7;6;1245;1;1;1;1;7;631;AUTOROUTE A1;M;4915599.0;259058.0;600
41059;201500045648;15;7;7;910;1;1;1;1;7;27;AUTOROUTE A1;M;4893450.0;239758.0;930
41060;201500045649;15;7;7;1515;1;1;1;1;2;527;AUTOROUTE A1;;;;950
41061;201500045651;15;7;8;1230;1;1;1;1;5;53;AUTOROUTE A3;M;4888250.0;245596.0;930
41062;201500045652;15;7;9;500;3;1;1;1;2;500;AUTOROUTE A15;;;;950
41063;201500045653;15;7;10;805;1;1;1;1;6;582;AUTOROUTE A15;;;;950
41064;201500045654;15;7;11;711;1;1;1;1;4;78;AUTOROUTE A86;;;;920
41065;201500045655;15;7;12;20;3;1;1;1;4;572;AUTOROUTE A15;;;;950
41066;201500045656;15;7;12;1915;1;1;1;1;6;27;AUTOROUTE A86;M;4886390.0;248248.0;930
41067;201500045658;15;7;14;1200;1;1;1;1;6;27;AUTOROUTE A86;M;4888110.0;247457.0;930
41068;201500045659;15;7;15;650;1;1;1;1;6;572;ROUTE NATIONALE 184;;;;950
41069;201500045660;15;7;15;1620;1;1;1;1;2;18;A 9015 3;;;;950
41070;201500045662;15;7;16;1745;1;1;1;1;4;10;AUTOROUTE A86;;;;930
41071;201500045663;15;7;17;235;3;1;1;1;2;64;AUTOROUTE A86;;;;930
41072;201500045664;15;7;15;1840;1;1;1;1;2;678;ROUTE NATIONALE 184;;;;950
41073;201500045665;15;7;17;1050;1;1;1;1;4;66;AUTOROUTE A1;M;4891840.0;235763.0;930
41074;201500045666;15;7;17;1220;1;1;1;1;3;5;AUTOROUTE A3;M;4892840.0;248129.0;930
41075;201500045667;15;7;11;1400;1;1;1;1;7;527;AUTOROUTE A3;;;;950
41076;201500045668;15;7;10;1730;1;1;1;1;6;66;AUTOROUTE A86;M;4889110.0;247344.0;930
41077;201500045670;15;7;17;2315;3;1;1;1;5;572;AUTOROUTE A15;;;;950
41078;201500045671;15;7;17;2120;2;1;1;1;2;53;AUTOROUTE A3;M;4889040.0;247358.0;930
41079;201500045672;15;7;18;257;3;1;1;1;6;10;AUTOROUTE A3;M;4888950.0;247391.0;930
41080;201500045673;15;7;13;437;5;1;1;1;7;29;AUTOROUTE A86;;;;930
41081;201500045674;15;7;13;2115;3;1;1;1;4;78;AUTOROUTE A86;;;;920
41082;201500045675;15;7;19;40;3;1;1;3;6;582;AUTOROUTE A15;;;;950
41083;201500045676;15;7;19;405;5;1;1;2;2;66;AUTOROUTE A1;M;4890610.0;235855.0;930
41084;201500045677;15;7;18;1235;1;1;1;1;4;306;AUTOROUTE A15;;;;950
41085;201500045678;15;7;18;1445;1;1;1;1;7;5;AUTOROUTE A3;M;4894490.0;247708.0;930
41086;201500045680;15;7;22;915;1;1;1;1;7;10;AUTOROUTE A3;M;4888950.0;247391.0;930
41087;201500045681;15;7;22;1430;1;1;1;1;3;64;AUTOROUTE A86;;;;930
41088;201500045683;15;7;23;807;1;1;1;1;3;612;AUTOROUTE A1;M;4919532.0;260414.0;600
41089;201500045684;15;7;23;900;1;1;1;1;4;13;AUTOROUTE A1;M;4893870.0;241625.0;930
41090;201500045685;15;7;22;1740;1;1;1;1;6;572;ROUTE NATIONALE 184;;;;950
41091;201500045686;15;7;25;925;1;1;1;2;6;8;AUTOROUTE A86;;;;930
41092;201500045687;15;7;25;245;3;1;1;2;6;241;RN 104;;;;950
41093;201500045688;15;7;24;1920;1;1;1;1;4;64;AUTOROUTE A86;;;;930
41094;201500045689;15;7;25;1715;1;1;1;1;6;8;AUTOROUTE A86;;;;930
41095;201500045691;15;7;26;1540;1;1;1;3;6;572;A 9015 7;;;;950
41096;201500045692;15;7;26;1920;1;1;1;1;6;218;AUTOROUTE A15;;;;950
41097;201500045693;15;7;24;1615;1;1;1;1;5;13;AUTOROUTE A1;M;4894090.0;242611.0;930
41098;201500045695;15;7;27;730;1;1;1;2;3;394;ROUTE NATIONALE 184;;;;950
41099;201500045696;15;7;28;800;1;1;1;1;4;241;RN 104;;;;950
41100;201500045697;15;7;28;2030;2;1;1;1;3;64;AUTOROUTE A86;;;;930
41101;201500045698;15;7;28;1630;1;1;1;1;5;5;AUTOROUTE A3;M;4894320.0;247795.0;930
41102;201500045699;15;7;29;1400;1;1;1;1;6;66;AUTOROUTE A1;M;4893290.0;237569.0;930
41103;201500045700;15;7;29;1410;1;1;1;1;7;66;AUTOROUTE A86;M;4889190.0;247316.0;930
41104;201500045701;15;7;29;1630;3;1;1;1;2;7;AUTOROUTE A1;M;4895150.0;245119.0;930
41105;201500045702;15;7;24;730;1;1;1;1;6;64;AUTOROUTE A103;M;4888670.0;247932.0;930
41106;201500045703;15;7;30;900;1;1;1;1;7;527;AUTOROUTE A3;;;;950
41107;201500045704;15;7;30;740;1;1;1;1;5;18;AUTOROUTE A15;;;;950
41108;201500045705;15;7;30;1715;1;1;1;1;7;582;AUTOROUTE A15;;;;950
41109;201500045706;15;7;6;800;1;1;1;1;3;36;AUTOROUTE A86;;;;920
41110;201500045707;15;7;31;900;1;1;1;1;2;18;AUTOROUTE A15;;;;950
41111;201500045708;15;7;31;1350;1;1;1;1;2;572;AUTOROUTE A15;;;;950
41112;201500045710;15;8;1;1900;1;1;1;1;6;64;AUTOROUTE A103;M;4888670.0;247802.0;930
41113;201500045711;15;8;2;2320;3;1;1;1;7;66;AUTOROUTE A86;M;4889130.0;247295.0;930
41114;201500045712;15;8;3;650;1;1;1;1;6;8;AUTOROUTE A86;;;;930
41115;201500045713;15;8;4;615;3;1;1;2;6;394;AUTOROUTE A115;;;;950
41116;201500045714;15;8;4;810;1;1;1;1;6;28;RN 104;;;;950
41117;201500045715;15;8;5;810;1;1;1;1;5;64;AUTOROUTE A86;;;;930
41118;201500045716;15;8;5;1010;1;1;1;1;5;66;AUTOROUTE A1;M;4891030.0;235824.0;930
41119;201500045717;15;8;5;1345;1;1;1;1;4;527;AUTOROUTE A3;;;;950
41120;201500045719;15;7;31;800;1;1;1;1;4;572;ROUTE NATIONALE 184;;;;950
41121;201500045720;15;8;5;1340;1;1;1;1;2;5;AUTOROUTE A3;M;4891770.0;247824.0;930
41122;201500045721;15;8;6;1830;1;1;1;1;2;604;AUTOROUTE A1;;;;950
41123;201500045722;15;7;26;715;1;1;1;1;6;252;AUTOROUTE A15;;;;950
41124;201500045724;15;8;7;1815;1;1;1;1;7;48;AUTOROUTE A3;M;4887230.0;243434.0;930
41125;201500045725;15;8;8;615;2;1;1;1;2;27;AUTOROUTE A1;M;4893520.0;240090.0;930
41126;201500045726;15;8;8;1400;1;1;1;1;3;5;AUTOROUTE A3;M;4894750.0;247586.0;930
41127;201500045727;15;8;7;2058;1;1;1;1;7;5;AUTOROUTE A3;M;4894720.0;247579.0;930
41128;201500045728;15;8;9;950;1;1;1;1;6;78;AUTOROUTE A86;;;;920
41129;201500045729;15;8;6;1300;1;1;1;1;2;5;AUTOROUTE A3;;;;930
41130;201500045730;15;8;12;1735;1;1;1;1;6;36;AUTOROUTE A15;;;;920
41131;201500045732;15;8;13;2010;1;1;1;2;6;6;AUTOROUTE A3;;;;930
41132;201500045733;15;8;13;2050;1;1;1;1;6;277;AUTOROUTE A104;M;4897350.0;248590.0;950
41133;201500045734;15;8;14;1845;1;1;1;3;6;36;AUTOROUTE A15;;;;920
41134;201500045736;15;8;14;150;3;1;1;3;7;27;AUTOROUTE A86;;;;930
41135;201500045737;15;8;15;930;1;1;1;2;6;351;RN 104;;;;950
41136;201500045739;15;8;15;950;1;1;1;2;1;36;AUTOROUTE A86;;;;920