;Num_Acc;an;mois;jour;hrmn;lum;agg;int;atm;col;com;adr;gps;lat;long;dep
41137;201500045740;15;8;15;930;1;1;1;3;6;64;AUTOROUTE A86;;;;930
41138;201500045741;15;8;15;850;1;1;1;2;2;277;AUTOROUTE A104;M;4897350.0;248590.0;950
41139;201500045742;15;8;15;1030;1;1;1;1;6;27;AUTOROUTE A86;;;;930
41140;201500045743;15;7;31;845;1;1;1;1;4;500;AUTOROUTE A15;;;;950
41141;201500045744;15;8;17;1310;1;1;1;1;1;8;AUTOROUTE A86;;;;930
41142;201500045745;15;8;18;1740;1;1;1;1;3;53;AUTOROUTE A3;M;4889190.0;247291.0;930
41143;201500045746;15;8;19;2035;2;1;1;1;6;277;RD 170;M;4897520.0;248460.0;950
41144;201500045747;15;8;20;615;1;1;1;3;6;18;AUTOROUTE A15;;;;950
41145;201500045748;15;8;20;900;1;1;1;3;6;27;AUTOROUTE A86;;;;930
41146;201500045749;15;8;20;810;1;1;1;2;6;256;ROUTE NATIONALE 184;;;;950
41147;201500045750;15;8;20;1430;1;1;1;1;2;66;AUTOROUTE A1;;;;930
41148;201500045751;15;8;22;415;3;1;1;1;7;582;RD 170;M;4896210.0;226320.0;950
41149;201500045752;15;8;22;2125;3;1;1;1;6;241;RN 104;;;;950
41150;201500045753;15;8;21;1810;1;1;1;1;2;63;AUTOROUTE A3;M;4887470.0;243926.0;930
41151;201500045754;15;8;20;1300;1;1;1;2;6;256;ROUTE NATIONALE 184;;;;950
41152;201500045755;15;8;20;1020;1;1;1;3;2;252;AUTOROUTE A15;;;;950
41153;201500045756;15;8;24;1050;1;1;1;2;6;8;AUTOROUTE A86;;;;930
41154;201500045757;15;8;24;1400;1;1;1;2;6;27;AUTOROUTE A86;M;4888010.0;247568.0;930
41155;201500045758;15;8;24;1520;1;1;1;2;6;66;AUTOROUTE A86;M;4889450.0;247181.0;930
41156;201500045759;15;8;24;2250;3;1;1;2;2;5;AUTOROUTE A1;M;4896060.0;246797.0;930
41157;201500045760;15;8;25;1210;1;1;1;1;2;527;AUTOROUTE A1;;;;950
41158;201500045761;15;8;25;1300;1;1;1;1;2;527;AUTOROUTE A1;;;;950
41159;201500045762;15;8;25;1900;1;1;1;1;2;678;RN 104;;;;950
41160;201500045763;15;8;26;730;1;1;1;1;3;48;AUTOROUTE A3;M;4887360.0;243658.0;930
41161;201500045764;15;8;26;930;1;1;1;1;6;241;AUTOROUTE A1;M;4916011.0;259549.0;600
41162;201500045765;15;8;26;300;5;1;1;1;6;572;ROUTE NATIONALE 184;;;;950
41163;201500045766;15;8;24;900;1;1;1;3;7;582;AUTOROUTE A15;;;;950
41164;201500045767;15;8;24;800;1;1;1;2;2;582;BD INTERCOMUNAL PARISIS;M;4896330.0;226620.0;950
41165;201500045768;15;8;24;930;1;1;1;1;6;500;AUTOROUTE A15;;;;950
41166;201500045769;15;8;17;1230;1;1;1;1;7;66;AUTOROUTE A86;;;;930
41167;201500045770;15;8;28;500;3;1;1;2;6;277;AUTOROUTE A104;M;4897350.0;248590.0;950
41168;201500045771;15;8;27;1230;1;1;1;2;2;277;AUTOROUTE A1;;;;950
41169;201500045772;15;8;27;1130;1;1;1;2;2;10;AUTOROUTE A3;M;4888930.0;247381.0;930
41170;201500045773;15;8;27;2050;1;1;1;2;4;500;AUTOROUTE A15;;;;950
41171;201500045775;15;8;27;1540;1;1;1;3;6;527;AUTOROUTE A3;;;;950
41172;201500045776;15;8;29;1610;1;1;1;1;2;365;RN 104;;;;950
41173;201500045777;15;8;28;1830;1;1;1;1;4;631;AUTOROUTE A1;M;4915252.0;258593.0;600
41174;201500045778;15;8;30;1915;1;1;1;1;2;78;AUTOROUTE A86;;;;920
41175;201500045779;15;8;31;1405;1;1;1;1;7;36;AUTOROUTE A86;;;;920
41176;201500045780;15;8;31;2230;4;1;1;1;2;27;AUTOROUTE A86;M;4887000.0;248252.0;930
41177;201500045781;15;8;31;2230;4;1;1;1;2;27;AUTOROUTE A86;;;;930
41178;201500045782;15;9;1;820;1;1;1;2;5;5;AUTOROUTE A3;M;4892410.0;248094.0;930
41179;201500045783;15;9;1;720;1;1;1;2;2;64;AUTOROUTE A3;M;4888390.0;246818.0;930
41180;201500045784;15;9;1;1230;1;1;1;1;2;582;AUTOROUTE A15;;;;950
41181;201500045785;15;9;1;1520;1;1;1;1;6;78;AUTOROUTE A86;;;;920
41182;201500045786;15;9;1;1805;1;1;1;1;5;18;AUTOROUTE A15;;;;950
41183;201500045787;15;9;1;1740;1;1;1;1;6;78;AUTOROUTE A86;;;;920
41184;201500045788;15;9;2;810;1;1;1;1;4;277;RD 170;M;4897520.0;248460.0;950
41185;201500045789;15;9;2;840;1;1;1;1;2;64;AUTOROUTE A86;;;;930
41186;201500045790;15;9;2;850;1;1;1;1;2;18;AUTOROUTE A15;;;;950
41187;201500045791;15;9;2;1745;1;1;1;1;2;7;AUTOROUTE A1;M;4894560.0;243988.0;930
41188;201500045792;15;9;6;1735;1;1;1;1;2;36;AUTOROUTE A86;;;;920
41189;201500045793;15;9;6;1810;1;1;1;1;5;36;AUTOROUTE A86;;;;920
41190;201500045794;15;9;6;2230;5;1;1;1;2;66;AUTOROUTE A1;M;4891210.0;235791.0;930
41191;201500045795;15;9;6;1806;1;1;1;1;5;212;AUTOROUTE A1;;;;950
41192;201500045796;15;9;7;1302;1;1;1;1;6;306;AUTOROUTE A15;;;;950
41193;201500045797;15;9;7;2225;3;1;1;1;2;10;AUTOROUTE A86;;;;930
41194;201500045798;15;9;8;2030;4;1;1;1;6;27;AUTOROUTE A86;M;4887880.0;247652.0;930
41195;201500045799;15;9;8;130;3;1;1;1;4;18;AUTOROUTE A15;;;;950
41196;201500045800;15;9;8;525;3;1;1;1;2;6;AUTOROUTE A3;M;4887010.0;243030.0;930
41197;201500045801;15;9;8;1030;1;1;1;1;3;6;AUTOROUTE A3;M;4886650.0;242387.0;930
41198;201500045802;15;9;2;1715;1;1;1;1;5;572;ROUTE NATIONALE 184;;;;950
41199;201500045803;15;7;7;1130;1;1;1;1;3;66;AUTOROUTE A1;M;4890880.0;235818.0;930
41200;201500045804;15;9;8;2117;4;1;1;1;4;78;AUTOROUTE A104;M;4896300.0;254943.0;930
41201;201500045805;15;9;9;715;2;1;1;1;3;27;AUTOROUTE A86;M;4887310.0;248031.0;930
41202;201500045806;15;9;9;845;1;1;1;1;6;7;AUTOROUTE A1;M;4895150.0;245100.0;930
41203;201500045807;15;9;9;920;1;1;1;1;6;10;AUTOROUTE A3;M;4889690.0;246977.0;930
41204;201500045809;15;9;8;1715;1;1;1;1;7;252;AUTOROUTE A15;;;;950
41205;201500045810;15;9;9;1715;1;1;1;1;4;78;AUTOROUTE A104;M;4896300.0;254943.0;930
41206;201500045811;15;9;10;830;1;1;1;1;3;63;AUTOROUTE A3;M;4887580.0;244149.0;930
41207;201500045812;15;9;10;1810;1;1;1;1;6;66;AUTOROUTE A1;M;4893000.0;236410.0;930
41208;201500045813;15;9;11;1000;1;1;1;1;4;66;AUTOROUTE A86;M;4888860.0;247384.0;930
41209;201500045814;15;9;11;1800;1;1;1;1;2;66;AUTOROUTE A1;M;4891030.0;235824.0;930
41210;201500045817;15;9;12;2025;3;1;1;1;7;36;AUTOROUTE A15;;;;920
41211;201500045818;15;9;12;2310;3;1;1;1;6;277;AUTOROUTE A104;M;4897390.0;248740.0;950
41212;201500045819;15;9;11;1855;1;1;1;1;5;36;ROUTE NATIONALE 315;;;;920
41213;201500045820;15;9;11;2030;3;1;1;1;3;66;AUTOROUTE A86;M;4889520.0;247116.0;930
41214;201500045821;15;9;13;1010;1;1;1;2;6;28;RN 104;;;;950
41215;201500045822;15;9;13;1050;1;1;1;3;6;572;AUTOROUTE A15;;;;950
41216;201500045823;15;9;13;1520;1;1;1;2;4;78;AUTOROUTE A86;;;;920
41217;201500045824;15;9;13;1935;1;1;1;1;3;572;ROUTE NATIONALE 184;;;;950
41218;201500045826;15;9;13;1345;1;1;1;2;6;27;AUTOROUTE A86;;;;930
41219;201500045827;15;9;13;1605;1;1;1;2;6;18;AUTOROUTE A15;;;;950
41220;201500045828;15;9;13;1700;1;1;1;1;1;66;AUTOROUTE A1;M;4891900.0;235742.0;930
41221;201500045829;15;9;13;245;3;1;1;1;6;365;RN 104;;;;950
41222;201500045830;15;9;13;2340;3;1;1;1;2;675;AUTOROUTE A1;;;;950
41223;201500045832;15;9;14;245;5;1;1;1;6;277;RD 170;M;4897590.0;248210.0;950
41224;201500045833;15;9;14;935;1;1;1;1;3;66;AUTOROUTE A1;M;4892170.0;235719.0;930
41225;201500045834;15;9;11;1240;1;1;1;1;5;6;AUTOROUTE A3;M;4886640.0;241321.0;930
41226;201500045835;15;9;14;1645;1;1;1;2;6;53;AUTOROUTE A103;M;4890880.0;235836.0;930
41227;201500045837;15;9;15;950;1;1;1;1;3;5;AUTOROUTE A3;M;4895420.0;247330.0;930
41228;201500045838;15;9;15;1100;1;1;1;6;6;28;RN 104;;;;950
41229;201500045839;15;9;14;1735;1;1;1;1;7;53;AUTOROUTE A3;M;4889370.0;247213.0;930
41230;201500045840;15;9;14;1850;1;1;1;2;6;53;AUTOROUTE A103;M;4890880.0;235836.0;930
41231;201500045842;15;9;16;600;1;1;1;2;6;64;AUTOROUTE A86;;;;930
41232;201500045843;15;9;16;715;4;1;1;1;6;582;AUTOROUTE A15;;;;950
41233;201500045844;15;9;16;630;3;1;1;2;6;394;AUTOROUTE A115;;;;950
41234;201500045845;15;9;13;1245;1;1;1;3;6;527;AUTOROUTE A3;;;;950
41235;201500045847;15;9;16;1345;1;1;1;2;6;527;AUTOROUTE A3;;;;950
41236;201500045848;15;9;13;410;3;1;1;1;6;394;ROUTE NATIONALE 184;;;;950
41237;201500045849;15;9;16;2100;3;1;1;1;2;10;AUTOROUTE A3;M;4888930.0;247381.0;930
41238;201500045850;15;9;17;845;1;1;1;1;3;64;AUTOROUTE A86;;;;930
41239;201500045851;15;9;17;900;1;1;1;8;6;18;AUTOROUTE A15;;;;950
41240;201500045852;15;9;17;730;1;1;1;8;6;78;AUTOROUTE A86;;;;920
41241;201500045853;15;9;17;1430;1;1;1;1;7;66;AUTOROUTE A1;M;4893000.0;236410.0;930
41242;201500045854;15;9;17;1925;1;1;1;1;3;572;AUTOROUTE A15;;;;950
41243;201500045855;15;9;18;725;1;1;1;1;2;306;AUTOROUTE A15;;;;950
41244;201500045856;15;9;18;530;2;1;1;1;2;7;AUTOROUTE A1;M;4894740.0;244358.0;930
41245;201500045857;15;9;18;1020;1;1;1;1;2;66;AUTOROUTE A1;M;4893170.0;237055.0;930
41246;201500045858;15;9;18;1800;1;1;1;2;2;572;AUTOROUTE A15;;;;950
41247;201500045859;15;9;19;1;3;1;1;2;7;572;ROUTE NATIONALE 184;;;;950
41248;201500045860;15;9;19;905;1;1;1;1;6;394;A115;;;;950
41249;201500045861;15;9;18;1715;1;1;1;1;4;64;AUTOROUTE A86;;;;930
41250;201500045862;15;9;20;15;3;1;1;1;5;53;AUTOROUTE A3;M;4889470.0;247150.0;930
41251;201500045863;15;9;21;840;1;1;1;1;7;36;AUTOROUTE A15;;;;920
41252;201500045864;15;9;21;1500;1;1;1;1;5;66;AUTOROUTE A1;M;4891930.0;235757.0;930
41253;201500045865;15;9;21;1850;1;1;1;1;4;36;AUTOROUTE A86;;;;920
41254;201500045866;15;9;22;545;3;1;1;1;6;78;AUTOROUTE A104;M;4896340.0;255060.0;930
41255;201500045867;15;9;19;30;3;1;1;2;7;582;BD INTERCOMMUNAL PARISIS;M;4896640.0;227260.0;950
41256;201500045869;15;9;19;145;3;1;1;1;7;64;AUTOROUTE A103;M;4888700.0;247664.0;930
41257;201500045870;15;9;22;1020;1;1;1;2;7;5;AUTOROUTE A3;;;;930
41258;201500045871;15;9;23;845;1;1;1;1;3;582;AUTOROUTE A115;;;;950
41259;201500045872;15;9;23;945;1;1;1;1;3;582;AUTOROUTE A115;;;;950
41260;201500045873;15;9;23;430;3;1;1;2;2;424;AUTOROUTE A15;;;;950
41261;201500045874;15;9;24;940;1;1;1;1;2;28;RN 104;;;;950
41262;201500045875;15;9;24;1930;3;1;1;2;3;572;AUTOROUTE A15;;;;950
41263;201500045876;15;9;24;2240;3;1;1;2;7;572;ROUTE NATIONALE 184;;;;950
41264;201500045877;15;9;23;1515;1;1;1;1;1;505;AUTOROUTE A1;M;4916680.0;259931.0;600
41265;201500045879;15;9;25;945;1;1;1;1;7;5;AUTOROUTE A3;M;4893820.0;247979.0;930
41266;201500045880;15;9;25;845;1;1;1;1;6;53;AUTOROUTE A3;M;4888390.0;246408.0;930
41267;201500045881;15;9;25;1420;1;1;1;1;2;7;AUTOROUTE A1;M;4894410.0;243716.0;930
41268;201500045883;15;9;26;1130;1;1;1;1;2;6;AUTOROUTE A3;M;4886800.0;242761.0;930
41269;201500045884;15;9;26;2325;3;1;1;1;1;78;AUTOROUTE A86;;;;920
41270;201500045885;15;9;27;1110;1;1;1;1;4;6;AUTOROUTE A3;M;4886610.0;242272.0;930
41271;201500045886;15;9;28;50;3;1;1;1;4;66;AUTOROUTE A1;M;4891930.0;235757.0;930
41272;201500045887;15;9;22;2200;4;1;1;2;6;582;AUTOROUTE A115;;;;950
41273;201500045888;15;9;27;1745;1;1;1;1;4;36;AUTOROUTE A15;;;;920
41274;201500045889;15;9;27;1445;1;1;1;1;2;277;BD INTERCOMMUNAL PARISIS;M;4897590.0;248210.0;950
41275;201500045890;15;9;26;1830;1;1;1;1;7;394;ROUTE NATIONALE 184;;;;950
41276;201500045891;15;9;28;930;1;1;1;1;4;28;RN 104;;;;950
41277;201500045892;15;9;28;930;1;1;1;1;3;66;AUTOROUTE A86;;;;930
41278;201500045893;15;9;29;1745;1;1;1;1;3;53;AUTOROUTE A86;;;;930
41279;201500045894;15;9;30;900;1;1;1;1;4;7;AUTOROUTE A1;M;4894730.0;244304.0;930
41280;201500045895;15;9;29;1805;1;1;1;1;5;13;AUTOROUTE A1;M;4894050.0;242410.0;930
41281;201500045897;15;9;30;1750;1;1;1;1;5;63;AUTOROUTE A3;M;4887420.0;243816.0;930
41282;201500045898;15;10;1;1350;1;1;1;1;5;6;AUTOROUTE A3;;;;930
41283;201500045899;15;10;3;830;1;1;1;1;7;612;AUTOROUTE A1;M;4919349.0;260348.0;600
41284;201500045900;15;10;2;600;3;1;1;1;6;10;AUTOROUTE A3;;;;930
41285;201500045901;15;10;2;1050;1;1;1;1;3;13;AUTOROUTE A1;;;;930
41286;201500045902;15;10;3;1130;1;1;1;1;7;138;AUTOROUTE A1;M;4921409.0;262312.0;600
41287;201500045903;15;10;3;400;3;1;1;1;2;582;AUTOROUTE A15;;;;950
41288;201500045904;15;10;2;300;3;1;1;1;6;66;AUTOROUTE A1;;;;930
41289;201500045905;15;10;2;2030;5;1;1;1;2;29;AUTOROUTE A86;;;;930
41290;201500045906;15;10;3;1930;5;1;1;1;4;13;AUTOROUTE A1;;;;930
41291;201500045907;15;10;4;750;1;1;1;1;2;6;AUTOROUTE A3;;;;930
41292;201500045908;15;10;4;1410;1;1;1;1;7;48;AUTOROUTE A3;;;;930
41293;201500045909;15;10;1;2205;3;1;1;1;5;18;AUTOROUTE A15;;;;950
41294;201500045910;15;9;30;2215;3;1;1;1;4;53;AUTOROUTE A86;;;;930
41295;201500045912;15;10;5;2230;3;1;1;1;7;582;AUTOROUTE A15;;;;950
41296;201500045913;15;10;5;2310;5;1;1;1;6;582;BD INTERCOMMUNAL PARISIS;M;4896250.0;226310.0;950
41297;201500045915;15;10;5;2115;3;1;1;2;7;5;AUTOROUTE A3;;;;930
41298;201500045916;15;10;5;1650;1;1;1;1;3;36;AUTOROUTE A15;;;;920
41299;201500045917;15;10;5;1430;1;1;1;2;3;53;AUTOROUTE A103;;;;930
41300;201500045918;15;10;6;1113;1;1;1;3;4;675;AUTOROUTE A1;;;;950
41301;201500045919;15;10;4;1240;1;1;1;1;2;18;AUTOROUTE A15;;;;950
41302;201500045920;15;10;6;1400;1;1;1;1;2;36;AUTOROUTE A15;;;;920
41303;201500045921;15;10;6;2325;3;1;1;1;2;64;AUTOROUTE A103;;;;930
41304;201500045922;15;10;7;130;4;1;1;1;2;138;AUTOROUTE A1;M;4921927.0;263400.0;600
41305;201500045924;15;9;23;1000;1;1;1;1;5;582;AUTOROUTE A15;;;;950
41306;201500045925;15;10;2;1400;1;1;1;1;5;48;AUTOROUTE A3;;;;930
41307;201500045926;15;10;5;600;3;1;1;1;5;36;AUTOROUTE A15;;;;920
41308;201500045927;15;10;5;800;2;1;1;1;2;631;AUTOROUTE A1;M;4914813.0;258054.0;600
41309;201500045928;15;9;29;830;1;1;1;1;7;582;AUTOROUTE A15;;;;950
41310;201500045929;15;9;29;830;1;1;1;1;7;582;AUTOROUTE A15;;;;950
41311;201500045930;15;9;22;1;3;1;1;2;6;394;AUTOROUTE A115;;;;950
41312;201500045931;15;10;9;915;1;1;1;1;2;7;AUTOROUTE A1;;;;930
41313;201500045932;15;10;5;700;1;1;1;1;5;582;AUTOROUTE A115;;;;950
41314;201500045933;15;10;5;900;1;1;1;1;5;39;AUTOROUTE A86;;;;930
41315;201500045934;15;10;2;1700;1;1;1;1;6;48;AUTOROUTE A3;;;;930
41316;201500045935;15;10;2;1930;3;1;1;1;3;18;AUTOROUTE A15;;;;950
41317;201500045936;15;10;3;1937;1;1;1;1;3;48;AUTOROUTE A3;;;;930
41318;201500045937;15;10;9;1835;1;1;1;1;2;256;AUTOROUTE A115;;;;950
41319;201500045939;15;10;10;2050;3;1;1;1;6;66;AUTOROUTE A1;;;;930
41320;201500045941;15;8;21;1010;1;1;1;1;3;572;ROUTE NATIONALE 184;;;;950
41321;201500045942;15;10;12;1345;1;1;1;1;2;10;AUTOROUTE A3;;;;930
41322;201500045943;15;10;12;1615;1;1;1;1;5;66;AUTOROUTE A1;;;;930
41323;201500045944;15;9;21;1140;1;1;1;1;3;53;AUTOROUTE A3;M;4889300.0;247265.0;930
41324;201500045945;15;10;12;1015;1;1;1;1;3;66;AUTOROUTE A86;;;;930
41325;201500045946;15;10;13;1000;1;1;1;1;3;66;AUTOROUTE A1;;;;930
41326;201500045947;15;10;13;1220;1;1;1;1;2;10;AUTOROUTE A3;;;;930
41327;201500045948;15;10;13;1530;1;1;1;1;4;176;AUTOROUTE A15;;;;950
41328;201500045949;15;10;13;2300;4;1;1;1;6;18;AUTOROUTE A15;;;;950
41329;201500045950;15;9;29;1405;1;1;1;1;2;36;AUTOROUTE A15;;;;920
41330;201500045951;15;10;14;840;1;1;1;1;3;18;AUTOROUTE A15;;;;950
41331;201500045952;15;10;14;550;3;1;1;1;2;18;AUTOROUTE A15;;;;950
41332;201500045953;15;10;14;700;3;1;1;1;2;252;AUTOROUTE A15;;;;950
41333;201500045954;15;10;14;950;1;1;1;1;2;78;AUTOROUTE A104;;;;930
41334;201500045955;15;10;14;2120;3;1;1;2;6;154;AUTOROUTE A1;;;;950
41335;201500045956;15;10;14;2300;3;1;1;1;6;18;AUTOROUTE A15;;;;950
41336;201500045957;15;10;15;715;5;1;1;2;5;212;AUTOROUTE A1;;;;950
41337;201500045958;15;10;16;1020;1;1;1;2;3;582;BD INTERCOMMUNAL PARISIS;M;4896530.0;227140.0;950
41338;201500045959;15;10;16;1415;1;1;1;2;7;365;RN 104;;;;950
41339;201500045960;15;10;16;1435;1;1;1;2;4;66;AUTOROUTE A86;;;;930
41340;201500045961;15;10;16;1100;1;1;1;2;1;27;AUTOROUTE A86;;;;930
41341;201500045962;15;10;17;1400;1;1;1;1;6;64;AUTOROUTE A86;;;;930
41342;201500045963;15;10;17;1740;1;1;1;2;6;64;AUTOROUTE A103;;;;930
41343;201500045964;15;10;18;2228;3;1;1;1;1;66;AUTOROUTE A1;;;;930
41344;201500045965;15;10;19;2027;3;1;1;1;7;53;AUTOROUTE A3;;;;930
41345;201500045966;15;10;20;700;3;1;1;1;2;277;BD INTERCOMMUNAL PARISIS;M;4897610.0;248150.0;950
41346;201500045967;15;10;20;2130;3;1;1;1;5;365;RN 104;;;;950
41347;201500045968;15;10;21;715;3;1;1;1;6;5;AUTOROUTE A3;;;;930
41348;201500045969;15;10;20;1830;1;1;1;1;2;6;AUTOROUTE A3;;;;930
41349;201500045970;15;9;13;220;3;1;1;2;6;5;AUTOROUTE A3;M;4886460.0;241233.0;930
41350;201500045971;15;10;20;1830;1;1;1;1;3;66;AUTOROUTE A86;;;;930
41351;201500045972;15;10;22;610;2;1;1;2;3;27;AUTOROUTE A86;;;;930
41352;201500045973;15;10;22;645;3;1;1;2;4;10;AUTOROUTE A3;;;;930
41353;201500045974;15;10;22;740;3;1;1;2;6;682;RN 104;;;;950
41354;201500045975;15;10;22;2150;3;1;1;1;6;18;AUTOROUTE A15;;;;950
41355;201500045976;15;10;23;1530;1;1;1;1;6;582;AUTOROUTE A115;;;;950
41356;201500045977;15;10;25;820;1;1;1;1;3;641;AUTOROUTE A1;;;;950
41357;201500045978;15;10;25;1945;3;1;1;1;4;580;AUTOROUTE A1;;;;950
41358;201500045979;15;10;26;745;3;1;1;1;2;27;AUTOROUTE A1;;;;930
41359;201500045980;15;10;27;730;1;1;1;1;4;10;AUTOROUTE A3;;;;930
41360;201500045981;15;10;27;715;1;1;1;1;3;13;AUTOROUTE A1;;;;930
41361;201500045984;15;10;27;1625;1;1;1;1;2;277;AUTOROUTE A1;;;;950
41362;201500045985;15;9;28;1130;1;1;1;1;4;36;AUTOROUTE A15;;;;920
41363;201500045986;15;10;28;1700;1;1;1;1;6;572;ROUTE NATIONALE 184;;;;950
41364;201500045987;15;10;28;1840;3;1;1;1;2;63;AUTOROUTE A3;;;;930
41365;201500045988;15;10;28;940;1;1;1;1;4;64;AUTOROUTE A86;;;;930
41366;201500045989;15;10;28;730;2;1;1;1;2;212;AUTOROUTE A1;;;;950
41367;201500045990;15;10;28;1035;1;1;1;1;5;212;AUTOROUTE A1;;;;950
41368;201500045991;15;10;28;1100;1;1;1;1;7;53;AUTOROUTE A103;;;;930
41369;201500045992;15;10;29;845;1;1;1;1;1;5;AUTOROUTE A1;;;;930
41370;201500045993;15;10;29;1520;1;1;1;1;6;27;AUTOROUTE A1;;;;930
41371;201500045995;15;10;30;1835;5;1;1;1;2;29;AUTOROUTE A86;;;;930
41372;201500045996;15;10;30;730;3;1;1;1;5;5;AUTOROUTE A3;;;;930
41373;201500045997;15;10;31;1040;1;1;1;1;3;277;AUTOROUTE A1;;;;950
41374;201500045998;15;10;31;430;3;1;1;1;6;13;AUTOROUTE A1;;;;930
41375;201500045999;15;11;2;608;2;1;1;5;7;572;ROUTE NATIONALE 184;;;;950
41376;201500046000;15;11;2;1400;1;1;1;1;4;527;AUTOROUTE A3;;;;950
41377;201500046001;15;11;2;1430;1;1;1;1;6;351;RN 104;;;;950
41378;201500046003;15;11;3;1715;1;1;1;1;2;27;AUTOROUTE A1;;;;930
41379;201500046004;15;11;4;1045;1;1;1;2;7;8;AUTOROUTE A86;;;;930
41380;201500046005;15;10;22;1940;1;1;1;1;2;218;AUTOROUTE A15;;;;950
41381;201500046006;15;11;4;1320;1;1;1;1;6;527;AUTOROUTE A1;;;;950
41382;201500046007;15;11;4;2115;3;1;1;2;3;27;AUTOROUTE A86;;;;930
41383;201500046009;15;11;4;1915;5;1;1;1;2;48;AUTOROUTE A1086;;;;930
41384;201500046010;15;11;5;1845;1;1;1;1;5;488;AUTOROUTE A15;;;;950
41385;201500046011;15;11;6;1600;1;1;1;2;2;394;ROUTE NATIONALE 184;;;;950
41386;201500046012;15;11;6;1755;3;1;1;2;2;78;AUTOROUTE A104;;;;930
41387;201500046014;15;11;6;2215;3;1;1;1;6;5;AUTOROUTE A104;;;;930
41388;201500046015;15;11;7;210;3;1;1;1;2;27;AUTOROUTE A1;;;;930
41389;201500046016;15;11;7;405;3;1;1;1;6;219;AUTOROUTE A115;;;;950
41390;201500046017;15;11;3;930;1;1;1;1;3;6;AUTOROUTE A3;;;;930
41391;201500046018;15;11;8;325;3;1;1;1;2;78;AUTOROUTE A104;;;;930
41392;201500046020;15;11;7;1825;3;1;1;1;4;500;AUTOROUTE A15;;;;950
41393;201500046021;15;10;28;920;1;1;1;1;6;394;AUTOROUTE A115;;;;950
41394;201500046022;15;11;9;1400;1;1;1;1;4;66;AUTOROUTE A1;;;;930
41395;201500046023;15;11;10;930;1;1;1;1;7;64;AUTOROUTE A86;;;;930
41396;201500046024;15;11;10;1830;3;1;1;1;5;10;AUTOROUTE A3;;;;930
41397;201500046025;15;11;10;1500;1;1;1;1;4;7;AUTOROUTE A1;;;;930
41398;201500046026;15;11;11;1445;1;1;1;1;6;488;AUTOROUTE A15;;;;950
41399;201500046028;15;11;11;2345;3;1;1;1;7;36;AUTOROUTE A15;;;;920
41400;201500046029;15;11;12;945;1;1;1;1;4;678;ROUTE NATIONALE 184;;;;950
41401;201500046030;15;11;12;1500;1;1;1;1;4;5;AUTOROUTE A3;;;;930
41402;201500046031;15;11;12;1810;3;1;1;1;2;277;AUTOROUTE A1;;;;950
41403;201500046033;15;11;10;1045;1;1;1;1;4;527;AUTOROUTE A1;;;;950
41404;201500046034;15;11;13;250;4;1;1;1;6;78;AUTOROUTE A104;;;;930
41405;201500046035;15;11;14;1725;3;1;1;2;4;572;ROUTE NATIONALE 184;;;;950
41406;201500046036;15;11;14;2210;4;1;1;1;6;219;AUTOROUTE A115;;;;950
41407;201500046037;15;10;28;1130;1;1;1;2;6;394;AUTOROUTE A115;;;;950
41408;201500046038;15;11;10;1200;1;1;1;1;2;18;AUTOROUTE A15;;;;950
41409;201500046039;15;11;15;420;3;1;1;1;5;63;AUTOROUTE A3;;;;930
41410;201500046040;15;11;13;1850;3;1;1;1;3;572;AUTOROUTE A15;;;;950
41411;201500046041;15;11;15;1845;3;1;1;1;6;491;AUTOROUTE A115;;;;950
41412;201500046043;15;11;15;2215;3;1;1;1;4;13;AUTOROUTE A1;;;;930
41413;201500046045;15;11;15;1254;1;1;1;1;6;66;AUTOROUTE A1;;;;930
41414;201500046046;15;11;16;855;1;1;1;1;2;1;AUTOROUTE A86;;;;930
41415;201500046047;15;11;16;1930;3;1;1;1;2;8;AUTOROUTE A86;;;;930
41416;201500046048;15;11;17;420;3;1;1;1;7;5;AUTOROUTE A3;;;;930
41417;201500046049;15;11;17;830;1;1;1;1;6;64;AUTOROUTE A86;;;;930
41418;201500046050;15;11;17;645;3;1;1;2;3;582;AUTOROUTE A15;;;;950
41419;201500046051;15;11;17;700;2;1;1;2;5;78;AUTOROUTE A104;;;;930
41420;201500046052;15;11;17;800;1;1;1;2;3;7;AUTOROUTE A1;;;;930
41421;201500046053;15;11;17;700;3;1;1;2;5;5;AUTOROUTE A3;;;;930
41422;201500046054;15;11;17;1050;1;1;1;1;2;13;AUTOROUTE A1;;;;930
41423;201500046055;15;11;17;1035;1;1;1;1;6;394;AUTOROUTE A115;;;;950
41424;201500046056;15;11;17;1700;3;1;1;2;6;53;AUTOROUTE A103;;;;930
41425;201500046057;15;11;17;1655;1;1;1;2;3;582;AUTOROUTE A15;;;;950
41426;201500046058;15;11;17;2325;3;1;1;1;7;151;RN 104;;;;950
41427;201500046059;15;11;18;1440;1;1;1;1;3;277;AUTOROUTE A1;;;;950
41428;201500046060;15;11;18;2325;4;1;1;1;6;28;RN 104;;;;950
41429;201500046061;15;11;19;1315;1;1;1;2;6;582;AUTOROUTE A15;;;;950
41430;201500046062;15;11;19;2100;5;1;1;2;7;8;AUTOROUTE A86;;;;930
41431;201500046063;15;11;20;25;4;1;1;1;7;36;AUTOROUTE A15;;;;920
41432;201500046064;15;11;20;910;1;1;1;2;6;555;BD INTERCOMMUNAL DU PARI;M;4896950.0;227520.0;950
41433;201500046065;15;11;20;1000;1;1;1;2;2;151;RN 104;;;;950
41434;201500046066;15;11;20;1205;1;1;1;3;6;527;AUTOROUTE A1;;;;950
41435;201500046067;15;11;16;1115;1;1;1;1;3;13;AUTOROUTE A1;;;;930
41436;201500046068;15;11;10;935;1;1;1;1;4;10;AUTOROUTE A86;;;;930
41437;201500046070;15;11;21;1820;3;1;1;2;6;27;AUTOROUTE A86;;;;930
41438;201500046071;15;11;21;1930;4;1;1;1;4;256;ROUTE NATIONALE 184;;;;950