;Num_Acc;an;mois;jour;hrmn;lum;agg;int;atm;col;com;adr;gps;lat;long;dep
41792;201500046454;15;6;12;803;1;1;1;1;2;402;A13;;;;780
41793;201500046455;15;6;12;903;1;1;1;1;2;217;A13;;;;780
41794;201500046456;15;6;12;903;1;1;1;1;4;431;A13;;;;780
41795;201500046457;15;6;12;1020;1;1;1;1;2;126;A13;;;;780
41796;201500046458;15;6;12;1634;1;1;1;1;5;242;A12 Y;;;;780
41797;201500046459;15;6;13;800;1;1;1;1;6;26;RN192;;;;920
41798;201500046460;15;6;13;1053;1;1;1;1;2;50;A86;;;;920
41799;201500046461;15;6;14;1355;1;1;1;1;6;63;A86;;;;920
41800;201500046462;15;6;15;18;3;1;1;1;2;291;A13;;;;780
41801;201500046463;15;6;15;1731;1;1;1;1;4;50;A14;;;;920
41802;201500046464;15;6;16;1705;1;1;1;1;3;640;A86 EXT;;;;780
41803;201500046465;15;6;16;1805;1;1;1;1;7;62;RN1014 W;;;;920
41804;201500046466;15;6;16;1840;1;1;1;1;6;402;A13;;;;780
41805;201500046467;15;6;17;1600;1;1;1;1;6;36;A86;;;;920
41806;201500046468;15;6;17;1830;1;1;1;1;1;36;A86;;;;920
41807;201500046470;15;6;19;1520;1;1;1;1;2;43;A12 W;;;;780
41808;201500046471;15;6;19;1540;1;1;1;1;7;116;A13Y;;;;750
41809;201500046472;15;6;19;1753;1;1;1;1;5;73;A12 W;;;;780
41810;201500046474;15;6;19;2055;1;1;1;1;2;646;A86 INT;;;;780
41811;201500046475;15;6;20;340;5;1;1;1;2;50;A14;;;;920
41812;201500046477;15;6;21;700;1;1;1;1;1;43;A12 Y;;;;780
41813;201500046478;15;6;21;1135;1;1;1;1;2;36;A86;;;;920
41814;201500046479;15;6;21;1500;1;1;1;1;6;72;N118;;;;920
41815;201500046480;15;6;21;1747;1;1;1;1;2;43;A12 Y;;;;780
41816;201500046481;15;6;21;1851;1;1;1;1;3;238;A13;;;;780
41817;201500046482;15;6;21;2025;1;1;1;9;2;62;A14;;;;920
41818;201500046483;15;6;22;843;1;1;1;1;7;490;RN12 EXT;;;;780
41819;201500046484;15;6;22;1735;1;1;1;3;5;545;A12 W;;;;780
41820;201500046485;15;6;23;1720;1;1;1;1;5;43;A12 Y;;;;780
41821;201500046486;15;6;24;844;1;1;1;1;2;242;A12 Y;;;;780
41822;201500046487;15;6;24;1732;1;1;1;1;5;25;A86;;;;920
41823;201500046488;15;6;25;624;1;1;1;1;3;50;A86;;;;920
41824;201500046490;15;6;25;1755;1;1;1;1;5;640;A86 EXT;;;;780
41825;201500046492;15;6;26;1317;1;1;1;1;6;63;A86;;;;920
41826;201500046494;15;6;27;1055;1;1;1;1;4;64;A13;;;;920
41827;201500046495;15;6;27;1940;1;1;1;1;6;62;RN1013;;;;920
41828;201500046496;15;6;28;501;5;1;1;1;2;126;A13;;;;780
41829;201500046497;15;6;29;732;1;1;1;1;6;73;N12Y;;;;780
41830;201500046498;15;6;29;2008;1;1;1;1;1;51;RN13;;;;920
41831;201500046499;15;6;29;2100;1;1;1;1;7;140;A13;;;;780
41832;201500046500;15;6;30;1447;1;1;1;1;1;402;A13;;;;780
41833;201500046501;15;6;30;1704;1;1;1;1;5;43;A13Y;;;;780
41834;201500046502;15;6;30;1942;1;1;1;1;2;646;RN12 INT;;;;780
41835;201500046503;15;7;1;829;1;1;1;1;2;23;RN385;;;;920
41836;201500046504;15;7;1;1715;1;1;1;1;1;646;RN12;;;;780
41837;201500046505;15;7;2;915;1;1;1;1;1;48;N118;;;;920
41838;201500046506;15;7;2;1455;1;1;1;1;2;490;RN12 INT;;;;780
41839;201500046508;15;7;3;854;1;1;1;1;1;50;A86;;;;920
41840;201500046509;15;7;3;856;1;1;1;1;4;64;A13;;;;920
41841;201500046510;15;7;3;905;1;1;1;1;5;25;A86;;;;920
41842;201500046511;15;7;3;1250;1;1;1;1;3;50;A86;;;;920
41843;201500046512;15;7;3;1200;1;1;1;1;6;571;A13;;;;780
41844;201500046513;15;7;3;1727;1;1;1;1;1;431;A13;;;;780
41845;201500046514;15;7;3;1820;1;1;1;1;4;51;RN13;;;;920
41846;201500046515;15;7;4;18;3;1;1;1;2;291;A13;;;;780
41847;201500046516;15;7;5;411;5;1;1;1;6;50;A86;;;;920
41848;201500046517;15;7;5;520;2;1;1;1;6;76;A13;;;;920
41849;201500046518;15;7;6;852;1;1;1;1;5;640;A86 EXT;;;;780
41850;201500046519;15;7;6;916;1;1;1;1;5;524;A13;;;;780
41851;201500046520;15;7;6;1225;1;1;1;1;4;62;RN1014 W;;;;920
41852;201500046521;15;7;6;1845;1;1;1;1;2;64;A13;;;;920
41853;201500046523;15;7;7;1456;1;1;1;1;2;64;A13;;;;920
41854;201500046524;15;7;7;1751;1;1;1;1;2;50;A86;;;;920
41855;201500046525;15;7;7;2000;1;1;1;1;1;47;A13;;;;920
41856;201500046526;15;7;8;1743;1;1;1;1;6;217;A13;;;;780
41857;201500046527;15;7;8;1750;1;1;1;1;4;133;A13;;;;780
41858;201500046528;15;7;8;1840;1;1;1;1;2;36;A86;;;;920
41859;201500046529;15;7;8;1855;1;1;1;1;1;126;A13;;;;780
41860;201500046530;15;7;9;710;1;1;1;1;1;242;A12 W;;;;780
41861;201500046531;15;7;9;808;1;1;1;1;5;423;RN12;;;;780
41862;201500046532;15;7;9;910;1;1;1;1;5;64;A13;;;;920
41863;201500046533;15;7;9;930;1;1;1;1;1;51;RN13;;;;920
41864;201500046535;15;7;9;1105;1;1;1;1;5;72;N118;;;;920
41865;201500046536;15;7;9;2315;3;1;1;1;2;51;RN13;;;;920
41866;201500046537;15;6;26;1850;1;1;1;1;3;140;A13;;;;780
41867;201500046538;15;7;10;1715;1;1;1;1;5;321;RN12 INT;;;;780
41868;201500046539;15;7;10;1855;1;1;1;1;4;640;A86 EXT;;;;780
41869;201500046540;15;7;11;446;3;1;1;1;6;25;A86;;;;920
41870;201500046541;15;7;11;920;1;1;1;1;6;23;RN385;;;;920
41871;201500046542;15;7;12;215;3;1;1;1;6;322;RN12 EXT;;;;780
41872;201500046543;15;7;12;1120;1;1;1;1;7;571;A13;;;;780
41873;201500046544;15;7;12;2308;3;1;1;1;6;47;A13;;;;920
41874;201500046546;15;7;13;1155;1;1;1;1;6;297;RN12;;;;780
41875;201500046547;15;7;14;506;3;1;1;1;6;571;A13;;;;780
41876;201500046548;15;7;14;1712;1;1;1;1;1;646;RN12;;;;780
41877;201500046549;15;7;14;1959;1;1;1;1;3;63;A86;;;;920
41878;201500046550;15;7;15;34;3;1;1;1;6;140;A13;;;;780
41879;201500046551;15;7;15;830;1;1;1;1;4;25;A86;;;;920
41880;201500046552;15;7;15;1810;1;1;1;1;4;36;A86;;;;920
41881;201500046553;15;7;16;240;3;1;1;1;6;90;A13;;;;780
41882;201500046554;15;7;16;1156;1;1;1;1;7;133;A14;;;;780
41883;201500046556;15;7;17;1128;1;1;1;1;2;551;SE A14;;;;780
41884;201500046557;15;7;17;1610;1;1;1;1;5;242;A12 Y;;;;780
41885;201500046558;15;7;18;1210;1;1;1;1;6;362;A13;;;;780
41886;201500046559;15;7;18;1255;1;1;1;1;6;640;A86 INT;;;;780
41887;201500046560;15;7;18;1528;1;1;1;1;1;4;RN315 Y;;;;920
41888;201500046561;15;7;21;1945;1;1;1;1;4;640;A86 EXT;;;;780
41889;201500046562;15;7;22;840;1;1;1;1;2;158;A13;;;;780
41890;201500046563;15;7;22;1728;1;1;1;1;5;23;RN385;;;;920
41891;201500046564;15;7;23;2130;2;1;1;1;7;238;A13;;;;780
41892;201500046566;15;7;25;211;4;1;1;1;1;47;A13;;;;920
41893;201500046567;15;7;25;1854;1;1;1;1;2;90;A13;;;;780
41894;201500046568;15;7;26;530;3;1;1;1;6;7;A13 Y;;;;780
41895;201500046569;15;7;28;1805;1;1;1;2;6;640;A86 EXT;;;;780
41896;201500046571;15;7;29;1725;1;1;1;1;5;455;A13;;;;780
41897;201500046572;15;7;29;1910;1;1;1;1;3;423;A12 W;;;;780
41898;201500046573;15;7;30;1945;1;1;1;1;5;43;A13Y;;;;780
41899;201500046574;15;7;30;2352;5;1;1;1;4;640;RN12 INT;;;;780
41900;201500046575;15;8;1;1205;1;1;1;1;2;646;RN12;;;;780
41901;201500046576;15;8;1;1935;1;1;1;1;7;50;A14;;;;920
41902;201500046577;15;7;31;940;1;1;1;1;2;73;A12 Y;;;;780
41903;201500046578;15;8;5;1108;1;1;1;1;2;455;A13;;;;780
41904;201500046579;15;8;6;843;1;1;1;1;2;62;RN1013;;;;920
41905;201500046581;15;8;7;913;1;1;1;1;6;50;A86;;;;920
41906;201500046582;15;8;8;1445;1;1;1;1;7;43;A12 W;;;;780
41907;201500046583;15;8;8;1825;1;1;1;1;6;321;RN12 INT;;;;780
41908;201500046584;15;8;13;2020;2;1;1;2;6;63;A86;;;;920
41909;201500046585;15;8;19;300;3;1;1;1;6;490;RN12 EXT;;;;780
41910;201500046586;15;8;19;827;1;1;1;1;3;25;A86;;;;920
41911;201500046587;15;8;19;1540;1;1;1;1;6;50;A14;;;;920
41912;201500046588;15;8;20;1440;1;1;1;1;5;646;RN12;;;;780
41913;201500046589;15;8;20;2140;3;1;1;1;2;43;A12 W;;;;780
41914;201500046590;15;8;22;610;3;1;1;1;6;291;A13;;;;780
41915;201500046591;15;8;22;1042;1;1;1;1;5;43;A13Y;;;;780
41916;201500046592;15;8;22;1450;1;1;1;1;5;50;A14;;;;920
41917;201500046593;15;8;22;2200;4;1;1;1;3;158;A13;;;;780
41918;201500046595;15;8;24;1005;1;1;1;2;6;116;A13Y;;;;750
41919;201500046596;15;8;24;1615;1;1;1;3;6;50;A14;;;;920
41920;201500046597;15;8;24;1745;1;1;1;3;7;25;A86;;;;920
41921;201500046598;15;8;26;2005;1;1;1;1;1;640;A86 EXT;;;;780
41922;201500046599;15;8;27;805;1;1;1;2;3;25;A86;;;;920
41923;201500046600;15;8;27;1730;1;1;1;3;6;63;A86;;;;920
41924;201500046601;15;8;28;1348;1;1;1;1;6;640;RN12 INT;;;;780
41925;201500046602;15;8;28;1355;1;1;1;1;6;60;RN385;;;;920
41926;201500046603;15;8;31;1230;1;1;1;1;6;291;A13;;;;780
41927;201500046604;15;8;31;1838;1;1;1;1;4;23;RN385;;;;920
41928;201500046605;15;9;1;1123;1;1;1;1;6;64;A13;;;;920
41929;201500046606;15;9;2;1444;1;1;1;1;5;524;A13;;;;780
41930;201500046607;15;9;3;938;1;1;1;1;4;47;A13;;;;920
41931;201500046608;15;9;3;1205;1;1;1;1;2;423;A12 W;;;;780
41932;201500046609;15;9;3;1700;1;1;1;1;6;238;A13;;;;780
41933;201500046610;15;9;4;507;3;1;1;1;6;43;A12 Y;;;;780
41934;201500046611;15;9;4;1157;1;1;1;1;4;62;RN1014 W;;;;920
41935;201500046612;15;9;5;1455;1;1;1;1;1;36;A86;;;;920
41936;201500046613;15;9;5;2005;1;1;1;2;2;36;RN315 W;;;;920
41937;201500046614;15;9;7;837;1;1;1;1;2;640;A86 EXT;;;;780
41938;201500046615;15;9;7;1915;1;1;1;1;2;50;A86;;;;920
41939;201500046616;15;9;8;925;1;1;1;1;2;62;RN1014 W;;;;920
41940;201500046617;15;9;8;2039;5;1;1;1;5;12;A13;;;;920
41941;201500046618;15;9;9;1725;1;1;1;1;2;43;A12 W;;;;780
41942;201500046619;15;9;10;806;1;1;1;1;3;490;RN12 EXT;;;;780
41943;201500046620;15;9;11;1048;1;1;1;1;3;242;A12 W;;;;780
41944;201500046621;15;9;11;1555;1;1;1;1;5;25;A86;;;;920
41945;201500046622;15;9;11;1952;1;1;1;1;2;51;N13;;;;920
41946;201500046623;15;9;11;2007;3;1;1;2;5;217;A13;;;;780
41947;201500046624;15;9;12;1306;1;1;1;3;6;321;RN12 INT;;;;780
41948;201500046625;15;9;12;1515;1;1;1;1;1;423;RN12;;;;780
41949;201500046626;15;9;12;1900;1;1;1;1;5;64;A13;;;;920
41950;201500046627;15;9;12;1918;1;1;1;1;1;640;N118;;;;780
41951;201500046628;15;9;12;2011;1;1;1;2;6;73;RN12 INT;;;;780
41952;201500046629;15;9;13;550;3;1;1;1;1;402;A13;;;;780
41953;201500046630;15;9;13;1445;1;1;1;2;6;90;A13;;;;780
41954;201500046631;15;9;13;2025;5;1;1;1;6;321;RN12 INT;;;;780
41955;201500046633;15;9;14;1638;1;1;1;1;2;72;N118;;;;920
41956;201500046634;15;9;14;1912;1;1;1;8;7;64;A13;;;;920
41957;201500046635;15;9;15;925;1;1;1;1;4;551;A14;;;;780
41958;201500046637;15;9;16;1225;1;1;1;3;7;7;A13W;;;;780
41959;201500046638;15;9;16;1834;1;1;1;1;2;116;A13Y;;;;750
41960;201500046639;15;9;17;901;1;1;1;8;2;498;A14;;;;780
41961;201500046640;15;9;19;353;3;1;1;1;6;63;A86;;;;920
41962;201500046641;15;9;20;1820;1;1;1;1;2;640;A86 INT;;;;780
41963;201500046642;15;9;21;10;3;1;1;1;7;498;A13;;;;780
41964;201500046643;15;9;21;815;1;1;1;1;6;76;A13;;;;920
41965;201500046644;15;9;21;750;1;1;1;1;4;640;A86 EXT;;;;780
41966;201500046645;15;9;21;815;1;1;1;1;3;524;A13;;;;780
41967;201500046646;15;9;21;1852;1;1;1;1;3;423;N12W;;;;780
41968;201500046647;15;9;22;552;3;1;1;1;3;73;RN12 INT;;;;780
41969;201500046648;15;9;22;1740;1;1;1;2;5;362;A13;;;;780
41970;201500046649;15;9;23;1449;1;1;1;1;4;43;A12 W;;;;780
41971;201500046650;15;9;23;1709;1;1;1;1;3;25;A86;;;;920
41972;201500046651;15;9;23;1915;1;1;1;1;4;50;A86;;;;920
41973;201500046652;15;9;23;2316;5;1;1;1;2;72;N118;;;;920
41974;201500046653;15;9;24;934;1;1;1;1;4;73;A12 Y;;;;780
41975;201500046654;15;9;25;33;3;1;1;1;6;36;A86;;;;920
41976;201500046655;15;9;25;650;3;1;1;1;5;64;A13;;;;920
41977;201500046656;15;9;25;1025;1;1;1;1;2;25;A86;;;;920
41978;201500046657;15;9;26;1055;1;1;1;1;6;455;A13;;;;780
41979;201500046658;15;9;26;1913;1;1;1;1;5;47;A13;;;;920
41980;201500046659;15;9;27;238;5;1;1;1;1;362;A13;;;;780
41981;201500046660;15;9;28;800;1;1;1;1;5;490;RN12 INT;;;;780
41982;201500046661;15;9;28;915;1;1;1;7;2;418;A14;;;;780
41983;201500046662;15;9;29;620;3;1;1;1;2;7;A13W;;;;780
41984;201500046663;15;9;29;824;1;1;1;1;2;23;RN186;;;;920
41985;201500046664;15;9;29;853;2;1;1;1;1;7;A13W;;;;780
41986;201500046665;15;9;29;936;1;1;1;1;2;640;A86 INT;;;;780
41987;201500046666;15;9;29;916;1;1;1;1;5;50;A14;;;;920
41988;201500046667;15;9;29;1000;1;1;1;1;1;50;A86;;;;920
41989;201500046668;15;9;29;1000;1;1;1;1;1;50;A86;;;;920
41990;201500046669;15;9;29;1930;1;1;1;1;2;36;A86;;;;920
41991;201500046670;15;9;29;2109;4;1;1;1;4;25;A86;;;;920
41992;201500046671;15;9;30;1035;1;1;1;1;4;36;A86;;;;920
41993;201500046672;15;9;30;1600;1;1;1;1;6;133;A13;;;;780
41994;201500046673;15;10;1;855;1;1;1;1;3;640;RN12 INT;;;;780
41995;201500046674;15;10;1;1000;1;1;1;1;3;50;A86;;;;920
41996;201500046675;15;10;1;1840;1;1;1;1;1;116;A13Y;;;;750
41997;201500046676;15;10;2;752;1;1;1;1;5;73;N12Y;;;;780
41998;201500046677;15;10;2;838;1;1;1;1;3;418;A14;;;;780
41999;201500046678;15;10;2;945;1;1;1;1;4;545;A12 Y;;;;780
42000;201500046679;15;10;2;2055;5;1;1;1;2;25;A86;;;;920
42001;201500046680;15;10;3;1552;1;1;1;1;3;25;A86;;;;920
42002;201500046681;15;10;3;1728;1;1;1;1;5;140;A13;;;;780
42003;201500046682;15;10;3;1802;1;1;1;1;7;545;A12 W;;;;780
42004;201500046683;15;10;3;2100;4;1;1;1;2;50;A86;;;;920
42005;201500046684;15;10;5;318;4;1;1;1;7;646;RN12;;;;780
42006;201500046685;15;10;6;839;1;1;1;3;2;64;A13;;;;920
42007;201500046686;15;10;6;1018;1;1;1;1;7;36;A86;;;;920
42008;201500046687;15;10;6;1047;1;1;1;2;2;545;A12 W;;;;780
42009;201500046688;15;10;6;1140;1;1;1;1;6;62;RN1014 W;;;;920
42010;201500046689;15;10;7;735;1;1;1;1;3;90;A13;;;;780
42011;201500046690;15;10;7;756;1;1;1;1;2;423;A12 Y;;;;780
42012;201500046691;15;10;7;1825;1;1;1;1;2;431;A13;;;;780
42013;201500046692;15;10;8;646;3;1;1;1;6;402;A13;;;;780
42014;201500046693;15;10;9;1450;1;1;1;1;5;25;A86;;;;920
42015;201500046694;15;10;9;1557;1;1;1;1;2;206;A13;;;;780
42016;201500046695;15;10;9;1940;2;1;1;1;3;43;A12 W;;;;780
42017;201500046696;15;10;10;1702;1;1;1;1;6;455;A13;;;;780
42018;201500046697;15;10;10;2010;5;1;1;1;7;64;A13;;;;920
42019;201500046698;15;10;12;753;1;1;1;1;2;43;A12 W;;;;780
42020;201500046699;15;10;12;845;1;1;1;1;1;466;A13;;;;780
42021;201500046700;15;10;12;1820;1;1;1;1;6;133;A14;;;;780
42022;201500046701;15;10;13;854;1;1;1;1;2;36;A86;;;;920
42023;201500046702;15;10;13;958;1;1;1;1;5;51;RN13;;;;920
42024;201500046703;15;10;13;1040;1;1;1;1;7;640;A86 EXT;;;;780
42025;201500046704;15;10;13;1820;1;1;1;1;1;640;N118;;;;780
42026;201500046705;15;10;14;830;1;1;1;1;3;431;A13;;;;780
42027;201500046706;15;10;14;930;1;1;1;1;6;498;A13;;;;780
42028;201500046707;15;10;15;640;4;1;1;1;1;50;A86;;;;920
42029;201500046708;15;10;15;825;1;1;1;1;4;26;RN192;;;;920
42030;201500046709;15;10;15;1645;1;1;1;1;3;455;A13;;;;780
42031;201500046710;15;10;16;815;2;1;1;2;2;90;A13;;;;780
42032;201500046712;15;10;16;1805;1;1;1;5;6;640;A86 EXT;;;;780
42033;201500046713;15;10;17;354;3;1;1;8;6;571;A13;;;;780
42034;201500046714;15;10;18;610;3;1;1;1;6;217;A13;;;;780
42035;201500046715;15;10;19;1920;3;1;1;1;5;48;N118;;;;920
42036;201500046716;15;10;19;2210;3;1;1;1;7;50;A86;;;;920
42037;201500046717;15;10;20;825;1;1;1;1;6;43;A12 Y;;;;780
42038;201500046718;15;10;20;1647;1;1;1;1;5;64;A13;;;;920
42039;201500046720;15;10;21;940;1;1;1;1;7;646;RN12 INT;;;;780
42040;201500046721;15;10;21;1320;1;1;1;1;2;640;A86 EXT;;;;780
42041;201500046722;15;10;22;657;4;1;1;8;2;25;A86;;;;920
42042;201500046723;15;10;22;847;1;1;9;2;7;640;N118;;;;780
42043;201500046724;15;10;22;852;1;1;1;1;5;36;A86;;;;920
42044;201500046725;15;10;22;1150;1;1;1;2;7;490;RN12 INT;;;;780
42045;201500046726;15;10;22;1330;1;1;1;2;3;498;A13;;;;780
42046;201500046727;15;10;23;727;5;1;1;1;1;640;A86 EXT;;;;780
42047;201500046728;15;10;23;1525;1;1;1;1;2;25;A86;;;;920
42048;201500046729;15;10;23;1620;1;1;1;1;6;362;A13;;;;780
42049;201500046730;15;10;24;1;3;1;1;1;7;36;A86;;;;920
42050;201500046731;15;10;24;730;2;1;1;1;6;291;A13;;;;780
42051;201500046732;15;10;25;2150;3;1;1;1;2;321;RN12 INT;;;;780
42052;201500046733;15;10;26;1708;1;1;1;1;2;640;N118;;;;780
42053;201500046734;15;10;27;920;1;1;1;1;1;640;A86 EXT;;;;780
42054;201500046735;15;10;27;2130;5;1;1;2;2;50;A14;;;;920
42055;201500046736;15;10;28;538;3;1;1;2;6;36;A86;;;;920
42056;201500046737;15;10;28;1513;1;1;1;1;5;50;A14;;;;920
42057;201500046738;15;10;28;1740;1;1;1;1;1;43;A12 W;;;;780
42058;201500046739;15;10;30;1625;1;1;1;1;4;291;A13;;;;780
42059;201500046740;15;10;30;1800;4;1;1;1;5;217;A13;;;;780
42060;201500046741;15;10;31;340;3;1;1;1;7;36;A86;;;;920
42061;201500046742;15;11;1;720;1;1;1;5;2;362;A13;;;;780
42062;201500046744;15;11;2;805;1;1;1;5;3;524;A13;;;;780
42063;201500046745;15;11;2;1944;1;1;1;1;2;646;RN12;;;;780
42064;201500046746;15;11;3;750;2;1;1;2;2;423;RN12;;;;780
42065;201500046747;15;11;3;735;1;1;1;8;5;50;A86;;;;920
42066;201500046749;15;11;4;222;3;1;1;8;6;322;RN12;;;;780
42067;201500046750;15;11;4;1622;1;1;1;8;5;117;RN12;;;;780
42068;201500046751;15;11;6;1530;1;1;1;2;4;36;A86;;;;920
42069;201500046752;15;11;7;915;1;1;1;1;2;238;A13;;;;780
42070;201500046753;15;11;7;1945;3;1;1;1;6;640;N118;;;;780
42071;201500046754;15;11;8;155;3;1;1;5;2;545;A12 Y;;;;780
42072;201500046755;15;11;8;711;2;1;1;1;6;646;RN12 INT;;;;780
42073;201500046756;15;11;8;1805;3;1;1;1;1;133;A13;;;;780
42074;201500046757;15;11;9;1055;1;1;1;1;2;60;RN385;;;;920
42075;201500046758;15;11;10;1015;1;1;1;1;6;64;N118;;;;920
42076;201500046759;15;11;10;1825;5;1;1;1;6;466;A13;;;;780
42077;201500046760;15;11;10;1914;3;1;1;1;4;50;A86;;;;920
42078;201500046761;15;11;11;114;5;1;1;1;6;50;A86;;;;920
42079;201500046762;15;11;12;809;1;1;1;1;7;63;A86;;;;920
42080;201500046763;15;11;12;940;1;1;1;1;1;26;RN1014 Y;;;;920
42081;201500046764;15;11;13;1210;1;1;1;1;2;62;RN1014 W;;;;920
42082;201500046765;15;11;13;1350;1;1;1;1;1;551;SE A14;;;;780
42083;201500046766;15;11;13;1645;2;1;1;1;4;640;A86 EXT;;;;780
42084;201500046768;15;11;16;1725;2;1;1;1;1;362;A13;;;;780
42085;201500046769;15;11;16;1815;2;1;1;1;4;50;A86;;;;920
42086;201500046770;15;11;17;758;1;1;1;1;1;50;A86;;;;920
42087;201500046771;15;11;17;808;1;1;1;1;6;47;A13;;;;920
42088;201500046772;15;11;17;919;1;1;1;1;1;208;RN12 EXT;;;;780
42089;201500046773;15;11;19;720;2;1;1;1;4;50;A86;;;;920
42090;201500046774;15;11;19;1737;3;1;1;2;2;133;A13;;;;780
42091;201500046775;15;11;19;1856;1;1;1;1;1;423;RN12;;;;780
42092;201500046777;15;11;20;850;1;1;1;3;4;62;RN1014 W;;;;920
42093;201500046779;15;11;20;1637;1;1;1;1;2;47;A13;;;;920
42094;201500046780;15;11;20;1835;2;1;1;1;4;402;A13;;;;780
42095;201500046781;15;11;20;2110;5;1;1;2;7;12;A13;;;;920
42096;201500046782;15;11;23;912;1;1;1;1;5;431;A13;;;;780
42097;201500046783;15;11;23;1248;1;1;1;1;6;524;A13;;;;780
42098;201500046784;15;11;24;739;1;1;1;1;1;43;A12 W;;;;780
42099;201500046786;15;11;24;2310;3;1;1;2;6;640;RN12 INT;;;;780
42100;201500046789;15;11;26;1801;5;1;1;1;3;646;RN12;;;;780
42101;201500046790;15;11;27;1055;1;1;1;1;1;76;A13;;;;920
42102;201500046791;15;11;27;1804;3;1;1;1;4;423;RN12;;;;780
42103;201500046792;15;11;28;956;1;1;1;1;6;466;A13;;;;780
42104;201500046793;15;11;28;1715;5;1;1;1;3;646;RN12;;;;780
42105;201500046794;15;11;30;930;1;1;1;1;6;47;A13;;;;920
42106;201500046795;15;11;30;1415;1;1;1;1;6;423;A12 W;;;;780
42107;201500046796;15;12;1;1820;5;1;1;1;3;640;N118;;;;780
42108;201500046797;15;12;2;2000;5;1;1;1;7;50;A86;;;;920
42109;201500046798;15;12;3;844;2;1;1;1;1;640;A86 EXT;;;;780
42110;201500046799;15;12;4;1820;5;1;1;1;1;466;A13;;;;780
42111;201500046801;15;12;5;323;4;1;1;1;6;551;A14;;;;780
42112;201500046802;15;12;5;1835;5;1;1;1;6;73;A12 W;;;;780
42113;201500046803;15;12;6;1700;2;1;1;1;6;117;RN12;;;;780
42114;201500046804;15;12;6;1840;2;1;1;1;1;50;A86;;;;920
42115;201500046805;15;12;7;640;1;1;1;1;2;524;A13;;;;780
42116;201500046806;15;12;7;1025;1;1;1;1;7;23;RN385;;;;920
42117;201500046807;15;12;7;1225;1;1;1;1;1;646;RN12;;;;780
42118;201500046808;15;12;7;1523;1;1;1;1;4;206;A13;;;;780
42119;201500046809;15;12;7;1810;1;1;1;1;2;29;A13Y;;;;780
42120;201500046810;15;12;8;1000;1;1;1;1;2;51;RN13;;;;920
42121;201500046811;15;12;8;1411;1;1;1;2;2;362;A13;;;;780
42122;201500046813;15;12;8;1621;2;1;1;3;1;50;A86;;;;920
42123;201500046814;15;12;8;1715;5;1;1;1;4;50;A14;;;;920
42124;201500046815;15;12;8;1913;5;1;1;8;3;48;N118;;;;920
42125;201500046816;15;12;9;35;3;1;1;8;6;571;A13;;;;780
42126;201500046817;15;12;8;1610;1;1;1;2;3;51;N13;;;;920
42127;201500046818;15;12;9;906;1;1;1;1;3;50;A86;;;;920
42128;201500046819;15;12;10;847;1;1;1;1;3;36;A86;;;;920
42129;201500046820;15;12;10;1836;3;1;1;1;2;73;RN12 INT;;;;780
42130;201500046821;15;12;11;1;5;1;1;1;2;72;N118;;;;920
42131;201500046822;15;12;11;1220;1;1;1;1;6;50;A86;;;;920
42132;201500046823;15;12;11;1550;1;1;1;1;4;118;A13;;;;780
42133;201500046824;15;12;11;1724;2;1;1;1;2;90;A13;;;;780
42134;201500046825;15;12;13;717;3;1;1;1;2;140;A13;;;;780
42135;201500046828;15;12;15;203;3;1;1;1;6;72;N118;;;;920
42136;201500046829;15;12;15;1301;1;1;1;8;6;47;A13;;;;920
42137;201500046830;15;12;15;1720;5;1;1;2;5;322;RN12 EXT;;;;780
42138;201500046831;15;12;15;1928;4;1;1;3;6;640;N118;;;;780
42139;201500046832;15;12;16;15;3;1;1;2;6;206;A13;;;;780
42140;201500046833;15;12;16;729;5;1;1;2;4;640;A86 EXT;;;;780
42141;201500046834;15;12;16;820;1;1;1;1;3;48;N118;;;;920
42142;201500046835;15;12;17;800;2;1;1;1;4;36;A86;;;;920
42143;201500046836;15;12;17;850;1;1;1;1;1;50;A86;;;;920
42144;201500046837;15;12;17;1750;3;1;1;1;3;48;N118;;;;920
42145;201500046838;15;12;17;2246;5;1;1;2;6;36;RN315 Y;;;;920
42146;201500046839;15;12;19;435;5;1;1;1;6;48;N118;;;;920
42147;201500046840;15;12;19;1733;2;1;1;1;6;217;A13;;;;780
42148;201500046841;15;12;19;1736;1;1;1;1;6;217;A13;;;;780
42149;201500046842;15;12;20;732;3;1;1;1;6;126;A13;;;;780
42150;201500046843;15;12;21;2143;3;1;1;8;3;36;A86;;;;920
42151;201500046844;15;12;22;1655;1;1;1;1;1;25;A86;;;;920
42152;201500046845;15;12;22;1822;1;1;1;1;5;73;A12 Y;;;;780
42153;201500046846;15;12;23;1158;1;1;1;1;2;64;A13;;;;920
42154;201500046847;15;12;23;1713;2;1;1;1;1;36;A86;;;;920
42155;201500046848;15;12;23;1845;3;1;1;1;3;72;N118;;;;920
42156;201500046849;15;12;24;1550;1;1;1;1;3;50;A14;;;;920
42157;201500046850;15;12;24;1745;3;1;1;1;2;455;A13;;;;780
42158;201500046851;15;12;25;1035;1;1;1;1;6;640;A86 INT;;;;780
42159;201500046852;15;12;26;1631;1;1;1;1;6;242;A12 W;;;;780
42160;201500046854;15;12;28;1332;1;1;1;1;4;25;A86;;;;920