;Num_Acc;an;mois;jour;hrmn;lum;agg;int;atm;col;com;adr;gps;lat;long;dep
42161;201500046855;15;12;28;1554;1;1;1;1;3;43;A12 W;;;;780
42162;201500046856;15;12;28;1910;3;1;1;1;1;640;N118;;;;780
42163;201500046857;15;11;30;835;1;1;1;1;2;490;RN12 EXT;;;;780
42164;201500046858;15;12;30;1824;3;1;1;1;2;43;A12 Y;;;;780
42165;201500046859;15;1;2;2000;3;1;1;2;2;64;RN 118;;;;910
42166;201500046860;15;1;3;1710;2;1;1;1;2;76;AUTOROUTE A6B;M;4879150.0;234460.0;940
42167;201500046861;15;1;3;2215;5;1;1;2;2;174;RN 104;;;;910
42168;201500046862;15;1;5;640;3;1;1;1;3;216;AUTOROUTE A6;;;;910
42169;201500046863;15;1;5;900;1;1;1;5;4;471;RN 118;;;;910
42170;201500046864;15;1;5;1510;1;1;1;1;6;377;RD 188;;;;910
42171;201500046866;15;1;7;1435;1;1;1;1;2;174;RN 104;;;;910
42172;201500046867;15;1;7;1850;3;1;1;1;5;549;RN 104;;;;910
42173;201500046868;15;1;8;638;3;1;1;1;5;589;AUTOROUTE A6;;;;910
42174;201500046869;15;1;8;1455;1;1;1;2;1;477;AUTOROUTE A126;;;;910
42175;201500046870;15;1;8;1642;1;1;1;8;5;377;AUTOROUTE A10;;;;910
42176;201500046871;15;1;9;1220;1;1;1;2;3;521;RN 449;;;;910
42177;201500046872;15;1;9;1300;1;1;1;2;4;434;AUTOROUTE A6;;;;910
42178;201500046873;15;1;9;1405;1;1;1;1;7;521;RN 104;;;;910
42179;201500046874;15;1;9;2050;3;1;1;1;7;589;AUTOROUTE A6;;;;910
42180;201500046875;15;1;9;2350;3;1;1;1;5;38;AUTOROUTE A6B;M;4878880.0;234413.0;940
42181;201500046876;15;1;10;20;3;1;1;1;2;19;RN 385;;;;920
42182;201500046878;15;1;12;830;1;1;1;1;2;3;AUTOROUTE A6A;M;4880810.0;234045.0;940
42183;201500046879;15;1;16;427;3;1;1;8;6;286;AUTOROUTE A6;;;;910
42184;201500046880;15;1;13;2030;3;1;1;1;2;64;RN 118;;;;910
42185;201500046881;15;1;14;820;2;1;1;1;6;617;RN 104;;;;910
42186;201500046882;15;1;15;945;1;1;1;1;6;286;AUTOROUTE A6;;;;910
42187;201500046883;15;1;15;930;1;1;1;1;6;21;AUTOROUTE A106;M;4875960.0;234666.0;940
42188;201500046884;15;1;18;1130;1;1;1;1;6;617;RN 104;;;;910
42189;201500046885;15;1;19;1816;5;1;1;8;4;34;AUTOROUTE A86;M;4876060.0;231928.0;940
42190;201500046887;15;1;19;2100;4;1;1;8;2;161;AUTOROUTE A6;;;;910
42191;201500046889;15;1;19;1305;1;1;1;2;6;86;RN 104;;;;910
42192;201500046890;15;1;21;1900;3;1;1;1;4;86;RN 104;;;;910
42193;201500046891;15;1;22;1940;3;1;1;1;2;432;AUTOROUTE A6;;;;910
42194;201500046892;15;1;23;2210;3;1;1;1;6;179;AUTOROUTE A6;;;;910
42195;201500046893;15;1;24;2315;3;1;1;1;6;377;AUTOROUTE A10;;;;910
42196;201500046895;15;1;23;1440;1;1;1;1;5;689;AUTOROUTE A6B;;;;910
42197;201500046896;15;1;26;735;5;1;1;2;3;347;RN 104;;;;910
42198;201500046897;15;1;24;1439;1;1;1;1;5;689;AUTOROUTE A6B;;;;910
42199;201500046898;15;1;24;1515;1;1;1;1;4;174;RN 104;;;;910
42200;201500046899;15;1;27;1425;1;1;1;1;6;182;RN 104;;;;910
42201;201500046900;15;1;25;653;3;1;1;1;6;689;AUTOROUTE A6A;;;;910
42202;201500046901;15;1;29;825;1;1;1;2;2;692;RN 118;;;;910
42203;201500046902;15;1;26;1730;2;1;1;2;6;521;RN 104;;;;910
42204;201500046904;15;1;27;915;1;1;1;1;7;21;AUTOROUTE A6B;M;4877070.0;234567.0;940
42205;201500046905;15;1;28;620;3;1;1;1;2;161;AUTOROUTE A6;;;;910
42206;201500046906;15;1;29;1758;5;1;1;2;3;34;AUTOROUTE A86;M;4875680.0;233148.0;940
42207;201500046907;15;1;28;1010;1;1;1;1;2;65;AUTOROUTE A86;M;4875530.0;234453.0;940
42208;201500046908;15;1;30;830;2;1;1;1;3;434;AUTOROUTE A6;;;;910
42209;201500046909;15;1;31;1610;1;1;1;2;2;38;AUTOROUTE A6A;M;4877300.0;234581.0;940
42210;201500046910;15;1;31;1750;2;1;1;2;6;377;RD 188;;;;910
42211;201500046912;15;2;1;1735;1;1;1;2;7;43;AUTOROUTE A6B;M;4881550.0;235611.0;940
42212;201500046913;15;2;1;2030;5;1;1;2;3;34;AUTOROUTE A86;M;4875620.0;234072.0;940
42213;201500046914;15;1;30;1411;1;1;1;2;6;434;AUTOROUTE A6;;;;910
42214;201500046915;15;1;30;1440;1;1;1;1;4;692;RN 118;M;4867182.0;219381.0;910
42215;201500046917;15;1;30;1549;1;1;1;2;2;161;AUTOROUTE A126;;;;910
42216;201500046918;15;2;2;1100;1;1;1;2;2;65;AUTOROUTE A86;M;4875500.0;234448.0;940
42217;201500046919;15;1;31;1145;1;1;1;2;6;432;AUTOROUTE A6;;;;910
42218;201500046920;15;1;31;2135;3;1;1;2;6;617;RN 104;;;;910
42219;201500046921;15;2;1;648;5;1;1;1;6;345;A6;;;;910
42220;201500046922;15;2;1;930;1;1;1;1;6;34;AUTOROUTE A86;M;4875610.0;234111.0;940
42221;201500046923;15;2;1;2331;3;1;1;1;3;477;A10;;;;910
42222;201500046924;15;2;2;500;3;1;1;1;6;182;RN 104;;;;910
42223;201500046925;15;2;3;830;1;1;1;1;2;692;RN 118;;;;910
42224;201500046926;15;2;4;920;1;1;1;1;3;21;AUTOROUTE A6A;M;4876430.0;234239.0;940
42225;201500046927;15;2;4;1300;1;1;1;1;7;21;AUTOROUTE A6B;M;4877090.0;234476.0;940
42226;201500046928;15;2;4;1842;3;1;1;1;2;377;A10;;;;910
42227;201500046929;15;2;5;1200;1;1;1;1;5;228;A6;;;;910
42228;201500046930;15;2;5;1654;1;1;1;1;6;645;RN 385 Extérieure;;;;910
42229;201500046931;15;2;7;1105;1;1;1;1;5;174;RN 104;;;;910
42230;201500046932;15;2;9;900;1;1;1;1;2;521;A6;;;;910
42231;201500046933;15;2;9;915;1;1;1;1;2;161;A6;;;;910
42232;201500046934;15;2;8;2235;3;1;1;1;7;471;RN 118;;;;910
42233;201500046935;15;2;9;1200;1;1;1;1;2;76;AUTOROUTE A6B;M;4879340.0;234505.0;940
42234;201500046936;15;2;9;1530;1;1;1;1;2;34;AUTOROUTE A6B;M;4875830.0;233870.0;940
42235;201500046937;15;2;12;400;3;1;1;1;6;340;A6;;;;910
42236;201500046938;15;2;11;1827;3;1;1;1;1;312;RD 444;;;;910
42237;201500046939;15;2;11;1008;1;1;1;1;5;174;RN 104;;;;910
42238;201500046940;15;2;12;1615;1;1;1;1;5;573;RN 104;;;;910
42239;201500046941;15;2;12;1840;3;1;1;1;2;182;A6;;;;910
42240;201500046942;15;2;12;624;2;1;1;1;2;21;AUTOROUTE A6B;M;4876340.0;234227.0;940
42241;201500046943;15;2;12;837;1;1;1;1;5;645;RN 385 Extérieure;;;;910
42242;201500046944;15;2;12;926;1;1;1;1;2;689;A6B;;;;910
42243;201500046945;15;2;13;435;3;1;1;1;2;617;RN 104;;;;910
42244;201500046946;15;2;14;10;5;1;1;2;6;43;AUTOROUTE A6B;M;4881330.0;235417.0;940
42245;201500046948;15;2;14;700;3;1;1;2;3;689;A6B;;;;910
42246;201500046949;15;2;14;1100;1;1;1;2;6;471;RN 118;;;;910
42247;201500046950;15;2;15;108;3;1;1;1;2;377;A10;;;;910
42248;201500046951;15;2;15;146;5;1;1;1;2;34;AUTOROUTE A6A;M;4875680.0;233475.0;940
42249;201500046952;15;2;14;1725;1;1;1;2;3;161;A126;;;;910
42250;201500046953;15;2;14;1730;1;1;1;2;6;340;RN 104;;;;910
42251;201500046954;15;2;15;2215;3;1;1;1;4;521;A6;;;;910
42252;201500046955;15;2;15;1305;1;1;1;1;6;617;RN 104;;;;910
42253;201500046956;15;2;16;830;1;1;1;5;4;161;A126;;;;910
42254;201500046957;15;2;16;2130;3;1;1;1;5;76;AUTOROUTE A6B;M;4879290.0;234429.0;940
42255;201500046958;15;2;17;2120;4;1;1;1;6;521;RN 104;;;;910
42256;201500046959;15;2;17;1935;3;1;1;1;6;251;AUTOROUTE A5A;;;;770
42257;201500046960;15;2;19;722;2;1;1;1;6;521;RN 104;;;;910
42258;201500046962;15;2;20;1300;1;1;1;2;2;34;AUTOROUTE A6B;M;4875040.0;232847.0;940
42259;201500046963;15;2;21;1240;1;1;1;1;6;161;AUTOROUTE A6;;;;910
42260;201500046964;15;2;22;410;3;1;1;1;2;161;A6;;;;910
42261;201500046965;15;2;20;2105;3;1;1;3;7;38;AUTOROUTE A6B;M;4877710.0;234597.0;940
42262;201500046966;15;2;21;1639;1;1;1;9;6;434;A6;;;;910
42263;201500046967;15;2;22;2325;3;1;1;1;6;34;AUTOROUTE A6B;M;4875710.0;233487.0;940
42264;201500046968;15;2;25;1740;1;1;1;2;6;521;RN 104;;;;910
42265;201500046969;15;2;26;1040;1;1;1;2;6;521;RN 104;;;;910
42266;201500046970;15;2;27;1437;1;1;1;1;6;661;A10;;;;910
42267;201500046971;15;3;2;1145;1;1;1;1;2;38;AUTOROUTE A6B;M;4878790.0;234454.0;940
42268;201500046972;15;2;28;1810;3;1;1;2;6;2;AUTOROUTE A10;;;;920
42269;201500046973;15;3;1;900;1;1;1;1;6;521;RN 104;;;;910
42270;201500046974;15;3;2;907;1;1;1;1;1;136;AUTOROUTE A126;;;;910
42271;201500046975;15;3;1;1030;1;1;1;1;6;521;RN 104;;;;910
42272;201500046976;15;3;1;2152;3;1;1;1;7;521;RN 104;;;;910
42273;201500046977;15;3;2;1610;1;1;1;1;4;161;AUTOROUTE A6;;;;910
42274;201500046978;15;3;2;1550;1;1;1;1;2;521;RN 449;;;;910
42275;201500046979;15;3;3;1930;3;1;1;2;6;666;AUTOROUTE A10;;;;910
42276;201500046980;15;3;5;1040;1;1;1;1;4;34;AUTOROUTE A86;M;4876020.0;232048.0;940
42277;201500046981;15;3;5;1230;1;1;1;1;7;34;AUTOROUTE A86;M;4875630.0;233940.0;940
42278;201500046982;15;3;5;1700;1;1;1;1;4;434;AUTOROUTE A6;;;;910
42279;201500046983;15;3;9;855;1;1;1;1;3;179;AUTOROUTE A6;;;;910
42280;201500046985;15;3;6;1530;1;1;1;1;2;174;RN 104;;;;910
42281;201500046986;15;3;6;1640;1;1;1;1;5;689;AUTOROUTE A6A;;;;910
42282;201500046987;15;3;6;1700;1;1;1;1;3;38;AUTOROUTE A6A;M;4877480.0;234591.0;940
42283;201500046988;15;3;7;1050;1;1;1;1;5;161;AUTOROUTE A6;;;;910
42284;201500046989;15;3;9;1830;2;1;1;1;2;251;AUTOROUTE A5A;;;;770
42285;201500046990;15;3;10;945;1;1;1;1;2;43;AUTOROUTE A6B;M;4881030.0;234982.0;940
42286;201500046991;15;3;11;800;1;1;1;1;2;43;AUTOROUTE A6B;M;4881510.0;235583.0;940
42287;201500046992;15;3;10;1750;1;1;1;1;4;471;RN 118;;;;910
42288;201500046993;15;3;11;2240;3;1;1;1;3;21;AUTOROUTE A6B;M;4876270.0;234075.0;940
42289;201500046994;15;3;11;1830;1;1;1;1;2;161;AUTOROUTE A6;;;;910
42290;201500046996;15;3;11;715;2;1;1;1;2;312;RD 444;;;;910
42291;201500046997;15;3;12;340;3;1;1;1;6;286;AUTOROUTE A6;;;;910
42292;201500046999;15;3;14;1500;1;1;1;1;3;345;AUTOROUTE A6;;;;910
42293;201500047000;15;3;14;2250;3;1;1;1;1;312;RD 444;;;;910
42294;201500047001;15;3;17;2240;3;1;1;1;2;312;RD 444;;;;910
42295;201500047002;15;3;17;2232;3;1;1;1;2;174;RN 104;;;;910
42296;201500047003;15;3;17;720;1;1;1;1;2;37;AUTOROUTE A6;;;;910
42297;201500047004;15;3;15;1210;1;1;1;1;2;251;AUTOROUTE A5A;;;;770
42298;201500047005;15;3;18;1555;1;1;1;1;3;76;AUTOROUTE A6B;M;4879520.0;234520.0;940
42299;201500047006;15;3;19;1750;1;1;1;1;5;477;RD 444;;;;910
42300;201500047007;15;3;19;2134;5;1;1;1;3;38;AUTOROUTE A6B;M;4878830.0;234432.0;940
42301;201500047008;15;3;19;620;2;1;1;1;5;549;RN 104;;;;910
42302;201500047009;15;3;19;915;1;1;1;1;4;103;RN 104;;;;910
42303;201500047010;15;3;19;1501;1;1;1;1;2;43;AUTOROUTE A6B;M;4881230.0;235244.0;940
42304;201500047011;15;3;19;1750;1;1;1;1;5;161;AUTOROUTE A6;;;;910
42305;201500047012;15;3;24;215;3;1;1;1;2;521;AUTOROUTE A6;;;;910
42306;201500047013;15;3;23;700;2;1;1;1;6;103;RN 104;;;;910
42307;201500047014;15;3;23;1945;3;1;1;1;2;174;RN 104;;;;910
42308;201500047015;15;3;24;830;1;1;1;1;2;38;AUTOROUTE A6A;M;4877300.0;234581.0;940
42309;201500047016;15;3;25;922;1;1;1;1;2;179;AUTOROUTE A6;;;;910
42310;201500047017;15;3;26;1625;1;1;1;1;7;2;AUTOROUTE A86;;;;920
42311;201500047018;15;4;8;840;1;1;1;1;4;286;AUTOROUTE A6;;;;910
42312;201500047019;15;3;27;125;3;1;1;1;5;432;AUTOROUTE A6;;;;910
42313;201500047020;15;3;26;1015;1;1;1;1;4;471;RN 118;;;;910
42314;201500047021;15;3;27;1722;1;1;1;1;3;377;RN20;;;;910
42315;201500047022;15;4;8;1006;1;1;1;1;4;434;AUTOROUTE A6;;;;910
42316;201500047023;15;3;28;2330;3;1;1;8;7;347;RN 104;;;;910
42317;201500047024;15;3;29;1245;1;1;1;2;6;34;AUTOROUTE A6B;M;4875880.0;233629.0;940
42318;201500047025;15;3;29;1905;1;1;1;2;6;521;RN 449;;;;910
42319;201500047026;15;3;29;2015;3;1;1;2;2;589;AUTOROUTE A6;;;;910
42320;201500047027;15;3;29;2245;3;1;1;2;6;161;AUTOROUTE A6;;;;910
42321;201500047028;15;3;26;833;1;1;1;1;2;136;AUTOROUTE A10;;;;910
42322;201500047030;15;3;31;1636;1;1;1;1;2;3;AUTOROUTE A6A;M;4880730.0;234107.0;940
42323;201500047031;15;4;1;1930;1;1;1;1;5;661;RD 188 CHEVREUSE;;;;910
42324;201500047032;15;4;1;900;1;1;1;2;2;363;RN 104;;;;910
42325;201500047033;15;4;2;915;1;1;1;2;4;661;RD 188 CHEVREUSE;;;;910
42326;201500047035;15;4;5;1548;1;1;1;1;7;521;RD 449;;;;910
42327;201500047036;15;4;3;1800;1;1;1;2;3;161;AUTOROUTE A6;;;;910
42328;201500047037;15;4;3;1815;1;1;1;2;5;521;AUTOROUTE A6;;;;910
42329;201500047038;15;4;3;1850;1;1;1;3;3;179;AUTOROUTE A6;;;;910
42330;201500047039;15;4;3;2115;5;1;1;2;7;21;AUTOROUTE A6B;M;4876310.0;234108.0;940
42331;201500047040;15;4;3;2230;3;1;1;3;2;179;AUTOROUTE A6;;;;910
42332;201500047041;15;4;5;1846;1;1;1;1;4;34;AUTOROUTE A86;M;4875850.0;232527.0;940
42333;201500047043;15;4;6;1505;1;1;1;1;7;3;AUTOROUTE A6A;M;4881290.0;233613.0;940
42334;201500047044;15;4;7;1630;1;1;1;1;2;312;RD 444;;;;910
42335;201500047045;15;4;7;1815;1;1;1;1;4;86;RN 104;;;;910
42336;201500047046;15;4;7;1050;1;1;1;1;4;2;AUTOROUTE A10;;;;920
42337;201500047047;15;4;7;1206;1;1;1;1;3;689;AUTOROUTE A6A;;;;910
42338;201500047048;15;3;31;1717;1;1;1;1;2;216;AUTOROUTE A6;;;;910
42339;201500047049;15;4;9;835;1;1;1;1;2;86;RN 104;;;;910
42340;201500047050;15;4;9;2000;1;1;1;1;6;161;AUTOROUTE A6;;;;910
42341;201500047051;15;4;10;830;1;1;1;1;3;38;AUTOROUTE A6A;M;4877300.0;234581.0;940
42342;201500047052;15;4;10;1000;1;1;1;1;2;477;AUTOROUTE A10;;;;910
42343;201500047053;15;4;12;1644;1;1;1;1;2;589;AUTOROUTE A6;;;;910
42344;201500047054;15;4;10;2000;1;1;1;1;3;377;AUTOROUTE A10;;;;910
42345;201500047056;15;4;12;159;3;1;1;1;2;471;RN 118;;;;910
42346;201500047057;15;4;13;1830;1;1;1;1;2;312;RD 444;;;;910
42347;201500047058;15;4;13;630;2;1;1;1;5;286;AUTOROUTE A6;;;;910
42348;201500047059;15;4;13;816;1;1;1;1;4;377;AUTOROUTE A10;;;;910
42349;201500047060;15;4;14;1925;2;1;1;1;2;34;AUTOROUTE A86;M;4875940.0;232291.0;940
42350;201500047061;15;4;14;1930;1;1;1;1;2;64;RN 118;;;;910
42351;201500047062;15;4;15;1120;1;1;1;1;5;76;AUTOROUTE A6A;M;4879340.0;234490.0;940
42352;201500047063;15;4;19;1955;1;1;1;1;4;34;AUTOROUTE A86;M;4876060.0;231928.0;940
42353;201500047064;15;4;17;1644;1;1;1;1;4;34;AUTOROUTE A86;M;4876100.0;231808.0;940
42354;201500047065;15;4;18;1220;1;1;1;1;3;363;RN 104;;;;910
42355;201500047066;15;4;19;1130;1;1;1;1;5;2;AUTOROUTE A10;;;;920
42356;201500047067;15;4;20;811;1;1;1;1;5;34;AUTOROUTE A86;M;4875650.0;233303.0;940
42357;201500047069;15;4;21;1005;1;1;1;1;6;363;RN 104;;;;910
42358;201500047070;15;4;22;1800;1;1;1;1;3;182;RN 104;;;;910
42359;201500047071;15;4;23;1500;1;1;1;1;3;363;RN 104;;;;910
42360;201500047072;15;4;23;1735;1;1;1;1;2;340;RN 104;;;;910
42361;201500047073;15;4;23;1850;1;1;1;1;3;161;AUTOROUTE A6;;;;910
42362;201500047074;15;4;23;1807;1;1;1;1;3;182;RN 104;;;;910
42363;201500047075;15;4;25;1435;1;1;1;1;6;468;AUTOROUTE A6;;;;910
42364;201500047076;15;4;25;331;3;1;1;1;3;689;AUTOROUTE A6B;;;;910
42365;201500047077;15;4;26;1600;1;1;1;3;3;216;AUTOROUTE A6;;;;910
42366;201500047078;15;4;26;1750;1;1;1;3;6;34;AUTOROUTE A86;M;4875770.0;233954.0;940
42367;201500047079;15;4;26;1915;1;1;9;2;6;521;RN 104;;;;910
42368;201500047081;15;4;26;2243;5;1;1;2;5;521;RN 104;;;;910
42369;201500047082;15;4;24;900;1;1;1;1;4;34;AUTOROUTE A86;M;4875630.0;233940.0;940
42370;201500047083;15;4;25;1047;1;1;1;1;4;179;AUTOROUTE A6;;;;910
42371;201500047085;15;4;27;1710;1;1;1;1;2;645;RN 385 INT;;;;910
42372;201500047086;15;4;29;1230;1;1;1;1;4;689;AUTOROUTE A6A;;;;910
42373;201500047087;15;4;29;1831;1;1;1;1;2;434;AUTOROUTE A6;;;;910
42374;201500047088;15;4;29;1915;1;1;1;1;2;161;AUTOROUTE A6;;;;910
42375;201500047089;15;5;1;1400;1;1;1;2;6;136;AUTOROUTE A10;;;;910
42376;201500047090;15;5;1;1700;1;1;1;1;6;136;AUTOROUTE A10;;;;910
42377;201500047091;15;5;1;1420;1;1;1;2;6;617;RN 104;;;;910
42378;201500047092;15;5;1;1500;1;1;1;2;7;340;RN 104;;;;910
42379;201500047093;15;5;1;1600;1;1;1;3;7;182;RN 104;;;;910
42380;201500047094;15;5;1;1630;1;1;1;2;6;34;AUTOROUTE A86;M;4875580.0;233918.0;940
42381;201500047095;15;5;1;1800;1;1;1;2;6;34;AUTOROUTE A86;M;4875630.0;233940.0;940
42382;201500047096;15;5;1;1735;1;1;1;3;6;521;RN 449;;;;910
42383;201500047097;15;5;2;1800;1;1;1;3;3;235;RN 104;;;;910
42384;201500047098;15;5;2;1930;1;1;1;2;4;2;AUTOROUTE A10;;;;920
42385;201500047100;15;4;30;840;1;1;1;2;7;34;AUTOROUTE A86;M;4875710.0;233022.0;940
42386;201500047101;15;4;30;1826;1;1;1;3;2;136;A10 PARIS / RD188 PARIS;;;;910
42387;201500047102;15;4;30;1947;1;1;1;2;7;434;AUTOROUTE A6;;;;910
42388;201500047103;15;5;1;843;1;1;1;3;7;235;RN 104;;;;910
42389;201500047104;15;5;1;725;1;1;1;3;6;645;RN 385 Extèrieure;;;;910
42390;201500047105;15;5;2;1135;1;1;1;3;7;477;AUTOROUTE A10;;;;910
42391;201500047106;15;5;3;250;3;1;1;3;6;43;AUTOROUTE A6B;M;4881310.0;235421.0;940
42392;201500047107;15;5;3;1740;1;1;1;2;4;521;RN 104;;;;910
42393;201500047108;15;5;5;50;3;1;1;8;6;179;AUTOROUTE A6;;;;910
42394;201500047109;15;5;5;1;3;1;1;8;4;34;AUTOROUTE A86;M;4875870.0;232530.0;940
42395;201500047110;15;5;5;1139;1;1;1;1;4;76;AUTOROUTE A6A;M;4879250.0;234467.0;940
42396;201500047111;15;5;6;1854;1;1;1;1;5;161;AUTOROUTE A6;;;;910
42397;201500047112;15;5;7;1820;1;1;1;1;6;521;RN 104;;;;910
42398;201500047113;15;5;7;1840;1;1;1;1;5;76;AUTOROUTE A6B;M;4879610.0;234496.0;940
42399;201500047115;15;5;7;847;1;1;1;1;3;251;RN 104;;;;770
42400;201500047116;15;5;8;1214;1;1;1;1;2;468;AUTOROUTE A6;;;;910
42401;201500047117;15;5;10;1930;1;1;1;1;3;687;AUTOROUTE A6;;;;910
42402;201500047118;15;5;11;715;1;1;1;1;7;553;RN 104;;;;910
42403;201500047119;15;5;11;1810;1;1;1;1;2;687;AUTOROUTE A6;;;;910
42404;201500047120;15;5;11;1750;1;1;1;1;3;471;RN 118;;;;910
42405;201500047121;15;5;12;945;1;1;1;1;2;549;RN 104;;;;910
42406;201500047122;15;5;12;1440;1;1;1;1;5;179;AUTOROUTE A6;;;;910
42407;201500047123;15;5;12;1948;1;1;1;1;4;161;AUTOROUTE A126;;;;910
42408;201500047124;15;5;12;1800;1;1;1;1;3;363;RN 104;;;;910
42409;201500047125;15;5;13;1600;1;1;1;1;2;38;AUTOROUTE A6A;M;4877330.0;234571.0;940
42410;201500047126;15;5;14;1805;1;1;1;8;6;3;AUTOROUTE A6A;M;4880810.0;234045.0;940
42411;201500047127;15;5;13;1053;1;1;1;1;2;3;AUTOROUTE A6B;M;4880100.0;234354.0;940
42412;201500047128;15;5;15;1900;1;1;1;1;5;174;RN 104;;;;910
42413;201500047129;15;5;16;1730;1;1;1;1;4;216;AUTOROUTE A6;;;;910
42414;201500047130;15;5;17;2240;3;1;1;1;3;182;RN 104;;;;910
42415;201500047131;15;5;19;150;3;1;1;1;2;161;AUTOROUTE A6;;;;910
42416;201500047132;15;5;19;1520;1;1;1;1;2;21;AUTOROUTE A6A;M;4876270.0;234099.0;940
42417;201500047133;15;5;19;1815;1;1;1;1;3;3;AUTOROUTE A6A;M;4880380.0;234200.0;940
42418;201500047134;15;5;19;2000;1;1;1;3;2;43;AUTOROUTE A6B;M;4881350.0;235468.0;940
42419;201500047135;15;5;20;840;1;1;1;1;5;471;RN 118;;;;910
42420;201500047136;15;5;20;1305;1;1;1;1;3;432;AUTOROUTE A6;;;;910
42421;201500047137;15;5;25;1810;1;1;1;1;1;661;AUTOROUTE A10;;;;910
42422;201500047138;15;5;23;817;1;1;1;1;2;340;AUTOROUTE A6;;;;910
42423;201500047139;15;5;23;2340;3;1;1;1;2;434;AUTOROUTE A6;;;;910
42424;201500047140;15;5;24;2035;1;1;1;1;6;179;AUTOROUTE A6;;;;910
42425;201500047141;15;5;26;1145;1;1;1;1;3;16;AUTOROUTE A6A;M;4879250.0;234467.0;940
42426;201500047142;15;5;26;1245;1;1;1;1;7;645;RN 385 Extèrieure;;;;910
42427;201500047143;15;5;26;1435;1;1;1;1;2;377;AUTOROUTE A10;;;;910
42428;201500047144;15;5;27;820;1;1;1;1;3;19;RN 385;;;;920
42429;201500047145;15;5;27;1200;1;1;1;1;1;377;RN20;;;;910
42430;201500047146;15;5;27;1830;1;1;1;1;4;34;AUTOROUTE A86;M;4876040.0;231988.0;940
42431;201500047147;15;5;28;915;1;1;1;1;4;553;RN 104;;;;910
42432;201500047148;15;5;28;1950;1;1;1;1;7;251;RN 104;M;4863220.0;252861.0;770
42433;201500047149;15;5;30;302;3;1;1;2;5;521;AUTOROUTE A6;;;;910
42434;201500047151;15;5;31;1545;1;1;1;2;6;521;RN 104;;;;910
42435;201500047152;15;5;29;850;1;1;1;1;3;216;AUTOROUTE A6;;;;910
42436;201500047153;15;5;30;1627;1;1;1;1;2;340;RN 104;;;;910
42437;201500047154;15;6;1;1500;1;1;1;1;2;377;RN20;;;;910
42438;201500047155;15;6;1;800;1;1;1;1;2;570;RN 104;;;;910
42439;201500047156;15;6;1;802;1;1;1;1;2;570;RN 104;;;;910
42440;201500047157;15;6;2;830;1;1;1;1;5;312;RD 444;;;;910
42441;201500047158;15;6;2;1200;1;1;1;1;3;689;AUTOROUTE A6A;;;;910
42442;201500047159;15;6;2;1010;1;1;1;1;5;64;RN 118;;;;910
42443;201500047160;15;6;2;1710;1;1;1;1;5;174;RN 104;;;;910
42444;201500047162;15;6;2;1745;1;1;1;1;2;21;AUTOROUTE A6B;M;4875980.0;233844.0;940
42445;201500047163;15;6;3;905;1;1;1;2;5;687;AUTOROUTE A6;;;;910
42446;201500047164;15;6;3;1700;1;1;1;1;2;363;RN 104;;;;910
42447;201500047165;15;6;5;2100;1;1;1;1;3;21;AUTOROUTE A6B;M;4876290.0;234093.0;940
42448;201500047166;15;6;8;730;1;1;1;1;7;345;AUTOROUTE A6;;;;910
42449;201500047167;15;6;5;1620;1;1;1;1;2;434;AUTOROUTE A6;;;;910
42450;201500047168;15;6;5;1730;1;1;1;1;7;340;RN 104;;;;910
42451;201500047169;15;6;7;2204;3;1;1;1;2;179;AUTOROUTE A6;;;;910
42452;201500047170;15;6;8;920;1;1;1;1;5;86;RN 104;;;;910
42453;201500047171;15;6;8;1300;1;1;1;1;3;286;AUTOROUTE A6;;;;910
42454;201500047172;15;6;8;1900;1;1;1;1;4;477;AUTOROUTE A126;;;;910
42455;201500047173;15;6;8;1800;1;1;1;1;4;21;AUTOROUTE A6A;M;4876430.0;234220.0;940
42456;201500047174;15;6;9;940;1;1;1;1;3;3;AUTOROUTE A6B;M;4880080.0;234372.0;940
42457;201500047175;15;6;10;1340;1;1;1;1;3;161;AUTOROUTE A6;;;;910
42458;201500047176;15;6;10;1726;1;1;1;1;7;286;RD 310;;;;910
42459;201500047177;15;6;12;230;3;1;1;2;7;521;AUTOROUTE A6;;;;910
42460;201500047178;15;6;11;1530;1;1;1;1;3;3;AUTOROUTE A6A;M;4880110.0;234196.0;940
42461;201500047180;15;6;12;2015;1;1;1;1;4;64;RN 118;;;;910
42462;201500047181;15;6;13;1845;1;1;1;1;5;689;AUTOROUTE A6B;;;;910
42463;201500047182;15;6;15;950;1;1;1;1;3;534;RN 118;;;;910
42464;201500047183;15;6;15;930;1;1;1;1;2;432;AUTOROUTE A6;;;;910
42465;201500047184;15;6;15;940;1;1;1;1;4;179;AUTOROUTE A6;;;;910
42466;201500047185;15;6;14;1835;1;1;1;1;2;377;RN20;;;;910
42467;201500047186;15;6;14;35;5;1;1;1;2;161;AUTOROUTE A6;;;;910
42468;201500047187;15;6;13;1253;1;1;1;1;4;161;AUTOROUTE A126;;;;910
42469;201500047188;15;6;15;1755;1;1;1;1;3;38;AUTOROUTE A6A;M;4877970.0;234643.0;940
42470;201500047189;15;6;13;10;5;1;1;1;6;3;AUTOROUTE A6A;M;4881290.0;233613.0;940
42471;201500047190;15;6;16;1450;1;1;1;1;3;235;RN 104;;;;910
42472;201500047191;15;6;17;1200;1;1;1;1;3;235;RN 104;;;;910
42473;201500047192;15;6;17;1405;1;1;1;1;4;38;AUTOROUTE A6A;M;4877750.0;234637.0;940
42474;201500047193;15;6;17;1440;1;1;1;1;3;689;AUTOROUTE A6B;;;;910
42475;201500047194;15;6;17;1655;1;1;1;1;3;570;RN 104;;;;910
42476;201500047195;15;6;17;2101;2;1;1;1;7;34;AUTOROUTE A86;M;4875740.0;234025.0;940