;Num_Acc;an;mois;jour;hrmn;lum;agg;int;atm;col;com;adr;gps;lat;long;dep
42477;201500047196;15;6;18;755;2;1;1;1;3;76;AUTOROUTE A6B;M;4879610.0;234497.0;940
42478;201500047197;15;6;19;1755;1;1;1;1;7;477;AUTOROUTE A126;;;;910
42479;201500047198;15;6;19;1550;1;1;1;1;2;34;AUTOROUTE A6B;M;4875140.0;233021.0;940
42480;201500047199;15;6;20;35;3;1;1;1;3;377;AUTOROUTE A10;;;;910
42481;201500047200;15;6;21;1330;1;1;1;1;7;161;AUTOROUTE A6;;;;910
42482;201500047201;15;6;22;337;3;1;1;1;7;689;AUTOROUTE A10;;;;910
42483;201500047202;15;6;22;1800;1;1;1;2;7;589;AUTOROUTE A6;;;;910
42484;201500047203;15;6;22;2032;1;1;1;2;5;340;RN 104;;;;910
42485;201500047205;15;6;23;739;1;1;1;1;5;521;AUTOROUTE A6;;;;910
42486;201500047206;15;6;24;1400;1;1;1;1;5;2;AUTOROUTE A86;;;;920
42487;201500047207;15;6;24;750;1;1;1;1;2;689;AUTOROUTE A6;;;;910
42488;201500047208;15;6;26;207;5;1;1;1;2;21;AUTOROUTE A6A;M;4876040.0;233878.0;940
42489;201500047209;15;6;26;930;1;1;1;1;4;549;RN 104;;;;910
42490;201500047210;15;6;26;1015;1;1;1;1;2;345;AUTOROUTE A6;;;;910
42491;201500047213;15;6;26;1750;1;1;1;1;3;161;AUTOROUTE A6;;;;910
42492;201500047215;15;6;28;1940;1;1;1;1;4;521;RN 441;;;;910
42493;201500047216;15;6;29;930;1;1;1;1;2;38;AUTOROUTE A6B;M;4879010.0;234459.0;940
42494;201500047217;15;6;29;830;1;1;1;1;2;570;RN 104;;;;910
42495;201500047218;15;6;29;1348;1;1;1;1;2;570;RN 104;;;;910
42496;201500047219;15;6;29;1752;1;1;1;1;2;339;RN 104;;;;910
42497;201500047221;15;7;1;1700;1;1;1;1;6;432;AUTOROUTE A6;;;;910
42498;201500047222;15;7;2;920;1;1;1;1;5;692;AUTOROUTE A10;;;;910
42499;201500047223;15;7;3;120;5;1;1;1;2;174;RN 104;;;;910
42500;201500047224;15;7;2;2015;1;1;1;1;3;34;AUTOROUTE A86;M;4875550.0;234120.0;940
42501;201500047225;15;7;3;1100;1;1;1;1;2;363;RN 104;;;;910
42502;201500047226;15;7;3;2325;3;1;1;1;5;182;RN 104;;;;910
42503;201500047227;15;7;5;2020;1;1;1;1;2;286;AUTOROUTE A6;;;;910
42504;201500047228;15;7;3;1640;1;1;1;1;7;689;AUTOROUTE A6;;;;910
42505;201500047229;15;7;5;1000;1;1;1;1;7;495;AUTOROUTE A5A;;;;770
42506;201500047230;15;7;5;1524;1;1;1;1;4;345;AUTOROUTE A6;;;;910
42507;201500047231;15;7;7;1815;1;1;1;1;2;161;AUTOROUTE A6;;;;910
42508;201500047232;15;7;7;1915;1;1;1;1;7;34;AUTOROUTE A86;M;4876020.0;232049.0;940
42509;201500047233;15;7;8;1440;1;1;1;1;3;86;RN 104;;;;910
42510;201500047234;15;7;8;1900;1;1;1;1;2;521;RN 440;;;;910
42511;201500047235;15;7;12;1145;1;1;1;1;6;161;AUTOROUTE A6;;;;910
42512;201500047236;15;7;10;700;1;1;1;1;5;687;AUTOROUTE A6;;;;910
42513;201500047237;15;7;10;715;1;1;1;1;4;377;AUTOROUTE A10;;;;910
42514;201500047238;15;7;11;20;3;1;1;1;2;174;RN 104;;;;910
42515;201500047239;15;7;12;954;1;1;1;1;6;182;RN 104;;;;910
42516;201500047240;15;7;13;1430;1;1;1;1;2;76;AUTOROUTE A6B;M;4879600.0;234414.0;940
42517;201500047242;15;7;15;800;1;1;1;1;7;2;AUTOROUTE A10;;;;920
42518;201500047243;15;7;14;1515;1;1;1;1;6;161;AUTOROUTE A6;;;;910
42519;201500047244;15;7;14;1725;1;1;1;1;7;377;RD 188;;;;910
42520;201500047245;15;7;15;1940;1;1;1;1;2;286;AUTOROUTE A6;;;;910
42521;201500047246;15;7;16;930;1;1;1;1;3;136;AUTOROUTE A10;;;;910
42522;201500047247;15;7;16;1900;1;1;1;1;5;19;RN 385;;;;920
42523;201500047248;15;7;18;1810;1;1;1;1;5;86;RN 104;;;;910
42524;201500047250;15;7;20;59;5;1;1;1;6;34;AUTOROUTE A86;M;4876030.0;232009.0;940
42525;201500047251;15;7;17;715;1;1;1;1;7;692;AUTOROUTE A10;;;;910
42526;201500047252;15;7;17;1935;1;1;1;1;2;136;AUTOROUTE A126;;;;910
42527;201500047253;15;7;17;2110;2;1;1;1;4;136;AUTOROUTE A10;;;;910
42528;201500047256;15;7;22;1840;1;1;1;1;3;38;AUTOROUTE A6B;M;4878880.0;234508.0;940
42529;201500047257;15;7;23;50;3;1;1;1;6;161;AUTOROUTE A6;;;;910
42530;201500047258;15;7;23;900;1;1;1;1;5;534;RN 118;;;;910
42531;201500047259;15;7;23;1000;1;1;1;1;5;2;AUTOROUTE A86;;;;920
42532;201500047260;15;7;23;1305;1;1;1;1;2;689;AUTOROUTE A6B;;;;910
42533;201500047262;15;7;23;1617;1;1;1;1;3;38;AUTOROUTE A6B;M;4879060.0;234389.0;940
42534;201500047263;15;7;24;215;3;1;1;1;5;161;AUTOROUTE A6;;;;910
42535;201500047264;15;7;24;1720;1;1;1;1;7;661;AUTOROUTE A10;;;;910
42536;201500047265;15;7;25;1720;1;1;1;1;3;43;AUTOROUTE A6B;M;4881360.0;235451.0;940
42537;201500047266;15;7;25;545;3;1;1;1;2;553;RN 104;;;;910
42538;201500047267;15;7;26;430;3;1;1;1;7;339;RN 104;;;;910
42539;201500047268;15;7;26;1710;1;1;1;2;6;174;RN 104;;;;910
42540;201500047269;15;7;27;1300;1;1;1;1;4;689;AUTOROUTE A10;;;;910
42541;201500047270;15;7;28;845;1;1;1;1;6;553;RN 104;;;;910
42542;201500047271;15;7;31;651;1;1;1;1;2;2;AUTOROUTE A86;;;;920
42543;201500047273;15;7;29;1809;1;1;1;1;4;477;AUTOROUTE A126;;;;910
42544;201500047275;15;7;31;1600;1;1;1;1;2;521;RN 449;;;;910
42545;201500047278;15;8;1;2035;2;1;1;1;2;251;AUTOROUTE A5A;;;;770
42546;201500047280;15;8;3;1100;1;1;1;1;4;377;AUTOROUTE A10;;;;910
42547;201500047281;15;8;3;1230;1;1;1;1;5;65;AUTOROUTE A106;M;4875210.0;235412.0;940
42548;201500047282;15;8;3;1706;1;1;1;1;3;3;AUTOROUTE A6B;M;4880080.0;234372.0;940
42549;201500047283;15;8;5;27;3;1;1;1;5;34;AUTOROUTE A86;M;4875870.0;232530.0;940
42550;201500047284;15;8;8;2110;3;1;1;1;6;64;RN 118;;;;910
42551;201500047285;15;8;7;1718;1;1;1;2;2;2;AUTOROUTE A10;;;;920
42552;201500047286;15;8;7;1900;1;1;1;1;7;377;RD 188;;;;910
42553;201500047287;15;8;7;2350;5;1;1;1;7;161;AUTOROUTE A6;;;;910
42554;201500047288;15;8;9;330;5;1;1;1;6;38;AUTOROUTE A6A;M;4877120.0;234553.0;940
42555;201500047289;15;8;10;509;3;1;1;1;7;34;AUTOROUTE A86;M;4875980.0;232170.0;940
42556;201500047290;15;8;10;509;5;1;1;1;7;34;AUTOROUTE A86;M;4875980.0;232169.0;940
42557;201500047291;15;8;10;1224;1;1;1;1;5;43;AUTOROUTE A6B;M;4881260.0;235300.0;940
42558;201500047292;15;8;10;1430;1;1;1;1;4;235;RN 104;;;;910
42559;201500047293;15;8;11;720;1;1;1;1;2;38;AUTOROUTE A6A;M;4878010.0;234664.0;940
42560;201500047294;15;8;12;1730;1;1;1;8;6;19;RN 385;;;;920
42561;201500047295;15;8;13;1230;1;1;1;1;5;589;AUTOROUTE A6;;;;910
42562;201500047296;15;8;14;150;3;1;1;8;7;477;AUTOROUTE A10;;;;910
42563;201500047297;15;8;14;1315;1;1;1;8;2;179;AUTOROUTE A6;;;;910
42564;201500047298;15;8;14;2110;5;1;1;2;3;21;AUTOROUTE A6B;M;4876020.0;233884.0;940
42565;201500047299;15;8;15;325;3;1;1;3;6;136;AUTOROUTE A126;;;;910
42566;201500047300;15;8;15;836;1;1;1;8;6;521;RN 104;;;;910
42567;201500047301;15;8;15;918;1;1;1;8;6;174;RN 104;;;;910
42568;201500047302;15;8;16;845;1;1;1;1;7;37;AUTOROUTE A6;;;;910
42569;201500047303;15;8;16;1717;1;1;1;1;2;689;AUTOROUTE A6B;;;;910
42570;201500047304;15;8;17;1800;1;1;1;1;2;86;RN 104;;;;910
42571;201500047305;15;8;19;1200;1;1;1;1;5;434;AUTOROUTE A6;;;;910
42572;201500047306;15;8;21;1130;1;1;1;1;4;3;AUTOROUTE A6B;M;4880060.0;234375.0;940
42573;201500047307;15;8;20;845;1;1;1;2;6;521;RN 449;;;;910
42574;201500047308;15;8;20;800;1;1;1;2;2;2;AUTOROUTE A6;;;;920
42575;201500047309;15;8;20;840;1;1;1;2;2;286;AUTOROUTE A6;;;;910
42576;201500047310;15;8;23;1600;1;1;1;1;5;38;AUTOROUTE A6B;M;4878880.0;234508.0;940
42577;201500047312;15;8;22;1220;1;1;1;1;4;689;AUTOROUTE A6B;;;;910
42578;201500047313;15;8;22;2115;3;1;1;1;6;689;AUTOROUTE A6;;;;910
42579;201500047314;15;8;22;2215;3;1;1;1;5;19;RN 385;;;;920
42580;201500047315;15;8;23;415;3;1;1;1;3;687;AUTOROUTE A6;;;;910
42581;201500047316;15;8;25;740;1;1;1;1;2;216;AUTOROUTE A6;;;;910
42582;201500047317;15;8;25;2120;3;1;1;2;7;340;RN 104;;;;910
42583;201500047319;15;8;26;1200;1;1;1;1;5;38;AUTOROUTE A6A;M;4877840.0;234647.0;940
42584;201500047320;15;8;26;1330;1;1;1;1;2;689;AUTOROUTE A6A;;;;910
42585;201500047321;15;8;27;550;5;1;1;3;2;377;RN20;;;;910
42586;201500047322;15;8;27;820;1;1;1;3;7;689;AUTOROUTE A6A;;;;910
42587;201500047323;15;8;27;1815;1;1;1;3;3;182;RN 104;;;;910
42588;201500047325;15;8;29;1835;1;1;1;1;4;2;AUTOROUTE A10;;;;920
42589;201500047326;15;8;29;2325;3;1;1;1;7;434;AUTOROUTE A6;;;;910
42590;201500047327;15;8;30;710;1;1;1;1;3;434;AUTOROUTE A6;;;;910
42591;201500047328;15;8;31;525;2;1;1;1;6;37;AUTOROUTE A6A;M;4881380.0;233623.0;940
42592;201500047329;15;8;28;740;2;1;1;1;6;521;RN 104;;;;910
42593;201500047330;15;8;28;1800;1;1;1;1;2;377;AUTOROUTE A10;;;;910
42594;201500047331;15;8;28;1805;1;1;1;1;4;174;RN 104;;;;910
42595;201500047332;15;8;28;908;1;1;1;1;7;38;AUTOROUTE A6B;M;4878440.0;234610.0;940
42596;201500047333;15;8;28;850;1;1;1;1;4;363;RN 104;;;;910
42597;201500047334;15;8;29;1050;1;1;1;1;2;34;AUTOROUTE A86;M;4875970.0;232167.0;940
42598;201500047335;15;8;29;1245;1;1;1;1;4;161;AUTOROUTE A6;;;;910
42599;201500047336;15;8;29;532;3;1;1;1;2;689;AUTOROUTE A6;;;;910
42600;201500047337;15;8;31;1625;1;1;1;1;6;161;AUTOROUTE A6;;;;910
42601;201500047339;15;9;1;715;3;1;1;2;7;377;AUTOROUTE A10;;;;910
42602;201500047340;15;9;2;1245;1;1;1;1;2;553;RN 104;;;;910
42603;201500047341;15;9;2;1230;1;1;1;1;4;521;RN 104;;;;910
42604;201500047342;15;9;2;2218;1;1;1;1;2;363;RN 104;;;;910
42605;201500047343;15;9;3;1010;1;1;1;1;1;534;RN 118;;;;910
42606;201500047344;15;9;3;1820;1;1;1;1;2;3;AUTOROUTE A6A;M;4881040.0;233839.0;940
42607;201500047345;15;9;3;1840;1;1;1;1;2;179;AUTOROUTE A6;;;;910
42608;201500047346;15;9;3;1953;1;1;1;1;3;38;AUTOROUTE A6B;M;4877800.0;234607.0;940
42609;201500047347;15;9;6;1830;1;1;1;1;4;179;AUTOROUTE A6;;;;910
42610;201500047348;15;9;4;1200;1;1;1;1;5;21;AUTOROUTE A6A;M;4876170.0;234001.0;940
42611;201500047349;15;9;6;1555;1;1;1;1;4;689;AUTOROUTE A6B;;;;910
42612;201500047350;15;9;6;1945;1;1;1;1;2;182;AUTOROUTE A6;;;;910
42613;201500047351;15;9;6;2245;1;1;1;1;6;2;AUTOROUTE A86;;;;920
42614;201500047353;15;9;8;620;3;1;1;1;7;589;AUTOROUTE A6;;;;910
42615;201500047354;15;9;9;530;3;1;1;1;7;570;RN 104;;;;910
42616;201500047355;15;9;9;740;1;1;1;1;6;521;RN 449;;;;910
42617;201500047356;15;9;8;1950;1;1;1;1;2;2;AUTOROUTE A86;;;;920
42618;201500047357;15;9;9;535;3;1;1;1;1;296;AUTOROUTE A5A;;;;770
42619;201500047358;15;9;9;1010;1;1;1;1;6;521;RN 104;;;;910
42620;201500047360;15;9;10;738;1;1;1;1;2;534;RN 118;;;;910
42621;201500047361;15;9;12;1905;1;1;1;2;6;34;AUTOROUTE A6B;M;4875830.0;233722.0;940
42622;201500047362;15;9;12;2020;3;1;1;2;6;521;RN 104;;;;910
42623;201500047363;15;9;13;1055;1;1;1;3;1;64;RN 118;;;;910
42624;201500047364;15;9;13;1500;1;1;1;2;6;363;RN 104;;;;910
42625;201500047365;15;9;13;1440;1;1;1;2;3;228;RN 449;;;;910
42626;201500047367;15;9;13;1455;1;1;1;3;6;65;AUTOROUTE A86;M;4875510.0;234576.0;940
42627;201500047368;15;9;12;2220;3;1;1;1;6;377;AUTOROUTE A10;;;;910
42628;201500047369;15;9;13;435;5;1;1;1;6;377;RN20;;;;910
42629;201500047370;15;8;28;803;1;1;1;1;7;477;AUTOROUTE A10;;;;910
42630;201500047371;15;9;12;2130;1;1;1;2;6;617;RN 104;;;;910
42631;201500047373;15;9;14;1615;1;1;1;2;6;692;RN 118;;;;910
42632;201500047374;15;9;15;830;1;1;1;2;5;521;AUTOROUTE A6;;;;910
42633;201500047375;15;9;15;745;2;1;1;3;5;34;AUTOROUTE A6A;M;4875220.0;233068.0;940
42634;201500047376;15;9;16;557;3;1;1;2;5;161;AUTOROUTE A6;;;;910
42635;201500047377;15;9;16;1735;1;1;1;2;2;521;AUTOROUTE A6;;;;910
42636;201500047378;15;9;16;1248;1;1;1;2;2;34;AUTOROUTE A86;M;4876190.0;231505.0;940
42637;201500047379;15;9;17;1700;1;1;1;1;5;689;AUTOROUTE A6;;;;910
42638;201500047380;15;9;11;600;3;1;1;1;5;21;AUTOROUTE A6A;M;4876230.0;234063.0;940
42639;201500047381;15;9;18;2000;3;1;1;3;7;689;AUTOROUTE A6B;;;;910
42640;201500047382;15;9;19;1550;1;1;1;1;4;617;A5A/N6;;;;910
42641;201500047383;15;9;20;1739;1;1;1;1;2;340;RN 104;;;;910
42642;201500047384;15;9;20;2358;3;1;1;1;6;589;AUTOROUTE A6;;;;910
42643;201500047385;15;9;21;1352;1;1;1;1;2;3;AUTOROUTE A6A;M;4880730.0;234107.0;940
42644;201500047386;15;9;21;1801;1;1;1;1;5;38;AUTOROUTE A6B;M;4877530.0;234632.0;940
42645;201500047387;15;9;21;900;1;1;1;1;2;161;AUTOROUTE A6;;;;910
42646;201500047388;15;9;27;1704;1;1;1;1;4;64;RN 118;;;;910
42647;201500047389;15;9;22;1430;1;1;1;1;4;161;AUTOROUTE A6;;;;910
42648;201500047390;15;9;23;1510;1;1;1;1;6;76;AUTOROUTE A6B;M;4879200.0;234469.0;940
42649;201500047392;15;9;24;945;1;1;1;1;2;136;AUTOROUTE A126;;;;910
42650;201500047393;15;9;24;1820;1;1;1;1;3;534;RN 118;;;;910
42651;201500047394;15;9;24;2230;5;1;1;2;7;43;AUTOROUTE A6B;M;4881290.0;235352.0;940
42652;201500047396;15;9;25;800;1;1;1;1;7;161;AUTOROUTE A6;;;;910
42653;201500047397;15;9;25;745;2;1;1;1;4;471;RN 118;;;;910
42654;201500047398;15;9;25;925;1;1;1;1;7;64;RN 118;;;;910
42655;201500047399;15;9;26;1135;1;1;1;1;4;43;AUTOROUTE A6B;M;4881510.0;235582.0;940
42656;201500047400;15;9;27;335;3;1;1;1;2;617;AUTOROUTE A5A;;;;910
42657;201500047401;15;9;27;2116;5;1;1;1;6;553;RN 104;;;;910
42658;201500047402;15;9;27;1803;1;1;1;1;3;76;AUTOROUTE A6B;M;4878690.0;234604.0;940
42659;201500047403;15;9;27;1920;1;1;1;1;6;589;AUTOROUTE A6;;;;910
42660;201500047404;15;9;28;1810;1;1;1;1;7;64;RN 118;;;;910
42661;201500047406;15;9;29;900;1;1;1;1;2;34;AUTOROUTE A86;M;4875610.0;233364.0;940
42662;201500047407;15;9;29;1810;1;1;1;1;2;2;AUTOROUTE A10;;;;920
42663;201500047408;15;9;29;1845;2;1;1;1;2;521;RN 104;;;;910
42664;201500047409;15;9;30;730;1;1;1;1;6;347;RN 104;;;;910
42665;201500047410;15;9;30;2245;5;1;1;1;3;21;AUTOROUTE A6A;M;4876440.0;234249.0;940
42666;201500047411;15;10;1;859;1;1;1;1;3;689;AUTOROUTE A6B;;;;910
42667;201500047412;15;10;1;900;1;1;1;1;5;589;AUTOROUTE A6;;;;910
42668;201500047413;15;10;1;1000;1;1;1;1;2;179;AUTOROUTE A6;;;;910
42669;201500047414;15;10;2;1700;1;1;1;1;4;235;RN 104;;;;910
42670;201500047415;15;10;2;1746;1;1;1;1;2;161;AUTOROUTE A6;;;;910
42671;201500047416;15;10;2;1738;1;1;1;1;7;377;AUTOROUTE A10;;;;910
42672;201500047417;15;10;2;1926;3;1;1;1;4;34;AUTOROUTE A6B;M;4875690.0;233512.0;940
42673;201500047419;15;10;3;248;3;1;1;1;6;161;AUTOROUTE A6;;;;910
42674;201500047420;15;10;3;805;1;1;1;1;3;161;AUTOROUTE A6;;;;910
42675;201500047421;15;10;4;1500;1;1;1;8;4;34;AUTOROUTE A86;M;4875810.0;232647.0;940
42676;201500047422;15;10;4;1700;1;1;1;8;2;2;AUTOROUTE A10;;;;920
42677;201500047423;15;10;4;1755;1;1;1;1;2;468;AUTOROUTE A6;;;;910
42678;201500047424;15;10;4;2100;3;1;1;1;2;689;AUTOROUTE A6;;;;910
42679;201500047425;15;10;5;1340;1;1;1;3;6;251;RN 104;;;;770
42680;201500047426;15;10;5;1720;1;1;1;3;6;43;AUTOROUTE A6B;M;4881290.0;235352.0;940
42681;201500047428;15;10;6;525;3;1;1;2;6;521;RN 104;;;;910
42682;201500047429;15;10;5;2100;3;1;1;2;6;521;RN 104;;;;910
42683;201500047430;15;10;6;730;2;1;1;3;7;21;AUTOROUTE A6A;M;4876430.0;234239.0;940
42684;201500047432;15;10;6;1155;1;1;1;1;2;37;AUTOROUTE A6A;M;4881470.0;233635.0;940
42685;201500047433;15;10;6;1420;1;1;1;2;2;432;AUTOROUTE A6;;;;910
42686;201500047434;15;10;6;1511;1;1;1;2;6;377;RN20;;;;910
42687;201500047435;15;10;6;1710;1;1;1;2;4;43;AUTOROUTE A6B;M;4881510.0;235582.0;940
42688;201500047436;15;10;7;225;3;1;1;2;3;339;RN 104;;;;910
42689;201500047438;15;10;7;2350;3;1;1;1;6;534;RN 118;;;;910
42690;201500047439;15;10;8;815;1;1;1;1;3;363;RN 104;;;;910
42691;201500047441;15;10;9;840;1;1;1;1;3;434;AUTOROUTE A6;;;;910
42692;201500047442;15;10;9;935;1;1;1;1;4;687;AUTOROUTE A6;;;;910
42693;201500047443;15;10;9;1045;1;1;1;1;2;521;AUTOROUTE A6;;;;910
42694;201500047444;15;10;9;1907;2;1;1;1;2;136;AUTOROUTE A126;;;;910
42695;201500047445;15;10;10;1054;1;1;1;1;4;161;AUTOROUTE A6;;;;910
42696;201500047446;15;10;11;2000;3;1;1;1;5;286;AUTOROUTE A6;;;;910
42697;201500047447;15;10;12;424;3;1;1;1;2;174;RN 104;;;;910
42698;201500047448;15;10;10;1130;1;1;1;1;2;345;AUTOROUTE A6;;;;910
42699;201500047449;15;10;12;945;1;1;1;1;7;21;AUTOROUTE A6B;M;4876480.0;234207.0;940
42700;201500047450;15;10;12;950;1;1;1;1;4;43;AUTOROUTE A6B;M;4881570.0;235628.0;940
42701;201500047451;15;10;12;1940;3;1;1;1;3;86;RN 104;;;;910
42702;201500047452;15;10;13;2045;3;1;1;1;2;65;AUTOROUTE A86;M;4875520.0;234316.0;940
42703;201500047454;15;10;14;1235;1;1;1;1;6;179;AUTOROUTE A6;;;;910
42704;201500047456;15;10;15;1725;1;1;1;1;2;689;AUTOROUTE A6B;;;;910
42705;201500047457;15;10;16;903;1;1;1;2;7;136;AUTOROUTE A10;;;;910
42706;201500047458;15;10;16;950;1;1;1;2;2;3;AUTOROUTE A6A;M;4880090.0;234198.0;940
42707;201500047459;15;10;17;2000;3;1;1;2;5;432;AUTOROUTE A6;;;;910
42708;201500047460;15;10;19;1715;1;1;1;1;6;340;RN 104;;;;910
42709;201500047461;15;10;20;810;2;1;1;1;5;689;AUTOROUTE A6;;;;910
42710;201500047462;15;10;20;730;2;1;1;1;2;38;AUTOROUTE A6A;M;4878890.0;234449.0;940
42711;201500047463;15;10;20;1609;1;1;1;1;4;136;AUTOROUTE A10;;;;910
42712;201500047464;15;10;20;1830;2;1;1;2;3;377;AUTOROUTE A10;;;;910
42713;201500047465;15;10;21;1648;1;1;1;1;6;21;AUTOROUTE A6B;M;4876910.0;234379.0;940
42714;201500047466;15;10;22;905;1;1;1;2;2;21;AUTOROUTE A6A;M;4876990.0;234515.0;940
42715;201500047467;15;10;23;1100;1;1;1;1;3;179;AUTOROUTE A6;;;;910
42716;201500047468;15;10;24;1045;1;1;1;1;2;377;RN20;;;;910
42717;201500047469;15;10;24;1140;1;1;1;1;4;347;RN 104;;;;910
42718;201500047470;15;10;26;830;1;1;1;8;3;286;AUTOROUTE A6;;;;910
42719;201500047471;15;10;26;1035;1;1;1;1;2;645;RN 385 INT;;;;910
42720;201500047472;15;10;26;1220;1;1;1;1;2;34;AUTOROUTE A86;M;4875630.0;233940.0;940
42721;201500047473;15;10;25;330;3;1;1;1;7;521;RN 449;;;;910
42722;201500047474;15;10;26;1850;2;1;1;1;2;136;RN20;;;;910
42723;201500047476;15;10;27;1100;1;1;1;1;6;521;AUTOROUTE A6;;;;910
42724;201500047477;15;10;28;316;3;1;1;3;6;3;AUTOROUTE A6A;M;4880130.0;234177.0;940
42725;201500047478;15;10;28;938;1;1;1;2;6;377;AUTOROUTE A10;;;;910
42726;201500047479;15;10;28;1930;5;1;1;1;2;38;AUTOROUTE A6B;M;4878800.0;234554.0;940
42727;201500047480;15;10;29;805;1;1;1;1;3;161;AUTOROUTE A6;;;;910
42728;201500047481;15;10;29;1830;3;1;1;1;4;174;RN 104;;;;910
42729;201500047482;15;10;30;840;2;1;1;1;3;161;AUTOROUTE A126;;;;910
42730;201500047483;15;10;30;1125;1;1;1;1;2;377;AUTOROUTE A10;M;0.0;0.0;910
42731;201500047484;15;10;30;1635;1;1;1;1;2;34;AUTOROUTE A86;M;4876190.0;231474.0;940
42732;201500047485;15;10;30;2000;3;1;1;1;2;340;RN 104;;;;910
42733;201500047486;15;10;30;2120;3;1;1;1;4;689;AUTOROUTE A6;;;;910
42734;201500047487;15;10;31;1025;1;1;1;1;6;86;RN 104;;;;910
42735;201500047488;15;10;31;1325;1;1;1;1;3;689;AUTOROUTE A6;;;;910
42736;201500047489;15;10;31;1420;1;1;1;1;4;689;AUTOROUTE A6;;;;910
42737;201500047490;15;10;31;1345;1;1;1;1;4;38;AUTOROUTE A6B;M;4877890.0;234678.0;940
42738;201500047491;15;10;31;1525;1;1;1;1;6;251;AUTOROUTE A5A;M;4863070.0;253576.0;770
42739;201500047492;15;10;31;1600;1;1;1;1;6;161;AUTOROUTE A6;;;;910
42740;201500047493;15;10;31;1635;1;1;1;1;3;21;AUTOROUTE A6A;M;4876180.0;234028.0;940
42741;201500047494;15;10;31;1640;1;1;1;1;2;38;AUTOROUTE A6B;M;4877190.0;234518.0;940
42742;201500047495;15;10;31;1900;4;1;1;1;1;377;BRETELLE A10 / RN20;;;;910
42743;201500047496;15;11;1;1910;2;1;1;1;2;182;AUTOROUTE A6;;;;910
42744;201500047497;15;11;2;845;1;1;1;5;2;661;RD 188 CHEVREUSE;;;;910
42745;201500047498;15;11;2;835;1;1;1;5;2;182;AUTOROUTE A6;;;;910
42746;201500047499;15;11;2;1015;1;1;1;5;4;64;RN 118;;;;910
42747;201500047500;15;11;3;627;3;1;1;2;2;251;A5A PARIS / RN104 INT;M;4863200.0;253143.0;770
42748;201500047501;15;11;2;1755;1;1;1;1;2;216;AUTOROUTE A6;;;;910
42749;201500047502;15;11;3;1630;1;1;1;1;3;689;AUTOROUTE A6;;;;910
42750;201500047503;15;11;4;628;2;1;1;2;2;136;RN20;;;;910
42751;201500047504;15;11;4;1335;1;1;1;2;5;65;AUTOROUTE A86;M;4875530.0;234454.0;940
42752;201500047505;15;11;4;1830;2;1;1;1;2;182;AUTOROUTE A6;;;;910
42753;201500047506;15;11;5;540;4;1;1;1;3;689;AUTOROUTE A6B;;;;910
42754;201500047507;15;11;6;930;1;1;1;1;4;216;AUTOROUTE A6;;;;910
42755;201500047508;15;11;5;2015;5;1;1;1;3;43;AUTOROUTE A6B;M;4881510.0;235595.0;940
42756;201500047509;15;11;7;1622;1;1;1;1;2;3;AUTOROUTE A6A;M;4880810.0;234045.0;940
42757;201500047510;15;11;7;1650;1;1;1;1;2;16;AUTOROUTE A6A;M;4879250.0;234467.0;940
42758;201500047512;15;11;10;1313;1;1;1;1;4;16;AUTOROUTE A6B;M;4879240.0;234422.0;940
42759;201500047513;15;11;10;1410;1;1;1;1;7;43;AUTOROUTE A6B;M;4881000.0;234927.0;940
42760;201500047514;15;11;11;1710;1;1;1;1;7;43;AUTOROUTE A6B;M;4881490.0;235584.0;940
42761;201500047515;15;11;12;720;5;1;1;1;4;689;AUTOROUTE A6A;;;;910
42762;201500047516;15;11;12;900;1;1;1;1;3;38;AUTOROUTE A6A;M;4877390.0;234595.0;940
42763;201500047517;15;11;12;925;1;1;1;5;2;617;RN 104;;;;910
42764;201500047518;15;11;13;530;3;1;1;1;5;251;AUTOROUTE A5A;;;;770
42765;201500047519;15;11;13;1955;3;1;1;1;7;661;AUTOROUTE A10;;;;910
42766;201500047521;15;11;16;1945;3;1;1;1;3;174;RN 104;;;;910
42767;201500047522;15;11;17;310;3;1;1;2;6;34;AUTOROUTE A86;M;4875600.0;233464.0;940
42768;201500047523;15;11;17;605;3;1;1;2;7;477;AUTOROUTE A10;;;;910
42769;201500047524;15;11;17;659;3;1;1;2;6;661;AUTOROUTE A10;;;;910
42770;201500047525;15;11;17;1000;1;1;1;2;6;228;RN 449;;;;910
42771;201500047526;15;11;17;1900;3;1;1;2;2;377;AUTOROUTE A10;;;;910
42772;201500047527;15;11;17;1900;5;1;1;2;4;38;AUTOROUTE A6B;M;4878650.0;234528.0;940
42773;201500047528;15;11;18;600;3;1;1;1;6;549;RN 104;;;;910
42774;201500047529;15;11;18;730;2;1;1;1;2;687;AUTOROUTE A6;;;;910
42775;201500047530;15;11;19;640;5;1;1;1;5;34;AUTOROUTE A6B;M;4875370.0;233227.0;940
42776;201500047531;15;11;19;745;2;1;1;1;2;471;RN 118;;;;910
42777;201500047532;15;11;20;720;2;1;1;3;3;689;AUTOROUTE A6A;;;;910
42778;201500047534;15;11;20;1920;5;1;1;8;7;43;AUTOROUTE A6B;M;4880600.0;234550.0;940
42779;201500047535;15;11;21;510;3;1;1;3;2;34;AUTOROUTE A6B;M;4875390.0;233243.0;940
42780;201500047536;15;11;22;232;3;1;1;1;6;64;RN 118;;;;910
42781;201500047537;15;11;23;930;1;1;1;7;2;182;AUTOROUTE A6;;;;910
42782;201500047538;15;11;23;1355;1;1;1;1;4;235;RN 104;;;;910
42783;201500047539;15;11;24;610;3;1;1;1;2;434;AUTOROUTE A6;;;;910
42784;201500047540;15;11;24;1310;1;1;1;3;3;377;AUTOROUTE A10;;;;910
42785;201500047541;15;11;24;1830;3;1;1;2;7;3;AUTOROUTE A6A;M;4880800.0;234026.0;940