;Num_Acc;an;mois;jour;hrmn;lum;agg;int;atm;col;com;adr;gps;lat;long;dep
42786;201500047542;15;11;25;900;1;1;1;2;2;521;AUTOROUTE A6;;;;910
42787;201500047543;15;11;26;241;3;1;1;8;6;182;RN 104;;;;910
42788;201500047544;15;11;25;840;1;1;1;8;7;161;AUTOROUTE A6;;;;910
42789;201500047545;15;11;26;2350;3;1;1;5;5;347;RN 104;;;;910
42790;201500047546;15;11;27;834;2;1;1;5;2;34;AUTOROUTE A6A;M;4875760.0;233572.0;940
42791;201500047547;15;11;27;928;1;1;1;1;7;38;AUTOROUTE A6A;M;4877390.0;234595.0;940
42792;201500047548;15;11;27;1455;1;1;1;1;3;471;RN 118;;;;910
42793;201500047549;15;11;27;1655;1;1;1;1;6;179;RN 337;;;;910
42794;201500047550;15;11;27;1920;3;1;1;2;3;689;AUTOROUTE A6B;;;;910
42795;201500047551;15;11;28;800;2;1;1;1;3;2;AUTOROUTE A6;;;;920
42796;201500047552;15;11;28;920;1;1;1;1;2;340;AUTOROUTE A6;;;;910
42797;201500047553;15;11;28;1020;1;1;1;1;2;161;AUTOROUTE A6;;;;910
42798;201500047554;15;11;28;1239;1;1;1;1;2;38;AUTOROUTE A6B;M;4877430.0;234620.0;940
42799;201500047555;15;11;28;1240;1;1;1;1;2;38;AUTOROUTE A6B;M;4877420.0;234619.0;940
42800;201500047556;15;11;29;245;5;1;1;2;6;37;AUTOROUTE A6A;M;4881650.0;233682.0;940
42801;201500047557;15;11;29;1020;1;1;1;1;6;534;RN 118;;;;910
42802;201500047558;15;11;29;1420;1;1;1;8;6;521;RN 449;;;;910
42803;201500047560;15;12;1;1110;1;1;1;1;7;38;AUTOROUTE A6B;M;4877510.0;234572.0;940
42804;201500047561;15;12;2;730;3;1;1;1;2;377;AUTOROUTE A10;M;4872145.0;229514.0;910
42805;201500047562;15;12;2;910;1;1;1;1;2;432;AUTOROUTE A6;M;4868683.0;232624.0;910
42806;201500047563;15;12;2;900;1;1;1;1;7;38;AUTOROUTE A6A;M;4877350.0;234589.0;940
42807;201500047565;15;12;2;1540;1;1;1;1;2;521;AUTOROUTE A6;;;;910
42808;201500047566;15;12;3;740;5;1;1;8;5;76;AUTOROUTE A6B;M;4879340.0;234505.0;940
42809;201500047567;15;12;3;932;1;1;1;1;2;37;AUTOROUTE A6;;;;910
42810;201500047568;15;12;3;1001;1;1;1;1;3;21;AUTOROUTE A6B;M;4876900.0;234539.0;940
42811;201500047569;15;12;4;1100;1;1;1;1;5;589;AUTOROUTE A6;;;;910
42812;201500047570;15;12;4;1410;1;1;1;1;3;3;AUTOROUTE A6A;M;4881130.0;233733.0;940
42813;201500047571;15;12;6;1200;1;1;1;1;4;689;AUTOROUTE A6A;;;;910
42814;201500047573;15;12;7;1730;3;1;1;1;3;377;AUTOROUTE A10;;;;910
42815;201500047574;15;12;7;2038;5;1;1;1;6;43;AUTOROUTE A6B;M;4881030.0;234966.0;940
42816;201500047575;15;12;8;1145;1;1;1;1;2;377;RN20;;;;910
42817;201500047576;15;12;9;1230;1;1;1;1;2;553;RN 104;;;;910
42818;201500047577;15;12;9;1345;1;1;1;1;6;34;AUTOROUTE A6A;M;4875370.0;233212.0;940
42819;201500047578;15;12;10;550;3;1;1;5;3;161;AUTOROUTE A126;;;;910
42820;201500047579;15;12;10;730;5;1;1;5;2;65;AUTOROUTE A86;M;4875490.0;234694.0;940
42821;201500047580;15;12;10;1405;1;1;1;8;6;340;RN 104;M;0.0;0.0;910
42822;201500047581;15;12;10;2255;3;1;1;1;6;161;AUTOROUTE A6;;;;910
42823;201500047582;15;12;11;755;2;1;1;1;3;38;AUTOROUTE A6A;M;4878190.0;234674.0;940
42824;201500047583;15;12;13;420;3;1;1;1;3;468;AUTOROUTE A6;;;;910
42825;201500047584;15;12;14;755;5;1;1;1;5;37;AUTOROUTE A6A;M;4881630.0;233687.0;940
42826;201500047585;15;12;14;2001;3;1;1;1;3;286;AUTOROUTE A6;;;;910
42827;201500047586;15;12;15;945;1;1;1;2;2;38;AUTOROUTE A6A;M;4877300.0;234581.0;940
42828;201500047587;15;12;15;950;1;1;1;2;5;136;RN20;;;;910
42829;201500047588;15;12;16;645;3;1;1;2;3;434;AUTOROUTE A6;;;;910
42830;201500047589;15;12;16;1000;1;1;1;1;4;34;AUTOROUTE A6B;M;4875990.0;233845.0;940
42831;201500047590;15;12;16;1549;1;1;1;1;2;589;AUTOROUTE A6;M;4867923.0;233412.0;910
42832;201500047591;15;12;17;835;2;1;1;1;4;19;RN 385 Extèrieure;;;;920
42833;201500047592;15;12;17;930;1;1;1;1;2;521;AUTOROUTE A6;M;4863548.0;240110.0;910
42834;201500047594;15;12;17;1035;1;1;1;1;4;182;AUTOROUTE A6;M;4862259.0;242190.0;910
42835;201500047595;15;12;17;1620;2;1;1;1;7;477;AUTOROUTE A10;M;4871671.0;225458.0;910
42836;201500047596;15;12;17;1500;1;1;1;1;2;689;AUTOROUTE A6B;M;4874467.0;232445.0;910
42837;201500047597;15;12;17;1930;3;1;1;1;2;434;AUTOROUTE A6;M;4866821.0;235392.0;910
42838;201500047598;15;12;17;1845;5;1;1;1;4;3;AUTOROUTE A6A;M;4881210.0;233670.0;940
42839;201500047599;15;12;17;2040;3;1;1;1;6;34;AUTOROUTE A6A;M;4875830.0;233648.0;940
42840;201500047600;15;12;18;815;2;1;1;1;3;43;AUTOROUTE A6B;M;4880760.0;234708.0;940
42841;201500047601;15;12;18;754;2;1;1;1;5;34;AUTOROUTE A6A;M;4875330.0;233176.0;940
42842;201500047602;15;12;18;1100;1;1;1;1;2;38;AUTOROUTE A6B;M;4877200.0;234520.0;940
42843;201500047603;15;12;18;1815;3;1;1;2;2;661;AUTOROUTE A10;M;4870401.0;224924.0;910
42844;201500047604;15;12;18;1735;3;1;1;1;4;174;RN 104;M;4862435.0;246966.0;910
42845;201500047605;15;12;19;1242;1;1;1;1;5;689;AUTOROUTE A6;M;4872982.0;231443.0;910
42846;201500047606;15;12;21;1650;1;1;1;1;6;534;RN 118;M;4873890.0;217970.0;910
42847;201500047607;15;12;21;1700;2;1;1;2;5;182;RN 104;M;4861244.0;243117.0;910
42848;201500047608;15;12;21;1810;3;1;1;2;2;235;RN 104;M;4862551.0;236095.0;910
42849;201500047609;15;12;22;1400;1;1;1;1;2;43;AUTOROUTE A6B;M;4880940.0;234870.0;940
42850;201500047610;15;12;22;1540;1;1;1;1;2;521;RN 104;M;4863468.0;240388.0;910
42851;201500047613;15;12;24;450;5;1;1;8;6;286;AUTOROUTE A6;M;4865245.0;238196.0;910
42852;201500047614;15;12;24;1615;1;1;1;1;4;471;RN 118;M;4870989.0;218791.0;910
42853;201500047615;15;12;25;23;3;1;1;2;5;553;RN 104;M;4862917.0;248231.0;910
42854;201500047616;15;12;25;2312;3;1;1;1;6;589;AUTOROUTE A6;M;4867436.0;234225.0;910
42855;201500047617;15;12;26;1532;1;1;1;1;2;182;AUTOROUTE A6;M;4862426.0;241943.0;910
42856;201500047618;15;12;26;1742;2;1;1;1;4;216;AUTOROUTE A6;M;4868271.0;232959.0;910
42857;201500047619;15;12;27;850;1;1;1;1;6;521;RN 104;M;4863261.0;240615.0;910
42858;201500047620;15;12;27;1400;1;1;1;1;7;86;RN 104;M;4862369.0;238501.0;910
42859;201500047621;15;12;27;1930;3;1;1;1;2;286;RD 310;M;4864894.0;237852.0;910
42860;201500047622;15;12;27;1940;3;1;1;1;2;363;RN 104;M;4865053.0;218444.0;910
42861;201500047623;15;12;27;1938;3;1;1;1;6;534;RN 118;M;4873356.0;216901.0;910
42862;201500047624;15;12;28;1249;1;1;1;1;5;689;AUTOROUTE A6A;M;4874398.0;232319.0;910
42863;201500047625;15;12;29;1100;1;1;1;1;3;521;RN 104;M;4863066.0;240020.0;910
42864;201500047626;15;12;29;2335;5;1;1;1;5;76;AUTOROUTE A6B;M;4879240.0;234422.0;940
42865;201500047627;15;12;30;350;3;1;1;1;2;43;AUTOROUTE A6B;M;4881170.0;235137.0;940
42866;201500047628;15;12;30;1840;3;1;1;1;4;136;AUTOROUTE A10;M;4871391.0;227595.0;910
42867;201500047629;15;12;30;2225;3;1;1;1;3;286;AUTOROUTE A6;M;4864521.0;238917.0;910
42868;201500047630;15;12;31;940;1;1;1;1;6;286;AUTOROUTE A6;M;4864889.0;238554.0;910
42869;201500047631;15;1;9;1138;1;2;1;1;2;120;sans, TOUTES RUES;M;0.0;0.0;202
42870;201500047632;15;3;16;1344;1;1;1;3;6;37;SANS, TOUTES RUES;M;4235550.0;924300.0;202
42871;201500047634;15;3;19;1710;1;2;1;1;6;33;FALCONAJA;M;0.0;0.0;202
42872;201500047635;15;1;10;1430;1;2;1;1;6;120;SANS, TOUTES RUES;M;0.0;0.0;202
42873;201500047636;15;3;20;1340;1;2;1;1;1;33;sans, COLLE - RUE DU;M;0.0;0.0;202
42874;201500047637;15;1;10;2340;5;2;1;1;6;33;SANS, ROUTE ROYALE;M;0.0;0.0;202
42875;201500047639;15;1;13;1835;5;2;1;2;6;33;45, PAOLI DU NR 21 AU 45;M;0.0;0.0;202
42876;201500047640;15;3;18;1105;1;2;1;1;2;120;SANS, TOUTES RUES;M;4238589.0;926259.0;202
42877;201500047641;15;1;14;1550;1;2;1;1;2;37;SANS, TOUTES RUES;M;0.0;0.0;202
42878;201500047642;15;3;26;1600;1;2;1;1;6;33;SANS, TOUTES RUES;M;0.0;0.0;202
42879;201500047644;15;3;29;705;1;2;1;1;6;33;SANS, 193 - RN;M;0.0;0.0;202
42880;201500047646;15;3;17;1030;1;1;1;3;7;37;SANS, TOUTES RUES;M;4236583.0;926360.0;202
42881;201500047647;15;1;28;810;1;2;1;1;6;33;SANS, FAVALELLI - RUE;M;0.0;0.0;202
42882;201500047648;15;4;5;2030;3;1;1;1;2;33;SANS, 193 - RN;M;0.0;0.0;202
42883;201500047649;15;1;28;1007;1;2;1;1;6;33;sans, CHANOINE LESCHI -;M;0.0;0.0;202
42884;201500047651;15;1;30;2050;5;2;1;2;3;33;2, PAOLI DU NR 1 A 20 -;M;0.0;0.0;202
42885;201500047652;15;4;7;1835;1;2;1;1;2;37;.sans, TOUTES RUES;M;4261944.0;943694.0;202
42886;201500047654;15;4;8;1405;1;2;1;1;2;33;1, GIACCOBBI - AV PAUL;M;0.0;0.0;202
42887;201500047655;15;2;6;705;5;2;1;3;6;33;9, SEBASTIANI  - AVENUE;M;0.0;0.0;202
42888;201500047656;15;4;9;1501;1;2;9;1;2;33;SANS, TUNNEL;M;0.0;0.0;202
42889;201500047657;15;2;15;1210;1;1;4;1;3;37;SANS, TOUTES RUES;M;0.0;0.0;202
42890;201500047658;15;4;10;2215;5;2;1;1;3;33;263, AV DE LA LIBERATION;M;0.0;0.0;202
42891;201500047659;15;2;16;1330;1;1;1;3;6;37;TOUTES RUES;M;0.0;0.0;202
42892;201500047660;15;4;20;56;5;1;1;1;7;33;ST FLORENT-ANCIENNE RT D;M;0.0;0.0;202
42893;201500047661;15;2;1;1650;1;1;1;6;6;33;sans, CARDO - RT INFERIE;M;0.0;0.0;202
42894;201500047663;15;2;19;1825;5;2;1;1;2;33;sans, AGLIANI - CHEMIN D;M;0.0;0.0;202
42895;201500047664;15;4;26;412;5;2;1;2;6;33;, CHANOINE LESCHI - RUE;M;0.0;0.0;202
42896;201500047666;15;4;26;1700;1;2;2;8;3;33;03, SEBASTIANI  - AVENUE;M;0.0;0.0;202
42897;201500047667;15;2;21;2235;5;1;1;1;1;37;sans, TOUTES RUES;M;0.0;0.0;202
42898;201500047668;15;4;27;1513;1;2;1;1;6;33;sans, AGLIANI - CHEMIN D;M;0.0;0.0;202
42899;201500047669;15;2;22;1700;1;2;1;1;1;120;sans, TOUTES RUES;M;0.0;0.0;202
42900;201500047671;15;2;22;1740;2;2;1;1;1;353;sans, TOUTES RUES;M;0.0;0.0;202
42901;201500047672;15;4;28;2020;2;2;1;1;6;37;TOUTES RUES;M;4237427.0;925465.0;202
42902;201500047673;15;2;24;900;1;2;1;2;6;120;sans, TOUTES RUES;M;0.0;0.0;202
42903;201500047674;15;5;4;1145;1;2;1;1;6;33;10, GAUDIN - BLD AUGUSTE;M;0.0;0.0;202
42904;201500047676;15;5;4;1040;1;2;1;1;5;33;SANS, TUNNEL;M;0.0;0.0;202
42905;201500047677;15;2;25;1311;1;2;1;1;6;33;TUNNEL;M;0.0;0.0;202
42906;201500047678;15;5;5;1630;1;1;3;1;3;120;sans, RN 193;M;4264610.0;943981.0;202
42907;201500047679;15;3;6;1109;1;1;1;1;5;33;SANS, 193 - RN;M;0.0;0.0;202
42908;201500047680;15;5;8;1500;1;1;1;1;3;33;SANS, COL DE TEGHIME;M;0.0;0.0;202
42909;201500047682;15;5;11;1830;1;1;3;1;3;37;1, TOUTES RUES;M;4235452.0;926315.0;202
42910;201500047683;15;3;8;53;5;1;1;1;6;37;sans, TOUTES RUES;M;0.0;0.0;202
42911;201500047684;15;5;12;1940;1;2;6;1;3;33;SANS, AV DE LA LIBERATIO;M;0.0;0.0;202
42912;201500047685;15;3;10;1650;1;2;3;1;3;37;sans, TOUTES RUES;M;0.0;0.0;202
42913;201500047686;15;5;12;2130;5;2;1;1;2;120;sans, IMPERIALE (Route);M;0.0;0.0;202
42914;201500047687;15;3;13;1144;1;2;1;1;1;120;SANS, TOUTES RUES;M;0.0;0.0;202
42915;201500047688;15;5;15;1645;1;1;1;1;2;120;SANS, RN 193;M;4240200.0;926340.0;202
42916;201500047690;15;5;19;2240;3;2;1;1;3;37;1, TOUTES RUES;M;4237131.0;926120.0;202
42917;201500047691;15;3;14;55;5;2;4;1;1;33;sans, GAUDIN - BLD AUGUS;M;0.0;0.0;202
42918;201500047692;15;5;20;1510;1;2;1;1;6;33;SANS, ANDREI - ECOLE CHA;M;0.0;0.0;202
42919;201500047693;15;3;15;1903;3;1;1;1;6;33;sans, COL DE TEGHIME;M;0.0;0.0;202
42920;201500047694;15;5;20;1630;1;2;3;1;3;120;VILLAGE (Route du) D364;M;4265499.0;943761.0;202
42921;201500047695;15;5;23;1630;1;2;2;2;3;33;ROUTE ROYALE;M;0.0;0.0;202
42922;201500047696;15;5;24;1445;1;2;1;1;1;33;1, AGLIANI - CHEMIN D';M;0.0;0.0;202
42923;201500047697;15;5;28;1805;1;1;1;1;2;37;1, TOUTES RUES;M;4237559.0;926167.0;202
42924;201500047698;15;5;31;610;2;1;1;1;6;120;1, RN 193;M;4239124.0;926279.0;202
42925;201500047699;15;6;3;1730;1;1;1;1;4;120;RN 193;M;4264690.0;944017.0;202
42926;201500047701;15;6;5;1620;1;1;1;1;3;37;TOUTES RUES;M;4237440.0;928016.0;202
42927;201500047702;15;6;6;1745;1;2;1;1;2;37;1, TOUTES RUES;M;4237160.0;926130.0;202
42928;201500047703;15;6;7;2108;2;2;1;1;7;33;GAUDIN - BLD AUGUSTE;M;0.0;0.0;202
42929;201500047705;15;6;10;1935;1;2;1;1;3;37;TOUTES RUES;M;;;202
42930;201500047706;15;6;12;1955;1;2;3;1;3;37;TOUTES RUES;M;4237550.0;926080.0;202
42931;201500047707;15;6;15;1845;1;2;9;1;2;33;CHANOINE LESCHI - RUE;M;0.0;0.0;202
42932;201500047708;15;6;16;105;5;2;1;1;6;33;SANS, TOGA;M;0.0;0.0;202
42933;201500047709;15;6;19;1450;1;2;1;1;2;33;VEZZANI - RUE CESAR;M;0.0;0.0;202
42934;201500047710;15;6;20;1450;1;1;1;1;3;120;000, IMPERIALE (Route) D;M;;;202
42935;201500047711;15;6;21;1320;1;1;1;1;3;33;1, FALCONAJA;M;0.0;0.0;202
42936;201500047712;15;6;22;2155;5;2;1;1;6;120;RN 193;M;4200000.0;926000.0;202
42937;201500047713;15;6;30;1940;1;2;6;1;6;33;FANGO - AVENUE DU;M;0.0;0.0;202
42938;201500047714;15;7;2;2128;5;2;1;1;3;33;12, DANESI - BLD BENOITE;M;0.0;0.0;202
42939;201500047717;15;7;3;1500;1;2;1;1;3;33;1, CHANOINE LESCHI - RUE;M;0.0;0.0;202
42940;201500047718;15;7;7;1500;1;2;1;1;6;33;3, LUPINO;M;0.0;0.0;202
42941;201500047719;15;7;8;1322;1;2;1;1;1;33;FRANCOIS VITTORI;M;0.0;0.0;202
42942;201500047720;15;7;10;1558;1;2;6;1;3;120;1, RN 193;M;4239156.0;902628.0;202
42943;201500047721;15;7;12;2328;5;2;1;1;3;33;ROUTE ROYALE;M;0.0;0.0;202
42944;201500047722;15;7;13;5;5;2;6;1;6;120;IMPERIALE (Route) D464;M;4238500.0;925550.0;202
42945;201500047723;15;7;14;1315;1;2;1;1;6;33;SANS, FRONT DE MER - ROU;M;0.0;0.0;202
42946;201500047726;15;7;20;1731;1;2;6;1;6;33;SANS, NOVELTY - CARREFOU;M;0.0;0.0;202
42947;201500047727;15;7;24;1137;1;1;1;1;4;33;FRONT DE MER - ROUTE DU;M;0.0;0.0;202
42948;201500047728;15;7;25;2055;2;2;1;1;6;33;ROUTE ROYALE;M;0.0;0.0;202
42949;201500047729;15;7;29;1330;1;1;1;1;5;120;TOUTES RUES;M;;;202
42950;201500047730;15;8;2;2257;5;2;1;1;6;120;RN 193;M;4239087.0;926273.0;202
42951;201500047731;15;8;5;1015;1;1;1;1;6;33;06, SEBASTIANI  - AVENUE;M;0.0;0.0;202
42952;201500047732;15;8;7;12;5;1;1;1;7;33;FRONT DE MER - ROUTE DU;M;0.0;0.0;202
42953;201500047733;15;8;7;1559;1;2;1;1;7;37;TOUTES RUES;M;4235523.0;923419.0;202
42954;201500047734;15;8;9;329;5;1;1;1;2;120;RN 193;M;4239000.0;926000.0;202
42955;201500047735;15;8;9;1455;1;2;1;1;2;33;TUNNEL;M;0.0;0.0;202
42956;201500047737;15;8;14;1755;1;1;1;1;3;37;1, TOUTES RUES;M;4237462.0;926151.0;202
42957;201500047738;15;8;22;2200;5;2;1;1;6;33;17, PAOLI DU NR 1 A 20 -;M;0.0;0.0;202
42958;201500047739;15;8;23;1025;1;1;1;1;2;33;AGLIANI - CHEMIN D';M;0.0;0.0;202
42959;201500047740;15;8;30;100;5;2;1;1;6;33;FRONT DE MER - ROUTE DU;M;0.0;0.0;202
42960;201500047741;15;8;31;1621;1;1;1;1;6;37;SANS, TOUTES RUES;M;4238270.0;926210.0;202
42961;201500047742;15;9;6;108;5;2;1;1;6;33;GIACCOBBI - AV PAUL;M;0.0;0.0;202
42962;201500047743;15;9;6;2109;5;1;1;1;2;120;LAGUNE (Route de la) D10;M;4238471.0;927153.0;202
42963;201500047744;15;9;7;1132;1;2;1;1;4;33;193 - RN;M;0.0;0.0;202
42964;201500047745;15;9;7;1230;1;2;1;1;6;33;CHANOINE LESCHI - RUE;M;0.0;0.0;202
42965;201500047746;15;9;9;2040;5;2;1;1;1;33;204, AV DE LA LIBERATION;M;0.0;0.0;202
42966;201500047747;15;9;15;630;2;1;6;1;3;120;1, RN 193;M;4239149.0;926286.0;202
42967;201500047748;15;9;19;800;1;2;1;1;7;33;ROUTE ROYALE;M;0.0;0.0;202
42968;201500047749;15;9;24;1440;1;2;1;1;6;33;GIACCOBBI - AV PAUL;M;0.0;0.0;202
42969;201500047750;15;9;26;1435;1;1;1;1;3;37;1270, TOUTES RUES;M;4235293.0;925393.0;202
42970;201500047751;15;9;26;1827;2;2;2;1;1;33;ROUTE ROYALE;M;0.0;0.0;202
42971;201500047753;15;9;29;1330;1;2;1;1;6;33;193 - RN;M;0.0;0.0;202
42972;201500047754;15;10;1;1647;1;1;1;3;3;33;ROUTE ROYALE;M;0.0;0.0;202
42973;201500047755;15;10;5;2200;5;2;1;8;6;33;1, GAUDIN - BLD AUGUSTE;M;4241401.0;926590.0;202
42974;201500047756;15;10;5;746;1;2;6;1;6;37;TOUTES RUES;M;4262895.0;943754.0;202
42975;201500047758;15;10;8;1405;1;2;1;1;1;33;DANESI - BLD BENOITE;M;0.0;0.0;202
42976;201500047759;15;10;9;1350;1;2;1;1;3;33;ROUTE ROYALE;M;4267736.0;943397.0;202
42977;201500047760;15;10;9;1423;1;2;6;1;3;120;RN 193;M;;;202
42978;201500047761;15;10;10;2245;3;1;1;9;6;37;TOUTES RUES;M;0.0;0.0;202
42979;201500047762;15;10;13;1207;1;2;1;1;6;33;SANS, CAPITAINE THEN;M;0.0;0.0;202
42980;201500047763;15;10;14;2115;5;1;9;9;6;120;RN 193;M;;;202
42981;201500047765;15;10;15;1635;1;1;1;1;3;120;RN 193;M;;;202
42982;201500047766;15;10;18;1819;2;2;2;1;3;37;0, TOUTES RUES;M;4235384.0;926139.0;202
42983;201500047767;15;10;19;1736;1;2;2;1;6;37;PAOLI DU NR 21 AU 45 -BL;M;0.0;0.0;202
42984;201500047768;15;10;22;1045;1;1;1;1;6;37;SAMPIERO CORSO - AV;M;0.0;0.0;202
42985;201500047769;15;10;29;1845;3;2;1;1;6;37;PIETRI - AV F. PIETRI;M;0.0;0.0;202
42986;201500047770;15;11;3;1920;5;2;1;5;5;33;CAP - ROUTE DU CAP;M;0.0;0.0;202
42987;201500047771;15;11;6;1401;1;2;1;3;6;33;,  PAOLI DU NR 1 A 20 -;M;0.0;0.0;202
42988;201500047772;15;11;14;1741;3;1;1;1;6;37;TOUTES RUES;M;4260077.0;943839.0;202
42989;201500047773;15;11;19;815;1;2;1;1;2;33;FRONT DE MER - ROUTE DU;M;0.0;0.0;202
42990;201500047774;15;11;22;40;5;1;1;6;6;120;RN 193;M;4239067.0;926266.0;202
42991;201500047775;15;11;25;1705;5;2;1;1;6;33;IN - BLD AUGUSTE;M;0.0;0.0;202
42992;201500047776;15;11;26;1310;1;2;1;1;6;33;MONTESORO - L.E.P DE;M;0.0;0.0;202
42993;201500047777;15;11;28;1520;1;2;1;1;2;33;SANS, SAMPIERO CORSO - A;M;0.0;0.0;202
42994;201500047778;15;11;28;1745;5;2;1;1;3;33;SANS, AV DE LA LIBERATIO;M;0.0;0.0;202
42995;201500047779;15;11;30;1401;1;2;1;1;3;120;RN 193;M;4239268.0;926214.0;202
42996;201500047782;15;12;13;1730;5;2;1;1;2;120;RN 193;M;4239215.0;926580.0;202
42997;201500047783;15;12;13;1830;5;2;4;1;3;37;12, TOUTES RUES;M;4237387.0;925425.0;202
42998;201500047786;15;12;14;1145;1;2;1;1;3;33;DANESI - BLD BENOITE;M;0.0;0.0;202
42999;201500047787;15;12;15;1515;1;2;3;1;5;37;TOUTES RUES;M;4259580.0;944210.0;202
43000;201500047788;15;12;8;1410;1;2;1;1;6;33;35, PAOLI DU NR 21 AU 45;M;0.0;0.0;202
43001;201500047789;15;12;17;930;1;1;1;1;2;120;LAGUNE (Route de la) D10;M;4261609.0;947803.0;202
43002;201500047790;15;12;20;320;5;1;6;1;7;33;RN 193;M;4239147.0;926278.0;202
43003;201500047791;15;12;21;1719;5;2;1;1;1;33;ST FLORENT-ANCIENNE RT D;M;0.0;0.0;202
43004;201500047792;15;12;22;1045;1;2;1;1;2;33;TUNNEL;M;0.0;0.0;202
43005;201500047793;15;12;27;1610;1;2;3;1;3;120;VILLAGE (Route du) D364;M;4265495.0;943741.0;202
43006;201500047794;15;12;31;1520;1;1;1;1;4;120;RN 193;M;4239215.0;926289.0;202
43007;201500047795;15;3;16;1350;1;2;1;1;5;81;19, EDOUARD AYNARD;M;4577780.0;477883.0;690
43008;201500047796;15;1;29;2029;5;2;2;2;3;382;CHARLEMAGNE;M;4574440.0;481984.0;690
43009;201500047797;15;3;17;1330;1;2;1;1;6;34;27, LOUIS DUFOUR;M;4580220.0;485131.0;690
43010;201500047799;15;3;17;1755;1;2;1;1;2;389;63, SIDOINE APPOLINAIRE;M;4577850.0;479798.0;690
43011;201500047800;15;3;18;1315;1;2;2;1;6;384;HENON;M;4577870.0;482406.0;690
43012;201500047802;15;2;4;415;5;2;1;1;6;382;PONT LAFAYETTE;;;;690
43013;201500047803;15;3;19;115;5;2;1;1;7;81;18, CHALIN (DE);M;4577750.0;478975.0;690
43014;201500047804;15;3;20;220;5;2;2;1;3;34;1, BOUCLE (DE LA);M;4578120.0;484243.0;690
43015;201500047805;15;2;7;1735;2;2;1;1;6;382;3, GERBE (DE LA);;;;690
43016;201500047806;15;2;22;705;2;2;1;1;7;382;100, QUAI PERRACHE;;;;690
43017;201500047807;15;3;19;1710;1;1;1;1;6;381;9, CONSTANTINE (DE);M;4577360.0;483023.0;690
43018;201500047808;15;2;25;1030;1;1;1;1;3;382;22, PERRACHE;;;;690
43019;201500047809;15;3;20;1550;1;2;1;1;3;382;12, MARECHAL JOFFRE (DU);M;4575430.0;483051.0;690
43020;201500047810;15;3;10;1110;1;2;1;1;3;382;50, COURS CHARLEMAGNE;;;;690
43021;201500047811;15;3;20;1804;1;2;1;1;6;384;48, HENON;M;4577700.0;482763.0;690
43022;201500047813;15;3;21;400;5;2;1;1;6;389;42, PIERRE SCIZE;;;;690
43023;201500047814;15;3;21;1750;1;2;1;3;6;389;13, CHAMPAGNE (DE);M;0.0;0.0;690
43024;201500047815;15;3;21;255;5;2;3;1;6;202;41 BIS, COMMANDANT CHARC;M;4574940.0;479839.0;690
43025;201500047817;15;3;23;1220;1;2;1;1;2;385;8, DEBROUSSE;M;0.0;0.0;690
43026;201500047818;15;3;24;1345;1;1;1;1;6;385;99, BARTHELEMY BUYER;M;0.0;0.0;690
43027;201500047819;15;3;24;1830;2;2;1;1;6;382;20, BREST (DE);M;0.0;0.0;690
43028;201500047820;15;3;25;1645;1;2;1;2;6;34;17, GUTENBERG;M;4579410.0;484997.0;690
43029;201500047821;15;3;26;320;5;2;1;1;6;385;13, COMMANDANT CHARCOT (;M;4575230.0;479880.0;690
43030;201500047822;15;3;26;930;1;2;1;1;7;382;GALLIENI;M;0.0;0.0;690
43031;201500047823;15;3;27;735;1;2;1;1;1;34;24, VERNAY (DU);M;0.0;0.0;690
43032;201500047824;15;3;28;420;5;2;1;1;6;381;1, PUITS GAILLOT;M;4576795.0;483605.0;690
43033;201500047825;15;3;22;1815;1;2;1;1;2;384;43, CANUTS (DES);;;;690
43034;201500047826;15;3;29;1545;1;2;1;1;6;389;16, PIERRE SCIZE;;;;690
43035;201500047827;15;3;30;625;3;2;1;2;6;286;COMBATTANTS EN AFN 1952-;;;;690
43036;201500047828;15;3;30;700;2;1;1;2;3;389;36, SERGENT MICHEL BERTH;;;;690
43037;201500047829;15;3;30;1450;1;1;1;1;6;385;CHOULANS (DE);M;;;690
43038;201500047830;15;3;30;1720;1;2;2;8;3;382;BAYARD;M;0.0;0.0;690
43039;201500047831;15;3;31;715;1;2;1;8;6;389;PROFESSEUR GUERIN (DU);;;;690
43040;201500047832;15;3;31;1430;1;2;1;1;1;389;1, JAYR;M;0.0;0.0;690
43041;201500047833;15;3;31;1410;1;2;1;1;2;389;MARIETTON;M;0.0;0.0;690
43042;201500047834;15;3;31;1110;1;2;1;1;6;389;70, PIERRE TERMIER;;;;690
43043;201500047835;15;4;1;1730;1;2;1;1;3;385;ABBE LARUE (DE L');M;0.0;0.0;690
43044;201500047837;15;4;2;1415;1;1;1;8;2;389;RAOUL CARRIE;M;4579990.0;483654.0;690
43045;201500047838;15;4;4;1605;1;2;1;8;6;385;38, ROGER RADISSON;M;0.0;0.0;690
43046;201500047839;15;4;5;940;1;2;1;1;6;385;18, DOYENNE (DU);M;0.0;0.0;690
43047;201500047840;15;4;4;1800;1;2;5;8;1;381;BELLEVUE;M;0.0;0.0;690
43048;201500047841;15;4;6;1805;1;2;1;1;6;81;08, CLEMENT;M;4577300.0;477947.0;690
43049;201500047842;15;4;7;1130;1;2;1;1;6;385;44, FAVORITE (DE LA );M;0.0;0.0;690
43050;201500047843;15;4;8;515;1;2;2;1;3;382;JULES COURMONT;;;;690
43051;201500047844;15;4;8;2140;5;2;1;1;3;382;GALLIENI;;;;690
43052;201500047845;15;4;8;1200;1;2;3;1;3;382;3, CELESTINS (DES);;;;690
43053;201500047846;15;4;10;1240;1;2;2;1;6;149;20, REPUBLIQUE (DE LA);M;4571690.0;481108.0;690
43054;201500047847;15;4;10;2259;5;2;2;1;3;382;CHARLEMAGNE;M;0.0;0.0;690
43055;201500047848;15;4;8;1940;2;2;1;1;2;382;LAFAYETTE;M;4576330.0;484774.0;690