;Num_Acc;an;mois;jour;hrmn;lum;agg;int;atm;col;com;adr;gps;lat;long;dep
43056;201500047849;15;4;11;1850;1;2;3;1;6;384;21, MAIL (DU);M;0.0;0.0;690
43057;201500047850;15;4;11;1815;1;2;3;1;6;286;MONT BLANC (DU);M;4581220.0;489208.0;690
43058;201500047851;15;4;13;850;1;2;1;1;6;34;78, MARGNOLLES (DE);M;4578920.0;484597.0;690
43059;201500047852;15;4;16;1735;1;2;1;1;6;389;3, SERGENT MICHEL BERTHE;M;0.0;0.0;690
43060;201500047853;15;4;17;2040;2;2;1;2;3;382;85, CHARLEMAGNE;;;;690
43061;201500047854;15;4;19;955;1;2;1;1;2;142;6, JEAN JACQUES ROUSSEAU;M;4574810.0;481547.0;690
43062;201500047855;15;4;18;2020;1;2;1;1;3;385;55, CHOULANS (DE);M;0.0;0.0;690
43063;201500047857;15;4;21;840;1;2;2;1;3;382;RAVAT;;;;690
43064;201500047859;15;4;21;1630;1;1;1;1;4;389;AUTOROUTE A6;M;4577070.0;479137.0;690
43065;201500047860;15;4;22;1540;1;2;2;1;3;202;105, LIBERATION (DE LA);M;4572440.0;477919.0;690
43066;201500047861;15;4;23;800;1;2;2;1;3;34;JEAN PETIT;M;4580140.0;486292.0;690
43067;201500047862;15;4;22;1430;1;2;3;1;3;389;SERGENT MICHEL BERTHET (;;;;690
43068;201500047863;15;4;23;1540;1;2;1;1;3;381;JEAN MOULIN;M;4566063.0;450161.0;690
43069;201500047865;15;4;24;1736;1;2;1;1;6;34;12, GENERAL LECLERC;M;4579920.0;485281.0;690
43070;201500047866;15;4;24;1950;1;2;1;1;3;389;44, PIERRE AUDRY;M;0.0;0.0;690
43071;201500047867;15;4;24;2010;1;1;1;1;2;34;1-3, BOUCLE (DE LA);;;;690
43072;201500047868;15;4;27;2130;5;2;2;3;3;385;167, CHOULANS (DE);M;4575450.0;482577.0;690
43073;201500047869;15;4;28;910;1;2;1;1;6;385;2, POINT DU JOUR (DU);M;0.0;0.0;690
43074;201500047870;15;4;28;1235;1;2;1;1;6;389;69, ST CYR (DE);;;;690
43075;201500047871;15;4;29;830;1;2;3;1;3;81;BENOIT TABARD;M;4577460.0;477539.0;690
43076;201500047872;15;4;30;1550;1;2;9;1;6;149;41, YZERON (DE L');M;4572030.0;480092.0;690
43077;201500047873;15;4;30;1920;1;2;1;1;6;34;22, LOUIS DUFOUR;M;4580150.0;485133.0;690
43078;201500047874;15;4;30;1800;1;2;9;6;6;149;RHONE (DU);M;4571600.0;481603.0;690
43079;201500047875;15;5;1;1735;1;2;1;2;7;385;28, FULCHIRON;M;0.0;0.0;690
43080;201500047876;15;5;1;1930;1;1;1;2;2;385;101 A, CHOULANS (DE);M;4575160.0;482585.0;690
43081;201500047877;15;5;2;1415;1;2;2;1;2;149;GRANDE RUE;M;4571680.0;480961.0;690
43082;201500047878;15;5;2;2242;3;1;1;2;2;382;AUTOROUTE A7;;;;690
43083;201500047879;15;5;4;1345;1;2;1;1;4;382;18, DOCTEUR GAILLETON (D;;;;690
43084;201500047880;15;4;17;1740;1;2;1;1;4;286;75, ROUTE DE GENEVE;M;0.0;0.0;690
43085;201500047881;15;5;6;850;1;1;1;1;6;142;22, CLOS DES CHASSAGNES;M;4572430.0;480833.0;690
43086;201500047882;15;5;6;1010;1;2;3;7;6;34;BERTHELOT;M;4579800.0;484492.0;690
43087;201500047883;15;5;7;1515;1;2;4;1;6;34;123, PIERRE BRUNIER;M;4579190.0;483600.0;690
43088;201500047884;15;5;7;1940;1;1;1;1;6;202;180, MARECHAL FOCH (DU);M;4574090.0;480358.0;690
43089;201500047885;15;5;9;1600;1;2;3;1;3;286;2, EUROPE (DE L');M;4581220.0;488978.0;690
43090;201500047886;15;5;11;1210;1;2;1;1;1;389;173, ST CYR (DE);M;4579890.0;481928.0;690
43091;201500047887;15;5;11;1615;1;1;1;1;6;382;8, BELLECOUR;;;;690
43092;201500047888;15;5;11;1705;1;2;1;1;7;381;8, JOSEPH SERLIN;M;0.0;0.0;690
43093;201500047889;15;5;13;550;1;2;1;1;3;382;JULES COURMONT;M;0.0;0.0;690
43094;201500047890;15;5;13;1130;1;2;2;1;3;389;COMMERCE (DU);;;;690
43095;201500047891;15;5;13;1740;1;2;2;1;3;384;141, CROIX-ROUSSE (DE LA;M;4577830.0;482913.0;690
43096;201500047892;15;5;12;2020;2;2;1;1;3;385;15, JEUNET;M;0.0;0.0;690
43097;201500047893;15;5;15;1710;1;2;1;3;6;385;86, CHOULANS (DE);M;0.0;0.0;690
43098;201500047894;15;5;15;2250;4;2;1;8;6;385;80, GARENNE (DE LA);M;0.0;0.0;690
43099;201500047895;15;5;16;720;1;1;1;1;6;385;60, JOLIOT CURIE;;;;690
43100;201500047896;15;5;16;1530;1;2;1;1;2;389;84, BARTHELEMY BUYER;;;;690
43101;201500047898;15;5;16;1950;1;2;2;1;6;382;PAUL MONTROCHET;M;0.0;0.0;690
43102;201500047899;15;5;17;1320;1;2;1;1;3;149;97, EMILE ZOLA;M;4571960.0;480142.0;690
43103;201500047900;15;5;19;1630;1;2;1;1;6;382;GALLIENI;;;;690
43104;201500047901;15;5;19;1823;1;2;2;1;3;382;RAVAT;;;;690
43105;201500047902;15;5;20;1325;1;1;1;1;7;202;FONDS (DES);M;4574120.0;478842.0;690
43106;201500047903;15;5;20;1940;1;2;1;2;6;385;FULCHIRON;M;0.0;0.0;690
43107;201500047904;15;5;20;1215;1;2;1;1;1;381;1, LUCIEN SPORTISSE;M;4577034.0;482995.0;690
43108;201500047905;15;5;21;1000;1;1;1;1;6;202;395, STE BARBE;M;4572850.0;478533.0;690
43109;201500047907;15;5;22;1120;1;2;1;1;3;385;2, DEBROUSSE;M;0.0;0.0;690
43110;201500047908;15;5;19;910;1;2;1;1;6;142;2, STEPHANE DECHANT;M;4572870.0;481517.0;690
43111;201500047909;15;5;22;1410;1;2;1;1;6;382;7, BELLECOUR;M;0.0;0.0;690
43112;201500047910;15;5;22;2345;5;1;3;1;3;382;GENTIL;;;;690
43113;201500047911;15;5;22;1925;1;2;2;1;3;389;124, SIDOINE APPOLINAIRE;M;0.0;0.0;690
43114;201500047912;15;5;24;1720;1;2;1;1;1;149;101, EMILE ZOLA;M;4571970.0;480081.0;690
43115;201500047913;15;5;24;2310;5;2;1;1;6;382;01, ANTONIN GOURJU;;;;690
43116;201500047914;15;5;25;1930;1;2;1;1;1;385;50, FAVORITE (DE LA );M;0.0;0.0;690
43117;201500047915;15;5;26;1325;1;2;1;1;3;149;27, DIDEROT;M;4571320.0;480908.0;690
43118;201500047916;15;5;26;1040;1;2;1;1;2;382;10, AUGUSTE COMTE;M;4575540.0;482978.0;690
43119;201500047917;15;5;26;950;1;2;1;1;2;152;LONE (DE LA);M;4570520.0;483161.0;690
43120;201500047918;15;5;27;1255;1;2;1;1;6;384;68, CROIX-ROUSSE (DE LA);M;0.0;0.0;690
43121;201500047919;15;5;28;845;1;2;1;1;6;385;36, GENERAL EISENHOWER (;M;4575540.0;478448.0;690
43122;201500047920;15;5;27;1720;1;2;1;1;6;389;37, SIDOINE APPOLINAIRE;M;0.0;0.0;690
43123;201500047921;15;5;28;1215;1;2;1;1;6;34;36, PASTEUR;M;4578840.0;483983.0;690
43124;201500047922;15;5;28;1830;1;2;1;1;5;382;1, JULES COURMONT;;;;690
43125;201500047923;15;5;29;2155;5;2;1;1;6;384;65, JOSEPH GILLET;M;4578370.0;481629.0;690
43126;201500047924;15;5;30;1345;1;2;1;1;3;389;117, SIDOINE APPOLINAIRE;;;;690
43127;201500047925;15;5;30;1530;1;2;1;1;6;389;SERGENT MICHEL BERTHET (;M;0.0;0.0;690
43128;201500047926;15;6;1;140;5;2;1;1;6;34;78, MARGNOLLES (DE);M;4500000.0;0.0;690
43129;201500047927;15;6;2;950;1;2;1;1;2;389;17, TUILERIES (DES);;;;690
43130;201500047928;15;6;2;1420;1;2;1;1;3;389;62, PIERRE AUDRY;M;0.0;0.0;690
43131;201500047929;15;6;2;1500;1;2;2;1;6;149;1, LOUIS AULAGNE;M;4571040.0;481719.0;690
43132;201500047930;15;6;2;1710;1;2;3;1;2;385;20, JOLIOT CURIE;M;0.0;0.0;690
43133;201500047931;15;6;2;1340;1;2;2;1;3;152;EMILE ZOLA;M;4570340.0;481924.0;690
43134;201500047932;15;6;3;825;1;2;1;1;6;385;84, POINT DU JOUR (DU);;;;690
43135;201500047933;15;5;26;1530;1;2;1;1;6;382;CHARLEMAGNE;;;;690
43136;201500047934;15;6;4;1230;1;2;1;1;6;34;17, LOUIS DUFOUR;M;4580090.0;485131.0;690
43137;201500047935;15;6;4;1930;1;2;1;7;6;389;LAURE DIEBOLD;;;;690
43138;201500047936;15;6;5;1430;1;2;5;1;6;34;SOLDATS (Des);M;4579570.0;485793.0;690
43139;201500047937;15;6;5;1820;1;2;1;1;5;382;53, CHARLEMAGNE;M;0.0;0.0;690
43140;201500047938;15;6;5;2010;1;2;1;1;6;286;83, EUROPE (DE L');;;;690
43141;201500047939;15;6;6;1705;1;2;1;1;3;34;65, GENERAL LECLERC;M;4580320.0;485985.0;690
43142;201500047940;15;6;8;1745;1;2;1;1;7;389;SERGENT MICHEL BERTHET (;M;4577880.0;480350.0;690
43143;201500047941;15;6;6;1120;1;2;1;1;6;384;01, VILLENEUVE;M;0.0;0.0;690
43144;201500047942;15;5;28;750;1;2;1;1;6;149;02, EMILE ZOLA;M;4571960.0;480246.0;690
43145;201500047943;15;6;9;1145;1;2;1;1;4;34;12, GENERAL DE GAULLE;M;4580370.0;485186.0;690
43146;201500047944;15;6;10;900;1;2;7;1;3;385;1BIS, FOSSES DE TRION (D;M;0.0;0.0;690
43147;201500047945;15;6;10;1845;1;2;1;1;4;384;10, TUNNEL DE LA CROIX R;M;0.0;0.0;690
43148;201500047946;15;2;16;1500;1;2;1;1;2;384;67, CANUTS (DES);;;;690
43149;201500047947;15;6;11;735;1;2;3;1;3;389;550, ECULLY (D');;;;690
43150;201500047948;15;6;11;1834;1;2;3;1;3;286;ROUTE DE STRASBOURG D 48;M;4582030.0;489547.0;690
43151;201500047949;15;6;12;1545;1;2;1;1;3;385;5, OCTAVIO MEY;M;0.0;0.0;690
43152;201500047950;15;6;12;2215;5;2;5;3;3;81;FRANKLIN ROOSEVELT;M;4576670.0;477374.0;690
43153;201500047951;15;6;13;40;3;2;1;1;3;385;153 TER, JOLIOT CURIE;M;0.0;0.0;690
43154;201500047952;15;6;13;1000;1;2;1;1;3;149;23, GENERAL DE GAULLE;M;4571670.0;479017.0;690
43155;201500047953;15;6;10;730;1;2;1;1;3;34;3, ST CLAIR (DE);M;4578620.0;484894.0;690
43156;201500047954;15;6;10;800;1;2;1;1;3;381;22, ST VINCENT;M;4577290.0;483080.0;690
43157;201500047955;15;6;15;1130;1;2;3;1;3;81;CHARRIERE BLANCHE (DE);M;4577830.0;477600.0;690
43158;201500047956;15;6;15;1700;1;2;2;1;3;389;ST PIERRE DE VAISE;;;;690
43159;201500047957;15;6;16;1930;1;2;2;1;3;34;272, CANUTS (DES);M;4578600.0;482641.0;690
43160;201500047958;15;6;13;2215;5;2;7;3;6;381;LOUIS PRADEL;;;;690
43161;201500047959;15;6;18;1313;1;2;1;1;3;34;10, JEAN PETIT;M;4580450.0;485925.0;690
43162;201500047960;15;6;19;800;1;2;1;1;2;142;66, STEPHANE DECHANT;M;4572470.0;481321.0;690
43163;201500047961;15;6;19;1640;1;2;1;1;6;384;9, BELFORT (DE);M;4577740.0;483651.0;690
43164;201500047962;15;6;20;900;1;2;2;1;6;381;CROIX ROUSSE (DE LA);M;4577320.0;483535.0;690
43165;201500047963;15;6;20;1915;1;2;1;1;1;381;MORAND;M;0.0;0.0;690
43166;201500047964;15;6;21;1250;1;2;2;1;3;389;GORGE DE LOUP;M;4576960.0;479941.0;690
43167;201500047965;15;6;22;850;1;2;1;1;6;389;BOURGOGNE (DE);M;0.0;0.0;690
43168;201500047966;15;6;22;1010;1;2;1;1;6;385;55, PIERRE SCIZE;;;;690
43169;201500047967;15;6;22;1456;1;2;2;1;3;149;52, FLEURY;M;4571480.0;480864.0;690
43170;201500047969;15;6;24;1245;1;2;1;1;4;286;AIN (DE L');M;4582240.0;488925.0;690
43171;201500047970;15;6;23;1945;2;2;1;1;1;384;CLOS SAVARON;M;4578340.0;482016.0;690
43172;201500047971;15;6;24;1700;1;2;2;1;6;34;2, DOCTEUR ZAMENHOF (DU);M;4579700.0;485044.0;690
43173;201500047972;15;6;24;1800;1;2;3;1;6;34;12, FRANCOIS PEISSEL;M;4579290.0;483889.0;690
43174;201500047973;15;6;25;1045;1;2;3;1;6;81;VALVERT;M;4545558.0;460490.0;690
43175;201500047976;15;6;26;1515;1;2;1;1;6;385;108, CHOULANS (DE);M;4575840.0;481691.0;690
43176;201500047977;15;6;25;1840;1;2;1;1;6;202;41, MONTRAY (DE);M;4573210.0;479525.0;690
43177;201500047978;15;6;28;205;5;2;1;1;6;381;20, TERREAUX (DES);M;4577350.0;482722.0;690
43178;201500047979;15;6;27;1915;1;2;1;1;7;389;46, LAURE DIEBOLD;M;0.0;0.0;690
43179;201500047980;15;6;29;1845;1;2;1;1;6;385;5, MENIVAL (DE);M;0.0;0.0;690
43180;201500047982;15;7;1;1700;1;2;1;1;4;286;CAPITAINE JULIEN (DU);;;;690
43181;201500047984;15;7;2;1345;1;2;1;1;2;384;BIRMINGHAM (DE);;;;690
43182;201500047985;15;7;2;1745;1;2;1;1;3;384;77, CUIRE (DE);M;0.0;0.0;690
43183;201500047986;15;7;3;1920;1;2;3;1;3;384;117, CROIX-ROUSSE (DE LA;M;0.0;0.0;690
43184;201500047987;15;7;5;540;2;2;1;1;6;382;TREMIE N°6;M;0.0;0.0;690
43185;201500047988;15;7;5;1520;1;2;1;1;6;385;35, FULCHIRON;M;4575460.0;482477.0;690
43186;201500047989;15;7;6;1915;1;2;4;7;3;81;PONTET ET CRASES (DE);M;4578260.0;477542.0;690
43187;201500047990;15;7;6;1720;1;2;1;1;6;149;32, CHARTON;M;4571480.0;481142.0;690
43188;201500047991;15;7;8;110;5;2;1;1;7;34;2, BELVEDERE (DU);M;4578350.0;484254.0;690
43189;201500047992;15;7;8;1020;1;2;1;1;6;286;2534, ROUTE DE STRASBOUR;M;4581910.0;489379.0;690
43190;201500047993;15;7;8;1930;1;2;1;1;3;152;499, EUROPE (DE L');M;4570080.0;482265.0;690
43191;201500047994;15;7;10;100;5;2;2;1;6;34;272, CANUTS (DES);M;4578460.0;483223.0;690
43192;201500047995;15;7;10;740;1;2;2;1;3;389;BEN GOURION   (AV);M;4578810.0;478969.0;690
43193;201500047996;15;7;10;1610;1;2;2;1;3;149;12, BUISSET (DU);M;4500000.0;0.0;690
43194;201500047997;15;7;11;2145;2;2;1;1;6;382;DOCTEUR GAILLETON (DU);;;;690
43195;201500047998;15;7;12;810;1;2;1;1;2;149;84, EMILE ZOLA;M;4571990.0;479844.0;690
43196;201500047999;15;7;13;1915;1;2;1;1;4;389;77, MARIETTON;M;0.0;0.0;690
43197;201500048000;15;7;15;1800;1;2;1;1;2;149;21, EMILE ZOLA;;;;690
43198;201500048001;15;7;17;35;5;2;5;1;3;34;ARISTIDE BRIAND;M;4578380.0;484530.0;690
43199;201500048002;15;7;15;1435;1;2;3;1;3;389;HECTOR BERLIOZ;M;0.0;0.0;690
43200;201500048004;15;7;18;2035;1;2;9;1;6;385;19, BOMBARDE (DE LA);M;0.0;0.0;690
43201;201500048005;15;7;18;1815;1;2;1;2;3;385;20, ROGER RADISSON;M;4575970.0;482638.0;690
43202;201500048006;15;7;19;2010;1;2;1;1;6;384;2, TERRASSE (DE LA);M;4575540.0;483671.0;690
43203;201500048007;15;7;19;2129;2;2;3;1;4;389;ST CYR (DE);M;0.0;0.0;690
43204;201500048008;15;7;20;915;1;2;1;1;6;389;16, 24 MARS 1852;M;0.0;0.0;690
43205;201500048009;15;7;17;1710;1;2;1;1;6;382;33, SUCHET;;;;690
43206;201500048010;15;7;19;1913;1;2;1;1;3;34;109, GEORGES CLEMENCEAU;M;4581070.0;484528.0;690
43207;201500048011;15;7;21;810;1;2;1;1;3;152;12, EUROPE (DE L');M;4570590.0;482100.0;690
43208;201500048012;15;7;21;2055;1;2;1;1;6;81;JEAN MARIE VIANNEY;M;4578970.0;477935.0;690
43209;201500048013;15;7;22;15;5;2;3;1;3;382;1, MARECHAL JOFFRE (DU);M;4575390.0;482938.0;690
43210;201500048014;15;7;22;645;1;2;1;1;2;382;70, SUCHET;;;;690
43211;201500048016;15;7;21;1938;1;2;1;1;4;382;30, DOCTEUR GAILLETON (D;M;0.0;0.0;690
43212;201500048017;15;7;23;840;1;2;1;1;3;149;72, PIERRE SEMARD;M;4571810.0;481683.0;690
43213;201500048018;15;7;24;1920;1;2;1;1;2;286;394, ROUTE DE STRASBOURG;;;;690
43214;201500048019;15;7;27;330;5;2;1;1;6;142;JEAN JACQUES ROUSSEAU;M;4574330.0;481272.0;690
43215;201500048020;15;7;27;420;5;2;1;1;6;34;72, MARGNOLLES (DE);M;4578880.0;484490.0;690
43216;201500048021;15;7;27;737;1;2;4;7;3;286;ROUTE DE GENEVE;;;;690
43217;201500048022;15;7;27;1155;1;2;1;1;7;385;CHOULANS (DE);M;4575850.0;481839.0;690
43218;201500048023;15;7;27;1720;1;2;1;1;6;149;01, EMILE ZOLA;M;4572560.0;480956.0;690
43219;201500048024;15;7;28;1215;1;1;1;1;3;286;PIERRE DREVET;M;4581360.0;486908.0;690
43220;201500048025;15;7;30;450;5;2;1;1;7;385;101 B, CHOULANS (DE);M;0.0;0.0;690
43221;201500048026;15;7;30;1323;1;2;1;1;1;149;107, FRANCISQUE JOMARD;M;4571910.0;478642.0;690
43222;201500048027;15;7;30;1957;1;2;1;1;3;384;48 bis, HENON;;;;690
43223;201500048028;15;7;31;800;1;2;6;1;3;81;PONTET ET CRASES (DE);M;4578640.0;477253.0;690
43224;201500048029;15;7;28;1205;1;2;2;1;3;385;CHOULANS (DE);M;0.0;0.0;690
43225;201500048030;15;7;31;1850;1;2;1;1;7;389;DUCHERE (DE LA);M;0.0;0.0;690
43226;201500048031;15;7;30;1940;1;2;3;1;2;286;2, EUROPE (DE L');M;4581210.0;488972.0;690
43227;201500048033;15;8;3;1910;1;2;1;1;6;286;13, FLEURY SALIGNAT;M;4582220.0;489592.0;690
43228;201500048034;15;8;6;224;5;2;1;1;6;385;CHOULANS (DE);M;4577920.0;479573.0;690
43229;201500048035;15;8;7;920;1;2;2;1;3;149;EMILE ZOLA;M;4571950.0;480419.0;690
43230;201500048036;15;8;8;1515;1;2;2;3;6;382;GRENETTE;M;0.0;0.0;690
43231;201500048037;15;8;10;1250;1;2;2;1;3;385;2, SOEUR BOUVIER;M;0.0;0.0;690
43232;201500048038;15;8;10;2030;1;2;2;1;6;384;CANUTS (DES);;;;690
43233;201500048039;15;8;10;2014;1;2;1;1;6;389;273, VICTOR SCHOELCHER;;;;690
43234;201500048040;15;8;11;1620;1;2;1;1;6;382;29, ST ANTOINE;;;;690
43235;201500048041;15;8;8;2245;5;2;1;8;6;389;107, ST CYR (DE);M;4579550.0;481644.0;690
43236;201500048042;15;8;7;930;1;2;1;1;3;382;PLAT (DU);;;;690
43237;201500048043;15;8;13;440;5;2;1;1;2;389;GEORGES CLEMENCEAU;M;0.0;0.0;690
43238;201500048044;15;8;14;805;1;2;1;1;6;389;54, ALBERT FALSAN;M;0.0;0.0;690
43239;201500048045;15;8;15;1240;1;2;3;1;6;389;52, PAUL SEDAILLIAN;M;4578739.0;481438.0;690
43240;201500048046;15;8;16;1830;1;2;4;1;3;382;JULES COURMONT;M;4575740.0;486962.0;690
43241;201500048047;15;8;17;250;5;2;1;1;6;382;6, DOCTEUR GAILLETON (DU;;;;690
43242;201500048049;15;8;17;1725;1;2;3;8;3;149;216, GRANDE RUE;;;;690
43243;201500048050;15;8;17;2319;5;2;2;8;3;286;91, EUROPE (DE L');M;0.0;0.0;690
43244;201500048051;15;8;20;1745;1;2;1;1;6;81;CALABERT;M;4578000.0;477564.0;690
43245;201500048052;15;8;23;415;5;2;1;1;6;382;HRANT DINK;;;;690
43246;201500048053;15;8;25;730;1;2;1;1;7;385;61, PIERRE SCIZE;M;4576706.0;482144.0;690
43247;201500048054;15;8;25;1420;1;2;1;1;3;149;22, GRANDE RUE;M;4571970.0;481049.0;690
43248;201500048055;15;8;24;1210;1;2;1;9;2;384;BONAFOUS;;;;690
43249;201500048056;15;8;26;1605;1;2;1;1;6;34;GEORGES CLEMENCEAU;M;4579145.0;482303.0;690
43250;201500048057;15;8;27;1615;1;2;1;1;6;385;4, ETROITS (DES);M;0.0;0.0;690
43251;201500048058;15;8;28;305;5;2;2;1;3;385;14, BARTHELEMY BUYER;M;4576520.0;479155.0;690
43252;201500048061;15;8;30;2115;5;2;1;1;3;384;13, JOSEPH GILLET;;;;690
43253;201500048063;15;9;1;1330;1;2;3;2;6;381;00, PRESIDENT EDOUARD HE;M;0.0;0.0;690
43254;201500048064;15;9;3;1450;1;2;3;1;3;34;38, GEORGES CLEMENCEAU;;;;690
43255;201500048065;15;9;4;250;5;2;3;1;5;382;PERRACHE;;;;690
43256;201500048066;15;9;5;1215;1;2;3;1;3;385;64, POINT DU JOUR (DU);M;4575639.0;479769.0;690
43257;201500048067;15;9;6;1050;1;2;2;1;6;389;ST CYR (DE);M;0.0;0.0;690
43258;201500048068;15;9;7;1700;1;2;1;1;6;286;34, ROUTE DE GENEVE;M;4580570.0;488564.0;690
43259;201500048070;15;9;8;1505;1;2;2;1;6;384;HENON;M;0.0;0.0;690
43260;201500048071;15;9;10;1311;1;2;9;1;3;286;CHENE (DU);M;4581800.0;487842.0;690
43261;201500048072;15;9;10;2210;5;2;1;1;1;142;80, STEPHANE DECHANT;;;;690
43262;201500048073;15;9;8;1040;1;2;1;1;6;384;3, AIME BOUSSANGE;M;4577538.0;483425.0;690
43263;201500048074;15;9;8;805;1;2;1;1;6;149;21, AUGUSTE BLANQUI;M;4571170.0;481117.0;690
43264;201500048075;15;9;11;2100;5;2;2;1;3;382;CHARITE (DE LA);;;;690
43265;201500048076;15;9;13;230;5;2;1;3;1;202;21, PLAN LOUP (DU);M;4573500.0;479450.0;690
43266;201500048077;15;9;14;2255;5;2;6;1;3;286;ROUTE DE STRASBOURG;M;4581330.0;488779.0;690
43267;201500048078;15;9;15;1625;1;2;1;1;6;385;31, CHEMIN NEUF (DU);M;0.0;0.0;690
43268;201500048080;15;9;18;1800;2;2;3;1;1;286;12, ROUTE DE STRASBOURG;;;;690
43269;201500048081;15;9;17;1430;1;2;1;2;2;149;14, BOTTIERES (DES);M;4572310.0;479297.0;690
43270;201500048082;15;9;19;2140;5;2;3;1;3;34;SOLDATS (DES);;;;690
43271;201500048083;15;9;21;1027;1;2;3;1;6;389;MASARYK;;;;690
43272;201500048084;15;9;20;1845;1;2;1;1;1;149;85, CHARTON;;;;690
43273;201500048085;15;9;22;1715;1;2;1;1;6;149;RHONE (DU);M;4571631.0;481538.0;690
43274;201500048086;15;9;23;1238;1;2;1;1;6;384;82, HENON;M;0.0;0.0;690
43275;201500048087;15;9;23;1000;1;2;1;1;6;385;8, FAVORITE (DE LA );M;4575803.0;481229.0;690
43276;201500048088;15;9;24;1420;1;2;1;1;6;382;SUCHET;;;;690
43277;201500048089;15;9;24;1300;1;2;1;1;3;34;35, ARISTIDE BRIAND;M;4578410.0;484542.0;690
43278;201500048090;15;9;24;2000;5;2;1;1;3;149;92, GRANDE RUE;M;4571560.0;480878.0;690
43279;201500048091;15;9;26;100;5;2;3;1;3;385;44, BARTHELEMY BUYER;M;4576370.0;478842.0;690
43280;201500048092;15;9;26;2121;5;2;7;1;6;382;30, STELLA;;;;690
43281;201500048093;15;9;26;2320;5;2;1;1;6;384;31, PERNON;;;;690
43282;201500048094;15;9;15;1745;1;2;5;1;6;149;PIERRE SEMARD;M;4571730.0;480978.0;690
43283;201500048095;15;9;28;820;1;2;3;7;6;286;196, HIPPODROME (DE L');;;;690
43284;201500048096;15;9;28;1645;1;2;1;1;6;385;13, FRANCOIS GENIN;M;4575486.0;479635.0;690
43285;201500048097;15;9;28;1745;1;1;1;1;3;389;ST CYR (DE);M;4579680.0;481748.0;690
43286;201500048098;15;9;29;1300;1;2;1;1;6;286;EUROPE (DE L');M;4581740.0;490108.0;690
43287;201500048099;15;9;30;130;5;1;1;1;7;381;4, GENERAL GIRAUD (DU);;;;690
43288;201500048100;15;9;29;1200;1;2;1;1;6;389;44, SERGENT MICHEL BERTH;M;0.0;0.0;690
43289;201500048101;15;9;29;1100;1;2;9;1;5;286;645, MERCIERES (DES);M;4581570.0;487819.0;690
43290;201500048102;15;9;30;805;1;2;3;1;3;385;128, COMMANDANT CHARCOT;;;;690
43291;201500048103;15;9;30;1025;1;2;3;1;3;286;916, VICTOR HUGO;M;4582040.0;488228.0;690
43292;201500048105;15;9;30;2345;5;2;1;1;5;142;PIERRE VICTOR GALTIER;;;;690
43293;201500048107;15;10;1;740;2;2;3;1;3;81;EDOUARD AYNARD;M;4577610.0;477820.0;690
43294;201500048109;15;10;1;1210;1;2;1;1;6;385;2, CHEMIN NEUF (DU);M;4577570.0;480412.0;690
43295;201500048110;15;9;28;1135;1;2;1;1;6;385;GENERAL EISENHOWER (DU);M;4575740.0;478560.0;690
43296;201500048111;15;10;1;1820;1;2;1;1;6;389;16, MARIETTON;M;0.0;0.0;690
43297;201500048112;15;10;2;1630;1;2;1;1;3;34;06, ARISTIDE BRIAND;M;4578010.0;484167.0;690
43298;201500048113;15;10;1;1940;1;2;2;1;3;382;CHARLEMAGNE;M;0.0;0.0;690
43299;201500048114;15;10;3;2115;5;2;1;2;6;382;ST ANTOINE;;;;690
43300;201500048115;15;10;4;2345;5;2;1;2;7;384;56, JOSEPH GILLET;;;;690
43301;201500048116;15;10;5;805;1;2;1;1;3;389;41, PAUL SEDAILLIAN;M;0.0;0.0;690
43302;201500048117;15;9;30;1335;1;2;1;1;2;384;12, HERBOUVILLE (D');M;0.0;0.0;690
43303;201500048118;15;10;3;855;1;2;1;1;6;382;106, CHARLEMAGNE;;;;690
43304;201500048119;15;9;25;1050;1;2;1;1;6;382;40, VICTOR HUGO;;;;690
43305;201500048120;15;10;2;1740;1;2;1;1;3;34;9, GENERAL DE GAULLE;M;4580560.0;485393.0;690
43306;201500048121;15;10;9;1240;1;2;1;1;3;389;53, ST CYR (DE);M;0.0;0.0;690
43307;201500048122;15;10;10;1245;1;2;3;1;3;149;LOUIS AULAGNE;M;4571300.0;481520.0;690
43308;201500048123;15;10;11;500;2;2;2;1;6;389;BALMONT (DE);M;4578860.0;480227.0;690
43309;201500048124;15;10;12;1200;1;2;3;1;3;202;1, HAUTS DU BOIS (DES);M;4574010.0;478944.0;690
43310;201500048125;15;10;13;1210;1;2;1;1;1;385;14, NOYERS (DES);M;4575242.0;478647.0;690
43311;201500048126;15;10;10;910;1;2;3;1;3;384;15, DUMONT D'URVILLE;M;4578100.0;482753.0;690
43312;201500048127;15;10;14;1256;1;2;2;8;6;382;CHARLEMAGNE;;;;690
43313;201500048128;15;10;15;2350;5;2;1;1;6;381;29, ROMARIN;;;;690
43314;201500048129;15;10;17;2230;5;2;3;1;6;382;ANTONIN PONCET;;;;690
43315;201500048130;15;10;18;250;5;2;1;1;6;381;6, ROGER VIOLI;;;;690
43316;201500048131;15;10;18;1645;1;1;1;1;3;202;27, GENERAL DE GAULLE (D;M;4574140.0;479356.0;690
43317;201500048133;15;10;23;625;5;2;6;1;6;34;SOLDATS (DES);M;4579440.0;485916.0;690
43318;201500048135;15;10;24;1825;2;2;1;1;3;389;470, SAUVEGARDE (DE LA);M;0.0;0.0;690