;Num_Acc;an;mois;jour;hrmn;lum;agg;int;atm;col;com;adr;gps;lat;long;dep
43319;201500048136;15;10;25;325;5;2;3;1;3;142;PIERRE SEMARD;M;4572540.0;481681.0;690
43320;201500048137;15;10;27;1900;5;2;3;3;1;81;GUY DE COLLONGUE    AV;M;4578120.0;476672.0;690
43321;201500048138;15;10;27;2008;5;2;1;2;6;34;SOLDATS (DES);;;;690
43322;201500048139;15;10;27;1120;1;2;1;1;6;149;16, EMILE ZOLA;M;4571960.0;480439.0;690
43323;201500048140;15;10;28;850;1;2;1;3;4;389;25EME REGIMENT DE TIRAIL;;;;690
43324;201500048141;15;10;29;930;1;2;3;1;6;382;BELLECOUR;;;;690
43325;201500048142;15;10;29;1320;1;2;1;1;3;389;45, MARIETTON;M;4578030.0;479951.0;690
43326;201500048143;15;10;29;1330;1;2;1;1;3;81;CHAMPAGNE (DE);M;4578360.0;478098.0;690
43327;201500048144;15;10;29;1150;1;2;1;1;6;382;24, ST ANTOINE;M;4576274.0;483213.0;690
43328;201500048145;15;10;29;1135;1;2;1;1;3;382;GALLIENI;M;0.0;0.0;690
43329;201500048146;15;10;30;725;1;2;1;1;2;389;4, MOUILLARD;M;4578515.0;480738.0;690
43330;201500048147;15;10;30;1545;1;2;1;1;1;384;CROIX ROUSSE (TUNNEL DE;M;0.0;0.0;690
43331;201500048148;15;10;30;1655;2;2;2;1;1;389;BOURGOGNE (DE);M;0.0;0.0;690
43332;201500048150;15;11;3;910;1;2;2;1;6;384;94, HENON;M;0.0;0.0;690
43333;201500048151;15;11;1;1740;5;2;1;8;3;34;64, MARGNOLLES;M;4578810.0;485240.0;690
43334;201500048152;15;11;3;850;1;2;1;1;3;142;35, JEAN JACQUES ROUSSEA;;;;690
43335;201500048153;15;11;3;1535;1;2;1;1;4;34;PERIPHERIQUE NORD;M;4578910.0;485021.0;690
43336;201500048154;15;11;4;815;2;2;3;1;6;202;145, COMMANDANT CHARCOT;M;4574760.0;479176.0;690
43337;201500048155;15;11;4;1205;1;2;1;2;1;34;89, PIED CHARDON (DE);M;4580916.0;486408.0;690
43338;201500048157;15;11;5;1010;1;2;1;1;6;202;10, LIMBURG (DE);M;4573400.0;477966.0;690
43339;201500048158;15;11;5;1851;5;2;2;1;6;389;PAUL SEDAILLIAN;M;0.0;0.0;690
43340;201500048159;15;11;6;1500;1;2;1;1;6;389;15, GARE D'EAU (DE LA);;;;690
43341;201500048161;15;11;7;30;5;2;1;1;6;384;56, CROIX-ROUSSE (DE LA);;;;690
43342;201500048162;15;11;6;2000;5;2;3;1;1;389;109, MARIETTON;;;;690
43343;201500048163;15;11;8;1350;1;2;1;1;6;34;MONTESSUY (DE);M;4579122.0;484080.0;690
43344;201500048164;15;11;8;1430;1;2;1;1;3;34;2bis, GENERAL LECLERC;M;4579970.0;485323.0;690
43345;201500048165;15;11;8;1730;5;1;1;1;3;389;GEORGES CLEMENCEAU;M;4577940.0;479944.0;690
43346;201500048166;15;11;8;721;1;2;1;1;6;286;4615, ROUTE DE STRASBOUR;;;;690
43347;201500048167;15;11;9;650;2;2;1;1;6;286;1, MONT BLANC (DU);M;4581308.0;489314.0;690
43348;201500048168;15;11;9;1145;1;2;1;1;6;34;DOCTEUR ZAMENHOF (DU);M;4579430.0;485633.0;690
43349;201500048169;15;11;10;1305;1;1;1;1;3;381;ALGERIE (D');;;;690
43350;201500048170;15;11;10;1330;1;2;1;1;6;34;6, FORTS (DES);M;4579397.0;482900.0;690
43351;201500048171;15;11;10;1810;5;2;1;1;6;149;RHONE (DU);M;4571705.0;481349.0;690
43352;201500048172;15;11;10;1820;5;2;1;1;6;389;36, MARIETTON;M;0.0;0.0;690
43353;201500048173;15;11;12;1400;1;2;1;1;2;382;2, MARECHAL JOFFRE (DU);M;0.0;0.0;690
43354;201500048174;15;11;13;1140;1;2;1;1;6;202;75, AQUEDUC DE BEAUNANT;M;4572800.0;479647.0;690
43355;201500048176;15;11;15;1010;1;2;7;7;6;34;14, PAUL PAINLEVE;M;4579102.0;484324.0;690
43356;201500048177;15;10;3;2155;5;2;1;1;7;385;199, JOLIOT CURIE;M;4575210.0;477674.0;690
43357;201500048178;15;11;10;1200;1;2;3;1;6;381;PAUL CHENAVARD;;;;690
43358;201500048179;15;11;17;1310;1;2;2;1;3;81;PROFESSEUR PAUL SANTY (D;M;4576627.0;476927.0;690
43359;201500048180;15;11;16;1240;1;2;1;1;6;384;DENFERT ROCHEREAU;;;;690
43360;201500048181;15;11;18;610;5;2;2;1;3;389;JAYR;M;0.0;0.0;690
43361;201500048182;15;11;16;1700;1;2;1;1;3;34;GENERAL LECLERC;M;4580380.0;486191.0;690
43362;201500048183;15;11;19;45;5;2;1;8;6;382;60, CHARLEMAGNE;M;0.0;0.0;690
43363;201500048184;15;11;19;1200;1;2;1;1;6;385;21, POINT DU JOUR (DU);M;4575740.0;480095.0;690
43364;201500048185;15;11;19;1550;1;2;1;1;5;202;28, MONTRAY (DE);;;;690
43365;201500048186;15;11;19;2030;5;2;1;1;3;381;7, JARDIN DES PLANTES (D;;;;690
43366;201500048187;15;11;22;1010;1;2;1;1;7;385;2, CHEMIN NEUF (DU);M;0.0;0.0;690
43367;201500048188;15;11;22;1830;5;2;2;2;3;389;5, GORGE DE LOUP;M;0.0;0.0;690
43368;201500048189;15;11;22;1625;1;2;3;2;1;202;192, MARECHAL FOCH (DU);M;4573936.0;480630.0;690
43369;201500048190;15;11;22;2040;5;2;1;2;7;385;PAUL DUQUAIRE;M;4576177.0;482865.0;690
43370;201500048191;15;11;22;1050;1;1;1;2;6;34;PERIPHERIQUE NORD;M;4578333.0;484999.0;690
43371;201500048192;15;11;23;645;5;2;3;1;6;389;33, PROFESSEUR PATEL (DU;M;4576500.0;479350.0;690
43372;201500048193;15;11;23;1110;1;1;1;1;1;389;192, ST CYR (DE);M;4579830.0;481900.0;690
43373;201500048194;15;11;23;1645;2;2;1;1;6;385;22, POINT DU JOUR (DU);M;4575740.0;480095.0;690
43374;201500048195;15;11;23;2325;5;2;2;1;3;389;VICTOR SCHOELCHER;;;;690
43375;201500048197;15;11;25;615;5;1;1;2;6;34;PERIPHERIQUE NORD;M;4578863.0;486533.0;690
43376;201500048198;15;11;23;1940;5;2;1;1;3;34;250, JEAN MONNET;M;4579022.0;484002.0;690
43377;201500048199;15;11;26;840;1;2;3;1;1;286;ROUTE DE GENEVE;M;4580000.0;488000.0;690
43378;201500048200;15;11;26;720;1;2;3;1;3;81;FRANKLIN ROOSEVELT;;;;690
43379;201500048201;15;11;26;845;1;2;1;1;3;382;00, PAUL MONTROCHET;M;0.0;0.0;690
43380;201500048202;15;11;25;1320;1;2;1;2;7;34;45, FORTS (DES);M;4579288.0;483433.0;690
43381;201500048203;15;11;27;1221;1;1;1;1;4;142;MULATIERE (DE LA);M;4573061.0;481561.0;690
43382;201500048204;15;11;27;1610;1;2;2;1;3;382;JULES COURMONT;M;0.0;0.0;690
43383;201500048206;15;11;27;1840;5;2;5;1;1;81;2, RAYMOND DE VEYSSIERES;M;4577347.0;478286.0;690
43384;201500048207;15;11;29;1853;5;2;3;1;6;34;GEORGES CLEMENCEAU;M;4581383.0;484927.0;690
43385;201500048208;15;11;30;830;1;2;1;1;6;149;35, PIERRE SEMARD;M;4571752.0;481274.0;690
43386;201500048209;15;11;30;1550;1;2;3;1;3;389;GARE D'EAU (DE LA);;;;690
43387;201500048210;15;12;1;1604;1;2;1;1;6;149;11, VOLTAIRE;M;4571391.0;480491.0;690
43388;201500048211;15;12;2;850;1;1;3;1;3;81;VALVERT;M;4577070.0;478571.0;690
43389;201500048212;15;12;3;820;1;2;1;1;6;382;VERDUN RECAMIER;M;0.0;0.0;690
43390;201500048213;15;12;4;1215;1;2;1;1;6;389;ANDREI SAKHAROV;M;4578751.0;479975.0;690
43391;201500048214;15;12;4;1710;2;2;1;1;6;385;14 Ter, MONTAUBAN (DE);M;0.0;0.0;690
43392;201500048215;15;12;4;1945;5;2;1;1;2;385;25, FARGES (DES);M;0.0;0.0;690
43393;201500048216;15;12;4;1945;5;2;1;1;3;149;144, EMILE ZOLA;M;4572138.0;479461.0;690
43394;201500048217;15;12;1;1630;1;2;1;1;6;382;CORDELIERS (DES);;;;690
43395;201500048218;15;12;8;1243;1;1;1;1;6;389;109, MARIETTON;M;4578930.0;481217.0;690
43396;201500048219;15;12;8;1635;2;2;3;1;6;389;ECULLY (D');M;0.0;0.0;690
43397;201500048220;15;12;9;5;5;2;1;2;6;385;25, POINT DU JOUR (DU);M;4575616.0;480536.0;690
43398;201500048221;15;12;10;2350;5;2;1;1;6;389;49, MARIETTON;M;0.0;0.0;690
43399;201500048222;15;12;11;900;1;2;3;1;3;389;TISSOT;M;4577400.0;479675.0;690
43400;201500048223;15;12;11;1545;1;2;1;1;2;389;6, RAOUL CARRIE;M;4580080.0;483800.0;690
43401;201500048224;15;12;11;1830;5;2;1;1;3;149;7, CAMILLE (DE LA);M;4571244.0;480219.0;690
43402;201500048225;15;12;12;1250;1;2;1;1;3;385;38-44, CASTORS (DES);M;0.0;0.0;690
43403;201500048228;15;12;14;1100;1;2;1;1;6;149;45, JEAN JAURES;;;;690
43404;201500048231;15;12;15;1635;1;2;1;1;6;149;9, CAMILLE (DE LA);M;4571251.0;480219.0;690
43405;201500048232;15;12;16;1340;1;2;1;1;5;389;21, PAUL SEDAILLIAN;M;0.0;0.0;690
43406;201500048234;15;12;17;1330;1;2;1;1;2;389;65, ST CYR (DE);M;0.0;0.0;690
43407;201500048235;15;12;15;1150;1;1;1;1;2;382;58, JULES COURMONT;M;0.0;0.0;690
43408;201500048236;15;12;18;1835;5;2;1;1;6;149;5, COMMUNE DE PARIS (DE;M;4571836.0;480621.0;690
43409;201500048237;15;12;18;1835;5;2;1;1;6;286;60, EUROPE (DE L');;;;690
43410;201500048238;15;12;19;1555;1;2;3;1;6;382;69, PRESIDENT EDOUARD HE;M;0.0;0.0;690
43411;201500048240;15;12;20;1255;1;2;2;1;3;389;53, ST CYR (DE);M;0.0;0.0;690
43412;201500048241;15;12;20;940;1;2;1;1;1;152;76, REPUBLIQUE (DE LA);M;4570318.0;482892.0;690
43413;201500048242;15;12;21;1752;5;2;1;1;6;286;3, EUROPE (DE L');M;4581308.0;489316.0;690
43414;201500048243;15;12;22;1215;1;2;3;1;1;389;28, ROGER SALENGRO;M;0.0;0.0;690
43415;201500048244;15;12;23;1635;1;2;1;1;1;81;18, VERDUN (DE);M;4577280.0;478475.0;690
43416;201500048245;15;12;17;1950;5;2;1;1;6;381;JEAN MOULIN;;;;690
43417;201500048246;15;12;26;50;5;2;1;1;6;385;88, PIERRE SCIZE;M;4576530.0;483035.0;690
43418;201500048247;15;12;27;1750;5;2;1;1;6;286;MONT BLANC (DU);M;4580000.0;488333.0;690
43419;201500048248;15;12;28;1345;1;2;1;1;6;202;08, CUZIEU (DE);M;4573300.0;478089.0;690
43420;201500048249;15;12;29;1510;1;2;1;1;2;385;FAVORITE (DE LA );M;0.0;0.0;690
43421;201500048250;15;12;31;1010;1;2;1;2;6;34;10, JEAN PETIT;M;4580372.0;485916.0;690
43422;201500048251;15;1;2;1430;1;1;1;1;7;378;AUTOROUTE A22;;;;590
43423;201500048252;15;11;2;920;1;1;1;5;5;449;AUTOROUTE A23;M;5046770.0;323561.0;590
43424;201500048253;15;1;3;1045;1;1;1;1;1;435;AUTOROUTE A23;;;;590
43425;201500048254;15;11;2;1130;1;1;1;1;2;637;AUTOROUTE A1;M;5047000.0;297747.0;620
43426;201500048255;15;1;4;1000;1;1;1;1;7;350;AUTOROUTE A1;;;;590
43427;201500048256;15;11;4;2000;3;1;1;1;2;262;AUTOROUTE A25;M;5078677.0;262208.0;590
43428;201500048257;15;1;12;700;3;1;1;1;6;634;AUTOROUTE A16;M;5093196.0;201499.0;620
43429;201500048258;15;11;6;2155;3;1;1;1;6;748;AUTOROUTE A16;M;5095150.0;211978.0;620
43430;201500048259;15;1;23;145;3;1;1;1;2;548;AUTOROUTE A16;;;;620
43431;201500048260;15;11;12;1800;3;1;1;1;6;646;ROUTE DEPARTEMENTALE 652;M;5067910.0;312392.0;590
43432;201500048262;15;11;13;1835;3;1;1;1;5;234;AUTOROUTE A21;M;5040240.0;306253.0;590
43433;201500048263;15;1;24;1950;3;1;1;1;3;9;ROUTE NATIONALE 227;;;;590
43434;201500048265;15;1;25;530;3;1;1;1;4;580;AUTOROUTE A25;M;5082822.0;258235.0;590
43435;201500048266;15;11;17;715;3;1;1;2;7;9;ROUTE NATIONALE 227;M;5064740.0;314656.0;590
43436;201500048267;15;1;25;720;5;1;1;1;7;386;ROUTE DEPARTEMENTALE 652;;;;590
43437;201500048268;15;11;21;1620;1;1;1;2;7;9;ROUTE NATIONALE 227;M;5064740.0;314656.0;590
43438;201500048269;15;1;26;1400;1;1;1;2;4;350;AUTOROUTE A25;;;;590
43439;201500048270;15;11;22;1145;1;1;1;8;7;343;AUTOROUTE A27;M;5060130.0;312700.0;590
43440;201500048271;15;1;29;1630;1;1;1;1;7;193;AUTOROUTE A16;;;;620
43441;201500048272;15;11;23;100;5;1;1;8;7;646;ROUTE DEPARTEMENTALE 652;M;5068090.0;311959.0;590
43442;201500048273;15;2;1;1430;1;1;1;3;5;274;AUTOROUTE A1;;;;620
43443;201500048274;15;11;23;330;3;1;1;1;7;378;AUTOROUTE A22;M;5040284.0;306508.0;590
43444;201500048275;15;2;1;1530;1;1;1;6;5;662;AUTOROUTE A25;;;;590
43445;201500048276;15;11;23;1400;1;1;1;1;6;343;AUTOROUTE A1;M;5058980.0;309739.0;590
43446;201500048277;15;2;3;2010;3;1;1;1;7;234;AUTOROUTE A21;;;;590
43447;201500048278;15;11;6;630;3;1;1;8;5;581;AUTOROUTE A25;M;5070680.0;278403.0;590
43448;201500048279;15;2;4;1005;1;1;1;4;6;634;AUTOROUTE A16;;;;620
43449;201500048280;15;11;26;1220;1;1;1;2;6;771;AUTOROUTE A21;M;5043020.0;285156.0;620
43450;201500048282;15;11;27;1830;2;1;1;6;4;9;ROUTE NATIONALE 227;M;5060600.0;313000.0;590
43451;201500048283;15;2;4;1450;1;1;1;1;4;350;ROUTE NATIONALE 356;;;;590
43452;201500048284;15;11;28;610;3;1;1;1;6;586;AUTOROUTE A23;M;5053960.0;319711.0;590
43453;201500048285;15;2;6;2030;5;1;1;1;4;609;AUTOROUTE A1;;;;590
43454;201500048287;15;2;8;720;2;1;1;1;7;351;Autoroute A21;;;;620
43455;201500048288;15;11;23;1020;1;1;1;2;5;449;AUTOROUTE A23;M;5047210.0;322561.0;590
43456;201500048289;15;2;7;1115;1;1;1;1;2;196;AUTOROUTE A25;M;5064067.0;293618.0;590
43457;201500048290;15;12;25;1310;1;1;1;1;3;378;ROUTE DEPARTEMENTALE 652;M;5068430.0;310958.0;590
43458;201500048291;15;2;9;1130;1;1;9;1;6;646;ROUTE NATIONALE 356;;;;590
43459;201500048292;15;12;12;300;3;1;1;2;2;378;AUTOROUTE A22;;;;590
43460;201500048293;15;12;26;1325;1;1;1;1;6;262;AUTOROUTE A25;M;5041042.0;306233.0;590
43461;201500048294;15;2;10;245;3;1;1;1;6;359;AUTOROUTE A16;;;;590
43462;201500048295;15;2;16;810;2;1;1;5;3;523;AUTOROUTE A27;;;;590
43463;201500048296;15;12;12;2300;5;1;1;2;7;646;ROUTE DEPARTEMENTALE 652;;;;590
43464;201500048297;15;2;21;1215;1;1;1;4;4;189;AUTOROUTE A25;;;;590
43465;201500048299;15;2;15;130;3;1;1;1;6;350;ROUTE NATIONALE 356;;;;590
43466;201500048300;15;12;23;2235;3;1;1;1;7;456;AUTOROUTE A 21;M;5038270.0;321033.0;590
43467;201500048302;15;12;24;1630;1;1;1;1;7;427;AUTOROUTE A1;M;0.0;0.0;620
43468;201500048303;15;12;27;2220;3;1;1;1;6;239;AUTOROUTE A16;M;0.0;0.0;620
43469;201500048305;15;3;14;1515;1;1;1;1;7;274;AUTOROUTE A1;;;;620
43470;201500048306;15;3;2;445;3;1;1;4;6;378;AUTOROUTE A22;M;5069418.0;311275.0;590
43471;201500048307;15;3;12;1115;1;1;1;7;6;350;AUTOROUTE A25;;;;590
43472;201500048309;15;12;1;2225;3;1;1;2;4;588;AUTOROUTE A16;;;;590
43473;201500048310;15;12;2;2000;4;1;1;1;2;43;AUTOROUTE A25;M;5072180.0;274378.0;590
43474;201500048311;15;3;21;2045;3;1;1;1;6;907;AUTOROUTE A1;;;;620
43475;201500048312;15;12;2;2045;5;1;1;1;7;193;AUTOROUTE A16;M;0.0;0.0;620
43476;201500048313;15;3;22;1230;1;1;1;1;3;183;AUTOROUTE A16;;;;590
43477;201500048314;15;3;25;810;1;1;1;3;4;431;AUTOROUTE A25;;;;590
43478;201500048317;15;12;4;2020;3;1;1;1;2;350;ROUTE NATIONALE 356;;;;590
43479;201500048318;15;12;8;815;1;1;1;1;4;624;AUTOROUTE A21;M;0.0;0.0;620
43480;201500048319;15;3;26;940;1;1;1;1;3;195;ROUTE DEPARTEMENTALE 652;;;;590
43481;201500048320;15;3;26;1635;1;1;1;1;6;646;AUTOROUTE A22;;;;590
43482;201500048321;15;4;8;1440;1;1;1;1;3;624;AUTOROUTE A21;;;;620
43483;201500048322;15;12;24;1815;3;1;1;3;6;532;AUTOROUTE A16;;;;590
43484;201500048323;15;4;7;1525;1;1;1;1;3;554;AUTOROUTE A23;;;;590
43485;201500048324;15;4;12;1945;1;1;1;1;7;606;AUTOROUTE A23;;;;590
43486;201500048325;15;4;15;720;1;1;1;1;2;560;AUTOROUTE A1;;;;590
43487;201500048326;15;4;17;1700;1;1;1;1;6;350;AUTOROUTE A25;;;;590
43488;201500048327;15;4;10;635;2;1;1;1;1;155;AUTOROUTE A16;;;;590
43489;201500048328;15;4;18;1815;1;1;1;1;2;378;ROUTE DEPARTEMENTALE 652;;;;590
43490;201500048329;15;4;21;800;1;1;1;1;6;90;AUTOROUTE A22;;;;590
43491;201500048330;15;4;22;430;3;1;1;1;7;260;AUTOROUTE A16;;;;590
43492;201500048331;15;4;24;1705;1;1;1;1;2;606;AUTOROUTE A2;;;;590
43493;201500048332;15;4;28;900;1;1;1;1;6;386;ROUTE DEPARTEMENTALE 652;;;;590
43494;201500048334;15;5;3;2210;3;1;1;1;6;624;AUTOROUTE A1;M;0.0;0.0;620
43495;201500048335;15;5;4;1130;1;1;1;1;6;9;ROUTE NATIONALE 227;M;5036142.0;307453.0;590
43496;201500048336;15;5;5;400;3;1;1;2;7;427;AUTOROUTE A1;M;0.0;0.0;620
43497;201500048337;15;5;10;945;1;1;1;1;2;131;ROUTE NATIONALE 225;M;5098636.0;236894.0;590
43498;201500048338;15;5;11;1440;1;1;1;1;2;429;AUTOROUTE A2;M;5028608.0;335258.0;590
43499;201500048340;15;5;16;1315;1;1;1;1;7;646;ROUTE DEPARTEMENTALE 652;M;5067988.0;312483.0;590
43500;201500048341;15;5;18;940;1;1;1;1;4;143;AUTOROUTE A25;M;5065908.0;289841.0;590
43501;201500048342;15;5;18;1230;1;1;1;1;2;566;AUTOROUTE A25;M;5062295.0;296793.0;590
43502;201500048343;15;5;22;930;1;1;1;1;2;401;AUTOROUTE A25;M;5074100.0;268194.0;590
43503;201500048344;15;5;22;1950;1;1;1;1;2;646;ROUTE DEPARTEMENTALE 656;M;5067775.0;312269.0;590
43504;201500048345;15;5;24;1945;1;1;1;1;6;350;AUTOROUTE A25;M;5062208.0;302608.0;590
43505;201500048346;15;5;27;2000;1;1;1;1;7;560;AUTOROUTE A1;M;5052427.0;304138.0;590
43506;201500048347;15;5;30;1810;1;1;1;1;7;143;AUTOROUTE A25;M;5067497.0;286344.0;590
43507;201500048348;15;5;31;1745;1;1;1;1;7;350;AUTOROUTE A25;M;5061838.0;302997.0;590
43508;201500048349;15;6;1;320;3;1;1;1;7;193;AUTOROUTE A16;;;;620
43509;201500048350;15;6;1;1300;1;1;1;1;2;234;AUTOROUTE A21;M;5040694.0;304002.0;590
43510;201500048351;15;6;2;1400;1;1;1;1;1;262;AUTOROUTE A25;M;5078730.0;262173.0;590
43511;201500048352;15;6;2;2255;3;1;1;2;2;202;AUTOROUTE A25;M;5067894.0;285419.0;590
43512;201500048353;15;6;4;720;1;1;1;1;6;155;AUTOROUTE A16;M;5100458.0;221052.0;590
43513;201500048354;15;6;11;800;1;1;1;1;4;378;ROUTE DEPARTEMENTALE 652;M;5068463.0;309569.0;590
43514;201500048355;15;6;12;1500;1;1;1;1;7;131;ROUTE NATIONALE 225;M;5098822.0;236019.0;590
43515;201500048356;15;6;14;500;2;1;1;1;2;360;AUTOROUTE A25;M;5037167.0;0.0;590
43516;201500048357;15;6;14;1345;1;1;1;8;6;566;AUTOROUTE A25;M;5061872.0;297698.0;590
43517;201500048358;15;6;17;2030;2;1;1;1;6;634;AUTOROUTE A16;M;5056064.0;158491.0;620
43518;201500048359;15;6;18;455;3;1;1;2;7;286;AUTOROUTE A25;M;5061694.0;299505.0;590
43519;201500048360;15;6;18;1730;1;1;1;1;6;498;AUTOROUTE A21;M;0.0;0.0;620
43520;201500048362;15;6;6;1325;1;1;1;1;7;426;AUTOROUTE A22;M;5076147.0;315000.0;590
43521;201500048363;15;6;22;1230;1;1;1;2;3;348;AUTOROUTE A2;M;5026936.0;333369.0;590
43522;201500048364;15;6;24;1420;1;1;1;1;2;449;AUTOROUTE A23;M;5046700.0;323758.0;590
43523;201500048365;15;6;25;1700;1;1;1;1;2;346;ROUTE NATIONALE 227;M;5035566.0;308286.0;590
43524;201500048366;15;6;30;150;3;1;1;1;7;193;AUTOROUTE A16;M;0.0;0.0;620
43525;201500048367;15;6;30;1820;1;1;1;1;7;636;ROUTE DEPARTEMENTALE 652;M;5068088.0;305744.0;590
43526;201500048368;15;7;1;1535;1;1;1;1;7;262;AUTOROUTE A25;;;;590
43527;201500048370;15;7;16;910;1;1;1;1;6;462;AUTOROUTE A1;;;;590
43528;201500048371;15;7;16;1620;1;1;1;1;7;143;AUTOROUTE A25;;;;590
43529;201500048372;15;7;16;2000;1;1;1;1;7;346;ROUTE NATIONALE 227;;;;590
43530;201500048373;15;7;5;420;3;1;1;1;7;189;AUTOROUTE A25;M;5080246.0;260460.0;590
43531;201500048374;15;7;5;2045;1;1;1;1;7;143;AUTOROUTE A25;M;5065779.0;290051.0;590
43532;201500048375;15;7;8;1235;1;1;1;2;2;9;AUTOROUTE A22;M;5065499.0;312901.0;590
43533;201500048376;15;7;9;150;5;1;1;1;3;646;ROUTE DEPARTEMENTALE 656;;;;590
43534;201500048377;15;7;19;2150;1;1;1;1;7;195;ROUTE DEPARTEMENTALE 652;;;;590
43535;201500048378;15;7;20;1235;1;1;1;2;7;606;AUTOROUTE A23;;;;590
43536;201500048380;15;7;23;1545;1;1;1;1;6;566;AUTOROUTE A25;M;5062191.0;296988.0;590
43537;201500048381;15;7;11;820;1;1;1;1;2;343;ROUTE NATIONALE 227;M;5060065.0;312094.0;590
43538;201500048382;15;7;24;530;5;1;1;1;7;193;AUTOROUTE A16;M;5094168.0;182024.0;620
43539;201500048383;15;7;27;5;3;1;1;1;2;456;AUTOROUTE A 21;;;;590
43540;201500048384;15;7;12;640;1;1;1;1;3;343;AUTOROUTE A1;;;;590
43541;201500048385;15;7;14;830;1;1;1;1;2;459;AUTOROUTE A23;M;5037807.0;347044.0;590
43542;201500048386;15;7;8;2120;1;1;1;1;4;179;AUTOROUTE A2;M;5031103.0;339294.0;590
43543;201500048387;15;7;11;2015;1;1;1;1;2;515;AUTOROUTE A2;M;5032791.0;343680.0;590
43544;201500048388;15;7;26;620;1;1;1;1;6;560;AUTOROUTE A1;;;;590
43545;201500048389;15;8;4;1645;1;1;1;1;7;613;AUTOROUTE A2;;;;590
43546;201500048390;15;8;7;1010;1;1;1;1;4;907;Autoroute A1;;;;620
43547;201500048391;15;8;15;1930;1;1;1;1;7;628;AUTOROUTE A21;;;;620
43548;201500048392;15;8;22;600;3;1;1;1;7;603;AUTOROUTE A2;M;5034040.0;347022.0;590
43549;201500048393;15;8;27;1430;1;1;1;3;7;195;ROUTE DEPARTEMENTALE 652;;;;590
43550;201500048394;15;8;30;615;2;1;1;1;6;606;AUTOROUTE A2;M;5033903.0;349996.0;590
43551;201500048396;15;8;24;1430;1;1;1;2;4;560;AUTOROUTE A1;;;;590
43552;201500048397;15;8;22;1035;1;1;1;1;2;183;ROUTE NATIONALE 225;;;;590
43553;201500048398;15;8;25;1735;1;1;1;1;6;509;AUTOROUTE A21;;;;590
43554;201500048399;15;5;28;1930;1;1;1;1;6;507;AUTOROUTE A1;M;5061458.0;308516.0;590
43555;201500048400;15;8;31;1840;1;1;1;1;3;274;AUTOROUTE A1;;;;620
43556;201500048401;15;9;2;1730;1;1;1;1;4;271;AUTOROUTE A16;M;5099950.0;229108.0;590
43557;201500048402;15;9;11;340;3;1;1;1;2;609;AUTOROUTE A1;M;5058005.0;308766.0;590
43558;201500048404;15;9;14;1630;1;1;1;8;7;646;ROUTE DEPARTEMENTALE 652;M;5067986.0;312819.0;590
43559;201500048405;15;9;21;805;1;1;1;1;2;328;ROUTE DEPARTEMENTALE 652;M;5065669.0;301525.0;590
43560;201500048406;15;9;21;845;1;1;1;1;6;350;ROUTE NATIONALE 356;M;5063605.0;308836.0;590
43561;201500048407;15;9;25;1810;1;1;1;1;4;447;AUTOROUTE A2;M;5020510.0;334282.0;590
43562;201500048408;15;10;3;145;3;1;1;1;6;447;AUTOROUTE A2;M;5038708.0;361180.0;590
43563;201500048409;15;10;3;650;3;1;1;1;7;566;AUTOROUTE A25;M;5061991.0;297372.0;590
43564;201500048410;15;10;9;1900;2;1;1;1;2;256;AUTOROUTE A23;M;5056813.0;315886.0;590
43565;201500048411;15;10;9;2010;3;1;1;1;4;508;AUTOROUTE A22;M;5045355.0;309174.0;590
43566;201500048412;15;10;10;1725;1;1;1;1;2;346;ROUTE NATIONALE 227;M;5060427.0;312958.0;590
43567;201500048413;15;10;13;2300;3;1;1;2;6;771;AUTOROUTE A21;M;0.0;0.0;620
43568;201500048414;15;10;14;2145;3;1;1;8;7;193;AUTOROUTE A16;M;5094159.0;182166.0;620
43569;201500048415;15;10;19;805;2;1;1;1;6;431;AUTOROUTE A25;M;5068944.0;282336.0;590
43570;201500048416;15;10;7;1130;1;1;1;1;5;585;AUTOROUTE A1;M;5055561.0;306347.0;590
43571;201500048417;15;1;6;1305;1;2;1;1;6;383;0, PLACE D ARSONVAL;;;;690
43572;201500048418;15;12;30;1825;5;2;1;1;6;386;MARECHAL LYAUTEY (DU);;;;690
43573;201500048419;15;3;12;1345;1;2;1;1;6;386;76, VITTON;M;4577530.0;484898.0;690
43574;201500048420;15;1;6;920;1;2;1;2;6;383;48, RUE PAUL BERT;M;4575440.0;485275.0;690
43575;201500048421;15;1;6;1850;5;2;2;5;3;386;0, RUE DUQUESNE;;;;690
43576;201500048422;15;1;7;1730;5;2;2;1;3;386;0, RUE PETREQUIN;;;;690
43577;201500048423;15;12;31;1945;5;1;3;1;3;276;., JEAN JAURES;M;4567200.0;485140.0;690
43578;201500048425;15;1;10;1420;1;2;3;1;6;383;AVENUE MARECHAL DE SAXE;;;;690
43579;201500048426;15;12;31;1130;1;2;1;1;3;388;42, FRERES LUMIERE (DES);M;0.0;0.0;690
43580;201500048427;15;1;9;1205;1;2;2;1;3;383;0, AVENUE LACASSAGNE;M;4574580.0;488029.0;690
43581;201500048428;15;1;12;1400;1;2;2;1;3;386;RUE DE CREQUI;M;4577210.0;484463.0;690
43582;201500048429;15;1;12;1730;5;2;1;1;6;386;82, COURS VITTON;M;4577240.0;485675.0;690
43583;201500048430;15;1;12;2014;5;2;2;1;3;386;0, COURS VITTON;M;4577240.0;485675.0;690