;Num_Acc;an;mois;jour;hrmn;lum;agg;int;atm;col;com;adr;gps;lat;long;dep
43584;201500048431;15;1;7;1700;5;2;1;1;2;383;PONT DE LA GUILLOTIERE;;;;690
43585;201500048432;15;1;13;1650;1;2;2;1;3;383;1, RUE SAINT ISIDORE;M;4575310.0;487395.0;690
43586;201500048433;15;1;15;855;1;2;1;1;6;383;PONT LAFAYETTE;M;4575270.0;484262.0;690
43587;201500048434;15;1;18;520;5;2;1;1;5;383;20, QUAI VICTOR AUGAGNEU;M;4575270.0;484262.0;690
43588;201500048435;15;1;18;735;4;2;2;1;3;383;AVENUE MARECHAL DE SAXE;M;4575270.0;484262.0;690
43589;201500048436;15;1;19;745;2;2;2;2;6;383;0, RUE DE CREQUI;M;4575440.0;485275.0;690
43590;201500048437;15;1;16;940;1;2;1;3;6;383;7, COURS GAMBETTA;M;4575440.0;485275.0;690
43591;201500048438;15;1;16;1820;5;2;1;2;6;388;AVENUE ROCKEFELLER;;;;690
43592;201500048439;15;1;20;1205;1;2;2;1;3;383;0, RUE DUGUESCLIN;M;4575270.0;484262.0;690
43593;201500048440;15;1;20;1715;2;2;2;2;6;386;COURS VITTON;M;4577210.0;484463.0;690
43594;201500048441;15;1;22;735;5;2;2;2;3;386;COURS VITTON;M;4577760.0;484900.0;690
43595;201500048442;15;1;23;1620;1;2;1;1;6;383;9, RUE DU DAUPHINE;M;4575440.0;485275.0;690
43596;201500048443;15;1;21;1200;1;2;1;1;2;383;0, BOULEVARD MARIUS VIVI;M;4575440.0;485275.0;690
43597;201500048444;15;1;26;730;1;2;1;2;6;386;COURS LAFAYETTE;M;4577210.0;484463.0;690
43598;201500048445;15;1;26;1745;4;2;1;2;6;386;RUE GARIBALDI;M;4577210.0;484463.0;690
43599;201500048447;15;4;1;1255;1;2;1;2;7;386;192, THIERS;M;4576190.0;481755.0;690
43600;201500048448;15;1;26;1842;5;2;1;3;6;386;0, BOULEVARD DES BELGES;M;4577240.0;485675.0;690
43601;201500048449;15;4;2;1045;1;2;1;8;6;387;17, CLAUDE BERNARD;M;4575230.0;483626.0;690
43602;201500048450;15;1;26;2000;5;2;1;1;3;383;QUAI VICTOR AUGAGNEUR;;;;690
43603;201500048451;15;4;2;1355;1;2;3;1;6;199;1, CHARLES PLASSE;;;;690
43604;201500048452;15;1;16;1820;2;2;2;3;3;383;1, RUE DE LA VILLETTE;M;4575440.0;485275.0;690
43605;201500048453;15;4;2;1355;1;2;1;1;6;386;30, MARECHAL DE SAXE;M;0.0;0.0;690
43606;201500048454;15;1;22;2135;5;2;2;1;3;383;1, RUE FEUILLAT;M;4575220.0;487465.0;690
43607;201500048456;15;1;27;1415;1;2;1;1;6;383;AVENUE FELIX FAURE;M;4575440.0;485275.0;690
43608;201500048458;15;2;1;2200;5;2;1;2;2;383;198, AVENUE FELIX FAURE;;;;690
43609;201500048459;15;4;3;1945;2;2;1;1;3;276;1, LOUISE MICHEL;;;;690
43610;201500048460;15;2;2;2000;5;2;2;1;6;386;1, RUE VAUBAN;;;;690
43611;201500048461;15;4;4;220;5;2;3;2;6;259;CHARBONNIER (DU);M;4569830.0;489672.0;690
43612;201500048462;15;2;3;2030;5;2;1;1;6;386;296, RUE VENDOME;;;;690
43613;201500048463;15;4;3;1840;1;2;2;1;3;387;1, TONY GARNIER;;;;690
43614;201500048464;15;2;4;2025;5;2;1;1;6;386;1, COURS LAFAYETTE;;;;690
43615;201500048465;15;4;4;1445;1;2;1;1;1;276;5, ALSACE (D');;;;690
43616;201500048466;15;2;7;1830;5;2;2;1;3;383;RUE PAUL BERT;;;;690
43617;201500048467;15;4;4;1210;1;2;2;1;6;387;PASTEUR;M;0.0;0.0;690
43618;201500048468;15;2;5;815;1;2;1;1;6;383;150, RUE PAUL BERT;;;;690
43619;201500048469;15;4;7;1130;1;2;1;1;3;259;1, REPUBLIQUE (DE LA);;;;690
43620;201500048470;15;4;7;1950;1;2;1;1;6;388;73, VIVIANI;;;;690
43621;201500048471;15;2;11;1910;5;2;2;1;3;386;COURS VITTON;;;;690
43622;201500048472;15;4;7;1950;1;2;6;1;3;388;EDMOND MICHELET;;;;690
43623;201500048473;15;2;12;1115;1;2;2;1;3;383;0, AVENUE GEORGES POMPID;;;;690
43624;201500048474;15;4;8;840;1;2;2;1;6;386;7, KLEBER;;;;690
43625;201500048476;15;4;8;855;1;2;1;1;6;386;13, JULIETTE RECAMIER;;;;690
43626;201500048479;15;2;10;2210;5;2;2;1;3;386;0, RUE GARIBALDI;;;;690
43627;201500048480;15;4;7;735;1;1;1;1;2;388;22, ROCKEFELLER;M;0.0;0.0;690
43628;201500048482;15;4;10;1200;2;2;2;1;3;383;PAUL BERT;;;;690
43629;201500048483;15;2;21;2010;5;2;3;1;3;386;AVENUE THIERS;;;;690
43630;201500048484;15;4;11;2130;4;2;1;1;3;388;26, ROCHAMBEAU;;;;690
43631;201500048485;15;2;22;643;2;2;2;1;6;386;0, RUE DE LA VIABERT;;;;690
43632;201500048486;15;4;12;1600;1;2;3;1;6;388;MARIUS BERLIET;;;;690
43633;201500048487;15;2;24;815;1;2;1;1;6;383;31, RUE DE LA BALME;;;;690
43634;201500048488;15;4;11;2040;2;2;1;1;6;387;1, MATHIEU VARILLE;M;0.0;0.0;690
43635;201500048489;15;2;24;845;1;2;2;1;6;386;50, AVENUE MARECHAL DE S;;;;690
43636;201500048490;15;4;14;720;1;2;1;1;6;259;40, PARMENTIER;M;4569790.0;488154.0;690
43637;201500048491;15;2;24;1945;5;2;1;1;2;383;256, RUE GARIBALDI;;;;690
43638;201500048492;15;4;14;1850;1;2;1;1;3;383;149, MARECHAL DE SAXE;M;4575270.0;484262.0;690
43639;201500048493;15;2;25;1610;1;2;2;1;6;386;0, COURS LAFAYETTE;;;;690
43640;201500048494;15;4;14;2100;2;2;1;1;2;383;DUGUESCLIN;;;;690
43641;201500048495;15;2;25;1405;1;2;2;1;6;383;0, RUE MAURICE FLANDIN;;;;690
43642;201500048496;15;4;14;1210;1;2;5;1;6;383;46, GAMBETTA;;;;690
43643;201500048497;15;2;26;1815;5;2;2;2;6;386;0, COURS LAFAYETTE;;;;690
43644;201500048498;15;4;15;1610;1;2;1;1;2;383;257, CREQUI (DE);M;0.0;0.0;690
43645;201500048499;15;2;27;1050;1;2;2;2;6;386;RUE DE CREQUI;;;;690
43646;201500048500;15;4;16;1030;1;2;1;1;3;383;171, FELIX FAURE;;;;690
43647;201500048503;15;3;3;1900;5;2;1;1;3;383;RUE SERVIENT;;;;690
43648;201500048504;15;4;16;1710;1;2;1;1;3;259;141, FRANCIS DE PRESSENS;;;;690
43649;201500048505;15;3;5;1050;1;2;2;1;3;386;0, RUE CUVIER;;;;690
43650;201500048506;15;4;16;2245;5;2;1;2;3;387;42, BERTHELOT;M;0.0;0.0;690
43651;201500048507;15;3;7;810;1;2;2;1;3;383;RUE SERVIENT;;;;690
43652;201500048508;15;4;16;405;5;2;1;1;6;383;228, FELIX FAURE;;;;690
43653;201500048511;15;3;7;1730;1;2;1;1;3;386;F 107, BOULEVARD STALING;;;;690
43654;201500048512;15;4;16;1840;1;2;1;1;6;387;12, TONY GARNIER;M;0.0;0.0;690
43655;201500048513;15;3;7;1810;1;2;1;1;6;386;BOULEVARD JULES FAVRE;;;;690
43656;201500048514;15;4;18;2145;4;2;1;1;6;259;IRENE JOLIOT CURIE;;;;690
43657;201500048515;15;3;8;1540;1;2;1;1;3;386;11, AVENUE DE GRANDE BRE;;;;690
43658;201500048516;15;4;18;1230;1;2;2;1;6;383;41, PENSIONNAT (DU);M;0.0;0.0;690
43659;201500048517;15;3;8;2025;5;2;1;1;6;383;BOULEVARD MARIUS VIVIER;;;;690
43660;201500048518;15;4;19;2250;5;2;2;8;3;387;1, MARCEL MERIEUX;M;0.0;0.0;690
43661;201500048520;15;4;20;800;1;2;2;1;5;383;1, CHARLES RICHARD;;;;690
43662;201500048521;15;3;10;545;5;2;3;1;6;386;0, RUE NEY;;;;690
43663;201500048522;15;4;21;1710;1;2;1;1;6;387;face 49, LECLERC;M;0.0;0.0;690
43664;201500048523;15;3;12;2040;3;2;1;1;6;383;1, BOULEVARD MARIUS VIVI;;;;690
43665;201500048524;15;4;22;1540;1;2;3;1;1;388;1, ST NESTOR;M;4573780.0;487195.0;690
43666;201500048525;15;4;22;2215;5;2;3;1;5;386;1, GERMAIN;M;4575420.0;487188.0;690
43667;201500048526;15;3;24;1200;1;2;1;1;6;383;144, COURS GAMBETTA;;;;690
43668;201500048527;15;4;22;1220;1;2;2;1;6;387;1, JEAN JAURES;M;0.0;0.0;690
43669;201500048528;15;4;22;1150;1;2;2;1;3;388;1, PAUL SANTY;M;0.0;0.0;690
43670;201500048529;15;4;23;745;1;2;1;1;2;383;87, LACASSAGNE;M;0.0;0.0;690
43671;201500048530;15;4;23;1515;1;2;3;1;3;383;93, DAUPHINE (DU);M;0.0;0.0;690
43672;201500048531;15;4;23;1825;1;2;3;7;3;383;DAUPHINE (DU);;;;690
43673;201500048532;15;3;18;1740;1;2;1;1;3;259;1, PIERRE COT;;;;690
43674;201500048533;15;4;24;1825;1;2;1;1;4;386;1, STALINGRAD (DE);;;;690
43675;201500048534;15;4;23;1810;1;2;1;1;6;383;110, SERVIENT;;;;690
43676;201500048537;15;4;25;2005;1;2;2;2;3;386;1, VITTON;;;;690
43677;201500048538;15;4;27;1500;1;2;1;8;6;383;1, MARIUS VIVIER MERLE;;;;690
43678;201500048540;15;4;28;1025;1;2;1;1;2;387;TCHECOSLOVAQUES (DES);M;0.0;0.0;690
43679;201500048541;15;4;28;1540;1;2;2;1;3;387;156, YVES FARGES;M;4572850.0;482183.0;690
43680;201500048543;15;4;29;1155;1;2;1;1;6;388;180, VIENNE (DE);M;0.0;0.0;690
43681;201500048544;15;4;30;935;1;2;2;1;6;387;119, JEAN JAURES;M;4573100.0;482652.0;690
43682;201500048545;15;4;30;745;1;2;1;1;4;388;95, ETATS UNIS (DES);;;;690
43683;201500048546;15;12;17;2000;5;2;1;1;5;387;UNIVERSITE (DE L');;;;690
43684;201500048547;15;4;30;1200;1;2;1;1;6;388;, FRERES LUMIERE (DES);;;;690
43685;201500048548;15;4;30;1330;1;2;1;1;6;259;LEO LAGRANGE;M;4569890.0;487028.0;690
43686;201500048550;15;5;1;120;3;2;1;1;6;388;102, ALBERT THOMAS;M;4574528.0;487203.0;690
43687;201500048551;15;5;1;745;1;2;1;2;6;276;., LYON (DE);M;4568420.0;486131.0;690
43688;201500048552;15;5;1;1445;1;2;2;2;3;387;., TROIS PIERRES (DES);;;;690
43689;201500048553;15;5;2;2130;5;2;1;2;3;259;53, JULES GUESDE;;;;690
43690;201500048554;15;5;4;930;1;2;1;8;6;387;20, LECLERC;M;0.0;0.0;690
43691;201500048555;15;5;4;1400;1;2;1;1;6;259;260, VIENNE (DE);;;;690
43692;201500048556;15;5;4;2305;4;2;1;1;6;259;., PRESIDENT EDOUARD HER;;;;690
43693;201500048557;15;5;5;2020;1;2;2;1;3;386;., LAFAYETTE;;;;690
43694;201500048558;15;5;6;800;1;2;2;1;5;199;., CHARLES PLASSE;;;;690
43695;201500048559;15;5;6;1325;1;2;1;1;6;387;GAMBETTA;;;;690
43696;201500048560;15;5;6;1110;1;2;1;1;6;383;49bis/51, PROFESSEUR ROC;M;0.0;0.0;690
43697;201500048561;15;5;7;1645;1;1;1;1;6;388;2, PIERRE DELORE;;;;690
43698;201500048562;15;5;7;2200;5;2;2;1;3;387;23, DOMER;M;0.0;0.0;690
43699;201500048563;15;5;6;1235;1;2;1;1;1;387;7, BEGUIN (DU);M;0.0;0.0;690
43700;201500048565;15;5;8;1845;1;2;1;3;6;388;103, ETATS UNIS (DES);M;0.0;0.0;690
43701;201500048566;15;5;6;2015;2;2;1;1;2;259;8, IRENE JOLIOT CURIE;M;4572260.0;487234.0;690
43702;201500048567;15;5;9;1535;1;2;1;1;6;259;1, IRENE JOLIOT CURIE;;;;690
43703;201500048568;15;5;9;1255;1;2;9;1;3;383;GAMBETTA;M;0.0;0.0;690
43704;201500048569;15;5;11;940;1;2;2;1;3;387;PASTEUR;M;0.0;0.0;690
43705;201500048570;15;5;11;1330;1;2;2;1;6;386;87, CUVIER;;;;690
43706;201500048571;15;5;12;735;1;2;1;1;3;387;120, YVES FARGES;M;0.0;0.0;690
43707;201500048572;15;5;12;1730;1;2;1;1;6;383;., RABELAIS;;;;690
43708;201500048573;15;5;12;300;5;2;1;1;6;387;5, TONY GARNIER;M;0.0;0.0;690
43709;201500048574;15;5;13;1750;1;2;1;1;6;383;31, GAMBETTA;;;;690
43710;201500048575;15;5;13;1914;1;2;3;1;6;259;1, RAIMU;M;4570780.0;488706.0;690
43711;201500048576;15;5;14;1640;1;2;2;1;3;387;., TONY GARNIER;M;0.0;0.0;690
43712;201500048577;15;5;15;105;5;2;2;2;3;387;16, UNIVERSITE (DE L');M;4574710.0;483768.0;690
43713;201500048578;15;5;15;720;1;2;1;1;3;388;MARYSE BASTIE;M;0.0;0.0;690
43714;201500048579;15;5;15;1435;1;2;2;2;3;386;96, GARIBALDI;;;;690
43715;201500048580;15;5;15;1750;1;2;3;3;3;259;., NOVY JICIN;M;4569010.0;489979.0;690
43716;201500048581;15;5;16;1430;1;2;2;1;3;259;., MARCEL CACHIN;;;;690
43717;201500048582;15;5;16;1540;1;2;1;1;6;388;22, ROCKEFELLER;M;0.0;0.0;690
43718;201500048583;15;5;16;300;5;2;2;1;3;387;., RAOUL SERVANT;;;;690
43719;201500048584;15;5;17;1040;1;2;1;1;6;386;VENDOME;;;;690
43720;201500048585;15;5;17;1330;1;2;1;1;1;388;8, ANTOINE LUMIERE;M;0.0;0.0;690
43721;201500048586;15;5;18;1716;1;2;1;1;3;388;58, FRERES LUMIERE (DES);;;;690
43722;201500048587;15;5;19;1130;1;2;2;1;3;387;., UNIVERSITE (DE L');M;4575340.0;483678.0;690
43723;201500048588;15;5;19;505;5;2;2;1;3;387;0, LECLERC;M;0.0;0.0;690
43724;201500048589;15;5;19;900;1;2;3;1;3;383;FEUILLAT;;;;690
43725;201500048590;15;5;19;1410;1;2;1;1;2;259;., JULES GUESDE;M;4571890.0;488725.0;690
43726;201500048591;15;5;20;1310;1;2;2;1;3;386;., CREQUI (DE);;;;690
43727;201500048592;15;5;20;1655;1;2;2;1;3;259;JODINO (DE);M;4571510.0;487880.0;690
43728;201500048593;15;5;20;1725;1;2;3;1;3;387;., ST JEAN DE DIEU;M;0.0;0.0;690
43729;201500048594;15;5;21;943;1;2;1;1;2;383;08, GAMBETTA;M;0.0;0.0;690
43730;201500048595;15;5;21;1725;1;2;2;1;3;387;., CREQUI (DE);M;0.0;0.0;690
43731;201500048596;15;5;21;2000;1;2;1;1;3;386;., GRANDE BRETAGNE (DE);M;4577320.0;485010.0;690
43732;201500048597;15;5;22;935;1;2;2;1;3;383;., GEORGES POMPIDOU;M;0.0;0.0;690
43733;201500048598;15;5;22;1230;1;2;1;1;6;386;12, MARECHAL DE SAXE;M;4575710.0;484018.0;690
43734;201500048599;15;5;22;1410;1;2;1;1;1;386;42BIS, SEZE (DE);M;0.0;0.0;690
43735;201500048600;15;5;22;1615;1;2;9;1;2;386;71, BARABAN;;;;690
43736;201500048601;15;5;22;1710;1;2;1;1;5;259;402, CHARLES DE GAULLE;;;;690
43737;201500048603;15;5;25;1945;1;2;1;1;2;386;109, GARIBALDI;M;0.0;0.0;690
43738;201500048604;15;5;26;1522;1;1;1;1;6;383;33, LAFAYETTE;;;;690
43739;201500048605;15;5;26;1750;1;1;1;1;6;259;43, INDUSTRIE (DE L');;;;690
43740;201500048606;15;5;28;1630;1;2;1;1;2;259;102, IRENE JOLIOT CURIE;;;;690
43741;201500048607;15;5;29;1755;1;2;1;1;2;383;31, MARECHAL DE SAXE;;;;690
43742;201500048608;15;5;30;345;5;2;1;1;6;388;., PROFESSEUR TAVERNIER;;;;690
43743;201500048610;15;5;31;115;5;2;2;1;3;388;136, FRERES LUMIERE (DES;M;0.0;0.0;690
43744;201500048611;15;5;31;305;5;2;1;1;1;276;., 312;;;;690
43745;201500048612;15;5;30;1;5;2;1;1;2;383;19, VICTOR AUGAGNEUR;M;0.0;0.0;690
43746;201500048613;15;6;1;845;1;2;1;1;6;383;11, DAUPHINE (DU);;;;690
43747;201500048614;15;6;1;1515;1;2;7;1;3;388;., JEAN MERMOZ;M;4573390.0;487703.0;690
43748;201500048615;15;6;3;1435;1;2;2;1;6;386;VENDOME;M;0.0;0.0;690
43749;201500048616;15;6;3;1700;1;2;2;1;6;388;80, FRERES LUMIERE (DES);M;0.0;0.0;690
43750;201500048617;15;6;3;1908;1;2;2;1;1;383;LAC (DU);;;;690
43751;201500048618;15;6;4;1005;1;2;1;1;6;387;45, JEAN JAURES;M;0.0;0.0;690
43752;201500048620;15;6;4;1710;1;2;2;1;6;383;14, MAURICE FLANDIN;M;0.0;0.0;690
43753;201500048622;15;6;7;1515;1;2;1;1;3;388;143, JEAN MERMOZ;M;0.0;0.0;690
43754;201500048623;15;6;7;1650;1;1;1;1;1;276;., 312;;;;690
43755;201500048624;15;6;7;2100;2;2;2;1;1;387;87, GERLAND (DE);M;0.0;0.0;690
43756;201500048625;15;6;8;950;1;2;2;1;3;386;., WALDECK ROUSSEAU;;;;690
43757;201500048626;15;6;8;1540;1;2;2;1;3;388;., ETATS UNIS (DES);;;;690
43758;201500048627;15;6;8;1910;1;2;1;1;3;388;40, HENRI BARBUSSE;M;0.0;0.0;690
43759;201500048628;15;6;9;1640;1;2;1;1;6;388;., VILLON (DE);M;4572650.0;487779.0;690
43760;201500048629;15;6;9;1725;1;2;1;1;3;383;45, MARIUS VIVIER MERLE;;;;690
43761;201500048630;15;6;9;1830;1;2;1;1;3;383;160, LAFAYETTE;M;4575320.0;484210.0;690
43762;201500048631;15;6;10;825;1;2;2;1;6;386;., KLEBER;M;0.0;0.0;690
43763;201500048632;15;6;10;1550;1;2;2;1;3;387;32, RAULIN;M;0.0;0.0;690
43764;201500048633;15;6;11;845;1;2;1;1;4;387;., TONY GARNIER;;;;690
43765;201500048634;15;6;11;1420;1;2;3;1;3;383;., MARECHAL DE SAXE;;;;690
43766;201500048635;15;6;11;1645;1;2;1;1;3;383;188, LAFAYETTE;;;;690
43767;201500048636;15;6;12;1825;1;2;2;2;3;386;., DUGUESCLIN;;;;690
43768;201500048638;15;6;10;1145;1;2;1;1;2;383;299, LAFAYETTE;;;;690
43769;201500048639;15;6;15;1545;1;2;2;1;3;386;84, BELGES (DES);M;0.0;0.0;690
43770;201500048640;15;6;16;930;1;2;2;1;3;387;24, ANDRE BOLLIER;M;4573550.0;482963.0;690
43771;201500048641;15;6;12;835;1;2;2;1;3;388;., PAUL CAZENEUVE;M;0.0;0.0;690
43772;201500048642;15;6;15;1650;1;2;2;1;6;387;., GERLAND (DE);M;0.0;0.0;690
43773;201500048643;15;6;17;1645;1;2;1;1;6;199;87, JEAN JAURES;M;4570920.0;485525.0;690
43774;201500048644;15;6;18;2130;5;2;1;1;2;388;101, VIENNE (DE);;;;690
43775;201500048645;15;6;19;120;5;2;1;2;3;387;22, MARSEILLE (DE);M;0.0;0.0;690
43776;201500048646;15;6;19;1215;1;2;1;1;3;386;157, STALINGRAD (DE);M;4577930.0;485717.0;690
43777;201500048647;15;6;20;920;1;2;1;1;3;383;., GEORGES POMPIDOU;;;;690
43778;201500048648;15;6;21;1830;1;2;1;1;6;199;37, CHARLES PLASSE;;;;690
43779;201500048649;15;6;22;1430;1;2;3;1;3;383;17, ST ANTOINE;;;;690
43780;201500048650;15;6;23;1125;1;2;1;1;3;383;79, MARIUS VIVIER MERLE;M;4575940.0;485119.0;690
43781;201500048651;15;6;23;1700;1;1;4;1;3;387;., JEAN JAURES;M;4573810.0;483021.0;690
43782;201500048652;15;6;23;1820;1;2;1;1;1;387;10, GAMBETTA;;;;690
43783;201500048653;15;6;24;1040;1;2;1;1;3;387;GAMBETTA;M;4574820.0;484711.0;690
43784;201500048654;15;6;24;1555;1;2;1;1;3;387;14, GAMBETTA;;;;690
43785;201500048655;15;6;24;1643;1;2;1;1;6;199;2, JEAN JAURES;M;4571390.0;485491.0;690
43786;201500048656;15;6;24;2050;2;2;1;1;1;388;24, HENRI BARBUSSE;M;0.0;0.0;690
43787;201500048657;15;6;26;715;1;2;1;1;3;387;15, YVES FARGES;;;;690
43788;201500048658;15;6;26;1430;1;2;2;1;1;388;JEAN MERMOZ;M;0.0;0.0;690
43789;201500048659;15;6;26;1906;1;2;2;1;6;386;CREQUI (DE);;;;690
43790;201500048660;15;6;26;2140;5;1;2;1;3;199;8, PASTEUR;M;4570760.0;485631.0;690
43791;201500048661;15;6;27;2158;5;2;3;1;3;199;CARNOT;;;;690
43792;201500048662;15;6;27;643;5;2;3;1;1;386;., LAFAYETTE;;;;690
43793;201500048663;15;6;28;1030;1;2;1;1;3;386;TETE D'OR (DE LA);;;;690
43794;201500048664;15;6;28;2055;2;2;1;1;2;388;136, FRERES LUMIERE (DES;;;;690
43795;201500048665;15;6;28;1955;1;2;2;1;6;383;156, GAMBETTA;M;0.0;0.0;690
43796;201500048666;15;6;29;1225;1;2;3;1;3;388;SANTOS DUMONT;M;4573950.0;486221.0;690
43797;201500048667;15;6;30;946;1;2;2;1;3;387;23, RAOUL SERVANT;M;0.0;0.0;690
43798;201500048668;15;6;30;1455;1;2;1;1;3;388;61, PIERRE DELORE;;;;690
43799;201500048670;15;7;1;2145;2;2;2;1;3;387;76, RACHAIS;M;0.0;0.0;690
43800;201500048671;15;7;2;855;1;2;1;1;3;383;GEORGES POMPIDOU;;;;690
43801;201500048672;15;7;2;1050;1;2;1;1;3;259;300, VIENNE (DE);;;;690
43802;201500048673;15;7;1;1530;1;2;1;1;6;388;93, VILLON (DE);;;;690
43803;201500048674;15;7;2;1130;1;2;1;1;2;383;25, ALBERT THOMAS;;;;690
43804;201500048676;15;6;30;1110;1;2;3;1;3;386;LAFAYETTE;;;;690
43805;201500048677;15;7;3;1210;1;2;1;1;6;386;60, VAUBAN;;;;690
43806;201500048678;15;7;3;1830;1;2;3;7;3;387;1, CLAUDE BERNARD;M;0.0;0.0;690
43807;201500048680;15;7;4;2135;1;2;1;1;4;383;FELIX FAURE;;;;690
43808;201500048681;15;7;4;1900;1;2;2;1;6;259;DOCTEUR GEORGES LEVY (DU;;;;690
43809;201500048682;15;7;5;1045;1;2;2;1;3;387;., TONY GARNIER;M;0.0;0.0;690
43810;201500048683;15;7;6;1000;1;2;1;1;3;383;66, BONNEL (DE);M;0.0;0.0;690
43811;201500048684;15;7;6;1625;1;2;1;1;2;383;95, PINEL;;;;690
43812;201500048685;15;7;6;1940;1;2;2;1;3;388;, JEAN SARRAZIN;M;0.0;0.0;690
43813;201500048686;15;6;26;1420;1;2;2;1;3;383;., MARIUS VIVIER MERLE;M;0.0;0.0;690
43814;201500048687;15;7;7;2050;2;2;1;1;7;388;82, ETATS UNIS (DES);;;;690
43815;201500048688;15;7;8;950;1;2;1;1;1;386;16, GENERAL SARRAIL (DU);;;;690
43816;201500048691;15;7;8;1815;1;1;1;1;1;383;301, LAFAYETTE;;;;690
43817;201500048692;15;7;8;1840;1;2;1;1;3;388;., VIVIANI;M;0.0;0.0;690
43818;201500048694;15;7;9;1115;1;2;2;1;3;259;IRENE JOLIOT CURIE;;;;690
43819;201500048695;15;7;9;1720;1;2;1;1;6;259;116, PROFESSEUR ROUX (DU;;;;690
43820;201500048696;15;7;9;1750;1;2;1;1;6;259;LENINE;;;;690
43821;201500048697;15;7;9;2007;1;1;1;1;6;199;47, ARSENAL (DE L');;;;690
43822;201500048698;15;7;9;2115;2;2;1;1;1;388;., EPARGNE (DE L');;;;690
43823;201500048699;15;7;9;1645;1;2;1;1;6;388;ALBERT THOMAS;M;4574160.0;484916.0;690
43824;201500048700;15;7;10;1705;1;2;2;1;3;383;80, EUGENIE;M;0.0;0.0;690
43825;201500048701;15;7;11;750;1;2;2;1;3;383;VENDOME;M;0.0;0.0;690
43826;201500048702;15;7;12;1530;1;2;1;1;6;199;JEAN JAURES;M;4571200.0;485482.0;690
43827;201500048703;15;7;15;905;1;2;2;1;3;383;230, ANDRE PHILIP;M;0.0;0.0;690
43828;201500048704;15;7;15;2300;5;2;2;1;3;388;15, JACQUELINE AURIOL;M;0.0;0.0;690
43829;201500048705;15;7;16;1630;1;2;2;1;3;383;GAMBETTA;M;0.0;0.0;690
43830;201500048706;15;7;17;150;5;2;2;1;2;259;., JEAN CAGNE;M;4569930.0;486108.0;690
43831;201500048707;15;7;17;1220;1;2;1;1;6;259;., BALMES (DES);;;;690
43832;201500048708;15;7;18;1145;1;2;1;1;1;386;13, BROTTEAUX (DES);M;0.0;0.0;690
43833;201500048710;15;7;18;1935;1;2;1;1;6;387;., CHAMBAUD DE LA BRUYER;;;;690
43834;201500048711;15;7;20;745;1;2;3;1;3;383;VICTOR AUGAGNEUR;;;;690
43835;201500048712;15;7;4;2245;5;2;2;1;3;386;1, BROTTEAUX (DES);M;0.0;0.0;690
43836;201500048713;15;7;20;1855;1;2;1;1;6;199;30, CARNOT;;;;690
43837;201500048715;15;7;21;2228;5;2;1;1;3;387;4, GAMBETTA;M;0.0;0.0;690
43838;201500048716;15;7;21;1640;1;2;1;1;3;388;., EDMOND MICHELET;M;4573420.0;487251.0;690
43839;201500048717;15;7;23;2300;5;2;2;1;1;387;38, GAMBETTA;M;0.0;0.0;690
43840;201500048718;15;7;23;1140;1;2;2;1;3;387;., CHALLEMEL LACOUR;M;0.0;0.0;690
43841;201500048719;15;7;24;1050;1;2;2;1;3;383;., LAFAYETTE;M;0.0;0.0;690
43842;201500048720;15;7;23;1800;1;2;1;1;6;383;25, ROCKEFELLER;;;;690
43843;201500048721;15;7;25;1800;1;2;2;1;3;387;7, CLAUDE BERNARD;;;;690
43844;201500048722;15;7;25;2215;3;2;1;1;3;259;AMBROISE CROIZAT;;;;690
43845;201500048723;15;7;25;1115;1;2;2;1;5;388;CROIX BARRET (DE LA);M;0.0;0.0;690
43846;201500048724;15;7;20;2215;5;2;1;1;2;386;69, VITTON;;;;690
43847;201500048725;15;7;28;1100;1;2;1;1;6;387;60, JEAN JAURES;M;0.0;0.0;690
43848;201500048726;15;7;29;550;1;2;1;1;6;383;265, CREQUI (DE);;;;690
43849;201500048727;15;7;31;1710;1;2;2;1;3;383;., PAUL BERT;;;;690
43850;201500048728;15;8;2;1220;1;2;2;1;3;383;BELLECOMBE (DE);;;;690
43851;201500048729;15;8;3;1820;1;2;2;1;3;387;TOURVILLE (DE);;;;690
43852;201500048730;15;8;4;1630;1;2;1;1;6;276;CLAUDIUS BERRY;M;4566590.0;484914.0;690
43853;201500048731;15;8;5;950;1;2;1;1;1;259;., LYONNAIS (DU);;;;690
43854;201500048732;15;8;5;1240;1;2;1;1;6;383;VICTOR AUGAGNEUR;;;;690
43855;201500048733;15;8;5;2220;5;2;1;1;6;387;16 BIS, JEAN FRANCOIS RA;;;;690
43856;201500048734;15;8;5;1800;1;2;1;1;3;387;361, GARIBALDI;;;;690
43857;201500048735;15;8;6;1625;1;2;1;1;6;259;., ANDRE SENTUC;;;;690
43858;201500048737;15;8;9;1015;1;2;2;1;6;388;ALOUETTES;M;0.0;0.0;690
43859;201500048738;15;8;11;1600;1;2;2;1;3;383;LOUIS;;;;690
43860;201500048739;15;8;2;2000;2;2;1;1;7;383;236, LAFAYETTE;M;4575390.0;484623.0;690
43861;201500048740;15;8;12;1315;1;2;1;1;1;259;AMBROISE CROIZAT;;;;690
43862;201500048741;15;8;13;1650;1;2;1;2;3;259;FRERES LOUIS ET EMILE BE;;;;690
43863;201500048742;15;8;13;1746;1;1;1;1;3;386;CHARLES DE GAULLE;;;;690
43864;201500048743;15;8;13;1845;1;2;2;1;3;388;JEAN MERMOZ;M;0.0;0.0;690
43865;201500048744;15;8;14;745;1;2;2;1;3;388;PAUL SANTY;M;4572400.0;488297.0;690
43866;201500048745;15;8;14;1800;1;2;1;1;3;387;6, GAMBETTA;;;;690