;Num_Acc;an;mois;jour;hrmn;lum;agg;int;atm;col;com;adr;gps;lat;long;dep
43867;201500048746;15;8;15;2205;5;2;1;1;5;386;BROTTEAUX (DES);M;4575580.0;486770.0;690
43868;201500048747;15;8;16;430;5;2;2;1;3;388;HENRI BARBUSSE;;;;690
43869;201500048748;15;8;16;1045;1;2;3;1;3;276;14, VENISSIEUX (DE);;;;690
43870;201500048749;15;8;17;850;1;2;1;1;7;388;24, ROCKEFELLER;M;4573650.0;488324.0;690
43871;201500048750;15;8;17;1700;1;2;2;1;3;388;., EPARGNE (DE L');;;;690
43872;201500048751;15;8;18;1140;1;2;1;1;6;199;PAUL BERT;M;4570980.0;485732.0;690
43873;201500048753;15;8;20;1855;1;2;1;1;6;386;VAUBAN;;;;690
43874;201500048754;15;8;21;1610;1;2;1;1;1;383;89, PENSIONNAT (DU);;;;690
43875;201500048755;15;8;22;1615;1;2;3;1;3;388;HENRI BARBUSSE;M;4573260.0;485649.0;690
43876;201500048756;15;8;23;1535;1;2;2;1;3;388;JEAN XXIII;;;;690
43877;201500048757;15;8;24;910;1;2;1;1;6;386;93, VITTON;;;;690
43878;201500048758;15;8;25;1040;1;2;2;1;1;388;VIENNE (DE);;;;690
43879;201500048759;15;8;25;1050;1;2;2;1;7;387;JEAN JAURES;M;4574889.0;484409.0;690
43880;201500048760;15;8;25;1745;1;2;1;1;2;383;94, SERVIENT;;;;690
43881;201500048761;15;8;25;1740;1;2;2;1;3;387;REPOS (DU);M;4573790.0;486352.0;690
43882;201500048762;15;8;26;1535;1;2;2;1;3;383;ST ANTOINE;;;;690
43883;201500048763;15;8;27;1715;1;2;2;1;6;387;., TONY GARNIER;;;;690
43884;201500048764;15;8;28;800;1;1;1;1;3;388;PROFESSEUR CALMETTE (DU);;;;690
43885;201500048766;15;8;31;825;1;2;1;1;6;388;138, CHALLEMEL LACOUR;;;;690
43886;201500048767;15;8;31;1055;1;2;1;1;6;383;28, VICTOR AUGAGNEUR;;;;690
43887;201500048768;15;8;31;1220;1;2;2;1;3;386;., DUGUESCLIN  (R);M;0.0;0.0;690
43888;201500048769;15;8;31;1700;1;2;1;1;4;388;117, ALBERT THOMAS;;;;690
43889;201500048770;15;9;1;1025;1;2;1;1;6;386;47, MARECHAL DE SAXE;;;;690
43890;201500048771;15;9;1;1340;1;2;3;2;3;387;ST MICHEL;M;4575090.0;483759.0;690
43891;201500048772;15;9;2;750;1;2;1;1;3;388;1, EDMOND MICHELET;M;0.0;0.0;690
43892;201500048773;15;9;3;1715;1;2;1;1;6;199;10, GABRIEL PERI;;;;690
43893;201500048774;15;9;4;1850;1;2;2;1;6;387;., UNIVERSITE (DE L');M;0.0;0.0;690
43894;201500048775;15;9;6;1910;1;2;1;1;3;388;75, PIERRE DELORE;M;0.0;0.0;690
43895;201500048776;15;9;7;135;5;2;1;1;2;383;67, MARIUS VIVIER MERLE;M;4575590.0;484285.0;690
43896;201500048778;15;9;8;1414;1;2;2;1;3;259;., MARCEL HOUEL;;;;690
43897;201500048779;15;9;8;1705;1;2;1;1;2;383;SERVIENT;;;;690
43898;201500048781;15;9;9;745;2;2;1;1;6;388;ETATS UNIS (DES);M;4573080.0;486961.0;690
43899;201500048782;15;9;9;1355;1;2;3;1;6;383;., PAUL BERT;M;4574580.0;484768.0;690
43900;201500048784;15;9;11;1950;5;2;1;1;1;388;178, VIENNE (DE);M;0.0;0.0;690
43901;201500048785;15;9;12;1600;1;2;1;2;4;259;75, AMBROISE CROIZAT;;;;690
43902;201500048786;15;9;14;1530;1;2;2;1;2;388;., MARIUS BERLIET;M;4573440.0;486629.0;690
43903;201500048787;15;9;15;1433;1;2;3;8;3;388;ANTOINE LUMIERE;;;;690
43904;201500048789;15;9;17;820;1;2;1;3;3;388;10, ETATS UNIS (DES);;;;690
43905;201500048790;15;9;16;1210;1;2;2;6;3;386;99, BELGES (DES);;;;690
43906;201500048791;15;9;3;2105;5;2;1;1;6;387;., GAMBETTA;;;;690
43907;201500048792;15;9;18;1800;1;2;2;1;2;388;EDMOND MICHELET;M;0.0;0.0;690
43908;201500048793;15;9;19;2230;5;2;1;1;6;259;16, JEAN CAGNE;M;4569100.0;487775.0;690
43909;201500048795;15;9;20;1050;1;2;1;1;3;383;179, RICHARD VITTON;;;;690
43910;201500048796;15;9;20;2020;5;2;1;1;3;259;108, JULES GUESDE;;;;690
43911;201500048797;15;9;21;1723;1;2;1;1;6;388;139, PINEL;;;;690
43912;201500048798;15;9;21;1950;2;2;3;1;1;259;., ALBERT EINSTEIN;M;4569678.0;487684.0;690
43913;201500048799;15;9;23;1530;1;2;1;1;3;199;JEAN JAURES;;;;690
43914;201500048800;15;9;23;1815;1;2;2;1;6;259;., MAURICE RAVEL;;;;690
43915;201500048802;15;9;24;945;1;2;3;1;1;383;FELIX FAURE;;;;690
43916;201500048803;15;9;23;1900;1;2;1;8;6;388;BERTY ALBRECHT;M;0.0;0.0;690
43917;201500048804;15;9;24;1810;1;2;1;1;6;199;94, JEAN JAURES;;;;690
43918;201500048805;15;9;26;2107;5;2;1;1;6;383;43, MARIUS VIVIER MERLE;M;0.0;0.0;690
43919;201500048806;15;9;27;2240;5;2;1;1;3;383;1, LAC (DU);;;;690
43920;201500048807;15;9;28;1420;1;2;2;1;3;383;., CHATEAU (DU);;;;690
43921;201500048808;15;9;28;1855;1;2;1;7;6;199;NOEL DESCORMES;M;4570560.0;485818.0;690
43922;201500048809;15;9;28;1940;3;2;1;1;3;383;116, DAUPHINE (DU);;;;690
43923;201500048810;15;9;29;1650;1;2;1;1;6;383;155, LACASSAGNE;;;;690
43924;201500048811;15;9;29;2010;4;2;1;1;3;259;103, IRENE JOLIOT CURIE;;;;690
43925;201500048812;15;9;30;1330;1;2;1;1;6;259;., LEON SUBLET;;;;690
43926;201500048813;15;9;30;1950;5;2;1;1;3;386;., GARIBALDI;;;;690
43927;201500048814;15;10;1;1154;1;2;1;1;3;383;DOCTEUR BOUCHUT (DU);M;0.0;0.0;690
43928;201500048815;15;10;1;1300;1;2;1;1;6;387;6, DEPERET;M;4575230.0;483968.0;690
43929;201500048816;15;10;2;1300;1;2;2;1;3;259;., JACQUES DUCLOS;;;;690
43930;201500048817;15;10;2;2225;5;2;2;1;3;387;JEAN JAURES;M;0.0;0.0;690
43931;201500048819;15;10;3;1245;1;2;1;2;6;386;28, JULES FAVRE;;;;690
43932;201500048820;15;10;3;1830;1;2;3;3;6;387;PRE GAUDRY;M;0.0;0.0;690
43933;201500048821;15;10;5;1400;1;2;2;1;4;387;MARSEILLE (DE);M;0.0;0.0;690
43934;201500048822;15;10;6;915;1;2;3;2;3;199;43, CARNOT;;;;690
43935;201500048823;15;10;6;2005;5;2;1;2;2;259;20, LENINE;;;;690
43936;201500048824;15;10;7;805;1;2;2;1;6;383;77, PROFESSEUR ROCHAIX (;;;;690
43937;201500048825;15;10;7;745;2;2;2;1;6;383;., CLAUDIUS PIONCHON;;;;690
43938;201500048826;15;10;7;825;1;2;2;1;3;388;., VIVIANI;;;;690
43939;201500048827;15;10;7;1840;1;2;2;1;3;387;., SEBASTIEN GRYPHE;;;;690
43940;201500048828;15;10;7;1615;1;2;3;1;3;387;., TONY GARNIER;M;4572784.0;482399.0;690
43941;201500048830;15;10;7;2020;5;2;1;1;3;388;109, VIENNE (DE);M;4573040.0;485066.0;690
43942;201500048831;15;10;8;1630;1;2;2;1;6;388;ST MAURICE;M;4573230.0;487120.0;690
43943;201500048833;15;10;9;1255;1;2;1;1;2;387;24, YVES FARGES;M;0.0;0.0;690
43944;201500048834;15;10;9;1415;1;2;2;1;6;386;., VERGUIN;;;;690
43945;201500048835;15;10;6;1145;1;2;2;3;6;387;JEAN JAURES;M;0.0;0.0;690
43946;201500048836;15;10;9;1455;1;2;2;1;3;388;., AMBROISE PARE;;;;690
43947;201500048837;15;10;10;905;1;2;1;1;1;199;85, YVES FARGE;;;;690
43948;201500048838;15;10;11;10;5;2;2;1;6;199;PARMENTIER;M;4570590.0;486156.0;690
43949;201500048839;15;10;11;112;5;2;2;1;2;383;308, LAFAYETTE;;;;690
43950;201500048840;15;10;11;1325;1;2;1;1;3;388;1, CATHERINE FAVRE;M;0.0;0.0;690
43951;201500048841;15;10;11;1358;1;2;2;1;3;387;., MARC BLOCH;M;4573550.0;484193.0;690
43952;201500048842;15;10;11;30;5;2;1;1;2;386;5, GRANDE BRETAGNE (DE);M;4577560.0;484910.0;690
43953;201500048843;15;10;11;2230;5;2;3;1;3;388;., SEIGNEMARTIN;;;;690
43954;201500048844;15;10;12;910;1;2;2;1;3;383;256, PAUL BERT;;;;690
43955;201500048845;15;10;12;1645;1;2;1;1;3;386;., JULES FERRY;;;;690
43956;201500048846;15;10;12;1630;1;2;2;1;3;388;112, ALBERT THOMAS;M;0.0;0.0;690
43957;201500048847;15;10;13;1655;1;2;1;8;5;259;., ALBERT EINSTEIN;;;;690
43958;201500048848;15;10;13;1830;1;2;2;8;6;383;60, GAMBETTA;;;;690
43959;201500048849;15;10;13;1915;5;2;2;1;3;387;., LOUIS DANSARD;M;4575381.0;484409.0;690
43960;201500048851;15;10;15;1200;1;2;1;1;6;383;., PAUL BERT;M;4574790.0;484893.0;690
43961;201500048852;15;10;16;1520;1;2;2;1;3;259;., AMBROISE CROIZAT;;;;690
43962;201500048853;15;10;16;1635;1;2;1;1;6;383;45, LIBERTE (DE LA);;;;690
43963;201500048854;15;10;16;1630;1;2;1;1;1;388;3, BATAILLE;;;;690
43964;201500048855;15;10;17;1510;1;2;1;1;1;388;358, VIENNE (DE);M;0.0;0.0;690
43965;201500048856;15;10;18;630;5;2;2;1;6;387;., GALLIENI;M;4574790.0;483835.0;690
43966;201500048857;15;10;18;1530;1;2;1;1;6;386;., GARIBALDI;;;;690
43967;201500048858;15;10;18;1655;1;2;2;1;3;386;., VIABERT (DE LA);;;;690
43968;201500048859;15;10;19;1240;1;2;2;1;3;259;., MARCEL CACHIN;;;;690
43969;201500048860;15;10;19;1400;1;2;2;1;3;386;., VENDOME;;;;690
43970;201500048861;15;10;20;1948;2;2;1;1;6;259;89, FRANCIS DE PRESSENSE;;;;690
43971;201500048862;15;10;19;1940;2;2;1;1;2;388;9, FRERES LUMIERE (DES);M;4573970.0;486819.0;690
43972;201500048863;15;10;21;845;1;2;3;1;3;199;., CARNOT;;;;690
43973;201500048864;15;10;22;1640;1;2;2;1;2;387;371, GARIBALDI;M;0.0;0.0;690
43974;201500048865;15;10;23;815;1;2;2;1;3;259;., VAILLANT COUTURIER;;;;690
43975;201500048867;15;10;23;1930;5;2;1;1;4;387;56, CHEVREUL;M;0.0;0.0;690
43976;201500048868;15;10;24;1844;2;2;1;1;3;199;., CARNOT;;;;690
43977;201500048869;15;10;25;410;5;2;1;1;2;387;., TONY GARNIER;M;0.0;0.0;690
43978;201500048870;15;10;28;1458;1;2;1;3;3;387;198, JEAN JAURES;M;0.0;0.0;690
43979;201500048871;15;10;28;1950;2;2;1;2;3;383;., VICTOR AUGAGNEUR;;;;690
43980;201500048872;15;10;29;1815;2;2;1;1;3;383;., MARIUS VIVIER MERLE;;;;690
43981;201500048873;15;10;30;1340;1;2;1;1;4;259;44, PARMENTIER;M;4570120.0;488996.0;690
43982;201500048874;15;10;31;1350;1;2;2;1;3;383;300, PAUL BERT;M;0.0;0.0;690
43983;201500048875;15;11;1;705;1;2;1;5;6;259;6, 19 MARS 1962 (DU);;;;690
43984;201500048876;15;11;2;803;1;2;1;5;4;259;20, IRENE JOLIOT CURIE;;;;690
43985;201500048878;15;11;2;1345;1;2;1;1;1;383;., MARTYRS DE LA RESISTA;;;;690
43986;201500048879;15;11;2;1425;1;2;2;1;3;387;33, YVES FARGES;M;0.0;0.0;690
43987;201500048880;15;11;2;1615;1;2;2;1;3;383;., LACASSAGNE;;;;690
43988;201500048881;15;11;3;730;2;2;1;1;1;383;GEORGES POMPIDOU;M;0.0;0.0;690
43989;201500048882;15;11;3;1000;1;2;3;1;1;388;., AMBROISE COURTOIS;;;;690
43990;201500048884;15;11;3;1555;1;2;2;1;6;387;52, CHEVREUL;M;0.0;0.0;690
43991;201500048885;15;11;3;2215;5;2;1;1;6;387;., LECLERC;;;;690
43992;201500048886;15;11;4;920;1;2;1;1;3;383;GAMBETTA;;;;690
43993;201500048887;15;11;4;1645;1;2;1;8;4;259;37, PAUL BERT;M;4570097.0;488869.0;690
43994;201500048888;15;11;5;1035;1;2;1;1;6;383;49, LACASSAGNE;;;;690
43995;201500048889;15;11;5;1040;1;2;1;1;6;387;65, YVES FARGES;M;0.0;0.0;690
43996;201500048890;15;11;5;1415;1;2;3;1;6;259;18, GABRIEL FAURE;;;;690
43997;201500048891;15;11;5;1820;5;2;9;1;6;383;CREQUI (DE);;;;690
43998;201500048892;15;11;6;1730;2;2;1;1;6;388;44, TUILIERS (DES);;;;690
43999;201500048893;15;11;7;521;5;2;2;1;3;388;JEAN XXIII;M;0.0;0.0;690
44000;201500048894;15;11;6;1650;1;2;1;1;4;388;108, PROFESSEUR BEAUVISA;M;4573370.0;487852.0;690
44001;201500048895;15;11;7;640;5;2;1;1;6;387;34, VIVIER (DU);M;0.0;0.0;690
44002;201500048896;15;11;7;1715;2;2;2;1;6;388;BATAILLE;M;4574760.0;488152.0;690
44003;201500048897;15;11;8;225;5;2;1;1;2;387;LECLERC;M;4573520.0;482876.0;690
44004;201500048898;15;11;9;1650;1;2;1;1;6;388;22, PROFESSEUR TAVERNIER;;;;690
44005;201500048899;15;11;4;1140;1;2;1;2;6;259;44, AMBROISE CROIZAT;M;4570000.0;488333.0;690
44006;201500048900;15;11;10;1345;1;2;2;1;3;386;SEZE (DE);;;;690
44007;201500048901;15;11;11;115;5;2;2;1;3;386;JULES FAVRE;;;;690
44008;201500048902;15;11;11;2110;5;2;1;1;6;386;23, ANATOLE FRANCE;;;;690
44009;201500048903;15;11;12;1330;1;2;1;1;6;388;13, VIVIANI;M;0.0;0.0;690
44010;201500048904;15;11;13;805;1;2;1;1;6;383;294, LAFAYETTE;;;;690
44011;201500048905;15;11;13;955;1;1;1;1;6;388;12, ROCKEFELLER;M;0.0;0.0;690
44012;201500048906;15;11;13;2045;5;2;1;1;3;388;ALOUETTES;;;;690
44013;201500048907;15;11;14;1110;1;2;1;1;6;388;89, FRERES LUMIERE (DES);M;4573900.0;486687.0;690
44014;201500048910;15;11;16;930;1;2;1;1;3;383;30, VICTOR AUGAGNEUR;M;4575740.0;484070.0;690
44015;201500048911;15;11;16;1400;1;2;2;1;2;388;112, ETATS UNIS (DES);M;0.0;0.0;690
44016;201500048912;15;11;16;1530;1;2;1;1;3;259;SAVOIES (DES);;;;690
44017;201500048913;15;11;16;2245;5;2;1;1;2;387;DEBOURG;;;;690
44018;201500048914;15;10;6;1100;1;2;2;3;6;386;5, SEZE (DE);M;4577150.0;485450.0;690
44019;201500048915;15;11;17;850;1;2;2;1;3;388;FRANCIS DE PRESSENSE;;;;690
44020;201500048916;15;11;17;845;1;2;1;1;6;383;VILLETTE (DE LA);;;;690
44021;201500048918;15;11;18;810;1;2;1;1;6;259;2, IRENE JOLIOT CURIE;M;4572220.0;487253.0;690
44022;201500048919;15;11;18;930;1;2;1;1;4;259;57, REPUBLIQUE (DE LA);;;;690
44023;201500048920;15;11;20;1830;5;2;1;1;1;383;68, GAMBETTA;;;;690
44024;201500048922;15;11;21;2047;5;1;1;9;6;259;, IRENE JOLIOT CURIE;M;4572200.0;487420.0;690
44025;201500048924;15;11;24;1910;5;2;1;1;6;259;JULES GRANDCLEMENT;;;;690
44026;201500048925;15;11;25;845;1;2;1;2;3;383;GAMBETTA;;;;690
44027;201500048928;15;11;26;1430;1;2;2;8;3;383;SERVIENT;;;;690
44028;201500048929;15;11;26;1750;5;2;1;2;5;383;MARIUS VIVIER MERLE;;;;690
44029;201500048930;15;11;27;853;1;2;2;1;6;199;CHARLES PLASSE;;;;690
44030;201500048931;15;11;28;20;5;2;1;1;7;387;55, TONY GARNIER;;;;690
44031;201500048932;15;11;27;1810;5;2;1;1;6;386;90, BELGES (DES);;;;690
44032;201500048933;15;11;28;945;1;2;2;2;3;386;70, BELLECOMBE (DE);;;;690
44033;201500048935;15;11;30;700;5;2;1;1;6;383;2, LACASSAGNE;;;;690
44034;201500048936;15;11;27;1540;1;2;3;1;3;388;ANDRE LATARJET;;;;690
44035;201500048937;15;11;30;1310;1;2;1;1;6;386;BROTTEAUX (DES);;;;690
44036;201500048938;15;12;1;2300;5;2;2;1;3;387;PARMENTIER;M;4573730.0;484434.0;690
44037;201500048939;15;12;2;715;5;2;1;1;6;386;LAFAYETTE;;;;690
44038;201500048940;15;12;2;1200;1;2;3;1;3;387;6, CROIX BARRET (DE LA);;;;690
44039;201500048941;15;11;20;1010;1;2;2;1;3;259;0, EUGENE PELOUX;;;;690
44040;201500048942;15;12;3;815;1;2;1;1;4;259;12, IRENE JOLIOT CURIE;;;;690
44041;201500048943;15;12;6;205;3;2;1;1;6;276;VIENNE (DE);;;;690
44042;201500048944;15;12;6;1820;5;2;1;1;6;387;94, DEBOURG;M;4572850.0;483225.0;690
44043;201500048945;15;12;7;1300;1;2;1;1;4;388;123, CHALLEMEL LACOUR;;;;690
44044;201500048946;15;12;8;705;5;2;2;1;6;383;161, LACASSAGNE;;;;690
44045;201500048947;15;12;8;1130;1;2;9;1;6;259;IRENE JOLIOT CURIE;;;;690
44046;201500048948;15;12;8;1830;5;2;1;1;3;383;DOCTEUR BOUCHUT (DU);;;;690
44047;201500048949;15;12;9;1525;1;2;2;1;6;388;63, FRERES LUMIERE (DES);;;;690
44048;201500048950;15;12;11;2110;5;2;1;1;3;387;GERLAND (DE);;;;690
44049;201500048951;15;12;12;750;1;2;1;1;6;259;MARCEL CACHIN;;;;690
44050;201500048952;15;12;12;930;1;2;2;1;1;259;FRANCIS DE PRESSENSE;;;;690
44051;201500048953;15;12;12;1905;5;2;1;1;3;388;ETATS UNIS (DES);;;;690
44052;201500048954;15;12;12;1115;1;2;1;1;2;259;233, PINEL;M;4572410.0;488859.0;690
44053;201500048955;15;12;13;1500;1;2;3;1;6;259;FRANCIS DE PRESSENSE;;;;690
44054;201500048956;15;12;13;2345;5;2;1;1;3;383;VILLETTE (DE LA);M;4576364.0;486217.0;690
44055;201500048957;15;12;9;1120;1;2;2;1;3;387;102, JEAN JAURES;M;4574370.0;484094.0;690
44056;201500048958;15;12;14;950;1;2;2;1;3;276;MAIRIE (DE LA);;;;690
44057;201500048960;15;12;16;1030;1;2;1;1;3;383;05, CHATEAU (DU);;;;690
44058;201500048961;15;12;11;930;1;2;1;1;6;259;96, FRANCIS DE PRESSENSE;;;;690
44059;201500048962;15;12;16;1530;1;2;3;1;3;386;66, MONTGOLFIER;;;;690
44060;201500048963;15;12;17;1650;2;2;2;1;2;383;47, GAMBETTA;;;;690
44061;201500048964;15;12;17;2030;5;2;1;1;3;383;LACASSAGNE;M;4574837.0;487954.0;690
44062;201500048965;15;12;18;150;5;2;2;1;1;387;174, GERLAND (DE);M;0.0;0.0;690
44063;201500048967;15;12;20;1500;1;1;2;1;6;388;82, JEAN SARRAZIN;;;;690
44064;201500048968;15;12;13;305;5;2;5;1;3;386;., LOUIS BLANC;;;;690
44065;201500048969;15;12;22;1215;1;2;2;1;3;387;., UNIVERSITE (DE L');;;;690
44066;201500048970;15;12;22;1350;1;2;1;1;6;383;31, VICTOR AUGAGNEUR;;;;690
44067;201500048971;15;12;22;1500;1;2;2;1;4;388;PIERRE DELORE;;;;690
44068;201500048972;15;12;22;1500;1;2;1;1;4;388;48, ROCKEFELLER;;;;690
44069;201500048973;15;12;22;1735;5;2;1;1;1;387;28, GIRONDINS (DES);;;;690
44070;201500048974;15;12;23;1115;1;2;1;1;6;383;DAUPHINE (DU);;;;690
44071;201500048975;15;12;22;1900;5;2;1;1;6;259;136, IRENE JOLIOT CURIE;M;4571569.0;487811.0;690
44072;201500048976;15;12;23;1610;1;2;1;1;6;388;26, HENRI BARBUSSE;;;;690
44073;201500048977;15;12;25;1815;5;2;1;1;3;388;52, EPARGNE (DE L');;;;690
44074;201500048978;15;12;22;1100;1;2;2;1;3;388;47, JEAN SARRAZIN;M;0.0;0.0;690
44075;201500048979;15;12;27;110;5;2;1;1;6;387;18, GAMBETTA;M;4573870.0;484113.0;690
44076;201500048980;15;12;26;1215;1;2;1;1;3;259;IRENE JOLIOT CURIE;;;;690
44077;201500048981;15;12;30;1545;1;2;2;1;3;387;, MARIE MADELEINE FOURCA;;;;690
44078;201500048982;15;12;31;1400;1;2;1;1;3;383;, PAUL BERT;;;;690
44079;201500048985;15;2;9;1030;1;2;1;1;6;384;RUE CHAZIERE;;;;690
44080;201500048986;15;2;10;1540;1;2;1;1;6;384;14, RUE HERMANN SABRAN;;;;690
44081;201500048988;15;2;24;2250;5;2;1;9;6;384;18, COURS D HERBOUVILLE;;;;690
44082;201500048989;15;1;4;1745;1;1;1;1;6;249;ROCADE A 630;M;4488481.0;-51529.0;330
44083;201500048990;15;1;5;405;3;1;1;1;6;90;AUTOROUTE A 63;M;4477159.0;-65897.0;330
44084;201500048991;15;1;6;810;2;1;1;1;4;318;ROCADE A 630;M;4478831.0;-62960.0;330
44085;201500048992;15;1;6;815;3;1;1;1;4;318;ROCADE A 630;M;4478885.0;-62299.0;330
44086;201500048993;15;1;6;1205;1;1;1;2;6;167;ROUTE NATIONALE 230;M;4482423.0;-51092.0;330
44087;201500048994;15;12;22;1835;5;1;1;1;1;550;ROCADE A 630;M;4477999.0;-57595.0;330
44088;201500048995;15;1;10;610;3;1;1;2;6;65;ROUTE NATIONALE 230;M;4481679.0;-52074.0;330
44089;201500048996;15;12;22;1520;1;1;1;1;6;122;AUTOROUTE A 63;M;4474179.0;-70900.0;330
44090;201500048997;15;1;11;1320;1;1;1;1;6;318;ROCADE A 630;M;4478967.0;-64578.0;330
44091;201500048998;15;12;26;1858;3;1;1;1;2;397;AUTOROUTE A 10;M;4491669.0;-47751.0;330
44092;201500048999;15;12;30;1500;1;1;1;1;2;249;AUTOROUTE A 10;M;4488706.0;-50616.0;330
44093;201500049001;15;1;15;1920;3;1;1;2;6;192;ROCADE A 630;M;4478935.0;-61687.0;330
44094;201500049002;15;1;17;1545;1;1;1;2;5;63;ROCADE A 630;M;4488244.0;-55014.0;330
44095;201500049003;15;1;19;750;4;1;1;2;6;39;ROCADE A 631;M;4481429.0;-53534.0;330
44096;201500049004;15;1;19;1610;1;1;1;2;6;249;ROCADE A 630;M;4488481.0;-51525.0;330
44097;201500049005;15;1;19;1645;1;1;1;2;6;249;ROCADE A 630;M;4488481.0;-51525.0;330
44098;201500049006;15;1;19;2000;3;1;1;2;5;249;ROCADE A 630;M;4488481.0;-51525.0;330
44099;201500049008;15;1;21;835;1;1;1;2;6;162;ROCADE A 630;M;4487448.0;-63678.0;330
44100;201500049009;15;1;22;1635;1;1;1;1;6;550;AUTOROUTE A 62;M;4475930.0;-54647.0;330
44101;201500049010;15;1;24;1635;1;1;1;2;5;39;ROCADE A 630;M;4479416.0;-53969.0;330
44102;201500049011;15;1;25;25;1;1;1;1;6;448;AUTOROUTE A 62;M;4469944.0;-50078.0;330
44103;201500049012;15;1;26;805;2;1;1;1;6;281;ROCADE A 630;M;4485672.0;-66298.0;330
44104;201500049013;15;1;26;1025;1;1;1;8;6;366;AUTOROUTE A 10;M;4500068.0;-42680.0;330
44105;201500049014;15;1;28;820;2;1;1;2;3;162;ROCADE A 630;M;4487189.0;-64132.0;330
44106;201500049015;15;1;29;920;1;1;1;3;4;90;AUTOROUTE A 63;M;4475986.0;-68027.0;330
44107;201500049016;15;1;30;1810;2;1;1;1;6;550;AUTOROUTE A 62;M;4476189.0;-54748.0;330
44108;201500049017;15;1;31;1125;1;1;1;1;5;63;ROCADE A 630;M;4488169.0;-54615.0;330
44109;201500049018;15;2;6;1810;2;1;1;1;6;550;AUTOROUTE A 62;M;4476189.0;-54748.0;330
44110;201500049020;15;2;10;640;1;1;1;1;7;143;AUTOROUTE A 10;M;4495773.0;-44842.0;330
44111;201500049021;15;2;11;800;2;1;1;1;5;550;AUTOROUTE A 62;M;4476189.0;-54748.0;330
44112;201500049022;15;2;12;740;2;1;1;1;1;63;ROCADE A630;M;4488267.0;-55132.0;330
44113;201500049023;15;2;12;800;1;1;1;1;6;63;ROCADE A 630;M;4488130.0;-54380.0;330
44114;201500049025;15;2;19;727;1;1;1;1;6;192;ROCADE A 630;M;4478936.0;-61675.0;330
44115;201500049026;15;2;18;1525;1;1;1;1;1;192;AUTOROUTE A 63;M;4477923.0;-64083.0;330
44116;201500049027;15;2;23;1735;1;1;1;1;2;39;ROCADE A 630;M;4479005.0;-54081.0;330
44117;201500049028;15;2;25;1600;1;1;1;1;5;249;ROCADE A 630;M;4488319.0;-52090.0;330
44118;201500049029;15;2;26;735;3;1;1;1;2;39;ROCADE A 631;M;4481159.0;-53328.0;330
44119;201500049030;15;2;26;945;1;1;1;1;6;23;AUTOROUTE A 62;M;4469393.0;-49637.0;330
44120;201500049031;15;2;27;800;1;1;1;1;6;39;ROCADE A 630;M;4479590.0;-53896.0;330
44121;201500049032;15;2;27;1535;1;1;1;1;6;249;ROCADE A 630;M;4488011.0;-53788.0;330
44122;201500049033;15;2;28;1530;1;1;1;1;6;192;ROCADE A 630;M;4478970.0;-61258.0;330
44123;201500049035;15;3;6;850;1;1;1;1;6;192;ROCADE A 630;M;4478946.0;-61561.0;330
44124;201500049036;15;3;6;1035;1;1;1;1;6;80;AUTOROUTE A 62;M;4472378.0;-52496.0;330
44125;201500049037;15;3;6;1705;1;1;1;1;6;281;ROCADE A 630;M;4481586.0;-67297.0;330
44126;201500049038;15;3;6;1745;1;1;1;1;6;249;ROUTE NATIONALE 230;M;4487918.0;-50970.0;330
44127;201500049039;15;3;7;1350;1;1;1;1;6;75;ROCADE A 630;M;4489010.0;-61481.0;330
44128;201500049040;15;3;11;1640;1;1;1;1;6;63;ROCADE A 630;M;4488156.0;-54540.0;330
44129;201500049041;15;3;12;1910;5;1;1;1;6;65;ROUTE NATIONALE 230;M;4480686.0;-52799.0;330
44130;201500049042;15;3;13;1550;1;1;1;1;5;192;ROCADE A 630;M;4478865.0;-60147.0;330
44131;201500049044;15;3;16;845;1;1;1;8;6;75;ROCADE A 630;M;4487322.0;-62849.0;330
44132;201500049045;15;3;17;1715;1;1;1;1;1;65;ROUTE NATIONALE 230;M;4481641.0;-52075.0;330
44133;201500049046;15;3;17;1450;1;1;1;1;6;281;ROCADE A 630;M;4485591.0;-66355.0;330
44134;201500049047;15;3;24;1930;4;1;1;2;3;75;ROCADE A 630;M;4488980.0;-61643.0;330
44135;201500049048;15;3;25;810;1;1;1;1;6;162;ROCADE A 630;M;4486839.0;-64730.0;330
44136;201500049049;15;3;25;825;1;1;1;1;6;65;ROUTE NATIONALE 230;M;4480865.0;-52525.0;330
44137;201500049050;15;3;28;1050;1;1;1;2;6;63;ROCADE A 630;M;4488207.0;-54813.0;330
44138;201500049051;15;3;28;1000;1;1;1;2;6;63;ROCADE A 630;M;4488656.0;-56776.0;330
44139;201500049052;15;3;30;2015;1;1;1;2;6;192;ROCADE A 630;M;4478963.0;-60516.0;330
44140;201500049053;15;4;7;840;1;1;1;1;6;281;ROCADE A 630;M;4481738.0;-67308.0;330
44141;201500049054;15;4;11;750;1;1;1;2;6;63;ROCADE A 630;M;4488500.0;-56108.0;330
44142;201500049055;15;4;11;2138;4;1;1;1;6;162;ROCADE A 630;M;4486303.0;-65614.0;330
44143;201500049056;15;4;13;1405;1;1;1;1;6;65;ROUTE NATIONALE 230;M;4481417.0;-52061.0;330