;Num_Acc;an;mois;jour;hrmn;lum;agg;int;atm;col;com;adr;gps;lat;long;dep
44144;201500049057;15;4;13;1845;1;1;1;1;3;13;ROUTE NATIONALE 230;M;4486871.0;-50483.0;330
44145;201500049059;15;4;15;1425;1;1;1;1;6;3;AUTOROUTE A 10;M;4492848.0;-47038.0;330
44146;201500049060;15;4;17;1425;1;1;1;1;6;90;AUTOROUTE A 63;M;4475987.0;-68056.0;330
44147;201500049061;15;4;18;1447;1;1;1;1;6;143;AUTOROUTE A 10;;;;330
44148;201500049063;15;4;23;1030;1;1;1;8;6;23;AUTOROUTE A 62;M;4469707.0;-49869.0;330
44149;201500049064;15;4;24;1800;1;1;1;1;2;143;AUTOROUTE A 10;M;4497670.0;-43224.0;330
44150;201500049065;15;4;28;1225;1;1;1;1;2;192;ROCADE A 630;;;;330
44151;201500049066;15;5;2;625;2;1;1;8;6;550;ROCADE A 630;M;4447768.0;-55883.0;330
44152;201500049067;15;5;3;1030;1;1;1;1;1;281;ROCADE A 630;M;4485430.0;-66467.0;330
44153;201500049068;15;5;5;1410;1;1;1;1;6;550;ROCADE A 630;M;4478236.0;-58542.0;330
44154;201500049069;15;5;6;1635;1;1;1;1;6;281;ROCADE A 630;M;4483035.0;-67605.0;330
44155;201500049070;15;5;11;715;1;1;1;8;3;122;AUTOROUTE A 63;;;;330
44156;201500049071;15;5;11;1150;1;1;1;1;2;122;AUTOROUTE A 63;;;;330
44157;201500049072;15;5;12;1205;1;1;1;1;3;550;ROCADE A 630;;;;330
44158;201500049073;15;5;12;1745;1;1;1;1;5;192;AUTOROUTE A 63;M;4478890.0;-62032.0;330
44159;201500049074;15;5;13;845;1;1;1;1;4;13;ROUTE NATIONALE 230;M;4485558.0;-50509.0;330
44160;201500049075;15;5;15;110;5;1;1;3;6;13;RN 230;M;4486843.0;-50273.0;330
44161;201500049076;15;5;17;630;1;1;1;1;6;192;ROCADE A 630;M;4478729.0;-59839.0;330
44162;201500049077;15;5;17;1930;1;1;1;1;6;249;ROCADE A 630;M;4488183.0;-52285.0;330
44163;201500049078;15;5;19;720;1;1;1;1;6;39;ROCADE A 630;M;4480119.0;-53469.0;330
44164;201500049079;15;5;26;1905;1;1;1;1;6;75;ROCADE A 630;M;4488949.0;-61758.0;330
44165;201500049080;15;5;28;720;1;1;1;1;4;550;ROCADE A 630;M;4477822.0;-55527.0;330
44166;201500049081;15;5;28;900;1;1;1;1;6;75;ROCADE A 630;M;4488944.0;-60250.0;330
44167;201500049082;15;5;28;1215;1;1;1;1;6;281;ROCADE A 630;M;4483480.0;-67667.0;330
44168;201500049083;15;5;29;1650;1;1;1;1;6;162;ROCADE A 630;M;4487600.0;-63413.0;330
44169;201500049084;15;6;2;1530;1;1;1;1;6;80;AUTOROUTE A 62;M;4475537.0;-54440.0;330
44170;201500049085;15;6;4;610;1;1;1;1;6;65;ROUTE NATIONALE 230;M;4481152.0;-52176.0;330
44171;201500049086;15;6;8;1645;1;1;1;1;2;281;ROCADE A 630;M;4483336.0;-67657.0;330
44172;201500049088;15;6;11;1335;1;1;1;1;6;65;ROUTE NATIONALE 230;M;4480790.0;-52640.0;330
44173;201500049089;15;6;12;1800;1;1;1;1;3;249;ROCADE A 630;M;4488062.0;-52461.0;330
44174;201500049090;15;6;16;845;1;1;1;1;3;550;ROCADE A 630;M;4478080.0;-57960.0;330
44175;201500049091;15;6;13;1030;1;1;1;1;6;122;AUTOROUTE A 63;M;4474425.0;-70463.0;330
44176;201500049092;15;6;16;2000;1;1;1;1;1;249;ROUTE NATIONALE 230;M;4487087.0;-50585.0;330
44177;201500049093;15;6;17;1600;1;1;1;1;4;192;ROCADE A 630;M;4478468.0;-59211.0;330
44178;201500049095;15;6;18;2300;5;1;1;1;5;397;AUTOROUTE A 10;M;4491669.0;-47751.0;330
44179;201500049096;15;6;20;945;1;1;1;1;2;65;ROUTE NATIONALE 230;M;4480974.0;-52447.0;330
44180;201500049097;15;6;23;840;1;1;1;1;6;39;RN 230;M;4480382.0;-53255.0;330
44181;201500049098;15;6;23;1310;1;1;1;1;6;23;AUTOROUTE A 62;M;4469411.0;-49624.0;330
44182;201500049099;15;6;24;1535;1;1;1;1;6;162;ROCADE A 630;M;4487791.0;-63050.0;330
44183;201500049100;15;6;24;1740;1;1;1;1;5;550;ROCADE A 630;M;4477808.0;-55614.0;330
44184;201500049101;15;6;25;810;1;1;1;1;2;96;AUTOROUTE A 10;M;4489892.0;-49478.0;330
44185;201500049102;15;6;25;840;1;1;1;1;6;63;ROCADE A 630;M;4488043.0;-53938.0;330
44186;201500049104;15;6;30;1850;1;1;1;1;6;318;ROCADE A 630;M;4478880.0;-62631.0;330
44187;201500049105;15;7;2;2020;1;1;1;1;6;122;AUTOROUTE A 63;M;4473332.0;-72206.0;330
44188;201500049106;15;7;4;630;1;1;1;1;6;281;ROCADE A 630;M;4483213.0;-67650.0;330
44189;201500049108;15;7;4;1440;1;1;1;1;6;192;ROCADE A 630;M;4478906.0;-60276.0;330
44190;201500049109;15;7;6;845;1;1;1;1;5;550;ROCADE A 630;M;4477816.0;-55673.0;330
44191;201500049110;15;7;6;1825;1;1;1;1;6;39;ROCADE A 630;M;4480319.0;-53297.0;330
44192;201500049111;15;7;7;1015;1;1;1;1;6;550;ROCADE A 630;M;4478672.0;-54150.0;330
44193;201500049112;15;7;10;1755;1;1;1;1;6;281;ROCADE A 630;M;4485332.0;-66514.0;330
44194;201500049113;15;7;11;950;1;1;1;1;7;397;AUTOROUTE A 10;M;4491121.0;-48605.0;330
44195;201500049114;15;7;15;950;1;1;1;1;6;397;AUTOROUTE A 10;M;4490998.0;-48921.0;330
44196;201500049115;15;7;15;1510;1;1;1;1;6;39;ROCADE A 630;M;4480319.0;-53297.0;330
44197;201500049116;15;7;18;1105;1;1;1;1;6;122;AUTOROUTE A 63;M;4475431.0;-68875.0;330
44198;201500049117;15;7;23;1455;1;1;1;1;4;80;AUTOROUTE A 62;M;4474819.0;-54011.0;330
44199;201500049118;15;7;23;1530;1;1;1;1;5;39;ROCADE A 630;M;4479150.0;-54046.0;330
44200;201500049119;15;7;25;1015;1;1;1;1;4;122;AUTOROUTE A 63;M;4475020.0;-69498.0;330
44201;201500049120;15;7;27;1245;1;1;1;1;5;249;ROCADE A 630;M;4488240.0;-52207.0;330
44202;201500049121;15;7;30;1920;1;1;1;1;6;63;ROCADE A 630;M;4488156.0;-54540.0;330
44203;201500049122;15;7;31;1325;1;1;1;2;6;13;ROUTE NATIONALE 230;M;4486789.0;-50449.0;330
44204;201500049123;15;7;31;1305;1;1;1;1;3;13;ROUTE NATIONALE 230;M;4484308.0;-50156.0;330
44205;201500049124;15;8;1;1146;1;1;1;1;4;318;ROCADE A 630;M;4478781.0;-63586.0;330
44206;201500049125;15;8;4;940;1;1;1;2;6;318;AUTOROUTE A 63;M;4478718.0;-62494.0;330
44207;201500049126;15;8;4;1740;1;1;1;1;4;96;AUTOROUTE A 10;M;4488706.0;-50616.0;330
44208;201500049127;15;8;5;1725;1;1;1;1;5;63;ROCADE A 630;M;4488034.0;-54154.0;330
44209;201500049128;15;8;6;1515;1;1;1;1;4;397;AUTOROUTE A 10;M;4491132.0;-48584.0;330
44210;201500049129;15;8;7;1315;1;1;1;1;5;65;ROUTE NATIONALE 230;M;4480883.0;-52497.0;330
44211;201500049130;15;8;7;1452;1;1;1;1;3;162;ROCADE A 630;M;4486279.0;-65655.0;330
44212;201500049131;15;8;9;1405;1;1;1;2;5;366;AUTOROUTE A 10;M;4498542.0;-42758.0;330
44213;201500049132;15;8;10;135;3;1;1;1;6;75;ROCADE A 630;M;4488963.0;60515.0;330
44214;201500049133;15;8;11;1600;1;1;1;7;1;397;AUTOROUTE A 10;M;4491917.0;-47609.0;330
44215;201500049134;15;8;14;915;1;1;1;2;5;167;ROUTE NATIONALE 230;M;4482946.0;-50212.0;330
44216;201500049135;15;8;20;1237;1;1;1;1;7;122;AUTOROUTE A 63;M;4472779.0;-72971.0;330
44217;201500049136;15;8;23;20;5;1;1;1;6;550;ROCADE A 630;M;4478262.0;-58616.0;330
44218;201500049137;15;8;23;1000;1;1;1;1;3;550;ROCADE A 630;M;4477921.0;-55037.0;330
44219;201500049140;15;8;27;1320;1;1;1;1;3;39;ROCADE A 631;M;4480153.0;-53445.0;330
44220;201500049141;15;8;27;1815;1;1;1;1;7;63;ROCADE A 630;M;4488192.0;-54733.0;330
44221;201500049143;15;9;11;1030;1;1;1;1;7;13;ROUTE NATIONALE 230;M;4484418.0;-50165.0;330
44222;201500049144;15;9;11;1200;1;1;1;1;6;119;ROUTE NATIONALE 230;M;4485174.0;-50473.0;330
44223;201500049145;15;9;12;420;5;1;1;3;6;119;ROUTE NATIONALE 230;M;4486580.0;-50404.0;330
44224;201500049146;15;9;12;2310;3;1;1;1;7;63;ROCADE A 630;M;4488293.0;-55267.0;330
44225;201500049147;15;9;14;750;1;1;1;2;3;550;AUTOROUTE A 62;M;4477127.0;-55527.0;330
44226;201500049148;15;9;14;930;1;1;1;2;6;318;AUTOROUTE A 63;M;4478718.0;-62494.0;330
44227;201500049150;15;9;14;1650;1;1;1;2;6;249;ROCADE A 630;M;4488481.0;-51526.0;330
44228;201500049151;15;9;15;1140;1;1;1;3;2;90;AUTOROUTE A 63;M;4476830.0;-66643.0;330
44229;201500049152;15;9;16;1420;1;1;1;8;1;281;ROCADE A 630;M;4481511.0;-67283.0;330
44230;201500049153;15;9;17;255;5;1;1;1;2;487;AUTOROUTE A 10;M;4493858.0;-46668.0;330
44231;201500049154;15;9;17;825;1;1;1;2;4;63;ROCADE A 630;M;4488601.0;-56544.0;330
44232;201500049155;15;9;17;855;1;1;1;2;1;162;ROCADE A 630;M;4487121.0;-64249.0;330
44233;201500049157;15;9;19;525;3;1;1;2;6;550;ROCADE A 630;M;4477805.0;-55634.0;330
44234;201500049158;15;9;19;643;5;1;1;2;6;192;ROCADE A 630;M;4478969.0;-60560.0;330
44235;201500049159;15;9;22;700;2;1;1;2;3;192;AUTOROUTE A 63;M;4478155.0;-63529.0;330
44236;201500049160;15;9;23;2055;5;1;1;1;5;65;ROUTE NATIONALE 230;M;4481450.0;-52076.0;330
44237;201500049161;15;9;25;1645;1;1;1;1;3;13;ROUTE NATIONALE 230;M;4484785.0;-50300.0;330
44238;201500049162;15;9;27;1625;1;1;1;1;6;192;ROCADE A 630;M;4478963.0;-60516.0;330
44239;201500049163;15;9;29;915;1;1;1;1;2;162;ROCADE A 630;M;4487791.0;-63050.0;330
44240;201500049164;15;9;29;1100;1;1;1;1;5;318;ROCADE A 630;M;4478810.0;-63260.0;330
44241;201500049165;15;9;29;1750;1;1;1;1;2;119;ROUTE NATIONALE 230;M;4486547.0;-50383.0;330
44242;201500049166;15;9;30;735;2;1;1;1;4;39;ROUTE NATIONALE 230;M;4480323.0;-53320.0;330
44243;201500049167;15;9;30;935;1;1;1;1;2;65;ROUTE NATIONALE 230;M;4481464.0;-52075.0;330
44244;201500049168;15;10;1;850;1;1;1;1;6;550;ROCADE A 630;M;4478098.0;-58028.0;330
44245;201500049169;15;10;1;1000;1;1;1;1;2;90;AUTOROUTE A 63;M;4477213.0;-65770.0;330
44246;201500049170;15;10;2;940;1;1;1;1;2;318;ROCADE A 630;M;4480655.0;-66599.0;330
44247;201500049171;15;10;3;600;5;1;1;3;6;487;AUTOROUTE A 10;M;4495270.0;-45870.0;330
44248;201500049172;15;10;5;730;5;1;1;2;6;90;AUTOROUTE A 63;M;4477247.0;-65671.0;330
44249;201500049173;15;10;6;425;5;1;1;1;6;366;AUTOROUTE A 10;M;4498612.0;-42741.0;330
44250;201500049174;15;10;6;1650;1;1;1;1;5;192;ROCADE A 630;M;4478945.0;-61681.0;330
44251;201500049175;15;10;7;904;1;1;1;2;4;63;ROCADE A 630;M;4488225.0;-54895.0;330
44252;201500049176;15;10;9;1310;1;1;1;1;7;249;ROUTE NATIONALE 230;M;4488043.0;-51027.0;330
44253;201500049177;15;10;8;1935;2;1;1;1;3;192;ROCADE A 630;M;4478935.0;-61687.0;330
44254;201500049178;15;10;9;2140;3;1;1;1;6;119;ROUTE NATIONALE 230;M;4485056.0;-50422.0;330
44255;201500049179;15;10;12;935;1;1;1;1;4;318;ROCADE A 630;M;4480562.0;-66447.0;330
44256;201500049180;15;10;13;955;1;1;1;1;7;65;ROUTE NATIONALE 230;M;4480974.0;-52447.0;330
44257;201500049181;15;10;14;750;2;1;1;1;5;65;ROUTE NATIONALE 230;M;4480775.0;-52662.0;330
44258;201500049182;15;10;15;847;1;1;1;1;6;75;ROCADE A 630;M;4488999.0;-61549.0;330
44259;201500049184;15;10;16;1915;1;1;1;1;3;281;ROCADE A 630;M;4482750.0;-67520.0;330
44260;201500049185;15;10;19;305;3;1;1;1;2;366;AUTOROUTE A 10;M;4499060.0;-42721.0;330
44261;201500049186;15;10;20;820;1;1;1;1;3;75;ROCADE A 630;M;4488905.0;-61862.0;330
44262;201500049187;15;10;20;1720;1;1;1;1;1;63;ROCADE A 630;M;4488192.0;-54733.0;330
44263;201500049188;15;10;22;920;1;1;1;2;6;65;ROUTE NATIONALE 230;M;4480752.0;-52698.0;330
44264;201500049189;15;10;22;1737;1;1;1;1;2;80;AUTOROUTE A 62;M;4474624.0;-53915.0;330
44265;201500049190;15;10;23;1545;1;1;1;1;4;281;ROCADE A 630;M;4484083.0;-67417.0;330
44266;201500049191;15;10;26;1440;1;1;1;1;3;39;ROCADE A 630;M;4479632.0;-53869.0;330
44267;201500049192;15;10;26;1600;1;1;1;1;4;318;ROCADE A 630;M;4478822.0;-63073.0;330
44268;201500049193;15;10;26;1750;2;1;1;1;4;75;ROCADE A 630;M;4488881.0;-59335.0;330
44269;201500049194;15;10;27;810;1;1;1;1;6;318;ROCADE A 630;M;4480167.0;-65809.0;330
44270;201500049195;15;10;27;815;1;1;1;1;2;90;AUTOROUTE A 63;M;4476311.0;-67519.0;330
44271;201500049196;15;10;27;1125;1;1;1;2;4;550;ROCADE A 630;M;4477749.0;-56199.0;330
44272;201500049197;15;10;28;1803;5;1;1;1;7;318;AUTOROUTE A 63;M;4478718.0;-62494.0;330
44273;201500049199;15;10;31;2315;3;1;1;1;2;75;ROCADE A 630;M;4488823.0;-58515.0;330
44274;201500049200;15;10;31;2330;5;1;1;1;6;318;ROCADE A 630;M;4479557.0;-65138.0;330
44275;201500049201;15;11;1;1935;5;1;1;1;6;63;ROCADE A 630;M;4488170.0;-54615.0;330
44276;201500049202;15;11;2;455;3;1;1;1;6;122;AUTOROUTE A 63;M;4474588.0;-70181.0;330
44277;201500049203;15;11;2;700;1;1;1;1;4;487;AUTOROUTE A 10;M;4495117.0;-46124.0;330
44278;201500049204;15;11;2;750;1;1;1;1;5;162;ROCADE A 630;M;4486784.0;-64825.0;330
44279;201500049205;15;11;4;2030;3;1;1;1;6;90;AUTOROUTE A 63;M;4476159.0;-67761.0;330
44280;201500049206;15;11;6;2000;3;1;1;1;2;249;ROUTE NATIONALE 230;M;4489100.0;-51014.0;330
44281;201500049207;15;11;8;1816;2;1;1;1;4;39;ROCADE A 631;M;4480733.0;-53201.0;330
44282;201500049208;15;11;9;245;5;1;1;1;6;119;ROUTE NATIONALE 230;M;4486692.0;-50421.0;330
44283;201500049210;15;11;11;1830;3;1;1;1;2;162;ROCADE A 630;M;4487115.0;-64258.0;330
44284;201500049211;15;11;12;1400;1;1;1;1;5;550;ROCADE A 630;M;4477974.0;-57471.0;330
44285;201500049212;15;11;13;1645;1;1;1;2;6;162;ROCADE A 630;M;4487458.0;-63662.0;330
44286;201500049213;15;11;13;1630;1;1;1;2;6;281;ROCADE A 630;M;4485213.0;-66619.0;330
44287;201500049214;15;11;13;1840;5;1;1;2;3;550;ROCADE A 630;M;4478191.0;-58381.0;330
44288;201500049215;15;11;13;2125;5;1;1;2;2;122;AUTOROUTE A 63;M;4474676.0;-70034.0;330
44289;201500049216;15;11;14;1645;1;1;1;1;7;39;ROCADE A 631;M;4480613.0;-53192.0;330
44290;201500049217;15;11;16;530;3;1;1;1;6;90;AUTOROUTE A 63;M;4476395.0;-67400.0;330
44291;201500049218;15;11;16;715;3;1;1;1;7;448;AUTOROUTE A 62;M;4471327.0;-51649.0;330
44292;201500049219;15;11;18;1745;2;1;1;2;3;75;ROCADE A 630;M;4488094.0;-62554.0;330
44293;201500049220;15;11;19;800;2;1;1;2;3;535;ROUTE NATIONALE 230;M;4483177.0;-50076.0;330
44294;201500049221;15;11;19;825;1;1;1;2;7;550;ROCADE A 630;M;4477853.0;-55374.0;330
44295;201500049222;15;11;20;1530;1;1;1;8;3;167;ROUTE NATIONALE 230;M;4483537.0;-49985.0;330
44296;201500049223;15;11;21;1025;1;1;1;2;6;63;ROCADE A 630;M;4488340.0;-55506.0;330
44297;201500049224;15;11;25;2115;5;1;1;2;6;39;ROCADE A 630;M;4479673.0;-53841.0;330
44298;201500049225;15;11;26;500;5;1;1;2;6;249;ROUTE NATIONALE 230;M;4486960.0;-50520.0;330
44299;201500049226;15;11;26;1000;1;1;1;8;1;167;ROUTE NATIONALE 230;M;4482152.0;-51605.0;330
44300;201500049227;15;11;26;1715;4;1;1;1;5;167;ROUTE NATIONALE 230;M;4484399.0;-50161.0;330
44301;201500049228;15;11;29;805;2;1;1;1;6;119;ROUTE NATIONALE 230;M;4486438.0;-50394.0;330
44302;201500049229;15;11;29;1940;5;1;1;2;6;3;AUTOROUTE A 10;M;4492741.0;-47108.0;330
44303;201500049230;15;11;30;1215;1;1;1;1;3;318;AUTOROUTE A 63;M;4448718.0;-62494.0;330
44304;201500049231;15;11;30;1250;1;1;1;1;3;39;ROCADE A 630;M;4447573.0;-53841.0;330
44305;201500049232;15;12;1;728;3;1;1;5;2;75;ROCADE A 630;M;4489004.0;-61124.0;330
44306;201500049234;15;12;3;840;1;1;1;5;1;75;ROCADE A 630;M;4488623.0;-62141.0;330
44307;201500049235;15;12;5;1505;1;1;1;1;5;397;AUTOROUTE A 10;M;4491669.0;-47751.0;330
44308;201500049237;15;12;7;815;2;1;1;1;3;249;ROCADE A 630;M;4487988.0;-53672.0;330
44309;201500049238;15;12;7;1355;1;1;1;1;6;162;ROCADE A 630;M;4487326.0;-63892.0;330
44310;201500049239;15;12;8;1810;3;1;1;1;6;162;ROCADE A 630;M;4487231.0;-64059.0;330
44311;201500049241;15;12;10;950;1;1;1;1;4;63;ROCADE A 630;M;4488245.0;-55014.0;330
44312;201500049242;15;12;10;1815;3;1;1;1;1;318;ROCADE A 630;M;4479096.0;-64747.0;330
44313;201500049243;15;12;10;1820;5;1;1;1;3;397;AUTOROUTE A 10;M;4490412.0;-49280.0;330
44314;201500049244;15;12;10;2120;3;1;1;1;7;143;AUTOROUTE A 10;M;4496422.0;-44406.0;330
44315;201500049245;15;12;11;2030;5;1;1;1;3;65;ROUTE NATIONALE 230;M;4481106.0;-52215.0;330
44316;201500049246;15;12;12;1350;1;1;1;1;4;63;ROCADE A 630;M;4488214.0;-54848.0;330
44317;201500049247;15;12;12;1735;2;1;1;1;6;397;AUTOROUTE A 10;M;4490939.0;-48920.0;330
44318;201500049248;15;12;13;1140;1;1;1;1;6;63;ROCADE A 630;M;4488318.0;-55393.0;330
44319;201500049249;15;12;14;830;1;1;1;1;2;550;ROCADE A 630;M;4477759.0;-55969.0;330
44320;201500049250;15;12;16;855;1;1;1;1;2;162;ROCADE A 630;M;4488004.0;-62704.0;330
44321;201500049251;15;12;17;650;5;1;1;1;4;3;AUTOROUTE A 10;M;4492332.0;-47369.0;330
44322;201500049252;15;12;17;1035;1;1;1;1;2;63;ROCADE A 630;M;4488081.0;-54142.0;330
44323;201500049253;15;12;17;1600;1;1;1;1;4;65;ROUTE NATIONALE 230;M;4480917.0;-52445.0;330
44324;201500049254;15;12;17;1934;4;1;1;1;2;39;ROCADE A 630;M;4479409.0;-53968.0;330
44325;201500049255;15;12;10;1915;3;1;1;1;4;39;ROCADE A 630;M;4480382.0;-53255.0;330
44326;201500049256;15;12;18;1600;1;1;1;1;3;192;AUTOROUTE A 63;M;4478553.0;-62814.0;330
44327;201500049257;15;12;18;1930;5;1;1;1;2;39;ROCADE A 630;M;4479834.0;-53726.0;330
44328;201500049260;15;1;1;730;2;2;1;1;6;123;65, RUE FRANCOIS GENIN;M;4575640.0;479242.0;690
44329;201500049261;15;1;11;1830;5;2;1;1;1;385;48, RUE DE TRION;;;;690
44330;201500049262;15;1;13;1325;1;2;1;1;3;385;6, RUE DE L ANTIQUAILLE;M;4576530.0;483035.0;690
44331;201500049264;15;1;19;2220;5;2;1;2;3;385;40, RUE COMMANDANT CHARC;M;4577130.0;480198.0;690
44332;201500049265;15;1;22;1643;1;2;1;1;6;385;59, RUE DES AQUEDUCS;M;4576350.0;478872.0;690
44333;201500049266;15;1;27;640;5;2;1;2;2;385;CHEMIN DE CHOULANS;M;4575260.0;481136.0;690
44334;201500049267;15;1;28;1800;5;1;1;2;7;385;31, RUE FRANCOIS GENIN;M;4575300.0;479692.0;690
44335;201500049268;15;2;2;1920;5;2;9;1;7;385;14, AVENUE DU POINT DU J;;;;690
44336;201500049269;15;2;4;825;1;2;1;1;3;385;RUE COMMANDANT CHARCOT;;;;690
44337;201500049270;15;2;5;1331;1;2;1;4;3;385;12 Bis, QUAI DES ETROITS;;;;690
44338;201500049271;15;2;13;1635;1;2;1;1;1;385;CHEMIN DE CHOULANS;;;;690
44339;201500049272;15;3;2;725;1;2;1;2;6;385;185, CHEMIN DE CHOULANS;;;;690
44340;201500049273;15;3;6;1500;1;2;1;1;6;385;55, MONTEE DU CHEMIN NEU;;;;690
44341;201500049275;15;3;12;1345;1;2;2;1;3;385;RUE DOCTEUR EDMOND LOCAR;;;;690
44342;201500049276;15;1;1;415;3;1;1;1;3;124;Autoroute A.35;;;;670
44343;201500049277;15;12;31;1200;1;1;1;8;3;152;Route Nationale 83;;;;670
44344;201500049278;15;1;7;1305;1;1;1;1;2;482;Autoroute A.35;;;;670
44345;201500049279;15;12;31;1840;3;1;1;1;4;482;Autoroute A.35;;;;670
44346;201500049280;15;1;12;1340;1;1;1;1;5;389;Autoroute A.4;;;;670
44347;201500049281;15;12;16;1805;3;1;1;2;4;309;Autoroute A.4;M;4864396.0;773199.0;670
44348;201500049282;15;1;15;900;1;1;1;1;3;482;Autoroute A.35;;;;670
44349;201500049283;15;3;10;1930;3;1;1;2;4;482;N.4 Contournement Sud;;;;670
44350;201500049284;15;3;15;1045;1;1;1;1;4;43;Autoroute A.4;;;;670
44351;201500049285;15;3;26;2050;4;1;1;8;2;482;Autoroute A.35;;;;670
44352;201500049287;15;5;21;920;1;1;1;1;4;152;Autoroute A.35;;;;670
44353;201500049288;15;5;28;820;1;1;1;1;4;152;Autoroute A.35;;;;670
44354;201500049291;15;6;1;746;1;1;1;1;5;389;Autoroute A.4;M;4864880.0;773408.0;670
44355;201500049292;15;6;11;1540;1;1;1;1;2;482;Autoroute A.35;M;4859260.0;773833.0;670
44356;201500049294;15;6;22;1420;1;1;1;1;3;482;Autoroute A.35;M;4857970.0;772453.0;670
44357;201500049296;15;7;8;1655;1;1;1;1;4;218;R.N. 353;;;;670
44358;201500049297;15;7;8;1925;1;1;1;1;3;447;Autoroute A.4;;;;670
44359;201500049298;15;7;19;830;1;1;1;1;6;365;Autoroute A.35;;;;670
44360;201500049299;15;8;13;1130;1;1;1;1;2;482;Autoroute A.35;M;4856540.0;773292.0;670
44361;201500049300;15;8;16;1615;1;1;1;1;4;482;Autoroute A.35;;;;670
44362;201500049301;15;8;18;1500;1;1;1;1;4;482;Autoroute A.35;M;4858050.0;772427.0;670
44363;201500049302;15;9;1;1535;1;1;1;2;3;482;Autoroute A.35;;;;670
44364;201500049303;15;9;3;1800;1;1;1;1;2;482;Autoroute A.35;;;;670
44365;201500049304;15;9;8;1325;1;1;1;1;5;482;Autoroute A.35;;;;670
44366;201500049305;15;8;27;1800;1;1;1;1;2;152;Autoroute A.35;;;;670
44367;201500049306;15;9;17;1235;1;1;1;3;7;482;Route Nationale 2350;;;;670
44368;201500049307;15;10;1;1425;1;1;1;1;3;482;Autoroute A.35;;;;670
44369;201500049308;15;10;2;1010;1;1;1;1;2;482;Autoroute A.35;;;;670
44370;201500049310;15;10;6;1800;2;1;1;1;2;482;N.4 Contournement Sud;;;;670
44371;201500049311;15;10;9;1655;1;1;1;1;6;137;R.N. 353;;;;670
44372;201500049312;15;9;24;2115;3;1;1;1;3;482;Autoroute A.35;;;;670
44373;201500049313;15;10;13;1740;1;1;1;1;2;152;Autoroute A.35;;;;670
44374;201500049315;15;10;22;655;3;1;1;1;3;482;Autoroute A.35;;;;670
44375;201500049316;15;10;26;1235;1;1;1;1;4;152;Autoroute A.35;;;;670
44376;201500049317;15;10;29;910;1;1;1;8;6;482;N.4 CONTOURNEMENT-SUD;M;4857060.0;772972.0;670
44377;201500049318;15;11;4;1530;1;1;1;1;2;482;Autoroute A.35;M;;;670
44378;201500049319;15;11;3;1240;1;1;1;1;3;365;Autoroute A.35;;;;670
44379;201500049320;15;11;19;820;1;1;1;1;2;118;Autoroute A.351;;;;670
44380;201500049321;15;11;24;1800;3;1;1;8;4;482;Autoroute A.351;;;;670
44381;201500049322;15;12;3;1428;1;1;1;1;3;447;Autoroute A.4;;;;670
44382;201500049324;15;12;14;1750;2;1;1;1;2;482;Route Nationale 2350;;;;670
44383;201500049325;15;12;12;835;1;1;1;1;6;482;Autoroute A.351;M;4858530.0;772364.0;670
44384;201500049326;15;12;5;1745;3;1;1;1;4;482;Autoroute A.35;;;;670
44385;201500049327;15;12;16;1923;4;1;1;1;4;152;Route Nationale 83;M;;;670
44386;201500049328;15;11;7;1605;1;1;1;1;2;389;Autoroute A.4;;;;670
44387;201500049329;15;1;8;1815;5;1;1;1;6;547;Autoroute A 330;M;4865902.0;618636.0;540
44388;201500049331;15;2;24;828;1;1;1;1;4;304;Autoroute A 33;M;4867503.0;612087.0;540
44389;201500049332;15;3;7;1620;1;1;1;1;2;123;Autoroute A 33;M;4864677.0;614225.0;540
44390;201500049333;15;4;16;655;2;1;1;1;6;123;Autoroute A 33;M;4864633.0;614246.0;540
44391;201500049336;15;4;14;2250;3;1;1;1;6;320;Autoroute A 31;M;4885754.0;609012.0;540
44392;201500049337;15;5;7;1820;1;1;1;1;2;547;Autoroute A 330;M;4865672.0;618483.0;540
44393;201500049338;15;5;14;1256;1;1;1;2;2;304;Autoroute A 31;M;4869434.0;611718.0;540
44394;201500049339;15;5;10;2250;3;1;1;1;5;115;Autoroute A 31;M;4872988.0;616149.0;540
44395;201500049340;15;6;4;2353;3;1;1;1;7;547;Autoroute A33;M;4864671.0;613978.0;540
44396;201500049341;15;5;15;1820;1;1;1;1;5;157;Autoroute A 31;M;4885529.0;608529.0;540
44397;201500049343;15;7;1;1203;1;1;1;1;3;528;Autoroute A 31;M;4865564.0;589043.0;540
44398;201500049344;15;7;5;545;2;1;1;1;2;232;Autoroute A 31;M;4868861.0;601125.0;540
44399;201500049345;15;7;15;1215;1;1;1;1;2;232;Autoroute A 31;M;4868089.0;594075.0;540
44400;201500049346;15;7;30;1510;1;1;1;1;7;345;Autoroute A33;M;4861735.0;627895.0;540