;Num_Acc;an;mois;jour;hrmn;lum;agg;int;atm;col;com;adr;gps;lat;long;dep
44401;201500049347;15;7;31;145;3;1;1;1;7;60;Autoroute A 31;M;4882233.0;610366.0;540
44402;201500049348;15;8;30;607;2;1;1;1;2;27;Autoroute A 31;M;4892101.0;610972.0;540
44403;201500049349;15;8;26;1430;1;1;9;1;6;167;Autoroute A 31;M;4866175.0;591114.0;540
44404;201500049350;15;9;16;2220;3;1;1;3;6;459;Autoroute A 330;;;;540
44405;201500049351;15;9;7;930;1;1;1;1;3;122;Autoroute A 31;M;4865920.0;590814.0;540
44406;201500049352;15;9;24;905;1;1;1;1;2;547;Autoroute A 33;M;4864830.0;613528.0;540
44407;201500049353;15;9;21;815;1;1;1;1;6;328;Autoroute A 330;M;4861722.0;617978.0;540
44408;201500049354;15;9;14;825;1;1;1;7;2;115;Autoroute A 31;M;4869415.0;609809.0;540
44409;201500049355;15;9;29;850;1;1;1;1;4;265;Autoroute A 33;M;4863560.0;617256.0;540
44410;201500049356;15;10;20;555;4;1;1;1;6;357;Autoroute A 31;;;;540
44411;201500049357;15;10;22;1730;1;1;1;2;2;357;Autoroute A 31;M;;;540
44412;201500049358;15;11;23;900;1;1;1;3;4;150;Autoroute A 31;M;4878220.0;614419.0;540
44413;201500049359;15;11;23;1751;5;1;1;1;2;90;Autoroute A 31;M;4874824.0;615592.0;540
44414;201500049360;15;12;4;1800;1;1;1;1;4;115;Autoroute  A33;;;;540
44415;201500049361;15;11;13;1830;3;1;1;1;4;304;Autoroute A 33;M;4864863.0;613536.0;540
44416;201500049362;15;12;4;1900;3;1;1;1;4;462;Autoroute A 33;;;;540
44417;201500049364;15;12;22;1035;1;1;1;1;2;672;Autoroute A31;M;0.0;0.0;570
44418;201500049365;15;1;13;715;3;1;1;1;3;356;Autoroute A31;M;0.0;0.0;570
44419;201500049366;15;1;20;1730;2;1;1;1;4;343;Autoroute A31;M;0.0;0.0;570
44420;201500049367;15;2;5;335;3;1;1;1;7;146;Autoroute A31;;;;570
44421;201500049368;15;2;15;520;3;1;1;1;1;137;Autoroute A31;M;0.0;0.0;570
44422;201500049369;15;2;21;1145;1;1;1;1;1;356;Autoroute A31;;;;570
44423;201500049370;15;3;12;750;2;1;1;1;4;463;Autoroute A31 10 6.2;M;0.0;0.0;570
44424;201500049372;15;4;1;805;1;1;1;1;4;303;Autoroute A31;M;0.0;0.0;570
44425;201500049373;15;3;19;1030;1;1;1;1;3;463;Autoroute A31;M;0.0;0.0;570
44426;201500049374;15;4;25;210;3;1;1;1;2;452;Autoroute A31;;;;570
44427;201500049375;15;5;3;705;1;1;1;2;2;672;Autoroute A31;M;0.0;0.0;570
44428;201500049376;15;5;5;1540;1;1;1;1;5;663;Autoroute A31;M;4923797.0;618080.0;570
44429;201500049377;15;5;8;1422;1;1;1;1;7;206;Autoroute A30;M;0.0;0.0;570
44430;201500049379;15;5;13;1544;1;1;1;1;3;452;Autoroute A31;M;0.0;0.0;570
44431;201500049380;15;5;19;1732;1;1;1;1;4;672;Autoroute A31;M;4935008.0;614863.0;570
44432;201500049381;15;6;17;1700;1;1;1;1;2;96;Autoroute A30;M;4940039.0;593991.0;570
44433;201500049382;15;6;19;1850;1;1;1;1;3;303;Autoroute A31;M;4920444.0;617480.0;570
44434;201500049383;15;6;24;745;1;1;1;1;4;757;Autoroute A31;;;;570
44435;201500049384;15;6;28;2345;3;1;1;1;2;452;Autoroute A31;M;4929080.0;630150.0;570
44436;201500049386;15;7;5;105;3;1;1;1;2;487;Autoroute A31;M;4908284.0;610607.0;570
44437;201500049387;15;7;13;1335;1;1;1;1;2;487;Autoroute A31;M;4909930.0;612669.0;570
44438;201500049388;15;7;11;1615;1;1;1;1;7;672;Autoroute A31;M;4939214.0;610986.0;570
44439;201500049389;15;7;28;1102;1;1;1;1;6;764;Autoroute A31;M;4947198.0;612140.0;570
44440;201500049390;15;7;31;1625;1;1;1;1;2;487;Autoroute A31;M;4909561.0;611741.0;570
44441;201500049391;15;9;15;320;3;1;1;1;7;416;Autoroute A31;M;4898540.0;610541.0;570
44442;201500049393;15;10;4;400;3;1;1;1;5;663;A31 CRS 49.15 6.1;M;0.0;0.0;570
44443;201500049394;15;10;5;30;3;1;1;1;7;582;Autoroute A31;M;4928764.0;617208.0;570
44444;201500049395;15;10;26;1705;1;1;1;1;3;672;Autoroute A31;M;4936575.0;610669.0;570
44445;201500049396;15;10;28;1900;2;1;1;3;2;303;Autoroute A31;M;4920013.0;617025.0;570
44446;201500049397;15;11;2;2150;3;1;1;1;1;480;A31 CRS 49.102,6.1343;M;0.0;0.0;570
44447;201500049398;15;11;4;330;3;1;1;5;3;303;Autoroute A31;M;0.0;0.0;570
44448;201500049399;15;11;12;905;1;1;1;1;2;764;Autoroute A31;M;4947208.0;612163.0;570
44449;201500049400;15;11;17;750;3;1;1;3;2;67;Autoroute A31;M;4931435.0;618265.0;570
44450;201500049402;15;12;8;1245;1;1;1;1;4;672;Autoroute A31;M;4938563.0;610785.0;570
44451;201500049403;15;12;8;945;1;1;1;5;5;672;Autoroute A31;M;4939131.0;610963.0;570
44452;201500049404;15;12;12;600;3;1;1;2;3;343;Autoroute A31;M;0.0;0.0;570
44453;201500049405;15;12;13;1505;1;1;1;1;6;206;Autoroute A30;M;0.0;0.0;570
44454;201500049406;15;12;29;2200;3;1;1;1;6;447;RN 431;M;4905171.0;615126.0;570
44455;201500049407;15;1;9;1015;1;2;1;1;6;387;0, BOULEVARD JULES CARTE;M;4572590.0;484868.0;690
44456;201500049408;15;1;14;1825;5;2;2;1;3;387;RUE PASTEUR;M;4573870.0;484113.0;690
44457;201500049409;15;1;21;1428;1;2;1;2;7;387;20, RUE DE LA MADELEINE;M;4573870.0;484113.0;690
44458;201500049411;15;1;24;1255;1;2;1;4;2;387;0, BOULEVARD CHAMBAUD DE;M;4572590.0;484868.0;690
44459;201500049412;15;1;27;2100;5;2;2;1;3;387;0, RUE PROFESSEUR GRIGNA;M;4573870.0;484113.0;690
44460;201500049413;15;1;27;1925;5;2;2;1;3;387;RUE SAINT MICHEL;M;4573870.0;484113.0;690
44461;201500049414;15;1;31;30;5;2;2;1;3;387;0, AVENUE DEBOURG;;;;690
44462;201500049415;15;2;5;736;1;2;1;1;3;387;35, AVENUE DEBOURG;;;;690
44463;201500049416;15;2;2;1415;1;2;1;1;6;387;PLACE JEAN MACE;;;;690
44464;201500049417;15;2;4;1050;1;2;2;8;3;387;0, RUE BANCEL;;;;690
44465;201500049418;15;2;6;1235;1;2;1;1;3;387;20, RUE PRE GAUDRY;;;;690
44466;201500049419;15;2;11;1705;1;2;1;1;6;387;131 BIS, RUE SEBASTIEN G;;;;690
44467;201500049420;15;2;18;415;5;2;1;1;6;387;0, AVENUE TONY GARNIER;;;;690
44468;201500049421;15;2;17;1545;1;2;1;1;2;387;66, BOULEVARD DES TCHECO;;;;690
44469;201500049423;15;2;17;1125;1;2;2;1;3;387;0, RUE PASTEUR;;;;690
44470;201500049424;15;2;21;2100;5;2;2;1;3;387;1, RUE JABOULAY;;;;690
44471;201500049425;15;2;20;1435;1;2;1;1;3;387;BOULEVARD CHAMBAUD DE LA;;;;690
44472;201500049426;15;2;25;1120;1;2;4;1;3;387;0, AVENUE JEAN FRANCOIS;;;;690
44473;201500049427;15;3;1;1845;5;2;1;2;4;387;0, BOULEVARD CHAMBAUD DE;;;;690
44474;201500049428;15;3;2;1310;1;2;1;1;3;387;16, QUAI CLAUDE BERNARD;;;;690
44475;201500049429;15;3;4;1820;2;2;1;1;7;387;0, RUE DE SURVILLE;;;;690
44476;201500049430;15;3;6;1140;1;2;2;1;3;387;1, AVENUE BERTHELOT;;;;690
44477;201500049431;15;3;12;845;1;2;1;1;6;387;RUE DE MARSEILLE;;;;690
44478;201500049432;15;3;2;945;1;2;1;1;2;387;4, RUE CROIX BARRET;;;;690
44479;201500049433;15;3;6;1830;5;2;2;1;6;387;0, QUAI CLAUDE BERNARD;;;;690
44480;201500049434;15;3;13;1200;1;2;3;1;3;387;RUE ELIE ROCHETTE;;;;690
44481;201500049435;15;3;14;1205;1;2;3;1;3;387;0, AVENUE BERTHELOT;;;;690
44482;201500049436;15;1;6;1024;1;2;1;1;2;388;103, BOULEVARD DES ETATS;M;4572860.0;486769.0;690
44483;201500049438;15;1;10;1435;1;2;1;1;6;388;0, AVENUE JEAN MERMOZ;;;;690
44484;201500049439;15;1;16;2155;5;2;2;2;3;388;0, RUE HENRI BARBUSSE;M;4572840.0;485090.0;690
44485;201500049440;15;1;18;20;5;2;1;2;2;388;RUE PIERRE DELORE;M;4572840.0;485090.0;690
44486;201500049441;15;1;16;2020;5;2;1;3;6;388;87, RUE JEAN SARRAZIN;M;4572860.0;486769.0;690
44487;201500049442;15;1;19;750;1;2;3;2;6;388;0, IMPASSE DE LA BAUDETT;M;4573450.0;486005.0;690
44488;201500049443;15;1;22;2135;5;2;2;2;3;388;COURS ALBERT THOMAS;M;4574020.0;487747.0;690
44489;201500049444;15;1;21;2210;5;2;1;2;3;388;23, AVENUE DE PRESSENSE;M;4572860.0;486769.0;690
44490;201500049445;15;1;23;1425;1;2;1;1;6;388;14, RUE DU BOCAGE;M;4573150.0;486992.0;690
44491;201500049446;15;1;30;1825;5;2;1;1;3;388;128, AVENUE PAUL SANTY;M;4572860.0;486769.0;690
44492;201500049447;15;2;1;150;5;2;1;2;4;388;109, RUE MARIUS BERLIET;;;;690
44493;201500049448;15;2;5;750;1;2;1;1;6;388;0, RUE MARIUS BERLIET;;;;690
44494;201500049449;15;1;28;1745;5;2;2;2;3;388;0, RUE DE L EPARGNE;;;;690
44495;201500049450;15;2;3;1725;1;2;1;1;6;388;AVENUE DE L EUROPE;;;;690
44496;201500049451;15;2;5;1320;1;2;1;1;2;388;18, AVENUE ROCKEFELLER;;;;690
44497;201500049453;15;2;11;620;5;2;1;1;6;388;87, BOULEVARD DES ETATS;;;;690
44498;201500049454;15;2;15;440;5;2;1;1;6;388;105, COURS ALBERT THOMAS;;;;690
44499;201500049455;15;2;20;1500;1;2;2;1;3;388;RUE SANTOS DUMONT;;;;690
44500;201500049457;15;2;23;1500;1;2;2;1;3;388;0, RUE PIERRE DELORE;;;;690
44501;201500049458;15;2;21;715;2;2;1;2;4;388;0, RUE MARIUS BERLIET;;;;690
44502;201500049459;15;2;24;1200;1;2;1;1;2;388;116, RUE PROFESSEUR BEAU;;;;690
44503;201500049460;15;2;26;1110;1;2;1;1;3;388;19, RUE SAINT MAURICE;;;;690
44504;201500049461;15;2;28;1936;5;2;1;1;2;388;10, AVENUE PAUL SANTY;;;;690
44505;201500049462;15;3;4;1915;5;2;2;1;3;388;120, RUE HENRI BARBUSSE;;;;690
44506;201500049463;15;3;5;1145;1;2;1;1;6;388;5, RUE GENERAL ANDRE;;;;690
44507;201500049464;15;3;13;945;1;2;1;1;6;388;0, RUE PROFESSEUR JOSEPH;;;;690
44508;201500049465;15;3;13;1335;1;2;2;1;6;388;BOULEVARD DES ETATS UNIS;;;;690
44509;201500049466;15;12;26;1735;2;1;1;1;4;218;A72;M;4545098.0;441896.0;420
44510;201500049467;15;1;19;1145;1;1;1;3;4;186;A47;M;4553070.0;461526.0;420
44511;201500049468;15;1;19;1535;1;1;1;2;1;218;A72;M;4545803.0;440770.0;420
44512;201500049469;15;1;31;1500;1;1;1;8;2;218;RN88;M;4542220.0;441274.0;420
44513;201500049471;15;2;15;1715;1;1;9;4;6;44;RN88;M;4539289.0;432296.0;420
44514;201500049472;15;2;20;2037;3;1;1;1;2;218;A72;M;4545341.0;441507.0;420
44515;201500049474;15;3;6;2120;3;1;1;1;3;330;A72;M;4547499.0;435998.0;420
44516;201500049476;15;4;10;1730;1;1;1;1;4;218;RN88;M;4541616.0;440544.0;420
44517;201500049477;15;4;18;315;3;1;1;1;2;218;RN88;M;4541101.0;439815.0;420
44518;201500049478;15;4;27;1700;1;1;1;2;2;95;RN88;M;4539112.0;428582.0;420
44519;201500049479;15;5;2;1620;1;1;1;1;4;307;A47;M;4554916.0;467623.0;420
44520;201500049480;15;5;9;745;1;1;1;1;3;91;A47;;;;690
44521;201500049482;15;5;14;835;1;1;1;1;6;44;RN88;M;4539517.0;433619.0;420
44522;201500049483;15;5;14;2049;2;1;1;3;4;44;RN88;M;4539363.0;432588.0;420
44523;201500049484;15;5;28;930;1;1;1;1;2;44;RN88;M;4539339.0;432476.0;420
44524;201500049485;15;6;8;435;3;1;1;1;6;95;RN88;M;4539224.0;429537.0;420
44525;201500049486;15;6;5;1739;1;1;1;1;4;183;RN88;M;4540229.0;437128.0;420
44526;201500049487;15;6;10;2110;2;1;1;1;5;252;A47;M;4554365.0;466331.0;690
44527;201500049488;15;6;13;615;2;1;1;1;6;218;A72;M;4546392.0;438238.0;420
44528;201500049489;15;7;18;620;2;1;1;2;6;207;RN88 DECROISSANT;M;4546358.0;449405.0;420
44529;201500049491;15;8;4;950;1;1;1;1;6;97;A72;M;4550706.0;430292.0;420
44530;201500049492;15;8;22;900;1;1;1;1;6;44;RN88;M;4539664.0;434994.0;420
44531;201500049493;15;9;2;1530;1;1;1;1;2;97;A72;M;4548318.0;433712.0;420
44532;201500049494;15;9;1;1645;1;1;1;1;2;218;RN88;M;4543687.0;443786.0;420
44533;201500049495;15;9;6;230;3;1;1;1;6;5;A72;M;4552742.0;428582.0;420
44534;201500049496;15;9;9;2150;3;1;1;1;3;91;A47;M;4558937.0;476353.0;690
44535;201500049497;15;10;21;1800;1;1;1;1;2;218;A72;M;4546522.0;437963.0;420
44536;201500049499;15;11;3;2245;5;1;1;1;2;218;RN88;M;4543341.0;442344.0;420
44537;201500049500;15;11;4;840;1;1;1;1;2;218;RN88;M;4542007.0;441002.0;420
44538;201500049501;15;11;7;1445;1;1;1;1;4;218;RN88;M;4541552.0;440461.0;420
44539;201500049502;15;11;19;1305;1;1;1;1;2;330;A72;M;4547578.0;435862.0;420
44540;201500049503;15;11;25;40;3;1;1;2;6;237;RN88;M;4544200.0;446204.0;420
44541;201500049504;15;12;14;1505;1;1;1;1;3;207;RN88 CROISSANT;M;4546352.0;449386.0;420
44542;201500049505;15;11;25;2200;3;1;1;2;5;237;RN88;M;4544713.0;446853.0;420
44543;201500049506;15;12;18;1645;1;1;1;1;6;218;RN88;M;4543659.0;444083.0;420
44544;201500049507;15;12;27;150;3;1;1;1;1;91;A47;M;4558982.0;477556.0;690
44545;201500049508;15;12;16;1320;1;1;1;1;2;207;RN88 DECROISSANT;M;4545972.0;448662.0;420
44546;201500049510;15;12;29;1330;1;1;1;1;6;110;A47;M;4549432.0;454566.0;420
44547;201500049511;15;12;21;1455;1;1;1;2;6;29;RD383   7.640 A 11.044;;;;690
44548;201500049512;15;11;22;1800;5;1;1;3;5;266;RD383 2.321 A 3.750;;;;690
44549;201500049513;15;1;4;230;3;1;1;2;7;544;A7   25.770 A 27.460;M;4554083.0;485522.0;380
44550;201500049514;15;1;4;1800;5;1;1;1;6;248;A46N   14.305 A 17.210;;;;10
44551;201500049515;15;1;5;510;3;1;1;1;2;297;A7   15.770 A 20.110;M;4562590.0;481579.0;690
44552;201500049516;15;1;7;2240;3;1;1;1;6;275;RN346   29.300 A 34.350;M;4576380.0;498503.0;690
44553;201500049517;15;1;7;1630;1;1;1;1;2;72;A6   445.323 A 447.390;M;4580760.0;476917.0;690
44554;201500049519;15;1;11;845;1;1;1;8;3;235;A7   27.460 A 28.860;M;4553980.0;485575.0;690
44555;201500049520;15;1;13;1215;1;1;1;1;5;29;A43   0.550 A 3.353;M;4572780.0;490718.0;690
44556;201500049521;15;1;14;1500;1;1;1;1;6;290;A43   3.865 A 9.894;M;4572270.0;493055.0;690
44557;201500049522;15;1;16;1400;1;1;1;3;3;297;A7   15.770 A 20.110;M;4560550.0;480014.0;690
44558;201500049523;15;1;14;1319;1;1;1;1;6;152;A7   4.270 A 7.000;M;4571160.0;482451.0;690
44559;201500049524;15;1;14;1527;1;1;1;1;6;296;A7   10.992 A 13.970;M;4565390.0;483847.0;690
44560;201500049525;15;1;19;1400;1;1;1;2;7;29;RD383   7.640 A 11.044;M;4573460.0;490151.0;690
44561;201500049526;15;1;19;2050;3;1;1;3;7;266;RD383   3.750 A 7.640;M;4575870.0;490901.0;690
44562;201500049527;15;1;19;1850;5;1;1;2;4;276;BUS (RD301)   0.000 A 2.;M;4568390.0;485463.0;690
44563;201500049529;15;1;22;700;5;1;1;2;7;276;A7   8.630 A 10.992;M;4568230.0;484722.0;690
44564;201500049530;15;1;22;1310;1;1;1;1;3;259;RD383   11.0044 A 11.460;M;4572290.0;488913.0;690
44565;201500049531;15;1;22;1430;1;1;1;1;6;275;A42  4.020 A 4.353   GEN;;;;10
44566;201500049532;15;1;21;1110;1;1;1;2;7;40;A6   447.520 A 448.490;M;4580190.0;477240.0;690
44567;201500049533;15;1;24;1700;2;1;1;1;4;29;A43   0.550 A 3.353;M;4572780.0;490718.0;690
44568;201500049534;15;1;25;820;1;1;1;1;6;282;RD302   0.400 A 4.620;M;4575280.0;501507.0;690
44569;201500049535;15;1;20;1845;4;1;1;1;5;290;A43   3.865 A 9.894;M;4570560.0;496013.0;690
44570;201500049536;15;1;27;900;1;1;1;2;7;282;RD302   0.400 A 4.620;M;4576090.0;503151.0;690
44571;201500049537;15;1;27;1025;1;1;1;1;7;256;A42     0.560 A 4.020;M;4580570.0;492490.0;690
44572;201500049538;15;1;29;1445;1;1;1;2;7;256;A42     0.560 A 4.020;M;4580570.0;492490.0;690
44573;201500049539;15;1;29;1340;1;1;1;3;7;244;A6   451.640 A 451.790;M;4577150.0;479016.0;690
44574;201500049540;15;1;31;1630;1;1;1;2;7;256;A42     0.560 A 4.020;M;4580570.0;492490.0;690
44575;201500049541;15;2;2;525;3;1;1;2;6;184;A43   15.971 A 18.875;M;4565748.0;508178.0;380
44576;201500049542;15;1;30;800;1;1;1;1;4;276;BUS (RD301)   0.000 A 2.;M;4568430.0;485554.0;690
44577;201500049544;15;2;6;1820;3;1;1;1;4;272;A46S   57.400 A 61.010;;;;690
44578;201500049546;15;2;9;1725;1;1;1;1;7;152;A7   4.270 A 7.000;;;;690
44579;201500049547;15;2;7;650;3;1;1;1;2;204;A450   1.740 A 5.100;;;;690
44580;201500049548;15;2;10;2100;3;1;1;1;7;296;A7   10.992 A 13.970;;;;690
44581;201500049549;15;2;11;45;4;1;1;1;2;152;A7   4.270 A 7.000;;;;690
44582;201500049550;15;2;7;1510;1;1;1;1;2;29;RD383   7.640 A 11.044;;;;690
44583;201500049551;15;2;8;530;5;1;1;1;2;286;A46N   19.955 A 25.180;;;;690
44584;201500049552;15;2;5;750;1;1;1;1;4;100;A450   1.090 A 1.740;;;;690
44585;201500049553;15;2;17;735;1;1;1;1;4;199;RD383   14.250 A 18.000;;;;690
44586;201500049554;15;2;18;2140;3;1;1;1;2;294;A7   13.970 A 15.270;;;;690
44587;201500049555;15;2;22;2015;3;1;1;1;5;184;A43   15.971 A 18.875;M;4565617.0;508633.0;380
44588;201500049556;15;2;20;2240;3;1;1;1;2;275;A42 4.329 A 5.760   LYON;;;;10
44589;201500049557;15;2;23;1400;1;1;1;1;2;385;A6   453.400 A 455.000;;;;690
44590;201500049558;15;2;21;950;1;1;1;3;6;235;A7   27.460 A 28.860;;;;690
44591;201500049559;15;2;24;1810;2;1;1;1;2;297;A46S   61.220 A 62.000;;;;690
44592;201500049561;15;2;27;1050;1;1;1;2;7;29;RD383   7.640 A 11.044;;;;690
44593;201500049562;15;2;20;1830;2;1;1;1;4;449;A43   18.875 A 21.100;M;4565244.0;510494.0;380
44594;201500049565;15;2;27;1245;1;1;1;2;3;29;RD383   7.640 A 11.044;;;;690
44595;201500049566;15;3;2;1530;1;1;1;1;3;297;A47   0.000  A 1.657;;;;690
44596;201500049567;15;3;2;2000;3;1;1;1;2;273;BUS (RD301)   4.470 A 7.;;;;690
44597;201500049568;15;3;2;1735;1;1;1;1;2;34;BPNL   37.781 A 41.124;;;;690
44598;201500049569;15;3;3;1705;1;1;1;1;4;388;RD383   11.460 A 11.750;;;;690
44599;201500049570;15;3;6;800;1;1;1;1;5;385;Tunnel sous fourvière;;;;690
44600;201500049571;15;3;6;1415;1;1;1;1;2;297;A47   0.000  A 1.657;;;;690
44601;201500049572;15;3;7;1415;1;1;1;1;3;259;BUS (RD301)  2.800 A 4.4;;;;690
44602;201500049573;15;3;7;1930;3;1;1;1;5;72;A6   445.323 A 447.390;;;;690
44603;201500049574;15;3;7;2300;3;1;1;1;6;376;A42   8.310 A 9.500;;;;10
44604;201500049575;15;3;8;2040;5;1;1;1;7;271;RN346   38.000 A 38.960;;;;690
44605;201500049576;15;3;11;850;1;1;1;8;2;290;A46S   40.883 A 43.680;;;;690
44606;201500049577;15;3;12;1655;1;1;1;1;7;199;RD383   14.250 A 18.000;;;;690
44607;201500049578;15;3;14;1510;1;1;1;1;5;72;A6   445.323 A 447.390;;;;690
44608;201500049579;15;3;14;1510;1;1;1;1;7;297;A7   15.770 A 20.110;;;;690
44609;201500049580;15;3;13;1950;5;1;1;1;2;382;A7   0.000 A 2.278;;;;690
44610;201500049581;15;3;18;1240;1;1;1;1;6;259;BUS (RD301)  2.800 A 4.4;;;;690
44611;201500049582;15;3;18;830;1;1;1;1;6;204;A450   1.740 A 5.100;;;;690
44612;201500049583;15;3;10;2350;3;1;1;1;2;276;A7   8.630 A 10.992;;;;690
44613;201500049584;15;3;15;545;3;1;1;1;6;297;A7   15.770 A 20.110;;;;690
44614;201500049585;15;3;20;1405;1;1;1;1;3;297;A47   0.000  A 1.657;;;;690
44615;201500049586;15;3;21;1830;5;1;1;2;7;29;RD383   7.640 A 11.044;;;;690
44616;201500049588;15;3;22;930;1;1;1;2;7;424;A432N 0.485 A 6.500;;;;10
44617;201500049589;15;3;23;2000;5;1;1;1;4;266;RD383   3.750 A 7.640;;;;690
44618;201500049590;15;3;29;2220;3;1;1;2;4;81;A6   448.490 A 449.450;;;;690
44619;201500049591;15;3;20;1850;2;1;1;1;2;256;A42     0.560 A 4.020;;;;690
44620;201500049592;15;3;27;750;2;1;1;8;7;34;BPNL   37.781 A 41.124;;;;690
44621;201500049593;15;3;30;1630;1;1;1;1;5;29;RD383   7.640 A 11.044;;;;690
44622;201500049594;15;3;30;1233;1;1;1;1;6;29;RD383   7.640 A 11.044;;;;690
44623;201500049595;15;3;30;1120;1;1;1;2;6;5;A46N   0.000 A 2.930;;;;690
44624;201500049596;15;3;29;1900;1;1;4;2;5;288;A43   13.029 A 15.971;;;;690
44625;201500049597;15;3;18;715;1;1;1;1;6;199;RD383   14.250 A 18.000;;;;690
44626;201500049598;15;4;3;1620;1;1;1;1;2;296;A7   10.992 A 13.970;;;;690
44627;201500049599;15;4;4;530;3;1;1;2;7;5;A46N   0.000 A 2.930;;;;690
44628;201500049601;15;4;7;1620;1;1;1;1;2;256;A42     0.560 A 4.020;;;;690
44629;201500049602;15;4;7;1630;1;1;1;1;2;72;A6   445.323 A 447.390;;;;690
44630;201500049603;15;4;7;1820;1;1;1;1;4;199;A7   7.000 A 8.630;;;;690
44631;201500049604;15;4;8;1600;1;1;1;1;2;72;A6   445.323 A 447.390;;;;690
44632;201500049605;15;4;10;830;1;1;1;1;2;266;RD383 2.321 A 3.750;;;;690
44633;201500049606;15;4;10;1845;1;1;1;1;2;81;BPNL   34.000 A 34.614;;;;690
44634;201500049607;15;4;15;730;1;1;1;1;2;199;RD383   14.250 A 18.000;;;;690
44635;201500049608;15;4;17;2030;5;1;1;2;6;449;A43   18.875 A 21.100;M;4565445.0;509567.0;380
44636;201500049609;15;4;18;645;2;1;1;8;4;9;A6   428.880 A 431.800;;;;690
44637;201500049612;15;4;20;640;2;1;1;1;6;275;A42   4.353 A 5.760   GE;;;;10
44638;201500049613;15;4;20;2250;3;1;1;1;3;287;A43   9.894 A 13.029;;;;690
44639;201500049614;15;4;21;705;1;1;1;1;4;152;A7   4.270 A 7.000;;;;690
44640;201500049615;15;4;21;1045;1;1;1;1;4;382;A7   0.000 A 2.278;;;;690
44641;201500049616;15;4;21;1050;1;1;1;1;3;297;A47   0.000  A 1.657;;;;690
44642;201500049617;15;4;23;1630;1;1;1;1;5;266;RD383   3.750 A 7.640;;;;690
44643;201500049618;15;4;20;1735;1;1;1;1;6;296;A7   10.992 A 13.970;;;;690
44644;201500049619;15;4;20;1920;1;1;1;1;2;29;A43   0.550 A 3.353;;;;690
44645;201500049620;15;4;25;835;1;1;1;1;6;275;A42   4.353 A 5.760   GE;;;;10
44646;201500049621;15;4;22;1830;1;1;1;1;1;7;A7   31.960 A 32.870;;;;690
44647;201500049622;15;4;25;2330;3;1;1;2;6;256;A42     0.560 A 4.020;;;;690
44648;201500049623;15;4;25;1800;1;1;1;2;2;29;A43   0.550 A 3.353;;;;690
44649;201500049624;15;4;25;1830;1;1;1;2;7;266;A42   0.000 A 0.560;;;;690
44650;201500049625;15;4;16;2040;3;1;1;1;3;297;A47   0.000  A 1.657;;;;690
44651;201500049627;15;4;17;1311;1;1;1;1;4;449;A43   18.875 A 21.100;;;;380
44652;201500049628;15;4;27;945;1;1;1;1;2;116;A6   442.500 A 445.030;;;;690
44653;201500049629;15;4;27;1715;1;1;1;1;6;49;A432N 9.125 A 9.900;;;;10
44654;201500049630;15;4;9;1815;1;1;1;1;6;142;A7   2.278 A 3.690;;;;690
44655;201500049631;15;5;2;1035;1;1;1;1;3;256;RN346  S/N   25.686 A 29;;;;690
44656;201500049632;15;5;1;1749;1;1;1;3;6;424;A432N 0.485 A 6.500;;;;10
44657;201500049634;15;5;3;550;4;1;1;2;2;81;A6   449.510 A 451.640;;;;690
44658;201500049635;15;4;29;1740;1;1;1;1;3;238;A46N   7.065 A 9.020;;;;10
44659;201500049636;15;4;30;940;1;1;1;1;3;259;RD383   11.750 A 14.250;;;;690
44660;201500049637;15;5;4;1130;1;1;1;1;2;382;A6   455.000 A 455.875;;;;690
44661;201500049638;15;5;8;320;1;1;1;1;1;87;A7   20.110 A 22.950;;;;380
44662;201500049639;15;5;8;1940;1;1;1;2;6;256;A42     0.560 A 4.020;;;;690
44663;201500049640;15;5;12;840;1;1;1;1;7;276;BUS (RD301)   0.000 A 2.;;;;690
44664;201500049641;15;5;12;2120;5;1;1;1;2;382;A7   0.000 A 2.278;;;;690
44665;201500049642;15;5;4;1830;1;1;1;1;3;81;A6   449.510 A 451.640;;;;690
44666;201500049644;15;5;14;2005;2;1;1;3;6;249;A42   6.290 A 8.310;;;;10
44667;201500049645;15;5;14;1150;1;1;1;1;4;72;A6   445.323 A 447.390;;;;690
44668;201500049646;15;5;12;1750;1;1;1;1;3;286;A46N   19.955 A 25.180;;;;690
44669;201500049647;15;5;15;1920;1;1;1;2;6;256;A42     0.560 A 4.020;;;;690
44670;201500049648;15;4;30;1430;1;1;1;1;7;204;A450   1.740 A 5.100;;;;690
44671;201500049649;15;5;18;10;3;1;1;1;7;275;A42  4.020 A 4.353   GEN;;;;10