;Num_Acc;an;mois;jour;hrmn;lum;agg;int;atm;col;com;adr;gps;lat;long;dep
44672;201500049650;15;5;18;1600;1;1;1;1;4;87;A7   20.110 A 22.950;;;;380
44673;201500049651;15;5;20;1525;1;1;1;1;3;297;A47   0.000  A 1.657;;;;690
44674;201500049653;15;5;16;1840;1;1;1;1;7;29;A43   0.550 A 3.353;;;;690
44675;201500049654;15;5;23;2220;5;1;1;1;7;142;A7   2.278 A 3.690;;;;690
44676;201500049655;15;5;20;1920;1;1;1;2;2;389;A6   451.790 A 453.400;;;;690
44677;201500049656;15;5;27;900;1;1;1;1;2;382;A7   0.000 A 2.278;;;;690
44678;201500049657;15;5;29;1820;1;1;1;1;7;259;BUS (RD301)  2.800 A 4.4;;;;690
44679;201500049658;15;5;29;1700;1;1;1;1;2;297;A47   0.000  A 1.657;;;;690
44680;201500049659;15;5;31;2005;1;1;1;1;5;249;A42   6.290 A 8.310;;;;10
44681;201500049660;15;6;2;830;1;1;1;1;2;275;RN346   29.300 A 34.350;;;;690
44682;201500049661;15;5;31;1215;1;1;1;1;3;272;A46S   57.400 A 61.010;;;;690
44683;201500049662;15;6;1;1440;1;1;1;1;6;115;A6   427.300 A 428.640;;;;690
44684;201500049663;15;6;5;1;5;1;1;1;6;5;A46N   0.000 A 2.930;;;;690
44685;201500049664;15;6;4;1040;1;1;1;1;2;81;A6   449.510 A 451.640;;;;690
44686;201500049665;15;6;4;1730;1;1;1;1;3;152;A7   4.270 A 7.000;;;;690
44687;201500049666;15;6;4;1750;1;1;9;1;3;152;A7   4.270 A 7.000;;;;690
44688;201500049667;15;6;3;900;1;1;1;1;4;276;BUS (RD301)   0.000 A 2.;;;;690
44689;201500049668;15;6;6;1920;1;1;1;1;6;5;A46N   0.000 A 2.930;;;;690
44690;201500049672;15;6;7;615;1;1;1;1;7;266;RD383   1.165 A 1.893;;;;690
44691;201500049673;15;6;5;1630;1;1;1;1;4;272;A46S   57.400 A 61.010;;;;690
44692;201500049674;15;6;4;1800;1;1;1;1;3;256;A42     0.560 A 4.020;;;;690
44693;201500049675;15;6;8;850;1;1;1;1;3;142;A7   2.278 A 3.690;;;;690
44694;201500049676;15;6;11;900;1;1;1;1;2;194;BPNL   36.285 A 36.318;;;;690
44695;201500049678;15;6;13;100;5;1;1;2;2;266;RD383   3.750 A 7.640;;;;690
44696;201500049679;15;4;7;1930;1;1;1;1;2;266;RD383   3.750 A 7.640;;;;690
44697;201500049680;15;6;13;1520;1;1;1;1;5;271;RN346   34.850 A 36.215;;;;690
44698;201500049681;15;6;14;510;2;1;1;2;7;286;A46N   S/N   25.680 A 25;;;;690
44699;201500049682;15;6;3;1935;1;1;1;1;3;256;A42     0.560 A 4.020;;;;690
44700;201500049683;15;6;15;730;1;1;1;8;3;297;A47   0.000  A 1.657;;;;690
44701;201500049684;15;6;11;1715;1;1;1;1;4;199;A7   7.000 A 8.630;;;;690
44702;201500049685;15;6;13;1230;1;1;1;1;7;281;A46S   49.160 A 53.980;;;;690
44703;201500049686;15;6;16;2000;1;1;1;2;6;256;A42     0.560 A 4.020;;;;690
44704;201500049687;15;6;15;1750;1;1;1;1;4;199;A7   7.000 A 8.630;;;;690
44705;201500049688;15;6;19;1715;1;1;1;1;7;29;A43   0.550 A 3.353;;;;690
44706;201500049690;15;6;21;2230;5;1;1;1;3;29;RD383   7.640 A 11.044;;;;690
44707;201500049692;15;6;19;1310;1;1;1;1;2;382;A7   0.000 A 2.278;;;;690
44708;201500049693;15;7;22;2105;1;1;1;2;3;34;RD383   0.000 A 1.165;;;;690
44709;201500049694;15;6;25;1850;1;1;1;1;6;290;A43   3.865 A 9.894;;;;690
44710;201500049695;15;6;24;915;1;1;1;1;2;275;RN346   29.300 A 34.350;;;;690
44711;201500049697;15;6;26;810;1;1;1;1;5;271;RD302   0.000 A 0.400;;;;690
44712;201500049699;15;6;30;300;3;1;1;1;7;7;A7   31.960 A 32.870;;;;690
44713;201500049700;15;6;26;1845;1;1;1;1;6;249;A42   6.290 A 8.310;;;;10
44714;201500049701;15;7;3;2140;3;1;1;1;7;199;RD383   14.250 A 18.000;;;;690
44715;201500049702;15;7;1;1310;1;1;1;1;3;29;A43   0.550 A 3.353;;;;690
44716;201500049703;15;7;6;1720;1;1;1;1;4;29;RD383   7.640 A 11.044;;;;690
44717;201500049704;15;7;6;1715;1;1;1;1;2;297;A7   15.770 A 20.110;;;;690
44718;201500049705;15;7;3;1905;1;1;1;1;4;297;A47   0.000  A 1.657;;;;690
44719;201500049706;15;7;6;1700;1;1;1;1;6;87;A7   20.110 A 22.950;;;;380
44720;201500049707;15;7;4;920;1;1;1;1;6;290;A46S   40.883 A 43.680;;;;690
44721;201500049708;15;6;30;1950;1;1;4;1;5;282;RN346   34.350 A 34.850;;;;690
44722;201500049709;15;7;7;1800;1;1;1;1;4;290;A46S   40.883 A 43.680;;;;690
44723;201500049710;15;6;19;1550;1;1;1;1;2;275;RN346   29.300 A 34.350;;;;690
44724;201500049711;15;7;15;1215;1;1;1;1;2;72;A6   445.323 A 447.390;;;;690
44725;201500049712;15;7;12;1800;1;1;1;1;7;5;A46N   0.000 A 2.930;;;;690
44726;201500049713;15;7;18;1805;1;1;1;3;6;297;A47   0.000  A 1.657;;;;690
44727;201500049714;15;7;19;1715;1;1;1;1;6;272;A46S   57.400 A 61.010;;;;690
44728;201500049715;15;7;22;830;1;1;9;1;2;199;RD383   14.250 A 18.000;;;;690
44729;201500049716;15;7;23;1227;1;1;1;1;3;385;A6   453.400 A 455.000;;;;690
44730;201500049717;15;7;21;1815;1;1;1;1;5;376;A42   8.310 A 9.500;;;;10
44731;201500049718;15;7;21;700;1;1;1;1;2;277;RN346   36.215 A 38.000;;;;690
44732;201500049719;15;7;23;1530;1;1;1;1;3;29;RD383   7.640 A 11.044;;;;690
44733;201500049720;15;7;30;1500;1;1;1;1;4;290;A43   3.865 A 9.894;;;;690
44734;201500049721;15;7;24;1900;1;1;1;3;2;249;A42     5.760 A 6.180;;;;10
44735;201500049722;15;7;31;1305;1;1;1;1;6;199;A7   7.000 A 8.630;;;;690
44736;201500049723;15;7;22;2230;4;1;1;1;3;256;RN346  S/N   25.686 A 29;;;;690
44737;201500049724;15;8;8;1030;1;1;1;1;3;297;A7   15.770 A 20.110;;;;690
44738;201500049725;15;8;12;2030;1;1;1;1;3;244;A6   451.640 A 451.790;;;;690
44739;201500049726;15;8;13;1115;1;1;1;1;6;487;A7   22.950 A 25.770;;;;380
44740;201500049727;15;8;13;1645;1;1;1;2;4;382;A7   0.000 A 2.278;;;;690
44741;201500049728;15;8;9;100;3;1;1;2;6;275;A42   4.353 A 5.760   GE;;;;10
44742;201500049729;15;7;18;1900;1;1;1;2;7;290;A43   3.865 A 9.894;;;;690
44743;201500049730;15;8;17;1150;1;1;1;1;5;9;A6   428.880 A 431.800;;;;690
44744;201500049731;15;7;10;2230;5;1;1;1;2;544;N407   0.000 A 2.331;;;;380
44745;201500049732;15;8;6;1400;1;1;1;1;2;29;RD383   7.640 A 11.044;;;;690
44746;201500049733;15;8;19;930;1;1;1;1;7;29;RD383   7.640 A 11.044;;;;690
44747;201500049734;15;8;20;305;3;1;1;1;4;278;A46N   9.020 A 11.650;;;;690
44748;201500049735;15;8;22;1400;1;1;1;1;3;266;RD383   3.750 A 7.640;;;;690
44749;201500049736;15;8;23;1605;1;1;1;2;7;266;RD383   3.750 A 7.640;;;;690
44750;201500049737;15;8;24;1300;1;1;1;1;7;266;RD383   3.750 A 7.640;;;;690
44751;201500049739;15;8;24;2330;3;1;1;1;7;294;A7   13.970 A 15.270;;;;690
44752;201500049740;15;8;25;1125;1;1;1;1;3;27;A450   5.100 A 7.285;;;;690
44753;201500049742;15;8;28;630;1;1;1;1;5;271;RD302   0.000 A 0.400;;;;690
44754;201500049743;15;8;29;140;5;1;1;1;1;29;RD383   7.640 A 11.044;;;;690
44755;201500049744;15;8;27;2300;5;1;1;1;2;29;RD383   7.640 A 11.044;;;;690
44756;201500049745;15;8;30;400;5;1;1;1;7;256;A42     0.560 A 4.020;;;;690
44757;201500049746;15;8;28;1055;1;1;1;1;3;199;RD383   14.250 A 18.000;;;;690
44758;201500049747;15;8;14;650;1;1;1;2;2;266;RD383   3.750 A 7.640;;;;690
44759;201500049748;15;8;27;1700;1;1;1;1;2;272;A46S   57.400 A 61.010;;;;690
44760;201500049749;15;8;28;1628;1;1;1;1;2;281;A46S   49.160 A 53.980;;;;690
44761;201500049750;15;8;31;500;3;1;1;1;6;34;BPNL   37.781 A 41.124;;;;690
44762;201500049751;15;9;1;430;4;1;1;1;6;275;A42 4.329 A 5.760   LYON;;;;10
44763;201500049752;15;9;5;315;4;1;1;1;2;275;RN346   29.300 A 34.350;;;;690
44764;201500049753;15;9;6;2025;4;1;1;1;2;199;A7   7.000 A 8.630;;;;690
44765;201500049754;15;7;23;1910;1;1;1;1;2;290;A46S   40.883 A 43.680;;;;690
44766;201500049755;15;9;4;1550;1;1;1;1;1;72;A6   445.323 A 447.390;;;;690
44767;201500049756;15;9;11;1635;1;1;1;1;7;259;RD383   11.750 A 14.250;;;;690
44768;201500049757;15;9;12;2100;3;1;9;3;3;277;RN346   36.215 A 38.000;;;;690
44769;201500049758;15;9;12;2110;4;1;1;3;7;266;RD383   3.750 A 7.640;;;;690
44770;201500049759;15;9;14;5;3;1;1;3;3;297;A7   15.770 A 20.110;;;;690
44771;201500049760;15;9;14;30;3;1;1;3;2;389;A6   451.790 A 453.400;;;;690
44772;201500049761;15;9;14;600;5;1;1;2;6;199;RD383   14.250 A 18.000;;;;690
44773;201500049762;15;10;5;1300;1;1;1;2;7;29;RD383   7.640 A 11.044;;;;690
44774;201500049763;15;9;16;2045;3;1;1;6;5;163;A46N   2.930 A 7.065;;;;690
44775;201500049764;15;9;18;415;3;1;1;2;2;238;A46N   7.065 A 9.020;;;;10
44776;201500049765;15;9;18;930;1;1;1;9;2;34;RD383   0.000 A 1.165;;;;690
44777;201500049766;15;9;15;1815;1;1;1;1;3;266;RD383   3.750 A 7.640;;;;690
44778;201500049767;15;9;19;225;5;1;1;1;1;34;RD383   0.000 A 1.165;;;;690
44779;201500049768;15;9;17;1420;1;1;1;2;6;199;RD383   14.250 A 18.000;;;;690
44780;201500049769;15;9;20;1700;1;1;1;1;3;487;A7   22.950 A 25.770;;;;380
44781;201500049770;15;9;4;1625;1;1;1;1;5;259;RD383   11.750 A 14.250;;;;690
44782;201500049771;15;9;18;1529;1;1;1;1;2;297;A7   15.770 A 20.110;;;;690
44783;201500049772;15;7;7;1325;1;1;1;1;2;266;RD383 2.321 A 3.750;;;;690
44784;201500049773;15;9;17;1615;1;1;1;1;2;266;RD383   3.750 A 7.640;;;;690
44785;201500049774;15;10;4;140;4;1;1;8;6;297;A7   15.770 A 20.110;;;;690
44786;201500049776;15;9;26;1220;1;1;1;1;3;388;RD383   0.000 A 1.165;;;;690
44787;201500049777;15;9;27;615;5;1;1;1;7;259;RD383   11.0044 A 11.460;;;;690
44788;201500049778;15;9;18;1710;1;1;1;1;2;259;RD383   11.750 A 14.250;;;;690
44789;201500049779;15;9;28;2000;2;1;1;1;7;152;A7   4.270 A 7.000;;;;690
44790;201500049780;15;10;1;800;1;1;1;1;4;266;RD383   3.750 A 7.640;;;;690
44791;201500049781;15;9;29;1729;1;1;1;1;5;149;A7   3.690 A 4.270;;;;690
44792;201500049782;15;9;23;1800;1;1;1;1;4;34;RD383   0.000 A 1.165;;;;690
44793;201500049784;15;10;8;845;1;1;1;1;4;275;RN346   29.300 A 34.350;;;;690
44794;201500049785;15;10;9;2000;4;1;1;1;4;297;A47   0.000  A 1.657;;;;690
44795;201500049786;15;10;11;530;5;1;1;1;6;266;RD383   3.750 A 7.640;;;;690
44796;201500049787;15;10;12;1635;1;1;1;1;5;266;RD383   1.165 A 1.893;;;;690
44797;201500049788;15;9;29;850;1;1;1;1;4;283;A46S   43.680 A 47.880;;;;690
44798;201500049789;15;10;10;1000;1;1;1;1;7;276;BUS (RD301)   0.000 A 2.;;;;690
44799;201500049791;15;10;24;1445;1;1;1;1;1;27;A450   5.100 A 7.285;;;;690
44800;201500049792;15;10;8;540;3;1;1;1;4;275;RN346   29.300 A 34.350;;;;690
44801;201500049793;15;10;23;1240;1;1;1;1;5;266;RD383   3.750 A 7.640;;;;690
44802;201500049794;15;10;26;1820;5;1;1;1;4;290;A46S   40.883 A 43.680;;;;690
44803;201500049795;15;10;26;1915;3;1;1;1;3;249;A42   6.290 A 8.310;;;;10
44804;201500049796;15;10;23;1620;1;1;1;1;5;266;RD383   3.750 A 7.640;;;;690
44805;201500049798;15;10;29;135;5;1;1;1;6;266;RD383   3.750 A 7.640;;;;690
44806;201500049799;15;10;28;1740;1;1;1;1;7;256;A42     0.560 A 4.020;;;;690
44807;201500049800;15;10;12;1815;1;1;1;1;3;273;BUS (RD301)   4.470 A 7.;;;;690
44808;201500049801;15;10;31;1550;1;1;1;1;2;29;RD383   7.640 A 11.044;;;;690
44809;201500049803;15;11;4;2045;3;1;1;1;2;204;A450   1.740 A 5.100;;;;690
44810;201500049804;15;11;6;1900;3;1;1;1;4;296;A7   10.992 A 13.970;;;;690
44811;201500049805;15;11;13;1600;1;1;1;1;3;152;A7   4.270 A 7.000;;;;690
44812;201500049806;15;11;5;710;5;1;1;5;4;286;A46N   19.955 A 25.180;;;;690
44813;201500049807;15;11;13;1830;3;1;1;1;4;29;A43   0.550 A 3.353;;;;690
44814;201500049808;15;11;15;520;5;1;1;1;2;382;A6   455.000 A 455.875;;;;690
44815;201500049809;15;10;7;1540;1;1;1;1;6;256;A42     0.560 A 4.020;;;;690
44816;201500049810;15;11;21;220;3;1;1;3;2;256;RN346  S/N   25.686 A 29;;;;690
44817;201500049811;15;11;21;1250;1;1;1;2;7;29;RD383   7.640 A 11.044;;;;690
44818;201500049812;15;11;22;935;1;1;9;8;1;376;A42   8.310 A 9.500;;;;10
44819;201500049813;15;11;23;745;2;1;1;1;6;336;A7   32.870 A 35.680;M;4548562.0;483458.0;380
44820;201500049814;15;11;16;705;3;1;1;1;7;204;A450   1.740 A 5.100;;;;690
44821;201500049817;15;11;25;1430;1;1;1;2;6;275;A42  4.020 A 4.353   GEN;;;;10
44822;201500049818;15;11;26;120;3;1;1;1;3;152;A7   4.270 A 7.000;;;;690
44823;201500049819;15;12;5;1510;1;1;1;1;4;290;A43   3.865 A 9.894;;;;690
44824;201500049820;15;12;6;603;5;1;1;1;2;382;;;;;690
44825;201500049821;15;12;8;920;1;1;1;1;3;294;A7   13.970 A 15.270;;;;690
44826;201500049822;15;12;11;240;4;1;9;1;7;276;;;;;690
44827;201500049823;15;12;13;1800;3;1;1;1;4;72;A6   445.323 A 447.390;;;;690
44828;201500049825;15;12;7;1655;1;1;1;1;7;152;A7   4.270 A 7.000;;;;690
44829;201500049826;15;12;15;1345;1;1;1;1;7;385;A6   453.400 A 455.000;;;;690
44830;201500049827;15;12;16;520;3;1;1;1;6;275;A42   4.353 A 5.760   GE;;;;10
44831;201500049828;15;12;12;1930;3;1;1;1;7;9;A6   428.880 A 431.800;;;;690
44832;201500049829;15;12;17;1759;5;1;1;1;4;29;RD383   7.640 A 11.044;;;;690
44833;201500049830;15;12;18;1440;1;1;1;1;2;297;A47   0.000  A 1.657;;;;690
44834;201500049831;15;12;16;810;1;1;1;1;1;270;A46S   47.880 A 49.160;;;;690
44835;201500049832;15;12;23;2300;5;1;1;1;2;152;A7   4.270 A 7.000;;;;690
44836;201500049833;15;12;27;1045;1;1;1;1;4;286;A46N   19.955 A 25.180;;;;690
44837;201500049834;15;1;5;1830;5;2;1;1;6;389;AVENUE SIDOINE APOLLINAI;M;4578070.0;479380.0;690
44838;201500049835;15;1;6;1210;1;2;1;1;3;81;CHEMIN DES MOUILLES;;;;690
44839;201500049836;15;1;9;1250;1;2;2;1;3;389;RUE GORGE DE LOUP;;;;690
44840;201500049838;15;1;28;1700;1;2;1;1;3;81;RUE MARIETTON;;;;690
44841;201500049839;15;1;29;800;1;2;1;3;6;389;39, AVENUE SIDOINE APOLL;;;;690
44842;201500049840;15;2;4;1010;1;2;1;1;6;389;131, RUE DE SAINT CYR;;;;690
44843;201500049841;15;2;10;1845;5;2;1;1;6;389;112, RUE DE SAINT CYR;;;;690
44844;201500049842;15;2;19;1030;1;2;1;1;3;389;QUAI ARLOING;;;;690
44845;201500049843;15;2;26;1555;1;2;1;1;6;389;36, QUAI JAYR;;;;690
44846;201500049844;15;2;28;1155;1;2;1;1;2;389;519, AVENUE DE LA SAUVEG;;;;690
44847;201500049845;15;3;10;900;1;2;1;1;3;389;77, RUE MARIETTON;;;;690
44848;201500049846;15;3;11;1205;1;2;2;1;3;81;CHEMIN DU RANDIN;;;;690
44849;201500049847;15;3;11;1545;1;2;1;1;3;389;BOULEVARD DE BALMONT;;;;690
44850;201500049848;15;3;14;1500;1;2;1;8;6;389;68, MONTEE DE L OBSERVAN;;;;690
44851;201500049849;15;1;2;1355;1;1;1;1;5;137;A57;M;4312447.0;596683.0;830
44852;201500049851;15;1;13;345;3;1;1;1;7;47;A570;M;4313319.0;605458.0;830
44853;201500049852;15;1;17;2300;3;1;1;1;2;137;A57;M;4312419.0;596228.0;830
44854;201500049853;15;1;20;800;1;1;1;2;7;137;A50;M;4312527.0;590789.0;830
44855;201500049854;15;1;20;1730;1;1;1;2;4;144;A57;M;4313366.0;598525.0;830
44856;201500049855;15;1;22;900;1;1;1;1;4;129;A50;M;4312019.0;584617.0;830
44857;201500049856;15;1;24;1242;1;1;1;1;3;144;A57;M;4313416.0;598739.0;830
44858;201500049857;15;1;31;2020;3;1;1;1;6;35;A50;M;4318472.0;576911.0;830
44859;201500049858;15;2;8;545;5;1;1;1;3;144;A57;M;4313525.0;599086.0;830
44860;201500049859;15;2;9;1420;1;1;1;1;6;112;A50;M;4319611.0;570253.0;830
44861;201500049861;15;2;15;145;3;1;1;1;2;47;A570;M;4313169.0;606428.0;830
44862;201500049863;15;2;17;1845;2;1;1;1;2;27;A50;M;0.0;0.0;830
44863;201500049864;15;2;19;915;1;1;1;1;4;144;A57;M;4314263.0;600847.0;830
44864;201500049865;15;2;26;845;1;1;1;1;2;137;A57;M;4312219.0;595572.0;830
44865;201500049866;15;2;27;1000;1;1;1;2;6;47;A570;M;4313169.0;606428.0;830
44866;201500049867;15;3;1;2010;5;1;2;1;3;137;A57;M;4313230.0;598125.0;830
44867;201500049868;15;3;7;545;3;1;1;1;2;62;A57;M;4314586.0;603131.0;830
44868;201500049869;15;4;2;1659;1;1;1;1;2;137;A50 Voies de sortie du t;M;0.0;0.0;830
44869;201500049870;15;4;4;1720;1;1;1;1;7;69;A570;M;4311563.0;611183.0;830
44870;201500049872;15;4;10;845;1;1;1;1;3;90;A50;M;4312235.0;583002.0;830
44871;201500049873;15;4;15;1250;1;1;1;1;6;35;A50;M;4319632.0;576196.0;830
44872;201500049874;15;4;18;1656;1;1;1;1;2;137;A57;M;4312261.0;595772.0;830
44873;201500049875;15;4;25;1150;1;1;1;2;2;144;A57;M;4313355.0;598531.0;830
44874;201500049876;15;4;25;1250;1;1;1;1;2;27;A50;M;4319300.0;568278.0;830
44875;201500049877;15;4;25;2205;3;1;1;1;6;69;A570;M;0.0;0.0;830
44876;201500049878;15;5;7;1354;1;1;1;1;2;137;A50;;;;830
44877;201500049879;15;5;9;257;3;1;1;1;6;144;A57;M;4314050.0;600033.0;830
44878;201500049880;15;5;10;550;3;1;1;1;7;28;A50 ***;;;;130
44879;201500049881;15;5;10;555;3;1;1;1;2;28;A50**;;;;130
44880;201500049882;15;5;15;725;1;1;1;1;6;137;A50;M;4307360.0;553392.0;830
44881;201500049883;15;5;21;920;1;1;1;1;5;129;A50;M;4312039.0;584336.0;830
44882;201500049884;15;6;4;730;1;1;1;1;2;144;A57;M;4314113.0;600261.0;830
44883;201500049885;15;6;5;1910;1;1;1;1;4;144;A57;M;4314032.0;599935.0;830
44884;201500049886;15;6;9;1810;1;1;1;1;3;144;A57;M;0.0;0.0;830
44885;201500049887;15;6;15;1351;1;1;1;1;2;137;avenue Mirasouléou;M;4313383.0;598059.0;830
44886;201500049888;15;6;17;1210;1;1;9;1;2;137;ROUTE DE NICE/A57;;;;830
44887;201500049890;15;6;25;810;1;1;1;1;7;144;A57;M;4314194.0;600576.0;830
44888;201500049893;15;7;18;406;5;1;1;1;2;137;A57;M;4313027.0;597900.0;830
44889;201500049894;15;7;20;1140;1;1;1;1;2;69;A570;;;;830
44890;201500049895;15;8;1;1957;1;1;1;1;2;69;RN98;M;4311427.0;611683.0;830
44891;201500049896;15;8;4;1742;1;1;1;1;2;27;A50;;;;830
44892;201500049897;15;8;16;602;5;1;1;1;2;137;A50 Voies d'accès au tun;;;;830
44893;201500049898;15;8;26;1355;1;1;1;1;4;137;A57;;;;830
44894;201500049899;15;8;28;1605;1;1;1;1;7;137;A50;M;4312582.0;589790.0;830
44895;201500049900;15;9;4;1640;1;1;1;1;5;137;A57;M;4312725.0;597474.0;830
44896;201500049902;15;9;29;1700;1;1;1;1;6;90;A50;M;4312354.0;582815.0;830
44897;201500049903;15;9;30;830;1;1;1;1;7;62;A57;M;4314426.0;602727.0;830
44898;201500049904;15;10;3;1150;1;1;1;2;7;137;RN1050;M;4312007.0;594906.0;830
44899;201500049905;15;10;7;1840;2;1;1;1;4;62;A57;M;4314376.0;602058.0;830
44900;201500049907;15;10;10;305;3;1;1;1;6;28;A50**;;;;130
44901;201500049908;15;10;10;720;2;1;1;1;3;90;A50;;;;830
44902;201500049909;15;10;19;1540;1;1;1;1;4;137;A57;M;4313294.0;598381.0;830
44903;201500049910;15;10;19;2150;3;1;1;1;2;144;A57;M;4313739.0;599447.0;830
44904;201500049911;15;10;23;1615;1;1;1;1;6;28;A50**;;;;130
44905;201500049912;15;10;24;1930;4;1;1;1;5;144;A57;M;4314264.0;600846.0;830
44906;201500049913;15;10;26;1400;1;1;1;1;3;137;A57;M;4312217.0;595574.0;830
44907;201500049914;15;11;1;210;3;1;1;1;6;137;A50;M;4312667.0;589210.0;830
44908;201500049915;15;11;6;2230;3;1;1;1;5;144;A57;M;4314252.0;600855.0;830
44909;201500049916;15;11;9;1825;1;1;1;1;2;144;A57;M;4314261.0;600850.0;830
44910;201500049917;15;11;17;740;2;1;1;1;3;144;A57;M;4313853.0;599657.0;830
44911;201500049918;15;11;24;747;2;1;1;1;7;123;A50;M;4312222.0;595571.0;830
44912;201500049920;15;12;1;830;1;1;1;1;2;123;A50;;;;830
44913;201500049922;15;12;2;834;1;1;1;1;2;123;A50;;;;830
44914;201500049923;15;12;2;1515;1;1;1;1;2;144;A57;M;4313690.0;598073.0;830
44915;201500049924;15;12;7;750;2;1;1;1;3;137;RN1050;;;;830
44916;201500049925;15;12;7;1820;3;1;1;2;2;62;A57;;;;830
44917;201500049926;15;12;8;1745;2;1;1;1;4;144;A57;;;;830
44918;201500049927;15;12;10;1530;1;1;1;1;2;137;A50 Trémie Léon BOURGEOI;;;;830
44919;201500049928;15;12;11;1206;1;1;1;1;5;55;A50 VILLEVIEILLE/MARSEIL;;;;130
44920;201500049929;15;12;16;755;1;1;1;1;3;62;A57;;;;830
44921;201500049930;15;3;7;1300;1;1;1;1;6;137;Tunnel Tube Sud;M;0.0;0.0;830
44922;201500049931;15;12;19;220;5;1;1;1;3;55;A7-Sens Lyon vers*Marsei;;;;130
44923;201500049932;15;1;2;1415;1;1;1;1;3;71;A7-Sens Lyon vers*Marsei;;;;130
44924;201500049933;15;1;3;520;3;1;1;1;6;55;A7-Sens Marseille vers*L;;;;130
44925;201500049934;15;1;3;2200;3;1;1;1;6;56;A55-Sens Martigues*vers;;;;130
44926;201500049935;15;1;4;105;3;1;1;1;6;106;A7-Sens Marseille*vers L;;;;130
44927;201500049936;15;1;7;1215;1;1;1;1;6;71;A55-Sens Martigues*vers;;;;130
44928;201500049937;15;1;6;930;1;1;1;1;6;55;A50-Sens Aubagne vers*Ma;;;;130
44929;201500049938;15;1;7;1345;1;1;1;1;2;70;A50-Sens Aubagne vers*Ma;;;;130
44930;201500049939;15;1;12;740;2;1;1;1;2;55;A7-Sens Lyon vers Marsei;;;;130
44931;201500049940;15;1;13;745;5;1;1;1;3;55;A50-Sens Aubagne vers*Ma;;;;130
44932;201500049942;15;1;12;1645;1;1;1;1;2;55;A7-Sens Marseille vers L;;;;130
44933;201500049943;15;1;15;1933;3;1;1;1;4;55;A7-Sens Lyon vers*Marsei;;;;130
44934;201500049944;15;1;16;2050;3;1;1;2;1;55;A7-Sens Marseille vers*L;;;;130
44935;201500049945;15;1;11;910;1;1;1;1;6;28;A50-Sens Aubagne vers*To;;;;130
44936;201500049946;15;1;17;1455;1;1;1;1;2;15;A51-Sens Aix en*Provence;;;;130
44937;201500049947;15;1;17;700;2;1;1;1;6;26;A55-Sens Marseilleùvers;;;;130
44938;201500049948;15;1;18;50;5;1;1;1;2;55;A7-Sens Lyon vers*Marsei;;;;130
44939;201500049949;15;1;17;35;3;1;1;8;3;22;A50-Sens Aubagne vers*To;;;;130
44940;201500049950;15;1;15;1600;1;1;1;1;2;55;A7-Sens Marseille vers*L;;;;130
44941;201500049951;15;1;19;1740;3;1;1;1;6;55;A55-Sens Martigues*vers;;;;130
44942;201500049952;15;1;18;1930;3;1;1;1;2;55;A7-Sens Lyon vers*Marsei;;;;130
44943;201500049953;15;1;19;2045;3;1;1;2;3;55;A55-Sens Marseille*vers;;;;130
44944;201500049954;15;1;15;1933;1;1;1;1;3;106;A51-Sens Marseille*vers;;;;130
44945;201500049955;15;1;20;1100;1;1;1;2;2;33;A55-Sens Martigues*vers;;;;130
44946;201500049956;15;1;20;735;2;1;1;2;4;55;A55-Sens Marseille*vers;;;;130
44947;201500049957;15;1;21;5;3;1;1;1;6;85;A50-Sens Toulon vers*Aub;;;;130
44948;201500049958;15;1;21;1245;1;1;1;3;6;55;A557-Liaison A7*Marseill;;;;130
44949;201500049959;15;1;19;1355;1;1;1;2;7;19;A51-Sens Marseille*vers;;;;130
44950;201500049960;15;1;25;1645;1;1;1;1;6;19;A51-Sens Aix en*Provence;;;;130
44951;201500049961;15;1;7;1800;2;1;1;1;3;55;A55-Sens Martigues *vers;;;;130
44952;201500049962;15;1;24;2005;3;1;1;1;4;55;A7-Sens Lyon vers*Marsei;;;;130
44953;201500049964;15;1;26;825;1;1;1;1;4;117;A7-Sens Lyon vers*Marsei;;;;130
44954;201500049965;15;1;28;250;3;1;1;1;7;1;A51-Sens Marseille*vers;;;;130
44955;201500049966;15;1;28;700;3;1;1;1;3;1;A51-Sens Marseille*vers;;;;130
44956;201500049967;15;1;10;1745;4;1;1;1;4;55;A7-Sens Lyon vers*Marsei;;;;130
44957;201500049968;15;1;25;1850;3;1;1;1;4;71;A51-Sens Aix en*Provence;;;;130
44958;201500049969;15;1;28;655;3;1;1;1;5;1;A51-Sens Marseille*vers;;;;130
44959;201500049970;15;1;30;1430;1;1;1;1;4;71;A51-Sens Marseille*vers;;;;130