;Num_Acc;an;mois;jour;hrmn;lum;agg;int;atm;col;com;adr;gps;lat;long;dep
44960;201500049971;15;1;16;2210;3;1;1;2;3;106;A51-Sens Marseille*vers;;;;130
44961;201500049972;15;12;18;450;3;1;1;1;6;55;A7-Sens Lyon vers*Marsei;;;;130
44962;201500049973;15;1;30;1207;1;1;1;1;5;71;A7-Sens Marseille vers*L;;;;130
44963;201500049974;15;12;23;900;1;1;1;2;6;33;A55-Sens Martigues *ers;;;;130
44964;201500049975;15;1;18;15;3;1;1;1;5;19;A51-Sens Aix en*Provence;;;;130
44965;201500049977;15;1;30;1300;1;1;1;1;2;55;A50-Sens Marseille*vers;;;;130
44966;201500049978;15;12;26;1615;1;1;1;1;2;106;A7-Sens Marseille vers*L;;;;130
44967;201500049979;15;2;4;2140;3;1;1;2;6;55;A55-Sens Marseille*vers;;;;130
44968;201500049980;15;2;6;1152;1;1;1;1;6;71;A7-Sens Lyon vers*Marsei;;;;130
44969;201500049981;15;2;6;619;3;1;1;1;6;56;A55-Sens Martigues*vers;;;;130
44970;201500049982;15;2;8;500;3;1;1;1;6;55;A50-Sens Marseille*vers;;;;130
44971;201500049983;15;2;8;450;3;1;1;1;6;19;A51-Sens Aix en*Provence;;;;130
44972;201500049984;15;2;8;2200;3;1;1;1;6;55;A55-Sens Marseille*vers;;;;130
44973;201500049985;15;2;10;615;3;1;1;1;3;106;A7-Sens Marseille vers*L;;;;130
44974;201500049986;15;2;5;920;1;1;1;2;7;55;A50-Sens Aubagne vers*Ma;;;;130
44975;201500049988;15;2;11;1230;1;1;1;1;2;5;A50-Sens Marseille.vers;;;;130
44976;201500049989;15;12;19;500;4;1;1;1;2;15;A51-Sens Aix en*Provence;;;;130
44977;201500049990;15;2;12;2015;3;1;1;1;3;55;A7-Sens Lyon vers*Marsei;;;;130
44978;201500049991;15;2;13;2030;3;1;1;2;6;55;A55-Sens Marseille*vers;;;;130
44979;201500049992;15;2;9;950;1;1;1;1;2;71;A55 - Sens Marseille*ver;;;;130
44980;201500049993;15;2;14;1035;1;1;1;4;4;26;A55-Sens Martigues*vers;;;;130
44981;201500049996;15;2;15;1545;1;1;1;2;3;55;A557-Liaison A7*Marseill;;;;130
44982;201500049997;15;2;16;1940;5;1;1;1;4;28;A50-Sens Aubagne versùTo;;;;130
44983;201500049998;15;2;17;930;1;1;1;2;2;55;A50-Sens Aubagne vers*Ma;;;;130
44984;201500049999;15;2;17;915;1;1;1;1;4;55;A50-Sens Aubagne vers Ma;;;;130
44985;201500050000;15;2;17;715;2;1;1;2;4;55;A50-Sens Marseille*vers;;;;130
44986;201500050002;15;2;18;1430;1;1;1;1;7;15;A51-Sens Aix en*Provence;;;;130
44987;201500050003;15;2;19;700;2;1;1;1;6;1;A51-Sens Aix en*Provence;;;;130
44988;201500050004;15;2;20;800;1;1;1;1;2;55;Sens Aubagne vers*Marsei;;;;130
44989;201500050005;15;2;20;920;1;1;1;1;7;15;A515CD-Gardanne*vers A51;;;;130
44990;201500050006;15;2;20;1720;1;1;1;1;1;55;A7-Sens Lyon vers*Marsei;;;;130
44991;201500050007;15;2;20;2230;3;1;1;1;6;71;A55-Sens Martigues vers;;;;130
44992;201500050008;15;2;21;1725;1;1;1;1;5;55;A55-Sens Marseille vers;;;;130
44993;201500050009;15;2;21;1040;1;1;1;8;7;85;A50-Sens Aubagne vers To;;;;130
44994;201500050010;15;2;21;1610;1;1;1;2;4;55;A7-Sens Lyon vers Marsei;;;;130
44995;201500050011;15;2;20;1930;3;1;1;1;2;56;A55-Sens Marseille*vers;;;;130
44996;201500050012;15;2;17;1645;1;1;1;1;4;55;A7-Sens Lyon vers*Marsei;;;;130
44997;201500050013;15;2;23;1355;1;1;1;1;2;106;A51-Sens Aix en Provence;;;;130
44998;201500050014;15;2;25;630;5;1;1;1;2;22;A50-Sens Aubagne vers To;;;;130
44999;201500050015;15;2;25;625;3;1;1;1;5;1;A51-Sens Marseille vers;;;;130
45000;201500050016;15;2;27;800;1;1;1;3;4;71;A7-Sens Marseille vers*L;;;;130
45001;201500050017;15;3;1;145;3;1;1;1;5;5;A50-Sens Aubagne vers Ma;;;;130
45002;201500050018;15;3;1;1705;1;1;1;1;2;71;A7-Sens Lyon vers Marsei;;;;130
45003;201500050019;15;2;14;1035;1;1;1;4;2;33;A55-Sens Marseille*vers;;;;130
45004;201500050020;15;3;2;940;1;1;1;1;6;55;A55-Sens Marseille vers;;;;130
45005;201500050021;15;3;6;1130;1;1;1;1;2;117;A7-Sens Lyon vers*Marsei;;;;130
45006;201500050023;15;3;4;1950;3;1;1;1;4;71;A5502G-sens Martigues ve;;;;130
45007;201500050025;15;3;6;2030;3;1;1;1;2;55;A7-Sens Lyon vers Marsei;;;;130
45008;201500050026;15;3;8;205;3;1;1;1;6;1;A51-Sens Marseille vers;M;0.0;0.0;130
45009;201500050027;15;3;7;1720;1;1;1;1;5;70;A50-Sens Aubagne vers Ma;;;;130
45010;201500050028;15;3;7;1825;1;1;1;1;2;55;A50-Sens Aubagne vers Ma;;;;130
45011;201500050029;15;3;9;830;1;1;1;1;3;5;A50-Sens Aubagne vers*Ma;;;;130
45012;201500050030;15;3;9;1010;1;1;1;1;7;55;TVPCD-Sens Les Ports ver;;;;130
45013;201500050031;15;3;5;50;3;1;1;2;6;117;A7-Sens Lyon vers Marsei;;;;130
45014;201500050032;15;3;10;709;2;1;1;1;2;55;A7-Sens Lyon vers*Marsei;;;;130
45015;201500050033;15;3;10;1645;1;1;1;1;6;55;A55-Sens Martigues*vers;;;;130
45016;201500050034;15;3;2;1850;3;1;1;1;5;5;A50-Sens Marseille vers;;;;130
45017;201500050035;15;3;12;1015;1;1;1;1;4;71;A5502G-sens Martigues ve;;;;130
45018;201500050036;15;3;12;815;1;1;1;1;2;43;A55-Sens Martigues*vers;;;;130
45019;201500050037;15;3;12;735;1;1;1;1;4;55;A7-Sens Lyon vers*Marsei;;;;130
45020;201500050038;15;3;12;900;1;1;1;1;2;55;A7-Sens Lyon vers*Marsei;;;;130
45021;201500050039;15;3;13;735;1;1;1;8;2;85;A50-Sens Aubagne vers To;;;;130
45022;201500050040;15;3;13;1505;1;1;1;1;4;55;A55-Sens Marseille*vers;;;;130
45023;201500050041;15;3;13;1540;1;1;1;1;3;106;A51-Sens Marseille *vers;;;;130
45024;201500050042;15;2;26;1905;1;1;1;1;6;55;Tunnel Joliette vers A.5;;;;130
45025;201500050044;15;3;16;1520;1;1;1;2;4;55;A50-Sens Marseille*vers;;;;130
45026;201500050045;15;3;15;2110;3;1;1;2;2;71;A7-Sens Lyon vers*Marsei;;;;130
45027;201500050046;15;3;16;930;1;1;1;2;7;85;A50-Sens Toulon vers*Aub;;;;130
45028;201500050047;15;3;17;900;1;1;9;2;2;55;A7-Sens Marseille vers*L;;;;130
45029;201500050048;15;3;17;1330;1;1;1;1;2;55;A7-Sens Lyon vers*Marsei;;;;130
45030;201500050049;15;3;17;2210;3;1;1;1;6;56;A55-Sens Marseille*vers;;;;130
45031;201500050050;15;3;15;1915;3;1;1;1;6;26;A55-Sens Marseille*vers;;;;130
45032;201500050051;15;3;19;910;1;1;1;1;6;55;Tunnel Prado Car?nage;;;;130
45033;201500050053;15;3;22;1855;1;1;1;2;7;117;A7-Sens Marseille vers*L;;;;130
45034;201500050054;15;3;22;1200;1;1;1;1;6;19;A51-Sens Aix en*Provence;;;;130
45035;201500050055;15;3;22;1030;1;1;1;2;7;26;A55-Sens Martigues*vers;;;;130
45036;201500050056;15;3;21;2315;3;1;1;2;6;19;A51-Sens Aix en*Provence;;;;130
45037;201500050057;15;3;23;1805;1;1;1;1;6;81;A7-Sens Marseille vers*L;;;;130
45038;201500050058;15;3;23;1840;2;1;1;1;3;22;A50-Sens Aubagne vers*To;;;;130
45039;201500050059;15;3;24;1700;1;1;1;8;3;5;A50-Sens Marseille*vers;;;;130
45040;201500050060;15;3;25;900;1;1;1;2;2;55;A7-Sens Lyon vers*Marsei;;;;130
45041;201500050061;15;3;26;825;1;1;1;1;4;55;A50-Sens Aubagne vers*Ma;;;;130
45042;201500050063;15;3;22;1730;1;1;1;2;6;55;A557-Liaison A7*Marseill;;;;130
45043;201500050064;15;3;22;1500;1;1;1;2;6;71;A55-Sens Martigues*vers;;;;130
45044;201500050065;15;3;27;2045;3;1;1;1;2;15;A51-Sens Aix en*Provence;;;;130
45045;201500050066;15;3;29;1720;1;1;1;1;2;55;A7-Sens Lyon vers*Marsei;;;;130
45046;201500050067;15;3;30;830;1;1;1;1;2;81;A7-Sens Lyon vers*Marsei;;;;130
45047;201500050068;15;3;30;910;1;1;1;1;6;71;A55 - Sens Marseille*ver;;;;130
45048;201500050069;15;3;31;920;1;1;1;1;4;55;A55-Sens Martigues*vers;;;;130
45049;201500050070;15;3;31;1850;1;1;1;1;4;5;A50-Sens Aubagne vers*Ma;;;;130
45050;201500050071;15;4;1;1650;1;1;1;1;2;55;Sens Aubagne vers*Marsei;;;;130
45051;201500050072;15;4;5;405;3;1;1;1;6;55;A50-Sens Marseille*vers;;;;130
45052;201500050074;15;4;1;745;1;1;1;1;4;71;A7-Sens Marseille vers*L;;;;130
45053;201500050075;15;4;6;1245;1;1;1;1;2;106;A51-Sens Marseille*vers;;;;130
45054;201500050076;15;3;31;815;1;1;1;1;2;33;A55-Sens Martigues*vers;;;;130
45055;201500050077;15;4;6;1730;1;1;1;1;1;5;A50-Sens Aubagne vers Ma;;;;130
45056;201500050078;15;4;9;108;5;1;1;1;6;55;A50-Sens Marseille*vers;;;;130
45057;201500050079;15;4;8;1345;1;1;1;1;3;5;A50 - Sens Aubagne*vers;;;;130
45058;201500050080;15;4;9;1000;1;1;1;1;2;55;A7-Sens Lyon vers*Marsei;;;;130
45059;201500050081;15;4;10;920;1;1;1;1;2;55;A50-Sens Aubagne*vers Ma;;;;130
45060;201500050082;15;4;11;2015;1;1;1;1;4;55;A7-Sens Lyon*vers Marsei;;;;130
45061;201500050083;15;4;12;205;3;1;1;1;5;106;A7-Sens Lyon vers*Marsei;;;;130
45062;201500050084;15;3;16;1450;1;1;1;1;2;5;A50-Sens Marseille*vers;;;;130
45063;201500050085;15;4;12;1835;1;1;1;1;7;56;A55-Sens*Marseille vers;;;;130
45064;201500050086;15;4;10;1230;1;1;1;1;6;55;A55-Sens Martigues*vers;;;;130
45065;201500050087;15;4;17;15;3;1;1;2;2;55;A50-Sens Aubagne vers*Ma;;;;130
45066;201500050088;15;4;16;1130;1;1;1;1;3;55;A7-Sens Lyon vers^Marsei;;;;130
45067;201500050089;15;4;17;1020;1;1;1;1;5;56;A55-Sens Marseille*vers;;;;130
45068;201500050090;15;4;17;1450;1;1;1;1;6;5;A52-Sens Toulon vers*Pon;;;;130
45069;201500050091;15;4;18;1820;1;1;1;1;2;5;A50-Sens Aubagne vers Ma;;;;130
45070;201500050092;15;4;19;1815;1;1;1;1;7;55;A55-Sens Marseille*vers;;;;130
45071;201500050093;15;4;20;755;1;1;1;2;4;56;A55-Sens Marseille vers;;;;130
45072;201500050094;15;4;17;1900;1;1;1;1;4;55;A7-Sens Lyon vers*Marsei;;;;130
45073;201500050095;15;4;20;830;1;1;1;1;4;81;A7-Sens Lyon vers*Marsei;;;;130
45074;201500050096;15;4;16;1210;1;1;1;2;4;55;A7-Sens Marseille versùL;;;;130
45075;201500050097;15;4;21;835;1;1;1;1;7;55;A50-Sens Marseille*vers;;;;130
45076;201500050098;15;2;21;2020;1;1;1;1;6;88;A55-Sens Martigues*vers;;;;130
45077;201500050099;15;4;17;550;3;1;1;1;6;55;A50-Sens Aubagne vers*Ma;;;;130
45078;201500050100;15;4;22;940;1;1;1;1;2;55;TVPCD-Sens Les Ports ver;;;;130
45079;201500050101;15;4;22;1815;1;1;1;1;7;117;A7-Sens Marseille vers L;;;;130
45080;201500050103;15;4;23;1320;1;1;1;1;2;55;A7-Sens Lyon vers Marsei;;;;130
45081;201500050104;15;4;24;1555;1;1;1;1;6;55;A7-Sens Lyon vers*Marsei;;;;130
45082;201500050105;15;4;25;1220;1;1;1;1;3;106;A7-Sens Marseille vers*L;;;;130
45083;201500050106;15;4;25;2125;3;1;1;1;3;117;A7-Sens Lyon vers*Marsei;;;;130
45084;201500050107;15;4;23;1830;1;1;1;1;2;55;A7-Sens Lyon vers*Marsei;;;;130
45085;201500050110;15;4;28;1140;1;1;1;1;2;55;Sens Aubagne vers*Marsei;;;;130
45086;201500050111;15;4;30;1515;1;1;1;1;6;56;A55-Sens Marseille*vers;;;;130
45087;201500050112;15;4;30;1930;1;1;1;1;4;55;Sens Aubagne vers*Marsei;;;;130
45088;201500050113;15;4;27;1750;1;1;1;2;2;55;A55-Sens Marseille*vers;;;;130
45089;201500050114;15;4;25;750;1;1;1;2;2;55;A50-Sens Marseille*vers;;;;130
45090;201500050115;15;5;1;1550;1;1;1;1;6;33;A55-SENS MARTIGUES/MARSE;;;;130
45091;201500050116;15;5;1;1730;1;1;1;1;4;55;A55-Sens Martigues*vers;;;;130
45092;201500050117;15;4;21;920;1;1;1;1;2;5;A501-Sens Pont de l*Etoi;;;;130
45093;201500050118;15;5;4;1245;1;1;1;1;6;55;A7-Sens Marseille vers*L;;;;130
45094;201500050119;15;5;5;1400;1;1;1;1;2;55;A55-Sens Marseille*vers;;;;130
45095;201500050120;15;5;5;1330;1;1;1;1;6;117;A7-Sens Lyon vers*Marsei;;;;130
45096;201500050121;15;5;6;1800;1;1;1;1;7;1;A51-Sens Aix en*Provence;;;;130
45097;201500050122;15;5;7;1830;1;1;1;1;4;71;A5502 -sens Martigues*ve;M;0.0;0.0;130
45098;201500050123;15;5;7;1950;1;1;1;1;4;71;A55 - Sens Marseille*ver;;;;130
45099;201500050124;15;5;8;1230;1;1;1;1;2;55;A7-Sens Lyon vers Marsei;;;;130
45100;201500050125;15;5;8;1415;1;1;1;1;6;71;A5502G-sens Martigues ve;;;;130
45101;201500050126;15;5;8;1210;1;1;1;1;7;85;A50-Sens Aubagne vers*To;;;;130
45102;201500050127;15;5;10;520;3;1;1;1;2;85;A50-Sens Toulon vers*Aub;;;;130
45103;201500050128;15;5;10;1730;1;1;1;1;3;1;A51-Sens Marseille*vers;;;;130
45104;201500050129;15;5;11;740;1;1;1;1;4;55;A50-Sens Aubagne vers*Ma;;;;130
45105;201500050132;15;5;13;1825;1;1;1;1;2;1;A51-Sens Marseille*vers;;;;130
45106;201500050134;15;5;14;615;1;1;1;1;7;26;A55-Sens Marseille*vers;;;;130
45107;201500050135;15;5;16;1715;1;1;1;1;7;106;A7-Sens Lyon vers*Marsei;;;;130
45108;201500050136;15;5;17;515;3;1;1;1;6;71;A5501G-Sens Mlle Vieux P;M;0.0;0.0;130
45109;201500050137;15;5;18;1840;1;1;1;1;4;71;A7-Sens Lyon vers*Marsei;;;;130
45110;201500050138;15;5;20;750;1;1;1;6;2;71;A7-Sens Marseille vers*L;;;;130
45111;201500050139;15;5;20;1440;1;1;1;1;7;70;A50-Sens Marseille*vers;;;;130
45112;201500050141;15;5;26;808;1;1;1;1;4;117;A7-Sens Lyon vers*Marsei;;;;130
45113;201500050142;15;5;28;840;1;1;1;1;4;15;A51-Sens Aix en*Provence;;;;130
45114;201500050143;15;5;30;630;2;1;1;1;6;71;A55 - Sens Marseille*ver;;;;130
45115;201500050144;15;6;2;1130;1;1;1;1;2;106;A51-Sens Marseille*vers;;;;130
45116;201500050145;15;6;2;915;1;1;1;1;2;5;A501-Sens Pont de*l'Etoi;;;;130
45117;201500050148;15;6;4;1210;1;1;1;1;2;81;A7-Sens Lyon vers*Marsei;;;;130
45118;201500050150;15;6;6;1102;1;1;1;1;7;71;A55-sens Martigues*ve;;;;130
45119;201500050151;15;6;5;1845;1;1;1;1;4;55;A7-Sens Lyon vers*Marsei;;;;130
45120;201500050152;15;6;4;1845;1;1;1;1;4;5;A50-Sens Aubagne vers*Ma;M;0.0;0.0;130
45121;201500050153;15;6;7;1940;1;1;1;1;5;106;A7-Sens Lyon vers*Marsei;M;0.0;0.0;130
45122;201500050154;15;6;8;1100;1;1;1;1;7;26;A55-Sens Marseille vers;M;4337975.0;516231.0;130
45123;201500050155;15;6;8;910;1;1;1;1;2;106;A7-Sens Lyon vers Marsei;M;4338492.0;535065.0;130
45124;201500050156;15;6;8;1120;1;1;1;1;6;5;A50 - Sens Aubagne*vers;;;;130
45125;201500050157;15;6;11;750;1;1;1;1;4;71;A7-Sens Marseille vers*L;;;;130
45126;201500050158;15;6;12;740;1;1;1;2;7;55;A55-Sens Martigues*vers;;;;130
45127;201500050159;15;6;12;1210;1;1;1;1;2;106;A7-Sens Marseille vers*L;;;;130
45128;201500050160;15;6;11;1600;1;1;1;1;6;15;A51-Sens Aix en*Provence;M;0.0;0.0;130
45129;201500050161;15;6;12;1455;1;1;1;1;6;5;A501-Sens Aubagne vers*P;;;;130
45130;201500050162;15;6;13;1900;1;1;1;1;7;55;Axe Littoral Sens*Nord -;;;;130
45131;201500050163;15;6;15;1610;1;1;1;1;3;55;A55-Sens Marseille*vers;M;0.0;0.0;130
45132;201500050164;15;6;16;1810;1;1;1;2;2;117;A7-Sens Marseille vers*L;M;0.0;0.0;130
45133;201500050165;15;5;7;1730;1;1;1;1;3;1;A51-Sens Marseille*vers;;;;130
45134;201500050166;15;6;17;1905;1;1;1;1;2;55;A50-Sens Aubagne vers*Ma;;;;130
45135;201500050167;15;6;18;1125;1;1;1;1;2;55;A55-Sens Martigues*vers;;;;130
45136;201500050168;15;6;18;2105;1;1;1;1;3;1;A51 vers AIX;;;;130
45137;201500050170;15;6;19;1735;1;1;1;1;2;55;A50-Sens Aubagne vers*Ma;;;;130
45138;201500050171;15;6;21;1725;1;1;1;1;3;19;A51-Sens Aix en*Provence;;;;130
45139;201500050172;15;6;18;1835;1;1;1;1;4;71;A7-Sens Lyon vers*Marsei;M;0.0;0.0;130
45140;201500050173;15;6;21;2035;1;1;1;1;2;55;A7-Sens Lyon vers*Marsei;;;;130
45141;201500050174;15;6;22;1415;1;1;1;1;2;71;A7-Sens Marseille vers*L;M;0.0;0.0;130
45142;201500050177;15;6;10;930;1;1;1;1;4;106;A51-Sens Aix en*Provence;;;;130
45143;201500050178;15;6;25;750;1;1;1;1;6;1;A51-Sens Aix en*Provence;M;4351177.0;542220.0;130
45144;201500050179;15;6;26;2000;1;1;1;1;3;15;A51-Sens Marseille*vers;M;0.0;0.0;130
45145;201500050180;15;6;27;1430;1;1;1;1;2;55;Sens Aubagne vers*Marsei;;;;130
45146;201500050181;15;6;27;1705;1;1;1;1;7;5;Sens Aubagne vers*Marsei;;;;130
45147;201500050182;15;6;28;400;3;1;1;1;3;1;A51-Sens Aix en*Provence;;;;130
45148;201500050183;15;6;28;1430;1;1;1;1;1;55;A7-Sens Lyon vers*Marsei;M;0.0;0.0;130
45149;201500050184;15;6;30;810;1;1;1;1;6;71;A7-Sens Marseille vers*L;M;0.0;0.0;130
45150;201500050185;15;6;30;915;1;1;1;1;4;15;A51-Sens Aix en*Provence;M;0.0;0.0;130
45151;201500050186;15;6;24;1730;1;1;1;1;2;55;A55-Sens Martigues*vers;;;;130
45152;201500050187;15;6;29;1810;1;1;1;1;2;1;A51-Sens Marseille*vers;;;;130
45153;201500050188;15;6;30;1255;1;1;1;1;2;55;A7-Sens Lyon vers Marsei;M;0.0;0.0;130
45154;201500050189;15;7;1;1830;1;1;1;1;4;117;A7-Sens Marseille vers L;M;0.0;0.0;130
45155;201500050190;15;6;27;1100;1;1;1;1;7;1;A51-Sens Marseille*vers;M;0.0;0.0;130
45156;201500050191;15;7;1;730;1;1;1;1;6;5;A50-Sens Marseille*vers;M;0.0;0.0;130
45157;201500050192;15;7;4;210;3;1;1;1;7;26;A55-Sens Martigues ****;;;;130
45158;201500050193;15;7;4;945;1;1;1;1;2;19;A51-Sens Marseille*vers;M;0.0;0.0;130
45159;201500050194;15;7;3;1800;1;1;1;1;4;55;A7-Sens Lyon vers*Marsei;;;;130
45160;201500050195;15;7;4;1406;1;1;1;1;2;55;A7-Sens Lyon vers*Marsei;M;0.0;0.0;130
45161;201500050197;15;6;30;1730;1;1;1;1;3;81;A7-Sens Marseille vers*L;M;0.0;0.0;130
45162;201500050198;15;7;2;1645;1;1;1;1;5;55;A7-Sens Marseille vers L;M;0.0;0.0;130
45163;201500050199;15;7;6;2015;1;1;1;1;2;55;A50-Sens Marseille*vers;;;;130
45164;201500050200;15;7;7;1720;1;1;1;1;4;33;A55-Sens Marseille*vers;M;0.0;0.0;130
45165;201500050201;15;7;3;918;1;1;1;1;2;55;TVPCM-Sens Saint*Victor;M;0.0;0.0;130
45166;201500050202;15;7;3;1220;1;1;1;1;6;1;A51-Sens Marseille vers*;M;0.0;0.0;130
45167;201500050203;15;7;8;1135;1;1;1;1;7;85;A50-Sens Toulon vers*Aub;;;;130
45168;201500050204;15;7;8;940;1;1;1;1;3;55;S10CD-Sens Aubagne%vers;;;;130
45169;201500050205;15;7;10;1524;1;1;1;1;2;55;A7-Sens Marseille vers*L;M;0.0;0.0;130
45170;201500050206;15;7;10;1615;1;1;1;1;4;55;A55-Sens Marseille*vers;M;0.0;0.0;130
45171;201500050207;15;7;6;1730;1;1;1;1;4;55;A50-Sens Marseille*vers;;;;130
45172;201500050208;15;7;6;1635;1;1;1;1;2;70;A50-Sens Marseille*vers;;;;130
45173;201500050209;15;7;10;2020;1;1;1;1;6;26;A55-Sens Marseille*vers;M;0.0;0.0;130
45174;201500050210;15;7;12;1938;1;1;1;1;4;55;A7-Sens Lyon vers*Marsei;M;0.0;0.0;130
45175;201500050212;15;7;13;1610;1;1;1;1;7;5;A52-Sens Pont de*l'Etoil;;;;130
45176;201500050213;15;7;7;1813;1;1;1;1;2;33;A55-Sens Martigues*vers;M;0.0;0.0;130
45177;201500050214;15;7;16;1845;1;1;1;1;3;55;A7-Sens Lyon vers*Marsei;M;0.0;0.0;130
45178;201500050216;15;7;7;825;1;1;1;1;6;15;A51-Sens Marseille*vers;M;0.0;0.0;130
45179;201500050217;15;7;16;1300;1;1;1;1;7;15;A515CM-sortie Gardanne/B;M;0.0;0.0;130
45180;201500050218;15;5;30;1010;1;1;1;1;5;71;A55 - Sens Marseille*ver;;;;130
45181;201500050219;15;7;12;715;1;1;1;1;6;5;A501-Aubagne Pont de%l'E;;;;130
45182;201500050220;15;7;18;1625;1;1;1;1;5;55;A50-Sens Marseille*vers;;;;130
45183;201500050221;15;7;19;600;1;1;1;1;6;71;A55 - Sens Marseille*ver;M;0.0;0.0;130
45184;201500050222;15;7;19;500;3;1;1;1;3;26;A55-Sens Marseille*vers;;;;130
45185;201500050223;15;6;16;850;1;1;1;1;2;70;A50-Sens Aubagne vers*Ma;;;;130
45186;201500050224;15;7;22;1750;1;1;1;1;2;1;A51-Sens Marseille *vers;M;0.0;0.0;130
45187;201500050225;15;7;23;800;1;1;1;1;4;55;A7-Sens Lyon vers*Marsei;M;0.0;0.0;130
45188;201500050226;15;7;23;1715;1;1;1;1;2;15;A515-sortie Gardanne/B;M;0.0;0.0;130
45189;201500050227;15;7;23;2320;3;1;1;1;5;71;A55 - Sens Marseille ver;M;0.0;0.0;130
45190;201500050229;15;7;25;1900;1;1;1;1;2;5;A50-Sens Marseille*vers;;;;130
45191;201500050230;15;7;29;901;1;1;1;1;5;71;A7-Sens Marseille vers*L;M;0.0;0.0;130
45192;201500050231;15;7;28;2020;1;1;1;1;7;55;A55-Sens Marseille*vers;;;;130
45193;201500050232;15;7;29;1515;1;1;1;1;2;22;A50-Sens Toulon vers*Aub;M;0.0;0.0;130
45194;201500050233;15;7;20;1705;1;1;1;1;4;71;A7-Sens Marseille vers*L;;;;130
45195;201500050234;15;7;20;1815;1;1;1;1;4;55;A7-Sens Lyon vers*Marsei;;;;130
45196;201500050235;15;7;31;2145;2;1;1;1;2;15;A51-Sens Aix en*Provence;M;0.0;0.0;130
45197;201500050236;15;8;1;125;3;1;1;2;6;26;A55-Sens Marseille*vers;;;;130
45198;201500050237;15;7;31;1935;1;1;1;1;2;71;A51-Sens Marseille*vers;;;;130
45199;201500050238;15;8;2;1945;1;1;1;1;2;55;A7-Sens Lyon vers*Marsei;;;;130
45200;201500050239;15;8;2;2045;1;1;1;1;6;88;A55-Sens Marseille*vers;;;;130
45201;201500050241;15;8;5;953;1;1;1;1;2;55;A55-Sens Marseille vers;M;0.0;0.0;130
45202;201500050243;15;8;12;2310;5;1;1;1;7;55;A55-Sens Martigues*vers;M;0.0;0.0;130
45203;201500050244;15;8;12;1845;1;1;1;1;4;88;A55-Sens Marseille*vers;;;;130
45204;201500050245;15;8;14;250;3;1;1;3;6;55;A55-Sens Martigues *;;;;130
45205;201500050246;15;8;14;1000;1;1;1;1;7;55;A7-Sens Lyon vers*Marsei;M;0.0;0.0;130
45206;201500050247;15;8;10;540;5;1;1;1;6;55;A50-Sens Marseille*vers;;;;130
45207;201500050249;15;8;4;1800;1;1;1;1;2;33;A55-Sens Marseille*vers;;;;130
45208;201500050250;15;8;20;1230;1;1;1;1;2;55;A7-Sens Lyon vers*Marsei;M;0.0;0.0;130
45209;201500050251;15;8;19;2235;3;1;1;1;7;71;A7-Sens Lyon vers*Marsei;;;;130
45210;201500050252;15;8;23;2305;3;1;1;1;2;55;A7-Sens Marseille vers*L;;;;130
45211;201500050253;15;8;24;1045;1;1;1;1;4;71;A55 - Sens Marseille*ver;M;0.0;0.0;130
45212;201500050255;15;8;24;1200;1;1;1;2;3;56;A55-Sens Marseille*vers;M;0.0;0.0;130
45213;201500050256;15;8;27;825;1;1;1;1;2;55;A7-Sens Lyon vers*Marsei;;;;130
45214;201500050258;15;8;20;2340;3;1;1;1;7;1;A51-Sens Marseille*vers;;;;130
45215;201500050259;15;8;25;1850;1;1;1;1;5;55;A7-Sens Lyon vers*Marsei;;;;130
45216;201500050260;15;8;27;1005;1;1;1;1;6;106;A7-Sens Marseille vers*L;;;;130
45217;201500050261;15;9;1;130;3;1;1;1;3;15;A51-Sens Aix en*Provence;M;4342793.0;538585.0;130
45218;201500050262;15;8;31;840;1;1;1;1;4;70;Sens Aubagne vers*Marsei;;;;130
45219;201500050264;15;9;4;845;1;1;1;1;4;55;A7-Sens Lyon vers*Marsei;;;;130
45220;201500050266;15;9;5;1345;1;1;1;1;7;55;Tunnel Joliette Marseill;M;4330239.0;536462.0;130
45221;201500050268;15;9;6;625;2;1;1;1;6;55;A7-Sens Lyon vers*Marsei;M;0.0;0.0;130
45222;201500050269;15;9;2;1750;1;1;1;1;4;117;A7-Sens Marseille vers*L;M;0.0;0.0;130
45223;201500050271;15;9;7;840;1;1;1;1;3;55;Tunnel Prado Carénage;M;4328682.0;537328.0;130
45224;201500050273;15;9;8;900;1;1;1;1;2;106;A7-Sens Lyon vers*Marsei;M;0.0;0.0;130
45225;201500050274;15;9;7;1700;1;1;1;1;2;5;A50-Sens Marseille*vers;;;;130
45226;201500050275;15;9;7;1825;1;1;1;1;2;55;A50-Sens Marseille*vers;;;;130
45227;201500050277;15;9;10;540;3;1;1;1;6;71;A7-Sens Lyon vers*Marsei;M;0.0;0.0;130
45228;201500050278;15;9;9;1825;1;1;1;1;4;55;A7-Sens Lyon vers*Marsei;;;;130
45229;201500050279;15;9;10;800;1;1;1;1;2;55;A50-Sens Aubagne vers*Ma;;;;130
45230;201500050280;15;9;11;630;1;1;1;1;3;71;A7-Sens Lyon vers*Marsei;M;0.0;0.0;130
45231;201500050281;15;9;12;750;2;1;1;1;6;85;A50-Sens Toulon vers*Aub;;;;130