;Num_Acc;an;mois;jour;hrmn;lum;agg;int;atm;col;com;adr;gps;lat;long;dep
45505;201500050591;15;11;18;1710;2;2;3;1;3;101;1, PLACE DU LOUVRE;;;;750
45506;201500050592;15;11;19;1730;5;2;2;1;3;101;40, RUE DU LOUVRE;;;;750
45507;201500050593;15;11;20;1720;5;2;1;2;3;101;252, RUE DE RIVOLI;;;;750
45508;201500050594;15;11;21;2300;5;2;2;1;3;104;/, BOULEVARD HENRI IV;;;;750
45509;201500050595;15;11;25;950;1;2;1;2;7;101;08, PLACE VENDOME;;;;750
45510;201500050596;15;11;25;1050;1;2;3;2;7;101;59, RUE DE RIVOLI;;;;750
45511;201500050597;15;11;29;913;1;2;3;2;7;102;09, BOULEVARD POISSONNIE;;;;750
45512;201500050598;15;12;5;1735;5;2;1;1;3;101;09, BOULEVARD DE LA MADE;;;;750
45513;201500050599;15;12;7;25;5;2;1;1;6;101;32, VOIE GEORGES POMPIDO;;;;750
45514;201500050600;15;12;15;1700;2;2;1;2;6;101;354, RUE SAINT HONORE;;;;750
45515;201500050601;15;12;15;1800;5;2;2;3;3;101;RUE DE CASTIGLIONE;;;;750
45516;201500050603;15;12;17;1700;2;2;3;1;6;101;9, RUE DU LOUVRE;;;;750
45517;201500050604;15;12;19;1655;5;2;2;1;6;101;9, BOULEVARD DE SEBASTOP;;;;750
45518;201500050606;15;12;21;1615;1;2;2;1;3;101;40, RUE DU LOUVRE;;;;750
45519;201500050607;15;12;28;1845;5;2;1;1;2;101;0, SOUTERRAIN LEMONNIER;;;;750
45520;201500050608;15;1;1;640;5;2;3;1;6;102;07, BOULEVARD POISSONNIE;;;;750
45521;201500050609;15;1;2;930;1;2;5;8;3;102;1, BOULEVARD DE BONNE NO;;;;750
45522;201500050610;15;1;6;510;5;2;2;1;6;102;AVENUE DE L OPERA;;;;750
45523;201500050611;15;1;9;1510;1;2;3;1;4;102;84, RUE DE RICHELIEU;;;;750
45524;201500050612;15;1;17;2100;5;2;1;1;2;102;102, RUE REAUMUR;;;;750
45525;201500050614;15;2;3;1845;2;2;2;1;2;109;14, BOULEVARD HAUSSMANN;;;;750
45526;201500050615;15;2;4;1002;1;2;2;1;3;102;18, RUE DE LA PAIX;;;;750
45527;201500050616;15;2;5;1125;1;2;1;1;6;102;04, PLACE DE L OPERA;;;;750
45528;201500050617;15;2;6;930;1;2;2;1;6;109;24, BOULEVARD DES ITALIE;;;;750
45529;201500050618;15;2;9;950;1;2;1;1;6;102;34, RUE ETIENNE MARCEL;;;;750
45530;201500050619;15;2;17;620;5;2;5;1;3;102;23, RUE D ABOUKIR;;;;750
45531;201500050620;15;2;20;920;1;2;1;2;2;102;25, BOULEVARD DE BONNE N;;;;750
45532;201500050622;15;2;22;240;4;2;5;1;6;101;1, QUAI DU LOUVRE;;;;750
45533;201500050623;15;2;23;1900;5;2;1;1;6;109;2, RUE SCRIBE;;;;750
45534;201500050624;15;2;26;1850;5;2;1;3;7;102;01, BOULEVARD DES CAPUCI;;;;750
45535;201500050625;15;2;28;2340;5;2;2;2;6;102;141, BOULEVARD DE SEBAST;;;;750
45536;201500050627;15;3;4;1820;1;2;1;1;3;102;14, RUE DU MAIL;;;;750
45537;201500050628;15;3;12;220;5;2;2;1;3;102;RUE DE RICHELIEU;;;;750
45538;201500050629;15;3;18;1445;1;2;2;1;3;102;RUE DU LOUVRE;;;;750
45539;201500050631;15;3;20;1310;1;2;2;1;6;102;14, RUE DU QUATRE SEPTEM;;;;750
45540;201500050632;15;3;25;1950;5;2;2;2;3;102;BOULEVARD DES CAPUCINES;;;;750
45541;201500050633;15;3;27;810;1;2;2;1;3;102;94, RUE DE RICHELIEU;;;;750
45542;201500050634;15;4;10;1955;5;2;1;1;6;102;13, BOULEVARD SAINT DENI;;;;750
45543;201500050635;15;4;10;2230;5;2;5;1;6;110;BOULEVARD DE BONNE NOUVE;;;;750
45544;201500050636;15;4;17;2325;5;2;2;1;3;102;RUE DE LA MICHODIERE;;;;750
45545;201500050637;15;4;23;1550;1;2;2;7;6;102;54, RUE DU LOUVRE;;;;750
45546;201500050638;15;4;24;1900;1;2;1;1;6;104;12, RUE FRANCOIS MIRON;;;;750
45547;201500050639;15;5;1;1815;1;2;3;2;2;102;RUE D AMBOISE;;;;750
45548;201500050640;15;5;8;105;5;2;2;1;6;102;56, RUE DU LOUVRE;;;;750
45549;201500050641;15;5;8;1455;1;2;5;1;6;102;3, RUE DANIELLE CASANOVA;;;;750
45550;201500050643;15;5;10;2110;2;2;5;1;3;102;21, RUE DU QUATRE SEPTEM;;;;750
45551;201500050644;15;5;15;1935;1;2;2;1;6;102;35, BOULEVARD DES CAPUCI;;;;750
45552;201500050645;15;5;18;2125;5;2;7;2;3;102;AVENUE DE L OPERA;;;;750
45553;201500050646;15;5;27;1230;1;2;1;1;6;102;5, RUE SAINT FIACRE;;;;750
45554;201500050647;15;5;28;1220;1;2;7;1;4;102;2, PLACE DE L OPERA;;;;750
45555;201500050648;15;5;31;1015;1;2;1;8;6;102;11, RUE DANIELLE CASANOV;;;;750
45556;201500050649;15;6;4;1323;1;2;5;1;3;102;62, RUE DU LOUVRE;;;;750
45557;201500050650;15;6;7;1210;1;2;2;1;6;102;103, RUE DE RICHELIEU;;;;750
45558;201500050651;15;6;8;820;1;2;2;1;3;102;RUE DU QUATRE SEPTEMBRE;;;;750
45559;201500050652;15;6;8;1825;1;2;2;1;1;110;0, BOULEVARD SAINT DENIS;;;;750
45560;201500050653;15;6;9;1955;1;2;1;1;6;101;01, QUAI FRANCOIS MITTER;;;;750
45561;201500050654;15;7;9;910;1;2;1;1;3;102;15, BOULEVARD POISSONNIE;;;;750
45562;201500050655;15;9;18;1630;1;2;2;3;3;102;17, RUE DU QUATRE SEPTEM;;;;750
45563;201500050656;15;6;5;1730;1;2;1;1;3;102;RUE DE LA PAIX;;;;750
45564;201500050657;15;6;15;1750;1;2;3;1;6;102;248, RUE SAINT DENIS;;;;750
45565;201500050658;15;6;16;1225;1;2;1;1;6;103;34, RUE DE TURBIGO;;;;750
45566;201500050659;15;6;22;900;1;2;2;1;7;103;BOULEVARD DE SEBASTOPOL;;;;750
45567;201500050660;15;6;25;1730;1;2;1;1;6;102;31, RUE VIVIENNE;;;;750
45568;201500050661;15;6;26;1955;1;2;2;1;3;102;11, BOULEVARD SAINT DENI;;;;750
45569;201500050662;15;6;29;905;1;2;2;1;7;102;27, RUE SAINT AUGUSTIN;;;;750
45570;201500050663;15;6;29;2110;2;2;2;1;7;102;54, RUE DU LOUVRE;;;;750
45571;201500050664;15;7;1;925;1;2;3;1;6;102;23, BOULEVARD DE BONNE N;;;;750
45572;201500050665;15;7;4;2030;1;2;1;1;6;102;94, RUE MONTMARTRE;;;;750
45573;201500050666;15;7;8;910;1;2;7;1;3;102;AVENUE DE L OPERA;;;;750
45574;201500050667;15;7;8;1605;1;2;2;1;6;109;10, BOULEVARD MONTMARTRE;;;;750
45575;201500050668;15;7;10;900;1;2;2;1;3;102;28, RUE SAINT AUGUSTIN;;;;750
45576;201500050669;15;7;29;950;1;2;5;1;6;102;29, BOULEVARD DES ITALIE;;;;750
45577;201500050670;15;7;29;1600;1;2;2;1;3;102;27, RUE DU QUATRE SEPTEM;;;;750
45578;201500050671;15;8;4;1945;1;2;7;1;2;102;23, RUE DE LA PAIX;;;;750
45579;201500050672;15;8;6;1205;1;2;1;1;3;102;75, BOULEVARD DE SEBASTO;;;;750
45580;201500050673;15;8;10;1235;1;2;2;1;7;102;58, RUE DE RICHELIEU;;;;750
45581;201500050674;15;8;12;1533;1;2;5;1;6;102;23, RUE LOUIS LE GRAND;;;;750
45582;201500050675;15;8;14;1740;1;2;1;7;7;102;7, BOULEVARD DES CAPUCIN;;;;750
45583;201500050676;15;8;11;1335;1;2;2;1;3;103;21, RUE REAUMUR;;;;750
45584;201500050677;15;8;19;55;5;2;3;1;7;102;RUE MONTMARTRE;;;;750
45585;201500050678;15;9;3;200;5;2;2;1;6;103;87, RUE BEAUBOURG;;;;750
45586;201500050679;15;9;8;905;1;2;5;1;3;102;62, RUE DU LOUVRE;;;;750
45587;201500050680;15;9;12;1140;1;2;3;8;2;102;41, AVENUE DE L OPERA;;;;750
45588;201500050681;15;9;13;2330;5;2;1;1;3;104;39, RUE DE RIVOLI;;;;750
45589;201500050682;15;9;14;1655;1;2;1;1;6;102;15, BOULEVARD SAINT DENI;;;;750
45590;201500050683;15;9;15;1120;1;2;2;1;3;102;RUE DU LOUVRE;;;;750
45591;201500050684;15;9;15;1715;1;2;1;1;6;109;02, RUE DE LONDRES;;;;750
45592;201500050686;15;9;17;835;1;2;2;8;7;102;29, BOULEVARD POISSONNIE;;;;750
45593;201500050687;15;9;22;2005;5;2;2;2;7;102;76, RUE REAUMUR;;;;750
45594;201500050688;15;9;23;1245;1;2;1;1;6;102;25, RUE LOUIS LE GRAND;;;;750
45595;201500050689;15;9;23;2015;5;2;1;1;2;102;40, RUE ETIENNE MARCEL;;;;750
45596;201500050690;15;9;24;1515;1;2;2;1;2;102;18, RUE DU QUATRE SEPTEM;;;;750
45597;201500050691;15;9;25;1630;1;2;2;1;3;102;1, BOULEVARD POISSONNIER;;;;750
45598;201500050692;15;9;28;1940;5;2;1;1;7;102;AVENUE DE L OPERA;;;;750
45599;201500050693;15;9;29;930;1;2;2;1;3;102;1, BOULEVARD POISSONNIER;;;;750
45600;201500050694;15;9;29;1155;1;2;4;1;3;102;250, RUE SAINT DENIS;;;;750
45601;201500050698;15;10;7;1920;5;2;1;1;6;102;30, RUE BLONDEL;;;;750
45602;201500050699;15;10;8;945;1;2;1;1;3;102;163, RUE MONTMARTRE;;;;750
45603;201500050700;15;10;8;1230;1;2;1;1;6;102;13, BOULEVARD SAINT DENI;;;;750
45604;201500050701;15;10;15;2350;5;2;2;1;6;102;RUE DE LA MICHODIERE;;;;750
45605;201500050702;15;10;16;720;5;2;3;2;6;109;26, RUE LAFFITTE;;;;750
45606;201500050703;15;10;16;1330;1;2;7;2;6;102;49, AVENUE DE L OPERA;;;;750
45607;201500050705;15;10;18;754;2;2;2;1;3;102;15, RUE DU QUATRE SEPTEM;;;;750
45608;201500050706;15;10;21;2110;5;2;1;2;7;102;5, BOULEVARD MONTMARTRE;;;;750
45609;201500050707;15;10;21;2255;4;2;2;2;6;102;27, RUE DU QUATRE SEPTEM;;;;750
45610;201500050708;15;10;23;540;5;2;2;1;3;110;19, BOULEVARD SAINT DENI;;;;750
45611;201500050709;15;10;26;1830;2;2;2;1;7;102;87, RUE REAUMUR;;;;750
45612;201500050711;15;11;1;540;5;2;2;1;6;102;46, RUE ETIENNE MARCEL;;;;750
45613;201500050713;15;11;1;1745;5;2;1;1;6;101;L107536QUAI DES TUILERIE;;;;750
45614;201500050714;15;11;3;910;1;2;3;2;7;102;152, RUE MONTMARTRE;;;;750
45615;201500050715;15;11;4;1805;5;2;1;1;3;102;27, BOULEVARD POISSONNIE;;;;750
45616;201500050717;15;11;5;2050;5;2;7;1;2;101;PLACE DU CARROUSEL;;;;750
45617;201500050718;15;11;6;945;1;2;2;1;6;102;44, RUE ETIENNE MARCEL;;;;750
45618;201500050719;15;11;6;1610;1;2;7;2;6;102;9, PLACE DE LA BOURSE;;;;750
45619;201500050720;15;11;10;1435;1;2;1;1;4;101;QUAI DES TUILERIES;;;;750
45620;201500050721;15;11;12;1030;1;2;2;1;3;109;33, RUE DE CHATEAUDUN;;;;750
45621;201500050722;15;11;16;1448;1;2;2;2;3;102;BOULEVARD SAINT DENIS;;;;750
45622;201500050723;15;11;19;955;1;2;7;1;3;102;4, PLACE DE L OPERA;;;;750
45623;201500050724;15;11;24;1705;2;2;2;2;3;102;81, BOULEVARD DE SEBASTO;;;;750
45624;201500050725;15;11;24;2335;5;2;2;2;3;102;RUE VIVIENNE;;;;750
45625;201500050726;15;11;28;2140;5;2;2;1;6;102;29, BOULEVARD DES ITALIE;;;;750
45626;201500050727;15;12;3;1300;1;2;1;1;2;102;125, BOULEVARD DE SEBAST;;;;750
45627;201500050728;15;12;4;845;1;2;1;1;6;101;RUE SAINT HONORE;;;;750
45628;201500050729;15;12;7;745;5;2;1;1;3;109;RUE DU HAVRE;;;;750
45629;201500050730;15;12;9;2100;5;2;7;1;3;102;4, PLACE DE L OPERA;;;;750
45630;201500050731;15;12;13;20;5;2;2;1;3;102;RUE DE GRAMONT;;;;750
45631;201500050732;15;12;13;1900;2;2;2;1;7;101;1, BOULEVARD DE SEBASTOP;;;;750
45632;201500050733;15;1;1;1530;1;2;2;1;6;103;77, BOULEVARD BEAUMARCHA;;;;750
45633;201500050734;15;1;13;22;5;2;5;1;6;109;33, RUE DE MAUBEUGE;;;;750
45634;201500050735;15;1;15;115;5;2;3;2;6;103;33, RUE DES GRAVILLIERS;;;;750
45635;201500050736;15;1;18;615;5;2;2;1;6;103;82, BOULEVARD DE SEBASTO;;;;750
45636;201500050737;15;1;20;1155;1;2;1;1;2;103;78, RUE DE TURBIGO;;;;750
45637;201500050738;15;1;21;1340;1;2;2;1;7;103;2, RUE AUX OURS;;;;750
45638;201500050739;15;1;21;1406;1;2;1;1;6;103;21, PLACE DE LA REPUBLIQ;;;;750
45639;201500050740;15;1;23;1510;1;2;1;1;7;103;37, RUE REAUMUR;;;;750
45640;201500050741;15;1;24;240;5;2;3;1;6;103;33, BOULEVARD DU TEMPLE;;;;750
45641;201500050742;15;1;24;1350;1;2;2;1;6;103;103, RUE BEAUBOURG;;;;750
45642;201500050743;15;1;24;1850;5;2;3;1;6;103;74, RUE DE TURENNE;;;;750
45643;201500050744;15;1;29;1;5;2;3;1;3;102;BOULEVARD DES CAPUCINES;;;;750
45644;201500050745;15;1;29;1050;1;2;4;1;3;103;201, RUE DU TEMPLE;;;;750
45645;201500050746;15;1;29;1810;5;2;5;1;6;104;01, RUE DU FIGUIER;;;;750
45646;201500050747;15;2;3;30;5;2;7;1;6;103;13, PLACE DE LA REPUBLIQ;;;;750
45647;201500050748;15;2;7;2145;5;2;4;1;3;103;113, BOULEVARD BEAUMARCH;;;;750
45648;201500050750;15;2;17;1915;5;2;1;1;6;103;11, BOULEVARD SAINT MART;;;;750
45649;201500050751;15;2;18;1355;1;2;5;1;3;103;36, RUE DE TURBIGO;;;;750
45650;201500050753;15;2;22;1410;1;2;2;1;6;103;205, RUE DU TEMPLE;;;;750
45651;201500050754;15;2;23;930;1;2;3;1;3;103;91, BOULEVARD BEAUMARCHA;;;;750
45652;201500050755;15;2;25;1815;5;2;2;2;6;103;43, RUE REAUMUR;;;;750
45653;201500050756;15;2;28;1345;1;2;2;1;6;103;43, RUE REAUMUR;;;;750
45654;201500050757;15;3;2;1455;1;2;3;1;6;103;4, RUE CAFFARELLI;;;;750
45655;201500050758;15;3;3;1525;1;2;1;1;6;103;33, RUE DEBELLEYME;;;;750
45656;201500050759;15;3;4;1055;1;2;2;1;6;103;12, RUE AUX OURS;;;;750
45657;201500050761;15;3;9;1000;1;2;2;1;3;103;21, RUE BEAUBOURG;;;;750
45658;201500050763;15;3;23;1040;1;2;1;1;6;103;55, RUE CHARLO;;;;750
45659;201500050764;15;3;26;2335;5;2;3;1;2;103;251, RUE SAINT MARTIN;;;;750
45660;201500050765;15;3;28;1915;5;2;5;1;7;103;53, RUE DE TURBIGO;;;;750
45661;201500050767;15;3;30;1420;1;2;2;1;6;103;13, RUE DES QUATRE FILS;;;;750
45662;201500050768;15;4;7;1235;1;2;2;1;6;103;62, RUE REAUMUR;;;;750
45663;201500050769;15;4;8;850;1;2;2;1;2;103;15, RUE DE BRETAGNE;;;;750
45664;201500050770;15;4;8;1745;1;2;1;1;6;102;44, RUE MONTMARTRE;;;;750
45665;201500050771;15;4;13;1215;1;2;1;1;2;103;13, PLACE DE LA REPUBLIQ;;;;750
45666;201500050773;15;4;17;910;1;2;1;1;6;103;59, RUE DE TURBIGO;;;;750
45667;201500050774;15;4;21;1220;1;2;2;1;4;103;252, RUE SAINT MARTIN;;;;750
45668;201500050775;15;4;22;945;1;2;1;1;6;103;23, RUE BEAUBOURG;;;;750
45669;201500050776;15;4;30;620;2;2;2;2;6;103;339, RUE SAINT MARTIN;;;;750
45670;201500050777;15;5;1;40;5;2;2;2;2;103;359, RUE SAINT MARTIN;;;;750
45671;201500050778;15;5;6;1120;1;2;7;1;1;103;207, RUE DU TEMPLE;;;;750
45672;201500050779;15;5;7;955;1;2;7;1;3;103;13, PLACE DE LA REPUBLIQ;;;;750
45673;201500050780;15;5;14;1505;1;2;1;3;7;102;93, BOULEVARD DE SEBASTO;;;;750
45674;201500050781;15;5;24;2215;5;2;2;1;3;103;245, RUE SAINT MARTIN;;;;750
45675;201500050782;15;5;21;2145;4;2;1;1;6;103;61, BOULEVARD BEAUMARCHA;;;;750
45676;201500050783;15;5;25;1650;1;2;1;1;3;103;28, RUE REAUMUR;;;;750
45677;201500050784;15;5;26;1150;1;2;1;1;3;103;95, RUE BEAUBOURG;;;;750
45678;201500050786;15;5;28;1600;1;2;4;1;6;103;70, RUE DE TURBIGO;;;;750
45679;201500050787;15;5;31;1240;1;2;3;2;7;103;22, RUE BEAUBOURG;M;4851407.0;221130.0;750
45680;201500050788;15;6;3;1900;1;2;2;1;6;101;104, RUE DE RIVOLI;;;;750
45681;201500050790;15;6;8;1545;1;2;1;1;7;103;33, RUE REAUMUR;;;;750
45682;201500050791;15;6;10;1750;1;2;1;1;2;103;31, RUE REAUMUR;M;4851556.0;221201.0;750
45683;201500050792;15;6;11;1505;1;2;3;1;6;103;31, RUE BEAUBOURG;;;;750
45684;201500050793;15;6;13;1725;1;2;1;1;6;103;15, RUE DU GRENIER SAINT;;;;750
45685;201500050794;15;6;16;1650;1;2;5;1;6;109;147, RUE DU FAUBOURG POI;M;;;750
45686;201500050795;15;6;18;2140;2;2;2;1;6;103;72, RUE REAUMUR;;;;750
45687;201500050796;15;6;22;1445;1;2;2;8;6;103;4, RUE SAINT GILLES;M;4851277.0;222037.0;750
45688;201500050797;15;6;23;1830;1;2;1;1;6;103;13, PLACE DE LA REPUBLIQ;M;4852011.0;221485.0;750
45689;201500050798;15;6;28;430;5;2;2;1;3;103;1, BOULEVARD SAINT DENIS;;;;750
45690;201500050799;15;6;30;1800;1;2;2;1;3;103;34, RUE MICHEL LE COMTE;M;4851460.0;221155.0;750
45691;201500050800;15;7;10;1120;1;2;4;1;3;109;67, RUE LA FAYETTE;M;;;750
45692;201500050801;15;7;16;845;1;2;2;1;3;103;58, BOULEVARD DE SEBASTO;M;;;750
45693;201500050802;15;7;18;110;5;2;3;1;3;103;28, RUE BEAUBOURG;M;;;750
45694;201500050803;15;7;19;1150;1;2;1;1;6;103;11, PLACE DE LA REPUBLIQ;M;;;750
45695;201500050804;15;7;21;1745;1;2;1;1;7;103;75, RUE DE TURENNE;M;;;750
45696;201500050805;15;7;23;1000;1;2;2;1;2;103;78, RUE DES ARCHIVES;M;;;750
45697;201500050806;15;7;24;1405;1;2;4;1;7;103;172, RUE DU TEMPLE;M;;;750
45698;201500050807;15;7;29;1000;1;2;1;1;2;103;237, RUE SAINT MARTIN;M;;;750
45699;201500050808;15;7;31;1150;1;2;5;1;6;103;2, RUE DES FILLES DU CAL;;;;750
45700;201500050809;15;7;31;1435;1;2;1;1;6;109;46, RUE PIERRE FONTAINE;;;;750
45701;201500050810;15;8;3;1450;1;2;2;1;6;103;33, BOULEVARD BEAUMARCHA;;;;750
45702;201500050811;15;8;12;925;1;2;2;1;6;103;86, RUE VIEILLE DU TEMPL;;;;750
45703;201500050812;15;8;15;1130;1;2;2;8;6;103;60, RUE DES FRANCS BOURG;;;;750
45704;201500050813;15;8;24;1350;1;2;5;2;7;103;160, RUE DU TEMPLE;;;;750
45705;201500050814;15;8;29;1530;1;2;3;1;2;103;93, BOULEVARD BEAUMARCHA;;;;750
45706;201500050815;15;8;31;1210;1;2;2;1;3;103;99, BOULEVARD BEAUMARCHA;;;;750
45707;201500050816;15;8;31;1745;1;2;2;1;6;103;45, BOULEVARD BEAUMARCHA;;;;750
45708;201500050817;15;9;3;125;5;2;1;1;6;103;84, RUE DES ARCHIVES;;;;750
45709;201500050819;15;9;8;1530;1;2;3;1;3;103;5, BOULEVARD DES FILLES;;;;750
45710;201500050820;15;9;10;1635;1;2;2;1;6;103;86 BIS, RUE VIEILLE DU T;;;;750
45711;201500050822;15;9;17;1745;1;2;3;1;6;103;115, RUE DU TEMPLE;;;;750
45712;201500050823;15;9;18;2220;5;2;3;2;6;103;91, BOULEVARD BEAUMARCHA;;;;750
45713;201500050824;15;9;22;1610;1;2;3;2;7;103;180, RUE DU TEMPLE;;;;750
45714;201500050826;15;9;29;930;1;2;2;1;2;103;14, RUE FROISSART;;;;750
45715;201500050827;15;10;1;2312;5;2;4;1;3;103;113, BOULEVARD BEAUMARCH;;;;750
45716;201500050828;15;10;2;930;1;2;7;1;3;103;21, PLACE DE LA REPUBLIQ;;;;750
45717;201500050829;15;10;3;220;5;2;3;1;2;103;64, BOULEVARD DE SEBASTO;;;;750
45718;201500050830;15;10;1;1935;2;2;2;1;3;103;15, RUE DE BRETAGNE;;;;750
45719;201500050831;15;10;5;1555;1;2;7;3;6;103;09, PLACE DE LA REPUBLIQ;;;;750
45720;201500050832;15;10;5;1820;2;2;1;3;3;103;5BIS, RUE FROISSART;;;;750
45721;201500050833;15;10;6;800;1;2;2;3;6;103;7, RUE DE BEARN;;;;750
45722;201500050834;15;10;9;925;1;2;5;7;2;103;94, RUE DE TURENNE;;;;750
45723;201500050835;15;10;9;1100;1;2;1;1;3;103;89, RUE DE TURENNE;;;;750
45724;201500050836;15;10;10;1330;1;2;3;1;6;103;16, RUE DE BEARN;;;;750
45725;201500050837;15;10;14;1440;1;2;2;1;3;103;43, RUE DES ARCHIVES;;;;750
45726;201500050838;15;10;23;1140;1;2;2;1;2;103;110, BOULEVARD DE SEBAST;;;;750
45727;201500050839;15;10;26;828;1;2;1;1;6;103;16, RUE DE LA PERLE;;;;750
45728;201500050840;15;10;28;913;1;2;1;1;7;103;53, BOULEVARD SAINT MART;;;;750
45729;201500050841;15;10;31;1825;3;2;3;1;6;103;54, RUE DE TURBIGO;;;;750
45730;201500050842;15;11;8;2340;5;2;1;1;6;103;49, RUE MESLAY;;;;750
45731;201500050843;15;11;12;1020;1;2;1;1;6;103;5, RUE CHARLOT;;;;750
45732;201500050844;15;11;13;1250;1;2;4;1;3;103;99, BOULEVARD BEAUMARCHA;;;;750
45733;201500050845;15;11;16;1425;1;2;2;8;6;103;47, RUE DES FRANCS BOURG;;;;750
45734;201500050846;15;11;17;2310;5;2;5;1;2;103;53, BOULEVARD SAINT MART;;;;750
45735;201500050847;15;11;19;950;1;2;4;2;3;103;201, RUE DU TEMPLE;;;;750
45736;201500050848;15;11;23;2040;5;2;7;1;6;103;24, PLACE DES VOSGES;;;;750
45737;201500050849;15;11;27;2015;5;2;5;2;6;101;36, RUE ETIENNE MARCEL;;;;750
45738;201500050850;15;12;7;815;1;2;1;1;6;103;292, RUE SAINT MARTIN;;;;750
45739;201500050852;15;12;10;910;1;2;2;1;6;103;114, BOULEVARD DE SEBAST;;;;750
45740;201500050853;15;12;10;1245;1;2;2;1;3;103;11, BOULEVARD DES FILLES;;;;750
45741;201500050854;15;12;15;1500;1;2;2;8;2;103;12, RUE DES HAUDRIETTES;;;;750
45742;201500050855;15;12;15;1415;1;2;2;1;6;103;28, RUE SAINT GILLES;;;;750
45743;201500050856;15;12;18;1625;1;2;2;1;6;103;43, RUE REAUMUR;;;;750
45744;201500050857;15;12;19;1215;1;2;7;1;4;103;15, PLACE DE LA REPUBLIQ;;;;750
45745;201500050858;15;12;27;1005;1;2;7;1;6;102;35, RUE DU QUATRE SEPTEM;;;;750
45746;201500050859;15;12;28;1728;5;2;3;1;3;103;323, RUE SAINT MARTIN;;;;750
45747;201500050860;15;12;30;1130;1;2;2;1;6;104;48, RUE VIEILLE DU TEMPL;;;;750
45748;201500050861;15;1;4;1900;5;2;7;1;2;104;PLACE DE LA BASTILLE;;;;750
45749;201500050864;15;1;16;340;5;2;2;1;3;109;43, RUE DE TREVISE;;;;750
45750;201500050865;15;1;16;1740;2;2;2;1;3;104;96, RUE DE RIVOLI;;;;750
45751;201500050866;15;1;16;2245;5;2;2;1;6;104;12, QUAI DE GESVRES;;;;750
45752;201500050867;15;1;30;1130;1;2;1;2;6;109;09, RUE NOTRE DAME DE LO;;;;750
45753;201500050868;15;1;30;1200;1;2;3;4;7;104;19, RUE BEAUBOURG;;;;750
45754;201500050869;15;1;31;1530;1;2;3;1;3;104;RUE SAINT ANTOINE;;;;750
45755;201500050870;15;2;2;930;1;2;2;2;6;102;113, BOULEVARD DE SEBAST;;;;750
45756;201500050871;15;2;9;1850;5;2;1;1;6;104;23, RUE DE RIVOLI;;;;750
45757;201500050872;15;2;21;1200;1;2;7;2;3;111;14, PLACE DE LA BASTILLE;;;;750
45758;201500050873;15;2;27;841;1;2;2;1;3;104;7, RUE SAINT MARTIN;;;;750
45759;201500050874;15;2;27;2100;5;2;1;1;4;104;0, PONT MARIE;;;;750
45760;201500050875;15;3;2;1500;1;2;2;1;6;104;52, RUE DE RIVOLI;;;;750
45761;201500050876;15;3;3;1630;1;2;2;2;6;104;15, RUE DE RIVOLI;;;;750
45762;201500050877;15;3;4;1650;1;2;2;1;6;104;12, BOULEVARD HENRI IV;;;;750
45763;201500050878;15;3;4;1945;5;2;4;1;6;104;33, RUE DE RIVOLI;;;;750
45764;201500050879;15;3;5;850;1;2;1;1;3;103;11, PLACE DE LA REPUBLIQ;;;;750
45765;201500050880;15;3;6;930;1;2;2;1;3;103;57, RUE DE TURBIGO;;;;750
45766;201500050881;15;3;6;1630;1;2;3;1;2;104;11, RUE SAINT ANTOINE;;;;750
45767;201500050882;15;3;6;2355;4;2;1;1;3;104;13, BOULEVARD HENRI IV;;;;750
45768;201500050883;15;3;16;1640;1;2;1;1;6;104;51, RUE DES FRANCS BOURG;;;;750
45769;201500050884;15;3;17;2030;3;2;3;1;6;104;5, BOULEVARD HENRI IV;;;;750
45770;201500050885;15;3;24;1510;1;2;3;2;6;104;46, RUE VIEILLE DU TEMPL;;;;750
45771;201500050886;15;3;26;1050;1;2;1;1;6;102;69, RUE REAUMUR;;;;750
45772;201500050887;15;3;26;1135;1;2;1;2;7;104;11 bis, BOULEVARD MORLAN;;;;750
45773;201500050888;15;3;27;920;1;2;3;1;3;104;1, RUE DE BROSSE;;;;750
45774;201500050889;15;3;27;1825;1;2;7;1;3;104;02, PLACE DU CHATELET;;;;750
45775;201500050890;15;3;31;1545;1;2;2;1;6;104;2, QUAI DE GESVRES;;;;750
45776;201500050891;15;4;1;1845;1;2;3;1;6;104;18, BOULEVARD HENRI IV;;;;750
45777;201500050894;15;4;8;1200;1;2;1;1;2;104;84, QUAI DE L HOTEL DE V;;;;750
45778;201500050895;15;4;8;1923;1;2;1;1;3;104;QUAI DE L HOTEL DE VILLE;;;;750
45779;201500050896;15;4;9;1;5;2;1;1;6;104;19, RUE DE TURENNE;;;;750
45780;201500050897;15;4;11;300;5;2;1;1;6;104;107, RUE DE L HOTEL DE V;;;;750
45781;201500050898;15;4;12;2020;5;2;7;1;3;111;BOULEVARD BEAUMARCHAIS;;;;750
45782;201500050899;15;4;12;440;5;2;1;1;6;104;28, RUE DE RIVOLI;;;;750
45783;201500050900;15;4;13;1540;1;2;4;1;3;104;2, RUE CRILLON;;;;750
45784;201500050901;15;4;20;1420;1;2;1;1;6;104;1, RUE SAINT ANTOINE;;;;750
45785;201500050902;15;4;22;1845;1;2;7;1;3;104;03, PLACE DE LA BASTILLE;;;;750
45786;201500050903;15;4;25;255;5;2;2;2;3;104;QUAI DE LA CORSE;;;;750
45787;201500050904;15;4;29;1128;1;2;2;1;2;104;8, QUAI DE GESVRES;;;;750
45788;201500050905;15;4;30;1020;1;2;2;2;3;104;50, RUE DE RIVOLI;;;;750
45789;201500050908;15;5;5;935;1;2;3;2;3;104;QUAI DE L HOTEL DE VILLE;;;;750