;Num_Acc;an;mois;jour;hrmn;lum;agg;int;atm;col;com;adr;gps;lat;long;dep
45790;201500050909;15;5;8;1200;1;2;2;2;6;104;6, RUE DU RENARD;;;;750
45791;201500050911;15;5;12;725;1;2;1;1;6;104;14, RUE DE L ARSENAL;;;;750
45792;201500050912;15;5;12;1900;1;2;3;1;6;104;QUAI DE L HOTEL DE VILLE;;;;750
45793;201500050913;15;5;14;345;5;2;1;1;6;104;3, RUE DU RENARD;;;;750
45794;201500050914;15;5;16;100;5;2;1;1;6;104;21 bis, BOULEVARD BOURDO;;;;750
45795;201500050915;15;5;16;1230;1;2;1;1;6;102;33, RUE D ABOUKIR;;;;750
45796;201500050916;15;5;20;1740;1;2;1;1;3;109;83 bis, RUE LA FAYETTE;;;;750
45797;201500050917;15;5;20;1930;1;2;2;1;3;104;1, PONT NOTRE DAME;;;;750
45798;201500050918;15;5;24;2150;5;2;2;1;3;104;01, PONT AU CHANGE;;;;750
45799;201500050919;15;5;26;1100;1;2;2;1;3;104;23, RUE SAINT ANTOINE;;;;750
45800;201500050920;15;5;26;2140;5;2;2;1;6;104;42, RUE SAINT ANTOINE;;;;750
45801;201500050921;15;5;30;2015;1;2;2;1;6;104;QUAI DES CELESTINS;;;;750
45802;201500050922;15;6;2;1015;1;2;2;1;3;104;46, QUAI HENRI IV;;;;750
45803;201500050923;15;6;2;1600;1;2;1;1;7;104;36, BOULEVARD DE SEBASTO;;;;750
45804;201500050924;15;6;3;1405;1;2;1;1;7;104;4, RUE DES ARCHIVES;;;;750
45805;201500050925;15;6;5;1150;1;2;3;1;6;104;32, RUE DU TEMPLE;;;;750
45806;201500050926;15;10;31;1151;1;2;2;1;6;104;QUAI D ORLEANS;;;;750
45807;201500050927;15;6;1;1700;1;2;2;1;3;104;24, BOULEVARD DE SEBASTO;;;;750
45808;201500050928;15;6;3;1530;1;2;1;1;6;104;6, BOULEVARD MORLAND;;;;750
45809;201500050930;15;6;13;55;5;2;2;1;3;104;RUE DU ROI DE SICILE;;;;750
45810;201500050931;15;6;16;1120;1;2;2;1;3;102;27, RUE DU QUATRE SEPTEM;;;;750
45811;201500050932;15;6;19;2015;1;2;1;1;6;104;18, RUE DE L HOTEL DE VI;;;;750
45812;201500050934;15;6;21;30;5;2;2;1;6;104;RUE DE RIVOLI;;;;750
45813;201500050935;15;6;22;1940;1;2;1;2;7;101;VOIE GEORGES POMPIDOU;;;;750
45814;201500050936;15;6;24;115;5;2;2;1;3;102;70, METRO REAUMUR SEBAST;;;;750
45815;201500050937;15;6;26;2230;5;2;7;1;2;104;BOULEVARD BEAUMARCHAIS;;;;750
45816;201500050938;15;6;30;1045;1;2;2;1;7;104;76, RUE DE RIVOLI;;;;750
45817;201500050939;15;7;2;1825;1;2;3;1;3;104;17, RUE SAINT ANTOINE;;;;750
45818;201500050940;15;7;6;1705;1;2;2;1;6;104;8, QUAI DU MARCHE NEUF;;;;750
45819;201500050941;15;7;7;845;1;2;3;1;6;109;104, RUE SAINT LAZARE;;;;750
45820;201500050942;15;7;10;915;1;2;2;1;6;104;29, BOULEVARD BEAUMARCHA;;;;750
45821;201500050943;15;7;13;1320;1;2;5;1;3;104;QUAI DE L HOTEL DE VILLE;;;;750
45822;201500050944;15;7;15;1725;1;2;1;1;3;101;PONT AU CHANGE;;;;750
45823;201500050945;15;7;16;2230;5;2;2;1;2;104;46, QUAI DES CELESTINS;;;;750
45824;201500050946;15;7;17;1221;1;2;2;1;6;104;36, RUE SAINT ANTOINE;;;;750
45825;201500050947;15;7;18;1815;1;2;3;1;6;109;RUE DE CHATEAUDUN;;;;750
45826;201500050948;15;7;21;845;1;2;1;1;6;104;08, RUE SAINTE CROIX DE;;;;750
45827;201500050949;15;7;22;1055;1;2;1;1;6;104;RUE DE LA CITE;;;;750
45828;201500050950;15;8;3;1950;1;2;2;1;3;104;/, PONT MORLAND;;;;750
45829;201500050951;15;8;6;1130;1;2;3;1;6;104;6, RUE DU MARCHE DES BLA;;;;750
45830;201500050952;15;8;7;157;5;2;2;1;6;104;12, QUAI DE GESVRES;;;;750
45831;201500050953;15;8;13;620;2;2;1;8;6;104;24, RUE DU RENARD;;;;750
45832;201500050954;15;8;14;1610;1;2;2;1;6;101;132, RUE DE RIVOLI;;;;750
45833;201500050955;15;8;20;210;5;2;1;1;6;104;20, RUE DU TEMPLE;;;;750
45834;201500050956;15;8;24;1315;1;2;5;2;6;104;RUE DE RIVOLI;;;;750
45835;201500050957;15;8;26;920;1;2;2;1;3;104;1, QUAI DE LA CORSE;;;;750
45836;201500050958;15;8;27;1334;1;2;2;2;3;104;RUE DU RENARD;;;;750
45837;201500050959;15;8;28;1930;1;2;2;1;3;104;BOULEVARD MORLAND;;;;750
45838;201500050960;15;8;31;225;5;2;3;1;7;104;1, QUAI DE L HOTEL DE VI;;;;750
45839;201500050961;15;9;3;1900;1;2;1;1;6;104;8, RUE DE RIVOLI;;;;750
45840;201500050962;15;9;4;1145;1;2;5;1;6;104;1, RUE DE LA COUTELLERIE;;;;750
45841;201500050963;15;9;4;435;5;2;5;1;6;104;RUE DE RIVOLI;;;;750
45842;201500050964;15;9;10;1825;1;2;1;1;3;104;PONT DE SULLY;;;;750
45843;201500050967;15;9;18;1450;1;2;1;1;2;104;22, RUE SAINT ANTOINE;;;;750
45844;201500050968;15;9;17;2000;2;2;7;1;6;104;43, BOULEVARD BOURDON;;;;750
45845;201500050969;15;9;19;1135;1;2;2;8;6;104;8, RUE DU RENARD;;;;750
45846;201500050970;15;9;20;20;5;2;3;1;2;104;10, RUE DE RIVOLI;;;;750
45847;201500050971;15;9;21;905;1;2;3;1;6;104;20, QUAI DES CELESTINS;;;;750
45848;201500050972;15;9;21;1740;1;2;5;1;3;104;QUAI DE L HOTEL DE VILLE;;;;750
45849;201500050973;15;9;22;920;1;2;1;2;2;104;14bis, RUE DE RIVOLI;;;;750
45850;201500050974;15;9;22;930;1;2;2;8;3;104;10, QUAI DE GESVRES;;;;750
45851;201500050975;15;9;22;1820;1;2;1;1;3;104;QUAI DE L HOTEL DE VILLE;;;;750
45852;201500050976;15;9;30;1000;1;2;1;1;3;104;VOIE GEORGES POMPIDOU;;;;750
45853;201500050977;15;10;2;1700;1;2;5;1;6;104;86, RUE DE RIVOLI;;;;750
45854;201500050978;15;10;4;20;5;2;5;1;4;104;86, RUE DE RIVOLI;;;;750
45855;201500050979;15;10;1;930;1;2;3;1;3;104;PONT D ARCOLE;;;;750
45856;201500050980;15;10;9;830;1;2;3;1;6;104;20, BOULEVARD MORLAND;;;;750
45857;201500050981;15;10;10;1045;1;2;1;1;6;104;2, QUAI HENRI IV;;;;750
45858;201500050982;15;10;14;1600;1;2;1;1;6;104;41, BOULEVARD BOURDON;;;;750
45859;201500050983;15;10;17;2020;5;2;7;8;3;109;57, RUE DE CHATEAUDUN;;;;750
45860;201500050984;15;10;19;1730;1;2;3;1;2;104;5, BOULEVARD HENRI IV;;;;750
45861;201500050985;15;10;22;1130;1;2;3;1;6;104;88, RUE SAINT ANTOINE;;;;750
45862;201500050987;15;10;26;1630;1;2;2;1;3;104;PONT DE SULLY;;;;750
45863;201500050988;15;10;28;1050;1;2;1;1;3;104;28, BOULEVARD DE SEBASTO;;;;750
45864;201500050989;15;10;30;1100;1;2;2;1;2;104;RUE SAINT MARTIN;;;;750
45865;201500050990;15;11;4;1200;1;2;1;2;3;104;33, BOULEVARD BOURDON;;;;750
45866;201500050991;15;11;5;1825;5;2;1;2;6;104;20, RUE BEAUBOURG;;;;750
45867;201500050992;15;11;6;1930;5;2;2;8;6;104;RUE CRILLON;;;;750
45868;201500050994;15;11;8;2110;5;2;5;1;3;101;41, RUE DE RIVOLI;;;;750
45869;201500050995;15;11;14;1505;1;2;2;1;2;104;96, RUE DE RIVOLI;;;;750
45870;201500050996;15;11;17;1830;5;2;2;2;6;102;126, RUE REAUMUR;;;;750
45871;201500050997;15;11;18;930;1;2;4;1;6;109;03, RUE MEYERBEER;;;;750
45872;201500050998;15;11;18;2100;5;2;1;1;4;104;01, BOULEVARD BOURDON;;;;750
45873;201500050999;15;11;19;2355;5;2;5;2;3;104;/, RUE DES NONNAINS D HY;;;;750
45874;201500051000;15;11;27;1200;1;2;1;1;3;104;1, BOULEVARD DU PALAIS;;;;750
45875;201500051001;15;11;26;2020;5;2;1;1;6;101;229, RUE SAINT HONORE;;;;750
45876;201500051002;15;12;4;1510;1;2;2;1;3;104;QUAI DES CELESTINS;;;;750
45877;201500051003;15;12;5;1310;1;2;5;1;3;104;AVENUE VICTORIA;;;;750
45878;201500051004;15;12;5;1320;1;2;3;1;6;104;52, RUE DE RIVOLI;;;;750
45879;201500051005;15;12;6;2115;5;2;2;1;2;104;--, RUE DES ARCHIVES;;;;750
45880;201500051006;15;12;8;2055;5;2;5;8;6;104;49, BOULEVARD HENRI IV;;;;750
45881;201500051007;15;12;12;140;5;2;4;1;6;104;10, RUE DU RENARD;;;;750
45882;201500051009;15;12;17;2040;5;2;5;1;6;104;1, RUE DE LA COUTELLERIE;;;;750
45883;201500051010;15;12;22;120;5;2;7;2;6;104;3, PLACE DE LA BASTILLE;;;;750
45884;201500051011;15;12;21;2140;5;2;2;1;6;109;RUE DE CHATEAUDUN;;;;750
45885;201500051012;15;12;23;1630;2;2;1;1;2;104;45, RUE DES FRANCS BOURG;;;;750
45886;201500051013;15;12;29;1140;1;2;1;8;7;104;18, QUAI DES CELESTINS;;;;750
45887;201500051014;15;12;30;1300;1;2;1;1;6;103;87, RUE VIEILLE DU TEMPL;;;;750
45888;201500051015;15;12;31;1445;1;2;2;1;3;104;23, RUE SAINT ANTOINE;;;;750
45889;201500051016;15;1;3;1939;5;2;2;2;3;105;72, RUE CLAUDE BERNARD;;;;750
45890;201500051017;15;1;4;1730;5;2;3;1;3;105;110, RUE MONGE;;;;750
45891;201500051018;15;1;5;1120;1;2;3;8;3;105;16 bis, RUE CENSIER;;;;750
45892;201500051019;15;1;15;1855;5;2;1;8;7;105;3, QUAI SAINT BERNARD;;;;750
45893;201500051020;15;1;16;1320;1;2;2;1;3;105;27, QUAI SAINT BERNARD;;;;750
45894;201500051021;15;1;16;2000;5;2;5;2;3;105;AVENUE DES GOBELINS;;;;750
45895;201500051022;15;1;20;1129;1;2;4;1;6;105;11, RUE MONGE;;;;750
45896;201500051023;15;1;22;1250;1;2;2;1;1;105;60, BOULEVARD SAINT MARC;;;;750
45897;201500051024;15;1;22;2250;5;2;2;1;6;105;12, BOULEVARD SAINT GERM;;;;750
45898;201500051025;15;1;23;2045;5;2;1;1;6;105;137, BOULEVARD SAINT MIC;;;;750
45899;201500051026;15;1;22;2045;5;2;2;1;3;105;61, QUAI DE LA TOURNELLE;;;;750
45900;201500051027;15;1;26;1130;1;2;3;8;2;105;18, AVENUE DE L OBSERVAT;;;;750
45901;201500051028;15;1;26;1916;5;2;1;2;6;105;74, BOULEVARD DE PORT RO;;;;750
45902;201500051029;15;1;28;1645;1;2;3;2;6;105;1-3, RUE POLIVEAU;;;;750
45903;201500051031;15;1;30;1400;1;2;2;2;6;105;2, RUE ERASME;;;;750
45904;201500051032;15;2;5;1155;1;2;7;1;6;105;58, BOULEVARD SAINT MICH;;;;750
45905;201500051034;15;2;11;2310;5;2;3;1;6;105;6, AVENUE DES GOBELINS;;;;750
45906;201500051035;15;2;17;1310;1;2;3;8;6;105;70, BOULEVARD SAINT MARC;;;;750
45907;201500051037;15;2;24;1300;1;2;7;2;2;105;24, RUE LINNE;;;;750
45908;201500051038;15;2;27;1845;5;2;4;1;3;105;116, RUE MONGE;;;;750
45909;201500051040;15;2;28;2340;5;2;3;3;6;105;8, AVENUE DES GOBELINS;;;;750
45910;201500051042;15;3;4;2015;5;2;2;1;6;105;14, RUE MONGE;;;;750
45911;201500051043;15;3;15;2320;5;2;5;1;2;105;04, BOULEVARD DE PORT RO;;;;750
45912;201500051044;15;3;18;615;2;2;1;1;6;105;BOULEVARD SAINT GERMAIN;;;;750
45913;201500051046;15;3;18;1520;1;2;2;1;2;105;162, RUE SAINT JACQUES;;;;750
45914;201500051047;15;3;22;1142;1;2;3;1;3;105;78, BOULEVARD SAINT GERM;;;;750
45915;201500051048;15;3;25;1817;1;2;2;1;6;105;7, QUAI SAINT BERNARD;;;;750
45916;201500051049;15;3;31;1620;1;2;2;1;7;105;24 bis, BOULEVARD SAINT;;;;750
45917;201500051050;15;4;1;1712;1;2;3;1;7;105;55, BOULEVARD SAINT GERM;;;;750
45918;201500051051;15;4;3;1605;1;2;2;2;3;105;72, RUE CLAUDE BERNARD;;;;750
45919;201500051052;15;4;3;1810;1;2;1;2;3;105;29, RUE BUFFON;;;;750
45920;201500051053;15;4;4;2325;5;2;2;1;3;105;RUE SAINT JACQUES;;;;750
45921;201500051054;15;4;4;1950;4;2;5;8;6;105;27, BOULEVARD SAINT MICH;;;;750
45922;201500051055;15;4;10;1105;1;2;1;1;6;105;83, BOULEVARD SAINT MICH;;;;750
45923;201500051056;15;4;10;1728;1;2;2;1;3;105;36, RUE GAY LUSSAC;;;;750
45924;201500051057;15;4;11;1445;1;2;5;1;6;105;99, RUE MONGE;;;;750
45925;201500051058;15;4;14;2220;5;2;2;1;3;105;12, RUE DES ECOLES;;;;750
45926;201500051059;15;4;14;1655;1;2;3;1;6;105;70, BOULEVARD SAINT MARC;;;;750
45927;201500051060;15;4;14;2245;5;2;5;1;2;105;32, RUE MONGE;;;;750
45928;201500051061;15;4;15;1115;1;2;3;7;6;105;19, RUE MONGE;;;;750
45929;201500051062;15;4;17;830;1;2;1;1;3;105;9, QUAI SAINT BERNARD;;;;750
45930;201500051063;15;4;17;1025;1;2;1;1;6;105;9, RUE SOUFFLOT;;;;750
45931;201500051064;15;4;17;1720;1;2;2;1;6;105;07, RUE SOUFFLOT;;;;750
45932;201500051066;15;4;20;2040;5;2;5;1;7;105;23, RUE DES BERNARDINS;;;;750
45933;201500051068;15;4;23;1830;1;2;3;1;6;105;13, QUAI SAINT MICHEL;;;;750
45934;201500051069;15;4;23;2030;2;2;3;1;6;105;98, BOULEVARD SAINT GERM;;;;750
45935;201500051070;15;4;23;2215;5;2;1;1;6;105;PLACE VALHUBERT;;;;750
45936;201500051071;15;4;30;1450;1;2;2;2;6;105;12, RUE DES ECOLES;;;;750
45937;201500051072;15;4;30;1615;1;2;1;2;3;105;49, RUE MONGE;;;;750
45938;201500051073;15;5;6;1500;1;2;7;1;4;105;01, QUAI SAINT BERNARD;;;;750
45939;201500051074;15;5;6;1935;1;2;2;1;7;105;137, BOULEVARD SAINT MIC;;;;750
45940;201500051075;15;5;18;1510;1;2;7;1;2;105;75, RUE CLAUDE BERNARD;;;;750
45941;201500051076;15;5;26;1930;1;2;1;1;3;105;10bis, RUE DU SOMMERARD;;;;750
45942;201500051077;15;5;27;1250;2;2;1;1;6;105;16, RUE CLAUDE BERNARD;;;;750
45943;201500051078;15;5;27;1255;1;2;1;1;2;105;25, RUE CLAUDE BERNARD;;;;750
45944;201500051079;15;5;27;2112;2;2;3;1;3;105;16, RUE DE L ARBALETE;;;;750
45945;201500051080;15;5;28;310;5;2;2;2;6;105;172, RUE SAINT JACQUES;;;;750
45946;201500051081;15;5;31;1645;1;2;4;2;1;105;78, RUE GAY LUSSAC;;;;750
45947;201500051082;15;6;1;1555;1;2;1;1;6;105;49, RUE DU CARDINAL LEMO;;;;750
45948;201500051083;15;6;4;1130;1;2;1;1;6;105;26, BOULEVARD SAINT MARC;;;;750
45949;201500051084;15;6;6;215;5;2;1;1;6;105;69, BOULEVARD SAINT MICH;;;;750
45950;201500051085;15;6;8;900;1;2;7;1;7;105;1, PLACE VALHUBERT;;;;750
45951;201500051086;15;6;8;1925;1;2;2;1;6;105;11, RUE MONGE;;;;750
45952;201500051088;15;6;17;1000;1;2;2;1;6;105;17, RUE MONGE;;;;750
45953;201500051090;15;6;18;950;1;2;1;1;6;105;37, BOULEVARD SAINT MICH;;;;750
45954;201500051091;15;6;19;1425;1;2;2;1;3;105;41, BOULEVARD SAINT GERM;;;;750
45955;201500051092;15;6;30;1115;1;2;2;1;3;105;2, QUAI DE LA TOURNELLE;;;;750
45956;201500051093;15;6;29;2130;1;2;5;1;6;105;2, BOULEVARD DE L HOPITA;;;;750
45957;201500051094;15;6;30;1950;1;2;1;1;3;105;17, BOULEVARD SAINT GERM;;;;750
45958;201500051095;15;7;1;55;5;2;4;1;7;105;23, RUE JUSSIEU;;;;750
45959;201500051096;15;7;1;1905;1;2;1;1;6;105;34, RUE SAINT JACQUES;;;;750
45960;201500051097;15;7;4;1820;1;2;4;1;6;105;16, RUE LINNE;;;;750
45961;201500051098;15;7;9;1805;1;2;2;1;6;105;31, QUAI SAINT BERNARD;;;;750
45962;201500051099;15;7;10;1245;1;2;2;1;6;105;62, RUE MOUFFETARD;;;;750
45963;201500051100;15;7;11;1850;1;2;2;1;6;105;16, RUE CUJAS;;;;750
45964;201500051101;15;7;15;22;5;2;2;1;6;105;67, BOULEVARD SAINT GERM;;;;750
45965;201500051102;15;7;17;640;1;2;2;1;2;105;41, BOULEVARD SAINT GERM;;;;750
45966;201500051103;15;7;20;1045;1;2;3;1;4;105;BOULEVARD SAINT GERMAIN;;;;750
45967;201500051104;15;7;22;1000;1;2;4;1;2;105;39, RUE LINNE;;;;750
45968;201500051105;15;7;24;1255;1;2;1;8;6;105;17, BOULEVARD SAINT GERM;;;;750
45969;201500051106;15;7;25;2020;1;2;2;1;6;105;23, QUAI DE MONTEBELLO;;;;750
45970;201500051107;15;7;27;945;1;2;5;1;3;105;20, AVENUE DE L OBSERVAT;;;;750
45971;201500051108;15;7;27;1250;1;2;1;1;3;105;14, BOULEVARD SAINT MARC;;;;750
45972;201500051109;15;7;28;1909;1;2;2;1;3;105;46, RUE SAINT JACQUES;;;;750
45973;201500051110;15;7;29;1815;1;2;3;1;2;105;68, BOULEVARD SAINT GERM;;;;750
45974;201500051111;15;7;29;2330;5;2;2;1;3;105;39, BOULEVARD SAINT GERM;M;;;750
45975;201500051112;15;8;4;1845;1;2;1;1;6;105;36, BOULEVARD SAINT MICH;;;;750
45976;201500051113;15;8;6;904;1;2;5;1;3;105;27, BOULEVARD SAINT MICH;;;;750
45977;201500051115;15;8;15;325;5;2;7;2;3;105;1, PLACE SAINT MICHEL;;;;750
45978;201500051116;15;8;16;1550;1;2;2;1;3;105;15, RUE MONGE;;;;750
45979;201500051117;15;8;19;2040;5;2;2;1;3;105;100, BOULEVARD SAINT GER;;;;750
45980;201500051118;15;8;21;2118;5;2;2;1;6;105;PONT DE SULLY;;;;750
45981;201500051119;15;8;22;2300;5;2;3;1;6;105;9, RUE DANTE;;;;750
45982;201500051121;15;8;31;1240;1;2;5;2;6;105;34, RUE MONGE;;;;750
45983;201500051122;15;9;6;115;5;2;1;1;3;105;40, BOULEVARD SAINT MICH;;;;750
45984;201500051123;15;9;8;1130;1;2;5;1;2;105;31, RUE MONGE;;;;750
45985;201500051124;15;9;10;1443;1;2;2;1;3;105;222, RUE SAINT JACQUES;;;;750
45986;201500051125;15;9;10;1730;1;2;3;1;6;105;14, RUE CENSIER;;;;750
45987;201500051126;15;9;11;920;1;2;2;1;3;105;PONT DE SULLY;;;;750
45988;201500051127;15;9;12;235;5;2;3;1;6;105;49, BOULEVARD SAINT GERM;;;;750
45989;201500051128;15;9;13;2005;3;2;1;1;6;105;9, RUE MONGE;;;;750
45990;201500051130;15;9;15;1115;1;2;2;1;6;105;94, BOULEVARD DE PORT RO;;;;750
45991;201500051131;15;9;18;1305;1;2;4;1;6;105;26, RUE BERTHOLLET;;;;750
45992;201500051132;15;9;18;1940;2;2;1;3;3;105;23, RUE CLAUDE BERNARD;;;;750
45993;201500051133;15;9;25;1100;1;2;1;1;3;105;27, RUE LHOMOND;;;;750
45994;201500051134;15;9;25;1400;1;2;1;1;2;105;11, RUE DES FOSSES SAINT;;;;750
45995;201500051135;15;9;26;50;5;2;3;1;2;105;2, BOULEVARD SAINT GERMA;;;;750
45996;201500051136;15;9;27;30;5;2;1;1;6;105;27, QUAI DE LA TOURNELLE;;;;750
45997;201500051137;15;10;1;1850;2;2;5;1;3;105;47, AVENUE DE L OBSERVAT;;;;750
45998;201500051138;15;10;2;1420;1;2;5;1;3;105;01, AVENUE DES GOBELINS;;;;750
45999;201500051139;15;10;2;2100;5;2;2;6;6;105;RUE DES ECOLES;;;;750
46000;201500051141;15;10;3;534;5;2;3;1;7;105;258, RUE SAINT JACQUES;;;;750
46001;201500051142;15;10;5;1550;1;2;2;3;7;105;PONT SAINT MICHEL;;;;750
46002;201500051143;15;10;5;1805;1;2;2;3;6;105;18, RUE MONGE;;;;750
46003;201500051144;15;10;7;630;5;2;2;9;2;105;14 bis, BOULEVARD DE L H;;;;750
46004;201500051145;15;10;7;850;1;2;2;1;3;105;21, BOULEVARD SAINT MICH;;;;750
46005;201500051146;15;10;8;1235;1;2;1;1;6;105;38, BOULEVARD SAINT MICH;;;;750
46006;201500051147;15;10;10;1754;1;2;3;1;6;105;60, RUE DES ECOLES;;;;750
46007;201500051148;15;10;12;1905;2;2;5;1;3;105;42, BOULEVARD SAINT MARC;;;;750
46008;201500051149;15;10;13;830;1;2;2;8;3;105;80, RUE MONGE;;;;750
46009;201500051150;15;10;13;1200;1;2;7;1;7;105;03, PLACE SAINT MICHEL;;;;750
46010;201500051151;15;10;13;1600;1;2;2;1;6;105;18, RUE DES FOSSES SAINT;;;;750
46011;201500051152;15;10;13;2035;5;2;7;1;6;105;1, RUE DU PETIT PONT;;;;750
46012;201500051153;15;10;16;1515;1;2;2;2;6;105;11, RUE CLOVIS;;;;750
46013;201500051154;15;10;18;2315;5;2;1;1;6;105;18, RUE DE L ABBE DE L E;;;;750
46014;201500051155;15;10;19;1000;1;2;1;1;6;105;17, RUE MONGE;;;;750
46015;201500051156;15;10;19;1315;1;2;3;1;3;105;114, RUE MONGE;;;;750
46016;201500051157;15;10;21;1045;1;2;3;1;3;105;93, RUE MONGE;;;;750
46017;201500051158;15;10;22;855;1;2;2;1;6;105;103, BOULEVARD SAINT MIC;;;;750
46018;201500051159;15;10;23;2245;5;2;5;1;3;105;32, RUE SAINT JACQUES;;;;750
46019;201500051161;15;10;24;1810;2;2;3;1;2;105;1, BOULEVARD SAINT GERMA;;;;750
46020;201500051162;15;10;28;1717;1;2;3;1;2;105;62, RUE DES ECOLES;;;;750
46021;201500051163;15;10;31;315;5;2;1;1;3;105;135, BOULEVARD SAINT MIC;;;;750
46022;201500051164;15;11;3;915;1;2;2;2;3;105;19, QUAI DE LA TOURNELLE;;;;750
46023;201500051165;15;11;4;1940;5;2;1;1;6;105;23, QUAI SAINT BERNARD;;;;750
46024;201500051166;15;11;6;1555;1;2;5;2;6;105;11, RUE MONGE;;;;750
46025;201500051167;15;11;6;1800;5;2;3;2;6;105;36, BOULEVARD SAINT MARC;;;;750
46026;201500051168;15;11;6;1803;2;2;7;2;3;105;PLACE SAINT MICHEL;;;;750
46027;201500051169;15;11;8;10;5;2;2;1;3;105;252, RUE SAINT JACQUES;;;;750
46028;201500051170;15;11;9;1250;1;2;7;1;3;105;75, RUE MONGE;;;;750
46029;201500051171;15;11;10;1500;1;2;2;1;3;105;13, RUE CLOVIS;;;;750
46030;201500051172;15;11;11;1315;1;2;4;1;6;105;19, RUE GEOFFROY SAINT H;;;;750
46031;201500051173;15;11;12;1330;1;2;5;1;3;105;15, RUE MONGE;;;;750
46032;201500051174;15;11;15;1930;5;2;1;1;3;105;55, RUE GEOFFROY SAINT H;;;;750
46033;201500051175;15;11;17;900;1;2;4;8;7;105;48, BOULEVARD SAINT MICH;;;;750
46034;201500051176;15;11;19;805;1;2;2;1;3;105;/, RUE MONGE;;;;750
46035;201500051177;15;11;19;1745;5;2;5;2;6;105;9, QUAI SAINT BERNARD;;;;750
46036;201500051178;15;11;20;1900;2;2;4;2;7;105;AVENUE DE L OBSERVATOIRE;;;;750
46037;201500051180;15;11;24;1130;1;2;2;2;3;105;65, BOULEVARD SAINT MICH;;;;750
46038;201500051181;15;11;26;1355;1;2;1;1;6;105;29, RUE MONGE;;;;750
46039;201500051183;15;12;1;120;5;2;2;1;6;105;8, BOULEVARD DE L HOPITA;;;;750
46040;201500051184;15;12;1;1218;1;2;1;1;6;105;20, AVENUE DES GOBELINS;;;;750
46041;201500051185;15;12;4;25;5;2;5;1;3;105;13, RUE MONGE;;;;750
46042;201500051186;15;12;8;1020;1;2;2;1;6;105;41, BOULEVARD SAINT MARC;;;;750
46043;201500051187;15;12;9;1720;5;2;2;1;3;105;16, RUE GEOFFROY SAINT H;;;;750
46044;201500051188;15;12;10;1417;1;2;2;1;3;105;BOULEVARD DE PORT ROYAL;;;;750
46045;201500051189;15;12;14;1245;1;2;1;1;2;105;15, PLACE DU PANTHEON;;;;750
46046;201500051190;15;12;18;1020;1;2;2;1;6;105;RUE MONGE;;;;750
46047;201500051191;15;12;18;1900;5;2;2;1;6;105;RUE DES FOSSES SAINT MAR;;;;750
46048;201500051193;15;1;9;1330;1;2;7;1;6;106;74, RUE SAINT SULPICE;;;;750
46049;201500051194;15;1;13;1515;1;2;3;2;6;106;20, BOULEVARD SAINT MICH;;;;750
46050;201500051195;15;1;21;1140;1;2;7;1;2;106;23, QUAI DE CONTI;;;;750
46051;201500051196;15;1;23;1040;1;2;2;8;6;106;76, RUE DE VAUGIRARD;;;;750
46052;201500051197;15;1;25;220;5;2;2;1;5;106;BOULEVARD RASPAIL;;;;750
46053;201500051198;15;1;28;900;1;2;2;1;6;106;22, BOULEVARD SAINT MICH;;;;750
46054;201500051199;15;1;29;1256;1;2;1;2;6;106;34, RUE SAINT SULPICE;;;;750
46055;201500051201;15;2;4;930;1;2;2;1;2;106;175, BOULEVARD SAINT GER;;;;750
46056;201500051202;15;2;6;950;1;2;5;1;3;106;, RUE NOTRE DAME DES CHA;;;;750
46057;201500051203;15;2;8;2245;5;2;2;1;6;106;58, RUE DE VAUGIRARD;;;;750
46058;201500051204;15;2;9;2235;5;2;2;1;6;106;23, RUE DE L ANCIENNE CO;;;;750
46059;201500051205;15;2;10;1240;1;2;1;1;6;106;81, RUE DE SEVRES;;;;750
46060;201500051206;15;2;10;1525;1;2;2;1;2;106;123, BOULEVARD SAINT GER;;;;750
46061;201500051207;15;2;12;1320;1;2;1;1;6;106;17, QUAI DE CONTI;;;;750
46062;201500051208;15;2;16;1445;1;2;2;1;6;106;75, RUE DE SEINE;;;;750
46063;201500051209;15;2;23;1455;1;2;2;1;6;106;45, RUE DE VAUGIRARD;;;;750
46064;201500051210;15;2;24;1340;1;2;2;8;2;106;0, BOULEVARD SAINT GERMA;;;;750
46065;201500051211;15;2;27;644;2;2;7;1;1;106;1, RUE DU CHERCHE MIDI;;;;750
46066;201500051212;15;2;28;46;5;2;2;1;3;106;95, RUE DE SEINE;;;;750
46067;201500051213;15;3;4;1255;1;2;2;1;3;106;55, RUE DE RENNES;;;;750
46068;201500051214;15;3;7;505;5;2;7;1;6;106;PLACE DU DIX HUIT JUIN 1;;;;750
46069;201500051215;15;3;14;1205;1;2;1;1;6;106;53, RUE DE SEVRES;;;;750
46070;201500051216;15;3;16;1510;1;2;7;1;6;106;4, PLACE EDMOND ROSTAND;;;;750
46071;201500051217;15;3;19;950;1;2;1;8;6;106;02, PLACE SAINT MICHEL;;;;750
46072;201500051218;15;3;23;2230;5;2;5;1;6;106;127, RUE DE RENNES;;;;750
46073;201500051219;15;3;24;1850;5;2;2;2;6;106;RUE DE MEZIERES;;;;750
46074;201500051220;15;3;27;2015;5;2;7;1;6;106;56, RUE DU FOUR;;;;750
46075;201500051221;15;3;28;1545;1;2;2;1;3;106;11, RUE CASSETTE;;;;750
46076;201500051222;15;3;29;2140;5;2;7;2;2;106;85, BOULEVARD SAINT GERM;;;;750
46077;201500051223;15;3;31;1100;1;2;1;2;3;106;41, QUAI DES GRANDS AUGU;;;;750