;Num_Acc;an;mois;jour;hrmn;lum;agg;int;atm;col;com;adr;gps;lat;long;dep
46078;201500051224;15;4;2;1940;1;2;1;2;3;106;13, RUE DE TOURNON;;;;750
46079;201500051225;15;4;4;1710;1;2;1;1;3;106;37, RUE DE SEVRES;;;;750
46080;201500051226;15;4;7;1610;1;2;2;1;6;106;45, RUE DE VAUGIRARD;;;;750
46081;201500051227;15;4;8;1415;1;2;7;1;2;106;06, PLACE EDMOND ROSTAND;;;;750
46082;201500051228;15;4;13;1300;1;2;2;1;2;106;25, BOULEVARD SAINT MICH;;;;750
46083;201500051229;15;4;14;1505;1;2;1;1;6;106;30, BOULEVARD SAINT MICH;;;;750
46084;201500051230;15;4;15;1737;1;2;1;1;2;106;59, BOULEVARD RASPAIL;;;;750
46085;201500051231;15;4;17;1735;1;2;2;1;6;106;76, RUE D ASSAS;;;;750
46086;201500051232;15;4;22;948;1;2;3;1;2;106;7, RUE DU VIEUX COLOMBIE;;;;750
46087;201500051233;15;4;22;1125;1;2;2;1;1;106;78, RUE DE SEINE;;;;750
46088;201500051234;15;4;23;2020;1;2;7;1;3;106;PLACE PAUL CLAUDEL;;;;750
46089;201500051235;15;4;24;1134;1;2;2;1;3;106;95, RUE DE SEINE;;;;750
46090;201500051236;15;5;1;255;5;2;2;2;6;106;175, BOULEVARD SAINT GER;;;;750
46091;201500051237;15;5;5;1115;1;2;1;2;6;106;72, RUE DU CHERCHE MIDI;;;;750
46092;201500051238;15;5;6;1605;1;2;2;1;3;106;17, RUE RACINE;;;;750
46093;201500051239;15;5;7;950;1;2;2;1;3;106;95, BOULEVARD RASPAIL;;;;750
46094;201500051240;15;5;11;1600;1;2;1;1;6;106;12, BOULEVARD SAINT MICH;;;;750
46095;201500051241;15;5;13;940;1;2;3;1;7;106;53 bis, QUAI DES GRANDS;;;;750
46096;201500051242;15;5;16;200;5;2;1;1;6;106;23, QUAI DE CONTI;;;;750
46097;201500051243;15;5;16;1940;1;2;2;1;3;106;RUE MICHELET;;;;750
46098;201500051244;15;5;20;1044;1;2;1;1;6;106;89, RUE DU CHERCHE MIDI;;;;750
46099;201500051245;15;5;21;940;1;2;1;1;7;106;23, QUAI DE CONTI;;;;750
46100;201500051246;15;5;21;1510;1;2;1;1;2;106;79, RUE DE SEVRES;;;;750
46101;201500051247;15;5;22;1709;1;2;7;1;3;106;49, BOULEVARD RASPAIL;;;;750
46102;201500051249;15;6;2;1625;1;2;1;1;6;106;09bis, BOULEVARD DU MONT;;;;750
46103;201500051250;15;6;3;1945;1;2;3;1;3;106;15, RUE DE VAUGIRARD;;;;750
46104;201500051251;15;6;7;1755;1;2;2;1;6;106;65, RUE DE RENNES;;;;750
46105;201500051252;15;6;8;2115;2;2;2;1;3;106;18, AVENUE DE L OBSERVAT;;;;750
46106;201500051253;15;6;10;1210;1;2;3;1;3;106;5, QUAI DE CONTI;;;;750
46107;201500051254;15;6;10;1355;1;2;2;1;6;106;20, BOULEVARD SAINT MICH;;;;750
46108;201500051255;15;6;12;1720;1;2;1;1;6;106;RUE D ASSAS;;;;750
46109;201500051256;15;6;15;1728;1;2;3;1;2;106;30, RUE SAINT SULPICE;;;;750
46110;201500051257;15;6;18;1940;1;2;3;1;6;106;23, RUE DE L ABBE GREGOI;;;;750
46111;201500051258;15;6;19;920;1;2;1;1;2;106;11, QUAI DE CONTI;;;;750
46112;201500051259;15;6;22;1150;1;2;2;1;3;106;89, BOULEVARD DU MONTPAR;;;;750
46113;201500051260;15;6;23;730;1;2;3;1;3;106;22, BOULEVARD SAINT MICH;;;;750
46114;201500051261;15;6;24;1430;1;2;1;1;6;106;114, RUE DU CHERCHE MIDI;;;;750
46115;201500051263;15;6;27;1030;1;2;2;1;3;106;112, RUE DE RENNES;;;;750
46116;201500051265;15;7;1;330;5;2;2;1;3;106;RUE DE SEINE;;;;750
46117;201500051266;15;7;1;1652;1;2;7;1;6;106;71, BOULEVARD DU MONTPAR;;;;750
46118;201500051267;15;7;4;617;1;2;3;1;2;106;5, QUAI DE CONTI;;;;750
46119;201500051268;15;7;5;230;5;2;2;1;6;106;132, BOULEVARD SAINT GER;;;;750
46120;201500051269;15;7;10;120;5;2;3;1;7;106;17 BIS, RUE DE VAUGIRARD;;;;750
46121;201500051270;15;7;11;2030;1;2;2;1;6;106;8, BOULEVARD SAINT MICHE;;;;750
46122;201500051271;15;7;13;1440;1;2;3;1;6;106;72, BOULEVARD SAINT MICH;;;;750
46123;201500051272;15;7;15;1030;1;2;1;1;6;106;09, PLACE SAINT SULPICE;;;;750
46124;201500051273;15;7;19;1830;1;2;3;1;6;106;93, RUE DE SEINE;;;;750
46125;201500051274;15;7;20;1147;1;2;5;1;6;106;122, RUE DE RENNES;;;;750
46126;201500051275;15;7;21;1400;1;2;1;1;6;106;153, RUE DE RENNES;;;;750
46127;201500051276;15;7;24;755;1;2;2;1;7;106;28, RUE SAINT PLACIDE;;;;750
46128;201500051277;15;7;24;1850;1;2;7;8;7;106;02, PLACE EDMOND ROSTAND;;;;750
46129;201500051278;15;7;29;845;1;2;5;1;3;106;29, BOULEVARD DU MONTPAR;;;;750
46130;201500051279;15;7;30;25;5;2;1;1;6;106;1, PLACE DE L INSTITUT;;;;750
46131;201500051280;15;8;1;1540;1;2;2;1;3;106;82, BOULEVARD RASPAIL;;;;750
46132;201500051281;15;8;2;145;5;2;7;1;6;106;105, BOULEVARD DU MONTPA;;;;750
46133;201500051283;15;8;7;101;5;2;5;1;6;106;55, RUE DE VAUGIRARD;;;;750
46134;201500051284;15;8;17;920;1;2;5;1;3;106;57, QUAI DES GRANDS AUGU;;;;750
46135;201500051285;15;8;20;1154;1;2;2;2;6;106;RUE DE TOURNON;;;;750
46136;201500051286;15;8;24;900;1;2;2;2;2;106;115, RUE DE RENNES;;;;750
46137;201500051287;15;8;24;1645;1;2;3;2;6;106;25, QUAI DES GRANDS AUGU;;;;750
46138;201500051288;15;8;27;1445;1;2;7;3;7;106;PLACE EDMOND ROSTAND;;;;750
46139;201500051289;15;8;30;1725;1;2;3;1;4;106;69 bis, RUE DE VAUGIRARD;;;;750
46140;201500051291;15;9;1;1645;1;2;2;1;6;106;53 bis, RUE DE SEVRES;;;;750
46141;201500051292;15;9;4;1530;1;2;3;1;6;106;20, BOULEVARD SAINT MICH;;;;750
46142;201500051293;15;9;9;1;5;2;7;1;3;106;7, PLACE LE CORBUSIER;;;;750
46143;201500051294;15;9;9;1630;1;2;1;1;6;106;12, RUE DE L ECOLE DE ME;;;;750
46144;201500051295;15;9;10;1330;1;2;3;1;6;106;20, BOULEVARD SAINT MICH;;;;750
46145;201500051296;15;9;10;2040;5;2;2;1;3;106;24, BOULEVARD SAINT MICH;;;;750
46146;201500051297;15;9;12;1045;1;2;1;8;6;106;125, RUE DE SEVRES;;;;750
46147;201500051298;15;9;15;1100;1;2;3;1;3;106;108, BOULEVARD SAINT GER;;;;750
46148;201500051299;15;9;18;920;1;2;2;1;2;106;104, RUE DE RENNES;;;;750
46149;201500051300;15;9;23;1330;1;2;1;1;2;106;21, RUE VISCONTI;;;;750
46150;201500051301;15;9;23;1645;1;2;1;1;6;106;9 bis, BOULEVARD DU MONT;;;;750
46151;201500051302;15;9;24;745;1;2;2;1;3;106;35, RUE BONAPARTE;;;;750
46152;201500051304;15;9;30;1110;1;2;1;1;6;106;155, BOULEVARD DU MONTPA;;;;750
46153;201500051305;15;10;1;740;1;2;1;1;7;105;14, BOULEVARD SAINT MICH;;;;750
46154;201500051306;15;10;2;1725;1;2;5;1;6;106;27, BOULEVARD DU MONTPAR;;;;750
46155;201500051307;15;10;8;1745;1;2;1;1;6;106;134, RUE DE RENNES;;;;750
46156;201500051308;15;10;9;2050;5;2;1;1;6;106;14, BOULEVARD SAINT MICH;;;;750
46157;201500051309;15;10;9;1320;1;2;7;1;2;106;168, BOULEVARD SAINT GER;;;;750
46158;201500051310;15;10;13;1620;1;2;2;1;3;106;BOULEVARD RASPAIL;;;;750
46159;201500051311;15;10;14;1036;1;2;2;1;6;106;RUE DE RENNES;;;;750
46160;201500051312;15;10;16;1300;1;2;1;2;4;106;113, RUE DE RENNES;;;;750
46161;201500051313;15;10;16;1340;1;2;1;2;6;105;97, BOULEVARD SAINT GERM;;;;750
46162;201500051315;15;10;18;1135;1;2;2;1;6;106;43, RUE DE VAUGIRARD;;;;750
46163;201500051316;15;10;19;1610;1;2;2;1;6;106;2, RUE DE TOURNON;;;;750
46164;201500051317;15;10;21;1950;5;2;3;1;2;106;5, RUE JACQUES CALLOT;;;;750
46165;201500051318;15;10;24;1735;1;2;2;1;3;106;112, RUE DE RENNES;;;;750
46166;201500051319;15;10;26;847;1;2;3;1;6;106;5, QUAI DE CONTI;;;;750
46167;201500051320;15;10;28;925;1;2;5;8;7;106;84, RUE MAZARINE;;;;750
46168;201500051321;15;10;30;1015;1;2;3;1;3;105;53, BOULEVARD SAINT MICH;;;;750
46169;201500051322;15;10;31;1730;5;2;2;1;6;106;106 bis, RUE DE RENNES;;;;750
46170;201500051324;15;11;4;1505;1;2;7;1;6;106;171, BOULEVARD DU MONTPA;;;;750
46171;201500051325;15;11;6;1700;1;2;1;8;6;106;9BIS, BOULEVARD DU MONTP;;;;750
46172;201500051327;15;11;11;1950;5;2;3;1;6;106;65, RUE DU CHERCHE MIDI;;;;750
46173;201500051328;15;11;12;1110;1;2;5;1;3;106;BOULEVARD DU MONTPARNASS;;;;750
46174;201500051329;15;11;13;1015;1;2;4;1;6;106;20, RUE DE CONDE;;;;750
46175;201500051330;15;11;15;1510;1;2;7;1;6;106;6, PLACE EDMOND ROSTAND;;;;750
46176;201500051331;15;11;17;2345;5;2;5;1;2;106;80, BOULEVARD RASPAIL;;;;750
46177;201500051332;15;11;19;1825;5;2;2;2;3;105;100, BOULEVARD SAINT GER;;;;750
46178;201500051333;15;11;23;830;2;2;1;1;2;106;73, RUE DE RENNES;;;;750
46179;201500051334;15;11;25;1751;5;2;5;2;6;106;1, RUE DU CHERCHE MIDI;;;;750
46180;201500051336;15;12;2;1325;1;2;1;1;6;106;02, AVENUE DE L OBSERVAT;;;;750
46181;201500051337;15;12;3;1300;1;2;2;1;7;106;65, RUE DE RENNES;;;;750
46182;201500051338;15;12;4;1130;1;2;2;7;6;106;90, BOULEVARD RASPAIL;;;;750
46183;201500051339;15;12;5;210;5;2;5;1;1;106;RUE DE RENNES;;;;750
46184;201500051340;15;12;7;1000;1;2;1;1;3;106;37, BOULEVARD DU MONTPAR;;;;750
46185;201500051341;15;12;8;920;1;2;2;1;6;106;171, BOULEVARD DU MONTPA;;;;750
46186;201500051342;15;12;11;2000;5;2;1;8;6;106;9, RUE DE MEZIERES;;;;750
46187;201500051344;15;12;11;2100;5;2;5;1;3;106;108, BOULEVARD RASPAIL;;;;750
46188;201500051345;15;12;14;1740;5;2;5;1;3;106;RUE DE VAUGIRARD;;;;750
46189;201500051346;15;12;14;2015;5;2;1;1;6;106;47, QUAI DES GRANDS AUGU;;;;750
46190;201500051347;15;12;16;2010;5;2;2;8;3;106;BOULEVARD SAINT GERMAIN;;;;750
46191;201500051348;15;12;19;201;5;2;2;1;6;106;1, RUE DE MEDICIS;;;;750
46192;201500051349;15;12;19;1530;1;2;5;1;4;106;53, RUE DE RENNES;;;;750
46193;201500051350;15;12;21;1730;5;2;2;2;6;106;22, BOULEVARD SAINT MICH;;;;750
46194;201500051351;15;12;23;1900;5;2;2;1;6;106;34, BOULEVARD SAINT MICH;;;;750
46195;201500051352;15;12;31;1350;1;2;3;1;6;106;18, BOULEVARD SAINT MICH;;;;750
46196;201500051354;15;1;14;915;1;2;3;1;3;107;21, AVENUE BOSQUET;;;;750
46197;201500051355;15;1;15;2325;5;2;1;1;6;107;61, AVENUE DE BRETEUIL;;;;750
46198;201500051357;15;1;19;1710;2;2;7;1;6;107;01, PLACE JOFFRE;;;;750
46199;201500051358;15;1;22;1037;1;2;1;1;1;107;73, QUAI D ORSAY;;;;750
46200;201500051359;15;1;23;1230;1;2;2;1;6;107;68, AVENUE BOSQUET;;;;750
46201;201500051360;15;1;25;630;2;2;3;1;1;107;BOULEVARD DES INVALIDES;;;;750
46202;201500051361;15;1;25;1955;5;2;1;1;1;107;35, AVENUE DE LA MOTTE P;;;;750
46203;201500051362;15;1;29;2115;5;2;4;2;3;107;91, AVENUE DE LA BOURDON;;;;750
46204;201500051363;15;1;30;1430;1;2;1;1;4;107;37, AVENUE BOSQUET;;;;750
46205;201500051364;15;1;31;535;5;2;3;2;6;107;91, AVENUE DE LA BOURDON;;;;750
46206;201500051366;15;2;7;1110;1;2;1;1;6;115;174, RUE LECOURBE;;;;750
46207;201500051367;15;2;9;845;2;2;1;1;6;107;14, AVENUE BOSQUET;;;;750
46208;201500051368;15;2;9;925;1;2;7;1;7;107;1, PLACE DES INVALIDES;;;;750
46209;201500051369;15;2;13;1930;5;2;2;2;7;107;1, PLACE DE L ECOLE MILI;;;;750
46210;201500051370;15;2;15;415;5;2;3;1;6;107;1, AVENUE DE TOURVILLE;;;;750
46211;201500051371;15;2;19;610;5;2;1;1;3;115;49, RUE LECOURBE;;;;750
46212;201500051372;15;2;20;1715;1;2;3;2;6;107;4, BOULEVARD DES INVALID;;;;750
46213;201500051373;15;2;22;1615;1;2;5;1;3;107;4, AVENUE DE TOURVILLE;;;;750
46214;201500051374;15;2;24;930;1;2;7;1;3;107;1, PLACE DE L ECOLE MILI;;;;750
46215;201500051375;15;2;25;1215;1;2;1;8;6;107;19, RUE AUGEREAU;;;;750
46216;201500051376;15;2;25;1900;5;2;7;2;3;107;PLACE DE LA RESISTANCE;;;;750
46217;201500051377;15;3;4;330;5;2;1;1;6;107;PONT DE LA CONCORDE;;;;750
46218;201500051378;15;3;4;1335;1;2;3;1;2;107;QUAI BRANLY;;;;750
46219;201500051379;15;3;6;220;5;2;7;1;6;107;PLACE DES INVALIDES;;;;750
46220;201500051380;15;3;7;1745;1;2;1;1;6;107;VOIE EXPRESS RIVE GAUCHE;;;;750
46221;201500051381;15;3;8;2345;5;2;2;1;6;107;237, BOULEVARD SAINT GER;;;;750
46222;201500051382;15;3;9;1650;1;2;1;2;3;107;QUAI D ORSAY;;;;750
46223;201500051383;15;3;11;1210;1;2;1;1;6;107;39, AVENUE DE LA MOTTE P;;;;750
46224;201500051384;15;3;17;1310;1;2;2;1;6;107;BOULEVARD DES INVALIDES;;;;750
46225;201500051385;15;3;18;2150;3;2;1;1;7;107;QUAI VOLTAIRE;;;;750
46226;201500051387;15;3;24;1847;5;2;3;2;7;107;185, RUE DE GRENELLE;;;;750
46227;201500051388;15;3;25;1945;5;2;1;1;6;107;12 BIS, AVENUE BOSQUET;;;;750
46228;201500051389;15;3;29;1255;1;2;2;1;3;107;158, RUE DE GRENELLE;;;;750
46229;201500051390;15;4;3;2110;5;2;5;2;6;107;QUAI D ORSAY;;;;750
46230;201500051391;15;4;4;2225;5;2;2;2;3;107;RUE DE LILLE;;;;750
46231;201500051392;15;4;7;1230;1;2;5;1;7;107;QUAI BRANLY;;;;750
46232;201500051394;15;4;10;900;1;2;2;1;3;114;RUE JULIA BARTET;;;;750
46233;201500051396;15;4;15;1345;1;2;2;1;2;107;QUAI D ORSAY;;;;750
46234;201500051397;15;4;16;2139;5;2;1;1;2;107;QUAI D ORSAY;;;;750
46235;201500051398;15;4;18;605;5;2;1;1;6;107;SOUTERRAIN BRANLY;;;;750
46236;201500051399;15;4;19;1510;1;2;6;3;4;107;259, QUAI BRANLY;;;;750
46237;201500051400;15;4;20;915;1;2;2;1;6;113;76, RUE DE TOLBIAC;;;;750
46238;201500051401;15;4;23;2100;1;2;1;1;3;107;33, QUAI D ORSAY;;;;750
46239;201500051402;15;4;25;320;5;2;1;2;6;107;59, QUAI BRANLY;;;;750
46240;201500051403;15;4;25;1005;1;2;2;1;6;107;25, BOULEVARD DE LA TOUR;;;;750
46241;201500051404;15;4;28;1750;1;2;7;1;3;107;3, PLACE VAUBAN;;;;750
46242;201500051405;15;4;28;1840;1;2;3;1;3;107;91, AVENUE DE LA BOURDON;;;;750
46243;201500051409;15;5;7;2010;5;2;7;1;3;107;AVENUE BOSQUET;;;;750
46244;201500051410;15;5;8;540;2;2;7;1;6;107;ROND POINT DU BLEUET DE;;;;750
46245;201500051411;15;5;10;130;5;2;1;1;6;107;67, QUAI BRANLY;;;;750
46246;201500051412;15;5;13;1155;1;2;3;1;3;107;10, BOULEVARD DES INVALI;;;;750
46247;201500051414;15;5;20;1412;1;2;2;1;6;107;61, AVENUE BOSQUET;;;;750
46248;201500051415;15;5;20;1745;1;2;3;1;6;107;153, RUE DE GRENELLE;;;;750
46249;201500051416;15;5;22;1240;1;2;2;1;6;107;RUE VANEAU;;;;750
46250;201500051417;15;5;25;1040;1;2;3;2;6;107;QUAI BRANLY;;;;750
46251;201500051419;15;5;26;1055;1;2;3;1;2;107;3, QUAI VOLTAIRE;;;;750
46252;201500051420;15;5;31;245;5;2;1;1;6;115;329, RUE LECOURBE;;;;750
46253;201500051421;15;6;2;1420;1;2;2;1;6;107;44, AVENUE BOSQUET;;;;750
46254;201500051422;15;6;2;1550;1;2;2;1;3;107;QUAI D ORSAY;;;;750
46255;201500051423;15;6;2;1220;1;2;1;1;3;107;8, AVENUE DE LA BOURDONN;;;;750
46256;201500051424;15;6;5;830;1;2;2;1;6;107;57, RUE VANEAU;;;;750
46257;201500051425;15;6;4;2127;2;2;5;1;7;107;RUE FABERT;;;;750
46258;201500051426;15;6;6;1720;1;2;2;1;3;107;AVENUE RAPP;;;;750
46259;201500051427;15;6;8;1415;1;2;1;2;6;107;33, AVENUE DE SUFFREN;;;;750
46260;201500051428;15;6;8;1510;1;2;4;1;7;107;35, BOULEVARD DES INVALI;;;;750
46261;201500051430;15;6;9;1130;1;2;7;1;2;107;45, AVENUE RAPP;;;;750
46262;201500051431;15;6;9;1730;1;2;3;1;2;107;149, RUE DE SEVRES;;;;750
46263;201500051432;15;6;11;852;1;2;3;1;1;107;57, BOULEVARD DES INVALI;;;;750
46264;201500051433;15;6;12;755;1;2;1;1;2;107;61, AVENUE DE BRETEUIL;;;;750
46265;201500051434;15;6;12;1540;1;2;3;1;1;107;QUAI D ORSAY;;;;750
46266;201500051435;15;6;12;1805;1;2;2;1;6;107;50, BOULEVARD DE LA TOUR;;;;750
46267;201500051436;15;6;17;1145;1;2;2;1;3;107;272, BOULEVARD SAINT GER;;;;750
46268;201500051437;15;6;17;1746;1;2;1;1;6;107;PORT DE LA BOURDONNAIS;;;;750
46269;201500051438;15;6;18;1020;1;2;2;1;6;107;158, RUE DE GRENELLE;;;;750
46270;201500051439;15;6;21;2055;2;2;1;1;3;107;87, QUAI D ORSAY;;;;750
46271;201500051440;15;6;25;1100;1;2;3;1;3;107;23, RUE DE BELLECHASSE;;;;750
46272;201500051441;15;6;25;1429;1;2;7;1;2;115;AVENUE EMILE ZOLA;;;;750
46273;201500051442;15;6;27;1445;1;2;2;1;6;107;RUE DE L UNIVERSITE;;;;750
46274;201500051443;15;6;30;1700;1;2;1;1;3;107;19, AVENUE DUQUESNE;;;;750
46275;201500051445;15;7;2;1155;1;2;3;1;6;107;2, RUE DU PRE AUX CLERCS;;;;750
46276;201500051447;15;7;6;1520;1;2;1;1;2;107;6, BOULEVARD DES INVALID;;;;750
46277;201500051448;15;7;7;1725;1;2;5;1;3;107;36, BOULEVARD DES INVALI;;;;750
46278;201500051449;15;7;8;1255;1;2;2;1;3;107;RUE DE SEVRES;;;;750
46279;201500051450;15;7;8;2205;5;2;7;1;3;107;2, BOULEVARD DE LA TOUR;;;;750
46280;201500051451;15;7;13;855;1;2;1;1;3;107;84, RUE DE GRENELLE;;;;750
46281;201500051452;15;7;15;830;1;2;2;1;6;107;18, AVENUE DE LA MOTTE P;;;;750
46282;201500051453;15;7;16;1425;1;2;1;1;6;107;34, RUE DU BAC;;;;750
46283;201500051455;15;7;25;1350;1;2;1;1;6;107;276, BOULEVARD SAINT GER;;;;750
46284;201500051456;15;7;26;1835;1;2;3;2;7;107;27, QUAI VOLTAIRE;;;;750
46285;201500051457;15;7;28;140;5;2;3;1;7;107;/, RUE DE GRENELLE;;;;750
46286;201500051458;15;8;2;1850;1;2;1;1;6;107;SOUTERRAIN BRANLY;;;;750
46287;201500051459;15;8;3;1545;1;2;7;1;3;107;15, QUAI D ORSAY;;;;750
46288;201500051460;15;8;4;2255;5;2;2;1;6;107;36, BOULEVARD DES INVALI;;;;750
46289;201500051461;15;8;7;1227;1;2;5;1;6;107;RUE DE SEVRES;;;;750
46290;201500051462;15;8;9;2225;5;2;3;1;3;107;23, RUE VANEAU;;;;750
46291;201500051463;15;8;11;2255;5;2;7;1;6;107;23, AVENUE DE LA MOTTE P;;;;750
46292;201500051464;15;8;13;2040;2;2;3;2;3;115;QUAI BRANLY;;;;750
46293;201500051465;15;8;16;227;5;2;7;1;6;107;PLACE VAUBAN;;;;750
46294;201500051466;15;8;21;950;1;2;3;1;6;107;101, AVENUE DE LA BOURDO;;;;750
46295;201500051468;15;8;29;1232;1;2;2;1;3;107;RUE SAINT DOMINIQUE;;;;750
46296;201500051469;15;8;31;2315;5;2;1;1;2;107;QUAI BRANLY;;;;750
46297;201500051470;15;9;2;1430;1;2;2;1;2;107;36, BOULEVARD DE LA TOUR;;;;750
46298;201500051471;15;9;4;1945;1;2;2;8;3;107;39, RUE DE BOURGOGNE;;;;750
46299;201500051472;15;9;5;1035;1;2;5;1;6;107;2, BOULEVARD RASPAIL;;;;750
46300;201500051473;15;9;5;1135;1;2;1;1;6;115;173, RUE DE LA CROIX NIV;;;;750
46301;201500051474;15;9;7;1340;1;2;2;1;6;107;04, AVENUE RAPP;;;;750
46302;201500051475;15;9;9;901;1;2;7;1;3;107;, BOULEVARD SAINT GERMAI;;;;750
46303;201500051476;15;9;9;2230;5;2;1;1;7;107;QUAI D ORSAY;;;;750
46304;201500051477;15;9;10;2210;5;2;3;1;6;107;10, BOULEVARD DES INVALI;;;;750
46305;201500051478;15;9;11;1130;1;2;3;1;2;107;BOULEVARD SAINT GERMAIN;;;;750
46306;201500051479;15;9;15;1542;1;2;1;1;6;107;RUE DE BELLECHASSE;;;;750
46307;201500051481;15;9;19;1707;1;2;1;1;6;107;PLACE HENRY DE MONTHERLA;;;;750
46308;201500051482;15;9;20;925;1;2;5;1;6;107;260, BOULEVARD SAINT GER;;;;750
46309;201500051483;15;9;20;1840;1;2;2;1;6;107;AVENUE GUSTAVE EIFFEL;;;;750
46310;201500051484;15;9;21;1800;1;2;5;1;7;107;03, PLACE HENRY DE MONTH;;;;750
46311;201500051485;15;9;29;1620;1;2;1;1;3;107;QUAI D ORSAY;;;;750
46312;201500051486;15;10;1;1115;1;2;1;1;6;107;3-5, RUE DU PRE AUX CLER;;;;750
46313;201500051487;15;10;6;1035;1;2;1;2;2;115;29, QUAI DE GRENELLE;;;;750
46314;201500051488;15;10;10;1700;1;2;1;1;3;107;AVENUE JOSEPH BOUVARD;;;;750
46315;201500051489;15;10;13;1830;2;2;5;1;3;107;QUAI D ORSAY;;;;750
46316;201500051490;15;10;14;915;1;2;1;1;7;107;QUAI D ORSAY;;;;750
46317;201500051491;15;10;15;1855;2;2;7;1;3;107;AVENUE DUQUESNE;;;;750
46318;201500051492;15;10;16;2300;5;2;1;2;2;107;AVENUE DUQUESNE;;;;750
46319;201500051493;15;10;17;1713;1;2;1;2;4;107;288, BOULEVARD SAINT GER;;;;750
46320;201500051494;15;10;20;1515;1;2;3;1;4;107;37, QUAI D ORSAY;;;;750
46321;201500051496;15;10;23;1025;1;2;3;1;3;107;RUE DE SEVRES;;;;750
46322;201500051497;15;10;23;1910;5;2;1;1;2;107;27, AVENUE DE LA MOTTE P;;;;750
46323;201500051498;15;10;24;1540;1;2;5;1;3;107;AVENUE BOSQUET;;;;750
46324;201500051499;15;11;1;1635;1;2;2;1;6;107;1, QUAI BRANLY;;;;750
46325;201500051500;15;11;2;1645;1;2;3;1;6;107;7, RUE MALAR;;;;750
46326;201500051501;15;11;3;2335;5;2;2;2;3;107;RUE DE BELLECHASSE;;;;750
46327;201500051502;15;11;4;1245;1;2;5;1;3;107;QUAI D ORSAY;;;;750
46328;201500051503;15;11;4;1420;1;2;7;1;3;107;AVENUE DE LOWENDAL;;;;750
46329;201500051504;15;11;6;1808;5;2;7;8;6;107;PLACE DE L ECOLE MILITAI;;;;750
46330;201500051505;15;11;8;2300;5;2;2;1;3;107;49, BOULEVARD DES INVALI;;;;750
46331;201500051506;15;11;10;2235;5;2;3;1;7;107;AVENUE DE BRETEUIL;;;;750
46332;201500051508;15;11;12;1520;1;2;5;8;7;107;QUAI BRANLY;;;;750
46333;201500051509;15;11;17;2320;5;2;2;2;3;107;/, AVENUE DE LA MOTTE PI;;;;750
46334;201500051510;15;11;17;52;5;2;7;2;3;107;1, PLACE JOFFRE;;;;750
46335;201500051511;15;11;17;630;5;2;2;2;3;107;, BOULEVARD SAINT GERMAI;;;;750
46336;201500051512;15;11;19;1200;1;2;2;2;2;107;18, AVENUE DE VILLARS;;;;750
46337;201500051513;15;11;21;1905;5;2;2;2;6;107;34, BOULEVARD DES INVALI;;;;750
46338;201500051514;15;11;24;1125;1;2;3;3;2;107;1, QUAI BRANLY;;;;750
46339;201500051515;15;11;24;1043;1;2;1;1;7;107;67, RUE DE LILLE;;;;750
46340;201500051516;15;11;24;1800;5;2;7;2;6;107;01, PLACE JOFFRE;;;;750
46341;201500051517;15;11;30;1150;1;2;4;1;6;107;1 TER, AVENUE DE LOWENDA;;;;750
46342;201500051518;15;12;2;1555;1;2;7;1;3;107;PLACE LEON PAUL FARGUE;;;;750
46343;201500051519;15;12;5;1250;1;2;2;1;3;107;PONT D IENA;;;;750
46344;201500051520;15;12;5;1450;1;2;4;1;6;107;QUAI BRANLY;;;;750
46345;201500051521;15;12;12;1635;1;2;7;1;7;107;AVENUE DE SUFFREN;;;;750
46346;201500051522;15;12;21;1855;5;2;5;2;3;107;5, BOULEVARD RASPAIL;;;;750
46347;201500051523;15;12;23;1535;1;2;2;1;2;107;177, BOULEVARD SAINT GER;;;;750
46348;201500051524;15;12;29;945;1;2;5;2;7;107;1, AVENUE DE SUFFREN;;;;750
46349;201500051525;15;1;5;2015;5;2;7;1;3;108;135, AVENUE DES CHAMPS E;;;;750
46350;201500051526;15;1;6;710;2;2;1;8;6;108;2, PLACE DE LA CONCORDE;;;;750
46351;201500051527;15;1;7;2010;5;2;3;1;3;108;45, RUE PIERRE CHARRON;;;;750
46352;201500051528;15;1;8;1035;1;2;3;1;2;108;101, AVENUE DES CHAMPS E;;;;750
46353;201500051529;15;1;9;745;1;2;1;2;6;116;8, QUAI SAINT EXUPERY;;;;750
46354;201500051530;15;1;11;915;1;2;2;1;6;108;41, RUE DU COLISEE;;;;750
46355;201500051532;15;1;15;1315;1;2;3;2;6;108;9, PLACE SAINT AUGUSTIN;;;;750
46356;201500051533;15;1;15;1750;5;2;2;2;7;108;AVENUE GEORGE V;;;;750
46357;201500051534;15;1;15;1940;5;2;2;1;3;108;AVENUE DES CHAMPS ELYSEE;;;;750
46358;201500051535;15;1;16;1915;5;2;3;2;4;108;SOUTERRAIN CONCORDE;;;;750
46359;201500051536;15;1;17;215;5;2;1;1;2;108;PONT DES INVALIDES;;;;750
46360;201500051537;15;1;17;1210;1;2;2;1;3;108;COURS ALBERT 1ER;;;;750
46361;201500051538;15;1;17;545;5;2;1;1;2;108;COURS LA REINE;;;;750
46362;201500051539;15;1;18;500;5;2;3;1;3;108;79, RUE LA BOETIE;;;;750
46363;201500051540;15;1;19;1845;5;2;1;1;6;108;4, RUE D AGUESSEAU;;;;750
46364;201500051541;15;1;19;2110;5;2;7;1;3;108;PLACE DE LA CONCORDE;;;;750
46365;201500051542;15;1;20;820;1;2;5;1;7;108;17, BOULEVARD MALESHERBE;;;;750
46366;201500051543;15;1;20;1800;5;2;7;1;6;108;AVENUE DES CHAMPS ELYSEE;;;;750