;Num_Acc;an;mois;jour;hrmn;lum;agg;int;atm;col;com;adr;gps;lat;long;dep
46367;201500051544;15;1;20;1905;5;2;2;1;3;108;43, AVENUE DE FRIEDLAND;;;;750
46368;201500051545;15;1;21;1230;1;2;3;1;6;108;88, BOULEVARD MALESHERBE;;;;750
46369;201500051546;15;1;22;2340;5;2;3;1;6;108;84, AVENUE DES CHAMPS EL;;;;750
46370;201500051547;15;1;23;300;5;2;1;1;7;108;128, BOULEVARD HAUSSMANN;;;;750
46371;201500051548;15;1;23;1250;1;2;1;1;6;108;67, RUE D AMSTERDAM;;;;750
46372;201500051549;15;1;26;2338;5;2;7;1;3;108;PLACE CHARLES DE GAULLE;;;;750
46373;201500051550;15;1;27;920;1;2;7;1;3;108;PLACE DE LA CONCORDE;;;;750
46374;201500051551;15;1;27;1035;1;2;7;1;2;108;PLACE DE LA CONCORDE;;;;750
46375;201500051552;15;1;29;2100;5;2;7;1;6;108;PLACE CHARLES DE GAULLE;;;;750
46376;201500051553;15;1;30;1430;1;2;2;2;6;108;44, AVENUE DES CHAMPS EL;;;;750
46377;201500051554;15;1;31;55;5;2;1;2;6;108;PLACE DE LA CONCORDE;;;;750
46378;201500051555;15;2;3;1925;5;2;4;1;6;109;2bis, BOULEVARD DE LA MA;;;;750
46379;201500051557;15;2;5;900;1;2;2;1;3;108;RUE D ARTOIS;;;;750
46380;201500051558;15;2;5;1240;1;2;1;1;6;108;27, RUE D AMSTERDAM;;;;750
46381;201500051559;15;2;5;2000;5;2;5;1;3;108;33, RUE TRONCHET;;;;750
46382;201500051560;15;2;6;1;5;2;3;1;7;108;26, AVENUE GABRIEL;;;;750
46383;201500051561;15;2;6;1030;1;2;1;1;6;108;2, AVENUE MONTAIGNE;;;;750
46384;201500051562;15;2;6;1055;1;2;2;1;7;108;85, BOULEVARD MALESHERBE;;;;750
46385;201500051563;15;2;7;1655;1;2;2;1;7;108;18, AVENUE FRANKLIN D RO;;;;750
46386;201500051564;15;2;8;241;5;2;1;2;6;108;COURS LA REINE;;;;750
46387;201500051565;15;2;9;820;1;2;3;1;7;108;04, RUE DE SAINT PETERSB;;;;750
46388;201500051566;15;2;9;1720;1;2;3;1;6;108;67, RUE DE ROME;;;;750
46389;201500051567;15;2;10;2130;5;2;7;1;6;108;7, PLACE DE L ALMA;;;;750
46390;201500051568;15;2;12;2045;3;2;1;1;6;108;44, BOULEVARD MALESHERBE;;;;750
46391;201500051569;15;2;13;1956;5;2;7;2;6;108;PLACE DE LA CONCORDE;;;;750
46392;201500051571;15;2;14;2010;5;2;1;2;3;108;AVENUE WINSTON CHURCHILL;;;;750
46393;201500051572;15;2;19;1100;1;2;3;1;6;108;AVENUE DES CHAMPS ELYSEE;;;;750
46394;201500051573;15;2;19;1300;1;2;3;1;6;117;8, RUE DE MONBEL;;;;750
46395;201500051574;15;2;20;750;1;2;1;2;3;108;30, RUE FRANCOIS 1ER;;;;750
46396;201500051575;15;2;20;2324;5;2;3;2;3;117;156, RUE DE COURCELLES;;;;750
46397;201500051576;15;2;22;940;1;2;2;1;3;108;101, AVENUE DES CHAMPS E;;;;750
46398;201500051577;15;2;24;950;1;2;1;8;2;108;66, BOULEVARD MALESHERBE;;;;750
46399;201500051578;15;2;26;1625;1;2;2;2;7;108;AVENUE DE MARIGNY;;;;750
46400;201500051580;15;3;2;1430;1;2;1;2;7;108;41, BOULEVARD DE COURCEL;;;;750
46401;201500051581;15;3;3;2030;5;2;2;1;6;108;40, AVENUE DE FRIEDLAND;;;;750
46402;201500051582;15;3;5;930;1;2;1;1;7;116;SOUTERRAIN ALMA;;;;750
46403;201500051583;15;3;7;2130;5;2;1;1;6;108;25, RUE DE PONTHIEU;;;;750
46404;201500051584;15;3;9;225;5;2;2;1;6;108;79, AVENUE DES CHAMPS EL;;;;750
46405;201500051585;15;3;9;2117;5;2;4;1;6;117;AVENUE CARNOT;;;;750
46406;201500051586;15;3;10;145;5;2;2;1;3;108;91, AVENUE DES CHAMPS EL;;;;750
46407;201500051587;15;3;10;750;2;2;1;1;6;108;24, RUE DU ROCHER;;;;750
46408;201500051588;15;3;11;1005;1;2;2;1;6;108;28, AVENUE GEORGE V;;;;750
46409;201500051589;15;3;12;45;5;2;1;1;6;108;AVENUE DES CHAMPS ELYSEE;;;;750
46410;201500051590;15;3;12;2245;5;2;3;1;2;108;116, AVENUE DES CHAMPS E;;;;750
46411;201500051591;15;3;16;1005;1;2;1;1;3;108;12, AVENUE FRANKLIN D RO;;;;750
46412;201500051592;15;3;16;1400;1;2;7;1;2;108;121, BOULEVARD HAUSSMANN;;;;750
46413;201500051593;15;3;19;1950;5;2;1;1;7;108;30, RUE DE COURCELLES;;;;750
46414;201500051596;15;3;23;955;1;2;3;1;2;108;95, RUE DU FAUBOURG SAIN;;;;750
46415;201500051597;15;3;24;1850;1;2;7;3;2;108;ROND POINT CHAMPS ELYSEE;;;;750
46416;201500051598;15;3;25;18;5;2;1;3;6;108;80, BOULEVARD HAUSSMANN;;;;750
46417;201500051599;15;3;25;1720;1;2;1;1;3;108;30, AVENUE DES CHAMPS EL;;;;750
46418;201500051600;15;3;26;1600;1;2;2;8;7;108;74, RUE DU ROCHER;;;;750
46419;201500051601;15;3;26;1140;1;2;5;8;7;108;COURS LA REINE;;;;750
46420;201500051602;15;3;27;2100;5;2;1;1;4;108;PLACE DE LA CONCORDE;;;;750
46421;201500051604;15;3;27;2335;5;2;1;1;6;108;24, AVENUE DES CHAMPS EL;;;;750
46422;201500051607;15;3;31;1105;1;2;3;1;6;108;22, RUE BEAUJON;;;;750
46423;201500051608;15;4;1;1710;1;2;2;1;3;108;48, BOULEVARD MALESHERBE;;;;750
46424;201500051609;15;4;2;1400;1;2;2;2;6;108;9, AVENUE MATIGNON;;;;750
46425;201500051610;15;4;3;2107;3;2;1;2;7;108;123, RUE SAINT LAZARE;;;;750
46426;201500051611;15;4;4;1745;1;2;1;1;6;108;7, RUE DU COLISEE;;;;750
46427;201500051612;15;4;8;1845;1;2;7;1;3;108;24, AVENUE MARCEAU;;;;750
46428;201500051613;15;4;12;30;5;2;3;1;6;108;75, AVENUE DES CHAMPS EL;;;;750
46429;201500051614;15;4;12;230;5;2;2;1;2;108;AVENUE DES CHAMPS ELYSEE;;;;750
46430;201500051615;15;4;14;950;1;2;4;1;6;108;35, AVENUE DE FRIEDLAND;;;;750
46431;201500051617;15;4;14;1415;1;2;5;7;3;116;1, AVENUE DU PRESIDENT W;;;;750
46432;201500051618;15;4;17;1400;1;2;3;1;6;108;07, RUE ANDRIEUX;;;;750
46433;201500051619;15;4;18;1405;1;2;7;1;2;108;PLACE DE L ALMA;;;;750
46434;201500051620;15;4;18;1600;1;2;7;1;3;108;PLACE DU CANADA;;;;750
46435;201500051621;15;4;18;1530;1;2;3;1;6;108;84, AVENUE DES CHAMPS EL;;;;750
46436;201500051622;15;4;20;1230;1;2;3;7;6;108;5, RUE LA BOETIE;;;;750
46437;201500051623;15;4;22;1715;1;2;2;1;6;108;118, RUE LA BOETIE;;;;750
46438;201500051624;15;4;23;850;1;2;2;1;3;108;35, AVENUE DES CHAMPS EL;;;;750
46439;201500051625;15;4;23;1125;1;2;2;1;6;108;66, AVENUE DES CHAMPS EL;;;;750
46440;201500051626;15;4;23;1234;1;2;7;1;3;108;133, AVENUE DES CHAMPS E;;;;750
46441;201500051627;15;4;23;1715;1;2;7;1;3;108;ROND POINT CHAMPS ELYSEE;;;;750
46442;201500051628;15;4;25;40;5;2;2;1;6;108;1, RUE DE LA PEPINIERE;;;;750
46443;201500051629;15;4;25;1522;1;2;2;1;3;108;113, BOULEVARD HAUSSMANN;;;;750
46444;201500051630;15;4;27;1730;1;2;1;1;6;116;ROUTE DES MOULINS;;;;750
46445;201500051631;15;4;28;1930;1;2;1;1;3;108;94, BOULEVARD HAUSSMANN;;;;750
46446;201500051632;15;4;29;940;1;2;7;1;3;108;PLACE DE LA CONCORDE;;;;750
46447;201500051633;15;4;29;2000;1;2;3;1;2;117;RUE DE COURCELLES;;;;750
46448;201500051634;15;4;30;810;1;2;7;3;3;108;PLACE CHARLES DE GAULLE;;;;750
46449;201500051635;15;4;30;2200;5;2;1;2;2;108;55, BOULEVARD MALESHERBE;;;;750
46450;201500051636;15;5;3;620;2;2;7;8;6;108;AVENUE DES CHAMPS ELYSEE;;;;750
46451;201500051637;15;5;3;650;1;2;7;2;1;108;43, AVENUE GEORGE V;;;;750
46452;201500051638;15;5;4;1640;1;2;2;2;2;108;34, BOULEVARD MALESHERBE;;;;750
46453;201500051639;15;5;5;1410;1;2;4;1;3;108;19, AVENUE DE FRIEDLAND;;;;750
46454;201500051640;15;5;5;1630;1;2;2;1;2;108;103, AVENUE DES CHAMPS E;;;;750
46455;201500051641;15;5;7;1830;1;2;2;1;6;108;54, RUE FRANCOIS 1ER;;;;750
46456;201500051642;15;5;9;430;5;2;1;1;3;108;PONT ALEXANDRE III;;;;750
46457;201500051643;15;5;7;1215;1;2;1;1;5;108;45, RUE D AMSTERDAM;;;;750
46458;201500051645;15;5;12;1830;1;2;3;1;2;117;104, BOULEVARD DE COURCE;;;;750
46459;201500051646;15;5;19;830;1;2;3;1;7;108;22, RUE DE LA BIENFAISAN;;;;750
46460;201500051647;15;5;19;1515;1;2;4;2;4;108;161, BOULEVARD HAUSSMANN;;;;750
46461;201500051648;15;5;20;1325;1;2;7;1;3;108;PLACE DE LA CONCORDE;;;;750
46462;201500051650;15;5;23;2345;5;2;3;1;6;108;12, AVENUE PERCIER;;;;750
46463;201500051652;15;5;24;354;5;2;1;1;6;108;6, AVENUE DELCASSE;;;;750
46464;201500051653;15;5;24;1930;1;2;1;1;7;108;AVENUE DES CHAMPS ELYSEE;;;;750
46465;201500051654;15;5;26;1220;1;2;7;1;3;108;AVENUE CESAR CAIRE;;;;750
46466;201500051655;15;5;27;820;1;2;1;1;2;108;AVENUE DES CHAMPS ELYSEE;;;;750
46467;201500051656;15;5;27;1440;1;2;7;1;6;108;PLACE DE LA MADELEINE;;;;750
46468;201500051657;15;5;28;930;1;2;7;1;2;108;RUE DE ROME;;;;750
46469;201500051658;15;5;28;1935;1;2;4;1;7;108;COURS LA REINE;;;;750
46470;201500051659;15;5;29;340;5;2;7;1;2;108;PLACE DU CANADA;;;;750
46471;201500051660;15;5;29;1200;1;2;2;1;3;108;32, BOULEVARD MALESHERBE;;;;750
46472;201500051661;15;5;30;35;5;2;2;2;6;108;COURS LA REINE;;;;750
46473;201500051662;15;5;31;5;5;2;2;1;2;108;RUE LA BOETIE;;;;750
46474;201500051663;15;5;31;1330;1;2;2;2;1;108;39, AVENUE GEORGE V;;;;750
46475;201500051664;15;5;31;2340;5;2;7;2;3;108;PLACE DE LA CONCORDE;;;;750
46476;201500051665;15;6;2;710;1;2;7;1;6;117;1, PLACE GENERAL CATROUX;;;;750
46477;201500051666;15;6;5;1720;1;2;2;1;6;108;7, AVENUE MATIGNON;;;;750
46478;201500051667;15;6;26;1300;1;2;3;1;3;108;19, RUE TRONCHET;;;;750
46479;201500051668;15;5;31;1540;1;2;7;1;6;108;21, PLACE DE LA MADELEIN;;;;750
46480;201500051669;15;6;1;1910;1;2;1;1;2;108;26, AVENUE DES CHAMPS EL;;;;750
46481;201500051670;15;6;2;1535;1;2;2;1;3;108;RUE DU FAUBOURG SAINT HO;;;;750
46482;201500051671;15;6;2;1900;1;2;7;1;3;108;PLACE DE L EUROPE;;;;750
46483;201500051672;15;6;3;235;5;2;2;1;5;108;116, AVENUE DES CHAMPS E;;;;750
46484;201500051673;15;6;5;800;1;2;1;1;6;108;31, AVENUE FRANKLIN D RO;;;;750
46485;201500051674;15;6;5;915;1;2;2;1;3;108;BOULEVARD DE COURCELLES;;;;750
46486;201500051675;15;6;5;1300;1;2;7;1;6;116;/, AVENUE KLEBER;;;;750
46487;201500051676;15;7;9;1710;1;2;7;1;6;108;10, AVENUE DE FRIEDLAND;;;;750
46488;201500051677;15;6;5;1650;1;2;4;1;6;108;109, BOULEVARD HAUSSMANN;;;;750
46489;201500051678;15;6;8;1930;1;2;2;1;3;108;100, AVENUE DES CHAMPS E;;;;750
46490;201500051679;15;6;8;1940;1;2;3;1;4;108;1, BOULEVARD DES BATIGNO;;;;750
46491;201500051680;15;6;9;900;1;2;3;1;7;108;103, AVENUE DES CHAMPS E;;;;750
46492;201500051682;15;6;11;45;5;2;1;1;3;108;11, RUE ROYALE;;;;750
46493;201500051683;15;6;12;910;1;2;3;1;6;108;57, RUE D AMSTERDAM;;;;750
46494;201500051684;15;6;12;930;1;2;1;1;3;108;65, BOULEVARD MALESHERBE;;;;750
46495;201500051685;15;6;13;2000;1;2;4;1;6;108;109, BOULEVARD HAUSSMANN;;;;750
46496;201500051686;15;6;15;1745;1;2;3;1;2;108;11, AVENUE GEORGE V;;;;750
46497;201500051687;15;6;16;2100;1;2;2;1;7;108;COURS ALBERT 1ER;M;0.0;0.0;750
46498;201500051688;15;6;17;1440;1;2;2;7;6;108;PONT DES INVALIDES;;;;750
46499;201500051689;15;6;17;2110;1;2;7;1;3;108;1, AVENUE MATIGNON;;;;750
46500;201500051690;15;6;19;1100;1;2;7;1;2;108;6, PLACE DE LA CONCORDE;;;;750
46501;201500051691;15;6;23;810;1;2;2;1;3;108;156, AVENUE DES CHAMPS E;;;;750
46502;201500051692;15;6;24;1755;1;2;1;1;3;108;VOIE GEORGES POMPIDOU;;;;750
46503;201500051693;15;6;25;40;5;2;1;1;2;108;PONT ALEXANDRE III;;;;750
46504;201500051694;15;6;25;950;1;2;1;1;6;108;99, RUE D AMSTERDAM;M;4852594.0;219375.0;750
46505;201500051695;15;6;26;605;1;2;1;1;2;108;VOIE GEORGES POMPIDOU;;;;750
46506;201500051696;15;6;26;1855;1;2;1;1;6;108;55, AVENUE MONTAIGNE;;;;750
46507;201500051697;15;5;26;2000;1;2;7;1;2;108;4, PLACE DE LA CONCORDE;;;;750
46508;201500051698;15;6;27;1615;1;2;7;1;3;108;04, PLACE DE LA CONCORDE;;;;750
46509;201500051699;15;6;27;1721;1;2;7;1;7;108;PLACE CHARLES DE GAULLE;;;;750
46510;201500051700;15;6;29;1345;1;2;7;1;2;116;PLACE CHARLES DE GAULLE;;;;750
46511;201500051701;15;6;29;1735;1;2;1;1;6;108;41, RUE DE SAINT PETERSB;;;;750
46512;201500051702;15;6;30;900;1;2;2;1;3;108;RUE DE BASSANO;;;;750
46513;201500051703;15;6;30;1000;1;2;1;1;6;108;60, RUE DE ROME;;;;750
46514;201500051704;15;6;30;1605;1;2;1;1;3;108;01, AVENUE WINSTON CHURC;;;;750
46515;201500051705;15;7;2;1205;1;2;1;1;3;108;AVENUE DES CHAMPS ELYSEE;;;;750
46516;201500051706;15;7;2;1550;1;2;3;1;6;108;3, RUE LA BOETIE;;;;750
46517;201500051707;15;7;2;1930;1;2;1;1;3;108;26, AVENUE DES CHAMPS EL;;;;750
46518;201500051708;15;7;3;920;1;2;2;1;3;108;45, RUE LA BOETIE;;;;750
46519;201500051709;15;7;4;1220;1;2;3;1;6;108;139, BOULEVARD HAUSSMANN;;;;750
46520;201500051710;15;7;6;1230;1;2;3;1;3;108;68, RUE DE ROME;;;;750
46521;201500051711;15;7;7;900;1;2;7;1;6;108;ROND POINT CHAMPS ELYSEE;;;;750
46522;201500051712;15;7;10;930;1;2;3;1;3;108;23, AVENUE DE MESSINE;;;;750
46523;201500051713;15;7;10;910;1;2;7;1;2;108;156, AVENUE DES CHAMPS E;;;;750
46524;201500051714;15;7;11;130;5;2;3;1;3;101;BOULEVARD DE LA MADELEIN;;;;750
46525;201500051715;15;7;12;225;5;2;7;1;6;108;3, AVENUE MATIGNON;;;;750
46526;201500051716;15;7;13;940;1;2;2;1;6;108;30, AVENUE MONTAIGNE;;;;750
46527;201500051717;15;7;13;1555;1;2;5;1;3;108;23, AVENUE FRANKLIN D RO;;;;750
46528;201500051718;15;7;13;1930;1;2;7;1;3;108;PLACE CHARLES DE GAULLE;;;;750
46529;201500051719;15;7;15;340;5;2;5;1;3;116;ALLEE DE LONGCHAMP;;;;750
46530;201500051720;15;7;15;1310;1;2;7;1;6;108;1, AVENUE MATIGNON;;;;750
46531;201500051721;15;7;15;1545;1;2;2;1;3;108;3, AVENUE PERCIER;M;;;750
46532;201500051722;15;7;16;1100;1;2;7;1;3;108;02, PLACE DE L ALMA;;;;750
46533;201500051723;15;7;17;838;1;2;2;1;7;108;1, AVENUE DE MARIGNY;;;;750
46534;201500051724;15;7;17;1630;1;2;1;1;6;108;127, RUE DU FAUBOURG SAI;;;;750
46535;201500051725;15;7;17;1820;1;2;2;1;3;116;77, RUE D AUTEUIL;;;;750
46536;201500051726;15;7;19;1520;1;2;1;1;2;108;AVENUE DES CHAMPS ELYSEE;;;;750
46537;201500051727;15;7;20;1100;1;2;7;1;3;108;PLACE DE LA CONCORDE;;;;750
46538;201500051728;15;7;20;1540;1;2;1;1;2;108;144, AVENUE DES CHAMPS E;;;;750
46539;201500051729;15;7;21;1555;1;2;1;1;3;108;23, BOULEVARD DE COURCEL;;;;750
46540;201500051730;15;7;21;1825;1;2;1;1;2;108;235, RUE DU FAUBOURG SAI;;;;750
46541;201500051731;15;7;22;1443;1;2;7;1;3;108;4, PLACE DE LA CONCORDE;;;;750
46542;201500051732;15;7;24;1000;1;2;1;1;2;108;/, AVENUE DES CHAMPS ELY;;;;750
46543;201500051734;15;7;27;1930;1;2;7;1;6;108;AVENUE DES CHAMPS ELYSEE;;;;750
46544;201500051735;15;7;28;845;1;2;7;8;3;108;1, PLACE DE L ALMA;;;;750
46545;201500051736;15;7;28;950;1;2;1;1;3;108;AVENUE WINSTON CHURCHILL;;;;750
46546;201500051737;15;7;29;935;1;2;2;1;3;108;PONT ALEXANDRE III;;;;750
46547;201500051738;15;7;29;1850;1;2;2;1;3;108;/, AVENUE DE FRIEDLAND;;;;750
46548;201500051739;15;8;1;1330;1;2;5;1;3;108;RUE DE CONSTANTINOPLE;;;;750
46549;201500051740;15;8;2;1445;1;2;2;7;2;108;21, RUE ROYALE;;;;750
46550;201500051741;15;8;3;1200;1;2;1;1;3;108;BOULEVARD HAUSSMANN;;;;750
46551;201500051742;15;8;4;1635;1;2;2;1;6;108;42, AVENUE DE FRIEDLAND;;;;750
46552;201500051743;15;8;5;740;1;2;7;1;3;108;4, PLACE DE LA CONCORDE;;;;750
46553;201500051744;15;8;5;930;1;2;7;1;7;108;PLACE DE LA CONCORDE;;;;750
46554;201500051745;15;8;11;2332;5;2;2;1;3;108;51, AVENUE GEORGE V;;;;750
46555;201500051746;15;8;13;1952;1;2;2;1;3;108;88, BOULEVARD HAUSSMANN;;;;750
46556;201500051747;15;8;16;253;5;2;7;1;3;108;PLACE DE L ALMA;;;;750
46557;201500051748;15;8;17;1000;1;2;5;1;3;108;COURS LA REINE;;;;750
46558;201500051749;15;8;17;930;1;2;1;1;6;108;15, AVENUE DE FRIEDLAND;;;;750
46559;201500051751;15;8;23;1600;1;2;7;1;3;116;AVENUE DE LA GRANDE ARME;;;;750
46560;201500051752;15;8;24;2200;5;2;2;2;6;108;1, AVENUE MYRON HERRICK;;;;750
46561;201500051753;15;8;27;1920;2;2;3;2;6;116;14Bis, AVENUE DU PRESIDE;;;;750
46562;201500051754;15;8;28;945;1;2;1;1;3;108;23, AVENUE DES CHAMPS EL;;;;750
46563;201500051755;15;8;29;820;1;2;7;1;3;109;RUE D AMSTERDAM;;;;750
46564;201500051756;15;8;29;1100;1;2;1;1;7;108;156, AVENUE DES CHAMPS E;;;;750
46565;201500051757;15;8;30;1215;1;2;5;1;6;108;8, AVENUE DE MESSINE;;;;750
46566;201500051759;15;9;1;1520;1;2;2;1;6;108;1, AVENUE CESAR CAIRE;;;;750
46567;201500051760;15;9;4;320;5;2;1;1;6;108;COURS LA REINE;;;;750
46568;201500051761;15;9;5;1910;1;2;7;1;3;108;PLACE DE L ALMA;;;;750
46569;201500051762;15;9;6;1350;1;2;2;1;3;108;RUE PASQUIER;;;;750
46570;201500051763;15;9;7;945;1;2;7;1;6;108;14, RUE DE SAINT PETERSB;;;;750
46571;201500051764;15;9;8;2015;5;2;2;1;3;108;117, AVENUE DES CHAMPS E;;;;750
46572;201500051765;15;9;9;1500;1;2;2;1;3;108;35, RUE DE BERRI;;;;750
46573;201500051767;15;9;10;2250;5;2;7;1;3;108;1, AVENUE MATIGNON;;;;750
46574;201500051768;15;9;11;1445;1;2;2;1;3;108;AVENUE DES CHAMPS ELYSEE;;;;750
46575;201500051769;15;9;13;235;5;2;2;1;5;108;37, AVENUE DES CHAMPS EL;;;;750
46576;201500051771;15;9;14;900;1;2;3;2;7;116;34, RUE DE PASSY;;;;750
46577;201500051772;15;9;14;1230;1;2;1;1;3;108;30, AVENUE DE FRIEDLAND;;;;750
46578;201500051774;15;9;14;1300;1;2;1;1;3;108;74, BOULEVARD MALESHERBE;;;;750
46579;201500051775;15;9;16;1655;1;2;1;2;2;108;AVENUE DES CHAMPS ELYSEE;;;;750
46580;201500051776;15;9;17;1800;1;2;1;1;3;108;29, RUE TRONCHET;;;;750
46581;201500051777;15;9;19;200;5;2;5;1;3;108;33, RUE TRONCHET;;;;750
46582;201500051778;15;9;19;1700;1;2;7;1;3;108;ROND POINT CHAMPS ELYSEE;;;;750
46583;201500051779;15;9;22;1620;1;2;3;1;6;108;17, BOULEVARD DES BATIGN;;;;750
46584;201500051780;15;9;24;1000;1;2;1;1;3;108;60, AVENUE HOCHE;;;;750
46585;201500051781;15;9;24;1610;1;2;3;1;2;117;115, RUE DE ROME;;;;750
46586;201500051783;15;9;26;1040;1;2;3;1;2;108;33, RUE DU FAUBOURG SAIN;;;;750
46587;201500051784;15;9;28;1800;1;2;1;1;2;108;11, RUE ROYALE;;;;750
46588;201500051785;15;9;29;1000;1;2;5;1;1;108;39, AVENUE GEORGE V;;;;750
46589;201500051786;15;9;29;1300;1;2;2;1;6;108;37, RUE DE MIROMESNIL;;;;750
46590;201500051787;15;9;30;1305;1;2;1;1;3;108;29, BOULEVARD MALESHERBE;;;;750
46591;201500051788;15;10;1;835;1;2;2;1;3;108;62, AVENUE DES CHAMPS EL;;;;750
46592;201500051789;15;10;1;1010;1;2;1;1;6;108;BOULEVARD MALESHERBES;;;;750
46593;201500051790;15;10;1;1450;1;2;7;1;2;108;2, AVENUE DE WAGRAM;;;;750
46594;201500051791;15;10;1;1710;1;2;5;1;3;108;66, AVENUE MARCEAU;;;;750
46595;201500051792;15;10;1;1725;1;2;1;1;6;108;7, RUE ROYALE;;;;750
46596;201500051793;15;10;1;1055;1;2;7;1;4;108;AVENUE HOCHE;;;;750
46597;201500051794;15;10;2;930;1;2;7;1;6;108;45, AVENUE FRANKLIN D RO;;;;750
46598;201500051795;15;10;2;1431;1;2;5;1;6;108;72, BOULEVARD HAUSSMANN;;;;750
46599;201500051796;15;10;2;1900;1;2;5;1;6;108;47 bis, RUE DU ROCHER;;;;750
46600;201500051797;15;10;3;110;5;2;2;1;2;108;, AVENUE DES CHAMPS ELYS;;;;750
46601;201500051798;15;10;5;900;1;2;2;1;3;117;AVENUE DE LA PORTE DE CL;;;;750
46602;201500051799;15;10;6;830;1;2;1;1;7;116;ALLEE DU BORD DE L EAU;;;;750
46603;201500051800;15;10;7;1026;1;2;1;1;6;108;165, RUE DU FAUBOURG SAI;;;;750
46604;201500051801;15;10;5;1950;2;2;7;1;6;108;AVENUE WINSTON CHURCHILL;;;;750
46605;201500051802;15;10;7;1240;1;2;1;1;2;108;VOIE GEORGES POMPIDOU;;;;750
46606;201500051803;15;10;8;1310;1;2;7;1;3;108;PLACE DE L ALMA;;;;750
46607;201500051804;15;10;9;1645;1;2;4;1;3;108;10, BOULEVARD MALESHERBE;;;;750
46608;201500051805;15;10;10;1008;1;2;2;1;3;108;AVENUE FRANKLIN D ROOSEV;;;;750
46609;201500051806;15;10;10;1049;1;2;3;1;2;116;10, AVENUE DE NEW YORK;;;;750
46610;201500051807;15;10;11;1230;1;2;7;1;3;108;PLACE DE BEYROUTH;;;;750
46611;201500051808;15;10;11;1446;1;2;4;1;6;108;42, COURS ALBERT 1ER;;;;750
46612;201500051810;15;10;12;1040;1;2;4;1;3;108;11, AVENUE GEORGE V;;;;750
46613;201500051811;15;10;12;1100;1;2;4;1;3;108;22, COURS ALBERT 1ER;;;;750
46614;201500051812;15;10;13;1100;1;2;3;1;6;108;AVENUE WINSTON CHURCHILL;;;;750
46615;201500051813;15;10;15;1120;1;2;2;1;6;116;39, AVENUE MARCEAU;;;;750
46616;201500051814;15;10;16;25;5;2;1;1;6;108;48, AVENUE GEORGE V;;;;750
46617;201500051815;15;10;16;830;1;2;2;2;3;108;RUE DE BASSANO;;;;750
46618;201500051816;15;10;16;930;1;2;2;3;3;108;9, AVENUE GEORGE V;;;;750
46619;201500051817;15;10;16;1430;1;2;2;2;2;108;35, RUE DE COURCELLES;;;;750
46620;201500051818;15;10;16;1740;1;2;7;2;6;108;ROND POINT CHAMPS ELYSEE;;;;750
46621;201500051820;15;10;20;2100;5;2;7;1;2;108;AVENUE DES CHAMPS ELYSEE;;;;750
46622;201500051821;15;10;21;930;1;2;1;1;3;108;15, AVENUE HOCHE;;;;750
46623;201500051822;15;10;21;1420;1;2;2;1;3;108;COURS LA REINE;;;;750
46624;201500051823;15;10;21;2115;5;2;2;2;2;117;77, AVENUE DE WAGRAM;;;;750
46625;201500051824;15;10;23;910;1;2;3;1;6;108;45, RUE PIERRE CHARRON;;;;750
46626;201500051826;15;10;24;1800;1;2;2;1;3;108;AVENUE DE FRIEDLAND;;;;750
46627;201500051827;15;10;25;1420;1;2;7;1;2;108;135, AVENUE DES CHAMPS E;;;;750
46628;201500051828;15;10;25;2130;5;2;7;1;3;108;PLACE DE LA CONCORDE;;;;750
46629;201500051831;15;10;28;915;1;2;3;1;7;108;73, AVENUE DES CHAMPS EL;;;;750
46630;201500051832;15;10;28;1020;1;2;1;8;7;108;20, RUE ROYALE;;;;750
46631;201500051834;15;10;29;830;1;2;1;1;6;108;BOULEVARD MALESHERBES;;;;750
46632;201500051835;15;10;30;1330;1;2;7;1;3;108;11, PLACE SAINT AUGUSTIN;;;;750
46633;201500051836;15;10;30;1525;1;2;1;1;6;108;31, AVENUE FRANKLIN D RO;;;;750
46634;201500051837;15;10;30;1500;1;2;1;1;7;108;7, BOULEVARD MALESHERBES;;;;750
46635;201500051838;15;10;31;355;5;2;7;1;6;108;AVENUE MARCEAU;;;;750
46636;201500051839;15;11;1;105;5;2;2;1;6;116;44, AVENUE DE VERSAILLES;;;;750
46637;201500051840;15;11;1;30;5;2;7;1;2;108;6, PLACE DE L ALMA;;;;750
46638;201500051841;15;11;1;1140;1;2;2;1;3;108;77, RUE DE MIROMESNIL;;;;750
46639;201500051842;15;11;2;2130;5;2;7;1;7;108;PLACE BEAUVAU;;;;750
46640;201500051843;15;11;5;1250;1;2;7;1;2;108;BOULEVARD HAUSSMANN;;;;750
46641;201500051844;15;11;5;1421;1;2;7;1;3;108;7, PLACE DE L ALMA;;;;750
46642;201500051846;15;11;6;1945;5;2;1;1;3;108;35-37, AVENUE HOCHE;;;;750
46643;201500051847;15;11;6;1915;5;2;3;2;3;108;20, RUE DE CONSTANTINOPL;;;;750
46644;201500051848;15;11;8;1125;1;2;1;1;3;108;9, PLACE SAINT AUGUSTIN;;;;750
46645;201500051849;15;11;8;1545;1;2;2;1;3;108;RUE D ARTOIS;;;;750
46646;201500051850;15;11;8;1730;2;2;2;1;3;108;COURS LA REINE;;;;750
46647;201500051851;15;11;10;2030;5;2;3;1;6;108;32, RUE DE COURCELLES;;;;750
46648;201500051852;15;11;10;2045;5;2;7;1;4;108;12, RUE DE ROME;;;;750
46649;201500051853;15;11;11;1030;1;2;2;1;6;108;39, RUE FRANCOIS 1ER;;;;750
46650;201500051854;15;11;12;830;1;2;1;1;3;108;02, RUE ROYALE;;;;750
46651;201500051855;15;11;13;1535;1;2;4;1;6;108;15, BOULEVARD MALESHERBE;;;;750
46652;201500051856;15;11;16;850;1;2;2;1;4;108;27, RUE DE MIROMESNIL;;;;750