;Num_Acc;an;mois;jour;hrmn;lum;agg;int;atm;col;com;adr;gps;lat;long;dep
46653;201500051857;15;11;16;2131;5;2;2;2;3;108;45, BOULEVARD DE COURCEL;;;;750
46654;201500051858;15;11;17;1830;5;2;1;2;6;108;44, AVENUE DES CHAMPS EL;;;;750
46655;201500051859;15;11;18;1300;1;2;2;1;4;108;6, AVENUE FRANKLIN D ROO;;;;750
46656;201500051860;15;11;18;1850;5;2;2;1;5;108;66, AVENUE DES CHAMPS EL;;;;750
46657;201500051861;15;11;19;1330;1;2;4;2;6;108;2, RUE DE BERNE;;;;750
46658;201500051862;15;11;19;1750;5;2;7;1;6;108;11, RUE DE ROME;;;;750
46659;201500051863;15;11;20;1005;1;2;2;2;7;108;11, BOULEVARD MALESHERBE;;;;750
46660;201500051864;15;11;20;1130;1;2;1;3;2;108;33, RUE MARBEUF;;;;750
46661;201500051865;15;11;20;2000;5;2;7;8;3;108;PLACE DE LA CONCORDE;;;;750
46662;201500051866;15;11;21;55;5;2;7;1;7;108;PLACE DE LA CONCORDE;;;;750
46663;201500051867;15;11;20;2130;5;2;1;2;2;108;AVENUE DES CHAMPS ELYSEE;;;;750
46664;201500051868;15;11;22;845;1;2;2;1;6;108;30, AVENUE PIERRE 1ER DE;;;;750
46665;201500051869;15;11;23;1000;1;2;2;1;6;108;27, RUE LA BOETIE;;;;750
46666;201500051870;15;11;25;1630;1;2;5;2;3;108;16, RUE DE LA BIENFAISAN;;;;750
46667;201500051871;15;11;26;830;1;2;3;1;6;108;109, BOULEVARD MALESHERB;;;;750
46668;201500051873;15;12;2;2010;5;2;4;1;3;116;12, AVENUE MARCEAU;;;;750
46669;201500051874;15;12;3;1845;5;2;5;1;3;108;16, RUE DE LA BIENFAISAN;;;;750
46670;201500051875;15;12;3;1900;5;2;1;1;3;108;08, RUE ROYALE;;;;750
46671;201500051876;15;12;3;2215;5;2;1;1;6;108;PLACE DE LA CONCORDE;;;;750
46672;201500051877;15;12;5;1545;1;2;5;1;6;108;94, RUE DE COURCELLES;;;;750
46673;201500051878;15;12;5;1750;5;2;5;1;3;108;54, RUE DE ROME;;;;750
46674;201500051879;15;12;7;650;5;2;1;1;6;108;114, RUE LA BOETIE;;;;750
46675;201500051880;15;12;7;1010;1;2;2;1;6;108;30, AVENUE FRANKLIN D RO;;;;750
46676;201500051881;15;12;10;1025;1;2;7;1;3;108;ROND POINT CHAMPS ELYSEE;;;;750
46677;201500051882;15;12;11;630;5;2;5;1;3;108;PLACE GABRIEL PERI;;;;750
46678;201500051883;15;12;12;135;5;2;1;1;6;117;14, RUE DENIS POISSON;;;;750
46679;201500051884;15;12;12;1020;1;2;2;2;7;108;34, BOULEVARD MALESHERBE;;;;750
46680;201500051885;15;12;12;1430;1;2;1;1;3;108;18, RUE DE BERRI;;;;750
46681;201500051886;15;12;14;1800;5;2;7;1;3;108;PLACE DE L ALMA;;;;750
46682;201500051887;15;12;15;2000;5;2;1;2;7;108;2, PLACE DE LA CONCORDE;;;;750
46683;201500051888;15;12;17;1245;1;2;1;1;6;108;PLACE DE LA CONCORDE;;;;750
46684;201500051889;15;12;18;2035;5;2;7;1;3;117;149, BOULEVARD MALESHERB;;;;750
46685;201500051890;15;12;19;620;5;2;7;1;6;108;7, AVENUE MONTAIGNE;;;;750
46686;201500051891;15;12;20;210;5;2;1;1;6;108;36, AVENUE DE WAGRAM;;;;750
46687;201500051892;15;12;21;740;3;2;2;1;2;108;124, AVENUE DES CHAMPS E;;;;750
46688;201500051893;15;12;21;930;1;2;2;1;2;108;30, AVENUE GEORGE V;;;;750
46689;201500051894;15;12;21;520;5;2;3;1;6;108;AVENUE GABRIEL;;;;750
46690;201500051895;15;12;22;1910;5;2;1;1;1;108;41, RUE DE LISBONNE;;;;750
46691;201500051896;15;12;23;1935;5;2;6;1;2;108;PLACE CHARLES DE GAULLE;;;;750
46692;201500051897;15;12;25;420;5;2;7;3;6;108;AVENUE DES CHAMPS ELYSEE;;;;750
46693;201500051898;15;12;25;415;5;2;7;3;3;108;AVENUE DES CHAMPS ELYSEE;;;;750
46694;201500051899;15;12;27;1500;1;2;5;1;6;108;23, AVENUE FRANKLIN D RO;;;;750
46695;201500051900;15;12;29;1505;1;2;2;1;3;108;01, RUE DE LA VILLE L EV;;;;750
46696;201500051901;15;12;31;430;5;2;5;2;6;108;152, AVENUE DES CHAMPS E;;;;750
46697;201500051902;15;12;31;1150;1;2;7;1;6;108;94, RUE DU FAUBOURG SAIN;;;;750
46698;201500051903;15;12;31;1325;1;2;1;1;2;108;68, BOULEVARD DE COURCEL;;;;750
46699;201500051904;15;1;2;1424;1;2;2;1;6;109;32, BOULEVARD POISSONNIE;;;;750
46700;201500051905;15;1;6;1825;5;2;5;1;3;109;36, BOULEVARD HAUSSMANN;;;;750
46701;201500051906;15;1;7;1143;1;2;7;1;6;110;PLACE DU COLONEL FABIEN;;;;750
46702;201500051907;15;1;7;1759;5;2;2;1;3;109;RUE DU FAUBOURG POISSONN;;;;750
46703;201500051908;15;1;8;1400;1;2;1;2;6;109;3, RUE THIMONNIER;;;;750
46704;201500051909;15;1;27;1500;1;2;1;1;6;109;06, RUE BLANCHE;;;;750
46705;201500051910;15;1;27;1910;5;2;2;1;2;102;32, RUE ETIENNE MARCEL;;;;750
46706;201500051911;15;1;28;900;1;2;5;1;3;109;36, BOULEVARD HAUSSMANN;;;;750
46707;201500051912;15;1;29;1520;1;2;1;2;6;109;26, BOULEVARD POISSONNIE;;;;750
46708;201500051915;15;2;4;1835;5;2;5;1;6;109;17, BOULEVARD DE ROCHECH;;;;750
46709;201500051917;15;2;15;1635;1;2;7;8;3;102;4, PLACE DE L OPERA;;;;750
46710;201500051918;15;2;16;725;2;2;4;1;3;109;46, RUE DU FAUBOURG MONT;;;;750
46711;201500051920;15;2;23;1000;1;2;1;8;6;109;32, RUE PIERRE SEMARD;;;;750
46712;201500051923;15;2;25;1630;1;2;1;1;6;109;173, RUE DU FAUBOURG POI;;;;750
46713;201500051925;15;3;5;1830;5;2;2;1;2;109;8, BOULEVARD HAUSSMANN;;;;750
46714;201500051926;15;3;6;1915;1;2;1;1;3;109;33, RUE DE CHATEAUDUN;;;;750
46715;201500051927;15;3;9;1755;1;2;3;1;3;109;70, RUE LA FAYETTE;;;;750
46716;201500051928;15;3;11;2330;5;2;7;1;6;109;1, RUE DE CLICHY;;;;750
46717;201500051929;15;3;13;1630;1;2;7;1;3;109;2, PLACE DE CLICHY;;;;750
46718;201500051931;15;3;22;1045;1;2;1;1;3;109;39, BOULEVARD DE ROCHECH;;;;750
46719;201500051932;15;3;24;1600;1;2;1;2;6;109;9, RUE DE LA CHAUSSEE D;;;;750
46720;201500051933;15;3;24;1940;5;2;1;2;6;109;15/17, RUE AUBER;;;;750
46721;201500051934;15;3;25;800;1;2;2;2;6;109;45, RUE RODIER;;;;750
46722;201500051935;15;3;29;1000;1;2;1;2;7;109;28, RUE BLANCHE;;;;750
46723;201500051936;15;3;30;1240;1;2;1;1;2;109;32, RUE NOTRE DAME DE LO;;;;750
46724;201500051937;15;3;31;920;1;2;1;8;2;109;57, RUE DE LA CHAUSSEE D;;;;750
46725;201500051938;15;3;31;1830;1;2;1;1;2;109;14 bis, BOULEVARD DE ROC;;;;750
46726;201500051939;15;4;2;2325;5;2;1;1;6;109;4, BOULEVARD MONTMARTRE;;;;750
46727;201500051940;15;4;3;1405;1;2;1;3;6;109;57, RUE DU FAUBOURG POIS;;;;750
46728;201500051941;15;4;5;1545;1;2;2;1;3;109;3, BOULEVARD HAUSSMANN;;;;750
46729;201500051942;15;4;6;2145;5;2;3;1;3;109;6, BOULEVARD DES CAPUCIN;;;;750
46730;201500051943;15;4;7;1500;1;2;7;1;6;109;2, RUE DU HAVRE;;;;750
46731;201500051944;15;4;8;1605;1;2;1;1;4;109;29, BOULEVARD HAUSSMANN;;;;750
46732;201500051945;15;4;12;330;5;2;3;1;3;109;72, RUE LA FAYETTE;;;;750
46733;201500051946;15;4;13;1435;1;2;2;1;6;109;10, BOULEVARD HAUSSMANN;;;;750
46734;201500051947;15;4;14;1750;1;2;1;1;6;109;21, RUE CADET;;;;750
46735;201500051948;15;4;16;1925;1;2;1;1;6;109;49, BOULEVARD DE CLICHY;;;;750
46736;201500051949;15;4;21;800;1;2;1;1;6;109;14 BIS, BOULEVARD HAUSSM;;;;750
46737;201500051950;15;4;21;1035;1;2;7;1;6;109;PLACE DE L OPERA;;;;750
46738;201500051951;15;4;21;1235;1;2;5;1;2;109;RUE VICTOR MASSE;;;;750
46739;201500051952;15;4;21;1815;1;2;1;1;2;109;18, RUE VICTOR MASSE;;;;750
46740;201500051953;15;4;24;1735;1;2;5;1;6;109;42, RUE VIGNON;;;;750
46741;201500051954;15;4;25;1316;1;2;3;1;6;109;155, RUE DU FAUBOURG POI;;;;750
46742;201500051955;15;5;6;950;1;2;5;1;6;109;4, BOULEVARD DE LA MADEL;;;;750
46743;201500051956;15;5;7;2225;5;2;5;1;6;109;25, RUE PIERRE FONTAINE;;;;750
46744;201500051957;15;5;8;1445;1;2;1;1;6;109;28, RUE GODOT DE MAUROY;;;;750
46745;201500051958;15;5;10;1230;1;2;3;1;2;104;2, RUE SAINT MARTIN;;;;750
46746;201500051959;15;5;12;1726;1;2;2;1;6;109;34, RUE LE PELETIER;;;;750
46747;201500051960;15;5;15;2100;2;2;2;1;6;109;26, RUE LE PELETIER;;;;750
46748;201500051961;15;5;16;815;1;2;7;1;3;109;4, PLACE DE CLICHY;;;;750
46749;201500051962;15;5;18;912;1;2;3;7;3;109;55, RUE D AMSTERDAM;;;;750
46750;201500051963;15;5;18;2230;5;2;5;2;6;109;17, BOULEVARD DE ROCHECH;;;;750
46751;201500051964;15;5;20;700;1;2;2;1;6;109;29, RUE DE CHATEAUDUN;;;;750
46752;201500051965;15;5;20;1100;1;2;5;2;6;109;40, BOULEVARD HAUSSMANN;;;;750
46753;201500051966;15;5;21;1030;1;2;2;1;3;109;2, RUE D AMSTERDAM;;;;750
46754;201500051967;15;5;21;1240;1;2;1;1;6;109;28, BOULEVARD POISSONNIE;;;;750
46755;201500051968;15;5;22;945;1;2;7;1;3;109;4, PLACE DE L OPERA;M;4887063.0;233244.0;750
46756;201500051969;15;5;26;300;5;2;5;1;3;109;RUE DU FAUBOURG MONTMART;;;;750
46757;201500051971;15;5;27;1945;1;2;1;1;3;109;08, PLACE DE CLICHY;;;;750
46758;201500051972;15;5;28;2330;5;2;2;1;3;109;53, RUE DE DUNKERQUE;;;;750
46759;201500051973;15;5;29;1745;1;2;5;1;6;109;30, RUE DE MONTHOLON;;;;750
46760;201500051975;15;6;1;905;1;2;2;1;6;109;41, RUE TAITBOUT;;;;750
46761;201500051976;15;6;1;1750;1;2;3;1;3;109;21, RUE DE CHATEAUDUN;;;;750
46762;201500051977;15;6;13;1430;1;2;1;1;6;109;46, RUE DE LA CHAUSSEE;;;;750
46763;201500051978;15;6;25;900;1;2;2;1;4;109;51, BOULEVARD HAUSSMANN;;;;750
46764;201500051979;15;6;4;1010;1;2;2;1;3;109;48, BOULEVARD HAUSSMANN;;;;750
46765;201500051980;15;6;5;2140;1;2;5;1;6;109;1, BOULEVARD DE LA MADEL;M;4852117.0;219405.0;750
46766;201500051981;15;6;6;1300;1;2;3;1;3;109;06, RUE DU FAUBOURG MONT;;;;750
46767;201500051982;15;6;8;1410;1;2;3;1;6;102;15, BOULEVARD MONTMARTRE;;;;750
46768;201500051983;15;6;12;945;1;2;1;1;2;109;22, RUE DE MAUBEUGE;;;;750
46769;201500051984;15;6;12;1400;1;2;1;1;6;109;44, RUE DE LA CHAUSSEE D;;;;750
46770;201500051985;15;6;17;10;5;2;1;1;6;109;24, RUE BERGERE;;;;750
46771;201500051986;15;6;17;1435;1;2;2;1;3;103;70, BOULEVARD DE SEBASTO;;;;750
46772;201500051987;15;6;17;1550;1;2;3;1;6;109;92, RUE SAINT LAZARE;;;;750
46773;201500051988;15;6;20;2055;1;2;1;1;7;109;38, RUE CONDORCET;;;;750
46774;201500051990;15;6;24;1200;1;2;1;1;3;109;75 BIS, BOULEVARD DE CLI;;;;750
46775;201500051991;15;6;26;845;1;2;5;1;3;109;70, BOULEVARD HAUSSMANN;;;;750
46776;201500051992;15;6;29;920;1;2;2;1;6;109;60, RUE DE LA CHAUSSEE D;;;;750
46777;201500051993;15;6;29;2030;1;2;2;1;3;109;14, BOULEVARD MONTMARTRE;;;;750
46778;201500051994;15;6;30;650;1;2;2;1;3;101;5, RUE DE CASTIGLIONE;;;;750
46779;201500051995;15;7;1;2030;1;2;5;1;3;109;30, BOULEVARD DES CAPUCI;;;;750
46780;201500051996;15;7;4;1130;1;2;3;8;6;109;101, RUE SAINT LAZARE;;;;750
46781;201500051998;15;7;8;1425;1;2;5;1;3;109;20, BOULEVARD MONTMARTRE;;;;750
46782;201500052001;15;7;17;1710;1;2;1;1;3;109;32 bis, BOULEVARD HAUSSM;;;;750
46783;201500052002;15;7;21;1710;1;2;2;1;3;109;16, RUE LA FAYETTE;;;;750
46784;201500052003;15;7;23;1930;1;2;1;1;3;109;20, BOULEVARD DES CAPUCI;;;;750
46785;201500052004;15;7;27;35;5;2;1;8;7;109;8, PLACE DE L OPERA;;;;750
46786;201500052005;15;7;28;1700;1;2;1;1;6;109;47, BOULEVARD HAUSSMANN;;;;750
46787;201500052006;15;8;8;340;5;2;5;1;2;101;2, QUAI DU LOUVRE;;;;750
46788;201500052007;15;8;18;1725;1;2;3;1;6;109;67, RUE LA FAYETTE;;;;750
46789;201500052008;15;8;24;615;5;2;1;2;6;102;12, RUE DE LA PAIX;;;;750
46790;201500052009;15;8;28;1755;1;2;3;1;3;109;20, BOULEVARD DES ITALIE;;;;750
46791;201500052010;15;8;29;1400;1;2;5;1;6;109;19, RUE AUBER;;;;750
46792;201500052011;15;9;1;1815;1;2;2;1;6;109;1, RUE DU FAUBOURG POISS;;;;750
46793;201500052012;15;9;3;745;2;2;2;1;6;109;31, RUE DE LA CHAUSSEE D;;;;750
46794;201500052013;15;9;3;1800;1;2;7;1;2;109;/, PLACE DE L OPERA;;;;750
46795;201500052014;15;9;8;1244;1;2;1;1;6;109;30, RUE DE MONTHOLON;;;;750
46796;201500052015;15;9;8;1635;1;2;1;8;3;109;RUE TAITBOUT;;;;750
46797;201500052016;15;9;9;840;1;2;2;1;6;109;56, RUE TAITBOUT;;;;750
46798;201500052017;15;9;9;2245;5;2;2;1;3;109;18, RUE LA FAYETTE;;;;750
46799;201500052018;15;9;10;1733;1;2;5;1;3;109;, RUE AUBER;;;;750
46800;201500052019;15;9;12;1130;1;2;7;2;7;109;1, RUE AUBER;;;;750
46801;201500052020;15;9;14;1115;1;2;3;1;7;109;35, RUE LAMARTINE;;;;750
46802;201500052021;15;9;15;2340;5;2;3;1;6;109;RUE DE ROCHECHOUART;;;;750
46803;201500052022;15;9;16;1400;1;2;1;3;6;109;14, RUE VICTOR MASSE;;;;750
46804;201500052023;15;9;16;1708;1;2;3;8;6;109;80, RUE TAITBOUT;;;;750
46805;201500052024;15;9;23;545;5;2;3;1;2;109;RUE LA FAYETTE;;;;750
46806;201500052025;15;9;23;1600;1;2;2;1;3;109;14, BOULEVARD HAUSSMANN;;;;750
46807;201500052027;15;9;25;1948;5;2;1;1;6;104;01, RUE SAINT ANTOINE;;;;750
46808;201500052028;15;9;29;1250;1;2;2;1;6;109;7, BOULEVARD HAUSSMANN;;;;750
46809;201500052029;15;9;29;1535;1;2;2;1;6;109;53, AVENUE TRUDAINE;;;;750
46810;201500052030;15;10;2;2215;5;2;2;1;6;109;66, RUE LA FAYETTE;;;;750
46811;201500052031;15;10;3;1837;2;2;2;1;3;109;36, RUE BALLU;;;;750
46812;201500052032;15;10;4;55;5;2;2;1;3;104;BOULEVARD HENRI IV;;;;750
46813;201500052033;15;10;2;1000;1;2;2;1;6;109;23, RUE CADET;;;;750
46814;201500052034;15;10;8;1345;1;2;1;1;6;109;8, PLACE DE CLICHY;;;;750
46815;201500052035;15;10;9;1227;1;2;5;1;6;109;42, RUE DE LA CHAUSSEE D;;;;750
46816;201500052036;15;9;30;1450;1;2;7;1;3;109;PLACE DE L OPERA;;;;750
46817;201500052037;15;10;12;730;1;2;1;1;2;109;43, BOULEVARD HAUSSMANN;;;;750
46818;201500052038;15;10;13;1840;2;2;5;1;6;109;64, RUE LAMARTINE;;;;750
46819;201500052040;15;10;16;1830;2;2;7;1;3;109;2, RUE GLUCK;;;;750
46820;201500052041;15;10;16;2145;5;2;1;2;2;109;84, RUE DE CLICHY;;;;750
46821;201500052042;15;10;17;715;5;2;5;2;3;109;21, RUE DE DOUAI;;;;750
46822;201500052043;15;10;17;1715;1;2;2;2;6;109;08, RUE DE TREVISE;;;;750
46823;201500052044;15;10;20;725;5;2;3;8;3;109;65, RUE LA FAYETTE;;;;750
46824;201500052046;15;10;30;1720;1;2;2;1;2;109;RUE DU FAUBOURG MONTMART;;;;750
46825;201500052048;15;11;3;2230;5;2;3;2;7;109;30, RUE NOTRE DAME DE LO;;;;750
46826;201500052049;15;11;6;2035;5;2;1;2;2;109;RUE DU HAVRE;;;;750
46827;201500052050;15;11;9;950;1;2;1;1;6;109;7, RUE DU FAUBOURG POISS;;;;750
46828;201500052051;15;11;9;1710;2;2;3;1;6;109;90, RUE SAINT LAZARE;;;;750
46829;201500052052;15;11;9;1950;5;2;7;1;2;109;57, BOULEVARD DE CLICHY;;;;750
46830;201500052053;15;11;12;945;1;2;2;1;3;109;14, BOULEVARD HAUSSMANN;;;;750
46831;201500052054;15;11;17;1415;1;2;3;1;6;109;RUE D AMSTERDAM;;;;750
46832;201500052055;15;11;17;1700;2;2;1;2;3;102;17, BOULEVARD POISSONNIE;;;;750
46833;201500052056;15;11;18;905;1;2;3;1;3;109;21, RUE DE NAVARIN;;;;750
46834;201500052058;15;11;22;1830;5;2;3;1;2;109;45, BOULEVARD HAUSSMANN;;;;750
46835;201500052059;15;11;24;1850;5;2;7;2;6;109;59, RUE DE CHATEAUDUN;;;;750
46836;201500052060;15;11;26;849;1;2;2;1;3;103;1, BOULEVARD SAINT DENIS;;;;750
46837;201500052061;15;11;27;20;5;2;1;1;6;109;58, RUE DE ROCHECHOUART;;;;750
46838;201500052062;15;11;27;915;1;2;3;1;6;109;20, BOULEVARD POISSONNIE;;;;750
46839;201500052063;15;11;27;1555;1;2;5;1;3;109;48, RUE DU FAUBOURG MONT;;;;750
46840;201500052065;15;12;1;1420;1;2;3;1;6;109;41, BOULEVARD DE CLICHY;;;;750
46841;201500052067;15;12;1;1805;5;2;2;1;3;109;10, BOULEVARD HAUSSMANN;;;;750
46842;201500052068;15;12;1;2240;5;2;1;1;6;109;53, RUE DE CHATEAUDUN;;;;750
46843;201500052069;15;12;3;1215;1;2;2;1;3;109;RUE DE CHATEAUDUN;;;;750
46844;201500052070;15;12;3;2245;5;2;2;1;3;109;52, RUE LA FAYETTE;;;;750
46845;201500052071;15;12;8;2350;5;2;7;8;3;109;RUE HALEVY;;;;750
46846;201500052072;15;12;9;900;1;2;5;1;2;109;2, BOULEVARD HAUSSMANN;;;;750
46847;201500052073;15;12;11;150;5;2;1;8;6;109;101, RUE SAINT LAZARE;;;;750
46848;201500052074;15;12;14;1505;1;2;2;1;3;109;11, RUE DE CHATEAUDUN;;;;750
46849;201500052075;15;12;15;1155;1;2;2;2;2;109;56, RUE DE CLICHY;;;;750
46850;201500052076;15;12;16;900;1;2;1;1;7;108;15, RUE D AMSTERDAM;;;;750
46851;201500052077;15;12;19;1109;1;2;3;1;6;109;17, AVENUE TRUDAINE;;;;750
46852;201500052078;15;12;23;1154;1;2;2;1;3;109;RUE BALLU;;;;750
46853;201500052079;15;12;26;1820;5;2;1;1;3;102;12, BOULEVARD POISSONNIE;;;;750
46854;201500052080;15;12;30;1835;5;2;3;1;6;102;13, RUE POISSONNIERE;;;;750
46855;201500052081;15;1;3;1400;1;2;2;2;3;110;92, BOULEVARD DE MAGENTA;;;;750
46856;201500052082;15;1;4;525;5;2;7;1;6;110;16, PLACE DE LA REPUBLIQ;;;;750
46857;201500052083;15;1;7;1500;1;2;1;1;7;110;48, RUE D HAUTEVILLE;;;;750
46858;201500052084;15;1;8;1540;1;2;1;1;7;110;0, BOULEVARD DE MAGENTA;;;;750
46859;201500052085;15;1;12;1630;1;2;1;8;6;110;9, RUE DES PETITS HOTELS;;;;750
46860;201500052086;15;1;15;1605;1;2;1;1;6;110;54, RUE DU FAUBOURG SAIN;;;;750
46861;201500052088;15;1;18;2140;5;2;1;1;3;110;1, BOULEVARD DE STRASBOU;;;;750
46862;201500052089;15;1;17;1350;1;2;2;8;7;110;60, RUE DU CHATEAU LANDO;;;;750
46863;201500052090;15;1;19;1820;5;2;1;1;7;110;148, RUE DU FAUBOURG SAI;;;;750
46864;201500052091;15;1;20;1645;2;2;1;8;6;110;135, BOULEVARD DE LA VIL;;;;750
46865;201500052092;15;1;23;1615;1;2;5;1;1;110;125, BOULEVARD DE MAGENT;;;;750
46866;201500052093;15;1;24;1450;1;2;3;1;6;110;43, QUAI DE VALMY;;;;750
46867;201500052094;15;1;26;30;5;2;1;1;3;110;50, BOULEVARD DE MAGENTA;;;;750
46868;201500052096;15;1;27;1200;1;2;1;1;6;110;08, RUE YVES TOUDIC;;;;750
46869;201500052097;15;1;30;710;1;2;2;2;1;110;153, RUE LA FAYETTE;;;;750
46870;201500052098;15;2;3;2150;5;2;5;1;6;110;20, RUE DE DUNKERQUE;;;;750
46871;201500052099;15;2;4;1630;1;2;1;1;4;110;QUAI DE VALMY;;;;750
46872;201500052100;15;2;5;935;1;2;1;1;6;110;234, RUE DU FAUBOURG SAI;;;;750
46873;201500052101;15;2;6;1800;5;2;1;1;3;110;119, RUE DU FAUBOURG SAI;;;;750
46874;201500052102;15;2;7;240;5;2;2;1;3;110;01, RUE YVES TOUDIC;;;;750
46875;201500052103;15;2;9;2245;5;2;2;1;3;110;35, RUE LOUIS BLANC;;;;750
46876;201500052104;15;2;11;20;5;2;1;1;3;110;04, BOULEVARD SAINT MART;;;;750
46877;201500052105;15;2;11;1645;1;2;2;1;6;110;57, BOULEVARD DE MAGENTA;;;;750
46878;201500052106;15;2;13;1430;1;2;3;1;2;110;205, QUAI DE VALMY;;;;750
46879;201500052107;15;2;13;2100;5;2;5;2;6;110;85, RUE DE MAUBEUGE;;;;750
46880;201500052108;15;2;17;1550;1;2;2;1;6;110;6, RUE BEAUREPAIRE;;;;750
46881;201500052109;15;2;18;1420;1;2;1;1;6;110;7, RUE D HAUTEVILLE;;;;750
46882;201500052110;15;2;19;1750;5;2;2;1;3;110;120, BOULEVARD DE MAGENT;;;;750
46883;201500052111;15;2;23;830;1;2;5;2;6;110;96, RUE RENE BOULANGER;;;;750
46884;201500052112;15;2;23;1655;1;2;1;8;7;110;99, RUE DU FAUBOURG SAIN;;;;750
46885;201500052113;15;2;23;2315;5;2;1;1;6;110;93, BOULEVARD DE LA VILL;;;;750
46886;201500052114;15;2;25;1350;1;2;2;8;3;110;217, RUE LA FAYETTE;;;;750
46887;201500052115;15;2;26;900;1;2;1;2;6;110;145, RUE DU FAUBOURG SAI;;;;750
46888;201500052116;15;2;26;2225;5;2;1;2;6;110;53, BOULEVARD DE MAGENTA;;;;750
46889;201500052117;15;2;27;830;1;2;1;1;6;110;66, AVENUE CLAUDE VELLEF;;;;750
46890;201500052118;15;3;4;1130;1;2;1;1;6;110;10, BOULEVARD DE MAGENTA;;;;750
46891;201500052119;15;3;6;140;5;2;2;1;6;110;85, BOULEVARD DE MAGENTA;;;;750
46892;201500052120;15;3;4;2158;5;2;3;1;6;110;274, RUE DU FAUBOURG SAI;;;;750
46893;201500052121;15;3;6;1905;5;2;1;2;6;110;124, BOULEVARD DE MAGENT;;;;750
46894;201500052122;15;3;7;2010;5;2;1;1;3;110;10, BOULEVARD DE MAGENTA;;;;750
46895;201500052123;15;3;8;345;5;2;2;1;6;110;53, BOULEVARD DE MAGENTA;;;;750
46896;201500052126;15;3;12;1815;2;2;1;1;6;110;208, RUE LA FAYETTE;;;;750
46897;201500052127;15;3;13;252;5;2;1;1;3;110;78, QUAI DE JEMMAPES;;;;750
46898;201500052128;15;3;14;1247;1;2;2;1;2;110;229, RUE DU FAUBOURG SAI;;;;750
46899;201500052129;15;3;20;1310;1;2;1;1;5;110;50, BOULEVARD DE MAGENTA;;;;750
46900;201500052131;15;3;26;2230;5;2;1;1;2;110;16, BOULEVARD SAINT DENI;;;;750
46901;201500052133;15;4;1;1715;1;2;4;1;6;110;1440, BOULEVARD DE MAGEN;;;;750
46902;201500052135;15;4;3;2040;5;2;1;2;6;110;151, BOULEVARD DE MAGENT;;;;750
46903;201500052136;15;4;5;520;5;2;1;1;6;110;56, BOULEVARD DE MAGENTA;;;;750
46904;201500052137;15;4;9;40;5;2;2;1;3;110;33, RUE JULIETTE DODU;;;;750
46905;201500052138;15;4;9;1345;1;2;5;1;3;110;210, RUE DU FAUBOURG SAI;;;;750
46906;201500052139;15;4;10;1845;1;2;2;1;6;110;244, RUE DU FAUBOURG SAI;;;;750
46907;201500052140;15;4;10;1925;1;2;5;1;3;110;BOULEVARD DE LA VILLETTE;;;;750
46908;201500052141;15;4;11;2212;5;2;7;1;6;110;97, RUE LA FAYETTE;;;;750
46909;201500052142;15;4;12;145;5;2;1;1;2;110;189, RUE DU FAUBOURG SAI;;;;750
46910;201500052143;15;4;13;2340;5;2;2;1;3;110;158, RUE LA FAYETTE;;;;750
46911;201500052145;15;4;15;1325;1;2;3;1;2;110;192, RUE DU FAUBOURG SAI;;;;750
46912;201500052146;15;4;17;618;2;2;7;1;6;110;18, RUE DE DUNKERQUE;;;;750
46913;201500052147;15;4;21;1400;1;2;2;1;3;110;72, BOULEVARD DE STRASBO;;;;750
46914;201500052148;15;4;22;1625;1;2;1;1;6;110;131, RUE LA FAYETTE;;;;750
46915;201500052149;15;4;23;5;5;2;2;1;3;110;230 bis, RUE DU FAUBOURG;;;;750
46916;201500052150;15;4;23;840;1;2;5;1;6;110;34, RUE DE L AQUEDUC;;;;750
46917;201500052153;15;4;25;1230;1;2;2;1;6;110;102, QUAI DE JEMMAPES;;;;750
46918;201500052154;15;4;27;1920;1;2;1;1;6;110;23, RUE JULIETTE DODU;;;;750
46919;201500052155;15;4;28;2210;5;2;7;1;3;110;1, PLACE DE LA BATAILLE;;;;750
46920;201500052156;15;5;2;1340;1;2;1;1;6;110;116, RUE DE MAUBEUGE;;;;750
46921;201500052157;15;5;6;1455;1;2;1;1;4;110;99, BOULEVARD DE MAGENTA;;;;750
46922;201500052158;15;5;6;1820;1;2;1;1;6;110;39, BOULEVARD DE LA CHAP;;;;750
46923;201500052159;15;5;6;1755;1;2;1;1;3;110;26, AVENUE CLAUDE VELLEF;;;;750
46924;201500052160;15;5;18;1800;1;2;5;1;7;118;30, BOULEVARD DE LA CHAP;;;;750
46925;201500052161;15;5;18;2330;5;2;4;2;3;110;160, RUE LA FAYETTE;;;;750
46926;201500052162;15;5;20;810;1;2;3;1;3;110;22, RUE BICHAT;;;;750
46927;201500052163;15;5;20;1040;1;2;3;1;3;110;168, RUE LA FAYETTE;;;;750
46928;201500052164;15;5;21;926;1;2;1;1;3;110;145, QUAI DE VALMY;;;;750
46929;201500052165;15;5;22;1710;1;2;5;1;6;110;35, BOULEVARD DE LA CHAP;;;;750
46930;201500052166;15;5;22;1850;1;2;1;1;6;110;BOULEVARD DE MAGENTA;;;;750
46931;201500052167;15;5;26;1750;1;2;1;1;4;110;113, RUE LA FAYETTE;;;;750
46932;201500052168;15;5;30;1000;1;2;5;1;3;110;18, BOULEVARD SAINT MART;;;;750
46933;201500052169;15;5;30;1510;1;2;2;1;6;110;61, BOULEVARD DE STRASBO;;;;750
46934;201500052170;15;5;30;1915;1;2;1;1;2;110;53, BOULEVARD DE MAGENTA;;;;750
46935;201500052171;15;6;3;950;1;2;3;1;3;110;71, QUAI DE VALMY;;;;750
46936;201500052172;15;6;6;1915;1;2;1;1;6;110;206, RUE DU FAUBOURG SAI;;;;750