;Num_Acc;an;mois;jour;hrmn;lum;agg;int;atm;col;com;adr;gps;lat;long;dep
46937;201500052173;15;6;6;2040;1;2;1;1;6;110;1, RUE DE METZ;;;;750
46938;201500052174;15;6;7;1740;1;2;2;1;6;110;53, RUE LOUIS BLANC;;;;750
46939;201500052175;15;6;8;815;1;2;1;1;6;110;191, QUAI DE VALMY;;;;750
46940;201500052176;15;6;8;1450;1;2;7;1;3;110;7, PLACE FRANZ LISZT;;;;750
46941;201500052177;15;6;9;945;1;2;3;1;4;110;QUAI DE VALMY;;;;750
46942;201500052178;15;6;10;915;1;2;2;1;6;110;RUE DU FAUBOURG DU TEMPL;;;;750
46943;201500052179;15;6;11;1415;1;2;3;1;3;110;53, RUE DE CHABROL;;;;750
46944;201500052180;15;6;16;2045;1;2;2;1;1;110;87, BOULEVARD DE MAGENTA;;;;750
46945;201500052181;15;7;3;1015;1;2;2;1;6;110;70, RUE DU FAUBOURG SAIN;;;;750
46946;201500052182;15;7;7;2320;5;2;2;1;3;110;180, RUE LA FAYETTE;;;;750
46947;201500052183;15;10;2;1235;1;2;1;1;6;110;27, BOULEVARD DE MAGENTA;;;;750
46948;201500052184;15;6;9;2230;5;2;1;1;6;110;717, QUAI DE VALMY;;;;750
46949;201500052185;15;6;10;1615;1;2;2;1;6;110;27, BOULEVARD DE STRASBO;;;;750
46950;201500052186;15;6;11;440;5;2;2;1;7;110;194, QUAI DE JEMMAPES;;;;750
46951;201500052187;15;6;12;1717;1;2;1;1;2;110;205, QUAI DE VALMY;;;;750
46952;201500052188;15;6;20;700;1;2;1;1;6;110;4, METRO CHATEAU LANDON;;;;750
46953;201500052189;15;6;20;2000;1;2;2;1;3;110;195, RUE LA FAYETTE;;;;750
46954;201500052191;15;6;23;950;1;2;3;1;2;110;165, QUAI DE VALMY;;;;750
46955;201500052192;15;6;24;600;1;2;2;1;6;110;149, AVENUE PARMENTIER;;;;750
46956;201500052193;15;6;26;1420;1;2;1;1;6;110;3, RUE DE PARADIS;;;;750
46957;201500052194;15;6;29;1830;1;2;1;1;6;110;63, RUE DU FAUBOURG SAIN;;;;750
46958;201500052195;15;7;1;830;1;2;1;1;3;110;6, RUE DU FAUBOURG POISS;;;;750
46959;201500052196;15;7;2;1140;1;2;1;1;6;110;267, RUE DU FAUBOURG SAI;;;;750
46960;201500052197;15;7;7;735;1;2;2;1;3;110;RUE LOUIS BLANC;;;;750
46961;201500052198;15;7;7;1300;1;2;1;1;3;110;255, RUE DU FAUBOURG SAI;;;;750
46962;201500052199;15;7;8;820;1;2;2;1;3;110;17, RUE JACQUES LOUVEL T;;;;750
46963;201500052200;15;7;8;1250;1;2;1;1;2;110;16, RUE BICHAT;;;;750
46964;201500052201;15;7;10;1006;1;2;7;1;6;110;09, PLACE DE LA BATAILLE;;;;750
46965;201500052202;15;7;11;1315;1;2;1;1;6;110;115, RUE DU FAUBOURG DU;;;;750
46966;201500052203;15;7;16;1000;1;2;5;1;6;109;54, BOULEVARD DE MAGENTA;;;;750
46967;201500052204;15;7;22;1245;1;2;2;1;4;110;35, RUE DE SAINT QUENTIN;;;;750
46968;201500052205;15;7;22;2340;5;2;1;1;6;110;217, RUE DU FAUBOURG SAI;;;;750
46969;201500052206;15;7;23;1730;1;2;1;1;7;110;188, RUE LA FAYETTE;;;;750
46970;201500052207;15;7;24;745;1;2;7;1;6;109;01, BOULEVARD DE MAGENTA;;;;750
46971;201500052208;15;7;25;600;2;2;2;8;3;110;204, RUE LA FAYETTE;M;4852534.0;221559.0;750
46972;201500052209;15;7;27;1220;1;2;5;2;6;110;60, RUE DE PARADIS;;;;750
46973;201500052210;15;7;28;1530;1;2;2;8;3;110;1, BOULEVARD DE STRASBOU;;;;750
46974;201500052211;15;8;2;640;5;2;1;1;5;110;16, BOULEVARD DE MAGENTA;;;;750
46975;201500052212;15;8;2;2230;5;2;3;1;6;110;33, BOULEVARD DE MAGENTA;;;;750
46976;201500052213;15;8;3;2000;1;2;1;1;6;110;36, QUAI DE JEMMAPES;;;;750
46977;201500052214;15;8;7;2245;5;2;1;1;6;110;203, RUE LA FAYETTE;;;;750
46978;201500052215;15;8;13;2030;1;2;5;1;3;110;/, RUE LA FAYETTE;M;4852501.0;221432.0;750
46979;201500052216;15;8;14;2310;5;2;3;2;6;110;91, BOULEVARD DE STRASBO;;;;750
46980;201500052217;15;8;15;130;5;2;3;2;3;110;272, RUE DU FAUBOURG SAI;;;;750
46981;201500052218;15;8;17;2230;3;2;2;1;3;110;164, AVENUE PARMENTIER;;;;750
46982;201500052219;15;8;20;50;5;2;5;2;6;110;103, BOULEVARD DE MAGENT;;;;750
46983;201500052220;15;8;22;2310;5;2;2;1;3;110;92, BOULEVARD DE MAGENTA;;;;750
46984;201500052222;15;8;27;2350;5;2;2;2;3;110;35, RUE DE PARADIS;;;;750
46985;201500052223;15;8;31;1515;1;2;1;1;3;110;4, RUE DU FAUBOURG SAINT;;;;750
46986;201500052224;15;9;2;1700;1;2;2;1;4;110;8, BOULEVARD SAINT DENIS;;;;750
46987;201500052225;15;9;4;1935;1;2;2;1;6;110;36, BOULEVARD DE STRASBO;;;;750
46988;201500052226;15;9;6;1012;1;2;2;1;3;110;BOULEVARD DE STRASBOURG;;;;750
46989;201500052227;15;9;10;1930;2;2;4;1;6;110;166, RUE LA FAYETTE;;;;750
46990;201500052228;15;9;15;1445;1;2;4;1;3;110;168, RUE LA FAYETTE;M;4852469.0;221313.0;750
46991;201500052229;15;9;18;2240;5;2;2;2;6;110;149, AVENUE PARMENTIER;;;;750
46992;201500052231;15;9;24;140;5;2;5;1;3;110;31, BOULEVARD DE MAGENTA;;;;750
46993;201500052232;15;9;24;2230;5;2;2;2;6;110;94, BOULEVARD DE MAGENTA;;;;750
46994;201500052233;15;9;25;2110;5;2;1;1;3;110;55, BOULEVARD DE STRASBO;;;;750
46995;201500052234;15;9;26;2045;5;2;1;1;2;110;147, RUE DU FAUBOURG SAI;;;;750
46996;201500052235;15;9;28;150;5;2;1;1;6;110;BOULEVARD DE MAGENTA;;;;750
46997;201500052236;15;9;28;910;1;2;1;1;6;110;57, RUE DE LANCRY;;;;750
46998;201500052239;15;10;3;545;5;2;4;1;6;110;96, BOULEVARD DE MAGENTA;;;;750
46999;201500052240;15;10;3;1630;1;2;4;1;6;110;15, RUE EUGENE VARLIN;;;;750
47000;201500052241;15;10;6;1120;1;2;1;2;2;110;85, BOULEVARD DE MAGENTA;;;;750
47001;201500052242;15;10;6;1655;1;2;1;2;6;110;BOULEVARD DE MAGENTA;;;;750
47002;201500052243;15;10;9;1530;1;2;7;1;3;110;19, BOULEVARD DE MAGENTA;;;;750
47003;201500052244;15;10;9;1845;2;2;4;1;3;110;187, RUE DU FAUBOURG SAI;;;;750
47004;201500052245;15;10;11;1920;1;2;2;1;3;110;2, RUE DES RECOLLETS;;;;750
47005;201500052246;15;10;20;2130;5;2;5;1;3;110;02, BOULEVARD DE DENAIN;;;;750
47006;201500052247;15;10;21;1545;1;2;1;1;6;110;48, RUE DU CHATEAU LANDO;;;;750
47007;201500052248;15;10;21;1400;1;2;2;1;3;110;BOULEVARD SAINT DENIS;;;;750
47008;201500052249;15;10;23;1830;2;2;1;1;6;110;75, BOULEVARD DE MAGENTA;;;;750
47009;201500052250;15;10;25;1545;1;2;5;1;2;110;34, RUE PHILIPPE DE GIRA;;;;750
47010;201500052251;15;10;27;2000;5;2;2;1;6;110;153, QUAI DE VALMY;;;;750
47011;201500052252;15;10;28;220;5;2;1;3;6;110;78, BOULEVARD DE STRASBO;;;;750
47012;201500052253;15;10;31;605;5;2;2;1;6;110;230 BIS, RUE DU FAUBOURG;;;;750
47013;201500052254;15;10;31;1310;1;2;1;1;3;110;16, BOULEVARD DE MAGENTA;;;;750
47014;201500052255;15;10;31;1900;5;2;1;1;6;110;7, RUE DES ECLUSES SAINT;;;;750
47015;201500052256;15;11;2;1900;5;2;3;1;6;110;RUE DU TERRAGE;;;;750
47016;201500052257;15;11;3;710;2;2;1;2;7;110;8, BOULEVARD DE MAGENTA;;;;750
47017;201500052258;15;11;6;1100;1;2;1;1;3;110;175, RUE LA FAYETTE;;;;750
47018;201500052259;15;11;7;1755;5;2;2;1;6;110;151, AVENUE PARMENTIER;;;;750
47019;201500052260;15;11;12;140;5;2;1;1;6;110;173, QUAI DE VALMY;;;;750
47020;201500052261;15;11;13;1515;1;2;2;1;7;110;49, BOULEVARD DE STRASBO;;;;750
47021;201500052262;15;11;16;2200;5;2;1;2;6;110;29, RUE DES RECOLLETS;;;;750
47022;201500052263;15;11;19;500;5;2;4;1;6;110;35, BOULEVARD DE MAGENTA;;;;750
47023;201500052264;15;11;21;600;5;2;3;2;6;110;22, BOULEVARD DE BONNE N;;;;750
47024;201500052267;15;11;24;1800;2;2;1;1;2;110;QUAI DE VALMY;;;;750
47025;201500052268;15;11;27;540;1;2;2;1;6;110;150, RUE LA FAYETTE;;;;750
47026;201500052270;15;11;27;2100;5;2;5;1;3;110;BOULEVARD DE MAGENTA;;;;750
47027;201500052271;15;11;29;410;5;2;2;2;3;110;156, RUE LA FAYETTE;;;;750
47028;201500052272;15;12;1;900;1;2;1;1;3;110;131, QUAI DE VALMY;;;;750
47029;201500052273;15;12;1;2015;5;2;1;1;3;110;123, BOULEVARD DE MAGENT;;;;750
47030;201500052274;15;12;3;1315;1;2;4;1;3;110;117, BOULEVARD DE LA VIL;;;;750
47031;201500052275;15;12;4;218;5;2;2;2;6;110;94, BOULEVARD DE MAGENTA;;;;750
47032;201500052276;15;12;4;1350;1;2;1;1;3;110;133, BOULEVARD DE MAGENT;;;;750
47033;201500052277;15;12;10;209;5;2;2;1;3;110;193, RUE LA FAYETTE;;;;750
47034;201500052278;15;12;12;830;1;2;1;8;6;110;85, RUE DE MAUBEUGE;;;;750
47035;201500052279;15;12;12;1640;5;2;2;1;3;110;150, RUE LA FAYETTE;;;;750
47036;201500052280;15;12;13;2030;5;2;1;1;2;110;147, RUE DU FAUBOURG SAI;;;;750
47037;201500052281;15;12;16;1700;4;2;1;1;6;110;127, RUE DU FAUBOURG DU;;;;750
47038;201500052283;15;12;17;1800;5;2;2;1;3;110;154, RUE DU FAUBOURG SAI;;;;750
47039;201500052284;15;12;18;2050;5;2;1;1;2;110;121, BOULEVARD DE LA VIL;;;;750
47040;201500052285;15;12;19;1715;5;2;1;1;6;110;1, RUE DU FAUBOURG DU TE;;;;750
47041;201500052287;15;12;28;2045;5;2;5;1;1;110;24, AVENUE CLAUDE VELLEF;;;;750
47042;201500052288;15;1;1;138;5;2;2;1;3;111;/, BOULEVARD DE BELLEVIL;;;;750
47043;201500052289;15;1;3;1735;5;2;2;2;6;111;131, AVENUE LEDRU ROLLIN;;;;750
47044;201500052290;15;1;5;1850;3;2;2;1;3;111;95, AVENUE PHILIPPE AUGU;;;;750
47045;201500052291;15;1;5;530;5;2;2;1;6;111;17, AVENUE PARMENTIER;;;;750
47046;201500052292;15;1;9;955;1;2;1;1;6;111;39, RUE JEAN PIERRE TIMB;;;;750
47047;201500052293;15;1;14;830;1;2;2;1;7;111;95, AVENUE PHILIPPE AUGU;;;;750
47048;201500052294;15;1;15;1125;1;2;3;2;3;111;29, RUE RICHARD LENOIR;;;;750
47049;201500052295;15;1;15;1820;5;2;7;2;6;111;296, BOULEVARD VOLTAIRE;;;;750
47050;201500052296;15;1;16;230;5;2;5;1;6;111;/, RUE DU FAUBOURG SAINT;;;;750
47051;201500052297;15;1;20;1250;1;2;1;1;3;111;190, BOULEVARD VOLTAIRE;;;;750
47052;201500052298;15;1;21;920;1;2;2;1;3;111;101, BOULEVARD RICHARD L;;;;750
47053;201500052299;15;1;23;2320;5;2;3;1;3;111;80, BOULEVARD VOLTAIRE;;;;750
47054;201500052300;15;1;26;450;5;2;1;2;6;111;BOULEVARD RICHARD LENOIR;;;;750
47055;201500052301;15;1;31;210;5;2;2;3;6;111;113, AVENUE LEDRU ROLLIN;;;;750
47056;201500052302;15;2;2;2100;5;2;7;1;6;111;130, BOULEVARD VOLTAIRE;;;;750
47057;201500052303;15;2;4;2145;5;2;1;1;6;111;2, RUE DU COMMANDANT LAM;;;;750
47058;201500052304;15;2;6;338;5;2;2;1;6;111;108, AVENUE LEDRU ROLLIN;;;;750
47059;201500052305;15;2;6;2025;5;2;2;1;6;111;26, BOULEVARD VOLTAIRE;;;;750
47060;201500052306;15;2;7;1125;1;2;2;1;6;111;170, BOULEVARD VOLTAIRE;;;;750
47061;201500052308;15;2;10;2010;5;2;7;1;7;111;3, PLACE DE LA NATION;;;;750
47062;201500052309;15;2;13;1930;5;2;2;2;3;111;23, BOULEVARD VOLTAIRE;;;;750
47063;201500052310;15;2;15;1520;1;2;3;1;3;111;45, BOULEVARD DE MENILMO;;;;750
47064;201500052311;15;2;15;2055;5;2;2;1;3;111;22, AVENUE DE LA REPUBLI;;;;750
47065;201500052312;15;2;18;2315;5;2;2;1;6;111;36, RUE DE L ORILLON;;;;750
47066;201500052313;15;2;19;930;1;2;2;1;3;111;0, RUE DE LA ROQUETTE;;;;750
47067;201500052315;15;2;20;700;1;2;7;2;2;111;4, AVENUE DE LA REPUBLIQ;;;;750
47068;201500052316;15;2;20;1740;1;2;2;2;6;111;163, BOULEVARD VOLTAIRE;;;;750
47069;201500052317;15;2;21;5;5;2;1;3;6;111;8, BOULEVARD DES FILLES;;;;750
47070;201500052318;15;2;22;1840;5;2;3;1;6;111;16, BOULEVARD DES FILLES;;;;750
47071;201500052319;15;2;23;1600;1;2;7;8;3;111;5, PLACE DE LA NATION;;;;750
47072;201500052320;15;2;25;2220;5;2;5;2;7;111;49, BOULEVARD VOLTAIRE;;;;750
47073;201500052321;15;2;26;1030;1;2;2;2;7;111;1, BOULEVARD DE BELLEVIL;;;;750
47074;201500052322;15;2;27;107;5;2;1;2;6;111;2, BOULEVARD BEAUMARCHAI;;;;750
47075;201500052323;15;2;27;2025;5;2;1;1;6;111;34, BOULEVARD VOLTAIRE;;;;750
47076;201500052324;15;2;28;226;5;2;2;1;6;111;81, AVENUE PARMENTIER;;;;750
47077;201500052325;15;2;28;305;5;2;2;1;3;111;/, BOULEVARD DE MENILMON;;;;750
47078;201500052326;15;3;2;1615;1;2;3;1;3;111;60, AVENUE PARMENTIER;;;;750
47079;201500052327;15;3;4;1300;1;2;2;8;6;111;14, RUE LOUIS BONNET;;;;750
47080;201500052328;15;3;5;2045;5;2;1;1;3;111;4, BOULEVARD VOLTAIRE;;;;750
47081;201500052329;15;3;11;820;1;2;1;1;6;111;41, RUE DE LA FONTAINE A;;;;750
47082;201500052331;15;3;12;1505;1;2;1;1;1;111;33, RUE DU FAUBOURG SAIN;;;;750
47083;201500052332;15;3;13;755;1;2;3;1;6;111;95, RUE DU FAUBOURG SAIN;;;;750
47084;201500052333;15;3;13;2230;5;2;5;1;3;111;/, BOULEVARD RICHARD LEN;;;;750
47085;201500052334;15;3;17;1625;1;2;2;1;6;111;19, AVENUE PHILIPPE AUGU;;;;750
47086;201500052335;15;3;28;330;5;2;1;2;6;111;56, AVENUE PARMENTIER;;;;750
47087;201500052336;15;3;29;420;5;2;2;1;6;111;38, AVENUE DE LA REPUBLI;;;;750
47088;201500052337;15;3;29;2230;5;2;2;2;2;111;154, BOULEVARD VOLTAIRE;;;;750
47089;201500052338;15;3;30;1145;1;2;3;1;7;111;35, METRO CHEMIN VERT;;;;750
47090;201500052339;15;4;1;830;1;2;3;1;7;111;134, AVENUE PARMENTIER;;;;750
47091;201500052340;15;4;1;1215;1;2;1;1;2;112;11, AVENUE DU TREMBLAY;;;;750
47092;201500052341;15;4;3;1940;2;2;1;2;3;111;25, AVENUE PHILIPPE AUGU;;;;750
47093;201500052342;15;4;4;750;1;2;2;9;6;111;31, BOULEVARD RICHARD LE;;;;750
47094;201500052343;15;4;6;1810;1;2;2;1;3;111;37, RUE OBERKAMPF;;;;750
47095;201500052344;15;4;7;1845;1;2;2;1;6;111;60, BOULEVARD BEAUMARCHA;;;;750
47096;201500052345;15;4;9;930;1;2;3;1;2;111;215, BOULEVARD VOLTAIRE;;;;750
47097;201500052346;15;4;9;1830;1;2;1;1;3;111;27, AVENUE PHILIPPE AUGU;;;;750
47098;201500052348;15;4;10;1920;1;2;3;1;3;111;43, BOULEVARD DE MENILMO;;;;750
47099;201500052349;15;4;11;722;1;2;3;2;6;111;103, RUE DE CHARONNE;;;;750
47100;201500052350;15;4;11;1910;1;2;2;1;3;111;104, AVENUE PARMENTIER;;;;750
47101;201500052351;15;4;13;1840;1;2;3;1;6;111;133, RUE DE LA ROQUETTE;;;;750
47102;201500052352;15;4;14;1635;1;2;7;1;3;111;01, AVENUE DE LA REPUBLI;;;;750
47103;201500052353;15;4;14;1730;1;2;7;1;3;111;152, RUE DU CHEMIN VERT;;;;750
47104;201500052354;15;4;16;1655;1;2;1;1;6;111;79, BOULEVARD DE BELLEVI;;;;750
47105;201500052355;15;4;17;1310;1;2;1;1;6;111;44, RUE DE MONTREUIL;;;;750
47106;201500052356;15;4;18;415;5;2;3;1;3;111;45, AVENUE PARMENTIER;;;;750
47107;201500052357;15;4;18;1340;1;2;2;1;3;111;101, BOULEVARD RICHARD L;;;;750
47108;201500052358;15;4;20;920;1;2;2;1;6;111;135, BOULEVARD VOLTAIRE;;;;750
47109;201500052360;15;4;21;1520;1;2;2;1;1;111;52, AVENUE DE LA REPUBLI;;;;750
47110;201500052361;15;4;21;1525;1;2;1;1;7;111;19, BOULEVARD RICHARD LE;;;;750
47111;201500052362;15;4;22;1555;1;2;2;1;3;111;40, RUE DE L ORILLON;;;;750
47112;201500052363;15;4;23;1050;1;2;2;1;2;111;60, BOULEVARD BEAUMARCHA;;;;750
47113;201500052364;15;4;23;2345;5;2;2;1;3;110;122, BOULEVARD DE MAGENT;;;;750
47114;201500052365;15;4;24;1105;1;2;3;1;6;111;11, BOULEVARD VOLTAIRE;;;;750
47115;201500052367;15;4;24;2325;5;2;2;1;7;120;85, RUE DE MENILMONTANT;;;;750
47116;201500052368;15;4;25;1300;1;2;2;1;2;111;85, AVENUE PARMENTIER;;;;750
47117;201500052369;15;4;27;1834;1;2;1;1;3;111;138, BOULEVARD VOLTAIRE;;;;750
47118;201500052370;15;4;30;1755;1;2;1;2;3;111;72, RUE SAINT MAUR;;;;750
47119;201500052371;15;5;3;1550;1;2;7;8;3;111;2, BOULEVARD RICHARD LEN;;;;750
47120;201500052372;15;5;7;1820;1;2;7;1;3;111;12, PLACE LEON BLUM;;;;750
47121;201500052373;15;5;7;1850;1;2;1;1;6;111;100, AVENUE PHILIPPE AUG;;;;750
47122;201500052375;15;5;11;1300;1;2;2;1;6;111;58, RUE DU CHEMIN VERT;;;;750
47123;201500052376;15;5;13;920;1;2;1;1;6;111;124, AVENUE PHILIPPE AUG;;;;750
47124;201500052377;15;5;14;1810;1;2;7;1;3;111;12, PLACE DE LA BASTILLE;;;;750
47125;201500052378;15;5;15;1850;1;2;1;1;6;111;135, RUE DU CHEMIN VERT;;;;750
47126;201500052379;15;5;16;1105;1;2;7;1;3;111;12, PLACE LEON BLUM;;;;750
47127;201500052380;15;5;17;1110;1;2;7;1;2;111;4, PLACE LEON BLUM;;;;750
47128;201500052381;15;5;16;2045;2;2;3;1;2;111;87, RUE DE CHARONNE;;;;750
47129;201500052382;15;5;18;1600;1;2;2;1;6;111;39, RUE LEON FROT;;;;750
47130;201500052383;15;5;18;1745;1;2;1;1;6;111;131, BOULEVARD DE CHARON;;;;750
47131;201500052385;15;5;20;1335;1;2;2;1;6;111;111, AVENUE PARMENTIER;;;;750
47132;201500052386;15;5;20;1940;1;2;7;1;3;111;03, PLACE DE LA NATION;;;;750
47133;201500052389;15;5;23;320;5;2;2;1;1;111;190, AVENUE PHILIPPE AUG;;;;750
47134;201500052390;15;5;23;540;2;2;2;1;6;111;138, BOULEVARD RICHARD L;;;;750
47135;201500052391;15;5;24;1400;1;2;7;1;2;111;PLACE DE LA NATION;;;;750
47136;201500052392;15;5;25;1735;1;2;2;1;6;111;69, RUE DE CHARONNE;;;;750
47137;201500052393;15;5;25;1945;1;2;1;1;2;111;32, RUE BASFROI;;;;750
47138;201500052394;15;5;26;1545;1;2;7;1;3;111;12, PLACE DE LA BASTILLE;;;;750
47139;201500052395;15;5;29;1445;1;2;4;1;6;111;AVENUE DE LA REPUBLIQUE;;;;750
47140;201500052396;15;5;29;2010;2;2;2;1;3;111;13, RUE DU GRAND PRIEURE;;;;750
47141;201500052397;15;5;31;35;5;2;3;1;7;111;119, AVENUE PARMENTIER;;;;750
47142;201500052398;15;5;31;1620;1;2;2;1;1;111;38, BOULEVARD VOLTAIRE;;;;750
47143;201500052400;15;6;3;915;1;2;5;1;7;111;154, RUE DU CHEMIN VERT;;;;750
47144;201500052401;15;6;5;54;5;2;2;1;6;111;24, AVENUE DE LA REPUBLI;;;;750
47145;201500052402;15;6;5;955;1;2;3;1;6;111;77, RUE DE CHARONNE;;;;750
47146;201500052403;15;6;12;1120;1;2;2;1;3;111;16, RUE BREGUET;;;;750
47147;201500052404;15;6;12;1740;1;2;3;1;6;111;73, BOULEVARD VOLTAIRE;;;;750
47148;201500052406;15;6;13;1505;1;2;3;1;3;111;77, AVENUE DE LA REPUBLI;;;;750
47149;201500052408;15;6;15;1720;1;2;2;1;1;111;131 bis, RUE DE LA ROQUE;;;;750
47150;201500052409;15;6;19;1110;1;2;4;1;3;111;95 bis, BOULEVARD VOLTAI;;;;750
47151;201500052410;15;6;20;20;5;2;3;1;6;111;24, RUE DE CHARONNE;;;;750
47152;201500052411;15;6;20;140;5;2;2;1;3;111;RUE DE CHARONNE;;;;750
47153;201500052412;15;6;21;120;5;2;3;1;2;111;150, BOULEVARD VOLTAIRE;;;;750
47154;201500052413;15;6;24;1700;1;2;3;1;2;103;56, BOULEVARD BEAUMARCHA;;;;750
47155;201500052414;15;6;24;2155;2;2;1;1;6;111;12, RUE OBERKAMPF;;;;750
47156;201500052415;15;6;26;1620;1;2;1;1;6;111;64, RUE JEAN PIERRE TIMB;;;;750
47157;201500052416;15;6;27;235;5;2;2;1;2;111;24, AVENUE DE LA REPUBLI;;;;750
47158;201500052418;15;7;6;1925;1;2;2;1;3;111;31, AVENUE PARMENTIER;;;;750
47159;201500052420;15;7;7;1850;1;2;5;1;6;111;35, BOULEVARD DE CHARONN;;;;750
47160;201500052421;15;7;14;1300;1;2;5;1;3;111;113, RUE DU FAUBOURG SAI;;;;750
47161;201500052423;15;7;31;1446;1;2;2;1;6;111;5, RUE DURANTI;;;;750
47162;201500052425;15;6;8;1625;1;2;2;7;6;111;99, AVENUE PARMENTIER;;;;750
47163;201500052426;15;6;8;2025;2;2;1;7;7;119;BOULEVARD PERIPHERIQUE;;;;750
47164;201500052428;15;6;9;2025;2;2;2;1;3;111;7, RUE GERBIER;;;;750
47165;201500052429;15;6;12;1055;1;2;1;1;6;111;116, BOULEVARD RICHARD L;;;;750
47166;201500052430;15;6;14;700;2;2;1;1;6;111;88 bis, AVENUE PARMENTIE;;;;750
47167;201500052431;15;6;18;2040;1;2;1;1;6;111;18, AVENUE JEAN AICARD;;;;750
47168;201500052432;15;6;19;1740;1;2;1;1;4;111;96, BOULEVARD VOLTAIRE;;;;750
47169;201500052433;15;6;29;40;5;2;2;1;3;111;33, BOULEVARD DE CHARONN;;;;750
47170;201500052434;15;7;1;45;5;2;2;1;6;111;94, RUE DU CHEMIN VERT;;;;750
47171;201500052435;15;7;2;1940;1;2;5;1;3;111;26, AVENUE DE LA REPUBLI;;;;750
47172;201500052436;15;7;3;900;1;2;3;1;3;111;4, BOULEVARD DU TEMPLE;;;;750
47173;201500052437;15;7;3;2050;1;2;1;1;3;111;71, BOULEVARD VOLTAIRE;;;;750
47174;201500052438;15;7;7;935;1;2;1;1;4;111;97, BOULEVARD VOLTAIRE;;;;750
47175;201500052439;15;7;7;2325;5;2;2;1;3;111;48, AVENUE PARMENTIER;;;;750
47176;201500052440;15;7;9;1525;1;2;1;1;3;111;119, BOULEVARD VOLTAIRE;;;;750
47177;201500052441;15;7;9;1900;1;2;3;1;7;111;89, RUE DU FAUBOURG SAIN;;;;750
47178;201500052443;15;7;12;550;2;2;2;1;3;111;33, RUE SAINT MAUR;;;;750
47179;201500052444;15;7;13;100;5;2;2;1;6;111;1, RUE OBERKAMPF;;;;750
47180;201500052445;15;7;13;1635;1;2;1;8;3;111;21, RUE SEDAINE;;;;750
47181;201500052446;15;7;13;1835;1;2;7;1;2;111;12, PLACE DE LA BASTILLE;;;;750
47182;201500052447;15;7;14;355;5;2;2;1;3;111;115, AVENUE LEDRU ROLLIN;;;;750
47183;201500052448;15;7;15;1715;1;2;4;1;6;111;79, BOULEVARD DE BELLEVI;;;;750
47184;201500052449;15;7;17;1225;1;2;1;1;2;111;1, AVENUE PHILIPPE AUGUS;;;;750
47185;201500052450;15;7;20;145;5;2;2;9;3;111;126, AVENUE PARMENTIER;;;;750
47186;201500052451;15;7;20;1115;1;2;1;1;2;111;107, BOULEVARD VOLTAIRE;;;;750
47187;201500052452;15;7;22;1629;1;2;7;1;3;111;4, BOULEVARD RICHARD LEN;;;;750
47188;201500052453;15;7;24;1525;1;2;3;1;3;111;RUE DE MONTREUIL;;;;750
47189;201500052454;15;7;27;1000;1;2;2;1;2;111;9, BOULEVARD DE MENILMON;;;;750
47190;201500052455;15;7;29;1645;1;2;7;1;6;110;1, AVENUE PARMENTIER;;;;750
47191;201500052456;15;7;30;835;1;2;1;1;3;111;52, AVENUE DE LA REPUBLI;;;;750
47192;201500052457;15;8;4;750;1;2;2;1;3;111;22, RUE LACHARRIERE;;;;750
47193;201500052458;15;8;9;1010;1;2;2;2;3;112;40, BOULEVARD DIDEROT;;;;750
47194;201500052459;15;8;10;1320;1;2;2;1;7;111;24, BOULEVARD BEAUMARCHA;;;;750
47195;201500052460;15;8;12;1045;1;2;1;1;3;111;187, RUE DU FAUBOURG SAI;;;;750
47196;201500052461;15;8;13;1510;1;2;3;1;3;111;128, AVENUE PARMENTIER;;;;750
47197;201500052462;15;8;13;1625;1;2;7;1;3;111;15, PLACE DE LA NATION;;;;750
47198;201500052463;15;8;13;1845;1;2;2;7;7;111;31, RUE DU FAUBOURG SAI;;;;750
47199;201500052464;15;8;16;450;5;2;3;1;6;110;RUE DU FAUBOURG DU TEMPL;;;;750
47200;201500052465;15;8;19;820;1;2;1;1;3;111;84, AVENUE PHILIPPE AUGU;;;;750
47201;201500052466;15;8;21;1440;1;2;5;1;6;111;24, BOULEVARD RICHARD LE;;;;750
47202;201500052467;15;8;24;1135;1;2;7;2;6;111;3, PLACE LEON BLUM;;;;750
47203;201500052468;15;8;24;1935;2;2;3;2;3;111;93, AVENUE DE LA REPUBLI;;;;750
47204;201500052470;15;8;25;2155;5;2;1;9;3;111;70, BOULEVARD RICHARD LE;;;;750
47205;201500052471;15;8;26;1040;1;2;2;1;6;111;122, BOULEVARD VOLTAIRE;;;;750
47206;201500052472;15;8;26;1835;1;2;1;1;3;111;62, RUE DU CHEMIN VERT;;;;750
47207;201500052473;15;8;27;503;5;2;1;2;6;111;117, BOULEVARD VOLTAIRE;;;;750
47208;201500052474;15;8;28;1633;1;2;3;1;3;111;01, RUE SAINT AMBROISE;;;;750
47209;201500052476;15;9;1;940;1;2;7;1;3;111;166, AVENUE LEDRU ROLLIN;;;;750
47210;201500052477;15;9;3;127;5;2;2;1;6;111;207, BOULEVARD VOLTAIRE;;;;750
47211;201500052478;15;9;3;1915;1;2;3;1;3;111;159, RUE DE CHARONNE;;;;750
47212;201500052480;15;9;5;630;2;2;2;1;6;111;20, BOULEVARD RICHARD LE;;;;750
47213;201500052481;15;9;5;1940;2;2;3;2;3;111;76, AVENUE PARMENTIER;;;;750
47214;201500052482;15;9;5;1945;5;2;5;2;2;111;24, BOULEVARD RICHARD LE;;;;750
47215;201500052483;15;9;6;2115;5;2;2;1;6;111;69, RUE LEON FROT;;;;750
47216;201500052485;15;9;9;920;1;2;1;1;6;111;132, RUE SAINT MAUR;;;;750