;Num_Acc;an;mois;jour;hrmn;lum;agg;int;atm;col;com;adr;gps;lat;long;dep
47217;201500052486;15;9;9;1700;1;2;2;1;3;111;AVENUE DE LA REPUBLIQUE;;;;750
47218;201500052487;15;9;10;1050;1;2;2;1;6;111;47, RUE DE LA ROQUETTE;;;;750
47219;201500052488;15;9;11;1712;1;2;3;1;3;111;82, BOULEVARD VOLTAIRE;;;;750
47220;201500052490;15;9;12;1845;1;2;1;8;3;111;116, BOULEVARD RICHARD L;;;;750
47221;201500052491;15;9;15;1810;1;2;7;1;3;111;113, RUE DE LA ROQUETTE;;;;750
47222;201500052492;15;9;17;1550;1;2;1;8;3;111;63, BOULEVARD VOLTAIRE;;;;750
47223;201500052493;15;9;18;1220;1;2;5;1;6;111;19, RUE DU CHEMIN VERT;;;;750
47224;201500052494;15;9;18;1545;1;2;3;3;2;111;160, BOULEVARD VOLTAIRE;;;;750
47225;201500052495;15;9;19;1250;1;2;7;1;3;111;8, PLACE DE LA REPUBLIQU;;;;750
47226;201500052496;15;9;19;1740;1;2;1;1;3;111;95, AVENUE LEDRU ROLLIN;;;;750
47227;201500052497;15;9;19;1545;1;2;3;1;7;111;57, RUE SAINT MAUR;;;;750
47228;201500052499;15;9;19;445;5;2;7;1;6;111;PLACE DE LA NATION;;;;750
47229;201500052500;15;9;21;940;1;2;3;1;6;111;103, AVENUE DE LA REPUBL;;;;750
47230;201500052501;15;9;22;20;5;2;1;2;2;111;56, AVENUE DE LA REPUBLI;;;;750
47231;201500052502;15;9;23;1920;5;2;1;1;3;111;154, AVENUE LEDRU ROLLIN;;;;750
47232;201500052503;15;9;23;2240;5;2;2;1;3;111;55, AVENUE PARMENTIER;;;;750
47233;201500052505;15;9;25;2225;5;2;2;1;3;111;26, BOULEVARD DES FILLES;;;;750
47234;201500052506;15;9;28;750;1;2;2;1;3;111;138, BOULEVARD RICHARD L;;;;750
47235;201500052507;15;9;29;1150;1;2;2;1;6;111;101, RUE DU CHEMIN VERT;;;;750
47236;201500052508;15;9;29;1820;1;2;3;1;2;111;16, BOULEVARD DES FILLES;;;;750
47237;201500052509;15;9;29;1240;1;2;1;1;2;111;247, RUE DU FAUBOURG SAI;;;;750
47238;201500052510;15;9;30;1620;1;2;5;1;2;111;251, BOULEVARD VOLTAIRE;;;;750
47239;201500052512;15;10;2;855;1;2;4;7;6;111;124, AVENUE DE LA REPUBL;;;;750
47240;201500052513;15;10;2;1700;1;2;3;1;6;111;183, RUE DE CHARONNE;;;;750
47241;201500052514;15;10;3;1950;2;2;3;1;3;111;5, RUE DU FAUBOURG SAINT;;;;750
47242;201500052515;15;10;7;1155;1;2;3;1;2;111;21, AVENUE PARMENTIER;;;;750
47243;201500052516;15;10;7;1945;4;2;1;1;3;111;51 BIS, AVENUE DE LA REP;;;;750
47244;201500052517;15;10;9;1000;1;2;5;1;6;111;104, AVENUE PARMENTIER;;;;750
47245;201500052518;15;10;6;915;1;2;3;2;7;111;51 BIS, RUE DE LA ROQUET;;;;750
47246;201500052519;15;10;10;1650;1;2;1;1;6;111;51, RUE DE LAPPE;;;;750
47247;201500052520;15;10;10;2245;5;2;1;1;3;111;84, AVENUE PHILIPPE AUGU;;;;750
47248;201500052523;15;10;13;1650;1;2;2;1;6;111;7 bis, RUE DES TROIS BOR;;;;750
47249;201500052525;15;10;14;1745;1;2;1;1;3;111;104, BOULEVARD RICHARD L;;;;750
47250;201500052526;15;10;15;1530;1;2;2;1;3;111;81, BOULEVARD DE CHARONN;;;;750
47251;201500052527;15;10;15;1900;5;2;2;1;6;111;42 bis, BOULEVARD RICHAR;;;;750
47252;201500052528;15;10;20;1500;1;2;1;1;3;111;23, BOULEVARD VOLTAIRE;;;;750
47253;201500052529;15;10;22;1225;1;2;2;2;6;111;3, CITE DES TROIS BORNES;;;;750
47254;201500052530;15;10;22;1600;1;2;1;1;4;111;12, RUE ALEXANDRE DUMAS;;;;750
47255;201500052531;15;10;22;2045;5;2;7;2;7;111;2, PLACE LEON BLUM;;;;750
47256;201500052532;15;10;23;1225;1;2;2;1;2;111;81, BOULEVARD DE MENILMO;;;;750
47257;201500052533;15;10;23;1600;1;2;2;1;2;111;93, AVENUE LEDRU ROLLIN;;;;750
47258;201500052534;15;10;24;2115;5;2;7;1;3;112;21, PLACE DE LA NATION;;;;750
47259;201500052535;15;10;27;1900;4;2;7;2;3;111;1, AVENUE PHILIPPE AUGUS;;;;750
47260;201500052538;15;11;2;825;1;2;3;1;3;111;91, AVENUE DE LA REPUBLI;;;;750
47261;201500052539;15;11;2;855;1;2;1;1;3;111;155, RUE DU FAUBOURG SAI;;;;750
47262;201500052541;15;11;2;1728;5;2;2;1;3;111;76, RUE DE CHARONNE;;;;750
47263;201500052542;15;11;5;100;5;2;7;1;2;111;7, PLACE DE LA NATION;;;;750
47264;201500052543;15;11;7;845;1;2;3;1;3;111;111, BOULEVARD DE MENILM;;;;750
47265;201500052544;15;11;7;1825;5;2;1;1;3;111;4, AVENUE PARMENTIER;;;;750
47266;201500052545;15;11;8;1625;1;2;2;1;3;111;42, RUE DE MALTE;;;;750
47267;201500052546;15;11;11;2050;5;2;2;1;3;111;82, RUE DE LA FOLIE MERI;;;;750
47268;201500052547;15;11;11;2154;5;2;3;2;3;111;BOULEVARD BEAUMARCHAIS;;;;750
47269;201500052548;15;11;12;1415;1;2;5;8;3;111;237, RUE DU FAUBOURG SAI;;;;750
47270;201500052549;15;11;12;1510;1;2;5;1;3;111;303, RUE DU FAUBOURG SAI;;;;750
47271;201500052550;15;11;13;1950;5;2;5;1;7;111;163, AVENUE LEDRU ROLLIN;;;;750
47272;201500052551;15;11;16;200;5;2;3;1;6;111;53 BIS, RUE DE LA ROQUET;;;;750
47273;201500052552;15;11;13;2100;5;2;2;1;3;111;19, RUE AMELOT;;;;750
47274;201500052554;15;11;18;1540;1;2;3;1;6;111;166 BIS, RUE DE LA ROQUE;;;;750
47275;201500052556;15;11;18;1215;1;2;3;1;2;111;103, AVENUE DE LA REPUBL;;;;750
47276;201500052557;15;11;20;925;1;2;2;3;7;111;RUE DE CHARONNE;;;;750
47277;201500052558;15;11;20;1500;1;2;3;2;6;111;168, RUE DE CHARONNE;;;;750
47278;201500052559;15;11;21;610;5;2;1;1;6;111;62, AVENUE PARMENTIER;;;;750
47279;201500052560;15;11;21;1250;1;2;2;8;3;111;41, AVENUE DE LA REPUBLI;;;;750
47280;201500052561;15;11;21;2010;5;2;2;1;3;111;174, BOULEVARD VOLTAIRE;;;;750
47281;201500052562;15;11;22;1645;1;2;2;1;3;111;05, PLACE DE LA NATION;;;;750
47282;201500052563;15;11;23;1750;5;2;7;1;3;111;9, PLACE DE LA NATION;;;;750
47283;201500052565;15;11;24;935;1;2;2;1;3;111;44, RUE JEAN PIERRE TIMB;;;;750
47284;201500052567;15;11;24;1900;5;2;3;2;3;111;111, BOULEVARD DE MENILM;;;;750
47285;201500052568;15;11;25;1110;1;2;2;2;2;111;97, AVENUE PHILIPPE AUGU;;;;750
47286;201500052569;15;11;26;950;1;2;2;1;6;111;49, BOULEVARD VOLTAIRE;;;;750
47287;201500052570;15;11;26;2325;5;2;2;1;3;111;RUE SAINT MAUR;;;;750
47288;201500052571;15;11;27;810;1;2;3;1;6;111;213, BOULEVARD VOLTAIRE;;;;750
47289;201500052572;15;11;27;1955;5;2;2;2;6;111;20, BOULEVARD VOLTAIRE;;;;750
47290;201500052573;15;11;28;945;1;2;2;1;3;111;10, RUE CAMILLE DESMOULI;;;;750
47291;201500052574;15;11;28;1220;1;2;1;1;2;111;22, BOULEVARD BEAUMARCHA;;;;750
47292;201500052576;15;11;29;1510;1;2;2;1;6;111;42, BOULEVARD RICHARD LE;;;;750
47293;201500052577;15;12;1;1330;1;2;2;8;6;111;2, RUE DU FAUBOURG DU TE;;;;750
47294;201500052579;15;12;4;1815;5;2;2;1;6;112;133, RUE DU FAUBOURG SAI;;;;750
47295;201500052580;15;12;5;520;5;2;4;1;6;111;90, BOULEVARD VOLTAIRE;;;;750
47296;201500052581;15;12;6;2045;5;2;1;1;6;111;148, RUE DU CHEMIN VERT;;;;750
47297;201500052582;15;12;7;950;1;2;1;1;3;111;108, AVENUE DE LA REPUBL;;;;750
47298;201500052583;15;12;8;835;1;2;2;1;2;111;25, BOULEVARD VOLTAIRE;;;;750
47299;201500052584;15;12;8;1435;1;2;1;3;6;111;21, BOULEVARD RICHARD LE;;;;750
47300;201500052585;15;12;8;1640;2;2;4;2;6;111;114, AVENUE DE LA REPUBL;;;;750
47301;201500052587;15;12;10;2200;5;2;7;1;6;111;VISAVIS 1, BOULEVARD BEA;;;;750
47302;201500052588;15;12;11;1755;5;2;3;2;3;111;183, RUE DU FAUBOURG SAI;;;;750
47303;201500052589;15;12;14;1725;5;2;2;1;6;111;109, RUE SAINT MAUR;;;;750
47304;201500052590;15;12;15;1125;1;2;1;2;7;111;82, AVENUE PARMENTIER;;;;750
47305;201500052591;15;12;16;1000;1;2;1;9;1;111;174, RUE DE CHARONNE;;;;750
47306;201500052592;15;12;17;350;5;2;3;1;3;111;45, AVENUE PARMENTIER;;;;750
47307;201500052594;15;12;19;1215;1;2;3;1;6;111;164, RUE DE LA ROQUETTE;;;;750
47308;201500052596;15;12;23;1000;1;2;3;1;7;111;125, AVENUE PARMENTIER;;;;750
47309;201500052597;15;12;23;1435;1;2;1;1;6;111;56, RUE DU CHEMIN VERT;;;;750
47310;201500052598;15;12;23;1520;1;2;2;1;3;111;15, AVENUE DE LA REPUBLI;;;;750
47311;201500052599;15;12;26;1500;1;2;3;1;6;111;17, RUE DE CHARONNE;;;;750
47312;201500052600;15;12;27;615;5;2;3;1;2;111;51 bis, RUE DE LA ROQUET;;;;750
47313;201500052601;15;12;27;1220;1;2;2;1;3;111;40, BOULEVARD VOLTAIRE;;;;750
47314;201500052603;15;1;1;1500;1;2;2;1;3;112;74, AVENUE DE SAINT MAUR;;;;750
47315;201500052604;15;1;2;1235;1;2;2;2;3;112;14, AVENUE DAUMESNIL;;;;750
47316;201500052605;15;1;3;1030;1;2;5;2;3;112;20, AVENUE DAUMESNIL;;;;750
47317;201500052606;15;1;4;1648;2;2;1;1;6;112;ROUTE DE LA PYRAMIDE;;;;750
47318;201500052607;15;1;5;1710;1;2;1;1;6;112;15, BOULEVARD DE PICPUS;;;;750
47319;201500052608;15;1;8;1340;1;2;3;2;6;112;50, BOULEVARD DE LA BAST;;;;750
47320;201500052609;15;1;9;1100;1;2;1;2;3;112;., BOULEVARD DE LA GUYAN;;;;750
47321;201500052610;15;1;11;140;5;2;2;8;1;112;48, AVENUE DU GENERAL MI;;;;750
47322;201500052611;15;1;10;1930;5;2;1;1;6;112;AVENUE DE NOGENT;;;;750
47323;201500052612;15;1;11;1940;5;2;1;1;6;112;38, RUE DE REUILLY;;;;750
47324;201500052613;15;1;12;1010;1;2;2;1;3;112;116, COURS DE VINCENNES;;;;750
47325;201500052614;15;1;13;1350;1;2;3;8;3;112;86, BOULEVARD PONIATOWSK;;;;750
47326;201500052615;15;1;13;925;1;2;3;1;6;111;35, RUE SAINT MAUR;;;;750
47327;201500052616;15;1;14;1330;1;2;1;1;3;112;296, RUE DE CHARENTON;;;;750
47328;201500052617;15;1;17;1600;1;2;2;1;6;112;100, RUE DU FAUBOURG SAI;;;;750
47329;201500052618;15;1;22;815;1;2;5;1;3;112;AVENUE DE NOGENT;;;;750
47330;201500052619;15;1;23;1520;1;2;7;1;6;112;RUE DU FAUBOURG SAINT AN;;;;750
47331;201500052620;15;1;21;1350;1;2;7;2;2;112;12, PLACE DE LA NATION;;;;750
47332;201500052621;15;1;26;1625;1;2;2;2;2;112;42, AVENUE DAUMESNIL;;;;750
47333;201500052623;15;1;29;1230;1;2;1;2;3;112;38, RUE TAINE;;;;750
47334;201500052624;15;1;29;1755;5;2;1;2;6;112;104, AVENUE DU GENERAL M;;;;750
47335;201500052626;15;1;31;20;5;2;2;2;5;112;AVENUE DE NOGENT;;;;750
47336;201500052628;15;2;2;730;2;2;2;4;6;112;56, RUE DE WATTIGNIES;;;;750
47337;201500052629;15;2;4;1815;5;2;1;1;3;112;26, BOULEVARD DE LA GUYA;;;;750
47338;201500052630;15;2;4;2300;5;2;2;1;3;112;BOULEVARD DIDEROT;;;;750
47339;201500052631;15;2;6;1415;1;2;3;1;3;112;219, AVENUE DAUMESNIL;;;;750
47340;201500052632;15;2;6;1930;3;2;1;1;6;112;47, BOULEVARD DE REUILLY;;;;750
47341;201500052633;15;2;7;905;1;2;4;1;6;112;RUE ESCOFFIER;;;;750
47342;201500052634;15;2;8;35;5;2;2;1;3;112;AVENUE DAUMESNIL;;;;750
47343;201500052635;15;2;12;1715;1;2;3;1;6;112;AVENUE DAUMESNIL;;;;750
47344;201500052636;15;2;13;1550;1;2;3;1;2;112;35, AVENUE COURTELINE;;;;750
47345;201500052637;15;2;14;1302;1;2;3;2;2;112;311, RUE DE CHARENTON;;;;750
47346;201500052638;15;2;15;1335;1;2;7;1;2;112;AVENUE DE JOINVILLE;;;;750
47347;201500052639;15;2;17;745;1;2;7;2;6;112;ROUTE DE LA FERME;;;;750
47348;201500052640;15;2;17;1835;5;2;1;1;3;112;18, QUAI DE LA RAPEE;;;;750
47349;201500052641;15;2;17;2015;5;2;2;1;6;112;43, BOULEVARD DIDEROT;;;;750
47350;201500052642;15;2;18;925;1;2;2;1;6;112;237, RUE DE CHARENTON;;;;750
47351;201500052643;15;2;20;1250;1;2;1;2;3;112;12, RUE VAN GOGH;;;;750
47352;201500052644;15;2;24;1450;1;2;1;7;2;112;40, RUE TAINE;;;;750
47353;201500052645;15;2;25;900;1;2;1;2;6;112;13, RUE VILLIOT;;;;750
47354;201500052646;15;2;25;1845;5;2;3;2;3;112;101, RUE DE REUILLY;;;;750
47355;201500052647;15;2;26;1715;1;2;2;2;3;112;271, AVENUE DAUMESNIL;;;;750
47356;201500052648;15;2;26;2240;5;2;2;1;6;112;74, BOULEVARD DIDEROT;;;;750
47357;201500052649;15;2;27;1520;1;2;2;1;3;112;50, BOULEVARD DIDEROT;;;;750
47358;201500052650;15;3;1;1800;1;2;1;1;4;112;22, AVENUE DAUMESNIL;;;;750
47359;201500052652;15;3;3;40;5;2;7;1;7;112;ESPLANADE SAINT LOUIS;;;;750
47360;201500052653;15;3;4;1610;1;2;2;1;4;112;84, QUAI DE LA RAPEE;;;;750
47361;201500052654;15;3;5;105;5;2;3;1;3;112;188, AVENUE DAUMESNIL;;;;750
47362;201500052655;15;3;5;1025;1;2;1;1;6;112;50, RUE DE PICPUS;;;;750
47363;201500052656;15;3;5;1200;1;2;1;1;2;112;ROUTE DE CEINTURE DU LAC;;;;750
47364;201500052657;15;3;6;1430;1;2;1;1;6;112;BOULEVARD DE BERCY;;;;750
47365;201500052658;15;3;6;1730;1;2;3;1;6;112;237, AVENUE DAUMESNIL;;;;750
47366;201500052659;15;3;7;450;5;2;1;1;6;112;ROUTE DE CEINTURE DU LAC;;;;750
47367;201500052660;15;3;8;1940;5;2;2;1;3;112;25, AVENUE DU GENERAL MI;;;;750
47368;201500052661;15;3;9;1810;1;2;2;1;3;112;BOULEVARD DIDEROT;;;;750
47369;201500052662;15;3;9;1350;1;2;3;1;3;111;155, RUE DU FAUBOURG SAI;;;;750
47370;201500052663;15;3;10;930;1;2;1;1;6;112;AVENUE DE LA PORTE DE CH;;;;750
47371;201500052665;15;3;10;1725;1;2;4;1;4;112;QUAI DE BERCY;;;;750
47372;201500052666;15;3;10;1900;5;2;4;1;3;112;0, ROUTE DE LA GERBE;;;;750
47373;201500052668;15;3;11;1200;1;2;2;1;6;112;69, RUE DE CHARENTON;;;;750
47374;201500052669;15;3;12;910;1;2;1;1;3;112;65, AVENUE DE SAINT MAND;;;;750
47375;201500052670;15;3;12;1850;5;2;2;1;4;112;14, AVENUE DAUMESNIL;;;;750
47376;201500052671;15;3;12;2000;5;2;1;1;5;112;124, BOULEVARD DIDEROT;;;;750
47377;201500052672;15;3;12;2030;5;2;1;1;6;112;08, RUE DE PRAGUE;;;;750
47378;201500052673;15;3;13;2000;5;2;3;1;3;112;220, RUE DU FAUBOURG SAI;;;;750
47379;201500052674;15;3;14;1600;1;2;1;1;6;118;118, BOULEVARD DE ROCHEC;;;;750
47380;201500052675;15;3;14;2205;5;2;4;1;3;112;RUE DU FAUBOURG SAINT AN;;;;750
47381;201500052676;15;3;17;910;1;2;2;1;3;112;AVENUE LEDRU ROLLIN;;;;750
47382;201500052677;15;3;17;1210;1;2;1;1;6;112;16, RUE DU FAUBOURG SAIN;;;;750
47383;201500052678;15;3;17;1320;1;2;1;1;3;112;45, AVENUE DU DOCTEUR AR;;;;750
47384;201500052679;15;3;18;45;5;2;1;1;6;112;QUAI DE BERCY;;;;750
47385;201500052680;15;3;18;1245;1;2;2;1;6;112;55, RUE DE PICPUS;;;;750
47386;201500052681;15;3;20;1510;1;2;1;1;6;112;112, COURS DE VINCENNES;;;;750
47387;201500052682;15;3;20;1620;1;2;2;1;3;112;62, BOULEVARD DE BERCY;;;;750
47388;201500052683;15;3;22;1540;1;2;1;1;3;112;75, AVENUE LEDRU ROLLIN;;;;750
47389;201500052684;15;3;24;1105;1;2;3;1;6;112;6, RUE D ALIGRE;;;;750
47390;201500052685;15;3;24;2010;5;2;2;2;6;112;93, RUE DE REUILLY;;;;750
47391;201500052686;15;3;26;1105;1;2;3;2;6;112;35 Bis, RUE DE REUILLY;;;;750
47392;201500052688;15;3;27;1135;1;2;1;1;6;112;27, BOULEVARD DE REUILLY;;;;750
47393;201500052689;15;3;27;2145;5;2;7;1;6;112;3, PLACE LACHAMBEAUDIE;;;;750
47394;201500052690;15;3;28;1035;1;2;3;2;2;112;271, AVENUE DAUMESNIL;;;;750
47395;201500052691;15;3;29;1100;1;2;5;2;6;112;109, BOULEVARD SOULT;;;;750
47396;201500052693;15;4;1;1600;1;2;4;1;2;112;14, BOULEVARD DE LA BAST;;;;750
47397;201500052694;15;4;3;125;5;2;2;1;3;112;RUE DE CHARENTON;;;;750
47398;201500052695;15;4;3;2045;5;2;5;2;6;112;279, AVENUE DAUMESNIL;;;;750
47399;201500052696;15;4;4;150;5;2;5;2;3;112;AVENUE DAUMESNIL;;;;750
47400;201500052697;15;4;4;2302;5;2;7;1;3;112;ROUTE DE LA PYRAMIDE;;;;750
47401;201500052698;15;4;6;1330;1;2;5;1;6;112;QUAI DE LA RAPEE;;;;750
47402;201500052700;15;4;8;900;1;2;2;1;3;112;43, BOULEVARD DE PICPUS;;;;750
47403;201500052702;15;4;10;1825;1;2;2;1;3;112;24, RUE CHALIGNY;;;;750
47404;201500052703;15;4;11;1755;1;2;5;2;7;112;238, QUAI DE BERCY;;;;750
47405;201500052704;15;4;13;825;1;2;5;1;2;112;20, BOULEVARD PONIATOWSK;;;;750
47406;201500052705;15;4;13;930;1;2;1;1;3;112;ROUTE DE CEINTURE DU LAC;;;;750
47407;201500052706;15;4;13;1745;1;2;2;1;6;112;137, BOULEVARD SOULT;;;;750
47408;201500052707;15;4;13;1840;2;2;1;1;3;112;28, BOULEVARD CARNOT;;;;750
47409;201500052708;15;4;14;910;1;2;1;1;3;112;15, RUE HECTOR MALOT;;;;750
47410;201500052709;15;4;15;1615;1;2;1;1;7;112;RUE DES PIROGUES DE BERC;;;;750
47411;201500052710;15;4;15;1330;1;2;2;1;3;112;24, RUE CROZATIER;;;;750
47412;201500052711;15;4;16;1750;1;2;1;1;6;112;8, RUE FERNAND FOUREAU;;;;750
47413;201500052712;15;4;17;1115;1;2;2;1;3;112;QUAI DE BERCY;;;;750
47414;201500052713;15;4;17;1720;1;2;5;1;3;112;BOULEVARD SOULT;;;;750
47415;201500052714;15;4;18;1610;1;2;3;1;7;112;BOULEVARD PONIATOWSKI;;;;750
47416;201500052715;15;4;19;1440;1;2;2;1;7;112;BOULEVARD DE BERCY;;;;750
47417;201500052717;15;4;22;2130;5;2;1;1;6;112;137, BOULEVARD DIDEROT;;;;750
47418;201500052718;15;4;26;1130;1;2;2;2;3;112;1, BOULEVARD DE REUILLY;;;;750
47419;201500052719;15;4;27;830;1;2;1;1;6;112;86, COURS DE VINCENNES;;;;750
47420;201500052720;15;4;27;915;1;2;1;1;2;112;1, AVENUE DE GRAVELLE;;;;750
47421;201500052721;15;4;28;1235;1;2;1;1;7;111;81 BIS, RUE JEAN PIERRE;;;;750
47422;201500052722;15;4;29;1705;1;2;2;1;3;112;98, QUAI DE LA RAPEE;;;;750
47423;201500052723;15;4;29;1940;1;2;1;8;4;112;PONT D AUSTERLITZ;;;;750
47424;201500052724;15;4;30;830;1;2;1;3;2;112;30, BOULEVARD CARNOT;;;;750
47425;201500052726;15;4;30;1200;1;2;3;2;6;112;BOULEVARD DE PICPUS;;;;750
47426;201500052727;15;4;30;1415;1;2;1;2;2;112;AVENUE DAUMESNIL;;;;750
47427;201500052728;15;4;30;1710;1;2;1;2;3;112;ROUTE DE CEINTURE DU LAC;;;;750
47428;201500052729;15;4;30;2030;4;2;2;3;6;112;62, BOULEVARD DE BERCY;;;;750
47429;201500052730;15;4;30;2205;5;2;2;3;3;112;43, RUE CROZATIER;;;;750
47430;201500052731;15;5;1;415;5;2;1;3;6;112;RUE DU FAUBOURG SAINT AN;;;;750
47431;201500052732;15;5;1;1505;1;2;1;3;7;112;22, RUE DE COTTE;;;;750
47432;201500052733;15;5;1;2150;5;2;2;2;6;112;55, AVENUE LEDRU ROLLIN;;;;750
47433;201500052734;15;5;2;1735;1;2;7;2;3;112;RUE BARON LE ROY;;;;750
47434;201500052735;15;5;3;1340;1;2;1;2;6;112;71, BOULEVARD DE REUILLY;;;;750
47435;201500052736;15;5;6;735;1;2;1;1;2;112;37, AVENUE LEDRU ROLLIN;;;;750
47436;201500052737;15;5;1;1535;1;2;3;1;2;112;48, RUE BARON LE ROY;;;;750
47437;201500052739;15;5;9;1630;1;2;7;1;3;112;PLACE DE LA BASTILLE;;;;750
47438;201500052740;15;5;9;2205;5;2;1;1;1;112;248, RUE DE CHARENTON;;;;750
47439;201500052741;15;5;12;1500;1;2;1;1;3;112;AVENUE DE SAINT MAURICE;;;;750
47440;201500052742;15;5;13;1135;1;2;7;1;6;112;20, PLACE DE LA NATION;;;;750
47441;201500052743;15;5;13;1345;1;2;1;1;6;112;BOULEVARD PONIATOWSKI;;;;750
47442;201500052744;15;5;13;1730;1;2;1;1;3;112;26, RUE D ALIGRE;;;;750
47443;201500052745;15;5;13;1844;1;2;5;1;6;112;RUE DE LYON;;;;750
47444;201500052746;15;5;14;55;5;2;3;1;6;112;5, RUE ERARD;;;;750
47445;201500052747;15;5;15;915;1;2;2;1;6;112;100, RUE DE PICPUS;;;;750
47446;201500052748;15;5;15;1330;1;2;1;1;6;112;206, RUE DU FAUBOURG SAI;;;;750
47447;201500052749;15;5;16;15;5;2;3;1;1;112;78, RUE DE REUILLY;;;;750
47448;201500052750;15;5;16;755;1;2;3;1;6;112;18, RUE DE PICPUS;;;;750
47449;201500052751;15;5;18;900;1;2;3;1;3;112;61, BOULEVARD DIDEROT;;;;750
47450;201500052752;15;5;20;755;1;2;2;1;2;112;128, AVENUE DAUMESNIL;;;;750
47451;201500052753;15;5;20;1730;1;2;3;1;6;112;212, RUE DE CHARENTON;;;;750
47452;201500052754;15;5;22;1600;1;2;3;1;2;112;QUAI DE BERCY;;;;750
47453;201500052755;15;5;26;1053;1;2;1;1;4;112;QUAI DE BERCY;;;;750
47454;201500052756;15;5;28;1320;1;2;1;1;6;112;195, RUE DE CHARENTON;;;;750
47455;201500052757;15;5;28;1630;1;2;1;1;6;112;205, AVENUE DAUMESNIL;;;;750
47456;201500052758;15;5;29;1020;1;2;1;1;6;112;ROUTE DE CEINTURE DU LAC;;;;750
47457;201500052759;15;5;30;2320;5;2;2;1;2;112;BOULEVARD DIDEROT;;;;750
47458;201500052760;15;6;1;2145;5;2;1;1;6;112;102, AVENUE DE SAINT MAN;;;;750
47459;201500052761;15;6;2;1640;1;2;1;1;4;112;00, QUAI DE BERCY;;;;750
47460;201500052762;15;6;3;840;1;2;2;1;6;112;10, RUE DE REUILLY;;;;750
47461;201500052763;15;6;3;1210;1;2;3;1;2;112;94, QUAI DE LA RAPEE;;;;750
47462;201500052764;15;6;4;840;1;2;5;1;3;112;AVENUE DE GRAVELLE;;;;750
47463;201500052765;15;6;6;110;5;2;1;1;2;112;ROUTE DE LA PYRAMIDE;;;;750
47464;201500052767;15;6;8;1725;1;2;3;1;6;112;BOULEVARD PONIATOWSKI;;;;750
47465;201500052768;15;6;8;1740;1;2;1;1;6;112;205 BIS, AVENUE DAUMESNI;;;;750
47466;201500052769;15;6;8;2240;5;2;5;1;1;112;AVENUE DU DOCTEUR ARNOLD;;;;750
47467;201500052770;15;6;9;1040;1;2;2;1;6;112;BOULEVARD PONIATOWSKI;;;;750
47468;201500052771;15;6;11;1300;1;2;4;1;6;112;19, RUE DE PRAGUE;;;;750
47469;201500052772;15;6;12;855;1;2;1;1;6;112;QUAI DE BERCY;;;;750
47470;201500052773;15;6;12;915;1;2;2;1;6;112;14, RUE DE RAMBOUILLET;;;;750
47471;201500052774;15;6;13;225;5;2;4;1;3;112;ROUTE DE LA FERME;;;;750
47472;201500052775;15;6;13;1400;1;2;1;1;6;112;49, RUE DU SAHEL;;;;750
47473;201500052776;15;6;14;325;5;2;1;1;6;112;102, BOULEVARD DIDEROT;;;;750
47474;201500052777;15;6;14;1030;1;2;2;1;7;112;BOULEVARD DE LA GUYANE;;;;750
47475;201500052778;15;6;15;1955;1;2;2;1;3;112;, RUE PARROT;;;;750
47476;201500052779;15;6;16;1445;1;2;2;1;6;112;QUAI DE BERCY;;;;750
47477;201500052780;15;6;17;1500;1;2;3;1;3;112;180, AVENUE DAUMESNIL;;;;750
47478;201500052781;15;6;18;745;1;2;1;8;6;112;ROUTE DE LA PYRAMIDE;;;;750
47479;201500052782;15;6;23;2025;1;2;2;1;6;112;40, AVENUE DAUMESNIL;;;;750
47480;201500052783;15;6;24;2125;1;2;1;1;2;112;58, BOULEVARD DE REUILLY;;;;750
47481;201500052784;15;6;26;1338;1;2;1;1;6;112;75, RUE DE LYON;;;;750
47482;201500052785;15;6;26;1755;1;2;2;1;3;112;82, COURS DE VINCENNES;;;;750
47483;201500052786;15;6;27;1710;1;2;4;1;4;112;178, AVENUE DAUMESNIL;;;;750
47484;201500052787;15;6;28;2150;5;2;1;1;1;112;AVENUE DE NOGENT;;;;750
47485;201500052788;15;6;30;930;1;2;1;1;6;112;38, RUE BARON LE ROY;;;;750
47486;201500052789;15;6;30;1726;1;2;3;1;6;112;115, BOULEVARD SOULT;;;;750
47487;201500052790;15;6;30;2100;1;2;1;1;6;112;AVENUE DES TERROIRS DE F;;;;750
47488;201500052791;15;6;30;2250;5;2;1;1;6;112;SOUTERRAIN CHALON;;;;750
47489;201500052792;15;7;1;305;5;2;5;1;3;112;RUE DU FAUBOURG SAINT AN;;;;750
47490;201500052793;15;7;1;1530;1;2;4;1;6;112;RUE DU GENERAL DE LANGLE;;;;750
47491;201500052794;15;7;1;1930;1;2;1;1;3;112;30, AVENUE DE SAINT MAND;;;;750
47492;201500052795;15;7;2;2230;5;2;2;1;3;112;BOULEVARD DIDEROT;;;;750
47493;201500052796;15;7;3;1305;1;2;7;1;2;112;AVENUE DAUMESNIL;;;;750
47494;201500052797;15;7;3;1830;1;2;1;1;3;112;166, BOULEVARD DIDEROT;;;;750
47495;201500052798;15;7;4;1630;1;2;3;1;3;112;73, RUE DE LYON;;;;750
47496;201500052799;15;7;5;40;5;2;1;1;6;112;55, RUE DE LYON;;;;750
47497;201500052800;15;7;6;1540;1;2;3;1;6;112;100, AVENUE DAUMESNIL;;;;750
47498;201500052801;15;7;6;1830;1;2;5;1;3;112;AVENUE DE NOGENT;;;;750
47499;201500052802;15;7;6;2050;1;2;5;1;3;112;BOULEVARD PONIATOWSKI;;;;750
47500;201500052803;15;7;7;1130;1;2;1;1;3;111;83, RUE SEDAINE;;;;750