;Num_Acc;an;mois;jour;hrmn;lum;agg;int;atm;col;com;adr;gps;lat;long;dep
47501;201500052804;15;7;7;1600;1;2;1;1;6;112;AVENUE COURTELINE;;;;750
47502;201500052805;15;7;9;1800;1;2;4;1;3;112;AVENUE DE SAINT MAURICE;;;;750
47503;201500052806;15;7;12;1715;1;2;5;1;3;112;43, AVENUE DU GENERAL MI;;;;750
47504;201500052807;15;7;14;1410;1;2;1;1;6;112;BOULEVARD PONIATOWSKI;;;;750
47505;201500052808;15;7;14;2310;5;2;3;1;3;112;RUE DE CHARENTON;;;;750
47506;201500052809;15;7;15;1735;1;2;7;1;3;112;SQUARE COURTELINE;;;;750
47507;201500052810;15;7;16;1520;1;2;1;1;3;112;212, AVENUE DAUMESNIL;;;;750
47508;201500052811;15;7;16;1340;1;2;2;1;6;112;11, AVENUE DU TREMBLAY;;;;750
47509;201500052812;15;7;17;1820;1;2;2;1;2;112;131, BOULEVARD DIDEROT;;;;750
47510;201500052814;15;7;20;1640;1;2;2;1;3;112;71, AVENUE LEDRU ROLLIN;;;;750
47511;201500052815;15;7;21;900;1;2;2;1;3;112;276, AVENUE DAUMESNIL;;;;750
47512;201500052816;15;7;23;230;5;2;5;1;2;112;117, BOULEVARD SOULT;;;;750
47513;201500052817;15;7;23;450;5;2;5;1;6;112;/, QUAI DE LA RAPEE;;;;750
47514;201500052818;15;7;25;605;1;2;1;1;6;112;ROUTE DE LA PYRAMIDE;;;;750
47515;201500052819;15;7;25;1845;1;2;1;1;6;112;191, RUE DE BERCY;;;;750
47516;201500052820;15;7;26;1410;1;2;1;2;6;111;180, RUE DU FAUBOURG SAI;;;;750
47517;201500052821;15;7;28;745;1;2;2;8;3;112;76, AVENUE LEDRU ROLLIN;;;;750
47518;201500052822;15;7;28;906;1;2;5;8;3;112;/, BOULEVARD SOULT;;;;750
47519;201500052823;15;7;28;2100;2;2;7;2;6;112;2, PLACE FELIX EBOUE;;;;750
47520;201500052824;15;7;29;950;1;2;7;1;7;112;ROUTE DE LA PYRAMIDE;;;;750
47521;201500052825;15;7;31;910;1;2;3;1;3;112;120, RUE DE LYON;;;;750
47522;201500052826;15;8;4;550;5;2;1;3;7;112;QUAI DE BERCY;;;;750
47523;201500052827;15;8;4;945;1;2;2;1;3;112;/, RUE DE CHARENTON;;;;750
47524;201500052828;15;8;4;1140;1;2;5;1;3;112;341, RUE DE CHARENTON;;;;750
47525;201500052829;15;8;4;1730;1;2;7;1;6;112;4, RUE ERARD;;;;750
47526;201500052830;15;8;5;820;1;2;5;1;6;112;BOULEVARD PONIATOWSKI;;;;750
47527;201500052831;15;8;6;825;1;2;3;1;3;112;AVENUE DES MINIMES;;;;750
47528;201500052832;15;8;8;1445;1;2;1;1;3;112;15, AVENUE DAUMESNIL;;;;750
47529;201500052833;15;8;11;1435;1;2;3;1;6;112;BOULEVARD PONIATOWSKI;;;;750
47530;201500052834;15;8;13;1315;1;2;1;1;6;112;80, AVENUE DE SAINT MAND;;;;750
47531;201500052835;15;8;17;2020;2;2;4;1;3;112;BOULEVARD PERIPHERIQUE;;;;750
47532;201500052836;15;8;18;930;1;2;2;8;3;112;AVENUE DE NOGENT;;;;750
47533;201500052837;15;8;21;1400;1;2;3;1;6;112;RUE DU GENERAL DE LANGLE;;;;750
47534;201500052838;15;8;22;1840;1;2;1;1;3;112;139, AVENUE DAUMESNIL;;;;750
47535;201500052839;15;8;22;1520;1;2;2;1;3;112;AVENUE DAUMESNIL;;;;750
47536;201500052840;15;8;25;1830;1;2;1;8;6;112;106, BOULEVARD DIDEROT;;;;750
47537;201500052841;15;8;28;452;1;2;2;1;3;112;PLACE DU BATAILLON DU PA;;;;750
47538;201500052842;15;8;28;1520;1;2;1;1;3;112;QUAI DE BERCY;;;;750
47539;201500052843;15;8;28;1930;1;2;1;1;2;112;QUAI DE BERCY;;;;750
47540;201500052844;15;8;29;430;5;2;1;1;6;112;BOULEVARD PONIATOWSKI;;;;750
47541;201500052846;15;8;30;1050;1;2;3;1;6;112;290, RUE DE CHARENTON;;;;750
47542;201500052847;15;8;30;1245;1;2;1;1;3;112;BOULEVARD PERIPHERIQUE I;;;;750
47543;201500052848;15;8;31;1635;1;2;3;1;3;112;262, AVENUE DAUMESNIL;;;;750
47544;201500052849;15;8;31;1620;1;2;4;1;6;112;120, BOULEVARD DIDEROT;;;;750
47545;201500052850;15;8;31;1745;1;2;7;1;3;112;PLACE FELIX EBOUE;;;;750
47546;201500052851;15;9;1;2000;2;2;1;1;7;112;8, RUE PAUL HENRI GRAUWI;;;;750
47547;201500052852;15;9;2;1325;1;2;6;1;6;112;BOULEVARD SOULT;;;;750
47548;201500052853;15;9;2;1910;2;2;7;1;6;112;PLACE D ALIGRE;;;;750
47549;201500052854;15;9;3;1111;1;2;5;1;2;112;129, AVENUE DAUMESNIL;;;;750
47550;201500052855;15;9;3;1345;1;2;1;1;6;112;AVENUE DU TREMBLAY;;;;750
47551;201500052856;15;9;3;1730;1;2;2;1;6;112;66, RUE DE REUILLY;;;;750
47552;201500052857;15;9;4;120;5;2;2;1;5;112;AVENUE DU TREMBLAY;;;;750
47553;201500052858;15;9;4;1100;1;2;1;1;3;112;224, RUE DE CHARENTON;;;;750
47554;201500052859;15;9;5;1315;1;2;5;1;3;112;ROUTE DAUPHINE;;;;750
47555;201500052860;15;9;6;340;5;2;2;1;3;112;73, AVENUE DAUMESNIL;;;;750
47556;201500052861;15;9;6;1820;1;2;2;1;3;112;24, RUE DE REUILLY;;;;750
47557;201500052863;15;9;8;910;1;2;2;1;6;112;22, AVENUE LEDRU ROLLIN;;;;750
47558;201500052864;15;9;9;1850;1;2;7;1;2;112;PLACE DE LA NATION;;;;750
47559;201500052865;15;9;12;1125;1;2;7;2;7;112;7, PLACE FELIX EBOUE;;;;750
47560;201500052866;15;9;12;2145;5;2;1;1;7;112;50, RUE CORIOLIS;;;;750
47561;201500052867;15;9;14;1135;1;2;3;1;6;112;AVENUE DE SAINT MANDE;;;;750
47562;201500052868;15;9;14;1545;1;2;7;1;6;112;AVENUE DU BEL AIR;;;;750
47563;201500052869;15;9;15;1645;1;2;1;1;2;112;25, RUE DAGORNO;;;;750
47564;201500052870;15;9;16;320;5;2;5;3;3;112;115, BOULEVARD SOULT;;;;750
47565;201500052871;15;9;16;640;5;2;4;1;6;112;32, RUE DE LYON;;;;750
47566;201500052872;15;9;16;1900;1;2;1;8;6;112;54, QUAI DE LA RAPEE;;;;750
47567;201500052873;15;9;17;545;5;2;5;2;6;112;PONT D AUSTERLITZ;;;;750
47568;201500052875;15;9;18;1650;1;2;1;2;7;112;QUAI DE BERCY;;;;750
47569;201500052876;15;9;18;1830;1;2;7;2;3;112;BOULEVARD DE BERCY;;;;750
47570;201500052877;15;9;19;150;5;2;2;1;1;112;10, RUE DE PICPUS;;;;750
47571;201500052878;15;9;19;1800;1;2;2;1;6;112;47, AVENUE LEDRU ROLLIN;;;;750
47572;201500052880;15;9;24;1125;1;2;3;1;2;112;182, AVENUE DAUMESNIL;;;;750
47573;201500052881;15;9;25;210;5;2;3;1;6;112;48, BOULEVARD DE BERCY;;;;750
47574;201500052882;15;9;25;525;5;2;1;1;3;112;AVENUE DU GENERAL MICHEL;;;;750
47575;201500052883;15;9;26;1320;1;2;3;1;6;112;101, AVENUE DE SAINT MAN;;;;750
47576;201500052884;15;9;26;1520;1;2;2;1;3;112;BOULEVARD DIDEROT;;;;750
47577;201500052885;15;9;26;1400;1;2;1;1;6;112;AVENUE DE NOGENT   VINCE;;;;750
47578;201500052887;15;9;24;1020;1;2;3;1;6;112;98, RUE DE CHARENTON;;;;750
47579;201500052888;15;9;28;825;1;2;3;1;2;112;11, RUE BARON LE ROY;;;;750
47580;201500052889;15;9;28;1915;2;2;3;1;2;112;106, RUE DU FAUBOURG SAI;;;;750
47581;201500052890;15;9;29;20;5;2;4;1;6;112;BOULEVARD DE PICPUS;;;;750
47582;201500052891;15;9;29;859;1;2;7;1;3;112;4, PLACE DE LA BASTILLE;;;;750
47583;201500052892;15;9;29;905;1;2;2;1;3;112;PONT DE BERCY;;;;750
47584;201500052893;15;9;29;1800;1;2;7;1;6;112;17, PLACE LOUIS ARMAND;;;;750
47585;201500052894;15;9;29;2000;5;2;1;1;3;112;323, RUE DE CHARENTON;;;;750
47586;201500052895;15;9;30;1700;1;2;4;1;6;112;96, AVENUE DU GENERAL MI;;;;750
47587;201500052896;15;9;30;1810;2;2;1;1;3;111;93, RUE DE LA ROQUETTE;;;;750
47588;201500052897;15;10;1;1510;1;2;1;1;2;112;276, RUE DE CHARENTON;;;;750
47589;201500052899;15;10;2;915;1;2;2;1;3;112;AVENUE DE SAINT MAURICE;;;;750
47590;201500052900;15;10;2;1750;1;2;1;1;3;112;BOULEVARD PERIPHERIQUE E;;;;750
47591;201500052901;15;10;3;805;1;2;2;1;3;112;73, AVENUE DAUMESNIL;;;;750
47592;201500052902;15;10;3;1430;1;2;2;1;3;112;COURS DE VINCENNES;;;;750
47593;201500052903;15;10;5;945;1;2;1;1;3;112;51, RUE DE REUILLY;;;;750
47594;201500052904;15;10;6;805;5;2;4;3;6;112;146, AVENUE DAUMESNIL;;;;750
47595;201500052905;15;10;6;830;1;2;1;3;3;112;QUAI DE LA RAPEE;;;;750
47596;201500052906;15;10;6;840;1;2;4;3;5;112;BOULEVARD PONIATOWSKI;;;;750
47597;201500052907;15;10;9;900;1;2;1;1;3;112;ROUTE DE CEINTURE DU LAC;;;;750
47598;201500052908;15;10;9;1455;1;2;1;1;6;112;28, COURS DE VINCENNES;;;;750
47599;201500052909;15;10;10;1715;1;2;5;1;6;112;80, AVENUE DAUMESNIL;;;;750
47600;201500052910;15;10;10;2118;5;2;3;1;3;112;150, RUE DU FAUBOURG SAI;;;;750
47601;201500052911;15;10;10;2325;5;2;1;1;6;112;104, COURS DE VINCENNES;;;;750
47602;201500052912;15;10;11;1645;1;2;1;1;2;112;36, BOULEVARD DE PICPUS;;;;750
47603;201500052913;15;10;12;1415;1;2;2;1;3;112;204, RUE DE CHARENTON;;;;750
47604;201500052915;15;10;16;900;1;2;2;2;6;112;129, BOULEVARD DIDEROT;;;;750
47605;201500052916;15;10;16;1830;2;2;1;1;3;112;QUAI DE BERCY;;;;750
47606;201500052917;15;10;16;1930;5;2;7;1;6;112;PLACE DE LA NATION;;;;750
47607;201500052918;15;10;17;1400;1;2;5;8;2;112;QUAI DE LA RAPEE;;;;750
47608;201500052919;15;10;17;2222;5;2;2;1;3;112;AVENUE DAUMESNIL;;;;750
47609;201500052920;15;10;19;633;5;2;1;1;3;112;24, BOULEVARD DE LA BAST;;;;750
47610;201500052921;15;10;19;1045;1;2;2;1;2;112;131, BOULEVARD DIDEROT;;;;750
47611;201500052922;15;10;19;1100;1;2;2;1;2;112;38, AVENUE LEDRU ROLLIN;;;;750
47612;201500052923;15;10;20;1735;2;2;4;2;3;112;PORTE DE VINCENNES;;;;750
47613;201500052924;15;10;20;2005;5;2;5;1;3;112;129 BIS, AVENUE DAUMESNI;;;;750
47614;201500052925;15;10;22;1710;1;2;1;1;6;112;115, RUE DE REUILLY;;;;750
47615;201500052926;15;10;22;1941;5;2;2;2;4;112;QUAI DE LA RAPEE;;;;750
47616;201500052927;15;10;24;1115;1;2;2;1;2;112;5, BOULEVARD DE BERCY;;;;750
47617;201500052928;15;10;25;1345;1;2;2;1;3;112;RUE TRAVERSIERE;;;;750
47618;201500052929;15;10;26;1220;1;2;1;1;3;112;65, RUE BARON LE ROY;;;;750
47619;201500052930;15;10;26;1315;1;2;7;1;3;112;4, PLACE FELIX EBOUE;;;;750
47620;201500052931;15;10;26;1700;2;2;1;1;6;112;106, COURS DE VINCENNES;;;;750
47621;201500052932;15;10;26;1945;5;2;5;1;6;112;RUE DE RAMBOUILLET;;;;750
47622;201500052933;15;10;27;430;5;2;3;1;6;112;48, BOULEVARD DE BERCY;;;;750
47623;201500052934;15;10;27;1100;1;2;1;1;3;112;51, RUE DE BERCY;;;;750
47624;201500052935;15;10;27;1350;1;2;2;1;6;112;PONT DE BERCY;;;;750
47625;201500052936;15;10;28;840;1;2;2;2;6;112;42, AVENUE DAUMESNIL;;;;750
47626;201500052939;15;10;30;1020;1;2;1;1;3;112;68, AVENUE LEDRU ROLLIN;;;;750
47627;201500052940;15;10;30;1235;1;2;1;1;2;112;39, RUE CROZATIER;;;;750
47628;201500052941;15;10;30;1820;5;2;3;1;6;112;RUE TAINE;;;;750
47629;201500052943;15;11;2;910;1;2;7;8;2;112;AVENUE DU TREMBLAY;;;;750
47630;201500052944;15;11;2;2225;5;2;2;1;3;112;BOULEVARD DIDEROT;;;;750
47631;201500052945;15;11;4;900;1;2;1;2;6;112;QUAI DE BERCY;;;;750
47632;201500052946;15;11;4;1345;1;2;4;1;3;112;11, BOULEVARD DE LA BAST;;;;750
47633;201500052947;15;11;4;1400;1;2;4;1;6;112;13, RUE DUBRUNFAUT;;;;750
47634;201500052948;15;11;4;2315;5;2;7;1;6;112;20, PLACE DE LA NATION;;;;750
47635;201500052949;15;11;4;1340;1;2;1;1;6;112;16, AVENUE DAUMESNIL;;;;750
47636;201500052950;15;11;5;1545;1;2;4;1;6;112;ROUTE DE LA TOURELLE;;;;750
47637;201500052952;15;11;7;1020;1;2;2;1;3;112;49, AVENUE LEDRU ROLLIN;;;;750
47638;201500052953;15;11;8;1150;1;2;1;1;2;112;ROUTE DE LA FERME;;;;750
47639;201500052954;15;11;9;10;5;2;1;1;6;112;PLACE FELIX EBOUE;;;;750
47640;201500052955;15;11;10;1330;1;2;2;1;3;112;86, BOULEVARD SOULT;;;;750
47641;201500052956;15;11;10;1935;5;2;5;1;6;112;72, RUE DE CHARENTON;;;;750
47642;201500052957;15;11;11;2030;5;2;1;1;6;112;AVENUE DE NOGENT   VINCE;;;;750
47643;201500052958;15;11;12;1;5;2;1;1;4;112;81, BOULEVARD PONIATOWSK;;;;750
47644;201500052959;15;11;16;1130;1;2;2;1;6;112;25, BOULEVARD SOULT;;;;750
47645;201500052961;15;11;17;1743;5;2;1;2;3;112;144, RUE DU FAUBOURG SAI;;;;750
47646;201500052962;15;11;18;1645;2;2;1;1;6;112;182, AVENUE DAUMESNIL;;;;750
47647;201500052963;15;11;19;800;1;2;2;1;2;112;BOULEVARD DIDEROT;;;;750
47648;201500052964;15;11;19;2000;5;2;1;2;3;112;107, RUE DE REUILLY;;;;750
47649;201500052965;15;11;20;550;3;2;3;3;6;112;ROUTE SAINT HUBERT;;;;750
47650;201500052966;15;11;20;2330;5;2;2;1;7;112;AVENUE COURTELINE;;;;750
47651;201500052967;15;11;22;150;5;2;2;1;3;112;BOULEVARD DE BERCY;;;;750
47652;201500052968;15;11;25;245;5;2;1;2;7;112;88, RUE DU FAUBOURG SAIN;;;;750
47653;201500052970;15;11;26;735;1;2;1;1;2;112;ROUTE DE LA PYRAMIDE;;;;750
47654;201500052971;15;11;26;1530;1;2;2;1;3;112;95, BOULEVARD DIDEROT;;;;750
47655;201500052972;15;11;27;1305;1;2;1;1;3;112;PONT D AUSTERLITZ;;;;750
47656;201500052973;15;11;27;1605;1;2;3;1;1;112;RUE CORIOLIS;;;;750
47657;201500052974;15;11;27;1700;5;2;2;1;6;112;271, AVENUE DAUMESNIL;;;;750
47658;201500052975;15;11;23;1350;1;2;4;1;6;112;40, RUE TAINE;;;;750
47659;201500052976;15;11;29;400;5;2;3;2;4;112;148, BOULEVARD DIDEROT;;;;750
47660;201500052977;15;11;29;1825;5;2;3;1;3;112;3, PLACE LACHAMBEAUDIE;;;;750
47661;201500052978;15;11;30;700;5;2;1;1;3;112;166, AVENUE DAUMESNIL;;;;750
47662;201500052979;15;11;30;905;1;2;1;8;3;112;4, RUE CROZATIER;;;;750
47663;201500052980;15;12;6;1850;5;2;1;1;2;112;QUAI DE BERCY;;;;750
47664;201500052981;15;12;7;730;5;2;1;1;3;112;139, RUE DE BERCY;;;;750
47665;201500052983;15;12;7;1445;1;2;1;1;7;112;90, BOULEVARD DE PICPUS;;;;750
47666;201500052984;15;12;9;730;5;2;3;1;3;112;21, RUE DE LYON;;;;750
47667;201500052987;15;12;10;1700;5;2;1;1;6;112;115, RUE DE REUILLY;;;;750
47668;201500052988;15;12;12;1120;1;2;7;1;6;112;AVENUE DU TRONE;;;;750
47669;201500052989;15;12;13;810;2;2;1;1;6;112;AVENUE DE SAINT MAURICE;;;;750
47670;201500052990;15;12;14;715;2;2;1;1;6;112;283, RUE DE CHARENTON;;;;750
47671;201500052991;15;12;15;25;5;2;1;1;6;112;20, COURS DE VINCENNES;;;;750
47672;201500052992;15;12;15;1245;1;2;1;8;6;112;33, RUE DE REUILLY;;;;750
47673;201500052993;15;12;17;1200;1;2;5;1;6;112;AVENUE DAUMESNIL;;;;750
47674;201500052994;15;12;17;1600;1;2;7;1;3;112;BOULEVARD PONIATOWSKI;;;;750
47675;201500052995;15;12;18;1715;1;2;5;1;3;112;106, RUE DE REUILLY;;;;750
47676;201500052997;15;12;21;1515;1;2;2;1;6;112;78, RUE CLAUDE DECAEN;;;;750
47677;201500052998;15;12;21;1805;5;2;2;2;2;112;48, COURS DE VINCENNES;;;;750
47678;201500052999;15;12;23;1730;5;2;2;1;3;112;BOULEVARD DIDEROT;;;;750
47679;201500053000;15;12;23;1900;5;2;1;1;3;112;25, RUE ERARD;;;;750
47680;201500053001;15;12;24;945;1;2;1;1;3;112;35, AVENUE COURTELINE;;;;750
47681;201500053002;15;12;28;1610;2;2;1;1;6;112;26, RUE DE CHALON;;;;750
47682;201500053003;15;12;31;105;5;2;4;2;6;112;20 BIS, BOULEVARD DE LA;;;;750
47683;201500053004;15;1;1;1245;1;2;1;1;6;113;AVENUE DE LA PORTE D ITA;;;;750
47684;201500053005;15;1;3;1530;1;2;3;2;3;113;51, AVENUE DES GOBELINS;;;;750
47685;201500053006;15;1;6;2350;5;2;5;1;6;113;25, QUAI D IVRY;;;;750
47686;201500053007;15;1;8;750;5;2;7;2;6;113;49, RUE ESQUIROL;;;;750
47687;201500053008;15;1;8;815;1;2;5;8;6;113;BOULEVARD MASSENA;;;;750
47688;201500053009;15;1;8;1955;5;2;3;1;3;113;59, RUE JEANNE D ARC;;;;750
47689;201500053010;15;1;9;845;1;2;1;1;2;113;RUE VERGNIAUD;;;;750
47690;201500053011;15;1;9;1720;5;2;5;1;6;113;106, RUE DE PATAY;;;;750
47691;201500053012;15;1;10;745;2;2;3;8;6;113;AVENUE PIERRE MENDES FRA;;;;750
47692;201500053014;15;1;11;1425;1;2;3;1;3;113;83, BOULEVARD DE L HOPIT;;;;750
47693;201500053017;15;1;12;1420;1;2;1;1;2;113;19, RUE DE DOMREMY;;;;750
47694;201500053018;15;1;13;1330;1;2;2;1;6;113;60, BOULEVARD VINCENT AU;;;;750
47695;201500053019;15;1;14;1725;5;2;5;1;6;113;45, RUE DE TOLBIAC;;;;750
47696;201500053020;15;1;15;1135;1;2;2;2;6;113;RUE DE LA GLACIERE;;;;750
47697;201500053021;15;1;16;1700;2;2;2;1;2;113;87, QUAI FRANCOIS MAURIA;;;;750
47698;201500053022;15;1;17;2030;5;2;1;1;3;113;25, AVENUE D ITALIE;;;;750
47699;201500053023;15;1;19;900;1;2;3;2;6;113;22, BOULEVARD VINCENT AU;;;;750
47700;201500053024;15;1;19;1015;1;2;5;1;6;113;120, BOULEVARD VINCENT A;;;;750
47701;201500053025;15;1;19;1100;1;2;2;1;3;113;46, BOULEVARD MASSENA;;;;750
47702;201500053026;15;1;19;1715;5;2;2;1;6;113;156, AVENUE D ITALIE;;;;750
47703;201500053027;15;1;21;642;5;2;3;1;3;113;142, AVENUE D ITALIE;;;;750
47704;201500053029;15;1;22;1130;1;2;1;1;3;113;10, RUE DES CORDELIERES;;;;750
47705;201500053030;15;1;25;1140;1;2;1;1;2;113;36 bis, RUE EUGENE OUDIN;;;;750
47706;201500053031;15;1;26;915;1;2;1;2;3;113;58, BOULEVARD ARAGO;;;;750
47707;201500053032;15;1;28;1935;5;2;2;1;3;113;46, BOULEVARD MASSENA;;;;750
47708;201500053033;15;1;30;2147;5;2;2;1;3;113;76, AVENUE D ITALIE;;;;750
47709;201500053034;15;2;2;1825;5;2;3;1;6;113;45, AVENUE DE CHOISY;;;;750
47710;201500053035;15;2;3;1055;1;2;2;1;5;113;75, RUE DE TOLBIAC;;;;750
47711;201500053036;15;2;9;2050;5;2;1;1;6;113;17, AVENUE DE CHOISY;;;;750
47712;201500053037;15;2;10;1900;5;2;3;1;6;113;125, BOULEVARD VINCENT A;;;;750
47713;201500053038;15;2;11;1645;1;2;2;1;6;113;116, RUE DE PATAY;;;;750
47714;201500053039;15;2;15;330;5;2;5;8;3;113;BOULEVARD MASSENA;;;;750
47715;201500053040;15;2;14;2030;5;2;1;2;3;113;51, RUE VERGNIAUD;;;;750
47716;201500053041;15;2;17;1115;1;2;3;2;6;113;9, RUE PHILIPPE DE CHAMP;;;;750
47717;201500053042;15;2;17;1800;1;2;2;1;6;113;111, AVENUE D ITALIE;;;;750
47718;201500053043;15;2;20;900;1;2;3;2;2;113;108, AVENUE D ITALIE;;;;750
47719;201500053044;15;2;20;1915;5;2;2;3;6;113;128, BOULEVARD MASSENA;;;;750
47720;201500053045;15;2;21;615;5;2;1;1;6;113;07, BOULEVARD DE L HOPIT;;;;750
47721;201500053046;15;2;22;225;5;2;3;1;3;113;125, RUE DE TOLBIAC;;;;750
47722;201500053047;15;2;23;1250;1;2;3;1;3;113;70, QUAI PANHARD ET LEVA;;;;750
47723;201500053048;15;2;24;1750;1;2;1;1;3;113;25, AVENUE PIERRE DE COU;;;;750
47724;201500053050;15;2;27;125;5;2;1;2;3;113;AVENUE DE LA PORTE DE CH;;;;750
47725;201500053052;15;3;1;805;1;2;1;1;6;113;11, RUE JEANNE D ARC;;;;750
47726;201500053054;15;3;5;1800;1;2;2;1;6;113;76, AVENUE D ITALIE;;;;750
47727;201500053055;15;3;7;1610;1;2;2;1;3;113;2, RUE PEAN;;;;750
47728;201500053056;15;3;10;2300;5;2;1;1;3;113;137, BOULEVARD DE L HOPI;;;;750
47729;201500053057;15;3;11;805;1;2;3;1;3;113;51, AVENUE DES GOBELINS;;;;750
47730;201500053059;15;3;11;1840;2;2;1;1;6;113;92, AVENUE D ITALIE;;;;750
47731;201500053060;15;3;11;1835;2;2;2;1;6;113;63, BOULEVARD KELLERMANN;;;;750
47732;201500053061;15;3;11;1935;5;2;4;1;3;113;BOULEVARD PERIPHERIQUE;;;;750
47733;201500053063;15;3;12;2100;3;2;1;1;2;113;QUAI PANHARD ET LEVASSOR;;;;750
47734;201500053064;15;3;13;915;1;2;1;1;6;113;1, QUAI D IVRY;;;;750
47735;201500053065;15;3;13;1030;1;2;1;1;6;113;5, AVENUE D ITALIE;;;;750
47736;201500053066;15;3;13;1350;1;2;2;1;6;113;32, RUE DE TOLBIAC;;;;750
47737;201500053067;15;3;14;2050;5;2;4;1;3;113;AVENUE DE LA PORTE D ITA;;;;750
47738;201500053068;15;3;16;1355;1;2;2;1;6;113;73, BOULEVARD MASSENA;;;;750
47739;201500053069;15;3;19;2015;5;2;4;1;3;113;86, QUAI D AUSTERLITZ;;;;750
47740;201500053070;15;3;21;2215;5;2;2;2;2;113;95, AVENUE DE LA PORTE D;;;;750
47741;201500053071;15;3;22;1730;1;2;2;1;1;113;46, RUE DE TOLBIAC;;;;750
47742;201500053073;15;3;24;1910;5;2;1;2;6;113;12, RUE DARMESTETER;;;;750
47743;201500053074;15;3;25;145;5;2;1;2;6;113;64, BOULEVARD AUGUSTE BL;;;;750
47744;201500053075;15;3;25;1025;1;2;5;8;3;113;0, RUE DE TOLBIAC;;;;750
47745;201500053076;15;3;30;1129;1;2;1;1;6;113;22, AVENUE D ITALIE;;;;750
47746;201500053077;15;3;30;1525;1;2;1;1;7;113;134, AVENUE D ITALIE;;;;750
47747;201500053078;15;3;31;225;5;2;2;1;1;113;RUE DE TOLBIAC;;;;750
47748;201500053079;15;4;1;732;1;2;5;1;6;113;4, BOULEVARD ARAGO;;;;750
47749;201500053080;15;4;1;935;1;2;7;1;3;113;30, PLACE D ITALIE;;;;750
47750;201500053081;15;3;31;1645;1;2;2;1;6;113;123, AVENUE DE CHOISY;;;;750
47751;201500053083;15;3;31;2030;2;2;1;1;2;113;83, BOULEVARD VINCENT AU;;;;750
47752;201500053084;15;4;3;1135;1;2;1;8;6;113;29, BOULEVARD DE PORT RO;;;;750
47753;201500053085;15;4;3;2000;5;2;5;2;3;106;16, RUE DE VAUGIRARD;;;;750
47754;201500053087;15;4;11;1310;1;2;3;1;3;113;137, BOULEVARD DE L HOPI;;;;750
47755;201500053088;15;4;11;1800;1;2;2;2;6;113;47, RUE DU CHATEAU DES R;;;;750
47756;201500053089;15;4;11;2115;5;2;3;1;7;113;101, RUE DE TOLBIAC;;;;750
47757;201500053090;15;4;12;1445;1;2;2;1;6;113;29, RUE BOUSSINGAULT;;;;750
47758;201500053091;15;4;14;1520;1;2;2;1;6;113;80, BOULEVARD AUGUSTE BL;;;;750
47759;201500053093;15;4;14;1830;1;2;2;1;3;113;39, BOULEVARD DE PORT RO;;;;750
47760;201500053094;15;4;16;820;1;2;5;1;6;113;122, RUE DE TOLBIAC;;;;750
47761;201500053095;15;4;18;635;2;2;3;1;2;113;25, AVENUE D ITALIE;;;;750
47762;201500053096;15;4;18;1420;1;2;5;1;6;113;7, BOULEVARD DU GENERAL;;;;750
47763;201500053097;15;4;20;1700;1;2;1;1;6;113;27, RUE DE L ESPERANCE;;;;750
47764;201500053098;15;4;21;2150;5;2;2;1;1;105;52, RUE DES ECOLES;;;;750
47765;201500053099;15;4;22;1825;1;2;2;1;7;113;81, BOULEVARD VINCENT AU;;;;750
47766;201500053100;15;4;22;2244;5;2;1;1;1;113;50, AVENUE D ITALIE;;;;750
47767;201500053101;15;4;24;40;5;2;2;1;6;113;76, BOULEVARD AUGUSTE BL;;;;750
47768;201500053102;15;4;24;1030;1;2;2;1;6;113;AVENUE D ITALIE;;;;750
47769;201500053103;15;4;24;1130;1;2;4;1;3;113;83, BOULEVARD DE L HOPIT;;;;750
47770;201500053105;15;4;27;545;5;2;3;2;6;113;BOULEVARD KELLERMANN;;;;750
47771;201500053106;15;4;27;830;1;2;1;1;6;113;AVENUE CLAUDE REGAUD;;;;750
47772;201500053107;15;4;28;1625;1;2;2;1;2;113;AVENUE D ITALIE;;;;750
47773;201500053108;15;5;2;2210;5;2;1;2;7;113;141, BOULEVARD VINCENT A;;;;750
47774;201500053109;15;5;3;2105;5;2;1;1;2;113;3, AVENUE D ITALIE;;;;750
47775;201500053110;15;5;4;1655;1;2;7;2;3;113;PLACE D ITALIE;;;;750
47776;201500053111;15;5;4;1640;1;2;5;3;3;113;1, QUAI D IVRY;;;;750
47777;201500053112;15;5;6;2045;1;2;3;2;3;113;55, RUE DU DESSOUS DES B;;;;750
47778;201500053114;15;5;9;410;5;2;1;1;5;113;34, QUAI D AUSTERLITZ;;;;750
47779;201500053115;15;5;10;140;5;2;5;1;3;113;85, QUAI DE LA GARE;;;;750
47780;201500053116;15;5;10;1725;1;2;4;1;3;113;27, AVENUE DE LA PORTE D;;;;750
47781;201500053117;15;5;11;929;2;2;3;1;6;113;47, BOULEVARD DE PORT RO;;;;750
47782;201500053118;15;5;11;1043;1;2;1;1;6;113;3, RUE LACHELIER;;;;750
47783;201500053119;15;5;11;1040;1;2;3;1;6;113;AVENUE D IVRY;;;;750
47784;201500053120;15;5;11;1825;1;2;1;1;2;113;160, RUE JEANNE D ARC;;;;750
47785;201500053121;15;5;12;900;1;2;1;1;6;113;48, AVENUE DE LA PORTE D;;;;750
47786;201500053122;15;5;12;800;1;2;1;1;3;113;26, BOULEVARD AUGUSTE BL;;;;750
47787;201500053123;15;5;12;2345;5;2;1;1;7;113;50, BOULEVARD AUGUSTE BL;;;;750
47788;201500053124;15;5;13;850;1;2;1;1;6;113;153, BOULEVARD DE L HOPI;;;;750