;Num_Acc;an;mois;jour;hrmn;lum;agg;int;atm;col;com;adr;gps;lat;long;dep
47789;201500053125;15;5;15;1100;1;2;3;1;6;113;123, AVENUE DE CHOISY;;;;750
47790;201500053126;15;5;16;1700;1;2;3;1;6;113;BOULEVARD KELLERMANN;;;;750
47791;201500053127;15;5;17;1525;1;2;5;1;3;113;QUAI D AUSTERLITZ;;;;750
47792;201500053128;15;5;18;15;5;2;4;1;6;113;QUAI D IVRY;;;;750
47793;201500053129;15;5;20;1800;1;2;2;1;3;113;53 BIS, BOULEVARD ARAGO;;;;750
47794;201500053130;15;5;20;1700;1;2;1;8;6;113;158, BOULEVARD MASSENA;;;;750
47795;201500053131;15;5;24;1419;1;2;3;1;3;113;17, RUE DE TOLBIAC;;;;750
47796;201500053132;15;5;25;1005;1;2;1;1;2;113;87, QUAI DE LA GARE;;;;750
47797;201500053133;15;5;25;1330;1;2;3;2;6;113;110, BOULEVARD MASSENA;;;;750
47798;201500053134;15;5;25;550;2;2;1;2;6;113;13, RUE DU MOULIN DE LA;;;;750
47799;201500053135;15;5;27;930;1;2;1;1;3;113;38, BOULEVARD VINCENT AU;;;;750
47800;201500053137;15;5;27;1930;1;2;1;1;5;113;20, AVENUE D ITALIE;;;;750
47801;201500053138;15;5;28;1120;1;2;7;1;6;113;11, PLACE D ITALIE;;;;750
47802;201500053139;15;5;29;2000;1;2;1;1;2;113;164, BOULEVARD MASSENA;;;;750
47803;201500053140;15;5;30;2330;5;2;1;1;3;113;50, AVENUE PIERRE MENDES;;;;750
47804;201500053141;15;5;31;1200;1;2;2;3;6;113;154, AVENUE D ITALIE;;;;750
47805;201500053142;15;6;2;841;1;2;1;1;6;105;32, BOULEVARD SAINT MARC;;;;750
47806;201500053143;15;6;2;1345;1;2;1;1;6;113;27, RUE MARIE ANDREE LAG;;;;750
47807;201500053144;15;6;2;1520;1;2;3;1;6;113;17, RUE DE TOLBIAC;;;;750
47808;201500053146;15;6;6;5;5;2;5;1;3;113;RUE DE L INTERNE LOEB;;;;750
47809;201500053147;15;6;6;1405;1;2;1;1;6;113;13, AVENUE D ITALIE;;;;750
47810;201500053148;15;6;6;1505;1;2;1;1;3;113;142, BOULEVARD VINCENT A;;;;750
47811;201500053149;15;6;8;830;1;2;7;1;3;113;AVENUE DE LA PORTE D ITA;;;;750
47812;201500053150;15;6;8;2020;2;2;2;1;6;113;BOULEVARD AUGUSTE BLANQU;;;;750
47813;201500053151;15;6;9;855;1;2;1;1;3;113;AVENUE D ITALIE;;;;750
47814;201500053152;15;6;11;2045;1;2;3;1;3;113;83, BOULEVARD DE L HOPIT;;;;750
47815;201500053153;15;6;12;1335;1;2;2;1;6;113;53, RUE DUNOIS;;;;750
47816;201500053154;15;6;12;2005;1;2;3;1;3;113;77, QUAI PANHARD ET LEVA;;;;750
47817;201500053156;15;6;14;145;5;2;1;1;6;113;33, BOULEVARD KELLERMANN;;;;750
47818;201500053157;15;6;16;1725;1;2;2;1;6;113;33, RUE DE TOLBIAC;;;;750
47819;201500053158;15;6;17;635;1;2;3;1;3;113;46, BOULEVARD MASSENA;;;;750
47820;201500053159;15;6;18;1645;1;2;3;1;6;113;27, RUE DE LA VISTULE;;;;750
47821;201500053160;15;6;18;1650;1;2;3;1;3;113;AVENUE DE LA PORTE D IVR;;;;750
47822;201500053161;15;6;19;1915;1;2;1;1;2;107;284, BOULEVARD SAINT GER;;;;750
47823;201500053162;15;6;20;1105;1;2;3;1;2;113;60, RUE DE TOLBIAC;;;;750
47824;201500053165;15;6;26;30;5;2;1;1;3;113;69, RUE DE LA GLACIERE;;;;750
47825;201500053167;15;6;27;225;4;2;1;1;3;105;22, AVENUE DES GOBELINS;;;;750
47826;201500053168;15;6;27;1920;1;2;2;1;3;113;113, BOULEVARD MASSENA;;;;750
47827;201500053169;15;6;29;925;1;2;1;1;6;113;2, AVENUE GENERAL DE GAU;;;;750
47828;201500053170;15;7;1;825;1;2;1;1;6;113;118, RUE DE TOLBIAC;;;;750
47829;201500053171;15;7;1;1115;1;2;7;1;6;113;1, RUE CHARLES FOURIER;;;;750
47830;201500053172;15;7;1;1500;1;2;1;1;3;113;83, BOULEVARD DE L HOPIT;;;;750
47831;201500053174;15;7;4;2345;5;2;2;1;6;113;122, BOULEVARD MASSENA;;;;750
47832;201500053175;15;7;5;2230;5;2;2;1;3;113;55, BOULEVARD MASSENA;;;;750
47833;201500053176;15;7;6;1910;1;2;1;1;2;113;35, BOULEVARD DU GENERAL;;;;750
47834;201500053177;15;7;8;1255;1;2;5;1;3;113;47, RUE DE TOLBIAC;;;;750
47835;201500053178;15;7;10;750;1;2;4;1;2;113;2, RUE BERBIER DU METS;;;;750
47836;201500053179;15;7;11;1530;1;2;1;1;2;113;QUAI PANHARD ET LEVASSOR;;;;750
47837;201500053180;15;7;12;210;5;2;7;1;2;113;2, AVENUE D ITALIE;;;;750
47838;201500053181;15;7;12;2020;1;2;2;1;6;113;73, AVENUE DES GOBELINS;;;;750
47839;201500053182;15;7;15;1200;1;2;1;1;2;113;114, AVENUE D ITALIE;;;;750
47840;201500053183;15;7;15;2110;1;2;4;1;6;113;AVENUE DE LA PORTE D IVR;;;;750
47841;201500053184;15;7;17;900;1;2;2;1;3;113;BOULEVARD ARAGO;;;;750
47842;201500053185;15;7;20;853;1;2;5;1;3;113;163, AVENUE D ITALIE;;;;750
47843;201500053186;15;7;20;1840;1;2;3;1;3;113;BOULEVARD DU GENERAL JEA;;;;750
47844;201500053187;15;7;21;1806;1;2;3;1;6;113;05, BOULEVARD ARAGO;;;;750
47845;201500053189;15;7;23;1900;1;2;3;1;3;113;142, AVENUE DE LA PORTE;;;;750
47846;201500053190;15;7;24;1610;1;2;3;2;6;113;RUE JACQUES DESTREE;;;;750
47847;201500053191;15;7;26;1615;1;2;3;2;3;113;7 BIS, BOULEVARD DE L HO;;;;750
47848;201500053192;15;7;26;1820;1;2;3;8;6;113;/, RUE CHARLES LEROY;;;;750
47849;201500053193;15;7;28;1530;1;2;1;1;6;113;77, RUE DU CHATEAU DES R;;;;750
47850;201500053194;15;7;28;1720;1;2;4;1;6;113;PORTE D ITALIE;;;;750
47851;201500053195;15;7;29;850;1;2;2;1;3;113;2, QUAI D AUSTERLITZ;;;;750
47852;201500053196;15;7;30;1620;1;2;3;1;3;113;127, RUE DE TOLBIAC;;;;750
47853;201500053197;15;7;31;1400;1;2;4;1;2;113;68, RUE NATIONALE;;;;750
47854;201500053198;15;8;1;245;5;2;1;1;6;113;105 BIS, RUE DE TOLBIAC;;;;750
47855;201500053200;15;8;2;1450;1;2;1;1;6;113;25, QUAI PANHARD ET LEVA;;;;750
47856;201500053201;15;8;2;1635;1;2;1;1;4;113;1, AVENUE DE LA PORTE D;;;;750
47857;201500053202;15;8;3;1745;1;2;2;1;3;113;AVENUE DE LA PORTE DE CH;;;;750
47858;201500053203;15;8;3;1950;1;2;1;1;2;113;BOULEVARD PERIPHERIQUE E;;;;750
47859;201500053204;15;8;5;1523;1;2;3;1;6;113;35, BOULEVARD SAINT MARC;;;;750
47860;201500053205;15;8;6;936;1;2;4;1;3;113;104, BOULEVARD DE L HOPI;;;;750
47861;201500053206;15;8;6;2135;2;2;1;1;6;113;43 ter, RUE DE LA GLACIE;;;;750
47862;201500053207;15;8;7;1920;1;2;3;1;6;113;51, RUE DE CROULEBARBE;;;;750
47863;201500053208;15;8;7;2300;5;2;5;1;6;113;RUE DE LA GLACIERE;;;;750
47864;201500053209;15;8;8;1916;1;2;3;1;3;113;44, AVENUE D ITALIE;;;;750
47865;201500053210;15;8;8;2215;5;2;1;1;4;113;PONT DE TOLBIAC;;;;750
47866;201500053211;15;8;11;1630;1;2;1;1;6;113;8, RUE DE JULIENNE;;;;750
47867;201500053212;15;8;11;1845;1;2;1;1;2;113;45, BOULEVARD KELLERMANN;;;;750
47868;201500053213;15;8;12;730;1;2;2;1;3;113;20, RUE MAX JACOB;;;;750
47869;201500053214;15;8;12;1515;1;2;2;1;3;113;49, BOULEVARD MASSENA;;;;750
47870;201500053215;15;8;13;840;1;2;4;1;3;113;83, BOULEVARD DE L HOPIT;;;;750
47871;201500053216;15;8;14;1530;1;2;4;1;2;113;85, BOULEVARD DE L HOPIT;;;;750
47872;201500053217;15;8;15;240;5;2;3;2;3;113;07, QUAI D AUSTERLITZ;;;;750
47873;201500053218;15;8;15;1615;1;2;3;1;6;113;108, RUE NATIONALE;;;;750
47874;201500053219;15;8;17;1750;1;2;2;1;3;113;QUAI D AUSTERLITZ;;;;750
47875;201500053221;15;8;20;1030;1;2;2;3;2;114;20, RUE DE LA CITE UNIVE;;;;750
47876;201500053222;15;8;22;1220;1;2;3;1;3;113;BOULEVARD KELLERMANN;;;;750
47877;201500053223;15;8;22;2030;2;2;2;1;2;113;173, RUE DE TOLBIAC;;;;750
47878;201500053224;15;8;23;1825;1;2;3;1;3;113;46, RUE DES GOBELINS;;;;750
47879;201500053226;15;8;26;945;1;2;5;1;3;113;99, BOULEVARD AUGUSTE BL;;;;750
47880;201500053227;15;8;26;1650;1;2;7;1;6;113;13, PLACE DE RUNGIS;;;;750
47881;201500053228;15;8;27;1505;1;2;1;3;3;113;203, BOULEVARD VINCENT A;;;;750
47882;201500053229;15;8;27;2035;5;2;7;3;5;113;BOULEVARD KELLERMANN;;;;750
47883;201500053230;15;8;28;1214;1;2;5;1;6;113;74, BOULEVARD MASSENA;;;;750
47884;201500053231;15;8;28;1945;1;2;1;1;6;113;19, RUE TAGORE;;;;750
47885;201500053232;15;8;29;1240;1;2;2;1;6;113;7, BOULEVARD DE L HOPITA;;;;750
47886;201500053233;15;8;30;1620;1;2;1;1;2;113;QUAI FRANCOIS MAURIAC;;;;750
47887;201500053234;15;8;31;1842;1;2;1;1;3;113;31, BOULEVARD AUGUSTE BL;;;;750
47888;201500053235;15;9;1;550;2;2;3;2;2;113;25, AVENUE D ITALIE;;;;750
47889;201500053236;15;9;2;5;5;2;1;1;6;113;87, BOULEVARD AUGUSTE BL;;;;750
47890;201500053237;15;9;6;1655;1;2;4;1;3;113;55, BOULEVARD SAINT MARC;;;;750
47891;201500053238;15;9;7;1110;1;2;5;1;7;113;15, BOULEVARD MASSENA;;;;750
47892;201500053239;15;9;8;900;1;2;7;8;6;113;1, BOULEVARD DE L HOPITA;;;;750
47893;201500053241;15;9;9;1345;1;2;2;1;6;113;31, RUE DE TOLBIAC;;;;750
47894;201500053242;15;9;9;1620;1;2;2;1;7;113;104, BOULEVARD AUGUSTE B;;;;750
47895;201500053243;15;9;9;1630;1;2;2;1;3;113;RUE NEUVE TOLBIAC;;;;750
47896;201500053244;15;9;9;1900;1;2;1;1;6;113;RUE JEANNE D ARC;;;;750
47897;201500053245;15;9;9;1830;1;2;5;7;6;113;58, RUE DE TOLBIAC;;;;750
47898;201500053246;15;9;10;855;1;2;5;7;6;113;29, AVENUE DE LA PORTE D;;;;750
47899;201500053247;15;9;10;1135;1;2;5;1;4;113;62, BOULEVARD VINCENT AU;;;;750
47900;201500053248;15;9;11;1700;1;2;7;1;3;113;1, BOULEVARD DE L HOPITA;;;;750
47901;201500053249;15;9;12;105;5;2;7;1;3;113;84, QUAI D AUSTERLITZ;;;;750
47902;201500053251;15;9;15;1921;1;2;2;1;6;113;203, BOULEVARD VINCENT A;;;;750
47903;201500053252;15;9;16;130;5;2;1;3;6;113;150, AVENUE D ITALIE;;;;750
47904;201500053253;15;9;16;845;1;2;1;3;7;113;BOULEVARD PERIPHERIQUE E;;;;750
47905;201500053254;15;9;16;1835;1;2;3;1;7;113;83, QUAI DE LA GARE;;;;750
47906;201500053255;15;9;17;1825;1;2;2;1;3;113;2, BOULEVARD VINCENT AUR;;;;750
47907;201500053256;15;9;18;1105;1;2;1;1;6;113;47, BOULEVARD SAINT MARC;;;;750
47908;201500053258;15;9;21;840;1;2;2;1;6;113;63, BOULEVARD KELLERMANN;;;;750
47909;201500053261;15;9;27;1650;1;2;3;1;6;113;RUE DE LA POTERNE DES PE;;;;750
47910;201500053262;15;9;28;1920;5;2;3;1;3;113;199, AVENUE DE CHOISY;;;;750
47911;201500053263;15;9;28;2050;5;2;3;1;3;113;AVENUE DE FRANCE;;;;750
47912;201500053264;15;9;30;1140;1;2;1;1;6;113;125, BOULEVARD VINCENT A;;;;750
47913;201500053266;15;10;3;450;3;2;1;1;6;113;QUAI D AUSTERLITZ;;;;750
47914;201500053267;15;9;30;1940;5;2;1;1;6;113;28, RUE DE TOLBIAC;;;;750
47915;201500053268;15;10;4;650;5;2;1;1;4;113;76, BOULEVARD VINCENT AU;;;;750
47916;201500053269;15;10;4;1850;1;2;1;1;6;113;40, RUE DE TOLBIAC;;;;750
47917;201500053270;15;10;4;2215;5;2;2;1;3;113;BOULEVARD MASSENA;;;;750
47918;201500053271;15;10;5;1525;1;2;1;3;6;105;72, BOULEVARD DE PORT RO;;;;750
47919;201500053272;15;10;5;2020;5;2;4;8;3;113;BOULEVARD PERIPHERIQUE;;;;750
47920;201500053273;15;10;7;1820;1;2;2;1;6;113;62, BOULEVARD VINCENT AU;;;;750
47921;201500053274;15;10;9;1335;1;2;5;1;7;113;RUE DE TOLBIAC;;;;750
47922;201500053275;15;10;9;1815;1;2;1;1;1;113;94, AVENUE DE FRANCE;;;;750
47923;201500053276;15;10;9;1955;5;2;1;1;6;113;22, RUE LOUISE WEISS;;;;750
47924;201500053278;15;10;10;130;5;2;5;1;6;113;RUE DE TOLBIAC;;;;750
47925;201500053279;15;10;11;330;5;2;2;1;6;113;84, QUAI D AUSTERLITZ;;;;750
47926;201500053280;15;10;11;2100;5;2;1;1;7;113;26, RUE NEUVE TOLBIAC;;;;750
47927;201500053282;15;10;14;1205;1;2;7;1;1;113;RUE JEANNE D ARC;;;;750
47928;201500053283;15;10;14;2020;5;2;1;2;6;113;BOULEVARD ARAGO;;;;750
47929;201500053284;15;10;15;650;5;2;2;1;6;113;46, BOULEVARD MASSENA;;;;750
47930;201500053285;15;10;16;1530;1;2;1;8;3;113;175 bis, RUE DE TOLBIAC;;;;750
47931;201500053286;15;10;17;545;5;2;2;2;3;113;AVENUE DE LA PORTE D ITA;;;;750
47932;201500053287;15;10;17;1700;1;2;3;2;3;113;1, QUAI D IVRY;;;;750
47933;201500053288;15;10;18;1620;1;2;3;1;6;113;QUAI PANHARD ET LEVASSOR;;;;750
47934;201500053289;15;10;19;1037;1;2;1;1;6;113;12, RUE DE LA GLACIERE;;;;750
47935;201500053290;15;10;20;1915;5;2;2;1;6;113;171, RUE DE TOLBIAC;;;;750
47936;201500053291;15;10;21;2015;5;2;3;1;6;113;40, AVENUE D IVRY;;;;750
47937;201500053292;15;10;22;100;5;2;2;2;7;113;10, RUE DE TOLBIAC;;;;750
47938;201500053293;15;10;22;1105;1;2;2;2;7;113;129, BOULEVARD MASSENA;;;;750
47939;201500053295;15;10;22;1645;1;2;5;1;3;113;PONT CHARLES DE GAULLE;;;;750
47940;201500053296;15;10;22;1930;5;2;3;2;6;113;93, BOULEVARD DE PORT RO;;;;750
47941;201500053297;15;10;23;1339;1;2;2;1;6;113;RUE DE LA GLACIERE;;;;750
47942;201500053298;15;10;24;720;5;2;3;1;6;113;QUAI PANHARD ET LEVASSOR;;;;750
47943;201500053299;15;10;27;1600;1;2;3;1;7;113;/, QUAI PANHARD ET LEVAS;;;;750
47944;201500053300;15;10;28;730;1;2;3;2;2;113;50, AVENUE PIERRE MENDES;;;;750
47945;201500053301;15;10;28;1535;1;2;4;1;3;113;80, BOULEVARD DE L HOPIT;;;;750
47946;201500053302;15;10;29;715;2;2;1;1;6;113;100, BOULEVARD MASSENA;;;;750
47947;201500053303;15;10;30;1020;1;2;1;1;6;113;21, BOULEVARD SAINT MARC;;;;750
47948;201500053304;15;10;30;1430;1;2;3;1;2;113;50, QUAI D AUSTERLITZ;;;;750
47949;201500053305;15;10;30;1645;1;2;1;1;6;105;24, BOULEVARD DE L HOPIT;;;;750
47950;201500053306;15;10;30;1855;5;2;2;1;6;113;1, AVENUE PIERRE DE COUB;;;;750
47951;201500053307;15;11;2;1545;1;2;5;1;6;113;96, RUE DE TOLBIAC;;;;750
47952;201500053308;15;11;2;1720;1;2;1;1;6;113;BOULEVARD MASSENA;;;;750
47953;201500053309;15;11;2;1905;5;2;5;1;3;113;0, QUAI D AUSTERLITZ;;;;750
47954;201500053310;15;11;3;930;1;2;1;2;4;113;0, BOULEVARD PERIPHERIQU;;;;750
47955;201500053311;15;11;3;1450;1;2;2;1;6;113;80, RUE DE TOLBIAC;;;;750
47956;201500053313;15;11;4;920;1;2;7;2;7;113;36, RUE BOBILLOT;;;;750
47957;201500053315;15;11;5;1230;1;2;2;1;6;113;29, AVENUE DE LA PORTE D;;;;750
47958;201500053316;15;11;6;1130;1;2;5;1;2;113;21, RUE WATT;;;;750
47959;201500053317;15;11;6;1530;1;2;5;2;6;113;247, RUE DE TOLBIAC;;;;750
47960;201500053318;15;11;9;947;1;2;1;1;6;113;70, AVENUE DES GOBELINS;;;;750
47961;201500053319;15;11;12;1325;1;2;4;1;3;113;50, BOULEVARD DE L HOPIT;;;;750
47962;201500053320;15;11;13;1415;1;2;2;1;6;113;AVENUE D ITALIE;;;;750
47963;201500053321;15;11;14;1130;1;2;2;1;3;113;37, AVENUE DES GOBELINS;;;;750
47964;201500053322;15;11;16;2040;5;2;1;2;7;113;57, AVENUE DES GOBELINS;;;;750
47965;201500053323;15;11;17;1900;5;2;1;2;7;113;100, BOULEVARD MASSENA;;;;750
47966;201500053324;15;11;18;925;1;2;2;1;6;113;BOULEVARD AUGUSTE BLANQU;;;;750
47967;201500053325;15;11;18;1820;5;2;3;1;6;113;18, RUE RAYMOND ARON;;;;750
47968;201500053326;15;11;19;1905;5;2;2;2;6;113;BOULEVARD ARAGO;;;;750
47969;201500053327;15;11;20;510;5;2;2;3;3;113;PORTE D ITALIE;;;;750
47970;201500053329;15;11;21;1535;1;2;5;3;6;113;207, RUE DE TOLBIAC;;;;750
47971;201500053330;15;11;22;105;5;2;1;1;6;113;52, AVENUE D IVRY;;;;750
47972;201500053331;15;11;23;625;5;2;1;1;5;113;47, QUAI FRANCOIS MAURIA;;;;750
47973;201500053332;15;11;23;853;1;2;3;1;7;113;20, RUE NATIONALE;;;;750
47974;201500053333;15;11;23;2100;3;2;3;1;6;113;157, AVENUE D ITALIE;;;;750
47975;201500053334;15;11;24;800;1;2;3;1;6;113;16, BOULEVARD ARAGO;;;;750
47976;201500053335;15;11;27;1420;1;2;3;1;6;113;4, BOULEVARD KELLERMANN;;;;750
47977;201500053336;15;11;27;1815;5;2;3;1;6;113;71, BOULEVARD AUGUSTE BL;;;;750
47978;201500053337;15;11;27;1829;5;2;7;1;3;113;1, RUE BOBILLOT;;;;750
47979;201500053338;15;11;27;2045;5;2;1;2;3;113;47, BOULEVARD DE L HOPIT;;;;750
47980;201500053339;15;11;28;2125;5;2;4;1;2;113;QUAI D IVRY;;;;750
47981;201500053340;15;11;30;1435;1;2;2;1;3;113;BOULEVARD DE L HOPITAL;;;;750
47982;201500053341;15;12;1;1215;1;2;3;1;3;113;AVENUE DES GOBELINS;;;;750
47983;201500053342;15;12;3;1055;1;2;2;1;6;113;99, RUE DU DESSOUS DES B;;;;750
47984;201500053343;15;12;5;1520;1;2;3;1;2;113;96, BOULEVARD MASSENA;;;;750
47985;201500053344;15;12;7;35;5;2;7;1;3;113;04, PLACE D ITALIE;;;;750
47986;201500053345;15;12;8;625;5;2;4;1;7;113;RUE BRUNESEAU;;;;750
47987;201500053346;15;12;11;1840;5;2;3;1;6;113;83, BOULEVARD AUGUSTE BL;;;;750
47988;201500053348;15;12;15;2000;5;2;5;3;6;113;160, RUE JEANNE D ARC;;;;750
47989;201500053349;15;12;15;1915;5;2;2;2;3;113;RUE DU VAL DE MARNE;;;;750
47990;201500053350;15;12;16;1330;1;2;1;1;6;113;39, BOULEVARD SAINT MARC;;;;750
47991;201500053351;15;12;16;1900;1;2;1;1;7;113;RUE PINEL;;;;750
47992;201500053352;15;12;17;1000;1;2;3;1;3;113;77, AVENUE DES GOBELINS;;;;750
47993;201500053353;15;12;17;1920;5;2;2;1;6;113;16, RUE DU DOCTEUR TUFFI;;;;750
47994;201500053354;15;12;18;1630;2;2;5;2;6;113;43, BOULEVARD SAINT MARC;;;;750
47995;201500053355;15;12;18;1800;5;2;2;1;6;113;BOULEVARD VINCENT AURIOL;;;;750
47996;201500053356;15;12;19;40;5;2;3;1;6;113;11, QUAI FRANCOIS MAURIA;;;;750
47997;201500053357;15;12;19;624;5;2;2;1;6;113;117, AVENUE D ITALIE;;;;750
47998;201500053358;15;12;20;1840;5;2;4;1;6;113;AVENUE DE LA PORTE D ITA;;;;750
47999;201500053359;15;12;21;2050;5;2;1;1;3;113;137, RUE DE LA SANTE;;;;750
48000;201500053360;15;12;22;10;5;2;4;2;3;113;AVENUE PIERRE DE COUBERT;;;;750
48001;201500053361;15;12;22;1650;1;2;3;1;6;113;72, AVENUE D ITALIE;;;;750
48002;201500053362;15;12;23;1257;1;2;3;1;2;113;55, AVENUE DES GOBELINS;;;;750
48003;201500053363;15;12;26;2200;5;2;1;1;3;113;11, RUE DE LA VISTULE;;;;750
48004;201500053364;15;1;2;2000;5;2;1;1;6;114;67, RUE FROIDEVAUX;;;;750
48005;201500053365;15;1;6;2250;5;2;1;1;2;114;07, AVENUE DU GENERAL LE;;;;750
48006;201500053366;15;1;8;835;1;2;2;1;6;114;1, BOULEVARD EDGAR QUINE;;;;750
48007;201500053367;15;1;13;1810;5;2;1;2;6;114;68, BOULEVARD DU MONTPAR;;;;750
48008;201500053368;15;1;16;1930;5;2;1;2;6;114;276, BOULEVARD RASPAIL;;;;750
48009;201500053369;15;1;16;1958;5;2;5;3;3;114;37, BOULEVARD JOURDAN;;;;750
48010;201500053370;15;1;17;1450;1;2;7;1;6;114;5, PLACE DU VINGT CINQ A;;;;750
48011;201500053371;15;1;18;1710;1;2;2;1;2;114;1, PLACE DU VINGT CINQ A;;;;750
48012;201500053372;15;1;20;2350;5;2;1;1;3;114;87, BOULEVARD ARAGO;;;;750
48013;201500053373;15;1;21;800;1;2;1;1;7;114;05, RUE D ODESSA;;;;750
48014;201500053374;15;1;24;1947;5;2;1;1;6;114;150, RUE D ALESIA;;;;750
48015;201500053375;15;1;25;1040;1;2;5;1;6;114;134, RUE D ALESIA;;;;750
48016;201500053376;15;1;27;1415;1;2;2;1;6;114;170, RUE D ALESIA;;;;750
48017;201500053377;15;1;27;1445;1;2;1;1;1;114;32, AVENUE DE L OBSERVAT;;;;750
48018;201500053379;15;1;28;1605;1;2;1;2;2;114;87, BOULEVARD ARAGO;;;;750
48019;201500053380;15;1;29;905;1;2;4;1;3;114;BOULEVARD ARAGO;;;;750
48020;201500053381;15;1;29;2100;5;2;2;2;3;114;117, BOULEVARD DE PORT R;;;;750
48021;201500053382;15;1;29;815;1;2;1;1;3;114;35, RUE DU COMMANDANT RE;;;;750
48022;201500053383;15;1;30;1430;1;2;2;2;6;114;1, PLACE DU VINGT CINQ A;;;;750
48023;201500053384;15;1;31;225;5;2;1;2;6;114;11, BOULEVARD JOURDAN;;;;750
48024;201500053385;15;1;31;1750;5;2;2;8;3;114;29, RUE DE L OUEST;;;;750
48025;201500053387;15;2;2;1030;1;2;2;1;3;114;117, BOULEVARD DE PORT R;;;;750
48026;201500053389;15;2;6;1815;5;2;1;1;3;114;36, BOULEVARD EDGAR QUIN;;;;750
48027;201500053390;15;2;7;905;1;2;2;1;2;114;06, RUE FROIDEVAUX;;;;750
48028;201500053391;15;2;7;2118;5;2;2;1;2;114;72, RUE DE L AMIRAL MOUC;;;;750
48029;201500053392;15;2;11;710;2;2;4;1;3;114;202, AVENUE DU MAINE;;;;750
48030;201500053393;15;2;11;1505;1;2;3;1;6;114;2, RUE EMILE DEUTSCH DE;;;;750
48031;201500053394;15;2;11;1255;1;2;5;1;3;114;110, BOULEVARD JOURDAN;;;;750
48032;201500053395;15;2;12;1610;1;2;2;1;3;114;RUE EMILE DEUTSCH DE LA;;;;750
48033;201500053396;15;2;13;20;5;2;2;1;3;114;93, BOULEVARD JOURDAN;;;;750
48034;201500053397;15;2;13;2015;5;2;5;2;2;114;26, RUE MONTBRUN;;;;750
48035;201500053398;15;2;16;1930;5;2;1;1;4;114;82, AVENUE DU GENERAL LE;;;;750
48036;201500053399;15;2;19;1200;1;2;1;1;4;114;27, RUE DU FAUBOURG SAIN;;;;750
48037;201500053400;15;2;19;1135;2;2;1;1;2;114;124, AVENUE DU MAINE;;;;750
48038;201500053401;15;2;19;1250;1;2;2;1;2;114;41, AVENUE DU GENERAL LE;;;;750
48039;201500053402;15;2;20;815;1;2;1;2;6;114;24, BOULEVARD JOURDAN;;;;750
48040;201500053403;15;2;20;2345;5;2;2;2;6;114;43, AVENUE DU GENERAL LE;;;;750
48041;201500053405;15;2;26;325;5;2;3;2;6;114;154, RUE D ALESIA;;;;750
48042;201500053406;15;2;27;1115;1;2;1;1;3;114;168, RUE DU CHATEAU;;;;750
48043;201500053407;15;2;27;1425;1;2;3;1;6;114;5, AVENUE DU GENERAL LEC;;;;750
48044;201500053409;15;3;3;1805;1;2;7;2;7;113;PLACE D ITALIE;;;;750
48045;201500053411;15;3;10;820;1;2;2;1;7;114;43, AVENUE DU GENERAL LE;;;;750
48046;201500053412;15;3;10;1930;5;2;2;1;3;115;2, RUE D ORADOUR SUR GLA;;;;750
48047;201500053413;15;3;14;440;5;2;1;1;3;114;88, AVENUE DENFERT ROCHE;;;;750
48048;201500053414;15;3;14;825;1;2;5;1;6;114;02, BOULEVARD JOURDAN;;;;750
48049;201500053415;15;3;19;215;5;2;1;1;2;114;AVENUE DE LA PORTE DE CH;;;;750
48050;201500053416;15;3;19;1115;1;2;2;1;7;114;40, RUE DES PLANTES;;;;750
48051;201500053417;15;3;23;1940;5;2;1;1;6;114;BOULEVARD RASPAIL;;;;750
48052;201500053418;15;3;24;1520;1;2;4;2;7;114;141, AVENUE DU MAINE;;;;750
48053;201500053419;15;3;26;2120;5;2;3;1;7;114;235, RUE VERCINGETORIX;;;;750
48054;201500053420;15;3;31;920;1;2;2;2;3;114;51, AVENUE DU MAINE;;;;750
48055;201500053421;15;4;1;850;2;2;2;1;3;114;63, BOULEVARD ROMAIN ROL;;;;750
48056;201500053422;15;4;2;1355;1;2;7;2;6;114;89, RUE D ALESIA;;;;750
48057;201500053423;15;4;2;1815;1;2;7;2;3;114;PLACE DENFERT ROCHEREAU;;;;750
48058;201500053424;15;4;3;1400;1;2;4;3;2;114;208, AVENUE DU MAINE;;;;750
48059;201500053425;15;4;3;2035;5;2;3;2;6;114;RUE DIDOT;;;;750
48060;201500053426;15;4;4;620;5;2;2;2;3;114;84, BOULEVARD ARAGO;;;;750
48061;201500053427;15;4;7;1445;1;2;1;1;3;114;18, AVENUE MARC SANGNIER;;;;750
48062;201500053428;15;4;7;1725;1;2;2;1;6;114;38, RUE DE L OUEST;;;;750
48063;201500053429;15;4;8;1115;1;2;3;1;6;114;25, BOULEVARD EDGAR QUIN;;;;750
48064;201500053430;15;4;8;2230;5;2;7;1;3;114;PLACE DU VINGT CINQ AOUT;;;;750
48065;201500053431;15;4;9;1630;1;2;5;1;6;114;2, AVENUE REILLE;;;;750
48066;201500053432;15;4;9;2115;5;2;1;1;6;114;216, BOULEVARD RASPAIL;;;;750
48067;201500053433;15;4;11;410;5;2;3;2;6;114;7, RUE FERMAT;;;;750
48068;201500053434;15;4;12;1530;1;2;1;1;3;114;BOULEVARD PERIPHERIQUE;;;;750
48069;201500053435;15;4;14;1735;1;2;3;1;3;113;173, AVENUE DE CHOISY;;;;750
48070;201500053436;15;4;15;1010;1;2;1;1;2;114;2, AVENUE DU GENERAL LEC;;;;750
48071;201500053437;15;4;16;1250;1;2;2;1;3;114;194, RUE D ALESIA;;;;750
48072;201500053438;15;4;16;1915;1;2;3;1;7;114;v-a-v N2, BOULEVARD EDGA;;;;750