;Num_Acc;an;mois;jour;hrmn;lum;agg;int;atm;col;com;adr;gps;lat;long;dep
48358;201500053745;15;5;19;1500;1;2;4;2;7;115;114, RUE CASTAGNARY;;;;750
48359;201500053746;15;5;19;2100;2;2;3;8;3;115;30, BOULEVARD DE VAUGIRA;;;;750
48360;201500053747;15;5;20;825;1;2;2;1;6;115;58, RUE DE LA CONVENTION;;;;750
48361;201500053748;15;5;20;1510;1;2;3;1;3;115;27, QUAI DE GRENELLE;;;;750
48362;201500053749;15;5;22;1205;1;2;2;1;6;115;316, RUE DE VAUGIRARD;;;;750
48363;201500053750;15;5;22;1420;1;2;1;1;6;115;61, RUE SAINT CHARLES;;;;750
48364;201500053751;15;5;23;1551;1;2;1;1;6;115;7, RUE DE VOUILLE;;;;750
48365;201500053752;15;5;26;1100;1;2;4;1;6;115;55, AVENUE DE SUFFREN;;;;750
48366;201500053753;15;5;27;1005;1;2;1;1;6;115;86, RUE DE LA FEDERATION;;;;750
48367;201500053754;15;5;27;1420;1;2;1;1;6;115;34, BOULEVARD GARIBALDI;;;;750
48368;201500053757;15;5;29;1810;1;2;1;1;7;115;QUAI ANDRE CITROEN;;;;750
48369;201500053758;15;6;2;830;1;2;1;1;6;115;3 bis, RUE FALLEMPIN;;;;750
48370;201500053759;15;6;3;1535;1;2;7;1;6;115;90, RUE CAMBRONNE;;;;750
48371;201500053761;15;6;4;1100;1;2;1;7;6;115;24, RUE LABROUSTE;;;;750
48372;201500053762;15;6;11;1025;1;2;3;1;6;115;RUE DE VAUGIRARD;;;;750
48373;201500053763;15;6;15;1350;1;2;2;1;2;115;QUAI D ISSY LES MOULINEA;;;;750
48374;201500053764;15;6;19;1545;1;2;1;1;6;115;55, RUE DE LA CONVENTION;;;;750
48375;201500053765;15;6;20;1425;1;2;5;1;3;115;PORTE BRANCION;;;;750
48376;201500053766;15;6;22;2010;1;2;1;8;7;115;64, BOULEVARD GARIBALDI;;;;750
48377;201500053767;15;6;4;2107;1;2;3;1;6;115;71, BOULEVARD DE VAUGIRA;;;;750
48378;201500053768;15;6;6;840;1;2;3;1;2;115;176, RUE DE VAUGIRARD;;;;750
48379;201500053769;15;6;6;1435;1;2;2;1;3;115;97, RUE DE LOURMEL;;;;750
48380;201500053770;15;6;7;1515;1;2;2;1;6;115;68, RUE DE VOUILLE;;;;750
48381;201500053772;15;6;11;950;1;2;5;1;6;115;35, RUE VICTOR DURUY;;;;750
48382;201500053773;15;6;11;1605;1;2;4;7;3;115;QUAI ANDRE CITROEN;;;;750
48383;201500053774;15;6;12;1500;1;2;2;1;6;115;2, RUE PETEL;;;;750
48384;201500053775;15;6;13;1915;1;2;2;1;3;115;94, BOULEVARD LEFEBVRE;;;;750
48385;201500053777;15;6;18;1030;1;2;2;1;3;106;61, BOULEVARD DU MONTPAR;;;;750
48386;201500053778;15;6;25;1340;1;2;2;1;3;115;BOULEVARD LEFEBVRE;;;;750
48387;201500053779;15;6;27;653;2;2;1;8;6;115;6, PLACE BIENVENUE;;;;750
48388;201500053781;15;6;29;1310;1;2;3;7;3;115;PONT MIRABEAU;;;;750
48389;201500053782;15;6;29;1550;1;2;2;1;6;115;70, AVENUE EMILE ZOLA;;;;750
48390;201500053783;15;6;29;1910;1;2;1;1;6;115;68, RUE DUTOT;;;;750
48391;201500053784;15;6;29;1945;1;2;1;1;6;115;234, RUE DE LA CONVENTIO;;;;750
48392;201500053785;15;6;30;1830;1;2;5;1;1;115;35, AVENUE DE LA PORTE B;;;;750
48393;201500053786;15;7;3;1235;1;2;1;1;6;115;164, AVENUE DE SUFFREN;;;;750
48394;201500053787;15;7;5;1420;1;2;1;1;6;115;39, QUAI DE GRENELLE;;;;750
48395;201500053788;15;7;6;1100;1;2;1;1;6;115;46, RUE D ORADOUR SUR GL;;;;750
48396;201500053789;15;7;9;745;1;2;5;1;7;115;219, RUE DE LA CROIX NIV;;;;750
48397;201500053790;15;7;10;15;5;2;1;1;6;115;47, RUE DE DANTZIG;;;;750
48398;201500053791;15;7;11;1400;1;2;7;1;3;115;PLACE BALARD;;;;750
48399;201500053792;15;7;14;1610;1;2;5;1;3;114;BOULEVARD DU MONTPARNASS;;;;750
48400;201500053793;15;7;17;1930;1;2;4;1;2;115;40, QUAI ANDRE CITROEN;;;;750
48401;201500053794;15;7;19;150;5;2;1;3;2;115;QUAI D ISSY LES MOULINEA;;;;750
48402;201500053795;15;7;20;1220;1;2;3;1;2;107;65, BOULEVARD DES INVALI;;;;750
48403;201500053796;15;7;26;1525;1;2;3;2;2;115;44, BOULEVARD VICTOR;;;;750
48404;201500053797;15;7;29;2000;1;2;2;1;6;115;/, QUAI ANDRE CITROEN;;;;750
48405;201500053798;15;7;30;915;1;2;2;1;2;115;30, BOULEVARD VICTOR;;;;750
48406;201500053799;15;8;3;1415;1;2;3;1;3;115;QUAI D ISSY LES MOULINEA;;;;750
48407;201500053800;15;8;5;1230;1;2;2;1;3;115;10, RUE D ORADOUR SUR GL;;;;750
48408;201500053801;15;8;7;940;1;2;7;1;3;115;1, PLACE FERNAND FOREST;;;;750
48409;201500053802;15;8;7;2325;5;2;2;1;6;115;16, RUE PAUL BARRUEL;;;;750
48410;201500053803;15;8;11;1120;1;2;7;1;3;115;/, RUE DES ENTREPRENEURS;;;;750
48411;201500053804;15;8;13;2005;1;2;1;1;7;115;PORT DE JAVEL BAS;;;;750
48412;201500053805;15;8;13;2230;5;2;2;2;3;115;RUE DE LA CONVENTION;;;;750
48413;201500053806;15;8;20;950;1;2;1;3;4;114;RUE DU COMMANDANT RENE M;;;;750
48414;201500053807;15;8;20;2235;5;2;1;1;6;115;33, QUAI ANDRE CITROEN;;;;750
48415;201500053808;15;8;28;500;5;2;2;2;6;115;55, RUE DE LA CONVENTION;;;;750
48416;201500053809;15;8;28;1010;1;2;2;1;6;115;61, RUE DE DANTZIG;;;;750
48417;201500053810;15;8;29;1235;1;2;2;1;3;115;54, RUE DE VOUILLE;;;;750
48418;201500053811;15;8;29;1815;1;2;2;1;3;115;BOULEVARD DE GRENELLE;;;;750
48419;201500053812;15;9;1;1805;1;2;2;1;3;115;RUE DE LA CONVENTION;;;;750
48420;201500053813;15;9;2;1145;1;2;2;1;6;115;2-4, RUE BRANCION;;;;750
48421;201500053814;15;9;3;210;5;2;2;1;3;115;BOULEVARD VICTOR;;;;750
48422;201500053815;15;9;3;1015;1;2;1;1;6;115;10-16, RUE BRANCION;;;;750
48423;201500053816;15;9;5;910;1;2;3;1;6;115;397, RUE DE VAUGIRARD;;;;750
48424;201500053817;15;9;7;1215;1;2;1;1;6;115;3, BOULEVARD GENERAL MAR;;;;750
48425;201500053818;15;9;8;1810;1;2;7;1;6;115;103, RUE CAMBRONNE;;;;750
48426;201500053819;15;9;9;845;1;2;1;1;3;115;177, RUE DE LA CROIX NIV;;;;750
48427;201500053820;15;9;9;1520;1;2;2;1;6;115;302, RUE DE VAUGIRARD;;;;750
48428;201500053821;15;9;9;1700;1;2;2;1;6;115;161, ROND POINT SAINT CH;;;;750
48429;201500053822;15;9;11;100;5;2;2;1;6;115;7, PONT DU GARIGLIANO;;;;750
48430;201500053824;15;9;13;625;5;2;1;1;6;115;178, RUE LECOURBE;;;;750
48431;201500053825;15;9;13;1920;1;2;7;1;2;115;RUE LOUIS ARMAND;;;;750
48432;201500053826;15;9;14;1410;1;2;7;1;2;115;, AVENUE DE LA PORTE DE;;;;750
48433;201500053827;15;9;15;1950;5;2;7;1;2;115;QUAI ANDRE CITROEN;;;;750
48434;201500053828;15;9;18;1743;1;2;1;8;6;115;39, RUE BALARD;;;;750
48435;201500053829;15;9;19;1055;1;2;5;1;7;115;AVENUE DU MAINE;;;;750
48436;201500053830;15;9;19;1235;1;2;2;1;6;115;PONT DE GRENELLE;;;;750
48437;201500053831;15;9;20;600;5;2;1;1;3;115;11, AVENUE DU MAINE;;;;750
48438;201500053832;15;9;20;620;5;2;2;1;6;115;RUE DE VAUGIRARD;;;;750
48439;201500053833;15;9;22;1630;1;2;3;8;6;115;RUE FOURCADE;;;;750
48440;201500053834;15;9;23;1710;1;2;3;1;3;115;165, RUE DE LA CONVENTIO;;;;750
48441;201500053835;15;9;24;1410;1;2;5;1;2;115;, RUE MADEMOISELLE;;;;750
48442;201500053836;15;9;26;1230;1;2;1;1;3;115;31, RUE DU COTENTIN;;;;750
48443;201500053837;15;9;27;1105;1;2;3;1;6;115;RUE THEODORE DECK;;;;750
48444;201500053838;15;9;27;1605;1;2;2;1;3;115;ROND POINT SAINT CHARLES;;;;750
48445;201500053839;15;9;28;1228;1;2;2;1;3;115;PLACE FERNAND FOREST;;;;750
48446;201500053840;15;9;29;900;1;2;1;1;6;115;43, BOULEVARD VICTOR;;;;750
48447;201500053841;15;9;30;1430;1;2;7;1;6;115;1, RUE ERNEST RENAN;;;;750
48448;201500053843;15;10;1;1450;1;2;1;1;7;115;13, QUAI DE GRENELLE;;;;750
48449;201500053844;15;10;1;2350;5;2;5;1;3;115;AVENUE EMILE ZOLA;;;;750
48450;201500053845;15;10;2;900;1;2;3;1;3;115;RUE DE DANTZIG;;;;750
48451;201500053846;15;10;2;1950;5;2;1;1;3;115;98, RUE DE LA CONVENTION;;;;750
48452;201500053847;15;10;2;2350;5;2;2;1;3;115;RUE DE VAUGIRARD;;;;750
48453;201500053848;15;10;3;1715;1;2;2;1;7;115;188, RUE DE LA CONVENTIO;;;;750
48454;201500053849;15;10;3;940;1;2;4;1;7;115;56, RUE BALARD;;;;750
48455;201500053850;15;10;4;1038;1;2;2;1;6;115;341, RUE LECOURBE;;;;750
48456;201500053851;15;10;5;645;5;2;7;1;6;115;7, PLACE CAMBRONNE;;;;750
48457;201500053852;15;10;6;1820;1;2;1;1;2;115;11, RUE DE CRONSTADT;;;;750
48458;201500053853;15;10;6;1930;5;2;1;1;6;115;37, RUE LINOIS;;;;750
48459;201500053854;15;10;7;830;1;2;7;1;6;115;90, RUE CAMBRONNE;;;;750
48460;201500053855;15;10;10;1625;1;2;1;1;6;115;62, RUE DE LA CROIX NIVE;;;;750
48461;201500053856;15;10;12;1855;1;2;2;1;6;115;182, RUE DE LA CONVENTIO;;;;750
48462;201500053857;15;10;13;1230;1;2;2;1;6;115;10, BOULEVARD VICTOR;;;;750
48463;201500053858;15;10;13;1710;1;2;1;1;4;115;PONT DE GRENELLE;;;;750
48464;201500053859;15;10;14;815;1;2;2;1;6;115;22, BOULEVARD PASTEUR;;;;750
48465;201500053860;15;10;16;1250;1;2;1;2;6;115;133, BOULEVARD DE GRENEL;;;;750
48466;201500053861;15;10;16;1710;2;2;1;2;3;115;44, RUE DE VOUILLE;;;;750
48467;201500053862;15;10;16;2245;5;2;1;2;3;115;, RUE DE VOUILLE;;;;750
48468;201500053863;15;10;17;2110;3;2;2;1;6;115;87, RUE DE LOURMEL;;;;750
48469;201500053864;15;10;20;1900;2;2;3;1;2;115;32-36, RUE DE LA CROIX N;;;;750
48470;201500053865;15;10;20;1945;5;2;3;1;3;115;RUE DE VOUILLE;;;;750
48471;201500053866;15;10;20;2025;5;2;7;1;6;115;1, RUE LOUIS ARMAND;;;;750
48472;201500053867;15;10;21;1740;5;2;4;1;3;115;35, BOULEVARD DE VAUGIRA;;;;750
48473;201500053868;15;10;22;1600;1;2;3;2;3;115;66, RUE DES MORILLONS;;;;750
48474;201500053870;15;10;27;755;2;2;1;1;3;115;62, RUE HENRY FARMAN;;;;750
48475;201500053871;15;10;28;2155;5;2;1;1;2;115;86, RUE DE LA CROIX NIVE;;;;750
48476;201500053873;15;10;31;900;1;2;3;1;6;115;326, RUE LECOURBE;;;;750
48477;201500053874;15;10;31;2310;5;2;2;1;3;115;RUE LINOIS;;;;750
48478;201500053875;15;11;1;1245;1;2;2;1;3;115;94, BOULEVARD LEFEBVRE;;;;750
48479;201500053876;15;11;2;825;1;2;1;1;6;115;218, RUE DE LA CROIX NIV;;;;750
48480;201500053877;15;11;2;1230;1;2;3;1;4;115;140, BOULEVARD DE GRENEL;;;;750
48481;201500053878;15;11;3;620;5;2;2;1;3;115;27, BOULEVARD VICTOR;;;;750
48482;201500053879;15;11;3;1006;1;2;1;2;6;115;84, BOULEVARD GARIBALDI;;;;750
48483;201500053881;15;11;5;830;1;2;2;1;6;115;37, BOULEVARD GARIBALDI;;;;750
48484;201500053882;15;11;5;750;2;2;3;1;3;115;13, BOULEVARD GENERAL MA;;;;750
48485;201500053883;15;11;6;1745;5;2;5;2;3;115;RUE EMERIAU;;;;750
48486;201500053884;15;11;8;1650;5;2;2;1;2;115;PLACE DU MOULIN DE JAVEL;;;;750
48487;201500053885;15;11;9;1750;5;2;1;1;2;115;320, RUE LECOURBE;;;;750
48488;201500053886;15;11;10;155;5;2;1;1;6;115;66, RUE DESNOUETTES;;;;750
48489;201500053887;15;11;14;1550;1;2;2;1;3;115;RUE DE SEVRES;;;;750
48490;201500053888;15;11;14;2200;4;2;1;1;6;115;7, RUE DE CHAMBERY;;;;750
48491;201500053889;15;11;17;1005;1;2;5;8;3;115;71, BOULEVARD PASTEUR;;;;750
48492;201500053890;15;11;19;745;1;2;1;1;6;115;137, RUE DE SEVRES;;;;750
48493;201500053891;15;11;19;2130;5;2;5;2;3;115;1, AVENUE DE SUFFREN;;;;750
48494;201500053892;15;11;20;1130;1;2;1;2;6;115;196, RUE DE LOURMEL;;;;750
48495;201500053893;15;11;20;1605;2;2;1;2;6;115;RUE DE LA CONVENTION;;;;750
48496;201500053894;15;11;22;1440;1;2;2;7;6;115;65, RUE DUTOT;;;;750
48497;201500053895;15;11;23;1800;5;2;3;8;3;115;RUE LINOIS;;;;750
48498;201500053897;15;11;24;1930;5;2;2;2;6;115;01, RUE DE JAVEL;;;;750
48499;201500053898;15;11;26;2205;5;2;4;1;3;115;QUAI BRANLY;;;;750
48500;201500053899;15;11;27;1;3;2;1;1;6;115;PORT DE SUFFREN;;;;750
48501;201500053900;15;11;27;900;1;2;2;1;2;115;11, RUE DE LA CONVENTION;;;;750
48502;201500053901;15;11;27;2315;5;2;1;2;6;115;234, RUE DE LA CONVENTIO;;;;750
48503;201500053902;15;11;30;1935;5;2;1;1;6;115;226, RUE LECOURBE;;;;750
48504;201500053903;15;12;2;1330;1;2;2;1;6;115;32, RUE DE DANTZIG;;;;750
48505;201500053904;15;12;2;1655;2;2;1;1;2;115;14, RUE MAUBLANC;;;;750
48506;201500053905;15;12;4;1515;1;2;1;1;6;115;PONT DE GRENELLE;;;;750
48507;201500053906;15;12;7;2130;5;2;2;1;3;115;30, BOULEVARD DU MONTPAR;;;;750
48508;201500053908;15;12;12;2205;5;2;2;1;3;115;189, RUE DE LA CONVENTIO;;;;750
48509;201500053909;15;12;15;900;1;2;1;2;6;115;177bis, RUE DE LA CROIX;;;;750
48510;201500053910;15;12;15;1050;1;2;1;2;2;115;78, RUE DE LA CONVENTION;;;;750
48511;201500053911;15;12;16;1530;1;2;1;1;3;115;30, RUE DE LOURMEL;;;;750
48512;201500053912;15;12;19;2032;5;2;5;1;6;115;PLACE DES MARTYRS JUIFS;;;;750
48513;201500053913;15;12;20;510;5;2;1;1;2;115;18, RUE DE LA CROIX NIVE;;;;750
48514;201500053915;15;12;23;1030;1;2;3;1;3;115;29, RUE CAMBRONNE;;;;750
48515;201500053916;15;12;23;1310;1;2;1;1;2;115;RUE HENRY FARMAN;;;;750
48516;201500053918;15;12;27;1910;5;2;5;1;2;115;QUAI ANDRE CITROEN;;;;750
48517;201500053919;15;12;28;1602;1;2;1;1;3;115;02, AVENUE DU MAINE;;;;750
48518;201500053920;15;12;29;1300;1;2;7;1;6;115;QUAI ANDRE CITROEN;;;;750
48519;201500053921;15;12;31;1825;3;2;1;1;7;115;106, RUE CASTAGNARY;;;;750
48520;201500053924;15;1;2;1515;1;2;1;1;2;116;120, AVENUE DE VERSAILLE;;;;750
48521;201500053925;15;1;3;1830;5;2;7;2;6;116;AVENUE FOCH;;;;750
48522;201500053926;15;1;4;1435;1;2;1;1;6;116;7 bis, RUE DE BOULAINVIL;;;;750
48523;201500053927;15;1;7;600;5;2;7;1;6;116;AVENUE PAUL DOUMER;;;;750
48524;201500053928;15;1;6;2150;5;2;1;8;3;116;PLACE DE LA PORTE MAILLO;;;;750
48525;201500053929;15;1;7;2030;5;2;4;1;6;116;AVENUE DE LA PORTE D AUT;;;;750
48526;201500053930;15;1;8;945;1;2;1;1;3;116;AVENUE FOCH;;;;750
48527;201500053931;15;1;8;1010;1;2;5;1;6;116;85, AVENUE MOZART;;;;750
48528;201500053932;15;1;8;1245;1;2;7;2;3;116;PLACE DU MARECHAL DE LAT;;;;750
48529;201500053933;15;1;9;1400;1;2;1;1;7;116;AVENUE DU PRESIDENT KENN;;;;750
48530;201500053934;15;1;11;10;5;2;2;1;3;116;08, RUE GUY DE MAUPASSAN;;;;750
48531;201500053935;15;1;11;330;5;2;1;2;6;116;8, AVENUE D IENA;;;;750
48532;201500053936;15;1;14;1310;1;2;1;2;6;116;AVENUE DE VERSAILLES;;;;750
48533;201500053937;15;1;14;1650;5;2;1;1;6;116;70, QUAI LOUIS BLERIOT;;;;750
48534;201500053938;15;1;15;950;1;2;1;6;2;116;VOIE GEORGES POMPIDOU;;;;750
48535;201500053939;15;1;15;1510;1;2;2;2;7;116;AVENUE KLEBER;;;;750
48536;201500053940;15;1;15;1945;5;2;2;2;6;116;RUE DE LA POMPE;;;;750
48537;201500053941;15;1;16;1600;1;2;2;2;6;116;37, RUE MOLITOR;;;;750
48538;201500053942;15;1;15;1255;1;2;3;1;3;116;84, AVENUE D IENA;;;;750
48539;201500053943;15;1;20;940;1;2;7;1;3;116;PLACE CLEMENT ADER;;;;750
48540;201500053944;15;1;22;1720;5;2;4;1;3;116;AVENUE DE LA PORTE DE SA;;;;750
48541;201500053945;15;1;22;2020;5;2;5;1;3;116;AVENUE PAUL DOUMER;;;;750
48542;201500053946;15;1;22;2340;5;2;1;1;7;116;VOIE GEORGES POMPIDOU;;;;750
48543;201500053947;15;1;23;830;1;2;1;1;6;116;AVENUE DU PRESIDENT KENN;;;;750
48544;201500053948;15;1;23;1150;1;2;7;1;6;116;2, PLACE PIERRE BRISSON;;;;750
48545;201500053949;15;1;23;1515;1;2;4;1;6;116;50, RUE CLAUDE TERRASSE;;;;750
48546;201500053950;15;1;24;1435;1;2;1;1;6;116;ROUTE DE LA MUETTE A NEU;;;;750
48547;201500053951;15;1;24;1800;5;2;7;1;6;116;87, AVENUE RAYMOND POINC;;;;750
48548;201500053952;15;1;28;900;1;2;2;1;6;116;65, RUE DE BOULAINVILLIE;;;;750
48549;201500053953;15;1;28;1030;1;2;5;1;6;116;70, AVENUE PAUL DOUMER;;;;750
48550;201500053954;15;1;28;1600;1;2;2;2;7;116;24, RUE DU RANELAGH;;;;750
48551;201500053955;15;1;28;1520;1;2;1;2;2;116;ALLEE DE LONGCHAMP;;;;750
48552;201500053956;15;1;28;1915;5;2;2;2;1;116;ALLEE DE LA REINE MARGUE;;;;750
48553;201500053957;15;1;29;800;2;2;1;2;6;116;57, AVENUE BUGEAUD;;;;750
48554;201500053959;15;1;29;1320;1;2;1;2;3;116;46, RUE CHARDON LAGACHE;;;;750
48555;201500053960;15;1;29;1720;5;2;7;2;3;116;PLACE DE COLOMBIE;;;;750
48556;201500053961;15;1;30;1330;1;2;4;1;1;116;67-69, AVENUE PAUL DOUME;;;;750
48557;201500053963;15;2;1;125;5;2;7;2;6;116;AVENUE FOCH;;;;750
48558;201500053964;15;2;1;1710;1;2;3;1;3;116;21, AVENUE DE VERSAILLES;;;;750
48559;201500053965;15;2;2;930;1;2;7;2;7;116;PLACE DU MARECHAL DE LAT;;;;750
48560;201500053966;15;2;3;1620;1;2;1;1;4;116;9 bis, AVENUE D IENA;;;;750
48561;201500053967;15;2;5;845;1;2;3;1;2;116;55, BOULEVARD LANNES;;;;750
48562;201500053968;15;2;4;2115;5;2;2;1;6;116;20, AVENUE DE NEW YORK;;;;750
48563;201500053969;15;2;5;1545;1;2;5;1;6;116;61, AVENUE GEORGES MANDE;;;;750
48564;201500053970;15;2;5;1255;1;2;1;1;3;116;AVENUE DU MAHATMA GANDHI;;;;750
48565;201500053971;15;2;8;100;5;2;2;1;3;116;ALLEE DE LONGCHAMP;;;;750
48566;201500053972;15;2;8;420;5;2;4;2;6;116;232, AVENUE DE VERSAILLE;;;;750
48567;201500053973;15;2;10;5;5;2;1;1;7;116;AVENUE KLEBER;;;;750
48568;201500053974;15;2;10;1500;1;2;3;8;4;116;86, AVENUE D IENA;;;;750
48569;201500053975;15;2;10;2310;5;2;2;1;2;116;ALLEE DE LA REINE MARGUE;;;;750
48570;201500053976;15;2;10;1540;1;2;1;1;6;116;ALLEE DE LA REINE MARGUE;;;;750
48571;201500053977;15;2;11;2005;5;2;1;1;3;116;46, BOULEVARD MURAT;;;;750
48572;201500053978;15;2;13;1230;1;2;7;1;7;116;1, PLACE DE COLOMBIE;;;;750
48573;201500053980;15;2;16;915;1;2;2;1;3;116;9, RUE JEAN BOLOGNE;;;;750
48574;201500053981;15;2;10;1345;1;2;1;1;3;116;17, CHAUSSEE LA MUETTE;;;;750
48575;201500053982;15;2;18;1;5;2;7;1;3;116;PLACE D IENA;;;;750
48576;201500053983;15;2;18;900;1;2;7;1;6;116;PLACE DU TROCADERO ET DU;;;;750
48577;201500053984;15;2;18;1135;1;2;1;1;6;116;121BIS, RUE DE LA POMPE;;;;750
48578;201500053985;15;2;18;2335;5;2;5;1;3;116;PLACE DE LA PORTE MAILLO;;;;750
48579;201500053986;15;2;19;1200;1;1;1;1;3;117;AVENUE DE NEUILLY;;;;750
48580;201500053987;15;2;19;2200;5;2;7;1;3;116;PLACE CHARLES DE GAULLE;;;;750
48581;201500053988;15;2;19;2340;5;2;1;1;6;108;10, RUE DE LISBONNE;;;;750
48582;201500053989;15;2;21;35;5;2;1;2;3;116;ALLEE DE LONGCHAMP;;;;750
48583;201500053990;15;2;21;720;1;2;4;8;6;116;1, CARREFOUR DE CROIX CA;;;;750
48584;201500053991;15;2;21;1550;1;2;7;1;3;116;1, PLACE DU PARAGUAY;;;;750
48585;201500053992;15;2;22;1230;1;2;1;1;2;116;AVENUE DU MAHATMA GANDHI;;;;750
48586;201500053993;15;2;25;1815;5;2;7;2;3;116;PLACE DE LA PORTE MAILLO;;;;750
48587;201500053994;15;2;27;825;1;2;2;1;6;116;AVENUE MOZART;;;;750
48588;201500053995;15;2;28;405;5;2;1;1;3;116;AVENUE DE L HIPPODROME;;;;750
48589;201500053996;15;2;22;1245;1;2;2;1;6;116;ROUTE DE LA MUETTE A NEU;;;;750
48590;201500053997;15;2;28;1645;1;2;4;1;6;116;94, AVENUE RAYMOND POINC;;;;750
48591;201500053999;15;3;1;540;5;2;3;1;6;116;54, AVENUE DE NEW YORK;;;;750
48592;201500054000;15;3;3;245;5;2;7;1;6;116;PLACE DE COSTA RICA;;;;750
48593;201500054001;15;3;4;1620;1;2;4;1;6;116;AVENUE EDOUARD VAILLANT;;;;750
48594;201500054002;15;3;4;1815;2;2;2;1;3;116;AVENUE DE L HIPPODROME;;;;750
48595;201500054003;15;3;5;1820;1;2;4;1;6;116;BOULEVARD PERIPHERIQUE;;;;750
48596;201500054004;15;3;6;1845;5;2;1;1;2;116;ALLEE DE LA REINE MARGUE;;;;750
48597;201500054006;15;3;7;1700;1;2;4;1;3;116;ECHANGEUR AUTEUIL;;;;750
48598;201500054007;15;3;11;950;1;2;1;1;3;116;ALLEE DE LA REINE MARGUE;;;;750
48599;201500054009;15;3;12;1200;1;2;1;1;3;116;65, AVENUE MARCEAU;;;;750
48600;201500054010;15;3;12;1330;1;2;1;1;3;116;AVENUE DE L HIPPODROME;;;;750
48601;201500054011;15;3;13;1430;1;2;3;1;6;116;79, AVENUE MOZART;;;;750
48602;201500054012;15;3;14;115;5;2;2;1;3;116;AVENUE GEORGES LAFONT;;;;750
48603;201500054013;15;3;14;1400;1;2;2;1;3;116;RUE RIBERA;;;;750
48604;201500054014;15;3;13;1755;1;2;1;1;6;116;65, AVENUE KLEBER;;;;750
48605;201500054015;15;3;17;1745;1;2;1;1;6;116;ROUTE DE LA PTE DES SABL;;;;750
48606;201500054016;15;3;18;1450;1;2;2;1;2;117;156, RUE CARDINET;;;;750
48607;201500054017;15;3;18;2310;5;2;1;1;3;116;ROUTE DE SURESNES;;;;750
48608;201500054018;15;3;19;640;2;2;5;1;6;116;154, AVENUE DE VERSAILLE;;;;750
48609;201500054019;15;3;19;1000;1;2;5;1;2;116;ALLEE DES FORTIFICATIONS;;;;750
48610;201500054020;15;3;19;1850;5;2;1;1;3;116;ALLEE DE LA REINE MARGUE;;;;750
48611;201500054021;15;3;19;1900;5;2;7;1;6;116;PORTE DE SAINT CLOUD;;;;750
48612;201500054022;15;3;19;1245;1;2;1;1;2;116;87, BOULEVARD MURAT;;;;750
48613;201500054023;15;3;20;2235;5;2;7;1;6;116;AVENUE DU GENERAL SARRAI;;;;750
48614;201500054024;15;3;21;1150;1;2;1;1;2;116;7, AVENUE D EYLAU;;;;750
48615;201500054025;15;3;23;1445;1;2;1;1;6;116;35, BOULEVARD SUCHET;;;;750
48616;201500054026;15;3;23;1755;1;2;1;1;6;116;6, RUE DE LUBECK;;;;750
48617;201500054027;15;3;24;1145;1;2;2;2;2;116;26, AVENUE DE NEW YORK;;;;750
48618;201500054028;15;3;24;1730;2;2;5;3;3;116;2, BOULEVARD SUCHET;;;;750
48619;201500054029;15;3;25;1017;1;2;2;1;6;116;12, RUE CHARLES TELLIER;;;;750
48620;201500054032;15;3;27;1335;1;2;1;1;6;116;AVENUE DE NEW YORK;;;;750
48621;201500054033;15;3;28;1300;1;2;2;1;6;116;13, RUE AUGUSTE VACQUERI;;;;750
48622;201500054034;15;3;29;130;3;2;1;1;7;116;AVENUE DE SAINT CLOUD;;;;750
48623;201500054035;15;3;29;2200;5;2;7;2;6;116;PLACE POSSOZ;;;;750
48624;201500054036;15;3;30;2050;3;2;1;1;7;116;BOULEVARD PERIPHERIQUE;;;;750
48625;201500054037;15;4;1;905;1;2;3;1;6;116;65, AVENUE PAUL DOUMER;;;;750
48626;201500054038;15;4;2;750;2;2;1;1;6;116;ALLEE DES FORTIFICATIONS;;;;750
48627;201500054039;15;4;5;125;5;2;1;1;6;116;AVENUE DU PRESIDENT KENN;;;;750
48628;201500054041;15;4;8;805;1;2;1;1;6;116;AVENUE FOCH;;;;750
48629;201500054042;15;4;8;855;1;2;1;1;2;116;ALLEE DU BORD DE L EAU;;;;750
48630;201500054043;15;4;8;1430;1;2;5;1;3;116;43, AVENUE DE LA GRANDE;;;;750
48631;201500054045;15;4;9;1822;1;2;1;1;6;116;66, AVENUE VICTOR HUGO;;;;750
48632;201500054046;15;4;11;1915;1;2;1;1;6;116;AVENUE INGRES;;;;750
48633;201500054047;15;4;12;1345;1;2;7;1;1;116;77, BOULEVARD LANNES;;;;750
48634;201500054048;15;4;13;815;1;2;5;1;3;116;29, AVENUE DE LAMBALLE;;;;750
48635;201500054049;15;4;13;1915;1;2;2;1;3;116;RUE RAYNOUARD;;;;750
48636;201500054050;15;4;15;1145;1;2;1;1;6;116;15, RUE MESNIL;;;;750
48637;201500054051;15;4;15;2040;5;2;3;1;6;116;13, AVENUE DE LA PORTE M;;;;750
48638;201500054052;15;4;16;105;5;2;3;1;6;116;2, RUE DAUMIER;;;;750
48639;201500054053;15;4;16;850;1;2;7;1;3;116;PLACE DE LA PORTE MAILLO;;;;750
48640;201500054055;15;4;17;910;1;2;1;1;3;116;12, QUAI SAINT EXUPERY;;;;750
48641;201500054056;15;4;17;920;1;2;5;1;3;116;CHAUSSEE LA MUETTE;;;;750
48642;201500054057;15;4;17;2030;2;2;1;1;6;116;162, AVENUE DE MALAKOFF;;;;750
48643;201500054058;15;4;19;1555;1;2;7;1;3;116;PLACE CHARLES DE GAULLE;;;;750
48644;201500054059;15;4;19;1850;1;2;5;1;6;116;AVENUE DE VERSAILLES;;;;750
48645;201500054060;15;4;20;1555;1;2;1;1;3;117;75, AVENUE DE LA GRANDE;;;;750