;Num_Acc;an;mois;jour;hrmn;lum;agg;int;atm;col;com;adr;gps;lat;long;dep
48646;201500054061;15;4;20;1540;1;2;1;1;2;108;COURS ALBERT 1ER;;;;750
48647;201500054063;15;4;22;1120;1;2;1;1;6;116;1-3, AVENUE DU GENERAL S;;;;750
48648;201500054064;15;4;22;945;1;2;1;1;2;116;27, AVENUE FOCH;;;;750
48649;201500054065;15;4;22;2220;5;2;7;1;2;116;PLACE CHARLES DE GAULLE;;;;750
48650;201500054066;15;4;23;1510;1;2;2;1;3;116;ALLEE DE LONGCHAMP;;;;750
48651;201500054067;15;4;23;1945;1;2;1;1;6;116;24, AVENUE D EYLAU;;;;750
48652;201500054068;15;4;23;2030;5;2;1;1;6;116;116, AVENUE DU PRESIDENT;;;;750
48653;201500054069;15;4;23;1955;1;2;1;1;2;116;16, AVENUE DU PRESIDENT;;;;750
48654;201500054070;15;4;24;1425;1;2;5;1;3;116;RUE DE LA POMPE;;;;750
48655;201500054071;15;4;24;1515;1;2;4;1;3;116;PLACE DE LA PORTE MAILLO;;;;750
48656;201500054072;15;4;24;1845;1;2;4;1;2;116;20, CHAUSSEE LA MUETTE;;;;750
48657;201500054074;15;4;29;915;1;2;1;1;6;116;50, QUAI LOUIS BLERIOT;;;;750
48658;201500054075;15;4;29;1125;1;2;3;1;6;116;30, AVENUE DE VERSAILLES;;;;750
48659;201500054076;15;4;29;1000;1;2;5;1;6;116;AVENUE MOZART;;;;750
48660;201500054077;15;4;30;1530;1;2;2;2;6;116;11, RUE CHARDON LAGACHE;;;;750
48661;201500054078;15;5;4;2210;5;2;3;1;6;116;72, AVENUE DE VERSAILLES;;;;750
48662;201500054079;15;5;6;915;1;2;7;1;6;116;1, RUE BOISSIERE;;;;750
48663;201500054081;15;5;8;940;1;2;2;8;2;116;ALLEE DE LONGCHAMP;;;;750
48664;201500054082;15;5;9;2000;1;2;4;1;3;116;VOIE GEORGES POMPIDOU;;;;750
48665;201500054083;15;5;10;2320;5;2;3;1;6;116;34, AVENUE DE VERSAILLES;;;;750
48666;201500054084;15;5;10;1000;1;2;1;1;6;116;27, BOULEVARD EXELMANS;;;;750
48667;201500054085;15;5;11;1041;1;2;3;1;6;116;19bis, AVENUE KLEBER;;;;750
48668;201500054087;15;5;11;1730;1;2;7;1;3;116;ROUTE DE SEVRES A NEUILL;;;;750
48669;201500054088;15;5;13;945;1;2;7;1;6;116;130, RUE DE LA POMPE;;;;750
48670;201500054089;15;5;14;30;5;2;2;1;1;116;BOULEVARD RICHARD WALLAC;;;;750
48671;201500054090;15;5;15;1;5;2;1;1;2;116;x, BOULEVARD PERIPHERIQU;;;;750
48672;201500054091;15;5;15;1000;1;2;5;1;4;116;ALLEE DE LONGCHAMP;;;;750
48673;201500054092;15;5;17;1145;1;2;2;1;2;116;33, RUE BOISSIERE;;;;750
48674;201500054094;15;5;17;1928;1;2;1;1;3;116;49, RUE LAURISTON;;;;750
48675;201500054095;15;5;18;1420;1;2;3;1;3;116;88, AVENUE KLEBER;;;;750
48676;201500054096;15;5;18;1515;1;2;2;8;6;116;16, RUE BENJAMIN FRANKLI;;;;750
48677;201500054097;15;5;18;1825;1;2;3;1;6;116;188 BIS, RUE DE LONGCHAM;;;;750
48678;201500054098;15;5;18;1955;2;2;5;1;6;116;ROUTE DE LA PTE DAUPHINE;;;;750
48679;201500054099;15;5;18;1820;1;2;1;1;7;116;AVENUE EDOUARD VAILLANT;;;;750
48680;201500054100;15;5;19;935;1;2;7;8;2;116;89, AVENUE DE LA GRANDE;;;;750
48681;201500054101;15;5;18;2000;2;2;7;3;3;116;PLACE CHARLES DE GAULLE;;;;750
48682;201500054102;15;5;19;1605;1;2;2;1;1;116;ALLEE DE LONGCHAMP;;;;750
48683;201500054103;15;5;19;1513;1;2;1;2;3;116;BOULEVARD PERIPHERIQUE I;;;;750
48684;201500054104;15;5;20;1930;1;2;7;1;6;116;1, PLACE DU TROCADERO ET;;;;750
48685;201500054105;15;5;22;835;1;2;1;1;6;116;AVENUE DU MAHATMA GANDHI;;;;750
48686;201500054106;15;5;22;1600;1;2;1;1;6;116;21, RUE GUDIN;;;;750
48687;201500054107;15;5;22;345;5;2;1;1;6;116;98, RUE JEAN DE LA FONTA;;;;750
48688;201500054108;15;5;24;645;2;2;1;1;6;116;15, AVENUE DU PRESIDENT;;;;750
48689;201500054109;15;5;24;1340;1;2;1;1;6;116;ALLEE DES ERABLES;;;;750
48690;201500054110;15;5;25;1240;1;2;2;1;6;116;BOULEVARD MURAT;;;;750
48691;201500054111;15;5;26;1525;1;2;1;1;2;116;22, AVENUE DU PRESIDENT;;;;750
48692;201500054112;15;5;27;1800;1;2;1;1;6;116;97, AVENUE VICTOR HUGO;;;;750
48693;201500054113;15;5;27;2010;1;2;7;1;3;116;PLACE DE LA PORTE D AUTE;;;;750
48694;201500054114;15;5;28;1950;1;2;1;1;3;116;ALLEE DE LA REINE MARGUE;;;;750
48695;201500054115;15;5;29;2050;1;2;1;1;3;116;39, BOULEVARD EXELMANS;;;;750
48696;201500054117;15;5;31;1910;2;2;1;2;6;116;26, AVENUE DE NEW YORK;;;;750
48697;201500054118;15;6;1;1100;1;2;1;1;6;116;AVENUE DE NEW YORK;;;;750
48698;201500054119;15;6;2;910;1;2;4;1;6;116;AVENUE RAPHAEL;;;;750
48699;201500054120;15;6;2;920;1;2;1;1;6;116;7, RUE ALFRED BRUNEAU;;;;750
48700;201500054121;15;6;2;1600;1;2;1;1;4;116;BOULEVARD PERIPHERIQUE E;;;;750
48701;201500054122;15;6;3;1300;1;2;1;1;6;116;1, RUE GAVARNI;;;;750
48702;201500054123;15;6;3;1815;1;2;1;1;2;116;ALLEE DE LONGCHAMP;;;;750
48703;201500054124;15;6;5;1030;1;2;2;1;3;116;69, AVENUE MARCEAU;;;;750
48704;201500054125;15;6;5;1545;1;2;1;7;4;116;ALLEE DU BORD DE L EAU;;;;750
48705;201500054126;15;6;6;1900;1;2;5;1;6;116;RUE CHARDON LAGACHE;;;;750
48706;201500054128;15;6;7;1530;1;2;1;1;3;116;PLACE DE LA PORTE MAILLO;;;;750
48707;201500054129;15;6;8;1345;1;2;2;1;6;116;16, AVENUE BUGEAUD;;;;750
48708;201500054130;15;6;8;1445;1;2;2;1;6;116;27, AVENUE PAUL DOUMER;;;;750
48709;201500054131;15;6;9;835;1;2;2;1;3;116;ALLEE DE LA REINE MARGUE;;;;750
48710;201500054132;15;6;9;930;1;2;4;1;4;116;AUTOROUTE A13;;;;750
48711;201500054133;15;6;9;1730;1;2;2;1;6;116;98, AVENUE D IENA;;;;750
48712;201500054134;15;6;10;1715;1;2;1;1;3;116;66, AVENUE VICTOR HUGO;;;;750
48713;201500054136;15;6;11;1330;1;2;1;1;2;116;3, RUE ABEL FERRY;;;;750
48714;201500054137;15;6;2;1745;1;2;1;1;2;116;ALLEE DU BORD DE L EAU;;;;750
48715;201500054138;15;6;16;905;1;2;1;1;6;116;46, AVENUE DE NEW YORK;;;;750
48716;201500054139;15;6;16;845;1;2;5;1;4;116;PORTE MOLITOR;;;;750
48717;201500054141;15;6;17;1305;1;2;1;1;6;116;77, AVENUE RAYMOND POINC;;;;750
48718;201500054142;15;6;16;2020;1;2;1;7;6;116;57, AVENUE BUGEAUD;;;;750
48719;201500054143;15;6;18;1405;1;2;1;1;7;116;03, AVENUE DE LA PORTE D;;;;750
48720;201500054144;15;6;18;1750;1;2;1;1;6;116;BOULEVARD PERIPHERIQUE I;;;;750
48721;201500054145;15;6;18;1715;1;2;2;1;6;116;PONT D IENA;;;;750
48722;201500054146;15;6;19;410;5;2;1;1;7;116;27, AVENUE DE LA GRANDE;;;;750
48723;201500054147;15;6;19;1430;1;2;7;1;3;116;PLACE CHARLES DE GAULLE;;;;750
48724;201500054148;15;6;22;10;5;2;1;1;4;116;44, AVENUE D IENA;;;;750
48725;201500054149;15;6;22;40;5;2;1;1;6;116;VOIE GEORGES POMPIDOU;;;;750
48726;201500054150;15;6;22;2330;4;2;1;1;6;116;AVENUE DE NEW YORK;;;;750
48727;201500054151;15;6;23;1030;1;2;2;1;6;116;RUE DE LA FAISANDERIE;;;;750
48728;201500054152;15;6;23;1400;1;2;3;1;6;116;AVENUE FOCH;;;;750
48729;201500054153;15;6;23;1600;1;2;1;1;3;116;39, AVENUE D IENA;;;;750
48730;201500054154;15;6;24;920;1;2;1;1;6;116;62, AVENUE DE NEW YORK;;;;750
48731;201500054156;15;6;24;2240;5;2;1;1;7;116;AVENUE DE NEW YORK;;;;750
48732;201500054157;15;5;26;845;1;2;1;1;6;116;79, AVENUE DE LA GRANDE;;;;750
48733;201500054158;15;6;25;845;1;2;1;1;6;116;79, AVENUE DE LA GRANDE;;;;750
48734;201500054159;15;6;25;922;1;2;2;1;3;116;AVENUE BUGEAUD;;;;750
48735;201500054160;15;6;25;915;1;2;3;1;3;116;25, BOULEVARD DE L AMIRA;;;;750
48736;201500054161;15;6;25;915;1;2;1;1;4;116;7, AVENUE FOCH;;;;750
48737;201500054162;15;6;25;1645;1;2;3;1;3;116;63, AVENUE KLEBER;;;;750
48738;201500054163;15;6;25;1930;1;2;3;1;6;116;RUE DE BASSANO;;;;750
48739;201500054165;15;6;26;1125;1;2;1;1;2;116;6, RUE D ANDIGNE;;;;750
48740;201500054166;15;6;27;1915;1;2;1;1;6;116;ALLEE DE LONGCHAMP;;;;750
48741;201500054167;15;6;24;1200;1;2;2;1;6;116;24, AVENUE BUGEAUD;;;;750
48742;201500054168;15;6;29;1735;1;2;3;1;3;116;46, AVENUE DU PRESIDENT;;;;750
48743;201500054169;15;6;29;1750;1;2;1;1;2;116;46, RUE RAFFET;;;;750
48744;201500054170;15;6;30;930;1;2;1;1;4;116;ALLEE DE LONGCHAMP;;;;750
48745;201500054171;15;7;1;550;1;2;1;1;6;116;VOIE GEORGES POMPIDOU;;;;750
48746;201500054172;15;7;1;1020;1;2;1;1;6;116;ROUTE DES TRIBUNES;;;;750
48747;201500054173;15;7;1;1110;1;2;3;1;6;116;67, AVENUE VICTOR HUGO;;;;750
48748;201500054174;15;7;1;1705;1;2;5;1;6;116;69, AVENUE HENRI MARTIN;;;;750
48749;201500054175;15;7;1;1815;1;2;1;1;6;116;1, BOULEVARD EMILE AUGIE;;;;750
48750;201500054176;15;7;1;1335;1;2;2;1;6;116;124, RUE DE LONGCHAMP;;;;750
48751;201500054177;15;7;3;1930;1;2;2;1;2;116;AVENUE DE L HIPPODROME;;;;750
48752;201500054178;15;7;3;2005;1;2;5;1;3;116;RUE JOSEPH ET MARIE HACK;;;;750
48753;201500054179;15;7;6;635;1;2;5;1;3;116;ROUTE DE SURESNES;;;;750
48754;201500054180;15;7;7;1750;1;2;1;1;2;116;46, AVENUE DE NEW YORK;;;;750
48755;201500054182;15;7;8;2015;1;2;1;1;2;116;BOULEVARD PERIPHERIQUE;;;;750
48756;201500054183;15;7;9;208;5;2;4;1;3;116;10, VOIE GEORGES POMPIDO;;;;750
48757;201500054184;15;7;6;1210;1;2;1;1;3;116;7, AVENUE ALBERT DE MUN;;;;750
48758;201500054185;15;7;10;1025;1;2;7;1;3;116;, AVENUE HENRI MARTIN;;;;750
48759;201500054186;15;7;9;1845;1;2;1;1;3;116;BOULEVARD PERIPHERIQUE E;;;;750
48760;201500054187;15;7;10;1725;1;2;1;1;6;116;110, AVENUE DE VERSAILLE;;;;750
48761;201500054188;15;7;10;1900;1;2;1;1;6;116;29, AVENUE KLEBER;;;;750
48762;201500054189;15;7;11;130;5;2;2;1;6;116;PONT DE BIR HAKEIM;;;;750
48763;201500054190;15;7;11;2000;1;2;7;1;4;117;2, PLACE DE LA PORTE MAI;;;;750
48764;201500054191;15;7;12;1630;1;2;2;1;3;108;25, RUE DE MIROMESNIL;;;;750
48765;201500054192;15;7;13;735;1;2;5;1;3;116;0, AVENUE FOCH;;;;750
48766;201500054193;15;7;13;1550;1;2;3;8;6;116;141, AVENUE VICTOR HUGO;;;;750
48767;201500054194;15;7;14;1700;1;2;1;1;3;116;ROUTE DE SEVRES A NEUILL;;;;750
48768;201500054196;15;7;15;915;1;2;5;1;3;116;AVENUE DE VERSAILLES;;;;750
48769;201500054197;15;7;16;1555;1;2;4;1;2;116;37, BOULEVARD MURAT;;;;750
48770;201500054198;15;7;17;135;5;2;3;1;6;116;135, AVENUE DE VERSAILLE;;;;750
48771;201500054199;15;7;17;1630;1;2;1;1;6;116;55, AVENUE D IENA;;;;750
48772;201500054200;15;7;22;1235;1;2;7;1;3;116;PLACE DU MARECHAL DE LAT;;;;750
48773;201500054201;15;7;24;1815;1;2;1;8;3;116;117, AVENUE VICTOR HUGO;;;;750
48774;201500054202;15;7;24;2350;5;2;2;1;3;117;64, AVENUE DE WAGRAM;;;;750
48775;201500054203;15;7;25;1940;1;2;1;1;2;116;ROUTE DE LA PTE DAUPHINE;;;;750
48776;201500054204;15;7;26;2015;2;2;2;1;3;116;13, RUE COPERNIC;;;;750
48777;201500054205;15;7;27;1250;1;2;1;1;6;116;AVENUE DU MAHATMA GANDHI;;;;750
48778;201500054206;15;7;28;1830;1;2;2;1;3;116;11, RUE GEORGE SAND;;;;750
48779;201500054207;15;7;28;1210;1;2;3;8;3;116;159, AVENUE DE VERSAILLE;;;;750
48780;201500054208;15;7;29;1420;1;2;7;1;3;116;PLACE CHARLES DE GAULLE;;;;750
48781;201500054209;15;7;30;940;1;2;7;1;2;116;AVENUE HENRI MARTIN;;;;750
48782;201500054210;15;7;31;1325;1;2;7;1;3;116;46, AVENUE DU PRESIDENT;;;;750
48783;201500054211;15;8;2;1120;1;2;2;1;6;116;AVENUE DE L HIPPODROME;;;;750
48784;201500054212;15;8;2;1830;1;2;5;1;3;116;BOULEVARD LANNES;;;;750
48785;201500054213;15;8;3;720;1;2;1;1;6;116;ROUTE DES TRIBUNES;;;;750
48786;201500054214;15;8;3;2223;5;2;5;1;2;116;11, BOULEVARD LANNES;;;;750
48787;201500054215;15;8;3;1540;1;2;1;1;3;116;11, AVENUE D EYLAU;;;;750
48788;201500054216;15;8;5;1645;1;2;7;1;2;116;6, PLACE D IENA;;;;750
48789;201500054217;15;8;6;1530;1;2;3;1;6;116;30, AVENUE DE NEW YORK;;;;750
48790;201500054218;15;8;5;1932;1;2;5;1;6;116;ROUTE DES MOULINS;;;;750
48791;201500054220;15;8;11;2015;2;2;2;1;6;116;./, RUE DEGAS;;;;750
48792;201500054221;15;8;12;1700;1;2;1;1;3;116;15, RUE DE REMUSAT;;;;750
48793;201500054222;15;8;15;1715;1;2;1;7;6;116;14, AVENUE DU PRESIDENT;;;;750
48794;201500054223;15;8;17;1040;1;2;3;1;6;116;126, AVENUE MOZART;;;;750
48795;201500054224;15;8;18;1615;1;2;1;1;1;116;ROUTE DE SEVRES A NEUILL;;;;750
48796;201500054225;15;8;21;1425;1;2;1;1;2;116;AVENUE DE LA PORTE D AUT;;;;750
48797;201500054226;15;8;22;1230;1;2;1;1;6;116;2, ROUTE DES TRIBUNES;;;;750
48798;201500054227;15;8;23;1515;1;2;5;1;2;117;19, AVENUE DE LA GRANDE;;;;750
48799;201500054228;15;8;24;1840;1;2;1;3;7;116;102, AVENUE VICTOR HUGO;;;;750
48800;201500054229;15;8;25;1930;1;2;7;1;3;108;PLACE DE LA CONCORDE;;;;750
48801;201500054230;15;8;26;930;1;2;1;1;6;116;4, RUE DE LUBECK;;;;750
48802;201500054231;15;8;27;825;1;2;4;2;3;116;90, AVENUE D IENA;;;;750
48803;201500054232;15;8;27;945;1;2;7;1;2;108;PLACE CHARLES DE GAULLE;;;;750
48804;201500054233;15;8;28;1120;1;2;1;1;6;116;51, AVENUE KLEBER;;;;750
48805;201500054234;15;8;29;1410;1;2;2;1;2;116;110, AVENUE RAYMOND POIN;;;;750
48806;201500054235;15;8;30;1950;2;2;7;1;2;116;AVENUE DE NEW YORK;;;;750
48807;201500054236;15;8;31;350;5;2;1;1;3;116;ALLEE DE LONGCHAMP;;;;750
48808;201500054237;15;9;2;1530;1;2;7;1;3;116;PLACE CHARLES DE GAULLE;;;;750
48809;201500054238;15;9;2;1840;1;2;7;1;6;116;2, PLACE DE BARCELONE;;;;750
48810;201500054239;15;9;5;1630;1;2;1;1;6;116;74, AVENUE VICTOR HUGO;;;;750
48811;201500054240;15;9;5;2220;5;2;1;1;3;116;ALLEE DE LONGCHAMP;;;;750
48812;201500054241;15;9;7;1350;1;2;1;1;3;116;4, AVENUE D EYLAU;;;;750
48813;201500054242;15;9;8;1300;1;2;7;1;5;116;PLACE DE LA PORTE MAILLO;;;;750
48814;201500054243;15;9;9;1010;1;2;7;1;2;116;23, AVENUE DE NEUILLY;;;;750
48815;201500054244;15;9;9;2115;3;2;3;1;3;116;RUE RAYNOUARD;;;;750
48816;201500054245;15;9;9;2330;4;2;1;1;3;116;ALLEE DE LONGCHAMP;;;;750
48817;201500054246;15;9;10;835;1;2;7;1;3;116;105, BOULEVARD SUCHET;;;;750
48818;201500054247;15;9;10;1510;1;2;2;1;3;116;12, AVENUE DE LAMBALLE;;;;750
48819;201500054248;15;9;11;1810;1;2;1;1;6;116;21, AVENUE DU PRESIDENT;;;;750
48820;201500054249;15;9;10;1930;2;2;7;1;3;116;PLACE DU DOCTEUR HAYEM;;;;750
48821;201500054251;15;9;15;2100;5;2;1;1;2;116;71, AVENUE MOZART;;;;750
48822;201500054252;15;9;15;2150;5;2;2;2;3;116;ALLEE DE LONGCHAMP;;;;750
48823;201500054253;15;9;17;930;1;2;5;1;6;116;ALLEE DE LA REINE MARGUE;;;;750
48824;201500054254;15;9;11;1345;1;2;1;1;6;116;4, AVENUE INGRES;;;;750
48825;201500054255;15;9;18;425;5;2;5;1;3;117;AVENUE DE LA PORTE D ASN;;;;750
48826;201500054256;15;9;18;1730;1;2;4;1;3;116;AVENUE DE LA PORTE D AUT;;;;750
48827;201500054257;15;9;18;1945;5;2;2;2;5;117;150, AVENUE DE CLICHY;;;;750
48828;201500054258;15;9;19;211;5;2;7;1;3;116;12, PLACE VICTOR HUGO;;;;750
48829;201500054259;15;9;19;335;5;2;1;1;6;116;AVENUE INGRES;;;;750
48830;201500054260;15;9;14;915;1;2;2;1;7;116;25, AVENUE PAUL DOUMER;;;;750
48831;201500054261;15;9;21;910;1;2;2;1;2;116;26, RUE DU RANELAGH;;;;750
48832;201500054262;15;9;20;2030;5;2;3;1;2;116;2, RUE DE BELLOY;;;;750
48833;201500054263;15;9;21;1600;1;2;5;1;3;116;AVENUE DE VERSAILLES;;;;750
48834;201500054264;15;9;22;1050;1;2;4;8;3;116;QUAI SAINT EXUPERY;;;;750
48835;201500054265;15;9;23;1820;1;2;1;1;6;116;12, AVENUE DE LA PORTE D;;;;750
48836;201500054266;15;9;24;110;5;2;7;1;3;116;17, PLACE DES ETATS UNIS;;;;750
48837;201500054267;15;9;25;1730;1;2;6;1;3;116;PLACE DU MARECHAL DE LAT;;;;750
48838;201500054268;15;9;26;1130;1;2;4;1;3;116;182, AVENUE DE VERSAILLE;;;;750
48839;201500054269;15;9;27;2010;5;2;1;1;7;116;ROUTE DE LA PTE DAUPHINE;;;;750
48840;201500054270;15;9;24;910;1;2;1;1;6;116;VOIE GEORGES POMPIDOU;;;;750
48841;201500054272;15;9;28;1940;5;2;1;1;3;116;94, AVENUE D IENA;;;;750
48842;201500054273;15;9;28;1820;2;2;2;1;3;116;ALLEE DE LONGCHAMP;;;;750
48843;201500054275;15;9;28;1730;1;2;1;1;5;116;ALLEE DU BORD DE L EAU;;;;750
48844;201500054276;15;9;29;1915;5;2;1;1;6;116;ALLEE DE LA REINE MARGUE;;;;750
48845;201500054279;15;10;1;940;1;2;7;1;6;116;PLACE DE LA PORTE MAILLO;;;;750
48846;201500054281;15;10;1;1715;1;2;3;1;3;116;BOULEVARD DE L AMIRAL BR;;;;750
48847;201500054282;15;10;1;2325;5;2;2;1;2;116;AVENUE DE NEW YORK;;;;750
48848;201500054283;15;10;2;148;5;2;5;1;3;116;108, AVENUE DU PRESIDENT;;;;750
48849;201500054284;15;10;2;1630;1;2;2;1;2;116;ALLEE DE LONGCHAMP;;;;750
48850;201500054285;15;10;2;2115;5;2;7;1;3;116;BOULEVARD MURAT;;;;750
48851;201500054286;15;10;3;600;5;2;5;1;6;116;AVENUE DU PRESIDENT WILS;;;;750
48852;201500054287;15;10;5;1810;1;2;5;3;5;116;AVENUE VICTOR HUGO;;;;750
48853;201500054288;15;10;6;1710;1;2;1;1;3;116;46, RUE MIRABEAU;;;;750
48854;201500054289;15;10;6;1125;1;2;2;1;3;116;BOULEVARD SUCHET;;;;750
48855;201500054290;15;10;9;2010;5;2;1;1;6;116;33, AVENUE VICTOR HUGO;;;;750
48856;201500054291;15;10;11;1322;1;2;1;1;6;116;6, AVENUE ALBERT DE MUN;;;;750
48857;201500054292;15;10;11;1425;1;2;2;1;3;116;BOULEVARD SUCHET;;;;750
48858;201500054293;15;10;10;1310;1;2;1;1;2;116;BOULEVARD PERIPHERIQUE E;;;;750
48859;201500054294;15;10;13;1400;1;2;3;1;3;116;11, BOULEVARD LANNES;;;;750
48860;201500054295;15;10;14;320;5;2;2;1;6;116;AVENUE FOCH;;;;750
48861;201500054296;15;10;14;1200;1;2;2;1;3;116;QUAI LOUIS BLERIOT;;;;750
48862;201500054297;15;10;12;1710;1;2;3;1;3;116;72, AVENUE DE VERSAILLES;;;;750
48863;201500054298;15;10;15;2000;5;2;3;2;2;116;40, AVENUE DE VERSAILLES;;;;750
48864;201500054300;15;10;17;1200;1;2;1;1;2;116;BOULEVARD DE L AMIRAL BR;;;;750
48865;201500054301;15;10;17;1720;1;2;3;1;3;116;19, AVENUE PAUL DOUMER;;;;750
48866;201500054302;15;10;17;1915;5;2;1;1;2;116;59, AVENUE KLEBER;;;;750
48867;201500054303;15;10;16;1430;1;2;3;1;6;116;22, RUE DURET;;;;750
48868;201500054304;15;10;20;2015;5;2;1;1;3;116;ALLEE DE LA REINE MARGUE;;;;750
48869;201500054305;15;10;21;240;5;2;1;1;6;116;82, BOULEVARD MURAT;;;;750
48870;201500054306;15;10;22;1430;1;2;7;1;2;116;1, PLACE DU TROCADERO ET;;;;750
48871;201500054308;15;10;25;315;5;2;1;1;2;116;9, BOULEVARD DELESSERT;;;;750
48872;201500054309;15;10;25;1600;1;2;1;1;3;116;8, AVENUE DE VERSAILLES;;;;750
48873;201500054310;15;10;26;2355;5;2;1;1;2;116;ALLEE DE LONGCHAMP;;;;750
48874;201500054311;15;10;27;1740;2;2;1;1;6;116;40, AVENUE GEORGES MANDE;;;;750
48875;201500054312;15;10;28;1100;1;2;4;1;6;116;BOULEVARD LANNES;;;;750
48876;201500054313;15;10;28;1830;5;2;1;1;6;116;AVENUE FOCH;;;;750
48877;201500054314;15;10;29;1500;1;2;1;1;2;116;AVENUE DE NEW YORK;;;;750
48878;201500054316;15;10;31;1900;5;2;2;1;6;116;3, AVENUE THEOPHILE GAUT;;;;750
48879;201500054317;15;10;31;2343;5;2;5;5;3;116;ROUTE DE SURESNES;;;;750
48880;201500054318;15;11;2;1520;1;2;1;1;3;116;20, AVENUE DU PRESIDENT;;;;750
48881;201500054319;15;11;4;640;2;2;1;2;6;116;AVENUE EDOUARD VAILLANT;;;;750
48882;201500054320;15;11;4;1515;1;2;2;1;1;116;RUE MOLITOR;;;;750
48883;201500054321;15;11;4;1715;2;2;1;1;2;116;03, AVENUE PAUL DOUMER;;;;750
48884;201500054322;15;11;5;835;1;2;2;1;3;116;, AVENUE HENRI MARTIN;;;;750
48885;201500054323;15;11;5;1455;1;2;2;1;3;116;BOULEVARD FLANDRIN;;;;750
48886;201500054324;15;11;5;2040;5;2;2;2;3;116;ALLEE DE LONGCHAMP;;;;750
48887;201500054325;15;11;5;2235;5;2;2;2;6;116;13, RUE MOLITOR;;;;750
48888;201500054326;15;11;6;1330;1;2;7;2;6;116;67, AVENUE DE VERSAILLES;;;;750
48889;201500054327;15;11;7;15;5;2;1;1;3;116;ALLEE DE LONGCHAMP;;;;750
48890;201500054328;15;11;6;1825;5;2;7;2;3;116;AVENUE DE L HIPPODROME;;;;750
48891;201500054329;15;11;8;430;5;2;2;1;6;116;2, RUE DE L AMIRAL CLOUE;;;;750
48892;201500054330;15;11;8;1220;1;2;7;1;6;116;ALLEE DE LONGCHAMP;;;;750
48893;201500054331;15;11;9;900;1;2;7;1;3;116;AVENUE DE LA GRANDE ARME;;;;750
48894;201500054332;15;11;8;1200;1;2;1;1;2;116;ROUTE DE SEVRES A NEUILL;;;;750
48895;201500054333;15;11;8;1340;1;2;7;1;6;116;02, AVENUE DE NEW YORK;;;;750
48896;201500054334;15;11;10;1710;2;2;1;1;3;116;9, RUE MICHEL ANGE;;;;750
48897;201500054335;15;11;12;1720;2;2;1;1;3;116;AVENUE DE VERSAILLES;;;;750
48898;201500054336;15;11;12;2140;5;2;3;1;3;116;AVENUE DE LA PORTE D AUT;;;;750
48899;201500054337;15;11;14;1010;1;2;3;1;6;116;RUE SAINT DIDIER;;;;750
48900;201500054338;15;11;14;1930;5;2;2;1;3;116;AVENUE FOCH;;;;750
48901;201500054339;15;11;16;800;1;2;1;1;3;116;61, AVENUE DE LA PORTE D;;;;750
48902;201500054340;15;11;18;1415;1;2;2;1;3;116;RUE CORTAMBERT;;;;750
48903;201500054341;15;11;19;1430;1;2;1;2;6;116;ALLEE DU BORD DE L EAU;;;;750
48904;201500054342;15;11;20;240;5;2;1;2;6;116;AVENUE DE L HIPPODROME;;;;750
48905;201500054343;15;11;20;1430;1;2;4;2;6;116;BOULEVARD DE BEAUSEJOUR;;;;750
48906;201500054344;15;11;21;106;5;2;7;2;6;116;84, RUE DE LONGCHAMP;;;;750
48907;201500054346;15;11;21;1100;1;2;2;1;3;116;38, AVENUE GEORGES MANDE;;;;750
48908;201500054347;15;11;21;1940;5;2;5;1;3;116;RUE DE LA POMPE;;;;750
48909;201500054348;15;11;23;1445;1;2;2;1;3;116;BOULEVARD EXELMANS;;;;750
48910;201500054350;15;11;25;850;1;2;3;2;6;116;BOULEVARD LANNES;;;;750
48911;201500054353;15;11;25;1330;1;2;2;1;2;116;AVENUE DE VERSAILLES;;;;750
48912;201500054354;15;11;25;1715;2;2;7;3;6;116;AVENUE FOCH;;;;750
48913;201500054356;15;11;28;945;1;2;4;1;3;116;66, AVENUE DE NEW YORK;;;;750
48914;201500054358;15;11;29;715;1;2;1;2;6;116;ALLEE DE LONGCHAMP;;;;750
48915;201500054359;15;11;29;1055;1;2;3;1;6;116;AVENUE DE LA PORTE D AUT;;;;750
48916;201500054360;15;11;7;1410;1;2;2;1;3;116;AVENUE HENRI MARTIN;;;;750
48917;201500054361;15;12;2;245;5;2;7;1;6;116;6, PLACE D IENA;;;;750
48918;201500054362;15;12;2;1400;1;2;3;1;6;116;2, RUE RUDE;;;;750
48919;201500054364;15;12;2;1715;5;2;4;1;6;116;35, RUE CHANEZ;;;;750
48920;201500054365;15;12;3;30;5;2;2;1;6;116;53, RUE DE BOULAINVILLIE;;;;750
48921;201500054366;15;12;3;1520;1;2;3;1;6;116;48, RUE BOILEAU;;;;750
48922;201500054367;15;12;4;15;5;2;3;1;6;116;RUE CLAUDE LORRAIN;;;;750
48923;201500054368;15;12;3;1230;1;2;1;1;2;116;1, AVENUE ALBERT DE MUN;;;;750
48924;201500054369;15;12;5;1800;2;2;1;1;3;116;35, RUE MIRABEAU;;;;750
48925;201500054371;15;12;7;810;1;2;5;1;3;116;ALLEE DE LONGCHAMP;;;;750
48926;201500054372;15;12;7;1155;1;2;1;1;3;116;21, RUE BOISSIERE;;;;750
48927;201500054373;15;12;7;1630;1;2;5;1;3;116;170, AVENUE DE VERSAILLE;;;;750
48928;201500054374;15;12;7;1830;5;2;2;1;3;108;55, BOULEVARD MALESHERBE;;;;750
48929;201500054375;15;12;7;2135;3;2;3;1;7;116;59, RUE SPONTINI;;;;750
48930;201500054376;15;12;8;1140;1;2;1;1;2;116;23, AVENUE DE LA GRANDE;;;;750
48931;201500054377;15;12;8;1330;1;2;1;2;7;116;AVENUE INGRES;;;;750
48932;201500054378;15;12;8;1420;1;2;1;2;4;116;AVENUE DE NEW YORK;;;;750