;Num_Acc;an;mois;jour;hrmn;lum;agg;int;atm;col;com;adr;gps;lat;long;dep
48933;201500054379;15;12;9;850;1;2;2;1;3;116;26, AVENUE DE NEW YORK;;;;750
48934;201500054380;15;12;10;805;2;2;5;1;6;116;AVENUE KLEBER;;;;750
48935;201500054381;15;12;9;2100;5;2;7;1;6;116;AVENUE GEORGES LAFONT;;;;750
48936;201500054382;15;12;10;1430;1;2;4;1;3;116;AVENUE DE LA PORTE DE SA;;;;750
48937;201500054383;15;12;10;1945;4;2;2;1;3;116;ROUTE DE SEVRES A NEUILL;;;;750
48938;201500054384;15;12;11;1900;5;2;1;1;4;116;ALLEE DE LONGCHAMP;;;;750
48939;201500054385;15;12;15;2040;5;2;1;2;2;116;47, RUE COPERNIC;;;;750
48940;201500054386;15;12;16;2030;5;2;1;2;2;116;118, BOULEVARD SUCHET;;;;750
48941;201500054387;15;12;17;45;5;2;1;1;2;116;ALLEE DES FORTIFICATIONS;;;;750
48942;201500054388;15;12;17;1305;1;2;5;1;3;116;10, RUE DE LA POMPE;;;;750
48943;201500054389;15;12;18;1040;1;2;3;8;4;116;AVENUE DE VERSAILLES;;;;750
48944;201500054390;15;12;18;1520;1;2;1;2;3;116;35, AVENUE DE VERSAILLES;;;;750
48945;201500054391;15;12;19;1315;1;2;6;1;3;116;PLACE DE MEXICO;;;;750
48946;201500054392;15;12;20;230;5;2;1;1;3;116;ALLEE DE LA REINE MARGUE;;;;750
48947;201500054393;15;12;22;800;2;2;7;1;7;116;PLACE VICTOR HUGO;;;;750
48948;201500054394;15;12;22;1220;1;2;1;1;3;116;02, AVENUE DE LA PORTE D;;;;750
48949;201500054395;15;12;22;1515;1;2;7;1;3;116;PLACE CHARLES DE GAULLE;;;;750
48950;201500054396;15;12;22;1945;5;2;1;1;2;116;ALLEE DU BORD DE L EAU;;;;750
48951;201500054397;15;12;22;515;5;2;5;1;6;116;52, AVENUE KLEBER;;;;750
48952;201500054398;15;12;23;825;1;2;2;1;6;116;34, RUE MOLITOR;;;;750
48953;201500054399;15;12;23;950;1;2;3;1;2;116;ALLEE DU BORD DE L EAU;;;;750
48954;201500054400;15;12;23;1130;1;2;5;1;3;116;09, RUE POUSSIN;;;;750
48955;201500054401;15;12;24;10;5;2;4;1;2;117;AVENUE DE LA PORTE DE CL;;;;750
48956;201500054402;15;12;24;600;5;2;7;1;7;116;12, PLACE DES ETATS UNIS;;;;750
48957;201500054403;15;12;24;1450;1;2;3;1;3;116;155, AVENUE DE VERSAILLE;;;;750
48958;201500054404;15;12;25;110;5;2;4;2;6;117;BOULEVARD PERIPHERIQUE E;;;;750
48959;201500054405;15;12;28;1050;1;2;2;1;6;116;ROUTE DE LA MUETTE A NEU;;;;750
48960;201500054406;15;12;28;1345;1;2;1;1;3;116;BOULEVARD EMILE AUGIER;;;;750
48961;201500054407;15;12;28;1715;5;2;1;1;2;116;ALLEE DU BORD DE L EAU;;;;750
48962;201500054408;15;12;28;2230;5;2;7;1;7;116;PLACE DE LA PORTE MAILLO;;;;750
48963;201500054409;15;12;29;1215;1;2;1;1;3;116;AVENUE DES NATIONS UNIES;;;;750
48964;201500054410;15;12;29;1520;1;2;2;1;3;116;57, AVENUE KLEBER;;;;750
48965;201500054411;15;1;5;1135;1;2;5;1;3;117;135, BOULEVARD MALESHERB;;;;750
48966;201500054412;15;1;6;945;1;2;5;1;3;117;82, AVENUE DES TERNES;;;;750
48967;201500054413;15;1;6;2250;5;2;1;1;6;117;11, BOULEVARD BERTHIER;;;;750
48968;201500054414;15;1;8;1630;1;2;2;1;6;117;18, RUE TORRICELLI;;;;750
48969;201500054415;15;1;8;2200;5;2;3;1;4;117;172, AVENUE DE CLICHY;;;;750
48970;201500054416;15;1;9;1320;1;2;7;1;2;117;03, AVENUE DE VILLIERS;;;;750
48971;201500054417;15;1;10;1815;5;2;1;2;4;117;36, BOULEVARD DE COURCEL;;;;750
48972;201500054418;15;1;11;1115;1;2;3;7;3;117;14, BOULEVARD DES BATIGN;;;;750
48973;201500054419;15;1;12;1330;1;2;2;1;3;117;AVENUE DE LA PORTE D ASN;;;;750
48974;201500054420;15;1;13;1400;1;2;3;8;3;117;BOULEVARD DES BATIGNOLLE;;;;750
48975;201500054421;15;1;14;1320;1;2;2;8;6;117;45, RUE DULONG;;;;750
48976;201500054422;15;1;14;1440;1;2;2;1;2;117;57, AVENUE DE VILLIERS;;;;750
48977;201500054423;15;1;14;1520;1;2;1;1;3;117;112, AVENUE DE WAGRAM;;;;750
48978;201500054425;15;1;19;905;1;2;1;2;6;117;87 bis, AVENUE DE WAGRAM;;;;750
48979;201500054426;15;1;19;1745;5;2;3;1;3;117;118, BOULEVARD BERTHIER;;;;750
48980;201500054427;15;1;20;2305;5;2;5;1;3;117;BOULEVARD DU FORT DE VAU;;;;750
48981;201500054428;15;1;21;1935;5;2;3;1;6;117;8, AVENUE DE LA PORTE DE;;;;750
48982;201500054430;15;1;23;1700;1;2;2;1;6;117;64, AVENUE DE WAGRAM;;;;750
48983;201500054431;15;1;26;815;1;2;7;2;3;117;PLACE CHARLES DE GAULLE;;;;750
48984;201500054433;15;1;27;1905;5;2;1;1;3;117;102, AVENUE DE VILLIERS;;;;750
48985;201500054434;15;1;30;230;5;2;4;4;3;117;AVENUE DE WAGRAM;;;;750
48986;201500054436;15;1;30;1945;5;2;1;8;2;117;131, AVENUE DE VILLIERS;;;;750
48987;201500054437;15;1;30;2130;5;2;2;1;2;117;195, RUE DE COURCELLES;;;;750
48988;201500054438;15;1;30;2240;5;2;1;1;6;117;RUE TOULOUSE LAUTREC;;;;750
48989;201500054439;15;2;1;455;5;2;5;1;5;117;AVENUE DE LA PORTE D ASN;;;;750
48990;201500054441;15;2;4;1400;1;2;4;1;2;117;12, AVENUE DE LA PORTE D;;;;750
48991;201500054442;15;2;5;845;1;2;1;1;3;108;69, RUE DE COURCELLES;;;;750
48992;201500054443;15;2;5;1730;1;2;2;1;3;117;18, AVENUE DE VILLIERS;;;;750
48993;201500054444;15;2;11;1420;1;2;3;1;3;117;133, AVENUE DE CLICHY;;;;750
48994;201500054445;15;2;11;1955;5;2;2;1;6;117;83, RUE DE SAUSSURE;;;;750
48995;201500054446;15;2;11;2040;5;2;2;1;3;117;62, AVENUE DE WAGRAM;;;;750
48996;201500054447;15;2;12;2140;5;2;2;1;6;117;86, BOULEVARD PEREIRE;;;;750
48997;201500054448;15;2;13;1100;1;2;1;1;2;117;66, BOULEVARD DE COURCEL;;;;750
48998;201500054449;15;2;14;1315;1;2;7;8;6;108;2, PLACE DES TERNES;;;;750
48999;201500054451;15;2;14;2300;5;2;1;2;2;117;127, AVENUE DE CLICHY;;;;750
49000;201500054452;15;2;15;1530;1;2;1;1;3;117;28, RUE ANDRE BRECHET;;;;750
49001;201500054453;15;2;16;1745;2;2;4;1;6;117;22, AVENUE DE LA GRANDE;;;;750
49002;201500054454;15;2;17;1445;1;2;3;1;6;117;3, AVENUE EMILE ET ARMAN;;;;750
49003;201500054455;15;2;18;1140;1;2;2;1;2;117;84, AVENUE DE VILLIERS;;;;750
49004;201500054456;15;2;18;1730;1;2;1;1;3;117;13, BOULEVARD BERTHIER;;;;750
49005;201500054457;15;2;19;1120;1;2;1;1;3;108;19, AVENUE GEORGE V;;;;750
49006;201500054458;15;2;20;1240;1;2;5;2;6;117;125, BOULEVARD BESSIERES;;;;750
49007;201500054459;15;2;23;905;1;2;1;1;3;117;6, RUE LACROIX;;;;750
49008;201500054460;15;2;27;935;1;2;5;1;3;117;1, BOULEVARD DE DOUAUMON;;;;750
49009;201500054461;15;2;27;930;1;2;4;1;3;117;22, AVENUE DE LA GRANDE;;;;750
49010;201500054462;15;2;27;1620;1;2;7;1;3;117;50bis, AVENUE DE LA GRAN;;;;750
49011;201500054463;15;2;28;1100;1;2;5;1;6;117;139, AVENUE DE WAGRAM;;;;750
49012;201500054464;15;3;2;905;1;2;3;1;2;117;28, BOULEVARD PEREIRE;;;;750
49013;201500054465;15;3;4;1750;1;2;1;1;6;117;06, AVENUE DE LA PORTE D;;;;750
49014;201500054466;15;3;5;1000;1;2;5;1;6;117;165, RUE DE ROME;;;;750
49015;201500054467;15;3;6;2230;5;2;2;1;2;117;228, RUE DE COURCELLES;;;;750
49016;201500054468;15;3;7;1600;1;2;7;1;3;117;18, AVENUE GOURGAUD;;;;750
49017;201500054469;15;3;7;1845;5;2;2;1;3;117;52, AVENUE DE LA GRANDE;;;;750
49018;201500054471;15;3;11;1800;5;2;1;1;3;117;119, AVENUE DE VILLIERS;;;;750
49019;201500054472;15;3;13;40;5;2;2;1;3;117;BOULEVARD DE LA SOMME;;;;750
49020;201500054473;15;3;13;1915;5;2;2;1;3;117;27, AVENUE DE CLICHY;;;;750
49021;201500054474;15;3;14;220;5;2;1;1;2;117;20, BOULEVARD DU FORT DE;;;;750
49022;201500054475;15;3;14;600;2;2;2;1;2;117;38, BOULEVARD DES BATIGN;;;;750
49023;201500054476;15;3;15;1200;1;2;1;1;6;117;8, PLACE DE LA PORTE DE;;;;750
49024;201500054477;15;3;16;1150;1;2;1;1;2;117;139, AVENUE DE VILLIERS;;;;750
49025;201500054478;15;3;17;1020;1;2;1;1;3;117;24, AVENUE DE LA GRANDE;;;;750
49026;201500054479;15;3;17;1340;1;2;3;1;3;117;163, AVENUE DE CLICHY;;;;750
49027;201500054480;15;3;18;905;1;2;1;1;3;117;0, RUE FRUCTIDOR;;;;750
49028;201500054481;15;3;20;1418;1;2;2;1;3;117;AVENUE DE LA PORTE D ASN;;;;750
49029;201500054482;15;3;22;1800;1;2;1;1;6;117;148, BOULEVARD MALESHERB;;;;750
49030;201500054484;15;3;23;1140;1;2;2;1;6;117;/, RUE CARDINET;;;;750
49031;201500054485;15;3;24;820;1;2;2;1;6;117;17, AVENUE DE LA PORTE D;;;;750
49032;201500054486;15;3;25;1920;5;2;1;1;1;117;95, AVENUE DE CLICHY;;;;750
49033;201500054487;15;3;26;1005;1;2;7;2;3;117;AVENUE DE LA GRANDE ARME;;;;750
49034;201500054488;15;3;28;350;5;2;1;2;6;117;174, AVENUE DE CLICHY;;;;750
49035;201500054489;15;3;28;1740;1;2;1;1;6;117;5, RUE NAVIER;;;;750
49036;201500054490;15;3;28;1715;1;2;1;1;3;117;07, AVENUE DES TERNES;;;;750
49037;201500054491;15;3;29;520;5;2;7;2;2;108;1, PLACE DE LA CONCORDE;;;;750
49038;201500054492;15;3;30;2345;5;2;1;1;3;117;7, AVENUE DE CLICHY;;;;750
49039;201500054493;15;3;31;1330;1;2;2;1;2;117;18, BOULEVARD DES BATIGN;;;;750
49040;201500054496;15;4;2;1105;1;2;3;2;7;117;66, AVENUE DE LA GRANDE;;;;750
49041;201500054500;15;4;4;2335;5;2;2;1;3;117;34, RUE JOUFFROY D ABBAN;;;;750
49042;201500054501;15;4;5;1120;1;2;1;1;3;117;11, BOULEVARD BERTHIER;;;;750
49043;201500054503;15;4;7;640;1;2;3;1;2;117;201, BOULEVARD MALESHERB;;;;750
49044;201500054504;15;4;8;945;1;2;1;1;6;117;37, AVENUE DE CLICHY;;;;750
49045;201500054505;15;4;8;2235;5;2;1;1;7;117;18, AVENUE GOURGAUD;;;;750
49046;201500054506;15;4;9;1930;1;2;2;1;6;117;13, RUE GALVANI;;;;750
49047;201500054507;15;4;10;1455;1;2;3;1;3;116;17, AVENUE DE LA GRANDE;;;;750
49048;201500054508;15;4;13;1830;1;2;7;1;6;117;01, AVENUE DE WAGRAM;;;;750
49049;201500054509;15;4;14;1250;1;2;2;1;2;117;94, BOULEVARD MALESHERBE;;;;750
49050;201500054510;15;4;15;930;1;2;3;1;3;117;AVENUE DE CLICHY;;;;750
49051;201500054511;15;4;15;1350;1;2;7;1;3;117;2, PLACE DE LA PORTE MAI;;;;750
49052;201500054512;15;4;16;1000;1;2;2;1;3;117;51, AVENUE DE VILLIERS;;;;750
49053;201500054514;15;4;18;930;1;2;4;1;6;117;21, BOULEVARD DE L YSER;;;;750
49054;201500054515;15;4;19;640;1;2;2;1;2;117;22, BOULEVARD DU FORT DE;;;;750
49055;201500054517;15;4;20;1355;1;2;3;1;2;108;27, RUE ROYALE;;;;750
49056;201500054518;15;4;21;1730;1;2;1;1;6;117;23, AVENUE DE CLICHY;;;;750
49057;201500054519;15;4;22;1330;1;2;2;1;2;117;124, AVENUE DE CLICHY;;;;750
49058;201500054520;15;4;22;1335;1;2;1;1;6;117;1, RUE LEMERCIER;;;;750
49059;201500054521;15;4;22;1910;1;2;1;1;6;116;109, BOULEVARD MURAT;;;;750
49060;201500054522;15;4;23;220;5;2;5;1;6;117;2 - 4, PLACE DE LA PORTE;;;;750
49061;201500054523;15;4;23;1800;1;2;4;1;3;117;3, AVENUE DE VILLIERS;;;;750
49062;201500054525;15;4;26;1755;1;2;3;2;6;117;51, AVENUE DES TERNES;;;;750
49063;201500054526;15;4;26;2130;5;2;1;2;6;117;141, RUE DE ROME;;;;750
49064;201500054527;15;4;28;159;5;2;5;1;3;117;143, AVENUE DE VILLIERS;;;;750
49065;201500054528;15;4;29;1545;1;2;3;1;3;117;91, BOULEVARD BESSIERES;;;;750
49066;201500054529;15;4;29;1805;1;2;7;1;7;117;1, PLACE DE LA PORTE MAI;;;;750
49067;201500054530;15;5;4;1300;1;2;1;1;6;117;11, RUE TARBE;;;;750
49068;201500054532;15;5;5;1640;1;2;2;1;6;117;83, RUE DE SAUSSURE;;;;750
49069;201500054533;15;5;6;1220;1;2;3;1;3;117;0, AVENUE DE LA PORTE DE;;;;750
49070;201500054534;15;5;6;1830;1;2;7;1;3;117;06, AVENUE DE LA GRANDE;;;;750
49071;201500054535;15;5;7;750;1;2;1;1;3;117;232, RUE DE COURCELLES;;;;750
49072;201500054536;15;5;7;1415;1;2;7;1;6;117;2, PLACE DU GENERAL KOEN;;;;750
49073;201500054537;15;5;8;1230;1;2;3;1;3;117;44, RUE BRUNEL;;;;750
49074;201500054538;15;5;8;1415;1;2;2;1;6;117;131, AVENUE DE WAGRAM;;;;750
49075;201500054539;15;5;8;1440;1;2;1;1;2;117;26, RUE DES EPINETTES;;;;750
49076;201500054540;15;5;8;2020;1;2;1;1;6;117;08, RUE NOLLET;;;;750
49077;201500054541;15;5;9;1300;1;2;4;1;3;117;34, AVENUE DE LA PORTE D;;;;750
49078;201500054542;15;5;12;955;1;2;1;1;3;117;20, BOULEVARD GOUVION SA;;;;750
49079;201500054543;15;5;12;1300;1;2;5;1;3;117;AVENUE DE LA PORTE DE CH;;;;750
49080;201500054544;15;5;12;1315;1;2;1;1;6;117;24, RUE BROCHANT;;;;750
49081;201500054545;15;5;13;1530;1;2;2;1;6;117;RUE TORRICELLI;;;;750
49082;201500054546;15;5;13;1745;1;2;2;1;3;117;25, RUE GUERSANT;;;;750
49083;201500054548;15;5;15;1450;1;2;5;1;2;117;01, BOULEVARD PEREIRE;;;;750
49084;201500054549;15;5;16;1030;1;2;2;1;3;101;1, BOULEVARD DE LA MADEL;;;;750
49085;201500054550;15;5;17;1405;1;2;5;1;6;117;29, AVENUE NIEL;;;;750
49086;201500054552;15;5;18;1020;1;2;5;1;5;117;10, AVENUE DE LA GRANDE;;;;750
49087;201500054553;15;5;18;1905;1;2;5;1;6;117;87, RUE DULONG;;;;750
49088;201500054554;15;5;21;1930;1;2;7;1;2;117;2, PLACE DE LA PORTE MAI;;;;750
49089;201500054556;15;5;23;2230;5;2;2;1;6;117;101, RUE DE COURCELLES;;;;750
49090;201500054557;15;5;26;1635;1;2;1;1;6;117;56, RUE GAUTHEY;;;;750
49091;201500054558;15;5;27;925;1;2;3;1;1;117;91, AVENUE DE VILLIERS;;;;750
49092;201500054559;15;5;27;1150;1;2;1;1;2;117;BOULEVARD PERIPHERIQUE;;;;750
49093;201500054560;15;5;28;835;1;2;1;1;6;117;13 ter, BOULEVARD BERTHI;;;;750
49094;201500054561;15;5;28;2245;5;2;2;1;3;117;AVENUE DE LA PORTE DES T;;;;750
49095;201500054562;15;5;29;840;1;2;7;1;6;117;24, PLACE CHARLES FILLIO;;;;750
49096;201500054563;15;5;30;1800;1;2;7;1;3;117;PLACE PAUL LEAUTAUD;;;;750
49097;201500054564;15;5;30;1845;1;2;1;1;2;117;BOULEVARD PERIPHERIQUE;;;;750
49098;201500054565;15;5;31;1230;1;2;2;3;6;117;30, BOULEVARD DE COURCEL;;;;750
49099;201500054567;15;6;1;815;1;2;4;1;3;117;81, AVENUE DES TERNES;;;;750
49100;201500054568;15;6;4;1530;1;2;1;1;4;117;100, AVENUE DE VILLIERS;;;;750
49101;201500054569;15;6;5;840;1;2;3;1;2;117;RUE LAUGIER;;;;750
49102;201500054570;15;6;5;1350;1;2;3;1;3;117;108, RUE DE COURCELLES;;;;750
49103;201500054571;15;6;6;1850;1;2;1;1;6;117;21, RUE GUY MOQUET;;;;750
49104;201500054572;15;6;9;2015;1;2;2;1;1;117;81, AVENUE DE SAINT OUEN;;;;750
49105;201500054573;15;6;11;1140;1;2;4;1;3;117;11, BOULEVARD BERTHIER;;;;750
49106;201500054574;15;6;11;1810;1;2;3;1;6;117;01, AVENUE EMILE ET ARMA;;;;750
49107;201500054576;15;6;12;35;5;2;1;1;7;117;56, BOULEVARD BERTHIER;;;;750
49108;201500054577;15;6;12;915;1;2;1;1;6;117;79, RUE JOUFFROY D ABBAN;;;;750
49109;201500054578;15;6;13;755;1;2;1;1;2;117;05, RUE CATULLE MENDES;;;;750
49110;201500054579;15;6;12;2150;1;2;7;1;6;117;80, AVENUE DE LA GRANDE;;;;750
49111;201500054580;15;6;13;1345;1;2;2;1;3;117;103, RUE CARDINET;;;;750
49112;201500054581;15;6;14;1325;1;2;2;1;3;117;/, RUE DU CAPITAINE LAGA;;;;750
49113;201500054582;15;6;15;1745;1;2;1;1;6;117;1, AVENUE DE LA PORTE D;;;;750
49114;201500054583;15;6;15;1745;1;2;3;1;6;117;176, AVENUE DE CLICHY;;;;750
49115;201500054584;15;6;16;930;1;2;1;1;2;116;19, AVENUE D IENA;;;;750
49116;201500054585;15;6;16;1835;1;2;1;1;6;117;157, AVENUE DE CLICHY;;;;750
49117;201500054586;15;6;16;2350;5;2;2;1;2;117;66, AVENUE DE VILLIERS;;;;750
49118;201500054587;15;6;17;810;1;2;4;1;3;117;16, PLACE DE VERDUN;;;;750
49119;201500054588;15;5;17;1320;1;2;1;1;3;117;190, AVENUE DE CLICHY;;;;750
49120;201500054589;15;6;17;1320;1;2;1;1;3;117;190, AVENUE DE CLICHY;;;;750
49121;201500054590;15;6;17;1900;1;2;1;1;3;117;BOULEVARD PERIPHERIQUE I;;;;750
49122;201500054591;15;6;18;2250;5;2;1;1;6;117;30, BOULEVARD DE DOUAUMO;;;;750
49123;201500054592;15;6;19;1230;1;2;7;1;3;117;PLACE CHARLES DE GAULLE;;;;750
49124;201500054593;15;6;21;1830;1;2;5;1;3;117;1, AVENUE STEPHANE MALLA;;;;750
49125;201500054594;15;6;24;120;5;2;2;1;6;117;RUE DE ROME;;;;750
49126;201500054595;15;6;24;850;1;2;2;1;3;117;1, BOULEVARD DE LA SOMME;;;;750
49127;201500054596;15;6;24;1315;1;2;2;1;2;116;01, AVENUE FOCH;;;;750
49128;201500054597;15;6;24;2020;1;2;2;1;3;117;18, AVENUE DE VILLIERS;;;;750
49129;201500054598;15;6;25;1045;1;2;1;1;6;116;117, RUE DE LONGCHAMP;;;;750
49130;201500054599;15;6;25;1510;1;2;5;1;3;116;AVENUE PAUL DOUMER;;;;750
49131;201500054600;15;6;27;1520;1;2;1;1;3;117;43, AVENUE DE WAGRAM;;;;750
49132;201500054602;15;6;29;1630;1;2;1;1;5;117;38, BOULEVARD BERTHIER;;;;750
49133;201500054603;15;6;30;645;1;2;2;1;3;117;RUE CARDINET;;;;750
49134;201500054604;15;6;30;1510;1;2;7;1;3;117;01, PLACE GENERAL CATROU;;;;750
49135;201500054606;15;7;2;1430;1;2;1;1;3;117;127, AVENUE DE VILLIERS;;;;750
49136;201500054608;15;7;5;1750;1;2;1;1;6;117;18, BOULEVARD BESSIERES;;;;750
49137;201500054609;15;7;6;20;5;2;7;1;3;117;AVENUE DE WAGRAM;;;;750
49138;201500054610;15;7;6;1530;1;2;5;1;3;117;114, RUE DE TOCQUEVILLE;;;;750
49139;201500054611;15;7;7;1630;1;2;1;1;6;117;164, RUE DE SAUSSURE;M;;;750
49140;201500054612;15;7;9;1210;1;2;1;1;6;117;2, RUE CURNONSKY;;;;750
49141;201500054613;15;7;10;910;1;2;7;1;3;117;1, PLACE DE LA PORTE MAI;;;;750
49142;201500054614;15;7;11;1710;1;2;1;1;2;117;67, AVENUE NIEL;;;;750
49143;201500054615;15;7;11;1925;1;2;1;1;2;117;12, BOULEVARD DES BATIGN;;;;750
49144;201500054616;15;7;12;1510;1;2;5;1;3;117;04, BOULEVARD BERTHIER;;;;750
49145;201500054617;15;7;12;1640;1;2;7;2;6;108;1, PLACE DE LA REPUBLIQU;;;;750
49146;201500054619;15;7;15;1845;1;2;2;1;6;117;24, AVENUE DE LA PORTE D;;;;750
49147;201500054620;15;7;15;2110;1;2;7;7;2;117;02, AVENUE DE LA GRANDE;;;;750
49148;201500054621;15;7;18;620;2;2;1;1;1;117;93, AVENUE NIEL;;;;750
49149;201500054622;15;7;19;145;5;2;5;3;7;116;19, CHAUSSEE LA MUETTE;;;;750
49150;201500054623;15;7;19;2050;1;2;1;1;6;117;7, RUE DE L ETOILE;M;;;750
49151;201500054624;15;7;20;1945;1;2;5;1;3;117;80, AVENUE DE WAGRAM;;;;750
49152;201500054625;15;7;21;1900;1;2;1;1;6;117;28, RUE LEGENDRE;;;;750
49153;201500054626;15;7;23;1600;1;2;2;1;6;117;61, RUE DE LEVIS;;;;750
49154;201500054627;15;7;25;720;1;2;2;1;3;117;16, BOULEVARD DES BATIGN;M;4852597.0;219315.0;750
49155;201500054628;15;7;27;1030;1;2;7;2;3;117;50, PLACE DE LA REPUBLIQ;;;;750
49156;201500054629;15;7;28;940;1;2;7;1;3;117;14, RUE GEORGES BERGER;;;;750
49157;201500054630;15;7;28;1505;1;2;7;1;3;117;2, PLACE DE LA PORTE MAI;;;;750
49158;201500054631;15;7;29;1920;1;2;7;1;6;117;4, AVENUE DE VILLIERS;;;;750
49159;201500054632;15;8;1;1507;1;2;1;1;3;117;5, PLACE DE LA PORTE DE;;;;750
49160;201500054633;15;7;30;1240;1;2;5;1;6;117;21, RUE GUY MOQUET;;;;750
49161;201500054634;15;8;2;2100;2;2;1;1;6;117;26, BOULEVARD BESSIERES;;;;750
49162;201500054635;15;8;4;1310;1;2;2;1;6;117;39, RUE JOUFFROY D ABBAN;;;;750
49163;201500054636;15;8;3;1900;1;2;3;1;6;117;13, AVENUE STEPHANE MALL;;;;750
49164;201500054637;15;8;5;2000;1;2;7;1;6;116;39, RUE BENJAMIN FRANKLI;;;;750
49165;201500054638;15;8;6;1930;1;2;5;1;6;117;22, BOULEVARD BESSIERES;;;;750
49166;201500054639;15;8;6;515;5;2;3;1;3;117;106, AVENUE DE CLICHY;;;;750
49167;201500054640;15;8;6;2315;5;2;7;1;2;117;146, RUE CARDINET;;;;750
49168;201500054641;15;8;10;825;1;2;1;1;6;108;VOIE GEORGES POMPIDOU;;;;750
49169;201500054642;15;8;13;1935;1;2;7;2;3;117;4, PLACE DE LA PORTE DE;;;;750
49170;201500054643;15;8;14;20;5;2;7;2;7;117;2, PLACE DE LA PORTE MAI;;;;750
49171;201500054644;15;8;15;240;5;2;2;2;6;117;14, RUE DES BATIGNOLLES;;;;750
49172;201500054645;15;8;17;1530;1;2;7;1;6;116;1, PLACE DE LA PORTE MAI;;;;750
49173;201500054646;15;8;19;730;1;2;2;1;2;117;3, AVENUE DE LA PORTE DE;;;;750
49174;201500054647;15;8;23;1130;1;2;3;1;6;117;82, AVENUE DE CLICHY;;;;750
49175;201500054648;15;8;29;145;5;2;2;1;6;117;136, AVENUE DE CLICHY;;;;750
49176;201500054649;15;8;29;445;5;2;1;1;6;117;AVENUE PAUL ADAM;;;;750
49177;201500054650;15;8;31;1440;1;2;5;1;3;117;AVENUE DE LA PORTE DE CH;;;;750
49178;201500054651;15;9;2;1255;1;2;3;1;3;117;1, RUE CAROLINE;;;;750
49179;201500054652;15;9;3;1630;1;2;2;1;3;117;31, RUE DES BATIGNOLLES;M;4853060.0;219149.0;750
49180;201500054653;15;9;3;1800;1;2;2;1;6;117;17, RUE PIERRE DEMOURS;;;;750
49181;201500054654;15;9;4;55;5;2;1;1;6;117;26, BOULEVARD BERTHIER;;;;750
49182;201500054655;15;9;4;1345;1;2;1;1;3;117;52, BOULEVARD DU FORT DE;;;;750
49183;201500054657;15;9;6;2040;5;2;5;1;4;117;RUE DU CAPORAL PEUGEOT;;;;750
49184;201500054658;15;9;7;950;1;2;4;1;3;117;BOULEVARD PERSHING;;;;750
49185;201500054659;15;9;7;1215;1;2;7;1;3;117;6, PLACE GENERAL CATROUX;;;;750
49186;201500054660;15;9;9;1815;1;2;7;1;3;117;16, PLACE GENERAL CATROU;;;;750
49187;201500054661;15;9;9;1815;1;2;1;1;3;117;BOULEVARD PERIPHERIQUE E;;;;750
49188;201500054662;15;9;10;50;5;2;1;1;3;117;13, BOULEVARD BERTHIER;;;;750
49189;201500054663;15;9;10;1015;1;2;3;1;3;117;76, AVENUE DES TERNES;;;;750
49190;201500054664;15;9;11;1015;1;2;1;1;3;117;32, BOULEVARD BERTHIER;;;;750
49191;201500054665;15;9;11;1450;1;2;1;1;2;117;168, BOULEVARD MALESHERB;;;;750
49192;201500054666;15;9;11;1340;1;2;2;1;3;117;RUE DU CAPORAL PEUGEOT;;;;750
49193;201500054667;15;9;10;2030;5;2;7;1;3;116;03, AVENUE VICTOR HUGO;;;;750
49194;201500054668;15;9;13;1520;1;2;2;2;2;117;2, BOULEVARD DE COURCELL;;;;750
49195;201500054669;15;9;14;940;1;2;1;2;6;117;51, AVENUE DES TERNES;;;;750
49196;201500054670;15;9;14;1645;1;2;7;1;3;117;02, PLACE DE LA PORTE MA;;;;750
49197;201500054671;15;9;15;1600;1;2;1;1;3;117;BOULEVARD PERIPHERIQUE I;;;;750
49198;201500054672;15;9;16;1345;1;2;7;3;3;117;01, AVENUE MAC MAHON;;;;750
49199;201500054673;15;9;17;845;1;2;5;8;3;117;26, BOULEVARD BERTHIER;;;;750
49200;201500054674;15;9;17;1245;1;2;4;2;6;117;57, AVENUE DE SAINT OUEN;;;;750
49201;201500054675;15;9;17;1420;1;2;3;1;5;117;153, RUE CARDINET;;;;750
49202;201500054676;15;9;18;841;1;2;7;1;3;117;5, PLACE DE CLICHY;;;;750
49203;201500054677;15;9;20;513;5;2;7;1;6;117;PLACE DU GENERAL KOENIG;;;;750
49204;201500054678;15;9;20;1745;1;2;1;1;3;117;56, BOULEVARD BERTHIER;;;;750
49205;201500054679;15;9;21;2300;5;2;4;1;3;117;72, BOULEVARD GOUVION SA;;;;750
49206;201500054680;15;9;22;1035;1;2;1;2;6;117;27 BIS, AVENUE DE VILLIE;;;;750
49207;201500054681;15;9;23;1030;1;2;1;1;2;117;14, RUE FRUCTIDOR;M;4853361.0;219053.0;750
49208;201500054682;15;9;25;205;5;2;6;8;6;117;1, PLACE PAUL LEAUTAUD;;;;750
49209;201500054683;15;9;25;1120;1;2;1;1;2;117;10, AVENUE CARNOT;;;;750
49210;201500054684;15;9;25;1550;1;2;1;1;3;117;22, AVENUE DE LA GRANDE;;;;750
49211;201500054685;15;9;26;730;1;2;4;1;2;117;RUE TOULOUSE LAUTREC;;;;750
49212;201500054686;15;9;26;1340;1;2;1;1;6;117;54, RUE DE PRONY;;;;750
49213;201500054687;15;9;29;1030;1;2;7;1;3;117;02, PLACE DE LA PORTE MA;;;;750
49214;201500054688;15;9;29;915;1;2;1;1;2;117;22, BOULEVARD BESSIERES;;;;750