;Num_Acc;an;mois;jour;hrmn;lum;agg;int;atm;col;com;adr;gps;lat;long;dep
49215;201500054689;15;10;2;1050;1;2;2;1;6;117;615, BOULEVARD PEREIRE;;;;750
49216;201500054690;15;10;3;110;5;2;7;1;6;108;02, PLACE DU CANADA;;;;750
49217;201500054692;15;10;3;1135;1;2;1;1;6;117;32, BOULEVARD BERTHIER;;;;750
49218;201500054693;15;9;29;1725;1;2;2;1;6;117;40, AVENUE DE LA GRANDE;;;;750
49219;201500054694;15;10;6;1830;1;2;1;1;3;117;23, RUE ALBERT ROUSSEL;;;;750
49220;201500054696;15;10;7;1750;1;2;1;8;3;116;34, BOULEVARD SUCHET;;;;750
49221;201500054697;15;10;3;1510;1;2;1;1;6;117;110, RUE JOUFFROY D ABBA;;;;750
49222;201500054698;15;10;9;436;5;2;1;1;6;108;AVENUE DES CHAMPS ELYSEE;;;;750
49223;201500054699;15;10;9;1310;1;2;2;1;3;117;38, RUE LA CONDAMINE;;;;750
49224;201500054700;15;10;9;1900;2;2;4;1;3;117;88, AVENUE DE VILLIERS;;;;750
49225;201500054701;15;10;9;1955;5;2;1;1;6;117;229, BOULEVARD PEREIRE;;;;750
49226;201500054702;15;10;10;1630;1;2;3;1;2;117;170, AVENUE DE CLICHY;;;;750
49227;201500054703;15;10;12;900;1;2;1;1;3;117;61, AVENUE DE CLICHY;;;;750
49228;201500054704;15;10;12;1515;1;2;1;1;6;117;02, RUE DE PHALSBOURG;;;;750
49229;201500054705;15;10;12;1820;1;2;1;1;3;117;43, AVENUE DE WAGRAM;;;;750
49230;201500054706;15;10;13;845;1;2;5;1;3;117;2, BOULEVARD DE REIMS;;;;750
49231;201500054707;15;10;13;1550;1;2;1;1;3;117;32, BOULEVARD BERTHIER;;;;750
49232;201500054709;15;10;14;1200;1;2;1;1;2;117;26, AVENUE DE LA GRANDE;;;;750
49233;201500054710;15;10;15;1420;1;2;2;1;6;117;5, RUE FARADAY;;;;750
49234;201500054711;15;10;20;800;1;2;1;1;3;117;80, BOULEVARD BESSIERES;;;;750
49235;201500054712;15;10;20;1035;1;2;4;1;3;117;01, RUE FERNAND PELLOUTI;;;;750
49236;201500054713;15;10;21;1935;5;2;3;2;3;117;80, BOULEVARD DES BATIGN;;;;750
49237;201500054714;15;10;22;2000;5;2;7;2;6;117;51 bis, BOULEVARD BERTHI;;;;750
49238;201500054715;15;10;23;1535;1;2;1;1;4;117;154, RUE CARDINET;;;;750
49239;201500054716;15;10;24;1125;1;2;2;1;6;117;30 bis, AVENUE NIEL;;;;750
49240;201500054717;15;10;24;1515;1;2;2;1;6;117;AVENUE DE LA PORTE DE CL;;;;750
49241;201500054718;15;10;26;1015;1;2;1;1;3;117;3, RUE ANDRE BRECHET;;;;750
49242;201500054719;15;10;27;1500;1;2;1;1;6;117;74, AVENUE DE VILLIERS;;;;750
49243;201500054720;15;10;28;715;2;2;1;2;7;117;/, PLACE DE LA PORTE MAI;;;;750
49244;201500054721;15;10;28;1300;1;2;3;1;2;117;104, BOULEVARD DE COURCE;;;;750
49245;201500054723;15;10;30;1815;2;2;2;1;3;117;12, AVENUE STEPHANE MALL;;;;750
49246;201500054724;15;10;31;215;5;2;2;1;2;117;96, AVENUE DE CLICHY;;;;750
49247;201500054725;15;11;3;550;5;2;5;2;6;117;36, BOULEVARD BESSIERES;;;;750
49248;201500054726;15;11;3;2200;5;2;2;2;3;117;02, AVENUE NIEL;;;;750
49249;201500054727;15;11;4;204;5;2;7;2;6;117;2, PLACE DU MARECHAL JUI;;;;750
49250;201500054728;15;11;7;2115;5;2;3;1;6;117;99, AVENUE DE SAINT OUEN;;;;750
49251;201500054729;15;11;8;400;5;2;1;1;2;117;40, BOULEVARD GOUVION SA;;;;750
49252;201500054730;15;11;9;1312;1;2;1;1;6;116;AVENUE DU MAHATMA GANDHI;;;;750
49253;201500054731;15;11;9;2325;5;2;7;1;3;117;169, RUE DE COURCELLES;;;;750
49254;201500054732;15;11;10;1630;2;2;1;1;3;117;190, AVENUE DE CLICHY;;;;750
49255;201500054733;15;11;13;810;1;2;7;1;3;117;12/14, PLACE DU GENERAL;;;;750
49256;201500054734;15;11;13;1519;1;2;1;1;2;117;BOULEVARD D AURELLE DE P;;;;750
49257;201500054735;15;11;13;1615;1;2;1;1;3;117;94, RUE LA CONDAMINE;;;;750
49258;201500054736;15;11;14;1629;1;2;1;1;7;117;162, RUE CARDINET;;;;750
49259;201500054737;15;11;15;1416;1;2;2;1;2;117;48, AVENUE DE VILLIERS;;;;750
49260;201500054738;15;11;15;2155;5;2;1;1;2;117;208, RUE DE COURCELLES;;;;750
49261;201500054740;15;11;16;1445;1;2;3;1;3;117;06, BOULEVARD PERSHING;;;;750
49262;201500054741;15;11;17;1500;1;2;2;8;3;117;147, AVENUE DE VILLIERS;;;;750
49263;201500054742;15;11;17;1820;5;2;7;2;3;117;/, PLACE CHARLES DE GAUL;;;;750
49264;201500054743;15;11;18;1344;1;2;2;1;6;117;12, AVENUE DE LA PORTE D;;;;750
49265;201500054744;15;11;19;840;1;2;1;1;6;117;37, RUE DULONG;;;;750
49266;201500054745;15;11;19;1350;1;2;5;2;3;117;RUE DU CAPORAL PEUGEOT;;;;750
49267;201500054746;15;11;19;1740;2;2;1;2;7;117;17, AVENUE DE LA PORTE D;;;;750
49268;201500054747;15;11;19;1800;1;2;7;2;3;108;49, AVENUE DE FRIEDLAND;;;;750
49269;201500054748;15;11;19;2100;5;2;2;3;2;108;91, AVENUE DES CHAMPS EL;;;;750
49270;201500054749;15;11;20;1215;1;2;2;2;6;117;134, BOULEVARD PEREIRE;;;;750
49271;201500054750;15;11;20;1830;5;2;7;2;7;117;PLACE DU MARECHAL JUIN;;;;750
49272;201500054751;15;11;20;2230;5;2;2;8;6;117;97, AVENUE DE CLICHY;;;;750
49273;201500054752;15;11;21;955;1;2;7;1;4;117;02, AVENUE DE LA GRANDE;;;;750
49274;201500054753;15;11;21;1110;1;2;7;1;3;117;/, PLACE DES TERNES;;;;750
49275;201500054754;15;11;23;1000;1;2;1;1;2;117;97, RUE DE TOCQUEVILLE;;;;750
49276;201500054755;15;11;24;1600;1;2;2;2;6;117;139, AVENUE DE WAGRAM;;;;750
49277;201500054756;15;11;24;2215;5;2;3;2;1;117;152, BOULEVARD MALESHERB;;;;750
49278;201500054757;15;11;25;930;1;2;3;2;3;117;14, BOULEVARD DES BATIGN;;;;750
49279;201500054758;15;11;25;1230;1;2;5;1;6;117;30, BOULEVARD DES BATIGN;;;;750
49280;201500054759;15;11;26;15;5;2;7;1;6;117;10, RUE DE PONT A MOUSSO;;;;750
49281;201500054760;15;11;26;2155;5;2;7;1;6;117;04, PLACE DE LA PORTE DE;;;;750
49282;201500054761;15;11;27;1355;1;2;7;1;2;117;04, AVENUE DE LA GRANDE;;;;750
49283;201500054762;15;11;29;1515;1;2;7;1;3;117;PLACE GENERAL CATROUX;;;;750
49284;201500054763;15;12;1;800;1;2;3;1;3;117;22, AVENUE DE LA GRANDE;;;;750
49285;201500054764;15;12;1;1550;1;2;5;1;6;117;9, BOULEVARD PEREIRE;;;;750
49286;201500054765;15;12;1;1730;2;2;7;1;3;117;01, PLACE PAUL LEAUTAUD;;;;750
49287;201500054766;15;12;2;1650;1;2;4;1;3;117;152, BOULEVARD MALESHERB;;;;750
49288;201500054768;15;12;3;2130;5;2;4;1;3;117;79, AVENUE DES TERNES;;;;750
49289;201500054769;15;12;6;35;5;2;1;1;6;117;190, AVENUE DE CLICHY;;;;750
49290;201500054770;15;12;6;1700;3;2;3;1;3;117;AVENUE DE CLICHY;;;;750
49291;201500054771;15;12;7;925;1;2;2;1;3;117;03, PLACE DE LA PORTE DE;;;;750
49292;201500054772;15;12;7;1645;2;2;7;1;3;117;33, BOULEVARD PERSHING;;;;750
49293;201500054773;15;12;8;1010;1;2;1;1;3;117;24, AVENUE DE LA PORTE D;;;;750
49294;201500054774;15;12;8;1150;1;2;1;1;6;117;13, AVENUE DE LA PORTE D;;;;750
49295;201500054775;15;12;8;1350;1;2;7;2;2;117;4, PLACE DE WAGRAM;;;;750
49296;201500054777;15;12;9;2250;5;2;5;1;6;108;59, RUE DE ROME;;;;750
49297;201500054779;15;12;11;1420;1;2;3;1;3;117;163, BOULEVARD MALESHERB;;;;750
49298;201500054780;15;12;11;1815;5;2;7;1;3;117;2, PLACE DE LA PORTE MAI;;;;750
49299;201500054781;15;12;13;613;5;2;1;1;6;117;97, BOULEVARD GOUVION SA;;;;750
49300;201500054782;15;12;14;2352;5;2;5;1;3;117;AVENUE DE LA PORTE D ASN;;;;750
49301;201500054783;15;12;15;1740;5;2;5;3;3;117;70, AVENUE DE VILLIERS;;;;750
49302;201500054784;15;12;15;1742;5;2;1;3;3;117;5, AVENUE DE LA PORTE DE;;;;750
49303;201500054785;15;12;15;2045;5;2;7;3;6;116;PLACE DE LA PORTE DE SAI;;;;750
49304;201500054786;15;12;16;1445;1;2;1;1;3;117;100, AVENUE DE VILLIERS;;;;750
49305;201500054788;15;12;19;1;5;2;7;1;2;117;PLACE DU BRESIL;;;;750
49306;201500054789;15;12;19;1545;2;2;3;1;3;117;21, BOULEVARD DU BOIS LE;;;;750
49307;201500054790;15;12;20;1920;5;2;1;2;6;117;66, BOULEVARD GOUVION SA;;;;750
49308;201500054791;15;12;21;2010;5;2;3;2;3;117;51, AVENUE DES TERNES;;;;750
49309;201500054793;15;12;24;30;5;2;2;1;6;117;72, AVENUE DE VILLIERS;;;;750
49310;201500054794;15;12;24;1915;5;2;1;1;2;117;03, PLACE DU GENERAL KOE;;;;750
49311;201500054795;15;12;26;2320;5;2;1;1;6;117;26, AVENUE PAUL ADAM;;;;750
49312;201500054796;15;12;27;2050;5;2;2;1;6;117;PORTE DES TERNES;;;;750
49313;201500054797;15;12;28;815;1;2;3;1;6;117;151 BIS, RUE CARDINET;;;;750
49314;201500054798;15;12;28;1610;1;2;1;1;1;117;22, BOULEVARD BESSIERES;;;;750
49315;201500054799;15;12;29;1550;1;2;2;1;6;117;13, RUE DES BATIGNOLLES;;;;750
49316;201500054800;15;12;31;10;5;2;4;2;2;117;AVENUE DE LA PORTE DE CL;;;;750
49317;201500054801;15;1;4;1445;1;2;5;1;3;118;72, BOULEVARD NEY;;;;750
49318;201500054802;15;1;4;1500;1;2;5;1;3;118;18, RUE JOSEPH DE MAISTR;;;;750
49319;201500054803;15;1;10;47;5;2;3;1;6;118;68, AVENUE DE SAINT OUEN;;;;750
49320;201500054804;15;1;11;1305;1;2;2;1;1;118;28, RUE EUGENE CARRIERE;;;;750
49321;201500054805;15;1;11;1425;1;2;2;1;3;118;74, BOULEVARD BARBES;;;;750
49322;201500054806;15;1;13;1115;1;2;1;2;6;118;18, AVENUE DE CLICHY;;;;750
49323;201500054807;15;1;13;1520;1;2;2;2;6;118;0, RUE JEAN FRANCOIS LEP;;;;750
49324;201500054808;15;1;14;715;2;2;3;1;7;118;113, RUE DU MONT CENIS;;;;750
49325;201500054809;15;1;16;1900;5;2;1;2;7;118;14, PORTE DE CLIGNANCOUR;;;;750
49326;201500054810;15;1;17;1910;5;2;1;1;6;117;06, RUE LECLUSE;;;;750
49327;201500054811;15;1;18;2050;5;2;1;1;1;118;33, RUE DE L EVANGILE;;;;750
49328;201500054812;15;1;21;725;2;2;5;1;3;118;29, BOULEVARD NEY;;;;750
49329;201500054813;15;1;21;1720;5;2;1;1;3;118;6, BOULEVARD DE ROCHECHO;;;;750
49330;201500054814;15;1;22;900;1;2;5;1;7;118;16, BOULEVARD DE CLICHY;;;;750
49331;201500054815;15;1;23;1520;1;2;4;1;7;118;1, RUE CHRISTIANI;;;;750
49332;201500054816;15;1;23;500;5;2;5;8;3;118;162, RUE ORDENER;;;;750
49333;201500054817;15;1;24;1640;1;2;1;1;6;118;3 BIS, RUE CARPEAUX;;;;750
49334;201500054818;15;1;25;30;5;2;5;1;6;118;30, AVENUE DE LA PORTE D;;;;750
49335;201500054820;15;1;26;1910;5;2;3;2;6;118;39, RUE DE LA CHAPELLE;;;;750
49336;201500054821;15;1;27;1530;1;2;1;1;2;118;72, AVENUE DE SAINT OUEN;;;;750
49337;201500054822;15;1;28;10;5;2;2;1;2;118;BOULEVARD NEY;;;;750
49338;201500054823;15;1;28;1725;5;2;1;2;6;118;44, BOULEVARD BARBES;;;;750
49339;201500054824;15;1;28;1830;5;2;1;2;6;118;7, RUE CAULAINCOURT;;;;750
49340;201500054825;15;1;29;1320;1;2;2;2;6;118;32, AVENUE DE LA PORTE D;;;;750
49341;201500054826;15;1;29;2045;5;2;5;2;3;118;BOULEVARD BARBES;;;;750
49342;201500054829;15;1;30;1950;5;2;3;1;6;118;185, RUE ORDENER;;;;750
49343;201500054830;15;2;1;1520;1;2;2;2;6;118;92, RUE DE LA CHAPELLE;;;;750
49344;201500054831;15;2;2;715;5;2;1;4;6;118;9, BOULEVARD BARBES;;;;750
49345;201500054832;15;2;3;910;1;2;3;1;5;118;22, BOULEVARD BARBES;;;;750
49346;201500054833;15;2;3;1000;1;2;5;1;6;118;162, RUE ORDENER;;;;750
49347;201500054834;15;2;4;2035;5;2;5;1;3;118;2, BOULEVARD DE ROCHECHO;;;;750
49348;201500054835;15;2;5;1145;1;2;1;1;6;118;7, RUE DOUDEAUVILLE;;;;750
49349;201500054836;15;2;6;1635;1;2;3;1;7;118;14, AVENUE DE CLICHY;;;;750
49350;201500054837;15;2;7;150;5;2;2;1;6;118;02, RUE DES TROIS FRERES;;;;750
49351;201500054838;15;2;10;1505;1;2;1;1;3;118;48, AVENUE DE CLICHY;;;;750
49352;201500054839;15;2;11;1625;1;2;2;1;3;118;118, AVENUE DE SAINT OUE;;;;750
49353;201500054840;15;2;12;1150;1;2;1;1;6;118;24, RUE DU POTEAU;;;;750
49354;201500054841;15;2;12;2200;5;2;2;1;3;118;24, RUE DURANTIN;;;;750
49355;201500054842;15;2;16;905;1;2;1;1;6;118;103, RUE DAMREMONT;;;;750
49356;201500054843;15;2;16;1840;5;2;3;1;6;118;171, RUE ORDENER;;;;750
49357;201500054844;15;2;18;1;5;2;3;1;3;110;54, BOULEVARD DE MAGENTA;;;;750
49358;201500054845;15;2;18;945;1;2;2;1;6;118;100, BOULEVARD NEY;;;;750
49359;201500054846;15;2;20;1721;2;2;3;2;7;118;124, AVENUE DE SAINT OUE;;;;750
49360;201500054847;15;2;25;1002;1;2;3;8;6;118;39, RUE DE LA CHAPELLE;;;;750
49361;201500054848;15;2;25;1505;1;2;3;2;6;118;27, BOULEVARD ORNANO;;;;750
49362;201500054850;15;2;26;1910;5;2;7;2;6;118;51, PLACE ALBERT KAHN;;;;750
49363;201500054851;15;2;28;1950;5;2;5;1;3;118;BOULEVARD BARBES;;;;750
49364;201500054852;15;2;28;2050;5;2;2;1;6;118;44, RUE DE TORCY;;;;750
49365;201500054853;15;3;2;1405;1;2;5;2;2;118;33, RUE FRANCOEUR;;;;750
49366;201500054854;15;3;2;1845;5;2;1;8;3;118;92, BOULEVARD NEY;;;;750
49367;201500054855;15;3;3;1149;1;2;1;1;3;110;228, RUE DU FAUBOURG SAI;;;;750
49368;201500054856;15;3;4;905;1;2;5;1;3;118;58, BOULEVARD DE LA CHAP;;;;750
49369;201500054857;15;3;6;1615;1;2;1;1;6;118;RUE ORDENER;;;;750
49370;201500054858;15;3;7;1900;5;2;1;1;6;118;132, RUE DES POISSONNIER;;;;750
49371;201500054861;15;3;10;2130;5;2;5;1;6;118;RUE DES SAULES;;;;750
49372;201500054862;15;3;11;1900;5;2;2;1;3;118;RUE FRANCIS DE CROISSET;;;;750
49373;201500054863;15;3;12;1300;1;2;5;1;3;118;56, RUE VAUVENARGUES;;;;750
49374;201500054864;15;3;12;1555;1;2;5;1;6;118;RUE DE CLIGNANCOURT;;;;750
49375;201500054865;15;3;13;45;5;2;1;1;6;118;193, RUE CHAMPIONNET;;;;750
49376;201500054866;15;3;13;1810;3;2;5;1;6;118;63, RUE RAMEY;;;;750
49377;201500054867;15;3;16;1925;5;2;1;1;2;118;84, BOULEVARD NEY;;;;750
49378;201500054868;15;3;17;1204;1;2;5;1;6;118;30, AVENUE DE LA PORTE D;;;;750
49379;201500054870;15;3;19;2010;5;2;1;1;6;118;73, BOULEVARD NEY;;;;750
49380;201500054871;15;3;20;1210;1;2;5;1;6;118;RUE RAMEY;;;;750
49381;201500054872;15;3;21;125;5;2;5;1;2;118;60, RUE ORDENER;;;;750
49382;201500054874;15;3;24;1720;1;2;2;2;3;118;54, RUE DOUDEAUVILLE;;;;750
49383;201500054876;15;3;25;2200;5;2;4;2;6;118;136, BOULEVARD NEY;;;;750
49384;201500054877;15;3;27;800;1;2;1;1;6;118;73, BOULEVARD BARBES;;;;750
49385;201500054878;15;3;28;205;5;2;5;1;6;118;50, RUE ORDENER;;;;750
49386;201500054879;15;3;28;1540;1;2;2;1;6;118;100, BOULEVARD NEY;;;;750
49387;201500054880;15;3;29;1245;1;2;1;2;6;118;49, RUE CUSTINE;;;;750
49388;201500054881;15;3;30;1705;1;2;4;1;6;118;122, RUE DES POISSONNIER;;;;750
49389;201500054884;15;4;3;1210;1;2;1;1;1;118;50, RUE VAUVENARGUES;;;;750
49390;201500054885;15;4;7;130;5;2;1;1;6;118;137bis, BOULEVARD NEY;;;;750
49391;201500054886;15;4;8;1700;1;2;1;1;3;118;70, BOULEVARD NEY;;;;750
49392;201500054887;15;4;8;1715;1;2;1;1;3;118;65, BOULEVARD NEY;;;;750
49393;201500054888;15;4;9;125;5;2;2;1;6;118;RUE FRANCIS DE CROISSET;;;;750
49394;201500054889;15;4;10;1430;1;2;1;1;6;118;13, RUE DE L EVANGILE;;;;750
49395;201500054890;15;4;12;2320;5;2;2;1;6;118;1, RUE MARX DORMOY;;;;750
49396;201500054891;15;4;13;1100;1;2;1;1;3;118;23, RUE D ORSEL;;;;750
49397;201500054892;15;4;13;1300;1;2;1;1;6;118;19, RUE DUC;;;;750
49398;201500054894;15;4;15;1130;1;2;2;1;6;118;38, RUE LETORT;;;;750
49399;201500054895;15;4;17;2250;5;2;2;1;3;118;43, BOULEVARD BARBES;;;;750
49400;201500054896;15;4;20;935;1;2;5;1;3;118;177, RUE ORDENER;;;;750
49401;201500054897;15;4;21;1315;1;2;2;1;2;118;38, AVENUE DE LA PORTE D;;;;750
49402;201500054898;15;4;22;824;1;2;2;1;6;118;21, RUE HERMEL;;;;750
49403;201500054900;15;4;22;1830;1;2;3;1;2;118;41, RUE DE CLIGNANCOURT;;;;750
49404;201500054902;15;4;29;2300;5;2;5;2;1;118;RUE ORDENER;;;;750
49405;201500054903;15;4;30;845;1;2;2;2;6;118;67, RUE DES POISSONNIERS;;;;750
49406;201500054904;15;4;30;920;1;2;1;3;7;118;5, RUE DANCOURT;;;;750
49407;201500054905;15;4;30;2230;5;2;1;2;6;118;54, AVENUE DE SAINT OUEN;;;;750
49408;201500054906;15;5;6;1255;1;2;4;1;6;118;AVENUE DE LA PORTE DE CL;;;;750
49409;201500054907;15;5;8;1830;1;2;3;1;6;118;112, RUE DAMREMONT;;;;750
49410;201500054908;15;5;9;415;5;2;2;1;3;118;RUE DUC;;;;750
49411;201500054909;15;5;9;1920;1;2;3;1;6;118;93, RUE ORDENER;;;;750
49412;201500054910;15;5;11;1915;1;2;2;1;6;118;52, RUE LEIBNIZ;;;;750
49413;201500054911;15;5;12;1840;1;2;5;1;6;118;91, RUE DE LA CHAPELLE;;;;750
49414;201500054912;15;5;13;1411;1;2;3;1;6;118;51, RUE CUSTINE;;;;750
49415;201500054913;15;5;15;1200;1;2;3;1;3;118;215, RUE D AUBERVILLIERS;;;;750
49416;201500054914;15;5;16;1850;1;2;2;1;6;118;110, RUE ORDENER;;;;750
49417;201500054915;15;5;19;1540;1;2;2;2;3;118;16, BOULEVARD DE CLICHY;;;;750
49418;201500054916;15;5;21;2015;1;2;5;1;6;118;46, RUE ORDENER;;;;750
49419;201500054917;15;5;25;1425;1;2;2;1;6;118;2, RUE ORDENER;;;;750
49420;201500054918;15;5;26;1700;1;2;2;1;6;118;BOULEVARD NEY;;;;750
49421;201500054919;15;5;27;1030;1;2;2;1;6;118;RUE CHAMPIONNET;;;;750
49422;201500054920;15;5;27;1720;1;2;5;1;1;118;RUE CUSTINE;;;;750
49423;201500054921;15;5;27;2005;1;2;5;1;4;118;RUE DU PROFESSEUR GOSSET;;;;750
49424;201500054922;15;5;27;2115;2;2;2;1;4;118;99, BOULEVARD NEY;;;;750
49425;201500054923;15;5;28;1445;1;2;2;1;3;118;1, RUE MARX DORMOY;;;;750
49426;201500054924;15;5;28;2045;5;2;5;1;6;118;244, RUE MARCADET;;;;750
49427;201500054925;15;5;29;1310;1;2;7;1;6;118;2, RUE MARX DORMOY;;;;750
49428;201500054926;15;5;30;1020;1;2;1;1;6;118;29, RUE CUSTINE;;;;750
49429;201500054927;15;5;30;1625;1;2;2;1;6;118;RUE MARCADET;;;;750
49430;201500054928;15;6;1;725;1;2;1;1;3;118;73, RUE RIQUET;;;;750
49431;201500054929;15;6;2;1145;1;2;2;1;3;118;/, PORTE DE LA CHAPELLE;;;;750
49432;201500054930;15;6;4;1415;1;2;1;1;6;118;90, BOULEVARD DE CLICHY;;;;750
49433;201500054931;15;6;5;745;1;2;4;7;3;118;AVENUE DE LA PORTE DE SA;;;;750
49434;201500054932;15;6;5;2110;2;2;1;1;3;118;2, RUE FRANCIS DE CROISS;;;;750
49435;201500054933;15;6;5;2215;2;2;2;1;2;103;BOULEVARD DE SEBASTOPOL;;;;750
49436;201500054934;15;6;2;1700;1;2;1;1;7;118;BOULEVARD PERIPHERIQUE I;;;;750
49437;201500054935;15;6;6;1105;1;2;2;7;6;118;9, RUE POLONCEAU;;;;750
49438;201500054937;15;6;8;1655;1;2;3;1;6;118;RUE STEPHENSON;;;;750
49439;201500054938;15;6;9;1730;1;2;3;1;2;118;29, RUE DES AMIRAUX;;;;750
49440;201500054939;15;6;10;8;5;2;1;1;3;118;71, BOULEVARD ORNANO;;;;750
49441;201500054940;15;6;10;1010;1;2;1;1;6;118;76, BOULEVARD BARBES;;;;750
49442;201500054942;15;6;10;1435;1;2;5;1;6;118;103, RUE DU POTEAU;;;;750
49443;201500054943;15;6;11;845;1;2;2;1;6;118;52, AVENUE DE SAINT OUEN;;;;750
49444;201500054944;15;6;14;2200;2;2;1;1;6;118;253, RUE MARCADET;;;;750
49445;201500054945;15;6;15;835;1;2;1;8;6;118;42, RUE CAULAINCOURT;;;;750
49446;201500054946;15;6;2;1000;1;2;2;1;3;118;RUE JACQUES KABLE;;;;750
49447;201500054947;15;6;16;900;1;2;5;1;2;118;82, BOULEVARD DE CLICHY;;;;750
49448;201500054948;15;6;17;920;1;2;2;1;2;118;1, AVENUE DE LA PORTE DE;;;;750
49449;201500054949;15;6;18;1145;1;2;5;1;7;118;RUE VAUVENARGUES;;;;750
49450;201500054950;15;6;18;1715;1;2;4;1;6;118;18, RUE DE CHARTRES;;;;750
49451;201500054951;15;6;19;55;5;2;1;1;6;118;152, AVENUE DE SAINT OUE;;;;750
49452;201500054952;15;6;21;320;5;2;2;1;3;118;angle, RUE DE TORCY;;;;750
49453;201500054953;15;6;22;940;1;2;5;1;6;118;36, RUE CUSTINE;;;;750
49454;201500054954;15;6;21;2110;2;2;1;1;6;118;47, RUE PAJOL;;;;750
49455;201500054956;15;6;24;2010;1;2;4;1;6;118;54, BOULEVARD NEY;;;;750
49456;201500054957;15;6;25;1805;1;2;3;1;6;118;7, RUE DE LA LOUISIANE;;;;750
49457;201500054958;15;7;1;820;1;2;1;1;6;118;63, RUE DU POTEAU;;;;750
49458;201500054959;15;7;2;750;1;2;1;1;3;118;29, RUE DE LA CHAPELLE;;;;750
49459;201500054960;15;7;2;1210;1;2;1;1;2;118;BOULEVARD PERIPHERIQUE E;;;;750
49460;201500054961;15;7;2;2330;5;2;5;1;6;118;2, RUE CAULAINCOURT;;;;750
49461;201500054962;15;7;3;1715;1;2;1;1;6;118;50, RUE DE LA CHAPELLE;;;;750
49462;201500054963;15;7;6;1620;1;2;1;1;4;118;51, BOULEVARD BARBES;;;;750
49463;201500054964;15;7;6;1625;1;2;3;1;7;118;10, RUE ORDENER;;;;750
49464;201500054965;15;7;6;1605;1;2;1;1;2;118;05, RUE ORDENER;;;;750
49465;201500054966;15;7;6;1630;1;2;3;1;6;118;107, RUE ORDENER;;;;750
49466;201500054967;15;7;7;2150;2;2;1;1;1;118;2, RUE RONSARD;;;;750
49467;201500054968;15;7;8;1330;1;2;2;8;6;118;42, BOULEVARD ORNANO;;;;750
49468;201500054969;15;7;8;1430;1;2;2;8;6;118;62, RUE DU RUISSEAU;;;;750
49469;201500054970;15;7;9;1100;1;2;5;1;6;118;76, BOULEVARD BARBES;;;;750
49470;201500054971;15;7;10;905;1;2;2;1;6;118;BOULEVARD NEY;;;;750
49471;201500054972;15;7;13;1700;1;2;2;1;3;118;BOULEVARD ORNANO;;;;750
49472;201500054973;15;7;15;1605;1;2;5;7;6;118;RUE DE CLIGNANCOURT;;;;750
49473;201500054974;15;7;17;1145;1;2;1;1;3;118;BOULEVARD PERIPHERIQUE E;;;;750
49474;201500054975;15;7;18;1745;1;2;1;1;7;118;10, RUE CAULAINCOURT;;;;750
49475;201500054976;15;7;21;1115;1;2;5;1;6;118;65, RUE DAMREMONT;;;;750
49476;201500054978;15;7;24;1340;1;2;2;1;3;118;58, RUE STEPHENSON;;;;750
49477;201500054980;15;7;28;1945;1;2;1;2;6;118;34, BOULEVARD DE CLICHY;;;;750
49478;201500054981;15;7;29;1533;1;2;1;1;3;118;18, RUE LEIBNIZ;;;;750
49479;201500054982;15;7;31;1958;1;2;2;1;6;118;/, BOULEVARD NEY;;;;750
49480;201500054983;15;8;2;2200;5;2;2;1;6;118;99, BOULEVARD NEY;;;;750
49481;201500054984;15;8;3;1450;1;2;3;1;6;118;53-55, RUE DE LA GOUTTE;;;;750
49482;201500054985;15;8;3;1800;1;2;2;1;6;118;02, RUE LAMARCK;;;;750
49483;201500054986;15;8;6;1505;1;2;5;1;3;118;/, RUE ORDENER;;;;750
49484;201500054987;15;8;7;210;5;2;5;1;3;110;125, BOULEVARD DE MAGENT;;;;750
49485;201500054988;15;8;8;1118;1;2;1;1;6;118;28, RUE FEUTRIER;;;;750
49486;201500054989;15;8;8;1430;1;2;1;1;4;118;78, RUE DE LA CHAPELLE;;;;750
49487;201500054990;15;8;9;508;5;2;3;1;6;118;, RUE DU CHEVALIER DE LA;;;;750
49488;201500054991;15;8;11;2010;2;2;3;1;6;119;64, RUE BOTZARIS;;;;750
49489;201500054992;15;8;12;940;1;2;3;1;3;118;166, RUE ORDENER;;;;750
49490;201500054993;15;8;15;1555;1;2;5;1;6;118;71, RUE ORDENER;;;;750
49491;201500054994;15;8;17;1710;1;2;3;1;3;118;117, RUE ORDENER;;;;750
49492;201500054995;15;8;17;1706;1;2;1;1;6;118;9, RUE JEAN ROBERT;;;;750
49493;201500054997;15;8;20;1900;1;2;2;1;6;118;87, BOULEVARD NEY;;;;750
49494;201500054998;15;8;21;2255;5;2;7;1;3;118;63, RUE DE LA CHAPELLE;;;;750
49495;201500054999;15;8;21;1235;1;2;3;1;3;118;58, RUE CUSTINE;;;;750
49496;201500055000;15;8;24;1020;1;2;1;2;2;118;168, RUE DES POISSONNIER;;;;750
49497;201500055001;15;8;24;1950;2;2;2;2;3;118;RUE EUGENE CARRIERE;;;;750
49498;201500055002;15;8;25;1945;2;2;3;1;6;118;68, RUE MARX DORMOY;;;;750
49499;201500055003;15;8;25;2055;5;2;4;2;3;118;RUE DES POISSONNIERS;;;;750
49500;201500055004;15;8;26;910;1;2;1;1;6;118;BOULEVARD DE CLICHY;;;;750
49501;201500055005;15;8;27;1910;1;2;1;3;1;118;92, AVENUE DE SAINT OUEN;;;;750
49502;201500055006;15;9;2;1650;1;2;3;1;3;118;RUE ORDENER;;;;750