;Num_Acc;an;mois;jour;hrmn;lum;agg;int;atm;col;com;adr;gps;lat;long;dep
49503;201500055007;15;9;3;1520;1;2;1;1;6;118;138, RUE ORDENER;;;;750
49504;201500055008;15;9;6;230;5;2;2;1;6;118;RUE HERMEL;;;;750
49505;201500055009;15;9;7;1025;1;2;1;1;3;118;BOULEVARD DE LA CHAPELLE;;;;750
49506;201500055010;15;9;9;1330;1;2;5;1;2;118;BOULEVARD NEY;;;;750
49507;201500055011;15;9;12;1625;1;2;1;3;6;118;BOULEVARD PERIPHERIQUE I;;;;750
49508;201500055012;15;9;12;1945;2;2;2;8;6;118;3, RUE DE LA CHARBONNIER;;;;750
49509;201500055013;15;9;14;1000;1;2;2;1;6;118;1, RUE DE LA CHAPELLE;;;;750
49510;201500055014;15;9;15;1050;1;2;3;1;2;118;131, BOULEVARD NEY;;;;750
49511;201500055015;15;9;16;1300;1;2;1;2;2;118;BOULEVARD PERIPHERIQUE E;;;;750
49512;201500055016;15;9;16;1835;2;2;7;3;6;118;RUE CHAMPIONNET;;;;750
49513;201500055017;15;9;16;2020;5;2;2;1;3;118;RUE DE TRETAIGNE;;;;750
49514;201500055018;15;9;18;800;1;2;3;1;6;118;RUE DU SIMPLON;;;;750
49515;201500055019;15;9;18;1550;1;2;1;2;6;118;41, BOULEVARD NEY;;;;750
49516;201500055020;15;9;23;1150;1;2;1;1;3;118;112, BOULEVARD NEY;;;;750
49517;201500055021;15;9;24;930;1;2;2;1;6;118;37, RUE LAMARCK;;;;750
49518;201500055022;15;9;24;1415;1;2;1;1;2;118;5, BOULEVARD NEY;;;;750
49519;201500055023;15;9;28;145;5;2;1;1;6;118;108, BOULEVARD DE ROCHEC;;;;750
49520;201500055024;15;9;28;1210;1;2;1;1;6;118;134 bis, AVENUE DE SAINT;;;;750
49521;201500055025;15;9;30;234;4;2;7;1;6;118;BOULEVARD DE CLICHY;;;;750
49522;201500055026;15;9;30;2000;5;2;2;1;3;118;62, BOULEVARD BARBES;;;;750
49523;201500055027;15;9;29;930;1;2;1;1;2;118;90, RUE LEIBNIZ;;;;750
49524;201500055028;15;9;30;1010;1;2;1;1;7;118;6, RUE CAULAINCOURT;;;;750
49525;201500055029;15;10;1;900;1;2;5;1;6;118;39, RUE JOSEPH DE MAISTR;;;;750
49526;201500055031;15;10;5;1910;2;2;2;3;7;118;38, BOULEVARD BARBES;;;;750
49527;201500055032;15;10;5;1840;2;2;2;3;3;118;44, BOULEVARD ORNANO;;;;750
49528;201500055033;15;10;6;1115;1;2;4;1;6;118;77, BOULEVARD ORNANO;;;;750
49529;201500055034;15;10;6;715;2;2;2;2;3;118;106, RUE MARCADET;;;;750
49530;201500055035;15;10;7;1435;1;2;4;1;3;118;117, BOULEVARD NEY;;;;750
49531;201500055036;15;10;7;2000;5;2;3;1;3;118;RUE D AUBERVILLIERS;;;;750
49532;201500055037;15;10;7;2040;5;2;1;1;3;118;7, AVENUE DE LA PORTE DE;;;;750
49533;201500055038;15;10;6;840;1;2;1;2;2;118;40, AVENUE DE SAINT OUEN;;;;750
49534;201500055039;15;10;10;1225;1;2;5;1;7;118;103, RUE DAMREMONT;;;;750
49535;201500055040;15;10;6;1030;1;2;5;2;2;118;01, RUE DE LA CHAPELLE;;;;750
49536;201500055041;15;10;10;2140;5;2;4;1;6;118;BOULEVARD ORNANO;;;;750
49537;201500055042;15;10;11;2105;5;2;3;1;2;118;123, BOULEVARD NEY;;;;750
49538;201500055043;15;10;14;2205;5;2;5;2;6;118;42, RUE ORDENER;;;;750
49539;201500055044;15;10;16;1550;1;2;1;2;6;118;83, RUE PHILIPPE DE GIRA;;;;750
49540;201500055045;15;10;17;1030;1;2;1;1;3;118;49, RUE ORDENER;;;;750
49541;201500055046;15;10;18;1715;1;2;1;8;6;118;76, RUE LABAT;;;;750
49542;201500055047;15;10;19;50;5;2;1;1;2;118;129, RUE DES POISSONNIER;;;;750
49543;201500055048;15;10;22;1245;1;2;1;2;7;118;132, RUE DES POISSONNIER;;;;750
49544;201500055049;15;10;22;1745;2;2;5;2;3;118;122, RUE CAULAINCOURT;;;;750
49545;201500055050;15;10;23;1125;1;2;1;1;2;118;231, RUE CHAMPIONNET;;;;750
49546;201500055051;15;10;23;2030;5;2;1;1;6;118;98, RUE DU POTEAU;;;;750
49547;201500055052;15;10;23;2140;5;2;2;1;3;118;BOULEVARD BARBES;;;;750
49548;201500055053;15;10;26;1440;1;2;1;1;6;118;RUE DU DOCTEUR BABINSKI;;;;750
49549;201500055056;15;10;28;1015;1;2;2;8;3;118;BOULEVARD NEY;;;;750
49550;201500055057;15;10;29;1700;1;2;3;1;6;118;109, BOULEVARD NEY;;;;750
49551;201500055058;15;10;30;1;5;2;2;1;2;118;BOULEVARD DE CLICHY;;;;750
49552;201500055059;15;10;30;1130;1;2;5;1;2;118;38, RUE CUSTINE;;;;750
49553;201500055060;15;11;2;2000;5;2;2;1;3;118;87, BOULEVARD NEY;;;;750
49554;201500055061;15;11;5;1905;5;2;3;2;6;118;6, BOULEVARD NEY;;;;750
49555;201500055062;15;11;5;2355;5;2;2;2;3;118;RUE MARCADET;;;;750
49556;201500055063;15;11;6;1340;1;2;5;2;6;118;36, AVENUE DE LA PORTE D;;;;750
49557;201500055064;15;11;9;715;2;2;5;1;7;118;59, BOULEVARD BARBES;;;;750
49558;201500055065;15;11;9;1150;1;2;3;1;6;118;50, RUE DE LA GOUTTE D O;;;;750
49559;201500055066;15;11;9;1915;5;2;1;1;6;117;99, AVENUE DE SAINT OUEN;;;;750
49560;201500055067;15;11;10;1540;1;2;4;1;6;118;56 ter, BOULEVARD NEY;;;;750
49561;201500055068;15;11;11;330;5;2;2;1;6;118;AVENUE DE LA PORTE DE CL;;;;750
49562;201500055069;15;11;13;1408;1;2;1;1;6;118;52, RUE MARX DORMOY;;;;750
49563;201500055070;15;11;14;2210;5;2;1;1;3;118;21, BOULEVARD NEY;;;;750
49564;201500055071;15;11;16;1845;5;2;2;1;6;118;52, AVENUE DE SAINT OUEN;;;;750
49565;201500055073;15;11;17;245;5;2;1;2;6;118;AVENUE DE LA PORTE DE CL;;;;750
49566;201500055074;15;11;17;1200;1;2;4;8;6;118;12, RUE DE LA CHAPELLE;;;;750
49567;201500055075;15;11;18;1500;1;2;1;1;6;118;34, RUE DES ROSES;;;;750
49568;201500055076;15;11;20;1130;1;2;4;2;6;118;27, BOULEVARD ORNANO;;;;750
49569;201500055077;15;11;20;1730;5;2;1;2;6;118;71, RUE MARX DORMOY;;;;750
49570;201500055078;15;11;20;1825;5;2;1;2;6;118;05, RUE DE TORCY;;;;750
49571;201500055079;15;11;20;1815;5;2;4;2;3;118;129, BOULEVARD NEY;;;;750
49572;201500055080;15;11;21;1040;1;2;4;1;3;118;10, RUE CAULAINCOURT;;;;750
49573;201500055081;15;11;21;1215;1;2;2;8;3;118;62, BOULEVARD BARBES;;;;750
49574;201500055082;15;11;22;1245;1;2;1;1;1;118;69, RUE ORDENER;;;;750
49575;201500055083;15;11;23;1115;1;2;5;1;6;118;35, RUE VAUVENARGUES;;;;750
49576;201500055084;15;11;23;1830;5;2;1;1;3;118;150, BOULEVARD NEY;;;;750
49577;201500055085;15;11;23;2030;5;2;1;1;3;118;120, BOULEVARD DE CLICHY;;;;750
49578;201500055086;15;11;25;1200;1;2;1;2;6;118;64, RUE MARX DORMOY;;;;750
49579;201500055087;15;11;26;1600;1;2;1;1;6;118;22, AVENUE DE LA PORTE D;;;;750
49580;201500055088;15;11;28;1340;1;2;3;1;2;118;20, BOULEVARD BARBES;;;;750
49581;201500055090;15;12;1;1000;1;2;3;1;6;118;9, RUE ORDENER;;;;750
49582;201500055091;15;12;1;1110;1;2;3;8;6;118;64, RUE MARX DORMOY;;;;750
49583;201500055092;15;12;1;1900;5;2;3;1;6;109;32, BOULEVARD DE CLICHY;;;;750
49584;201500055094;15;12;3;1035;1;2;4;1;6;118;140, AVENUE DE SAINT OUE;;;;750
49585;201500055095;15;12;3;1745;5;2;1;1;3;118;92, BOULEVARD NEY;;;;750
49586;201500055096;15;12;3;1905;5;2;1;1;3;118;66, BOULEVARD BARBES;;;;750
49587;201500055097;15;12;4;1250;1;2;1;1;6;118;58, RUE JOSEPH DE MAISTR;;;;750
49588;201500055098;15;12;4;1720;2;2;1;1;1;118;55, RUE DE LA CHAPELLE;;;;750
49589;201500055099;15;12;4;1820;5;2;5;1;6;118;RUE JOSEPH DE MAISTRE;;;;750
49590;201500055100;15;12;5;115;5;2;7;1;2;118;32, BOULEVARD DE LA CHAP;;;;750
49591;201500055101;15;12;6;2250;5;2;1;1;6;118;28, AVENUE DE LA PORTE D;;;;750
49592;201500055102;15;12;7;915;1;2;4;1;3;118;52, BOULEVARD NEY;;;;750
49593;201500055103;15;12;8;1500;1;2;3;3;6;118;RUE DE CLIGNANCOURT;;;;750
49594;201500055104;15;12;8;2030;1;2;3;1;3;118;92, RUE DE LA CHAPELLE;;;;750
49595;201500055105;15;12;8;2350;5;2;2;8;3;118;RUE LAMARCK;;;;750
49596;201500055106;15;12;9;1745;5;2;2;1;6;118;88, BOULEVARD BARBES;;;;750
49597;201500055107;15;12;10;1250;1;2;5;1;3;118;AVENUE DE LA PORTE DE LA;;;;750
49598;201500055109;15;12;14;750;1;2;2;1;6;118;23, RUE CAULAINCOURT;;;;750
49599;201500055110;15;12;14;1230;1;2;2;8;7;118;30, AVENUE DE LA PORTE D;;;;750
49600;201500055111;15;12;14;1615;1;2;5;1;6;118;177, RUE ORDENER;;;;750
49601;201500055112;15;12;17;1720;2;2;4;1;3;118;07, BOULEVARD ORNANO;;;;750
49602;201500055115;15;12;21;1104;1;2;1;1;3;118;77, RUE PAJOL;;;;750
49603;201500055116;15;12;23;1430;1;2;3;1;6;118;6, AVENUE DE LA PORTE DE;;;;750
49604;201500055118;15;12;26;1950;5;2;4;1;2;118;RUE CAULAINCOURT;;;;750
49605;201500055119;15;12;28;1850;5;2;1;1;6;118;25, RUE DES ABBESSES;;;;750
49606;201500055120;15;12;29;1435;1;2;1;1;3;118;09, RUE LOUIS PASTEUR VA;;;;750
49607;201500055121;15;12;31;2250;5;2;1;1;1;119;36, AVENUE DE LA PORTE D;;;;750
49608;201500055122;15;1;1;450;5;2;3;1;6;119;43, BOULEVARD MACDONALD;;;;750
49609;201500055123;15;1;4;903;1;2;5;1;6;118;1, RUE DE CLIGNANCOURT;;;;750
49610;201500055124;15;1;5;1335;1;2;4;1;3;119;PLACE AUGUSTE BARON;;;;750
49611;201500055125;15;1;9;728;3;2;1;2;6;119;109, AVENUE SIMON BOLIVA;;;;750
49612;201500055126;15;1;13;1445;1;2;1;2;6;119;185, RUE DE CRIMEE;;;;750
49613;201500055127;15;1;13;1650;2;2;1;2;6;119;311, RUE DE BELLEVILLE;;;;750
49614;201500055128;15;1;14;1905;5;2;7;1;2;119;7, BOULEVARD DE LA COMMA;;;;750
49615;201500055129;15;1;15;1650;5;2;2;2;6;119;220, BOULEVARD DE LA VIL;;;;750
49616;201500055130;15;1;16;630;5;2;1;1;3;119;209, AVENUE JEAN JAURES;;;;750
49617;201500055131;15;1;16;1330;1;2;1;1;6;119;14, AVENUE DE FLANDRE;;;;750
49618;201500055132;15;1;16;1445;1;2;2;1;3;119;89, RUE DE L OURCQ;;;;750
49619;201500055133;15;1;16;1640;1;2;1;1;3;119;181, BOULEVARD SERURIER;;;;750
49620;201500055134;15;1;16;2315;4;2;4;1;3;119;BOULEVARD PERIPHERIQUE E;;;;750
49621;201500055135;15;1;18;2338;5;2;4;1;3;119;3, RUE DE LORRAINE;;;;750
49622;201500055137;15;1;20;915;1;2;4;1;3;119;PORTE DE PANTIN;;;;750
49623;201500055138;15;1;22;1910;5;2;1;1;6;119;5, PASSAGE DESGRAIS;;;;750
49624;201500055139;15;1;23;1630;1;2;3;1;6;119;177, AVENUE JEAN JAURES;;;;750
49625;201500055140;15;1;24;1620;1;2;3;1;7;119;179, RUE DE CRIMEE;;;;750
49626;201500055141;15;1;29;1240;1;2;3;2;6;119;43, AVENUE DE LAUMIERE;;;;750
49627;201500055142;15;1;29;1400;1;2;1;2;2;119;PLACE DE LA PORTE DE PAN;;;;750
49628;201500055143;15;1;29;2007;5;2;1;2;6;119;11, RUE DE L OURCQ;;;;750
49629;201500055144;15;2;1;2055;5;2;1;2;3;119;85, RUE DE MEAUX;;;;750
49630;201500055145;15;2;4;1435;1;2;4;1;3;119;13, RUE GEORGES AURIC;;;;750
49631;201500055146;15;2;8;1645;1;2;5;1;3;119;107, RUE DE L OURCQ;;;;750
49632;201500055147;15;2;10;1015;1;2;1;1;6;119;BOULEVARD PERIPHERIQUE;;;;750
49633;201500055148;15;2;13;1020;1;2;5;1;3;119;73, BOULEVARD SERURIER;;;;750
49634;201500055149;15;2;14;655;5;2;1;1;6;110;162, RUE LA FAYETTE;;;;750
49635;201500055150;15;2;14;1645;1;2;1;2;6;119;105, AVENUE JEAN JAURES;;;;750
49636;201500055151;15;2;15;2050;5;2;1;1;6;119;27, RUE RIQUET;;;;750
49637;201500055152;15;2;17;1850;5;2;3;1;4;119;157, RUE DE CRIMEE;;;;750
49638;201500055153;15;2;18;720;2;2;3;1;2;119;21, AVENUE JEAN JAURES;;;;750
49639;201500055154;15;2;18;1510;1;2;2;1;6;119;145, AVENUE JEAN JAURES;;;;750
49640;201500055155;15;2;22;740;1;2;4;1;6;119;PLACE DE LA PORTE DE PAN;;;;750
49641;201500055156;15;2;22;1020;1;2;1;1;3;119;48, AVENUE SECRETAN;;;;750
49642;201500055157;15;2;23;930;1;2;5;1;3;119;BOULEVARD DE LA VILLETTE;;;;750
49643;201500055158;15;2;23;910;1;2;2;2;6;119;RUE DE MOUZAIA;;;;750
49644;201500055159;15;2;23;1500;1;2;1;2;3;119;55, RUE EMILE REYNAUD;;;;750
49645;201500055160;15;2;23;1750;1;2;1;8;2;119;210, BOULEVARD MACDONALD;;;;750
49646;201500055161;15;2;23;1346;1;2;5;1;3;119;24, RUE DE L OURCQ;;;;750
49647;201500055162;15;2;24;929;1;2;5;1;3;119;BOULEVARD D INDOCHINE;;;;750
49648;201500055163;15;2;24;1130;1;2;2;2;6;119;27, AVENUE DE FLANDRE;;;;750
49649;201500055164;15;2;25;2250;5;2;1;1;3;119;46, AVENUE SIMON BOLIVAR;;;;750
49650;201500055165;15;2;26;820;1;2;4;2;6;119;19, BOULEVARD D INDOCHIN;;;;750
49651;201500055166;15;2;28;1920;5;2;4;1;3;119;PLACE AUGUSTE BARON;;;;750
49652;201500055167;15;3;2;1840;5;2;3;1;7;119;RUE DE LA CLOTURE;;;;750
49653;201500055168;15;3;4;1100;1;2;1;1;6;119;5, PLACE DES FETES;;;;750
49654;201500055169;15;3;4;1610;1;2;1;1;6;119;3, RUE LOUISE THULIEZ;;;;750
49655;201500055170;15;3;6;1440;1;2;2;1;6;119;106, BOULEVARD SERURIER;;;;750
49656;201500055171;15;3;7;1045;1;2;2;1;3;119;AVENUE SIMON BOLIVAR;;;;750
49657;201500055172;15;3;9;1455;1;2;1;1;2;119;125, AVENUE SIMON BOLIVA;;;;750
49658;201500055173;15;3;10;900;1;2;3;1;3;119;151, RUE DE CRIMEE;;;;750
49659;201500055174;15;3;11;1504;1;2;2;1;6;119;48, BOULEVARD DE LA VILL;;;;750
49660;201500055175;15;3;13;1650;1;2;1;1;6;119;26, BOULEVARD SERURIER;;;;750
49661;201500055176;15;3;17;1130;1;2;7;1;2;119;1, PLACE AUGUSTE BARON;;;;750
49662;201500055177;15;3;20;1615;1;2;2;1;6;119;RUE D AUBERVILLIERS;;;;750
49663;201500055178;15;3;21;1600;1;2;7;1;3;119;1, PLACE DE LA PORTE DE;;;;750
49664;201500055180;15;3;25;315;5;2;5;2;2;110;21, BOULEVARD DE LA CHAP;;;;750
49665;201500055181;15;3;25;950;1;2;2;8;3;119;185, AVENUE JEAN JAURES;;;;750
49666;201500055182;15;3;26;1200;1;2;3;2;6;119;148, AVENUE JEAN JAURES;;;;750
49667;201500055183;15;3;26;2220;5;2;2;1;6;119;6, AVENUE SIMON BOLIVAR;;;;750
49668;201500055184;15;3;28;933;1;2;3;2;6;119;107, AVENUE DE FLANDRE;;;;750
49669;201500055186;15;3;31;930;1;2;1;2;7;119;70, AVENUE DE FLANDRE;;;;750
49670;201500055187;15;3;31;935;1;2;3;2;3;119;208, AVENUE JEAN JAURES;;;;750
49671;201500055188;15;3;31;1010;1;2;5;8;2;119;107, RUE MANIN;;;;750
49672;201500055189;15;3;31;1220;1;2;1;8;6;119;2 bis, RUE DES SOLITAIRE;;;;750
49673;201500055190;15;3;31;1500;1;2;2;1;6;119;RUE DE BELLEVILLE;;;;750
49674;201500055191;15;3;31;1530;1;2;1;1;6;119;30, RUE DE L OURCQ;;;;750
49675;201500055192;15;3;31;1840;1;2;2;1;1;119;RUE MANIN;;;;750
49676;201500055193;15;4;2;1530;1;2;3;3;2;119;54, AVENUE DE FLANDRE;;;;750
49677;201500055194;15;4;7;520;5;2;4;1;3;119;PLACE SKANDERBEG;;;;750
49678;201500055195;15;4;10;600;5;2;1;1;4;119;167, AVENUE JEAN JAURES;;;;750
49679;201500055196;15;4;13;10;5;2;7;1;6;119;6, RUE EMILE REYNAUD;;;;750
49680;201500055197;15;4;14;1645;1;2;7;1;3;119;2, AVENUE DE FLANDRE;;;;750
49681;201500055199;15;4;15;1730;1;2;1;1;6;119;89, RUE CURIAL;;;;750
49682;201500055200;15;4;16;1300;1;2;3;1;7;119;166, BOULEVARD MACDONALD;;;;750
49683;201500055201;15;4;17;2115;5;2;2;1;6;119;49, RUE PETIT;;;;750
49684;201500055202;15;4;19;1525;1;2;5;1;6;119;232, RUE DE CRIMEE;;;;750
49685;201500055203;15;4;23;1415;1;2;4;1;2;119;12, RUE DE LA MARSEILLAI;;;;750
49686;201500055204;15;4;23;1600;1;2;1;1;6;119;57, RUE DE BELLEVILLE;;;;750
49687;201500055205;15;4;23;1915;1;2;7;1;6;119;RUE COMPANS;;;;750
49688;201500055206;15;4;24;250;5;2;7;1;6;119;PLACE RHIN ET DANUBE;;;;750
49689;201500055207;15;4;26;1350;1;2;3;2;6;119;RUE BOTZARIS;;;;750
49690;201500055208;15;4;28;1225;1;2;1;1;2;119;47, AVENUE JEAN JAURES;;;;750
49691;201500055209;15;4;29;1600;1;2;1;1;2;119;BOULEVARD MACDONALD;;;;750
49692;201500055210;15;4;29;1930;1;2;3;1;6;119;BOULEVARD MACDONALD;;;;750
49693;201500055211;15;4;30;745;1;2;2;3;6;119;AVENUE JEAN JAURES;;;;750
49694;201500055212;15;5;3;330;5;2;4;2;6;119;PLACE SKANDERBEG;;;;750
49695;201500055213;15;5;3;1630;1;2;1;2;2;119;114, AVENUE DE FLANDRE;;;;750
49696;201500055214;15;5;3;1720;1;2;4;1;1;119;03, AVENUE SECRETAN;;;;750
49697;201500055215;15;5;5;905;1;2;7;1;2;119;AVENUE JEAN JAURES;;;;750
49698;201500055216;15;5;5;1830;1;2;2;1;6;119;02, RUE D AUBERVILLIERS;;;;750
49699;201500055217;15;5;7;1800;1;2;5;1;6;119;236, BOULEVARD DE LA VIL;;;;750
49700;201500055218;15;5;9;1730;1;2;1;1;2;119;171, BOULEVARD MACDONALD;;;;750
49701;201500055219;15;5;9;2300;5;2;1;1;2;119;RUE SIGMUND FREUD;;;;750
49702;201500055221;15;5;11;1430;1;2;7;1;3;119;132, BOULEVARD DE LA VIL;;;;750
49703;201500055222;15;5;12;1330;1;2;5;1;6;119;107, RUE MANIN;;;;750
49704;201500055223;15;5;14;1825;1;2;3;1;3;119;AVENUE CORENTIN CARIOU;;;;750
49705;201500055224;15;5;16;1755;1;2;1;1;2;119;201, RUE DE BELLEVILLE;;;;750
49706;201500055226;15;5;20;1640;1;2;1;1;3;119;9, RUE CURIAL;;;;750
49707;201500055227;15;5;20;1845;1;2;3;1;6;119;8, AVENUE CORENTIN CARIO;;;;750
49708;201500055228;15;5;20;2245;5;2;3;1;3;119;210, AVENUE JEAN JAURES;;;;750
49709;201500055229;15;5;22;1000;1;2;1;1;7;119;180, BOULEVARD SERURIER;;;;750
49710;201500055230;15;5;22;1800;1;2;2;1;2;119;., RUE D AUBERVILLIERS;;;;750
49711;201500055231;15;5;22;1330;1;2;3;1;3;119;104, AVENUE DE FLANDRE;;;;750
49712;201500055232;15;5;26;1450;1;2;3;1;3;119;69, AVENUE JEAN JAURES;;;;750
49713;201500055233;15;6;1;1830;1;2;1;1;6;119;84, RUE MANIN;;;;750
49714;201500055234;15;6;2;1655;1;2;2;1;3;119;22, AVENUE DE LA PORTE C;;;;750
49715;201500055235;15;6;3;1445;1;2;1;1;2;119;40, RUE MANIN;;;;750
49716;201500055236;15;6;3;1550;1;2;1;1;6;119;37, RUE DAVID D ANGERS;;;;750
49717;201500055237;15;6;4;1055;1;2;2;1;6;119;9, RUE DE L ORME;;;;750
49718;201500055238;15;6;5;1850;1;2;2;1;6;119;AVENUE DE FLANDRE;;;;750
49719;201500055239;15;6;5;1815;1;2;1;1;7;119;31, AVENUE DE LA PORTE C;;;;750
49720;201500055240;15;6;8;935;1;2;2;1;3;119;90, RUE DE CRIMEE;;;;750
49721;201500055241;15;6;8;1135;1;2;4;1;6;119;141, RUE MANIN;;;;750
49722;201500055243;15;6;10;1530;1;2;1;1;4;119;14, ROUTE DES PETITS PON;;;;750
49723;201500055244;15;6;11;1730;1;2;1;1;6;119;84, RUE DE CRIMEE;;;;750
49724;201500055245;15;6;12;2010;1;2;7;1;3;119;1, AVENUE DE LA PORTE DE;;;;750
49725;201500055246;15;6;13;945;1;2;2;1;2;119;2, AVENUE JEAN JAURES;;;;750
49726;201500055247;15;6;13;2030;1;2;2;1;3;119;PLACE AUGUSTE BARON;;;;750
49727;201500055248;15;6;23;1940;1;2;1;2;6;119;40, AVENUE JEAN JAURES;;;;750
49728;201500055249;15;6;24;1730;1;2;1;1;6;119;23, RUE LEON GIRAUD;;;;750
49729;201500055250;15;6;24;2120;1;2;1;1;6;119;14, RUE DU MAROC;;;;750
49730;201500055252;15;7;1;2145;2;2;7;1;3;119;2, AVENUE DE FLANDRE;;;;750
49731;201500055253;15;7;4;2015;1;2;3;1;6;119;39, AVENUE SIMON BOLIVAR;;;;750
49732;201500055254;15;7;5;1750;1;2;1;1;6;119;6, RUE PRADIER;;;;750
49733;201500055255;15;7;24;1215;1;2;4;1;3;119;1, PLACE AUGUSTE BARON;;;;750
49734;201500055256;15;7;26;1545;1;2;2;3;3;119;86, RUE BOTZARIS;;;;750
49735;201500055257;15;7;27;2030;1;2;4;1;2;119;1, PLACE SKANDERBEG;;;;750
49736;201500055258;15;7;28;1820;1;2;1;1;3;119;35, AVENUE MATHURIN MORE;;;;750
49737;201500055259;15;7;29;1150;1;2;1;1;3;119;128, BOULEVARD MACDONALD;;;;750
49738;201500055260;15;8;24;1430;1;2;3;2;2;119;59, BOULEVARD MACDONALD;;;;750
49739;201500055261;15;8;24;1950;1;2;1;2;3;119;64, BOULEVARD DE LA VILL;;;;750
49740;201500055262;15;8;31;1730;1;2;7;1;3;119;1, PLACE ARMAND CARREL;;;;750
49741;201500055263;15;9;1;1455;1;2;3;1;3;119;111, RUE DE BELLEVILLE;;;;750
49742;201500055264;15;9;2;1520;1;2;6;1;1;119;241, RUE DE CRIMEE;;;;750
49743;201500055265;15;9;5;910;1;2;5;8;3;119;0, AVENUE DE LA PORTE DE;;;;750
49744;201500055266;15;9;11;1720;1;2;1;1;7;119;133, AVENUE DE FLANDRE;;;;750
49745;201500055267;15;9;13;1435;1;2;3;2;7;119;36, AVENUE SIMON BOLIVAR;;;;750
49746;201500055268;15;9;18;1355;1;2;1;1;3;119;13, AVENUE SECRETAN;;;;750
49747;201500055269;15;9;19;1635;1;2;5;1;3;119;41, AVENUE SIMON BOLIVAR;;;;750
49748;201500055270;15;9;26;2000;5;2;3;1;1;119;70, QUAI DE LA LOIRE;;;;750
49749;201500055271;15;9;30;840;1;2;1;1;6;119;145, AVENUE JEAN JAURES;;;;750
49750;201500055272;15;9;30;1320;1;2;2;1;3;119;60, RUE DE L OURCQ;;;;750
49751;201500055273;15;10;5;1525;1;2;1;2;1;119;17, AVENUE MATHURIN MORE;;;;750
49752;201500055274;15;10;5;1635;1;2;1;2;6;119;02, BOULEVARD DE LA VILL;;;;750
49753;201500055275;15;10;5;1700;1;2;1;2;3;119;91, AVENUE DE FLANDRE;;;;750
49754;201500055277;15;10;7;1955;5;2;3;1;2;119;25, BOULEVARD MACDONALD;;;;750
49755;201500055278;15;10;8;1300;1;2;1;1;3;119;74, RUE D HAUTPOUL;;;;750
49756;201500055279;15;10;8;1720;1;2;3;1;7;119;135, RUE DE CRIMEE;;;;750
49757;201500055280;15;10;11;1250;1;2;2;1;6;119;216, BOULEVARD DE LA VIL;;;;750
49758;201500055281;15;10;12;1110;1;2;1;1;6;119;107, AVENUE DE FLANDRE;;;;750
49759;201500055282;15;10;18;1350;1;2;5;1;1;119;AVENUE DE LA PORTE CHAUM;;;;750
49760;201500055283;15;10;20;2042;5;2;1;8;6;119;52, AVENUE JEAN JAURES;;;;750
49761;201500055284;15;11;4;831;1;2;1;2;3;119;38, RUE MANIN;;;;750
49762;201500055285;15;11;5;940;1;2;3;1;6;119;140, AVENUE JEAN JAURES;;;;750
49763;201500055286;15;11;10;1010;1;2;4;1;3;119;35, RUE DE LA GARE;;;;750
49764;201500055287;15;11;10;1455;1;2;5;1;6;119;1, AVENUE DE FLANDRE;;;;750
49765;201500055288;15;11;10;1410;1;2;2;1;3;118;62, BOULEVARD BARBES;;;;750
49766;201500055289;15;12;7;1900;5;2;4;1;2;119;1, PLACE AUGUSTE BARON;;;;750
49767;201500055290;15;12;11;1100;1;2;1;1;3;119;180, RUE D AUBERVILLIERS;;;;750
49768;201500055291;15;6;6;1355;1;2;1;1;2;119;28, AVENUE SECRETAN;;;;750
49769;201500055292;15;6;6;1655;1;2;7;1;3;119;PLACE DE LA PORTE DE PAN;;;;750
49770;201500055293;15;6;18;2315;5;2;3;1;2;119;RUE CURIAL;;;;750
49771;201500055294;15;6;25;1930;1;2;1;1;3;119;18, RUE DE LA MARSEILLAI;;;;750
49772;201500055295;15;6;26;2245;5;2;2;1;6;119;38, AVENUE MATHURIN MORE;;;;750
49773;201500055296;15;6;27;1820;1;2;1;7;6;119;RUE DE BELLEVILLE;;;;750
49774;201500055297;15;6;29;1618;1;2;1;1;1;119;18, RUE DE CRIMEE;;;;750
49775;201500055298;15;6;3;2215;5;2;1;1;6;119;209, AVENUE JEAN JAURES;;;;750
49776;201500055299;15;7;3;1330;1;2;2;1;6;119;., RUE DELESSEUX;;;;750
49777;201500055300;15;7;4;700;1;2;1;1;6;110;19, BOULEVARD DE MAGENTA;;;;750
49778;201500055301;15;7;5;1310;1;2;4;8;2;119;3, RUE DE LORRAINE;;;;750
49779;201500055302;15;7;6;49;5;2;2;1;3;119;AVENUE DE LA PORTE DE LA;;;;750
49780;201500055303;15;7;9;940;1;2;1;1;6;119;20, BOULEVARD DE LA VILL;;;;750
49781;201500055304;15;7;10;210;5;2;5;1;3;119;BOULEVARD SERURIER;;;;750
49782;201500055305;15;7;10;1855;1;2;1;7;6;119;42, BOULEVARD SERURIER;;;;750
49783;201500055308;15;7;10;2300;5;2;3;1;3;119;214, AVENUE JEAN JAURES;;;;750
49784;201500055309;15;7;11;1440;1;2;2;1;6;119;161, RUE MANIN;;;;750
49785;201500055311;15;7;14;1020;1;2;1;1;3;119;150, BOULEVARD DE LA VIL;;;;750
49786;201500055312;15;7;16;1700;1;2;7;7;3;119;13, AVENUE DE LA PORTE D;;;;750
49787;201500055313;15;7;16;1350;1;2;2;1;3;119;56, RUE D AUBERVILLIERS;;;;750
49788;201500055314;15;7;18;1155;1;2;3;1;2;119;AVENUE CORENTIN CARIOU;;;;750