;Num_Acc;an;mois;jour;hrmn;lum;agg;int;atm;col;com;adr;gps;lat;long;dep
50076;201500055640;15;10;15;1600;1;2;2;1;3;120;43, RUE BELGRAND;;;;750
50077;201500055642;15;10;22;720;2;2;1;2;2;120;337, RUE DES PYRENEES;;;;750
50078;201500055643;15;10;23;2335;5;2;2;1;2;111;40, BOULEVARD VOLTAIRE;;;;750
50079;201500055644;15;10;24;610;5;2;1;1;6;120;369, RUE DES PYRENEES;;;;750
50080;201500055645;15;10;25;430;5;2;1;1;6;111;1, BOULEVARD RICHARD LEN;;;;750
50081;201500055646;15;10;26;2045;5;2;4;1;3;120;AVENUE CARTELLIER;;;;750
50082;201500055647;15;10;27;1630;1;2;3;1;6;120;118, RUE DE BAGNOLET;;;;750
50083;201500055649;15;10;30;1720;1;2;5;1;6;120;108, RUE DES PYRENEES;;;;750
50084;201500055650;15;10;30;2015;5;2;1;1;6;120;14, BOULEVARD DE MENILMO;;;;750
50085;201500055651;15;10;31;25;5;2;3;1;3;120;10, RUE LEON FRAPIE;;;;750
50086;201500055652;15;10;31;720;2;2;2;1;3;120;43, RUE BELGRAND;;;;750
50087;201500055653;15;11;4;745;2;2;2;2;3;120;1, RUE DE MENILMONTANT;;;;750
50088;201500055654;15;11;4;2000;5;2;3;2;3;120;102, BOULEVARD DE MENILM;;;;750
50089;201500055656;15;11;5;500;5;2;2;1;3;120;RUE HAXO;;;;750
50090;201500055657;15;11;7;2350;5;2;1;1;6;120;137, BOULEVARD DAVOUT;;;;750
50091;201500055658;15;11;9;1110;1;2;1;1;3;120;128, RUE D AVRON;;;;750
50092;201500055659;15;11;12;1749;5;2;1;1;6;120;37, COURS DE VINCENNES;;;;750
50093;201500055660;15;11;13;900;1;2;1;1;2;120;381, RUE DES PYRENEES;;;;750
50094;201500055661;15;11;14;735;1;2;7;1;3;120;PLACE DU MAQUIS DU VERCO;;;;750
50095;201500055662;15;11;14;1350;1;2;2;1;6;120;260, RUE DE MENILMONTANT;;;;750
50096;201500055664;15;11;17;2000;5;2;1;2;7;120;PLACE DE LA PORTE DE MON;;;;750
50097;201500055665;15;11;18;800;1;2;1;1;2;120;260, RUE DES PYRENEES;;;;750
50098;201500055666;15;11;19;1230;1;2;1;2;7;120;57, RUE SAINT FARGEAU;;;;750
50099;201500055667;15;11;20;2015;5;2;3;2;3;120;0, RUE DE BAGNOLET;;;;750
50100;201500055668;15;11;22;2100;5;2;1;1;6;120;51BIS, RUE DU SURMELIN;;;;750
50101;201500055669;15;11;23;1050;1;2;1;1;6;120;315, RUE DES PYRENEES;;;;750
50102;201500055670;15;11;28;1115;1;2;3;1;2;120;AVENUE DE LA PORTE DE MO;;;;750
50103;201500055672;15;12;2;2000;5;2;4;1;3;120;86, RUE SAINT BLAISE;;;;750
50104;201500055673;15;12;5;1325;1;2;3;1;3;120;131, RUE D AVRON;;;;750
50105;201500055674;15;12;7;955;1;2;3;1;1;120;56, RUE DE BELLEVILLE;;;;750
50106;201500055675;15;12;7;2320;5;2;2;1;3;120;PORTE DES LILAS;;;;750
50107;201500055677;15;12;9;1650;2;2;1;1;6;120;105, COURS DE VINCENNES;;;;750
50108;201500055678;15;12;10;1635;1;2;1;2;6;120;168, RUE PELLEPORT;;;;750
50109;201500055679;15;12;11;315;5;2;3;1;2;120;6, AVENUE DE LA PORTE DE;;;;750
50110;201500055680;15;12;13;430;5;2;1;1;7;120;AVENUE DE LA PORTE DE BA;;;;750
50111;201500055681;15;12;18;2140;5;2;3;1;7;120;77, RUE DES PYRENEES;;;;750
50112;201500055682;15;12;18;2350;5;2;1;1;6;120;18, RUE DE BELLEVILLE;;;;750
50113;201500055683;15;12;20;1450;1;2;1;1;6;120;76, RUE PIERRE SOULIE;;;;750
50114;201500055684;15;12;21;1240;1;2;3;1;2;120;163, BOULEVARD MORTIER;;;;750
50115;201500055685;15;12;23;2005;1;2;2;1;2;120;20, RUE BELGRAND;;;;750
50116;201500055686;15;12;29;800;1;2;2;2;6;120;118, RUE DE MENILMONTANT;;;;750
50117;201500055687;15;12;31;1345;1;2;3;1;3;120;80, BOULEVARD DE CHARONN;;;;750
50118;201500055688;15;12;31;1645;1;2;1;1;6;120;113, BOULEVARD DAVOUT;;;;750
50119;201500055690;15;1;1;625;5;2;5;1;3;111;RUE OBERKAMPF;;;;750
50120;201500055691;15;1;2;1105;1;2;5;2;6;113;96, RUE DE TOLBIAC;;;;750
50121;201500055692;15;1;4;1;4;2;2;2;3;116;ALLEE DE LA REINE MARGUE;;;;750
50122;201500055693;15;1;4;335;5;2;2;1;3;114;RUE GASSENDI;;;;750
50123;201500055694;15;1;8;1655;2;2;5;1;3;112;AVENUE DU TRONE;;;;750
50124;201500055696;15;1;10;2319;5;2;4;1;6;118;17, BOULEVARD NEY;;;;750
50125;201500055697;15;1;11;620;2;2;1;1;6;113;BOULEVARD PERIPHERIQUE I;;;;750
50126;201500055698;15;1;12;405;4;2;1;1;6;113;64, AVENUE DES GOBELINS;;;;750
50127;201500055699;15;1;12;840;2;2;3;1;6;114;3, BOULEVARD EDGAR QUINE;;;;750
50128;201500055700;15;1;13;1010;1;2;3;1;6;111;71, BOULEVARD VOLTAIRE;;;;750
50129;201500055701;15;1;13;1525;1;2;1;1;6;112;48, BOULEVARD DE LA BAST;;;;750
50130;201500055702;15;1;14;1320;1;2;2;1;6;115;83, RUE DE LA CONVENTION;;;;750
50131;201500055703;15;1;14;1800;2;2;1;1;6;111;33, RUE FAIDHERBE;;;;750
50132;201500055704;15;1;14;1945;5;2;1;1;6;118;BOULEVARD PERIPHERIQUE;;;;750
50133;201500055705;15;1;15;310;5;2;1;2;6;110;13, BOULEVARD DE MAGENTA;;;;750
50134;201500055706;15;1;16;450;5;2;1;1;6;112;ESPLANADE SAINT LOUIS;;;;750
50135;201500055707;15;1;16;1945;5;2;3;2;6;111;29, BOULEVARD DE CHARONN;;;;750
50136;201500055708;15;1;17;554;5;2;7;1;6;118;14, PLACE DE CLICHY;;;;750
50137;201500055709;15;1;17;1645;1;2;1;1;6;116;AVENUE PRUDHON;;;;750
50138;201500055710;15;1;18;1324;1;2;4;1;2;116;AVENUE DU PRESIDENT KENN;;;;750
50139;201500055711;15;1;19;1318;1;2;3;1;3;118;140, BOULEVARD NEY;;;;750
50140;201500055712;15;1;20;30;5;2;1;1;3;102;94, BOULEVARD DE SEBASTO;;;;750
50141;201500055713;15;1;20;905;1;2;3;1;6;111;90, AVENUE DE LA REPUBLI;;;;750
50142;201500055714;15;1;20;1545;1;2;3;1;3;115;215, RUE DE VAUGIRARD;;;;750
50143;201500055715;15;1;21;1030;1;2;5;1;3;111;BOULEVARD RICHARD LENOIR;;;;750
50144;201500055716;15;1;21;1320;1;2;3;1;6;116;44, AVENUE FOCH;;;;750
50145;201500055717;15;1;22;830;1;2;5;1;6;104;07, AVENUE VICTORIA;;;;750
50146;201500055718;15;1;22;1507;1;2;5;1;3;113;/, QUAI D AUSTERLITZ;;;;750
50147;201500055719;15;1;23;410;5;2;1;1;7;110;167, BOULEVARD DE LA VIL;;;;750
50148;201500055720;15;1;23;2245;5;2;2;1;3;102;04, RUE DU QUATRE SEPTEM;;;;750
50149;201500055721;15;1;24;835;2;2;2;1;3;105;28, RUE MONGE;;;;750
50150;201500055722;15;1;25;640;5;2;2;1;5;110;1, BOULEVARD DE STRASBOU;;;;750
50151;201500055723;15;1;26;1110;1;2;2;1;4;108;01, AVENUE MYRON HERRICK;;;;750
50152;201500055725;15;1;29;35;5;2;3;9;6;119;29, AVENUE SIMON BOLIVAR;;;;750
50153;201500055726;15;1;31;35;5;2;1;1;1;116;32, AVENUE D EYLAU;;;;750
50154;201500055727;15;2;1;25;5;2;5;3;6;107;13, AVENUE DE SUFFREN;;;;750
50155;201500055728;15;2;3;720;5;2;4;1;2;119;/, PLACE AUGUSTE BARON;;;;750
50156;201500055729;15;2;3;1205;1;2;7;1;2;114;AVENUE REILLE;;;;750
50157;201500055730;15;2;3;1540;1;2;3;1;6;115;311, RUE DE VAUGIRARD;;;;750
50158;201500055731;15;2;3;1834;3;2;1;1;1;112;115, RUE DE REUILLY;;;;750
50159;201500055732;15;2;3;1936;3;2;2;1;6;116;AVENUE DE L HIPPODROME;;;;750
50160;201500055733;15;2;4;750;5;2;1;1;3;114;BOULEVARD PERIPHERIQUE I;;;;750
50161;201500055734;15;2;4;1927;4;2;1;1;7;112;7, PORT DE LA RAPEE;;;;750
50162;201500055736;15;2;5;1654;1;2;1;1;4;116;BOULEVARD PERIPHERIQUE;;;;750
50163;201500055737;15;2;6;930;1;2;5;1;6;108;53, BOULEVARD DE COURCEL;;;;750
50164;201500055738;15;2;11;1730;2;2;3;1;6;105;18, RUE CENSIER;;;;750
50165;201500055739;15;2;12;1915;5;2;2;1;3;104;BOULEVARD HENRI IV;;;;750
50166;201500055740;15;2;13;1330;1;2;1;1;3;117;BOULEVARD PERIPHERIQUE I;;;;750
50167;201500055741;15;2;13;2021;5;2;1;1;2;114;91, AVENUE DENFERT ROCHE;;;;750
50168;201500055742;15;2;17;845;1;2;1;1;3;112;11, RUE TAINE;;;;750
50169;201500055743;15;2;19;135;5;2;5;1;7;120;/, COURS DE VINCENNES;;;;750
50170;201500055744;15;2;20;730;2;2;1;1;6;116;41, AVENUE FOCH;;;;750
50171;201500055745;15;2;21;1646;1;2;3;2;7;116;BOULEVARD MURAT;;;;750
50172;201500055746;15;2;22;1800;2;2;5;2;6;112;ESPLANADE SAINT LOUIS;;;;750
50173;201500055748;15;2;25;1720;5;2;1;2;4;114;34, BOULEVARD SAINT JACQ;;;;750
50174;201500055749;15;2;26;506;5;2;7;1;6;119;2, AVENUE JEAN JAURES;;;;750
50175;201500055751;15;2;27;1015;1;2;1;1;6;114;118, AVENUE DU GENERAL L;;;;750
50176;201500055752;15;2;28;403;5;1;1;1;7;118;BOULEVARD PERIPHERIQUE;;;;750
50177;201500055753;15;2;28;2032;5;2;1;1;6;110;19, RUE DU HUIT MAI 1945;;;;750
50178;201500055754;15;3;3;1230;1;2;2;1;6;102;RUE REAUMUR;;;;750
50179;201500055756;15;3;4;1500;1;2;7;1;2;114;AVENUE DE LA PORTE D ORL;;;;750
50180;201500055757;15;3;6;49;5;2;3;1;3;111;86, BOULEVARD BEAUMARCHA;;;;750
50181;201500055759;15;3;11;1808;1;2;1;1;6;120;62, RUE DES PYRENEES;;;;750
50182;201500055760;15;3;11;1955;5;2;1;1;1;117;80, BOULEVARD DE COURCEL;;;;750
50183;201500055761;15;3;12;55;5;2;5;1;3;106;160, BOULEVARD SAINT GER;;;;750
50184;201500055762;15;3;12;1605;1;2;2;1;3;107;6, RUE DUROC;;;;750
50185;201500055763;15;3;13;250;5;2;5;1;5;118;128, BOULEVARD DE CLICHY;;;;750
50186;201500055764;15;3;14;534;5;2;1;1;3;112;61, RUE DE LYON;;;;750
50187;201500055765;15;3;14;2355;5;2;1;2;7;116;202, AVENUE DE VERSAILLE;;;;750
50188;201500055766;15;3;17;1710;1;2;1;1;6;110;31, RUE DE SAMBRE ET MEU;;;;750
50189;201500055767;15;3;17;2310;5;2;2;1;1;111;**, RUE DE CHARONNE;;;;750
50190;201500055770;15;3;19;1220;1;2;5;1;6;116;48, RUE D AUTEUIL;;;;750
50191;201500055771;15;3;20;22;5;2;1;1;6;112;QUAI DE BERCY;;;;750
50192;201500055772;15;3;22;1450;1;2;2;1;6;116;AVENUE EDOUARD VAILLANT;;;;750
50193;201500055773;15;3;26;10;5;2;1;1;7;113;8, RUE BRILLAT SAVARIN;;;;750
50194;201500055774;15;3;27;1456;1;2;2;1;6;105;RUE CLAUDE BERNARD;;;;750
50195;201500055775;15;3;27;2115;5;2;3;1;3;113;73, AVENUE DES GOBELINS;;;;750
50196;201500055776;15;3;28;5;5;2;1;1;6;111;11, BOULEVARD JULES FERR;;;;750
50197;201500055777;15;3;30;1206;1;2;1;1;6;104;8, RUE DE RIVOLI;;;;750
50198;201500055778;15;3;30;1900;5;2;3;1;6;116;13, AVENUE DU PRESIDENT;;;;750
50199;201500055779;15;3;31;549;5;2;1;1;1;107;6, BOULEVARD DES INVALID;;;;750
50200;201500055780;15;4;1;2340;5;2;3;1;3;108;RUE DE LA PEPINIERE;;;;750
50201;201500055782;15;4;4;1330;1;2;1;1;2;117;2, AVENUE DE LA GRANDE A;;;;750
50202;201500055783;15;4;5;1420;1;2;7;1;3;114;PLACE VICTOR BASCH;;;;750
50203;201500055784;15;4;5;1658;1;2;4;1;6;114;AVENUE DE LA PORTE DE CH;;;;750
50204;201500055785;15;4;7;1500;1;2;7;1;6;117;4, AVENUE MAC MAHON;;;;750
50205;201500055786;15;4;7;1803;1;2;1;1;6;116;AVENUE DE L HIPPODROME;;;;750
50206;201500055787;15;4;8;1345;1;2;7;1;3;115;PLACE SAINT CHARLES;;;;750
50207;201500055788;15;4;8;1500;1;2;3;1;3;113;/, AVENUE DES GOBELINS;;;;750
50208;201500055789;15;4;9;1716;1;2;2;1;6;105;32, BOULEVARD SAINT GERM;;;;750
50209;201500055790;15;4;10;945;1;2;1;1;6;116;12, RUE DE CHAILLOT;;;;750
50210;201500055791;15;4;10;1452;1;2;2;1;3;104;12, QUAI DE GESVRES;;;;750
50211;201500055793;15;4;11;1802;1;2;2;1;3;111;RUE OBERKAMPF;;;;750
50212;201500055794;15;4;12;515;5;2;2;1;3;115;RUE DE VOUILLE;;;;750
50213;201500055795;15;4;12;1015;1;2;1;1;6;116;109, AVENUE HENRI MARTIN;;;;750
50214;201500055796;15;4;13;845;1;2;5;1;2;112;AVENUE DU TRONE;;;;750
50215;201500055797;15;4;13;1345;1;2;3;1;2;104;58, RUE SAINT ANTOINE;;;;750
50216;201500055798;15;4;14;1620;1;2;1;1;4;112;QUAI DE BERCY;;;;750
50217;201500055800;15;4;14;2341;5;2;1;1;6;114;82, AVENUE DENFERT ROCHE;;;;750
50218;201500055801;15;4;17;745;1;2;2;1;3;115;2, RUE LINOIS;;;;750
50219;201500055802;15;4;21;1340;1;2;1;1;6;110;75, BOULEVARD DE LA VILL;;;;750
50220;201500055803;15;4;21;1846;1;2;1;1;6;105;34, BOULEVARD SAINT MARC;;;;750
50221;201500055804;15;4;22;1937;1;2;1;1;6;110;121, BOULEVARD DE LA VIL;;;;750
50222;201500055805;15;4;23;1502;1;2;5;1;3;118;RUE DE CLIGNANCOURT;;;;750
50223;201500055806;15;4;23;2215;5;2;2;1;3;113;AVENUE DE LA PORTE D IVR;;;;750
50224;201500055807;15;4;24;1224;1;2;1;1;3;120;BOULEVARD PERIPHERIQUE I;;;;750
50225;201500055808;15;4;26;614;1;2;3;1;6;114;31, RUE DU FAUBOURG SAIN;;;;750
50226;201500055809;15;4;26;1420;1;2;1;2;2;116;66, AVENUE MOZART;;;;750
50227;201500055810;15;4;27;2127;5;2;2;1;6;112;1, BOULEVARD SOULT;;;;750
50228;201500055811;15;4;28;210;5;2;2;1;3;120;10, BOULEVARD DAVOUT;;;;750
50229;201500055812;15;4;28;2002;5;2;1;1;3;114;BOULEVARD PERIPHERIQUE;;;;750
50230;201500055813;15;4;29;1929;5;2;1;1;6;112;BOULEVARD PERIPHERIQUE E;;;;750
50231;201500055814;15;5;2;1645;1;2;7;2;2;117;2, AVENUE DE LA GRANDE A;;;;750
50232;201500055815;15;5;2;1746;1;2;1;2;6;111;7-11, RUE DU FAUBOURG SA;;;;750
50233;201500055816;15;5;4;1639;1;2;1;2;6;114;205, RUE D ALESIA;;;;750
50234;201500055817;15;5;4;2255;5;2;3;1;7;112;68, AVENUE DAUMESNIL;;;;750
50235;201500055818;15;5;10;1637;1;2;3;1;7;116;/, BOULEVARD SUCHET;;;;750
50236;201500055819;15;5;8;1130;1;2;1;1;6;111;60, BOULEVARD VOLTAIRE;;;;750
50237;201500055821;15;5;8;1920;2;2;1;1;3;114;BOULEVARD PERIPHERIQUE;;;;750
50238;201500055822;15;5;9;652;1;2;1;1;6;115;36, RUE DU COMMERCE;;;;750
50239;201500055823;15;5;12;105;5;2;1;1;6;112;QUAI DE BERCY;;;;750
50240;201500055824;15;5;14;2040;5;2;1;2;2;120;RUE DE BELLEVILLE;;;;750
50241;201500055825;15;5;15;1010;1;2;1;1;3;109;4, BOULEVARD MONTMARTRE;;;;750
50242;201500055826;15;5;15;1207;1;2;3;1;3;118;12 ter, AVENUE DE CLICHY;;;;750
50243;201500055827;15;5;15;2336;5;2;3;1;6;115;13, BOULEVARD GENERAL MA;;;;750
50244;201500055828;15;5;18;2216;5;2;2;2;3;105;QUAI SAINT MICHEL;;;;750
50245;201500055829;15;5;19;1445;1;2;1;2;3;114;72, AVENUE JEAN MOULIN;;;;750
50246;201500055830;15;5;19;2107;5;2;1;9;6;115;8, RUE MADEMOISELLE;;;;750
50247;201500055831;15;5;20;47;5;2;2;9;3;110;BOULEVARD DE STRASBOURG;;;;750
50248;201500055832;15;5;21;1115;1;2;5;1;1;116;ROUTE DES MOULINS;;;;750
50249;201500055833;15;5;21;1535;1;2;2;1;2;116;ALLEE DE LONGCHAMP;;;;750
50250;201500055834;15;5;26;1955;1;2;1;1;6;112;15, BOULEVARD DE PICPUS;;;;750
50251;201500055835;15;5;28;412;5;2;2;1;6;103;/, BOULEVARD DE SEBASTOP;;;;750
50252;201500055836;15;5;28;1354;1;2;4;1;3;116;BOULEVARD PERIPHERIQUE I;;;;750
50253;201500055837;15;5;28;1745;1;2;1;1;3;101;06, RUE DE L AMIRAL DE C;;;;750
50254;201500055838;15;5;29;1;5;2;2;1;3;102;RUE DU QUATRE SEPTEMBRE;;;;750
50255;201500055839;15;5;30;318;5;2;1;1;7;119;24, AVENUE DE FLANDRE;;;;750
50256;201500055840;15;5;30;1304;1;2;5;1;3;116;24, AVENUE DU PRESIDENT;;;;750
50257;201500055841;15;5;30;1554;1;2;1;1;6;118;54, RUE DE CLIGNANCOURT;;;;750
50258;201500055842;15;5;31;116;5;2;1;1;6;116;10, ALLEE DU BORD DE L E;;;;750
50259;201500055843;15;6;1;1845;1;2;3;1;3;101;RUE DE RIVOLI;;;;750
50260;201500055844;15;6;2;718;1;2;7;1;3;111;BOULEVARD VOLTAIRE;;;;750
50261;201500055845;15;6;2;1925;1;2;2;1;6;115;PONT DE GRENELLE;;;;750
50262;201500055846;15;6;3;1305;1;2;3;1;3;107;20, AVENUE DE LA MOTTE P;;;;750
50263;201500055847;15;6;5;605;1;2;1;1;7;120;PORTE DE BAGNOLET;;;;750
50264;201500055848;15;6;5;1230;1;2;2;1;6;116;76, RUE D AUTEUIL;;;;750
50265;201500055849;15;6;5;1750;1;2;1;1;7;115;PORT DE GRENELLE;;;;750
50266;201500055850;15;6;5;1848;1;2;1;1;6;115;90, RUE DE LA FEDERATION;;;;750
50267;201500055851;15;6;9;2127;5;2;1;1;6;108;16, PLACE DE LA MADELEIN;;;;750
50268;201500055852;15;6;10;25;5;2;2;1;1;110;**, BOULEVARD DE STRASBO;;;;750
50269;201500055853;15;6;10;550;2;2;3;1;1;116;ALLEE DU BORD DE L EAU;;;;750
50270;201500055854;15;6;10;1420;1;2;2;1;6;101;BOULEVARD DE SEBASTOPOL;;;;750
50271;201500055856;15;5;31;2130;5;2;2;2;1;116;BOULEVARD LANNES;;;;750
50272;201500055857;15;6;5;403;5;2;1;1;6;114;23, RUE FROIDEVAUX;;;;750
50273;201500055858;15;6;6;2027;1;2;2;1;6;120;RUE DES ORTEAUX;;;;750
50274;201500055859;15;6;7;2030;1;2;1;1;1;112;106, RUE DE REUILLY;;;;750
50275;201500055860;15;6;8;2215;5;2;3;1;3;118;6, BOULEVARD DE LA CHAPE;;;;750
50276;201500055861;15;6;12;229;5;2;1;2;6;114;176, AVENUE DU MAINE;;;;750
50277;201500055862;15;6;12;745;1;2;2;1;3;116;BOULEVARD EXELMANS;;;;750
50278;201500055863;15;6;13;2147;2;2;2;1;6;118;1, RUE LEON;;;;750
50279;201500055865;15;6;15;740;1;2;1;1;3;117;BOULEVARD PERIPHERIQUE E;;;;750
50280;201500055866;15;6;16;915;1;2;2;1;3;105;QUAI SAINT MICHEL;;;;750
50281;201500055867;15;6;16;1854;1;2;1;1;6;115;31-37, QUAI DE GRENELLE;;;;750
50282;201500055868;15;6;17;1508;1;2;1;1;2;117;99, RUE DE ROME;M;4853017.0;219073.0;750
50283;201500055869;15;6;18;250;5;2;1;1;6;113;BOULEVARD PERIPHERIQUE E;;;;750
50284;201500055870;15;6;18;1122;1;2;3;1;3;115;146, RUE DE LA CROIX NIV;;;;750
50285;201500055871;15;6;18;1420;1;2;1;1;2;101;SOUTERRAIN TUILERIES;M;4851397.0;219474.0;750
50286;201500055873;15;6;16;1135;1;2;1;1;6;116;ROUTE DE SEVRES A NEUILL;;;;750
50287;201500055874;15;6;20;255;5;2;7;1;3;108;PLACE DE LA CONCORDE;;;;750
50288;201500055875;15;6;20;2355;5;2;7;1;3;117;AVENUE DE VILLIERS;;;;750
50289;201500055876;15;6;21;2340;5;2;1;1;3;108;15, BOULEVARD MALESHERBE;;;;750
50290;201500055878;15;6;22;824;1;2;3;1;6;120;76, RUE HAXO;;;;750
50291;201500055880;15;6;23;911;1;2;1;1;4;117;11BIS, BOULEVARD BERTHIE;M;4853367.0;218412.0;750
50292;201500055881;15;6;23;2145;1;2;1;1;2;116;ALLEE DE LONGCHAMP;;;;750
50293;201500055883;15;6;25;610;1;2;2;1;3;108;32, RUE TRONCHET;;;;750
50294;201500055884;15;6;29;1110;1;2;1;1;6;108;55, RUE DE ROME;;;;750
50295;201500055885;15;6;27;1420;1;2;2;1;2;118;72, RUE DOUDEAUVILLE;M;4853181.0;221070.0;750
50296;201500055886;15;6;29;1635;1;2;1;1;3;112;BOULEVARD PERIPHERIQUE E;M;4850092.0;224441.0;750
50297;201500055887;15;6;25;2126;1;2;1;1;6;114;46, BOULEVARD BRUNE;;;;750
50298;201500055888;15;7;1;220;5;2;4;1;7;103;01, RUE COMMINES;;;;750
50299;201500055889;15;7;1;1445;1;2;4;1;6;107;60, AVENUE DE LA BOURDON;;;;750
50300;201500055890;15;6;28;1239;1;2;2;1;3;113;BOULEVARD SAINT MARCEL;;;;750
50301;201500055891;15;7;1;2351;5;2;1;1;2;120;BOULEVARD PERIPHERIQUE E;;;;750
50302;201500055892;15;7;2;1955;1;2;2;1;6;105;63, BOULEVARD SAINT MICH;;;;750
50303;201500055893;15;7;3;1020;1;2;1;1;6;119;BOULEVARD MACDONALD;;;;750
50304;201500055894;15;7;4;342;5;2;1;1;7;112;BOULEVARD PERIPHERIQUE I;;;;750
50305;201500055895;15;7;5;1510;1;2;7;1;3;113;BOULEVARD VINCENT AURIOL;;;;750
50306;201500055896;15;7;6;1750;1;2;1;1;6;118;AVENUE DE LA PORTE DE LA;;;;750
50307;201500055897;15;7;6;1645;1;2;1;1;6;116;114, AVENUE DE VERSAILLE;;;;750
50308;201500055898;15;7;7;1940;1;2;2;1;3;117;51, BOULEVARD BESSIERES;;;;750
50309;201500055899;15;7;9;356;5;2;1;1;6;119;/, RUE ALEXANDER FLEMING;;;;750
50310;201500055900;15;7;10;1609;1;2;1;1;2;112;BOULEVARD PONIATOWSKI;M;4882975.0;239133.0;750
50311;201500055901;15;7;10;2318;5;2;1;1;6;115;13, AVENUE FELIX FAURE;;;;750
50312;201500055902;15;7;12;1519;1;2;2;1;3;113;130, BOULEVARD MASSENA;;;;750
50313;201500055903;15;7;13;58;5;2;3;1;6;119;32, RUE BOTZARIS;;;;750
50314;201500055904;15;7;13;645;1;2;2;1;6;116;RUE JEAN DE LA FONTAINE;;;;750
50315;201500055905;15;7;15;817;1;2;1;1;6;113;127, RUE DE LA GLACIERE;;;;750
50316;201500055906;15;7;15;1252;1;2;5;1;5;112;85, AVENUE LEDRU ROLLIN;;;;750
50317;201500055907;15;7;16;518;2;2;1;1;7;112;PLACE MAZAS;;;;750
50318;201500055908;15;7;17;1810;1;2;1;1;6;119;326, RUE DE BELLEVILLE;;;;750
50319;201500055909;15;7;18;217;5;2;2;1;3;104;/, RUE DE RIVOLI;;;;750
50320;201500055910;15;7;19;1140;1;2;2;1;3;115;AVENUE FELIX FAURE;;;;750
50321;201500055911;15;7;19;1615;1;2;2;1;3;117;48, AVENUE DE SAINT OUEN;;;;750
50322;201500055912;15;7;21;1345;1;2;1;1;6;120;211-221, AVENUE GAMBETTA;M;4851519.0;223363.0;750
50323;201500055913;15;7;22;700;1;2;5;1;7;115;221, RUE DE LA CROIX NIV;;;;750
50324;201500055914;15;7;26;400;5;2;1;1;6;117;BOULEVARD PERIPHERIQUE E;;;;750
50325;201500055915;15;7;26;1503;1;2;5;2;7;101;/, QUAI DU LOUVRE;;;;750
50326;201500055916;15;7;29;907;1;2;1;1;5;112;BOULEVARD PERIPHERIQUE I;M;;;750
50327;201500055917;15;7;30;1755;1;2;1;1;2;112;BOULEVARD PERIPHERIQUE I;;;;750
50328;201500055918;15;7;31;1120;1;2;1;1;2;112;BOULEVARD PERIPHERIQUE I;;;;750
50329;201500055919;15;7;31;1420;1;2;1;1;3;110;144, BOULEVARD DE MAGENT;;;;750
50330;201500055920;15;7;31;2050;1;2;3;1;1;119;RUE DE L ORME;;;;750
50331;201500055921;15;8;1;410;5;2;5;1;3;113;/, BOULEVARD MASSENA;;;;750
50332;201500055922;15;8;1;1015;1;2;5;1;3;112;AVENUE DE LA PORTE DE CH;;;;750
50333;201500055923;15;8;1;1515;1;2;1;1;1;112;/, PONT D AUSTERLITZ;;;;750
50334;201500055924;15;8;1;2152;5;2;2;1;3;107;QUAI ANATOLE FRANCE;;;;750
50335;201500055925;15;8;4;1414;1;2;1;1;6;111;131, BOULEVARD DE MENILM;M;4886639.0;238275.0;750
50336;201500055926;15;8;9;1549;1;2;1;1;1;111;BOULEVARD RICHARD LENOIR;;;;750
50337;201500055927;15;8;9;2222;5;2;3;1;6;114;06, AVENUE PAUL APPELL;;;;750
50338;201500055928;15;8;10;1500;1;2;1;1;6;120;PORTE DE BAGNOLET;;;;750
50339;201500055929;15;8;11;1815;1;2;4;1;6;120;AVENUE CARTELLIER;;;;750
50340;201500055930;15;8;11;1917;1;2;2;1;6;103;03, RUE BLONDEL;;;;750
50341;201500055931;15;8;12;825;1;2;1;1;6;101;PONT ROYAL;;;;750
50342;201500055932;15;8;12;2233;5;2;5;1;3;101;23, AVENUE DE L OPERA;;;;750
50343;201500055933;15;8;13;1345;1;2;2;1;6;102;105, BOULEVARD DE SEBAST;;;;750
50344;201500055934;15;8;14;523;5;2;1;2;6;119;196, BOULEVARD DE LA VIL;;;;750
50345;201500055935;15;8;14;608;5;2;7;1;3;106;PLACE SAINT MICHEL;;;;750
50346;201500055937;15;8;17;1015;1;2;1;1;6;113;PONT DE BERCY;;;;750
50347;201500055938;15;8;17;1609;1;2;1;1;6;110;29, RUE DU TERRAGE;M;4887757.0;236186.0;750
50348;201500055939;15;8;19;1328;1;2;2;1;3;107;BOULEVARD DES INVALIDES;;;;750
50349;201500055940;15;8;21;416;5;2;2;1;3;115;55/57, BOULEVARD PASTEUR;;;;750
50350;201500055941;15;8;21;1010;1;2;1;1;6;116;13, BOULEVARD MURAT;M;4884667.0;225806.0;750
50351;201500055942;15;8;22;1800;1;2;3;1;6;117;133, AVENUE DE SAINT OUE;;;;750
50352;201500055943;15;8;23;538;2;2;2;1;6;112;RUE DE CHARENTON;M;4884233.0;238632.0;750
50353;201500055944;15;8;23;1838;1;2;1;1;3;112;QUAI DE LA RAPEE;;;;750
50354;201500055945;15;8;24;955;1;2;1;2;3;106;17, QUAI MALAQUAIS;;;;750
50355;201500055946;15;8;29;329;5;2;3;1;6;104;1, BOULEVARD MORLAND;;;;750
50356;201500055948;15;8;30;2120;5;2;1;1;6;110;153, RUE LA FAYETTE;;;;750
50357;201500055950;15;8;31;1900;1;2;7;1;7;105;PLACE VALHUBERT;;;;750
50358;201500055951;15;9;2;1525;1;2;1;1;6;115;196, RUE DE LA CONVENTIO;;;;750
50359;201500055952;15;9;3;34;5;2;2;1;3;105;46, RUE SAINT JACQUES;;;;750