;Num_Acc;an;mois;jour;hrmn;lum;agg;int;atm;col;com;adr;gps;lat;long;dep
50360;201500055953;15;9;3;2312;5;2;7;1;3;116;AVENUE DE LA PORTE DE SA;;;;750
50361;201500055954;15;9;4;1537;1;2;2;1;3;109;BOULEVARD HAUSSMANN;;;;750
50362;201500055955;15;9;7;1830;1;2;4;1;7;107;22, RUE DE SEVRES;;;;750
50363;201500055956;15;9;8;945;1;2;1;1;6;120;BOULEVARD PERIPHERIQUE E;;;;750
50364;201500055957;15;9;9;528;5;2;5;1;6;116;98, AVENUE HENRI MARTIN;;;;750
50365;201500055958;15;9;9;1445;1;2;1;1;3;114;115, BOULEVARD BRUNE;;;;750
50366;201500055959;15;9;10;1600;1;2;1;1;4;116;BOULEVARD PERIPHERIQUE I;;;;750
50367;201500055960;15;9;10;1645;1;2;3;1;3;106;5, QUAI DE CONTI;;;;750
50368;201500055961;15;9;11;6;5;2;4;1;7;115;PLACE DU MOULIN DE JAVEL;;;;750
50369;201500055962;15;9;11;1320;1;2;1;1;3;107;35, QUAI D ORSAY;;;;750
50370;201500055963;15;9;11;1453;1;2;1;1;4;114;5 BIS, RUE D ALESIA;;;;750
50371;201500055964;15;9;11;2212;5;2;4;1;6;104;VOIE GEORGES POMPIDOU;;;;750
50372;201500055965;15;9;12;1035;1;2;1;3;6;117;145, BOULEVARD MALESHERB;;;;750
50373;201500055966;15;9;15;547;5;2;2;1;3;116;86, BOULEVARD EXELMANS;;;;750
50374;201500055967;15;9;15;1723;1;2;1;1;6;116;BOULEVARD PERIPHERIQUE I;;;;750
50375;201500055968;15;9;16;615;5;2;5;2;6;108;PONT ALEXANDRE III;;;;750
50376;201500055969;15;9;17;210;5;2;5;1;3;119;RUE CURIAL;;;;750
50377;201500055970;15;9;18;343;5;2;1;1;7;112;VOIE GEORGES POMPIDOU;;;;750
50378;201500055971;15;9;19;318;5;2;7;1;3;114;PLACE DENFERT ROCHEREAU;;;;750
50379;201500055972;15;9;21;625;5;2;1;1;3;107;29, BOULEVARD DES INVALI;;;;750
50380;201500055973;15;9;22;1236;1;2;1;3;6;117;06, AVENUE DE LA PORTE D;;;;750
50381;201500055974;15;9;22;1655;1;2;2;1;3;114;BOULEVARD BRUNE;M;;;750
50382;201500055975;15;9;23;10;5;2;1;2;2;108;34, AVENUE DES CHAMPS EL;;;;750
50383;201500055976;15;9;23;133;5;2;2;1;2;106;01, BOULEVARD DU MONTPAR;;;;750
50384;201500055977;15;9;24;5;5;2;3;1;2;107;RUE DES SAINTS PERES;;;;750
50385;201500055978;15;9;24;903;1;2;5;1;3;106;QUAI DES GRANDS AUGUSTIN;;;;750
50386;201500055979;15;9;24;1655;1;2;1;1;6;113;05, RUE DAMESME;;;;750
50387;201500055980;15;9;24;1654;1;2;2;1;3;112;QUAI DE LA RAPEE;;;;750
50388;201500055982;15;9;27;650;2;2;1;1;2;112;BOULEVARD PERIPHERIQUE I;;;;750
50389;201500055983;15;9;27;1815;1;2;1;1;6;119;55, RUE DE L OURCQ;;;;750
50390;201500055984;15;9;28;42;5;2;2;1;3;108;116, AVENUE DES CHAMPS E;;;;750
50391;201500055985;15;9;29;908;1;2;7;1;3;116;PLACE DE VARSOVIE;;;;750
50392;201500055986;15;9;30;1020;1;2;7;1;3;116;111, BOULEVARD SUCHET;;;;750
50393;201500055988;15;9;30;1920;5;2;1;1;3;117;113, AVENUE DE SAINT OUE;;;;750
50394;201500055989;15;10;1;115;5;2;1;1;6;113;BOULEVARD PERIPHERIQUE I;;;;750
50395;201500055990;15;10;1;1351;1;2;5;1;3;117;AVENUE STEPHANE MALLARME;M;4888744.0;-229470.0;750
50396;201500055991;15;10;6;1145;1;2;5;2;6;103;89, RUE DE TURBIGO;;;;750
50397;201500055992;15;10;7;932;1;2;1;1;6;113;80, RUE DE TOLBIAC;M;4882700.0;236639.0;750
50398;201500055993;15;10;7;1827;1;2;2;1;6;117;51, RUE DES EPINETTES;;;;750
50399;201500055994;15;10;8;840;1;2;7;1;1;117;02, RUE DE THANN;M;4888077.0;230911.0;750
50400;201500055995;15;10;8;2039;5;2;1;1;6;109;36, RUE DE PROVENCE;;;;750
50401;201500055996;15;10;10;2247;5;2;1;1;6;119;111, RUE DE MEAUX;;;;750
50402;201500055997;15;10;12;2309;5;2;3;1;6;116;AVENUE DU PRESIDENT KENN;;;;750
50403;201500055998;15;10;15;1637;1;2;5;1;3;115;, AVENUE EMILE ZOLA;;;;750
50404;201500055999;15;10;15;2028;5;2;5;1;3;116;56, AVENUE MARCEAU;;;;750
50405;201500056000;15;10;16;2330;5;2;2;1;6;112;35, RUE DE LYON;;;;750
50406;201500056001;15;10;17;2124;5;2;1;2;6;116;AVENUE DU GENERAL SARRAI;;;;750
50407;201500056002;15;10;18;2046;5;2;7;1;3;118;BOULEVARD DE LA CHAPELLE;;;;750
50408;201500056004;15;10;21;2030;5;2;1;2;6;117;24, BOULEVARD BESSIERES;;;;750
50409;201500056006;15;10;24;442;5;2;3;1;3;111;BOULEVARD VOLTAIRE;;;;750
50410;201500056007;15;10;25;2007;5;2;3;1;3;112;327, RUE DE CHARENTON;;;;750
50411;201500056008;15;10;26;1747;1;2;1;1;3;101;VOIE GEORGES POMPIDOU;;;;750
50412;201500056009;15;10;26;1929;5;2;3;1;2;116;28, AVENUE VICTOR HUGO;M;4887191.0;229050.0;750
50413;201500056010;15;10;27;1501;1;2;1;1;6;112;BOULEVARD PERIPHERIQUE I;;;;750
50414;201500056011;15;10;28;253;5;2;1;2;6;110;53, BOULEVARD DE MAGENTA;;;;750
50415;201500056012;15;10;28;512;5;2;2;2;1;116;ALLEE DE LONGCHAMP;;;;750
50416;201500056013;15;10;29;1933;2;2;1;1;2;115;72, RUE HENRY FARMAN;;;;750
50417;201500056014;15;10;29;2217;5;2;7;1;3;116;PLACE DE COLOMBIE;;;;750
50418;201500056015;15;10;30;2150;5;2;2;1;3;108;43, RUE DE ROME;;;;750
50419;201500056017;15;10;31;2143;5;2;5;1;6;116;84, AVENUE PAUL DOUMER;;;;750
50420;201500056018;15;11;1;540;5;2;1;1;6;111;07, RUE DE CHARONNE;;;;750
50421;201500056019;15;11;3;835;1;2;5;1;3;107;AVENUE DE BRETEUIL;M;4885144.0;231242.0;750
50422;201500056021;15;11;7;2;5;2;5;1;3;116;AVENUE FOCH;;;;750
50423;201500056022;15;11;7;1145;1;2;1;1;6;113;87, RUE DE LA SANTE;;;;750
50424;201500056023;15;11;7;1733;2;2;1;1;6;120;18, RUE DE MENILMONTANT;;;;750
50425;201500056024;15;11;8;1810;5;2;3;1;6;115;86, AVENUE FELIX FAURE;;;;750
50426;201500056025;15;11;9;2009;5;2;1;1;3;115;BOULEVARD PERIPHERIQUE E;;;;750
50427;201500056026;15;11;10;155;5;2;5;1;6;101;/, AVENUE DE L OPERA;;;;750
50428;201500056027;15;11;10;1250;1;2;5;1;3;120;106, RUE DES PYRENEES;;;;750
50429;201500056028;15;11;10;2028;5;2;1;1;4;116;BOULEVARD PERIPHERIQUE I;;;;750
50430;201500056029;15;11;10;2305;5;2;3;1;6;111;39, AVENUE PHILIPPE AUGU;;;;750
50431;201500056030;15;11;11;1631;1;2;2;2;3;116;RUE MOLITOR;;;;750
50432;201500056032;15;11;13;1145;1;2;2;1;6;109;73, RUE SAINT LAZARE;M;4887624.0;233170.0;750
50433;201500056034;15;11;14;115;5;2;1;1;6;118;45, RUE DU DOCTEUR BABIN;;;;750
50434;201500056035;15;11;14;2055;5;2;2;1;5;115;103, RUE CAMBRONNE;;;;750
50435;201500056036;15;11;16;2010;5;2;3;2;3;116;AVENUE HENRI MARTIN;;;;750
50436;201500056037;15;11;18;1430;1;2;3;1;6;115;216, RUE DE VAUGIRARD;;;;750
50437;201500056038;15;11;18;1830;5;2;3;1;6;118;130, BOULEVARD NEY;;;;750
50438;201500056039;15;11;20;225;5;2;4;3;6;117;BOULEVARD PERIPHERIQUE E;;;;750
50439;201500056040;15;11;20;500;5;2;2;3;3;114;143, BOULEVARD BRUNE;;;;750
50440;201500056041;15;11;20;1752;5;2;2;2;6;106;58, BOULEVARD RASPAIL;;;;750
50441;201500056042;15;11;22;1453;1;2;2;7;6;110;113, RUE DU FAUBOURG SAI;;;;750
50442;201500056043;15;11;23;145;5;2;2;1;6;105;59, RUE GEOFFROY SAINT H;;;;750
50443;201500056044;15;11;23;1943;5;2;7;1;3;119;PLACE DE LA PORTE DE PAN;;;;750
50444;201500056045;15;11;24;1139;1;2;4;1;6;116;53, AVENUE KLEBER;;;;750
50445;201500056046;15;11;24;1235;1;2;1;1;6;116;60, AVENUE PAUL DOUMER;;;;750
50446;201500056048;15;11;25;2;5;2;5;8;3;106;84, BOULEVARD RASPAIL;;;;750
50447;201500056049;15;11;26;1215;1;2;2;1;6;112;AVENUE DE NOGENT;;;;750
50448;201500056050;15;11;28;27;5;2;3;2;4;116;30, AVENUE DU PRESIDENT;;;;750
50449;201500056051;15;11;30;305;5;2;4;1;6;112;VOIE GEORGES POMPIDOU;;;;750
50450;201500056052;15;11;30;958;1;2;1;2;2;105;PONT D AUSTERLITZ;;;;750
50451;201500056053;15;11;30;1502;1;2;1;1;3;116;143, AVENUE DE VERSAILLE;;;;750
50452;201500056054;15;12;1;650;1;2;7;1;2;104;RUE DE LA CITE;;;;750
50453;201500056055;15;12;2;2118;1;2;2;1;1;120;168, RUE DE BELLEVILLE;;;;750
50454;201500056056;15;12;3;908;1;2;2;1;3;114;15, BOULEVARD ROMAIN ROL;;;;750
50455;201500056057;15;12;3;900;1;2;1;1;6;109;PLACE DE L OPERA;;;;750
50456;201500056058;15;12;4;11;5;2;2;2;3;111;17/19, RUE DU PASTEUR WA;;;;750
50457;201500056059;15;12;5;1753;5;2;3;1;6;120;106, RUE DE BAGNOLET;;;;750
50458;201500056060;15;12;6;2225;5;2;2;1;3;119;111, RUE DE BELLEVILLE;;;;750
50459;201500056061;15;12;7;1230;1;2;2;1;3;116;RUE GEORGE SAND;;;;750
50460;201500056062;15;12;7;1809;5;2;7;1;3;108;PLACE DU HAVRE;;;;750
50461;201500056063;15;12;8;1319;1;2;2;2;6;119;103, AVENUE SIMON BOLIVA;;;;750
50462;201500056064;15;12;9;2217;5;2;2;1;3;108;AVENUE DES CHAMPS ELYSEE;;;;750
50463;201500056065;15;12;10;2035;5;2;2;1;6;107;QUAI D ORSAY;;;;750
50464;201500056066;15;12;11;1314;1;2;3;1;3;105;14, RUE DES FOSSES SAINT;;;;750
50465;201500056067;15;12;13;5;5;2;4;1;3;118;43, RUE DU DEPARTEMENT;;;;750
50466;201500056068;15;12;13;852;2;2;2;1;3;110;41, RUE DU FAUBOURG SAIN;;;;750
50467;201500056069;15;12;13;1820;2;2;5;1;2;109;03, RUE DROUOT;;;;750
50468;201500056070;15;12;15;801;2;2;1;8;6;118;41, RUE VAUVENARGUES;;;;750
50469;201500056071;15;12;15;1815;5;2;1;3;6;117;196, BOULEVARD MALESHERB;M;4888909.0;230425.0;750
50470;201500056072;15;12;17;1650;2;2;1;1;6;115;90, BOULEVARD DE GRENELL;;;;750
50471;201500056074;15;12;17;2007;5;2;4;1;6;108;COURS ALBERT 1ER;;;;750
50472;201500056075;15;12;18;207;5;2;2;1;3;116;ALLEE DE LONGCHAMP;;;;750
50473;201500056076;15;12;18;1600;1;2;3;1;3;115;33 bis, RUE MADEMOISELLE;;;;750
50474;201500056077;15;12;18;1649;1;2;3;1;6;104;20, RUE DE RIVOLI;;;;750
50475;201500056079;15;12;20;1930;5;2;7;1;3;109;PLACE PIGALLE;;;;750
50476;201500056080;15;12;21;1030;1;2;1;1;3;119;BOULEVARD PERIPHERIQUE E;;;;750
50477;201500056081;15;12;21;1405;1;2;1;1;4;120;BOULEVARD PERIPHERIQUE I;;;;750
50478;201500056082;15;12;21;2058;5;2;3;1;6;116;BOULEVARD D AUTEUIL   BO;;;;750
50479;201500056083;15;12;22;1456;1;2;2;1;6;106;58, RUE DE VAUGIRARD;;;;750
50480;201500056084;15;12;23;1500;1;2;1;1;6;115;243, RUE DE VAUGIRARD;;;;750
50481;201500056085;15;12;24;1515;1;2;2;1;6;113;53, RUE DU MOULIN DES PR;;;;750
50482;201500056086;15;12;28;1310;1;2;2;1;2;115;RUE DU THEATRE;;;;750
50483;201500056087;15;12;29;2330;5;2;1;1;6;118;73, BOULEVARD BARBES;;;;750
50484;201500056088;15;12;30;430;5;2;5;1;6;118;RUE DAMREMONT;;;;750
50485;201500056091;15;1;3;1855;5;2;4;2;6;120;ECHANGEUR BAGNOLET;;;;750
50486;201500056092;15;1;6;715;5;2;1;1;3;117;PORTE DE SAINT OUEN;;;;750
50487;201500056094;15;1;6;1815;5;2;1;1;2;117;PORTE DE SAINT OUEN;;;;750
50488;201500056095;15;1;8;1715;1;2;1;1;4;117;PORTE DE CLICHY;;;;750
50489;201500056096;15;1;9;5;5;2;1;1;2;119;BOULEVARD PERIPHERIQUE E;;;;750
50490;201500056097;15;1;9;435;5;2;1;1;6;114;BOULEVARD PERIPHERIQUE E;;;;750
50491;201500056098;15;1;9;1830;5;2;1;1;3;114;PORTE DE CHATILLON;;;;750
50492;201500056099;15;1;10;1450;1;2;1;1;7;112;PORTE DE CHARENTON;;;;750
50493;201500056100;15;1;12;810;2;2;1;1;2;120;PORTE DE BAGNOLET;;;;750
50494;201500056102;15;1;13;740;1;2;1;1;4;120;PORTE DE MONTREUIL;;;;750
50495;201500056103;15;1;13;1330;1;2;1;2;4;115;QUAI D ISSY LES MOULINEA;;;;750
50496;201500056104;15;1;13;1620;2;2;4;2;2;112;ECHANGEUR BERCY;;;;750
50497;201500056105;15;1;14;830;1;2;4;1;3;112;ECHANGEUR BERCY;;;;750
50498;201500056106;15;1;14;1000;1;2;1;2;3;112;ECHANGEUR BERCY;;;;750
50499;201500056107;15;1;16;1250;1;2;1;1;3;113;PORTE D ITALIE;;;;750
50500;201500056108;15;1;16;1600;1;2;4;1;4;120;ECHANGEUR BAGNOLET;;;;750
50501;201500056109;15;1;18;1235;1;2;1;1;4;120;PORTE DE BAGNOLET;;;;750
50502;201500056110;15;1;20;1810;5;2;1;1;3;113;PORTE D ITALIE;;;;750
50503;201500056111;15;1;21;955;1;2;1;1;7;112;PORTE DE CHARENTON;;;;750
50504;201500056112;15;1;22;945;1;2;1;1;3;116;PORTE DE PASSY;;;;750
50505;201500056113;15;1;23;720;5;2;1;1;4;120;PORTE DE BAGNOLET;;;;750
50506;201500056114;15;1;23;1800;2;2;4;1;6;116;PORTE DE SAINT CLOUD;;;;750
50507;201500056115;15;1;23;1930;5;2;1;1;2;120;ECHANGEUR BAGNOLET;;;;750
50508;201500056116;15;1;26;820;1;2;1;1;7;119;PORTE DE PANTIN;;;;750
50509;201500056117;15;1;26;1155;1;2;1;1;2;117;PORTE DE CLICHY;;;;750
50510;201500056118;15;1;27;900;1;2;1;1;2;116;PORTE D AUTEUIL;;;;750
50511;201500056120;15;1;28;945;1;2;1;1;2;116;PORTE DAUPHINE;;;;750
50512;201500056121;15;1;29;825;2;2;1;1;4;119;PORTE D AUBERVILLIERS;;;;750
50513;201500056122;15;1;29;845;1;2;4;1;3;116;PORTE DAUPHINE;;;;750
50514;201500056124;15;1;30;1750;2;2;1;1;4;120;PORTE DE BAGNOLET;;;;750
50515;201500056125;15;2;1;130;5;2;1;1;7;117;BOULEVARD PERIPHERIQUE E;;;;750
50516;201500056126;15;2;1;700;5;2;1;1;6;113;QUAI D IVRY;;;;750
50517;201500056127;15;2;5;1755;2;2;1;1;6;115;QUAI D ISSY LES MOULINEA;;;;750
50518;201500056128;15;2;6;250;5;2;1;1;6;117;PORTE MAILLOT;;;;750
50519;201500056130;15;2;6;1555;1;2;1;1;2;117;PORTE DE SAINT OUEN;;;;750
50520;201500056131;15;2;6;1530;1;2;1;1;3;119;PORTE D AUBERVILLIERS;;;;750
50521;201500056132;15;2;7;1530;1;2;1;1;6;116;PORTE DE PASSY;;;;750
50522;201500056133;15;2;7;2100;3;2;1;1;4;119;PORTE D AUBERVILLIERS;;;;750
50523;201500056134;15;2;8;1530;1;2;1;1;2;118;PORTE DE CLIGNANCOURT;;;;750
50524;201500056135;15;2;10;830;1;2;1;1;3;116;PORT D AUTEUIL;;;;750
50525;201500056137;15;2;11;650;5;2;1;1;3;114;PORTE DE GENTILLY;;;;750
50526;201500056138;15;2;11;820;1;2;1;1;3;120;PORTE DE MONTREUIL;;;;750
50527;201500056139;15;2;12;815;1;2;1;1;2;114;PORTE DE CHATILLON;;;;750
50528;201500056141;15;2;14;645;5;2;4;2;6;116;ECHANGEUR AUTEUIL;;;;750
50529;201500056142;15;2;14;2050;5;2;1;2;4;113;PORTE D ITALIE;;;;750
50530;201500056143;15;2;17;130;5;2;1;1;3;112;ECHANGEUR BERCY;;;;750
50531;201500056144;15;2;17;1440;1;2;1;1;2;118;PORTE DE CLIGNANCOURT;;;;750
50532;201500056145;15;2;18;1020;1;2;4;1;6;120;PORTE DE BAGNOLET;;;;750
50533;201500056147;15;2;20;1730;1;2;1;3;4;116;ECHANGEUR MUETTE;;;;750
50534;201500056148;15;2;21;1615;1;2;1;1;2;113;QUAI D IVRY;;;;750
50535;201500056149;15;2;21;2045;5;2;4;2;3;112;ECHANGEUR BERCY;;;;750
50536;201500056150;15;2;22;508;5;2;1;9;3;118;PORTE DE CLIGNANCOURT;;;;750
50537;201500056151;15;2;22;1155;1;2;1;1;4;114;PORTE DE CHATILLON;;;;750
50538;201500056152;15;2;25;510;5;2;1;1;2;112;ECHANGEUR BERCY;;;;750
50539;201500056154;15;3;1;240;5;2;1;2;6;114;PORTE D ORLEANS;;;;750
50540;201500056155;15;3;1;1815;2;2;1;1;3;113;ECHANGEUR BERCY;;;;750
50541;201500056156;15;3;1;1950;5;2;1;2;3;114;ECHANGEUR ORLEANS;;;;750
50542;201500056157;15;3;2;845;1;2;1;1;2;120;PORTE DES LILAS;;;;750
50543;201500056159;15;3;2;1720;1;2;1;1;6;118;ECHANGEUR CHAPELLE;;;;750
50544;201500056160;15;3;4;1030;1;2;1;1;6;112;PORTE DOREE;;;;750
50545;201500056161;15;3;6;845;1;2;1;1;6;116;PORTE D AUTEUIL;;;;750
50546;201500056162;15;3;6;1220;1;2;1;2;2;118;PORTE DE LA CHAPELLE;;;;750
50547;201500056163;15;3;6;1500;1;2;1;1;4;120;PORTE DE MONTREUIL;;;;750
50548;201500056164;15;3;7;140;5;2;1;1;2;119;PORTE DE PANTIN;;;;750
50549;201500056166;15;3;8;555;2;2;1;1;3;116;BOULEVARD PERIPHERIQUE I;;;;750
50550;201500056167;15;3;8;1435;1;2;1;1;4;120;PORTE DES LILAS;;;;750
50551;201500056168;15;3;8;1620;1;2;1;1;4;116;PORTE DE PASSY;;;;750
50552;201500056169;15;3;9;1225;1;2;1;1;6;116;PORTE DE PASSY;;;;750
50553;201500056170;15;3;10;620;5;2;4;1;4;113;PORTE D ITALIE;;;;750
50554;201500056171;15;3;10;1430;1;2;4;1;4;115;ECHANGEUR BRANCION;;;;750
50555;201500056172;15;3;11;900;1;2;4;1;2;117;PORTE DE CLICHY;;;;750
50556;201500056173;15;3;11;1900;5;2;1;1;3;113;PORTE DE GENTILLY;;;;750
50557;201500056174;15;3;12;1000;1;2;1;1;2;115;PORTE BRANCION;;;;750
50558;201500056175;15;3;12;1305;1;2;1;1;6;115;PORTE DE LA PLAINE;;;;750
50559;201500056176;15;3;13;1145;1;2;1;1;2;115;PORTE BRANCION;;;;750
50560;201500056177;15;3;16;800;1;2;1;1;3;118;PORTE DE CLIGNANCOURT;;;;750
50561;201500056178;15;3;16;930;1;2;1;1;2;116;PORTE DAUPHINE;;;;750
50562;201500056179;15;3;17;1725;1;2;1;1;2;116;PORTE DAUPHINE;;;;750
50563;201500056180;15;3;17;1930;5;2;1;1;2;114;PORTE DE GENTILLY;;;;750
50564;201500056181;15;3;18;800;1;2;4;1;3;116;ECHANGEUR MUETTE;;;;750
50565;201500056182;15;3;18;1425;1;2;4;1;2;118;PORTE DE LA CHAPELLE;;;;750
50566;201500056183;15;3;19;1840;5;2;1;1;6;113;PORTE D ITALIE;;;;750
50567;201500056184;15;3;20;110;5;2;4;1;3;117;BOULEVARD PERIPHERIQUE E;;;;750
50568;201500056185;15;3;20;2000;5;2;1;1;3;112;PORTE DE CHARENTON;;;;750
50569;201500056186;15;3;22;130;5;2;1;1;6;119;PORTE DES LILAS;;;;750
50570;201500056187;15;3;23;855;1;2;1;1;3;119;PORTE DE LA VILLETTE;;;;750
50571;201500056188;15;3;24;1050;1;2;1;1;7;117;PORTE DE CLICHY;;;;750
50572;201500056190;15;3;25;1530;1;2;4;1;3;118;1, AVENUE DE LA PORTE DE;;;;750
50573;201500056191;15;3;26;1325;1;2;1;1;7;116;PORTE D AUTEUIL;;;;750
50574;201500056192;15;3;27;1130;1;2;1;1;2;113;PORTE D IVRY;;;;750
50575;201500056193;15;3;28;1235;1;2;4;1;6;118;BOULEVARD PERIPHERIQUE E;;;;750
50576;201500056194;15;3;28;1530;1;2;1;1;5;118;PORTE D AUBERVILLIERS;;;;750
50577;201500056195;15;3;29;1640;1;2;4;2;6;116;PORTE DE SAINT CLOUD;;;;750
50578;201500056196;15;3;31;905;1;2;1;2;7;119;PORTE DE LA VILLETTE;;;;750
50579;201500056197;15;3;31;1148;1;2;1;1;2;114;PORTE DE CHATILLON;;;;750
50580;201500056198;15;4;1;730;1;2;4;1;3;114;PORTE D ORLEANS;;;;750
50581;201500056200;15;4;1;1950;2;2;1;1;4;120;PORTE DES LILAS;;;;750
50582;201500056201;15;4;2;1;5;2;1;1;7;116;PORTE D AUTEUIL;;;;750
50583;201500056202;15;4;2;1220;1;2;1;2;2;115;ECHANGEUR ISSY;;;;750
50584;201500056203;15;4;3;1350;1;2;4;2;4;113;PORTE D ITALIE;;;;750
50585;201500056204;15;4;3;1845;1;2;1;3;2;116;PORTE DE SAINT CLOUD;;;;750
50586;201500056207;15;4;7;1200;1;2;1;1;4;114;PORTE D ORLEANS;;;;750
50587;201500056208;15;4;7;1445;1;2;4;1;4;119;PORTE DE PANTIN;;;;750
50588;201500056210;15;4;8;1200;1;2;4;1;6;116;PORTE DE PASSY;;;;750
50589;201500056211;15;4;9;1000;1;2;1;1;6;116;ECHANGEUR MAILLOT;;;;750
50590;201500056212;15;4;9;910;1;2;1;1;3;118;PORTE D AUBERVILLIERS;;;;750
50591;201500056213;15;4;10;850;1;2;1;1;3;115;PORTE DE SEVRES;;;;750
50592;201500056214;15;4;11;2023;5;2;1;1;3;117;PORTE DE SAINT OUEN;;;;750
50593;201500056215;15;4;12;1510;1;2;1;1;2;113;QUAI D IVRY;;;;750
50594;201500056216;15;4;12;1630;1;2;1;1;3;114;PORTE DE CHATILLON;;;;750
50595;201500056217;15;4;12;2010;2;2;4;1;2;113;ECHANGEUR IVRY;;;;750
50596;201500056218;15;4;13;2240;5;2;1;1;6;118;PORTE DE CLIGNANCOURT;;;;750
50597;201500056219;15;4;15;830;1;2;1;1;4;113;PORTE DE GENTILLY;;;;750
50598;201500056220;15;4;15;1345;1;2;1;1;3;117;PORTE D ASNIERES;;;;750
50599;201500056221;15;4;16;920;1;2;1;1;3;115;PORTE DE LA PLAINE;;;;750
50600;201500056223;15;4;17;1320;1;2;1;1;3;114;PORTE DE GENTILLY;;;;750
50601;201500056224;15;4;17;1445;1;2;4;1;3;112;ECHANGEUR BERCY;;;;750
50602;201500056225;15;4;19;1845;1;2;1;1;4;118;PORTE DE LA CHAPELLE;;;;750
50603;201500056226;15;4;20;145;5;2;1;1;6;113;QUAI D IVRY;;;;750
50604;201500056227;15;4;20;1425;1;2;4;1;4;119;PORTE DE LA VILLETTE;;;;750
50605;201500056228;15;4;20;1450;1;2;1;1;6;119;PORTE DE PANTIN;;;;750
50606;201500056229;15;4;22;850;1;2;1;1;6;116;PORTE DE PASSY;;;;750
50607;201500056230;15;4;23;830;1;2;1;1;4;120;PORTE DE MONTREUIL;;;;750
50608;201500056231;15;4;23;1510;1;2;1;1;4;114;PORTE DE CHATILLON;;;;750
50609;201500056232;15;4;23;1625;1;2;1;1;4;117;PORTE D ASNIERES;;;;750
50610;201500056234;15;4;24;900;1;2;1;1;4;117;PORTE D ASNIERES;;;;750
50611;201500056235;15;4;24;1815;1;2;4;1;3;113;PORTE D ITALIE;;;;750
50612;201500056236;15;4;26;415;5;2;1;1;6;113;BOULEVARD PERIPHERIQUE I;;;;750
50613;201500056237;15;4;26;1100;1;2;1;1;4;113;PORTE D IVRY;;;;750
50614;201500056238;15;4;26;2115;5;2;1;2;4;114;PORTE D ORLEANS;;;;750
50615;201500056239;15;4;28;910;1;2;1;1;4;117;PORTE DE SAINT OUEN;;;;750
50616;201500056241;15;4;29;1410;1;2;1;1;3;120;PORTE DE VINCENNES;;;;750
50617;201500056242;15;4;29;1900;1;2;1;1;4;112;ECHANGEUR BERCY;;;;750
50618;201500056243;15;4;30;1345;1;2;1;2;3;113;PORTE D IVRY;;;;750
50619;201500056244;15;4;30;1545;1;2;1;2;3;120;PORTE DE BAGNOLET;;;;750
50620;201500056245;15;4;30;1800;1;2;1;2;3;112;PORTE DE CHARENTON;;;;750
50621;201500056246;15;5;1;930;1;2;1;2;3;118;PORTE DE LA CHAPELLE;;;;750
50622;201500056247;15;5;1;1735;1;2;1;2;6;112;ECHANGEUR BERCY;;;;750
50623;201500056248;15;5;2;1015;1;2;1;1;2;120;PORTE DE MONTREUIL;;;;750
50624;201500056249;15;5;2;1945;2;2;1;2;6;118;ECHANGEUR CHAPELLE;;;;750
50625;201500056250;15;5;3;1350;1;2;1;2;6;120;PORTE DE BAGNOLET;;;;750
50626;201500056251;15;5;4;1515;1;2;4;1;2;114;ECHANGEUR CHATILLON;;;;750
50627;201500056252;15;5;4;1;5;1;4;2;6;120;ECHANGEUR BAGNOLET;;;;750
50628;201500056253;15;5;5;825;1;2;1;1;3;113;PORTE DE GENTILLY;;;;750
50629;201500056255;15;5;9;1200;1;1;1;1;4;114;PORTE DE CHATILLON;;;;750
50630;201500056257;15;5;7;1450;1;2;1;1;4;116;ECHANGEUR AUTEUIL;;;;750
50631;201500056258;15;5;7;1935;1;2;1;1;3;117;PORTE DE CLICHY;;;;750
50632;201500056259;15;5;9;1325;1;2;1;1;4;119;PORTE DE PANTIN;;;;750
50633;201500056260;15;5;11;1145;1;2;4;1;3;116;ECHANGEUR MAILLOT;;;;750
50634;201500056261;15;5;12;755;1;2;1;1;6;114;PORTE D ORLEANS;;;;750
50635;201500056262;15;5;12;2040;2;2;4;1;3;119;PORTE DE LA VILLETTE;;;;750
50636;201500056263;15;5;13;1520;1;2;1;1;4;118;PORTE DE LA CHAPELLE;;;;750
50637;201500056264;15;5;18;900;1;2;1;1;2;119;PORTE D AUBERVILLIERS;;;;750
50638;201500056265;15;5;21;755;1;2;4;1;3;120;PORTE DE BAGNOLET;;;;750
50639;201500056266;15;5;21;1155;1;2;1;1;2;116;PORTE DE SAINT CLOUD;;;;750
50640;201500056267;15;5;21;1750;1;2;1;1;4;120;PORTE DE VINCENNES;;;;750
50641;201500056268;15;5;21;2045;1;2;1;1;3;114;PORTE DE GENTILLY;;;;750
50642;201500056269;15;5;23;1925;1;2;1;1;2;119;PORTE DE PANTIN;;;;750
50643;201500056270;15;5;24;1540;1;2;1;1;2;112;PORTE DOREE;;;;750
50644;201500056271;15;5;26;1105;1;2;1;1;2;119;PORTE DE PANTIN;;;;750
50645;201500056272;15;5;26;1710;1;2;1;1;6;114;PORTE DE VANVES;;;;750
50646;201500056273;15;5;26;2243;5;2;1;1;4;114;PORTE DE GENTILLY;;;;750
50647;201500056274;15;5;27;1125;1;2;1;1;3;116;PORTE DE SAINT CLOUD;;;;750
50648;201500056275;15;5;28;1025;1;2;1;1;6;112;ECHANGEUR PORTE DOREE;;;;750
50649;201500056276;15;5;28;1925;2;2;1;1;3;117;PORTE DE CHAMPERRET;;;;750
50650;201500056277;15;5;29;820;1;2;1;2;7;119;PORTE DE LA VILLETTE;;;;750
50651;201500056279;15;5;30;740;1;2;4;1;6;117;PORTE D ASNIERES;;;;750