;Num_Acc;an;mois;jour;hrmn;lum;agg;int;atm;col;com;adr;gps;lat;long;dep
50652;201500056280;15;5;30;825;1;2;1;1;2;117;PORTE DE CHAMPERRET;;;;750
50653;201500056281;15;5;30;1605;1;2;1;1;2;114;ECHANGEUR BRANCION;;;;750
50654;201500056283;15;6;1;1800;1;2;1;1;7;119;PORTE DE LA VILLETTE;;;;750
50655;201500056285;15;6;2;1630;1;2;1;1;4;119;PORTE DE LA VILLETTE;;;;750
50656;201500056286;15;6;3;940;1;2;4;1;2;118;ECHANGEUR SAINT OUEN;;;;750
50657;201500056288;15;6;3;1315;1;2;1;1;6;117;PORTE DE CHAMPERRET;;;;750
50658;201500056289;15;6;4;845;1;2;1;1;3;116;PORTE DE SAINT CLOUD;;;;750
50659;201500056290;15;6;5;1545;1;2;4;1;3;120;PORTE DE BAGNOLET;;;;750
50660;201500056291;15;6;6;2348;5;2;1;1;2;116;BOULEVARD PERIPHERIQUE E;;;;750
50661;201500056292;15;6;7;1940;1;2;1;1;3;118;ECHANGEUR AUBERVILLIERS;;;;750
50662;201500056293;15;6;8;915;1;2;1;1;3;120;PORTE DE MONTREUIL;;;;750
50663;201500056294;15;6;9;1530;1;2;1;1;5;119;PORTE DES LILAS;;;;750
50664;201500056296;15;6;10;1730;1;2;1;1;4;116;PORTE MAILLOT;;;;750
50665;201500056297;15;6;10;2235;5;2;1;1;7;113;PORTE DE GENTILLY;;;;750
50666;201500056298;15;6;11;930;1;2;4;1;3;117;ECHANGEUR MAILLOT;;;;750
50667;201500056299;15;6;11;1900;1;2;1;1;3;120;PORTE DE VINCENNES;;;;750
50668;201500056300;15;6;12;845;1;2;1;1;2;113;ECHANGEUR IVRY;;;;750
50669;201500056302;15;6;12;1950;1;2;1;1;2;113;PORTE D ITALIE;;;;750
50670;201500056303;15;6;13;1440;1;2;1;1;6;115;PORTE DE LA PLAINE;;;;750
50671;201500056304;15;6;15;615;1;2;1;1;6;119;PORTE DE PANTIN;;;;750
50672;201500056305;15;6;15;2320;5;2;1;1;3;120;ECHANGEUR BAGNOLET;;;;750
50673;201500056306;15;6;16;840;1;2;4;1;3;113;ECHANGEUR IVRY;;;;750
50674;201500056307;15;6;16;1445;1;2;1;1;3;116;PORTE DAUPHINE;;;;750
50675;201500056309;15;6;17;900;1;2;1;1;2;117;PORTE MAILLOT;;;;750
50676;201500056310;15;6;17;1405;1;2;1;1;2;112;PORTE DE VINCENNES;;;;750
50677;201500056311;15;6;17;1416;1;2;1;1;2;116;PORTE DE PASSY;;;;750
50678;201500056312;15;6;17;1630;1;2;4;1;4;120;PORTE DE BAGNOLET;;;;750
50679;201500056313;15;6;18;820;1;2;1;1;2;117;PORTE DE CHAMPERRET;;;;750
50680;201500056314;15;6;18;850;1;2;1;1;2;112;PORTE DOREE;;;;750
50681;201500056315;15;6;18;1050;1;2;1;1;4;118;PORTE DE CLIGNANCOURT;;;;750
50682;201500056316;15;6;18;1600;1;2;1;1;3;116;PORTE MAILLOT;;;;750
50683;201500056317;15;6;18;1720;1;2;1;1;2;116;PORTE DAUPHINE;;;;750
50684;201500056318;15;6;18;1400;1;2;1;2;3;116;PORTE D AUTEUIL;;;;750
50685;201500056319;15;6;19;1630;1;2;1;1;4;119;PORTE DE LA VILLETTE;;;;750
50686;201500056320;15;6;19;1830;1;2;1;1;4;113;PORTE D ITALIE;;;;750
50687;201500056321;15;6;20;1520;1;2;1;1;3;113;ECHANGEUR BERCY;;;;750
50688;201500056322;15;6;22;1000;1;2;1;1;3;116;PORTE D AUTEUIL;;;;750
50689;201500056323;15;6;23;1015;1;2;1;1;2;116;ECHANGEUR MUETTE;;;;750
50690;201500056324;15;6;23;925;1;2;1;1;3;116;PORTE DAUPHINE;;;;750
50691;201500056325;15;6;23;2320;5;2;1;1;2;114;PORTE D ORLEANS;;;;750
50692;201500056327;15;6;24;1215;1;2;1;1;2;113;ECHANGEUR ITALIE;;;;750
50693;201500056328;15;6;25;1400;1;2;4;1;6;115;PORTE DE LA PLAINE;;;;750
50694;201500056329;15;6;26;1035;1;2;1;1;3;113;PORTE D IVRY;;;;750
50695;201500056330;15;6;26;1425;1;2;1;1;3;116;PORTE DE SAINT CLOUD;;;;750
50696;201500056331;15;6;27;1700;1;2;1;1;4;112;PORTE DE CHARENTON;;;;750
50697;201500056332;15;6;28;1105;1;2;1;1;7;119;PORTE DE PANTIN;;;;750
50698;201500056333;15;6;28;1720;1;2;1;1;5;117;ECHANGEUR MAILLOT;;;;750
50699;201500056334;15;6;29;1620;1;2;1;1;2;119;PORTE DE LA VILLETTE;;;;750
50700;201500056335;15;6;29;1750;1;2;1;1;4;116;ECHANGEUR MUETTE;;;;750
50701;201500056336;15;6;29;2340;5;2;1;1;5;119;PORTE DE PANTIN;;;;750
50702;201500056337;15;6;30;915;1;2;1;1;2;118;PORTE DE LA CHAPELLE;;;;750
50703;201500056338;15;7;17;935;1;2;1;1;3;120;ECHANGEUR LILAS;;;;750
50704;201500056339;15;8;26;1640;1;2;1;1;4;114;PORTE DE GENTILLY;;;;750
50705;201500056340;15;7;1;1420;1;2;1;1;6;118;ECHANGEUR CHAPELLE;;;;750
50706;201500056341;15;7;2;1200;1;2;1;1;2;120;PORTE DE BAGNOLET;;;;750
50707;201500056342;15;7;3;910;1;2;1;1;2;112;PORTE DOREE;;;;750
50708;201500056345;15;7;4;1700;1;2;1;1;4;116;PORTE DE PASSY;;;;750
50709;201500056346;15;7;5;640;1;2;1;1;6;113;QUAI D IVRY;;;;750
50710;201500056347;15;7;5;1915;1;2;1;1;7;119;PORTE DES LILAS;;;;750
50711;201500056348;15;7;6;850;1;2;1;1;3;120;PORTE DE MONTREUIL;;;;750
50712;201500056349;15;7;6;1700;1;2;1;1;3;114;PORTE DE CHATILLON;;;;750
50713;201500056351;15;7;7;1340;1;2;1;1;3;116;PORTE DE SAINT CLOUD;;;;750
50714;201500056352;15;7;7;1340;1;2;1;1;4;113;PORTE D IVRY;;;;750
50715;201500056353;15;7;7;1520;1;2;1;1;6;115;PORTE DE LA PLAINE;;;;750
50716;201500056354;15;7;8;850;1;2;1;1;3;120;PORTE DE BAGNOLET;;;;750
50717;201500056355;15;7;8;1710;1;2;1;1;3;116;ECHANGEUR MUETTE;;;;750
50718;201500056356;15;7;8;1840;1;2;4;1;3;117;PORTE DE CHAMPERRET;;;;750
50719;201500056357;15;7;9;1650;1;2;1;1;2;114;PORTE D ORLEANS;;;;750
50720;201500056359;15;7;9;1245;1;2;1;1;4;120;PORTE DE VINCENNES;;;;750
50721;201500056360;15;7;10;930;1;2;1;1;3;113;PORTE DE GENTILLY;;;;750
50722;201500056361;15;7;10;1800;1;2;1;1;2;119;PORTE DE PANTIN;;;;750
50723;201500056362;15;7;10;920;1;2;4;1;3;113;PORTE D IVRY;;;;750
50724;201500056363;15;7;11;1510;1;2;1;1;2;113;PORTE D IVRY;;;;750
50725;201500056364;15;7;13;1250;1;2;4;1;2;119;PORTE DE LA VILLETTE;;;;750
50726;201500056365;15;7;13;1820;1;2;1;1;4;118;PORTE DE LA CHAPELLE;;;;750
50727;201500056366;15;7;14;1245;1;2;1;1;2;114;PORTE DE VANVES;;;;750
50728;201500056367;15;7;15;1030;1;2;1;1;2;113;PORTE D ITALIE;;;;750
50729;201500056368;15;7;15;1550;1;2;1;1;2;117;PORTE DE CLICHY;;;;750
50730;201500056369;15;7;17;157;5;2;1;1;2;119;BOULEVARD PERIPHERIQUE E;;;;750
50731;201500056370;15;7;17;50;5;2;1;1;2;118;PORTE D AUBERVILLIERS;;;;750
50732;201500056371;15;7;17;1810;1;2;1;1;7;114;PORTE DE CHATILLON;;;;750
50733;201500056372;15;7;18;700;1;2;1;1;6;112;PORTE DE CHARENTON;;;;750
50734;201500056374;15;7;20;700;1;2;1;8;6;113;PORTE D IVRY;;;;750
50735;201500056375;15;7;20;1630;1;2;1;1;6;116;PORTE D AUTEUIL;;;;750
50736;201500056376;15;7;21;1000;1;2;1;1;3;120;PORTE DES LILAS;;;;750
50737;201500056377;15;7;21;1155;1;2;1;1;4;116;PORTE DE PASSY;;;;750
50738;201500056378;15;7;24;615;1;2;4;1;3;119;BOULEVARD PERIPHERIQUE I;;;;750
50739;201500056379;15;7;24;1225;1;2;1;1;6;112;SOUTERRAIN BERCY;;;;750
50740;201500056380;15;7;25;1500;1;2;1;1;4;115;PORTE BRANCION;;;;750
50741;201500056381;15;7;27;830;1;2;1;2;3;116;PORTE DE SAINT CLOUD;;;;750
50742;201500056382;15;7;28;845;1;2;1;1;4;112;PORTE DE CHARENTON;;;;750
50743;201500056383;15;7;29;900;1;2;1;1;2;118;PORTE DE CLIGNANCOURT;;;;750
50744;201500056384;15;7;30;815;1;2;1;1;3;117;PORTE D ASNIERES;;;;750
50745;201500056385;15;7;30;1145;1;2;1;1;6;120;PORTE DE BAGNOLET;;;;750
50746;201500056386;15;7;31;1350;1;2;1;1;3;116;ECHANGEUR MAILLOT;;;;750
50747;201500056387;15;7;31;1515;1;2;1;1;4;118;PORTE DE SAINT OUEN;;;;750
50748;201500056388;15;7;31;2000;2;2;1;1;2;116;PORTE MAILLOT;;;;750
50749;201500056389;15;8;1;655;1;2;1;1;6;116;PORTE D AUTEUIL;;;;750
50750;201500056390;15;8;2;745;1;2;1;1;7;115;PORTE DE LA PLAINE;;;;750
50751;201500056391;15;8;2;1815;1;2;1;1;4;117;SOUTERRAIN CHAMPERRET;;;;750
50752;201500056392;15;8;3;1645;1;2;1;1;2;112;PORTE DE CHARENTON;;;;750
50753;201500056393;15;8;4;1110;1;2;1;1;6;112;PORTE DE CHARENTON;;;;750
50754;201500056395;15;8;4;1800;1;2;1;1;7;112;ECHANGEUR BERCY;;;;750
50755;201500056396;15;8;5;1620;1;2;1;1;3;116;PORTE DAUPHINE;;;;750
50756;201500056397;15;8;5;1720;1;2;4;1;6;118;ECHANGEUR CHAPELLE;;;;750
50757;201500056398;15;8;8;730;1;2;1;1;6;112;ECHANGEUR BERCY;;;;750
50758;201500056399;15;8;8;1645;1;2;1;1;2;118;PORTE D AUBERVILLIERS;;;;750
50759;201500056400;15;8;10;1800;1;2;1;1;3;112;PORTE DE CHARENTON;;;;750
50760;201500056401;15;8;12;1700;1;2;4;1;6;114;ECHANGEUR ORLEANS;;;;750
50761;201500056402;15;8;14;1620;1;2;1;1;2;120;PORTE DE BAGNOLET;;;;750
50762;201500056403;15;8;14;1850;2;2;1;2;6;118;PORTE D AUBERVILLIERS;;;;750
50763;201500056404;15;8;15;10;5;2;4;2;6;112;ECHANGEUR BERCY;;;;750
50764;201500056405;15;8;17;1715;1;2;1;1;4;116;ECHANGEUR MUETTE;;;;750
50765;201500056406;15;8;18;1000;1;2;1;1;4;112;PORTE DE VINCENNES;;;;750
50766;201500056407;15;8;20;750;1;2;1;2;4;112;PORTE DOREE;;;;750
50767;201500056408;15;8;20;1135;1;2;4;2;3;118;ECHANGEUR CHAPELLE;;;;750
50768;201500056409;15;8;21;835;1;2;1;1;4;118;AVENUE DE LA PORTE DE SA;;;;750
50769;201500056410;15;8;21;830;1;2;1;1;2;114;PORTE D ORLEANS;;;;750
50770;201500056411;15;8;22;125;5;2;1;1;7;112;PORTE DE VINCENNES;;;;750
50771;201500056412;15;8;22;1335;1;2;1;1;4;112;PORTE DE CHARENTON;;;;750
50772;201500056413;15;8;26;755;1;2;1;1;4;114;PORTE DE CHATILLON;;;;750
50773;201500056414;15;8;26;645;5;2;4;1;4;112;PORTE DE VINCENNES;;;;750
50774;201500056415;15;8;26;1115;1;2;1;1;4;112;ECHANGEUR BERCY;;;;750
50775;201500056417;15;8;26;1515;1;2;4;1;6;112;ECHANGEUR BERCY;;;;750
50776;201500056418;15;8;26;1825;1;2;1;1;3;113;PORTE D IVRY;;;;750
50777;201500056419;15;8;26;1640;1;2;1;1;4;114;PORTE DE GENTILLY;;;;750
50778;201500056420;15;8;27;1745;1;2;1;2;7;113;PORTE D IVRY;;;;750
50779;201500056421;15;8;28;925;1;2;1;1;3;113;PORTE D ITALIE;;;;750
50780;201500056422;15;8;28;1515;1;2;1;1;6;112;PORTE DOREE;;;;750
50781;201500056423;15;8;28;1630;1;2;1;1;2;112;PORTE DE SAINT MANDE;;;;750
50782;201500056424;15;8;28;2215;5;2;1;1;7;119;PORTE DE PANTIN;;;;750
50783;201500056426;15;9;1;1820;1;2;1;1;4;114;PORTE BRANCION;;;;750
50784;201500056427;15;9;3;1250;1;2;1;1;7;115;QUAI D ISSY LES MOULINEA;;;;750
50785;201500056428;15;9;3;1900;1;2;1;1;7;116;ECHANGEUR MAILLOT;;;;750
50786;201500056429;15;9;4;620;1;2;1;1;6;120;PORTE DE MONTREUIL;;;;750
50787;201500056430;15;9;4;840;1;2;1;1;6;115;PORTE DE SEVRES;;;;750
50788;201500056431;15;9;5;135;5;2;1;1;2;120;PORTE DE BAGNOLET;;;;750
50789;201500056432;15;9;5;2320;5;2;1;1;6;118;PORTE DE LA CHAPELLE;;;;750
50790;201500056433;15;9;6;900;1;2;1;1;6;115;PORTE DE LA PLAINE;;;;750
50791;201500056434;15;9;6;2050;5;2;4;1;6;118;PORTE DE SAINT OUEN;;;;750
50792;201500056435;15;9;7;905;1;2;1;1;3;120;PORTE DE BAGNOLET;;;;750
50793;201500056436;15;9;7;1140;1;2;1;1;4;112;PORTE DE VINCENNES;;;;750
50794;201500056437;15;9;8;1700;1;2;1;1;4;120;PORTE DE MONTREUIL;;;;750
50795;201500056438;15;9;9;408;5;2;1;1;3;114;PORTE BRANCION;;;;750
50796;201500056439;15;9;9;805;1;2;1;1;3;116;ECHANGEUR MUETTE;;;;750
50797;201500056440;15;9;9;1730;1;2;1;1;3;112;PORTE DE CHARENTON;;;;750
50798;201500056441;15;9;10;855;1;2;1;1;6;116;PORTE DE PASSY;;;;750
50799;201500056443;15;9;10;1840;1;2;1;1;4;112;PORTE DE SAINT MANDE;;;;750
50800;201500056444;15;9;11;50;5;2;4;1;7;119;PORTE DES LILAS;;;;750
50801;201500056445;15;9;11;930;1;2;1;1;3;117;PORTE DE SAINT OUEN;;;;750
50802;201500056447;15;9;12;2025;5;2;1;1;3;115;ECHANGEUR ISSY;;;;750
50803;201500056448;15;9;13;1245;1;2;1;3;7;117;PORTE DE CLICHY;;;;750
50804;201500056449;15;9;14;150;5;2;1;1;1;116;PORTE DE PASSY;;;;750
50805;201500056450;15;9;14;850;1;2;1;2;2;120;ECHANGEUR BAGNOLET;;;;750
50806;201500056451;15;9;14;840;1;2;1;2;3;116;PORTE DE PASSY;;;;750
50807;201500056452;15;9;14;1755;1;2;1;1;4;114;PORTE DE GENTILLY;;;;750
50808;201500056453;15;9;15;1610;1;2;1;1;4;116;PORTE DAUPHINE;;;;750
50809;201500056454;15;9;15;1436;1;2;1;1;3;120;PORTE DE VINCENNES;;;;750
50810;201500056455;15;9;16;930;1;2;1;2;7;113;PONT DE BERCY;;;;750
50811;201500056456;15;9;16;810;1;2;1;2;7;117;PORTE D ASNIERES;;;;750
50812;201500056457;15;9;16;845;1;2;1;2;3;117;PORTE DE SAINT OUEN;;;;750
50813;201500056459;15;9;17;900;1;2;4;8;3;118;PORTE DE LA CHAPELLE;;;;750
50814;201500056460;15;9;17;1830;1;2;1;1;6;116;PORTE MAILLOT;;;;750
50815;201500056462;15;9;18;1745;1;2;1;8;2;116;PORTE DE PASSY;;;;750
50816;201500056463;15;9;18;2130;5;2;1;1;6;119;PORTE DE LA VILLETTE;;;;750
50817;201500056464;15;9;19;1710;1;2;1;1;2;113;PORTE DE GENTILLY;;;;750
50818;201500056465;15;9;19;2020;5;2;1;1;6;112;PORTE DE CHARENTON;;;;750
50819;201500056467;15;9;20;620;2;2;4;1;3;114;PORTE DE CHATILLON;;;;750
50820;201500056468;15;9;20;1943;1;2;1;1;7;120;PORTE DE BAGNOLET;;;;750
50821;201500056470;15;9;22;900;1;2;1;8;2;116;ECHANGEUR AUTEUIL;;;;750
50822;201500056471;15;9;22;1240;1;2;1;2;7;116;PORTE DE SAINT CLOUD;;;;750
50823;201500056472;15;9;22;1750;1;2;1;1;3;113;PORTE D ITALIE;;;;750
50824;201500056473;15;9;24;1550;1;2;1;1;6;120;PORTE DE BAGNOLET;;;;750
50825;201500056474;15;9;25;1600;1;2;1;1;4;116;PORTE DE PASSY;;;;750
50826;201500056475;15;9;26;1525;1;2;1;1;2;112;PORTE DE CHARENTON;;;;750
50827;201500056476;15;9;27;1345;1;2;1;1;5;112;PORTE DOREE;;;;750
50828;201500056478;15;9;29;1350;1;2;1;1;6;117;PORTE MAILLOT;;;;750
50829;201500056479;15;9;29;1530;1;2;1;1;7;114;PORTE D ORLEANS;;;;750
50830;201500056480;15;9;29;1515;1;2;1;1;2;115;PORTE DE LA PLAINE;;;;750
50831;201500056481;15;9;29;2115;5;2;1;1;4;120;PORTE DE BAGNOLET;;;;750
50832;201500056482;15;10;1;720;2;2;1;1;7;113;QUAI D IVRY;;;;750
50833;201500056483;15;10;1;1335;1;2;1;1;7;117;PORTE DES TERNES;;;;750
50834;201500056484;15;10;1;1535;1;2;1;1;2;114;PORTE DE GENTILLY;;;;750
50835;201500056485;15;10;1;1650;1;2;1;1;3;120;PORTE DE BAGNOLET;;;;750
50836;201500056486;15;10;1;1810;1;2;1;1;7;115;PORTE D ISSY;;;;750
50837;201500056487;15;10;2;830;1;2;1;1;4;118;PORTE DE SAINT OUEN;;;;750
50838;201500056488;15;10;2;1700;1;2;4;1;6;113;PORTE DE GENTILLY;;;;750
50839;201500056490;15;10;2;2230;5;2;1;1;3;119;PORTE DE PANTIN;;;;750
50840;201500056491;15;10;3;1610;1;2;1;1;2;113;ECHANGEUR BERCY;;;;750
50841;201500056492;15;10;3;2345;5;2;1;1;5;117;PORTE DE SAINT OUEN;;;;750
50842;201500056494;15;10;5;1900;2;2;1;2;4;120;PORTE DE VINCENNES;;;;750
50843;201500056495;15;10;6;950;1;2;1;2;7;117;PORTE MAILLOT;;;;750
50844;201500056496;15;10;6;1400;1;2;1;2;7;117;ECHANGEUR MAILLOT;;;;750
50845;201500056497;15;10;6;1845;1;2;1;1;4;119;PORTE DE PANTIN;;;;750
50846;201500056498;15;10;8;825;1;2;1;1;2;114;PORTE DE CHATILLON;;;;750
50847;201500056499;15;10;8;820;1;2;1;1;2;114;PORTE DE CHATILLON;;;;750
50848;201500056501;15;10;9;1715;1;2;1;1;3;116;ECHANGEUR MUETTE;;;;750
50849;201500056502;15;10;10;730;2;2;1;1;7;112;PORTE DE VINCENNES;;;;750
50850;201500056503;15;10;11;1455;1;2;1;1;2;116;PORTE D AUTEUIL;;;;750
50851;201500056504;15;10;12;1020;1;2;1;1;4;113;QUAI D IVRY;;;;750
50852;201500056505;15;10;12;915;1;2;1;1;3;116;ECHANGEUR AUTEUIL;;;;750
50853;201500056506;15;10;12;1235;1;2;1;1;3;116;PORTE DAUPHINE;;;;750
50854;201500056507;15;10;12;1740;1;2;1;1;2;115;QUAI D ISSY LES MOULINEA;;;;750
50855;201500056508;15;10;13;645;5;2;1;1;4;117;PORTE D ASNIERES;;;;750
50856;201500056509;15;10;13;1640;1;2;1;1;3;120;PORTE DE MONTREUIL;;;;750
50857;201500056510;15;10;14;1710;1;2;1;8;2;120;PORTE DE VINCENNES;;;;750
50858;201500056512;15;10;15;1615;1;2;1;1;7;120;PORTE DE BAGNOLET;;;;750
50859;201500056513;15;10;16;910;1;2;1;2;4;120;PORTE DES LILAS;;;;750
50860;201500056514;15;10;19;2250;5;2;4;1;4;113;PORTE DE GENTILLY;;;;750
50861;201500056515;15;10;20;645;5;2;4;1;6;116;ECHANGEUR MAILLOT;;;;750
50862;201500056516;15;10;21;1610;1;2;1;1;3;120;PORTE DE MONTREUIL;;;;750
50863;201500056517;15;10;21;2200;5;2;1;1;4;116;PORTE DE PASSY;;;;750
50864;201500056518;15;10;22;610;5;2;1;2;6;119;PORTE DE PANTIN;;;;750
50865;201500056520;15;10;22;1120;1;2;1;1;3;119;PORTE DE PANTIN;;;;750
50866;201500056521;15;10;22;1840;2;2;1;2;2;116;PORTE MAILLOT;;;;750
50867;201500056522;15;10;25;2000;5;2;1;1;3;118;PORTE DE LA CHAPELLE;;;;750
50868;201500056523;15;10;27;1500;1;2;1;1;3;116;BOULEVARD PERIPHERIQUE I;;;;750
50869;201500056524;15;10;27;1500;1;2;1;1;2;117;PORTE MAILLOT;;;;750
50870;201500056525;15;10;27;1750;5;2;1;1;4;112;PORTE DE VINCENNES;;;;750
50871;201500056526;15;10;30;1240;1;2;1;1;2;116;PORTE DAUPHINE;;;;750
50872;201500056527;15;10;30;1000;1;2;4;1;3;117;PORTE DE CHAMPERRET;;;;750
50873;201500056528;15;10;30;1550;1;2;1;1;2;116;ECHANGEUR MUETTE;;;;750
50874;201500056529;15;10;31;1150;1;2;1;1;4;116;ECHANGEUR MUETTE;;;;750
50875;201500056530;15;10;31;1910;1;2;1;1;6;117;PORTE DE CHAMPERRET;;;;750
50876;201500056531;15;11;1;455;5;2;1;6;2;112;PORTE DOREE;;;;750
50877;201500056532;15;11;2;820;1;2;1;1;6;119;PORTE DE PANTIN;;;;750
50878;201500056533;15;11;3;1220;1;2;4;1;7;112;PORTE DE VINCENNES;;;;750
50879;201500056534;15;11;4;830;1;2;1;2;3;117;PORTE DE CHAMPERRET;;;;750
50880;201500056535;15;11;5;1020;1;2;1;1;5;112;PORTE DE CHARENTON;;;;750
50881;201500056536;15;11;5;1450;1;2;1;1;7;117;PORTE DE CHAMPERRET;;;;750
50882;201500056537;15;11;6;805;1;2;1;1;3;114;PORTE D ORLEANS;;;;750
50883;201500056538;15;11;6;1320;1;2;1;1;3;114;PORTE D ORLEANS;;;;750
50884;201500056539;15;11;7;120;5;2;4;1;4;120;BOULEVARD PERIPHERIQUE I;;;;750
50885;201500056540;15;11;9;815;1;2;1;1;6;112;PORTE DE CHARENTON;;;;750
50886;201500056541;15;11;10;635;2;2;1;1;6;117;PORTE D ASNIERES;;;;750
50887;201500056542;15;11;13;1130;1;2;1;2;2;117;ECHANGEUR MAILLOT;;;;750
50888;201500056543;15;11;14;1300;1;2;1;1;4;120;PORTE DE VINCENNES;;;;750
50889;201500056544;15;11;15;1605;1;2;1;1;4;116;ECHANGEUR MUETTE;;;;750
50890;201500056545;15;11;18;2325;5;2;1;1;6;115;PORTE BRANCION;;;;750
50891;201500056546;15;11;19;650;5;2;1;1;4;112;ECHANGEUR BERCY;;;;750
50892;201500056547;15;11;19;1100;1;2;4;2;4;116;BOULEVARD PERIPHERIQUE I;;;;750
50893;201500056548;15;11;20;920;1;2;1;3;3;112;PORTE DOREE;;;;750
50894;201500056549;15;11;20;1245;1;2;1;1;2;120;PORTE DES LILAS;;;;750
50895;201500056550;15;11;21;1400;1;2;1;2;3;114;PORTE DE CHATILLON;;;;750
50896;201500056552;15;11;23;1630;1;2;1;1;2;118;PORTE DE LA CHAPELLE;;;;750
50897;201500056553;15;11;23;1745;2;2;1;1;2;112;PORTE DE CHARENTON;;;;750
50898;201500056555;15;11;24;1215;1;2;1;2;2;117;PORTE DE CHAMPERRET;;;;750
50899;201500056556;15;11;24;1815;1;2;1;1;3;113;PORTE D ITALIE;;;;750
50900;201500056557;15;11;24;1825;5;2;1;2;3;119;PORTE DE PANTIN;;;;750
50901;201500056558;15;11;25;1015;1;2;1;4;5;113;QUAI D IVRY;;;;750
50902;201500056560;15;11;26;1300;1;2;1;1;5;112;PORTE DE VINCENNES;;;;750
50903;201500056561;15;11;26;1740;2;2;1;1;2;118;PORTE DE SAINT OUEN;;;;750
50904;201500056562;15;11;26;1930;5;2;1;1;4;114;PORTE DE CHATILLON;;;;750
50905;201500056563;15;11;26;2050;5;2;1;1;2;117;PORTE DE SAINT OUEN;;;;750
50906;201500056564;15;11;27;1300;1;2;4;1;4;117;ECHANGEUR CLICHY;;;;750
50907;201500056565;15;11;30;215;5;2;1;1;6;120;PORTE DES LILAS;;;;750
50908;201500056567;15;12;2;1550;1;2;1;1;3;118;PORTE DE CLIGNANCOURT;;;;750
50909;201500056568;15;12;3;730;2;2;1;1;3;117;PORTE DE CLICHY;;;;750
50910;201500056569;15;12;3;1800;2;2;1;1;2;118;PORTE DE LA CHAPELLE;;;;750
50911;201500056570;15;12;4;945;1;2;1;1;3;118;PORTE D AUBERVILLIERS;;;;750
50912;201500056571;15;12;4;1415;1;2;1;1;4;117;PORTE DE CHAMPERRET;;;;750
50913;201500056574;15;12;5;1940;5;2;1;1;4;120;ECHANGEUR LILAS;;;;750
50914;201500056575;15;12;6;850;1;2;1;1;2;120;PORTE DES LILAS;;;;750
50915;201500056576;15;12;6;1110;1;2;1;1;2;116;PORTE DE SAINT CLOUD;;;;750
50916;201500056577;15;12;6;1745;5;2;1;1;2;116;PORTE DAUPHINE;;;;750
50917;201500056578;15;12;10;1720;5;2;1;1;6;115;PORTE DE LA PLAINE;;;;750
50918;201500056579;15;12;11;615;5;2;1;1;3;114;PORTE D ORLEANS;;;;750
50919;201500056580;15;12;11;1200;1;2;1;1;2;112;PORT DE BERCY;;;;750
50920;201500056581;15;12;11;1345;1;2;1;1;2;112;PORTE DE SAINT MANDE;;;;750
50921;201500056582;15;12;11;1630;2;2;1;1;4;116;PORT DE PASSY;;;;750
50922;201500056583;15;12;13;415;5;2;1;1;2;115;PORTE D ISSY;;;;750
50923;201500056584;15;12;14;550;5;2;1;1;6;119;PORTE DES LILAS;;;;750
50924;201500056585;15;12;14;705;5;2;1;1;3;120;PORTE DE BAGNOLET;;;;750
50925;201500056586;15;12;14;1730;5;2;1;1;3;112;PORTE DE VINCENNES;;;;750
50926;201500056587;15;12;14;1620;1;2;1;1;3;117;PORTE DE SAINT OUEN;;;;750
50927;201500056588;15;12;14;1510;1;2;1;1;3;116;PORTE DE SAINT CLOUD;;;;750
50928;201500056589;15;12;17;1750;1;2;1;1;6;116;ECHANGEUR AUTEUIL;;;;750
50929;201500056590;15;12;18;1240;1;2;1;1;4;116;PORTE MAILLOT;;;;750
50930;201500056591;15;12;18;1755;1;2;1;1;3;117;PORTE DE SAINT OUEN;;;;750
50931;201500056592;15;12;19;320;5;2;1;1;6;119;PORTE DE PANTIN;;;;750
50932;201500056593;15;12;19;1050;1;2;1;1;2;113;PORTE D ITALIE;;;;750
50933;201500056594;15;12;19;2010;5;2;1;1;6;118;PORTE DE LA CHAPELLE;;;;750
50934;201500056595;15;12;20;1920;1;2;1;1;4;119;PORTE DE LA VILLETTE;;;;750
50935;201500056596;15;12;21;1240;1;2;1;1;4;119;PORTE DE PANTIN;;;;750
50936;201500056597;15;12;25;951;1;2;1;1;6;116;PORTE D AUTEUIL;;;;750
50937;201500056598;15;12;26;2030;5;2;1;1;6;117;PORTE DE SAINT OUEN;;;;750
50938;201500056599;15;12;28;1645;2;2;4;1;2;119;PORTE D AUBERVILLIERS;;;;750
50939;201500056600;15;12;28;2100;3;2;1;2;7;120;ECHANGEUR BAGNOLET;;;;750
50940;201500056601;15;12;30;1740;1;2;1;1;3;115;PORTE DE SEVRES;;;;750
50941;201500056602;15;12;30;1910;5;2;1;1;4;112;PORTE DE CHARENTON;;;;750
50942;201500056604;15;7;30;500;2;1;1;2;6;229;;A;0.0;0.0;972
50943;201500056605;15;8;11;1745;1;2;1;1;6;229;08 allée du diamant;A;0.0;0.0;972
50944;201500056606;15;10;11;1330;1;2;1;1;1;229;RN2 fond lahayé;A;0.0;0.0;972
50945;201500056607;15;10;30;30;3;1;1;2;6;229;;A;0.0;0.0;972
50946;201500056608;15;11;9;100;3;1;1;2;7;205;;A;0.0;0.0;972
50947;201500056609;15;3;14;1115;1;1;1;1;6;224;;A;0.0;0.0;972
50948;201500056610;15;3;27;2300;5;1;1;1;6;224;;A;0.0;0.0;972
50949;201500056612;15;8;31;1845;4;1;2;9;3;224;;A;0.0;0.0;972
50950;201500056613;15;2;16;1700;1;2;1;1;6;219;Bourg;A;0.0;0.0;972
50951;201500056614;15;3;23;900;1;1;1;1;6;225;;A;0.0;0.0;972
50952;201500056615;15;4;12;1445;1;2;3;1;1;219;;A;0.0;0.0;972
50953;201500056616;15;6;19;2200;3;2;1;1;3;225;Rue Gabriel PERI;A;0.0;0.0;972