;Num_Acc;an;mois;jour;hrmn;lum;agg;int;atm;col;com;adr;gps;lat;long;dep
50954;201500056617;15;8;5;2045;3;1;1;1;3;204;;A;0.0;0.0;972
50955;201500056618;15;8;14;1730;1;1;1;1;3;225;;A;0.0;0.0;972
50956;201500056619;15;10;31;1945;3;2;1;1;6;225;Savane du Fort;A;0.0;0.0;972
50957;201500056620;15;2;1;1030;1;1;1;1;2;210;;A;0.0;0.0;972
50958;201500056621;15;5;25;2030;3;1;1;1;1;210;;A;0.0;0.0;972
50959;201500056622;15;5;25;1800;1;1;1;1;7;232;;A;0.0;0.0;972
50960;201500056623;15;6;3;2330;3;1;1;1;1;232;;A;0.0;0.0;972
50961;201500056624;15;7;25;530;2;1;1;2;1;232;;A;0.0;0.0;972
50962;201500056625;15;8;2;945;1;2;1;1;6;232;ravine plate;A;0.0;0.0;972
50963;201500056626;15;8;19;2100;3;1;1;1;1;232;;A;0.0;0.0;972
50964;201500056627;15;11;11;1600;1;1;1;1;5;210;;A;0.0;0.0;972
50965;201500056628;15;11;29;230;5;1;1;1;1;210;;A;0.0;0.0;972
50966;201500056629;15;3;5;1230;1;1;1;1;1;207;;A;0.0;0.0;972
50967;201500056630;15;6;18;1430;1;1;1;1;3;207;;A;0.0;0.0;972
50968;201500056632;15;12;12;1700;1;2;1;2;6;207;Quartier Bac;A;0.0;0.0;972
50969;201500056633;15;1;11;130;3;1;1;1;1;217;;A;0.0;0.0;972
50970;201500056634;15;3;8;1830;3;1;1;1;1;227;;A;0.0;0.0;972
50971;201500056635;15;5;11;15;3;1;1;1;1;217;;A;0.0;0.0;972
50972;201500056636;15;6;1;1145;1;1;1;1;7;226;;A;0.0;0.0;972
50973;201500056637;15;7;30;800;1;1;1;3;5;227;;A;0.0;0.0;972
50974;201500056638;15;9;30;2330;3;1;1;1;7;217;;A;0.0;0.0;972
50975;201500056639;15;10;18;2315;3;2;1;1;6;227;Morne des Pères;A;0.0;0.0;972
50976;201500056640;15;12;27;2130;3;1;1;1;6;227;;A;0.0;0.0;972
50977;201500056641;15;8;7;930;1;2;1;1;1;230;Tartane;A;0.0;0.0;972
50978;201500056642;15;9;26;1345;1;2;1;1;1;230;rue lagrosillière;A;0.0;0.0;972
50979;201500056643;15;10;9;1830;4;1;1;1;3;230;;A;0.0;0.0;972
50980;201500056644;15;10;27;1145;1;1;1;2;3;230;;A;0.0;0.0;972
50981;201500056645;15;12;18;1245;1;1;1;1;1;230;;A;0.0;0.0;972
50982;201500056646;15;12;29;1915;5;1;1;1;1;230;;A;0.0;0.0;972
50983;201500056647;15;1;20;1700;1;2;1;1;1;228;;A;0.0;0.0;972
50984;201500056649;15;2;16;545;2;2;1;1;6;228;plaine de l'union;A;0.0;0.0;972
50985;201500056650;15;4;22;1430;1;1;1;1;7;228;;A;0.0;0.0;972
50986;201500056651;15;4;24;1815;1;1;1;1;1;228;;A;0.0;0.0;972
50987;201500056652;15;6;1;2330;5;2;1;1;6;228;Boulevard antonin mercan;A;0.0;0.0;972
50988;201500056653;15;6;4;1030;1;1;1;1;1;228;;A;0.0;0.0;972
50989;201500056654;15;7;13;1900;5;1;1;1;3;228;;A;0.0;0.0;972
50990;201500056657;15;9;14;1615;1;1;1;3;1;203;;A;0.0;0.0;972
50991;201500056658;15;11;15;315;5;2;1;8;6;216;RN1 angle rue Marie;A;0.0;0.0;972
50992;201500056659;15;3;24;1500;1;2;1;1;3;124;Rue du camp jacob;A;0.0;0.0;971
50993;201500056660;15;4;2;1845;4;1;9;8;1;124;;A;0.0;0.0;971
50994;201500056661;15;4;29;1030;1;2;1;1;6;104;164 rue de l'église;A;0.0;0.0;971
50995;201500056662;15;8;15;200;5;2;1;1;6;104;RN2 / RD30;A;;;971
50996;201500056663;15;1;27;1645;1;1;1;1;6;134;;A;0.0;0.0;971
50997;201500056664;15;3;28;2145;3;1;1;1;6;134;;A;0.0;0.0;971
50998;201500056665;15;5;19;1345;1;1;1;1;7;134;;A;0.0;0.0;971
50999;201500056666;15;6;22;800;1;1;1;3;1;134;;A;0.0;0.0;971
51000;201500056667;15;7;14;1315;1;1;1;1;7;134;;A;0.0;0.0;971
51001;201500056668;15;7;31;1730;1;2;1;1;6;134;296 vallée de beaugendre;A;0.0;0.0;971
51002;201500056669;15;5;22;2015;5;2;1;1;1;106;PIGEON;A;0.0;0.0;971
51003;201500056670;15;8;8;1445;1;2;1;1;1;106;Loquet;A;0.0;0.0;971
51004;201500056671;15;9;25;2115;4;2;1;1;7;106;Gallet;A;0.0;0.0;971
51005;201500056672;15;5;20;1900;3;1;1;1;5;121;;A;0.0;0.0;971
51006;201500056673;15;11;16;1730;1;1;2;1;1;121;;A;0.0;0.0;971
51007;201500056674;15;12;4;1600;2;2;1;3;3;121;mahault tacafred;A;0.0;0.0;971
51008;201500056675;15;12;22;1700;1;2;1;1;1;121;carrefour RN2/CD23;A;0.0;0.0;971
51009;201500056676;15;3;6;1330;1;1;1;1;1;111;;A;0.0;0.0;971
51010;201500056677;15;8;31;1745;1;1;1;8;7;111;;A;0.0;0.0;971
51011;201500056678;15;11;11;1215;1;1;1;1;3;111;;A;0.0;0.0;971
51012;201500056679;15;2;2;845;1;1;1;3;1;132;;A;0.0;0.0;971
51013;201500056680;15;3;14;1845;3;2;1;1;6;132;La Plaine;A;0.0;0.0;971
51014;201500056682;15;6;24;2315;3;2;1;1;7;132;route de l'embarcadére;A;0.0;0.0;971
51015;201500056683;15;10;1;1215;1;1;1;1;4;109;;A;0.0;0.0;971
51016;201500056686;15;1;23;1600;5;2;1;1;3;107;Route nationale 1;A;0.0;0.0;971
51017;201500056687;15;2;17;1430;1;1;1;1;6;107;;A;0.0;0.0;971
51018;201500056688;15;3;16;1615;1;1;9;1;2;107;;A;0.0;0.0;971
51019;201500056689;15;3;28;1330;1;1;1;1;4;107;;A;0.0;0.0;971
51020;201500056690;15;4;9;1245;1;1;9;2;2;107;;A;0.0;0.0;971
51021;201500056691;15;4;15;500;2;1;9;1;6;107;;A;0.0;0.0;971
51022;201500056692;15;5;1;415;3;2;1;1;6;107;ROUTE DE L HABITUEE;A;0.0;0.0;971
51023;201500056693;15;5;10;2200;4;1;1;1;1;114;;A;0.0;0.0;971
51024;201500056694;15;6;4;1430;1;1;1;1;1;114;;A;0.0;0.0;971
51025;201500056695;15;7;13;1900;3;1;1;1;3;107;;A;0.0;0.0;971
51026;201500056696;15;7;13;2215;3;1;1;1;1;107;;A;0.0;0.0;971
51027;201500056697;15;7;26;930;1;1;1;1;6;107;;A;0.0;0.0;971
51028;201500056698;15;9;12;115;5;1;1;1;3;114;;A;0.0;0.0;971
51029;201500056699;15;9;12;1600;1;1;1;1;5;107;;A;0.0;0.0;971
51030;201500056700;15;9;22;2100;3;1;1;1;7;114;;A;0.0;0.0;971
51031;201500056701;15;10;12;1015;1;1;1;1;3;107;;A;0.0;0.0;971
51032;201500056702;15;10;16;2015;3;1;1;3;3;107;;A;0.0;0.0;971
51033;201500056703;15;12;12;745;3;1;1;2;5;114;;A;0.0;0.0;971
51034;201500056704;15;12;10;1415;1;1;1;1;5;114;;A;0.0;0.0;971
51035;201500056705;15;12;20;515;3;1;1;1;1;107;;A;0.0;0.0;971
51036;201500056706;15;2;18;430;3;1;1;1;7;131;;A;0.0;0.0;971
51037;201500056708;15;7;18;1745;1;1;1;1;1;130;;A;0.0;0.0;971
51038;201500056709;15;12;28;1100;1;1;1;2;7;131;;A;0.0;0.0;971
51039;201500056710;15;1;10;2000;5;1;1;1;7;115;;A;0.0;0.0;971
51040;201500056711;15;3;5;1015;1;2;3;1;3;115;Lacroix;A;0.0;0.0;971
51041;201500056712;15;4;27;2000;5;2;1;1;3;115;section la rosière;A;0.0;0.0;971
51042;201500056713;15;5;13;1200;1;1;1;1;4;115;;A;0.0;0.0;971
51043;201500056714;15;5;14;200;3;1;2;1;3;115;;A;0.0;0.0;971
51044;201500056715;15;7;26;2330;3;2;1;1;7;115;rd1 bagatelle;A;0.0;0.0;971
51045;201500056716;15;8;21;1545;1;1;1;1;1;115;;A;0.0;0.0;971
51046;201500056718;15;1;3;1600;1;1;1;1;1;118;;A;0.0;0.0;971
51047;201500056719;15;5;18;945;1;1;1;2;3;118;;A;0.0;0.0;971
51048;201500056720;15;9;26;2145;5;1;1;1;3;118;;A;0.0;0.0;971
51049;201500056721;15;1;12;1900;3;1;1;1;2;129;;A;0.0;0.0;971
51050;201500056722;15;1;22;1745;1;2;1;1;6;129;;A;0.0;0.0;971
51051;201500056723;15;2;27;1730;1;2;1;1;1;129;la ram?e;A;0.0;0.0;971
51052;201500056724;15;4;15;1545;1;1;1;2;3;129;;A;1630001.0;6166701.0;971
51053;201500056726;15;5;10;445;2;2;1;1;3;129;D19- RN2;A;0.0;0.0;971
51054;201500056727;15;5;8;515;2;1;1;1;5;129;;A;0.0;0.0;971
51055;201500056728;15;5;13;1200;1;1;1;1;3;129;;A;1629200.0;6166901.0;971
51056;201500056729;15;7;29;1845;2;2;1;1;6;129;le boyer;A;0.0;0.0;971
51057;201500056730;15;8;22;1000;1;2;1;1;6;129;le boyer;A;0.0;0.0;971
51058;201500056731;15;9;29;1615;1;1;2;1;3;129;;A;0.0;0.0;971
51059;201500056732;15;10;12;945;1;2;1;1;1;129;;A;0.0;0.0;971
51060;201500056733;15;10;15;745;1;1;1;1;6;129;;A;0.0;0.0;971
51061;201500056734;15;10;16;2045;5;2;1;1;6;129;;A;0.0;0.0;971
51062;201500056735;15;11;6;1145;1;1;1;2;7;129;;A;0.0;0.0;971
51063;201500056736;15;11;16;545;1;1;1;1;3;129;;A;0.0;0.0;971
51064;201500056738;15;12;19;15;3;1;1;1;6;129;;A;0.0;0.0;971
51065;201500056739;15;12;25;1130;1;1;1;1;3;129;;A;0.0;0.0;971
51066;201500056740;15;1;20;1715;1;1;2;1;3;108;;A;0.0;0.0;971
51067;201500056741;15;3;13;1430;1;1;1;1;1;112;;A;0.0;0.0;971
51068;201500056742;15;5;25;1515;1;1;1;1;2;112;;A;0.0;0.0;971
51069;201500056744;15;7;4;1145;1;1;1;1;3;126;;A;0.0;0.0;971
51070;201500056745;15;8;15;800;1;1;1;1;6;108;;A;0.0;0.0;971
51071;201500056746;15;11;17;1830;3;1;1;2;6;112;;A;0.0;0.0;971
51072;201500056749;15;3;25;1515;1;1;1;1;3;117;;A;0.0;0.0;971
51073;201500056750;15;4;11;1930;4;1;1;1;6;117;;A;0.0;0.0;971
51074;201500056751;15;4;30;1715;1;1;1;1;1;117;;A;0.0;0.0;971
51075;201500056752;15;7;12;415;5;1;1;1;1;117;;A;0.0;0.0;971
51076;201500056754;15;9;10;1700;1;2;1;1;3;117;route Saint françois;A;0.0;0.0;971
51077;201500056755;15;9;21;1215;1;2;1;1;6;117;rocade sergent;A;0.0;0.0;971
51078;201500056756;15;10;7;1000;1;1;1;1;6;117;;A;0.0;0.0;971
51079;201500056757;15;10;23;1730;1;1;1;1;6;117;;A;0.0;0.0;971
51080;201500056758;15;11;3;1400;1;1;1;1;6;117;;A;0.0;0.0;971
51081;201500056759;15;12;5;1830;3;1;1;1;7;117;;A;0.0;0.0;971
51082;201500056760;15;1;4;1715;1;2;1;1;3;122;rue Gambetta;A;0.0;0.0;971
51083;201500056761;15;4;29;1930;5;2;3;1;3;102;rue vital borifax;A;0.0;0.0;971
51084;201500056763;15;8;8;115;3;1;1;1;6;102;;A;0.0;0.0;971
51085;201500056764;15;9;6;1200;1;1;1;1;6;119;;A;0.0;0.0;971
51086;201500056765;15;9;20;1145;1;1;1;1;3;119;;A;0.0;0.0;971
51087;201500056766;15;9;30;1930;5;1;1;1;1;119;;A;0.0;0.0;971
51088;201500056767;15;11;29;530;2;1;1;1;2;122;;A;0.0;0.0;971
51089;201500056768;15;12;4;2130;5;2;1;1;6;119;rue evremont gêne;A;0.0;0.0;971
51090;201500056769;15;12;27;1715;1;2;1;1;7;102;6 rue Joseph Toni;A;0.0;0.0;971
51091;201500056770;15;1;19;1700;1;2;1;1;1;125;D 118;A;0.0;0.0;971
51092;201500056771;15;2;5;2345;4;1;1;1;6;125;;A;0.0;0.0;971
51093;201500056772;15;2;20;1715;1;1;1;1;2;125;;A;0.0;0.0;971
51094;201500056773;15;3;14;1900;3;1;1;1;5;125;;A;0.0;0.0;971
51095;201500056775;15;9;18;530;2;1;1;1;6;125;;A;0.0;0.0;971
51096;201500056776;15;12;3;1615;1;2;1;1;6;125;rue de l'égalité;A;0.0;0.0;971
51097;201500056777;15;1;5;1530;1;1;1;1;1;126;;A;0.0;0.0;971
51098;201500056778;15;3;31;1;5;2;1;1;3;128;RN4, DURIVAGE;A;0.0;0.0;971
51099;201500056779;15;4;27;1230;1;2;1;1;3;126;Castaing;A;0.0;0.0;971
51100;201500056780;15;5;4;530;2;1;1;1;6;126;;A;0.0;0.0;971
51101;201500056781;15;5;3;1615;1;1;1;1;3;128;;A;0.0;0.0;971
51102;201500056782;15;5;17;845;1;1;1;1;6;126;;A;0.0;0.0;971
51103;201500056783;15;6;17;1015;1;1;1;1;7;128;;A;0.0;0.0;971
51104;201500056784;15;6;20;2045;5;2;1;1;6;126;RN4 SECTION POIRIER;A;0.0;0.0;971
51105;201500056785;15;7;1;1930;5;1;1;1;1;126;;A;0.0;0.0;971
51106;201500056787;15;8;16;1945;3;1;1;1;3;126;;A;0.0;0.0;971
51107;201500056788;15;9;19;1100;1;2;1;1;6;126;Section Galbas;A;0.0;0.0;971
51108;201500056789;15;11;11;1645;1;2;1;1;3;128;RN4, GALBAS;A;0.0;0.0;971
51109;201500056790;15;11;11;1645;1;2;1;1;6;128;RN4, section GALBAS;A;0.0;0.0;971
51110;201500056791;15;12;5;315;3;1;1;1;1;128;;A;0.0;0.0;971
51111;201500056792;15;12;6;2330;3;1;1;1;1;128;;A;0.0;0.0;971
51112;201500056793;15;12;28;1815;3;1;1;1;6;128;;A;0.0;0.0;971
51113;201500056794;15;2;9;1845;5;2;1;1;6;116;bosredon;A;0.0;0.0;971
51114;201500056795;15;2;27;1700;1;2;1;1;6;116;dubelloy;A;0.0;0.0;971
51115;201500056796;15;2;27;1530;1;2;1;1;6;116;RN5  GENSOLIN/MARIEULLE;A;0.0;0.0;971
51116;201500056797;15;3;16;1930;5;2;1;1;3;116;route nationale 5;A;0.0;0.0;971
51117;201500056799;15;5;25;2200;3;1;1;1;6;116;;A;0.0;0.0;971
51118;201500056800;15;6;10;1600;1;1;1;1;1;116;;A;0.0;0.0;971
51119;201500056801;15;8;30;2230;5;1;1;1;1;116;;A;0.0;0.0;971
51120;201500056802;15;9;19;1530;1;2;1;1;3;116;rue du moule;A;0.0;0.0;971
51121;201500056803;15;10;10;1830;3;1;1;1;1;116;;A;0.0;0.0;971
51122;201500056804;15;10;29;930;1;2;1;1;6;116;rue du débarcédère;A;0.0;0.0;971
51123;201500056805;15;12;8;1745;4;2;1;1;3;116;richeval;A;0.0;0.0;971
51124;201500056806;15;12;30;1615;1;1;1;8;3;116;;A;0.0;0.0;971
51125;201500056807;15;1;18;500;5;1;1;2;6;305;;G;0.0;0.0;973
51126;201500056808;15;2;7;945;1;1;1;1;5;305;;G;0.0;0.0;973
51127;201500056809;15;2;26;1545;1;1;1;1;6;305;;G;0.0;0.0;973
51128;201500056810;15;3;31;2330;3;1;1;1;2;305;;G;0.0;0.0;973
51129;201500056811;15;4;16;2230;3;1;1;1;2;305;;G;0.0;0.0;973
51130;201500056812;15;5;23;1800;2;1;1;2;2;305;;G;0.0;0.0;973
51131;201500056813;15;7;31;1300;1;1;1;1;1;305;;G;0.0;0.0;973
51132;201500056814;15;9;27;2300;3;1;1;1;7;305;;G;0.0;0.0;973
51133;201500056815;15;10;3;1500;1;1;1;1;6;305;;G;0.0;0.0;973
51134;201500056816;15;10;5;45;3;1;1;1;3;305;;G;0.0;0.0;973
51135;201500056817;15;10;26;815;1;1;1;1;6;305;;G;0.0;0.0;973
51136;201500056818;15;11;12;1915;5;2;2;1;3;305;ave Pripris de Soula;G;0.0;0.0;973
51137;201500056819;15;12;15;1500;1;1;1;1;1;305;;G;0.0;0.0;973
51138;201500056820;15;1;3;1030;1;1;1;1;3;304;;G;0.0;0.0;973
51139;201500056821;15;2;8;1530;1;2;1;1;3;304;15 AVENUE BOIS CHAUDAT;G;0.0;0.0;973
51140;201500056822;15;2;28;2345;3;1;9;2;7;304;;G;0.0;0.0;973
51141;201500056823;15;5;3;1415;1;1;1;1;6;304;;G;0.0;0.0;973
51142;201500056824;15;5;20;1100;1;1;1;2;1;304;;G;0.0;0.0;973
51143;201500056825;15;5;25;1600;2;1;1;2;6;304;;G;0.0;0.0;973
51144;201500056827;15;7;2;700;1;1;1;3;7;304;;G;0.0;0.0;973
51145;201500056828;15;7;27;1400;1;1;1;1;3;304;;G;0.0;0.0;973
51146;201500056829;15;8;12;645;1;1;1;1;3;304;;G;0.0;0.0;973
51147;201500056830;15;9;5;1400;1;2;3;1;3;304;rue du maroni;G;0.0;0.0;973
51148;201500056831;15;3;22;145;5;2;3;1;3;312;Cit? du stade;G;0.0;0.0;973
51149;201500056832;15;5;19;1645;2;2;1;3;6;312;RN1;G;0.0;0.0;973
51150;201500056833;15;9;13;1815;2;2;1;1;2;312;Albert anthony;G;0.0;0.0;973
51151;201500056834;15;5;14;1300;1;1;1;1;7;303;;G;0.0;0.0;973
51152;201500056835;15;6;8;700;1;1;1;1;7;303;;G;0.0;0.0;973
51153;201500056836;15;7;15;1700;1;1;1;1;7;303;;G;0.0;0.0;973
51154;201500056837;15;12;4;645;1;1;1;1;7;303;;G;0.0;0.0;973
51155;201500056838;15;10;2;1615;5;1;1;1;1;308;;G;0.0;0.0;973
51156;201500056839;15;8;9;1530;1;1;1;3;7;310;;G;0.0;0.0;973
51157;201500056840;15;11;19;2015;3;2;1;1;6;310;Avenue Félix Eboué - RD6;G;0.0;0.0;973
51158;201500056842;15;1;11;2100;5;2;1;2;6;311;ROUTE DE ST MAURICE;G;0.0;0.0;973
51159;201500056843;15;1;21;945;1;1;1;1;7;311;;G;0.0;0.0;973
51160;201500056844;15;2;6;845;1;2;1;1;3;311;RN 1 PK 1 trou cochon;G;0.0;0.0;973
51161;201500056845;15;3;8;945;1;1;1;1;3;311;;G;0.0;0.0;973
51162;201500056846;15;3;21;1730;1;1;1;1;7;311;;G;504000.0;5403801.0;973
51163;201500056848;15;4;12;2145;3;1;1;1;7;311;;G;0.0;0.0;973
51164;201500056849;15;4;18;1645;1;2;1;1;1;311;Avenue G. Monnerville;G;0.0;0.0;973
51165;201500056850;15;4;26;630;1;1;1;1;6;311;;G;0.0;0.0;973
51166;201500056852;15;6;10;1215;1;1;1;1;3;311;;G;0.0;0.0;973
51167;201500056853;15;6;16;1900;5;2;1;9;1;311;avenue christophe colomb;G;0.0;0.0;973
51168;201500056854;15;8;11;1015;1;1;1;1;1;311;;G;0.0;0.0;973
51169;201500056855;15;8;28;130;5;2;1;1;3;311;avenue Christophe Colomb;G;0.0;0.0;973
51170;201500056856;15;10;13;2230;3;1;1;1;1;311;;G;0.0;0.0;973
51171;201500056857;15;10;17;530;2;2;1;1;7;311;rue Jean de la Fontaine;G;0.0;0.0;973
51172;201500056858;15;11;14;1145;1;2;1;1;3;311;bld du gl de gaulle;G;0.0;0.0;973
51173;201500056860;15;11;26;900;1;2;1;1;7;311;Rue Jean de la fontaine;G;0.0;0.0;973
51174;201500056861;15;12;5;2000;3;1;1;1;2;311;;G;0.0;0.0;973
51175;201500056862;15;12;21;1400;1;2;1;1;6;311;avenue de la marne;G;0.0;0.0;973
51176;201500056863;15;12;25;2000;5;1;1;1;6;311;;G;0.0;0.0;973
51177;201500056864;15;2;22;1630;1;1;1;1;2;306;;G;0.0;0.0;973
51178;201500056865;15;5;18;1600;1;1;1;1;6;306;;G;0.0;0.0;973
51179;201500056866;15;6;25;2030;3;1;1;1;7;306;;G;0.0;0.0;973
51180;201500056867;15;7;5;1200;1;1;1;1;7;361;;G;0.0;0.0;973
51181;201500056868;15;1;25;215;5;2;1;1;6;408;rue LECONTE DELISLE;R;0.0;0.0;974
51182;201500056869;15;1;29;700;1;2;1;7;6;408;Rue de La Palestine;R;2096279.0;5532711.0;974
51183;201500056870;15;2;7;2000;5;2;1;1;3;408;Rue Leconte de Lisle;R;0.0;0.0;974
51184;201500056871;15;2;20;1945;3;1;1;1;2;408;;R;0.0;0.0;974
51185;201500056872;15;3;12;630;1;2;9;1;3;408;RD 41;R;;;974
51186;201500056873;15;3;20;600;1;2;1;1;6;408;Rue Karl Marx;R;2095434.0;5533959.0;974
51187;201500056874;15;4;17;1300;1;2;1;1;1;408;rue rené maillot;R;2096343.0;5532742.0;974
51188;201500056875;15;6;7;1300;1;2;1;1;1;408;Rue Jean Albany;R;2096209.0;5533442.0;974
51189;201500056876;15;6;14;400;3;1;1;2;1;408;;R;0.0;0.0;974
51190;201500056877;15;7;8;1900;3;1;9;1;6;408;;R;2092746.0;5533266.0;974
51191;201500056878;15;7;26;1845;3;1;1;1;6;408;;R;0.0;0.0;974
51192;201500056880;15;10;16;1615;1;1;1;1;3;408;;R;0.0;0.0;974
51193;201500056882;15;12;8;2215;5;2;1;1;1;408;15 rue Pablo Néruda;R;2094545.0;5533397.0;974
51194;201500056883;15;1;17;1630;1;1;1;2;3;418;;R;0.0;0.0;974
51195;201500056884;15;1;26;1730;1;2;3;1;1;418;Rue Mozart;R;2089714.0;5556664.0;974
51196;201500056885;15;1;27;700;1;1;6;1;3;418;;R;2091110.0;5551791.0;974
51197;201500056886;15;2;26;2000;5;2;1;1;2;418;9 rue de la r?publique;R;2089742.0;5554883.0;974
51198;201500056887;15;4;24;2115;5;1;1;1;6;420;;R;2091309.0;5561349.0;974
51199;201500056888;15;5;16;800;1;1;1;1;7;418;;R;2094461.0;5552128.0;974
51200;201500056889;15;5;20;1115;1;2;1;1;6;418;117 RUE LUC DONAT;R;2092638.0;5551972.0;974
51201;201500056890;15;5;27;2200;5;1;1;1;1;418;;R;2089915.0;5552231.0;974
51202;201500056891;15;5;29;715;1;2;1;1;6;418;rue vidot;R;2092200.0;5551901.0;974
51203;201500056892;15;5;22;1400;1;1;1;1;1;418;;R;0.0;0.0;974
51204;201500056893;15;5;29;730;1;2;1;1;6;418;rue vidot;R;2092200.0;5551901.0;974
51205;201500056894;15;6;7;2315;3;1;1;1;1;418;;R;2093794.0;5553380.0;974
51206;201500056895;15;6;12;1730;2;2;1;1;1;418;Rue Héléne Boucher;R;0.0;0.0;974
51207;201500056896;15;6;15;1845;1;1;1;1;6;418;;R;0.0;0.0;974
51208;201500056897;15;6;22;900;1;1;1;1;3;418;;R;0.0;0.0;974
51209;201500056898;15;10;30;845;1;1;1;1;1;418;;R;2092157.0;5551975.0;974
51210;201500056899;15;2;23;830;1;1;1;2;5;410;;R;2103984.0;5571008.0;974
51211;201500056900;15;4;25;2030;5;1;1;1;3;410;;R;0.0;0.0;974
51212;201500056901;15;6;2;1830;5;1;1;1;6;410;;R;2104763.0;5571713.0;974
51213;201500056902;15;6;27;1000;1;2;1;1;3;410;quartuier Bras-Fusil;R;0.0;0.0;974
51214;201500056903;15;6;27;1930;5;2;1;1;3;410;quartier ste anne;R;0.0;0.0;974
51215;201500056904;15;7;8;1445;1;1;1;1;6;410;;R;0.0;0.0;974
51216;201500056905;15;8;2;800;1;1;1;1;3;410;;R;2106543.0;5570121.0;974
51217;201500056907;15;11;12;1100;1;2;1;1;3;410;RN2 sainte anne;R;0.0;0.0;974
51218;201500056908;15;12;25;1615;1;1;1;1;6;410;;R;0.0;0.0;974
51219;201500056909;15;1;19;115;3;1;1;2;6;402;;R;0.0;0.0;974
51220;201500056910;15;2;21;1100;1;2;1;1;6;402;;R;0.0;0.0;974
51221;201500056912;15;5;8;1430;1;1;1;2;6;402;;R;0.0;0.0;974
51222;201500056913;15;5;15;745;1;2;1;1;1;402;RN 2002 et rue de la Gie;R;2099446.0;5567566.0;974
51223;201500056914;15;6;16;1730;1;2;1;7;6;402;;R;0.0;0.0;974
51224;201500056915;15;8;8;1830;5;2;1;2;6;402;RN2002 Centre Ville;R;2099591.0;5567861.0;974
51225;201500056916;15;9;16;730;1;1;1;1;6;402;;R;2100413.0;5569369.0;974
51226;201500056917;15;5;15;1715;2;1;1;2;3;419;;R;2120000.0;5579999.0;974
51227;201500056918;15;7;11;1830;3;1;1;1;6;419;;R;0.0;0.0;974
51228;201500056919;15;9;19;2000;3;1;1;2;6;421;;R;0.0;0.0;974
51229;201500056920;15;11;25;1430;1;1;1;1;6;421;;R;2102500.0;5551799.0;974
51230;201500056921;15;1;2;1200;1;1;1;1;6;406;;R;0.0;0.0;974
51231;201500056922;15;11;16;1615;1;1;1;1;1;406;;R;0.0;0.0;974
51232;201500056923;15;2;14;1745;3;1;1;1;2;415;;R;0.0;0.0;974
51233;201500056924;15;4;1;1215;1;2;1;1;6;415;304 rue St LOUIS;R;2100171.0;5528071.0;974
51234;201500056925;15;4;8;1700;1;2;1;1;3;415;RD 4 route de la Plaine;R;2098803.0;5529226.0;974
51235;201500056926;15;4;25;1830;5;2;1;1;3;415;de gaulle et ch. royale;R;2100930.0;5527615.0;974
51236;201500056927;15;6;17;1145;1;2;1;1;6;415;rue chaussée royale;R;0.0;0.0;974
51237;201500056928;15;7;4;830;3;1;9;1;1;415;;R;0.0;0.0;974
51238;201500056929;15;7;9;2030;3;1;1;1;6;415;;R;0.0;0.0;974
51239;201500056930;15;8;24;1815;2;1;1;1;3;415;;R;0.0;0.0;974
51240;201500056932;15;9;13;615;2;2;1;3;4;415;RN 1;R;0.0;0.0;974
51241;201500056933;15;10;7;1445;1;2;1;1;5;415;chaussée royale;R;0.0;0.0;974
51242;201500056935;15;12;16;2345;3;1;1;1;6;415;;R;2101675.0;5525474.0;974
51243;201500056936;15;1;3;145;3;1;1;1;3;415;;R;0.0;0.0;974
51244;201500056937;15;3;22;30;4;1;1;1;1;415;;R;0.0;0.0;974
51245;201500056939;15;4;8;1145;1;2;1;1;1;415;;R;2105492.0;5522692.0;974
51246;201500056940;15;4;10;1800;2;2;1;1;1;423;Rue du Général De Gaulle;R;2106071.0;5522327.0;974
51247;201500056942;15;5;23;130;3;1;1;1;3;415;;R;0.0;0.0;974
51248;201500056943;15;5;31;415;3;2;1;1;6;415;RN1A;R;2105800.0;5522101.0;974
51249;201500056944;15;7;4;1645;3;1;1;1;1;415;;R;0.0;0.0;974
51250;201500056945;15;7;28;1600;1;1;1;1;1;415;;R;0.0;0.0;974
51251;201500056946;15;10;26;1815;2;1;1;1;1;415;;R;2102000.0;5522599.0;974
51252;201500056948;15;11;26;2215;3;1;1;1;6;415;;R;2110500.0;5537199.0;974
51253;201500056949;15;12;20;2000;4;2;1;1;6;415;26 rue des espadons;R;2108300.0;5521699.0;974
51254;201500056950;15;1;27;815;1;1;1;1;1;415;;R;2133995.0;5562830.0;974
51255;201500056951;15;2;27;745;1;2;1;1;7;415;rue du relai;R;0.0;0.0;974
51256;201500056952;15;4;17;1945;3;1;1;1;1;415;;R;0.0;0.0;974
51257;201500056953;15;6;8;800;1;2;1;1;6;415;25 chemin l'eveque;R;0.0;0.0;974
51258;201500056954;15;6;30;1915;5;2;1;2;6;415;Rue Néhoua;R;2114000.0;5527899.0;974
51259;201500056955;15;7;8;2000;3;1;1;1;7;415;;R;0.0;0.0;974
51260;201500056956;15;7;14;2015;5;1;1;1;1;415;;R;0.0;0.0;974
51261;201500056957;15;8;13;2345;3;1;1;1;1;415;;R;2109000.0;5544701.0;974
51262;201500056958;15;1;7;2130;3;1;1;1;6;415;;R;0.0;0.0;974
51263;201500056959;15;4;15;1745;2;1;1;8;1;423;;R;2111897.0;5529756.0;974
51264;201500056960;15;9;2;830;1;1;1;1;7;423;;R;2112307.0;5526402.0;974
51265;201500056961;15;10;1;1715;1;2;1;1;1;401;D 18 36 chemin de ligne;R;2124119.0;5534331.0;974
51266;201500056962;15;3;5;830;1;2;1;1;1;414;36 rue leconte de lisle;R;2127796.0;5541396.0;974
51267;201500056963;15;7;28;1100;1;2;1;1;6;414;rue ravenal;R;0.0;0.0;974