;Num_Acc;an;mois;jour;hrmn;lum;agg;int;atm;col;com;adr;gps;lat;long;dep
51560;201500057299;15;6;26;2245;5;2;1;1;2;101;RN5, Frédéric JALTON;A;;;971
51561;201500057300;15;7;4;30;5;1;1;1;4;101;RD129, DUGAZON;A;;;971
51562;201500057301;15;7;9;840;1;1;1;1;3;101;4, BESSON;A;;;971
51563;201500057302;15;7;15;130;3;1;1;2;7;101;00, BOZON;A;;;971
51564;201500057303;15;3;21;1402;1;2;4;1;3;101;5, RN05;A;;;971
51565;201500057304;15;7;17;1405;1;1;1;1;3;113;RD, SECTION MOREAU;A;;;971
51566;201500057305;15;7;21;2030;5;1;1;1;2;113;RN4, RN4 - SECTION RIVIE;A;;;971
51567;201500057306;15;7;24;2100;3;1;1;1;7;101;RN5, RN05;A;;;971
51568;201500057307;15;7;25;1440;1;1;1;1;5;101;00, BAZIN;A;;;971
51569;201500057308;15;7;28;2345;5;1;1;1;7;101;RN1, GRAND CAMP(SECTION);A;;;971
51570;201500057309;15;7;27;1615;1;1;1;1;3;113;RN4, RN4 - SECTION RIVIE;A;;;971
51571;201500057310;15;7;30;1909;5;1;1;1;3;113;RN4, SECTION PLIANE;A;;;971
51572;201500057311;15;7;31;2120;5;2;1;1;3;113;RN4, RN4 - SECTION RIVIE;A;;;971
51573;201500057312;15;8;1;1950;5;2;1;1;6;113;RD, SECTION COCOYER;A;;;971
51574;201500057313;15;8;3;2202;3;2;1;1;1;101;RD129, ROUTE DE BOISVINS;A;;;971
51575;201500057314;15;8;5;1300;1;1;6;1;2;120;BLD, GERTY ARCHIMEDE (RE;A;;;971
51576;201500057315;15;8;8;1340;1;2;6;1;6;101;00, ROND POINT IGNACE;A;;;971
51577;201500057316;15;8;16;2125;3;2;3;3;3;113;N4, PETIT HAVRE (SECTEU;A;;;971
51578;201500057317;15;8;28;840;1;2;1;1;3;131;N4, Morne Salines;A;;;971
51579;201500057319;15;9;10;1850;5;1;1;1;2;113;RN4, GRAND BAIE ( RN4);A;;;971
51580;201500057320;15;9;11;755;1;2;3;2;3;120;RN4, RN4 - SECTION RIVIE;A;;;971
51581;201500057321;15;9;21;1400;1;1;1;1;3;113;RN4, Morne Salines;A;;;971
51582;201500057322;15;9;20;1745;1;1;1;1;5;113;RN4, RN4 - SECTION RIVIE;A;;;971
51583;201500057323;15;9;17;1050;1;1;1;4;1;110;3RD, PERRIN;A;;;971
51584;201500057324;15;9;28;1430;1;1;1;1;6;110;6RD, BESSON;A;;;971
51585;201500057325;15;9;29;740;1;1;9;1;1;120;00, PALAIS ROYAL;A;;;971
51586;201500057326;15;9;29;1925;5;2;1;1;6;120;6RD, BD LEGITIMUS;A;;;971
51587;201500057327;15;10;2;1330;1;1;3;1;3;101;00, PAGES;A;;;971
51588;201500057328;15;10;20;2237;5;2;1;1;3;101;00, JEAN  IGNACE (RUE);A;;;971
51589;201500057329;15;10;30;1755;2;2;1;1;6;101;00, Bd René Serge NABAJO;A;;;971
51590;201500057330;15;11;4;1125;1;1;1;1;1;113;00, SECTION LABROUSSE;A;;;971
51591;201500057333;15;11;13;1345;1;1;1;1;6;101;ROUTE DE BOISVINS;A;;;971
51592;201500057334;15;11;16;1318;1;1;1;1;3;113;761, Section Port Blanc;A;;;971
51593;201500057335;15;10;30;1030;1;1;1;1;3;113;1656, RN4 - SECTION RIVI;A;;;971
51594;201500057336;15;11;21;107;5;2;1;1;6;101;RD, VIEUX BOURG;A;;;971
51595;201500057338;15;11;25;1215;1;2;1;1;6;120;00, HOPITAL (BOULEVARD D;A;;;971
51596;201500057339;15;11;27;2120;5;2;1;2;1;101;00, JEAN  IGNACE (RUE);A;;;971
51597;201500057341;15;11;28;330;5;2;1;1;7;113;RN4, RN4 - SECTION RIVIE;A;;;971
51598;201500057343;15;12;10;800;1;2;1;1;6;120;00, HINCELIN;A;;;971
51599;201500057344;15;12;13;2057;3;2;1;1;6;113;RN4, SECTION MARE-GAILLA;A;;;971
51600;201500057345;15;12;11;1157;1;1;1;1;1;113;RN4, RN4 - SECTION RIVIE;A;1613068.0;6130054.0;971
51601;201500057346;15;12;18;750;1;1;1;1;7;101;ROUTE DE BOULIQUI;A;1615242.0;6127148.0;971
51602;201500057347;15;12;18;1550;1;1;1;1;3;113;RN4, RN4 - SECTION RIVIE;A;;;971
51603;201500057348;15;12;20;1420;1;1;1;1;7;101;RN5, RN05;A;0.0;0.0;971
51604;201500057349;15;12;18;1830;3;1;1;1;6;110;6RN5, Frric JALTON;A;0.0;0.0;971
51605;201500057350;15;12;12;1500;1;2;2;3;1;111;3RD, BEAUMANOIR (SECTEUR;A;0.0;0.0;971
51606;201500057351;15;12;25;530;2;1;1;1;7;113;RN4, RN4 - SECTION RIVIE;A;0.0;0.0;971
51607;201500057352;15;12;25;1525;1;1;1;2;7;113;Chemin de la BOUAYE;A;0.0;0.0;971
51608;201500057353;15;12;26;1910;5;1;3;1;3;113;RN, SECTION GRANDE RAVIN;A;0.0;0.0;971
51609;201500057354;15;12;18;1200;1;2;1;1;2;101;00, LYCEE DE BAIMBRIDGE;A;0.0;0.0;971
51610;201500057355;15;12;25;1900;1;1;1;1;1;101;00, DUGAZON;A;0.0;0.0;971
51611;201500057356;15;12;29;250;3;1;1;1;3;101;RN5, RN05;A;0.0;0.0;971
51612;201500057357;15;12;1;2300;5;1;1;1;1;209;3, RAVINE VILAINE (CHEMI;A;1463084.0;6105981.0;972
51613;201500057358;15;1;2;1300;1;2;1;1;3;209;3, REDOUTE (ROUTE DE LA);A;0.0;0.0;972
51614;201500057359;15;4;4;1930;5;1;1;1;7;209;47, RAVINE VILAINE (CHEM;A;0.0;0.0;972
51615;201500057360;15;4;5;2140;3;2;1;1;3;209;59, VICTOR LAMON (AVENUE;A;0.0;0.0;972
51616;201500057362;15;4;5;430;5;2;1;1;2;209;40, SOLEIL LEVANT (BOULE;A;0.0;0.0;972
51617;201500057363;15;12;6;1550;1;1;1;1;1;209;2, BALATA (ROUTE DE);A;1467236.0;6109016.0;972
51618;201500057364;15;1;4;1313;1;2;1;1;7;209;Comm, BOLIVAR (RUE);A;0.0;0.0;972
51619;201500057365;15;4;11;520;2;1;1;1;7;209;1, AUTOROUTE (A1);A;0.0;0.0;972
51620;201500057366;15;12;11;1310;1;1;1;1;1;209;2, BALATA (ROUTE DE);A;1462478.0;6107241.0;972
51621;201500057367;15;4;11;1335;1;2;1;1;6;209;Comm, LOUIS DOMERGUE (AV;A;0.0;0.0;972
51622;201500057368;15;12;13;1820;2;1;1;1;1;209;3, MOUTTE (ROUTE DE);A;1462291.0;6105187.0;972
51623;201500057369;15;4;12;730;1;2;1;1;6;209;13, CHATEAUBOEUF (ROUTE;A;0.0;0.0;972
51624;201500057370;15;12;15;1540;1;2;1;1;6;209;3, PROFESSEUR RAYMOND GA;A;0.0;0.0;972
51625;201500057371;15;4;17;827;1;2;1;1;6;209;VC, ALLEGRE (BOULEVARD);A;1460724.0;6107285.0;972
51626;201500057372;15;12;15;830;1;1;1;1;6;209;3, MOUTTE (ROUTE DE);A;1462636.0;6104962.0;972
51627;201500057373;15;1;8;1120;1;2;2;1;3;209;1, GENERAL DE GAULLE (BL;A;0.0;0.0;972
51628;201500057374;15;4;18;2010;5;2;1;8;6;209;3, BALATA (ROUTE DE);A;1462085.0;6107114.0;972
51629;201500057375;15;12;29;1630;1;1;1;1;1;209;2, BALATA (ROUTE DE);A;1468659.0;6108511.0;972
51630;201500057376;15;1;12;143;5;2;1;1;7;209;1, GENERAL DE GAULLE (BL;A;0.0;0.0;972
51631;201500057377;15;4;23;1530;1;2;3;1;6;209;1, GENERAL DE GAULLE (BL;A;0.0;0.0;972
51632;201500057378;15;1;12;1803;5;2;1;1;6;209;Comm, GARNIER PAGES (RUE;A;0.0;0.0;972
51633;201500057379;15;4;24;625;1;2;1;8;6;209;1, GENERAL DE GAULLE (BL;A;0.0;0.0;972
51634;201500057380;15;4;25;905;1;2;1;1;6;209;Comm, FRANCOIS ARAGO (RU;A;1460701.0;6107242.0;972
51635;201500057381;15;4;25;1430;1;1;1;1;6;209;C, BALATA (ROUTE DE);A;1465322.0;6108647.0;972
51636;201500057382;15;4;25;1300;1;2;1;1;7;209;BALATA (ROUTE DE);A;0.0;0.0;972
51637;201500057383;15;1;16;750;1;2;1;1;7;209;1, GENERAL DE GAULLE (BL;A;0.0;0.0;972
51638;201500057384;15;4;27;1330;1;2;1;1;6;209;Comm, LAMARTINE (RUE);A;0.0;0.0;972
51639;201500057386;15;5;5;745;1;2;1;1;6;209;2, MAURICE BISHOP (AVENU;A;0.0;0.0;972
51640;201500057387;15;1;18;1640;1;2;1;1;6;209;Comm, KERLYS (RUE DE );A;0.0;0.0;972
51641;201500057388;15;5;5;1035;1;2;1;1;7;209;3, RD 41 (ROCADE);A;1461643.0;6105632.0;972
51642;201500057389;15;5;8;415;5;2;1;8;1;209;2, MAURICE BISHOP (AVENU;A;1461387.0;6105124.0;972
51643;201500057390;15;5;10;10;5;2;1;1;1;209;4, EDOUARD JEANNE (RUE);A;1460066.0;6105611.0;972
51644;201500057391;15;5;12;25;5;2;2;1;3;209;2, SOLEIL LEVANT (BOULEV;A;1462725.0;6104012.0;972
51645;201500057392;15;1;23;810;1;2;1;1;6;209;42, CHEVALIER DE SAINTE-;A;0.0;0.0;972
51646;201500057393;15;5;15;2105;5;2;2;1;3;209;4, ANTOINE VITEZ (AVENUE;A;1460811.0;6104979.0;972
51647;201500057394;15;1;23;2045;5;1;1;1;3;209;1, AUTOROUTE (A1);A;0.0;0.0;972
51648;201500057395;15;5;26;1740;1;1;1;1;2;209;2, BALATA (ROUTE DE);A;0.0;0.0;972
51649;201500057396;15;1;24;600;1;2;1;1;6;209;1, MAURICE BISHOP (AVENU;A;0.0;0.0;972
51650;201500057397;15;5;27;1035;1;1;1;1;6;209;3, VIEUX CHEMIN (RUE DU);A;1461007.0;6107182.0;972
51651;201500057398;15;1;25;745;1;2;1;1;6;209;1, JEAN JAURES (AVENUE);A;0.0;0.0;972
51652;201500057400;15;6;6;443;5;2;1;1;7;209;2, GENERAL DE GAULLE (BL;A;1460636.0;6106653.0;972
51653;201500057401;15;1;26;1530;1;2;2;1;3;209;Comm, ROCADE (RUE DE LA);A;0.0;0.0;972
51654;201500057402;15;6;6;2115;5;2;1;1;6;209;4, DESENCLAVEMENT (RUE D;A;1460426.0;6106401.0;972
51655;201500057403;15;1;27;640;1;2;1;1;6;209;1, GENERAL DE GAULLE (BL;A;0.0;0.0;972
51656;201500057404;15;6;7;1025;1;2;1;1;6;209;2, MAURICE BISHOP (AVENU;A;1461030.0;6105481.0;972
51657;201500057405;15;6;13;1005;1;2;1;1;3;209;2, GENERAL DE GAULLE (BL;A;1460613.0;6106575.0;972
51658;201500057406;15;1;28;700;1;2;1;1;6;209;13, CHATEAUBOEUF (ROUTE;A;0.0;0.0;972
51659;201500057407;15;6;19;1240;1;2;1;1;6;209;3, CHATEAUBOEUF (ROUTE D;A;1461633.0;6104975.0;972
51660;201500057408;15;6;20;30;3;2;1;1;7;209;3, RD 41 (ROCADE);A;1461177.0;6107895.0;972
51661;201500057409;15;1;30;1740;1;2;1;1;6;209;4, REDOUTE (ROUTE DE LA);A;0.0;0.0;972
51662;201500057410;15;6;20;1155;1;2;1;1;1;209;3, BEAUSEJOUR JAMBETTE (;A;1463898.0;6104099.0;972
51663;201500057411;15;6;21;855;1;2;3;1;3;209;3, YVES GOUSSARD (RUE);A;1460846.0;6106851.0;972
51664;201500057412;15;6;22;1233;1;2;1;1;6;209;4, CORIDON (AVENUE DE);A;1462290.0;6105884.0;972
51665;201500057413;15;6;24;1310;1;2;1;1;6;209;3, RD 41 (ROCADE);A;1461347.0;6107038.0;972
51666;201500057414;15;2;1;2146;5;2;1;1;1;209;48, MOUTTE (ROUTE DE);A;0.0;0.0;972
51667;201500057415;15;6;27;1925;3;1;1;1;1;209;2, BALATA (ROUTE DE);A;1465572.0;6108578.0;972
51668;201500057416;15;7;5;620;1;2;1;1;5;209;1, AUTOROUTE (A1);A;1461454.0;6104981.0;972
51669;201500057417;15;7;5;1320;1;1;1;1;7;209;1, AUTOROUTE (A1);A;1461798.0;6103975.0;972
51670;201500057418;15;7;5;2145;5;2;1;1;2;209;2, RN9;A;0.0;0.0;972
51671;201500057421;15;7;14;2330;3;2;1;1;1;209;2, MAURICE BISHOP (AVENU;A;1461177.0;6105365.0;972
51672;201500057422;15;7;21;1950;5;1;1;1;6;209;2, BALATA (ROUTE DE);A;1462883.0;6107226.0;972
51673;201500057423;15;7;25;550;1;2;1;1;7;209;4, SARAH BERKMAN;A;1461033.0;6104491.0;972
51674;201500057424;15;8;1;555;1;1;1;1;7;209;1, AUTOROUTE (A1);A;1461822.0;6103425.0;972
51675;201500057425;15;8;7;2200;5;1;1;1;6;209;1, AUTOROUTE (A1);A;0.0;0.0;972
51676;201500057426;15;8;9;910;1;2;6;1;1;209;2, RN9;A;0.0;0.0;972
51677;201500057427;15;2;8;2235;5;2;2;1;3;209;Comm, ANATOLE FRANCE (RU;A;0.0;0.0;972
51678;201500057428;15;8;11;1205;1;1;1;1;6;209;1, AUTOROUTE (A1);A;0.0;0.0;972
51679;201500057429;15;2;10;1635;1;1;1;1;6;209;3, BALATA (ROUTE DE);A;0.0;0.0;972
51680;201500057431;15;2;11;1010;1;2;1;1;6;209;1, GENERAL DE GAULLE (BL;A;0.0;0.0;972
51681;201500057432;15;8;17;1125;1;2;3;1;1;209;2, MAURICE BISHOP (AVENU;A;0.0;0.0;972
51682;201500057433;15;2;11;1410;1;2;1;1;6;209;48, RELIGIEUSES (ROUTE D;A;0.0;0.0;972
51683;201500057435;15;2;12;2155;5;2;1;1;6;209;1, MAURICE BISHOP (AVENU;A;0.0;0.0;972
51684;201500057436;15;8;29;2040;5;2;1;1;3;209;3, ABBE LAVIGNE (AVENUE);A;0.0;0.0;972
51685;201500057437;15;9;8;710;1;1;1;1;6;209;2, BALATA (ROUTE DE);A;1462150.0;6107157.0;972
51686;201500057438;15;9;13;1740;1;1;1;1;6;209;4, TIVOLI (ROUTE DE );A;1463583.0;6107139.0;972
51687;201500057439;15;2;15;2112;5;1;1;1;6;209;Comm, FERNAND GABOLY (RU;A;0.0;0.0;972
51688;201500057440;15;9;13;2220;3;2;1;8;7;209;3, RD 41 (ROCADE);A;0.0;0.0;972
51689;201500057441;15;9;15;1212;1;2;1;1;1;209;2, ROBERT ATTULY (BOULEV;A;1460359.0;6107442.0;972
51690;201500057442;15;9;16;1935;5;2;1;1;6;209;3, JAMBETTE (ROUTE DE);A;1463091.0;6104224.0;972
51691;201500057443;15;9;23;842;1;1;1;1;6;209;MOUTTE (ROUTE DE);A;1463096.0;6104807.0;972
51692;201500057444;15;9;24;1750;1;2;1;1;1;209;2, GENERAL DE GAULLE (BL;A;0.0;0.0;972
51693;201500057445;15;2;18;1850;5;2;1;1;7;209;41, RD 41;A;0.0;0.0;972
51694;201500057446;15;9;28;1520;1;2;1;1;6;209;4, ISAMBERT (RUE);A;0.0;0.0;972
51695;201500057447;15;2;27;1515;1;2;1;1;6;209;1, MAURICE BISHOP (AVENU;A;0.0;0.0;972
51696;201500057448;15;10;4;1650;1;2;1;1;6;209;4, GRAND CARAIBE (RUE DU;A;1460227.0;6107586.0;972
51697;201500057449;15;10;7;1215;1;2;3;1;6;209;4, RAOUL FOLLEREAU (AVEN;A;1461183.0;6104526.0;972
51698;201500057450;15;10;10;1340;1;2;1;1;6;209;4, ALICE OZIER-LAFONTAIN;A;0.0;0.0;972
51699;201500057451;15;10;10;640;1;2;1;1;1;209;2, MAURICE BISHOP (AVENU;A;0.0;0.0;972
51700;201500057452;15;10;13;1710;1;2;3;1;3;209;3, PROFESSEUR RAYMOND GA;A;;;972
51701;201500057454;15;10;17;1630;1;2;1;1;6;209;comm, LEOPOLD BISSOL (BO;A;1461515.0;6107242.0;972
51702;201500057455;15;3;10;705;1;2;1;1;6;209;Comm, POINTE SIMON (RUE;A;0.0;0.0;972
51703;201500057456;15;10;29;750;1;2;1;1;6;209;3, CHATEAUBOEUF (ROUTE D;A;1461644.0;6104952.0;972
51704;201500057457;15;11;4;1945;5;1;1;1;6;209;44, CLUNY (ROUTE DE);A;0.0;0.0;972
51705;201500057458;15;3;11;1125;1;2;3;1;3;209;45, PROFESSEUR RAYMOND G;A;0.0;0.0;972
51706;201500057459;15;11;6;840;1;1;1;1;1;209;4, REDOUTE (ROUTE DE LA);A;1461784.0;6106155.0;972
51707;201500057460;15;3;11;1140;1;2;1;1;6;209;1, GENERAL DE GAULLE (BL;A;0.0;0.0;972
51708;201500057461;15;11;11;2040;5;2;2;1;3;209;4, JULES MONNEROT (RUE);A;1460893.0;6106975.0;972
51709;201500057462;15;11;13;800;1;2;1;1;6;209;3, RD 41 (ROCADE);A;0.0;0.0;972
51710;201500057463;15;11;16;900;1;2;1;1;6;209;4, LIBERTE (RUE DE LA);A;0.0;0.0;972
51711;201500057464;15;11;17;2155;5;2;1;1;1;209;4, LOUIS DOMERGUE (AVENU;A;0.0;0.0;972
51712;201500057466;15;3;19;1705;1;2;1;1;1;209;2, ROBERT ATTULY (BOULEV;A;0.0;0.0;972
51713;201500057467;15;3;19;1850;4;2;1;1;6;209;13, CHATEAUBOEUF (ROUTE;A;0.0;0.0;972
51714;201500057468;15;3;20;1430;1;2;1;1;6;209;Comm, MARIE-THERESE GERT;A;0.0;0.0;972
51715;201500057469;15;3;23;1710;1;2;1;1;6;209;1, GENERAL DE GAULLE (BL;A;0.0;0.0;972
51716;201500057470;15;3;25;1215;1;1;1;1;1;209;3, BALATA (ROUTE DE);A;0.0;0.0;972
51717;201500057471;15;1;11;1132;1;1;1;1;2;213;AUTOROUTE A1;A;0.0;0.0;972
51718;201500057472;15;11;1;106;5;1;1;1;1;213;ROUTE NATIONALE 1;A;0.0;0.0;972
51719;201500057473;15;4;3;2250;3;1;1;1;2;213;ROUTE NATIONALE 5;A;0.0;0.0;972
51720;201500057474;15;1;14;1446;1;1;1;1;4;213;VIEUX CHEMIN CALIFORNIE;A;0.0;0.0;972
51721;201500057476;15;4;7;2035;3;1;1;1;6;213;AUTOROUTE A1;A;1461875.0;6102161.0;972
51722;201500057477;15;1;18;1855;5;1;1;1;1;213;PELLETIER (ROUTE DE);A;0.0;0.0;972
51723;201500057478;15;11;7;1517;1;1;1;3;6;213;AUTOROUTE A1;A;0.0;0.0;972
51724;201500057479;15;4;15;2320;3;1;1;1;4;213;AUTOROUTE A1;A;1461897.0;6102174.0;972
51725;201500057480;15;1;20;706;1;1;1;1;1;213;PLAISANCE (CHEMIN);A;0.0;0.0;972
51726;201500057481;15;11;18;1635;1;1;1;1;6;213;Z I LA LEZARDE;A;0.0;0.0;972
51727;201500057482;15;4;18;2320;3;1;1;1;6;213;ROUTE NATIONALE 1;A;0.0;0.0;972
51728;201500057483;15;1;30;1440;1;1;1;1;5;213;ROUTE DEPARTEMENTALE 3;A;0.0;0.0;972
51729;201500057485;15;4;24;2130;5;2;1;1;6;213;15, ERNEST ANDRE (RUE);A;0.0;0.0;972
51730;201500057486;15;2;1;2340;5;1;1;1;5;213;AUTOROUTE A1;A;0.0;0.0;972
51731;201500057487;15;4;25;20;3;1;1;1;4;213;ROUTE NATIONALE 5;A;0.0;0.0;972
51732;201500057488;15;11;24;1756;1;1;1;1;3;213;ROUTE NATIONALE 1;A;0.0;0.0;972
51733;201500057489;15;2;8;200;5;1;1;1;1;213;ROUTE DEPARTEMENTALE 14;A;0.0;0.0;972
51734;201500057490;15;11;27;1915;3;1;3;1;3;213;ROUTE DEPARTEMENTALE 15;A;0.0;0.0;972
51735;201500057491;15;4;26;130;3;1;1;1;2;213;ROUTE NATIONALE 5;A;0.0;0.0;972
51736;201500057492;15;2;14;351;5;1;1;1;2;213;AUTOROUTE A1;A;0.0;0.0;972
51737;201500057493;15;11;28;1220;1;1;1;1;2;213;AUTOROUTE A1;A;0.0;0.0;972
51738;201500057494;15;4;26;1705;2;2;1;1;1;213;ROUTE DEPARTEMENTALE 14;A;1462106.0;6102215.0;972
51739;201500057495;15;12;1;1355;1;2;3;1;3;213;12, ERNEST ANDRE (RUE);A;0.0;0.0;972
51740;201500057496;15;2;14;800;1;1;3;1;3;213;ROUTE DEPARTEMENTALE 15;A;0.0;0.0;972
51741;201500057497;15;4;27;350;3;1;1;1;6;213;1, PAYS MELES;A;1462934.0;6100851.0;972
51742;201500057498;15;12;7;828;1;1;1;1;4;213;ROUTE NATIONALE 1;A;0.0;0.0;972
51743;201500057499;15;2;15;25;5;1;1;1;1;213;ROUTE DEPARTEMENTALE 3;A;0.0;0.0;972
51744;201500057500;15;5;4;1330;1;1;1;1;2;213;ROUTE DEPARTEMENTALE 14;A;0.0;0.0;972
51745;201500057501;15;12;11;1035;1;1;3;1;3;213;ROUTE DEPARTEMENTALE 3;A;0.0;0.0;972
51746;201500057502;15;2;19;1250;1;1;1;1;2;213;ROUTE NATIONALE 5;A;0.0;0.0;972
51747;201500057503;15;5;7;1020;1;1;1;1;6;213;AUTOROUTE A1;A;0.0;0.0;972
51748;201500057504;15;12;16;1535;1;1;1;1;1;213;MORNE PITAULT (ROUTE DE);A;0.0;0.0;972
51749;201500057505;15;2;20;2117;3;2;1;1;3;213;ROUTE NATIONALE 1;A;0.0;0.0;972
51750;201500057506;15;5;9;1317;1;1;1;1;2;213;ROUTE NATIONALE 1;A;0.0;0.0;972
51751;201500057507;15;12;17;325;3;1;1;2;6;213;AUTOROUTE A1;A;0.0;0.0;972
51752;201500057508;15;2;21;1305;1;1;1;1;1;213;ROUTE DEPARTEMENTALE 15;A;0.0;0.0;972
51753;201500057509;15;5;10;2208;3;1;1;1;1;213;ROUTE DEPARTEMENTALE 3;A;0.0;0.0;972
51754;201500057510;15;12;17;830;1;1;1;1;2;213;PLAISANCE (CHEMIN);A;0.0;0.0;972
51755;201500057511;15;2;25;1319;1;1;1;1;3;213;ROUTE NATIONALE 1;A;0.0;0.0;972
51756;201500057512;15;5;13;816;1;2;3;1;3;213;30, ERNEST MAUGEE (RUE);A;0.0;0.0;972
51757;201500057513;15;12;20;520;1;1;1;1;6;213;ROUTE DEPARTEMENTALE 3;A;0.0;0.0;972
51758;201500057514;15;3;3;1940;3;1;1;1;2;213;ROUTE NATIONALE 5;A;0.0;0.0;972
51759;201500057515;15;5;16;1130;1;1;1;1;1;213;PELLETIER (ROUTE DE);A;0.0;0.0;972
51760;201500057516;15;12;22;802;1;2;1;1;6;213;4, BARRIERES (RUE DES);A;0.0;0.0;972
51761;201500057517;15;3;10;1355;1;1;1;1;2;213;Z I CALIFORNIE;A;0.0;0.0;972
51762;201500057518;15;5;19;2215;3;1;1;1;1;213;ROUTE DEPARTEMENTALE 3;A;0.0;0.0;972
51763;201500057519;15;12;22;2127;5;1;1;1;6;213;ROUTE NATIONALE 1;A;0.0;0.0;972
51764;201500057520;15;3;10;1730;2;1;1;1;2;213;AUTOROUTE A1;A;0.0;0.0;972
51765;201500057521;15;5;22;2045;3;1;1;1;6;213;ROUTE DEPARTEMENTALE 3;A;0.0;0.0;972
51766;201500057523;15;5;24;320;3;1;1;1;6;213;AUTOROUTE A1;A;0.0;0.0;972
51767;201500057524;15;12;30;2030;3;1;1;1;6;213;LA MAUGEE (CHEMIN);A;0.0;0.0;972
51768;201500057525;15;3;18;1300;1;2;1;1;6;213;AMEDEE DESPOINTES (BOULE;A;0.0;0.0;972
51769;201500057526;15;5;26;1657;1;1;1;1;6;213;ROUTE DEPARTEMENTALE 15;A;0.0;0.0;972
51770;201500057527;15;12;31;2300;3;1;1;1;2;213;ROUTE NATIONALE 1;A;0.0;0.0;972
51771;201500057528;15;3;20;1335;1;1;1;1;6;213;MAHAULT;A;0.0;0.0;972
51772;201500057529;15;5;30;915;1;1;3;1;3;213;ROUTE DEPARTEMENTALE 3;A;0.0;0.0;972
51773;201500057531;15;6;2;2330;3;1;1;1;5;213;AUTOROUTE A1;A;0.0;0.0;972
51774;201500057532;15;3;30;2245;4;1;1;1;2;213;AUTOROUTE A1;A;0.0;0.0;972
51775;201500057533;15;6;5;2115;3;1;1;1;6;213;ROUTE NATIONALE 5;A;0.0;0.0;972
51776;201500057534;15;6;6;545;2;1;1;1;2;213;AUTOROUTE A1;A;0.0;0.0;972
51777;201500057535;15;6;10;1350;1;2;1;1;2;213;60, LEOPOLD BISSOL (RUE);A;0.0;0.0;972
51778;201500057536;15;6;11;1402;1;1;1;1;1;213;ROUTE DEPARTEMENTALE 3;A;0.0;0.0;972
51779;201500057537;15;6;11;1755;2;1;1;1;6;213;AUTOROUTE A1;A;0.0;0.0;972
51780;201500057538;15;6;13;1950;3;1;1;1;6;213;ROUTE DEPARTEMENTALE 3;A;0.0;0.0;972
51781;201500057539;15;6;15;855;1;2;1;1;6;213;12, SCHOELCHER (RUE);A;0.0;0.0;972
51782;201500057540;15;6;16;2035;5;2;1;1;3;213;SCHOELCHER (RUE);A;0.0;0.0;972
51783;201500057541;15;6;21;2110;3;1;1;1;1;213;ROUTE NATIONALE 6;A;0.0;0.0;972
51784;201500057542;15;6;26;1930;3;1;1;1;2;213;AUTOROUTE A1;A;0.0;0.0;972
51785;201500057543;15;6;28;250;3;1;1;9;6;213;AUTOROUTE A1;A;0.0;0.0;972
51786;201500057544;15;7;3;830;1;1;1;1;2;213;Z I LES MANGLES;A;0.0;0.0;972
51787;201500057545;15;7;3;1600;1;2;1;1;2;213;TROU AU CHAT (RUE DU);A;0.0;0.0;972
51788;201500057546;15;7;4;2010;5;1;1;1;3;213;ROUTE DEPARTEMENTALE 14;A;0.0;0.0;972
51789;201500057547;15;7;15;235;3;1;1;2;6;213;ROUTE NATIONALE 5;A;0.0;0.0;972
51790;201500057548;15;7;15;1550;1;2;1;1;6;213;10, VIEUX PONT (CHEMIN D;A;0.0;0.0;972
51791;201500057549;15;7;19;158;3;1;1;1;3;213;ROUTE DEPARTEMENTALE 15;A;0.0;0.0;972
51792;201500057550;15;7;22;1653;1;1;1;1;1;213;ROUTE DEPARTEMENTALE 15;A;0.0;0.0;972
51793;201500057551;15;7;23;2003;3;1;1;1;1;213;ROUTE DEPARTEMENTALE 13;A;0.0;0.0;972
51794;201500057552;15;7;27;1730;1;2;1;1;6;213;26, ALBERT CAMUS (RUE);A;0.0;0.0;972
51795;201500057553;15;6;18;1750;2;1;1;1;2;213;ROUTE NATIONALE 1;A;0.0;0.0;972
51796;201500057554;15;7;8;37;5;1;1;1;6;213;Z I CALIFORNIE;A;0.0;0.0;972
51797;201500057555;15;8;5;623;2;1;1;2;1;213;ROUTE DEPARTEMENTALE 14;A;0.0;0.0;972
51798;201500057556;15;8;5;1930;5;2;1;1;7;213;1, 24 MARS 1961 (RUE DU);A;0.0;0.0;972
51799;201500057557;15;8;15;2125;4;1;1;1;5;213;ROUTE DEPARTEMENTALE 3;A;0.0;0.0;972
51800;201500057558;15;8;12;1338;1;1;1;1;3;213;Z I LES MANGLES;A;0.0;0.0;972
51801;201500057559;15;8;23;1940;5;1;1;1;3;213;AUTOROUTE A1;A;0.0;0.0;972
51802;201500057560;15;8;29;615;1;1;1;1;6;213;AUTOROUTE A1;A;0.0;0.0;972
51803;201500057562;15;9;6;419;3;1;1;1;6;213;PLACE D'ARMES;A;0.0;0.0;972
51804;201500057563;15;9;6;1823;2;1;1;1;3;213;AUTOROUTE A1;A;0.0;0.0;972
51805;201500057565;15;9;30;1315;1;1;1;1;2;213;ROUTE DEPARTEMENTALE 14;A;0.0;0.0;972
51806;201500057566;15;9;30;2120;3;1;1;1;2;213;ROUTE NATIONALE 1;A;0.0;0.0;972
51807;201500057568;15;10;3;645;1;1;1;1;6;213;ZONE DE FRET;A;0.0;0.0;972
51808;201500057569;15;10;3;945;1;1;3;1;3;213;LA MAUGEE (CHEMIN);A;0.0;0.0;972
51809;201500057571;15;10;6;1850;4;1;1;1;4;213;AUTOROUTE A1;A;0.0;0.0;972
51810;201500057572;15;10;8;1110;1;1;1;1;3;213;7, Z I LA JAMBETTE;A;0.0;0.0;972
51811;201500057573;15;10;9;1345;1;1;1;1;6;213;MORNE PITAULT (ROUTE DE);A;0.0;0.0;972
51812;201500057574;15;10;15;1131;1;1;1;1;1;213;70, BASSE GONDEAU (CHEMI;A;0.0;0.0;972
51813;201500057575;15;10;19;107;3;1;1;1;6;213;AUTOROUTE A1;A;0.0;0.0;972
51814;201500057576;15;10;20;1810;2;1;1;1;3;213;ROUTE NATIONALE 1;A;0.0;0.0;972
51815;201500057577;15;10;22;1032;1;1;1;1;6;213;ROUTE DEPARTEMENTALE 3;A;0.0;0.0;972
51816;201500057578;15;10;28;1350;1;1;1;1;2;213;AUTOROUTE A1;A;0.0;0.0;972
51817;201500057579;15;10;29;1730;1;2;1;1;1;213;4, NELSON MANDELA;A;0.0;0.0;972
51818;201500057580;15;4;1;1600;1;2;1;1;3;302;1850, MADELEINE (ROUTE D;G;0.0;0.0;973