;Num_Acc;an;mois;jour;hrmn;lum;agg;int;atm;col;com;adr;gps;lat;long;dep
51819;201500057581;15;4;1;1853;5;2;1;1;6;302;0.5, MADELEINE (ROUTE DE;G;0.0;0.0;973
51820;201500057582;15;4;2;1430;1;1;1;1;3;302;BADUEL (ROUTE DE);G;455435.0;5217553.0;973
51821;201500057583;15;4;3;904;1;2;3;1;6;302;212, MADELEINE (ROUTE DE;G;0.0;0.0;973
51822;201500057585;15;4;4;1909;5;1;1;1;6;302;FELIX EBOUE(ROCADE);G;0.0;0.0;973
51823;201500057586;15;4;5;1920;5;2;1;1;6;302;47, FELIX EBOUE(ROCADE);G;0.0;0.0;973
51824;201500057587;15;4;6;2120;5;2;1;1;1;302;240, MADELEINE (ROUTE DE;G;0.0;0.0;973
51825;201500057588;15;4;8;810;1;1;1;2;3;302;3940, MONTABO (ROUTE DE);G;0.0;0.0;973
51826;201500057589;15;4;8;1550;1;1;1;1;2;302;MADELEINE (ROUTE DE LA);G;400000.0;5199999.0;973
51827;201500057590;15;4;7;623;1;1;1;1;6;302;1214, MADELEINE (ROUTE D;G;455193.0;5219139.0;973
51828;201500057591;15;4;10;1712;1;1;1;1;2;302;859, ZEPHIR (ROCADE);G;0.0;0.0;973
51829;201500057592;15;4;10;1859;5;1;1;1;1;302;1, CATAYEE (JUSTIN);G;0.0;0.0;973
51830;201500057593;15;4;11;1830;2;2;1;1;6;302;26, BRASSE (LIEUTENANT);G;0.0;0.0;973
51831;201500057594;15;4;15;1102;1;1;1;1;3;302;1, MADELEINE (ROUTE DE L;G;0.0;0.0;973
51832;201500057595;15;4;16;911;1;2;1;2;3;302;1436, BADUEL (ROUTE DE);G;0.0;0.0;973
51833;201500057596;15;4;19;1005;1;1;1;1;3;302;2570, BADUEL (ROUTE DE);G;0.0;0.0;973
51834;201500057598;15;4;22;820;1;2;1;1;2;302;26, GALMOT (AVENUE);G;0.0;0.0;973
51835;201500057599;15;4;22;1640;1;1;1;2;2;302;2911, MONTABO (ROUTE DE);G;0.0;0.0;973
51836;201500057600;15;4;22;1240;1;2;1;1;3;302;80, MONTABO (ROUTE DE) 1;G;0.0;0.0;973
51837;201500057601;15;4;24;1355;1;2;1;1;6;302;MANDELA  (BOULEVARD);G;0.0;0.0;973
51838;201500057602;15;4;26;1455;1;2;2;1;3;302;COLOMB (CHRISTOPHE);G;0.0;0.0;973
51839;201500057603;15;4;27;753;1;1;1;1;1;302;CRIQUE FOUILLEE (ROND PO;G;0.0;0.0;973
51840;201500057604;15;4;27;1750;1;1;1;1;3;302;2480, MADELEINE (ROUTE D;G;0.0;0.0;973
51841;201500057605;15;4;29;2000;1;2;1;1;2;302;42, MANDELA  (BOULEVARD);G;0.0;0.0;973
51842;201500057608;15;4;30;1730;1;1;1;1;3;302;1453, BADUEL (ROUTE DE);G;0.0;0.0;973
51843;201500057609;15;4;30;900;1;2;1;1;6;302;25, FELIX EBOUE (Rue);G;0.0;0.0;973
51844;201500057610;15;4;30;1255;1;2;1;1;3;302;1203, RABAN (ROUTE DE);G;0.0;0.0;973
51845;201500057611;15;5;3;820;1;1;1;1;3;302;3176, BADUEL (ROUTE DE);G;492835.0;5229338.0;973
51846;201500057613;15;5;4;940;1;2;2;1;3;302;13, PREVOT (ERNEST);G;493381.0;5233311.0;973
51847;201500057614;15;5;6;1155;1;1;1;1;1;302;MARINGOUINS (ROND-POINT);G;490659.0;5231524.0;973
51848;201500057615;15;5;6;1635;1;1;6;1;6;302;MARINGOUINS (ROND-POINT);G;490739.0;5232242.0;973
51849;201500057617;15;5;7;1054;1;1;1;1;2;302;1332, MONTABO (ROUTE DE);G;494260.0;5230569.0;973
51850;201500057618;15;5;6;2100;5;2;1;1;5;302;2059, MADELEINE (ROUTE D;G;491504.0;5232112.0;973
51851;201500057619;15;5;8;2025;2;2;1;1;3;302;182, MADELEINE (ROUTE DE;G;491503.0;5232113.0;973
51852;201500057620;15;5;4;1748;1;1;2;1;3;302;MANGO (ROUTE);G;492997.0;5231568.0;973
51853;201500057621;15;5;3;25;5;1;3;1;3;302;PREVOT (ERNEST);G;493449.0;5233326.0;973
51854;201500057622;15;5;12;1050;1;2;1;2;6;302;ROUTE NATIONALE 1;G;493490.0;5233219.0;973
51855;201500057623;15;5;13;1800;1;2;1;1;3;302;0.5, MORTIN (CITE);G;491513.0;5232658.0;973
51856;201500057624;15;5;16;1125;1;2;1;2;3;302;5, AMUSANT (PAUL);G;;;973
51857;201500057625;15;5;16;345;5;2;3;1;3;302;MOLE;G;493872.0;5233218.0;973
51858;201500057626;15;5;17;2015;2;1;1;1;3;302;50, FLAMBOYANTS (RUE DES;G;492320.0;5232089.0;973
51859;201500057627;15;5;18;1915;5;2;1;1;2;302;MARINGOUINS (ROND-POINT);G;490659.0;5231524.0;973
51860;201500057628;15;5;19;827;1;1;1;1;2;302;978, TROUBIRAN (CHEMIN D;G;492208.0;5230401.0;973
51861;201500057629;15;5;20;1010;1;2;6;2;2;302;SUZINI (CARREFOUR);G;492709.0;5229001.0;973
51862;201500057630;15;5;21;810;1;2;1;2;6;302;34, DE GAULLE (AVENUE);G;493938.0;5232949.0;973
51863;201500057632;15;5;22;1449;1;2;9;1;3;302;SUZINI (CARREFOUR);G;492707.0;5228995.0;973
51864;201500057633;15;5;22;2245;5;2;3;1;3;302;2925, MONTABO (ROUTE DE);G;493430.0;5229126.0;973
51865;201500057634;15;5;22;2330;5;2;1;1;3;302;969, MONTABO (ROUTE DE);G;494507.0;5231296.0;973
51866;201500057635;15;5;23;610;2;2;1;1;1;302;2066, TIGRE (ROUTE DU);G;492041.0;5232078.0;973
51867;201500057636;15;5;24;2243;5;2;1;2;6;302;MENTEL;G;0.0;0.0;973
51868;201500057637;15;5;25;915;1;1;1;1;6;302;TROUBIRAN (CHEMIN DE);G;492208.0;5230382.0;973
51869;201500057640;15;1;24;1100;1;2;1;1;3;302;21, MONNERVILLE (AVENUE;G;0.0;0.0;973
51870;201500057641;15;4;1;807;1;2;1;1;6;302;212, MADELEINE (ROUTE DE;G;0.0;0.0;973
51871;201500057642;15;5;28;845;1;1;1;1;6;302;2, COLLERY (ZONE INDUSTR;G;490783.0;5232385.0;973
51872;201500057643;15;5;28;2051;5;1;3;2;3;302;1, MONTABO (ROUTE DE) 4;G;494508.0;5231303.0;973
51873;201500057644;15;5;30;2035;5;2;1;2;3;302;2710, MONTABO (ROUTE DE);G;494260.0;5230574.0;973
51874;201500057645;15;5;27;2050;5;1;1;1;3;302;13, PREVOT (ERNEST);G;493377.0;5233308.0;973
51875;201500057646;15;5;31;855;1;1;1;2;1;302;BADUEL (ROND POINT DE);G;492724.0;5229019.0;973
51876;201500057647;15;5;31;1030;5;1;1;2;2;302;2548, CABASSOU (ROUTE DE;G;491721.0;5231253.0;973
51877;201500057648;15;5;31;1405;1;2;1;1;3;302;0.5, BOUDINOT (AUGUSTE);G;493415.0;5231931.0;973
51878;201500057649;15;6;2;855;1;1;1;1;3;302;CESAIRE (CITE);G;493217.0;5232276.0;973
51879;201500057650;15;6;4;755;1;2;1;1;3;302;34, 14 ET 22 JUIN 1962;G;493391.0;5232721.0;973
51880;201500057651;15;6;5;1145;1;2;2;1;1;302;VOLTAIRE(AVENUE);G;494209.0;5232392.0;973
51881;201500057652;15;6;5;2040;5;1;1;2;3;302;2548, BADUEL (ROUTE DE);G;492876.0;5229864.0;973
51882;201500057653;15;6;6;1330;1;2;1;1;1;302;FLAMBOYANTS (RUE DES);G;492384.0;5231948.0;973
51883;201500057654;15;6;6;1618;1;1;1;1;4;302;BADUEL (ROUTE DE);G;492894.0;5230004.0;973
51884;201500057655;15;6;10;1105;1;2;3;1;6;302;1198, MONTABO (ROUTE DE);G;494506.0;5231293.0;973
51885;201500057657;15;6;12;1912;5;1;1;1;3;302;FELIX EBOUE(ROCADE);G;494246.0;5232924.0;973
51886;201500057658;15;6;13;1740;1;1;1;1;3;302;SOURCE DE BADUEL (CHEMIN;G;492971.0;5230891.0;973
51887;201500057659;15;6;14;1210;1;1;1;1;4;302;1492, NOVAPARC (RESIDENC;G;493649.0;5231504.0;973
51888;201500057660;15;6;15;841;1;2;1;1;6;302;3176, BADUEL (ROUTE DE);G;492841.0;5229343.0;973
51889;201500057662;15;6;16;750;1;2;1;3;3;302;1214, MADELEINE (ROUTE D;G;492227.0;5232314.0;973
51890;201500057663;15;6;16;1920;5;2;1;1;5;302;141, MONTABO (ROUTE DE);G;494425.0;5231814.0;973
51891;201500057664;15;6;18;1332;1;2;1;1;3;302;0.5, RABAN (ROUTE DE);G;493065.0;5231349.0;973
51892;201500057665;15;6;23;1512;1;1;1;1;3;302;10, NEGRES MARONS (RUE D;G;492297.0;5231954.0;973
51893;201500057666;15;6;23;1835;2;1;1;1;2;302;BAT 12, NOVAPARC (RESIDE;G;492384.0;5231362.0;973
51894;201500057667;15;1;5;1326;1;1;1;1;6;302;2407, FELIX EBOUE(ROCADE;G;0.0;0.0;973
51895;201500057668;15;6;25;1410;1;2;9;1;7;302;BADUEL (ROND POINT DE);G;492906.0;5230067.0;973
51896;201500057669;15;6;26;1000;1;1;1;1;3;302;2545, MONTABO (ROUTE DE);G;493763.0;5229837.0;973
51897;201500057670;15;6;26;1927;2;2;2;1;6;302;25, BRASSE (LIEUTENANT);G;493778.0;5229869.0;973
51898;201500057671;15;6;27;1035;1;2;1;1;7;302;MADELEINE (ROUTE DE LA);G;492289.0;5232374.0;973
51899;201500057672;15;6;28;55;4;2;1;2;3;302;TIGRE (ROUTE DU);G;492047.0;5232086.0;973
51900;201500057673;15;6;29;835;1;2;1;1;3;302;41, CESAIRE (CITE);G;493205.0;5232293.0;973
51901;201500057675;15;6;29;1159;1;2;1;1;3;302;16, CESAIRE (CITE);G;493092.0;5232375.0;973
51902;201500057676;15;6;29;1705;1;2;1;1;3;302;1198, MONTABO (ROUTE DE);G;456385.0;5218289.0;973
51903;201500057677;15;6;30;1610;1;1;1;1;3;302;TIGRE (ROUTE DU);G;491550.0;5231121.0;973
51904;201500057678;15;6;30;1645;1;1;1;1;3;302;127, CABASSOU (ROUTE DE);G;491749.0;5231283.0;973
51905;201500057679;15;7;1;1015;1;1;1;1;3;302;3889, MONTABO (ROUTE DE);G;493065.0;5229065.0;973
51906;201500057680;15;7;1;2100;5;1;1;1;6;302;117, MANGO (ROUTE);G;;;973
51907;201500057681;15;7;4;100;5;2;2;1;3;302;DE GAULLE (AVENUE);G;493849.0;5233300.0;973
51908;201500057683;15;7;6;1125;1;2;1;1;3;302;1453, BADUEL (ROUTE DE);G;493221.0;5230782.0;973
51909;201500057685;15;7;7;2015;5;1;1;1;3;302;CABASSOU (ROUTE DE);G;492031.0;5231612.0;973
51910;201500057686;15;7;8;1250;1;2;1;1;3;302;1696, BADUEL (ROUTE DE);G;455595.0;5218047.0;973
51911;201500057687;15;7;10;550;5;2;1;1;6;302;MONTABO (ROUTE DE) 1;G;493421.0;5229144.0;973
51912;201500057688;15;7;13;940;1;2;1;1;6;302;10, MONNERVILLE (AVENUE;G;0.0;0.0;973
51913;201500057689;15;7;17;1130;1;2;1;1;3;302;544, BADUEL (ROUTE DE);G;493663.0;5231437.0;973
51914;201500057690;15;7;17;2145;5;2;1;1;3;302;ZEPHIR (ROCADE);G;493685.0;5230709.0;973
51915;201500057691;15;1;6;1240;1;1;1;2;3;302;338, MADELEINE (ROUTE DE;G;0.0;0.0;973
51916;201500057692;15;7;22;945;1;1;3;1;3;302;12, COLLERY (ZONE INDUST;G;490258.0;5232681.0;973
51917;201500057693;15;7;22;1105;1;1;2;2;3;302;07, MOLE;G;0.0;0.0;973
51918;201500057694;15;7;23;1115;1;2;1;1;1;302;54, FLAMBOYANTS (RUE DES;G;0.0;0.0;973
51919;201500057695;15;7;26;555;2;2;1;1;6;302;46, LALLOUETTE(RUE);G;494042.0;5232991.0;973
51920;201500057696;15;7;29;1215;1;2;1;1;3;302;34, DIGUE RONJON;G;493398.0;5232957.0;973
51921;201500057697;15;7;29;1238;1;2;1;1;2;302;MADELEINE (ROUTE DE LA);G;492410.0;5232441.0;973
51922;201500057698;15;7;30;1459;1;1;1;1;6;302;ZEPHIR (ROCADE);G;493353.0;5230931.0;973
51923;201500057699;15;7;31;1213;1;1;1;1;6;302;01, ESTREES (AVENUE D');G;494014.0;5232609.0;973
51924;201500057700;15;8;1;1417;1;2;1;1;2;302;82, MADELEINE (ROUTE DE;G;492425.0;5292425.0;973
51925;201500057701;15;8;1;520;5;1;2;1;3;302;HORTH (CITE);G;494263.0;5231148.0;973
51926;201500057702;15;8;2;135;5;2;3;1;3;302;1, LIBERTE (AVENUE DE LA;G;493410.0;5232709.0;973
51927;201500057703;15;7;30;1315;1;2;1;1;3;302;1, FELIX EBOUE(ROCADE);G;0.0;0.0;973
51928;201500057705;15;1;7;800;1;1;1;2;2;302;ROUTE NATIONALE 1;G;0.0;0.0;973
51929;201500057706;15;8;3;1538;1;1;1;1;1;302;60, SUZINI (CARREFOUR);G;492529.0;5229019.0;973
51930;201500057707;15;8;3;2010;5;2;1;1;6;302;REPUBLIQUE (BD DE LA);G;494017.0;5232643.0;973
51931;201500057708;15;8;4;1028;1;2;1;1;3;302;BADUEL (ROUTE DE);G;493607.0;5231367.0;973
51932;201500057709;15;8;9;2200;5;2;2;1;3;302;MANDELA  (BOULEVARD);G;494001.0;5232657.0;973
51933;201500057710;15;8;3;2105;2;2;1;1;1;302;26, 14 ET 22 JUIN 1962;G;493449.0;5232733.0;973
51934;201500057711;15;8;11;1440;1;2;1;1;3;302;3379, MONTABO (ROUTE DE);G;493488.0;5229209.0;973
51935;201500057712;15;8;11;1355;1;2;1;1;3;302;MADELEINE (ROUTE DE LA);G;492210.0;5232229.0;973
51936;201500057713;15;8;12;815;1;2;1;3;2;302;64, FLAMBOYANTS (RUE DES;G;492823.0;5232229.0;973
51937;201500057714;15;2;17;920;1;2;1;2;2;302;KET TAI (CARREFOUR);G;0.0;0.0;973
51938;201500057715;15;8;13;2306;5;1;1;1;1;302;2493, BADUEL (ROUTE DE);G;0.0;0.0;973
51939;201500057716;15;8;14;2240;4;2;3;1;1;302;4, BOUDINOT (AUGUSTE) CI;G;493214.0;5231984.0;973
51940;201500057717;15;8;15;107;5;1;3;1;6;302;1816, BADUEL (ROUTE DE);G;493175.0;5230729.0;973
51941;201500057718;15;8;13;2135;5;1;3;1;2;302;64, FLAMBOYANTS (RUE DES;G;492687.0;5232402.0;973
51942;201500057719;15;8;16;750;1;2;1;1;6;302;3261, BADUEL (ROUTE DE);G;493221.0;5230729.0;973
51943;201500057720;15;8;18;1620;1;2;2;1;3;302;13, CATAYEE (JUSTIN);G;493942.0;5233129.0;973
51944;201500057721;15;8;21;1035;1;1;1;1;6;302;978, TROUBIRAN (CHEMIN D;G;0.0;0.0;973
51945;201500057722;15;8;22;1450;1;1;1;1;6;302;01, ZONE COLLERY I OU II;G;490375.0;5233118.0;973
51946;201500057724;15;2;20;1335;1;2;1;2;4;302;1, BRUTUS (CITE);G;0.0;0.0;973
51947;201500057725;15;8;25;1050;1;2;1;1;6;302;ROUTE NATIONALE 1;G;0.0;0.0;973
51948;201500057726;15;8;27;830;1;1;1;1;6;302;2568, MADELEINE (ROUTE D;G;492563.0;5233249.0;973
51949;201500057727;15;8;29;240;5;2;2;1;3;302;FELIX EBOUE(ROCADE);G;492958.0;5231512.0;973
51950;201500057728;15;8;29;1733;1;2;1;1;7;302;74, DE GAULLE (AVENUE);G;;;973
51951;201500057729;15;8;30;1648;1;2;1;1;2;302;11, ESTREES (AVENUE D');G;;;973
51952;201500057730;15;8;31;958;1;1;1;1;6;302;1605, MADELEINE (ROUTE D;G;;;973
51953;201500057731;15;8;31;1145;1;2;1;1;3;302;PK 7.5, ROUTE NATIONALE;G;490379.0;5231664.0;973
51954;201500057732;15;9;1;910;1;1;1;1;3;302;MARINGOUINS (ROND-POINT);G;490711.0;5232525.0;973
51955;201500057733;15;9;1;1740;1;2;1;1;7;302;2066, TIGRE (ROUTE DU);G;492366.0;5233184.0;973
51956;201500057735;15;9;4;1450;1;2;1;1;3;302;2510, MONTABO (ROUTE DE);G;493601.0;5229989.0;973
51957;201500057736;15;9;6;1512;1;2;3;1;3;302;13, LUBIN (SAMUEL);G;494170.0;5232396.0;973
51958;201500057737;15;9;8;1800;1;2;1;1;3;302;05, CABASSOU (ROUTE DE);G;491551.0;5231118.0;973
51959;201500057738;15;9;11;1525;1;1;1;1;6;302;59, FELIX EBOUE (Rue);G;0.0;0.0;973
51960;201500057739;15;9;15;2223;5;2;3;1;7;302;29, HEDER (AVENUE LEOPOL;G;494086.0;5233414.0;973
51961;201500057740;15;9;16;2330;5;2;1;1;6;302;FELIX EBOUE(ROCADE);G;492906.0;5231592.0;973
51962;201500057741;15;9;17;733;1;1;1;1;3;302;471, BADUEL (ROUTE DE);G;456127.0;5218532.0;973
51963;201500057742;15;9;17;1205;1;2;1;1;6;302;2, BASSIERE (LEON) CITE;G;493758.0;5232928.0;973
51964;201500057743;15;9;18;1000;1;2;1;1;3;302;1555, BADUEL (ROUTE DE);G;493150.0;5230659.0;973
51965;201500057744;15;9;20;950;1;2;1;1;6;302;140, COULEE D'OR (CITE);G;494491.0;5231274.0;973
51966;201500057745;15;9;20;1115;1;1;1;1;6;302;55, RABAN (ROUTE DE);G;493572.0;5281931.0;973
51967;201500057746;15;9;20;2215;5;2;2;1;3;302;BADUEL (ROUTE DE);G;493928.0;5231839.0;973
51968;201500057747;15;9;21;1900;5;2;1;1;2;302;1, BRADIN (GONTRAN) CITE;G;493522.0;5231898.0;973
51969;201500057748;15;9;21;1930;5;2;1;1;2;302;CABASSOU (ROUTE DE);G;491922.0;5231759.0;973
51970;201500057749;15;9;23;1245;1;2;1;1;3;302;544, BADUEL (ROUTE DE);G;0.0;0.0;973
51971;201500057750;15;9;24;645;1;2;1;1;6;302;CRIQUE FOUILLEE (ROND PO;G;0.0;0.0;973
51972;201500057751;15;9;25;2345;5;2;1;1;5;302;3707, MONTABO (ROUTE DE);G;493616.0;5229587.0;973
51973;201500057752;15;9;26;1215;1;1;1;1;3;302;1, BADUEL (ROUTE DE);G;493222.0;5231153.0;973
51974;201500057753;15;9;26;1604;1;2;1;1;3;302;32, MANDELA  (BOULEVARD);G;0.0;0.0;973
51975;201500057754;15;9;28;920;1;2;1;1;4;302;2697, BADUEL (ROUTE DE);G;492908.0;5230129.0;973
51976;201500057755;15;9;28;1038;1;2;1;1;3;302;130, BRADIN (GONTRAN) CI;G;493861.0;5231748.0;973
51977;201500057756;15;9;28;1405;1;1;1;1;3;302;2426, MONTABO (ROUTE DE);G;493916.0;5230717.0;973
51978;201500057757;15;9;29;1250;1;2;9;1;6;302;AMUSANT (PAUL);G;493400.0;5232935.0;973
51979;201500057758;15;9;30;1825;2;2;1;1;3;302;959, BADUEL (ROUTE DE);G;493248.0;5231229.0;973
51980;201500057759;15;10;2;636;1;1;1;1;6;302;1155, BADUEL (ROUTE DE);G;0.0;0.0;973
51981;201500057760;15;10;1;1245;1;1;3;1;6;302;2989, MONTABO (ROUTE DE);G;0.0;0.0;973
51982;201500057761;15;9;25;1900;2;2;3;1;3;302;2989, MONTABO (ROUTE DE);G;493548.0;5229509.0;973
51983;201500057762;15;10;3;1400;1;2;1;1;2;302;1696, BADUEL (ROUTE DE);G;0.0;0.0;973
51984;201500057763;15;9;30;1220;1;2;1;1;3;302;432, CATAYEE (JUSTIN);G;492846.0;5232531.0;973
51985;201500057764;15;10;5;1823;1;1;1;1;2;302;MONTABO (ROUTE DE) 1;G;493445.0;5230343.0;973
51986;201500057765;15;10;5;1940;5;2;6;1;3;302;MARINGOUINS (ROND-POINT);G;490805.0;5232129.0;973
51987;201500057767;15;10;7;1315;1;2;1;1;6;302;36, MADELEINE (ROUTE DE;G;;;973
51988;201500057768;15;10;8;1600;1;2;1;1;2;302;1605, MADELEINE (ROUTE D;G;491902.0;5232162.0;973
51989;201500057770;15;10;12;815;1;2;1;1;3;302;MONTABO (ROUTE DE) 2;G;;;973
51990;201500057771;15;10;12;915;1;2;1;1;2;302;32, 14 ET 22 JUIN 1962;G;;;973
51991;201500057772;15;10;13;725;1;2;1;1;6;302;54, TROUBIRAN (CHEMIN DE;G;491831.0;5231688.0;973
51992;201500057773;15;10;13;1307;1;1;1;1;1;302;2738, MONTABO (ROUTE DE);G;0.0;0.0;973
51993;201500057774;15;10;14;900;1;1;1;1;6;302;64, FLAMBOYANTS (RUE DES;G;0.0;0.0;973
51994;201500057775;15;10;15;1625;1;2;1;1;6;302;18/20, DE GAULLE (AVENUE;G;493833.0;5233386.0;973
51995;201500057776;15;10;16;750;1;2;1;1;3;302;06, TROUBIRAN (CHEMIN DE;G;492600.0;5230299.0;973
51996;201500057777;15;10;16;1055;1;2;1;1;6;302;3013, MONTABO (ROUTE DE);G;493537.0;5229472.0;973
51997;201500057778;15;10;16;1935;5;2;1;1;3;302;32, DIGUE RONJON;G;493414.0;5232929.0;973
51998;201500057779;15;10;18;8;5;2;1;1;3;302;MANDELA  (BOULEVARD);G;494406.0;5233229.0;973
51999;201500057780;15;9;22;745;2;1;1;1;2;302;1478, BADUEL (ROUTE DE);G;493247.0;5231235.0;973
52000;201500057781;15;9;9;1000;1;1;3;1;6;302;MARINGOUINS (ROND-POINT);G;490652.0;5231635.0;973
52001;201500057782;15;10;19;1010;1;1;1;1;2;302;MADELEINE (ROUTE DE LA);G;492488.0;5233242.0;973
52002;201500057783;15;10;19;1810;1;2;1;1;2;302;36, EUDOXIE VERIN(RUE);G;;;973
52003;201500057784;15;8;23;2200;5;2;1;1;2;302;TIGRE (ROUTE DU);G;492581.0;5232952.0;973
52004;201500057786;15;8;25;945;1;1;1;1;3;302;MARINGOUINS (ROND-POINT);G;490505.0;5232344.0;973
52005;201500057787;15;10;22;813;1;2;1;1;6;302;1802, MONTABO (ROUTE DE);G;494153.0;5230359.0;973
52006;201500057788;15;10;22;1215;1;2;1;1;3;302;02, PASCALINE (CITE);G;492000.0;5230999.0;973
52007;201500057789;15;10;22;1410;1;2;1;1;1;302;41, CESAIRE (CITE);G;;;973
52008;201500057790;15;10;22;1840;1;2;1;1;2;302;TIGRE (ROUTE DU);G;454560.0;5218403.0;973
52009;201500057791;15;10;23;1520;1;2;1;1;6;302;MADELEINE (ROUTE DE LA);G;0.0;0.0;973
52010;201500057792;15;10;24;855;1;2;1;1;6;302;50, MANDELA  (BOULEVARD);G;494008.0;5232681.0;973
52011;201500057793;15;10;24;1825;2;2;3;1;3;302;MADELEINE (ROUTE DE LA);G;494455.0;5235353.0;973
52012;201500057794;15;10;25;1235;1;2;1;1;2;302;482, CABASSOU (ROUTE DE);G;492067.0;5231921.0;973
52013;201500057795;15;10;26;745;1;2;1;1;3;302;MARINGOUINS (ROND-POINT);G;490728.0;5232009.0;973
52014;201500057796;15;10;25;2130;5;2;3;1;3;302;87, COLOMB (CHRISTOPHE);G;493869.0;5232917.0;973
52015;201500057797;15;10;26;1532;1;2;1;1;3;302;38, BARTHELEMY (RENE);G;493091.0;5233214.0;973
52016;201500057798;15;10;27;1430;1;2;1;1;1;302;2098, CALIMBE(LOTISSEMEN;G;492370.0;5231649.0;973
52017;201500057800;15;10;28;900;1;2;1;1;2;302;0.5, MADELEINE (ROUTE DE;G;491989.0;5232176.0;973
52018;201500057801;15;10;28;1040;1;2;1;1;3;302;0.5, REPUBLIQUE (BD DE L;G;493884.0;5232129.0;973
52019;201500057802;15;10;29;915;1;2;1;1;6;302;MONTABO (ROUTE DE) 1;G;494354.0;5231870.0;973
52020;201500057803;15;10;29;1112;1;2;1;1;3;302;27, LALLOUETTE(RUE);G;494027.0;5233117.0;973
52021;201500057804;15;10;26;1252;1;1;1;1;3;302;46, TIGRE (ROUTE DU);G;492342.0;5232781.0;973
52022;201500057805;15;10;30;1855;5;2;1;1;1;302;COULEE D'OR (CITE);G;493632.0;5230643.0;973
52023;201500057806;15;1;10;640;1;2;1;1;3;302;BADUEL (ROUTE DE);G;0.0;0.0;973
52024;201500057807;15;9;30;2200;3;1;1;1;7;302;MADELEINE (ROUTE DE LA);G;491886.0;5232167.0;973
52025;201500057808;15;10;30;1320;1;2;1;1;3;302;778, MONTABO (ROUTE DE);G;;;973
52026;201500057809;15;11;2;1848;5;2;3;1;3;302;1203, RABAN (ROUTE DE);G;492802.0;5231395.0;973
52027;201500057810;15;11;5;640;1;2;1;1;3;302;2059, MADELEINE (ROUTE D;G;;;973
52028;201500057811;15;11;5;1135;1;2;1;1;3;302;2788, MADELEINE (ROUTE D;G;;;973
52029;201500057812;15;11;5;1800;1;1;1;1;3;302;BADUEL (ROND POINT DE);G;0.0;0.0;973
52030;201500057813;15;1;10;1420;1;1;1;1;6;302;1, MONTABO (ROUTE DE) 1;G;0.0;0.0;973
52031;201500057814;15;11;8;2336;5;2;2;1;3;302;FELIX EBOUE(ROCADE);G;492958.0;5231509.0;973
52032;201500057816;15;11;9;1745;1;2;1;1;3;302;700, BADUEL (ROUTE DE);G;493564.0;5231325.0;973
52033;201500057817;15;11;9;1725;1;2;1;1;3;302;328, CABASSOU (ROUTE DE);G;491891.0;5231672.0;973
52034;201500057818;15;11;10;1900;2;1;3;1;3;302;1, SAINT MARTIN (RESIDEN;G;0.0;0.0;973
52035;201500057819;15;11;12;1736;1;2;1;1;3;302;150, MONTABO (ROUTE DE);G;492428.0;5230618.0;973
52036;201500057820;15;11;12;810;1;2;1;1;6;302;MARINGOUINS (ROND-POINT);G;0.0;0.0;973
52037;201500057821;15;11;14;1345;1;2;1;1;3;302;BADUEL (ROUTE DE);G;493928.0;5231835.0;973
52038;201500057823;15;11;16;1650;1;1;1;1;3;302;1, COLLERY (ZONE INDUSTR;G;0.0;0.0;973
52039;201500057824;15;11;17;1830;1;1;1;1;3;302;959, BADUEL (ROUTE DE);G;0.0;0.0;973
52040;201500057825;15;11;18;1130;1;1;1;1;3;302;13, TIGRE (ROUTE DU);G;0.0;0.0;973
52041;201500057826;15;11;22;1725;1;2;1;1;6;302;ZEPHIR (ROCADE);G;494263.0;5231296.0;973
52042;201500057827;15;11;23;1210;1;2;1;1;2;302;3119, MONTABO (ROUTE DE);G;;;973
52043;201500057828;15;11;26;15;5;2;1;1;6;302;1296, MADELEINE (ROUTE D;G;492524.0;5232538.0;973
52044;201500057829;15;11;26;1437;1;2;1;1;3;302;16, CABASSOU (ROUTE DE);G;491852.0;5231554.0;973
52045;201500057830;15;11;26;2016;5;1;1;1;2;302;11, TROUBIRAN (CHEMIN DE;G;455475.0;5218147.0;973
52046;201500057831;15;11;28;1840;2;1;1;1;3;302;317, RABAN (ROUTE DE);G;493376.0;5232352.0;973
52047;201500057832;15;12;2;1530;1;2;1;1;2;302;MADELEINE (ROUTE DE LA);G;492395.0;5232377.0;973
52048;201500057833;15;12;2;1824;2;2;1;1;5;302;CABASSOU (ROUTE DE);G;491924.0;5231924.0;973
52049;201500057834;15;12;4;730;1;2;1;1;2;302;MARINGOUINS (ROND-POINT);G;0.0;0.0;973
52050;201500057835;15;12;5;800;1;2;1;1;6;302;31 bis, ESTREES (AVENUE;G;494077.0;5232361.0;973
52051;201500057836;15;12;5;1325;1;2;1;1;1;302;2371, BADUEL (ROUTE DE);G;492892.0;5229989.0;973
52052;201500057837;15;12;5;1702;1;2;1;1;1;302;TIGRE (ROUTE DU);G;491766.0;5233199.0;973
52053;201500057838;15;12;7;955;1;2;1;1;6;302;45, ARAGO (FRANCOIS);G;494136.0;5234296.0;973
52054;201500057839;15;12;7;1500;1;2;1;1;6;302;, N'ZILA (CITE);G;493617.0;5232476.0;973
52055;201500057840;15;12;7;1615;1;2;1;1;3;302;BADUEL (ROUTE DE);G;493681.0;5232416.0;973