;Num_Acc;an;mois;jour;hrmn;lum;agg;int;atm;col;com;adr;gps;lat;long;dep
52303;201500058108;15;2;7;1255;1;1;1;2;7;409;RN2 SENS STE SUZANNE ST;R;2094294.0;5564835.0;974
52304;201500058109;15;6;23;640;2;2;1;1;6;409;100, PENTE SASSY (chemin;R;2096521.0;5565923.0;974
52305;201500058114;15;2;10;2030;3;1;3;1;3;409;00, DU CENTRE(CHEMIN);R;2094817.0;5565743.0;974
52306;201500058115;15;8;15;1350;1;2;3;1;3;409;MASCAREIGNES (Avenue des;R;2094024.0;5564719.0;974
52307;201500058116;15;10;1;830;1;2;1;1;6;409;66, DU STADE(RUE);R;2095622.0;5564875.0;974
52308;201500058117;15;2;16;1720;1;1;1;1;7;409;00, DE LA COMMUNAUTE(RUE;R;0.0;0.0;974
52309;201500058118;15;10;7;720;1;2;1;1;3;409;837, ROCADE SUD(RUE);R;0.0;0.0;974
52310;201500058119;15;2;20;1600;1;1;3;1;2;409;00, ILE DE FRANCE(AVENUE;R;2095475.0;5564918.0;974
52311;201500058120;15;10;10;2020;3;2;1;1;1;409;130, LEBON(RUE);R;2096584.0;5565020.0;974
52312;201500058122;15;10;18;1050;1;2;2;1;3;409;ROCADE SUD(RUE);R;2097267.0;5565182.0;974
52313;201500058123;15;2;28;920;1;2;1;1;7;409;DE LA REPUBLIQUE(AVENUE);R;2096181.0;5565269.0;974
52314;201500058124;15;3;18;2110;3;1;1;3;7;409;RN2 SENS STE SUZANNE ST;R;2095142.0;5565543.0;974
52315;201500058125;15;3;26;805;1;1;1;1;2;409;750, DE LA GARE(RUE);R;2096122.0;5565611.0;974
52316;201500058126;15;10;30;2010;5;2;4;4;1;409;0131 BEL OMBRE (chemin);R;2093400.0;5565971.0;974
52317;201500058127;15;3;28;1335;1;1;1;1;7;409;234, PENTE SASSY (chemin;R;2096546.0;5565881.0;974
52318;201500058128;15;11;6;1030;1;1;2;8;3;409;00, RES DES LONGANIS;R;2097290.0;5565689.0;974
52319;201500058129;15;11;13;1030;1;2;1;1;6;409;49, MELODIUM(RUE);R;2095916.0;5565240.0;974
52320;201500058130;15;8;30;1340;1;2;1;1;2;409;RN2 SENS ST BENOIT ST DE;R;2096188.0;5565753.0;974
52321;201500058131;15;11;28;1920;1;1;1;1;6;409;125, DU CENTRE(CHEMIN);R;2094048.0;5564815.0;974
52322;201500058132;15;12;16;1245;1;2;4;4;6;409;016AGENOR (chemin);R;2094812.0;5568463.0;974
52323;201500058134;15;1;16;1330;1;2;1;1;7;409;690 rue des longanis;R;2093858.0;5529672.0;974
52324;201500058135;15;1;2;1545;1;2;1;1;3;411;CAMELIAS (RUE DES);R;2089452.0;5546283.0;974
52325;201500058136;15;12;25;605;2;2;1;1;6;411;62, CHAUDRON  (BLD 1 DU);R;2089712.0;5549632.0;974
52326;201500058137;15;1;5;825;1;1;1;1;5;411;LITTORAL (ROUTE 1 DU);R;2087604.0;5544408.0;974
52327;201500058138;15;4;8;1357;1;1;4;1;3;411;TOPAZES(ALLEE DES);R;2090299.0;5544288.0;974
52328;201500058139;15;4;10;40;5;2;2;1;3;411;00, MAC AULIFFE (RUE VIC;R;2087710.0;5545372.0;974
52329;201500058140;15;1;10;1700;1;2;6;2;7;411;RIVIERE DES PLUIES (ROUT;R;0.0;0.0;974
52330;201500058141;15;4;11;1015;1;2;2;1;3;411;73, GAULLE (DU GENERAL D;R;2088561.0;5545421.0;974
52331;201500058142;15;4;12;2010;5;2;1;1;6;411;LORY LES HAUTS (RUE);R;2089496.0;5548172.0;974
52332;201500058143;15;1;19;310;5;1;1;2;7;411;VINH-SAN (BLD 4 DU PRINC;R;0.0;0.0;974
52333;201500058144;15;4;18;1030;1;2;1;2;6;411;131 TERS, ANANAS (ROUTE;R;2091736.0;5547797.0;974
52334;201500058145;15;4;18;1130;1;2;1;8;6;411;16, BRASSENS (AVENUE GEO;R;2090284.0;5548111.0;974
52335;201500058147;15;1;30;620;1;2;1;1;3;411;01, RAMBAUD (LEOPOLD);R;2088564.0;5547159.0;974
52336;201500058148;15;5;6;1845;5;2;4;1;4;411;CHAUDRON  (BLD 1 DU);R;2089870.0;5549648.0;974
52337;201500058149;15;1;30;855;1;2;2;1;3;411;PARIS (RUE DE);R;2088214.0;5544979.0;974
52338;201500058150;15;5;8;1130;1;1;1;1;2;411;JAURES (BLD 1 JEAN);R;2088977.0;5546137.0;974
52339;201500058151;15;2;1;2125;5;2;1;1;7;411;LANCASTEL (BOULEVARD);R;0.0;0.0;974
52340;201500058153;15;5;11;1846;4;2;1;1;6;411;JAURES (BLD 1 JEAN);R;2088995.0;5546183.0;974
52341;201500058154;15;2;12;300;5;2;1;2;6;411;LANCASTEL (BOULEVARD);R;2088301.0;5546478.0;974
52342;201500058155;15;5;14;1820;5;2;9;9;6;411;31, HOARAU (RUE MARCEL);R;2090193.0;5549214.0;974
52343;201500058156;15;2;12;2315;5;2;1;1;1;411;TOPAZES(ALLEE DES);R;2089504.0;5544211.0;974
52344;201500058157;15;4;3;830;1;2;1;1;3;411;MACE (ROUTE GABRIEL);R;2092303.0;5549483.0;974
52345;201500058158;15;2;15;1630;1;2;2;1;6;411;JACOB;R;0.0;0.0;974
52346;201500058159;15;5;26;1120;1;2;2;1;3;411;175, CHATEL (JEAN);R;2088357.0;5545168.0;974
52347;201500058160;15;5;20;1922;3;2;1;1;3;411;2, DIGUE (ROUTE);R;2088788.0;5547212.0;974
52348;201500058161;15;5;30;2200;5;2;2;1;3;411;5, VICTOIRE (AVENUE DE L;R;2087484.0;5544714.0;974
52349;201500058162;15;2;21;120;3;2;1;1;3;411;LECLERC (DU MARECHAL);R;2088041.0;5545738.0;974
52350;201500058163;15;5;31;2340;5;1;1;6;6;411;VINH-SAN (BLD 1 DU PRINC;R;0.0;0.0;974
52351;201500058164;15;2;24;1715;1;2;1;1;6;411;CHATELAN (FRANCOIS);R;2089452.0;5548759.0;974
52352;201500058165;15;5;31;2015;5;2;1;1;6;411;JAURES (BLD 1 JEAN);R;2088935.0;5545102.0;974
52353;201500058167;15;3;7;1030;1;2;1;1;6;411;1, LYCEE (RUE DU);R;2090829.0;5548492.0;974
52354;201500058168;15;6;6;1330;1;1;1;1;6;411;BOIS DE CAMPHRE (CHEMIN;R;2092747.0;5547799.0;974
52355;201500058169;15;3;13;2205;5;2;1;1;1;411;LECONTE DE LISLE (AVENUE;R;2089370.0;5548563.0;974
52356;201500058170;15;6;10;2020;3;2;1;1;6;411;CHAUDRON (BLD 2 DU);R;2089456.0;5549374.0;974
52357;201500058171;15;3;14;1635;1;2;1;1;6;411;SOURCE (RUE DE LA);R;0.0;0.0;974
52358;201500058172;15;3;20;2215;5;2;2;1;1;411;LECLERC (DU MARECHAL);R;;;974
52359;201500058173;15;6;16;1650;1;2;1;1;3;411;BOIS DE NEFLES (ROUTE DE;R;2089841.0;5547524.0;974
52360;201500058174;15;6;4;2155;5;2;1;1;3;411;216, JAURES (BLD 1 JEAN);R;;;974
52361;201500058175;15;6;28;1820;1;2;3;1;3;411;BERTHO (RUE JEAN);R;2089224.0;5548837.0;974
52362;201500058176;15;7;1;1223;1;2;1;1;2;411;RN2/043;R;0.0;0.0;974
52363;201500058177;15;7;10;550;5;2;1;1;3;411;38 TER, GIBERT DES MOLIE;R;2088888.0;5544532.0;974
52364;201500058178;15;4;4;52;5;2;1;1;2;411;1, LANCASTEL (BOULEVARD);R;2088227.0;5546374.0;974
52365;201500058179;15;7;28;1500;1;2;1;1;1;411;SCHOELCHER (RUE VICTOR);R;2089853.0;5549824.0;974
52366;201500058180;15;7;21;2000;5;2;1;1;4;411;39, HOARAU (RUE MARCEL);R;2089928.0;5549184.0;974
52367;201500058181;15;8;4;905;1;2;1;1;6;411;MONTHYON (RUE);R;0.0;0.0;974
52368;201500058182;15;8;1;1120;1;2;3;1;3;411;BANCOUL (CHEMIN);R;2090930.0;5548027.0;974
52369;201500058184;15;8;9;905;1;2;1;1;6;411;35, TOPAZES(ALLEE DES);R;2089134.0;5544542.0;974
52370;201500058185;15;8;10;1350;1;2;1;1;6;411;JAURES (BOULEVARD JEAN);R;2090085.0;5548778.0;974
52371;201500058186;15;7;30;1645;1;2;1;1;7;411;MONDON (RUE MONSEIGNEUR);R;2089265.0;5546072.0;974
52372;201500058187;15;8;16;1340;1;2;1;1;6;411;JAURES (BOULEVARD JEAN);R;2088863.0;5544908.0;974
52373;201500058189;15;8;24;815;1;2;2;1;3;411;MAGNAN (RUELLE);R;2088673.0;5546783.0;974
52374;201500058190;15;9;1;1027;1;2;2;1;6;411;MONTREUIL (RUE);R;2088254.0;5545751.0;974
52375;201500058191;15;9;4;1330;1;2;2;1;7;411;JAURES (BLD 1 JEAN);R;2088989.0;5545297.0;974
52376;201500058192;15;9;23;1100;1;1;3;1;6;411;AUBERT (RUE PIERRE);R;2089182.0;5549549.0;974
52377;201500058194;15;9;28;1015;1;2;1;1;6;411;BOSQUET (RUE DU);R;2090574.0;5548391.0;974
52378;201500058195;15;10;4;715;1;1;1;1;6;411;LITTORAL (ROUTE 2 DU);R;0.0;0.0;974
52379;201500058197;15;10;4;730;1;1;1;1;4;411;LITTORAL (ROUTE 2 DU);R;0.0;0.0;974
52380;201500058199;15;10;11;2025;5;2;2;1;3;411;OLIVIER (RUE JULES);R;2087980.0;5545450.0;974
52381;201500058200;15;10;14;1930;5;2;2;1;3;411;JAURES (BOULEVARD JEAN);R;2088866.0;5544886.0;974
52382;201500058202;15;10;23;1910;5;2;1;1;6;411;OCEAN (BOULEVARD DE L');R;2088110.0;5545717.0;974
52383;201500058203;15;11;19;1525;1;2;3;1;3;411;REPUBLIQUE (RUE DE LA);R;2087812.0;5544576.0;974
52384;201500058204;15;11;28;1140;1;2;1;1;6;411;JAURES (BOULEVARD JEAN);R;0.0;5547083.0;974
52385;201500058205;15;11;26;2345;3;2;1;1;6;411;36, FURCREAS (CHEMIN DES;R;2090360.0;5540720.0;974
52386;201500058206;15;12;2;945;1;2;2;1;6;411;RUISSEAU DES NOIRS (RUE);R;2089147.0;5545277.0;974
52387;201500058207;15;12;11;2020;3;1;1;1;1;411;ANANAS (ROUTE DES);R;2091687.0;5547804.0;974
52388;201500058208;15;12;5;210;5;2;2;1;3;411;CHATEL (JEAN);R;0.0;0.0;974
52389;201500058210;15;12;14;1455;1;2;3;2;3;411;RIVIERE DES PLUIES (ROUT;R;2090235.0;5550283.0;974
52390;201500058211;15;1;1;200;3;1;1;1;7;416;SANS, ENTRE DEUX (CHEMIN;R;0.0;0.0;974
52391;201500058212;15;11;30;740;1;2;2;1;3;416;EGLISE  (RUE DE L');R;2128772.0;5547117.0;974
52392;201500058213;15;4;1;1730;1;2;1;1;6;416;VIGOUREUX(RUE VICTOR LE);R;0.0;5528235.0;974
52393;201500058214;15;1;2;1810;2;1;1;1;7;416;RN1 (ROUTE NATIONALE);R;0.0;0.0;974
52394;201500058215;15;4;2;810;1;2;1;1;6;416;5, LEBLOND 1 (RUE MARIUS;R;2133904.0;5547936.0;974
52395;201500058216;15;1;5;830;1;2;1;1;4;416;SANS, ARTISANS (ALLEE DE;R;2132029.0;5547606.0;974
52396;201500058217;15;4;3;1525;1;2;1;1;1;416;LIGNE DES BAMBOUS(ROUTE);R;2130190.0;5549336.0;974
52397;201500058218;15;1;7;1455;1;2;2;1;7;416;SANS, LE VIGOUREUX (RUE;R;2133780.0;5547496.0;974
52398;201500058219;15;4;8;830;1;1;1;1;2;416;RN1;R;0.0;0.0;974
52399;201500058220;15;1;13;2141;3;1;1;1;7;416;RN3 (1);R;0.0;0.0;974
52400;201500058221;15;4;9;2015;5;2;3;1;3;416;37, PERE MAITRE(RUE DU);R;2128536.0;5546845.0;974
52401;201500058222;15;1;16;1130;5;2;1;1;7;416;SANS, MITTERAND (AVENUE;R;2134707.0;5549091.0;974
52402;201500058223;15;11;10;1715;1;1;1;1;6;416;260, ANTOINE PICARD(CHEM;R;2119000.0;5531999.0;974
52403;201500058224;15;4;9;2020;4;2;1;1;1;416;73, PIOR (RUE HYPOLITTE);R;2129730.0;5545118.0;974
52404;201500058225;15;1;16;1230;1;1;1;1;1;416;274, KM3 (CHEMIN);R;0.0;0.0;974
52405;201500058226;15;4;10;1624;1;2;1;1;6;416;25, RECHERCHANT (RUE ADR;R;2128326.0;5547711.0;974
52406;201500058227;15;1;17;950;1;2;3;1;3;416;SANS, CHEMINEE (ALLEE  D;R;2132576.0;5547692.0;974
52407;201500058228;15;11;29;1820;2;2;2;1;3;416;100, FOUR A CHAUX 2 (RUE;R;2134071.0;5546908.0;974
52408;201500058229;15;4;10;1740;1;1;1;1;3;416;ANCIENNE RN2;R;2133554.0;5548781.0;974
52409;201500058231;15;4;12;1535;1;2;1;1;3;416;, D28 LIGNE DES BAMBOUS;R;0.0;0.0;974
52410;201500058232;15;1;20;745;1;2;1;1;3;416;SANS, DE LA ZONE(ALLEE);R;2131826.0;5547331.0;974
52411;201500058233;15;4;12;1855;2;2;1;1;6;416;6, CHEMINEE (ALLEE  DE L;R;2132511.0;5547605.0;974
52412;201500058234;15;1;23;2330;3;1;1;1;1;416;SANS, KM3 (CHEMIN);R;0.0;0.0;974
52413;201500058235;15;4;14;1710;1;2;1;1;6;416;54, LIGNE PARADIS(ROUTE;R;2131324.0;5547544.0;974
52414;201500058236;15;1;25;1940;5;2;2;1;3;416;SANS, FOUR A CHAUX 1 (RU;R;2134173.0;5547244.0;974
52415;201500058237;15;4;16;100;3;1;1;1;2;416;ANCIENNE RN2 (2);R;2135466.0;5551403.0;974
52416;201500058238;15;1;30;2155;5;2;1;1;7;416;204, GENERAL DE GAULLE(A;R;2129251.0;5546988.0;974
52417;201500058239;15;11;26;50;5;2;2;1;3;416;LEBLOND 1 (RUE MARIUS ET;R;2133810.0;5547609.0;974
52418;201500058240;15;4;16;800;2;2;3;1;3;416;10, MAURICE THOREZ(CH);R;2127690.0;5547026.0;974
52419;201500058241;15;11;28;455;2;1;1;1;2;416;RN3 (1);R;;;974
52420;201500058242;15;1;31;1410;1;1;1;1;3;416;RN1 (ROUTE NATIONALE);R;0.0;0.0;974
52421;201500058243;15;4;16;1125;1;1;1;1;7;416;RN1 (ROUTE NATIONALE);R;2135466.0;5551403.0;974
52422;201500058244;15;11;20;1305;1;1;1;1;3;416;RN2 (1);R;2120591.0;5530139.0;974
52423;201500058245;15;2;1;410;3;1;1;1;7;416;ANCIENNE RN 1;R;0.0;0.0;974
52424;201500058246;15;4;18;1726;1;2;1;1;6;416;30, FOUR A CHAUX 2 (RUE;R;2134249.0;5547532.0;974
52425;201500058247;15;11;8;2255;3;1;1;1;7;416;141, BASSIN PLAT(CHEMIN);R;2134109.0;5551273.0;974
52426;201500058248;15;2;2;35;5;2;1;1;7;416;33, DELISLES (ROUTE HUBE;R;2134355.0;5547089.0;974
52427;201500058249;15;4;19;2140;3;2;1;1;1;416;ANCIENNE RN2;R;2133309.0;5548228.0;974
52428;201500058250;15;2;2;635;2;2;1;1;2;416;SANS, GENERAL DE GAULLE;R;0.0;0.0;974
52429;201500058251;15;4;21;805;1;2;1;1;3;416;ANCIENNE RN2;R;0.0;5529038.0;974
52430;201500058252;15;2;6;2150;3;1;2;1;1;416;SANS, BOEUF (CHEMIN) (1);R;2129430.0;5546026.0;974
52431;201500058253;15;4;21;800;1;2;1;1;1;416;ARCHAMBAUD (RUE);R;0.0;5528572.0;974
52432;201500058255;15;2;7;630;2;1;1;1;7;416;RN3 (3);R;2133117.0;5545609.0;974
52433;201500058256;15;4;22;1210;1;1;1;1;3;416;BASSIN PLAT(CHEMIN);R;2132465.0;5544716.0;974
52434;201500058258;15;2;8;340;3;1;1;1;7;416;RN1;R;0.0;0.0;974
52435;201500058259;15;4;22;1410;1;2;3;1;3;416;CROIX DE JUBILE (CHEMIN;R;2134323.0;5548673.0;974
52436;201500058260;15;9;24;1110;1;2;1;1;6;416;10, BANK (BOULEVARD);R;0.0;5528296.0;974
52437;201500058261;15;2;8;2347;3;1;1;1;7;416;RN3 (1);R;0.0;0.0;974
52438;201500058262;15;4;22;1900;3;1;1;1;2;416;RN1;R;0.0;0.0;974
52439;201500058263;15;9;26;315;3;1;1;1;1;416;RN1 (ROUTE NATIONALE);R;0.0;0.0;974
52440;201500058264;15;2;9;1150;1;2;3;1;6;416;SANS, SAINT EXPEDIT(RUE);R;2134557.0;5548367.0;974
52441;201500058265;15;4;23;805;1;2;1;1;2;416;AUGUSTIN ARCHAMBAUD(RUE);R;2132419.0;5548673.0;974
52442;201500058267;15;2;9;1945;5;2;1;1;7;416;76, HIPPOLYTE  PIOT (RUE;R;2129739.0;5545206.0;974
52443;201500058268;15;5;7;1900;2;1;1;1;4;416;RN1(BRETELLE ACCES);R;2132803.0;5545193.0;974
52444;201500058269;15;11;9;1722;1;1;1;1;3;416;81, ENTRE DEUX (CHEMIN);R;2129697.0;5544049.0;974
52445;201500058270;15;2;12;825;2;1;1;1;2;416;9, BENARD (CHEMIN ANACLE;R;2128944.0;5547834.0;974
52446;201500058271;15;5;7;1810;2;1;1;1;4;416;RN3 (3);R;0.0;5529242.0;974
52447;201500058272;15;2;12;855;1;1;1;1;2;416;SANS, TROIS MARRE (CHEMI;R;2129618.0;5544764.0;974
52448;201500058273;15;5;16;2155;3;1;1;1;2;405;RN2 (1);R;0.0;0.0;974
52449;201500058274;15;2;12;1215;1;1;3;1;3;416;SANS, DIAGONAL (CHEMIN);R;2129593.0;5547191.0;974
52450;201500058275;15;5;8;155;5;2;3;1;3;416;10, MAHY (RUE FRANCOIS D;R;2133811.0;5547609.0;974
52451;201500058276;15;11;10;1800;2;2;1;1;7;416;1, ALBANY (RUE JEAN);R;2133865.0;5546510.0;974
52452;201500058277;15;2;12;1340;1;2;1;1;7;416;SANS, GENERAL DE GAULLE;R;0.0;0.0;974
52453;201500058278;15;5;9;1817;2;1;1;2;2;416;RN3 (1);R;2133055.0;5546861.0;974
52454;201500058279;15;12;20;1640;1;2;1;1;6;416;40, GENERAL DE GAULLE(AV;R;2135381.0;5551227.0;974
52455;201500058280;15;2;13;1640;1;2;1;1;2;416;SANS, PRESIDENT MITTERAN;R;0.0;0.0;974
52456;201500058282;15;12;10;215;5;2;2;1;3;416;49, ISAUTIER (RUE FRANCO;R;2133745.0;5547383.0;974
52457;201500058283;15;2;17;1345;1;2;1;1;7;416;SANS, DAMBREVILLE (RUE);R;0.0;0.0;974
52458;201500058285;15;2;17;2349;3;1;1;1;7;416;RN3 (1);R;0.0;0.0;974
52459;201500058286;15;5;13;1620;1;2;1;1;2;416;30, L'ENTRE DEUX(ROUTE D;R;2129601.0;5544407.0;974
52460;201500058287;15;2;18;1925;3;2;2;1;1;416;SANS, COLARDEAU (CHEMIN;R;0.0;0.0;974
52461;201500058288;15;5;15;1840;1;1;1;1;3;416;40, OCEANITES (AVENUE DE;R;2132753.0;5547061.0;974
52462;201500058289;15;11;9;50;3;1;1;1;6;416;RN3 (3);R;0.0;5529509.0;974
52463;201500058290;15;2;20;1210;1;1;1;1;2;416;RN2 (1);R;0.0;0.0;974
52464;201500058291;15;5;16;1445;1;2;1;1;1;416;26, ROLLAND GARROS (CHEM;R;2133700.0;5551833.0;974
52465;201500058292;15;12;11;1940;5;2;1;1;6;416;12, JEAN XXIII (RUE);R;2134181.0;5548201.0;974
52466;201500058293;15;2;20;1616;1;2;3;1;7;416;SANS, BABET (RUE AUGUSTE;R;0.0;0.0;974
52467;201500058294;15;5;18;620;2;1;1;1;1;416;65, STEPHANE (CHEMIN);R;2126340.0;5548394.0;974
52468;201500058295;15;2;23;1810;2;2;1;1;2;416;RN3 (2);R;0.0;0.0;974
52469;201500058296;15;5;20;1725;1;2;1;1;6;416;70, LEBLOND 1 (RUE MARIU;R;2133510.0;5546491.0;974
52470;201500058297;15;2;23;2020;5;2;1;1;1;416;SANS, CHATEAU D'EAU (CHE;R;0.0;0.0;974
52471;201500058298;15;5;21;1300;1;2;3;1;3;416;30, JOSEPH HUBERT(RUE);R;2133236.0;5547362.0;974
52472;201500058299;15;2;24;1615;1;1;1;1;3;416;SANS, DE LA ZONE(ALLEE);R;0.0;0.0;974
52473;201500058300;15;5;22;1530;1;2;3;1;3;416;46, ARCHAMBAUD (RUE);R;2133030.0;5547947.0;974
52474;201500058301;15;2;25;30;5;2;2;1;3;416;SANS, FOUR A CHAUX 1 (RU;R;0.0;0.0;974
52475;201500058302;15;5;22;1643;1;2;3;1;6;416;22, FOUR A CHAUX(RUE DU);R;2134099.0;5547025.0;974
52476;201500058303;15;2;27;810;1;1;1;1;4;416;RN3 (1);R;0.0;0.0;974
52477;201500058304;15;5;22;2200;3;1;3;1;1;416;ANCIENNE RN 1;R;0.0;5526295.0;974
52478;201500058305;15;2;28;135;3;1;1;1;1;416;37, BADAMIER (CHEMIN);R;0.0;0.0;974
52479;201500058307;15;3;3;830;1;2;1;1;7;416;SANS, LIGNE PARADIS(ROUT;R;0.0;0.0;974
52480;201500058308;15;5;30;1425;1;2;3;1;3;416;30, SAUVEUR (CHEMIN SAIN;R;2128919.0;5550744.0;974
52481;201500058309;15;3;6;1415;1;2;1;1;3;416;SANS, BANK (BOULEVARD);R;2133146.0;5547742.0;974
52482;201500058310;15;6;1;915;1;1;1;1;3;416;RN3 (2);R;2132244.0;5548711.0;974
52483;201500058311;15;6;1;1945;2;2;3;1;1;416;45, SALETTE (CHEMIN DE L;R;2132950.0;5547399.0;974
52484;201500058312;15;3;11;2255;5;2;1;1;7;416;RN1;R;0.0;0.0;974
52485;201500058313;15;6;2;1330;1;2;1;1;6;416;50, HIPPOLYTE  PIOT (RUE;R;2129910.0;5545455.0;974
52486;201500058314;15;3;13;840;1;1;1;1;7;416;404, STEPHANE (CHEMIN);R;2128170.0;5548063.0;974
52487;201500058315;15;6;3;808;1;2;1;1;2;416;70, PRESIDENT MITTERAND(;R;2134439.0;5548330.0;974
52488;201500058316;15;3;13;2017;3;1;1;1;5;416;536, STEPHANE (CHEMIN);R;0.0;0.0;974
52489;201500058317;15;6;5;1850;2;1;1;1;2;416;RN3 (2);R;2131256.0;5549522.0;974
52490;201500058318;15;3;15;610;2;2;1;1;7;416;SANS, LORION (RUE LUC);R;2133413.0;5547118.0;974
52491;201500058319;15;6;7;1830;2;1;1;1;6;416;RN1;R;0.0;5527302.0;974
52492;201500058320;15;3;17;1215;1;2;3;1;1;416;SANS, ISAUTIER (AVENUE C;R;2131486.0;5545469.0;974
52493;201500058321;15;6;11;1500;1;2;1;1;6;416;45, CONCESSION CONDE(CHE;R;2129916.0;5549664.0;974
52494;201500058322;15;6;14;130;3;1;1;1;6;416;50, ENTRE DEUX (CHEMIN);R;2129634.0;5544138.0;974
52495;201500058323;15;3;18;1735;1;2;2;1;7;416;SANS, PRESBYTERE (RUE DU;R;2133504.0;5547345.0;974
52496;201500058324;15;3;19;1015;1;1;1;1;1;416;480, BOISSY(CHEMIN);R;2131127.0;5553928.0;974
52497;201500058325;15;6;16;1625;1;1;1;1;4;416;RN1 (ROUTE NATIONALE);R;2129405.0;5541501.0;974
52498;201500058326;15;6;18;1040;1;2;1;1;6;416;14, SCHOELCHER (RUE VICT;R;2133230.0;5547559.0;974
52499;201500058327;15;3;21;1245;1;1;1;1;7;416;RN3 (1);R;0.0;0.0;974
52500;201500058328;15;3;22;51;3;2;1;1;6;416;151, BADAMIER (CHEMIN);R;2130340.0;5546019.0;974
52501;201500058329;15;6;20;2240;3;1;1;1;6;416;ANCIENNE RN 1;R;2130580.0;5542754.0;974
52502;201500058331;15;3;22;1800;2;2;1;1;3;416;SANS, DE LA SALETTE(CHEM;R;0.0;0.0;974
52503;201500058332;15;3;27;540;5;2;1;1;7;416;5, HOARAU (RUE PIERRE RA;R;0.0;0.0;974
52504;201500058333;15;6;24;815;1;2;1;1;6;416;20, VILRIS(CHEMIN);R;2129811.0;5545128.0;974
52505;201500058334;15;6;26;420;3;1;1;1;6;416;RN1(BRETELLE ACCES);R;2130501.0;5542897.0;974
52506;201500058335;15;3;27;815;2;2;1;1;4;416;SANS, BABET (RUE A);R;0.0;0.0;974
52507;201500058336;15;3;28;1655;1;2;1;1;2;416;SANS, LEGROS (CHEMIN PAU;R;0.0;0.0;974
52508;201500058337;15;6;26;1335;1;1;1;1;6;416;RN3 (2);R;0.0;5529551.0;974
52509;201500058338;15;3;29;600;2;1;1;1;7;416;SANS, ENTRE DEUX (CHEMIN;R;0.0;0.0;974
52510;201500058339;15;7;1;1855;2;2;3;1;3;416;20, PAUL LEGROS(CHEMIN);R;2128921.0;5537510.0;974
52511;201500058340;15;3;29;1450;1;2;1;1;3;416;SANS, DELISLES (ROUTE HU;R;0.0;0.0;974
52512;201500058341;15;7;5;1625;1;2;3;1;6;416;30, ARAGOT (CHEMIN ANTOI;R;2132812.0;5547373.0;974
52513;201500058342;15;6;3;1750;2;2;1;1;1;416;11, THEODORE THOMAS(RUE);R;2132466.0;5548227.0;974
52514;201500058343;15;3;29;1740;1;2;1;1;7;416;44 BIS, CONCESSION CONDE;R;0.0;0.0;974
52515;201500058344;15;7;7;2320;3;1;1;1;1;416;RN1 (ROUTE NATIONALE);R;2129882.0;5542086.0;974
52516;201500058345;15;3;30;750;1;2;2;1;7;416;SANS, RECHERCHANT (RUE A;R;2128328.0;5547710.0;974
52517;201500058346;15;7;30;311;3;1;1;1;2;416;RN1 (ROUTE NATIONALE);R;0.0;0.0;974
52518;201500058347;15;3;30;905;1;1;1;1;2;416;RN2 (1);R;0.0;0.0;974
52519;201500058348;15;7;5;2040;2;2;1;1;1;416;30, VERGES (AVENUE LAURE;R;2129836.0;5545733.0;974
52520;201500058349;15;7;6;720;1;2;3;1;3;416;40, BASSIN PLAT(CHEMIN);R;2132719.0;5549361.0;974
52521;201500058350;15;7;7;1715;1;1;1;1;6;416;RN1 (ROUTE NATIONALE);R;2129946.0;5542216.0;974
52522;201500058351;15;7;8;940;1;1;1;1;6;416;RN3 (3);R;0.0;5529528.0;974
52523;201500058352;15;7;9;1450;1;2;3;1;6;416;60, MITTERAND (AVENUE DU;R;2134700.0;5548967.0;974
52524;201500058353;15;7;12;1525;1;2;1;1;6;416;361, GENERAL DE GAULLE(A;R;2136145.0;5553535.0;974
52525;201500058354;15;7;13;1100;1;2;3;1;3;416;2, PRESBYTERE (RUE DU);R;2133700.0;5548013.0;974
52526;201500058355;15;7;13;2355;3;1;1;1;1;416;RN1 (ROUTE NATIONALE);R;2132146.0;5544629.0;974
52527;201500058357;15;7;16;1530;1;2;1;1;6;416;50, HIPPOLYTE  PIOT (RUE;R;2129920.0;5545469.0;974
52528;201500058358;15;7;19;135;3;1;1;1;6;416;RN3 (1);R;;;974
52529;201500058359;15;7;20;1410;1;2;1;1;6;416;131, AMIRAL LACAZE(RUE);R;2134831.0;5548216.0;974
52530;201500058360;15;7;21;1610;1;2;1;1;2;416;80, LIGNE PARADIS(ROUTE;R;2131170.0;5547293.0;974
52531;201500058361;15;7;22;1410;1;2;1;1;3;416;235, GENERAL DE GAULLE(A;R;0.0;5531255.0;974
52532;201500058362;15;7;23;1040;1;2;1;1;2;416;23, HERMANN (RUE JULES);R;2132417.0;5548071.0;974
52533;201500058363;15;7;24;930;1;2;1;1;6;416;25, HIPPOLYTE  PIOT (RUE;R;2129761.0;5545231.0;974
52534;201500058364;15;7;26;915;1;2;1;1;1;416;185, RECHERCHANT(RUE ADR;R;0.0;5529028.0;974
52535;201500058365;15;7;30;1830;1;2;1;1;7;416;, PRESBYTERE(RUE);R;2133446.0;5547159.0;974
52536;201500058366;15;7;31;1850;2;2;1;1;2;416;45, BANK (BOULEVARD);R;2133065.0;5547478.0;974
52537;201500058367;15;8;1;720;1;1;1;1;6;416;RN1(BRETELLE ACCES);R;2133041.0;5545557.0;974
52538;201500058369;15;8;6;945;1;1;1;1;6;416;RN2 (1);R;0.0;0.0;974
52539;201500058370;15;8;9;1930;2;2;1;1;1;416;100, L'ENTRE DEUX(ROUTE;R;0.0;0.0;974
52540;201500058371;15;8;10;1055;1;1;1;1;6;416;RN1(BRETELLE ACCES);R;0.0;5527146.0;974
52541;201500058372;15;8;10;1720;1;2;1;1;1;416;20, VERGES (AVENUE LAURE;R;2129869.0;5545617.0;974