;Num_Acc;an;mois;jour;hrmn;lum;agg;int;atm;col;com;adr;gps;lat;long;dep
52542;201500058373;15;8;12;910;1;1;6;1;2;416;5, CD 26;R;2130398.0;5542909.0;974
52543;201500058374;15;8;12;1640;1;1;1;1;4;416;RN1 (ROUTE NATIONALE);R;2132538.0;5544778.0;974
52544;201500058375;15;8;13;1200;1;2;1;1;3;416;11, ANCIENNE RN 1;R;0.0;5526421.0;974
52545;201500058376;15;8;14;1820;2;2;3;1;3;416;30, RECHERCHANT (RUE ADR;R;0.0;0.0;974
52546;201500058377;15;8;15;910;1;1;1;1;2;416;RN3 (3);R;2130401.0;5549978.0;974
52547;201500058378;15;8;15;1315;1;2;1;1;2;416;35, BASSIN 18 (ALLEE);R;2135261.0;5550707.0;974
52548;201500058379;15;8;16;1112;1;2;3;1;1;416;55, LIGNE PARADIS(ROUTE;R;2131942.0;5548172.0;974
52549;201500058380;15;8;16;1155;1;2;1;1;5;416;364, STEPHANE (CHEMIN);R;2126997.0;5549417.0;974
52550;201500058381;15;8;19;830;1;2;1;1;6;416;59, SAVANE (CHEMIN DE LA;R;2129681.0;5544934.0;974
52551;201500058382;15;8;19;1615;1;1;1;1;4;416;ANCIENNE RN2 (2);R;2132789.0;5547051.0;974
52552;201500058383;15;8;20;1200;1;2;1;1;6;416;28, LEBLOND 1 (RUE MARIU;R;2133839.0;5547722.0;974
52553;201500058384;15;8;24;1310;1;2;1;1;6;416;33, AUBEPINES (CHEMINS D;R;2134151.0;5548475.0;974
52554;201500058385;15;8;25;1639;1;2;1;1;6;416;20, BONS ENFANTS (RUE DE;R;2134079.0;5547738.0;974
52555;201500058387;15;8;31;1405;1;2;1;1;3;416;5, BASSIN PLAT(CHEMIN);R;2132539.0;5549051.0;974
52556;201500058388;15;9;1;1330;1;2;1;1;6;416;144, LENORMAND(CHEMIN);R;2128115.0;5547364.0;974
52557;201500058389;15;9;1;1730;1;1;1;1;4;416;RN3 (2);R;0.0;5529561.0;974
52558;201500058390;15;9;2;1900;2;2;1;1;6;416;202, LEBLOND 1 (RUE MARI;R;2133504.0;5546494.0;974
52559;201500058391;15;9;4;905;1;1;1;1;1;416;RN3 (3);R;0.0;0.0;974
52560;201500058392;15;9;4;1330;1;1;1;1;6;416;RN3 (3);R;0.0;5529202.0;974
52561;201500058393;15;9;9;1530;1;2;1;1;1;416;58, BADAMIER(CHEMIN);R;2130592.0;5545808.0;974
52562;201500058394;15;9;11;27;5;2;1;1;6;416;41, BABET (RUE);R;2133737.0;5547995.0;974
52563;201500058395;15;9;13;1740;1;1;1;1;2;416;RN2 (2);R;0.0;5529038.0;974
52564;201500058396;15;9;16;800;1;2;1;1;3;416;151, AUBEPINES(ALLEE DES;R;2132743.0;5549341.0;974
52565;201500058398;15;9;19;1640;1;2;1;1;6;416;9, CYRIAQUE CADET(CHEMIN;R;2131384.0;5554313.0;974
52566;201500058399;15;9;21;1000;1;2;1;1;6;416;95, LORION(RUE LUC);R;2133273.0;5547164.0;974
52567;201500058400;15;9;22;1720;1;2;1;1;6;416;15, BABET (RUE AUGUSTE);R;2134055.0;5547887.0;974
52568;201500058401;15;9;23;1740;1;2;1;1;6;416;103, RECHERCHANT(RUE ADR;R;2128982.0;5548478.0;974
52569;201500058402;15;9;26;1735;1;2;1;1;6;416;79, LORION(RUE LUC);R;2133492.0;5547089.0;974
52570;201500058403;15;9;27;720;1;2;1;1;6;416;20, BANCOULE (CHEMIN);R;2129479.0;5545192.0;974
52571;201500058404;15;9;27;1410;1;2;1;1;3;416;111, HUBERT DE LISLE(BOU;R;2134358.0;5546788.0;974
52572;201500058405;15;10;1;725;1;1;1;1;2;416;RN3 (2);R;0.0;5529535.0;974
52573;201500058406;15;10;1;1315;1;2;1;1;3;416;8, HUBERT DE LISLE(BOULE;R;2134354.0;5547667.0;974
52574;201500058407;15;10;2;1825;2;1;1;1;4;416;RN2 (1);R;0.0;5529044.0;974
52575;201500058408;15;10;8;5;5;2;1;1;5;416;44, HUBERT DE LISLE(BOUL;R;2134354.0;5547323.0;974
52576;201500058410;15;10;10;200;5;2;1;1;1;416;7, LORION(RUE LUC);R;2134192.0;5546867.0;974
52577;201500058412;15;11;13;610;1;1;1;1;1;416;RN1;R;0.0;5527219.0;974
52578;201500058413;15;11;14;1120;1;1;1;1;5;416;CHARETTE (CHEMIN);R;0.0;0.0;974
52579;201500058414;15;10;11;720;1;1;1;1;2;416;RN1(BRETELLE ACCES);R;0.0;5527164.0;974
52580;201500058415;15;10;11;2100;3;1;1;1;2;416;RN3 (1);R;0.0;5530488.0;974
52581;201500058416;15;10;16;115;3;1;1;1;1;416;RN3 (2);R;0.0;5529543.0;974
52582;201500058418;15;10;16;1150;1;1;1;1;2;416;RN1;R;0.0;5527046.0;974
52583;201500058419;15;10;16;1500;1;2;1;1;2;416;18, PRESIDENT MITTERAND(;R;2134276.0;5548066.0;974
52584;201500058420;15;10;16;1745;2;1;1;1;2;416;RN1 (ROUTE NATIONALE);R;0.0;5527333.0;974
52585;201500058421;15;10;18;2010;3;2;1;1;6;416;34, THOREZ (CHEMIN MAURI;R;2127644.0;5546952.0;974
52586;201500058422;15;10;18;2345;1;1;1;1;1;416;19, ENTRE DEUX (CHEMIN);R;2129670.0;5544079.0;974
52587;201500058423;15;10;20;1200;1;2;1;1;3;416;MAITRE (RUE DU PERE);R;2128437.0;5546690.0;974
52588;201500058424;15;10;22;2125;1;2;1;1;6;416;90, LORION(RUE LUC);R;2133524.0;5547083.0;974
52589;201500058425;15;10;22;2220;3;2;1;1;2;416;10, BADAMIER(CHEMIN);R;2132188.0;5545795.0;974
52590;201500058426;15;10;24;545;5;2;1;1;6;416;113, HUBERT DE LISLE(BOU;R;2134085.0;5546140.0;974
52591;201500058427;15;10;24;2245;3;2;1;1;6;416;18, PASTEUR (RUE);R;2128314.0;5547234.0;974
52592;201500058428;15;10;26;735;1;1;1;1;2;416;RN1 (ROUTE NATIONALE);R;0.0;5527108.0;974
52593;201500058429;15;10;28;2123;3;2;1;1;6;416;859, PICARD (CHEMIN ANTO;R;0.0;5532245.0;974
52594;201500058430;15;10;29;1000;1;2;1;1;6;416;23, BABET (RUE AUGUSTE);R;2133956.0;5547921.0;974
52595;201500058431;15;10;29;1320;1;2;1;1;3;416;40, ENTRE DEUX (CHEMIN);R;2129618.0;5544246.0;974
52596;201500058432;15;10;29;2035;3;2;1;1;6;416;45, THOREZ (CHEMIN MAURI;R;2127627.0;5547026.0;974
52597;201500058433;15;10;30;545;3;2;1;1;6;416;20, RINGUIN (CHEMIN);R;2132706.0;5549854.0;974
52598;201500058434;15;10;30;1840;2;1;1;1;2;416;RN3 (3);R;0.0;0.0;974
52599;201500058435;15;10;31;750;1;2;1;1;5;416;15, JACQUOT(ALLEE);R;2131894.0;5547265.0;974
52600;201500058436;15;11;1;1430;1;2;1;1;6;416;45 BIS, DELISLES (ROUTE;R;2132005.0;5555053.0;974
52601;201500058437;15;11;3;820;1;1;1;1;4;416;RN3 (2);R;0.0;0.0;974
52602;201500058438;15;11;8;1500;1;1;1;1;7;416;CD 26, L'ENTRE DEUX(ROUT;R;0.0;0.0;974
52603;201500058439;15;11;12;2035;3;2;1;1;6;416;10, MAURICE THOREZ(CHEMI;R;0.0;0.0;974
52604;201500058440;15;11;26;1430;1;2;1;1;3;416;15, LEBLOND 2 (RUE MARIU;R;2133864.0;5547789.0;974
52605;201500058441;15;11;13;1820;2;1;4;1;3;416;CD 26, ENTRE DEUX (CHEMI;R;2129479.0;5544652.0;974
52606;201500058442;15;12;2;1720;1;1;1;1;7;416;RN02;R;0.0;5532002.0;974
52607;201500058444;15;12;12;720;1;2;1;1;6;416;87, STADE DE BASSE TERRE;R;2132326.0;5548616.0;974
52608;201500058445;15;12;11;1735;1;2;1;1;3;416;175 TER, ARCHAMBAUD (RUE;R;2132582.0;5548652.0;974
52609;201500058446;15;12;5;2010;3;1;1;1;4;416;RN1 (ROUTE NATIONALE);R;0.0;0.0;974
52610;201500058447;15;12;10;1740;1;1;1;1;4;416;RN3 (2);R;0.0;0.0;974
52611;201500058448;15;10;16;1721;1;1;1;1;2;416;RN1;R;0.0;5526254.0;974
52612;201500058449;15;12;7;755;1;2;1;1;6;416;36, D28 LIGNE DES BAMBOU;R;2129833.0;5548925.0;974
52613;201500058450;15;1;1;816;1;2;6;2;7;611;passamanty-Tanamalaza (r;Y;0.0;0.0;976
52614;201500058451;15;11;12;1219;1;2;1;1;7;611;m'tsapere-Stade (Bouleva;Y;0.0;0.0;976
52615;201500058452;15;1;10;825;1;2;1;2;2;611;kaweni-Kaweni nord ( Z I;Y;0.0;0.0;976
52616;201500058454;15;1;30;707;1;2;3;1;3;611;passamanty-Vahib? ( rout;Y;0.0;0.0;976
52617;201500058455;15;11;24;1010;1;2;1;1;2;611;mamoudzou centre-Hopital;Y;0.0;0.0;976
52618;201500058456;15;1;6;2345;3;1;1;1;7;611;kaweni-Kaweni nord ( Z I;Y;0.0;0.0;976
52619;201500058457;15;11;30;1130;1;2;1;1;3;611;passamanty-Vahibé ( rout;Y;0.0;0.0;976
52620;201500058459;15;12;17;2015;5;2;1;1;6;611;m'tsapere-Stade (Bouleva;Y;0.0;0.0;976
52621;201500058460;15;1;15;1300;1;2;1;1;6;611;kaweni-Kaweni sud  (Z I);Y;0.0;0.0;976
52622;201500058461;15;12;1;1335;1;2;1;1;6;611;m'tsapere-Said Caf (rue;Y;0.0;0.0;976
52623;201500058462;15;1;18;200;3;1;1;1;6;611;kaweni-Kaweni nord ( Z I;Y;0.0;0.0;976
52624;201500058463;15;1;19;910;1;2;6;2;7;611;kaweni-Kaweni sud  (Z I);Y;0.0;0.0;976
52625;201500058466;15;12;7;2045;3;2;1;1;6;611;kaweni-Grande Traverse (;Y;0.0;0.0;976
52626;201500058467;15;1;20;2100;5;2;1;1;7;611;m'tsapere-Nationale 2 (r;Y;0.0;0.0;976
52627;201500058468;15;12;7;740;1;2;1;1;6;611;doujani-Mosque de douja;Y;0.0;0.0;976
52628;201500058469;15;1;19;737;1;1;1;1;7;611;passamanty-Tanamalaza (r;Y;0.0;0.0;976
52629;201500058470;15;12;8;1535;1;2;1;1;6;611;kaweni-SPPM ( rue de la;Y;0.0;0.0;976
52630;201500058471;15;1;22;1709;1;2;1;1;6;611;kaweni-Kaweni nord ( Z I;Y;0.0;0.0;976
52631;201500058472;15;12;9;1820;1;2;1;1;6;611;kaweni-Pendu (Place);Y;0.0;0.0;976
52632;201500058473;15;1;22;1630;1;2;1;1;2;611;mgombani-Baobab ( Bd );Y;0.0;0.0;976
52633;201500058474;15;11;9;1755;2;2;1;1;5;611;kaweni-Kaweni nord ( Z I;Y;0.0;0.0;976
52634;201500058475;15;1;23;1928;1;2;1;1;6;611;1, m'tsapere-Nationale 2;Y;0.0;0.0;976
52635;201500058476;15;1;24;2138;3;2;1;1;7;611;kaweni-Kaweni nord ( Z I;Y;0.0;0.0;976
52636;201500058477;15;1;25;1823;3;2;1;1;6;611;mamoudzou centre-Adrian;Y;0.0;0.0;976
52637;201500058479;15;2;1;1117;1;2;1;1;6;611;kaweni-Kaweni nord ( Z I;Y;0.0;0.0;976
52638;201500058480;15;2;3;1630;1;2;3;1;6;611;kaweni-Europe (avenue);Y;0.0;0.0;976
52639;201500058481;15;12;20;1215;1;2;1;1;6;611;passamanty-Tanamalaza (r;Y;0.0;0.0;976
52640;201500058482;15;2;3;825;1;2;6;1;7;611;passamanty-Vahib? ( rout;Y;0.0;0.0;976
52641;201500058483;15;12;24;2035;5;2;3;1;3;611;mamoudzou centre-Hopital;Y;0.0;0.0;976
52642;201500058484;15;2;3;1327;1;2;1;1;6;611;doujani-Mosqu?e doujani;Y;0.0;0.0;976
52643;201500058485;15;12;29;1725;1;2;1;1;2;611;doujani-Carrire ( rue d;Y;0.0;0.0;976
52644;201500058486;15;2;4;1520;1;2;1;1;7;611;m'tsapere-Nationale 2 (r;Y;0.0;0.0;976
52645;201500058487;15;2;16;2010;5;2;1;1;1;611;kaweni-Geole ( rue de la;Y;0.0;0.0;976
52646;201500058488;15;12;27;2215;5;2;1;2;2;611;kaweni-Europe (avenue);Y;0.0;0.0;976
52647;201500058489;15;2;4;515;3;2;1;1;7;611;kaweni-Kaweni nord ( Z I;Y;0.0;0.0;976
52648;201500058490;15;2;8;2320;3;2;1;1;1;611;mamoudzou centre-Adrian;Y;0.0;0.0;976
52649;201500058491;15;2;10;1025;1;2;1;1;6;611;m'tsapere-Ambassadeur (r;Y;0.0;0.0;976
52650;201500058492;15;2;13;1103;1;2;1;1;6;611;kaweni-Caserne ( rue de;Y;0.0;0.0;976
52651;201500058493;15;2;13;1610;1;2;1;1;1;611;kaweni-Grande Traverse (;Y;0.0;0.0;976
52652;201500058494;15;2;14;1909;5;2;1;1;6;611;mamoudzou centre-Adrian;Y;0.0;0.0;976
52653;201500058495;15;2;16;1235;1;2;1;1;1;611;doujani-Mosqu?e de douja;Y;0.0;0.0;976
52654;201500058496;15;2;19;1930;5;2;1;1;7;611;mamoudzou centre-Mosqu?e;Y;0.0;0.0;976
52655;201500058497;15;3;9;1615;1;2;1;8;3;611;m'tsapere-Nationale 2 (r;Y;0.0;0.0;976
52656;201500058498;15;2;22;1650;1;2;1;1;3;611;m'tsapere-Nationale 2 (r;Y;0.0;0.0;976
52657;201500058499;15;2;24;1425;1;2;1;1;2;611;m'tsapere-Nationale 2 (r;Y;0.0;0.0;976
52658;201500058500;15;2;28;346;5;2;1;1;6;611;mamoudzou centre-Adrian;Y;0.0;0.0;976
52659;201500058501;15;3;20;1345;1;2;1;1;3;611;cavani-Cavani (route de);Y;0.0;0.0;976
52660;201500058502;15;3;9;2123;3;2;1;1;2;611;passamanty-Sada ( rue de;Y;0.0;0.0;976
52661;201500058503;15;3;21;2335;5;2;1;1;2;611;mamoudzou centre-Adrian;Y;0.0;0.0;976
52662;201500058504;15;3;15;530;5;2;1;1;7;611;mamoudzou centre-Nouveau;Y;0.0;0.0;976
52663;201500058505;15;3;15;1050;1;2;3;1;3;611;m'tsapere-Nationale 2 (r;Y;0.0;0.0;976
52664;201500058506;15;3;16;1830;5;2;1;1;1;611;m'tsapere-Roahandra ( ru;Y;0.0;0.0;976
52665;201500058507;15;3;18;700;1;2;1;1;7;611;kaweni-Kaweni nord ( Z I;Y;0.0;0.0;976
52666;201500058508;15;3;18;1539;1;2;1;1;1;611;m'tsapere-Nationale 2 (r;Y;0.0;0.0;976
52667;201500058510;15;3;19;1718;1;2;1;1;6;611;kaweni-Kaweni sud  (Z I);Y;0.0;0.0;976
52668;201500058511;15;4;2;1730;1;2;1;1;3;611;cavani-Baobab (ront poin;Y;0.0;0.0;976
52669;201500058512;15;3;18;1724;1;2;1;1;1;611;passamanty-Vahib? ( rout;Y;0.0;0.0;976
52670;201500058513;15;3;20;931;1;2;1;1;7;611;kaweni-Kaweni nord ( Z I;Y;0.0;0.0;976
52671;201500058514;15;3;24;700;1;1;1;1;3;611;vahibe-Departementale 3;Y;0.0;0.0;976
52672;201500058515;15;2;16;1727;1;2;1;1;7;611;m'tsapere-Nationale 2 (r;Y;0.0;0.0;976
52673;201500058516;15;3;26;914;1;2;1;1;7;610;Hauts Vallons - Majicavo;Y;0.0;0.0;976
52674;201500058517;15;3;27;1311;1;2;1;1;6;611;tsoundzou-Kadjifouni ( r;Y;0.0;0.0;976
52675;201500058518;15;3;29;1910;5;1;6;1;2;611;passamanty-Vahib? ( rout;Y;0.0;0.0;976
52676;201500058519;15;4;7;1423;1;2;6;1;6;611;m'tsapere-Nationale 2 (r;Y;0.0;0.0;976
52677;201500058520;15;3;19;705;1;1;1;1;3;611;m'tsapere-Stade (Bouleva;Y;0.0;0.0;976
52678;201500058521;15;3;27;1140;1;2;3;1;2;611;kaweni-Geole ( rue de la;Y;0.0;0.0;976
52679;201500058522;15;4;30;1215;1;2;1;1;3;611;passamanty-Dzia Lalbara;Y;0.0;0.0;976
52680;201500058523;15;5;15;1630;1;2;1;1;6;611;mamoudzou centre-Ancien;Y;0.0;0.0;976
52681;201500058525;15;4;7;1310;1;2;1;1;7;611;passamanty-Vahibé ( rout;Y;0.0;0.0;976
52682;201500058526;15;4;11;1020;1;1;1;1;1;611;mamoudzou centre-Jardin;Y;0.0;0.0;976
52683;201500058527;15;4;15;1930;5;2;1;1;5;611;mamoudzou centre-Adrian;Y;0.0;0.0;976
52684;201500058528;15;4;15;1430;1;2;1;1;7;611;mamoudzou centre-Adrian;Y;0.0;0.0;976
52685;201500058531;15;4;10;1015;1;2;1;1;1;611;kaweni-Kaweni sud  (Z I);Y;0.0;0.0;976
52686;201500058532;15;4;28;810;1;2;1;1;6;611;tsoundzou-Cadjifouteni (;Y;0.0;0.0;976
52687;201500058533;15;4;28;935;1;2;1;1;6;611;passamanty-Vahibé ( rout;Y;0.0;0.0;976
52688;201500058534;15;4;29;1133;1;2;1;1;6;611;passamanty-Mnadzi moja (;Y;0.0;0.0;976
52689;201500058535;15;4;28;1014;1;2;1;1;3;610;Hauts Vallons - Majicavo;Y;0.0;0.0;976
52690;201500058536;15;5;14;1125;1;2;3;1;6;611;tsoundzou-SIM ( rue de l;Y;0.0;0.0;976
52691;201500058537;15;5;3;120;5;1;1;1;7;611;mamoudzou centre-Jardin;Y;0.0;0.0;976
52692;201500058538;15;6;1;2000;3;2;1;1;3;611;passamanty-Sada ( rue de;Y;0.0;0.0;976
52693;201500058541;15;5;9;1430;1;2;1;1;7;611;passamanty-Vahibé ( rout;Y;0.0;0.0;976
52694;201500058542;15;5;11;633;1;2;3;1;3;611;mamoudzou centre-Adrian;Y;0.0;0.0;976
52695;201500058543;15;5;18;2209;5;2;3;1;3;611;mamoudzou centre-Mairie;Y;0.0;0.0;976
52696;201500058544;15;5;21;350;3;2;1;1;7;611;kaweni-Kaweni nord ( Z I;Y;0.0;0.0;976
52697;201500058546;15;5;21;1825;5;2;1;1;6;610;Hauts Vallons - Majicavo;Y;0.0;0.0;976
52698;201500058547;15;5;24;1605;1;2;6;1;3;611;m'tsapere-Nationale 2 (r;Y;0.0;0.0;976
52699;201500058549;15;5;25;648;1;2;1;1;1;611;m'tsapere-Nationale 2 (r;Y;0.0;0.0;976
52700;201500058551;15;6;22;1900;3;2;1;1;7;611;m'tsapere-Nationale 2 (r;Y;0.0;0.0;976
52701;201500058552;15;6;21;1420;1;2;3;1;3;611;passamanty-Vahibé ( rout;Y;0.0;0.0;976
52702;201500058554;15;5;9;2335;5;2;1;1;7;611;mamoudzou centre-La Mair;Y;0.0;0.0;976
52703;201500058555;15;7;7;1435;1;2;1;1;6;611;tsoundzou-Kwalé ( route;Y;0.0;0.0;976
52704;201500058557;15;6;3;2215;3;1;1;1;1;611;passamanty-Vahibé ( rout;Y;0.0;0.0;976
52705;201500058558;15;6;10;615;1;2;1;1;3;611;passamanty-Sada ( rue de;Y;0.0;0.0;976
52706;201500058559;15;6;10;730;1;2;1;1;3;611;kaweni-Kaweni nord ( Z I;Y;0.0;0.0;976
52707;201500058561;15;6;12;2200;3;2;1;1;1;611;kaweni-Kaweni nord ( Z I;Y;0.0;0.0;976
52708;201500058562;15;6;10;1654;1;2;1;1;6;611;tsoundzou-Cadjifouteni (;Y;0.0;0.0;976
52709;201500058563;15;6;8;1720;1;2;1;1;6;611;tsoundzou-Maternelle (ru;Y;0.0;0.0;976
52710;201500058564;15;6;9;1637;1;2;1;1;6;611;mamoudzou centre-Mairie;Y;0.0;0.0;976
52711;201500058565;15;7;16;1310;1;2;1;1;6;611;m'tsapere-Mosquée Maevan;Y;0.0;0.0;976
52712;201500058566;15;8;4;1220;1;2;1;1;3;611;kaweni-Mangrove (route d;Y;0.0;0.0;976
52713;201500058567;15;8;9;635;1;2;1;1;6;611;passamanty-Vahibé ( rout;Y;0.0;0.0;976
52714;201500058568;15;6;20;1905;3;2;1;1;7;611;m'tsapere-M'tsapéré- M't;Y;0.0;0.0;976
52715;201500058569;15;6;26;625;1;2;6;1;6;611;kaweni-Kaweni sud  (Z I);Y;0.0;0.0;976
52716;201500058570;15;6;21;1440;1;2;3;1;3;611;passamanty-Vahibé ( rout;Y;0.0;0.0;976
52717;201500058572;15;6;12;1925;5;2;1;1;3;611;m'tsapere-Stade (Bouleva;Y;0.0;0.0;976
52718;201500058574;15;6;24;1630;1;2;1;1;7;611;kaweni-Kaweni nord ( Z I;Y;0.0;0.0;976
52719;201500058576;15;6;29;1450;1;2;3;1;6;611;kaweni-Archipel (avenue;Y;0.0;0.0;976
52720;201500058578;15;6;19;1630;1;2;1;1;6;611;m'tsapere-Barakani (rue;Y;0.0;0.0;976
52721;201500058579;15;6;17;2300;3;2;1;1;6;611;kaweni-Kaweni nord ( Z I;Y;0.0;0.0;976
52722;201500058580;15;7;1;715;1;2;1;1;3;611;tsoundzou-Cadjifouteni (;Y;0.0;0.0;976
52723;201500058581;15;7;9;621;1;2;1;1;3;611;tsoundzou-Kadjifouni ( r;Y;0.0;0.0;976
52724;201500058582;15;7;10;2315;3;2;1;1;6;611;m'tsapere-Nationale 2 (r;Y;0.0;0.0;976
52725;201500058583;15;7;12;1309;1;2;1;1;6;611;m'tsapere-Stade (Bouleva;Y;0.0;0.0;976
52726;201500058584;15;7;15;1645;1;1;1;1;2;611;vahibe-Departementale 3;Y;0.0;0.0;976
52727;201500058585;15;9;1;2020;5;2;6;1;3;611;mamoudzou centre-Command;Y;0.0;0.0;976
52728;201500058586;15;7;17;1000;1;2;1;1;6;611;kaweni-Kaweni nord ( Z I;Y;0.0;0.0;976
52729;201500058587;15;9;14;1155;1;2;1;1;3;611;les hauts vallons-M'Biwi;Y;0.0;0.0;976
52730;201500058588;15;7;18;1725;1;2;1;1;6;611;passamanty-Tanamalaza (r;Y;0.0;0.0;976
52731;201500058589;15;7;22;1500;1;2;1;1;7;611;passamanty-Vahibé ( rout;Y;0.0;0.0;976
52732;201500058590;15;7;23;1050;1;1;1;1;3;611;mamoudzou centre-Cimetié;Y;0.0;0.0;976
52733;201500058591;15;7;24;1154;1;2;1;1;3;611;kaweni-Kaweni nord ( Z I;Y;0.0;0.0;976
52734;201500058593;15;7;31;2225;3;1;1;1;7;611;tsoundzou-SIM ( rue de l;Y;0.0;0.0;976
52735;201500058594;15;8;5;1715;1;2;1;1;2;611;kaweni-Kaweni sud  (Z I);Y;0.0;0.0;976
52736;201500058595;15;8;5;1645;1;2;1;1;1;611;kaweni-Kaweni sud  (Z I);Y;0.0;0.0;976
52737;201500058596;15;8;7;2130;1;2;1;1;6;611;kaweni-Kaweni nord ( Z I;Y;0.0;0.0;976
52738;201500058597;15;8;8;920;1;2;1;1;6;611;m'tsapere-Mosquée Maevan;Y;0.0;0.0;976
52739;201500058598;15;10;1;1430;1;2;1;1;3;611;m'tsapere-Nationale 2 (r;Y;0.0;0.0;976
52740;201500058599;15;8;14;1633;1;2;1;1;1;611;passamanty-Vahibé ( rout;Y;0.0;0.0;976
52741;201500058600;15;8;15;1130;1;2;1;1;1;611;passamanty-Vahibé ( rout;Y;0.0;0.0;976
52742;201500058601;15;8;14;1729;1;2;1;1;6;611;kaweni-Rivière (ruelle d;Y;0.0;0.0;976
52743;201500058602;15;8;12;1400;1;2;1;1;6;611;passamanty-Vahibé ( rout;Y;0.0;0.0;976
52744;201500058604;15;8;27;2110;1;2;1;1;7;611;tsoundzou-Cadjifouteni (;Y;0.0;0.0;976
52745;201500058605;15;8;27;730;1;2;1;2;7;611;mamoudzou centre-Hopital;Y;0.0;0.0;976
52746;201500058606;15;8;29;2010;1;2;1;1;1;611;mamoudzou centre-RP Pass;Y;0.0;0.0;976
52747;201500058607;15;8;28;550;2;1;1;1;6;611;m'tsapere-Stade (Bouleva;Y;0.0;0.0;976
52748;201500058608;15;8;31;1245;1;2;1;1;6;611;mamoudzou centre-Jardin;Y;0.0;0.0;976
52749;201500058609;15;9;1;530;2;2;1;1;3;611;kaweni-Archipel (avenue;Y;0.0;0.0;976
52750;201500058610;15;9;2;2205;5;2;6;1;3;611;m'tsapere-Stade (Bouleva;Y;0.0;0.0;976
52751;201500058612;15;10;7;815;1;2;1;1;2;611;kaweni-Archipel (avenue;Y;0.0;0.0;976
52752;201500058613;15;11;10;1540;1;2;3;1;3;611;m'tsapere-Nationale 2 (r;Y;0.0;0.0;976
52753;201500058615;15;9;10;450;1;2;1;1;7;611;kaweni-Kaweni nord ( Z I;Y;0.0;0.0;976
52754;201500058616;15;9;28;1650;1;2;6;1;3;611;doujani-Mosquée doujani;Y;0.0;0.0;976
52755;201500058617;15;9;14;1220;1;2;1;1;1;611;tsoundzou-Nivea (rue);Y;0.0;0.0;976
52756;201500058619;15;9;16;600;1;1;1;1;7;611;vahibe-Departementale 3;Y;0.0;0.0;976
52757;201500058620;15;9;10;1330;1;2;1;1;2;611;kaweni-Nossi bé (impasse;Y;0.0;0.0;976
52758;201500058621;15;9;9;1639;1;2;1;1;6;611;mamoudzou centre-Mairie;Y;0.0;0.0;976
52759;201500058622;15;9;14;1625;1;2;1;1;3;611;m'tsapere-M'tsapéré- M't;Y;0.0;0.0;976
52760;201500058624;15;11;19;605;1;2;9;1;1;611;m'tsapere-Nationale 2 (r;Y;0.0;0.0;976
52761;201500058625;15;10;1;1950;5;2;1;1;6;611;kaweni-Massakini (rue);Y;0.0;0.0;976
52762;201500058626;15;10;7;1453;1;2;1;1;6;611;m'tsapere-Dahilou (rue);Y;0.0;0.0;976
52763;201500058627;15;10;9;1415;1;2;1;1;2;611;passamanty-Tanamalaza (r;Y;0.0;0.0;976
52764;201500058628;15;10;9;2000;1;2;1;1;2;611;kaweni-Kaweni nord ( Z I;Y;0.0;0.0;976
52765;201500058629;15;10;13;1135;1;2;4;1;3;611;mamoudzou centre-Préfect;Y;0.0;0.0;976
52766;201500058630;15;10;15;1715;1;2;1;1;3;611;kaweni-Grande Traverse (;Y;0.0;0.0;976
52767;201500058631;15;11;24;1650;1;2;1;1;6;611;kaweni-Lazerevouni ( rue;Y;0.0;0.0;976
52768;201500058632;15;10;17;1725;1;2;1;1;6;611;mamoudzou centre-Cimetié;Y;0.0;0.0;976
52769;201500058633;15;10;27;1547;1;2;1;1;2;611;kaweni-Kaweni nord ( Z I;Y;0.0;0.0;976
52770;201500058634;15;10;28;1900;3;2;1;1;1;611;m'tsapere-Nationale 2 (r;Y;0.0;0.0;976
52771;201500058635;15;10;31;1620;1;2;1;1;7;611;passamanty-Sada ( rue de;Y;0.0;0.0;976
52772;201500058636;15;10;30;1314;1;2;1;1;7;611;tsoundzou-Kadjifouni ( r;Y;0.0;0.0;976
52773;201500058637;15;10;31;1305;1;2;3;1;3;611;m'tsapere-Nationale 2 (r;Y;0.0;0.0;976
52774;201500058638;15;11;19;1620;1;2;1;1;6;611;m'tsapere-Nationale 2 (r;Y;0.0;0.0;976
52775;201500058640;15;10;20;1755;1;2;1;1;6;611;m'tsapere-Mosquée du Ngu;Y;0.0;0.0;976
52776;201500058641;15;10;28;1216;1;2;1;1;6;611;convalescence/vetivers-V;Y;0.0;0.0;976
52777;201500058642;15;12;1;1055;1;2;1;1;3;611;passamanty-Vahib ( rout;Y;0.0;0.0;976
52778;201500058643;15;12;2;640;1;2;1;1;5;611;kaweni-Massakini (rue);Y;0.0;0.0;976
52779;201500058644;15;12;6;2120;3;1;1;1;1;611;kaweni-Mangrove (route d;Y;0.0;0.0;976
52780;201500058645;15;10;12;1941;3;2;1;1;6;611;kaweni-Kaweni sud  (Z I);Y;0.0;0.0;976
52781;201500058646;15;12;14;1050;1;2;1;1;6;611;kaweni-SPPM ( rue de la;Y;0.0;0.0;976
52782;201500058647;15;11;1;1454;1;1;1;1;1;611;tsoundzou-SIM ( rue de l;Y;0.0;0.0;976
52783;201500058648;15;11;4;1950;3;2;6;1;6;611;m'tsapere-Nationale 2 (r;Y;0.0;0.0;976
52784;201500058650;15;11;14;1714;1;2;1;1;7;611;kaweni-Kaweni nord ( Z I;Y;0.0;0.0;976
52785;201500058651;15;11;12;730;1;2;1;1;6;611;m'tsapere-Stade (Bouleva;Y;0.0;0.0;976
52786;201500058652;15;11;10;1508;1;2;1;1;1;611;kaweni-Kaweni sud  (Z I);Y;0.0;0.0;976
52787;201500058653;15;11;15;1630;1;2;1;1;6;611;m'tsapere-Roahandra ( ru;Y;0.0;0.0;976
52788;201500058654;15;11;6;1520;1;2;1;1;2;611;tsoundzou-Kadjifouni ( r;Y;0.0;0.0;976